date,bybit_eth_funding_rate_mean,bybit_eth_funding_rate_last,bybit_eth_funding_settlements,bybit_eth_open_interest_eth_last,bybit_eth_single_open_interest_eth_last,bybit_eth_premium_index_open,bybit_eth_premium_index_high,bybit_eth_premium_index_low,bybit_eth_premium_index_close,bybit_eth_premium_index_ohlc_mean,bybit_eth_funding_rate_mean_7d,bybit_eth_funding_z30,bybit_eth_oi_log_change_1d,bybit_eth_oi_log_change_7d,bybit_eth_premium_index_mean_7d,bybit_eth_premium_z30,bybit_eth_leverage_pressure
2020-10-22 00:00:00+00:00,0.0001,0.0001,2.0,,,,,,,,,,,,,,
2020-10-23 00:00:00+00:00,0.0007755433333333,0.00099461,3.0,1825.44,912.72,,,,,,,,,,,,
2020-10-24 00:00:00+00:00,0.0004968466666666,0.00036178,3.0,5345.92,2672.96,,,,,,,,1.0745125992794282,,,,0.0005338680032433
2020-10-25 00:00:00+00:00,0.0001660633333333,0.0001,3.0,2839.38,1419.69,,,,,,0.0003846133333333,,-0.6327479346644571,,,,-0.0001050762311901
2020-10-26 00:00:00+00:00,0.0001319633333333,0.0001,3.0,3498.42,1749.21,,,,,,0.0003340833333333,,0.208725719518493,,,,2.7544141700058736e-05
2020-10-27 00:00:00+00:00,0.0001,0.0001,3.0,3908.16,1954.08,,,,,,0.0002950694444444,,0.1107552370012001,,,,1.1075523700120016e-05
2020-10-28 00:00:00+00:00,0.0001135933333333,0.0001,3.0,6028.1,3014.05,,,,,,0.0002691442857142,,0.4333651948762274,,,,4.9227397036640254e-05
2020-10-29 00:00:00+00:00,0.0003724366666666,0.00033981,3.0,4738.1,2369.05,,,,,,0.0003080638095238,,-0.2407956584110699,,,,-8.96811323664242e-05
2020-10-30 00:00:00+00:00,0.0001,0.0001,3.0,6876.1,3438.05,,,,,,0.0002115576190476,,0.3724154192882558,1.3262305768880776,,,3.7241541928825584e-05
2020-10-31 00:00:00+00:00,0.0001,0.0001,3.0,7133.96,3566.98,,,,,,0.0001548652380952,,0.0368148492143589,0.2885328268230083,,,3.681484921435896e-06
2020-11-01 00:00:00+00:00,0.0001,0.0001,3.0,7292.7,3646.35,,,,,,0.0001454276190476,,0.022007367852403,0.9432881293398684,,,2.200736785240309e-06
2020-11-02 00:00:00+00:00,0.0002423333333333,0.00011412,3.0,7642.52,3821.26,,,,,,0.0001611947619047,,0.0468535439033832,0.7814159537247587,,,1.1354175472586545e-05
2020-11-03 00:00:00+00:00,0.0005187333333333,0.00086948,3.0,9723.26,4861.63,,,,,,0.0002210138095238,,0.2407935614637342,0.9114542781872929,,,0.0001249076467832
2020-11-04 00:00:00+00:00,0.00031357,0.0001,3.0,12851.08,6425.54,,,,,,0.0002495819047619,,0.2789069013142313,0.7569959846252967,,,8.745683704510352e-05
2020-11-05 00:00:00+00:00,0.0001206033333333,0.0001,3.0,11978.1,5989.05,,,,,,0.0002136057142857,-0.6270189220209453,-0.0703478720555175,0.9274437709808492,,,-8.484187862802263e-06
2020-11-06 00:00:00+00:00,0.0009633466666666,0.0014097,3.0,14823.22,7411.61,,,,,,0.0003369409523809,2.498685799033853,0.2131148877748963,0.7681432394674896,,,0.0002053035167549
2020-11-07 00:00:00+00:00,0.0010694433333333,0.00132615,3.0,20660.38,10330.19,,,,,,0.0004754328571428,2.27819427663579,0.3320229863308626,1.0633513765839933,,,0.0003550797692449
2020-11-08 00:00:00+00:00,0.0008265,0.00103951,3.0,23242.08,11621.04,,,,,,0.0005792185714285,1.387432957616611,0.1177465722869808,1.159090581018571,,,9.731754199518965e-05
2020-11-09 00:00:00+00:00,0.00039466,0.00021327,3.0,18172.18,9086.09,,,,,,0.0006009795238095,0.0806352651750436,-0.246072575642346,0.8661644614728417,,,-9.71150027030083e-05
2020-11-10 00:00:00+00:00,0.0004257666666666,0.00040311,3.0,14127.04,7063.52,,,,,,0.0005876985714285,0.1729293039765686,-0.2518011618139759,0.3735697381951315,,,-0.0001072085413283
2020-11-11 00:00:00+00:00,0.0002123166666666,0.00020313,3.0,14559.42,7279.71,,,,,,0.0005732338095238,-0.4933359521630352,0.0301475154272523,0.1248103523081525,,,6.40081998379613e-06
2020-11-12 00:00:00+00:00,0.00067373,0.0006823,3.0,15299.88,7649.94,,,,,,0.0006522519047619,0.9624170426584526,0.0496067784201148,0.2447650027837848,,,3.3421574824983976e-05
2020-11-13 00:00:00+00:00,0.00042423,0.00039396,3.0,21019.8,10509.9,,,,,,0.0005752352380952,0.1470423120532211,0.3176198654253017,0.3492699804341903,,,0.0001347438755093
2020-11-14 00:00:00+00:00,0.00047728,0.00037259,3.0,21573.04,10786.52,,,,,,0.0004906404761904,0.3164614664952733,0.0259795363006318,0.0432265304039596,,,1.2399513085565584e-05
2020-11-15 00:00:00+00:00,0.0007213366666666,0.00073787,3.0,22631.56,11315.78,,,,,,0.0004756171428571,1.093817996443085,0.0479010053552038,-0.0266190365278173,,,3.455275153290487e-05
2020-11-16 00:00:00+00:00,0.0004467666666666,0.00037866,3.0,22841.38,11420.69,,,,,,0.0004830609523809,0.1629019266357329,0.0092284109662958,0.2286819500808246,,,4.1229464060421305e-06
2020-11-17 00:00:00+00:00,0.0005749533333333,0.00050466,3.0,24039.7,12019.85,,,,,,0.0005043733333333,0.5897096262370358,0.0511328271099991,0.5316159390047996,,,2.939898938965102e-05
2020-11-18 00:00:00+00:00,0.0006807166666666,0.00080221,3.0,27154.06,13577.03,,,,,,0.0005712876190476,0.926567094744459,0.1218199444070471,0.6232883679845944,,,8.292486649028377e-05
2020-11-19 00:00:00+00:00,0.0011186966666666,0.00130319,3.0,25276.9,12638.45,,,,,,0.0006348542857142,2.191978535542362,-0.0716356396177335,0.502045949946746,,,-8.013855125489314e-05
2020-11-20 00:00:00+00:00,0.00072657,0.00071878,3.0,25365.0,12682.5,,,,,,0.0006780457142857,0.8972581922063655,0.0034793358415292,0.1879054203629735,,,2.527981042379917e-06
2020-11-21 00:00:00+00:00,0.00050801,0.00060391,3.0,27244.4,13622.2,,,,,,0.0006824357142857,0.1485441169763412,0.0714777243844828,0.2334036084468245,,,3.631139876456114e-05
2020-11-22 00:00:00+00:00,0.0007183633333333,0.00040078,3.0,28842.7,14421.35,,,,,,0.0006820109523809,0.8574903687256368,0.0570089326037965,0.2425115356954172,,,4.095312685503866e-05
2020-11-23 00:00:00+00:00,0.0010603799999999,0.00142431,3.0,26156.86,13078.43,,,,,,0.00076967,1.818395419476,-0.0977454392032211,0.1355376855259003,,,-0.0001036473088223
2020-11-24 00:00:00+00:00,0.00163734,0.00187804,3.0,26129.2,13064.6,,,,,,0.0009214395238095,2.93950333006841,-0.0010580258898933,0.0833468325260078,,,-1.7323481105579674e-06
2020-11-25 00:00:00+00:00,0.00155512,0.00127134,3.0,27629.72,13814.86,,,,,,0.0010463542857142,2.36871049322859,0.055838542057744,0.0173654301767047,,,8.683563352483897e-05
2020-11-26 00:00:00+00:00,0.00104612,0.00076488,3.0,28703.22,14351.61,,,,,,0.0010359861904761,1.064208595693786,0.0381173066225617,0.127118376417,,,3.987527680399429e-05
2020-11-27 00:00:00+00:00,0.0008949733333333,0.00036442,3.0,32772.83999999,16386.42,,,,,,0.0010600438095238,0.6458205565963581,0.1325908119934169,0.2562298525688877,,,0.0001186652409791
2020-11-28 00:00:00+00:00,0.0001638133333333,0.0001,3.0,27777.42,13888.71,,,,,,0.0010108728571428,-1.1294112370353602,-0.1653766631444622,0.0193754650399426,,,-2.7090902445238167e-05
2020-11-29 00:00:00+00:00,0.0001,0.0001,3.0,30541.28,15270.64,,,,,,0.0009225352380952,-1.284946979721317,0.0948557507153484,0.0572222831514945,,,9.485575071534847e-06
2020-11-30 00:00:00+00:00,0.0001,0.0001,3.0,27010.34,13505.17,,,,,,0.000785338095238,-1.284946979721317,-0.1228594555027342,0.0321082668519814,,,-1.2285945550273426e-05
2020-12-01 00:00:00+00:00,0.0001558133333333,0.00026744,3.0,21574.52,10787.26,,,,,,0.0005736914285714,-1.160098510214996,-0.2247067669058804,-0.1915404741640056,,,-3.501231037416158e-05
2020-12-02 00:00:00+00:00,0.0006257833333333,0.00077458,3.0,23320.18,11660.09,,,,,,0.000440929047619,-0.0399850708033231,0.0778060913990881,-0.1695729248226616,,,4.868975522935935e-05
2020-12-03 00:00:00+00:00,0.00062115,0.00043711,3.0,21623.22,10811.61,,,,,,0.000380219047619,-0.0601327125109805,-0.0755513428575156,-0.283241574302739,,,-4.692871661594584e-05
2020-12-04 00:00:00+00:00,0.0001187666666666,0.0001,3.0,23126.98,11563.49,,,,,,0.0002693323809523,-1.275176055673384,0.0672321640634034,-0.3486002222327524,,,7.984940018596888e-06
2020-12-05 00:00:00+00:00,0.0004283633333333,0.00027857,3.0,23382.84,11691.42,,,,,,0.0003071252380952,-0.5543262814617764,0.0110025186551165,-0.1722210404331736,,,4.7130755661679255e-06
2020-12-06 00:00:00+00:00,0.0001549333333333,0.0001603,3.0,21095.28,10547.64,,,,,,0.0003149728571428,-1.1580962285875442,-0.1029531012341831,-0.3700298923827052,,,-1.5950867151216106e-05
2020-12-07 00:00:00+00:00,0.0001,0.0001,3.0,21337.82,10668.91,,,,,,0.0003149728571428,-1.208921001096832,0.0114317663032661,-0.2357386705767048,,,1.1431766303266145e-06
2020-12-08 00:00:00+00:00,0.0001,0.0001,3.0,20788.48,10394.24,,,,,,0.0003069995238095,-1.1295885096107765,-0.0260820979549976,-0.037114001625822,,,-2.608209795499761e-06
2020-12-09 00:00:00+00:00,0.0001780466666666,0.00020141,3.0,18321.32,9160.66,,,,,,0.0002430371428571,-0.9117096829012188,-0.1263335780719092,-0.2412536710968194,,,-2.249327246377654e-05
2020-12-10 00:00:00+00:00,0.0001186,0.0001,3.0,26567.4,13283.7,,,,,,0.0001712442857142,-1.012510766652292,0.3716194912081825,0.2059171629688787,,,4.407407165729045e-05
2020-12-11 00:00:00+00:00,0.0001,0.0001,3.0,24382.28,12191.14,,,,,,0.0001685633333333,-1.0388489247549884,-0.085828261301696,0.0528567376037791,,,-8.582826130169607e-06
2020-12-12 00:00:00+00:00,0.0001858733333333,0.00026869,3.0,17596.5,8798.25,,,,,,0.0001339219047619,-0.7923400771704977,-0.3261566203268202,-0.2843024013781576,,,-6.0623818208880496e-05
2020-12-13 00:00:00+00:00,0.0001,0.0001,3.0,23097.08,11548.54,,,,,,0.0001260742857142,-0.9514079991790422,0.2720061839795651,0.0906568838355905,,,2.7200618397956517e-05
2020-12-14 00:00:00+00:00,0.0001,0.0001,3.0,21895.43999999,10947.72,,,,,,0.0001260742857142,-0.909162350764908,-0.0534278066480187,0.0257973108843057,,,-5.342780664801872e-06
2020-12-15 00:00:00+00:00,0.0001,0.0001,3.0,25283.46,12641.73,,,,,,0.0001260742857142,-0.8549327100260589,0.1438720310385246,0.1957514398778279,,,1.4387203103852463e-05
2020-12-16 00:00:00+00:00,0.0001,0.0001,3.0,23424.34,11712.17,,,,,,0.0001149247619047,-0.8193087094106095,-0.0763747743009375,0.2457102436487996,,,-7.637477430093754e-06
2020-12-17 00:00:00+00:00,0.0001,0.0001,3.0,25101.68,12550.84,,,,,,0.0001122676190476,-0.7766974546847701,0.0691591234679087,-0.056750124091474,,,6.915912346790876e-06
2020-12-18 00:00:00+00:00,0.0009837,0.00134431,3.0,31849.22,15924.61,,,,,,0.0002385104761904,1.1060274146947382,0.2380781157535842,0.2671562529638063,,,0.0002341974424668
2020-12-19 00:00:00+00:00,0.0013606566666666,0.00075028,3.0,35451.04,17725.52,,,,,,0.0004063366666666,1.841866183004174,0.107139697719937,0.7004525710105636,,,0.0001457803439672
2020-12-20 00:00:00+00:00,0.0010892666666666,0.00113616,3.0,32437.74,16218.87,,,,,,0.0005476604761904,1.224536614418416,-0.0888300298996451,0.3396163571313533,,,-9.675959056868684e-05
2020-12-21 00:00:00+00:00,0.0011536,0.00073271,3.0,40891.54,20445.77,,,,,,0.0006981747619047,1.2731235238574454,0.2316006359447424,0.6246447997241145,,,0.0002671744936258
2020-12-22 00:00:00+00:00,0.0004815833333333,0.00036658,3.0,39275.78,19637.89,,,,,,0.0007526866666666,-0.0373644551379944,-0.0403151517811224,0.4404576169044674,,,-1.941510517859221e-05
2020-12-23 00:00:00+00:00,0.0002207866666666,0.00020731,3.0,33943.66,16971.83,,,,,,0.0007699419047619,-0.5070613865988465,-0.1459059525541892,0.3709264386512156,,,-3.221408891126426e-05
2020-12-24 00:00:00+00:00,0.00038211,0.00050361,3.0,34624.48,17312.24,,,,,,0.0008102433333333,-0.1090352183924767,0.0198588549920923,0.3216261701753993,,,7.588267081028423e-06
2020-12-25 00:00:00+00:00,0.00014457,0.0001,3.0,32317.0,16158.5,,,,,,0.0006903676190476,-0.6071884767696406,-0.0689675387816812,0.0145805156401337,,,-9.97063708166766e-06
2020-12-26 00:00:00+00:00,0.0001,0.0001,3.0,29651.64,14825.82,,,,,,0.0005102738095238,-0.6698807321933175,-0.086075971675406,-0.1786351537552093,,,-8.607597167540603e-06
2020-12-27 00:00:00+00:00,0.00010308,0.00010924,3.0,27120.74,13560.37,,,,,,0.00036939,-0.6107098977222662,-0.0892186870514741,-0.1790238109070383,,,-9.19666226126596e-06
2020-12-28 00:00:00+00:00,0.0004229266666666,0.00066122,3.0,29257.94,14628.97,,,,,,0.000265008095238,0.2436917442580416,0.0758522409969941,-0.3347722058547866,,,3.2079935444055423e-05
2020-12-29 00:00:00+00:00,0.0012024233333333,0.00145218,3.0,26219.84,13109.92,,,,,,0.0003679852380952,2.1123195084321225,-0.1096346137277386,-0.4040916678014028,,,-0.0001318272176872
2020-12-30 00:00:00+00:00,0.0008609133333333,0.00075781,3.0,42489.64,21244.82,,,,,,0.0004594319047619,1.1612917949156356,0.4827439054041598,0.2245581901569462,,,0.0004156006647478
2020-12-31 00:00:00+00:00,0.0007468,0.00091281,3.0,44161.08,22080.54,,,,,,0.0005115304761904,0.8220329661349616,0.0385835766824804,0.2432829118473343,,,2.8814215066476417e-05
2021-01-01 00:00:00+00:00,0.0006696533333333,0.00053748,3.0,41094.64,20547.32,,,,,,0.0005865423809523,0.6252653149435845,-0.0719661588192348,0.2402842918097807,,,-4.819237814049667e-05
2021-01-02 00:00:00+00:00,0.00040946,0.0005071,3.0,41965.54,20982.77,,,,,,0.0006307509523809,-0.0026841396138635,0.0209711059457902,0.347331369430977,,,8.58682904056326e-06
2021-01-03 00:00:00+00:00,0.0004221033333333,0.0004095,3.0,39523.78,19761.89,,,,,,0.0006763257142857,0.0036605097273084,-0.0599462892390896,0.3766037672433615,,,-2.5303528508783858e-05
2021-01-04 00:00:00+00:00,0.0007387499999999,0.00066401,3.0,38816.26,19408.13,,,,,,0.0007214433333333,0.7661125853132105,-0.0180632850710278,0.2826882411753395,,,-1.3344251846221813e-05
2021-01-05 00:00:00+00:00,0.00293353,0.00375,3.0,43841.66,21920.83,,,,,,0.0009687442857142,3.984427117727108,0.1217452758784425,0.5140681307815207,,,0.0003571434191476
2021-01-06 00:00:00+00:00,0.0023065866666666,0.00135342,3.0,50030.94,25015.47,,,,,,0.001175269047619,2.510435036989123,0.132057107163968,0.1633813325413289,,,0.0003046011626229
2021-01-07 00:00:00+00:00,0.0018249866666666,0.00240987,3.0,51316.74,25658.37,,,,,,0.0013292957142857,1.6489916745167272,0.025375400686407,0.1501731565452555,,,4.630976791401712e-05
2021-01-08 00:00:00+00:00,0.0027556366666666,0.00245918,3.0,58015.6,29007.8,,,,,,0.0016272933333333,2.5179480139349795,0.1226949251621416,0.344834240526632,,,0.0003381026345907
2021-01-09 00:00:00+00:00,0.0019751833333333,0.00139912,3.0,57466.76,28733.38,,,,,,0.001850968095238,1.4266415577419356,-0.0095052462088265,0.3143578883720153,,,-1.8774603890904026e-05
2021-01-10 00:00:00+00:00,0.0011722366666666,0.00088534,3.0,43634.42,21817.21,,,,,,0.00195813,0.4105091011977205,-0.2753604052452036,0.0989437723659012,,,-0.0003227875635766
2021-01-11 00:00:00+00:00,0.00279212,0.00342683,3.0,49874.34,24937.17,,,,,,0.0022514685714285,2.125969750985078,0.1336603535948715,0.2506674110318005,,,0.0003731957464793
2021-01-12 00:00:00+00:00,0.00201267,0.00134316,3.0,58155.82,29077.91,,,,,,0.0021199171428571,1.156037634096958,0.1536193179011657,0.2825414530545238,,,0.0003091849925601
2021-01-13 00:00:00+00:00,0.0002741766666666,0.00021735,3.0,33449.15,16724.58,,,,,,0.0018295728571428,-0.8185716650455752,-0.5530995847508429,-0.402615238860287,,,-0.0001516470004817
2021-01-14 00:00:00+00:00,0.0002862133333333,0.0001,3.0,40484.24,20242.12,,,,,,0.001609748095238,-0.81741847390191,0.1908863873869553,-0.2371042521597388,,,5.463422922197843e-05
2021-01-15 00:00:00+00:00,0.0005349,0.00061791,3.0,37451.32,18725.66,,,,,,0.0012925,-0.5571508047614957,-0.0778708062389785,-0.437669983560859,,,-4.165309425722964e-05
2021-01-16 00:00:00+00:00,0.0005282033333333,0.00059983,3.0,40840.94,20420.47,,,,,,0.0010857885714285,-0.5898240063001371,0.0866430533438666,-0.3415216840081658,,,4.57651495864082e-05
2021-01-17 00:00:00+00:00,0.0003490933333333,0.0001534,3.0,39911.9,19955.95,,,,,,0.0009681966666666,-0.7674759460423113,-0.0230104846384566,-0.0891717634014188,,,-8.032806784054303e-06
2021-01-18 00:00:00+00:00,0.00130421,0.00128478,3.0,48201.8,24100.9,,,,,,0.000755638095238,0.3467045203148648,0.1887218397141392,-0.0341102772821511,,,0.0002461329105735
2021-01-19 00:00:00+00:00,0.0007521566666666,0.00058408,3.0,38832.0,19416.0,,,,,,0.0005755647619047,-0.2829522536903222,-0.2161517157733659,-0.4038813109566828,,,-0.0001625799540303
2021-01-20 00:00:00+00:00,0.00140681,0.00224006,3.0,41955.28,20977.64,,,,,,0.0007373695238095,0.4673437400702595,0.0773596401327036,0.2265779139268637,,,0.000108830315335
2021-01-21 00:00:00+00:00,0.00246261,0.00171093,3.0,51339.47,25669.74,,,,,,0.0010482833333333,1.554149310096666,0.2018555629381282,0.2375470894780367,,,0.000497091527847
2021-01-22 00:00:00+00:00,0.0005564966666666,0.000527,3.0,53031.14,26515.57,,,,,,0.0010513685714285,-0.5911771894328575,0.0324194361285972,0.3478373318456125,,,1.8041308140777253e-05
2021-01-23 00:00:00+00:00,0.0001614133333333,0.0001,3.0,43466.41,21733.21,,,,,,0.00099897,-1.020259288600981,-0.1988908322846398,0.0623034462171059,,,-3.210363220850467e-05
2021-01-24 00:00:00+00:00,0.0001,0.0001,3.0,37862.87999999,18931.44,,,,,,0.0009633852380952,-1.0853007326581232,-0.1380172432806912,-0.0527033124251286,,,-1.380172432806912e-05
2021-01-25 00:00:00+00:00,0.00046383,0.0005103,3.0,41220.42,20610.21,,,,,,0.0008433309523809,-0.7014632263074224,0.0849625520205901,-0.1564626001186777,,,3.940818050371031e-05
2021-01-26 00:00:00+00:00,0.00087593,0.00121105,3.0,48901.34,24450.67,,,,,,0.0008610128571428,-0.2703531544938852,0.1708710343294264,0.2305601499841145,,,0.0001496710651001
2021-01-27 00:00:00+00:00,0.0006631333333333,0.0002431,3.0,50739.64,25369.82,,,,,,0.0007547733333333,-0.5286544105566479,0.0369026601835198,0.1901031700349307,,,2.447138405636479e-05
2021-01-28 00:00:00+00:00,0.0001,0.0001,3.0,50590.48,25295.24,,,,,,0.0004172576190476,-1.1149507042126212,-0.0029440428519311,-0.0146964357551286,,,-2.944042851931173e-07
2021-01-29 00:00:00+00:00,0.0001,0.0001,3.0,47226.82,23613.41,,,,,,0.0003520438095238,-1.0651209278700005,-0.068801464745503,-0.1159173366292289,,,-6.880146474550308e-06
2021-01-30 00:00:00+00:00,0.0006900366666666,0.00092632,3.0,52828.42,26414.21,,,,,,0.0004275614285714,-0.405270705089518,0.1120873519248792,0.1950608475802902,,,7.734438269773728e-05
2021-01-31 00:00:00+00:00,0.00215007,0.00151236,3.0,52616.52,26308.26,,,,,,0.0007204285714285,1.1415430115788323,-0.0040191646037648,0.3290589262572165,,,-8.64148523961666e-06
2021-02-01 00:00:00+00:00,0.0011024033333333,0.00125302,3.0,53076.64,26538.32,,,,,,0.0008116533333333,-0.0265716904460261,0.0087067679066539,0.2528031421432803,,,9.598369962854972e-06
2021-02-02 00:00:00+00:00,0.0005818066666666,0.00033673,3.0,53487.84,26743.92,,,,,,0.0007696357142857,-0.6086758595162405,0.0077174315658989,0.0896495393797529,,,4.490053134583806e-06
2021-02-03 00:00:00+00:00,0.00076182,0.00126403,3.0,55241.36,27620.68,,,,,,0.0007837338095238,-0.4104738343077547,0.0322576097306104,0.0850044889268435,,,2.4574492244973632e-05
2021-02-04 00:00:00+00:00,0.0024502833333333,0.00290019,3.0,59947.02,29973.51,,,,,,0.0011194885714285,1.5261937677351751,0.0817492240692363,0.169697755848011,,,0.0002003087612497
2021-02-05 00:00:00+00:00,0.0023362866666666,0.00210891,3.0,66057.62,33028.81,,,,,,0.001438958095238,1.3923721939192606,0.0970662193121985,0.3355654399057126,,,0.0002267745139628
2021-02-06 00:00:00+00:00,0.0019860166666666,0.00191542,3.0,61776.56,30888.28,,,,,,0.001624098095238,0.9805214212892048,-0.067003386970299,0.1564747010105343,,,-0.0001330698432461
2021-02-07 00:00:00+00:00,0.0018885366666666,0.00155308,3.0,66269.16,33134.58,,,,,,0.0015867361904761,0.948110122392204,0.0702006261112018,0.2306944917255009,,,0.0001325764564339
2021-02-08 00:00:00+00:00,0.0016847,0.00132934,3.0,65629.22,32814.61,,,,,,0.0016699214285714,0.7241335245039257,-0.0097036069948313,0.2122841168240157,,,-1.63476667041923e-05
2021-02-09 00:00:00+00:00,0.0004453266666666,0.00019266,3.0,59411.18,29705.59,,,,,,0.0016504242857142,-0.7343464816673643,-0.0995385994597271,0.1050280857983896,,,-4.432719270206873e-05
2021-02-10 00:00:00+00:00,0.0030569799999999,0.00351752,3.0,57675.85,28837.93,,,,,,0.0019783042857142,2.319453312603804,-0.0296438824406237,0.0431265936271554,,,-9.062075574333804e-05
2021-02-11 00:00:00+00:00,0.0027409266666666,0.00262915,3.0,59091.9,29545.95,,,,,,0.0020198247619047,1.84252923541736,0.0242553174756015,-0.0143673129664794,,,6.648204647734216e-05
2021-02-12 00:00:00+00:00,0.0013541866666666,0.00078662,3.0,61822.42,30911.21,,,,,,0.0018795247619047,0.2551913759249926,0.0451722226637834,-0.0662613096148945,,,6.117162163499329e-05
2021-02-13 00:00:00+00:00,0.0013221533333333,0.00108069,3.0,61939.48,30969.74,,,,,,0.0017846871428571,0.1826019395985313,0.0018916974433711,0.0026337747987756,,,2.5011140804113013e-06
2021-02-14 00:00:00+00:00,0.00235993,0.00276189,3.0,62202.14,31101.07,,,,,,0.001852029047619,1.2814303614126763,0.0042316250093499,-0.0633352263030762,,,9.986338808315171e-06
2021-02-15 00:00:00+00:00,0.00163994,0.00181665,3.0,63946.02,31973.01,,,,,,0.0018456347619047,0.4303818121034399,0.0276498856681488,-0.025981733640096,,,4.534415350262404e-05
2021-02-16 00:00:00+00:00,0.00156432,0.00117331,3.0,64894.8,32447.4,,,,,,0.0020054909523809,0.3036923230678221,0.0147282072673071,0.0882850730869382,,,2.3039629192393957e-05
2021-02-17 00:00:00+00:00,0.0011978633333333,0.00146367,3.0,59338.61,29669.31,,,,,,0.0017399028571428,-0.1165521166435155,-0.0895073069794634,0.0284216485480985,,,-0.0001072175210961
2021-02-18 00:00:00+00:00,0.0018704866666666,0.00194229,3.0,61620.54,30810.27,,,,,,0.0016155542857142,0.6192236959685502,0.0377350662646573,0.0419013973371544,,,7.058293831382479e-05
2021-02-19 00:00:00+00:00,0.0028479366666666,0.00287299,3.0,58592.78,29296.39,,,,,,0.0018289471428571,1.614992165957042,-0.0503837757175471,-0.053654601044176,,,-0.0001434898022711
2021-02-20 00:00:00+00:00,0.00179422,0.00144098,3.0,63856.94,31928.47,,,,,,0.0018963852380952,0.4876930291421222,0.0860337880183426,0.0304874895307953,,,0.0001543635431382
2021-02-21 00:00:00+00:00,0.0022205166666666,0.00218499,3.0,61495.34,30747.67,,,,,,0.001876469047619,0.9057507201106572,-0.0376838692355505,-0.0114280047141051,,,-8.367765970202728e-05
2021-02-22 00:00:00+00:00,0.0017179333333333,0.00122471,3.0,63901.76,31950.88,,,,,,0.0018876109523809,0.2908720645405095,0.0383855044563006,-0.0006923859259533,,,6.594373762229406e-05
2021-02-23 00:00:00+00:00,0.00113351,0.00076097,3.0,67752.48,33876.24,,,,,,0.0018260666666666,-0.4515412195521279,0.0585141602157293,0.0430935670224688,,,6.632638574613133e-05
2021-02-24 00:00:00+00:00,0.0004408133333333,0.00021526,3.0,64871.85,32435.93,,,,,,0.0017179166666666,-1.294672007722253,-0.0434472788619793,0.0891535951399529,,,-1.9152139819411968e-05
2021-02-25 00:00:00+00:00,0.0001158466666666,0.00014754,3.0,60137.76,30068.88,,,,,,0.0014672538095238,-1.5992288132332189,-0.0757758549522211,-0.0243573260769256,,,-8.778380210031649e-06
2021-02-26 00:00:00+00:00,0.0001490333333333,0.00011826,3.0,57986.93,28993.47,,,,,,0.0010816961904761,-1.501578536836856,-0.0364202901168368,-0.0103938404762153,,,-5.427837237079258e-06
2021-02-27 00:00:00+00:00,0.0001,0.0001,3.0,64067.2,32033.6,,,,,,0.0008396647619047,-1.5577356715418809,0.0997148921703718,0.0032872636758138,,,9.97148921703719e-06
2021-02-28 00:00:00+00:00,0.0001980033333333,0.00035622,3.0,60230.16,30115.08,,,,,,0.0005507342857142,-1.4577429013638978,-0.0617593089596617,-0.0207881760482973,,,-1.2228549038376226e-05
2021-03-01 00:00:00+00:00,0.0001,0.0001,3.0,61833.18,30916.59,,,,,,0.0003196009523809,-1.5055514838814443,0.0262668900563571,-0.0329067904482407,,,2.6266890056357186e-06
2021-03-02 00:00:00+00:00,0.0001,0.0001,3.0,60864.98,30432.49,,,,,,0.0001719566666666,-1.3942159703132515,-0.0157821453265061,-0.1072030959904761,,,-1.5782145326506123e-06
2021-03-03 00:00:00+00:00,0.0001685966666666,0.00014661,3.0,63346.9,31673.45,,,,,,0.0001330685714285,-1.2508117657990994,0.0399680028134596,-0.0237878143150371,,,6.738472047673259e-06
2021-03-04 00:00:00+00:00,0.00010161,0.0001,3.0,62486.31,31243.16,,,,,,0.0001310347619047,-1.2813828977205843,-0.013678478329302,0.0383095623078819,,,-1.3898701830403789e-06
2021-03-05 00:00:00+00:00,0.0002969166666666,0.00012299,3.0,64210.0,32105.0,,,,,,0.0001521609523809,-1.0467846804429013,0.0272114690563665,0.1019413214810853,,,8.07953868731949e-06
2021-03-06 00:00:00+00:00,0.0001194366666666,0.0001,3.0,64523.04,32261.52,,,,,,0.0001549376190476,-1.1506842265473995,0.0048634075140423,0.0070898368247558,,,5.808691821188382e-07
2021-03-07 00:00:00+00:00,0.0001655133333333,0.00026436,3.0,62536.76,31268.38,,,,,,0.0001502961904761,-1.0328137990313668,-0.031267825475945,0.0375813203084725,,,-5.175242020608591e-06
2021-03-08 00:00:00+00:00,0.00025114,0.0001,3.0,63818.62,31909.31,,,,,,0.0001718876190476,-0.883371698177922,0.0202904534566812,0.0316048837087965,,,5.095744481110926e-06
2021-03-09 00:00:00+00:00,0.0001417,0.00012102,3.0,63156.9,31578.45,,,,,,0.0001778447619047,-0.9327204692193868,-0.010422890815116,0.0369641382201866,,,-1.476923628501944e-06
2021-03-10 00:00:00+00:00,0.0002562533333333,0.00043032,3.0,64780.22,32390.11,,,,,,0.0001903671428571,-0.7634867608638304,0.0253782033617078,0.0223743387684347,,,6.503249205448834e-06
2021-03-11 00:00:00+00:00,0.0006218,0.00051175,3.0,67793.78,33896.89,,,,,,0.00026468,-0.3949889165267319,0.0454701404776347,0.0815229575753715,,,2.827333334899329e-05
2021-03-12 00:00:00+00:00,0.0007026633333333,0.00056905,3.0,68266.12,34133.06,,,,,,0.0003226438095238,-0.2513928667491154,0.0069431463277176,0.0612546348467226,,,4.87869434245517e-06
2021-03-13 00:00:00+00:00,0.0008387833333333,0.00076273,3.0,63142.56,31571.28,,,,,,0.0004254076190476,-0.0295215685682372,-0.0780185695237207,-0.0216273421910404,,,-6.544067580700492e-05
2021-03-14 00:00:00+00:00,0.0004540566666666,0.00044088,3.0,62744.1,31372.05,,,,,,0.000466628095238,-0.4624860706603905,-0.0063304774419723,0.0033100058429322,,,-2.874395485710492e-06
2021-03-15 00:00:00+00:00,0.0013904166666666,0.00143589,3.0,74903.3,37451.65,,,,,,0.0006293819047619,0.6761944990840709,0.1771333986106231,0.1601529509968742,,,0.0002462892296515
2021-03-16 00:00:00+00:00,0.0011631766666666,0.00110178,3.0,67850.55,33925.28,0.00231047,0.00276583,-7.31e-05,0.00073982,0.001435755,0.0007753071428571,0.4764339066842969,-0.0988904559331533,0.0716853858788368,,,-0.0001150270708974
2021-03-17 00:00:00+00:00,0.00041544,0.00026705,3.0,67931.61,33965.81,0.00073982,0.00176326,-0.0001565,0.00107679,0.0008558425,0.000798048095238,-0.4474670546602344,0.0011939714264332,0.0475011539435623,,,4.960234893974474e-07
2021-03-18 00:00:00+00:00,0.0002667066666666,0.00024498,3.0,62285.7,31142.85,0.00107679,0.00199483,8.581e-05,0.0012551,0.0011031325,0.0007473204761904,-0.5951531067434896,-0.0867695988549925,-0.0847385853890649,,,-2.3142030478618893e-05
2021-03-19 00:00:00+00:00,0.00045161,0.00060846,3.0,66924.48,33462.24,0.0012551,0.00235371,4.593e-05,0.00142237,0.0012692775,0.0007114557142857,-0.3162026033969648,0.0718329545486629,-0.0198487771681197,0.001166001875,,3.244048060372165e-05
2021-03-20 00:00:00+00:00,0.0002700799999999,0.0001,3.0,68696.62,34348.31,0.00142237,0.00186661,-0.0001794,0.00100328,0.001028215,0.0006302123809523,-0.5101785421802517,0.0261351791156538,0.0843049714712549,0.0011384445,,7.0585891755558e-06
2021-03-21 00:00:00+00:00,0.0003198466666666,0.00042549,3.0,62850.02,31425.01,0.00100328,0.00250334,0.0003814,0.00085385,0.0011854675,0.0006110395238095,-0.3966943993725954,-0.0889487453460287,0.0016867035671985,0.0011462816666666,,-2.844995970310946e-05
2021-03-22 00:00:00+00:00,0.00056414,0.00031201,3.0,62371.33,31185.67,0.00085385,0.00176786,0.00017345,0.00110386,0.000974755,0.000493,0.1067474860239338,-0.0076455385888571,-0.1830922336322817,0.0011217778571428,,-4.3131541395178965e-06
2021-03-23 00:00:00+00:00,0.00038394,0.00028301,3.0,68343.38,34171.69,0.00110386,0.00147356,-0.00061433,0.00054953,0.0006281549999999,0.0003816804761904,-0.1504843058055054,0.0914389893881875,0.0072372116890591,0.0010064064285714,,3.510708558570071e-05
2021-03-24 00:00:00+00:00,0.0001726466666666,0.0001,3.0,69118.87,34559.44,0.00054953,0.00204963,1.952e-05,0.00093589,0.0008886425,0.0003469957142857,-0.6485583224021859,0.011283071929018,0.0173263121916438,0.0010110921428571,,1.9479847583051955e-06
2021-03-25 00:00:00+00:00,0.0001914466666666,0.00013902,3.0,68469.06,34234.53,0.00093589,0.00172664,-0.00074189,-0.00015554,0.0004412749999999,0.0003362442857142,-0.5467483016511127,-0.0094458115840811,0.0946500994625552,0.0009165410714285,,-1.808369141733732e-06
2021-03-26 00:00:00+00:00,0.0001397433333333,0.0001,3.0,68140.72,34070.36,-0.00015554,0.00184361,-0.00041841,0.0010771,0.00058669,0.0002916919047619,-0.6741829004942254,-0.0048069857406822,0.01801015917321,0.0008190285714285,,-6.71744210688744e-07
2021-03-27 00:00:00+00:00,0.0003269233333333,0.00034709,3.0,68230.24,34115.12,0.0010771,0.00162795,-0.00031742,0.00017214,0.0006399425,0.0002998123809523,-0.1075652968524691,0.0013128896776652,-0.0068121302647785,0.0007635610714285,,4.2921426972126427e-07
2021-03-28 00:00:00+00:00,0.00010443,0.0001,3.0,63559.18,31779.59,0.00017214,0.00118531,0.0001,0.00061363,0.00051777,0.0002690385714285,-0.808020038851663,-0.0709164279458622,0.0112201871353878,0.0006681757142857,,-7.405802570386399e-06
2021-03-29 00:00:00+00:00,0.0001306466666666,0.00014327,3.0,59707.2,29853.6,0.00061363,0.00138838,0.00010207,0.00076152,0.0007164,0.0002071109523809,-0.7300214301742293,-0.0625188242479009,-0.0436530985236558,0.0006312678571428,,-8.167875991907425e-06
2021-03-30 00:00:00+00:00,0.0001631,0.00017914,3.0,64405.9,32202.95,0.00076152,0.00199572,-8.21e-06,0.00129493,0.00101099,0.0001755623809523,-0.6217862480813747,0.075752627679078,-0.0593394602327652,0.0006859585714285,0.4270129233017758,1.2355253574457636e-05
2021-03-31 00:00:00+00:00,0.0005991566666666,0.00057326,3.0,58536.46,29268.23,0.00129493,0.0031736,-3.004e-05,0.00122406,0.0014156375,0.0002364923809523,0.7110204467312641,-0.0955554358579817,-0.166177968019765,0.0007612435714285,1.5861257776472648,-5.725267643054882e-05
2021-04-01 00:00:00+00:00,0.0005858266666666,0.00076093,3.0,59445.94,29722.97,0.00122406,0.00307725,-0.00019913,0.00135576,0.001364485,0.0002928323809523,0.621392449223937,0.015417520159044,-0.1413146362766397,0.0008931307142857,1.3028252641979547,9.031994443038926e-06
2021-04-02 00:00:00+00:00,0.0008335733333333,0.00096974,3.0,64626.92,32313.46,0.00135576,0.00261354,-0.00061277,0.00071663,0.00101829,0.0003919509523809,1.3142930577010146,0.0835637141300544,-0.052943936405903,0.0009547878571428,0.2216295654390397,6.965648373310327e-05
2021-04-03 00:00:00+00:00,0.0006933366666666,0.00087385,3.0,63017.26,31508.63,0.00071663,0.00422721,0.0003412,0.00264809,0.0019832825,0.0004442957142857,0.8174621687502062,-0.0252223851288153,-0.0794792112123836,0.0011466935714285,2.540206654535045,-1.7487604430595747e-05
2021-04-04 00:00:00+00:00,0.00115925,0.00120803,3.0,69609.39999999,34804.7,0.00264809,0.00329952,-5.79e-06,0.00195175,0.0019733924999999,0.0005949842857142,2.033022032686916,0.0994909585690031,0.0909281753024817,0.0013546396428571,2.125180820829829,0.0001153348937211
2021-04-05 00:00:00+00:00,0.0009554033333333,0.00136043,3.0,64922.4,32461.2,0.00195175,0.00255216,0.00063124,0.00147632,0.0016528674999999,0.0007128066666666,1.3370107204132369,-0.0697069051522749,0.0837400943981077,0.0014884207142857,1.293447365903433,-6.6598209538834e-05
2021-04-06 00:00:00+00:00,0.0009105133333333,0.00072126,3.0,64546.56,32273.28,0.00147632,0.00290261,0.0001243,0.00101397,0.0013793,0.00081958,1.128129883856663,-0.0058058866888881,0.0021815800301414,0.0015410364285714,0.6533992558148345,-5.286337242055181e-06
2021-04-07 00:00:00+00:00,0.00082934,0.00077826,3.0,70664.39999999,35332.2,0.00101397,0.0032342,0.00021092,0.00122221,0.001420325,0.0008524633333333,0.8393474169260495,0.0905550861667432,0.1882921020548664,0.0015417060714285,0.7225730185133945,7.510095516152684e-05
2021-04-08 00:00:00+00:00,0.0005897666666666,0.0005417,3.0,64622.24,32311.12,0.00122221,0.00212341,-4.357e-05,0.00126176,0.0011409525,0.0008530261904761,0.117356345364964,-0.0893832860314187,0.0834912958644036,0.0015097728571428,0.0741730791230033,-5.271528265846308e-05
2021-04-09 00:00:00+00:00,0.0002196466666666,0.00012121,3.0,61660.6,30830.3,0.00126176,0.00134611,2.439e-05,0.00040766,0.0007599799999999,0.0007653223809523,-0.9537507503545076,-0.0469134707938501,-0.0469858890595009,0.0014728714285714,-0.8002767286998449,-1.0304387481633197e-05
2021-04-10 00:00:00+00:00,0.0001183133333333,0.00015494,3.0,59630.07,29815.04,0.00040766,0.00198314,0.0001,0.00086045,0.0008378125,0.0006831761904761,-1.1704401379162035,-0.033485176152288,-0.0552486800829736,0.0013092328571428,-0.5987360487469598,-3.961742807831043e-06
2021-04-11 00:00:00+00:00,0.00052342,0.00115615,3.0,56141.58,28070.79,0.00086045,0.00506294,0.0001,0.00195517,0.00199464,0.0005923433333333,-0.0058870885978094,-0.0602832625764744,-0.2150229012284512,0.0013122682142857,1.9798487519933776,-3.155346529777825e-05
2021-04-12 00:00:00+00:00,0.00112036,0.00076747,3.0,57387.56,28693.78,0.00195517,0.00275494,6.55e-05,0.00203838,0.0017034974999999,0.0006159085714285,1.6097778210458993,0.021950840635041,-0.1233651554411352,0.0013195010714285,1.258266568020488,2.4592843813874583e-05
2021-04-13 00:00:00+00:00,0.00089263,0.00114219,3.0,56026.9,28013.45,0.00203838,0.00378492,-0.0001412,0.00131904,0.0017502849999999,0.0006133538095238,0.9296078059521048,-0.0239956225551978,-0.1415548913074449,0.0013724989285714,1.2975441860729091,-2.141921256144624e-05
2021-04-14 00:00:00+00:00,0.00075441,0.00075309,3.0,57677.24,28838.62,0.00131904,0.00519678,0.00020527,0.00198616,0.0021768125,0.0006026495238095,0.6731095960743309,0.0290307090803452,-0.2030792683938429,0.0014805685714285,2.032279635912697,2.1901057237303234e-05
2021-04-15 00:00:00+00:00,0.00141786,0.00158538,3.0,55520.4,27760.2,0.00198616,0.0044964,-0.00030635,0.00192884,0.0020262624999999,0.0007209485714285,2.480571501139333,-0.0381121208402444,-0.1518081032026685,0.0016070414285714,1.6076807229722203,-5.403765165454892e-05
2021-04-16 00:00:00+00:00,0.0010359066666666,0.00084618,3.0,51732.62,25866.31,0.00192884,0.00356467,0.00034969,0.00178671,0.0019074775,0.0008375571428571,1.3079733555931945,-0.0706619904573973,-0.1755566228662157,0.0017709696428571,1.276046915553062,-7.319922699475424e-05
2021-04-17 00:00:00+00:00,0.00093172,0.00105554,3.0,49008.82,24504.41,0.00178671,0.00381439,0.00036009,0.00202768,0.0019972175,0.000953758095238,0.9575253348050082,-0.0540882484135796,-0.1961596951275073,0.0019365989285714,1.348393066224422,-5.0395102811900406e-05
2021-04-18 00:00:00+00:00,0.0008147566666666,0.0006374,3.0,46246.26,23123.13,0.00202768,0.00240699,-0.00010067,0.00116733,0.0013753325,0.0009953776190476,0.6038647280915036,-0.0580196860887411,-0.193896118639774,0.0018481264285714,0.1730316750835301,-4.727192603870915e-05
2021-04-19 00:00:00+00:00,0.0005110733333333,0.00026884,3.0,48216.22,24108.11,0.00116733,0.00321829,-0.00716951,9.996e-05,-0.0006709824999999,0.0009083366666666,-0.2432246881384357,0.0417148831472342,-0.1741320761275808,0.001508915,-2.964895128389593,2.1319364379667505e-05
2021-04-20 00:00:00+00:00,0.00017239,0.0001,3.0,32546.06,16273.03,9.996e-05,0.00235918,-0.00053947,0.00073873,0.0006646,0.0008054452380952,-1.1432276309603604,-0.3930391621898188,-0.5431756157622019,0.0013538171428571,-0.8402144010381966,-6.775602116990286e-05
2021-04-21 00:00:00+00:00,0.00012341,0.0001,3.0,32950.28,16475.14,0.00073873,0.00185224,-0.00065557,9.094e-05,0.000506585,0.0007153023809523,-1.203794446588151,0.0123434418549894,-0.5598628829875576,0.0011152132142857,-1.0416429111365988,1.5233041593242517e-06
2021-04-22 00:00:00+00:00,0.0001,0.0001,3.0,31784.5,15892.25,9.094e-05,0.00146877,-0.00067913,0.00105404,0.000483655,0.0005270366666666,-1.2133364114232024,-0.0360210090621677,-0.557771771209481,0.0008948407142857,-1.0614103355443658,-3.6021009062167764e-06
2021-04-23 00:00:00+00:00,0.0001,0.0001,3.0,34145.08,17072.54,0.00105404,0.0032156,-0.00067839,0.0008805,0.0011179375,0.0003933357142857,-1.1984839476399447,0.0716397557854282,-0.4154700249666554,0.0007820492857142,-0.1185464096914915,7.163975578542825e-06
2021-04-24 00:00:00+00:00,0.00040609,0.00078509,3.0,35457.19999999,17728.6,0.0008805,0.00316353,-0.00029227,0.00072079,0.0011181375,0.0003182457142857,-0.4392616512326859,0.0377078299576627,-0.323673946595413,0.0006564664285714,-0.155917028207299,1.531277266750727e-05
2021-04-25 00:00:00+00:00,0.0003835533333333,0.00015159,3.0,30463.1,15231.55,0.00072079,0.00193768,-0.00116433,0.00095355,0.0006119224999999,0.0002566452380952,-0.5283878233556387,-0.1518102202118356,-0.4174644807185075,0.0005474078571428,-0.9410678480690066,-5.822731599631694e-05
2021-04-26 00:00:00+00:00,0.0001612333333333,0.0002837,3.0,31589.84,15794.92,0.00095355,0.00177512,-0.00022232,8.3e-07,0.000626795,0.000206668095238,-1.086638783200942,0.0363194348018911,-0.4228599290638506,0.0007328046428571,-0.9167822662719284,5.855903537891583e-06
2021-04-27 00:00:00+00:00,0.0001,0.0001,3.0,30530.46,15265.23,8.3e-07,0.00161798,-0.00087457,0.00076682,0.000377765,0.0001963266666666,-1.245278702650998,-0.0341106761268665,-0.0639314430008983,0.0006918282142857,-1.2834700226941094,-3.411067612686658e-06
2021-04-28 00:00:00+00:00,0.0001,0.0001,3.0,31140.54,15570.27,0.00076682,0.00204315,-7.475e-05,0.0002812,0.000754105,0.0001929823809523,-1.2385171482533297,0.0197856335156139,-0.0564892513402739,0.0007271882142857,-0.7093234370612796,1.978563351561391e-06
2021-04-29 00:00:00+00:00,0.0001369666666666,0.00010367,3.0,32696.82,16348.41,0.0002812,0.00156915,-0.00040241,0.0001,0.000386985,0.0001982633333333,-1.1373012445844175,0.0487673181719596,0.0282990758938534,0.0007133782142857,-1.2104549857422475,6.679497012286077e-06
2021-04-30 00:00:00+00:00,0.0001,0.0001,3.0,34862.98,17431.49,0.0001,0.0015344,-0.00035665,0.00071665,0.0004986,0.0001982633333333,-1.1610711226295571,0.0641476957666657,0.020807015875091,0.0006249014285714,-0.9821045749369804,6.414769576666579e-06
2021-05-01 00:00:00+00:00,0.0001,0.0001,3.0,39004.74,19502.37,0.00071665,0.00141539,2.02e-06,0.00056616,0.000675055,0.0001545361904761,-1.09596624772134,0.1122576559713977,0.0953568418888259,0.0005616039285714,-0.6833203098225475,1.122576559713977e-05
2021-05-02 00:00:00+00:00,0.0001981866666666,0.00022978,3.0,36032.94,18016.47,0.00056616,0.00298771,-0.00043757,0.00022187,0.0008345425,0.0001280552380952,-0.7989824522886371,-0.0792496571071943,0.1679174049934673,0.0005934067857142,-0.4395078086818317,-1.5706225376551157e-05
2021-05-03 00:00:00+00:00,0.0001332566666666,0.00016559,3.0,40125.19999999,20062.6,0.00022187,0.00175721,-0.00016466,0.00050089,0.0005788274999999,0.0001240585714285,-0.902647359247902,0.1075710457623948,0.239169015953971,0.0005865542857142,-0.7579162528882077,1.4334558988144196e-05
2021-05-04 00:00:00+00:00,0.0001,0.0001,3.0,39046.8,19523.4,0.00050089,0.00246335,-0.00044202,0.00092412,0.000861585,0.0001240585714285,-0.9271171993386196,-0.0272436391560564,0.2460360529247811,0.0006556714285714,-0.2912015563848343,-2.724363915605643e-06
2021-05-05 00:00:00+00:00,0.0005097366666666,0.00078317,3.0,37985.46,18992.73,0.00092412,0.00519272,-0.00017517,0.00130868,0.0018125874999999,0.0001825923809523,0.1464943795211257,-0.027557471779831,0.1986929476293362,0.0008068832142857,1.1478194124960912,-1.4047053806811804e-05
2021-05-06 00:00:00+00:00,0.0006193666666666,0.00078022,3.0,34905.11,17452.56,0.00130868,0.00303531,-7.827e-05,0.00129528,0.00139025,0.0002515066666666,0.4654672789865939,-0.0845702180969247,0.0653554113604517,0.0009502067857142,0.5055838687304727,-5.23799740819653e-05
2021-05-07 00:00:00+00:00,0.0006575266666666,0.00058598,3.0,39260.12,19630.06,0.00129528,0.00351748,4.866e-05,0.00090574,0.00144179,0.0003311533333333,0.5890342644921295,0.1175760085613752,0.1187837241551612,0.0010849482142857,0.5823939380674957,7.730936098933254e-05
2021-05-08 00:00:00+00:00,0.0004992433333333,0.00035828,3.0,40829.74,20414.87,0.00090574,0.00229878,-3.115e-05,0.00044991,0.0009058199999999,0.000388188095238,0.1733779621272318,0.0392014920546976,0.0457275602384612,0.0011179146428571,-0.2189814478281947,1.9571083565027463e-05
2021-05-09 00:00:00+00:00,0.0003423566666666,0.00044145,3.0,40365.46,20182.73,0.00044991,0.00302491,-0.00059597,0.00088096,0.0009399525,0.0004087838095238,-0.2602960791214442,-0.0114362686510034,0.1135409486946521,0.0011329732142857,-0.1768240511028564,-3.915282814462037e-06
2021-05-10 00:00:00+00:00,0.0002950933333333,0.00031988,3.0,38675.96,19337.98,0.00088096,0.00212958,-0.00068677,0.00096504,0.0008222025,0.0004319033333333,-0.4080550850423938,-0.042756250405791,-0.0367863474735337,0.0011677410714285,-0.3550497206125466,-1.2617084453079554e-05
2021-05-11 00:00:00+00:00,0.0004808466666666,0.00052979,3.0,38573.87999999,19286.94,0.00096504,0.00330526,-0.00033277,0.00072564,0.0011657925,0.0004863099999999,0.1025781453937363,-0.0026428549088617,-0.012185563226339,0.0012111992857142,0.2173523186368453,-1.2708079734098028e-06
2021-05-12 00:00:00+00:00,0.0004419,0.0003563,3.0,36013.56,18006.78,0.00072564,0.00195207,-0.00031407,0.00067549,0.0007597824999999,0.000476619047619,0.0618901854566837,-0.0686798292770927,-0.0533079207236006,0.0010607985714285,-0.3804850132946684,-3.034961655754727e-05
2021-05-13 00:00:00+00:00,0.0002811366666666,0.00038937,3.0,35085.64,17542.82,0.00067549,0.00322165,8.021e-05,0.0002227,0.0010500125,0.0004283004761904,-0.3584694522591543,-0.0261036042501068,0.0051586931232172,0.0010121932142857,0.1266639274338389,-7.338680286860866e-06
2021-05-14 00:00:00+00:00,0.0007561966666666,0.00056529,3.0,41363.66,20681.83,0.0002227,0.00474012,-0.00502091,0.00052739,0.0001173249999999,0.0004423961904761,1.0706159258626782,0.1646107876293996,0.0521934721912416,0.0008229839285714,-1.3546677133242837,0.0001244781289027
2021-05-15 00:00:00+00:00,0.0002072266666666,0.0001,3.0,55369.72,27684.86,0.00052739,0.00207211,-0.00039775,0.00103155,0.0008083249999999,0.0004006795238095,-0.5600438820309913,0.2916301563510881,0.304622136487632,0.0008090560714285,-0.1028590443092441,6.043354520011482e-05
2021-05-16 00:00:00+00:00,0.00039647,0.00077198,3.0,47902.2,23951.1,0.00103155,0.00326485,0.00044129,0.00179906,0.0016341875,0.00040841,0.2396229298399737,-0.1448714415511229,0.1711869635875125,0.0009082325,1.4839198738407384,-5.7437180431773735e-05
2021-05-17 00:00:00+00:00,0.00081202,0.00033272,3.0,46769.66,23384.83,0.00179906,0.0003833,0.0003516,0.0003516,0.00072139,0.0004822566666666,2.0582112528486927,-0.0239267302868597,0.1900164837064437,0.0008938307142857,-0.1898795074787772,-1.9428983527535867e-05
2021-05-18 00:00:00+00:00,0.0003582766666666,0.00041696,3.0,47978.52,23989.26,0.0003516,0.0011368,0.00107307,0.00107307,0.0009086349999999,0.0004647466666666,0.1817708755458905,0.0255187086557899,0.2181780472710954,0.0008570939285714,0.2391386529619913,9.14275787483425e-06
2021-05-19 00:00:00+00:00,0.0006065866666666,0.00040307,3.0,40555.56,20277.78,0.00107307,0.00121998,0.00084857,0.00084857,0.0009975475,0.0004882733333333,1.307159267755256,-0.1680805249145773,0.1187773516336108,0.0008910603571428,0.3843334874982049,-0.0001019554053395
2021-05-20 00:00:00+00:00,0.0004969166666666,0.00054316,3.0,35293.43,17646.72,0.00084857,-0.00248707,-0.00290735,-0.00248707,-0.00175823,0.000519099047619,0.7513220700859786,-0.1389760581985122,0.0059048976852054,0.0004898828571428,-4.161167415991683,-6.905951958647736e-05
2021-05-21 00:00:00+00:00,-0.0012417233333333,0.0001,3.0,65658.39,32829.2,-0.00248707,0.00070631,0.00022893,0.00070631,-0.00021138,0.0002336819047619,-4.255162374621757,0.6207685638801621,0.4620626739359679,0.0004429249999999,-1.5165938589791386,-0.0007708228103698
2021-05-22 00:00:00+00:00,0.0001,0.0001,3.0,50100.35,25050.18,0.00070631,0.00042935,0.00016191,0.00042935,0.00043173,0.0002183638095238,-0.5228261414632368,-0.2704373974225955,-0.1000048798377157,0.0003891257142857,-0.4962965005725068,-2.704373974225956e-05
2021-05-23 00:00:00+00:00,0.0001,0.0001,3.0,38649.76999999,19324.89,0.00042935,0.00037373,0.0001,0.00037373,0.0003192025,0.0001760109523809,-0.5228261414632368,-0.2594871699197743,-0.214620608206367,0.0002012707142857,-0.6313433010970018,-2.594871699197743e-05
2021-05-24 00:00:00+00:00,0.0001,0.0001,3.0,33703.76999999,16851.89,0.00037373,0.00044177,0.00040886,0.00040886,0.000408305,7.429380952380953e-05,-0.4932448229604596,-0.1369311236372841,-0.3276250015567914,0.0001565442857142,-0.4549845679061924,-1.3693112363728411e-05
2021-05-25 00:00:00+00:00,0.0001,0.0001,3.0,27405.58,13702.79,0.00040886,-3.558e-05,-0.00022819,-3.558e-05,2.7377499999999997e-05,3.739714285714285e-05,-0.4659213570878118,-0.2068630582420141,-0.5600067684545955,3.0650357142857124e-05,-1.0086738810292184,-2.068630582420141e-05
2021-05-26 00:00:00+00:00,0.0001,0.0001,3.0,25957.21,12978.61,-3.558e-05,0.00072128,0.00045186,0.00045186,0.000397355,-3.4972380952380965e-05,-0.4592559724361212,-0.0542972292704799,-0.4462234728104981,-5.509142857142859e-05,-0.4203483772555389,-5.429722927047998e-06
2021-05-27 00:00:00+00:00,0.0001,0.0001,3.0,24033.32,12016.66,0.00045186,-5.691e-05,-0.00051174,-5.691e-05,-4.3425000000000005e-05,-9.167476190476191e-05,-0.4592559724361211,-0.0770082121871897,-0.3842556267991757,0.0001898807142857,-1.0635277131006975,-7.700821218718979e-06
2021-05-28 00:00:00+00:00,0.0001,0.0001,3.0,27756.79,13878.4,-5.691e-05,0.00027645,-2.427e-05,0.00027645,0.00011793,0.0001,-0.4592559724361212,0.1440392941090937,-0.860984896570244,0.000236925,-0.7771629731249071,1.4403929410909378e-05
2021-05-29 00:00:00+00:00,0.0001,0.0001,3.0,27062.09,13531.05,0.00027645,0.00020855,0.0001,0.00020855,0.0001983875,0.0001,-0.45520099078757,-0.0253466394142414,-0.6158941385618899,0.0002035903571428,-0.6431626405845174,-2.5346639414241424e-06
2021-05-30 00:00:00+00:00,0.0001,0.0001,3.0,26628.49,13314.25,0.00020855,0.0001,-4.697e-05,-4.697e-05,5.36525e-05,0.0001,-0.45520099078757,-0.0161521602808836,-0.3725591289229992,0.0001656546428571,-0.828299554415211,-1.6152160280883622e-06
2021-05-31 00:00:00+00:00,0.0001,0.0001,3.0,27158.83,13579.42,-4.697e-05,0.0003173,0.00030911,0.0003173,0.000224185,0.0001,-0.45520099078757,0.019720528455057,-0.2159074768306581,0.0001393517857142,-0.5502194709583769,1.9720528455057008e-06
2021-06-01 00:00:00+00:00,0.0001,0.0001,3.0,28886.13,14443.07,0.0003173,0.00069237,0.00040625,0.00069237,0.0005270725,0.0001,-0.4448649609383205,0.0616593254122488,0.0526149068236048,0.0002107367857142,-0.0884910783125855,6.165932541224884e-06
2021-06-02 00:00:00+00:00,0.0001,0.0001,3.0,35864.41,17932.21,0.00069237,0.00033209,0.0002111,0.00033209,0.0003919125,0.0001,-0.4412630005897814,0.216383889745634,0.3232960258397188,0.0002099592857142,-0.2786803082470727,2.1638388974563407e-05
2021-06-03 00:00:00+00:00,0.0001,0.0001,3.0,33552.81,16776.41,0.00033209,0.00012715,0.0001,0.0001,0.00016481,0.0001,-0.4412630005897814,-0.0666248233654673,0.3336794146614412,0.0002397071428571,-0.5779320697679967,-6.662482336546738e-06
2021-06-04 00:00:00+00:00,0.0001,0.0001,3.0,37029.08,18514.54,0.0001,0.00024719,0.00013853,0.00013853,0.0001560625,0.0001,-0.405961702216108,0.0985829343973296,0.2882230549496771,0.0002451546428571,-0.5408580164878689,9.858293439732968e-06
2021-06-05 00:00:00+00:00,0.0001,0.0001,3.0,36502.81,18251.41,0.00013853,0.0001,1.805e-05,0.0001,8.914499999999999e-05,0.0001,-0.3642354532045601,-0.0143143059698669,0.2992553883940516,0.0002295485714285,-0.5947672222715048,-1.4314305969866936e-06
2021-06-06 00:00:00+00:00,0.0001,0.0001,3.0,36702.03,18351.02,0.0001,0.0001145,0.0001,0.0001145,0.00010725,0.0001,-0.319811395377287,0.0054428229557732,0.3208503716307085,0.0002372053571428,-0.5152511867370546,5.442822955773252e-07
2021-06-07 00:00:00+00:00,0.0001,0.0001,3.0,38815.07,19407.54,0.0001145,-0.00011108,-0.00052193,-0.00052193,-0.00026011,0.0001,-0.2846059682044065,0.0559765064002313,0.3571063495758828,0.0001680203571428,-1.0576961542264138,5.597650640023134e-06
2021-06-08 00:00:00+00:00,-2.2079999999999995e-05,0.0001,3.0,43142.89,21571.45,-0.00052193,0.00042247,0.00016934,0.00042247,0.0001230875,8.255999999999997e-05,-0.6025716313344524,0.1057090566261429,0.4011560807897769,0.0001103082142857,-0.3798270136688915,-2.3340559703052355e-06
2021-06-09 00:00:00+00:00,0.0001,0.0001,3.0,44064.65,22032.33,0.00042247,-0.00041661,-0.00045888,-0.00045888,-0.000227975,8.255999999999997e-05,-0.2297443851442954,0.0211402437996532,0.2059124348437961,2.1752857142857143e-05,-0.909672246654904,2.114024379965329e-06
2021-06-10 00:00:00+00:00,9.769e-05,0.0001,3.0,49702.69,24851.35,-0.00045888,0.00015855,-1.86e-06,-1.86e-06,-7.601250000000001e-05,8.222999999999998e-05,-0.202007166724359,0.1204011826780586,0.3929384408873222,-1.2650357142857144e-05,-0.6034234171593308,1.176199153581955e-05
2021-06-11 00:00:00+00:00,6.604666666666668e-05,0.0001,3.0,36046.76999999,18023.39,-1.86e-06,0.00025,0.00022516,0.00022516,0.0001746149999999,7.737952380952378e-05,-0.2610060089862088,-0.3212417944506818,-0.0268862879606892,-1.0000000000000004e-05,-0.1366366828587998,-2.1216949717486035e-05
2021-06-12 00:00:00+00:00,0.0001,0.0001,3.0,35997.26999999,17998.64,0.00022516,0.0001,3.169e-05,3.169e-05,9.7135e-05,7.737952380952378e-05,-0.1424070614874533,-0.0013741596886944,-0.0139461416795168,-8.85857142857143e-06,-0.2247441792160393,-1.3741596886944764e-07
2021-06-13 00:00:00+00:00,0.0001,0.0001,3.0,38923.79,19461.9,3.169e-05,6.198e-05,-6.764e-05,-6.764e-05,-1.0402499999999996e-05,7.737952380952378e-05,-0.0821841438878256,0.0781625295692141,0.058773564933924,-2.566607142857143e-05,-0.4116798872354349,7.81625295692141e-06
2021-06-14 00:00:00+00:00,0.0001,0.0001,3.0,40444.05,20222.03,-6.764e-05,2.426e-05,-0.00041025,2.426e-05,-0.0001073425,7.737952380952378e-05,-0.0709267501396484,0.0383139056894901,0.0411109642231828,-3.842142857142854e-06,-0.5407105532891986,3.8313905689490114e-06
2021-06-15 00:00:00+00:00,0.0001,0.0001,3.0,37002.75,18501.38,2.426e-05,-0.00016451,-0.00028824,-0.00016451,-0.00014825,9.481952380952378e-05,-0.0400959891297664,-0.0889273032990765,-0.1535253957020366,-4.260464285714286e-05,-0.5831278261681216,-8.89273032990765e-06
2021-06-16 00:00:00+00:00,0.0001,0.0001,3.0,41015.21,20507.61,-0.00016451,0.00019777,0.00018644,0.00018644,0.000101535,9.481952380952378e-05,0.0400984526017773,0.1029507393129929,-0.0717149001886969,4.468214285714289e-06,-0.0093083374783808,1.0295073931299292e-05
2021-06-17 00:00:00+00:00,0.0001,0.0001,3.0,37641.26999999,18820.64,0.00018644,-0.00012784,-0.00039149,-0.00039149,-0.000181095,9.514952380952378e-05,0.071894466650308,-0.0858419186705372,-0.2779580015372929,-1.054357142857142e-05,-0.5770442123254345,-8.584191867053727e-06
2021-06-18 00:00:00+00:00,0.0001,0.0001,3.0,42137.83,21068.92,-0.00039149,-0.00032195,-0.00050787,-0.00032195,-0.0003858149999999,0.0001,0.1424187031932829,0.1128448571844291,0.156128650097818,-9.0605e-05,-1.0110132825670293,1.1284485718442916e-05
2021-06-19 00:00:00+00:00,0.0001,0.0001,3.0,46563.41,23281.71,-0.00032195,-0.00063992,-0.0006901,-0.0006901,-0.0005855175,0.0001,0.2040583787888027,0.0998691275394474,0.25737193732596,-0.0001881267857142,-2.530900918222846,9.986912753944743e-06
2021-06-20 00:00:00+00:00,4.441666666666667e-05,-2.116e-05,3.0,45685.49,22842.75,-0.0006901,-0.00024761,-0.0003869,-0.00024761,-0.000393055,9.20595238095238e-05,-1.96535663282109,-0.0190342975588002,0.1601751101979456,-0.0002427914285714,-1.6978023220957956,-8.454400499033784e-07
2021-06-21 00:00:00+00:00,6.580666666666667e-05,8.287e-05,3.0,48585.7,24292.85,-0.00024761,-0.00026823,-0.00052095,-0.00026823,-0.000326255,8.717476190476189e-05,-1.0328328169269718,0.0615485069124606,0.1834097114209161,-0.0002740646428571,-1.3545627253068349,4.050302078219325e-06
2021-06-22 00:00:00+00:00,-6.446666666666667e-06,2.03e-05,3.0,50921.95,25460.98,-0.00026823,-0.00010394,-0.00022724,-0.00010394,-0.0001758374999999,7.196809523809521e-05,-3.075118871658542,0.0469648193946099,0.3193018341146025,-0.0002780057142857,-0.7306968863759309,-3.0276653569725215e-07
2021-06-23 00:00:00+00:00,6.600000000000016e-07,5.092e-05,3.0,49525.59,24762.8,-0.00010394,-0.00074265,-0.00091318,-0.00074265,-0.000625605,5.777666666666664e-05,-2.4361125806253088,-0.0278045626324185,0.188546532169191,-0.0003818828571428,-2.204553526153394,-1.835101133739632e-08
2021-06-24 00:00:00+00:00,-0.0001523633333333,-0.00025721,3.0,48622.04,24311.02,-0.00074265,-0.00073298,-0.00099198,-0.00099198,-0.0008648975,2.172476190476188e-05,-4.14026108873445,-0.0184125796390972,0.255975871200631,-0.0004795689285714,-2.589457508441544,2.805402009078322e-06
2021-06-25 00:00:00+00:00,-4.624333333333333e-05,7.066e-05,3.0,48079.06,24039.53,-0.00099198,0.00020561,0.00017507,0.00020561,-0.0001014224999999,8.328571428571162e-07,-1.9831639147869005,-0.0112301867626385,0.1319008272535633,-0.0004389414285714,-0.116064198754353,5.193212698602815e-07
2021-06-26 00:00:00+00:00,0.0001,0.0001,3.0,46033.28,23016.64,0.00020561,-0.00030279,-0.00045158,-0.00030279,-0.0002128875,8.328571428571162e-07,0.478295817816831,-0.0434821261213542,-0.0114504264072383,-0.0003857085714285,-0.4630905624153487,-4.348212612135428e-06
2021-06-27 00:00:00+00:00,0.0001,0.0001,3.0,48113.24,24056.62,-0.00030279,2.387e-05,-0.0002139,-0.0002139,-0.0001766799999999,8.773333333333307e-06,0.478295817816831,0.0441927859441992,0.0517766570957611,-0.0003547978571428,-0.3135850968910257,4.419278594419929e-06
2021-06-28 00:00:00+00:00,-0.0001464233333333,-0.00017175,3.0,51015.12,25507.56,-0.0002139,-0.00051954,-0.0006461,-0.00051954,-0.0004747699999999,-2.1545238095238124e-05,-2.946023677582627,0.0585646602639133,0.0487928104472139,-0.0003760142857142,-1.2096743008429645,-8.575232771376411e-06
2021-06-29 00:00:00+00:00,-6.097333333333333e-05,0.0001,3.0,51202.48,25601.24,-0.00051954,-2.573e-05,-0.00010742,-2.573e-05,-0.0001696049999999,-2.933476190476193e-05,-1.6001759829726094,0.0036659089985633,0.0054939000511673,-0.0003751239285714,-0.1902241695444295,-2.235226913390686e-07
2021-06-30 00:00:00+00:00,3.6620000000000005e-05,0.0001,3.0,55301.04,27650.52,-2.573e-05,3.05e-06,3.05e-06,3.05e-06,-4.145e-06,-2.419761904761908e-05,-0.2603491822504791,0.077003746488991,0.1103022091725769,-0.0002863439285714,0.3843322894257636,2.8198771964268506e-06
2021-07-01 00:00:00+00:00,6.312333333333333e-05,0.0001,3.0,54967.06,27483.53,3.05e-06,-0.00021223,-0.00030045,-0.00021223,-0.000180465,6.586190476190447e-06,0.1150316656972566,-0.0060576181375218,0.1226571706741523,-0.0001885678571428,-0.1379598663460211,-3.823770489008353e-07
2021-07-02 00:00:00+00:00,0.0001,0.0001,3.0,45280.93,22640.47,-0.00021223,-0.00041814,-0.00063085,-0.00063085,-0.0004730175,2.747809523809521e-05,0.616316585973813,-0.1938481241706071,-0.0599607667338162,-0.0002416528571428,-1.1579353629249067,-1.9384812417060714e-05
2021-07-03 00:00:00+00:00,2.3389999999999995e-05,8.039e-05,3.0,57159.97,28579.99,-0.00063085,-0.00047748,-0.00053598,-0.00047748,-0.0005304475,1.6533809523809493e-05,-0.3919654969205305,0.2329678556657164,0.2164892150532544,-0.0002870185714285,-1.2896836388651047,5.449118144021106e-06
2021-07-04 00:00:00+00:00,7.112333333333334e-05,0.0001,3.0,58850.39,29425.2,-0.00047748,0.0001,8.203e-05,8.203e-05,-5.335500000000001e-05,1.2408571428571398e-05,0.2744195413608596,0.0291446324831863,0.2014410615922415,-0.0002694007142857,0.5858817703527395,2.072863410979156e-06
2021-07-05 00:00:00+00:00,0.0001,0.0001,3.0,56008.05,28004.03,8.203e-05,-0.00017112,-0.00030052,-0.00017112,-0.0001401825,4.7611904761904735e-05,0.6710631161262947,-0.0495030302980605,0.0933733710302675,-0.0002216025,0.2795097185959546,-4.950303029806058e-06
2021-07-06 00:00:00+00:00,9.329e-05,0.0001,3.0,56797.11,28398.56,-0.00017112,-0.00013467,-0.0005675,-0.0005675,-0.0003601975,6.964952380952379e-05,0.5831305350779596,0.0139900137468629,0.1036974757785671,-0.00024883,-0.559722341080646,1.3051283824448425e-06
2021-07-07 00:00:00+00:00,-0.00019691,-0.0002537,3.0,59442.77,29721.39,-0.0005675,-0.00042835,-0.00096284,-0.00096284,-0.0007303825,3.628809523809521e-05,-2.8016198468300124,0.0455285567877847,0.0722222860773609,-0.0003525782142857,-1.89366467435064,-8.965028117082701e-06
2021-07-08 00:00:00+00:00,-9.813333333333334e-05,6.728e-05,3.0,62526.44,31263.22,-0.00096284,-0.00038899,-0.00060925,-0.00038899,-0.0005875175,1.3251428571428538e-05,-1.5532853373654394,0.0505755063474069,0.1288554105622896,-0.0004107285714285,-1.259049116279827,-4.9631430228922005e-06
2021-07-09 00:00:00+00:00,8.231e-05,0.0001,3.0,61848.24,30924.12,-0.00038899,-0.00059553,-0.00071608,-0.00071608,-0.00060417,1.0724285714285682e-05,0.5070333777757225,-0.0109058647943385,0.3117976699385583,-0.0004294646428571,-1.2400503242134655,-8.976617312220041e-07
2021-07-10 00:00:00+00:00,9.702e-05,9.106e-05,3.0,65354.72,32677.36,-0.00071608,0.00092578,0.00070791,0.00070791,0.0004063799999999,2.124285714285711e-05,0.6753527397706461,0.0551460214430399,0.1339758357158817,-0.0002956321428571,2.30051937959027,5.350267000403734e-06
2021-07-11 00:00:00+00:00,0.0001,0.0001,3.0,63083.86,31541.93,0.00070791,0.00034645,0.0001,0.0001,0.00031359,2.536809523809521e-05,0.6917654359662607,-0.0353647115752195,0.0694664916574758,-0.0002432114285714,1.9106364687570452,-3.536471157521959e-06
2021-07-12 00:00:00+00:00,0.0001,0.0001,3.0,61660.28,30830.14,0.0001,0.0001,-0.00022726,-0.00022726,-6.362999999999999e-05,2.536809523809521e-05,0.6917654359662607,-0.0228249888804885,0.0961445330750478,-0.0002322753571428,0.6753081216241299,-2.2824988880488564e-06
2021-07-13 00:00:00+00:00,0.0001,0.0001,3.0,58423.22,29211.61,-0.00022726,-0.00023404,-0.00028313,-0.00028313,-0.0002568899999999,2.632666666666664e-05,0.6917654359662607,-0.0539265499282723,0.0282279693999125,-0.0002175171428571,0.0444055765061846,-5.39265499282724e-06
2021-07-14 00:00:00+00:00,0.0001,0.0001,3.0,66795.03999999,33397.52,-0.00028313,0.00018761,0.00012635,0.00012635,3.929500000000001e-05,6.874238095238093e-05,0.6917654359662608,0.1339154127377817,0.1166148253499095,-0.0001075632142857,1.037214528688409,1.3391541273778177e-05
2021-07-15 00:00:00+00:00,0.0001,0.0001,3.0,74434.56,37217.28,0.00012635,0.0001,-0.00011864,0.0001,5.19275e-05,9.704714285714284e-05,0.6917654359662608,0.1082915238251942,0.1743308428276968,-1.6213928571428576e-05,1.0398792138115116,1.0829152382519423e-05
2021-07-16 00:00:00+00:00,0.0001,0.0001,3.0,65802.0,32901.0,0.0001,0.00017865,0.00015226,0.00015226,0.0001457925,9.957428571428568e-05,0.6917654359662607,-0.123270117107733,0.0619665905143023,9.092357142857144e-05,1.3409563367954196,-1.2327011710773306e-05
2021-07-17 00:00:00+00:00,0.0001,0.0001,3.0,73083.28,36541.64,0.00015226,-0.00029933,-0.00051706,-0.00029933,-0.000240865,0.0001,0.6917654359662607,0.104949379817242,0.1117699488885044,-1.5399999999999925e-06,0.059442521849206,1.0494937981724206e-05
2021-07-18 00:00:00+00:00,1.897333333333334e-05,0.0001,3.0,72873.53999999,36436.77,-0.00029933,2.09e-05,-0.00035048,-0.00035048,-0.0002448475,8.842476190476188e-05,-0.1981719481206597,-0.0028740026588565,0.1442606578048675,-8.131678571428571e-05,0.0305856692974607,-5.4529410447370897e-08
2021-07-19 00:00:00+00:00,0.0001,0.0001,3.0,71222.48,35611.24,-0.00035048,-0.00045411,-0.00045452,-0.00045452,-0.0004284074999999,8.842476190476188e-05,0.7281344350262133,-0.0229171112418367,0.1441685354435193,-0.0001334278571428,-0.6106560587694477,-2.2917111241836708e-06
2021-07-20 00:00:00+00:00,0.0001,0.0001,3.0,74065.02,37032.51,-0.00045452,0.0001,-0.00011354,0.0001,-9.2015e-05,8.842476190476189e-05,0.7008399934534902,0.0391348571443828,0.2372299425161745,-0.0001098742857142,0.498573191345141,3.913485714438281e-06
2021-07-21 00:00:00+00:00,0.0001,0.0001,3.0,88549.06,44274.53,0.0001,-0.00054131,-0.00070307,-0.00054131,-0.0004214225,8.842476190476188e-05,0.6833662682328121,0.1786133926339541,0.281927922412347,-0.0001756910714285,-0.6070866447702038,1.7861339263395416e-05
2021-07-22 00:00:00+00:00,5.692333333333333e-05,3.03e-06,3.0,81113.2,40556.6,-0.00054131,-0.00040973,-0.00094136,-0.00040973,-0.0005755325,8.227095238095235e-05,0.1753554308531254,-0.0877110388017516,0.085925359785401,-0.0002653282142857,-1.0620828029845075,-4.992804698725045e-06
2021-07-23 00:00:00+00:00,3.4563333333333335e-05,0.0001,3.0,67393.53999999,33696.77,-0.00040973,-0.00038164,-0.00049532,-0.00049532,-0.0004455025,7.292285714285712e-05,-0.0905454831600605,-0.1852965422719688,0.0238989346211653,-0.0003497989285714,-0.6638174705260637,-6.4044661560601485e-06
2021-07-24 00:00:00+00:00,2.5033333333333336e-05,0.0001,3.0,66020.6,33010.3,-0.00049532,9.093e-05,-1.264e-05,-1.264e-05,-0.0001074175,6.221333333333332e-05,-0.2920763696144796,-0.0205823530884377,-0.1016327982845144,-0.000330735,0.4272552108222612,-5.152449056472238e-07
2021-07-25 00:00:00+00:00,6.476000000000001e-05,0.0001,3.0,68336.92,34168.46,-1.264e-05,-0.00080101,-0.00092944,-0.00080101,-0.000636025,6.875428571428569e-05,0.1611502965083522,0.0344833623588858,-0.0642754332667721,-0.0003866174999999,-1.3990183984995446,2.2331425463614466e-06
2021-07-26 00:00:00+00:00,-0.0001587999999999,-0.00016559,3.0,66622.64,33311.32,-0.00080101,-0.00016537,-0.00027501,-0.00027501,-0.0003791,3.178285714285712e-05,-2.336993999373535,-0.0254057171779464,-0.0667640392028818,-0.0003795735714285,-0.4659071533339769,4.034427887857901e-06
2021-07-27 00:00:00+00:00,9.219e-05,0.0001,3.0,67294.1,33647.05,-0.00027501,0.00013509,7.31e-05,7.31e-05,1.5700000000000002e-06,3.066714285714284e-05,0.5661274517408216,0.0100281059259366,-0.095870790421328,-0.0003662042857142,0.848779585914665,9.244910853120964e-07
2021-07-28 00:00:00+00:00,0.0001,0.0001,3.0,53807.34,26903.67,7.31e-05,-0.00067441,-0.00070522,-0.00070522,-0.0005029375,3.066714285714283e-05,0.612831425385011,-0.2236626765571188,-0.498146859612401,-0.0003778492857142,-0.9078634636267,-2.236626765571188e-05
2021-07-29 00:00:00+00:00,0.0001,0.0001,3.0,55466.98,27733.49,-0.00070522,5.208e-05,-0.00019159,5.208e-05,-0.0001981624999999,3.682095238095237e-05,0.5625936931593166,0.0303779996528934,-0.3800578211577559,-0.0003239392857142,0.1572392376941044,3.0377999652893453e-06
2021-07-30 00:00:00+00:00,6.599333333333334e-05,0.0001,3.0,54124.24,27062.12,5.208e-05,0.00013603,1.597e-05,1.597e-05,5.50125e-05,4.131095238095236e-05,0.1065648396651959,-0.0245057440878735,-0.2192670229736606,-0.0002524371428571,1.0261282237140388,-1.6172157381724011e-06
2021-07-31 00:00:00+00:00,0.0001,0.0001,3.0,55782.74,27891.37,1.597e-05,0.00070821,0.0006757,0.00070821,0.0005270225,5.202047619047616e-05,0.5317010815698906,0.0301823578882309,-0.1685023119969919,-0.0001618028571428,2.320086801299407,3.0182357888230983e-06
2021-08-01 00:00:00+00:00,0.0001,0.0001,3.0,58395.84,29197.92,0.00070821,0.00034294,0.00032066,0.00034294,0.0004286875,5.705476190476188e-05,0.5317010815698907,0.0457801518784251,-0.1572055224774526,-9.70107142857145e-06,1.8233469940162608,4.57801518784251e-06
2021-08-02 00:00:00+00:00,0.0001,0.0001,3.0,58721.37,29360.69,0.00034294,0.0001,0.0001,0.0001,0.000160735,9.402619047619044e-05,0.4982358287167986,0.0055590606764788,-0.1262407446230273,6.741821428571427e-05,0.964254536270356,5.559060676478822e-07
2021-08-03 00:00:00+00:00,0.0001,0.0001,3.0,54011.52,27005.76,0.0001,-0.0001379,-0.00030898,-0.00030898,-0.000163965,9.514190476190472e-05,0.4838422227776942,-0.0836063579514778,-0.2198752085004418,4.377035714285713e-05,0.0128882489844848,-8.360635795147786e-06
2021-08-04 00:00:00+00:00,0.0001,0.0001,3.0,58731.66,29365.83,-0.00030898,-0.00088602,-0.00102329,-0.00088602,-0.0007760775,9.514190476190472e-05,0.4838422227776942,0.0837815769309511,0.087569044987628,4.750357142857136e-06,-1.65477080026775,8.378157693095112e-06
2021-08-05 00:00:00+00:00,1.5819999999999998e-05,1.079e-05,3.0,59710.23,29855.12,-0.00088602,0.0001,-0.0001715,0.0001,-0.0002143799999999,8.311619047619045e-05,-0.5693362021519552,0.0165244284263401,0.0737154737610747,2.4335714285714232e-06,-0.0842337944150399,2.614164577047014e-07
2021-08-06 00:00:00+00:00,0.0001,0.0001,3.0,59254.54,29627.27,0.0001,-0.00035903,-0.00035983,-0.00035903,-0.0002444725,8.797428571428568e-05,0.4952078116667354,-0.00766096095027,0.0905602568986783,-4.035e-05,-0.2249526319323631,-7.660960950270024e-07
2021-08-07 00:00:00+00:00,0.0001,0.0001,3.0,57392.38,28696.19,-0.00035903,0.0001,-3.511e-05,-3.511e-05,-8.231249999999999e-05,8.797428571428568e-05,0.4515585816757683,-0.0319308596524372,0.02844703935801,-0.0001273978571428,0.2107171232847418,-3.193085965243725e-06
2021-08-08 00:00:00+00:00,0.0001,0.0001,3.0,59131.86,29565.93,-3.511e-05,0.00114639,0.00056587,0.00056587,0.000560755,8.797428571428568e-05,0.4388145922059236,0.0298583235517817,0.0125252110313667,-0.0001085310714285,1.9689975435470064,2.985832355178175e-06
2021-08-09 00:00:00+00:00,0.0001,0.0001,3.0,59453.66,29726.83,0.00056587,0.00081705,0.00059747,0.00081705,0.00069936,8.797428571428568e-05,0.4365611309575872,0.0054273201299128,0.0123934704848007,-3.1584642857142866e-05,2.2222868417653423,5.427320129912872e-07
2021-08-10 00:00:00+00:00,0.0001296666666666,0.0001,3.0,61851.15,30925.58,0.00081705,0.00032431,0.00015746,0.00015746,0.00036407,9.221238095238092e-05,0.9718021274135558,0.0395335064551343,0.1355333348914129,4.384892857142857e-05,1.281462145402244,5.126178003682417e-06
2021-08-11 00:00:00+00:00,0.0001,0.0001,3.0,58823.16,29411.58,0.00015746,0.00039307,0.00018917,0.00018917,0.0002322175,9.221238095238092e-05,0.4119490905596548,-0.0501950371305,0.0015567208299618,0.0001878910714285,0.8790523876726838,-5.01950371305e-06
2021-08-12 00:00:00+00:00,0.0002021933333333,0.0001,3.0,61771.5,30885.75,0.00018917,0.00021362,0.0001,0.0001,0.0001506975,0.0001188371428571,2.0965099408170054,0.0489064381395962,0.0339387305432179,0.0002400449999999,0.6187406870056562,9.888555748905436e-06
2021-08-13 00:00:00+00:00,0.0001,0.0001,3.0,65242.69,32621.35,0.0001,0.00050425,0.00047133,0.00050425,0.0003949575,0.0001188371428571,0.320218720308383,0.054671916229763,0.096271607723251,0.0003313921428571,1.216643791265023,5.467191622976309e-06
2021-08-14 00:00:00+00:00,0.0001780233333333,0.0001,3.0,70124.38,35062.19,0.00050425,0.00093336,0.00066887,0.00066887,0.0006938375,0.0001299833333333,1.5614956065086458,0.0721565131734909,0.2003589805491792,0.0004422707142857,1.8318024076503765,1.2845542996855433e-05
2021-08-15 00:00:00+00:00,0.0001284766666666,0.00018543,3.0,60634.09,30317.05,0.00066887,0.00123976,0.0010879,0.0010879,0.0010211075,0.0001340514285714,0.7155603983443374,-0.1454132462866741,0.0250874107107232,0.0005080353571428,2.320412636383048,-1.8682209172090945e-05
2021-08-16 00:00:00+00:00,0.00039684,0.00035487,3.0,63461.14,31730.57,0.0010879,0.00130161,0.00119076,0.00130161,0.00122047,0.0001764571428571,3.630392917778331,0.0455704739031759,0.0652305644839863,0.0005824796428571,2.3838883809645943,1.8084186863736336e-05
2021-08-17 00:00:00+00:00,0.0002446033333333,0.00018623,3.0,69183.64999999,34591.83,0.00130161,0.00103603,0.00103004,0.00103004,0.00109943,0.0001928766666666,1.64860656893244,0.0863368129650759,0.1120338709939279,0.0006875310714285,1.9217284902070533,2.111827224063412e-05
2021-08-18 00:00:00+00:00,0.0001889266666666,0.0001,3.0,68406.03999999,34203.02,0.00103004,0.00152623,0.00120754,0.00120754,0.0012428375,0.0002055804761904,0.952308200485138,-0.01130343820728,0.1509254699171478,0.0008319053571428,1.9692025236114383,-2.1355209023740683e-06
2021-08-19 00:00:00+00:00,0.0001,0.0001,3.0,68874.03999999,34437.02,0.00120754,0.00031588,0.00021047,0.00031588,0.0005124425,0.0001909814285714,-0.0628685568649576,0.006818204258435,0.1088372360359866,0.0008835832142857,0.6338048901434435,6.818204258435046e-07
2021-08-20 00:00:00+00:00,0.0001,0.0001,3.0,65850.46,32925.23,0.00031588,0.00079428,0.00073188,0.00079428,0.00065908,0.0001909814285714,-0.0628685568649576,-0.0448929153436203,0.0092724044626031,0.000921315,0.8345457780233684,-4.489291534362039e-06
2021-08-21 00:00:00+00:00,0.0001,0.0001,3.0,62858.41,31429.21,0.00079428,0.00031031,0.0002428,0.00031031,0.000414425,0.0001798352380952,-0.0796899504551491,-0.0465016769934525,-0.1093857857043403,0.0008813989285714,0.3517034448084498,-4.650167699345254e-06
2021-08-22 00:00:00+00:00,0.00013035,0.0001,3.0,57015.26,28507.63,0.00031031,0.00065207,0.00061173,0.00065207,0.000556545,0.0001801028571428,0.2346912149419029,-0.097565785442331,-0.0615383248599972,0.0008150328571428,0.5636242250095803,-1.2717700132407857e-05
2021-08-23 00:00:00+00:00,0.0001,0.0001,3.0,58534.41,29267.21,0.00065207,0.00131565,0.00129799,0.00129799,0.0011409249999999,0.0001376971428571,-0.1492568238035256,0.0262958351388071,-0.0808129636243659,0.0008036692857142,1.5280945843369689,2.6295835138807178e-06
2021-08-24 00:00:00+00:00,0.00022379,0.00047137,3.0,62093.61,31046.81,0.00129799,0.00074234,0.00060048,0.00060048,0.0008103225,0.0001347238095238,1.223622920355848,0.0590282986531018,-0.1081214779363399,0.0007623682142857,0.8757899177520071,1.320994295557767e-05
2021-08-25 00:00:00+00:00,0.00017203,0.00025105,3.0,59953.26,29976.63,0.00060048,0.00124524,0.00095748,0.00124524,0.00101211,0.0001323099999999,0.6204434763162553,-0.0350778264503564,-0.1318958661794163,0.0007294071428571,1.1797314611652403,-6.034438484254811e-06
2021-08-26 00:00:00+00:00,0.00036415,0.00028806,3.0,67560.1,33780.05,0.00124524,0.00022407,0.00014032,0.00022407,0.000458425,0.0001700457142857,2.7846700704751752,0.11945231346035,-0.0192617569775013,0.0007216903571428,0.0974006027149068,4.3498559946586456e-05
2021-08-27 00:00:00+00:00,0.0001,0.0001,3.0,61911.58,30955.79,0.00022407,0.00093532,0.0008839,0.0008839,0.0007317974999999,0.0001700457142857,-0.4683222488089045,-0.0873103339813337,-0.0616791756152146,0.0007320785714285,0.5729813818287712,-8.73103339813337e-06
2021-08-28 00:00:00+00:00,0.0001245333333333,0.00014814,3.0,66300.99,33150.5,0.0008839,0.0002588,0.00012446,0.00012446,0.000347905,0.0001735504761904,-0.1768613729222161,0.0684975910840819,0.0533200924623198,0.0007225757142857,-0.248992320830239,8.530233343004337e-06
2021-08-29 00:00:00+00:00,0.0001,0.0001,3.0,62183.51,31091.76,0.00012446,0.00065527,0.00035289,0.00065527,0.0004469724999999,0.0001692147619047,-0.4990813063941359,-0.0641149771506324,0.0867709007540185,0.0007069225,-0.0703158445378339,-6.411497715063242e-06
2021-08-30 00:00:00+00:00,0.0001037933333333,0.0001,3.0,59980.14,29990.07,0.00065527,0.00049092,0.0003544,0.00049092,0.0004978775,0.0001697566666666,-0.453659538800319,-0.0360763446268883,0.0243987209883229,0.0006150585714285,0.0394787098708741,-3.744484063306832e-06
2021-08-31 00:00:00+00:00,0.0001,0.0001,3.0,62680.04,31340.02,0.00049092,0.00114642,0.001022,0.001022,0.000920335,0.0001520723809523,-0.5010494905921148,0.0440295482202,0.009399970555421,0.0006307746428571,0.886480179370565,4.40295482202e-06
2021-09-01 00:00:00+00:00,0.0002372566666666,0.00023137,3.0,65007.53,32503.77,0.001022,0.00027518,0.00025733,0.00025733,0.00045296,0.0001613904761904,1.1347527220639433,0.036460053690126,0.0809378506959035,0.0005508960714285,-0.1103012111743451,8.650390805007008e-06
2021-09-02 00:00:00+00:00,0.0001,0.0001,3.0,64198.27,32099.14,0.00025733,0.00082815,0.0001,0.00082815,0.0005034075,0.0001236547619047,-0.5476946239799919,-0.0125268460474963,-0.0510413088119428,0.0005573221428571,-0.0528342189450407,-1.252684604749632e-06
2021-09-03 00:00:00+00:00,0.00035655,0.00086965,3.0,69381.78,34690.89,0.00082815,0.00121773,0.00100973,0.00100973,0.001016335,0.0001603047619047,2.2648232150666217,0.0776480337287495,0.1139170588981404,0.0005979703571428,1.087451998548068,2.768540642598564e-05
2021-09-04 00:00:00+00:00,0.00055799,0.00031878,3.0,68751.31,34375.66,0.00100973,0.00158141,0.00146436,0.00146436,0.001379965,0.0002222271428571,3.42868133949004,-0.009128506110489,0.0362909617035693,0.0007454075,1.8954701409453407,-5.093615124591812e-06
2021-09-05 00:00:00+00:00,0.0009111833333333,0.00122853,3.0,66310.67999999,33155.34,0.00146436,0.00276695,0.00223422,0.00223422,0.0021749375,0.0003381104761904,4.070769073877357,-0.036144820719036,0.0642611181351657,0.0009922596428571,3.2535995315186623,-3.293455822550697e-05
2021-09-06 00:00:00+00:00,0.00152368,0.00129526,3.0,74528.07,37264.04,0.00223422,0.00118128,0.00098636,0.00118128,0.001395785,0.0005409514285714,4.293840963329324,0.1168248627542354,0.2171623255162895,0.0011205321428571,1.4325303991800589,0.0001780037068813
2021-09-07 00:00:00+00:00,0.0007826633333333,0.00077559,3.0,74005.56,37002.78,0.00118128,0.00117522,0.00064995,0.00064995,0.0009140999999999,0.0006384747619047,1.6486577939071687,-0.0070356074289978,0.1660971698670916,0.0011196414285714,0.302921239255747,-5.506511962404255e-06
2021-09-08 00:00:00+00:00,0.00058829,0.00077833,3.0,72382.92999999,36191.47,0.00064995,0.0005834,0.00034283,0.0005834,0.000539895,0.0006886223809523,0.9619677568668616,-0.0221697274048686,0.1074673887720969,0.0011320607142857,-0.541686076434945,-1.3042228935010189e-05
2021-09-09 00:00:00+00:00,0.0001430233333333,0.0001,3.0,52813.67,26406.84,0.0005834,-4.43e-05,-0.00024745,-0.00024745,1.104999999999997e-05,0.0006947685714285,-0.4512629529633011,-0.315200439393779,-0.1952062045741858,0.0010617239285714,-1.6630215279971376,-4.50810175102296e-05
2021-09-10 00:00:00+00:00,0.0001,0.0001,3.0,50556.38,25278.19,-0.00024745,0.00050543,0.00033059,0.00033059,0.00022979,0.0006581185714285,-0.587742174155402,-0.0436809095440846,-0.3165351478470199,0.0009493603571428,-1.1801690338812807,-4.368090954408466e-06
2021-09-11 00:00:00+00:00,0.0001,0.0001,3.0,51951.18,25975.59,0.00033059,0.0001,0.0001,0.0001,0.0001576475,0.0005926914285714,-0.5742448238659145,0.0272152822614248,-0.280191359475106,0.0007747435714285,-1.3407058146813335,2.721528226142489e-06
2021-09-12 00:00:00+00:00,0.0001,0.0001,3.0,55437.83,27718.92,0.0001,0.0008993,0.0007459,0.0007459,0.000622775,0.000476808095238,-0.5742448238659145,0.0649577812659671,-0.1790887574901027,0.0005530060714285,-0.3344898315705324,6.495778126596719e-06
2021-09-13 00:00:00+00:00,0.0001186199999999,0.00012502,3.0,57416.8,28708.4,0.0007459,0.00050251,0.0001,0.00050251,0.0004627299999999,0.0002760852380952,-0.5078288680352693,0.0350747307275955,-0.2608388895167426,0.0004197125,-0.668999604845837,4.160564558907389e-06
2021-09-14 00:00:00+00:00,0.0001,0.0001,3.0,50693.89,25346.95,0.00050251,0.0003588,0.00018942,0.00018942,0.0003100375,0.0001785619047619,-0.5625683911032805,-0.1245315529146857,-0.3783348350024305,0.0003334178571428,-0.9444596433322484,-1.2453155291468575e-05
2021-09-15 00:00:00+00:00,0.0001,0.0001,3.0,55038.99,27519.5,0.00018942,3.535e-05,-7.914e-05,3.535e-05,4.5245e-05,0.0001088061904761,-0.5300912374425145,0.0822364526516512,-0.2739286549459105,0.0002627535714285,-1.4141584040968544,8.223645265165125e-06
2021-09-16 00:00:00+00:00,0.0001,0.0001,3.0,52151.97,26075.99,3.535e-05,0.0001,0.0001,0.0001,8.38375e-05,0.0001026599999999,-0.5126110592388938,-0.0538798867855518,-0.0126081023376833,0.0002731517857142,-1.2395251660052224,-5.387988678555189e-06
2021-09-17 00:00:00+00:00,0.0001,0.0001,3.0,51796.49,25898.25,0.0001,0.00060438,0.0001168,0.0001168,0.000234495,0.0001026599999999,-0.5015893272122033,-0.0068395700286476,0.0242332371777536,0.0002738239285714,-0.8605992914256729,-6.839570028647657e-07
2021-09-18 00:00:00+00:00,0.0001286333333333,0.0001859,3.0,52880.05,26440.03,0.0001168,0.00092681,0.00086265,0.00092681,0.0007082675,0.0001067504761904,-0.4160840279356209,0.0207037547282258,0.0177217096445545,0.0003524839285714,0.1440232166950341,2.6631929832074496e-06
2021-09-19 00:00:00+00:00,0.00030557,0.00017513,3.0,61225.24,30612.62,0.00092681,0.00010874,0.0001,0.0001,0.0003088875,0.0001361176190476,0.1141827786616578,0.146533381717834,0.0992973100964214,0.0003076428571428,-0.68442983904643,4.477620545151855e-05
2021-09-20 00:00:00+00:00,0.0001,0.0001,3.0,59119.91,29559.96,0.0001,0.00045749,0.0001,0.0001,0.0001893725,0.0001334576190476,-0.5289048026487095,-0.0349917684865648,0.0292308108822609,0.0002685917857142,-0.9130391421312084,-3.4991768486564825e-06
2021-09-21 00:00:00+00:00,0.0001,0.0001,3.0,64960.76,32480.38,0.0001,0.00036412,0.00029946,0.00029946,0.00026576,0.0001334576190476,-0.5249159938663316,0.094215640981055,0.2479780047780018,0.0002622664285714,-0.7247989779698654,9.421564098105509e-06
2021-09-22 00:00:00+00:00,0.0001,0.0001,3.0,58976.21,29488.11,0.00029946,0.0001,-0.00054329,0.0001,-1.09575e-05,0.0001334576190476,-0.5249159938663316,-0.096649253040816,0.0690922990855344,0.0002542375,-1.2170574946889716,-9.664925304081607e-06
2021-09-23 00:00:00+00:00,0.0001,0.0001,3.0,54993.62,27496.81,0.0001,0.0001,-2.686e-05,-2.686e-05,3.657e-05,0.0001334576190476,-0.509822400751947,-0.0699169637476071,0.0530552221234792,0.000247485,-1.0479917576046904,-6.9916963747607145e-06
2021-09-24 00:00:00+00:00,0.0001,0.0001,3.0,51714.29,25857.15,-2.686e-05,0.0001,4.68e-06,4.68e-06,2.0625000000000003e-05,0.0001334576190476,-0.5008331192329506,-0.0614830328605666,-0.0015882407084397,0.0002169321428571,-1.0107337406059496,-6.148303286056667e-06
2021-09-25 00:00:00+00:00,0.0001,0.0001,3.0,54927.11,27463.56,4.68e-06,0.0001,-0.00013141,-0.00013141,-3.953499999999999e-05,0.0001293671428571,-0.4724974806504631,0.0602728879112621,0.0379808924745965,0.0001101032142857,-1.0770181096956315,6.027288791126218e-06
2021-09-26 00:00:00+00:00,0.0001,0.0001,3.0,56642.23,28321.12,-0.00013141,0.0001,-0.00013498,0.0001,-1.6597499999999995e-05,0.0001,-0.4724974806504631,0.0307477865247101,-0.0778047027185273,6.360535714285714e-05,-0.9684054542084252,3.074778652471011e-06
2021-09-27 00:00:00+00:00,0.0001,0.0001,3.0,56287.16,28143.58,0.0001,-0.00051726,-0.00057845,-0.00057845,-0.0003935399999999,0.0001,-0.4694354354331834,-0.0062883748874078,-0.0491013091193703,-1.966785714285714e-05,-1.5891530743980693,-6.288374887407855e-07
2021-09-28 00:00:00+00:00,0.0001,0.0001,3.0,58190.35,29095.18,-0.00057845,-0.00017192,-0.00022762,-0.00017192,-0.0002874775,0.0001,-0.4694354354331834,0.0332530882377142,-0.1100638618627112,-9.870178571428572e-05,-1.3017009500590109,3.3253088237714222e-06
2021-09-29 00:00:00+00:00,0.0001,0.0001,3.0,55846.05,27923.03,-0.00017192,-0.00074465,-0.00099788,-0.00074465,-0.000664775,0.0001,-0.4689568596703857,-0.0411207355722638,-0.0545353443941589,-0.0001921042857142,-1.8060524566711404,-4.112073557226381e-06
2021-09-30 00:00:00+00:00,0.0001,0.0001,3.0,55938.19,27969.1,-0.00074465,5.734e-05,-3.903e-05,5.734e-05,-0.00016725,0.0001,-0.4689568596703857,0.0016485332971285,0.0170301526505767,-0.0002212214285714,-0.8892515525455382,1.648533297128552e-07
2021-10-01 00:00:00+00:00,0.0001,0.0001,3.0,57079.98,28539.99,5.734e-05,0.0001,-8.027e-05,0.0001,4.42675e-05,0.0001,-0.4531682113420693,0.0202061110686244,0.0987192965797678,-0.0002178439285714,-0.499842639871192,2.020611106862447e-06
2021-10-02 00:00:00+00:00,0.0001,0.0001,3.0,54593.84,27296.92,0.0001,0.0001,3.543e-05,0.0001,8.38575e-05,0.0001,-0.4531682113420693,-0.0445323863498252,-0.0060859776813195,-0.0002002164285714,-0.4073940587074748,-4.453238634982526e-06
2021-10-03 00:00:00+00:00,0.0001,0.0001,3.0,58353.2,29176.6,0.0001,0.0001,0.0001,0.0001,0.0001,0.0001,-0.426318858897431,0.0665931428293653,0.0297593786233356,-0.0001835596428571,-0.3353860879328792,6.659314282936535e-06
2021-10-04 00:00:00+00:00,0.0001,0.0001,3.0,57940.85,28970.43,0.0001,0.00040714,0.00028324,0.00028324,0.000268405,0.0001,-0.3850539831383943,-0.007091536120459,0.0289562173902844,-8.899607142857143e-05,0.0265566042452517,-7.091536120459097e-07
2021-10-05 00:00:00+00:00,0.0001,0.0001,3.0,60001.61,30000.81,0.00028324,0.00011182,0.0001,0.00011182,0.00015172,0.0001,-0.3282786510379443,0.0349487326131949,0.0306518617657651,-2.625357142857144e-05,-0.0901778658162178,3.494873261319498e-06
2021-10-06 00:00:00+00:00,0.0001,0.0001,3.0,56414.19,28207.1,0.00011182,0.00010852,0.0001,0.0001,0.000105085,0.0001,-0.3197632915491756,-0.0616506725916341,0.0101219247463948,8.372642857142857e-05,-0.1227473448332304,-6.165067259163415e-06
2021-10-07 00:00:00+00:00,0.0001,0.0001,3.0,57758.98,28879.49,0.0001,0.00012395,0.0001,0.00012395,0.000111975,0.0001,-0.2743594486800275,0.0235581125450732,0.0320315039943395,0.0001236157142857,-0.0182080419616003,2.355811254507323e-06
2021-10-08 00:00:00+00:00,0.0001,0.0001,3.0,55045.83,27522.92,0.00012395,0.00041949,0.0001898,0.0001898,0.00023076,0.0001,-0.2580305234053063,-0.0481127241681029,-0.0362873312423879,0.0001502574999999,0.4603848067941193,-4.811272416810297e-06
2021-10-09 00:00:00+00:00,0.0001299333333333,0.0001,3.0,52735.81,26367.91,0.0001898,0.00050385,0.00017805,0.00017805,0.0002624375,0.0001042761904761,0.5411067783134764,-0.0428713795521886,-0.0346263244447513,0.0001757689285714,0.545212562148309,-5.570421249814382e-06
2021-10-10 00:00:00+00:00,0.0001260166666666,0.0001,3.0,56308.97,28154.49,0.00017805,0.00073353,0.00053803,0.00053803,0.00049691,0.0001079928571428,0.4140701209617566,0.0655591160705881,-0.0356603512035285,0.0002324703571428,1.3395855831344117,8.26154127682862e-06
2021-10-11 00:00:00+00:00,0.0001,0.0001,3.0,56752.79,28376.4,0.00053803,0.00012043,0.0001,0.0001,0.000214615,0.0001079928571428,-0.2710336737724491,0.0078509706494838,-0.0207178444335855,0.0002247860714285,0.3180575510607126,7.850970649483813e-07
2021-10-12 00:00:00+00:00,0.0001,0.0001,3.0,56937.6,28468.8,0.0001,0.0001,0.0001,0.0001,0.0001,0.0001079928571428,-0.2710336737724487,0.0032511131817329,-0.0524154638650475,0.0002173975,-0.0324723850533787,3.2511131817329896e-07
2021-10-13 00:00:00+00:00,0.0001,0.0001,3.0,57559.18,28779.59,0.0001,0.00050356,0.00049916,0.00049916,0.00040047,0.0001079928571428,-0.2546133122650967,0.0108577045831435,0.02009291330973,0.0002595953571428,1.1315317999601189,1.0857704583143505e-06
2021-10-14 00:00:00+00:00,0.0001,0.0001,3.0,56657.63,28328.82,0.00049916,0.0001,0.0001,0.0001,0.00019979,0.0001079928571428,-0.2546133122650963,-0.0157869708363929,-0.019252170071736,0.0002721403571428,0.3765636990700333,-1.578697083639291e-06
2021-10-15 00:00:00+00:00,0.0001,0.0001,3.0,59095.75,29547.88,0.0001,0.00132439,0.00082203,0.00132439,0.0008927024999999,0.0001079928571428,-0.2546133122650963,0.0421323447355934,0.0709928988319603,0.0003667035714285,2.5830348665993363,4.213234473559346e-06
2021-10-16 00:00:00+00:00,0.0002736633333333,0.00055995,3.0,60082.49,30041.25,0.00132439,0.00131477,0.00116483,0.00116483,0.001242205,0.0001285257142857,3.275757716193897,0.0165594415246932,0.1304237199088422,0.0005066703571428,2.998971512231136,4.531711965785968e-06
2021-10-17 00:00:00+00:00,0.00042343,0.00040744,3.0,58660.97,29330.49,0.00116483,0.00159777,0.00122241,0.00122241,0.001301855,0.0001710133333333,4.016627862395857,-0.0239438519548329,0.0409207518834211,0.0006216625,2.6545956884881017,-1.0138545233234916e-05
2021-10-18 00:00:00+00:00,0.0007210599999999,0.00067167,3.0,63780.37,31890.19,0.00122241,0.00117234,0.00113275,0.00113275,0.0011650625,0.0002597361904761,4.3758329978114014,0.0836708633740972,0.1167406446080345,0.0007574407142857,2.1476266537836928,6.033171274452655e-05
2021-10-19 00:00:00+00:00,0.00046666,0.00051344,3.0,63985.42,31992.71,0.00113275,0.00169086,0.00146412,0.00146412,0.0014379625,0.0003121161904761,2.234603627711408,0.0032097821497814,0.1166993135760829,0.0009485782142857,2.3942875924797007,1.49787693801699e-06
2021-10-20 00:00:00+00:00,0.0006839766666666,0.0007344,3.0,67698.44,33849.22,0.00146412,0.00166457,0.0016234,0.00166457,0.001604165,0.0003955414285714,3.002571931327612,0.0564078919102346,0.1622495009031741,0.0011205346428571,2.3602777328037905,3.858168188245593e-05
2021-10-21 00:00:00+00:00,0.00054287,0.00058729,3.0,69172.84,34586.42,0.00166457,0.00160125,0.00152839,0.00152839,0.00158065,0.0004588085714285,1.9496364231850651,0.0215451632151815,0.1995816349547485,0.0013178003571428,2.061497417820474,1.169622275462559e-05
2021-10-22 00:00:00+00:00,0.0010959833333333,0.00120389,3.0,72133.64999999,36066.83,0.00152839,0.00169829,0.00167168,0.00167168,0.00164251,0.0006010919047619,3.558378449313224,0.0419123482810483,0.1993616385002035,0.0014249157142857,1.9410808066824945,4.593523517689103e-05
2021-10-23 00:00:00+00:00,0.0013062333333333,0.00099455,3.0,77964.88,38982.44,0.00167168,0.00128223,0.00127978,0.00128223,0.00137898,0.0007486019047619,3.3218348107715308,0.0777378205705545,0.2605400175460648,0.001444455,1.4133510243213545,0.0001015437324899
2021-10-24 00:00:00+00:00,0.0003893733333333,0.00020204,3.0,78683.67999999,39341.84,0.00128223,0.00087147,0.00059184,0.00059184,0.000834345,0.0007437366666666,0.3837029224065897,0.0091772952770909,0.2936611647779887,0.0013776678571428,0.5457183824902212,3.573394053025176e-06
2021-10-25 00:00:00+00:00,0.00020394,0.00041182,3.0,78803.7,39401.85,0.00059184,0.0007439,0.00053655,0.00053655,0.00060221,0.0006698623809523,-0.217568874313421,0.0015241859156631,0.2115144873195547,0.0012972603571428,0.1612804770129943,3.108424756403464e-07
2021-10-26 00:00:00+00:00,0.00045059,0.00055382,3.0,80112.22,40056.11,0.00053655,0.0008964,0.0006002,0.0008964,0.0007323875,0.0006675666666666,0.5325652615144499,0.0164684516629645,0.2247731568327378,0.0011964639285714,0.3262959948663452,7.42051963481518e-06
2021-10-27 00:00:00+00:00,0.00050022,0.00030904,3.0,83701.2,41850.6,0.0008964,0.00035084,0.00017949,0.00035084,0.0004443925,0.0006413157142857,0.6475534614146915,0.0438249125710186,0.2121901774935217,0.0010307821428571,-0.1708415540269662,2.192209776627493e-05
2021-10-28 00:00:00+00:00,0.0002439199999999,0.00043379,3.0,81569.56,40784.78,0.00035084,0.00079885,0.00078845,0.00079885,0.0006842475,0.0005986085714285,-0.1861656476708,-0.0257971611522798,0.1648478531260604,0.0009027246428571,0.1692124560220413,-6.292443548264091e-06
2021-10-29 00:00:00+00:00,0.00014015,0.0001,3.0,77356.16,38678.08,0.00079885,0.00014666,0.00012708,0.00012708,0.0002999175,0.0004620609523809,-0.5248528300572731,-0.0530359413007524,0.0698995635442596,0.0007109257142857,-0.5675896363632001,-7.432987173300448e-06
2021-10-30 00:00:00+00:00,0.0001,0.0001,3.0,75201.83,37600.92,0.00012708,0.00012265,0.00012265,0.00012265,0.0001237574999999,0.0002897419047619,-0.6540410695666621,-0.0282446460911032,-0.0360829031173981,0.0005316082142857,-0.921996370829806,-2.8244646091103223e-06
2021-10-31 00:00:00+00:00,0.0001257199999999,0.00017716,3.0,76384.78999999,38192.4,0.00012265,0.00073318,0.00062134,0.00062134,0.0005246274999999,0.0002520771428571,-0.5750505074651368,0.0156080268168228,-0.0296521715776663,0.0004873628571428,-0.2177969413708339,1.962241131410966e-06
2021-11-01 00:00:00+00:00,0.00018202,0.0001,3.0,77143.14999999,38571.58,0.00062134,0.00101181,0.00075178,0.00075178,0.0007841775,0.0002489457142857,-0.4043506681101199,0.009879194209061,-0.0212971632842684,0.0005133582142857,0.2301169490174948,1.798210929933288e-06
2021-11-02 00:00:00+00:00,0.0003020366666666,0.00023987,3.0,80627.94,40313.97,0.00075178,0.00024931,0.00024931,0.00024931,0.0003749275,0.0002277238095238,-0.0377339172049995,0.0441824527754128,0.0064168378281799,0.0004622925,-0.5794335254342543,1.3344720761443123e-05
2021-11-03 00:00:00+00:00,0.0001969,0.00024139,3.0,74468.91,37234.46,0.00024931,0.00077681,0.00077681,0.00077681,0.0006449349999999,0.0001843923809523,-0.3939146444157999,-0.0794635167184267,-0.1168715914612654,0.0004909414285714,-0.0800152263665563,-1.564636644185823e-05
2021-11-04 00:00:00+00:00,0.0004375499999999,0.00027303,3.0,77095.05,38547.53,0.00077681,0.00103249,0.00048078,0.00103249,0.0008306425,0.0002120538095238,0.3620441831521374,0.0346573533246417,-0.0564170769843439,0.000511855,0.2449981151978715,1.5164324947196976e-05
2021-11-05 00:00:00+00:00,0.0003957166666666,0.00037454,3.0,77623.1,38811.55,0.00103249,0.00077404,0.00047749,0.00047749,0.0006903775,0.0002485633333333,0.1929396917276583,0.0068259871299254,0.0034448514463338,0.000567635,-0.0769556788082497,2.701156873763661e-06
2021-11-06 00:00:00+00:00,0.0002646,0.00026751,3.0,79865.62,39932.81,0.00047749,0.00136721,0.00117782,0.00117782,0.001050085,0.0002720776190476,-0.2658496276479075,0.0284804090084982,0.0601699065459353,0.0006999675,0.6122014374159234,7.535916223648634e-06
2021-11-07 00:00:00+00:00,0.00044751,0.00066131,3.0,79064.50999999,39532.26,0.00117782,0.00089117,0.00079146,0.00089117,0.000937905,0.0003180476190476,0.3152808493345752,-0.010081370788562,0.0344805089405504,0.0007590071428571,0.3334037317476018,-4.511514241589417e-06
2021-11-08 00:00:00+00:00,0.00020019,0.0001,3.0,79339.12,39669.56,0.00089117,0.00042276,0.0001737,0.00042276,0.0004775975,0.0003206433333333,-0.5385115440357988,0.003467221996301,0.0280685367277904,0.00071521,-0.6801905842335233,6.941031714394985e-07
2021-11-09 00:00:00+00:00,0.00011743,0.00015229,3.0,79822.67,39911.34,0.00042276,0.00112846,0.0005879,0.0005879,0.000681755,0.0002942709523809,-0.8204481953784212,0.0060762258044739,-0.0100376902431484,0.0007590425,-0.2503854653799014,7.135311962193793e-07
2021-11-10 00:00:00+00:00,0.0001,0.0001,3.0,79176.75,39588.38,0.0005879,0.00044374,0.00032834,0.00032834,0.0004220799999999,0.000280428095238,-0.8801257180995141,-0.0081248542072618,0.0613009722680164,0.0007272060714285,-0.8489450489245689,-8.124854207261834e-07
2021-11-11 00:00:00+00:00,0.0001,0.0001,3.0,75451.48,37725.74,0.00032834,0.00046895,0.00046672,0.00046672,0.0004326824999999,0.0002322066666666,-0.8801257180995139,-0.0481928944559992,-0.0215492755126245,0.0006703546428571,-0.877586127479253,-4.819289445599928e-06
2021-11-12 00:00:00+00:00,0.0001214133333333,0.00016424,3.0,70304.56,35152.28,0.00046672,0.0001618,0.0001,0.0001618,0.00022258,0.0001930204761904,-0.8109874680711825,-0.0706531390831202,-0.0990284017256701,0.0006035264285714,-1.326153584819169,-8.578233126545236e-06
2021-11-13 00:00:00+00:00,0.0001,0.0001,3.0,70999.62,35499.81,0.0001618,0.00063091,0.00042904,0.00063091,0.000463165,0.0001695061904761,-0.8844603531213807,0.0098378633364664,-0.117670947397702,0.0005196807142857,-0.8196687609546721,9.837863336466411e-07
2021-11-14 00:00:00+00:00,0.0001,0.0001,3.0,74332.82,37166.41,0.00063091,0.00035047,0.00026806,0.00026806,0.000379375,0.0001198619047619,-0.8844603531213808,0.0458780520242498,-0.06171152458489,0.0004398907142857,-0.9586348748059068,4.587805202424988e-06
2021-11-15 00:00:00+00:00,0.0001,0.0001,3.0,73292.45,36646.23,0.00026806,0.00159889,0.00143217,0.00143217,0.0011828225,0.000105549047619,-0.8545333087102931,-0.0140949747152223,-0.0792737212964134,0.0005406371428571,0.8821160373097257,-1.4094974715222363e-06
2021-11-16 00:00:00+00:00,0.00033397,0.00037235,3.0,79567.96,39783.98,0.00143217,0.00069447,0.00033619,0.00069447,0.000789325,0.0001364833333333,-0.0510250799517358,0.082153897034253,-0.0031960500666343,0.0005560042857142,0.020350472185675,2.743693699252948e-05
2021-11-17 00:00:00+00:00,0.0001,0.0001,3.0,81718.45,40859.23,0.00069447,0.0001,0.0001,0.0001,0.0002486175,0.0001364833333333,-0.7891158064986366,0.0266683033068542,0.0315971074474816,0.0005312239285714,-1.165281692333444,2.6668303306854213e-06
2021-11-18 00:00:00+00:00,0.0001,0.0001,3.0,69554.1,34777.05,0.0001,0.0001,0.0001,0.0001,0.0001,0.0001364833333333,-0.7425247430149212,-0.1611749355371063,-0.0813849336336254,0.0004836978571428,-1.4216409248223765,-1.611749355371064e-05
2021-11-19 00:00:00+00:00,0.0001,0.0001,3.0,69959.86,34979.93,0.0001,0.00018997,0.0001,0.00018997,0.000144985,0.0001334242857142,-0.6898272714925799,0.0058167819775434,-0.0049150125729617,0.0004726128571428,-1.271987935201645,5.816781977543428e-07
2021-11-20 00:00:00+00:00,0.0001,0.0001,3.0,71347.77,35673.89,0.00018997,0.00014421,0.0001,0.0001,0.000133545,0.0001334242857142,-0.6419306500116868,0.01964444004971,0.0048915641402818,0.0004255242857142,-1.2717301219997923,1.964444004971e-06
2021-11-21 00:00:00+00:00,0.0001,0.0001,3.0,73772.57,36886.29,0.0001,0.0001,0.0001,0.0001,0.0001,0.0001334242857142,-0.620480943074353,0.0334208932448145,-0.0075655946391535,0.0003856135714285,-1.3855904292551924,3.3420893244814565e-06
2021-11-22 00:00:00+00:00,0.0001,0.0001,3.0,75924.00999999,37962.01,0.0001,0.00010797,0.0001,0.0001,0.0001019925,0.0001334242857142,-0.8101790078463886,0.0287459893638519,0.0352753694399208,0.0002312092857142,-1.3689123935598846,2.874598936385198e-06
2021-11-23 00:00:00+00:00,0.0001,0.0001,3.0,70437.07,35218.54,0.0001,0.0001,0.0001,0.0001,0.0001,0.0001,-0.7555999236479319,-0.0750132845846547,-0.1218918121789869,0.0001327342857142,-1.2817952321477497,-7.501328458465473e-06
2021-11-24 00:00:00+00:00,0.0001,0.0001,3.0,67252.8,33626.4,0.0001,0.0001,0.0001,0.0001,0.0001,0.0001,-0.7223053028192893,-0.0462610337756714,-0.1948211492615126,0.0001115032142857,-1.197887311663362,-4.626103377567148e-06
2021-11-25 00:00:00+00:00,0.0001,0.0001,3.0,65885.32,32942.66,0.0001,0.00076901,0.00041106,0.00041106,0.0004227824999999,0.0001,-0.6752469904518884,-0.0205429983698071,-0.0541892120942133,0.000157615,-0.1309441542553304,-2.054299836980711e-06
2021-11-26 00:00:00+00:00,0.0001,0.0001,3.0,63038.5,31519.25,0.00041106,0.0009505,0.00085864,0.0009505,0.000792675,0.0001,-0.6432405976917499,-0.0441700040828436,-0.1041759981546004,0.0002501421428571,1.013390111885353,-4.417000408284367e-06
2021-11-27 00:00:00+00:00,0.0002794999999999,0.00013435,3.0,68346.32,34173.16,0.0009505,0.00029486,0.00025734,0.00025734,0.00044001,0.0001256428571428,0.979133233030138,0.0808420703435164,-0.042978367860794,0.0002939228571428,-0.0853485512139388,2.259535866101284e-05
2021-11-28 00:00:00+00:00,0.0001,0.0001,3.0,71782.17,35891.09,0.00025734,0.0001,0.0001,0.0001,0.000139335,0.0001256428571428,-0.6323026595087187,0.0490483953308906,-0.0273508657747179,0.0002995421428571,-1.0199165996334274,4.904839533089067e-06
2021-11-29 00:00:00+00:00,0.0001,0.0001,3.0,69582.82,34791.41,0.0001,0.00059293,0.00021954,0.00021954,0.0002830025,0.0001256428571428,-0.6323026595087187,-0.031118418734561,-0.0872152738731308,0.0003254007142857,-0.5900576290367883,-3.1118418734561007e-06
2021-11-30 00:00:00+00:00,0.0001,0.0001,3.0,68060.33,34030.17,0.00021954,0.00019004,0.0001,0.00019004,0.000174905,0.0001256428571428,-0.622031902303073,-0.0221231800661847,-0.0343251693546609,0.0003361014285714,-0.8879204215085464,-2.2123180066184745e-06
2021-12-01 00:00:00+00:00,0.0001,0.0001,3.0,66661.1,33330.55,0.00019004,0.00043055,0.00012901,0.00043055,0.0002950375,0.0001256428571428,-0.5938578243872192,-0.0207729433303409,-0.0088370789093303,0.0003639639285714,-0.4625610979279935,-2.077294333034097e-06
2021-12-02 00:00:00+00:00,0.0001298533333333,0.0001,3.0,66799.03,33399.52,0.00043055,0.00084649,0.00081527,0.00081527,0.000726895,0.0001299076190476,-0.2833840058541668,0.0020669850854773,0.013772904545954,0.0004074085714285,0.8796328508804538,2.68404903299514e-07
2021-12-03 00:00:00+00:00,0.0001,0.0001,3.0,70426.25,35213.13,0.00081527,0.00073019,0.00049731,0.00073019,0.00069324,0.0001299076190476,-0.5254333171668644,0.0528775035046038,0.1108204121334015,0.0003932035714285,0.764677427735871,5.287750350460385e-06
2021-12-04 00:00:00+00:00,0.0001302866666666,0.0001,3.0,71858.1,35929.05,0.00073019,0.00021175,0.00012605,0.00021175,0.000319935,0.0001085914285714,-0.1776150627697172,0.0201272780515484,0.0501056198414335,0.00037605,-0.3730560324576388,2.62231596640941e-06
2021-12-05 00:00:00+00:00,0.0001,0.0001,3.0,68546.75,34273.38,0.00021175,0.0001,7.327e-05,7.327e-05,0.0001145725,0.0001085914285714,-0.4456403600590832,-0.0471773467999963,-0.0461201222894533,0.0003725125,-0.9725872606913192,-4.71773467999963e-06
2021-12-06 00:00:00+00:00,0.0001,0.0001,3.0,58319.61,29159.81,7.327e-05,0.00039673,0.00011271,0.00011271,0.000173855,0.0001085914285714,-0.3958166415492684,-0.161577593799997,-0.1765792973548894,0.00035692,-0.7375480947144719,-1.6157759379999703e-05
2021-12-07 00:00:00+00:00,0.0001,0.0001,3.0,60923.18,30461.59,0.00011271,0.0001,0.0001,0.0001,0.0001031775,0.0001085914285714,-0.3727143065227229,0.0436753258354052,-0.1107807914532994,0.0003466732142857,-0.935417115013607,4.367532583540523e-06
2021-12-08 00:00:00+00:00,0.0001,0.0001,3.0,61651.14,30825.57,0.0001,0.0001,0.0001,0.0001,0.0001,0.0001085914285714,-0.3236545056901399,0.0118779946529219,-0.0781298534700365,0.0003188107142857,-0.8911336519329704,1.187799465292194e-06
2021-12-09 00:00:00+00:00,0.0001,0.0001,3.0,63879.7,31939.85,0.0001,-9.199e-05,-0.00029164,-0.00029164,-0.0001438175,0.0001043266666666,-0.3121026827800152,0.0355099061066397,-0.0446869324488741,0.0001944232142857,-1.636174839052849,3.550990610663973e-06
2021-12-10 00:00:00+00:00,0.0001,0.0001,3.0,69457.32,34728.66,-0.00029164,0.0001,-0.00016403,0.0001,-6.391750000000001e-05,0.0001043266666666,-0.3121026827800152,0.0837108361840321,-0.0138535997694457,8.625785714285715e-05,-1.26179379071666,8.371083618403219e-06
2021-12-11 00:00:00+00:00,0.0001,0.0001,3.0,67535.37,33767.69,0.0001,-0.00017415,-0.00017692,-0.00017415,-0.000106305,0.0001,-0.3121026827800152,-0.0280610025758196,-0.0620418803968139,2.536642857142857e-05,-1.308863752162184,-2.8061002575819672e-06
2021-12-12 00:00:00+00:00,0.0001,0.0001,3.0,65114.82,32557.41,-0.00017415,0.0001,0.0001,0.0001,3.14625e-05,0.0001,-0.2981740237673337,-0.0364992875625915,-0.0513638211594091,1.3493571428571429e-05,-0.8167303441504367,-3.649928756259158e-06
2021-12-13 00:00:00+00:00,0.0001,0.0001,3.0,65168.42,32584.21,0.0001,0.0001,0.0001,0.0001,0.0001,0.0001,-0.2981740237673337,0.0008228226903792,0.1110365953309671,2.9428571428571427e-06,-0.5503276121036564,8.228226903792548e-08
2021-12-14 00:00:00+00:00,0.0001,0.0001,3.0,65087.8,32543.9,0.0001,-0.00023922,-0.00041037,-0.00023922,-0.0001972025,0.0001,-0.2981740237673335,-0.0012378681078661,0.0661234013876956,-3.996857142857143e-05,-1.4218765839946637,-1.2378681078661914e-07
2021-12-15 00:00:00+00:00,7.782666666666666e-05,0.0001,3.0,71444.06,35722.03,-0.00023922,-0.00018372,-0.00029127,-0.00029127,-0.00025137,9.68323809523809e-05,-0.697981210004182,0.0931776382021372,0.1474230449369109,-9.016428571428573e-05,-1.661534501470508,7.251704989144998e-06
2021-12-16 00:00:00+00:00,0.0001,0.0001,3.0,67410.37,33705.19,-0.00029127,4.2e-07,2.1e-07,2.1e-07,-7.26075e-05,9.683238095238088e-05,-0.2150711483621991,-0.0581159022103179,0.0537972366199532,-7.999142857142856e-05,-0.9664200615589184,-5.811590221031793e-06
2021-12-17 00:00:00+00:00,0.0001,0.0001,3.0,67662.89999999,33831.45,2.1e-07,4.2e-07,2.1e-07,2.1e-07,2.625000000000001e-07,9.68323809523809e-05,-0.2150711483621991,0.0037391601493794,-0.0261744394146994,-7.082285714285715e-05,-0.6397803650585188,3.739160149379473e-07
2021-12-18 00:00:00+00:00,0.0001,0.0001,3.0,70004.67,35002.34,2.1e-07,-0.00023891,-0.00034829,-0.00023891,-0.000206475,9.68323809523809e-05,-0.2150711483621991,0.0340239303102301,0.0359104934713503,-8.513285714285715e-05,-1.370849439792891,3.40239303102301e-06
2021-12-19 00:00:00+00:00,0.0001,0.0001,3.0,67029.83,33514.92,-0.00023891,4.2e-07,-4.692e-05,-4.692e-05,-8.30825e-05,9.68323809523809e-05,-0.2150711483621991,-0.0434242099209551,0.0289855711129867,-0.0001014964285714,-0.857962268157848,-4.342420992095519e-06
2021-12-20 00:00:00+00:00,0.0001,0.0001,3.0,66141.14,33070.57,-4.692e-05,4.2e-07,2.1e-07,2.1e-07,-1.152e-05,9.68323809523809e-05,-0.2150711483621991,-0.0133468006180041,0.0148159478046032,-0.0001174278571428,-0.5661478643801238,-1.3346800618004196e-06
2021-12-21 00:00:00+00:00,0.0001,0.0001,3.0,66092.28,33046.14,2.1e-07,4.2e-07,2.1e-07,2.1e-07,2.625000000000001e-07,9.683238095238088e-05,-0.2150711483621991,-0.0007389962722523,0.015314819640217,-8.921857142857142e-05,-0.507264943423122,-7.389962722523792e-08
2021-12-22 00:00:00+00:00,0.0001,0.0001,3.0,69613.37,34806.69,2.1e-07,4.2e-07,2.1e-07,2.1e-07,2.625000000000001e-07,0.0001,-0.2150711483621991,0.0519046992945604,-0.0259581192673596,-5.327107142857143e-05,-0.4925797165523139,5.190469929456044e-06
2021-12-23 00:00:00+00:00,0.0001,0.0001,3.0,71708.41,35854.21,2.1e-07,4.497e-05,2.1e-07,2.1e-07,1.14e-05,0.0001,-0.2150711483621991,0.0296513884157452,0.0618091713587034,-4.127e-05,-0.4386983183055669,2.9651388415745217e-06
2021-12-24 00:00:00+00:00,0.0001,0.0001,3.0,68904.95,34452.48,2.1e-07,0.00022878,0.0001398,0.00022878,0.0001493925,0.0001,-0.2150711483621991,-0.0398800163187704,0.0181899948905535,-1.9965714285714292e-05,0.0675329330993511,-3.988001631877048e-06
2021-12-25 00:00:00+00:00,0.0001,0.0001,3.0,72549.06,36274.53,0.00022878,-0.00012694,-0.00029344,-0.00012694,-7.9635e-05,0.0001,-0.2150711483621991,0.051535003974493,0.0357010685548164,-1.8457142857142885e-06,-0.7292620997834294,5.153500397449306e-06
2021-12-26 00:00:00+00:00,0.0001,0.0001,3.0,69438.09,34719.05,-0.00012694,4.2e-07,2.1e-07,2.1e-07,-3.1525e-05,0.0001,-0.2150711483621991,-0.0438274584511546,0.035297820024617,5.519642857142854e-06,-0.5056560282535734,-4.3827458451154656e-06
2021-12-27 00:00:00+00:00,0.0001,0.0001,3.0,72056.49,36028.25,2.1e-07,0.0001325,2.1e-07,2.1e-07,3.32825e-05,0.0001,-0.1436101950218243,0.0370148305113424,0.0856594511539636,1.1919999999999996e-05,-0.1785708244827074,3.701483051134247e-06
2021-12-28 00:00:00+00:00,0.0001,0.0001,3.0,72701.6,36350.8,2.1e-07,4.2e-07,2.1e-07,2.1e-07,2.625000000000001e-07,0.0001,-0.1436101950218243,0.008912997825611,0.0953114452518271,1.1919999999999996e-05,-0.3047904707289127,8.912997825611057e-07
2021-12-29 00:00:00+00:00,0.0001,0.0001,3.0,73650.41,36825.21,2.1e-07,4.2e-07,2.1e-07,2.1e-07,2.625000000000001e-07,0.0001,-0.1436101950218243,0.0129663172130864,0.0563730631703531,1.1919999999999996e-05,-0.2668955323541191,1.29663172130865e-06
2021-12-30 00:00:00+00:00,0.0001,0.0001,3.0,73173.02,36586.51,2.1e-07,-0.00022048,-0.00028055,-0.00022048,-0.000180325,0.0001,-0.1436101950218243,-0.006502935973204,0.0202187387814039,-1.546928571428572e-05,-1.01476128600383,-6.502935973204061e-07
2021-12-31 00:00:00+00:00,0.0001,0.0001,3.0,73938.66,36969.33,-0.00022048,4.2e-07,2.1e-07,2.1e-07,-5.491e-05,0.0001,-0.1436101950218243,0.0104090567517207,0.0705078118518951,-4.465535714285716e-05,-0.4120629983763825,1.0409056751720769e-06
2022-01-01 00:00:00+00:00,0.0001,0.0001,3.0,72281.21,36140.61,2.1e-07,0.00015272,2.1e-07,2.1e-07,3.83375e-05,0.0001,-0.0388301816527188,-0.0226716245042943,-0.0036988166268923,-2.780214285714286e-05,0.1432405325676331,-2.2671624504294385e-06
2022-01-02 00:00:00+00:00,0.0001,0.0001,3.0,72537.34,36268.67,2.1e-07,-0.00023621,-0.00037539,-0.00023621,-0.0002119,0.0001,-0.0388301816527208,0.0035372577209518,0.0436658995452141,-5.357e-05,-1.5219689412534985,3.537257720951814e-07
2022-01-03 00:00:00+00:00,0.0001,0.0001,3.0,74621.49,37310.75,-0.00023621,-0.00023511,-0.00051119,-0.00023511,-0.000304405,0.0001,0.1825741858378282,0.0283270716720469,0.0349781407059186,-0.0001018110714285,-2.187086115222415,2.8327071672046955e-06
2022-01-04 00:00:00+00:00,0.0001,0.0001,3.0,74796.69,37398.35,-0.00023511,-0.000133,-0.00034514,-0.000133,-0.0002115625,0.0001,0.1825741858378315,0.0023450972337162,0.0284102401140238,-0.0001320717857142,-1.330379478431839,2.3450972337162319e-07
2022-01-05 00:00:00+00:00,0.0001,0.0001,3.0,74690.98,37345.49,-0.000133,3.06e-05,2.1e-07,2.1e-07,-2.5495e-05,0.0001,0.1825741858378282,-0.0014142974817978,0.0140296254191394,-0.0001357514285714,0.2619130497479654,-1.4142974817978886e-07
2022-01-06 00:00:00+00:00,0.0001,0.0001,3.0,68379.39999999,34189.7,2.1e-07,4.2e-07,2.1e-07,2.1e-07,2.625000000000001e-07,0.0001,0.1825741858378315,-0.0882877255055696,-0.0677551641132261,-0.0001099532142857,0.5317537218243522,-8.828772550556963e-06
2022-01-07 00:00:00+00:00,0.0001,0.0001,3.0,68599.75999999,34299.88,2.1e-07,2.1e-07,-0.00013929,2.1e-07,-3.4665e-05,0.0001,0.1825741858378282,0.0032174265062536,-0.0749467943586932,-0.0001070610714285,0.2683124658003149,3.2174265062536734e-07
2022-01-08 00:00:00+00:00,0.0001,0.0001,3.0,71412.0,35706.0,2.1e-07,-0.00017599,-0.00035371,-0.00017599,-0.00017637,0.0001,0.1825741858378282,0.0401768862674156,-0.0120982835869831,-0.0001377335714285,-1.0301952640640526,4.017688626741567e-06
2022-01-09 00:00:00+00:00,0.0001,0.0001,3.0,70638.6,35319.3,-0.00017599,4.2e-07,2.1e-07,2.1e-07,-4.37875e-05,0.0001,0.1825741858378315,-0.0108891851509529,-0.0265247264588879,-0.0001137175,0.185468094834182,-1.0889185150952942e-06
2022-01-10 00:00:00+00:00,0.0001,0.0001,3.0,70829.73,35414.87,2.1e-07,-0.00030426,-0.00055552,-0.00055552,-0.0003537725,0.0001,0.1825741858378282,0.0027020905144112,-0.0521497076165236,-0.00012077,-2.334439047934377,2.702090514411282e-07
2022-01-11 00:00:00+00:00,3.464333333333334e-05,0.0001,3.0,70900.82,35450.41,-0.00055552,-0.00021962,-0.00037338,-0.00021962,-0.000342035,9.066333333333328e-05,-5.008113895017213,0.0010031712423579,-0.0534916336078818,-0.0001394089285714,-2.0020269379349407,3.4753195739420124e-08
2022-01-12 00:00:00+00:00,9.014666666666668e-05,0.0001,3.0,68956.36,34478.18,-0.00021962,-0.00049401,-0.00091896,-0.00091896,-0.0006378875,8.925571428571423e-05,-0.5278286240845305,-0.0278081583169687,-0.0798854944430527,-0.0002268935714285,-3.324640423468879,-2.506812778413672e-06
2022-01-13 00:00:00+00:00,1.0556666666666668e-05,4.71e-06,3.0,72085.12,36042.56,-0.00091896,-0.00019,-0.00031757,-0.00031757,-0.000436025,7.647809523809517e-05,-4.1435229395363615,0.044373802224312,0.052776033286829,-0.0002892203571428,-1.8841817067162567,4.684394388146546e-07
2022-01-14 00:00:00+00:00,4.8893333333333335e-05,0.0001,3.0,70626.82,35313.41,-0.00031757,4.2e-07,-0.00012475,-0.00012475,-0.0001416624999999,6.91771428571428e-05,-2.040748011704306,-0.0204376839178035,0.0291209228627717,-0.0003045057142857,-0.1681050931294006,-9.992664923544743e-07
2022-01-15 00:00:00+00:00,0.0001,0.0001,3.0,70929.71,35464.86,-0.00012475,-0.00065568,-0.00066801,-0.00066801,-0.0005291125,6.917714285714279e-05,0.3342177184580106,0.0042794276215705,-0.0067765357830733,-0.0003548975,-2.1816016406036627,4.27942762157052e-07
2022-01-16 00:00:00+00:00,0.0001,0.0001,3.0,71713.13,35856.57,-0.00066801,-0.00075678,-0.00080155,-0.00075678,-0.00074578,6.917714285714279e-05,0.3342177184580099,0.0109844683010678,0.0150971176689473,-0.0004551821428571,-2.773226323310746,1.0984468301067808e-06
2022-01-17 00:00:00+00:00,8.682666666666667e-05,9.135e-05,3.0,75296.17,37648.09,-0.00075678,-0.0003704,-0.00057959,-0.00057959,-0.00057159,6.729523809523804e-05,-0.2577599507130764,0.0487554153297491,0.0611504424842852,-0.0004862989285714,-1.7904701096253544,4.2332701950310185e-06
2022-01-18 00:00:00+00:00,2.831333333333333e-05,3.345e-05,3.0,74265.62,37132.81,-0.00057959,-0.00018981,-0.00056795,-0.00056795,-0.000476325,6.639095238095232e-05,-2.5261800193553547,-0.0137811443700233,0.046366126871904,-0.0005054832142857,-1.276637056397657,-3.901901342632601e-07
2022-01-19 00:00:00+00:00,7.927666666666667e-05,0.0001,3.0,76909.61,38454.81,-0.00056795,4.2e-07,-0.00060651,-0.00060651,-0.0004451374999999,6.483809523809518e-05,-0.4101444359156978,0.0349827102656234,0.1091569954544962,-0.0004779475,-1.068387578346991,2.773312660824412e-06
2022-01-20 00:00:00+00:00,0.0001,0.0001,3.0,72114.94,36057.47,-0.00060651,6.391e-05,2.1e-07,2.1e-07,-0.0001355449999999,7.761571428571423e-05,0.4388022468352182,-0.0643696011633689,0.0004135920668151,-0.0004350217857142,0.2673312871872599,-6.436960116336899e-06
2022-01-21 00:00:00+00:00,0.0001,0.0001,3.0,76032.5,38016.25,2.1e-07,2.1e-07,-0.00011829,2.1e-07,-2.9415e-05,8.491666666666661e-05,0.4388022468352177,0.0528996454262635,0.0737509214108822,-0.0004189864285714,0.7293545261829405,5.289964542626358e-06
2022-01-22 00:00:00+00:00,0.0001,0.0001,3.0,75736.73,37868.37,2.1e-07,4.2e-07,2.1e-07,2.1e-07,2.625000000000001e-07,8.491666666666661e-05,0.4388022468352177,-0.0038976329317019,0.0655738608576097,-0.0003433614285714,0.8599535404128418,-3.8976329317019777e-07
2022-01-23 00:00:00+00:00,0.0001,0.0001,3.0,67551.21,33775.61,2.1e-07,-5.758e-05,-0.00040715,-5.758e-05,-0.000130525,8.491666666666661e-05,0.4388022468352177,-0.1143772706221835,-0.0597878780656415,-0.0002554678571428,0.3500405267555328,-1.143772706221835e-05
2022-01-24 00:00:00+00:00,0.0001,0.0001,3.0,67864.56,33932.28,-5.758e-05,-1.4e-07,-2.8e-07,-1.4e-07,-1.4535e-05,8.679857142857136e-05,0.4388022468352177,0.0046279773660327,-0.103915316029358,-0.0001758885714285,0.8544499921708684,4.62797736603271e-07
2022-01-25 00:00:00+00:00,6.050000000000002e-06,-1.4e-05,3.0,67406.57,33703.29,-1.4e-07,-0.00048885,-0.0006189,-0.0006189,-0.0004316975,8.361809523809519e-05,-2.7962661858063167,-0.0067714633566797,-0.0969056350160144,-0.0001695132142857,-0.9392936823477288,-4.096735330791265e-08
2022-01-26 00:00:00+00:00,7.893333333333333e-05,0.0001,3.0,71927.75999999,35963.88,-0.0006189,-0.0002847,-0.00093109,-0.00093109,-0.000691445,8.356904761904755e-05,-0.2283793974333108,0.0649197910943417,-0.0669685541872961,-0.0002047,-1.894859748539579,5.124335510380043e-06
2022-01-27 00:00:00+00:00,-8.294666666666667e-05,-2.516e-05,3.0,77076.81,38538.41,-0.00093109,-0.00067213,-0.00076521,-0.00067213,-0.00076014,5.743380952380946e-05,-3.882550994706788,0.069140175109565,0.0665412220856378,-0.0002939278571428,-1.967425470675224,-5.734947058088056e-06
2022-01-28 00:00:00+00:00,-4.856666666666667e-05,-0.00010449,3.0,71595.78,35797.89,-0.00067213,-0.00094191,-0.00101849,-0.00101849,-0.000912755,3.620999999999994e-05,-2.580024976573452,-0.0737663234341585,-0.0601247467747843,-0.0004201192857142,-2.2679515175851286,3.582584441452301e-06
2022-01-29 00:00:00+00:00,2.707e-05,2.271e-05,3.0,69672.91,34836.46,-0.00101849,-0.00024401,-0.00062105,-0.00062105,-0.00062615,2.5791428571428503e-05,-0.932195079072891,-0.0272245571759714,-0.0834516710190538,-0.0005096067857142,-1.130134177680523,-7.369687627535484e-07
2022-01-30 00:00:00+00:00,5.863e-05,0.0001,3.0,73704.33,36852.17,-0.00062105,-0.00052019,-0.00069868,-0.00052019,-0.0005900275,1.9881428571428507e-05,-0.2496139627962653,0.0562499726593443,0.087175572262474,-0.00057525,-0.9346655474180628,3.297935897017362e-06
2022-01-31 00:00:00+00:00,-7.068e-05,-2.573e-05,3.0,82724.48,41362.24,-0.00052019,-0.00034249,-0.0003571,-0.0003571,-0.00039422,-4.501428571428634e-06,-2.508127511207683,0.1154540187354022,0.1980016136318436,-0.0006294907142857,-0.1778142737547922,-8.160290044218233e-06
2022-02-01 00:00:00+00:00,3.361333333333333e-05,9.63e-05,3.0,80201.57,40100.79,-0.0003571,-0.00029224,-0.00073619,-0.00029224,-0.0004194424999999,-5.638095238095868e-07,-0.5391860536186964,-0.0309724771602333,0.1738005998282901,-0.00062774,-0.2472858501815586,-1.0410881989459762e-06
2022-02-02 00:00:00+00:00,-4.249999999999999e-06,-9.087e-05,3.0,75335.00999999,37667.51,-0.00029224,-0.00030909,-0.00035222,-0.00035222,-0.0003264425,-1.244714285714292e-05,-1.1582505515632326,-0.0625981237471755,0.0462826849867727,-0.0005755967857142,0.1053313675526755,2.6604202592549605e-07
2022-02-03 00:00:00+00:00,-7.846666666666669e-06,0.0001,3.0,77139.14,38569.57,-0.00035222,-0.00088643,-0.00115119,-0.00115119,-0.0008852574999999,-1.7185714285714913e-06,-1.142345504431291,0.0236658371633424,0.0008083470405502,-0.0005934707142857,-1.807399741180943,-1.8569793560836066e-07
2022-02-04 00:00:00+00:00,-5.601666666666666e-05,-3.15e-06,3.0,87709.77,43854.89,-0.00115119,4.2e-07,2.1e-07,2.1e-07,-0.0002875874999999,-2.7828571428572044e-06,-1.8198431480337025,0.1284224915250114,0.2029971619997201,-0.0005041610714285,0.3578683679924976,-7.1937999002593874e-06
2022-02-05 00:00:00+00:00,0.0001,0.0001,3.0,76857.67999999,38428.84,2.1e-07,4.2e-07,-8.736e-05,-8.736e-05,-4.35225e-05,7.635714285714225e-06,0.8476747406022964,-0.1320778957523867,0.0981438234233049,-0.0004209285714285,1.2633976356294587,-1.3207789575238673e-05
2022-02-06 00:00:00+00:00,0.0001,0.0001,3.0,84165.45,42082.73,-8.736e-05,4.2e-07,-7.383e-05,-7.383e-05,-5.865e-05,1.3545714285714226e-05,0.8476747406022964,0.090829104567776,0.1327229553317366,-0.0003450175,1.21535054710439,9.082910456777604e-06
2022-02-07 00:00:00+00:00,0.0001,0.0001,3.0,83868.06,41934.03,-7.383e-05,-0.00039873,-0.00054521,-0.00039873,-0.0003541249999999,3.7928571428571365e-05,0.8476747406022965,-0.0035396548046122,0.013729281791722,-0.0003392896428571,0.1480600657380462,-3.539654804612269e-07
2022-02-08 00:00:00+00:00,6.855e-05,3.856e-05,3.0,81473.75999999,40736.88,-0.00039873,1.9e-07,-0.00018003,1.9e-07,-0.000144595,4.291952380952375e-05,0.3315106875159512,-0.0289638444774329,0.0157379144745224,-0.0003000257142857,0.9563497813595006,-1.985471538928028e-06
2022-02-09 00:00:00+00:00,6.594666666666668e-05,6.776e-05,3.0,84164.12,42082.06,1.9e-07,-0.00036232,-0.00037778,-0.00036232,-0.0002755575,5.294761904761899e-05,0.3098672639680775,0.0324876969485625,0.1108237351702605,-0.0002927564285714,0.4491963281020339,2.14245532143454e-06
2022-02-10 00:00:00+00:00,4.6143333333333336e-05,-6.157e-05,3.0,83169.66,41584.83,-0.00036232,-0.00090037,-0.00114505,-0.00090037,-0.0008270275,6.066047619047613e-05,-0.0434047761838638,-0.0118860843040611,0.0752718137028569,-0.0002844378571428,-1.5073635751042096,-5.484635500703941e-07
2022-02-11 00:00:00+00:00,-6.646333333333332e-05,-3.454e-05,3.0,84368.17999999,42184.09,-0.00090037,-0.00065347,-0.00067691,-0.00065347,-0.000721055,5.916809523809518e-05,-1.8238256327760252,0.014307698436319,-0.0388429793858353,-0.0003463617857142,-1.1025826543647703,-9.509373304058864e-07
2022-02-12 00:00:00+00:00,2.8566666666666665e-05,0.0001,3.0,80559.64,40279.82,-0.00065347,-0.00014826,-0.00025838,-0.00014826,-0.0003020924999999,4.896333333333328e-05,-0.2572931563505153,-0.0461925366146989,0.0470423797518524,-0.0003833003571428,0.3824472881811858,-1.3195667959598988e-06
2022-02-13 00:00:00+00:00,0.0001,0.0001,3.0,82612.85,41306.43,-0.00014826,-0.00027855,-0.00038559,-0.00027855,-0.0002727375,4.896333333333328e-05,0.8922434029520628,0.0251674577532377,-0.0186192670626859,-0.0004138842857142,0.5090869143554949,2.51674577532377e-06
2022-02-14 00:00:00+00:00,8.694333333333333e-05,6.083e-05,3.0,81592.55,40796.28,-0.00027855,4.2e-07,-0.00069046,-0.00069046,-0.0004147625,4.7098095238095176e-05,0.6888627755103947,-0.012427278652149,-0.0275068909102227,-0.0004225467857142,-0.0187562538545434,-1.0804690302800163e-06
2022-02-15 00:00:00+00:00,0.0001,0.0001,3.0,82674.78,41337.39,-0.00069046,-0.00084685,-0.00091123,-0.00091123,-0.0008399424999999,5.1590952380952326e-05,0.9046891315534664,0.0131766390597967,0.0146335926270069,-0.0005218821428571,-1.5261891588164511,1.3176639059796717e-06
2022-02-16 00:00:00+00:00,5.867333333333334e-05,-1.226e-05,3.0,84842.31,42421.16,-0.00091123,-3.4e-07,-6.9e-07,-3.4e-07,-0.00022815,5.0551904761904703e-05,0.238850318690817,0.0258797592063455,0.0080256548847899,-0.0005151096428571,0.6178602862052742,1.518451738500315e-06
2022-02-17 00:00:00+00:00,1.171666666666667e-05,0.0001,3.0,84468.3,42234.15,-3.4e-07,-7.139e-05,-0.00022266,-7.139e-05,-9.1445e-05,4.5633809523809465e-05,-0.5319224325512261,-0.00441804100004,0.0154936981888109,-0.0004100264285714,1.0405859261102235,-5.1764713717136096e-08
2022-02-18 00:00:00+00:00,0.0001,0.0001,3.0,82861.50999999,41430.76,-7.139e-05,2.1e-07,-0.00014718,2.1e-07,-5.45375e-05,6.941428571428566e-05,0.913162261528674,-0.0192056560559237,-0.0180196563034318,-0.0003148096428571,1.1004967640329562,-1.920565605592373e-06
2022-02-19 00:00:00+00:00,7.005666666666666e-05,2.546e-05,3.0,91003.05,45501.53,2.1e-07,4.1e-07,-3.373e-05,-3.373e-05,-1.671e-05,7.53414285714285e-05,0.4422821397347017,0.0937223624460799,0.1218952427573469,-0.0002740407142857,1.1995707493890566,6.565876305097537e-06
2022-02-20 00:00:00+00:00,9.968e-05,0.0001,3.0,83475.13,41737.57,-3.373e-05,-0.00010023,-0.00037909,-0.00037909,-0.000223035,7.529571428571422e-05,0.9354336326173758,-0.0863442792576965,0.0103835057464127,-0.0002669403571428,0.5339731451129396,-8.606797756407187e-06
2022-02-21 00:00:00+00:00,0.0001,0.0001,3.0,82985.78999999,41492.9,-0.00037909,-0.0004261,-0.0006188,-0.0004261,-0.0004625225,7.716095238095233e-05,0.940758060828701,-0.0058793548610243,0.0169314295375375,-0.0002737632142857,-0.2457472787768744,-5.87935486102431e-07
2022-02-22 00:00:00+00:00,0.0001,0.0001,3.0,81260.66,40630.33,-0.0004261,4.2e-07,2.1e-07,2.1e-07,-0.000106315,7.716095238095233e-05,0.940758060828701,-0.0210073757161026,-0.0172525852383618,-0.0001689592857142,1.014061968800504,-2.1007375716102674e-06
2022-02-23 00:00:00+00:00,0.0001,0.0001,3.0,84128.92,42064.46,2.1e-07,-2.513e-05,-7.179e-05,-2.513e-05,-3.046e-05,8.306476190476185e-05,0.9407580608287012,0.034688371600799,-0.0084439728439082,-0.0001407178571428,1.2879707735673511,3.4688371600799072e-06
2022-02-24 00:00:00+00:00,9.407666666666668e-05,0.0001,3.0,85640.53,42820.27,-2.513e-05,-0.00064729,-0.00065048,-0.00064729,-0.0004925475,9.483047619047611e-05,0.7899762969001421,0.0178082681945248,0.0137823363506566,-0.0001980182142857,-0.3454663421322822,1.6753425108469168e-06
2022-02-25 00:00:00+00:00,-4.398999999999999e-05,-4.434e-05,3.0,85930.57,42965.29,-0.00064729,-0.00030867,-0.00049501,-0.00049501,-0.000486495,7.426047619047613e-05,-1.3868519805286097,0.0033809922101077,0.0363689846166881,-0.0002597264285714,-0.3544970503009592,-1.4872984732264174e-07
2022-02-26 00:00:00+00:00,5.257e-05,3.649e-05,3.0,88939.56,44469.78,-0.00049501,4.2e-07,-0.00011084,-0.00011084,-0.0001790675,7.17623809523809e-05,0.1000050512451665,0.0344173933056168,-0.0229359845237748,-0.0002829203571428,0.7020690501447868,1.80932236607628e-06
2022-02-27 00:00:00+00:00,0.0001,0.0001,3.0,82422.46,41211.23,-0.00011084,-0.00057647,-0.00070637,-0.00057647,-0.0004925375,7.180809523809519e-05,0.8703607042461923,-0.076099065325188,-0.0126907705912664,-0.0003214207142857,-0.547308673929323,-7.609906532518807e-06
2022-02-28 00:00:00+00:00,1.0070000000000009e-05,-0.00015607,3.0,82989.49,41494.75,-0.00057647,-0.00051674,-0.00089463,-0.00089463,-0.0007206175,5.896095238095232e-05,-0.737552316074004,0.0068560006830207,4.458495277859242e-05,-0.0003582914285714,-1.4187664872150478,6.903992687801876e-08
2022-03-01 00:00:00+00:00,-5.452999999999999e-05,-0.0001346,3.0,88732.1,44366.05,-0.00089463,-8.55e-05,-0.00029295,-0.00029295,-0.0003915075,3.6885238095238034e-05,-1.7286928879379428,0.0669077445997281,0.0879597052686094,-0.0003990332142857,-0.1591039574706817,-3.648479313023175e-06
2022-03-02 00:00:00+00:00,0.0001,0.0001,3.0,78610.2,39305.1,-0.00029295,-0.00049546,-0.00052419,-0.00049546,-0.000452015,3.6885238095238034e-05,0.847611945700275,-0.1211202558644881,-0.0678489221966778,-0.0004592553571428,-0.3908104264983962,-1.2112025586448816e-05
2022-03-03 00:00:00+00:00,0.0001,0.0001,3.0,81797.47,40898.74,-0.00049546,-0.00047342,-0.00062284,-0.00047342,-0.000516285,3.773142857142852e-05,0.8001062835755997,0.0397448520270327,-0.0459123383641699,-0.0004626464285714,-0.6289081614373073,3.974485202703271e-06
2022-03-04 00:00:00+00:00,0.0001,0.0001,3.0,76572.62,38286.31,-0.00047342,-0.00040718,-0.00042494,-0.00040718,-0.00042818,5.830142857142852e-05,0.7458131163620605,-0.0660067424391019,-0.1153000730133797,-0.0004543157142857,-0.2683088633736461,-6.600674243910199e-06
2022-03-05 00:00:00+00:00,8.511e-05,5.533e-05,3.0,84772.47,42386.24,-0.00040718,-0.00063943,-0.00086786,-0.00063943,-0.000638475,6.294999999999994e-05,0.4300708370888617,0.1017312722665177,-0.0479861940524788,-0.0005199453571428,-1.193605501725452,8.65834858260333e-06
2022-03-06 00:00:00+00:00,-0.00010715,-0.00023502,3.0,92886.18,46443.09,-0.00063943,-0.00023893,-0.00050002,-0.00023893,-0.0004043274999999,3.33571428571428e-05,-2.8638456377108064,0.0914040287813691,0.1195169000540783,-0.0005073439285714,-0.2027782015921232,-9.7939416839237e-06
2022-03-07 00:00:00+00:00,-8.792000000000001e-05,-4.606e-05,3.0,94343.33,47171.67,-0.00023893,-0.00046427,-0.00060056,-0.00046427,-0.0004420074999999,1.9358571428571365e-05,-2.221924743328331,0.0155657024481516,0.1282266018192093,-0.0004675425,-0.3134585270875367,-1.3685365592414974e-06
2022-03-08 00:00:00+00:00,-7.107333333333334e-05,-0.00014773,3.0,97999.17,48999.59,-0.00046427,-0.00061244,-0.00066052,-0.00061244,-0.0005874175,1.6995238095238033e-05,-1.7769243746577117,0.0380184341549814,0.0993372913744625,-0.0004955296428571,-0.87780594210693,-2.7020968435083786e-06
2022-03-09 00:00:00+00:00,5.336e-05,0.0001,3.0,91711.45,45855.73,-0.00061244,4.2e-07,2.1e-07,2.1e-07,-0.0001528999999999,1.0332380952380886e-05,0.1005765358663032,-0.0663117740934211,0.1541457731455295,-0.0004527989285714,0.975154295802816,-3.5383962656249525e-06
2022-03-10 00:00:00+00:00,0.0001,0.0001,3.0,89289.16,44644.58,2.1e-07,-5.297e-05,-6.21e-05,-6.21e-05,-4.424e-05,1.0332380952380888e-05,0.7797344208590079,-0.0267671432170928,0.087633777901404,-0.0003853639285714,1.4024804177393415,-2.676714321709284e-06
2022-03-11 00:00:00+00:00,0.0001,0.0001,3.0,87212.99,43606.5,-6.21e-05,-0.00013912,-0.00018382,-0.00013912,-0.00013104,1.0332380952380888e-05,0.7559837233046967,-0.0235268042262095,0.1301137161142964,-0.0003429153571428,1.000698048185299,-2.3526804226209563e-06
2022-03-12 00:00:00+00:00,5.8966666666666666e-05,-1.171e-05,3.0,76505.0,38252.5,-0.00013912,-0.00012368,-0.00029289,-0.00012368,-0.0001698425,6.597619047618983e-06,0.1430202986721661,-0.1309971895364512,-0.1026147456886725,-0.0002759678571428,0.7922155448599925,-7.724467609666074e-06
2022-03-13 00:00:00+00:00,8.186333333333333e-05,4.559e-05,3.0,79597.46,39798.73,-0.00012368,-0.0002898,-0.00054254,-0.00054254,-0.00037464,3.3599523809523745e-05,0.4300352471449883,0.0396260846197016,-0.15439268985034,-0.0002717267857142,-0.1684631308825104,3.243923373917508e-06
2022-03-14 00:00:00+00:00,0.0001,0.0001,3.0,83893.98,41946.99,-0.00054254,-0.0004735,-0.00071424,-0.0004735,-0.000550945,6.044523809523804e-05,0.6717112437197225,0.0525716760195624,-0.1173867162789292,-0.0002872892857142,-0.93149635599305,5.257167601956248e-06
2022-03-15 00:00:00+00:00,0.0001,0.0001,3.0,89191.5,44595.75,-0.0004735,-7.698e-05,-0.00016381,-7.698e-05,-0.0001978175,8.488428571428565e-05,0.6717112437197225,0.0612318847525816,-0.094173265681329,-0.0002316321428571,0.6623387142621251,6.123188475258168e-06
2022-03-16 00:00:00+00:00,8.887666666666668e-05,6.663e-05,3.0,84313.12,42156.56,-7.698e-05,-0.00020206,-0.00039687,-0.00039687,-0.000268195,8.995809523809518e-05,0.4982503937652754,-0.0562482560294288,-0.0841097476173367,-0.0002481028571428,0.32138653347837,-4.999157501708871e-06
2022-03-17 00:00:00+00:00,9.058e-05,0.0001,3.0,87498.83,43749.42,-0.00039687,-0.00028277,-0.00039961,-0.00028277,-0.0003405049999999,8.86123809523809e-05,0.5310715558112906,0.0370879343094063,-0.0202546700908374,-0.0002904264285714,-0.0902934836213183,3.35942508974603e-06
2022-03-18 00:00:00+00:00,9.277666666666668e-05,0.0001,3.0,95009.67,47504.84,-0.00028277,-0.00093618,-0.00095586,-0.00093618,-0.0007777475,8.758047619047613e-05,0.5446305998529323,0.0823532540484279,0.0856253881838,-0.0003828132142857,-2.030881653414781,7.64046039976632e-06
2022-03-19 00:00:00+00:00,-5.337333333333335e-05,-3.593e-05,3.0,107820.04,53910.02,-0.00093618,-5.937e-05,-8.854e-05,-8.854e-05,-0.0002931575,7.153190476190471e-05,-1.6130026046164876,0.1264848651181118,0.3431074428383631,-0.0004004296428571,0.258727444318237,-6.750918867570692e-06
2022-03-20 00:00:00+00:00,-2.633e-05,0.0001,3.0,106826.24,53413.12,-8.854e-05,-0.00015618,-0.00056579,-0.00056579,-0.000344075,5.607571428571423e-05,-1.1315875513655267,-0.009259951779704,0.2942214064389574,-0.0003960632142857,0.0646649838811701,2.438145303596081e-07
2022-03-21 00:00:00+00:00,9.191333333333332e-05,0.0001,3.0,104961.5,52480.75,-0.00056579,-0.00056533,-0.00058091,-0.00056533,-0.00056934,5.4920476190476126e-05,0.5825953829538402,-0.017609972980237,0.2240397574391579,-0.0003986910714285,-0.9896350276879604,-1.6185913165235198e-06
2022-03-22 00:00:00+00:00,0.0001,0.0001,3.0,99624.13,49812.07,-0.00056533,-0.00045433,-0.00051228,-0.00051228,-0.000511055,5.4920476190476126e-05,0.6999547976444405,-0.0521892119277538,0.1106186607588224,-0.0004434392857142,-0.6450939172598886,-5.218921192775383e-06
2022-03-23 00:00:00+00:00,7.122e-05,0.0001,3.0,100269.91,50134.96,-0.00051228,-0.00062816,-0.00063796,-0.00063796,-0.0006040899999999,5.2398095238095177e-05,0.297588600973647,0.0064612456344441,0.1733281624226954,-0.0004914242857142,-1.0778437194585484,4.601699140851137e-07
2022-03-24 00:00:00+00:00,7.199333333333333e-05,1.598e-05,3.0,98365.47,49182.74,-0.00063796,-0.00014159,-0.00036786,-0.00014159,-0.00032225,4.974285714285709e-05,0.3249898235037246,-0.0191758221197755,0.1170644059935135,-0.0004888164285714,0.3902637282110225,-1.3805313538097064e-06
2022-03-25 00:00:00+00:00,1.0426666666666671e-05,0.0001,3.0,99794.09,49897.05,-0.00014159,4.2e-07,-8.811e-05,-8.811e-05,-7.934749999999999e-05,3.7978571428571366e-05,-0.5418088031354392,0.0144191352879499,0.0491302872330354,-0.000389045,1.691584273983996,1.503435172690245e-07
2022-03-26 00:00:00+00:00,0.0001,0.0001,3.0,101690.81,50845.41,-8.811e-05,-0.00013388,-0.00042884,-0.00042884,-0.0002699175,5.988904761904756e-05,0.7811645176260602,0.0188279720292534,-0.0585266058558229,-0.0003857249999999,0.6411205858725079,1.882797202925346e-06
2022-03-27 00:00:00+00:00,0.0001,0.0001,3.0,97615.53,48807.77,-0.00042884,-0.00033125,-0.00048651,-0.00033125,-0.0003944625,7.793619047619041e-05,0.7274292748471665,-0.0409003355428723,-0.0901669896189911,-0.0003929232142857,-0.0328627731857045,-4.090033554287232e-06
2022-03-28 00:00:00+00:00,1.3066666666666668e-05,-4.939e-05,3.0,97568.21,48784.11,-0.00033125,-0.00019953,-0.00024565,-0.00019953,-0.00024399,6.667238095238089e-05,-0.5662200508491313,-0.0004848764648848,-0.0730418931036389,-0.0003464446428571,0.7855935716159458,-6.335719141161652e-09
2022-03-29 00:00:00+00:00,6.362333333333333e-05,0.0001,3.0,93672.42,46836.21,-0.00019953,-1.183e-05,-0.00018519,-0.00018519,-0.000145435,6.147571428571422e-05,0.2154364534076463,-0.0407479208817243,-0.0616006020576094,-0.0002942132142857,1.2248354952448224,-2.5925185528982388e-06
2022-03-30 00:00:00+00:00,8.977666666666667e-05,0.0001,3.0,88075.22,44037.61,-0.00018519,-1.553e-05,-0.00017853,-0.00017853,-0.000139445,6.41266666666666e-05,0.5728709295529634,-0.0616125801715199,-0.1296744278635735,-0.0002278353571428,1.1954553347368178,-5.531372072531822e-06
2022-03-31 00:00:00+00:00,8.608333333333334e-05,0.0001,3.0,96283.95,48141.98,-0.00017853,-0.00012455,-0.00025547,-0.00012455,-0.000170775,6.613952380952375e-05,0.4660975973632725,0.0891104161516658,-0.0213881895921321,-0.0002061960714285,0.9691488624188994,7.6709216570559e-06
2022-04-01 00:00:00+00:00,0.0001,0.0001,3.0,94105.96,47052.98,-0.00012455,7.898e-05,4.2e-07,7.898e-05,8.457500000000005e-06,7.893571428571424e-05,0.6875537625362719,-0.0228802567856778,-0.0586875816657599,-0.0001936525,1.7501387607086367,-2.2880256785677845e-06
2022-04-02 00:00:00+00:00,0.0001,0.0001,3.0,100653.75,50326.88,7.898e-05,4.2e-07,-3.946e-05,-3.946e-05,1.2000000000000224e-07,7.893571428571422e-05,0.687553762536272,0.0672650277545852,-0.0102505259404281,-0.0001550757142857,1.571004796389147,6.72650277545852e-06
2022-04-03 00:00:00+00:00,0.0001,0.0001,3.0,95267.13,47633.57,-3.946e-05,4.2e-07,2.1e-07,2.1e-07,-9.655e-06,7.893571428571422e-05,0.687553762536272,-0.0550015688591205,-0.0243517592566764,-0.0001001032142857,1.4091344637409169,-5.500156885912056e-06
2022-04-04 00:00:00+00:00,0.0001,0.0001,3.0,99133.04,49566.52,2.1e-07,4.2e-07,-0.00014476,-0.00014476,-7.22225e-05,9.135476190476184e-05,0.6765389162003973,0.0397779460189919,0.0159110632272003,-7.5565e-05,1.0492191652442353,3.977794601899199e-06
2022-04-05 00:00:00+00:00,8.792666666666668e-05,6.378e-05,3.0,98277.37,49138.69,-0.00014476,-6.691e-05,-8.093e-05,-8.093e-05,-9.33825e-05,9.48266666666666e-05,0.4376048731024969,-0.0086689993576047,0.0479899847513198,-6.812892857142857e-05,0.8876157250358673,-7.622362168496639e-07
2022-04-06 00:00:00+00:00,0.0001,0.0001,3.0,98866.01,49433.01,-8.093e-05,-0.00053312,-0.00053474,-0.00053474,-0.0004208825,9.62871428571428e-05,0.630900777069082,0.0059717120534994,0.1155742769763392,-0.0001083342857142,-0.7062209425392123,5.971712053499445e-07
2022-04-07 00:00:00+00:00,2.6920000000000003e-05,-0.00011924,3.0,106294.95,53147.48,-0.00053474,-0.00032453,-0.00054733,-0.00054733,-0.0004884825,8.783523809523804e-05,-1.1532304722965128,0.072452278092248,0.0989161389169215,-0.0001537210714285,-1.0741559106929637,1.9504153262433186e-06
2022-04-08 00:00:00+00:00,0.0001,0.0001,3.0,98304.38,49152.19,-0.00054733,-0.00080915,-0.00090281,-0.00090281,-0.0007905249999999,8.783523809523804e-05,0.6227839788460611,-0.0781491935263254,0.0436472021762739,-0.0002678614285714,-2.249918184328594,-7.814919352632544e-06
2022-04-09 00:00:00+00:00,4.589666666666666e-05,6.724e-05,3.0,101398.97,50699.49,-0.00090281,-4.836e-05,-6.337e-05,-6.337e-05,-0.0002694775,8.010619047619041e-05,-0.6729068627668356,0.0309943496769875,0.0073765240986762,-0.0003063753571428,0.1466742046574853,1.4225373356748053e-06
2022-04-10 00:00:00+00:00,0.0001,0.0001,3.0,96900.88,48450.44,-6.337e-05,-0.00012202,-0.0001983,-0.00012202,-0.0001264275,8.010619047619041e-05,0.6667057929498484,-0.0453743329317326,0.0170037600260641,-0.0003230571428571,0.8082092876642177,-4.537433293173265e-06
2022-04-11 00:00:00+00:00,9.817666666666666e-05,9.453e-05,3.0,96864.45,48432.23,-0.00012202,-0.00089375,-0.00117196,-0.00089375,-0.00077037,7.984571428571424e-05,0.5868460003021027,-0.0003760218655148,-0.0231502078584426,-0.0004227925,-1.9475889594997136,-3.6916573350033135e-08
2022-04-12 00:00:00+00:00,5.5803333333333335e-05,9.007e-05,3.0,101006.9,50503.45,-0.00089375,-0.00037269,-0.00055459,-0.00037269,-0.00054843,7.525666666666661e-05,-0.4355029605172143,0.0418762528221368,0.0273950443212989,-0.0004877992857142,-0.9460359146125868,2.336834494984641e-06
2022-04-13 00:00:00+00:00,5.3370000000000006e-05,0.0001,3.0,99699.51,49849.76,-0.00037269,-0.00043684,-0.00049072,-0.00049072,-0.0004477425,6.859523809523803e-05,-0.4588862835494411,-0.0130280691279711,0.0083952631398283,-0.0004916364285714,-0.5370453432006461,-6.953080493598211e-07
2022-04-14 00:00:00+00:00,-6.811333333333334e-05,-0.00016488,3.0,97841.82,48920.91,-0.00049072,-0.00050971,-0.00062501,-0.00062501,-0.0005626125,5.501904761904756e-05,-2.8299994224138185,-0.0188086692067219,-0.0828656841591417,-0.0005022264285714,-0.9690248273746388,1.281121155233856e-06
2022-04-15 00:00:00+00:00,-1.0453333333333332e-05,-8.051e-05,3.0,95239.15,47619.58,-0.00062501,-0.00087297,-0.00088087,-0.00088087,-0.00081493,3.9239999999999936e-05,-1.4902517589734925,-0.0269609962474284,-0.0316774868802447,-0.0005057128571428,-1.8469953153972072,2.818322807731185e-07
2022-04-16 00:00:00+00:00,-3.563666666666667e-05,-9.66e-05,3.0,100053.48,50026.74,-0.00088087,-0.00063269,-0.0008872,-0.0008872,-0.00082199,2.7592380952380887e-05,-1.8102319476845368,0.0493137462762049,-0.0133580902810273,-0.0005846432142857,-1.7136071527053018,-1.757377538129692e-06
2022-04-17 00:00:00+00:00,-3.768e-05,-5.437e-05,3.0,96478.54,48239.27,-0.0008872,-0.0008738,-0.00089812,-0.00089812,-0.00088931,7.923809523809459e-06,-1.6868107930840677,-0.0363842428391461,-0.0043680001884407,-0.0006936264285714,-1.9065798435862904,1.370958270179025e-06
2022-04-18 00:00:00+00:00,-4.439333333333333e-05,-0.00027831,3.0,95457.18,47728.59,-0.00089812,-0.0002685,-0.0003938,-0.0002685,-0.00045723,-1.2443333333333396e-05,-1.8349633542503283,-0.010642830222066,-0.0146348085449918,-0.0006488921428571,-0.2892767728857263,4.724707096582511e-07
2022-04-19 00:00:00+00:00,-4.329999999999998e-06,-9.654e-05,3.0,94528.36,47264.18,-0.0002685,-0.00029983,-0.00031095,-0.00029983,-0.0002947775,-2.103380952380959e-05,-1.1281437660599731,-0.009777874675267,-0.0662889360423957,-0.0006126560714285,0.3047601981193907,4.233819734390622e-08
2022-04-20 00:00:00+00:00,7.546333333333334e-05,0.0001,3.0,91327.32,45663.66,-0.00029983,-0.00022139,-0.00026546,-0.00026546,-0.000263035,-1.787761904761911e-05,0.388500020633741,-0.0344499191606662,-0.0877107860750907,-0.0005862692857142,0.3867036386815426,-2.5997057329277403e-06
2022-04-21 00:00:00+00:00,-2.7236666666666663e-05,-0.00019279,3.0,93541.57,46770.79,-0.00026546,-0.00044772,-0.00057619,-0.00057619,-0.00046639,-1.20380952380953e-05,-1.441186539403839,0.0239559602839101,-0.0449461565844586,-0.0005725232142857,-0.3753057526576727,-6.524805049327652e-07
2022-04-22 00:00:00+00:00,1.753e-05,9.52e-06,3.0,89477.36,44738.68,-0.00057619,-0.00070823,-0.00078939,-0.00070823,-0.00069551,-8.040476190476252e-06,-0.5786151038241689,-0.0444203040333501,-0.0624054643703804,-0.0005554632142857,-1.2026230964676357,-7.786879297046286e-07
2022-04-23 00:00:00+00:00,3.051333333333333e-05,3.451e-05,3.0,98389.54,49194.77,-0.00070823,-0.00055127,-0.00065887,-0.00055127,-0.00061741,1.409523809523748e-06,-0.3144363376486718,0.0949488652079164,-0.0167703454386689,-0.0005262375,-0.8676075224921255,2.8972063737108907e-06
2022-04-24 00:00:00+00:00,-1.0296666666666666e-05,-0.00011081,3.0,101216.11,50608.06,-0.00055127,-0.00034223,-0.00053965,-0.00053965,-0.0004932,5.321428571428509e-06,-1.0426690813920978,0.028323436312478,0.0479373337129551,-0.0004696503571428,-0.3734329071830797,-2.9163698256414866e-07
2022-04-25 00:00:00+00:00,2.51e-05,2.485e-05,3.0,101576.39,50788.2,-0.00053965,-0.00019468,-0.00020614,-0.00019468,-0.0002837875,1.5249047619047558e-05,-0.3567203345776821,0.0035531923424159,0.0621333562774371,-0.0004448728571428,0.403737159685564,8.918512779463939e-08
2022-04-26 00:00:00+00:00,-5.966333333333333e-05,-0.00018573,3.0,103329.11,51664.56,-0.00019468,-3.5e-07,-6.9e-07,-3.5e-07,-4.90175e-05,7.344285714285653e-06,-1.75726686075129,0.0171080107583367,0.0890192417110409,-0.0004097642857142,1.1987952094060026,-1.0207209485449003e-06
2022-04-27 00:00:00+00:00,1.1213333333333337e-05,0.0001,3.0,100606.66,50303.33,-3.5e-07,-0.00050635,-0.00077591,-0.00077591,-0.00051463,-1.834285714285776e-06,-0.4941490600490249,-0.0267006787504673,0.0967684821212397,-0.0004457064285714,-0.4490160143807605,-2.994036110552405e-07
2022-04-28 00:00:00+00:00,-4.474333333333334e-05,-0.00024776,3.0,94127.57,47063.79,-0.00077591,-3.78e-05,-0.00018187,-3.78e-05,-0.000258345,-4.335238095238159e-06,-1.380885895954658,-0.0665674683934582,0.0062450534438713,-0.0004159857142857,0.4948246785428832,2.978450427484636e-06
2022-04-29 00:00:00+00:00,0.0001,0.0001,3.0,95623.91,47811.96,-3.78e-05,-5.516e-05,-0.00027861,-0.00027861,-0.000162545,7.446190476190413e-06,1.1011774783049473,0.0157719035247509,0.0664372610019725,-0.0003398478571428,0.8491499141553831,1.5771903524750998e-06
2022-04-30 00:00:00+00:00,0.0001,0.0001,3.0,95816.08,47908.04,-0.00027861,-0.00052915,-0.00065687,-0.00052915,-0.000498445,1.737285714285708e-05,1.0845468050249307,0.0020076271895561,-0.0265039770163877,-0.0003228528571428,-0.3423282728826671,2.0076271895561605e-07
2022-05-01 00:00:00+00:00,-1.1726666666666664e-05,-5.608e-05,3.0,102262.32,51131.16,-0.00052915,-0.00026432,-0.00055218,-0.00026432,-0.0004024925,1.7168571428571367e-05,-0.759137000022398,0.0651107560837687,0.0102833427549029,-0.0003098946428571,0.0653545216992415,-7.635321330089942e-07
2022-05-02 00:00:00+00:00,-0.0001150933333333,-0.00018161,3.0,103207.67,51603.84,-0.00026432,-0.00028762,-0.0004034,-0.00028762,-0.00031074,-2.859047619047683e-06,-2.2400027841798957,0.0092018953289176,0.0159320457414047,-0.000313745,0.4802744597439188,-1.0590768063895662e-06
2022-05-03 00:00:00+00:00,-6.135e-05,-7.234e-05,3.0,100220.05,50110.03,-0.00028762,-0.00034364,-0.00074382,-0.00074382,-0.000529725,-3.1000000000000648e-06,-1.2906371976678988,-0.0293749035572972,-0.0305508685742292,-0.0003824175,-0.350887049870046,1.8021503332401845e-06
2022-05-04 00:00:00+00:00,6.183000000000001e-05,2.759e-05,3.0,103208.36,51604.18,-0.00074382,-0.0005353,-0.00058882,-0.0005353,-0.0006008099999999,4.130952380952317e-06,0.700590152176666,0.0293815890845792,0.0255313992608172,-0.0003947289285714,-0.6021840985595689,1.8166636530995332e-06
2022-05-05 00:00:00+00:00,0.0001,0.0001,3.0,105334.56,52667.28,-0.0005353,-6.24e-06,-1.642e-05,-1.642e-05,-0.0001435949999999,2.480857142857137e-05,1.302467717020873,0.020391712902164,0.1124905805564395,-0.0003783360714285,1.4460002797911131,2.039171290216402e-06
2022-05-06 00:00:00+00:00,0.0001,0.0001,3.0,96320.16,48160.08,-1.642e-05,-0.00062589,-0.00066548,-0.00062589,-0.00048342,2.480857142857137e-05,1.302467717020873,-0.0894639277319129,0.0072547492997756,-0.0004241753571428,-0.0668121555602833,-8.946392773191293e-06
2022-05-07 00:00:00+00:00,4.444e-05,-6.668e-05,3.0,99104.44,49552.22,-0.00062589,-0.00010498,-0.00019083,-0.00010498,-0.00025667,1.687142857142851e-05,0.398255014346577,0.0284966008726694,0.0337437229828889,-0.0003896360714285,0.9016273600967866,1.2663889427814317e-06
2022-05-08 00:00:00+00:00,0.0001,0.0001,3.0,95651.58,47825.79,-0.00010498,2.1e-07,-0.00033919,2.1e-07,-0.0001109375,3.2832380952380894e-05,1.2897797100312245,-0.0354620292542975,-0.0668290623551772,-0.0003479853571428,1.446138247278596,-3.546202925429753e-06
2022-05-09 00:00:00+00:00,0.0001,0.0001,3.0,93889.05,46944.53,2.1e-07,4.2e-07,2.1e-07,2.1e-07,2.625000000000001e-07,6.355999999999994e-05,1.23024028865802,-0.0185984483112591,-0.094629405995354,-0.0003035564285714,1.802470301062694,-1.859844831125912e-06
2022-05-10 00:00:00+00:00,0.0001,0.0001,3.0,98296.21,49148.11,2.1e-07,-8.541e-05,-0.00025039,-0.00025039,-0.000146495,8.660999999999996e-05,1.2302402886580202,0.0458717049715051,-0.0193827974665516,-0.0002488092857142,1.1935199652088764,4.587170497150517e-06
2022-05-11 00:00:00+00:00,0.0001,0.0001,3.0,85640.55,42820.28,-0.00025039,4.2e-07,2.1e-07,2.1e-07,-6.23875e-05,9.206285714285709e-05,1.22782047298309,-0.1378265850338564,-0.1865909715849874,-0.0001718917857142,1.4473978375397312,-1.3782658503385647e-05
2022-05-12 00:00:00+00:00,0.0001,0.0001,3.0,85251.22,42625.61,2.1e-07,-9.005e-05,-0.00048211,-0.00048211,-0.000263515,9.206285714285709e-05,1.1805330910917604,-0.0045564590217939,-0.2115391435089453,-0.0001890232142857,0.561170974603911,-4.556459021793913e-07
2022-05-13 00:00:00+00:00,-8.738000000000001e-05,-0.00046214,3.0,90031.85,45015.93,-0.00048211,-4.4e-07,-0.00078733,-4.4e-07,-0.00031758,6.529428571428565e-05,-1.553616166013772,0.0545610697035829,-0.0675141460734494,-0.0001653317857142,0.3148172647667217,-4.767546270699082e-06
2022-05-14 00:00:00+00:00,-1.696333333333333e-05,6.227e-05,3.0,81022.55,40511.28,-4.4e-07,-0.00060209,-0.00086077,-0.00060209,-0.0005163475,5.652238095238089e-05,-0.5563989716424409,-0.1054359856257978,-0.2014467325719167,-0.0002024285714285,-0.5305141799097459,1.78854576949895e-06
2022-05-15 00:00:00+00:00,0.0001,0.0001,3.0,88068.34,44034.17,-0.00060209,-0.00021845,-0.00044965,-0.00044965,-0.00042996,5.652238095238089e-05,1.1279482734323032,0.0833855930071525,-0.0825991103104666,-0.0002480032142857,-0.2331728908258974,8.338559300715254e-06
2022-05-16 00:00:00+00:00,0.0001,0.0001,3.0,84489.42999999,42244.72,-0.00044965,2.1e-07,-0.00033162,2.1e-07,-0.0001952125,5.652238095238089e-05,1.0544261437328422,-0.0414866662152437,-0.1054873282144512,-0.0002759282142857,0.7757145499920085,-4.1486666215243775e-06
2022-05-17 00:00:00+00:00,0.0001,0.0001,3.0,85832.1,42916.05,2.1e-07,-0.00045403,-0.00059895,-0.00059895,-0.00041293,5.65223809523809e-05,0.9863560013130974,0.0157666246190473,-0.1355924085669091,-0.0003139903571428,-0.3909395290634989,1.5766624619047322e-06
2022-05-18 00:00:00+00:00,7.22e-05,1.66e-05,3.0,82623.16,41311.58,-0.00059895,-0.00029941,-0.00038724,-0.00029941,-0.0003962525,5.255095238095232e-05,0.5311642450855089,-0.0381030337654788,-0.0358688572985315,-0.0003616853571428,-0.3127863216620812,-2.751039037867573e-06
2022-05-19 00:00:00+00:00,8.314e-05,4.942e-05,3.0,81499.78999999,40749.9,-0.00029941,-0.00029162,-0.00058653,-0.00058653,-0.0004410225,5.014238095238089e-05,0.6504913685851904,-0.0136895850786711,-0.0450019833554087,-0.0003870435714285,-0.5293927590693345,-1.1381521034407176e-06
2022-05-20 00:00:00+00:00,-3.205666666666667e-05,-4.835e-05,3.0,96025.11,48012.56,-0.00058653,-0.00017367,-0.00023311,-0.00023311,-0.000306605,5.804571428571423e-05,-1.0024819543507233,0.16400927621007,0.0644462231510782,-0.0003854757142857,0.2130862922671414,-5.257590697707477e-06
2022-05-21 00:00:00+00:00,9.513333333333332e-05,0.0001,3.0,91281.61,45640.81,-0.00023311,-0.00013882,-0.00021748,-0.00021748,-0.0002017225,7.405952380952375e-05,0.8144835492855378,-0.0506603763312476,0.1192218324456284,-0.0003405292857142,0.7376075643803617,-4.819490468312693e-06
2022-05-22 00:00:00+00:00,6.765e-05,8.513e-05,3.0,96949.56,48474.78,-0.00021748,-0.00045233,-0.00048308,-0.00045233,-0.0004013049999999,6.943809523809518e-05,0.3830707632287093,0.060241499821414,0.0960777392598899,-0.0003364357142857,-0.4362571481056408,4.075337462918659e-06
2022-05-23 00:00:00+00:00,4.4210000000000005e-05,4.75e-06,3.0,93826.2,46913.1,-0.00045233,-0.00031689,-0.00031865,-0.00031865,-0.0003516299999999,6.146809523809518e-05,0.0298974043777937,-0.0327467085490145,0.1048176969261192,-0.0003587810714285,-0.2078574781852046,-1.4477319849519315e-06
2022-05-24 00:00:00+00:00,0.0001,0.0001,3.0,94701.06,47350.53,-0.00031865,-0.0007488,-0.00079617,-0.00079617,-0.0006649475,6.146809523809518e-05,0.7999432188016431,0.0092810586637241,0.098332130970796,-0.0003947835714285,-1.9973292442701829,9.281058663724196e-07
2022-05-25 00:00:00+00:00,4.937e-05,-5.42e-06,3.0,96263.18,48131.59,-0.00079617,-0.00056918,-0.00061969,-0.00061969,-0.0006511825,5.82066666666666e-05,0.0399089298771584,0.016360705486873,0.152795870223148,-0.0004312021428571,-1.7438178427818596,8.077280298869236e-07
2022-05-26 00:00:00+00:00,7.714333333333334e-05,0.0001,3.0,94129.05,47064.53,-0.00061969,-0.00027845,-0.00030945,-0.00027845,-0.0003715099999999,5.734999999999994e-05,0.4004962239635845,-0.0224191857752469,0.1440662695265722,-0.0004212717857142,-0.143512265203525,-1.729490721321799e-06
2022-05-27 00:00:00+00:00,0.0001,0.0001,3.0,97202.22,48601.11,-0.00027845,-4e-08,-0.00014592,-0.00014592,-0.0001425825,7.621523809523803e-05,0.7065628509512353,0.0321268376289172,0.0121838309454194,-0.0003978399999999,1.1061492644098476,3.212683762891721e-06
2022-05-28 00:00:00+00:00,4.975000000000001e-05,5.805e-05,3.0,97610.46,48805.23,-0.00014592,-7.844e-05,-0.00010367,-7.844e-05,-0.0001016175,6.97319047619047e-05,-0.1222833328623645,0.0041911090959239,0.0670353163725909,-0.0003835392857142,1.2778955487037515,2.0850767752221442e-07
2022-05-29 00:00:00+00:00,0.0001,0.0001,3.0,107877.3,53938.65,-7.844e-05,-0.00073071,-0.00075784,-0.00073071,-0.0005744249999999,7.435333333333328e-05,0.6869564465755024,0.1000098103419802,0.1068036268931571,-0.0004082707142857,-1.282122042140821,1.000098103419802e-05
2022-05-30 00:00:00+00:00,6.673333333333333e-05,0.0001,3.0,118805.33,59402.67,-0.00073071,-0.00050978,-0.00051629,-0.00051629,-0.0005682675,7.757095238095232e-05,0.1704317565454182,0.0964918010923394,0.2360421365345111,-0.0004392189285714,-1.2182360985254443,6.439219526228786e-06
2022-05-31 00:00:00+00:00,3.6853333333333335e-05,-4.053e-05,3.0,120337.44,60168.72,-0.00051629,-0.00051732,-0.00060787,-0.00051732,-0.0005396999999999,6.854999999999993e-05,-0.3477988966363088,0.0128135252642742,0.2395746031350611,-0.0004213264285714,-1.0196205912639784,4.722211177393875e-07
2022-06-01 00:00:00+00:00,5.679666666666668e-05,0.0001,3.0,118031.05,59015.53,-0.00051732,-0.00057895,-0.00064644,-0.00064644,-0.0005972874999999,6.961095238095232e-05,-0.133599385626317,-0.0193520710614798,0.2038618265867082,-0.0004136271428571,-1.2427680804127306,-1.0991331293885173e-06
2022-06-02 00:00:00+00:00,0.0001,0.0001,3.0,112607.75,56303.88,-0.00064644,-0.00066144,-0.00077457,-0.00077457,-0.000714255,7.287619047619041e-05,0.6841735834062519,-0.0470371843990111,0.179243827962944,-0.0004625907142857,-1.74458274077539,-4.703718439901117e-06
2022-06-03 00:00:00+00:00,5.818333333333333e-05,6.392e-05,3.0,118279.56,59139.78,-0.00077457,-0.0002073,-0.00021252,-0.00021252,-0.0003517275,6.690238095238089e-05,-0.2347782920397641,0.0491404339451087,0.1962574242791355,-0.0004924685714285,0.0278741004218406,2.859154248372908e-06
2022-06-04 00:00:00+00:00,9.463666666666667e-05,0.0001,3.0,113592.5,56796.25,-0.00021252,-0.00023599,-0.00038295,-0.00023599,-0.0002668625,7.331476190476184e-05,0.5737328289300527,-0.0404334920100843,0.1516328231731272,-0.000516075,0.4928862836209242,-3.826490905527687e-06
2022-06-05 00:00:00+00:00,0.0001,0.0001,3.0,120757.4,60378.7,-0.00023599,-0.00013041,-0.00018258,-0.00013041,-0.0001698475,7.331476190476184e-05,0.6921960019080647,0.0611660913180092,0.1127891041491562,-0.0004582782142857,0.9367316920993644,6.116609131800921e-06
2022-06-06 00:00:00+00:00,0.0001,0.0001,3.0,121871.9,60935.95,-0.00013041,-0.00034167,-0.00038709,-0.00038709,-0.000311565,7.80671428571428e-05,0.6496930303689908,0.0091869187982691,0.0254842218550859,-0.0004216064285714,0.2133818456357615,9.186918798269162e-07
2022-06-07 00:00:00+00:00,8.108333333333333e-05,4.325e-05,3.0,125101.0,62550.5,-0.00038709,2.9e-07,-6.483e-05,-6.483e-05,-0.0001291149999999,8.438571428571422e-05,0.248392295122146,0.0261509179489554,0.038821614539767,-0.0003629514285714,1.1687897803822835,2.120403597027801e-06
2022-06-08 00:00:00+00:00,5.343333333333333e-05,-9.22e-06,3.0,126075.58,63037.79,-6.483e-05,-0.00012149,-0.00040765,-0.00040765,-0.000250405,8.390523809523804e-05,-0.3323760182815267,0.0077601573424228,0.0659338429436697,-0.0003133967857142,0.6144076645622742,4.1465107399679467e-07
2022-06-09 00:00:00+00:00,9.356e-05,0.0001,3.0,119131.81,59565.91,-0.00040765,-0.00041255,-0.00047682,-0.00047682,-0.00044346,8.298523809523803e-05,0.5694911654383603,-0.0566510412064982,0.0563199861361827,-0.0002747117857142,-0.4067470296569646,-5.300271415279974e-06
2022-06-10 00:00:00+00:00,9.626e-05,8.878e-05,3.0,127416.01,63708.01,-0.00047682,-0.00019516,-0.0004103,-0.0004103,-0.0003731449999999,8.842476190476185e-05,0.6339460056044378,0.0672268752505989,0.0744064274416729,-0.0002777714285714,0.0522246999853429,6.471259011622649e-06
2022-06-11 00:00:00+00:00,0.0001,0.0001,3.0,136171.21,68085.61,-0.0004103,-6e-08,-0.00039001,-6e-08,-0.0002001075,8.91909523809523e-05,0.7178179748702768,0.0664555886158311,0.1812955080675884,-0.0002682349999999,1.063411942187586,6.645558861583112e-06
2022-06-12 00:00:00+00:00,-3.0046666666666668e-05,-3.21e-06,3.0,155391.84,77695.92,-6e-08,-0.00031098,-0.00058226,-0.00031098,-0.00030107,7.061285714285708e-05,-2.594848054749978,0.1320369358539697,0.2521663526035489,-0.0002869810714285,0.4618591955139617,-3.967269799292277e-06
2022-06-13 00:00:00+00:00,-4.864666666666667e-05,-0.00018475,3.0,160098.1,80049.05,-0.00031098,-0.00022363,-0.00084114,-0.00084114,-0.0005542225,4.937761904761898e-05,-2.8438364575679382,0.0298368254471306,0.2728162592524104,-0.0003216464285714,-1.0199152744947169,-1.451462101918081e-06
2022-06-14 00:00:00+00:00,6.561333333333333e-05,4.072e-05,3.0,168316.43,84158.22,-0.00084114,-0.00015738,-0.00067779,-0.00015738,-0.0004584224999999,4.716761904761898e-05,-0.0510241325654606,0.05005896737417,0.296724308677625,-0.0003686903571428,-0.4510601555832801,3.2845357126438768e-06
2022-06-15 00:00:00+00:00,8.854333333333333e-05,6.563e-05,3.0,165784.45,82892.23,-0.00015738,-0.00041755,-0.00067276,-0.00041755,-0.00041631,5.218333333333328e-05,0.5223213532048527,-0.0151572691168233,0.2738068822183788,-0.0003923910714285,-0.1646834265020426,-1.3420751318339297e-06
2022-06-16 00:00:00+00:00,3.964333333333334e-05,0.0001,3.0,150861.92,75430.96,-0.00041755,-0.00043977,-0.00070569,-0.00043977,-0.000500695,4.448095238095232e-05,-0.6343378535458336,-0.0943234692306536,0.2361344541942234,-0.0004005674999999,-0.6473802710733411,-3.739296731867211e-06
2022-06-17 00:00:00+00:00,4.883333333333334e-05,1.329e-05,3.0,145516.65,72758.33,-0.00043977,-0.00069947,-0.00087495,-0.00087495,-0.000722285,3.770571428571424e-05,-0.3870882683474121,-0.0360744683218978,0.1328331106217266,-0.0004504446428571,-1.7875891720897008,-1.7616365363860128e-06
2022-06-18 00:00:00+00:00,-1.7666666666666668e-05,-6.627e-05,3.0,168288.88,84144.44,-0.00087495,-0.00018923,-0.00034394,-0.00034394,-0.000438015,2.089619047619041e-05,-1.831300718011336,0.1453915134699919,0.2117690354758874,-0.0004844314285714,-0.1987311582856913,-2.568583404636524e-06
2022-06-19 00:00:00+00:00,-5.264e-05,-0.00023723,3.0,179858.28,89929.14,-0.00034394,-0.00015685,-0.00075486,-0.00075486,-0.0005026275,1.7668571428571363e-05,-2.529724897826128,0.0664871809229286,0.1462192805448463,-0.0005132253571428,-0.5236294569295513,-3.499885203782962e-06
2022-06-20 00:00:00+00:00,-0.0001807266666666,-0.00024002,3.0,195863.76,97931.88,-0.00075486,-5.733e-05,-0.00043365,-0.00043365,-0.0004198725,-1.2000000000000565e-06,-3.726195951723225,0.0852501080470649,0.2016325631447806,-0.0004940325,-0.0205812409700919,-1.5406967860319214e-05
2022-06-21 00:00:00+00:00,-1.745666666666666e-05,-0.00012696,3.0,203134.85,101567.43,-0.00043365,-0.00053921,-0.0006484,-0.0006484,-0.000567415,-1.3067142857142913e-05,-1.0391582511467474,0.0364507287217108,0.1880243244923214,-0.0005096028571428,-0.8245398681133423,-6.363082210519988e-07
2022-06-22 00:00:00+00:00,0.0001,0.0001,3.0,192793.1,96396.55,-0.0006484,-0.0001144,-0.00047844,-0.0001144,-0.00033891,-1.1430476190476244e-05,0.7751272478081894,-0.0522524510616957,0.150929142547449,-0.0004985457142857,0.4666300411132665,-5.225245106169574e-06
2022-06-23 00:00:00+00:00,6.371666666666667e-05,9.173e-05,3.0,178823.13,89411.57,-0.0001144,-0.00067225,-0.00068668,-0.00068668,-0.0005400025,-7.991428571428626e-06,0.2302830067393808,-0.0752203763653582,0.1700322354127443,-0.0005041610714285,-0.7127736647293553,-4.792791647412745e-06
2022-06-24 00:00:00+00:00,-3.0736666666666667e-05,-9.749e-05,3.0,179426.28,89713.14,-0.00068668,-0.00021303,-0.00049783,-0.00021303,-0.0004026425,-1.9358571428571484e-05,-1.184817107050187,0.0033672104017217,0.2094739141363639,-0.0004584978571428,0.037860076479683,-1.0349682371425329e-07
2022-06-25 00:00:00+00:00,-6.450000000000004e-06,-8.733e-05,3.0,189209.29,94604.65,-0.00021303,-0.00040514,-0.00050232,-0.00040514,-0.0003814075,-1.775619047619053e-05,-0.7641152869074899,0.0530893297016081,0.1171717303679802,-0.0004504110714285,0.1674574506965974,-3.4242617657537294e-07
2022-06-26 00:00:00+00:00,3.7476666666666666e-05,0.0001,3.0,174833.09,87416.55,-0.00040514,-0.00081714,-0.00087559,-0.00081714,-0.0007287525,-4.882380952381008e-06,-0.0630934280677204,-0.0790220095266978,-0.0283374600816461,-0.0004827146428571,-1.780832213721275,-2.961481510362211e-06
2022-06-27 00:00:00+00:00,-8.983e-05,1.664e-05,3.0,195584.37,97792.19,-0.00081714,-0.00074568,-0.0008926,-0.00074568,-0.0008002749999999,8.102857142857083e-06,-1.8378196405169052,0.1121600990668874,-0.0014274690618236,-0.0005370578571428,-2.049043547916137,-1.0075341699178497e-05
2022-06-28 00:00:00+00:00,-0.0001420533333333,-0.00014203,3.0,198778.1,99389.05,-0.00074568,-0.00020578,-0.00041284,-0.00020578,-0.00039252,-9.696666666666722e-06,-2.2724507145026225,0.016197280756069,-0.0216809170274654,-0.0005120728571428,0.3173519926521241,-2.300877722335466e-06
2022-06-29 00:00:00+00:00,9.496666666666668e-06,0.0001,3.0,213201.34,106600.67,-0.00020578,-0.00049211,-0.0005254,-0.00049211,-0.00042885,-2.262571428571434e-05,-0.2326452328570063,0.0700478502616608,0.1006193842958911,-0.0005249214285714,0.0750711182358181,6.652210846515724e-07
2022-06-30 00:00:00+00:00,6.336e-05,2.61e-05,3.0,196987.02,98493.51,-0.00049211,-0.00022981,-0.00047955,-0.00022981,-0.00035782,-2.2676666666666723e-05,0.472647451885089,-0.0790991392077913,0.096740621453458,-0.0004988953571428,0.4650129921038989,-5.011721460205659e-06
2022-07-01 00:00:00+00:00,-3.283333333333332e-06,-0.0001122,3.0,193283.63,96641.82,-0.00022981,-0.00018436,-0.00040868,-0.00018436,-0.0002518025,-1.875476190476196e-05,-0.3868281582740342,-0.0189791426292487,0.0743942684224876,-0.0004773467857142,1.0297483705927135,6.23148516326999e-08
2022-07-02 00:00:00+00:00,-9.356e-05,6.238e-05,3.0,200264.93,100132.47,-0.00018436,-2e-08,-0.00043421,-2e-08,-0.0001546525,-3.119904761904768e-05,-1.4681943169403957,0.0354824443601078,0.0567873830809873,-0.0004449532142857,1.5208169659638482,-3.319737494331689e-06
2022-07-03 00:00:00+00:00,1.743e-05,-3.792e-05,3.0,196456.09,98228.05,-2e-08,-0.00052927,-0.00056064,-0.00056064,-0.0004126425,-3.406285714285719e-05,-0.0074408635611617,-0.0192021941947544,0.1166071984129306,-0.0003997946428571,-0.0331593953826216,-3.346942448145699e-07
2022-07-04 00:00:00+00:00,6.984666666666666e-05,0.0001,3.0,219461.09,109730.55,-0.00056064,-0.00034917,-0.00035565,-0.00034917,-0.0004036575,-1.125190476190482e-05,0.6945885279786066,0.1107360045083662,0.1151831038544095,-0.000343135,0.0498737188744568,7.734540794894357e-06
2022-07-05 00:00:00+00:00,-9.635e-05,-0.00011853,3.0,228759.3,114379.65,-0.00034917,-0.00067561,-0.00095452,-0.00067561,-0.0006637275,-4.722857142857201e-06,-1.3910546790173517,0.041495408780058,0.1404812318783985,-0.0003818789285714,-1.4543825746340282,-3.998082635958596e-06
2022-07-06 00:00:00+00:00,-4.435666666666667e-05,6.601e-05,3.0,220280.98,110140.49,-0.00067561,-0.00068776,-0.00072252,-0.00068776,-0.0006934125,-1.2416190476190536e-05,-0.6634440764540299,-0.0377664457992885,0.0326669358174491,-0.0004196735714285,-1.5085043663627478,1.6751936475037764e-06
2022-07-07 00:00:00+00:00,5.153333333333334e-05,0.0001,3.0,233327.0,116663.5,-0.00068776,-0.00021703,-0.00042951,-0.00042951,-0.0004409525,-1.4105714285714345e-05,0.6243649782140672,0.0575369898821538,0.1693030649073943,-0.0004315496428571,0.0662750600319453,2.965072878593661e-06
2022-07-08 00:00:00+00:00,6.419333333333333e-05,-7.42e-06,3.0,216014.41,108007.21,-0.00042951,-0.00048203,-0.00053533,-0.00053533,-0.00049555,-4.4661904761905344e-06,0.7860239084076835,-0.0770957847278612,0.1111864228087817,-0.0004663707142857,-0.2368731060495521,-4.949035407630508e-06
2022-07-09 00:00:00+00:00,8.09e-05,4.27e-05,3.0,232330.88,116165.44,-0.00053533,-0.00052461,-0.00053267,-0.00052461,-0.000529305,2.045666666666661e-05,1.0207323374475676,0.0728174440738556,0.1485214225225295,-0.0005198925,-0.4384825766598671,5.8909312255749176e-06
2022-07-10 00:00:00+00:00,9.662333333333332e-05,8.987e-05,3.0,217776.57,108888.29,-0.00052461,-0.00030314,-0.00037194,-0.00030314,-0.0003757075,3.176999999999994e-05,1.2311251802940766,-0.0646929335411741,0.1030306831761098,-0.0005146160714285,0.5684490870039376,-6.250846881860046e-06
2022-07-11 00:00:00+00:00,0.0001,0.0001,3.0,223620.93,111810.47,-0.00030314,-0.0003213,-0.00059021,-0.0003213,-0.0003839875,3.6077619047618986e-05,1.2763882306034653,0.0264827125968665,0.01877739126461,-0.0005118060714285,0.5825536977639189,2.648271259686652e-06
2022-07-12 00:00:00+00:00,8.848333333333335e-05,0.0001,3.0,227072.96,113536.48,-0.0003213,-0.00035159,-0.00036331,-0.00036331,-0.0003498774999999,6.248238095238089e-05,1.0518382672355078,0.0153190339805373,-0.0073989835349106,-0.0004669703571428,0.8383337284058461,1.3554791900445472e-06
2022-07-13 00:00:00+00:00,2.293666666666667e-05,-4.235e-05,3.0,235857.72,117928.86,-0.00036331,-0.00044001,-0.00046324,-0.00044001,-0.0004266425,7.209571428571423e-05,0.1574307390600409,0.0379573663316357,0.0683248285960136,-0.0004288603571428,0.2752185811139177,8.706154590932845e-07
2022-07-14 00:00:00+00:00,-0.0001298666666666,-0.00014763,3.0,243415.84,121707.92,-0.00044001,-0.00051565,-0.0007552,-0.0007552,-0.000616515,4.618142857142852e-05,-1.7111250185108726,0.0315425146331094,0.0423303533469692,-0.0004539407142857,-0.9988358616378034,-4.0963212336864765e-06
2022-07-15 00:00:00+00:00,-1.4466666666666668e-05,2.218e-05,3.0,202032.43,101016.22,-0.0007552,-0.0001187,-0.00029724,-0.0001187,-0.00032246,3.494428571428566e-05,-0.2029765622643911,-0.1863430274269841,-0.0669168893521536,-0.0004292135714285,0.9862439192729476,2.695762463443704e-06
2022-07-16 00:00:00+00:00,5.237e-05,-2.364e-05,3.0,217386.61,108693.31,-0.0001187,-0.00078378,-0.00089768,-0.00078378,-0.000645985,3.0868571428571375e-05,0.6570738294590946,0.0732491521841716,-0.0664851812418376,-0.0004458821428571,-1.145076049391862,3.8360580998850666e-06
2022-07-17 00:00:00+00:00,8.590000000000002e-06,5.678e-05,3.0,245328.14,122664.07,-0.00078378,-0.00013232,-0.00033874,-0.00033874,-0.000398395,1.8292380952380895e-05,0.1086183694788056,0.1209192801045162,0.1191270324038527,-0.0004491232142857,0.4424161093000089,1.038696616097795e-06
2022-07-18 00:00:00+00:00,8.468666666666668e-05,5.406e-05,3.0,203554.67,101777.34,-0.00033874,-0.00021816,-0.00029814,-0.00021816,-0.0002683,1.610476190476185e-05,1.0359123501588587,-0.1866620439067396,-0.0940177240997535,-0.0004325964285714,1.2685775407343765,-1.5807786291648765e-05
2022-07-19 00:00:00+00:00,4.861e-05,7.249e-05,3.0,195604.03,97802.02,-0.00021816,-4.46e-06,-0.00012954,-4.46e-06,-8.915500000000001e-05,1.0408571428571373e-05,0.5337637565051616,-0.039842256791255,-0.1491790148715459,-0.0003953503571428,2.176385796128721,-1.936732102622909e-06
2022-07-20 00:00:00+00:00,8.560666666666666e-05,0.0001,3.0,190918.95,95459.48,-4.46e-06,-0.00032365,-0.00040322,-0.00040322,-0.0002836375,1.936142857142851e-05,0.9873797304686124,-0.0242433682236153,-0.211379749426797,-0.0003749210714285,0.9365692811427055,-2.0753939423963016e-06
2022-07-21 00:00:00+00:00,0.0001,0.0001,3.0,189192.11,94596.06,-0.00040322,4.2e-07,2.1e-07,2.1e-07,-0.000100595,5.219952380952375e-05,1.1148222612683591,-0.0090860385913593,-0.2520083026512658,-0.0003012182142857,1.849111475094842,-9.086038591359368e-07
2022-07-22 00:00:00+00:00,0.0001,0.0001,3.0,184635.75,92317.88,2.1e-07,4.2e-07,2.1e-07,2.1e-07,2.625000000000001e-07,6.855190476190471e-05,1.1148222612683591,-0.0243779885549582,-0.0900432637792398,-0.000255115,2.165570662673613,-2.437798855495821e-06
2022-07-23 00:00:00+00:00,0.0001,0.0001,3.0,194380.9,97190.45,2.1e-07,-6.743e-05,-0.00018131,-0.00018131,-0.00010746,7.535619047619042e-05,1.0820420756327884,0.0514346708800612,-0.1118577450833502,-0.0001781828571428,1.4747337977343629,5.143467088006127e-06
2022-07-24 00:00:00+00:00,8.92e-05,0.0001,3.0,204298.84,102149.42,-0.00018131,-0.00031407,-0.0003448,-0.00031407,-0.0002885625,8.687190476190471e-05,0.875058685037364,0.0497641877122525,-0.1830128374756139,-0.0001624924999999,0.5298903231155242,4.438965543932927e-06
2022-07-25 00:00:00+00:00,0.0001,0.0001,3.0,197443.27,98721.64,-0.00031407,9.496e-05,4.2e-07,9.496e-05,-3.09325e-05,8.905952380952377e-05,0.9609486358742908,-0.0341325213094449,-0.0304833148783192,-0.0001285828571428,1.6846036301287295,-3.4132521309445e-06
2022-07-26 00:00:00+00:00,0.0001,0.0001,3.0,208165.97,104082.99,9.496e-05,-3.335e-05,-0.00028323,-0.00028323,-0.0001262124999999,9.640095238095234e-05,0.9189797838951026,0.0528843916411894,0.0622433335541252,-0.0001338767857142,1.161808767144432,5.2884391641189415e-06
2022-07-27 00:00:00+00:00,0.0001,0.0001,3.0,192831.64,96415.82,-0.00028323,-0.0007702,-0.00079123,-0.0007702,-0.000653715,9.84571428571428e-05,0.8641671572758035,-0.0765182176185437,0.0099684841591969,-0.000186745,-1.5408161194432706,-7.651821761854371e-06
2022-07-28 00:00:00+00:00,6.053e-05,4.338e-05,3.0,218838.61,109419.31,-0.0007702,-0.00039227,-0.00043248,-0.00039227,-0.000496805,9.281857142857138e-05,0.2594829103437141,0.1265170409069611,0.1455715636575174,-0.0002433464285714,-0.7036977852607813,7.658076486098358e-06
2022-07-29 00:00:00+00:00,4.774333333333333e-05,0.0001,3.0,240611.86,120305.93,-0.00039227,-4.569e-05,-0.00023591,-4.569e-05,-0.00017989,8.535333333333327e-05,0.0422423776256315,0.094850578255782,0.2648001304682577,-0.0002690825,0.8725150111316409,4.52848277452522e-06
2022-07-30 00:00:00+00:00,0.0001,0.0001,3.0,209720.6,104860.3,-4.569e-05,-0.00016213,-0.00020742,-0.00016213,-0.0001443425,8.535333333333329e-05,0.8263782968034925,-0.1374089271010738,0.0759565324871225,-0.0002743514285714,0.99874322946969,-1.3740892710107389e-05
2022-07-31 00:00:00+00:00,7.243666666666668e-05,1.731e-05,3.0,203906.18,101953.09,-0.00016213,-0.00010624,-0.00028209,-0.00010624,-0.000164175,8.295857142857139e-05,0.3667686171518293,-0.028116182561618,-0.001923837786748,-0.0002565817857142,0.8763419537251766,-2.036642544155075e-06
2022-08-01 00:00:00+00:00,8.808666666666666e-05,0.0001,3.0,199482.15,99741.08,-0.00010624,-0.00017499,-0.00024171,-0.00024171,-0.0001911625,8.125666666666661e-05,0.5637971485625529,-0.0219352274533903,0.0102734560693065,-0.0002794717857142,0.7529577166743001,-1.9322010689443142e-06
2022-08-02 00:00:00+00:00,5.406e-05,6.66e-05,3.0,203699.92,101849.96,-0.00024171,-0.00033085,-0.00053566,-0.00053566,-0.00041097,7.469380952380946e-05,-0.0339166399171024,0.0209231718555713,-0.0216877637163115,-0.0003201514285714,-0.3389290263639992,1.1311066705121874e-06
2022-08-03 00:00:00+00:00,4.591333333333334e-05,-6.226e-05,3.0,204774.33,102387.17,-0.00053566,-0.00021688,-0.00066772,-0.00021688,-0.000409285,6.69671428571428e-05,-0.1594705358659384,0.0052606130142685,0.0600910669165006,-0.0002852328571428,-0.3295283764050302,2.415322788617812e-07
2022-08-04 00:00:00+00:00,-3.8826666666666665e-05,-5.662e-05,3.0,197286.25,98643.13,-0.00021688,-0.00015887,-0.000473,-0.000473,-0.0003304375,5.277333333333328e-05,-1.7716273401762703,-0.0372528237386404,-0.1036787977291009,-0.0002614660714285,0.0071220921310955,1.4464029696922808e-06
2022-08-05 00:00:00+00:00,6.572e-05,5.29e-05,3.0,207524.45,103762.23,-0.000473,-0.00049539,-0.00105994,-0.00105994,-0.0007720675,5.534142857142851e-05,0.0963696526310358,0.0505934442805902,-0.1479359317042927,-0.0003460628571428,-2.2143217043535777,3.3250011581203885e-06
2022-08-06 00:00:00+00:00,-5.276666666666667e-06,5.306e-05,3.0,223559.22,111779.61,-0.00105994,-0.00033721,-0.00036684,-0.00036684,-0.0005327075,4.030190476190471e-05,-1.2329071776590117,0.0744271813446797,0.0639001767414608,-0.0004015435714285,-0.975906143363571,-3.927274268954268e-07
2022-08-07 00:00:00+00:00,9.646e-05,0.0001,3.0,221397.85,110698.93,-0.00036684,-0.00034275,-0.00038474,-0.00038474,-0.0003697674999999,4.373380952380947e-05,0.6937437981524569,-0.0097150361022251,0.0823013232008538,-0.0004309139285714,-0.184287574703156,-9.371123824206356e-07
2022-08-08 00:00:00+00:00,2.8476666666666668e-05,5.79e-05,3.0,230350.02,115175.01,-0.00038474,-0.00038845,-0.00048862,-0.00038845,-0.000412565,3.521809523809518e-05,-0.5655129836122685,0.0396386689093777,0.1438752195636219,-0.0004625428571428,-0.426343824298003,1.128777161642713e-06
2022-08-09 00:00:00+00:00,8.682333333333334e-05,0.0001,3.0,218687.42,109343.71,-0.00038845,0.00029179,2.1e-07,2.1e-07,-2.406e-05,3.9898571428571375e-05,0.5504385176142507,-0.0519565738972858,0.0709954738107647,-0.00040727,1.4492411446945876,-4.511042934342011e-06
2022-08-10 00:00:00+00:00,0.0001,0.0001,3.0,230624.48,115312.24,2.1e-07,4.2e-07,2.1e-07,2.1e-07,2.625000000000001e-07,4.762523809523804e-05,0.8015783016404507,0.053147355740668,0.1188822165371643,-0.0003487632142857,1.4511739294462156,5.3147355740668095e-06
2022-08-11 00:00:00+00:00,0.0001,0.0001,3.0,235298.93,117649.47,2.1e-07,0.00021615,4.2e-07,0.00021615,0.0001082325,6.7457619047619e-05,0.7901565274588831,0.0200659882869587,0.1762010285627635,-0.0002860960714285,1.7829891414996426,2.0065988286958714e-06
2022-08-12 00:00:00+00:00,0.0001,0.0001,3.0,241350.3,120675.15,0.00021615,4.2e-07,2.1e-07,2.1e-07,5.42475e-05,7.235476190476186e-05,0.7401383172249248,0.0253926567771483,0.1510002410593216,-0.0001680510714285,1.4246354850943594,2.5392656777148305e-06
2022-08-13 00:00:00+00:00,0.0001,0.0001,3.0,249446.06,124723.03,2.1e-07,-5.938e-05,-0.00014216,-5.938e-05,-6.51775e-05,8.739428571428566e-05,0.804212600487585,0.0329932943200521,0.109566354034694,-0.0001012610714285,0.8494218778709439,3.299329432005216e-06
2022-08-14 00:00:00+00:00,0.0001,0.0001,3.0,254351.89,127175.95,-5.938e-05,4.2e-07,-0.000151,-0.000151,-9.024e-05,8.789999999999994e-05,0.7633241846317297,0.0194760025130253,0.1387573926499445,-6.132857142857142e-05,0.6977796915883885,1.94760025130254e-06
2022-08-15 00:00:00+00:00,0.0001,0.0001,3.0,255651.43,127825.72,-0.000151,4.2e-07,2.1e-07,2.1e-07,-3.754e-05,9.811761904761902e-05,0.7167497012441664,0.005096213148457,0.1042149368890239,-7.75357142857143e-06,0.8805384170638227,5.096213148457097e-07
2022-08-16 00:00:00+00:00,0.0001,0.0001,3.0,246092.12,123046.06,2.1e-07,4.2e-07,-5.245e-05,-5.245e-05,-2.60675e-05,0.0001,0.6675620793392522,-0.0381089777152361,0.1180625330710736,-8.040357142857146e-06,0.874069959326576,-3.810897771523614e-06
2022-08-17 00:00:00+00:00,0.0001,0.0001,3.0,243937.11,121968.56,-5.245e-05,-3.57e-06,-4.802e-05,-3.57e-06,-2.69025e-05,0.0001,0.6484032034872478,-0.0087954912107299,0.0561196861196755,-1.192107142857143e-05,0.8236915008208865,-8.795491210729978e-07
2022-08-18 00:00:00+00:00,0.0001,0.0001,3.0,256263.21,128131.61,-3.57e-06,4.2e-07,2.1e-07,2.1e-07,-6.825e-07,0.0001,0.6026235600237372,0.0492946341740339,0.0853483320067507,-2.7480357142857142e-05,0.9208886990425424,4.929463417403391e-06
2022-08-19 00:00:00+00:00,6.396333333333333e-05,-8.11e-06,3.0,262964.34999999,131482.18,2.1e-07,-0.00033582,-0.0004203,-0.0004203,-0.0002940525,9.485190476190472e-05,-0.4210251031295772,0.0258133913156033,0.0857690665452057,-7.723750000000001e-05,-0.4075827926909585,1.6511105531837083e-06
2022-08-20 00:00:00+00:00,4.5e-05,0.0001,3.0,268562.61,134281.31,-0.0004203,-0.00020815,-0.0002843,-0.0002843,-0.0002992625,8.699476190476186e-05,-0.9094783247534636,0.0210655994641992,0.0738413716893529,-0.0001106782142857,-0.4016065644716029,9.479519758889676e-07
2022-08-21 00:00:00+00:00,5.9373333333333336e-05,6.202e-05,3.0,231641.87,115820.94,-0.0002843,-0.00048428,-0.00067456,-0.00067456,-0.000529425,8.119095238095233e-05,-0.4598866510976461,-0.1478915559265132,-0.0935261867501857,-0.0001734189285714,-1.3431013966801315,-8.780814647210181e-06
2022-08-22 00:00:00+00:00,-2.182333333333333e-05,-2.69e-05,3.0,238157.33,119078.67,-0.00067456,-0.00052712,-0.00055606,-0.00052712,-0.000571215,6.3787619047619e-05,-2.4113766815143274,0.0277389904973546,-0.0708834094012882,-0.0002496582142857,-1.414834862204751,-6.053572359539356e-07
2022-08-23 00:00:00+00:00,-7.454666666666667e-05,-9.265e-05,3.0,245465.63,122732.82,-0.00052712,-0.00061522,-0.00068757,-0.00068757,-0.00062937,3.8852380952380894e-05,-3.005044270904214,0.0302254317396037,-0.0025489999464483,-0.0003358442857142,-1.547496259152244,-2.2532051847483308e-06
2022-08-24 00:00:00+00:00,-0.0001078433333333,-0.00022282,3.0,259948.53,129974.27,-0.00068757,-0.00079632,-0.00107549,-0.00079632,-0.000838925,9.160476190476132e-06,-2.9794323460211483,0.057326712446434,0.0635732037107157,-0.0004518475,-2.1395109966639163,-6.182303759264938e-06
2022-08-25 00:00:00+00:00,-9.948666666666666e-05,1.16e-06,3.0,285497.99,142749.0,-0.00079632,-0.0006182,-0.00065289,-0.0006182,-0.0006714024999999,-1.9337619047619103e-05,-2.431886022757697,0.0937513389109785,0.1080299084476603,-0.0005476646428571,-1.385185201814453,-9.327008203790216e-06
2022-08-26 00:00:00+00:00,-8.112333333333334e-05,-5.022e-05,3.0,283657.5,141828.75,-0.0006182,-0.00051876,-0.00072572,-0.00072572,-0.0006471,-4.006428571428577e-05,-1.9217848478219888,-0.0064674643315658,0.0757490528004911,-0.0005981,-1.2967365522592105,5.246622647910615e-07
2022-08-27 00:00:00+00:00,-4.441e-05,6.457e-05,3.0,294886.11,147443.06,-0.00072572,-0.00090738,-0.00111347,-0.00090738,-0.0009134875,-5.283714285714291e-05,-1.2770424883354694,0.0388216895403452,0.0935051428766371,-0.0006858464285714,-2.080287748445463,-1.7240712324867328e-06
2022-08-28 00:00:00+00:00,-0.0001044633333333,-0.00014661,3.0,274631.89,137315.95,-0.00090738,-0.00065849,-0.00084314,-0.00084314,-0.0008130375,-7.6242380952381e-05,-1.9386625826646773,-0.0711575948523979,0.1702391039507524,-0.0007263625,-1.5882571958520029,7.433359550264327e-06
2022-08-29 00:00:00+00:00,-0.0001652333333333,-5.436e-05,3.0,277868.75,138934.38,-0.00084314,-0.0005963,-0.001053,-0.0005963,-0.000772185,-9.672952380952387e-05,-2.392632183550396,0.0117172607561997,0.1542173742095975,-0.0007550724999999,-1.3471319981146712,-1.9360820522827338e-06
2022-08-30 00:00:00+00:00,-0.00013307,-0.00014834,3.0,288434.38,144217.19,-0.0005963,-0.00059267,-0.00064979,-0.00064979,-0.0006221375,-0.00010509,-1.8061963181498213,0.0373187278336057,0.1613106703035995,-0.0007540392857142,-0.8080791407847502,-4.966003112817923e-06
2022-08-31 00:00:00+00:00,-0.0001606966666666,-9.62e-05,3.0,301556.31,150778.16,-0.00064979,-0.00046242,-0.00070006,-0.00046242,-0.0005686725,-0.0001126404761904,-1.9144528768937288,0.0444891571605055,0.148473115017671,-0.0007154317857142,-0.595127867030291,-7.1492592585026985e-06
2022-09-01 00:00:00+00:00,-5.917333333333333e-05,-6.574e-05,3.0,279377.44,139688.72,-0.00046242,-0.00025489,-0.00035178,-0.00025489,-0.000330995,-0.0001068814285714,-0.7530394313930618,-0.076393065787311,-0.0216712896806186,-0.0006668021428571,0.1616238208448414,4.520432346187821e-06
2022-09-02 00:00:00+00:00,-4.496e-05,-4.119e-05,3.0,285974.25,142987.13,-0.00025489,-0.00038143,-0.00043499,-0.00038143,-0.000363185,-0.0001017152380952,-0.5632988787182472,0.0233380726909722,0.0081342473419194,-0.0006262428571428,0.0530551998091395,-1.0492797481861106e-06
2022-09-03 00:00:00+00:00,-2.3533333333333347e-06,-6.629e-05,3.0,303470.14,151735.07,-0.00038143,-0.00043159,-0.00054584,-0.00043159,-0.0004476124999999,-9.57071428571429e-05,-0.1135767221340164,0.0593814483554844,0.0286940061570586,-0.0005596892857142,-0.2061229195020552,-1.3974434179657342e-07
2022-09-04 00:00:00+00:00,-9.980333333333334e-05,-0.000117,3.0,304396.57,152198.29,-0.00043159,-0.00055882,-0.00061693,-0.00055882,-0.00054154,-9.504142857142862e-05,-1.1010817246499185,0.0030481376988031,0.1028997387082597,-0.0005209039285714,-0.5457611979999586,-3.0421430279955425e-07
2022-09-05 00:00:00+00:00,-4.425333333333333e-05,-2.838e-05,3.0,309349.67,154674.84,-0.00055882,-0.00041637,-0.00043099,-0.00043099,-0.0004592925,-7.775857142857148e-05,-0.4873682692645867,0.0161408973678458,0.1073233753199058,-0.000476205,-0.2838004182665672,-7.14288511518405e-07
2022-09-06 00:00:00+00:00,3.9036666666666665e-05,7.541e-05,3.0,303381.55,151690.78,-0.00043099,-0.0006922,-0.00076049,-0.0006922,-0.00064397,-5.317190476190481e-05,0.4323342214711464,-0.0194810009689909,0.0505236465173091,-0.0004793239285714,-0.8527813417558846,-7.604733411595107e-07
2022-09-07 00:00:00+00:00,-0.0001312166666666,-0.00013691,3.0,318833.45,159416.73,-0.0006922,-0.00054261,-0.00065417,-0.00054261,-0.0006078975,-4.896047619047624e-05,-1.321972731861092,0.0496776118749693,0.0557121012317729,-0.0004849275,-0.7075712790458488,-6.518530638193891e-06
2022-09-08 00:00:00+00:00,-0.0001264499999999,-0.0001422,3.0,285983.89,142991.95,-0.00054261,-0.00024461,-0.00031933,-0.00031933,-0.00035647,-5.857142857142862e-05,-1.186655511338803,-0.1087333855675325,0.0233717814515515,-0.0004885667857142,0.144909792197618,1.3749336605014488e-05
2022-09-09 00:00:00+00:00,-5.635000000000001e-05,-1.899e-05,3.0,280474.15,140237.08,-0.00031933,-0.0006543,-0.00065432,-0.00065432,-0.0005705675,-6.019857142857148e-05,-0.4072385977697572,-0.019453916708704,-0.0194202079481247,-0.0005181928571428,-0.5160452049571552,1.0962282065354703e-06
2022-09-10 00:00:00+00:00,-3.766666666666667e-05,-4.855e-05,3.0,290583.27,145291.64,-0.00065432,-0.00040135,-0.00050323,-0.00050323,-0.0005155325,-6.524333333333339e-05,-0.1626231014743231,0.0354086150819306,-0.0433930412216785,-0.0005278957142857,-0.2734453524884804,-1.3337245014193862e-06
2022-09-11 00:00:00+00:00,-0.0001224,-0.00017097,3.0,289021.4,144510.7,-0.00050323,-0.00037311,-0.0004491,-0.0004491,-0.000443635,-6.847142857142862e-05,-1.030119255274705,-0.0053894451213434,-0.0518306240418251,-0.0005139092857142,0.0498066959981026,6.596680828524356e-07
2022-09-12 00:00:00+00:00,-0.00019207,-0.00028374,3.0,282906.89,141453.45,-0.0004491,-0.0006481,-0.00069252,-0.00069252,-0.0006205599999999,-8.958809523809529e-05,-1.677934506653651,-0.0213829009072199,-0.0893544223168909,-0.0005369475,-0.5799782470980074,4.107013777249735e-06
2022-09-13 00:00:00+00:00,-0.0002965433333333,-0.00034738,3.0,287314.76,143657.38,-0.00069252,-0.00048499,-0.00060644,-0.00060644,-0.0005975975,-0.000137528095238,-2.4804918378109013,0.0154605066284059,-0.054412914719494,-0.0005303228571428,-0.4383608699444065,-4.584710170609587e-06
2022-09-14 00:00:00+00:00,-0.0003614033333333,-0.00038075,3.0,304037.13,152018.57,-0.00060644,-0.00125962,-0.00134617,-0.00125962,-0.0011179624999999,-0.0001704119047619,-2.690749641871308,0.056571492570784,-0.0475190340236792,-0.0006031892857142,-2.3491744245330137,-2.044512598672327e-05
2022-09-15 00:00:00+00:00,-0.00148441,-0.00161585,3.0,287699.06,143849.53,-0.00125962,-0.00172053,-0.00174288,-0.00174288,-0.0016164775,-0.0003644061904761,-4.908964368991144,-0.0552348288460127,0.0059795226978405,-0.0007831903571428,-3.407799543366862,8.199113228730974e-05
2022-09-16 00:00:00+00:00,-0.00197802,0.0001,3.0,309696.9,154848.45,-0.00174288,-0.00018178,-0.00020375,-0.00018178,-0.0005775475,-0.0006389304761904,-4.108045341015301,0.0736790739824204,0.0991125133889649,-0.0007841875,0.0765766000284027,-0.0001457386819187
2022-09-17 00:00:00+00:00,8.172666666666666e-05,0.0001,3.0,319698.52,159849.26,-0.00018178,-0.00017074,-0.0002011,-0.0002011,-0.00018868,-0.0006218742857142,0.6282692308205134,0.031784349472808,0.0954882477798424,-0.0007374942857142,1.5246280267921355,2.5976289345810265e-06
2022-09-18 00:00:00+00:00,0.0001,0.0001,3.0,328890.68,164445.34,-0.0002011,-0.00030769,-0.0004155,-0.00030769,-0.000307995,-0.0005901028571428,0.6663520421294358,0.0283469891979297,0.1292246820991156,-0.0007181171428571,1.092211154485942,2.8346989197929776e-06
2022-09-19 00:00:00+00:00,8.257333333333333e-05,9.46e-05,3.0,329000.5,164500.25,-0.00030769,-0.00047046,-0.000697,-0.00047046,-0.0004864025,-0.000550868095238,0.622378275667141,0.0003338546080513,0.1509414376143869,-0.0006989517857142,0.470360866327953,2.7567487835493792e-08
2022-09-20 00:00:00+00:00,6.82e-06,3.57e-06,3.0,366718.25,183359.13,-0.00047046,-0.00069868,-0.00073201,-0.00073201,-0.00065829,-0.0005075304761904,0.4536880824041654,0.1085345715207193,0.2440155025067003,-0.0007076221428571,-0.1556614721019652,7.402057777713058e-07
2022-09-21 00:00:00+00:00,3.666666666666666e-07,2.744e-05,3.0,355568.62,177784.31,-0.00073201,-0.00054046,-0.00054669,-0.00054046,-0.0005899049999999,-0.000455849047619,0.4368457703517638,-0.0308755875152115,0.1565684224207046,-0.0006321853571428,0.102392596903019,-1.1321048755577575e-08
2022-09-22 00:00:00+00:00,6.473333333333334e-06,-1.01e-05,3.0,354349.91,177174.96,-0.00054046,-0.00115191,-0.00116281,-0.00115191,-0.0010017725,-0.0002428657142857,0.4436568815170537,-0.0034333832565032,0.2083698680102141,-0.0005443703571428,-1.3459837065372418,-2.222543428043084e-08
2022-09-23 00:00:00+00:00,-7.138666666666667e-05,1.057e-05,3.0,358950.18,179475.09,-0.00115191,-0.00056402,-0.0008294,-0.00056402,-0.0007773375,2.951047619047613e-05,0.2623602261878228,0.0128987332149055,0.1475895272426992,-0.0005729117857142,-0.5442427813490461,-9.20797568434723e-07
2022-09-24 00:00:00+00:00,-2.169999999999999e-06,3.109e-05,3.0,348054.45,174027.23,-0.00056402,-0.00036764,-0.0005377,-0.0005377,-0.000501765,1.7525238095238033e-05,0.4124128280117981,-0.0308246714327022,0.0849805063371889,-0.0006176382142857,0.4357994633629178,6.688953700896395e-08
2022-09-25 00:00:00+00:00,5.596666666666667e-06,-1.12e-06,3.0,345030.38,172515.19,-0.0005377,-0.00052296,-0.00054317,-0.00052296,-0.0005316975,4.039047619047557e-06,0.4226034153058806,-0.0087264619267646,0.0479070552124945,-0.0006495957142857,0.3128499200682988,-4.883909858345937e-08
2022-09-26 00:00:00+00:00,-9.559999999999997e-06,4.976e-05,3.0,357982.21,178991.11,-0.00052296,-0.00042525,-0.00045935,-0.00045935,-0.0004667275,-9.122857142857203e-06,0.3850535290403833,0.0368508213030462,0.0844240219074894,-0.000646785,0.5022031680699168,-3.522938516571224e-07
2022-09-27 00:00:00+00:00,5.586e-05,9.224e-05,3.0,357933.31,178966.66,-0.00045935,-0.00070742,-0.00073154,-0.00070742,-0.0006514325,-2.1171428571429186e-06,0.5195631866589554,-0.000136608297236,-0.0242471579104659,-0.0006458053571428,-0.1990522303966142,-7.630939483605844e-09
2022-09-28 00:00:00+00:00,1.1066666666666674e-06,-2.679e-05,3.0,388099.13,194049.57,-0.00070742,-0.00067375,-0.0006845,-0.00067375,-0.000684855,-2.011428571428632e-06,0.3818920650543796,0.0809141125507526,0.0875425421554982,-0.0006593696428571,-0.3359054972465834,8.9544951222833e-08
2022-09-29 00:00:00+00:00,-4.298e-05,-5.546e-05,3.0,379967.19,189983.6,-0.00067375,-0.0005457,-0.00055337,-0.0005457,-0.00057963,-9.076190476190536e-06,0.2750905723617675,-0.0211758897945877,0.0698000356174137,-0.0005990635714285,0.0519539352893881,9.101397433713808e-07
2022-09-30 00:00:00+00:00,2.85e-06,7.1e-07,3.0,384430.91,192215.46,-0.0005457,-0.00060447,-0.00065213,-0.00060447,-0.0006016925,1.5290476190475583e-06,0.3653917526536916,0.0116791780060463,0.0685804804085545,-0.0005739714285714,-0.0263789766176275,3.328565731723208e-08
2022-10-01 00:00:00+00:00,2.202e-05,6.419e-05,3.0,360570.35,180285.18,-0.00060447,-0.00067288,-0.00071082,-0.00067288,-0.0006652625,4.9847619047618434e-06,0.401682736496357,-0.06407700157588,0.0353281502653768,-0.0005973282142857,-0.2260622853161703,-1.4109755747008783e-06
2022-10-02 00:00:00+00:00,6.289666666666667e-05,6.614e-05,3.0,352995.07,176497.54,-0.00067288,-0.00030331,-0.00040594,-0.00030331,-0.00042136,1.3170476190476129e-05,0.4840089753938786,-0.0212329924875351,0.0228216197046062,-0.0005815657142857,0.712640583863456,-1.335484450824338e-06
2022-10-03 00:00:00+00:00,4.767666666666666e-05,3.276e-05,3.0,368847.75,184423.88,-0.00030331,-0.00029171,-0.00056395,-0.00056395,-0.00043073,2.1347142857142796e-05,0.4454846284895569,0.0439298664409335,0.0299006648424935,-0.0005764232142857,0.6736925009396735,2.094429599015576e-06
2022-10-04 00:00:00+00:00,5.404666666666667e-05,5.269e-05,3.0,370966.09,185483.05,-0.00056395,-0.00034008,-0.00047188,-0.00047188,-0.0004619475,2.108809523809518e-05,0.4467708094768061,0.0057266995417641,0.0357639726814937,-0.0005493539285714,0.5421000441256492,3.09509021233882e-07
2022-10-05 00:00:00+00:00,3.795666666666666e-05,-3.014e-05,3.0,383608.92,191804.46,-0.00047188,-0.00066482,-0.00066861,-0.00066482,-0.0006175325,2.635238095238089e-05,0.4039645045707716,0.0335129393150719,-0.0116372005541869,-0.0005397364285714,-0.0296638733995298,1.2720394666024135e-06
2022-10-06 00:00:00+00:00,-1.2666666666666668e-05,-2.582e-05,3.0,407283.32,203641.66,-0.00066482,-0.00044287,-0.00053233,-0.00053233,-0.0005430875,3.068285714285708e-05,0.2955260892115536,0.0598854650731315,0.0694241543135323,-0.0005345160714285,0.2419476729619489,-7.585492242596661e-07
2022-10-07 00:00:00+00:00,-2.95e-06,-1.43e-05,3.0,387365.15,193682.58,-0.00053233,-0.00023668,-0.00038869,-0.00023668,-0.000348595,2.985428571428565e-05,0.3071420442902976,-0.0501412729736561,0.0076037033338298,-0.0004983592857142,0.9370093800713688,1.4791675527228554e-07
2022-10-08 00:00:00+00:00,4.686666666666667e-05,5.558e-05,3.0,386162.21,193081.11,-0.00023668,-0.00022829,-0.00043562,-0.00043562,-0.0003340525,3.340380952380946e-05,0.4039725418885518,-0.0031102738751229,0.0685704310345869,-0.0004510435714285,0.986171738276918,-1.457681689474299e-07
2022-10-09 00:00:00+00:00,9.856e-05,0.0001,3.0,394754.59,197377.3,-0.00043562,-0.000441,-0.00050947,-0.00050947,-0.00047389,3.849857142857136e-05,0.5051800316427962,0.0220067663283369,0.1118101898504591,-0.0004585478571428,0.4481397918340914,2.1689868893208926e-06
2022-10-10 00:00:00+00:00,6.726666666666667e-05,7.34e-06,3.0,381918.02,190959.01,-0.00050947,-0.00026453,-0.00040262,-0.00026453,-0.0003602875,4.12971428571428e-05,0.4272125991905847,-0.0330583024352808,0.0348220209742446,-0.0004484846428571,0.8437549731349137,-2.223721810479892e-06
2022-10-11 00:00:00+00:00,4.500666666666666e-05,1.385e-05,3.0,406606.68,203303.34,-0.00026453,-0.00016021,-0.00031934,-0.00031934,-0.000265855,4.0005714285714215e-05,0.3649708769244006,0.0626403517367837,0.0917356731692642,-0.0004204714285714,1.1488116437264784,2.8192334305001797e-06
2022-10-12 00:00:00+00:00,6.770666666666666e-05,3.868e-05,3.0,413910.31,206955.16,-0.00031934,-0.00053129,-0.00060812,-0.00053129,-0.00049751,4.4255714285714224e-05,0.3949190094597627,0.0178029778607911,0.0760257117149834,-0.0004033253571428,0.293648496525643,1.2053802876946294e-06
2022-10-13 00:00:00+00:00,4.7583333333333336e-05,2.374e-05,3.0,409382.19,204691.1,-0.00053129,-0.00046826,-0.00053114,-0.00046826,-0.0004997375,5.2862857142857074e-05,0.3259342477003499,-0.0110001382487965,0.0051401083930553,-0.0003971325,0.2734263474641936,-5.23423245005235e-07
2022-10-14 00:00:00+00:00,-4.769999999999997e-06,-0.00013768,3.0,430385.73,215192.87,-0.00046826,-0.00055794,-0.00056442,-0.00056442,-0.00053876,5.260285714285708e-05,0.1858176782446459,0.0500326834994062,0.1053140648661177,-0.0004242989285714,0.0672391549404118,-2.386559002921677e-07
2022-10-15 00:00:00+00:00,5.244666666666667e-05,8.648e-05,3.0,435710.43,217855.22,-0.00056442,-0.00043958,-0.00059411,-0.00043958,-0.0005094225,5.3399999999999936e-05,0.2444832343405435,0.0122960182331937,0.1207203569744344,-0.0004493517857142,0.0603652912024264,6.448851696035659e-07
2022-10-16 00:00:00+00:00,3.149333333333333e-05,1.612e-05,3.0,419607.59,209803.8,-0.00043958,-0.00049449,-0.00057276,-0.00057276,-0.0005198974999999,4.381904761904756e-05,0.054172553316463,-0.0376579063122548,0.0610556843338425,-0.0004559242857142,-0.0167989835950492,-1.1859729961272794e-06
2022-10-17 00:00:00+00:00,2.4083333333333337e-05,1.851e-05,3.0,426802.43,213401.22,-0.00057276,-0.00030195,-0.0003715,-0.0003715,-0.0004044274999999,3.764999999999993e-05,-0.0826539949937799,0.0170012479302545,0.111115234699378,-0.00046223,0.8019664606004877,4.094467209869648e-07
2022-10-18 00:00:00+00:00,1.3833333333333308e-06,-7.331e-05,3.0,430913.33,215456.67,-0.0003715,-0.00057852,-0.00066604,-0.00066604,-0.000570525,3.141809523809517e-05,-0.6061905600178139,0.0095857664504439,0.0580606494130382,-0.0005057542857142,-0.2594425517594181,1.3260310256447447e-08
2022-10-19 00:00:00+00:00,-2.865e-05,-2.075e-05,3.0,460933.81,230466.91,-0.00066604,-0.00047367,-0.00052093,-0.00052093,-0.0005453925,1.7652857142857078e-05,-1.3269086714869531,0.067347474117362,0.1076051456696092,-0.0005125946428571,-0.071479805201464,-1.929505133462424e-06
2022-10-20 00:00:00+00:00,4.376666666666666e-05,4.734e-05,3.0,445983.77,222991.89,-0.00052093,-0.0003968,-0.00042774,-0.0003968,-0.0004355675,1.710761904761898e-05,0.5977969858942638,-0.0329718922890691,0.0856333916293365,-0.0005034274999999,0.6442747405325577,-1.4430698191849269e-06
2022-10-21 00:00:00+00:00,1.1383333333333337e-05,-6.658e-05,3.0,453362.56,226681.28,-0.0003968,-0.00038972,-0.00042087,-0.00038972,-0.0003992775,1.9415238095238027e-05,-0.2865313869612776,0.0164095973486855,0.0520103054786158,-0.0004835014285714,0.8455436368836178,1.8679591648587026e-07
2022-10-22 00:00:00+00:00,-6.543333333333332e-06,3.75e-06,3.0,466247.51,233123.76,-0.00038972,-0.00034622,-0.00053087,-0.00053087,-0.00044942,1.0988095238095172e-05,-0.7548882188983129,0.0280244718891076,0.0677387591345297,-0.0004749296428571,0.4746440466612773,-1.833734610610608e-07
2022-10-23 00:00:00+00:00,-6.239666666666667e-05,-9.916e-05,3.0,483601.48,241800.74,-0.00053087,-0.00046443,-0.00053893,-0.00053893,-0.00051829,-2.424761904761972e-06,-2.31122288660672,0.0365445486552431,0.1419412141020277,-0.0004747,-0.2395404323936165,-2.2802580209249885e-06
2022-10-24 00:00:00+00:00,-3.4773333333333335e-05,1.344e-05,3.0,511486.72,255743.36,-0.00053893,-0.00068046,-0.00076298,-0.00068046,-0.0006657074999999,-1.083285714285721e-05,-1.4745719210124122,0.0560604430838562,0.1810004092556294,-0.0005120257142857,-1.580821041963431,-1.949408474169296e-06
2022-10-25 00:00:00+00:00,-3.2716666666666665e-05,-5.04e-05,3.0,530333.26,265166.63,-0.00068046,-0.00064728,-0.0007584,-0.00064728,-0.000683355,-1.570428571428578e-05,-1.34447779551923,0.0361839791915645,0.20759862199675,-0.0005281442857142,-1.621707348238439,-1.183819185884021e-06
2022-10-26 00:00:00+00:00,-7.600333333333333e-05,-0.0001278,3.0,552277.93,276138.97,-0.00064728,-0.00032474,-0.00042424,-0.00032474,-0.0004302499999999,-2.2469047619047687e-05,-2.206283855044237,0.0405458145502812,0.1807969624296692,-0.0005116953571428,0.6623284715466831,-3.0816170585365447e-06
2022-10-27 00:00:00+00:00,6.090000000000001e-06,2.216e-05,3.0,532131.07999999,266065.54,-0.00032474,-0.00033804,-0.00078537,-0.00033804,-0.0004465475,-2.785142857142864e-05,-0.2280019400622921,-0.0371615659723385,0.1766072887463998,-0.0005132639285714,0.4667934853960008,-2.263139367715418e-07
2022-10-28 00:00:00+00:00,5.700000000000008e-07,8.76e-06,3.0,535724.12,267862.06,-0.00033804,-0.00028043,-0.00037861,-0.00028043,-0.0003193775,-2.9396190476190543e-05,-0.3599786439570312,0.0067294771041854,0.1669271685018998,-0.0005018496428571,1.5552194588836092,3.8358019493857275e-09
2022-10-29 00:00:00+00:00,-1.6393333333333334e-05,-3.18e-05,3.0,536847.07999999,268423.54,-0.00028043,-0.00043102,-0.0004567,-0.0004567,-0.0004062125,-3.0803333333333405e-05,-0.8079737423976541,0.0020939596556512,0.1409966562684435,-0.0004956771428571,0.6874366570230281,-3.4326978621643475e-08
2022-10-30 00:00:00+00:00,1.569e-05,1.877e-05,3.0,524979.86,262489.93,-0.0004567,-0.00040129,-0.00040755,-0.00040129,-0.0004167074999999,-1.9648095238095305e-05,-0.0295135170344735,-0.0223533867786098,0.0820987208345904,-0.0004811653571428,0.540093346208316,-3.5072463855638894e-07
2022-10-31 00:00:00+00:00,3.571666666666667e-05,4.103e-05,3.0,523859.72,261929.86,-0.00040129,-0.00033304,-0.00055964,-0.00055964,-0.0004634025,-9.578095238095304e-06,0.4512248464902937,-0.0021359613943445,0.0239023163563896,-0.0004522646428571,0.0258045478105833,-7.62894211346738e-08
2022-11-01 00:00:00+00:00,-6.156666666666666e-06,-3.432e-05,3.0,529035.82999999,264517.92,-0.00055964,-0.00052697,-0.0005529,-0.0005529,-0.0005481025,-5.783809523809589e-06,-0.5299991184223487,0.0098322225769198,-0.0024494402582551,-0.0004329428571428,-0.7981136691176819,-6.053371699856986e-08
2022-11-02 00:00:00+00:00,-2.798333333333333e-05,-1.179e-05,3.0,512970.55,256485.28,-0.0005529,-0.00042784,-0.0004375,-0.00042784,-0.00046152,1.076190476190411e-06,-1.0061994425042582,-0.030837725018106,-0.0738329798266423,-0.00043741,0.0988935319464599,8.629423384233328e-07
2022-11-03 00:00:00+00:00,2.3296666666666667e-05,-4.42e-06,3.0,521551.76,260775.88,-0.00042784,-0.00077407,-0.0007904,-0.0007904,-0.0006956775,3.534285714285649e-06,0.2984203663209301,0.0165900855574019,-0.0200813282969019,-0.000473,-2.0510997150282217,3.864936932022738e-07
2022-11-04 00:00:00+00:00,-6.784666666666667e-05,-3.414e-05,3.0,528752.93999999,264376.47,-0.0007904,-0.00043021,-0.00046541,-0.00043021,-0.0005290574999999,-6.239523809523874e-06,-1.8154895353779468,0.013712768955802,-0.0130980364452852,-0.0005029542857142,-0.5158408284520078,-9.303656644213193e-07
2022-11-05 00:00:00+00:00,-2.8396666666666665e-05,-3.257e-05,3.0,520854.25,260427.13,-0.00043021,-0.000377,-0.00042558,-0.000377,-0.0004024475,-7.954285714285778e-06,-0.8508157981395562,-0.0150510384926416,-0.0302430345935782,-0.0005024164285714,0.6691844617471823,4.2739932306271443e-07
2022-11-06 00:00:00+00:00,1.868333333333333e-05,3.533e-05,3.0,516978.56,258489.28,-0.000377,-0.00033067,-0.0003866,-0.00033067,-0.000356235,-7.526666666666731e-06,0.2496736597925723,-0.0074688485068747,-0.0153584963218431,-0.0004937775,1.1240775042629425,-1.395429862701107e-07
2022-11-07 00:00:00+00:00,2.735666666666667e-05,6.58e-06,3.0,516150.5,258075.25,-0.00033067,-0.00036278,-0.00047701,-0.00036278,-0.00038331,-8.720952380952445e-06,0.4763140041900366,-0.0016030140074061,-0.0148255489349047,-0.0004823357142857,0.8927200782194955,-4.385311986260745e-08
2022-11-08 00:00:00+00:00,3.4863333333333336e-05,3.291e-05,3.0,516372.1,258186.05,-0.00036278,-0.00059968,-0.00069511,-0.00059968,-0.0005643125,-2.8609523809524444e-06,0.7685301385727057,0.0004292400057934,-0.0242285315060311,-0.0004846514285714,-0.8631146131166564,1.4964737401979825e-08
2022-11-09 00:00:00+00:00,-8.807333333333334e-05,-0.0001082,3.0,514363.96,257181.98,-0.00059968,-0.00077978,-0.00091315,-0.00091315,-0.00080144,-1.144523809523816e-05,-2.198926824573178,-0.0038965213670287,0.0027126721450461,-0.0005332114285714,-2.684743222559183,3.431796251987817e-07
2022-11-10 00:00:00+00:00,-0.0002293933333333,-0.00028767,3.0,375734.84,187867.42,-0.00091315,-0.00300412,-0.00312283,-0.00312283,-0.0025407325,-4.754380952380959e-05,-3.852807730413795,-0.3140474264160939,-0.3279248398284498,-0.0007967907142857,-5.087158993912542,7.204038597034251e-05
2022-11-11 00:00:00+00:00,-0.0003424833333333,8.57e-06,3.0,400463.87,200231.94,-0.00312283,-0.00049021,-0.00056914,-0.00056914,-0.00118783,-8.677761904761913e-05,-3.903648715685928,0.0637398683598924,-0.2778977404243594,-0.0008909010714285,-1.4806287516292946,-2.1829842582123827e-05
2022-11-12 00:00:00+00:00,-3.360999999999999e-05,1.151e-05,3.0,387884.83,193942.42,-0.00056914,-0.00037151,-0.00077519,-0.00037151,-0.0005218375,-8.752238095238102e-05,-0.1025949790821314,-0.0319150845406852,-0.294761786472403,-0.0009079567857142,0.1700541338956438,1.0726659914124312e-06
2022-11-13 00:00:00+00:00,8.513666666666667e-05,0.0001,3.0,377738.73,188869.37,-0.00037151,-0.00031593,-0.00038161,-0.00031593,-0.000346245,-7.802904761904768e-05,1.2900020959082603,-0.0265056995025219,-0.3137986374680501,-0.0009065296428571,0.5855941453326761,-2.2566069033130404e-06
2022-11-14 00:00:00+00:00,1.689e-05,0.0001,3.0,372948.7,186474.35,-0.00031593,-0.0005469,-0.0008021,-0.0005469,-0.0005529575,-7.952428571428579e-05,0.4899142840508166,-0.0127618894879812,-0.3249575129486253,-0.000930765,0.0802506452923962,-2.1554831345200406e-07
2022-11-15 00:00:00+00:00,0.0001,0.0001,3.0,375723.74,187861.87,-0.0005469,-0.00033164,-0.00039448,-0.00039448,-0.000416875,-7.021904761904768e-05,1.4272387473651764,0.0074132626248495,-0.3179734903295692,-0.0009097024999999,0.4060004309044823,7.413262624849538e-07
2022-11-16 00:00:00+00:00,-3.516000000000001e-05,-0.00026977,3.0,350744.99,175372.5,-0.00039448,-6.254e-05,-0.00038438,-6.254e-05,-0.000225985,-6.266000000000007e-05,-0.1415866610460725,-0.068794704095275,-0.3828716730578154,-0.0008274946428571,0.8521317521084256,2.4188217959898694e-06
2022-11-17 00:00:00+00:00,4.163666666666667e-05,7.653e-05,3.0,368546.35,184273.18,-6.254e-05,-0.00054274,-0.00058129,-0.00058129,-0.000441965,-2.394142857142864e-05,0.7447180421128697,0.0495070487069604,-0.019317197934761,-0.0005276707142857,0.3155568733250942,2.0613084846621425e-06
2022-11-18 00:00:00+00:00,6.847e-05,3.794e-05,3.0,408736.26,204368.13,-0.00058129,0.0,-0.00019274,-0.00019274,-0.0002416925,3.476619047619041e-05,1.0031193168400137,0.1035036230578931,0.0204465567632397,-0.0003925082142857,0.7692693931058721,7.086893070773946e-06
2022-11-19 00:00:00+00:00,7.683333333333334e-05,3.05e-05,3.0,423208.11,211604.06,-0.00019274,-4.946e-05,-0.00016803,-4.946e-05,-0.0001149225,5.054380952380945e-05,1.074101321103372,0.0347939369089616,0.0871555782128865,-0.0003343775,1.0299469462494268,2.6733341525052163e-06
2022-11-20 00:00:00+00:00,1.3266666666666668e-05,-9.367e-05,3.0,411767.2,205883.6,-4.946e-05,-0.00053214,-0.0006089,-0.00053214,-0.00043066,4.02766666666666e-05,0.3495941464809718,-0.0274059027707931,0.0862553749446153,-0.0003464367857142,0.2870278521846935,-3.63584976759189e-07
2022-11-21 00:00:00+00:00,3.120333333333333e-05,0.0001,3.0,417235.56,208617.78,-0.00053214,-0.00019431,-0.00020118,-0.00020118,-0.0002822025,4.2321428571428505e-05,0.5367981253870759,0.0131928132879117,0.1122100777205084,-0.0003077575,0.6210712790772048,4.116597506271405e-07
2022-11-22 00:00:00+00:00,0.0001,0.0001,3.0,409034.94,204517.47,-0.00020118,-0.00049121,-0.00067205,-0.00049121,-0.0004639125,4.2321428571428505e-05,1.2265891205802344,-0.019850374126749,0.0849464409689098,-0.0003144771428571,0.1897521125413947,-1.985037412674906e-06
2022-11-23 00:00:00+00:00,5.192e-05,0.0001,3.0,420320.12,210160.06,-0.00049121,-0.00041586,-0.00061587,-0.00041586,-0.0004847,5.476142857142851e-05,0.6579139457109995,0.0272160311670432,0.1809571762312281,-0.0003514364285714,0.1269141919593197,1.413056338192888e-06
2022-11-24 00:00:00+00:00,-0.0002027966666666,-0.00033427,3.0,425137.67,212568.84,-0.00041586,-0.00098682,-0.00119059,-0.00098682,-0.0008950225,1.9842380952380888e-05,-1.9396450049994955,0.0113964344484234,0.142846561972691,-0.0004161589285714,-0.8131158888926232,-2.311158918025442e-06
2022-11-25 00:00:00+00:00,-0.00019006,-4.887e-05,3.0,431985.47,215992.74,-0.00098682,-0.00039861,-0.00048971,-0.00039861,-0.0005684374999999,-1.709047619047626e-05,-1.6899378735414978,0.0159789075368301,0.055321846451628,-0.0004628367857142,-0.0421731994275946,-3.036951166449944e-06
2022-11-26 00:00:00+00:00,-6.842333333333333e-05,-1.977e-05,3.0,458395.76,229197.88,-0.00039861,-0.00101,-0.00105148,-0.00101,-0.0008675225,-3.784142857142864e-05,-0.4739235580018959,0.0593409623748453,0.0798688719175118,-0.0005703510714285,-0.7011064863725444,-4.060306448894832e-06
2022-11-27 00:00:00+00:00,-0.0003451533333333,-0.00036163,3.0,460122.6,230061.3,-0.00101,-0.00045631,-0.00045806,-0.00045631,-0.00059517,-8.904428571428579e-05,-2.651443679623546,0.0037600599176101,0.1110348346059151,-0.0005938525,-0.0502425172996269,-1.2977972140962163e-06
2022-11-28 00:00:00+00:00,-0.0001474966666666,-0.00012621,3.0,478265.16,239132.58,-0.00045631,-0.00040257,-0.00047763,-0.00040257,-0.00043477,-0.0001145728571428,-0.9299432498670488,0.0386723310085486,0.1365143523265519,-0.0006156478571428,0.3253322647948816,-5.704039915990891e-06
2022-11-29 00:00:00+00:00,-0.0001072166666666,-0.00021833,3.0,462235.56,231117.78,-0.00040257,-0.00024821,-0.00034234,-0.00034234,-0.000333865,-0.0001441752380952,-0.5593829176195055,-0.0340906754482102,0.1222740510050908,-0.0005970696428571,0.5521151127519854,3.655088585972272e-06
2022-11-30 00:00:00+00:00,-6.009999999999998e-06,3.638e-05,3.0,460971.58,230485.79,-0.00034234,-0.00035349,-0.00050161,-0.00035349,-0.0003877324999999,-0.0001524509523809,0.293939721716332,-0.0027382387657262,0.0923197810723213,-0.0005832171428571,0.4203883486166662,1.6456814982014513e-08
2022-12-01 00:00:00+00:00,6.775666666666667e-05,0.0001,3.0,500862.28,250431.14,-0.00035349,-0.0003708,-0.00057154,-0.0003708,-0.0004166575,-0.0001138004761904,0.878159743090225,0.0829947805697877,0.1639181271936856,-0.0005148792857142,0.3425420779023979,5.62344968214025e-06
2022-12-02 00:00:00+00:00,-2.7260000000000003e-05,7.25e-05,3.0,485354.57,242677.29,-0.0003708,-0.00016799,-0.00024492,-0.00024492,-0.0002571575,-9.05433333333334e-05,0.094606907009198,-0.0314514770767129,0.1164877425801425,-0.0004704107142857,0.6902275199030089,8.573672651111942e-07
2022-12-03 00:00:00+00:00,-4.214666666666666e-05,-0.00012032,3.0,489795.51,244897.76,-0.00024492,-0.00044988,-0.00052538,-0.00052538,-0.00043639,-8.678952380952387e-05,-0.0101852362047741,0.0091082814697589,0.0662550616750561,-0.0004088203571428,0.2593960189666554,-3.838837030121071e-07
2022-12-04 00:00:00+00:00,-2.606666666666668e-06,0.0001,3.0,490303.27,245151.64,-0.00052538,-0.000137,-0.00029354,-0.000137,-0.00027323,-3.785428571428578e-05,0.2990965868156098,0.0010361405519301,0.063531142309376,-0.0003628289285714,0.6102543692196482,-2.700873038697877e-09
2022-12-05 00:00:00+00:00,0.0001,0.0001,3.0,502013.66,251006.83,-0.000137,-0.00066367,-0.00071107,-0.00071107,-0.0005557025,-2.497619047619117e-06,1.089286192623277,0.0236032124558533,0.0484620237566808,-0.000380105,-0.0222020319176872,2.3603212455853395e-06
2022-12-06 00:00:00+00:00,-4.254666666666666e-05,-0.00010009,3.0,486696.68,243348.34,-0.00071107,-0.00051613,-0.00052676,-0.00052676,-0.00057018,6.740952380952314e-06,-0.0491169576178301,-0.0309862351113352,0.0515664640935558,-0.0004138642857142,-0.0391115195929697,1.3183610165369437e-06
2022-12-07 00:00:00+00:00,8.816666666666668e-06,-2.41e-05,3.0,492530.0,246265.0,-0.00052676,-0.00023606,-0.0004561,-0.00023606,-0.000363745,8.859047619047553e-06,0.3742357487879903,0.0119142770970057,0.0662189799562877,-0.0004104375,0.4322207270958288,1.0504420973860085e-07
2022-12-08 00:00:00+00:00,5.656e-05,6.436e-05,3.0,480447.3,240223.65,-0.00023606,-0.00026248,-0.00027623,-0.00026248,-0.0002593125,7.259523809523741e-06,0.7542039410492165,-0.0248378274865768,-0.0416136281000767,-0.0003879596428571,0.6433255779882366,-1.4048275226407844e-06
2022-12-09 00:00:00+00:00,3.953666666666667e-05,-8.139e-05,3.0,518710.93,259355.47,-0.00026248,-0.00039047,-0.00047775,-0.00047775,-0.0004021125,1.6801904761904693e-05,0.5798980649899731,0.0766292080699049,0.0664670570465411,-0.0004086675,0.2897940922162419,3.0296634563904745e-06
2022-12-10 00:00:00+00:00,1.339e-05,-1.324e-05,3.0,502171.73,251085.87,-0.00047775,-0.00060125,-0.00062559,-0.00062559,-0.000582545,2.4735714285714218e-05,0.3171032739679948,-0.0324046002206959,0.0249541753560862,-0.0004295467857142,-0.5435131642481339,-4.338975969551182e-07
2022-12-11 00:00:00+00:00,-0.00011147,-0.00012671,3.0,537451.4,268725.7,-0.00062559,-0.00073446,-0.0008448,-0.0008448,-0.0007624125,9.183809523809455e-06,-0.9218227103554598,0.0678961844839634,0.0918142192881195,-0.00049943,-1.7331281695075451,-7.568387684427401e-06
2022-12-12 00:00:00+00:00,-0.0001216166666666,-9.564e-05,3.0,543647.12,271823.56,-0.0008448,-0.00041942,-0.00048297,-0.00048297,-0.00055754,-2.247571428571436e-05,-0.9752451914148904,0.0114620225945873,0.0796730294268535,-0.0004996925,-0.5897059274261557,-1.3939729812117371e-06
2022-12-13 00:00:00+00:00,-1.934e-05,-5.348e-05,3.0,516627.62,258313.81,-0.00048297,-0.00061183,-0.00065515,-0.00061183,-0.000590445,-1.9160476190476265e-05,0.0332563967670899,-0.0509780157079848,0.0596812488302038,-0.0005025875,-0.7239097148106945,9.859148237924275e-07
2022-12-14 00:00:00+00:00,-6.189333333333333e-05,-0.00013732,3.0,533385.28,266692.64,-0.00061183,0.00027257,0.00011665,0.00011665,-2.6489999999999995e-05,-2.9261904761904834e-05,-0.3542994144630864,0.0319216706209299,0.079688642354128,-0.0004544082142857,2.1042478957471107,-1.975738600298093e-06
2022-12-15 00:00:00+00:00,0.0001,0.0001,3.0,552469.25,276234.63,0.00011665,-0.00032123,-0.00035934,-0.00032123,-0.0002212874999999,-2.3056190476190543e-05,1.21718174782495,0.0351537609177619,0.1396802307584668,-0.0004489760714285,1.0613441034556323,3.51537609177619e-06
2022-12-16 00:00:00+00:00,1.626e-05,-0.00013229,3.0,578207.9,289103.95,-0.00032123,-0.00011345,-0.00018953,-0.00018953,-0.000203435,-2.638142857142864e-05,0.3867154807704654,0.0455357168468104,0.1085867395353723,-0.0004205935714285,1.1415441654758176,7.404107559291381e-07
2022-12-17 00:00:00+00:00,7.09e-05,1.27e-05,3.0,576972.96,288486.48,-0.00018953,4.283e-05,0.0,4.283e-05,-2.5967500000000005e-05,-1.816571428571436e-05,0.8995864473834025,-0.002138090256194,0.1388532494998742,-0.0003410825,1.8310455060376667,-1.5159059916415797e-07
2022-12-18 00:00:00+00:00,0.0001,0.0001,3.0,507813.49,253906.75,4.283e-05,-0.00052662,-0.00055567,-0.00055567,-0.0003987824999999,1.2044285714285644e-05,1.156855685240881,-0.1276811678303495,-0.0567241028144387,-0.0002891353571428,0.1251929382438755,-1.2768116783034956e-05
2022-12-19 00:00:00+00:00,3.916666666666667e-06,-9.082e-05,3.0,526559.54,263279.77,-0.00055567,-0.00048801,-0.00066796,-0.00066796,-0.0005949,2.997761904761898e-05,0.2701816453117786,0.036250177105277,-0.0319359483037491,-0.0002944724999999,-0.7433107749301728,1.419798603290016e-07
2022-12-20 00:00:00+00:00,1.407e-05,1.902e-05,3.0,518971.49,259485.75,-0.00066796,-0.00051431,-0.00053329,-0.00053329,-0.0005622125,3.475047619047612e-05,0.3678593011227327,-0.0145154625055763,0.0045266048986594,-0.0002904392857142,-0.5606363274959889,-2.042325574534591e-07
2022-12-21 00:00:00+00:00,0.0001,0.0001,3.0,524441.68999999,262220.85,-0.00053329,-0.00032044,-0.00036148,-0.00036148,-0.0003941725,5.7878095238095165e-05,1.1524997072728067,0.0104853000165068,-0.0169097657057637,-0.0003429653571428,0.2692242015071512,1.0485300016506828e-06
2022-12-22 00:00:00+00:00,7.177666666666667e-05,0.0001,3.0,533650.1,266825.05,-0.00036148,-0.00026365,-0.00030568,-0.00026365,-0.000298615,5.384619047619041e-05,0.9028201975718538,0.0174061316377684,-0.0346573949857571,-0.0003540121428571,0.7010182867798705,1.24935410852023e-06
2022-12-23 00:00:00+00:00,8.720666666666667e-05,6.162e-05,3.0,528765.06,264382.53,-0.00026365,0.0,-0.00014831,0.0,-0.0001029899999999,6.39814285714285e-05,1.0285987154162652,-0.0091961685243155,-0.0893892803568832,-0.0003396628571428,1.5174698516170737,-8.01967203110482e-07
2022-12-24 00:00:00+00:00,0.0001,0.0001,3.0,522841.02,261420.51,0.0,-0.00036408,-0.00044526,-0.00044526,-0.00031365,6.813857142857136e-05,1.0903115175785971,-0.011266771425296,-0.0985179615259852,-0.0003807603571428,0.4945442758385286,-1.1266771425296084e-06
2022-12-25 00:00:00+00:00,0.0001,0.0001,3.0,561073.15,280536.58,-0.00044526,-0.00059377,-0.00062876,-0.00059377,-0.00056539,6.813857142857136e-05,1.0345044431041452,0.0705738483801567,0.0997370546845211,-0.0004045614285714,-0.7732420478042347,7.057384838015679e-06
2022-12-26 00:00:00+00:00,3.5543333333333336e-05,3.79e-05,3.0,554830.32999999,277415.17,-0.00059377,-0.00022148,-0.00027905,-0.00027905,-0.0003433374999999,7.265666666666659e-05,0.3461522838603065,-0.0111889338838864,0.0522979436953576,-0.0003686239285714,0.2845233737815972,-3.9769200667960315e-07
2022-12-27 00:00:00+00:00,7.523333333333334e-05,2.57e-05,3.0,551577.38,275788.69,-0.00027905,-4.007e-05,-0.00016406,-4.007e-05,-0.0001308125,8.139428571428565e-05,0.8104132232845105,-0.0058802181938517,0.0609331880070822,-0.0003069953571428,1.367773165672329,-4.423884154507808e-07
2022-12-28 00:00:00+00:00,7.868333333333334e-05,0.0001,3.0,553236.38,276618.19,-4.007e-05,0.0,0.0,0.0,-1.00175e-05,7.834904761904754e-05,0.8214467408994367,0.0030032233612384,0.0534511113518139,-0.0002521160714285,1.8373601661251424,2.363036248067813e-07
2022-12-29 00:00:00+00:00,0.0001,0.0001,3.0,574230.4,287115.2,0.0,0.00022074,0.00010085,0.00010085,0.00010561,8.238095238095231e-05,1.0880274460281592,0.0372453490481365,0.073290328762182,-0.0001943696428571,2.156727868931009,3.724534904813659e-06
2022-12-30 00:00:00+00:00,0.0001,0.0001,3.0,579103.69999999,289551.85,0.00010085,0.0001784,0.00015811,0.0001784,0.0001539399999999,8.420857142857136e-05,1.0194389251549223,0.0084508539250975,0.0909373512115951,-0.0001576653571428,2.110579020116322,8.450853925097591e-07
2022-12-31 00:00:00+00:00,0.0001,0.0001,3.0,581687.18999999,290843.6,0.0001784,0.00018337,0.00017506,0.00018337,0.0001800499999999,8.420857142857136e-05,0.9900795288661148,0.0044512655775932,0.1066553882144845,-8.713678571428572e-05,1.9862708728666136,4.451265577593234e-07
2023-01-01 00:00:00+00:00,0.0001,0.0001,3.0,586426.15,293213.08,0.00018337,0.00043897,0.00036798,0.00043897,0.0003573225,8.420857142857136e-05,0.9261813096589938,0.0081139146982831,0.0441954545326108,4.467928571428572e-05,2.349198919382045,8.113914698283154e-07
2023-01-02 00:00:00+00:00,0.0001003866666666,0.0001,3.0,580313.63,290156.82,0.00043897,9.341e-05,0.0,9.341e-05,0.0001564475,9.34719047619047e-05,0.8721131641603803,-0.0104780449400117,0.0449063434764855,0.0001160771428571,1.494761054922178,-1.051856004711308e-06
2023-01-03 00:00:00+00:00,0.0001,0.0001,3.0,588617.28,294308.64,9.341e-05,-0.00021413,-0.00029655,-0.00021413,-0.00015785,9.700999999999993e-05,0.8112889160790794,0.0142074943947658,0.0649940560651032,0.0001122146428571,0.383464512090683,1.4207494394765874e-06
2023-01-04 00:00:00+00:00,0.0001,0.0001,3.0,584696.22,292348.11,-0.00021413,-0.00054342,-0.00057634,-0.00057634,-0.0004775574999999,0.0001000552380952,0.8112889160790794,-0.0066837628596481,0.0553070698442166,4.542321428571429e-05,-0.7445172643618956,-6.683762859648113e-07
2023-01-05 00:00:00+00:00,0.0001,0.0001,3.0,587265.1,293632.55,-0.00057634,-0.00037395,-0.00046939,-0.00046939,-0.0004722675,0.0001000552380952,0.7568136177106249,0.0043839059708812,0.0224456267669612,-3.713071428571429e-05,-0.7454295455250548,4.38390597088123e-07
2023-01-06 00:00:00+00:00,6.214666666666667e-05,0.0001,3.0,564236.0,282118.0,-0.00046939,-0.00035851,-0.0003996,-0.00035851,-0.0003965025,9.464761904761898e-05,0.1339001874762901,-0.0400037325849513,-0.0260089597430877,-0.0001157653571428,-0.4719795245863255,-2.486098634379445e-06
2023-01-07 00:00:00+00:00,0.0001,0.0001,3.0,563941.26,281970.63,-0.00035851,-0.00047852,-0.00048788,-0.00047852,-0.0004508575,9.464761904761896e-05,0.705356563616039,-0.0005225065548746,-0.0309827318755555,-0.000205895,-0.6372149625196053,-5.225065548746245e-08
2023-01-08 00:00:00+00:00,-0.0001673966666666,-0.00015197,3.0,584736.19999999,292368.1,-0.00047852,-0.00072001,-0.0007593,-0.00072001,-0.00066946,5.644809523809518e-05,-2.858456487070974,0.0362107082187925,-0.0028859383550461,-0.0003525782142857,-1.335245913999678,-6.061551853465148e-06
2023-01-09 00:00:00+00:00,-8.396333333333333e-05,-0.00011484,3.0,585203.07999999,292601.54,-0.00072001,-0.00069883,-0.00083845,-0.00083845,-0.000773935,3.011238095238089e-05,-1.6325030386996269,0.0007981269331924,0.008390233518158,-0.00048549,-1.6215320693952964,-6.701339773395107e-08
2023-01-10 00:00:00+00:00,-0.0002559166666666,-9.424e-05,3.0,589277.68999999,294638.85,-0.00083845,-0.0004087,-0.00047673,-0.0004087,-0.000533145,-2.0732857142857207e-05,-3.212520166444511,0.006938600361046,0.0011213394844382,-0.0005391035714285,-0.8768471856792986,-1.7757034757310477e-06
2023-01-11 00:00:00+00:00,2.85e-05,3.203e-05,3.0,622506.53,311253.27,-0.0004087,-0.00077154,-0.0008987,-0.00077154,-0.00071262,-3.0947142857142925e-05,-0.191955916868497,0.0548565855926401,0.0626616879367265,-0.0005726839285714,-1.442354321906973,1.563412689390245e-06
2023-01-12 00:00:00+00:00,-0.00015933,-0.00015541,3.0,642947.26,321473.63,-0.00077154,-5.148e-05,-0.00050188,-0.00050188,-0.000456695,-6.799428571428578e-05,-2.124728763031466,0.0323085808570269,0.0905863628228722,-0.0005704592857142,-0.6069078727616645,-5.1477261879501e-06
2023-01-13 00:00:00+00:00,-0.0001098,-4.404e-05,3.0,595326.67,297663.34,-0.00050188,-0.00075547,-0.0007625,-0.0007625,-0.0006955875,-9.25580952380953e-05,-1.5453970262926824,-0.0769524190041952,0.0536376764036283,-0.0006131857142857,-1.3174889533635528,8.449375606660639e-06
2023-01-14 00:00:00+00:00,-0.0001097233333333,3.98e-06,3.0,596562.32999999,298281.17,-0.0007625,-0.00061985,-0.00073736,-0.00061985,-0.00068489,-0.0001225185714285,-1.427726921332526,0.0020734488575442,0.0562336318160472,-0.0006466189285714,-1.1998094330329874,-2.2750572014594533e-07
2023-01-15 00:00:00+00:00,4.0463333333333336e-05,0.0001,3.0,567086.05,283543.03,-0.00061985,0.0001354,6.692e-05,0.0001354,-7.05325e-05,-9.28242857142858e-05,0.0776922206132367,-0.0506726730728175,-0.0306497494755628,-0.0005610578571428,0.7759836267925978,-2.05038526143644e-06
2023-01-16 00:00:00+00:00,0.0001,0.0001,3.0,453883.88,226941.94,0.0001354,0.0,0.0,0.0,3.385e-05,-6.654380952380959e-05,0.6645753724043381,-0.2226696614799657,-0.254117537888721,-0.00044566,1.098588957529354,-2.226696614799657e-05
2023-01-17 00:00:00+00:00,0.0001,0.0001,3.0,456759.67,228379.84,0.0,-5.32e-05,-0.00019669,-5.32e-05,-7.57725e-05,-1.5698571428571498e-05,0.6645753724043381,0.0063159719518335,-0.2547401662979336,-0.0003803210714285,0.7078195517354603,6.315971951833532e-07
2023-01-18 00:00:00+00:00,8.315e-05,4.945e-05,3.0,455060.32,227530.16,-5.32e-05,-0.00034113,-0.0004084,-0.00034113,-0.000285965,-7.891428571428642e-06,0.4680328965179893,-0.0037273847604026,-0.3133241366509764,-0.0003193703571428,0.0073899222814559,-3.099320428274833e-07
2023-01-19 00:00:00+00:00,9.920333333333334e-05,9.761e-05,3.0,450847.33,225423.67,-0.00034113,-0.00019778,-0.0004661,-0.00019778,-0.0003006975,2.904190476190469e-05,0.5969504530726896,-0.0093012138113834,-0.3549339313193869,-0.000297085,-0.0692895674321266,-9.227114141352802e-07
2023-01-20 00:00:00+00:00,0.0001,0.0001,3.0,443664.99,221832.5,-0.00019778,-6.44e-06,-0.00010267,-0.00010267,-0.00010239,5.901333333333327e-05,0.6048769074266968,-0.0160590171749106,-0.2940405294901023,-0.0002123425,0.5466519998181905,-1.6059017174910652e-06
2023-01-21 00:00:00+00:00,3.664e-05,-1.309e-05,3.0,459079.32,229539.66,-0.00010267,9.036e-05,6.794e-05,9.036e-05,3.64975e-05,7.992238095238089e-05,-0.01389785700718,0.034153254981641,-0.2619607233660055,-0.0001092871428571,0.9482356064087004,1.2513752625273268e-06
2023-01-22 00:00:00+00:00,0.0001,0.0001,3.0,423529.74,211764.87,9.036e-05,0.00043674,0.00038817,0.00038817,0.00032586,8.842761904761899e-05,0.6119519972982939,-0.0805992696404231,-0.2918873199336111,-5.265964285714286e-05,1.7382201657113248,-8.059926964042319e-06
2023-01-23 00:00:00+00:00,0.0001,0.0001,3.0,398534.25,199267.13,0.00038817,0.00029163,0.00028273,0.00029163,0.00031354,8.842761904761899e-05,0.6119519972982939,-0.0608302941082339,-0.1300479525618794,-1.2703928571428578e-05,1.5650337163243857,-6.083029410823393e-06
2023-01-24 00:00:00+00:00,0.0001,0.0001,3.0,398245.32,199122.66,0.00029163,0.00043422,0.00041149,0.00043422,0.00039289,8.842761904761898e-05,0.6119519972982939,-0.0007252445307166,-0.1370891690444295,5.4247857142857136e-05,1.6480517151681209,-7.252445307166511e-08
2023-01-25 00:00:00+00:00,0.0001,0.0001,3.0,410280.95,205140.48,0.00043422,0.0,-1.227e-05,-1.227e-05,0.00010242,9.083476190476183e-05,0.5869551682328435,0.0297739716197078,-0.103587812664319,0.0001097314285714,0.7809327992398016,2.977397161970785e-06
2023-01-26 00:00:00+00:00,0.0001,0.0001,3.0,394965.05,197482.53,-1.227e-05,-0.00026475,-0.00035803,-0.00026475,-0.00022495,9.094857142857136e-05,0.5765596977352293,-0.0380448889545999,-0.1323314878075354,0.0001205524999999,-0.1264202895102257,-3.80448889545999e-06
2023-01-27 00:00:00+00:00,0.0001,0.0001,3.0,396086.47,198043.24,-0.00026475,2.97e-05,0.0,2.97e-05,-5.133750000000001e-05,9.094857142857136e-05,0.5676447371363835,0.0028352660297841,-0.1134372046028406,0.0001278457142857,0.3638953599940183,2.8352660297841226e-07
2023-01-28 00:00:00+00:00,0.0001,0.0001,3.0,398928.19,199464.1,2.97e-05,-0.00015587,-0.00017446,-0.00017446,-0.0001187725,0.0001,0.5676447371363836,0.0071488797515151,-0.1404415798329665,0.0001056642857142,0.1979873976061903,7.148879751515125e-07
2023-01-29 00:00:00+00:00,0.0001,0.0001,3.0,391450.45,195725.23,-0.00017446,0.0,0.0,0.0,-4.3615e-05,0.0001,0.5676447371363836,-0.0189224828297209,-0.0787647930222643,5.2882142857142856e-05,0.4355810134288457,-1.8922482829720977e-06
2023-01-30 00:00:00+00:00,0.0001,0.0001,3.0,391064.98,195532.49,0.0,0.00040611,0.00029385,0.00029385,0.0002484525,0.0001,0.5676447371363835,-0.0009852074895935,-0.0189197064036239,4.358392857142856e-05,1.258227958133474,-9.852074895935204e-08
2023-01-31 00:00:00+00:00,0.0001,0.0001,3.0,388937.77,194468.89,0.00029385,0.0,-3.1e-07,0.0,7.3385e-05,0.0001,0.5676447371363835,-0.005454378907638,-0.0236488407805453,-2.0596428571428653e-06,0.8133403983800152,-5.454378907638002e-07
2023-02-01 00:00:00+00:00,0.0001,0.0001,3.0,414850.06,207425.03,0.0,0.0,-1.267e-05,0.0,-3.1675e-06,0.0001,0.5678135101652652,0.0644977972127378,0.0110749848124847,-1.7143571428571438e-05,0.6115692809650712,6.449779721273786e-06
2023-02-02 00:00:00+00:00,0.0001,0.0001,3.0,403124.96,201562.48,0.0,0.0,0.0,0.0,0.0,0.0001,0.5678135101652652,-0.0286705654156467,0.0204493083514378,1.499214285714285e-05,0.6016264146225355,-2.867056541564672e-06
2023-02-03 00:00:00+00:00,0.0001,0.0001,3.0,405523.01,202761.51,0.0,0.00034287,0.00017073,0.00017073,0.0001710825,0.0001,0.5678135101652652,0.0059310283798748,0.0235450707015285,4.676642857142856e-05,1.0379161403595838,5.931028379874803e-07
2023-02-04 00:00:00+00:00,0.0001,0.0001,3.0,379363.81,189681.91,0.00017073,7.212e-05,0.0,7.212e-05,7.87425e-05,0.0001,0.5678135101652652,-0.0666819512077339,-0.0502857602577204,7.498285714285713e-05,0.7143806374179439,-6.66819512077339e-06
2023-02-05 00:00:00+00:00,0.0001,0.0001,3.0,388165.46,194082.73,7.212e-05,-0.00015334,-0.00015793,-0.00015334,-9.81225e-05,0.0001,0.5527775526918783,0.0229360265237748,-0.0084272509042246,6.719607142857142e-05,0.162444329411106,2.29360265237748e-06
2023-02-06 00:00:00+00:00,0.0001,0.0001,3.0,400407.14,200203.57,-0.00015334,-4.284e-05,-0.00010653,-4.284e-05,-8.638749999999999e-05,0.0001,0.5527775526918783,0.0310501874287645,0.0236081440141333,1.936178571428571e-05,0.1634613596922869,3.1050187428764533e-06
2023-02-07 00:00:00+00:00,0.0001,0.0001,3.0,411814.15,205907.08,-4.284e-05,-0.00031598,-0.00033932,-0.00031598,-0.0002535299999999,0.0001,0.5032158900751431,0.0280902758939021,0.0571527988156734,-2.734035714285714e-05,-0.4023019177266271,2.809027589390212e-06
2023-02-08 00:00:00+00:00,0.0001,0.0001,3.0,414529.61,207264.81,-0.00031598,-7.083e-05,-0.00011285,-0.00011285,-0.0001531275,0.0001,0.4539590590856832,0.006572252144565,-0.0007727462524993,-4.876321428571429e-05,-0.1624464641131805,6.572252144565027e-07
2023-02-09 00:00:00+00:00,0.0001,0.0001,3.0,408112.19,204056.1,-0.00011285,-0.0002994,-0.00035841,-0.00035841,-0.0002822675,0.0001,0.4247579642785175,-0.0156022953928474,0.0122955237702999,-8.908714285714286e-05,-0.6553947863465757,-1.560229539284741e-06
2023-02-10 00:00:00+00:00,0.0001,0.0001,3.0,414971.84,207485.92,-0.00035841,-0.00035131,-0.00039131,-0.00039131,-0.000373085,0.0001,0.3921040541969219,0.016668550411202,0.0230330458016272,-0.0001668253571428,-1.0927585163659068,1.6668550411202077e-06
2023-02-11 00:00:00+00:00,0.0001,0.0001,3.0,414870.17,207435.09,-0.00039131,-0.00023268,-0.00029077,-0.00023268,-0.00028686,0.0001,0.344048501503793,-0.0002450345952205,0.0894699624141406,-0.0002190542857142,-0.8059463943691305,-2.450345952205169e-08
2023-02-12 00:00:00+00:00,0.0001,0.0001,3.0,424232.63,212116.32,-0.00023268,-0.00046192,-0.00049162,-0.00046192,-0.000412035,0.0001,0.287769348915354,0.0223163325243405,0.0888502684147063,-0.0002638989285714,-1.4381341662709033,2.231633252434051e-06
2023-02-13 00:00:00+00:00,0.0001,0.0001,3.0,427245.45,213622.73,-0.00046192,-0.00033651,-0.00045287,-0.00045287,-0.0004260424999999,0.0001,0.2976234439015625,0.0070767120005132,0.0648767929864551,-0.0003124210714285,-1.6685093600212877,7.076712000513297e-07
2023-02-14 00:00:00+00:00,8.043666666666667e-05,0.0001,3.0,425915.56,212957.78,-0.00045287,-9.415e-05,-0.00039845,-0.00039845,-0.00033598,9.720523809523804e-05,-1.3244408735335775,-0.0031175617768131,0.0336689553157398,-0.0003241996428571,-1.1839490316361978,-2.507662774542568e-07
2023-02-15 00:00:00+00:00,0.0001,0.0001,3.0,430825.0,215412.5,-0.00039845,-0.00047177,-0.00059772,-0.00047177,-0.0004849275,9.720523809523804e-05,0.273886082806473,0.0114608645080931,0.0385575676792679,-0.0003715996428571,-1.6870061577226851,1.1460864508093138e-06
2023-02-16 00:00:00+00:00,7.17e-06,2.554e-05,3.0,434309.21,217154.61,-0.00047177,-6.567e-05,-7.755e-05,-7.755e-05,-0.000173135,8.394380952380946e-05,-4.2373300280117085,0.0080547706875382,0.0622146337596536,-0.0003560092857142,-0.3455043956331148,5.775270582964917e-08
2023-02-17 00:00:00+00:00,0.0001,0.0001,3.0,399387.26,199693.63,-7.755e-05,8.611e-05,0.0,8.611e-05,2.36675e-05,8.394380952380946e-05,0.2895908597537309,-0.0838252232289811,-0.0382791398805295,-0.0002993303571428,0.4503778752020313,-8.382522322898113e-06
2023-02-18 00:00:00+00:00,0.0001,0.0001,3.0,364299.81,182149.91,8.611e-05,0.0,0.0,0.0,2.15275e-05,8.394380952380946e-05,0.2881792011561626,-0.0919543401599902,-0.1299884454452993,-0.000255275,0.4004148596675142,-9.195434015999027e-06
2023-02-19 00:00:00+00:00,0.0001,0.0001,3.0,368910.99,184455.5,0.0,-1.956e-05,-0.00018254,-1.956e-05,-5.5415e-05,8.394380952380946e-05,0.2881792011561626,0.0125782129640175,-0.1397265650056223,-0.0002043292857142,0.0596616590526337,1.2578212964017511e-06
2023-02-20 00:00:00+00:00,0.0001,0.0001,3.0,375850.33,187925.17,-1.956e-05,8.32e-06,0.0,8.32e-06,-7.299999999999998e-07,8.394380952380946e-05,0.2178203771661175,0.0186356102027112,-0.1281676668034244,-0.0001435703571428,0.3031211395127308,1.8635610202711207e-06
2023-02-21 00:00:00+00:00,0.0001,0.0001,3.0,380764.66,190382.33,8.32e-06,0.0,0.0,0.0,2.08e-06,8.673857142857137e-05,0.2178203771661183,0.0129904883558094,-0.1120596166708018,-9.527607142857145e-05,0.3821916538350112,1.2990488355809405e-06
2023-02-22 00:00:00+00:00,0.0001,0.0001,3.0,379692.23,189846.12,0.0,-0.00027752,-0.00033143,-0.00027752,-0.0002216175,8.673857142857137e-05,0.2178203771661175,-0.0028204904842041,-0.1263409716630992,-5.7660357142857165e-05,-0.595011236685572,-2.8204904842041856e-07
2023-02-23 00:00:00+00:00,0.0001,0.0001,3.0,393512.4,196756.2,-0.00027752,0.0,0.0,0.0,-6.938e-05,0.0001,0.2178203771661183,0.035751575927577,-0.0986441664230604,-4.28382142857143e-05,0.2447628464728272,3.5751575927577053e-06
2023-02-24 00:00:00+00:00,0.0001,0.0001,3.0,398014.85,199007.43,0.0,-0.00017194,-0.00023103,-0.00023103,-0.0001585,0.0001,0.2178203771661175,0.0113767367140482,-0.003442206480031,-6.886214285714287e-05,-0.1969138676519889,1.1376736714048265e-06
2023-02-25 00:00:00+00:00,0.0001,0.0001,3.0,405985.68,202992.84,-0.00023103,-0.00026855,-0.00029363,-0.00029363,-0.00027171,0.0001,0.2178203771661175,0.0198285718975697,0.1083407055775289,-0.0001107532142857,-0.8135476950700197,1.98285718975697e-06
2023-02-26 00:00:00+00:00,0.0001,0.0001,3.0,396749.19,198374.6,-0.00029363,0.0,-8.151e-05,-8.151e-05,-0.0001141625,0.0001,0.2178203771661183,-0.0230135702272047,0.0727489223863067,-0.0001191457142857,0.070064706597462,-2.301357022720474e-06
2023-02-27 00:00:00+00:00,0.0001,0.0001,3.0,391988.38,195994.19,-8.151e-05,-0.00014518,-0.00016015,-0.00016015,-0.0001367474999999,0.0001,0.2178203771661175,-0.0120721213225714,0.042041190861024,-0.0001385767857142,-0.051946543906082,-1.2072121322571406e-06
2023-02-28 00:00:00+00:00,0.0001,0.0001,3.0,390637.88,195318.94,-0.00016015,-0.00038576,-0.00044071,-0.00044071,-0.0003568325,0.0001,0.2178203771661183,-0.0034512037468861,0.0255994987583285,-0.00018985,-1.1889220352827303,-3.4512037468861226e-07
2023-03-01 00:00:00+00:00,8.796e-05,0.0001,3.0,409687.84,204843.92,-0.00044071,-0.00016886,-0.00020862,-0.00016886,-0.0002467625,9.827999999999992e-05,-0.4575291371685771,0.0476145111114387,0.0760345003539715,-0.0001934421428571,-0.5435668325614517,4.1881723973621546e-06
2023-03-02 00:00:00+00:00,0.0001,0.0001,3.0,425227.24,212613.62,-0.00016886,-0.00024591,-0.00025809,-0.00025809,-0.0002327374999999,9.827999999999996e-05,0.2404556200267905,0.0372282045271674,0.0775111289535619,-0.0002167789285714,-0.4132913174369859,3.7228204527167455e-06
2023-03-03 00:00:00+00:00,0.0001,0.0001,3.0,427739.87,213869.94,-0.00025809,0.0,0.0,0.0,-6.45225e-05,9.827999999999992e-05,0.2404556200267913,0.0058915220489215,0.0720259142884351,-0.0002033535714285,0.624931198926473,5.891522048921516e-07
2023-03-04 00:00:00+00:00,0.0001,0.0001,3.0,416941.35,208470.68,0.0,-0.00041674,-0.00046404,-0.00046404,-0.000336205,9.827999999999992e-05,0.2404556200267905,-0.0255696660096003,0.0266276763812651,-0.0002125671428571,-0.971711458892235,-2.556966600960031e-06
2023-03-05 00:00:00+00:00,4.513333333333333e-06,-2.266e-05,3.0,406661.02,203330.51,-0.00046404,-0.00037682,-0.00040762,-0.00040762,-0.000414025,8.463904761904755e-05,-3.679047865712616,-0.0249656007081124,0.0246756459003574,-0.0002554046428571,-1.4015811463592447,-1.1267807786261437e-07
2023-03-06 00:00:00+00:00,3.3956666666666666e-05,4.746e-05,3.0,415915.01,207957.51,-0.00040762,-0.00034335,-0.00039696,-0.00039696,-0.0003862225,7.520428571428564e-05,-2.1573544446019595,0.0225009727870801,0.059248740010009,-0.0002910439285714,-1.162249243346336,7.640580326066195e-07
2023-03-07 00:00:00+00:00,8.355666666666668e-05,9.449e-05,3.0,405955.85,202977.93,-0.00039696,-0.00036476,-0.00041329,-0.00041329,-0.000397075,7.285523809523803e-05,-0.2432347955079999,-0.024236526657642,0.038463417099253,-0.0002967928571428,-1.1523932186051653,-2.025123379090381e-06
2023-03-08 00:00:00+00:00,7.889333333333334e-05,0.0001,3.0,418324.99,209162.5,-0.00041329,-0.00025662,-0.00028085,-0.00025662,-0.000301845,7.155999999999993e-05,-0.3945494255397693,0.030014208629451,0.0208631146172653,-0.0003046617857142,-0.4804113904462831,2.3679209661394905e-06
2023-03-09 00:00:00+00:00,9.289e-05,0.0001,3.0,414728.53,207364.27,-0.00025662,-0.0003142,-0.00043373,-0.00043373,-0.00035957,7.054428571428564e-05,0.1498680829529609,-0.0086344568693075,-0.0249995467792096,-0.0003227807142857,-0.8323616590333129,-8.020546985899762e-07
2023-03-10 00:00:00+00:00,0.0001,0.0001,3.0,413452.99,206726.5,-0.00043373,-0.00028381,-0.00030792,-0.00028381,-0.0003273175,7.054428571428564e-05,0.4223361520543051,-0.0030803416347193,-0.0339714104628505,-0.0003603228571428,-0.5805491816252292,-3.080341634719375e-07
2023-03-11 00:00:00+00:00,9.851333333333332e-05,9.554e-05,3.0,419905.2,209952.6,-0.00028381,-0.00022096,-0.00029139,-0.00029139,-0.0002718875,7.03319047619047e-05,0.3675486349526061,0.015485151542645,0.0070834070893948,-0.0003511346428571,-0.2174302986839893,1.5254938956377748e-06
2023-03-12 00:00:00+00:00,4.428e-05,0.0001,3.0,414959.74,207479.87,-0.00029139,-0.0001633,-0.00037009,-0.00037009,-0.0002987175,7.601285714285707e-05,-1.572193506050309,-0.0118474680378639,0.0202015397596433,-0.0003346621428571,-0.4154000421812024,-5.246058847166162e-07
2023-03-13 00:00:00+00:00,0.0001,0.0001,3.0,430821.1,215410.55,-0.00037009,-0.0002377,-0.00025891,-0.00025891,-0.0002814025,8.544761904761898e-05,0.4749634338327667,0.0375114192506682,0.0352119862232314,-0.0003196878571428,-0.3012105917877211,3.7511419250668257e-06
2023-03-14 00:00:00+00:00,5.788666666666667e-05,0.0001,3.0,414741.87,207370.94,-0.00025891,0.0,-0.0001613,-0.0001613,-0.0001453774999999,8.178047619047612e-05,-1.006165342184305,-0.0380365960187543,0.0214119168621191,-0.0002837310714285,0.5581923846239037,-2.201811754872292e-06
2023-03-15 00:00:00+00:00,0.0001,0.0001,3.0,387920.98,193960.49,-0.0001613,0.00028413,0.00026523,0.00026523,0.0001633225,8.479571428571423e-05,0.5190360799839947,-0.0668546676204595,-0.0754569593877914,-0.0002172785714285,2.342661340973241,-6.685466762045955e-06
2023-03-16 00:00:00+00:00,0.0001,0.0001,3.0,390554.29,195277.15,0.00026523,-0.00033749,-0.00035804,-0.00035804,-0.000197085,8.58114285714285e-05,0.4935776351962635,0.0067653274170158,-0.060057175101468,-0.0001940664285714,0.0384924500720371,6.765327417015854e-07
2023-03-17 00:00:00+00:00,0.0001,0.0001,3.0,404237.81,202118.91,-0.00035804,-0.00043099,-0.00054879,-0.00043099,-0.0004422025,8.58114285714285e-05,0.493577635196264,0.0344363568902554,-0.0225404765764931,-0.0002104785714285,-1.5612122298648083,3.4436356890255483e-06
2023-03-18 00:00:00+00:00,0.0001,0.0001,3.0,395866.38,197933.19,-0.00043099,0.0,-3.562e-05,0.0,-0.0001166525,8.602380952380946e-05,0.4519128156436525,-0.0209266133235708,-0.058952241442709,-0.0001883021428571,0.5372835478324298,-2.092661332357082e-06
2023-03-19 00:00:00+00:00,0.0001,0.0001,3.0,383011.85,191505.93,0.0,-0.00023754,-0.00043227,-0.00043227,-0.00027552,9.398380952380946e-05,0.4519128156436525,-0.0330108014218915,-0.0801155748267365,-0.0001849882142857,-0.4400149919585719,-3.3010801421891503e-06
2023-03-20 00:00:00+00:00,0.0001,0.0001,3.0,375846.12,187923.06,-0.00043227,-0.00063571,-0.00076025,-0.00076025,-0.00064712,9.398380952380946e-05,0.4519128156436525,-0.0188861243468654,-0.1365131184242702,-0.0002372335714285,-2.546749068686985,-1.888612434686543e-06
2023-03-21 00:00:00+00:00,8.243e-05,0.0001,3.0,372244.97,186122.49,-0.00076025,-0.00060062,-0.00076695,-0.00060062,-0.00068211,9.748999999999992e-05,-0.2738448593135438,-0.009627645254552,-0.108104167660068,-0.0003139096428571,-2.398400016272596,-7.936067983327266e-07
2023-03-22 00:00:00+00:00,4.658333333333334e-05,9.857e-05,3.0,377662.65,188831.33,-0.00060062,-0.00049649,-0.00060426,-0.00060426,-0.0005764075,8.985904761904755e-05,-1.651933353186979,0.0144491777739368,-0.0268003222656716,-0.0004195853571428,-1.673638409400582,6.730908646358911e-07
2023-03-23 00:00:00+00:00,5.169666666666667e-05,1.601e-05,3.0,378004.0,189002.0,-0.00060426,-0.00044781,-0.00058478,-0.00044781,-0.000521165,8.295857142857137e-05,-1.3393537835745064,0.0009034407518644,-0.032662208930823,-0.0004658825,-1.2889231360083495,4.670487540221852e-08
2023-03-24 00:00:00+00:00,5.7333333333333375e-06,0.0001,3.0,396758.39,198379.2,-0.00044781,-0.00036116,-0.00039701,-0.00039701,-0.0004007474999999,6.94919047619047e-05,-2.647648748108394,0.048422728426642,-0.0186758373944364,-0.0004599603571428,-0.5833979208560155,2.776236429794148e-07
2023-03-25 00:00:00+00:00,5.7100000000000006e-05,-2.596e-05,3.0,396614.43,198307.22,-0.00039701,-0.00050976,-0.00054675,-0.00050976,-0.00049082,6.336333333333326e-05,-0.817501171099659,-0.0003629063107553,0.001887869618379,-0.0005134128571428,-1.0152891431445772,-2.0721950344128005e-08
2023-03-26 00:00:00+00:00,2.4510000000000004e-05,8.54e-06,3.0,393823.89,196911.95,-0.00050976,-0.00039257,-0.00050508,-0.00039257,-0.000449995,5.257904761904755e-05,-1.7602615345826778,-0.0070607700127656,0.0278379010275049,-0.0005383378571428,-0.7344937006987742,-1.730594730128853e-07
2023-03-27 00:00:00+00:00,7.332666666666666e-05,0.0001,3.0,401105.74,200552.87,-0.00039257,-0.00057253,-0.00064457,-0.00064457,-0.00056356,4.876857142857136e-05,-0.13634797600671,0.0183212536420338,0.0650452790164042,-0.0005264007142857,-1.2806370501290327,1.3434364587248688e-06
2023-03-28 00:00:00+00:00,-3.533333333333333e-06,-1.658e-05,3.0,381122.75,190561.38,-0.00064457,-0.00065976,-0.00074658,-0.00065976,-0.0006776675,3.6488095238095175e-05,-2.321413404502888,-0.0511035816032858,0.0235693426676704,-0.0005257660714285,-1.744042821569409,1.805659883316101e-07
2023-03-29 00:00:00+00:00,4.753333333333334e-06,0.0001,3.0,424574.99,212287.5,-0.00065976,-0.0003865,-0.00047307,-0.0003865,-0.0004764575,3.051238095238089e-05,-1.8709691242710316,0.1079671433218187,0.1170873082155523,-0.0005114875,-0.629995647975585,5.132038212563787e-07
2023-03-30 00:00:00+00:00,8.978333333333334e-05,0.0001,3.0,390113.13,195056.57,-0.0003865,-0.00042486,-0.00043231,-0.00042486,-0.0004171325,3.595333333333326e-05,0.5499013571303877,-0.084651871055275,0.0315319964084128,-0.0004966257142857,-0.300098345040329,-7.600327156246112e-06
2023-03-31 00:00:00+00:00,5.253666666666667e-05,7.819e-05,3.0,388887.42,194443.71,-0.00042486,-0.00051899,-0.00054805,-0.00054805,-0.0005099875,4.263952380952374e-05,-0.4784542003523185,-0.0031468809912986,-0.0200376130095278,-0.0005122314285714,-0.7484504906552018,-1.6532663767952796e-07
2023-04-01 00:00:00+00:00,8.372333333333333e-05,0.0001,3.0,383391.23,191695.62,-0.00054805,-0.00026349,-0.00026352,-0.00026352,-0.000334645,4.644285714285707e-05,0.4309267187353898,-0.0142339369241035,-0.0339086436228761,-0.0004899207142857,0.2086323564799004,-1.1917126457423649e-06
2023-04-02 00:00:00+00:00,9.818333333333333e-05,9.455e-05,3.0,408012.21,204006.11,-0.00026352,-0.00046054,-0.00050804,-0.00050804,-0.0004350349999999,5.6967619047618985e-05,0.8507572953809104,0.0622411443597705,0.03539327074966,-0.0004877835714285,-0.2799158922677583,6.111043023723473e-06
2023-04-03 00:00:00+00:00,1.497e-05,2.425e-05,3.0,404798.27,202399.14,-0.00050804,-0.00024471,-0.00026738,-0.00026738,-0.0003218775,4.863095238095231e-05,-1.4354569617874833,-0.0079082561782524,0.0091637609293737,-0.0004532575,0.3589246608928951,-1.1838659498843868e-07
2023-04-04 00:00:00+00:00,2.5466666666666668e-05,2.512e-05,3.0,408522.71,204261.36,-0.00026738,-0.00024933,-0.00028365,-0.00024933,-0.0002624225,5.2773809523809455e-05,-1.1948705369557324,0.0091586621413313,0.0694260046739909,-0.0003939367857142,0.6623084996704101,2.332405958659043e-07
2023-04-05 00:00:00+00:00,1.7643333333333334e-05,6.407e-05,3.0,393241.64,196620.82,-0.00024933,-0.00070913,-0.00075924,-0.00070913,-0.0006067075,5.461523809523802e-05,-1.3801464202743776,-0.0381232234188821,-0.07666436206671,-0.0004125439285714,-1.20098939522001,-6.726207385204781e-07
2023-04-06 00:00:00+00:00,7.119666666666667e-05,0.0001,3.0,432991.02,216495.51,-0.00070913,-0.00066356,-0.00073862,-0.00073862,-0.0007124825,5.195999999999993e-05,0.1597346894702349,0.0962927057862526,0.1042802147748176,-0.0004547367857142,-1.638432252631545,6.855719676295231e-06
2023-04-07 00:00:00+00:00,4.610666666666666e-05,7.434e-05,3.0,446707.37,223353.69,-0.00073862,-0.00029715,-0.00049604,-0.00029715,-0.00045724,5.10414285714285e-05,-0.5262335504394551,0.0311867382333073,0.1386138339994236,-0.0004472014285714,-0.2824310392682442,1.4379165441436889e-06
2023-04-08 00:00:00+00:00,5.65e-05,7.251e-05,3.0,449562.13,224781.07,-0.00029715,-0.00030721,-0.00035413,-0.00035413,-0.000328155,4.715238095238088e-05,-0.1968293188163937,0.0063703376141361,0.1592181085376633,-0.0004462742857142,0.3860619448330685,3.599240751986948e-07
2023-04-09 00:00:00+00:00,7.876e-05,0.0001,3.0,436551.41,218275.71,-0.00035413,-0.00054461,-0.00057733,-0.00054461,-0.00050517,4.437761904761897e-05,0.4744479711913812,-0.0293679184826771,0.0676090456952156,-0.0004562935714285,-0.5055977745068716,-2.313017259695654e-06
2023-04-10 00:00:00+00:00,3.558e-05,0.0001,3.0,446372.8,223186.4,-0.00054461,-0.00038632,-0.00045321,-0.00045321,-0.0004593374999999,4.732190476190469e-05,-0.739716363125368,0.0222483311888588,0.0977656330623268,-0.0004759307142857,-0.2362793486232185,7.915956236995971e-07
2023-04-11 00:00:00+00:00,6.407666666666667e-05,0.0001,3.0,433961.4,216980.7,-0.00045321,-0.00025159,-0.00030359,-0.00030359,-0.000327995,5.2837619047618975e-05,0.0866888873162218,-0.0281988872582008,0.0604080836627947,-0.0004852982142857,0.4596506916154778,-1.8068906992146505e-06
2023-04-12 00:00:00+00:00,0.0001,0.0001,3.0,407754.26,203877.13,-0.00030359,-0.00031495,-0.000476,-0.00031495,-0.0003523725,6.460285714285707e-05,1.1570083006748009,-0.0622909010281151,0.0362404060535617,-0.0004489646428571,0.3461139644539865,-6.229090102811519e-06
2023-04-13 00:00:00+00:00,8.058333333333333e-05,4.175e-05,3.0,428964.57,214482.29,-0.00031495,-0.00035474,-0.0004448,-0.00035474,-0.0003673074999999,6.594380952380945e-05,0.5530097127894534,0.050709639080182,-0.0093426606525088,-0.0003996539285714,0.3176401810988751,4.086351749211333e-06
2023-04-14 00:00:00+00:00,0.0001,0.0001,3.0,466382.39,233191.2,-0.00035474,-8.226e-05,-9.862e-05,-8.226e-05,-0.00015447,7.364285714285708e-05,1.128454357566704,0.0836315489286771,0.043102150042861,-0.0003564010714285,1.8328071152309815,8.36315489286772e-06
2023-04-15 00:00:00+00:00,0.0001,0.0001,3.0,503966.77,251983.39,-8.226e-05,-0.00029795,-0.00031423,-0.00029795,-0.0002480975,7.985714285714279e-05,1.128454357566704,0.077504456324462,0.1142362687531868,-0.0003449642857142,1.253833821048453,7.7504456324462e-06
2023-04-16 00:00:00+00:00,0.0001,0.0001,3.0,475334.17,237667.09,-0.00029795,-0.00014347,-0.00020848,-0.00020848,-0.000214595,8.289142857142851e-05,1.128454357566704,-0.0584922608851563,0.0851119263507076,-0.0003034535714285,1.3765244503444432,-5.849226088515636e-06
2023-04-17 00:00:00+00:00,0.0001,0.0001,3.0,479592.61,239796.31,-0.00020848,-0.00032774,-0.00038697,-0.00038697,-0.0003275399999999,9.209428571428566e-05,1.128454357566704,0.008918941887865,0.0717825370497138,-0.0002846253571428,0.7475337328497506,8.918941887865017e-07
2023-04-18 00:00:00+00:00,0.0001,0.0001,3.0,478142.56,239071.28,-0.00038697,0.0,0.0,0.0,-9.67425e-05,9.72261904761904e-05,1.128454357566704,-0.0030280836569769,0.0969533406509377,-0.0002515892857142,2.1380560282574805,-3.028083656976932e-07
2023-04-19 00:00:00+00:00,0.0001,0.0001,3.0,499735.57,249867.79,0.0,0.00016981,0.00011486,0.00011486,9.98825e-05,9.72261904761904e-05,1.128454357566704,0.044170167822644,0.2034144095016969,-0.0001869814285714,2.833104449156052,4.417016782264405e-06
2023-04-20 00:00:00+00:00,0.0001,0.0001,3.0,477957.45,238978.73,0.00011486,0.0,-9.09e-06,-9.09e-06,2.417e-05,0.0001,1.0943382551579774,-0.0445573867335866,0.1081473836879283,-0.0001310560714285,2.171571705895356,-4.455738673358667e-06
2023-04-21 00:00:00+00:00,0.0001,0.0001,3.0,446187.55,223093.78,-9.09e-06,-0.0001975,-0.00029259,-0.00029259,-0.0001979425,0.0001,1.0265495061771563,-0.0687823324696452,-0.0442664977103941,-0.0001372664285714,0.921660611767086,-6.878233246964528e-06
2023-04-22 00:00:00+00:00,0.0001,0.0001,3.0,439237.41,219618.71,-0.00029259,-0.00047058,-0.00054592,-0.00054592,-0.0004637525,0.0001,0.9660691906062489,-0.0156993151596402,-0.1374702691944964,-0.0001680742857142,-0.517890777777012,-1.5699315159640292e-06
2023-04-23 00:00:00+00:00,0.0001,0.0001,3.0,447515.42,223757.71,-0.00054592,-0.00056562,-0.00067071,-0.00056562,-0.0005869675,0.0001,0.912506158576115,0.0186709310582564,-0.0603070772510836,-0.0002212703571428,-1.124315079532488,1.8670931058256455e-06
2023-04-24 00:00:00+00:00,9.099333333333336e-05,0.0001,3.0,452644.41,226322.21,-0.00056562,-0.00016148,-0.00025241,-0.00025241,-0.0003079799999999,9.871333333333328e-05,0.6109779243171778,0.011395855125988,-0.0578301640129605,-0.0002184760714285,0.3185018705479379,1.0369468440974074e-06
2023-04-25 00:00:00+00:00,9.557e-05,0.0001,3.0,448145.37,224072.69,-0.00025241,-0.0003652,-0.00041419,-0.00041419,-0.0003614975,9.808047619047613e-05,0.6925058504529349,-0.0099891839600552,-0.0647912643160388,-0.0002562982142857,0.0188463080507858,-9.54666311062477e-07
2023-04-26 00:00:00+00:00,7.415e-05,2.332e-05,3.0,440960.7,220480.35,-0.00041419,-0.00051713,-0.00056149,-0.00056149,-0.000513575,9.438761904761898e-05,0.0475669008712717,-0.016161910558182,-0.1251233426968649,-0.000343935,-0.8068728818171763,-1.1984056678891997e-06
2023-04-27 00:00:00+00:00,7.473999999999999e-05,0.0001,3.0,462683.16,231341.58,-0.00056149,-0.00025724,-0.00027578,-0.00025724,-0.0003379374999999,9.077904761904756e-05,-0.0145790710453656,0.0480867443486836,-0.0324792116145946,-0.0003956646428571,0.0799515696439128,3.594003272620616e-06
2023-04-28 00:00:00+00:00,0.0001,0.0001,3.0,420391.9,210195.95,-0.00025724,-0.00046132,-0.00048121,-0.00046132,-0.0004152725,9.077904761904756e-05,0.7962308987565477,-0.0958551287254732,-0.0595520078704225,-0.0004267117857142,-0.3722669956506824,-9.58551287254732e-06
2023-04-29 00:00:00+00:00,9.675333333333336e-05,9.026e-05,3.0,429620.65,214810.33,-0.00046132,-0.00041991,-0.00044987,-0.00041991,-0.0004377525,9.031523809523804e-05,0.6650769862525926,0.0217152385568688,-0.0221374541539134,-0.0004229975,-0.495685114089305,2.1010217145055847e-06
2023-04-30 00:00:00+00:00,9.843666666666669e-05,9.531e-05,3.0,431472.22,215736.11,-0.00041991,-0.00031702,-0.00040357,-0.00031702,-0.00036438,9.00919047619047e-05,0.6762526833891896,0.0043005183718403,-0.0365078668403295,-0.0003911992857142,-0.1071228559843861,4.233286934627209e-07
2023-05-01 00:00:00+00:00,6.751e-05,9.135e-05,3.0,438364.22,219182.11,-0.00031702,-0.00063705,-0.00074358,-0.00063705,-0.000583675,8.67371428571428e-05,-0.4438419391698486,0.0158469889581489,-0.0320567330081686,-0.0004305842857142,-1.286572174463351,1.0698302245646358e-06
2023-05-02 00:00:00+00:00,2.7746666666666663e-05,1.549e-05,3.0,432740.87,216370.44,-0.00063705,-0.00046639,-0.00046704,-0.00046704,-0.00050938,7.704809523809517e-05,-1.7344908602522042,-0.0129110211372864,-0.0349785701853999,-0.0004517103571428,-0.8483023145988198,-3.582377998225756e-07
2023-05-03 00:00:00+00:00,8.099666666666666e-05,0.0001,3.0,443118.07,221559.04,-0.00046704,-0.00057748,-0.00057751,-0.00057751,-0.000549885,7.80261904761904e-05,0.0603893259714454,0.0236971620337005,0.0048805024064826,-0.0004568975,-1.0126656187225698,1.9193911341896312e-06
2023-05-04 00:00:00+00:00,9.822e-05,9.466e-05,3.0,456039.68,228019.84,-0.00057751,-0.00044704,-0.00050081,-0.00044704,-0.0004931,8.138047619047611e-05,0.6788803364861679,0.0287435650364038,-0.0144626769057971,-0.0004790635714285,-0.6594957921763419,2.8231929578755865e-06
2023-05-05 00:00:00+00:00,0.0001,0.0001,3.0,447373.69,223686.85,-0.00044704,-0.00048576,-0.00054721,-0.00048576,-0.0004914425,8.138047619047611e-05,0.7320553896177264,-0.019185582382768,0.062206869436908,-0.000489945,-0.6859999736156862,-1.918558238276802e-06
2023-05-06 00:00:00+00:00,0.0001,0.0001,3.0,451393.96,225696.98,-0.00048576,-0.00024088,-0.00030367,-0.00030367,-0.000333495,8.184428571428564e-05,0.6856225146809388,0.008946242810536,0.0494378736905751,-0.0004750510714285,0.1308015638009004,8.946242810536021e-07
2023-05-07 00:00:00+00:00,8.531333333333334e-05,5.594e-05,3.0,473258.98,236629.49,-0.00030367,-0.00027422,-0.00043544,-0.00043544,-0.0003621925,7.996952380952373e-05,-0.0787100141674048,0.0473022813808849,0.0924396366996198,-0.0004747385714285,-0.0595772310223883,4.035515298874568e-06
2023-05-08 00:00:00+00:00,5.417e-05,9.383e-05,3.0,440858.71,220429.36,-0.00043544,-0.00033541,-0.00055038,-0.00033541,-0.00041416,7.806380952380945e-05,-1.6445467821521562,-0.0709183264561694,0.0056743212853014,-0.0004505221428571,-0.3535903664425868,-3.8416457441307e-06
2023-05-09 00:00:00+00:00,9.111e-05,0.0001,3.0,443997.29,221998.65,-0.00033541,-0.00058967,-0.00059682,-0.00059682,-0.00052968,8.711571428571423e-05,0.1976687693050121,0.0070940201850717,0.0256793626076596,-0.0004534221428571,-1.035614960531078,6.46336179061889e-07
2023-05-10 00:00:00+00:00,9.689666666666668e-05,9.069e-05,3.0,435451.81,217725.91,-0.00059682,-0.00038093,-0.00046843,-0.00038093,-0.0004567774999999,8.93871428571428e-05,0.4429283285054632,-0.0194343230602953,-0.0174521224863362,-0.0004401210714285,-0.6017425931735987,-1.8831211234657524e-06
2023-05-11 00:00:00+00:00,5.992e-05,1.779e-05,3.0,443075.93,221537.97,-0.00038093,-0.00049624,-0.00049712,-0.00049712,-0.0004678525,8.391571428571422e-05,-1.6671247747131388,0.017357019156746,-0.028838668365994,-0.0004365142857142,-0.6356674873112489,1.0400325878722224e-06
2023-05-12 00:00:00+00:00,4.7486666666666674e-05,5.119e-05,3.0,440658.73,220329.37,-0.00049712,-0.00044572,-0.00056253,-0.00044572,-0.0004877724999999,7.641380952380945e-05,-2.1043751990281843,-0.0054704339151303,-0.0151235198983563,-0.00043599,-0.7201907831797991,-2.597726718498236e-07
2023-05-13 00:00:00+00:00,5.589666666666666e-05,9.944e-05,3.0,457020.22,228510.11,-0.00044572,-0.00042073,-0.00042797,-0.00042797,-0.0004305974999999,7.011333333333326e-05,-1.5497297287553886,0.0364569140006931,0.0123871512918007,-0.0004498617857142,-0.3713969739584624,2.0378199695920795e-06
2023-05-14 00:00:00+00:00,5.802333333333333e-05,9.34e-06,3.0,440213.0,220106.5,-0.00042797,-0.00034309,-0.00041105,-0.00041105,-0.00039829,6.621476190476184e-05,-1.337976175679272,-0.0374689343048135,-0.0723840643938977,-0.0004550185714285,-0.1385503217582661,-2.1740724648129663e-06
2023-05-15 00:00:00+00:00,7.416e-05,0.0001,3.0,450578.35,225289.18,-0.00041105,-0.00044928,-0.0005168,-0.00044928,-0.0004566024999999,6.907047619047612e-05,-0.5015924853285435,0.0232732791082739,0.0218075411705456,-0.0004610817857142,-0.4508777112428209,1.725946378669594e-06
2023-05-16 00:00:00+00:00,-1.4683333333333334e-05,-5.873e-05,3.0,451047.41,225523.71,-0.00044928,-0.0003685,-0.00049657,-0.00049657,-0.00045273,5.395714285714279e-05,-3.544722016616624,0.0010404761335056,0.0157539971189795,-0.0004500889285714,-0.3854416284754666,-1.527765789364149e-08
2023-05-17 00:00:00+00:00,3.02e-05,0.0001,3.0,455201.72,227600.86,-0.00049657,-0.00027137,-0.00032583,-0.00032583,-0.0003549,4.442904761904755e-05,-1.706537606234133,0.009168205434884,0.0443565256141589,-0.000435535,0.2232596945662778,2.768798041334986e-07
2023-05-18 00:00:00+00:00,8.573666666666668e-05,5.721e-05,3.0,464182.41,232091.21,-0.00032583,-0.00037158,-0.00044227,-0.00044227,-0.0003954875,4.811714285714279e-05,0.2908961333571838,0.0195369386090114,0.0465364450664242,-0.0004251971428571,0.0364421455599295,1.675031993207941e-06
2023-05-19 00:00:00+00:00,6.379666666666667e-05,0.0001,3.0,440344.49,220172.25,-0.00044227,-0.00030041,-0.00034828,-0.00030041,-0.0003478424999999,5.044714285714279e-05,-0.4580583041081043,-0.0527202475736157,-0.000713368592061,-0.0004052071428571,0.5680047679595851,-3.3633760610381035e-06
2023-05-20 00:00:00+00:00,9.432333333333332e-05,0.0001,3.0,454519.81,227259.91,-0.00030041,-0.00039566,-0.00049813,-0.00039566,-0.0003974649999999,5.59366666666666e-05,0.6584536165300227,0.0316841466270592,-0.005486135965695,-0.0004004739285714,0.3756097473682462,2.9885543236863144e-06
2023-05-21 00:00:00+00:00,8.777666666666666e-05,6.333e-05,3.0,458751.87,229375.94,-0.00039566,-0.00055324,-0.00056852,-0.00055324,-0.0005176649999999,6.018714285714279e-05,0.439207132064448,0.009267976628438,0.0412507749675565,-0.0004175275,-1.0110687214739549,8.135120951888626e-07
2023-05-22 00:00:00+00:00,5.2603333333333325e-05,1.848e-05,3.0,460517.54,230258.77,-0.00055324,-0.00016463,-0.00036033,-0.00016463,-0.0003107075,5.710761904761898e-05,-0.799220604512668,0.0038414683489023,0.0218189642081849,-0.0003966853571428,1.5685995565645257,2.0207404004675786e-07
2023-05-23 00:00:00+00:00,9.765333333333332e-05,0.0001,3.0,463945.61,231972.81,-0.00016463,-0.00053891,-0.00054483,-0.00053891,-0.00044682,7.315571428571422e-05,0.8684355428324592,0.0074163815242354,0.0281948695989147,-0.0003958410714285,-0.2141662998122167,7.242343771133347e-07
2023-05-24 00:00:00+00:00,6.185333333333334e-05,7.297e-05,3.0,472637.79,236318.9,-0.00053891,-0.00012944,-0.00015139,-0.00015139,-0.0002427825,7.767761904761899e-05,-0.4218776608264223,0.0185619979409583,0.037588662104989,-0.0003798242857142,2.3572805657633134,1.1481214459747448e-06
2023-05-25 00:00:00+00:00,6.209666666666666e-05,6.12e-05,3.0,480967.52,240483.76,-0.00015139,-0.00052025,-0.00053337,-0.00053337,-0.000434595,7.43004761904761e-05,-0.3751073027857922,0.0174704183694061,0.0355221418653837,-0.0003854110714285,-0.0441147833192359,1.084854746012221e-06
2023-05-26 00:00:00+00:00,6.393666666666666e-05,9.143e-05,3.0,453925.89,226962.95,-0.00053337,-0.00036961,-0.00041217,-0.00036961,-0.00042119,7.432047619047612e-05,-0.2928954692375392,-0.057865795007121,0.0303765944318783,-0.0003958892857142,0.090322947017302,-3.699746046771965e-06
2023-05-27 00:00:00+00:00,4.746333333333333e-05,6.045e-05,3.0,456467.34,228233.67,-0.00036961,-0.00059626,-0.00067288,-0.00067288,-0.0005779075,6.762619047619041e-05,-0.8643523685308375,0.0055832062852161,0.0042756540900352,-0.0004216667857142,-1.7942381389245332,2.649975809839752e-07
2023-05-28 00:00:00+00:00,-6.470000000000001e-06,1.422e-05,3.0,485752.87,242876.44,-0.00067288,-0.00034429,-0.00038834,-0.00034429,-0.00043745,5.416238095238088e-05,-2.464877409836501,0.0621828435128364,0.0571905209744336,-0.0004102075,-0.0079893932614857,-4.023229975280518e-07
2023-05-29 00:00:00+00:00,-1.1366666666666667e-05,5.912e-05,3.0,473724.13,236862.07,-0.00034429,-0.00042348,-0.00049281,-0.00042348,-0.000421015,4.5023809523809456e-05,-2.299304582583624,-0.0250748485837153,0.028274204041816,-0.0004259657142857,0.1929897925616046,2.850174455682311e-07
2023-05-30 00:00:00+00:00,8.543333333333333e-05,0.0001,3.0,443593.1,221796.55,-0.00042348,-0.00053344,-0.00058126,-0.00053344,-0.000517905,4.327809523809517e-05,0.6875099094977581,-0.0657174472438821,-0.0448596247263015,-0.0004361207142857,-0.966774135157352,-5.614460576202334e-06
2023-05-31 00:00:00+00:00,0.0001,0.0001,3.0,435685.44,217842.72,-0.00053344,-0.00032181,-0.00040984,-0.00040984,-0.0004187325,4.8727619047618975e-05,1.0825674011460442,-0.0179871857256639,-0.0814088083929238,-0.0004612564285714,0.2301021288862209,-1.7987185725663936e-06
2023-06-01 00:00:00+00:00,7.554000000000001e-05,0.0001,3.0,440070.41,220035.21,-0.00040984,-0.00049478,-0.00056309,-0.00049478,-0.0004906225,5.064809523809517e-05,0.2977456711481979,0.0100142217613861,-0.0888650050009438,-0.0004692603571428,-0.7485751964911136,7.564743118551069e-07
2023-06-02 00:00:00+00:00,6.867333333333333e-05,8.579e-05,3.0,446747.28,223373.64,-0.00049478,-0.0004781,-0.00049654,-0.0004781,-0.00048688,5.132476190476184e-05,0.0979588645173504,0.0150583287673544,-0.0159408812264683,-0.0004786446428571,-0.751942944552421,1.034105630883456e-06
2023-06-03 00:00:00+00:00,9.072666666666668e-05,0.0001,3.0,446741.07,223370.54,-0.0004781,-0.00043315,-0.00044915,-0.00044915,-0.0004523874999999,5.750523809523803e-05,0.7978325465484166,-1.3900572962910474e-05,-0.0215379880846473,-0.0004607132142857,-0.2914171329161559,-1.2611526496816574e-09
2023-06-04 00:00:00+00:00,8.897666666666668e-05,0.0001,3.0,454124.44,227062.22,-0.00044915,-0.0003366,-0.00051265,-0.00051265,-0.0004527624999999,7.114047619047612e-05,0.7629162066307793,0.0163920923682496,-0.0673287392292341,-0.0004629007142857,-0.3184777803915962,1.4585137386189623e-06
2023-06-05 00:00:00+00:00,7.315666666666666e-05,0.0001,3.0,443566.85,221783.43,-0.00051265,-0.00027505,-0.00031735,-0.00027505,-0.000345025,8.321523809523803e-05,0.2959718764296559,-0.0235227342021477,-0.0657766248476665,-0.000452045,1.2381405154620335,-1.7208448251151249e-06
2023-06-06 00:00:00+00:00,0.0001,0.0001,3.0,444812.7,222406.35,-0.00027505,-0.00031316,-0.00038671,-0.00038671,-0.0003404075,8.529619047619041e-05,1.1321254823274691,0.002804771489238,0.0027455938854537,-0.0004266882142857,1.2785256172103094,2.804771489238078e-07
2023-06-07 00:00:00+00:00,6.702e-05,9.199e-05,3.0,453342.6,226671.3,-0.00038671,-0.00038746,-0.00049886,-0.00049886,-0.0004429725,8.058476190476183e-05,0.0667391169440015,0.0189948363425003,0.0397276159536179,-0.0004301510714285,-0.1687896955073687,1.2730339316743715e-06
2023-06-08 00:00:00+00:00,9.529e-05,8.587e-05,3.0,429256.82,214628.41,-0.00049886,-0.00018425,-0.00024582,-0.00024582,-0.0002936875,8.340619047619041e-05,0.9616153144295368,-0.0545927432011179,-0.0248793490088861,-0.0004020175,1.8008280920721285,-5.20214249963453e-06
2023-06-09 00:00:00+00:00,8.694666666666667e-05,7.264e-05,3.0,431199.27,215599.64,-0.00024582,-0.00052343,-0.00055429,-0.00052343,-0.0004617424999999,8.60166666666666e-05,0.7134024069220273,0.0045149388150242,-0.0354227389612162,-0.0003984264285714,-0.5318875057558056,3.925588801703123e-07
2023-06-10 00:00:00+00:00,6.186e-05,8.18e-05,3.0,430006.96,215003.48,-0.00052343,-0.00050452,-0.00051772,-0.00050452,-0.0005125475,8.189285714285708e-05,-0.0945881364080285,-0.0027689320403201,-0.0381777704285735,-0.0004070207142857,-1.1932874640491804,-1.7128613601420374e-07
2023-06-11 00:00:00+00:00,8.687333333333334e-05,0.0001,3.0,442962.59,221481.3,-0.00050452,-0.00046364,-0.00055949,-0.00055949,-0.000521785,8.159238095238089e-05,0.6653697401621199,0.0296839249235691,-0.0248859378732539,-0.0004168810714285,-1.2817217189342431,2.578741504526868e-06
2023-06-12 00:00:00+00:00,9.050333333333332e-05,9.424e-05,3.0,437454.88,218727.44,-0.00055949,-0.00015008,-0.00037654,-0.00037654,-0.0003656625,8.407047619047613e-05,0.7388815997455634,-0.0125117504760101,-0.0138749541471163,-0.0004198292857142,0.7712430153634522,-1.1323551239138398e-06
2023-06-13 00:00:00+00:00,2.865e-05,9.2e-06,3.0,451178.39,225589.2,-0.00037654,-0.00047529,-0.00052768,-0.00052768,-0.0004767975,7.387761904761898e-05,-1.1693349807745022,0.0308892354826397,0.0142095098462853,-0.0004393135714285,-0.6623486877281372,8.849765965776297e-07
2023-06-14 00:00:00+00:00,6.310333333333333e-05,7.282e-05,3.0,452658.76,226329.38,-0.00052768,-0.0002761,-0.00030745,-0.0002761,-0.0003468325,7.331809523809517e-05,-0.0876584594582285,0.0032757479016254,-0.0015095785945895,-0.0004255792857142,0.9862603868133174,2.0671061175223714e-07
2023-06-15 00:00:00+00:00,9.291000000000002e-05,0.0001,3.0,468398.2,234199.1,-0.0002761,-0.0005065,-0.0005694,-0.0005065,-0.000464625,7.297809523809518e-05,0.8161872442623292,0.0341802364118848,0.0872634010184132,-0.0004499989285714,-0.5356617694032152,3.1756857650282205e-06
2023-06-16 00:00:00+00:00,2.6506666666666665e-05,7.47e-05,3.0,461205.48,230602.74,-0.0005065,-0.00050394,-0.00051587,-0.00051587,-0.0005105449999999,6.434380952380945e-05,-1.486112157426794,-0.0154751184756882,0.0672733437277006,-0.0004569707142857,-1.0563478770904264,-4.101938070622439e-07
2023-06-17 00:00:00+00:00,5.875666666666667e-05,4.885e-05,3.0,462860.88,231430.44,-0.00051587,-0.00046608,-0.00048893,-0.00046608,-0.00048424,6.390047619047612e-05,-0.3384709734210842,0.0035828634013927,0.0736251391694136,-0.0004529267857142,-0.6765014145480449,2.105171105878363e-07
2023-06-18 00:00:00+00:00,0.0001,0.0001,3.0,458135.1,229067.55,-0.00046608,-0.00049602,-0.00053827,-0.00049602,-0.0004990975,6.577571428571422e-05,1.0344586056203904,-0.0102624149899224,0.0336787992559219,-0.0004496857142857,-0.8093892286880308,-1.026241498992242e-06
2023-06-19 00:00:00+00:00,7.978666666666667e-05,7.71e-05,3.0,457695.8,228847.9,-0.00049602,-0.00021998,-0.00036271,-0.00036271,-0.000360355,6.424476190476183e-05,0.3648281531728604,-0.0009593474814888,0.0452312022504433,-0.0004489275,0.955006781562994,-7.65431377230569e-08
2023-06-20 00:00:00+00:00,8.854e-05,0.0001,3.0,457803.63,228901.82,-0.00036271,-0.00042629,-0.00050065,-0.00050065,-0.000447575,7.280047619047612e-05,0.6654527671356877,0.0002355654126375,0.0145775321804411,-0.0004447528571428,-0.1915427678164142,2.0856961634931682e-08
2023-06-21 00:00:00+00:00,5.1223333333333335e-05,5.525e-05,3.0,447191.91,223595.96,-0.00050065,-0.00057284,-0.00071206,-0.00057284,-0.0005895975,7.110333333333327e-05,-0.6186214427203406,-0.0234525053764027,-0.012150721097587,-0.0004794335714285,-1.880310903893924,-1.2013155003972705e-06
2023-06-22 00:00:00+00:00,1.6003333333333333e-05,-2.911e-05,3.0,453614.07,226807.04,-0.00057284,-0.00032967,-0.0004338,-0.00032967,-0.000416495,6.01166666666666e-05,-1.677211447179978,0.0142589391136329,-0.0320720183958389,-0.0004725578571428,0.3137623160484293,2.2819055561517285e-07
2023-06-23 00:00:00+00:00,6.719666666666667e-05,4.708e-05,3.0,455531.24,227765.62,-0.00032967,-0.00029901,-0.00035804,-0.00029901,-0.0003214325,6.592952380952374e-05,0.0183577665604931,0.0042175278708977,-0.0123793720492528,-0.0004455417857142,1.680298951697532,2.834038144980957e-07
2023-06-24 00:00:00+00:00,4.585666666666666e-05,2.34e-06,3.0,452292.01,226146.01,-0.00029901,-0.00043202,-0.00046889,-0.00046889,-0.0004172025,6.40866666666666e-05,-0.668092293036517,-0.0071362872605451,-0.0230985227111908,-0.000435965,0.3561498864072561,-3.272463461443992e-07
2023-06-25 00:00:00+00:00,3.5650000000000006e-05,-5.43e-06,3.0,449018.02,224509.01,-0.00046889,-0.00037193,-0.00043243,-0.00043243,-0.00042642,5.4893809523809455e-05,-0.9577984008963534,-0.0072649904941375,-0.0201010982154059,-0.0004255825,0.2323342881117143,-2.589969111160032e-07
2023-06-26 00:00:00+00:00,7.233666666666667e-05,0.0001,3.0,455414.09,227707.05,-0.00043243,-0.00051742,-0.00055024,-0.00051742,-0.0005043775,5.382952380952373e-05,0.207072284139919,0.014144072416915,-0.004997678317002,-0.0004461571428571,-0.9149749052742782,1.0231350517315796e-06
2023-06-27 00:00:00+00:00,2.228e-05,3.58e-05,3.0,474557.82,237278.91,-0.00051742,-0.00050378,-0.00050555,-0.00050378,-0.0005076325,4.436380952380945e-05,-1.556604615194938,0.0411763722259621,0.0359431284963225,-0.0004547367857142,-0.9142712139851004,9.174095731944368e-07
2023-06-28 00:00:00+00:00,4.484333333333333e-05,7.617e-05,3.0,494803.62,247401.81,-0.00050378,-0.00017334,-0.00021431,-0.00021431,-0.000276435,4.345238095238088e-05,-0.9589947890697504,0.0417774913687889,0.1011731252415142,-0.0004099992857142,2.112875332785946,1.873441971281059e-06
2023-06-29 00:00:00+00:00,8.845000000000001e-05,6.535e-05,3.0,477419.83,238709.92,-0.00021431,-0.00028132,-0.00029945,-0.00028132,-0.0002691,5.380190476190469e-05,0.7786766769466631,-0.0357647060420429,0.0511494800858383,-0.0003889428571428,1.9855231374824005,-3.1633882494187e-06
2023-06-30 00:00:00+00:00,9.046333333333337e-05,0.0001,3.0,491672.83,245836.42,-0.00028132,-0.00051279,-0.00058027,-0.00051279,-0.0004717925,5.712571428571422e-05,0.8839534372087616,0.0294172650836266,0.0763492172985671,-0.0004104228571428,-0.4899207556007395,2.6611838570151443e-06
2023-07-01 00:00:00+00:00,0.0001,0.0001,3.0,465468.73,232734.37,-0.00051279,-0.00025136,-0.00027417,-0.00025136,-0.0003224199999999,6.486047619047613e-05,1.205826432125686,-0.0547685962402457,0.0287169083188665,-0.0003968825,1.251247636138861,-5.476859624024578e-06
2023-07-02 00:00:00+00:00,0.0001,0.0001,3.0,487313.69,243656.85,-0.00025136,-0.00027677,-0.00036726,-0.00036726,-0.0003156625,7.405333333333327e-05,1.1374749843662235,0.045863123651479,0.0818450224644831,-0.00038106,1.240557332080999,4.586312365147904e-06
2023-07-03 00:00:00+00:00,0.0001,0.0001,3.0,493825.09,246912.55,-0.00036726,5.16e-06,0.0,0.0,-9.0525e-05,7.800523809523803e-05,1.112589835166985,0.0132733426331501,0.0809742926807182,-0.0003219382142857,3.0706729906265298,1.3273342633150165e-06
2023-07-04 00:00:00+00:00,0.0001,0.0001,3.0,468141.73,234070.87,0.0,-0.00039471,-0.00052429,-0.00052429,-0.0003608224999999,8.910809523809516e-05,1.0846334967316993,-0.0534102937142026,-0.0136123732594466,-0.0003009653571428,0.4310072200567383,-5.34102937142027e-06
2023-07-05 00:00:00+00:00,0.0001,0.0001,3.0,483942.61,241971.31,-0.00052429,-0.00025027,-0.00032774,-0.00025027,-0.0003381424999999,9.6987619047619e-05,1.0309926463269612,0.0331952333553271,-0.0221946312729084,-0.0003097807142857,0.6468697794726155,3.319523335532715e-06
2023-07-06 00:00:00+00:00,0.0001,0.0001,3.0,473461.08,236730.54,-0.00025027,-0.00033425,-0.00037638,-0.00033425,-0.0003237875,9.8637619047619e-05,1.0309926463269612,-0.0218966124678612,-0.0083265376987267,-0.0003175932142857,0.7769294346321045,-2.1896612467861234e-06
2023-07-07 00:00:00+00:00,9.060333333333336e-05,7.181e-05,3.0,483523.53,241761.77,-0.00033425,-0.00067585,-0.00071927,-0.00071927,-0.00061216,9.8657619047619e-05,0.6510042750281024,0.0210302668483404,-0.0167135359340129,-0.0003376457142857,-1.824357911256533,1.9054122773491368e-06
2023-07-08 00:00:00+00:00,7.886666666666667e-05,7.369e-05,3.0,467106.47,233553.24,-0.00071927,-0.00041518,-0.0004171,-0.0004171,-0.0004921625,9.563857142857137e-05,0.2440756875535313,-0.0345427608506376,0.0035122994555951,-0.0003618946428571,-0.6879744634403591,-2.7242724057536248e-06
2023-07-09 00:00:00+00:00,7.499e-05,2.497e-05,3.0,463231.25,231615.63,-0.0004171,-0.0002895,-0.00035631,-0.00035631,-0.0003548049999999,9.20657142857142e-05,0.1158984548695005,-0.0083308293950317,-0.0506816535909155,-0.0003674864285714,0.5344214117899253,-6.247288963334282e-07
2023-07-10 00:00:00+00:00,0.0001,0.0001,3.0,477585.61,238792.81,-0.00035631,-0.00031971,-0.00039685,-0.00031971,-0.000348145,9.206571428571424e-05,0.9841910927349434,0.0305170423679559,-0.0334379538561098,-0.0004042892857142,0.5503360624226202,3.051704236795594e-06
2023-07-11 00:00:00+00:00,9.052333333333332e-05,8.099e-05,3.0,475039.19,237519.6,-0.00031971,-0.00066475,-0.00069663,-0.00066475,-0.00058646,9.071190476190468e-05,0.6307594311066153,-0.0053461259143077,0.0146262139437851,-0.0004365232142857,-1.5822234125951775,-4.839491381828492e-07
2023-07-12 00:00:00+00:00,2.682e-05,3.96e-06,3.0,477045.78,238522.89,-0.00066475,-0.00030167,-0.00037272,-0.00030167,-0.0004102025,8.025761904761898e-05,-1.5595002020843294,0.0042151552313907,-0.0143538641801512,-0.0004468175,0.0119239480578687,1.1305046330589885e-07
2023-07-13 00:00:00+00:00,5.845333333333333e-05,2.733e-05,3.0,471600.45,235800.23,-0.00030167,-0.00056193,-0.00069079,-0.00069079,-0.000561295,7.432238095238088e-05,-0.4996826510020087,-0.0114803382645849,-0.0039375899768749,-0.0004807471428571,-1.289821576732784,-6.710640393592052e-07
2023-07-14 00:00:00+00:00,2.057e-05,8.424e-05,3.0,474841.15,237420.58,-0.00069079,5.477e-05,0.0,0.0,-0.000159005,6.431761904761898e-05,-1.7335506073513116,0.0068482041895858,-0.0181196526356295,-0.0004160107142857,2.0316437502350038,1.4086756017978137e-07
2023-07-15 00:00:00+00:00,0.0001,0.0001,3.0,534092.77,267046.39,0.0,-0.00063474,-0.00066733,-0.00063474,-0.0004842025,6.73366666666666e-05,0.9964779855436324,0.1175892234124198,0.1340123316274279,-0.0004148735714285,-0.6137312913329581,1.1758922341241984e-05
2023-07-16 00:00:00+00:00,8.185e-05,0.0001,3.0,469495.66,234747.83,-0.00063474,-0.00052946,-0.00056539,-0.00056539,-0.000573745,6.83166666666666e-05,0.3235751920915393,-0.1289104957341109,0.0134326652883487,-0.0004461507142857,-1.3002352839928593,-1.055132407583698e-05
2023-07-17 00:00:00+00:00,8.413666666666666e-05,0.0001,3.0,473093.22,236546.61,-0.00056539,-0.00045715,-0.00047772,-0.00047772,-0.000494495,6.605047619047612e-05,0.3758459593980742,0.0076333967970416,-0.0094509802825655,-0.0004670578571428,-0.6637856421313081,6.422485618470959e-07
2023-07-18 00:00:00+00:00,6.021666666666667e-05,5.336e-05,3.0,473055.18,236527.59,-0.00047772,-0.00031395,-0.00034413,-0.00031395,-0.0003624375,6.172095238095231e-05,-0.4393291194804459,-8.041021898996803e-05,-0.0041852645872477,-0.0004350546428571,0.3544336203666003,-4.8420353535125755e-09
2023-07-19 00:00:00+00:00,8.858333333333335e-05,0.0001,3.0,482176.31,241088.16,-0.00031395,-0.00044729,-0.000455,-0.00044729,-0.0004158824999999,7.054428571428564e-05,0.5768239707178819,0.0190977942409027,0.0106973744222642,-0.0004358660714285,-0.0595080827782104,1.6917462731733015e-06
2023-07-20 00:00:00+00:00,9.965e-05,0.0001,3.0,499050.69,249525.35,-0.00044729,-0.00048713,-0.00053398,-0.00053398,-0.000500595,7.642952380952375e-05,0.9531199263928476,0.0343978382105483,0.0565755508973975,-0.0004271946428571,-0.720857729183848,3.42774457768114e-06
2023-07-21 00:00:00+00:00,4.600000000000001e-05,2.869e-05,3.0,493850.3,246925.15,-0.00053398,-0.00017235,-0.00027634,-0.00017235,-0.0002887549999999,8.006238095238088e-05,-0.953062373190575,-0.0104752389327753,0.0392521077750362,-0.0004457303571428,0.9099830877968598,-4.818609909076664e-07
2023-07-22 00:00:00+00:00,3.7963333333333336e-05,2.246e-05,3.0,496092.78,248046.39,-0.00017235,-0.00043172,-0.00045782,-0.00043172,-0.0003734025,7.119999999999993e-05,-1.3246657204540122,0.0045305308578083,-0.0738065847795752,-0.0004299017857142,0.2071128371750854,1.7199405313192917e-07
2023-07-23 00:00:00+00:00,3.304333333333333e-05,-4.06e-06,3.0,490289.78,245144.89,-0.00043172,-0.00063719,-0.0007123,-0.00063719,-0.0006046,6.422761904761899e-05,-1.4136630611656502,-0.0117663616247138,0.0433375493298218,-0.0004343096428571,-1.5438502630773516,-3.8879980928596286e-07
2023-07-24 00:00:00+00:00,2.503e-05,1.977e-05,3.0,487672.59,243836.3,-0.00063719,-0.00059241,-0.00066511,-0.00066511,-0.000639955,5.578380952380946e-05,-1.6224022793402757,-0.0053523455059227,0.0303518070268573,-0.0004550896428571,-1.6732041319171471,-1.339692080132473e-07
2023-07-25 00:00:00+00:00,2.4166666666666667e-05,3.146e-05,3.0,493333.34,246666.67,-0.00066511,-0.00043788,-0.0004703,-0.00043788,-0.0005027924999999,5.063380952380946e-05,-1.6074236681624177,0.0115408330505371,0.0419730502963844,-0.0004751403571428,-0.626697796075373,2.7890346538798e-07
2023-07-26 00:00:00+00:00,4.03e-05,4.127e-05,3.0,511215.22,255607.61,-0.00043788,-0.00051675,-0.00059732,-0.00051675,-0.0005171749999999,4.373619047619041e-05,-1.002688501203484,0.0356055840994926,0.0584808401549743,-0.0004896107142857,-0.7284532740124261,1.4349050392095542e-06
2023-07-27 00:00:00+00:00,7.292333333333334e-05,9.827e-05,3.0,498163.47,249081.74,-0.00051675,-0.00051021,-0.00059831,-0.00059831,-0.0005558949999999,3.991809523809517e-05,0.034246792824902,-0.0258623995295881,-0.0017793975851621,-0.0004975107142857,-0.9926666814840864,-1.8859723816959984e-06
2023-07-28 00:00:00+00:00,3.9506666666666666e-05,7.437e-05,3.0,505029.86,252514.93,-0.00059831,-0.00055873,-0.00060517,-0.00060517,-0.000591845,3.899047619047613e-05,-1.1255707398329602,0.0136892800667283,0.0223851214143415,-0.0005408092857142,-1.1728874023096147,5.4081782450288e-07
2023-07-29 00:00:00+00:00,-5.596666666666669e-06,6.807e-05,3.0,504992.41,252496.21,-0.00060517,-0.0003139,-0.00031481,-0.00031481,-0.0003871725,3.276761904761898e-05,-2.3377642254856084,-7.415678075517462e-05,0.017780433775778,-0.0005427764285714,0.3539363790443843,4.150307829597941e-10
2023-07-30 00:00:00+00:00,9.079666666666668e-05,7.239e-05,3.0,510049.83,255024.92,-0.00031481,-0.00042001,-0.00047858,-0.00047858,-0.0004229949999999,4.101809523809517e-05,0.6973904052049685,0.0099650273683735,0.0395118227688655,-0.0005168328571428,0.0750189932210257,9.047912682904256e-07
2023-07-31 00:00:00+00:00,4.384333333333333e-05,-3.231e-05,3.0,505787.12,252893.56,-0.00047858,-0.00065228,-0.00066611,-0.00065228,-0.0006123125,4.370571428571422e-05,-0.7278948255036352,-0.0083925575266974,0.0364716107480909,-0.0005128839285714,-1.2449268484004763,-3.67957697162171e-07
2023-08-01 00:00:00+00:00,-5.67e-05,-2.809e-05,3.0,498094.73,249047.37,-0.00065228,-0.00046559,-0.00047039,-0.00046559,-0.0005134625,3.215333333333327e-05,-3.1033860379481424,-0.0153255894826287,0.009605188214925,-0.0005144082142857,-0.4764640334360259,8.689609236650498e-07
2023-08-02 00:00:00+00:00,6.0826666666666665e-05,0.0001,3.0,519068.41,259534.21,-0.00046559,-5.383e-05,-0.00020778,-0.00020778,-0.000233745,3.5085714285714215e-05,0.0155353367234113,0.0412454058364062,0.0152450099518386,-0.0004739182142857,1.7830700309126577,2.50882055234247e-06
2023-08-03 00:00:00+00:00,0.0001,0.0001,3.0,488221.95,244110.98,-0.00020778,-0.00042685,-0.00042916,-0.00042685,-0.00037266,3.8953809523809455e-05,1.062789316686313,-0.0612655676252309,-0.0201581581438041,-0.0004477417857142,0.6636515594019842,-6.126556762523095e-06
2023-08-04 00:00:00+00:00,0.0001,0.0001,3.0,519004.78,259502.39,-0.00042685,-0.0003787,-0.00042822,-0.00042822,-0.0004154975,4.7595714285714216e-05,1.062789316686313,0.0611429751130803,0.0272955369025478,-0.0004225492857142,0.3418613780397758,6.114297511308031e-06
2023-08-05 00:00:00+00:00,8.611666666666667e-05,0.0001,3.0,513695.08,256847.54,-0.00042822,-0.00029244,-0.00032784,-0.00029244,-0.0003352349999999,6.069761904761898e-05,0.7121033710363392,-0.0102832332898472,0.0170864603934557,-0.0004151296428571,1.0087082088357275,-8.855577734773465e-07
2023-08-06 00:00:00+00:00,0.0001,0.0001,3.0,511506.8,255753.4,-0.00029244,-0.00015791,-0.00033754,-0.00015791,-0.00023645,6.201238095238089e-05,1.0701282790654107,-0.0042689803169349,0.0028524527081472,-0.0003884803571428,1.6813327048398754,-4.268980316934901e-07
2023-08-07 00:00:00+00:00,0.0001,0.0001,3.0,503590.97,251795.49,-0.00015791,-0.00049081,-0.00051331,-0.00049081,-0.00041321,7.003476190476183e-05,1.0356224545109594,-0.0155965084240694,-0.0043514981892247,-0.0003600371428571,0.2348472033577903,-1.5596508424069456e-06
2023-08-08 00:00:00+00:00,0.0001,0.0001,3.0,507947.56,253973.78,-0.00049081,-0.00032196,-0.00032803,-0.00032196,-0.00036569,9.242047619047612e-05,0.9979354511452742,0.0086138427917195,0.0195879340851234,-0.0003389267857142,0.6229196913920663,8.613842791719506e-07
2023-08-09 00:00:00+00:00,0.0001,0.0001,3.0,527354.74,263677.37,-0.00032196,-0.00060807,-0.00061416,-0.00061416,-0.0005395875,9.80166666666666e-05,0.9979354511452742,0.0374952391165308,0.0158377673652481,-0.0003826185714285,-0.7337009452630509,3.7495239116530856e-06
2023-08-10 00:00:00+00:00,6.394e-05,0.0001,3.0,510066.64,255033.32,-0.00061416,-0.00033959,-0.00044195,-0.00033959,-0.0004338225,9.286523809523802e-05,0.0838656465070015,-0.0333320691712515,0.0437712658192275,-0.0003913560714285,0.0838104598732007,-2.131252502809823e-06
2023-08-11 00:00:00+00:00,9.509333333333334e-05,0.0001,3.0,502449.56,251224.78,-0.00033959,-0.00041251,-0.0004628,-0.0004628,-0.000419425,9.216428571428564e-05,0.8438611487239325,-0.0150461270633339,-0.0324178363571867,-0.0003919171428571,0.205785461497493,-1.430786376209305e-06
2023-08-12 00:00:00+00:00,5.190666666666667e-05,0.0001,3.0,496914.78,248457.39,-0.0004628,-0.00040566,-0.00042188,-0.00042188,-0.000428055,8.72771428571428e-05,-0.2864414449226025,-0.0110767142042647,-0.0332113172716042,-0.0004051771428571,0.0990698539935388,-5.749553119627e-07
2023-08-13 00:00:00+00:00,0.0001,0.0001,3.0,516296.25,258148.13,-0.00042188,-0.00029672,-0.00031731,-0.00031731,-0.000338305,8.727714285714278e-05,0.9146249715218252,0.0382621860588745,0.0093198491042052,-0.0004197278571428,0.9952112126745596,3.826218605887455e-06
2023-08-14 00:00:00+00:00,9.365e-05,0.0001,3.0,509026.72,254513.36,-0.00031731,-0.00056429,-0.00056499,-0.00056429,-0.00050272,8.636999999999992e-05,0.7557728667230891,-0.0141802183790549,0.0107361391492197,-0.000432515,-0.5201961630982341,-1.3279774511984936e-06
2023-08-15 00:00:00+00:00,0.0001,0.0001,3.0,501719.5,250859.75,-0.00056429,-0.00013004,-0.00013546,-0.00013004,-0.0002399575,8.636999999999993e-05,0.8985655332116254,-0.0144593116769282,-0.0123370153194279,-0.0004145532142857,1.74658134193749,-1.4459311676928269e-06
2023-08-16 00:00:00+00:00,0.0001,0.0001,3.0,509781.18,254890.59,-0.00013004,-0.0002022,-0.00021587,-0.0002022,-0.0001875775,8.636999999999992e-05,0.8760848592001118,0.0159403762385839,-0.0338918781973749,-0.0003642660714285,1.9794445929748483,1.594037623858391e-06
2023-08-17 00:00:00+00:00,0.0001,0.0001,3.0,519278.73,259639.37,-0.0002022,0.0,-7.08e-06,0.0,-5.232e-05,9.15214285714285e-05,0.8314736226071001,0.0184592162054162,0.0178994071792928,-0.0003097657142857,2.6334330077209924,1.845921620541624e-06
2023-08-18 00:00:00+00:00,0.0001,0.0001,3.0,513445.19,256722.6,0.0,-0.0002736,-0.00049151,-0.0002736,-0.0002596775,9.222238095238089e-05,0.8160751738294472,-0.0112975054285406,0.0216480288140861,-0.0002869446428571,1.066420556601461,-1.129750542854069e-06
2023-08-19 00:00:00+00:00,2.057e-05,-2.368e-05,3.0,460500.95,230250.48,-0.0002736,-0.00051968,-0.00073476,-0.00051968,-0.00051193,8.774571428571422e-05,-1.134011333791482,-0.1088283669313838,-0.076103623913033,-0.0002989267857142,-0.7250538984747852,-2.2385995077785665e-06
2023-08-20 00:00:00+00:00,-4.535333333333333e-05,-3.597e-05,3.0,429304.31,214652.16,-0.00051968,-0.00051807,-0.00056027,-0.00051807,-0.0005290225,6.698095238095231e-05,-2.429769438164453,-0.0701489038887945,-0.1845147138607021,-0.0003261721428571,-0.7912409184857527,3.1814866210364635e-06
2023-08-21 00:00:00+00:00,5.966666666666665e-06,7.199e-05,3.0,422968.02,211484.01,-0.00051807,-0.00058379,-0.00062292,-0.00058379,-0.0005771425,5.445476190476183e-05,-1.2214519181074726,-0.0148694414281056,-0.1852039369097529,-0.0003368039285714,-1.0651877913702472,-8.872100052103034e-08
2023-08-22 00:00:00+00:00,4.533e-05,1.07e-06,3.0,436884.44,218442.22,-0.00058379,-0.00029234,-0.00032496,-0.00029234,-0.0003733575,4.664476190476183e-05,-0.3637831379484754,0.0323721474147102,-0.1383724778181143,-0.0003558610714285,0.313083393513407,1.4674294423088172e-06
2023-08-23 00:00:00+00:00,-2.656333333333333e-05,-1.485e-05,3.0,436011.85,218005.93,-0.00029234,-0.00049878,-0.00057084,-0.00057084,-0.0004832,2.8564285714285645e-05,-1.82332764922067,-0.0019992988872932,-0.1563121529439914,-0.0003980928571428,-0.5354601395440469,5.3108042776132274e-08
2023-08-24 00:00:00+00:00,-3.689999999999999e-06,2.016e-05,3.0,424166.93,212083.47,-0.00057084,-0.00043131,-0.00065502,-0.00043131,-0.0005221199999999,1.3751428571428504e-05,-1.2951864637294477,-0.0275423412972539,-0.2023137104466617,-0.0004652071428571,-0.8191990502916844,1.0163123938686713e-07
2023-08-25 00:00:00+00:00,-7.390333333333333e-05,-0.00012613,3.0,456207.92,228103.96,-0.00043131,-0.00053264,-0.00053531,-0.00053531,-0.0005086425,-1.109190476190483e-05,-2.3856200937309,0.0728215899247306,-0.1181946150933903,-0.0005007735714285,-0.721901536862973,-5.381758234070677e-06
2023-08-26 00:00:00+00:00,-1.3713333333333336e-05,-3.264e-05,3.0,444982.42,222491.21,-0.00053531,-0.00036109,-0.00038684,-0.00038684,-0.00041752,-1.5989523809523878e-05,-1.1917709156494305,-0.0249138947383595,-0.034280142900366,-0.0004872864285714,-0.076599601391856,3.4165254317870453e-07
2023-08-27 00:00:00+00:00,2.4223333333333336e-05,-4.47e-06,3.0,443524.55,221762.28,-0.00038684,-0.00044085,-0.00044352,-0.00044352,-0.0004286825,-6.050000000000068e-06,-0.4970204932931727,-0.0032816204206476,0.0325871405677808,-0.0004729521428571,-0.2107922305560289,-7.94917853228207e-08
2023-08-28 00:00:00+00:00,4.755999999999999e-05,2.053e-05,3.0,443595.27,221797.64,-0.00044352,-0.00041621,-0.00046254,-0.00041621,-0.00043462,-1.0809523809530765e-07,-0.1117602067629993,0.0001594373128757,0.0476160193087622,-0.0004525917857142,-0.2450661851299827,7.582838600368758e-09
2023-08-29 00:00:00+00:00,2.114666666666667e-05,7.658e-05,3.0,445461.92,222730.96,-0.00041621,-0.00026612,-0.0003024,-0.00026612,-0.0003127125,-3.562857142857212e-06,-0.5544620881427015,0.0041991736052313,0.0194430454992833,-0.0004439282142857,0.6844375339846571,8.879852450529261e-08
2023-08-30 00:00:00+00:00,5.595666666666666e-05,4.496e-05,3.0,439554.58,219777.29,-0.00026612,-0.0004964,-0.00051455,-0.00051455,-0.0004479049999999,8.225714285714215e-06,0.0773473676006438,-0.0133498702749825,0.0080924741115939,-0.0004388860714285,-0.4400708434906267,-7.470142410204417e-07
2023-08-31 00:00:00+00:00,2.7050000000000004e-05,-2.89e-06,3.0,428538.3,214269.15,-0.00051455,-0.00050933,-0.00061864,-0.00050933,-0.0005379625,1.2617142857142788e-05,-0.5420185030806769,-0.0253817803832365,0.0102530350256113,-0.0004411492857142,-1.166382122737772,-6.865771593665494e-07
2023-09-01 00:00:00+00:00,-1.6303333333333334e-05,-6.47e-06,3.0,431508.16,215754.08,-0.00050933,-0.00062651,-0.00065169,-0.00065169,-0.0006098049999999,2.084571428571422e-05,-1.3050300717154455,0.0069063055139029,-0.0556622493852163,-0.0004556010714285,-1.6230460421785304,-1.125958008949973e-07
2023-09-02 00:00:00+00:00,-1.3896666666666669e-05,-9.01e-06,3.0,433855.13,216927.57,-0.00065169,-0.00049923,-0.00050475,-0.00050475,-0.000540105,2.081952380952374e-05,-1.174680753373465,0.005424255411814,-0.0253240992350427,-0.0004731132142857,-1.001162341777495,-7.537906937284212e-08
2023-09-03 00:00:00+00:00,1.071e-05,3.755e-05,3.0,440261.4,220130.7,-0.00050475,-0.00038858,-0.00047458,-0.00038858,-0.0004391224999999,1.8889047619047548e-05,-0.6589722596248224,0.0146579648864051,-0.00738451392799,-0.0004746046428571,-0.1968347690390834,1.5698680393339902e-07
2023-09-04 00:00:00+00:00,-2.328e-05,-4.437e-05,3.0,438520.18,219260.09,-0.00038858,-0.00056959,-0.00062004,-0.00062004,-0.0005495625,8.76904761904755e-06,-1.2189270264450436,-0.0039628101414148,-0.0115067613822805,-0.000491025,-1.0012222273585851,9.2254220092138e-08
2023-09-05 00:00:00+00:00,-1.9353333333333333e-05,-3.828e-05,3.0,442777.43,221388.72,-0.00062004,-0.00036145,-0.0004943,-0.00036145,-0.00045931,2.9833333333332634e-06,-1.071483045959252,0.0096613971645247,-0.0060445378229871,-0.0005119675,-0.2476008437888939,-1.8698023979076885e-07
2023-09-06 00:00:00+00:00,2.4843333333333337e-05,6.532e-05,3.0,448096.72,224048.36,-0.00036145,-0.00040843,-0.00051105,-0.00051105,-0.0004479949999999,-1.46142857142864e-06,-0.1971580985701322,0.0119418735282526,0.0192472059802479,-0.0005119803571428,-0.1464535725962862,2.966759446868888e-07
2023-09-07 00:00:00+00:00,-2.0770000000000003e-05,-5.91e-06,3.0,449276.07,224638.04,-0.00051105,-0.00036263,-0.00047383,-0.00036263,-0.000427535,-8.292857142857213e-06,-1.009796174813798,0.0026284520594543,0.0472574384229389,-0.000496205,0.036288931049405,-5.4592949274867675e-08
2023-09-08 00:00:00+00:00,6.455666666666666e-05,1.464e-05,3.0,459843.85,229921.93,-0.00036263,-0.00036442,-0.00042942,-0.00042942,-0.0003964725,3.2585714285713577e-06,0.693256042216714,0.0232494213029212,0.0636005542119573,-0.0004657289285714,0.2536667398249063,1.5009051412455887e-06
2023-09-09 00:00:00+00:00,2.925666666666667e-05,-1.113e-05,3.0,463919.61,231959.81,-0.00042942,-0.00049426,-0.00050532,-0.00050532,-0.0004835799999999,9.423333333333264e-06,0.0112187302031968,0.0088243075726541,0.0670006063727974,-0.0004576539285714,-0.4496910198793344,2.5816982521728575e-07
2023-09-10 00:00:00+00:00,3.5063333333333334e-05,4.265e-05,3.0,453508.86,226754.43,-0.00050532,-0.00050662,-0.00051554,-0.00051554,-0.000510755,1.2902380952380883e-05,0.1740614225174426,-0.0226964766063506,0.0296461648800416,-0.0004678871428571,-0.6433309190536327,-7.958141247406752e-07
2023-09-11 00:00:00+00:00,1.279e-05,-9.89e-06,3.0,454296.12,227148.06,-0.00051554,-0.00046586,-0.00066864,-0.00046586,-0.0005289749999999,1.8055238095238027e-05,-0.2632710395408367,0.0017344258176574,0.035343400839114,-0.0004649460714285,-0.7567308167016623,2.2183306207839183e-08
2023-09-12 00:00:00+00:00,-6.42e-06,-4.074e-05,3.0,447853.07,223926.54,-0.00046586,-0.00049773,-0.00059695,-0.00059695,-0.0005393724999999,1.990285714285707e-05,-0.6136051964982061,-0.0142840222454836,0.0113979814291056,-0.0004763835714285,-0.7865060932311233,9.170342281600501e-08
2023-09-13 00:00:00+00:00,-1.7313333333333332e-05,1.454e-05,3.0,459341.53,229670.77,-0.00059695,-0.00017032,-0.0004965,-0.00017032,-0.0003585225,1.3880476190476122e-05,-0.7963065488503264,0.0253287975772753,0.0247849054781283,-0.0004636017857142,0.6334434880934545,-4.385259153878939e-07
2023-09-14 00:00:00+00:00,-8.096666666666665e-06,7.32e-06,3.0,469240.31,234620.16,-0.00017032,-0.00064796,-0.00065703,-0.00064796,-0.0005308175,1.5690952380952314e-05,-0.5393284052770301,0.0213210178312959,0.0434774712499699,-0.0004783564285714,-0.7023375353875951,-1.7262917437405925e-07
2023-09-15 00:00:00+00:00,-3.291e-05,-9.5e-06,3.0,486255.76,243127.88,-0.00064796,-0.00056667,-0.00057662,-0.00057662,-0.0005919675,1.7671428571427885e-06,-1.0865328725426695,0.0356197153408075,0.0558477652878561,-0.0005062842857142,-1.1770019457607646,-1.1722448318659765e-06
2023-09-16 00:00:00+00:00,-6.436666666666668e-06,-5.194e-05,3.0,472867.29,236433.65,-0.00057662,-0.00053,-0.0005766,-0.0005766,-0.000564955,-3.3319047619048315e-06,-0.3626405775566919,-0.0279199623207997,0.0191034953944022,-0.0005179092857142,-1.0583119303719482,1.7971149080488106e-07
2023-09-17 00:00:00+00:00,-2.2023333333333333e-05,-5.16e-05,3.0,467179.15,233589.58,-0.0005766,-0.00045331,-0.00052458,-0.00052458,-0.0005197674999999,-1.1487142857142926e-05,-0.7770746836685144,-0.012101975350367,0.0296979966503858,-0.0005191967857142,-0.4673064102593127,2.665258371329172e-07
2023-09-18 00:00:00+00:00,-4.780000000000001e-06,3.967e-05,3.0,458745.32,229372.66,-0.00052458,-0.00052053,-0.00065859,-0.00065859,-0.0005905725,-1.3997142857142928e-05,-0.2049534629596527,-0.018217605267818,0.0097459655649103,-0.0005279964285714,-1.3691510776722329,8.708015318017012e-08
2023-09-19 00:00:00+00:00,-2.437333333333333e-05,3.279e-05,3.0,459786.22,229893.11,-0.00065859,-0.00036934,-0.00050092,-0.00036934,-0.0004745475,-1.656190476190483e-05,-0.8752944608447405,0.0022664446461391,0.0262964324565331,-0.0005187357142857,0.1671395187198047,-5.5240810841897496e-08
2023-09-20 00:00:00+00:00,-2.2996666666666663e-05,7.4e-06,3.0,473082.28,236541.14,-0.00036934,-0.00056243,-0.00063296,-0.00056243,-0.00053179,-1.7373809523809594e-05,-0.7898542333180827,0.0285076845241452,0.0294753194034029,-0.0005434882142857,-0.639140490982134,-6.555817184402591e-07
2023-09-21 00:00:00+00:00,-3.351666666666667e-05,-1.485e-05,3.0,471870.24,235935.12,-0.00056243,-0.00040058,-0.00045403,-0.00040058,-0.000454405,-2.1005238095238163e-05,-1.0633103613462167,-0.0025652943169589,0.0055890072551481,-0.0005325721428571,0.4835339569647552,8.598011452340766e-08
2023-09-22 00:00:00+00:00,1.6966666666666645e-06,-4.271e-05,3.0,480568.88,240284.44,-0.00040058,-0.00043306,-0.00049289,-0.00049289,-0.0004548549999999,-1.606142857142864e-05,0.0665178195203263,0.0182665362778085,-0.0117641718078509,-0.0005129846428571,0.4617980204411954,3.099222321801504e-08
2023-09-23 00:00:00+00:00,7.917333333333333e-05,5.977e-05,3.0,480045.59,240022.8,-0.00049289,-0.00064656,-0.00065309,-0.00064656,-0.000609775,-3.831428571428642e-06,2.3042736033251807,-0.0010894902546318,0.0150663002583169,-0.0005193875,-1.634407328875966,-8.625857509338943e-08
2023-09-24 00:00:00+00:00,1.6826666666666666e-05,4.649e-05,3.0,463596.09,231798.05,-0.00064656,-0.00045911,-0.00049804,-0.00049804,-0.0005254375,1.7185714285713577e-06,0.3769285513158193,-0.0348674011231615,-0.0076991255144776,-0.0005201975,-0.4737236067179765,-5.867021362323985e-07
2023-09-25 00:00:00+00:00,6.328333333333333e-05,6.683e-05,3.0,463835.91,231917.96,-0.00049804,-0.00046861,-0.00051973,-0.00051973,-0.0005015275,1.1441904761904692e-05,1.7461055353039234,0.0005171700035049,0.0110356497568453,-0.0005074767857142,-0.1119999633250744,3.272824172180364e-08
2023-09-26 00:00:00+00:00,-9.323333333333334e-06,2.471e-05,3.0,466671.76,233335.88,-0.00051973,-0.00043432,-0.00043435,-0.00043435,-0.0004556875,1.359190476190469e-05,-0.5140767294148626,0.0060952937226819,0.0148644988333881,-0.0005047825,0.5408771452578776,-5.6828455141137745e-08
2023-09-27 00:00:00+00:00,5.293666666666667e-05,6.467e-05,3.0,464669.75,232334.88,-0.00043435,-0.00037055,-0.00054578,-0.00054578,-0.000474115,2.4439523809523735e-05,1.4371262392376287,-0.004299202949987,-0.0179423886407441,-0.0004965432142857,0.3048022544751221,-2.275854734958167e-07
2023-09-28 00:00:00+00:00,5.430999999999999e-05,4.619e-05,3.0,461794.08,230897.04,-0.00054578,-0.00046057,-0.00049817,-0.00046057,-0.0004912725,3.69861904761904e-05,1.398994935007989,-0.00620786077552,-0.0215849550993052,-0.00050181,0.1676139412200998,-3.371489187184937e-07
2023-09-29 00:00:00+00:00,2.1706666666666667e-05,-1.16e-05,3.0,464477.08,232238.54,-0.00046057,-0.0004176,-0.00045378,-0.00045378,-0.0004464325,3.984476190476183e-05,0.4598581018422875,0.0057931362206034,-0.0340583551565103,-0.0005006067857142,0.8928099119044303,1.2574967689523117e-07
2023-09-30 00:00:00+00:00,3.270666666666667e-05,-1.329e-05,3.0,493501.49,246750.75,-0.00045378,-0.00042339,-0.00051766,-0.00051766,-0.0004781225,3.32066666666666e-05,0.7962962123597999,0.0606136644627426,0.0276447995608641,-0.0004817992857142,0.3487535526478098,1.9824709190281026e-06
2023-10-01 00:00:00+00:00,1.2476666666666669e-05,4.679e-05,3.0,511239.28,255619.64,-0.00051766,-0.00015782,-0.00019747,-0.00015782,-0.0002576924999999,3.2585238095238025e-05,0.1342594645681837,0.0353118608027838,0.0978240614868095,-0.00044355,3.179728753660702,4.4057431661606603e-07
2023-10-02 00:00:00+00:00,1.6336666666666666e-05,3.723e-05,3.0,503636.76,251818.38,-0.00015782,-0.0005283,-0.00055948,-0.0005283,-0.000443475,2.587857142857136e-05,0.2261714050010157,-0.0149824449757574,0.0823244465075472,-0.0004352567857142,0.5704126600666339,-2.447632094206234e-07
2023-10-03 00:00:00+00:00,3.3433333333333337e-06,-2.329e-05,3.0,467526.65,233763.33,-0.0005283,-0.00024045,-0.00049464,-0.00049464,-0.0004395075,2.7688095238095167e-05,-0.179775906364884,-0.0743989414946657,0.0018302112901995,-0.0004329453571428,0.6256744229936908,-2.4874046106383253e-07
2023-10-04 00:00:00+00:00,4.9766666666666666e-05,4.79e-05,3.0,457680.98,228840.49,-0.00049464,-0.00017914,-0.0004212,-0.0004212,-0.000379045,2.7235238095238023e-05,1.2112475476856026,-0.021283961259563,-0.0151545470193763,-0.0004193639285714,1.358700731984087,-1.0592318053509186e-06
2023-10-05 00:00:00+00:00,6.387e-05,4.91e-05,3.0,476704.29,238352.15,-0.0004212,-0.00053073,-0.00059694,-0.00059694,-0.0005364524999999,2.860095238095231e-05,1.5283483657622785,0.0407239703489299,0.0317772841050736,-0.0004258182142857,-0.7408025649059858,2.601039986186155e-06
2023-10-06 00:00:00+00:00,-4.318e-05,-2.822e-05,3.0,485130.6,242565.3,-0.00059694,-0.00055847,-0.00065163,-0.00065163,-0.0006146675,1.93314285714285e-05,-1.617779212284925,0.0175217714981315,0.0435059193826017,-0.0004498517857142,-1.6417490729956208,-7.565900932893181e-07
2023-10-07 00:00:00+00:00,7.117666666666667e-05,5.383e-05,3.0,495254.36,247627.18,-0.00065163,-0.00027474,-0.00044591,-0.00044591,-0.0004545475,2.4827142857142787e-05,1.5986498257153356,0.0206533561353445,0.0035456110552036,-0.0004464839285714,0.4331558473023108,1.470037045193376e-06
2023-10-08 00:00:00+00:00,2.0136666666666663e-05,-1.944e-05,3.0,486119.25,243059.63,-0.00044591,-0.00036742,-0.00038628,-0.00036742,-0.0003917574999999,2.59214285714285e-05,0.1953189535862749,-0.0186175250019573,-0.0503837747495374,-0.0004656360714285,1.2416920235088509,-3.748948951227478e-07
2023-10-09 00:00:00+00:00,4.7476666666666666e-05,2.888e-05,3.0,482429.3,241214.65,-0.00036742,-0.00042355,-0.00047922,-0.00047922,-0.0004373525,3.036999999999993e-05,0.9710482461111252,-0.0076195826271963,-0.0430209124009763,-0.0004647614285714,0.6279464541050305,-3.617523845305234e-07
2023-10-10 00:00:00+00:00,-8.486666666666666e-06,2.27e-06,3.0,491907.08,245953.54,-0.00047922,-0.00058212,-0.00060929,-0.00058212,-0.0005631875,2.8679999999999925e-05,-0.6159280888343807,0.0194554553217738,0.0508334844154632,-0.00048243,-0.95085612667226,-1.6511196416412069e-07
2023-10-11 00:00:00+00:00,7.727999999999999e-05,8.641e-05,3.0,493353.42,246676.71,-0.00058212,-0.00049862,-0.00055417,-0.00049862,-0.0005333825,3.261047619047612e-05,1.7196079699578817,0.0029359566103277,0.0750534022853539,-0.0005044782142857,-0.5713706517959705,2.268907268461285e-07
2023-10-12 00:00:00+00:00,3.7380000000000005e-05,5.242e-05,3.0,490106.91,245053.46,-0.00049862,-0.00039496,-0.00044333,-0.00039496,-0.0004329675,2.8826190476190405e-05,0.5809306666858152,-0.0066022424978378,0.0277271894385862,-0.0004896946428571,0.6526291307160823,-2.4679182456917724e-07
2023-10-13 00:00:00+00:00,5.437666666666666e-05,3.613e-05,3.0,511527.09,255763.55,-0.00039496,-0.00040262,-0.00041564,-0.00040262,-0.00040396,4.276285714285707e-05,0.9811853852440812,0.0427769948865375,0.0529824128269922,-0.0004595935714285,1.0664234334926308,2.3260703919469552e-06
2023-10-14 00:00:00+00:00,4.378999999999999e-05,3.051e-05,3.0,523048.38,261524.19,-0.00040262,-0.00054884,-0.00056804,-0.00054884,-0.000517085,3.885047619047612e-05,0.6442077484273764,0.0222734187006512,0.0546024753922989,-0.0004685275,-0.4088399216410117,9.75353004901518e-07
2023-10-15 00:00:00+00:00,4.91e-05,0.0001,3.0,488076.83,244038.42,-0.00054884,-0.00037298,-0.00038117,-0.00037298,-0.0004189925,4.298809523809516e-05,0.7371152829272561,-0.0692011325811421,0.0040188678131141,-0.0004724182142857,0.811813891141802,-3.397775609734079e-06
2023-10-16 00:00:00+00:00,7.551e-05,3.762e-05,3.0,484996.19,242498.1,-0.00037298,-0.00038267,-0.00039846,-0.00039846,-0.0003881425,4.699285714285707e-05,1.3781572305760328,-0.0063317967490679,0.0053066536912425,-0.0004653882142857,1.143871145367742,-4.781139725221186e-07
2023-10-17 00:00:00+00:00,5.8206666666666666e-05,4.418e-05,3.0,489701.88,244850.94,-0.00039846,-0.00043763,-0.00046872,-0.00046872,-0.0004433825,5.652047619047612e-05,0.8400418597516268,0.0096557625495314,-0.0044930390809998,-0.0004482732142857,0.3757014933944501,5.620297521330629e-07
2023-10-18 00:00:00+00:00,-3.466666666666656e-07,-4.403e-05,3.0,479502.56,239751.28,-0.00046872,-0.00064183,-0.00064676,-0.00064676,-0.0006010175,4.543095238095231e-05,-0.8253186323590035,-0.0210475645821333,-0.0284765602734609,-0.0004579353571428,-1.714430276436728,7.296489055139523e-09
2023-10-19 00:00:00+00:00,-3.3896666666666663e-05,-1.312e-05,3.0,487281.39,243640.7,-0.00064676,-0.00061965,-0.00065876,-0.00065876,-0.0006459825,3.524857142857135e-05,-1.7434846990784447,0.0160925258896025,-0.0057817918860205,-0.0004883660714285,-2.059321677662872,-5.454829859045603e-07
2023-10-20 00:00:00+00:00,-9.107666666666663e-05,-1.264e-05,3.0,516469.16,258234.58,-0.00065876,-0.0003671,-0.00041963,-0.0003671,-0.0004531475,1.446952380952374e-05,-2.866379628588525,0.0581738180997426,0.0096150313271845,-0.0004953928571428,0.2678514511067892,-5.29827743979756e-06
2023-10-21 00:00:00+00:00,7.543666666666667e-05,7.404e-05,3.0,477175.2,238587.6,-0.0003671,-0.00051501,-0.00052809,-0.00052809,-0.0004845725,1.899047619047612e-05,1.1358964835515584,-0.0791318581439579,-0.0917902455174246,-0.0004907482142857,-0.106605354318325,-5.9694436055197086e-06
2023-10-22 00:00:00+00:00,5.635666666666667e-05,2.131e-05,3.0,483625.02,241812.51,-0.00052809,-0.00013568,-0.00016392,-0.00013568,-0.0002408425,2.002714285714279e-05,0.6175712380874546,0.0134261353257212,-0.0091629776105612,-0.0004652982142857,2.4829028018773966,7.566522331732297e-07
2023-10-23 00:00:00+00:00,6.764000000000001e-05,4.18e-06,3.0,485536.42,242768.21,-0.00013568,-0.00041336,-0.00051133,-0.00041336,-0.0003684325,1.8902857142857078e-05,0.917668570378842,0.0039444459908217,0.0011132651293284,-0.0004624825,1.03054888288436,2.66802326819185e-07
2023-10-24 00:00:00+00:00,8.904000000000001e-05,6.712e-05,3.0,486745.05,243372.53,-0.00041336,0.00037591,0.00027551,0.00027551,0.0001283925,2.3307619047618985e-05,1.3524317269280446,0.00248617434322,-0.006056323076983,-0.0003808003571428,4.077940438741105,2.2136896352031521e-07
2023-10-25 00:00:00+00:00,0.0001,0.0001,3.0,451292.48,225646.24,0.00027551,-0.00018689,-0.00029008,-0.00029008,-0.0001228849999999,3.764285714285708e-05,1.5359220795268114,-0.0756248309885787,-0.0606335894834284,-0.0003124957142857,2.022918678675809,-7.562483098857875e-06
2023-10-26 00:00:00+00:00,0.0001,0.0001,3.0,435844.24,217922.12,-0.00029008,0.0,-0.00011977,0.0,-0.0001024625,5.677095238095232e-05,1.42433954838365,-0.0348307119060464,-0.1115568272790774,-0.00023485,1.9375786241109456,-3.483071190604648e-06
2023-10-27 00:00:00+00:00,0.0001,0.0001,3.0,458747.01,229373.51,0.0,0.00026465,0.00023137,0.00023137,0.0001818475,8.406761904761899e-05,1.345192986813517,0.0512139498219195,-0.1185166955569005,-0.0001441364285714,2.963236383102526,5.121394982191952e-06
2023-10-28 00:00:00+00:00,0.0001,0.0001,3.0,472296.81,236148.41,0.00023137,0.00032505,0.00029232,0.00029232,0.000285265,8.757666666666659e-05,1.27480924601443,0.0291087410612291,-0.0102760963517134,-3.41596428571429e-05,2.848217276509528,2.9108741061229183e-06
2023-10-29 00:00:00+00:00,0.0001,0.0001,3.0,470285.6,235142.8,0.00029232,0.00021591,0.00016011,0.00016011,0.0002071125,9.381142857142852e-05,1.190683276935082,-0.0042674529693442,-0.0279696846467789,2.983392857142854e-05,2.19866935675227,-4.267452969344277e-07
2023-10-30 00:00:00+00:00,0.0001,0.0001,3.0,468299.93,234149.97,0.00016011,0.00030406,0.00021312,0.00021312,0.0002226025,9.843428571428565e-05,1.1182695064927424,-0.0042312030155979,-0.0361453336531987,0.0001142674999999,2.01446057526057,-4.2312030155979844e-07
2023-10-31 00:00:00+00:00,0.0001,0.0001,3.0,464280.4,232140.2,0.00021312,0.00054286,0.00039182,0.00054286,0.000422665,0.0001,1.045952810295415,-0.0086202866635378,-0.0472517946599566,0.0001563064285714,2.3866436808430764,-8.620286663537869e-07
2023-11-01 00:00:00+00:00,0.0001,0.0001,3.0,463470.03,231735.02,0.00054286,0.00072676,0.00070803,0.00070803,0.00067142,0.0001,0.9794697412826648,-0.001746957327942,0.02662607900068,0.0002697785714285,2.6745986198267984,-1.746957327942056e-07
2023-11-02 00:00:00+00:00,0.0001230633333333,0.0001,3.0,473451.58,236725.79,0.00070803,0.00082225,0.00073861,0.00073861,0.0007518749999999,0.0001032947619047,1.3484046596833328,0.0213079249083847,0.0827647158151112,0.0003918267857142,2.4782097936464647,2.6222242656421864e-06
2023-11-03 00:00:00+00:00,0.0001453533333333,0.0001,3.0,484964.25,242482.13,0.00073861,-5.071e-05,-0.0001322,-5.071e-05,0.0001262475,0.0001097738095238,1.6474615746939902,0.0240255292509026,0.0555762952440943,0.0003838839285714,0.8353098708039599,3.492190761716199e-06
2023-11-04 00:00:00+00:00,0.0001,0.0001,3.0,479304.36,239652.18,-5.071e-05,0.00028245,0.00018854,0.00018854,0.0001522049999999,0.0001097738095238,0.7489033684776607,-0.0117393741570435,0.0147281800258216,0.0003648753571428,0.8426640728044007,-1.1739374157043515e-06
2023-11-05 00:00:00+00:00,0.0001,0.0001,3.0,505385.06,252692.53,0.00018854,0.00060157,0.00053698,0.00053698,0.0004660175,0.0001097738095238,0.7027903148616286,0.0529848310497822,0.0719804640449481,0.0004018617857142,1.51064006102468,5.298483104978225e-06
2023-11-06 00:00:00+00:00,0.00010998,0.00012957,3.0,520096.97,260048.49,0.00053698,0.00079128,0.00055255,0.00079128,0.0006680225,0.0001111995238095,0.8668403686295433,0.0286946411861261,0.1049063082466723,0.0004654932142857,1.81891074517922,3.155836637650159e-06
2023-11-07 00:00:00+00:00,0.0001,0.0001,3.0,531170.94999999,265585.48,0.00079128,0.000273,0.00018898,0.000273,0.000381565,0.0001111995238095,0.6198757753580638,0.021068634207463,0.1345952291176733,0.0004596217857142,1.07370968288744,2.106863420746308e-06
2023-11-08 00:00:00+00:00,0.0001,0.0001,3.0,498372.03,249186.02,0.000273,0.00042196,0.00041006,0.00041006,0.00037877,0.0001111995238095,0.5830702027672698,-0.0637370628509739,0.0726051235946414,0.0004178146428571,0.9983762389378676,-6.373706285097391e-06
2023-11-09 00:00:00+00:00,0.0001,0.0001,3.0,482175.24,241087.62,0.00041006,0.00069624,0.00062646,0.00069624,0.0006072499999999,0.0001079047619047,0.5326209284389405,-0.0330392298754844,0.0182579688107722,0.0003971539285714,1.4160675288801967,-3.303922987548447e-06
2023-11-10 00:00:00+00:00,0.00028614,0.00064556,3.0,490089.17,245044.59,0.00069624,0.00107317,0.00104699,0.00104699,0.0009658475,0.0001280171428571,3.331380257027884,0.0162797376999002,0.0105121772597698,0.0005170967857142,2.0080109696432342,4.658284145449446e-06
2023-11-11 00:00:00+00:00,0.00047504,0.0002994,3.0,591080.99,295540.5,0.00104699,0.00095076,0.00063021,0.00095076,0.00089468,0.0001815942857142,4.033712045199033,0.1873656927939819,0.2096172442107953,0.0006231646428571,1.6974149559518903,8.900619870485318e-05
2023-11-12 00:00:00+00:00,0.0003297633333333,0.00038352,3.0,581351.93,290675.97,0.00095076,0.00072504,0.00060828,0.00072504,0.00075228,0.0002144176190476,2.1843474444121025,-0.0165967419661576,0.1400356711948553,0.0006640592857142,1.3043583872942566,-5.472996953233378e-06
2023-11-13 00:00:00+00:00,0.0002708666666666,0.00044772,3.0,536895.27,268447.64,0.00072504,0.0008173,0.00065145,0.00065145,0.00071131,0.0002374014285714,1.485314434466013,-0.0795532574125719,0.0317877725961572,0.0006702432142857,1.1444818738793925,-2.154832565781864e-05
2023-11-14 00:00:00+00:00,0.0003391033333333,0.00025917,3.0,560919.37,280459.69,0.00065145,0.00072634,0.00045596,0.00072634,0.0006400225,0.000271559047619,1.9109898696098069,0.0437741221475178,0.054493260536212,0.0007071657142857,0.9338127187231388,1.4843950733963795e-05
2023-11-15 00:00:00+00:00,0.0001294533333333,0.0001,3.0,548064.22,274032.11,0.00072634,0.00034353,0.00024951,0.00024951,0.0003922225,0.0002757666666666,0.0452809440789132,-0.0231846998401508,0.0950456235470351,0.0007090875,0.3718570784885022,-3.0013366766403235e-06
2023-11-16 00:00:00+00:00,0.0001,0.0001,3.0,507070.37,253535.19,0.00024951,0.00087656,0.00046175,0.00087656,0.0006160949999999,0.0002757666666666,-0.2289324614597033,-0.0777426790588773,0.0503421743636423,0.0007103510714285,0.7947459775200534,-7.774267905887733e-06
2023-11-17 00:00:00+00:00,0.0001634633333333,0.0001,3.0,545254.36,272627.18,0.00087656,0.0,0.0,0.0,0.00021914,0.0002582414285714,0.2933559723547509,0.0726026105777517,0.1066650472414938,0.0006036785714285,-0.144468166502535,1.1867864733741229e-05
2023-11-18 00:00:00+00:00,0.0001,0.0001,3.0,529222.98,264611.49,0.0,0.00026645,0.00024336,0.00024336,0.0001882925,0.0002046642857142,-0.3372670238196278,-0.0298425460474405,-0.1105431915999286,0.0005027660714285,-0.3085045509294637,-2.9842546047440524e-06
2023-11-19 00:00:00+00:00,0.0001,0.0001,3.0,518902.07,259451.04,0.00024336,0.00036932,0.00022694,0.00036932,0.000302235,0.0001718409523809,-0.4333261545972725,-0.0196946797606081,-0.113641129394379,0.0004384739285714,-0.0870688092661294,-1.969467976060813e-06
2023-11-20 00:00:00+00:00,0.0001,0.0001,3.0,537594.6,268797.3,0.00036932,0.00051154,0.0004983,0.00051154,0.000472675,0.0001474314285714,-0.4439621372836961,0.0353895689419569,0.0013016969601498,0.0004043832142857,0.3254753835887855,3.5389568941957e-06
2023-11-21 00:00:00+00:00,0.00012501,0.00015755,3.0,522203.59,261101.8,0.00051154,0.00047951,0.00033722,0.00033722,0.0004163725,0.0001168466666666,-0.2113884724683549,-0.0290472135136088,-0.0715196387009768,0.0003724332142857,0.0933281045651646,-3.6311921613362406e-06
2023-11-22 00:00:00+00:00,0.0001,0.0001,3.0,529543.92,264771.96,0.00033722,0.0,0.0,0.0,8.4305e-05,0.000112639047619,-0.4892195915726847,0.013958576775229,-0.034376362085597,0.0003284449999999,-1.1391487622061731,1.395857677522905e-06
2023-11-23 00:00:00+00:00,0.0001,0.0001,3.0,485810.24,242905.12,0.0,0.00026937,0.0002377,0.0002377,0.0001861925,0.000112639047619,-0.4941744550083139,-0.0861980127981514,-0.0428316958248711,0.0002670303571428,-0.7864839542033637,-8.619801279815143e-06
2023-11-24 00:00:00+00:00,0.0001,0.0001,3.0,575194.44999999,287597.23,0.0002377,0.000271,9.997e-05,0.000271,0.0002199174999999,0.0001035728571428,-0.4941744550083136,0.1688900625633635,0.0534557561607407,0.0002671414285714,-0.7489461042586023,1.6889006256336358e-05
2023-11-25 00:00:00+00:00,0.0001,0.0001,3.0,556449.1,278224.55,0.000271,0.00017547,5.23e-05,0.00017547,0.00016856,0.0001035728571428,-0.4941744550083136,-0.0331324555203327,0.0501658466878485,0.0002643224999999,-1.0357514281158833,-3.3132455520332727e-06
2023-11-26 00:00:00+00:00,0.0001,0.0001,3.0,545717.47,272858.74,0.00017547,0.00043059,0.00036179,0.00036179,0.00033241,0.0001035728571428,-0.4941744550083136,-0.0194743144153157,0.0503862120331408,0.0002686332142857,-0.400306889262295,-1.9474314415315773e-06
2023-11-27 00:00:00+00:00,0.0001,0.0001,3.0,546518.68999999,273259.35,0.00036179,0.00017893,0.00016172,0.00016172,0.0002160399999999,0.0001035728571428,-0.4941744550083136,0.0014671188760218,0.0164637619672056,0.0002319710714285,-0.8614792318051803,1.4671188760218006e-07
2023-11-28 00:00:00+00:00,0.0001,0.0001,3.0,562416.28,281208.14,0.00016172,0.00043722,0.00039436,0.00043722,0.0003576299999999,0.0001,-0.4941744550083136,0.0286737809630697,0.0741847564438842,0.0002235792857142,-0.3098693451896979,2.867378096306972e-06
2023-11-29 00:00:00+00:00,0.0001,0.0001,3.0,579538.56,289769.28,0.00043722,0.00039989,0.00025504,0.00025504,0.0003367975,0.0001,-0.4941744550083136,0.0299899132409944,0.0902160929096496,0.0002596496428571,-0.4157303134091225,2.998991324099443e-06
2023-11-30 00:00:00+00:00,0.0001,0.0001,3.0,562403.75,281201.88,0.00025504,0.00011999,0.000117,0.00011999,0.000153005,0.0001,-0.4941744550083136,-0.0300121923606155,0.1464019133471854,0.0002549085714285,-1.1179082911651053,-3.0012192360615586e-06
2023-12-01 00:00:00+00:00,0.0001,0.0001,3.0,551255.77,275627.89,0.00011999,0.00023426,9.618e-05,9.618e-05,0.0001366525,0.0001,-0.4941744550083136,-0.0200211144998316,-0.0425092637160098,0.0002430135714285,-1.1069525448800084,-2.0021114499831683e-06
2023-12-02 00:00:00+00:00,0.0001,0.0001,3.0,568145.91,284072.96,9.618e-05,0.00041921,0.00029508,0.00029508,0.0002763874999999,0.0001,-0.4845162377471241,0.0301793757085171,0.02080256751284,0.0002584175,-0.4915678335514177,3.0179375708517146e-06
2023-12-03 00:00:00+00:00,0.0001,0.0001,3.0,594040.41,297020.21,0.00029508,0.00083387,0.00080784,0.00080784,0.0006861575,0.0001,-0.4667017146789119,0.044569077816746,0.0848459597449018,0.0003089528571428,1.1423604123965518,4.456907781674602e-06
2023-12-04 00:00:00+00:00,0.00013631,0.0001,3.0,599573.96,299786.98,0.00080784,0.00059959,0.00058887,0.00059959,0.0006489725,0.0001051871428571,-0.0972378267649729,0.0092719889810233,0.0926508298499033,0.0003708003571428,0.9235259974229446,1.2638648180032896e-06
2023-12-05 00:00:00+00:00,0.00016225,0.0001,3.0,588568.88,294284.44,0.00059959,0.00070304,0.00064143,0.00070304,0.000661775,0.0001140799999999,0.155732167363399,-0.0185253731509469,0.0454516757358867,0.0004142496428571,0.9353625763810544,-3.00574179374114e-06
2023-12-06 00:00:00+00:00,0.0001,0.0001,3.0,566489.12,283244.56,0.00070304,0.00032342,0.00030289,0.00032342,0.0004131925,0.0001140799999999,-0.500710120103574,-0.0382360885468866,-0.0227743260519943,0.0004251632142857,-0.0590408737901823,-3.823608854688665e-06
2023-12-07 00:00:00+00:00,0.0001,0.0001,3.0,531845.3,265922.65,0.00032342,0.00023391,8.955e-05,0.00023391,0.0002201975,0.0001140799999999,-0.500710120103574,-0.0631052170544066,-0.0558673507457854,0.0004347621428571,-0.8382702814371075,-6.310521705440664e-06
2023-12-08 00:00:00+00:00,0.0001,0.0001,3.0,495878.12,247939.06,0.00023391,0.00053073,0.00044521,0.00044521,0.0004137649999999,0.0001140799999999,-0.500710120103574,-0.0700224868575603,-0.105868723103514,0.0004743496428571,-0.0384643105179096,-7.00224868575603e-06
2023-12-09 00:00:00+00:00,0.0002606366666666,0.00022809,3.0,539005.86,269502.93,0.00044521,0.00102004,0.00101597,0.00102004,0.000875315,0.000137028095238,1.1238822799366486,0.0833962721121128,-0.0526518266999183,0.0005599107142857,1.7580075255214809,2.173612637572739e-05
2023-12-10 00:00:00+00:00,0.0003004733333333,0.00030686,3.0,532811.23,266405.62,0.00102004,0.00052807,0.00052529,0.00052529,0.0006496725,0.0001656671428571,1.5219368492227676,-0.0115592465036726,-0.108780151020337,0.0005546985714285,0.970723153855136,-3.473245327780209e-06
2023-12-11 00:00:00+00:00,0.0001,0.0001,3.0,533452.0,266726.0,0.00052529,0.00060785,0.00058453,0.00060785,0.0005813799999999,0.0001604799999999,-0.5355748904730578,0.0012018984789268,-0.1168502415224335,0.0005450425,0.7750871085204178,1.2018984789268217e-07
2023-12-12 00:00:00+00:00,0.0001375,0.0001,3.0,518222.47,259111.24,0.00060785,0.00065469,0.00054091,0.00065469,0.0006145349999999,0.0001569442857142,0.0498573997114247,-0.028964465985954,-0.1272893343574406,0.0005382939285714,0.9734095150975376,-3.98261407306868e-06
2023-12-13 00:00:00+00:00,0.0001436866666666,0.0001,3.0,521622.11,260811.06,0.00065469,0.00042257,0.00034476,0.00042257,0.0004611475,0.0001631852380952,0.2230488087163578,0.0065387696933889,-0.082514476117165,0.0005451446428571,0.3059381333792408,9.395340213440812e-07
2023-12-14 00:00:00+00:00,0.0001216666666666,0.000165,3.0,496903.98,248451.99,0.00042257,0.00072262,0.00058806,0.00058806,0.0005803275,0.0001662804761904,-0.0214295899540848,-0.0485465902816546,-0.067955849344413,0.0005965917857142,0.9026678229155612,-5.906501817601315e-06
2023-12-15 00:00:00+00:00,0.0001393033333333,0.00021791,3.0,482567.11,241283.56,0.00058806,0.00080005,0.00067908,0.00067908,0.0006865675,0.0001718952380952,0.3434003878077983,-0.0292768090459976,-0.0272101715328503,0.0006355635714285,1.3308652848946267,-4.078357089470954e-06
2023-12-16 00:00:00+00:00,0.00015889,0.00018143,3.0,515575.59,257787.8,0.00067908,0.00046158,0.00030518,0.00030518,0.0004377549999999,0.0001573599999999,0.7113483034167685,0.0661639278527559,-0.0444425157922072,0.000573055,0.1825717001334021,1.051278649652439e-05
2023-12-17 00:00:00+00:00,0.0001105166666666,0.0001,3.0,482387.17,241193.59,0.00030518,0.00051597,0.00029587,0.00051597,0.0004082475,0.0001302233333333,-0.2689814216885964,-0.0665368781692947,-0.0994201474578293,0.0005385657142857,0.0099366952290435,-7.35343398567656e-06
2023-12-18 00:00:00+00:00,0.0001,0.0001,3.0,476872.07,238436.04,0.00051597,0.000486,0.00034205,0.000486,0.000457505,0.0001302233333333,-0.4918707834005599,-0.0114987910214665,-0.1121208369582227,0.0005208692857142,0.2111353364686799,-1.149879102146656e-06
2023-12-19 00:00:00+00:00,0.00014588,0.0001,3.0,487563.22,243781.61,0.000486,0.00078861,0.00078585,0.00078861,0.0007122675,0.0001314204761904,0.4484228020477334,0.0221717062291073,-0.0609846647431613,0.0005348310714285,1.3734917035598189,3.234408504702181e-06
2023-12-20 00:00:00+00:00,0.0001274033333333,0.0001,3.0,513494.37,256747.19,0.00078861,0.00036509,0.00032543,0.00032543,0.00045114,0.0001290942857142,0.0373513673135968,0.0518191012545781,-0.0157043331819721,0.0005334014285714,0.1115316695346012,6.601926230170768e-06
2023-12-21 00:00:00+00:00,0.00013804,0.00021412,3.0,508855.7,254427.85,0.00032543,0.00068856,0.00058207,0.00058207,0.0005445325,0.0001314333333333,0.2545088393242102,-0.0090745860311809,0.0237676710685015,0.0005282878571428,0.540875895426672,-1.2526558557442173e-06
2023-12-22 00:00:00+00:00,0.0003249133333333,0.00047259,3.0,505635.16,252817.58,0.00058207,0.00072588,0.00065087,0.00065087,0.0006524225,0.000157949047619,3.23966581736089,-0.0063490977505757,0.0466953823639233,0.00052341,1.0042290918270356,-2.06290651379875e-06
2023-12-23 00:00:00+00:00,0.0005104766666666,0.00051349,3.0,531507.68999999,265753.85,0.00065087,0.00098051,0.00087167,0.00087167,0.0008436799999999,0.0002081757142857,4.022388228661551,0.04990228460872,0.0304337391198874,0.0005813992857142,1.7972582106267454,2.547395190611071e-05
2023-12-24 00:00:00+00:00,0.0001881233333333,0.00017894,3.0,566034.31,283017.16,0.00087167,0.00100288,0.00096348,0.00100288,0.0009602275,0.0002192623809523,0.420689177426563,0.062937028577787,0.1599076458669692,0.0006602535714285,2.114202037367129,1.183992360614856e-05
2023-12-25 00:00:00+00:00,0.0001886,0.00017793,3.0,535772.54,267886.27,0.00100288,0.00070228,0.00063696,0.00063696,0.00074477,0.0002319195238095,0.3943090168100879,-0.0549449894099556,0.1164614474784802,0.0007012914285714,1.0637299420646047,-1.036262500271763e-05
2023-12-26 00:00:00+00:00,0.0001985366666666,0.0003346,3.0,518587.8,259293.9,0.00063696,0.0007509,0.00074593,0.0007509,0.0007211725,0.0002394419047619,0.469404794902837,-0.0326003573773796,0.0616893838719931,0.0007025635714285,0.8920676832104557,-6.472366285847032e-06
2023-12-27 00:00:00+00:00,0.0002415833333333,0.00025357,3.0,529686.56999999,264843.29,0.0007509,0.00065535,0.00064577,0.00064577,0.0006744475,0.0002557533333333,0.8903224674733297,0.02117610630191,0.031046388919325,0.0007344646428571,0.6227462752620567,5.115794347436431e-06
2023-12-28 00:00:00+00:00,0.0003861066666666,0.0005471,3.0,506927.26,253463.63,0.00064577,0.0005001,0.00048982,0.00048982,0.0005313774999999,0.0002911914285714,2.1892498253125905,-0.0439179323573153,-0.0037969574068092,0.0007325853571428,-0.0969653028302563,-1.6957006469375166e-05
2023-12-29 00:00:00+00:00,0.0005410333333333,0.00052656,3.0,573246.25,286623.13,0.00048982,0.00061259,0.00053067,0.00053067,0.0005409375,0.0003220657142857,3.004078018147978,0.12294785817034,0.1254999985141065,0.0007166589285714,-0.0851529934657533,6.651888953209298e-05
2023-12-30 00:00:00+00:00,0.0004358366666666,0.00046429,3.0,525264.6,262632.3,0.00053067,0.00047556,0.00047404,0.00047404,0.0004885775,0.0003114028571428,1.9035388933457196,-0.0874132444418407,-0.0118155305364542,0.00066593,-0.4341612597328942,-3.809789708005039e-05
2023-12-31 00:00:00+00:00,0.0002338233333333,0.0002098,3.0,515770.06,257885.03,0.00047404,0.00075457,0.00062836,0.00062836,0.0006213325,0.0003179314285714,0.2632009792914542,-0.0182410896179252,-0.0929936487321665,0.0006175164285714,0.2158314346381486,-4.265192378095343e-06
2024-01-01 00:00:00+00:00,0.0001979666666666,0.00025447,3.0,497994.79,248997.4,0.00062836,0.00087974,0.00078269,0.00087974,0.0007926325,0.0003192695238095,-0.0516240882236895,-0.0350714308858179,-0.0731200902080289,0.0006243539285714,1.1854440111891769,-6.942974267695768e-06
2024-01-02 00:00:00+00:00,0.0003240266666666,0.00043024,3.0,490138.81,245069.41,0.00087974,0.00104609,0.00098388,0.00098388,0.0009733974999999,0.0003371966666666,0.9103812202517412,-0.015900978421401,-0.0564207112520502,0.0006603860714285,2.0816647196156786,-5.152341034625172e-06
2024-01-03 00:00:00+00:00,0.0004890933333333,0.00062325,3.0,501230.53,250615.27,0.00098388,0.00056612,0.00051893,0.00051893,0.000646965,0.0003725552380952,2.006633610473963,0.0223774982724691,-0.0552193192814911,0.0006564599999999,0.2012347496915047,1.0944685221742849e-05
2024-01-04 00:00:00+00:00,0.00024793,0.0001,3.0,503816.44,251908.22,0.00051893,0.00037496,0.00031798,0.00037496,0.0003967075,0.0003528157142857,0.1632299344945796,0.0051458604093159,-0.0061555265148598,0.0006372214285714,-1.1625656324064058,1.275813171281709e-06
2024-01-05 00:00:00+00:00,0.0001,0.0001,3.0,470053.67,235026.84,0.00037496,0.00040756,0.00035577,0.00035577,0.000373515,0.0002898109523809,-0.958384043333456,-0.0693651157088073,-0.1984685003940072,0.0006133039285714,-1.2741836802997013,-6.936511570880733e-06
2024-01-06 00:00:00+00:00,0.0001,0.0001,3.0,468513.79,234256.9,0.00035577,1.87e-05,0.0,1.87e-05,9.82925e-05,0.0002418342857142,-0.9583840433334564,-0.0032813440638257,-0.1143366000159922,0.0005575489285714,-2.6390982293205965,-3.281344063825742e-07
2024-01-07 00:00:00+00:00,0.0001,0.0001,3.0,463115.66,231557.83,1.87e-05,-0.0001671,-0.00017143,-0.00017143,-0.000122815,0.0002227166666666,-0.9583840433334564,-0.0115887071047318,-0.1076842175027987,0.0004512421428571,-3.074815014838619,-1.158870710473181e-06
2024-01-08 00:00:00+00:00,0.0001,0.0001,3.0,456540.27,228270.14,-0.00017143,0.0,0.0,0.0,-4.28575e-05,0.0002087214285714,-0.9053569709366548,-0.0142999176843297,-0.0869127043013104,0.0003318864285714,-2.385359481401125,-1.42999176843297e-06
2024-01-09 00:00:00+00:00,0.0001,0.0001,3.0,463449.62,231724.81,0.0,4.791e-05,0.0,4.791e-05,2.3955e-05,0.0001767176190476,-0.849655765827917,0.0150207735628526,-0.0559909523170567,0.0001962517857142,-1.9021030755104456,1.5020773562852697e-06
2024-01-10 00:00:00+00:00,0.0001,0.0001,3.0,453204.59,226602.3,4.791e-05,0.00038032,0.00037485,0.00038032,0.00029585,0.0001211328571428,-0.849655765827917,-0.0223540273026987,-0.1007224778922246,0.0001460924999999,-0.831292920294026,-2.2354027302698755e-06
2024-01-11 00:00:00+00:00,0.0001,0.0001,3.0,519648.74,259824.37,0.00038032,7.764e-05,7.313e-05,7.313e-05,0.000151055,0.0001,-0.8347288829725587,0.1368094262411698,0.0309410879396292,0.0001109992857142,-1.2773429510953982,1.3680942624116987e-05
2024-01-12 00:00:00+00:00,0.0001,0.0001,3.0,491207.06,245603.53,7.313e-05,0.00039005,0.00021728,0.00039005,0.0002676275,0.0001,-0.8179296700110364,-0.0562873336287399,0.0440188700196966,9.587249999999996e-05,-0.8217537063418525,-5.6287333628739945e-06
2024-01-13 00:00:00+00:00,0.0001,0.0001,3.0,492239.87,246119.94,0.00039005,0.00041918,0.00028647,0.00041918,0.00037872,0.0001,-0.8093857837443867,0.0021003886395742,0.0494006027230966,0.0001359335714285,-0.3992704151479819,2.100388639574291e-07
2024-01-14 00:00:00+00:00,0.0001,0.0001,3.0,517748.62,258874.31,0.00041918,0.00024725,0.00023761,0.00024725,0.0002878225,0.0001,-0.7946484761012415,0.0505236965597113,0.1115130063875398,0.0001945960714285,-0.677305292480265,5.052369655971134e-06
2024-01-15 00:00:00+00:00,0.0001,0.0001,3.0,526575.12,263287.56,0.00024725,0.00037061,0.00035613,0.00035613,0.00033253,0.0001,-0.7739066389754429,0.0169041645660641,0.1427170886379336,0.0002482228571428,-0.5026191931407338,1.690416456606414e-06
2024-01-16 00:00:00+00:00,0.0001,0.0001,3.0,508664.39,254332.2,0.00035613,0.0,0.0,0.0,8.90325e-05,0.0001,-0.769913344305171,-0.0346055520464894,0.0930907630285915,0.0002575196428571,-1.2935202539051294,-3.460555204648941e-06
2024-01-17 00:00:00+00:00,0.0001,0.0001,3.0,511957.39,255978.7,0.0,3.644e-05,0.0,0.0,9.11e-06,0.0001,-0.769913344305171,0.0064529515073878,0.1218977418386781,0.0002165567857142,-1.4595127188984838,6.452951507387894e-07
2024-01-18 00:00:00+00:00,0.0001,0.0001,3.0,539475.93,269737.97,0.0,0.00019803,0.00017037,0.00017037,0.0001346925,0.0001,-0.753826020000543,0.0523567693982176,0.0374450849957259,0.0002142192857142,-0.9746301591678496,5.235676939821765e-06
2024-01-19 00:00:00+00:00,0.0001,0.0001,3.0,507512.37,253756.19,0.00017037,0.00020536,0.0,0.00020536,0.0001452725,0.0001,-0.744052459099048,-0.0610770833151494,0.0326553353093164,0.0001967399999999,-0.8928743588421001,-6.10770833151495e-06
2024-01-20 00:00:00+00:00,0.0001,0.0001,3.0,516464.07,258232.04,0.00020536,-3.05e-06,-2.279e-05,-2.279e-05,3.9182500000000006e-05,0.0001,-0.7309544712678742,0.017484636761246,0.0480395834309881,0.0001482346428571,-1.159287380700624,1.748463676124601e-06
2024-01-21 00:00:00+00:00,0.0001,0.0001,3.0,501777.33,250888.67,-2.279e-05,0.0,-8.21e-06,-8.21e-06,-9.8025e-06,0.0001,-0.6813827190226842,-0.0288492662140775,-0.0313333793428007,0.0001057167857142,-1.225671472425646,-2.884926621407757e-06
2024-01-22 00:00:00+00:00,0.0001,0.0001,3.0,501083.13,250541.57,-8.21e-06,0.0,0.0,0.0,-2.0525e-06,0.0001,-0.6395234562864102,-0.0013844400862712,-0.0496219839951361,5.7919285714285685e-05,-1.1307637269955966,-1.3844400862712548e-07
2024-01-23 00:00:00+00:00,0.0001,0.0001,3.0,494123.49,247061.75,0.0,0.0,0.0,0.0,0.0,0.0001,-0.6126107025803055,-0.0139865497587514,-0.0290029817073982,4.520035714285711e-05,-1.0759318087301073,-1.3986549758751467e-06
2024-01-24 00:00:00+00:00,0.0001,0.0001,3.0,481330.56,240665.28,0.0,-0.00012137,-0.00040006,-0.00040006,-0.0002303725,0.0001,-0.5862729034906013,-0.0262311967100643,-0.0616871299248504,1.0988571428571393e-05,-1.71274651457224,-2.623119671006436e-06
2024-01-25 00:00:00+00:00,0.0001,0.0001,3.0,512236.84,256118.42,-0.00040006,0.0,-4.336e-05,-4.336e-05,-0.0001216949999999,0.0001,-0.5582665538870629,0.0622328272130197,-0.0518110721100484,-2.563821428571433e-05,-1.2708002174148243,6.22328272130197e-06
2024-01-26 00:00:00+00:00,0.0001,0.0001,3.0,520520.79,260260.4,-4.336e-05,-0.00020015,-0.00020736,-0.00020736,-0.0001645575,0.0001,-0.5222820945230917,0.0160427334122328,0.0253087446173339,-6.989964285714289e-05,-1.3248982830419795,1.6042733412232836e-06
2024-01-27 00:00:00+00:00,0.0001,0.0001,3.0,527255.51,263627.76,-0.00020736,-9.338e-05,-0.00025287,-9.338e-05,-0.0001617475,0.0001,-0.4715342087956972,0.0128554401342668,0.0206795479903547,-9.86039285714286e-05,-1.2267695089538468,1.2855440134266872e-06
2024-01-28 00:00:00+00:00,0.0001,0.0001,3.0,568466.97,284233.49,-9.338e-05,-0.00033822,-0.00038451,-0.00033822,-0.0002885825,0.0001,-0.4319269988176848,0.0752579414841232,0.1247867556885555,-0.0001384296428571,-1.5239070833654116,7.525794148412324e-06
2024-01-29 00:00:00+00:00,5.297e-05,1.384e-05,3.0,561244.81999999,280622.41,-0.00033822,-0.00026892,-0.00031381,-0.00031381,-0.00030869,9.32814285714285e-05,-0.895111283338088,-0.0127860016236596,0.1133851941511672,-0.000182235,-1.4703939305270186,-6.772745060052498e-07
2024-01-30 00:00:00+00:00,8.983666666666668e-05,0.0001,3.0,523267.42,261633.71,-0.00031381,-0.00026327,-0.00037781,-0.00026327,-0.00030454,9.182952380952374e-05,-0.4295007891078624,-0.0700645569177815,0.0573071869921371,-0.0002257407142857,-1.3680261433870216,-6.294366244970438e-06
2024-01-31 00:00:00+00:00,0.0001,0.0001,3.0,530671.26,265335.63,-0.00026327,-0.00020544,-0.00022333,-0.00022333,-0.0002288425,9.182952380952374e-05,-0.2761928734508477,0.0140500807802421,0.0975884644824436,-0.0002255221428571,-1.088222527371526,1.405008078024217e-06
2024-02-01 00:00:00+00:00,9.287666666666666e-05,7.863e-05,3.0,540091.43,270045.72,-0.00022333,-0.00054449,-0.00054571,-0.00054571,-0.00046481,9.081190476190467e-05,-0.3004370585361555,0.0175957065633465,0.0529513438327704,-0.0002745385714285,-1.9635151100208,1.634230573248414e-06
2024-02-02 00:00:00+00:00,4.377333333333334e-05,0.0001,3.0,525040.43999999,262520.22,-0.00054571,-0.00043711,-0.00057395,-0.00043711,-0.00049847,8.277952380952374e-05,-1.859408879260039,-0.0282631518445146,0.0086454585760229,-0.0003222403571428,-2.010127052389329,-1.2371723667405555e-06
2024-02-03 00:00:00+00:00,5.526666666666667e-05,8.816e-05,3.0,522460.95,261230.48,-0.00043711,-0.00033342,-0.0003513,-0.00033342,-0.0003638125,7.638904761904754e-05,-2.5965378283012077,-0.0049250439925607,-0.0091350255508046,-0.0003511067857142,-1.3837105190360834,-2.7219076465552544e-07
2024-02-04 00:00:00+00:00,2.792333333333333e-05,-4.991e-05,3.0,518657.66,259328.83,-0.00033342,-0.0003946,-0.00049682,-0.00049682,-0.000430415,6.609238095238088e-05,-3.317960176058386,-0.007306193323032,-0.09169916035796,-0.0003713685714285,-1.5508407116808662,-2.040132715567986e-07
2024-02-05 00:00:00+00:00,5.2463333333333336e-05,6.176e-05,3.0,512277.51,256138.76,-0.00049682,-0.00055049,-0.00059015,-0.00055049,-0.0005469875,6.601999999999993e-05,-1.8487755010327864,-0.0123775609579297,-0.0912907196922301,-0.0004054110714285,-1.8304734399755809,-6.493681063895209e-07
2024-02-06 00:00:00+00:00,7.451666666666667e-05,0.0001,3.0,504122.95,252061.48,-0.00055049,-0.00047595,-0.00050596,-0.00050596,-0.00050959,6.38314285714285e-05,-0.7314217268877972,-0.016046303189471,-0.0372724659639196,-0.0004347039285714,-1.564953026396005,-1.1957170260020877e-06
2024-02-07 00:00:00+00:00,8.093e-05,0.0001,3.0,505999.09,252999.55,-0.00050596,-0.00031024,-0.00037993,-0.00031024,-0.0003765925,6.110714285714278e-05,-0.3915046141057138,0.003714684133385,-0.0476078626107767,-0.0004558110714285,-1.0160560096239235,3.00629386914852e-07
2024-02-08 00:00:00+00:00,5.249e-05,5.773e-05,3.0,545186.6,272593.3,-0.00031024,-0.000493,-0.00055538,-0.000493,-0.000462905,5.5337619047618975e-05,-1.618614026925863,0.0745932505169904,0.0093896813428671,-0.0004555389285714,-1.238049931609882,3.915399719636826e-06
2024-02-09 00:00:00+00:00,9.045666666666668e-05,0.0001,3.0,530724.43999999,265362.22,-0.000493,-0.00050435,-0.00052516,-0.00052516,-0.0005119174999999,6.20066666666666e-05,0.1555764558878117,-0.0268851802267704,0.0107676529606113,-0.00045746,-1.3236005730433709,-2.431943786046232e-06
2024-02-10 00:00:00+00:00,8.961666666666667e-05,0.0001,3.0,522032.73,261016.37,-0.00052516,-0.00035051,-0.00038012,-0.00038012,-0.0004089775,6.691380952380945e-05,0.1333879589884299,-0.0165126540906666,-0.0008199571374944,-0.0004639121428571,-0.8967819965165081,-1.4798090174252387e-06
2024-02-11 00:00:00+00:00,0.0001,0.0001,3.0,521460.77,260730.39,-0.00038012,-2.951e-05,-0.00017434,-0.00017434,-0.0001895775,7.721047619047612e-05,0.6200399761457974,-0.0010962407667687,0.0053899954187688,-0.0004295067857142,-0.064220388603833,-1.0962407667687305e-07
2024-02-12 00:00:00+00:00,0.0001,0.0001,3.0,523073.49,261536.75,-0.00017434,-0.00020864,-0.00021634,-0.00021634,-0.000203915,8.400142857142849e-05,0.6200399761457974,0.0030879241461683,0.0208554805228668,-0.0003804964285714,-0.0491581582945067,3.08792414616832e-07
2024-02-13 00:00:00+00:00,8.582000000000002e-05,0.0001,3.0,511836.06,255918.03,-0.00021634,0.00031333,0.0,0.0,2.42475e-05,8.56161904761904e-05,-0.022558190278124,-0.0217175919922851,0.0151841917200528,-0.0003042339285714,0.9559314396199334,-1.8638037447779145e-06
2024-02-14 00:00:00+00:00,0.0001088533333333,0.00012656,3.0,517702.25,258851.13,0.0,0.00039425,0.00037651,0.00037651,0.0002868175,8.960523809523802e-05,1.0379110192505396,0.0113958915912846,0.0228653991779523,-0.0002094610714285,2.1102277712274646,1.2404807860166355e-06
2024-02-15 00:00:00+00:00,0.0001440633333333,0.00018199,3.0,553264.55,276632.28,0.00037651,0.00051267,0.00041571,0.00051267,0.00045439,0.0001026871428571,2.355080461254705,0.0664360076819505,0.0147081563429125,-7.84189285714286e-05,2.518268379015589,9.57099272002074e-06
2024-02-16 00:00:00+00:00,0.0001854066666666,0.00023452,3.0,543422.66,271711.33,0.00051267,0.00083426,0.00074276,0.00083426,0.0007309875,0.0001162514285714,3.187514738507289,-0.0179488811991106,0.0236444553705723,9.913892857142851e-05,2.945044553068452,-3.327842233523108e-06
2024-02-17 00:00:00+00:00,0.0001527633333333,0.0001,3.0,552312.02,276156.01,0.00083426,0.00058058,0.00052974,0.00052974,0.00061858,0.0001252723809523,1.895868425123589,0.0162257436769621,0.0563828531382011,0.0002459328571428,2.310502401629538,2.478698689904997e-06
2024-02-18 00:00:00+00:00,0.0001,0.0001,3.0,527727.43999999,263863.72,0.00052974,0.00068514,0.00058777,0.00068514,0.0006219475,0.0001252723809523,0.2313199099044781,-0.0455332019029466,0.0119458920020232,0.0003618649999999,2.113738010358281,-4.553320190294663e-06
2024-02-19 00:00:00+00:00,0.00011352,0.0001,3.0,528136.43999999,264068.22,0.00068514,0.00086119,0.00085763,0.00085763,0.0008153974999999,0.0001272038095238,0.6395223753694391,0.00077472111359,0.0096326889694449,0.0005074810714285,2.3289467229680243,8.794634081473733e-08
2024-02-20 00:00:00+00:00,0.0001,0.0001,3.0,545151.17,272575.59,0.00085763,0.00083236,0.00073349,0.00073349,0.0007892425,0.0001292295238095,0.2157189887639509,0.0317084729331078,0.0630587538948379,0.0006167660714285,2.0301719640756075,3.170847293310786e-06
2024-02-21 00:00:00+00:00,0.0001679266666666,0.00018636,3.0,550782.6,275391.3,0.00073349,0.00080007,0.00079624,0.00079624,0.00078151,0.0001376685714285,2.0909063054992325,0.0102770435931862,0.0619399058967395,0.0006874364285714,1.8318356579823325,1.725789673791792e-06
2024-02-22 00:00:00+00:00,0.00010046,0.0001,3.0,554888.04,277444.02,0.00079624,0.00074648,0.00069872,0.00069872,0.00073504,0.0001314395238095,0.1458966276967976,0.0074261877249579,0.0029300859397469,0.0007275292857142,1.598618373297686,7.460348188492763e-07
2024-02-23 00:00:00+00:00,0.0001,0.0001,3.0,565515.22,282757.61,0.00069872,0.00037375,0.00026831,0.00037375,0.0004286325,0.0001192385714285,0.1326391202634186,0.0189708457626576,0.0398498129015152,0.0006843357142857,0.9024576158349004,1.8970845762657616e-06
2024-02-24 00:00:00+00:00,0.0001,0.0001,3.0,541733.66,270866.83,0.00037375,0.00010425,0.0,0.00010425,0.0001455625,0.0001117009523809,0.1326391202634186,-0.0429627309811966,-0.0193386617566435,0.0006167617857142,0.2997016938949182,-4.296273098119663e-06
2024-02-25 00:00:00+00:00,0.0001,0.0001,3.0,521877.68,260938.84,0.00010425,0.00049697,0.0003204,0.00049697,0.0003546475,0.0001117009523809,0.1326391202634186,-0.0373412475267116,-0.0111467073804085,0.0005785760714285,0.6907137894306955,-3.734124752671164e-06
2024-02-26 00:00:00+00:00,0.0001,0.0001,3.0,550776.37,275388.19,0.00049697,0.00073042,0.00066711,0.00073042,0.0006562299999999,0.0001097695238095,0.1326391202634186,0.0538956337783727,0.0419742052843741,0.0005558378571428,1.2219224850756123,5.38956337783727e-06
2024-02-27 00:00:00+00:00,0.00020131,0.00013929,3.0,584173.68,292086.84,0.00073042,0.00061545,0.0005479,0.00061545,0.000627305,0.0001242423809523,2.5810377817885595,0.0588694711750541,0.0691352035263204,0.0005327039285714,1.0882021627809757,1.185101324225015e-05
2024-02-28 00:00:00+00:00,0.0001621066666666,0.0001,3.0,575955.36,287977.68,0.00061545,0.00062044,0.00049745,0.00049745,0.0005576975,0.0001234109523809,1.4783475157599093,-0.014168178182091,0.0446899817510431,0.0005007307142857,0.8904485037250495,-2.2967561378381715e-06
2024-02-29 00:00:00+00:00,0.00014763,0.00024289,3.0,527832.54,263916.27,0.00049745,0.00098411,0.00075977,0.00075977,0.000750275,0.0001301495238095,1.0525420626715731,-0.0872510833828403,-0.0499872893567552,0.0005029071428571,1.1829103324708217,-1.2880877439808728e-05
2024-03-01 00:00:00+00:00,0.00052905,0.00062723,3.0,497836.12,248918.06,0.00075977,0.00046518,0.00023467,0.00046518,0.0004812,0.0001914423809523,4.677229024663162,-0.0585081277478281,-0.1274662628672409,0.0005104167857142,0.6174676197012711,-3.095372498498845e-05
2024-03-02 00:00:00+00:00,0.0002706566666666,0.0003705,3.0,499386.5,249693.25,0.00046518,0.00051606,0.00044454,0.00051606,0.00048546,0.0002158219047619,1.590468647099203,0.0031093984794203,-0.0813941334066239,0.0005589735714285,0.5763781420487696,8.415794277783214e-07
2024-03-03 00:00:00+00:00,0.0003286166666666,0.00038716,3.0,479588.48,239794.24,0.00051606,0.00084847,0.00083825,0.00084847,0.0007628125,0.0002484814285714,1.9903997338334272,-0.0404519421931706,-0.0845048280730829,0.0006172828571428,1.058118770111121,-1.3293182403712414e-05
2024-03-04 00:00:00+00:00,0.0003123766666666,0.00036188,3.0,482861.78,241430.89,0.00084847,0.00098046,0.00091941,0.00091941,0.0009169375,0.0002788209523809,1.667632157734167,0.0068020400777406,-0.1315984217737149,0.0006545267857142,1.2780618758738198,2.1247986060177e-06
2024-03-05 00:00:00+00:00,0.0002789,0.00031384,3.0,474409.98,237204.99,0.00091941,0.00047105,0.00043089,0.00043089,0.00056306,0.0002899052380952,1.24968889061059,-0.0176585583642001,-0.2081264513129692,0.0006453489285714,0.5188593850129785,-4.9249719277754246e-06
2024-03-06 00:00:00+00:00,0.0007437033333333,0.00097166,3.0,469151.54,234575.77,0.00043089,0.0001856,9.746e-05,0.0001856,0.0002248875,0.0003729904761904,3.866710067835691,-0.0111460552988233,-0.2051043284297016,0.0005978046428571,-0.2492155054511607,-8.289358479252623e-06
2024-03-07 00:00:00+00:00,0.00034553,0.00045771,3.0,510529.57,255264.79,0.0001856,0.00061853,0.00059377,0.00059377,0.0004979175,0.0004012619047619,1.0880668326211127,0.0845227302686133,-0.0333305147782478,0.0005617535714285,0.295345123633582,2.9205138989713967e-05
2024-03-08 00:00:00+00:00,0.0003470366666666,0.00045527,3.0,502229.81,251114.91,0.00059377,0.00079275,0.00050663,0.00079275,0.000671475,0.0003752599999999,1.0276107706079394,-0.0163907557485174,0.0087868572210627,0.0005889357142857,0.6523399806696938,-5.688193239113001e-06
2024-03-09 00:00:00+00:00,0.0004674133333333,0.00051623,3.0,483877.13,241938.57,0.00079275,0.00022898,0.00022145,0.00022145,0.0003661575,0.000403368095238,1.6706337358840877,-0.0372267929315643,-0.031549334189922,0.0005718924999999,-0.1840443299408246,-1.740029937345228e-05
2024-03-10 00:00:00+00:00,0.0003976833333333,0.00046204,3.0,510901.75,255450.88,0.00022145,0.00082408,0.00080107,0.00082408,0.00066767,0.0004132347619047,1.143726013213966,0.0543462908072971,0.0632488988105457,0.0005583007142857,0.592294967834599,2.1612614082548614e-05
2024-03-11 00:00:00+00:00,0.0004191366666666,0.00028218,3.0,504302.39,252151.2,0.00082408,0.00072469,0.00059835,0.00072469,0.0007179525,0.0004284861904761,1.1921186359605789,-0.0130012333447737,0.0434456253880313,0.0005298742857142,0.7264734448883245,-5.449293606683993e-06
2024-03-12 00:00:00+00:00,0.0005331466666666,0.00066537,3.0,490484.83,245242.42,0.00072469,0.00129781,0.00125847,0.00129781,0.001144695,0.0004648071428571,1.7298512620604911,-0.0277817174116883,0.0333224663405431,0.000612965,2.139977498244604,-1.4811730032316927e-05
2024-03-13 00:00:00+00:00,0.0004594633333333,0.00044267,3.0,485811.82,242905.91,0.00129781,0.00082495,0.00082191,0.00082495,0.000942405,0.0004242014285714,1.2050019351847798,-0.0095730036297858,0.0348955180095806,0.0007154675,1.428643860196695,-4.3984441577535104e-06
2024-03-14 00:00:00+00:00,0.0004566833333333,0.00048064,3.0,493284.31,246642.16,0.00082495,0.00085185,0.00075682,0.00075682,0.00079761,0.0004400804761904,1.1108002187211756,0.0152643542582531,-0.0343628580007795,0.0007582807142857,0.8031347341015064,6.970976183839897e-06
2024-03-15 00:00:00+00:00,0.0004584833333333,0.00052349,3.0,505303.43,252651.72,0.00075682,0.00104526,0.00104036,0.00104526,0.000971925,0.0004560014285714,1.0483129801749085,0.0240733987907848,0.0061012965385227,0.0008012021428571,1.4887358597058735,1.1037252122261676e-05
2024-03-16 00:00:00+00:00,0.0003530533333333,0.00032197,3.0,517755.98,258877.99,0.00104526,0.00077352,0.00073042,0.00077352,0.0008306799999999,0.0004396642857142,0.4006543933328489,0.0243449498633214,0.0676730393334086,0.0008675625,0.7947617787385455,8.595065699078524e-06
2024-03-17 00:00:00+00:00,0.0001461766666666,0.0001423,3.0,501773.46,250886.73,0.00077352,0.00070856,0.00064504,0.00070856,0.00070892,0.0004037347619047,-0.7947523228891705,-0.0313553072486811,-0.0180285587225697,0.0008734553571428,0.2468948335344187,-4.583414295921387e-06
2024-03-18 00:00:00+00:00,0.00015863,0.00027589,3.0,512804.47,256402.24,0.00070856,0.0005788,0.00045928,0.00045928,0.00055148,0.0003665195238095,-0.7242304142939993,0.0217458794809743,0.0167185541031784,0.0008496735714285,-0.4552580705449485,3.449548862066968e-06
2024-03-19 00:00:00+00:00,0.0001408633333333,0.00012434,3.0,514155.14,257077.57,0.00045928,0.00069914,0.00061631,0.00069914,0.0006184675,0.000310479047619,-0.8419361327502352,0.0026304262906489,0.0471306978055157,0.0007744982142857,-0.1520094119193064,3.705306153884413e-07
2024-03-20 00:00:00+00:00,0.0001431433333333,0.00013453,3.0,507767.54,253883.77,0.00069914,0.00055715,0.00032966,0.00032966,0.0004789025,0.0002652904761904,-0.8389881762810009,-0.0125013042846173,0.0442023971506841,0.0007082835714285,-0.7320760016140276,-1.7894783663144132e-06
2024-03-21 00:00:00+00:00,0.0001,0.0001,3.0,543060.39,271530.2,0.00032966,0.00036452,0.00031307,0.00031307,0.0003300799999999,0.0002143357142857,-1.0930075631551357,0.0671967847963923,0.0961348276888234,0.0006414935714285,-1.3047929088679595,6.719678479639235e-06
2024-03-22 00:00:00+00:00,0.0001258066666666,0.00010625,3.0,563490.36,281745.18,0.00031307,0.0006566,0.00062121,0.00062121,0.0005530225,0.0001668104761904,-0.9263787745358936,0.0369296967492456,0.1089911256472841,0.0005816503571428,-0.288798283306874,4.646002049033428e-06
2024-03-23 00:00:00+00:00,0.0001600333333333,0.0001,3.0,550367.18,275183.59,0.00062121,0.00078801,0.00044379,0.00044379,0.0005742,0.0001392361904761,-0.7460222847652199,-0.0235645704880447,0.0610816052959179,0.0005450103571428,-0.1715314738970298,-3.7711167637700903e-06
2024-03-24 00:00:00+00:00,0.0001264933333333,0.00017757,3.0,549563.88,274781.94,0.00044379,0.00043772,0.00041462,0.00043772,0.0004334624999999,0.0001364242857142,-0.95483366150158,-0.0014606372563346,0.0909762752882645,0.0005056592857142,-0.801257700810728,-1.847608753446189e-07
2024-03-25 00:00:00+00:00,0.0001019166666666,0.00010575,3.0,556383.56999999,278191.79,0.00043772,0.00081324,0.00080263,0.00080263,0.000714055,0.0001283223809523,-1.101801329425617,0.0123329122731004,0.0815633080803905,0.0005288842857142,0.3992259945131415,1.2569293091668165e-06
2024-03-26 00:00:00+00:00,0.0001886166666666,0.00026078,3.0,558919.32999999,279459.67,0.00080263,0.00066004,0.0005182,0.00066004,0.0006602275,0.0001351442857142,-0.6133584316007572,0.0045472209735493,0.0834801027632909,0.0005348499999999,0.0918305699307848,8.576816626276268e-07
2024-03-27 00:00:00+00:00,0.0002626933333333,0.00022147,3.0,556681.18999999,278340.6,0.00066004,0.00081941,0.00072197,0.00072197,0.0007308474999999,0.0001522228571428,-0.2032058258677223,-0.0040124452483834,0.0919689617995249,0.0005708421428571,0.4319131822908588,-1.0540426171153302e-06
2024-03-28 00:00:00+00:00,0.00034979,0.00030914,3.0,568818.73,284409.37,0.00072197,0.00111089,0.00092038,0.00111089,0.0009660325,0.0001879071428571,0.3062704909980321,0.0215691006974623,0.0463412777005949,0.0006616924999999,1.488144468022509,7.544655732965344e-06
2024-03-29 00:00:00+00:00,0.0004280833333333,0.00047361,3.0,554920.96,277460.48,0.00111089,0.00073553,0.00070204,0.00070204,0.000812625,0.0002310895238095,0.7402003760398105,-0.024736117730038,-0.0153245367786887,0.0006987785714285,0.7081957209592459,-1.0589119731600448e-05
2024-03-30 00:00:00+00:00,0.0004287333333333,0.00042726,3.0,552004.01,276002.01,0.00070204,0.00088879,0.00070655,0.00070655,0.0007509825,0.0002694752380952,0.6926160902392029,-0.0052703784466618,0.0029696552626941,0.0007240332142857,0.4139788557739108,-2.259586919365509e-06
2024-03-31 00:00:00+00:00,0.0004281933333333,0.00058362,3.0,559652.55,279826.28,0.00070655,0.00094979,0.00094385,0.00094979,0.000887495,0.0003125752380952,0.7267578743894647,0.0137608340006245,0.0181911265196532,0.0007888949999999,0.996374848827654,5.892297380174097e-06
2024-04-01 00:00:00+00:00,0.0005723466666666,0.00058436,3.0,570731.12,285365.56,0.00094979,0.0011348,0.00111846,0.00111846,0.0010803775,0.0003797795238095,1.5253626504190192,0.0196020608370393,0.0254602750835921,0.0008412267857142,1.7431909170640305,1.1219174179876657e-05
2024-04-02 00:00:00+00:00,0.00040705,0.00012708,3.0,573743.24,286871.62,0.00111846,0.00075648,0.00071393,0.00075648,0.0008363375,0.0004109842857142,0.486032010820235,0.0052637735891423,0.0261768276991851,0.0008663853571428,0.6174569591424809,2.1426190394603804e-06
2024-04-03 00:00:00+00:00,0.0002325133333333,0.0001362,3.0,572782.35,286391.18,0.00075648,0.00046384,0.00045475,0.00045475,0.000532455,0.0004066728571428,-0.5680466051302941,-0.0016761775460647,0.0285130954015038,0.0008380435714285,-0.7070383879950375,-3.8973362849400186e-07
2024-04-04 00:00:00+00:00,0.00010417,0.0001,3.0,546072.94999999,273036.48,0.00045475,0.00052831,0.00048636,0.00048636,0.000488945,0.0003715842857142,-1.280244876471507,-0.0477532267454705,-0.040809232041429,0.0007698882142857,-0.8869963874367899,-4.974453630075668e-06
2024-04-05 00:00:00+00:00,0.0001,0.0001,3.0,549437.47,274718.74,0.00048636,0.00054952,0.00049852,0.00054952,0.00052098,0.0003247152380952,-1.2981720708888278,0.0061423981313666,-0.0099307161800243,0.0007282246428571,-0.8446369512261349,6.142398131366633e-07
2024-04-06 00:00:00+00:00,0.0001,0.0001,3.0,548620.85,274310.43,0.00054952,0.00043421,0.00038028,0.00038028,0.0004360725,0.0002777533333333,-1.2135026215346596,-0.0014873893957698,-0.0061477271291323,0.0006832375,-1.2336154479556882,-1.487389395769867e-07
2024-04-07 00:00:00+00:00,0.0001,0.0001,3.0,544218.68,272109.34,0.00038028,0.0004503,0.00031305,0.0004503,0.0003984825,0.0002308685714285,-1.136528789432565,-0.0080564322387122,-0.0279649933684691,0.0006133785714285,-1.32713534484938,-8.056432238712219e-07
2024-04-08 00:00:00+00:00,0.0001,0.0001,3.0,545276.47,272638.24,0.0004503,0.00066591,0.00063884,0.00066591,0.00060524,0.0001633904761904,-1.0642245245289397,0.0019417990660617,-0.0456252551394467,0.0005455017857142,-0.4166663872298004,1.9417990660617334e-07
2024-04-09 00:00:00+00:00,0.0001261233333333,0.00016766,3.0,562070.84,281035.42,0.00066591,0.00072068,0.00069302,0.00069302,0.0006931575,0.000123258095238,-0.8423478620545107,0.0303349413304641,-0.0205540873981249,0.0005250474999999,0.0042894637206461,3.825943917069235e-06
2024-04-10 00:00:00+00:00,0.0001625366666666,0.0001146,3.0,582443.1,291221.55,0.00069302,0.00056203,0.00053024,0.00056203,0.00058683,0.0001132614285714,-0.5671194539015681,0.0356036064930425,0.0167256966409823,0.0005328153571428,-0.4868290094682117,5.786891520690818e-06
2024-04-11 00:00:00+00:00,0.0001243766666666,0.0001,3.0,563697.06999999,281848.54,0.00056203,0.0003007,0.00029283,0.00029283,0.0003620975,0.000116148095238,-0.7600533191858485,-0.0327145009914318,0.031764422395021,0.0005146942857142,-1.520356762561072,-4.06892058497765e-06
2024-04-12 00:00:00+00:00,0.0001,0.0001,3.0,555809.76,277904.88,0.00029283,0.00023536,0.00022881,0.00023536,0.0002480899999999,0.000116148095238,-0.865868322624004,-0.0140909198460512,0.0115311044176031,0.0004757099999999,-1.917381275632157,-1.4090919846051264e-06
2024-04-13 00:00:00+00:00,0.0001,0.0001,3.0,543830.61,271915.31,0.00023536,9.814e-05,8.634e-05,9.814e-05,0.000129495,0.000116148095238,-0.812075560042538,-0.0217882577366363,-0.0087697639232633,0.0004319132142857,-2.1984564387688263,-2.17882577366364e-06
2024-04-14 00:00:00+00:00,0.0001,0.0001,3.0,538915.97,269457.99,9.814e-05,-0.00075282,-0.00097149,-0.00075282,-0.0005947475,0.000116148095238,-0.7616512835028522,-0.0090781607501799,-0.009791492434731,0.0002900232142857,-3.8114780642034103,-9.078160750179976e-07
2024-04-15 00:00:00+00:00,1.825e-05,0.0001,3.0,499355.21,249677.61,-0.00075282,-0.00061539,-0.00062148,-0.00062148,-0.0006527924999999,0.0001044695238095,-1.2777428239390465,-0.0762419727425385,-0.0879752642433313,0.0001103042857142,-3.1366789840273657,-1.391416002551328e-06
2024-04-16 00:00:00+00:00,3.793333333333333e-05,-1.996e-05,3.0,511481.16,255740.58,-0.00062148,-0.00059688,-0.00062838,-0.00059688,-0.000610905,9.187095238095229e-05,-1.0843901819793944,0.0239930656704121,-0.0943171399033833,-7.599035714285721e-05,-2.557036161522805,9.101369577643008e-07
2024-04-17 00:00:00+00:00,8.912e-05,8.172e-05,3.0,510789.93,255394.97,-0.00059688,-0.00044273,-0.00044843,-0.00044843,-0.0004841175,8.138285714285706e-05,-0.6913405465669661,-0.0013523420785475,-0.1312730884749733,-0.0002289828571428,-2.013536225857533,-1.2052072604015392e-07
2024-04-18 00:00:00+00:00,-2.842e-05,-6.242e-05,3.0,514205.6,257102.8,-0.00044843,-0.00049638,-0.00064326,-0.00049638,-0.0005211125,5.955476190476181e-05,-1.4418152794599923,0.0066647756862803,-0.0918938117972612,-0.0003551557142857,-1.884941596194883,-1.8941292500408682e-07
2024-04-19 00:00:00+00:00,3.4636666666666667e-05,2.602e-05,3.0,526771.96,263385.98,-0.00049638,-0.00059719,-0.00064947,-0.00059719,-0.0005850575,5.0217142857142765e-05,-0.9645100817903798,0.0241445559448933,-0.0536583360063165,-0.0004741767857142,-1.8251168175566088,8.362869360779576e-07
2024-04-20 00:00:00+00:00,5.395e-05,9.376e-05,3.0,508679.36,254339.68,-0.00059719,-0.00032152,-0.00053205,-0.00053205,-0.0004957025,4.3638571428571336e-05,-0.8163895151564347,-0.0349498644280021,-0.0668199426976823,-0.0005634907142857,-1.53173904382822,-1.885545185890718e-06
2024-04-21 00:00:00+00:00,1.5213333333333334e-05,1.69e-06,3.0,511799.82,255899.91,-0.00053205,-0.00052385,-0.00055749,-0.00052385,-0.0005343099999999,3.1526190476190385e-05,-1.0354240936210484,0.0061156950323599,-0.0516260869151423,-0.0005548567857142,-1.479189623212053,9.304010709230316e-08
2024-04-22 00:00:00+00:00,3.566e-05,-5.185e-05,3.0,501297.95,250648.98,-0.00052385,-0.00040718,-0.00051158,-0.00040718,-0.0004624475,3.401333333333324e-05,-0.8602693883586311,-0.0207329371322924,0.0038829486951037,-0.0005276646428571,-1.2586684446117469,-7.393365381375472e-07
2024-04-23 00:00:00+00:00,1.1616666666666668e-05,-6.33e-05,3.0,505837.05,252918.53,-0.00040718,-0.00049565,-0.0005522,-0.0005522,-0.0005018075,3.025380952380944e-05,-0.9771637755625672,0.0090139469563013,-0.011096170019007,-0.0005120792857142,-1.239372552175432,1.0471201714236693e-07
2024-04-24 00:00:00+00:00,2.5880000000000003e-05,0.0001,3.0,500935.7,250467.85,-0.0005522,-0.00040059,-0.00044728,-0.00040059,-0.000450165,2.121952380952372e-05,-0.859476186030488,-0.0097368323149691,-0.0194806602554287,-0.0005072289285714,-1.0768481997673782,-2.519892203114013e-07
2024-04-25 00:00:00+00:00,5.207333333333333e-05,1.485e-05,3.0,500822.55,250411.28,-0.00040059,-0.00060163,-0.00067817,-0.00060163,-0.000570505,3.271857142857133e-05,-0.6581421259798266,-0.000225902807351,-0.02637133874906,-0.000514285,-1.1912723621282224,-1.1763512188125416e-08
2024-04-26 00:00:00+00:00,-9.053333333333335e-06,2.514e-05,3.0,510488.73,255244.37,-0.00060163,-0.00048985,-0.00054164,-0.00048985,-0.0005307425,2.647714285714277e-05,-0.9796856731169288,0.01911671423791,-0.0313991804560433,-0.0005065257142857,-1.0526367620007433,-1.7306998623387914e-07
2024-04-27 00:00:00+00:00,1.7676666666666666e-05,5.832e-05,3.0,508924.14,254462.07,-0.00048985,-0.00051743,-0.00056212,-0.00051743,-0.0005217075,2.1295238095238e-05,-0.7566516611068058,-0.0030695928500801,0.0004810911218786,-0.0005102407142857,-0.9749265336184992,-5.4260169613249725e-08
2024-04-28 00:00:00+00:00,7.483333333333334e-05,5.917e-05,3.0,504822.12,252411.06,-0.00051743,-0.00031035,-0.00048863,-0.00031035,-0.00040669,2.981238095238086e-05,-0.3355805649827903,-0.0080928385139085,-0.0137274424243898,-0.0004920092857142,-0.7287895780180896,-6.056140821241542e-07
2024-04-29 00:00:00+00:00,3.106666666666667e-05,4.804e-05,3.0,531465.59,265732.8,-0.00031035,-0.0005271,-0.00069262,-0.00069262,-0.0005556725,2.9156190476190383e-05,-0.5887946790102274,0.0514323247866279,0.0584378194945305,-0.0005053271428571,-0.9202836395253224,1.5978308900379088e-06
2024-04-30 00:00:00+00:00,5.503666666666667e-05,4.819e-05,3.0,507559.71,253779.86,-0.00069262,-0.00033053,-0.00041351,-0.00033053,-0.0004417975,3.5359047619047524e-05,-0.3554928107744308,-0.0460240952204529,0.0033997773177762,-0.0004967542857142,-0.6723015489656512,-2.5330127872829938e-06
2024-05-01 00:00:00+00:00,7.013333333333333e-05,1.04e-05,3.0,522994.46,261497.23,-0.00033053,-0.00043268,-0.00051433,-0.00051433,-0.0004479675,4.168095238095229e-05,-0.1378624436046267,0.0299565121070646,0.04309312173981,-0.0004964403571428,-0.6377898770590372,2.100950049108799e-06
2024-05-02 00:00:00+00:00,5.7816666666666665e-05,8.232e-05,3.0,517108.81,258554.41,-0.00051433,-0.00049099,-0.00054109,-0.00049099,-0.00050935,4.250142857142848e-05,-0.2213783475403149,-0.0113175546940169,0.0320014698531441,-0.0004877039285714,-0.7079169428324918,-6.543432872257473e-07
2024-05-03 00:00:00+00:00,7.124e-05,6.825e-05,3.0,522078.99,261039.5,-0.00049099,-0.00042089,-0.00045528,-0.00045528,-0.0004556099999999,5.3971904761904674e-05,0.1540846438166526,0.0095655816931472,0.0224503373083813,-0.0004769707142857,-0.5481879581543109,6.814520398198102e-07
2024-05-04 00:00:00+00:00,1.8020000000000004e-05,1.202e-05,3.0,506616.79,253308.4,-0.00045528,-0.00048519,-0.00048964,-0.00048964,-0.0004799375,5.402095238095229e-05,-0.9766555681078024,-0.0300640187365974,-0.004544088578136,-0.0004710035714285,-0.5492988792667494,-5.417536176334867e-07
2024-05-05 00:00:00+00:00,6.423333333333333e-06,4.33e-06,3.0,491391.97,245695.99,-0.00048964,-0.00049726,-0.00059949,-0.00059949,-0.00054647,4.424809523809514e-05,-1.154364270480252,-0.0305127606499056,-0.0269640107141331,-0.0004909721428571,-0.6434300179706854,-1.959936325745603e-07
2024-05-06 00:00:00+00:00,1.4783333333333331e-05,5.62e-06,3.0,487361.65,243680.83,-0.00059949,-0.00048464,-0.00050641,-0.00050641,-0.0005242375,4.1921904761904666e-05,-0.9061657153893184,-0.0082356635984996,-0.0866319990992607,-0.0004864814285714,-0.5424427091300428,-1.2175056019782053e-07
2024-05-07 00:00:00+00:00,8.123e-05,0.0001,3.0,487659.1,243829.55,-0.00050641,-0.00029495,-0.00036359,-0.00029495,-0.000364975,4.566380952380943e-05,0.5909214487319222,0.0006101408800329,-0.0399977629987748,-0.0004755067857142,-0.1101189954620999,4.956174368507833e-08
2024-05-08 00:00:00+00:00,0.0001,0.0001,3.0,501911.33,250955.67,-0.00029495,-0.0003341,-0.00035865,-0.0003341,-0.00033045,4.99304761904761e-05,1.012792358720738,0.0288068744553111,-0.0411474006505283,-0.0004587185714285,0.059647083998616,2.880687445531116e-06
2024-05-09 00:00:00+00:00,0.0001,0.0001,3.0,507668.94,253834.47,-0.0003341,-0.00029576,-0.00040697,-0.00029576,-0.0003331474999999,5.595666666666658e-05,1.061024175103521,0.0114060715968999,-0.0184237743596114,-0.0004335467857142,0.1753684703650845,1.1406071596899991e-06
2024-05-10 00:00:00+00:00,9.644666666666669e-05,0.0001,3.0,520562.55,260281.28,-0.00029576,-0.00045451,-0.00063897,-0.00045451,-0.0004609375,5.9557619047618965e-05,1.141525531864768,0.0250805115245356,-0.002908844528223,-0.0004343078571428,-0.165620032108959,2.418931734836378e-06
2024-05-11 00:00:00+00:00,6.641666666666666e-05,1.437e-05,3.0,515874.49,257937.25,-0.00045451,-0.00032642,-0.00035781,-0.00035781,-0.0003741375,6.647142857142848e-05,0.4490676933820196,-0.0090465542848257,0.0181086199235487,-0.0004191935714285,0.3764976109677309,-6.008419804171737e-07
2024-05-12 00:00:00+00:00,0.0001,0.0001,3.0,534205.1,267102.55,-0.00035781,-0.00029178,-0.00034343,-0.00029178,-0.0003212,7.983952380952372e-05,1.363972552164774,0.034916348155761,0.0835377287292153,-0.0003870121428571,1.0230856390652123,3.491634815576106e-06
2024-05-13 00:00:00+00:00,0.0001,0.0001,3.0,516821.42,258410.71,-0.00029178,-0.00052915,-0.00064468,-0.00052915,-0.00049869,9.201333333333324e-05,1.363972552164774,-0.0330824486385417,0.0586909436891733,-0.0003833625,-0.1559084827968962,-3.30824486385417e-06
2024-05-14 00:00:00+00:00,4.778333333333334e-05,5.157e-05,3.0,517772.96,258886.48,-0.00052915,-0.00034916,-0.00035704,-0.00034916,-0.0003961275,8.723523809523801e-05,-0.0115283661082088,0.0018394460412576,0.059920248850398,-0.0003878128571428,0.997843899614058,8.789486333809382e-08
2024-05-15 00:00:00+00:00,7.061666666666667e-05,7.534e-05,3.0,523138.66,261569.33,-0.00034916,-0.00048223,-0.00049266,-0.00049266,-0.0004541775,8.303761904761896e-05,0.5869436324943019,0.0103097081895207,0.0414230825846075,-0.0004054882142857,0.2379620992884478,7.280372266499872e-07
2024-05-16 00:00:00+00:00,0.0001,0.0001,3.0,541069.62,270534.81,-0.00049266,-0.00043166,-0.00045145,-0.00045145,-0.0004568049999999,8.303761904761895e-05,1.3218338969654204,0.0337014049737938,0.0637184159615014,-0.0004231535714285,0.1449678007848424,3.3701404973793814e-06
2024-05-17 00:00:00+00:00,9.596e-05,8.788e-05,3.0,551491.92,275745.96,-0.00045145,-0.00020375,-0.00029556,-0.00020375,-0.0002886274999999,8.296809523809514e-05,1.1956688533133488,0.0190792294518153,0.0577171338887811,-0.0003985378571428,2.187022623843229,1.8308428581962052e-06
2024-05-18 00:00:00+00:00,0.0001,0.0001,3.0,564378.65,282189.33,-0.00020375,-8.731e-05,-0.00019074,-0.00019074,-0.000168135,8.776571428571419e-05,1.269795010563287,0.0230982038471729,0.0898618920207798,-0.0003691089285714,2.9810982477498325,2.309820384717298e-06
2024-05-19 00:00:00+00:00,0.0001,0.0001,3.0,613295.17,306647.59,-0.00019074,5.123e-05,2.561e-05,5.123e-05,-1.56675e-05,8.77657142857142e-05,1.184266557557624,0.0831209456914585,0.1380664895564773,-0.0003254614285714,3.460405955622389,8.312094569145857e-06
2024-05-20 00:00:00+00:00,0.0001,0.0001,3.0,620770.85,310385.43,5.123e-05,-0.00041321,-0.00048501,-0.00048501,-0.000333,8.776571428571419e-05,1.1150518707805384,0.0121156750524118,0.1832646132474309,-0.0003017914285714,0.7606103745152728,1.2115675052411843e-06
2024-05-21 00:00:00+00:00,9.924e-05,9.772e-05,3.0,598488.66,299244.33,-0.00048501,0.00104529,0.00103252,0.00104529,0.0006595225,9.511666666666658e-05,1.0255520098149735,-0.0365544347752226,0.1448707324309506,-0.0001509842857142,4.53826109719569,-3.6276621070931e-06
2024-05-22 00:00:00+00:00,0.00023112,0.00015733,3.0,741355.46,370677.73,0.00104529,0.00063854,0.00056476,0.00063854,0.0007217825,0.0001180457142857,3.48365204968153,0.2140726359291456,0.3486336601705755,1.7009999999999937e-05,3.4924797407155115,4.947646761594413e-05
2024-05-23 00:00:00+00:00,0.0001457966666666,0.00014748,3.0,754680.7,377340.35,0.00063854,0.00085577,0.00084021,0.00085577,0.0007975725,0.000124588095238,1.5250450346541502,0.0178145325091829,0.3327467877059646,0.0001962067857142,2.985921464580464,2.5972994580638464e-06
2024-05-24 00:00:00+00:00,0.0002124966666666,0.00021974,3.0,740786.44,370393.22,0.00085577,0.00034392,0.0002087,0.0002087,0.0004042725,0.0001412361904761,2.5190506459806343,-0.0185823672596292,0.29508519099452,0.0002951924999999,1.742955747081168,-3.948691101447017e-06
2024-05-25 00:00:00+00:00,0.0001,0.0001,3.0,730207.33,365103.67,0.0002087,0.0001207,2.146e-05,0.0001207,0.00011789,0.0001412361904761,0.3469999146130656,-0.0143838711119901,0.2576031160353569,0.0003360532142857,0.9421707894002468,-1.4383871111990134e-06
2024-05-26 00:00:00+00:00,0.0001,0.0001,3.0,716021.32,358010.66,0.0001207,0.00048797,0.00027441,0.00048797,0.0003427625,0.0001412361904761,0.2933519747084281,-0.0196185644631654,0.1548636058807329,0.0003872574999999,1.4040785162519966,-1.961856446316545e-06
2024-05-27 00:00:00+00:00,0.0001,0.0001,3.0,711890.64,355945.32,0.00048797,0.00050159,0.0004571,0.00050159,0.0004870625,0.0001412361904761,0.2460535583417175,-0.0057856389442871,0.1369622918840338,0.0005044092857142,1.6156064345571766,-5.785638944287186e-07
2024-05-28 00:00:00+00:00,0.0001084433333333,0.0001,3.0,745572.9,372786.45,0.00050159,0.00051838,0.00046178,0.00046178,0.0004858825,0.0001425509523809,0.3983756111514787,0.0462286120349464,0.2197453386942029,0.0004796035714285,1.4868243662946887,5.013184784443041e-06
2024-05-29 00:00:00+00:00,0.0001,0.0001,3.0,752586.7,376293.35,0.00046178,0.00066344,0.00065546,0.00065546,0.000609035,0.0001238195238095,0.1791130116816674,0.0093632897887214,0.0150359925537788,0.0004634967857142,1.6250161748684255,9.363289788721474e-07
2024-05-30 00:00:00+00:00,0.0001279533333333,0.0001,3.0,783591.32,391795.66,0.00065546,0.00052554,0.00046939,0.00046939,0.000529945,0.0001212704761904,0.7266445369714595,0.0403714029958646,0.0375928630404605,0.0004252642857142,1.3436705633601964,5.165655584664197e-06
2024-05-31 00:00:00+00:00,0.0001,0.0001,3.0,740691.27,370345.64,0.00046939,0.00027749,0.0002214,0.00027749,0.0003114424999999,0.0001051995238095,0.1064109544299036,-0.0563037101273433,-0.0001284798272536,0.0004120028571428,0.8118856508838795,-5.630371012734337e-06
2024-06-01 00:00:00+00:00,0.0001,0.0001,3.0,716380.19,358190.1,0.00027749,0.0004836,0.00046557,0.0004836,0.000427565,0.0001051995238095,0.0770059554636997,-0.0333728811469562,-0.0191174898622197,0.0004562421428571,0.9959427028941816,-3.3372881146956246e-06
2024-06-02 00:00:00+00:00,0.0001,0.0001,3.0,721840.28,360920.14,0.0004836,0.00066566,0.0005975,0.0005975,0.000586065,0.0001051995238095,0.0564201726196766,0.0075928779291736,0.0080939525301193,0.0004909996428571,1.248735882044422,7.592877929173625e-07
2024-06-03 00:00:00+00:00,0.0001,0.0001,3.0,738549.18,369274.59,0.0005975,0.00068214,0.00066588,0.00068214,0.000656915,0.0001051995238095,-0.003641182745807,0.0228837986185634,0.03676339009297,0.0005152642857142,1.3042444372019937,2.288379861856349e-06
2024-06-04 00:00:00+00:00,0.0001427166666666,0.0001,3.0,732200.11,366100.06,0.00068214,0.00057336,0.00054683,0.00057336,0.0005939224999999,0.0001100957142857,0.9512191838579672,-0.0086338432840271,-0.0180990652260035,0.0005306985714285,1.097223260463568,-1.2321933340187434e-06
2024-06-05 00:00:00+00:00,0.0001,0.0001,3.0,740610.74,370305.37,0.00057336,0.0007819,0.00064921,0.0007819,0.0006965925,0.0001100957142857,-0.2082681421430445,0.0114213192113936,-0.0160410358033313,0.0005432067857142,1.2330903859074775,1.1421319211393669e-06
2024-06-06 00:00:00+00:00,0.0001295166666666,0.0001,3.0,743033.13,371516.57,0.0007819,0.0006239,0.00056561,0.0006239,0.0006488275,0.000110319047619,0.5646430823336515,0.0032654630959996,-0.0531469757031963,0.00056019,1.057674640878309,4.229318953168842e-07
2024-06-07 00:00:00+00:00,0.0001,0.0001,3.0,753834.33,376917.17,0.0006239,0.00066048,0.00050093,0.00050093,0.00057156,0.000110319047619,-0.253682457617328,0.0144319891545467,0.0175887235786937,0.0005973496428571,0.8337369067628755,1.44319891545468e-06
2024-06-08 00:00:00+00:00,0.0001,0.0001,3.0,741457.64,370728.82,0.00050093,0.00056251,0.00053273,0.00053273,0.000532225,0.000110319047619,-0.2536824576173276,-0.01655458987846,0.03440701484719,0.0006123010714285,0.696423553277403,-1.6554589878460037e-06
2024-06-09 00:00:00+00:00,0.0001,0.0001,3.0,753673.51,376836.76,0.00053273,0.00022273,0.00017107,0.00022273,0.000287315,0.000110319047619,-0.2572325205338969,0.0163412311199291,0.0431553680379455,0.0005696224999999,0.1106348962281214,1.6341231119929134e-06
2024-06-10 00:00:00+00:00,0.0001,0.0001,3.0,751615.16,375807.58,0.00022273,4.586e-05,-1.079e-05,4.586e-05,7.5915e-05,0.000110319047619,-0.2953996118949081,-0.0027348259824666,0.0175367434369153,0.0004866225,-0.4183252917421271,-2.73482598246666e-07
2024-06-11 00:00:00+00:00,0.0001,0.0001,3.0,748522.96,374261.48,4.586e-05,-1.907e-05,-7.088e-05,-7.088e-05,-2.87425e-05,0.0001042166666666,-0.2953996118949081,-0.0041225595673211,0.0220480271536214,0.0003976703571428,-0.7047567708211753,-4.122559567321105e-07
2024-06-12 00:00:00+00:00,0.0001,0.0001,3.0,746041.67,373020.84,-7.088e-05,-0.00014008,-0.00015715,-0.00014008,-0.0001270474999999,0.0001042166666666,-0.2953996118949081,-0.0033204215193105,0.0073062864229171,0.0002800074999999,-1.016885749791483,-3.320421519310557e-07
2024-06-13 00:00:00+00:00,8.428666666666667e-05,5.286e-05,3.0,743985.69,371992.85,-0.00014008,-0.00047471,-0.00051125,-0.00047471,-0.0004001875,9.7755238095238e-05,-0.8150230553044676,-0.0027596557754616,0.0012811675514559,0.0001301482142857,-1.7048926686940706,-2.3260218646107907e-07
2024-06-14 00:00:00+00:00,2.361e-05,-2.677e-05,3.0,717159.89,358579.95,-0.00047471,-0.0005158,-0.00055027,-0.00055027,-0.0005227624999999,8.684238095238085e-05,-2.36988289857296,-0.0367229864327249,-0.0498738080358158,-2.618357142857148e-05,-1.9856363107394224,-8.670297096766367e-07
2024-06-15 00:00:00+00:00,4.571e-05,2.08e-06,3.0,699461.05,349730.53,-0.00055027,-0.0003676,-0.00037047,-0.00037047,-0.0004147024999999,7.908666666666657e-05,-1.6329163127345507,-0.0249887044196768,-0.0583079225770326,-0.0001614589285714,-1.7307761394027572,-1.1422336790234276e-06
2024-06-16 00:00:00+00:00,0.0001,0.0001,3.0,736733.51,368366.76,-0.00037047,-0.00047057,-0.00054116,-0.00047057,-0.0004631925,7.908666666666657e-05,-0.2186476548573802,0.0519161293590979,-0.0227330243378638,-0.0002686742857142,-1.794326174176374,5.191612935909795e-06
2024-06-17 00:00:00+00:00,6.267666666666666e-05,9.422e-05,3.0,762205.83,381102.92,-0.00047057,-0.00063757,-0.00066783,-0.00066783,-0.00061095,7.375476190476181e-05,-1.1358432092098356,0.0339903980377069,0.0139921996823098,-0.0003667978571428,-2.003957396747571,2.130404847676681e-06
2024-06-18 00:00:00+00:00,-4.563333333333333e-06,3.187e-05,3.0,764774.56,382387.28,-0.00066783,-0.00041831,-0.00055523,-0.00055523,-0.00054915,5.881714285714277e-05,-2.452241661462771,0.0033644602640645,0.0214792195136954,-0.0004411417857142,-1.731672798395249,-1.5353153671681283e-08
2024-06-19 00:00:00+00:00,-1.088e-05,-1.558e-05,3.0,713407.48,356703.74,-0.00055523,-0.00036143,-0.00040465,-0.00040465,-0.00043149,4.297714285714277e-05,-2.269481710306164,-0.0695283397143935,-0.0447286986813875,-0.0004846335714285,-1.450397938487907,7.564683360926017e-07
2024-06-20 00:00:00+00:00,9.216e-05,7.648e-05,3.0,718770.33,359385.17,-0.00040465,-0.00035112,-0.00044372,-0.00044372,-0.0004108025,4.410190476190467e-05,-0.1543796252787331,0.0074891190577073,-0.0344799238482185,-0.00048615,-1.3066738598524323,6.901972123583072e-07
2024-06-21 00:00:00+00:00,4.712333333333334e-05,-9.1e-06,3.0,772527.66,386263.83,-0.00044372,-0.00060842,-0.00062631,-0.00062631,-0.00057619,4.746095238095229e-05,-1.080643087322979,0.0721259370271969,0.0743689996117034,-0.0004937825,-1.5366203950781945,3.3988145725116108e-06
2024-06-22 00:00:00+00:00,4.5043333333333336e-05,0.0001,3.0,736961.71,368480.86,-0.00062631,-0.00055998,-0.00057418,-0.00055998,-0.0005801125,4.736571428571419e-05,-1.0579467931907338,-0.0471318769834709,0.0522258270479092,-0.0005174125,-1.4414441456257163,-2.122976845592145e-06
2024-06-23 00:00:00+00:00,3.617e-05,5.133e-05,3.0,755906.87,377953.44,-0.00055998,-0.00046909,-0.00048616,-0.00046909,-0.00049608,3.824714285714276e-05,-1.3002773725564865,0.0253822437879431,0.0256919414767544,-0.0005221107142857,-1.1804987729023553,9.180757578099048e-07
2024-06-24 00:00:00+00:00,7.182e-05,1.546e-05,3.0,744023.26,372011.63,-0.00046909,-0.00047406,-0.00054054,-0.00054054,-0.0005060575,3.955333333333324e-05,-0.3128974185670046,-0.0158458829753413,-0.0241443395362939,-0.0005071260714285,-1.1316291830659209,-1.1380513152890191e-06
2024-06-25 00:00:00+00:00,-4.002666666666667e-05,-4.352e-05,3.0,710848.64,355424.32,-0.00054054,-0.00043843,-0.00045051,-0.00045051,-0.0004699974999999,3.448714285714277e-05,-2.752618079682769,-0.0456127739078873,-0.0731215737082457,-0.0004958185714285,-0.9928258838573834,1.8257272969530364e-06
2024-06-26 00:00:00+00:00,6.685666666666667e-05,0.0001,3.0,732984.34,366492.17,-0.00045051,-0.00060669,-0.00068038,-0.00068038,-0.00060449,4.559238095238086e-05,-0.2503112031780328,0.030664813524579,0.0270715795307268,-0.0005205328571428,-1.1751794482544442,2.050147216208274e-06
2024-06-27 00:00:00+00:00,-1.1633333333333363e-06,4.756e-05,3.0,718637.42,359318.71,-0.00068038,-0.00038853,-0.00048638,-0.00048638,-0.0005104174999999,3.22604761904761e-05,-1.6730214565882102,-0.0197673906021069,-0.0001849301290874,-0.0005347635714285,-0.9265325385074528,2.2996064400451168e-08
2024-06-28 00:00:00+00:00,5.545e-05,0.0001,3.0,724317.25,362158.63,-0.00048638,-0.00043187,-0.00044066,-0.00043187,-0.000447695,3.3449999999999905e-05,-0.3805799258378136,0.0078725402161374,-0.0644383269401469,-0.0005164071428571,-0.7485940840383756,4.365323549848233e-07
2024-06-29 00:00:00+00:00,1.5673333333333335e-05,2.471e-05,3.0,746411.91,373205.96,-0.00043187,-0.00046447,-0.0005208,-0.00046447,-0.0004704025,2.9254285714285623e-05,-1.188525875064281,0.0300481189814867,0.0127416690248107,-0.0005007342857142,-0.7397681362450375,4.709541848365022e-07
2024-06-30 00:00:00+00:00,1.0050000000000002e-05,-9.6e-07,3.0,746543.42,373271.71,-0.00046447,-0.000444,-0.00045592,-0.000444,-0.0004520975,2.552285714285705e-05,-1.2242671122195783,0.0001761740591934,-0.0124644007039389,-0.0004944510714285,-0.6541160508518312,1.7705492948942416e-09
2024-07-01 00:00:00+00:00,-3.7233333333333342e-06,3.015e-05,3.0,729062.75,364531.38,-0.000444,-0.00048958,-0.00054972,-0.00054972,-0.000508255,1.4730952380952288e-05,-1.4127974467357864,-0.0236939749348437,-0.0203124926634412,-0.000494765,-0.7159375964778788,8.82205666740681e-08
2024-07-02 00:00:00+00:00,9.826666666666669e-06,1.995e-05,3.0,721469.64,360734.82,-0.00054972,-0.0005458,-0.0005953,-0.0005953,-0.00057153,2.1852857142857048e-05,-1.0497040300695235,-0.0104695067953191,0.0148307744491269,-0.0005092696428571,-0.7940202571178248,-1.0288035344200241e-07
2024-07-03 00:00:00+00:00,5.0910000000000006e-05,9.479e-05,3.0,704684.29,352342.15,-0.0005953,-0.0003507,-0.00036826,-0.0003507,-0.00041624,1.957476190476181e-05,-0.1447781858669486,-0.0235404114164197,-0.0393744504918718,-0.0004823767857142,-0.4069937343522981,-1.1984423452099278e-06
2024-07-04 00:00:00+00:00,5.0633333333333335e-05,-1.36e-06,3.0,726050.92,363025.46,-0.0003507,-0.00033969,-0.00045611,-0.00045611,-0.0004006525,2.6974285714285624e-05,-0.0902608788818175,0.0298702631962264,0.0102632033064615,-0.0004666960714285,-0.3159677846679235,1.5124309931689318e-06
2024-07-05 00:00:00+00:00,6.687666666666667e-05,7.419e-05,3.0,703717.0,351858.5,-0.00045611,-0.00039824,-0.00047453,-0.00047453,-0.0004508525,2.860666666666658e-05,0.3128540302210353,-0.0312438634037199,-0.0288532003133958,-0.0004671471428571,-0.3853876934532118,-2.089485438229447e-06
2024-07-06 00:00:00+00:00,8.248666666666668e-05,8.528e-05,3.0,693030.14,346515.07,-0.00047453,-0.00061382,-0.00062707,-0.00061382,-0.0005823099999999,3.815142857142849e-05,0.7498104006091113,-0.0153027963949448,-0.0742041156898274,-0.0004831339285714,-0.7222478488731304,-1.2622766652976808e-06
2024-07-07 00:00:00+00:00,4.437333333333333e-05,0.0001,3.0,653559.1,326779.55,-0.00061382,-0.0005083,-0.00055086,-0.0005083,-0.00054532,4.305476190476182e-05,-0.1425930305340646,-0.0586405252192285,-0.1330208149682494,-0.0004964514285714,-0.5810907754759063,-2.602075572394569e-06
2024-07-08 00:00:00+00:00,-1.625e-05,-1.279e-05,3.0,677729.1,338864.55,-0.0005083,-0.00041721,-0.00058056,-0.00058056,-0.0005216575,4.1265238095238e-05,-1.5448659703838938,0.0363146854854825,-0.0730121545479232,-0.0004983660714285,-0.4730375793398412,-5.901136391390915e-07
2024-07-09 00:00:00+00:00,4.7503333333333336e-05,0.0001,3.0,648818.02,324409.01,-0.00058056,-0.00038325,-0.00043718,-0.00043718,-0.0004595425,4.664761904761896e-05,0.078809426822528,-0.0435953738057417,-0.1061380215583458,-0.0004823678571428,-0.0702531403605825,-2.070925573685419e-06
2024-07-10 00:00:00+00:00,0.0001,0.0001,3.0,660620.8,330310.4,-0.00043718,-0.00038857,-0.00041005,-0.00041005,-0.0004114625,5.366047619047611e-05,1.4210981755910872,0.0180277222202445,-0.0645698879216816,-0.0004816853571428,0.4302810245302431,1.8027722220244517e-06
2024-07-11 00:00:00+00:00,9.473666666666668e-05,0.0001,3.0,706440.89,353220.45,-0.00041005,-0.00040375,-0.00042866,-0.00040375,-0.0004115525,5.996095238095229e-05,1.2992075215604082,0.0670595336770389,-0.027380617440869,-0.0004832425,0.7075076566589178,6.352996688783751e-06
2024-07-12 00:00:00+00:00,-1.495e-05,-5.4e-05,3.0,716368.27,358184.14,-0.00040375,-0.00040771,-0.00042904,-0.00040771,-0.0004120524999999,4.827142857142848e-05,-1.4253272123180774,0.0139548456413081,0.017818091604159,-0.0004776996428571,1.1172363718961698,-2.0862494233755627e-07
2024-07-13 00:00:00+00:00,6.541e-05,0.0001,3.0,701525.9,350762.95,-0.00040771,-0.00035106,-0.00038296,-0.00035106,-0.0003731975,4.583190476190468e-05,0.6698307092890373,-0.0209365585619689,0.0121843294371348,-0.0004478264285714,1.6497267709400392,-1.36946029553839e-06
2024-07-14 00:00:00+00:00,6.058666666666667e-05,0.0001,3.0,710188.32,355094.16,-0.00035106,-0.00030783,-0.00035071,-0.00030783,-0.0003293575,4.814809523809515e-05,0.5107780259124888,0.0122723545574423,0.0830972092138058,-0.0004169746428571,2.0377227255764363,7.435410547869075e-07
2024-07-15 00:00:00+00:00,5.7100000000000006e-05,1.566e-05,3.0,706880.7,353440.35,-0.00030783,-0.0006194,-0.00062318,-0.0006194,-0.0005424525,5.862666666666658e-05,0.4087492740519431,-0.0046682638038682,0.042114259924455,-0.0004199453571428,-0.7968595229724796,-2.6655786320087424e-07
2024-07-16 00:00:00+00:00,5.060666666666666e-05,9.973e-05,3.0,703418.55,351709.28,-0.0006194,-0.00058227,-0.00065101,-0.00058227,-0.0006087375,5.90699999999999e-05,0.2946402586544591,-0.0049098188983265,0.0807998148318702,-0.0004412589285714,-1.561813738323602,-2.484695683813115e-07
2024-07-17 00:00:00+00:00,3.720333333333333e-05,0.0001,3.0,709120.58,354560.29,-0.00058227,-0.00024814,-0.00032545,-0.00032545,-0.0003703275,5.009904761904753e-05,-0.046407388187852,0.0080734909936133,0.070845583605239,-0.0004353825,1.4480240726170224,3.003607765990608e-07
2024-07-18 00:00:00+00:00,7.013666666666668e-05,8.141e-05,3.0,686457.79,343228.9,-0.00032545,-0.0005425,-0.00055762,-0.0005425,-0.0004920175,4.658476190476181e-05,0.7969380591725108,-0.032480845073465,-0.0286947951452649,-0.0004468775,-0.1761759112902341,-2.2780982039692604e-06
2024-07-19 00:00:00+00:00,5.268e-05,1.15e-06,3.0,688005.23,344002.62,-0.0005425,-0.0003852,-0.00040271,-0.0003852,-0.0004289025,5.624619047619039e-05,0.2639926126007147,0.0022517021284631,-0.0403979386581099,-0.0004492846428571,0.6620511728277599,1.186196681274388e-07
2024-07-20 00:00:00+00:00,9.619333333333333e-05,9.069e-05,3.0,696815.22,348407.61,-0.0003852,-0.00022257,-0.00025395,-0.00022257,-0.0002710725,6.064380952380944e-05,1.5040833048355533,0.0127238283606381,-0.0067375517355028,-0.0004346953571428,2.432673858499222,1.223947462770983e-06
2024-07-21 00:00:00+00:00,8.537666666666667e-05,8.368e-05,3.0,711561.07,355780.54,-0.00022257,-0.00031313,-0.00038106,-0.00031313,-0.0003074725,6.4185238095238e-05,1.1314363702635517,0.0209409785849299,0.0019310722919847,-0.0004315689285714,1.8229474146616145,1.7878709483193684e-06
2024-07-22 00:00:00+00:00,5.380333333333334e-05,4.215e-05,3.0,702233.02,351116.51,-0.00031313,-0.00033132,-0.00040729,-0.00040729,-0.0003647575,6.371428571428563e-05,0.2400309397834047,-0.0131959603254596,-0.0065966242296067,-0.0004061839285714,1.0892365766384846,-7.099866520441484e-07
2024-07-23 00:00:00+00:00,4.486e-05,1.243e-05,3.0,677339.05,338669.53,-0.00040729,-0.00036229,-0.00038999,-0.00036229,-0.0003804649999999,6.289333333333325e-05,-0.0179376667379734,-0.0360933263134679,-0.0377801316447481,-0.0003735735714285,0.852291750912741,-1.6191466184221724e-06
2024-07-24 00:00:00+00:00,0.0001,0.0001,3.0,678823.36,339411.68,-0.00036229,-0.00024992,-0.0003908,-0.00024992,-0.0003132325,7.186428571428562e-05,1.4545104471915005,0.0021889864838424,-0.0436646361545189,-0.0003654171428571,1.5023860527872426,2.18898648384247e-07
2024-07-25 00:00:00+00:00,0.0001,0.0001,3.0,770951.13,385475.57,-0.00024992,-0.00046152,-0.00054525,-0.00046152,-0.0004295525,7.613047619047611e-05,1.4266268213359337,0.1272640399012754,0.1160802488202215,-0.0003564935714285,0.1869801255265752,1.2726403990127545e-05
2024-07-26 00:00:00+00:00,4.6393333333333335e-05,2.847e-05,3.0,736697.67,368348.84,-0.00046152,-0.0003654,-0.00040624,-0.0003654,-0.00039964,7.523238095238087e-05,-0.1180898831528363,-0.0454473954094449,0.0683811512823133,-0.0003523132142857,0.470481343061703,-2.108456164362184e-06
2024-07-27 00:00:00+00:00,0.0001,0.0001,3.0,705331.0,352665.5,-0.0003654,-0.00052107,-0.00053712,-0.00052107,-0.000486165,7.577619047619039e-05,1.3639392267545416,-0.043510394754886,0.0121469281667891,-0.0003830407142857,-0.5658090623663906,-4.3510394754886055e-06
2024-07-28 00:00:00+00:00,5.826e-05,0.0001,3.0,733401.68,366700.84,-0.00052107,-0.00051667,-0.00066532,-0.00051667,-0.0005549325,7.190238095238086e-05,0.1289198078137512,0.0390263501593839,0.0302322997412431,-0.0004183921428571,-1.3009720498234838,2.2736751602857085e-06
2024-07-29 00:00:00+00:00,6.245666666666667e-05,0.0001,3.0,686610.75,343305.38,-0.00051667,-0.000431,-0.000437,-0.000431,-0.0004539175,7.313857142857135e-05,0.2114435199349452,-0.0659260085745341,-0.0224977485078312,-0.0004311292857142,-0.1417106300696699,-4.117518742203487e-06
2024-07-30 00:00:00+00:00,0.0001,0.0001,3.0,680976.54,340488.27,-0.000431,-0.00047572,-0.0004848,-0.00047572,-0.00046681,8.101571428571419e-05,1.2610027382413205,-0.0082396815439995,0.0053558962616371,-0.0004434642857142,-0.2847250511187695,-8.239681543999566e-07
2024-07-31 00:00:00+00:00,8.191e-05,4.573e-05,3.0,713121.88,356560.94,-0.00047572,-0.0005459,-0.00055182,-0.0005459,-0.000529835,7.843142857142848e-05,0.6640239725607809,0.0461244892803023,0.0492913990580969,-0.0004744075,-0.9965108884223434,3.778056916949563e-06
2024-08-01 00:00:00+00:00,9.23e-05,0.0001,3.0,711287.85,355643.93,-0.0005459,-0.00038032,-0.00045492,-0.00045492,-0.0004590149999999,7.733142857142848e-05,0.9431800319315218,-0.0025751453038882,-0.0805477861470667,-0.0004786164285714,-0.2371520354957373,-2.376859115488854e-07
2024-08-02 00:00:00+00:00,6.0303333333333336e-05,7.434e-05,3.0,705357.38,352678.69,-0.00045492,-0.00037139,-0.00044313,-0.00044313,-0.0004281425,7.931857142857133e-05,-0.136089942373919,-0.0083726038367881,-0.0434729945744098,-0.0004826882142857,0.1356577556760048,-5.048959200377828e-07
2024-08-03 00:00:00+00:00,4.369333333333333e-05,2.039e-05,3.0,671042.72,335521.36,-0.00044313,-0.0006287,-0.00070928,-0.0006287,-0.0006024525,7.127476190476181e-05,-0.6815726989984361,-0.0498717952415663,-0.0498343950610902,-0.0004993007142857,-1.7639457694740617,-2.179064973421507e-06
2024-08-04 00:00:00+00:00,-3.508666666666667e-05,3.068e-05,3.0,711475.01,355737.51,-0.0006287,-0.00053702,-0.00066129,-0.00066129,-0.000622075,5.793952380952372e-05,-2.7358031295560115,0.0585074928184869,-0.0303532524019871,-0.0005088925,-1.805955889193544,-2.052832898024647e-06
2024-08-05 00:00:00+00:00,-3.2453333333333337e-05,-8.13e-06,3.0,694213.06999999,347106.54,-0.00066129,-0.00043565,-0.00056538,-0.00043565,-0.0005244925,4.4380952380952285e-05,-2.311270733140874,-0.0245613632557688,0.0110113929167781,-0.0005189746428571,-0.8093880548646915,7.970981088605519e-07
2024-08-06 00:00:00+00:00,-3.157666666666667e-05,-8.804e-05,3.0,684768.49,342384.25,-0.00043565,-0.00067477,-0.00068684,-0.00067477,-0.0006180075,2.558428571428562e-05,-2.0530323834598185,-0.0136981203433883,0.0055529541173893,-0.0005405742857142,-1.7337025933234764,4.325409800430597e-07
2024-08-07 00:00:00+00:00,-4.135e-05,-6.535e-05,3.0,605203.91,302601.96,-0.00067477,-0.00066208,-0.00073637,-0.00073637,-0.0007023975,7.975714285714192e-06,-2.1791895768556184,-0.1235153677668154,-0.1640869029297285,-0.0005652260714285,-2.3182643065190827,5.1073604571578205e-06
2024-08-08 00:00:00+00:00,-4.987e-05,-7.56e-05,3.0,610704.68,305352.34,-0.00073637,-0.00069321,-0.00077227,-0.00069321,-0.000723765,-1.233428571428581e-05,-2.110409605356138,0.009048060969393,-0.1524636966564472,-0.0006030475,-2.2142373274185734,-4.5122680054363065e-07
2024-08-09 00:00:00+00:00,-7.542333333333333e-05,-4.923e-05,3.0,624322.55,312161.28,-0.00069321,-0.00036885,-0.0005673,-0.00036885,-0.0004995525,-3.172380952380962e-05,-2.3167787425305204,0.0220536383334,-0.122037454486259,-0.0006132489285714,-0.2540574626955743,-1.6633589152328072e-06
2024-08-10 00:00:00+00:00,-5.950000000000005e-06,-7.375e-05,3.0,609298.38,304649.19,-0.00036885,-0.00037499,-0.00055773,-0.00037499,-0.00041914,-3.881571428571438e-05,-0.9110575462209556,-0.0243590434081397,-0.0965247026528324,-0.0005870614285714,0.4448913305214357,1.4493630827843177e-07
2024-08-11 00:00:00+00:00,1.6013333333333335e-05,2.589e-05,3.0,607422.3,303711.15,-0.00037499,-0.00047168,-0.00049809,-0.00049809,-0.0004607125,-3.151571428571438e-05,-0.5141721541645746,-0.0030838326620656,-0.1581160281333851,-0.0005640096428571,0.0990293446001939,-4.9382440361878574e-08
2024-08-12 00:00:00+00:00,-2.5923333333333333e-05,-8.62e-05,3.0,587912.81,293956.41,-0.00049809,-0.00031588,-0.00040356,-0.00040356,-0.0004052725,-3.058285714285724e-05,-1.24875952697913,-0.0326456112092827,-0.166200276086899,-0.0005469782142857,0.5952067314815113,8.462830612486405e-07
2024-08-13 00:00:00+00:00,3.319e-05,5.674e-05,3.0,607933.05,303966.53,-0.00040356,-0.00024778,-0.00037366,-0.00037366,-0.000349665,-2.133047619047629e-05,-0.0957913809343981,0.0334861061806801,-0.1190160495628305,-0.0005086435714285,1.0966527374034234,1.1114038641367743e-06
2024-08-14 00:00:00+00:00,4.051666666666666e-05,1.361e-05,3.0,635561.26,317780.63,-0.00037366,-0.00027373,-0.00038105,-0.00038105,-0.0003523725,-9.635238095238189e-06,0.0561592621855799,0.0444437217503477,0.0489430399543326,-0.00045864,1.0049037541437231,1.8007114595849215e-06
2024-08-15 00:00:00+00:00,1.9256666666666665e-05,-0.00010081,3.0,636454.85,318227.43,-0.00038105,-0.00053338,-0.00055594,-0.00055594,-0.0005065775,2.399999999999062e-07,-0.3339574995214283,0.0014049981599626,0.0412999771449023,-0.0004276132142857,-0.3803531429278523,2.7055581233680663e-08
2024-08-16 00:00:00+00:00,5.243333333333334e-06,-6.62e-06,3.0,609162.61,304581.31,-0.00055594,-0.00041248,-0.00047867,-0.00041248,-0.0004648925,1.176380952380943e-05,-0.5802864335534504,-0.0438282371188574,-0.0245818983073551,-0.0004226617857142,0.0213165186936991,-2.298060566265424e-07
2024-08-17 00:00:00+00:00,-1.3563333333333334e-05,-2.741e-05,3.0,615982.3,307991.15,-0.00041248,-0.00054004,-0.00057475,-0.00057475,-0.0005255049999999,1.0676190476190383e-05,-0.8820518989447538,0.0111329857915389,0.0109101308923236,-0.0004378567857142,-0.5161329916743136,-1.510003972859071e-07
2024-08-18 00:00:00+00:00,-1.704e-05,8.16e-06,3.0,628627.48,314313.74,-0.00057475,-0.00035578,-0.00057378,-0.00035578,-0.0004650225,5.954285714285622e-06,-0.8933750808236545,0.0203206102481967,0.034314573802586,-0.0004384725,0.0411083281848586,-3.462631986292727e-07
2024-08-19 00:00:00+00:00,-1.9413333333333333e-05,-7.61e-06,3.0,634662.26,317331.13,-0.00035578,-0.00051663,-0.00073841,-0.00051663,-0.0005318625,6.884285714285621e-06,-0.8779141072661203,0.0095541437791233,0.0765143287909921,-0.0004565567857142,-0.5134318207043987,-1.8547777789871442e-07
2024-08-20 00:00:00+00:00,-3.205e-05,-4.13e-05,3.0,625372.51,312686.26,-0.00051663,-0.00037168,-0.00037938,-0.00037938,-0.0004117675,-2.435714285714379e-06,-1.0478269400541982,-0.0147454951923755,0.0282827274179364,-0.0004654285714285,0.6984383209882958,4.725931209156366e-07
2024-08-21 00:00:00+00:00,2.726333333333333e-05,-5.507e-05,3.0,642176.66,321088.33,-0.00037938,-0.00064506,-0.00067639,-0.00067639,-0.000594305,-4.329047619047712e-06,0.1066827787973112,0.0265159489874271,0.0103549546550159,-0.0004999903571428,-1.0523890810470191,7.229131558938889e-07
2024-08-22 00:00:00+00:00,2.574e-05,5.819e-05,3.0,639392.43,319696.22,-0.00067639,-0.00048272,-0.00052838,-0.00052838,-0.0005539675,-3.4028571428572357e-06,0.0899012114896972,-0.004345039845452,0.0046049166496011,-0.0005067603571428,-0.5988817529018855,-1.1184132562193684e-07
2024-08-23 00:00:00+00:00,1.855333333333333e-05,7.71e-06,3.0,645256.18,322628.09,-0.00052838,-0.00041567,-0.00049952,-0.00041567,-0.0004648099999999,-1.5014285714286642e-06,0.0035078885751929,0.0091290189045416,0.0575621726730002,-0.0005067485714285,0.3840025658702637,1.693737307422628e-07
2024-08-24 00:00:00+00:00,6.373666666666667e-05,3.889e-05,3.0,648680.8,324340.4,-0.00041567,-0.00031484,-0.00043467,-0.00031484,-0.000370005,9.54142857142848e-06,0.9735972727645772,0.0052933458882122,0.0517225327696735,-0.0004845342857142,1.3583268325209532,3.373802224283571e-07
2024-08-25 00:00:00+00:00,2.987333333333333e-05,-7.3e-07,3.0,670015.26,335007.63,-0.00031484,-0.00055269,-0.00062149,-0.00055269,-0.0005104275,1.6243333333333243e-05,0.2785715703223351,0.0323597261209052,0.0637616486423819,-0.0004910207142857,-0.0918153069483465,9.66692884985175e-07
2024-08-26 00:00:00+00:00,8.410333333333334e-05,0.0001,3.0,678138.27,339069.14,-0.00055269,-0.00048661,-0.00052402,-0.00052402,-0.000521835,3.103142857142848e-05,1.4565495477694614,0.0120507169559118,0.0662582218191705,-0.0004895882142857,-0.2021679724201484,1.0135054650487075e-06
2024-08-27 00:00:00+00:00,7.633333333333334e-06,7.76e-06,3.0,680158.86,340079.43,-0.00052402,-0.00045132,-0.00046615,-0.00046615,-0.00047691,3.670047619047609e-05,-0.1470746438726074,0.0029751833319036,0.0839789003434496,-0.0004988942857142,0.2561213204813291,2.2710566100197544e-08
2024-08-28 00:00:00+00:00,4.415333333333333e-05,3.31e-06,3.0,678596.81999999,339298.41,-0.00046615,-0.00045969,-0.00049621,-0.00045969,-0.000470435,3.911333333333324e-05,0.6674522940407751,-0.0022992223122031,0.0551637290438193,-0.0004811985714285,0.3332080516281959,-1.0151832915814273e-07
2024-08-29 00:00:00+00:00,-1.3156666666666667e-05,-1.984e-05,3.0,636631.81,318315.91,-0.00045969,-0.00032431,-0.00046941,-0.00046941,-0.000430705,3.355666666666657e-05,-0.5428208600288651,-0.0638356840379525,-0.0043269151486811,-0.0004635896428571,0.7466160070450025,8.398648163259963e-07
2024-08-30 00:00:00+00:00,3.001e-05,4.05e-05,3.0,627830.27,313915.14,-0.00046941,-0.00049036,-0.00049042,-0.00049036,-0.0004851375,3.5193333333333246e-05,0.5337788442175367,-0.0139216229448493,-0.027377556998072,-0.0004664935714285,0.1431141676767592,-4.177879045749285e-07
2024-08-31 00:00:00+00:00,-4.160000000000001e-06,-4.504e-05,3.0,612519.74,306259.87,-0.00049036,-0.00046798,-0.00050289,-0.00050289,-0.0004910299999999,2.5493809523809428e-05,-0.2462236715314107,-0.0246886887668722,-0.0573595916531566,-0.0004837828571428,0.0912248636736157,1.0270494527018857e-07
2024-09-01 00:00:00+00:00,4.881e-05,8.54e-06,3.0,619464.37,309732.19,-0.00050289,-0.00046555,-0.00051717,-0.00051717,-0.000500695,2.819904761904753e-05,1.1930036960719288,0.0112740148199215,-0.0784453029541403,-0.0004823925,0.0127699247839383,5.502846633603692e-07
2024-09-02 00:00:00+00:00,4.8026666666666665e-05,1.878e-05,3.0,610558.98,305279.49,-0.00051717,-0.0005066,-0.00062598,-0.0005066,-0.0005390874999999,2.3045238095238e-05,1.1627059656403724,-0.0144802870699152,-0.1049763069799674,-0.0004848571428571,-0.4394270900976371,-6.954399203444616e-07
2024-09-03 00:00:00+00:00,-6.026666666666668e-06,4.249e-05,3.0,603362.37,301681.19,-0.0005066,-0.00035456,-0.00042544,-0.00035456,-0.00041029,2.1093809523809422e-05,-0.3246941343456265,-0.011856936715473,-0.119808427027344,-0.00047534,0.9376042941637108,7.145780527191762e-08
2024-09-04 00:00:00+00:00,7.513333333333332e-06,-4.576e-05,3.0,629378.31,314689.16,-0.00035456,-0.00054861,-0.0006239,-0.0006239,-0.0005377425,1.5859523809523715e-05,0.0105145801533969,0.0422145611391826,-0.0752946435759582,-0.0004849553571428,-0.5065015315126484,3.171720693590589e-07
2024-09-05 00:00:00+00:00,-1.7423333333333336e-05,7.38e-06,3.0,635347.07999999,317673.54,-0.0006239,-0.00057991,-0.00061225,-0.00061225,-0.0006070775,1.5249999999999908e-05,-0.7095613085469367,0.0094389096032418,-0.0020200499347637,-0.0005101514285714,-1.3054265748508225,-1.644572683204847e-07
2024-09-06 00:00:00+00:00,-5.316333333333333e-05,-6.854e-05,3.0,621063.89,310531.95,-0.00061225,-0.00054892,-0.00057431,-0.00054892,-0.0005711,3.3680952380951424e-06,-1.6816312613155977,-0.0227374731588305,-0.010835900148745,-0.0005224317857142,-1.0384124541807571,1.2087998647006291e-06
2024-09-07 00:00:00+00:00,-3.024e-05,4.52e-05,3.0,654188.86,327094.43,-0.00054892,-0.00063771,-0.00066534,-0.00063771,-0.00062242,-3.5761904761914205e-07,-1.0889771050919663,0.051962127438518,0.0658149160566452,-0.0005412017857142,-1.935226147412675,-1.571334733740785e-06
2024-09-08 00:00:00+00:00,-2.4026666666666668e-05,-3.33e-06,3.0,623275.85,311637.93,-0.00063771,-0.00044001,-0.00057606,-0.00044001,-0.0005234475,-1.0762857142857237e-05,-1.0536363769487116,-0.0484068888508968,0.0061340123858268,-0.0005444521428571,-0.5278666368118865,1.1630561827908814e-06
2024-09-09 00:00:00+00:00,-2.7876666666666667e-05,-2.551e-05,3.0,619227.85,309613.93,-0.00044001,-0.00030178,-0.00041772,-0.00041772,-0.0003943074999999,-2.160619047619057e-05,-1.1296909405274131,-0.0065158990224833,0.0140984004332587,-0.0005237692857142,1.2550643307444456,1.816415450834288e-07
2024-09-10 00:00:00+00:00,4.483e-05,1.333e-05,3.0,654722.81,327361.41,-0.00041772,-0.00050069,-0.00052289,-0.00052289,-0.0004910475,-1.4340952380952476e-05,1.056294102495726,0.0557386565707958,0.0816939937195275,-0.0005353060714285,-0.0701308440744283,2.4987639740687758e-06
2024-09-11 00:00:00+00:00,1.294e-05,-2.211e-05,3.0,645334.67,322667.34,-0.00052289,-0.0003599,-0.00043513,-0.0003599,-0.000419455,-1.356571428571438e-05,0.0564280012706185,-0.0144429047777823,0.0250365278025626,-0.0005184078571428,0.9358329074482948,-1.868911878245032e-07
2024-09-12 00:00:00+00:00,4.836666666666668e-06,-2.347e-05,3.0,633102.25,316551.13,-0.0003599,-0.00041439,-0.00043174,-0.00041439,-0.0004051049999999,-1.038571428571438e-05,-0.1653990437998728,-0.0191371089625693,-0.0035394907632486,-0.0004895546428571,1.2128652226565857,-9.255981701562723e-08
2024-09-13 00:00:00+00:00,3.673333333333333e-05,1.21e-05,3.0,641287.99,320644.0,-0.00041439,-0.00028911,-0.00039802,-0.00039802,-0.000374885,2.4566666666665723e-06,0.8319349007844932,0.0128466969101701,0.032044679305752,-0.0004615239285714,1.6997388339679818,4.719019998335836e-07
2024-09-14 00:00:00+00:00,6.031666666666667e-05,8.192e-05,3.0,636457.81,318228.91,-0.00039802,-0.00032036,-0.00051238,-0.00032036,-0.00038778,1.539333333333324e-05,1.4667235464738804,-0.0075605069619406,-0.0274779550947066,-0.0004280039285714,1.3990259871131447,-4.560245782543876e-07
2024-09-15 00:00:00+00:00,8.265999999999998e-05,7.215e-05,3.0,653054.8,326527.4,-0.00032036,-0.0004384,-0.00044258,-0.00044258,-0.0004109799999999,3.0634285714285617e-05,1.9203128004622616,0.0257429146899283,0.0466718484461186,-0.0004119371428571,1.0216856581588316,2.127909328269481e-06
2024-09-16 00:00:00+00:00,7.485666666666667e-05,7.819e-05,3.0,651603.17,325801.59,-0.00044258,-0.00063757,-0.00063812,-0.00063757,-0.00058896,4.5310476190476094e-05,1.5640547639869071,-0.002225304458971,0.0509624430096309,-0.0004397446428571,-1.4182127450853892,-1.6657887411704417e-07
2024-09-17 00:00:00+00:00,-8.203333333333332e-06,1e-06,3.0,644069.39,322034.7,-0.00063757,-0.0003354,-0.00043126,-0.00043126,-0.0004588725,3.773428571428562e-05,-0.6912921643959392,-0.0116292729167657,-0.0164054864779306,-0.0004351482142857,0.3604846430881313,9.539880216053497e-08
2024-09-18 00:00:00+00:00,4.8966666666666667e-05,7.748e-05,3.0,653764.88,326882.44,-0.00043126,-0.00061054,-0.00064058,-0.00064058,-0.0005807399999999,4.288095238095228e-05,0.8058223381701296,0.0149413073672572,0.012978725667109,-0.0004581889285714,-1.25733450353168,7.316260174166989e-07
2024-09-19 00:00:00+00:00,-3.183e-05,-2.367e-05,3.0,646450.26,323225.13,-0.00064058,-0.00028398,-0.00043923,-0.00028398,-0.0004119424999999,3.7642857142857054e-05,-1.404902983462807,-0.0112515182172749,0.0208643164124033,-0.0004591657142857,1.0031501175861848,3.5813582485586294e-07
2024-09-20 00:00:00+00:00,6.65e-05,4.893e-05,3.0,643094.66,321547.33,-0.00028398,-0.00031243,-0.00032875,-0.00031243,-0.0003093975,4.1895238095238e-05,1.2173130312396374,-0.0052043283205289,0.0028132911817042,-0.0004498103571428,2.1381588422758675,-3.460878333151767e-07
2024-09-21 00:00:00+00:00,0.0001,0.0001,3.0,660743.89,330371.95,-0.00031243,-0.0002324,-0.00030455,-0.0002324,-0.000270445,4.756428571428562e-05,1.9074565808541928,0.0270743767973531,0.037448174940998,-0.0004330482142857,2.302910727604237,2.707437679735314e-06
2024-09-22 00:00:00+00:00,7.601666666666667e-05,3.687e-05,3.0,694108.61,347054.31,-0.0002324,-0.0004551,-0.00049339,-0.00049339,-0.00041857,4.6615238095238e-05,1.229181156211298,0.0492621404473414,0.0609674006984111,-0.0004341325,0.5543285650576584,3.7447437096720727e-06
2024-09-23 00:00:00+00:00,-7.260000000000002e-06,5.736e-05,3.0,683128.66,341564.33,-0.00049339,-0.0003524,-0.00041048,-0.00041048,-0.0004166875,3.488428571428562e-05,-0.7328761935643953,-0.0159452301737932,0.0472474749835889,-0.0004095221428571,0.6039428333853971,1.157623710617389e-07
2024-09-24 00:00:00+00:00,4.998e-05,6.35e-05,3.0,666133.94999999,333066.98,-0.00041048,-0.00038891,-0.00049457,-0.00038891,-0.0004207175,4.319619047619039e-05,0.6397759590111951,-0.0251924402041137,0.0336843076962409,-0.0004040714285714,0.5209903902004305,-1.2591181614016032e-06
2024-09-25 00:00:00+00:00,8.058333333333333e-05,9.818e-05,3.0,681480.97,340740.49,-0.00038891,-0.00021483,-0.00024108,-0.00021483,-0.0002649124999999,4.771285714285705e-05,1.38830773987001,0.0227775506056353,0.041520550934619,-0.0003589532142857,2.089819341611177,1.8354909529707824e-06
2024-09-26 00:00:00+00:00,8.433666666666667e-05,6.921e-05,3.0,688181.67,344090.84,-0.00021483,-0.000376,-0.00043017,-0.000376,-0.00034925,6.430809523809514e-05,1.372500349498603,0.0097845312604665,0.0625566004123605,-0.0003499971428571,1.0992846745281872,8.25194751403545e-07
2024-09-27 00:00:00+00:00,0.0001,0.0001,3.0,696869.49,348434.75,-0.000376,-0.00034579,-0.00038753,-0.00034579,-0.0003637775,6.909380952380943e-05,1.620808867380106,0.0125452895813129,0.0803062183142024,-0.0003577657142857,0.8936394042567072,1.254528958131296e-06
2024-09-28 00:00:00+00:00,7.426e-05,4.851e-05,3.0,702911.42,351455.71,-0.00034579,-0.00044532,-0.00048611,-0.00044532,-0.0004306349999999,6.541666666666657e-05,0.975507286255202,0.0086327331359221,0.0618645746527715,-0.00038065,0.1888456166848587,6.4106676267358e-07
2024-09-29 00:00:00+00:00,8.355999999999999e-05,6.304e-05,3.0,710217.96,355108.98,-0.00044532,-0.00036424,-0.00043355,-0.00043355,-0.000419165,6.649428571428562e-05,1.11813308484011,0.0103410278136291,0.0229434620190591,-0.000380735,0.2869142759714829,8.640962841068484e-07
2024-09-30 00:00:00+00:00,7.257666666666667e-05,0.0001,3.0,724389.41,362194.71,-0.00043355,-0.00035116,-0.00047762,-0.00047762,-0.0004349874999999,7.789952380952372e-05,0.8210721254932727,0.019757198067051,0.0586458902599034,-0.0003833492857142,0.1005921799735634,1.4339115783796722e-06
2024-10-01 00:00:00+00:00,8.064666666666667e-05,0.0001,3.0,711506.06,355753.03,-0.00047762,-0.00041102,-0.00047622,-0.00047622,-0.00046027,8.22804761904761e-05,0.9599241543889574,-0.0179451721965868,0.0658931582674302,-0.0003889996428571,-0.1825776942605909,-1.4472183204140755e-06
2024-10-02 00:00:00+00:00,5.314e-05,4.315e-05,3.0,755138.06,377569.03,-0.00047622,-0.00057967,-0.00059612,-0.00059612,-0.0005620325,7.83599999999999e-05,0.3626038620636211,0.0595166587483735,0.1026322664101684,-0.0004314453571428,-1.246811571557812,3.1627152458885697e-06
2024-10-03 00:00:00+00:00,1.9016666666666667e-05,-4.128e-05,3.0,686716.74,343358.37,-0.00059612,-0.00052089,-0.00065546,-0.00065546,-0.0006069825,6.902857142857133e-05,-0.3952445473907455,-0.0949787006722466,-0.0021309655225447,-0.0004682642857142,-1.5802816358415457,-1.8061782911172244e-06
2024-10-04 00:00:00+00:00,-3.630666666666666e-05,-1.57e-05,3.0,653002.82999999,326501.42,-0.00065546,-0.00047233,-0.00057029,-0.00057029,-0.0005670925,4.955619047619039e-05,-1.5154615131342843,-0.0503404296760869,-0.0650166847799447,-0.0004973092857142,-1.155642167865424,1.8276932001064648e-06
2024-10-05 00:00:00+00:00,-2.8766666666666678e-06,-1.65e-05,3.0,681710.77,340855.39,-0.00057029,-0.00047214,-0.00048043,-0.00048043,-0.0005008225,3.853666666666657e-05,-0.8304601054297249,0.043024013871566,-0.0306254040443008,-0.0005073360714285,-0.5502763555344945,-1.2376574657053842e-07
2024-10-06 00:00:00+00:00,-4.476666666666667e-05,-4.003e-05,3.0,687034.87,343517.44,-0.00048043,-0.0004761,-0.00054228,-0.0004761,-0.0004937275,2.020428571428562e-05,-1.7470690012630157,0.007779570865992,-0.0331868609919379,-0.0005179878571428,-0.5162643741898908,-3.482654557675759e-07
2024-10-07 00:00:00+00:00,-9.883333333333332e-06,-5.832e-05,3.0,677513.43,338756.72,-0.0004761,-0.00043858,-0.00051223,-0.00051223,-0.000484785,8.424285714285619e-06,-1.0304515539819143,-0.0139556724127665,-0.0668997314717554,-0.0005251017857142,-0.5006559951567523,1.3792856234617576e-07
2024-10-08 00:00:00+00:00,1.024e-05,4.746e-05,3.0,689812.72,344906.36,-0.00051223,-0.00053248,-0.00057008,-0.00053248,-0.0005368175,-1.633809523809619e-06,-0.630537958539495,0.0179907650246828,-0.0309637942504856,-0.0005360371428571,-1.0811283210615938,1.8422543385275278e-07
2024-10-09 00:00:00+00:00,-5.143333333333333e-06,-2.444e-05,3.0,659945.14,329972.57,-0.00053248,-0.00045064,-0.00048843,-0.00048843,-0.000489995,-9.960000000000096e-06,-1.0161673637972743,-0.0442634301067066,-0.1347438831055658,-0.0005257460714285,-0.5159528493349593,2.2766157551549447e-07
2024-10-10 00:00:00+00:00,3.4496666666666664e-05,7.01e-05,3.0,663645.69999999,331822.85,-0.00048843,-0.00053144,-0.00060748,-0.00060748,-0.0005587075,-7.748571428571525e-06,-0.0962559861067225,0.0055917123786972,-0.0341734700546219,-0.0005188496428571,-1.2383609065861474,1.9289543802379338e-07
2024-10-11 00:00:00+00:00,2.127333333333333e-05,3.352e-05,3.0,711696.14,355848.07,-0.00060748,-0.00036319,-0.00046115,-0.00036319,-0.0004487524999999,4.771428571427601e-07,-0.4082759264872455,0.0699026279246766,0.0860695875461416,-0.0005019439285714,-0.0128286950614632,1.4870619047176205e-06
2024-10-12 00:00:00+00:00,5.766333333333333e-05,0.0001,3.0,704274.36,352137.18,-0.00036319,-0.0004801,-0.00048302,-0.0004801,-0.0004516025,9.125714285714187e-06,0.3945103423882108,-0.0104830545093523,0.0325625191652232,-0.0004949125,-0.0273224419293685,-6.044878665242897e-07
2024-10-13 00:00:00+00:00,9.945333333333332e-05,0.0001,3.0,670431.81999999,335215.91,-0.0004801,-0.00044012,-0.0004886,-0.0004886,-0.000474355,2.972857142857133e-05,1.2798749085276984,-0.0492459839056653,-0.0244630356064341,-0.000492145,-0.2459940118901081,-4.8976772526981065e-06
2024-10-14 00:00:00+00:00,8.794666666666667e-05,6.384e-05,3.0,670611.23,335305.62,-0.0004886,-0.00043734,-0.00044959,-0.00044959,-0.0004562799999999,4.370428571428562e-05,0.9844037181730424,0.0002675678474002,-0.0102397953462674,-0.0004880728571428,-0.0174427173332704,2.353170028602553e-08
2024-10-15 00:00:00+00:00,0.0001,0.0001,3.0,669921.68999999,334960.85,-0.00044959,-0.00030037,-0.00035358,-0.00030037,-0.0003509775,5.652714285714276e-05,1.2228543178125717,-0.0010287551324346,-0.0292593155033848,-0.0004615242857142,1.1324675514221996,-1.0287551324346113e-07
2024-10-16 00:00:00+00:00,0.0001,0.0001,3.0,726552.33,363276.17,-0.00030037,-0.00032457,-0.00032995,-0.00032457,-0.000319865,7.154761904761896e-05,1.1835114590472242,0.0811496857415434,0.0961538003448652,-0.00043722,1.3887361310351087,8.114968574154346e-06
2024-10-17 00:00:00+00:00,0.0001,0.0001,3.0,669319.21,334659.61,-0.00032457,-0.00030504,-0.00046331,-0.00046331,-0.0003890575,8.0905238095238e-05,1.107717019579613,-0.0820494193751759,0.0085126685909919,-0.0004129842857142,0.5838699482886989,-8.204941937517596e-06
2024-10-18 00:00:00+00:00,8.493333333333334e-05,6.868e-05,3.0,691059.75,345529.88,-0.00046331,-0.00026481,-0.00037263,-0.00026481,-0.00034139,8.999952380952373e-05,0.7485385007534906,0.0319651975918446,-0.0294247617418399,-0.0003976467857142,1.0519928670890242,2.714910782134009e-06
2024-10-19 00:00:00+00:00,0.0001,0.0001,3.0,685783.47,342891.74,-0.00026481,-0.00029147,-0.0003104,-0.0003104,-0.0002942699999999,9.604761904761896e-05,1.0158487991760754,-0.0076643524138866,-0.0266060596463741,-0.0003751707142857,1.4850937815949223,-7.664352413886633e-07
2024-10-20 00:00:00+00:00,0.0001,0.0001,3.0,697649.65,348824.83,-0.0003104,-8.997e-05,-0.00010196,-0.00010196,-0.0001510725,9.61257142857142e-05,0.9753160628608498,0.0171551061526269,0.0397950304119181,-0.0003289875,2.673181480429792,1.7155106152626943e-06
2024-10-21 00:00:00+00:00,0.0001,0.0001,3.0,711794.13,355897.07,-0.00010196,3.166e-05,2.548e-05,3.166e-05,-3.2900000000000007e-06,9.784761904761897e-05,0.9753160628608498,0.0200716836897125,0.0595991462542304,-0.0002642746428571,3.293137842404963,2.007168368971257e-06
2024-10-22 00:00:00+00:00,0.0001,0.0001,3.0,716896.11,358448.06,3.166e-05,-0.0001522,-0.00016494,-0.0001522,-0.00010942,9.784761904761897e-05,0.9458264819768282,0.0071422083602019,0.067770109746867,-0.0002297664285714,2.157586622854753,7.142208360201963e-07
2024-10-23 00:00:00+00:00,0.0001,0.0001,3.0,717479.42,358739.71,-0.0001522,-0.00032801,-0.00038139,-0.00032801,-0.0002974025,9.784761904761897e-05,0.8866058259278816,0.0008133295918053,-0.012566246402871,-0.0002265575,0.7491364467167408,8.133295918053562e-08
2024-10-24 00:00:00+00:00,0.0001,0.0001,3.0,717055.18,358527.59,-0.00032801,-0.00028278,-0.00030481,-0.00030481,-0.0003051025,9.784761904761894e-05,0.8397516140978759,-0.0005914671035025,0.0688917058688023,-0.0002145639285714,0.660687427368861,-5.914671035025521e-08
2024-10-25 00:00:00+00:00,0.0001,0.0001,3.0,711819.07,355909.54,-0.00030481,-0.00014591,-0.00018662,-0.00018662,-0.0002059899999999,0.0001,0.8182455603939177,-0.0073290332413762,0.0295974750355814,-0.0001952210714285,1.3351581409898317,-7.329033241376238e-07
2024-10-26 00:00:00+00:00,0.0001,0.0001,3.0,716481.82,358240.91,-0.00018662,-0.00019626,-0.00035286,-0.00019626,-0.0002329999999999,0.0001,0.8009637359581169,0.0065291096529733,0.0437909371024414,-0.0001864682142857,1.0951868259386537,6.529109652973376e-07
2024-10-27 00:00:00+00:00,9.182666666666668e-05,8.006e-05,3.0,706221.31,353110.66,-0.00019626,-0.00040681,-0.00041884,-0.00040681,-0.00035718,9.883238095238088e-05,0.6341730813614082,-0.0144242149770139,0.0122116159728005,-0.0002159121428571,0.2349319865018786,-1.324527580622602e-06
2024-10-28 00:00:00+00:00,0.0001,0.0001,3.0,714621.33,357310.67,-0.00040681,-0.0002751,-0.00033494,-0.00033494,-0.0003379474999999,9.883238095238084e-05,0.7840201742044773,0.0118241353836747,0.0039640676667627,-0.0002637203571428,0.3462347039086149,1.1824135383674773e-06
2024-10-29 00:00:00+00:00,0.0001,0.0001,3.0,710773.49,355386.75,-0.00033494,-0.00020645,-0.00029217,-0.00029217,-0.0002814325,9.883238095238088e-05,0.7667552547505884,-0.0053989944298589,-0.0085771351232981,-0.0002882935714285,0.6992569964174312,-5.398994429858917e-07
2024-10-30 00:00:00+00:00,0.0001,0.0001,3.0,728957.33,364478.67,-0.00029217,0.00024869,0.00024631,0.00024869,0.0001128799999999,9.883238095238088e-05,0.7404994566529325,0.0252613984791594,0.0158709337640559,-0.0002296817857142,2.790266321383324,2.5261398479159425e-06
2024-10-31 00:00:00+00:00,0.0001,0.0001,3.0,733565.06,366782.53,0.00024869,0.00033477,0.00029196,0.00029196,0.000291845,9.883238095238084e-05,0.7216144482260411,0.0063010936131355,0.022763494480694,-0.0001444035714285,3.037692201595497,6.301093613135578e-07
2024-11-01 00:00:00+00:00,0.0001,0.0001,3.0,752546.19,376273.1,0.00029196,0.00018654,0.00017466,0.00017466,0.000206955,9.883238095238088e-05,0.6840851788299976,0.025546085126253,0.0556386128483232,-8.541142857142863e-05,2.3039421774236626,2.5546085126253005e-06
2024-11-02 00:00:00+00:00,0.0001,0.0001,3.0,775846.45,387923.23,0.00017466,-1.591e-05,-1.989e-05,-1.989e-05,2.97425e-05,9.883238095238084e-05,0.6349352347879351,0.030492250093264,0.0796017532886139,-4.7876785714285775e-05,1.4179650375996038,3.049225009326406e-06
2024-11-03 00:00:00+00:00,0.0001,0.0001,3.0,734847.68,367423.84,-1.989e-05,-9.97e-05,-0.00019658,-0.00019658,-0.0001281875,0.0001,0.5907378136354396,-0.0542913872514763,0.0397345810141516,-1.5163571428571487e-05,0.6727275305732907,-5.429138725147631e-06
2024-11-04 00:00:00+00:00,0.0001,0.0001,3.0,736192.67,368096.34,-0.00019658,-0.00014246,-0.0002482,-0.0002482,-0.00020886,0.0001,0.5404425626909809,0.0018286247209875,0.0297390703514643,3.277499999999935e-06,0.2730577148956477,1.8286247209875486e-07
2024-11-05 00:00:00+00:00,0.0001,0.0001,3.0,730677.43,365338.72,-0.0002482,-0.00017937,-0.00021264,-0.00021264,-0.0002132125,0.0001,0.5084456930029929,-0.0075197742310901,0.0276182905502331,1.3023214285714224e-05,0.2146347591687179,-7.519774231090182e-07
2024-11-06 00:00:00+00:00,0.0001,0.0001,3.0,739280.94,369640.47,-0.00021264,-0.00035088,-0.00039209,-0.00035088,-0.0003266225,0.0001,0.4643238819461049,0.0117059209556753,0.014062813026749,-4.97628571428572e-05,-0.3406656626660531,1.1705920955675357e-06
2024-11-07 00:00:00+00:00,0.0001,0.0001,3.0,708047.09,354023.55,-0.00035088,0.00068573,0.00062108,0.00062108,0.0003942525,0.0001,0.4137028372948487,-0.0431674083050133,-0.0354056888913998,-3.513321428571434e-05,2.613946046150656,-4.316740830501332e-06
2024-11-08 00:00:00+00:00,0.0001873266666666,0.00015115,3.0,813818.19,406909.1,0.00062108,0.00052847,0.00050805,0.00050805,0.0005414125,0.0001124752380952,3.5198806108072604,0.1392263844656334,0.0782746104479805,1.2646428571428507e-05,2.7160631244628086,2.6080814513998885e-05
2024-11-09 00:00:00+00:00,0.0001555,0.00018748,3.0,917348.89,458674.45,0.00050805,0.000905,0.00070888,0.000905,0.0007567324999999,0.0001204038095238,2.1792103707662305,0.1197508815699013,0.1675332419246178,0.0001165021428571,2.9039988013137705,1.862126208411966e-05
2024-11-10 00:00:00+00:00,0.00010998,0.0001,3.0,951488.31,475744.16,0.000905,0.00060401,0.00046812,0.00060401,0.0006452849999999,0.0001218295238095,0.3559032810526977,0.0365395319793968,0.258364161155491,0.0002269982142857,2.238538640545237,4.018617727094067e-06
2024-11-11 00:00:00+00:00,0.00021996,0.00025211,3.0,951421.85,475710.93,0.00060401,0.00096886,0.00088737,0.00096886,0.000857275,0.0001389666666666,3.914670713953704,-6.98509067049713e-05,0.2564656855277984,0.0003793032142857,2.4686930977356742,-1.5364405438825487e-08
2024-11-12 00:00:00+00:00,0.00029637,0.00026205,3.0,885186.14,442593.07,0.00096886,0.00096336,0.00067078,0.00096336,0.00089159,0.0001670195238095,4.0703204916951226,-0.0721595993138244,0.1918258604450642,0.0005371321428571,2.255223878292096,-2.1385940448638147e-05
2024-11-13 00:00:00+00:00,0.0003990266666666,0.00047512,3.0,890330.43,445165.22,0.00096336,0.00054559,0.00047817,0.00047817,0.0006163225,0.0002097376190476,4.0191992447444775,0.0057947129098003,0.1859146523991892,0.0006718385714285,1.4585647669975073,2.312244976687947e-06
2024-11-14 00:00:00+00:00,0.00014118,0.00017601,3.0,830177.92,415088.96,0.00047817,0.00058961,0.00056481,0.00058961,0.0005555499999999,0.0002156204761904,0.2198590695115541,-0.0699526242212833,0.1591294364829192,0.0006948810714285,1.2214863912135263,-9.875911487560782e-06
2024-11-15 00:00:00+00:00,0.0001138533333333,0.0001,3.0,772208.69,386104.35,0.00058961,0.00042567,0.00019027,0.00042567,0.0004078049999999,0.0002051242857142,-0.1884601589524988,-0.0723852019362265,-0.0524821499189407,0.0006757942857142,0.8104465687438591,-8.241296524445846e-06
2024-11-16 00:00:00+00:00,0.0001,0.0001,3.0,791452.73,395726.37,0.00042567,0.00061057,0.00059822,0.00061057,0.0005612575,0.0001971957142857,-0.3922397440444489,0.0246153181628194,-0.1476177133260225,0.0006478692857142,1.103418196722323,2.461531816281948e-06
2024-11-17 00:00:00+00:00,0.00022658,0.00025586,3.0,803449.15,401724.58,0.00061057,0.00052069,0.00039703,0.00039703,0.00048133,0.0002138528571428,1.362314354572421,0.0150437420586708,-0.1691135032467485,0.0006244471428571,0.8517077956667687,3.4086110756536463e-06
2024-11-18 00:00:00+00:00,0.0001880266666666,0.00024608,3.0,824816.77,412408.39,0.00039703,0.00079679,0.00061804,0.00079679,0.0006521625,0.0002092909523809,0.7633069567725982,0.0262473671482403,-0.1427962851918032,0.0005951453571428,1.181767203270775,4.935204953659812e-06
2024-11-19 00:00:00+00:00,0.0003737733333333,0.00032966,3.0,833047.7,416523.85,0.00079679,0.00081725,0.00079545,0.00081725,0.000806685,0.0002203485714285,2.792955560226618,0.0099296387347482,-0.0607070471432305,0.0005830160714285,1.436224566329048,3.711434168682648e-06
2024-11-20 00:00:00+00:00,0.0003200166666666,0.00026181,3.0,868879.25,434439.63,0.00081725,0.0006467,0.00053771,0.00053771,0.0006348425,0.0002090614285714,1.9217552368192483,0.0421132593586737,-0.0243885006943571,0.0005856617857142,0.9709866091544018,1.3476944882431567e-05
2024-11-21 00:00:00+00:00,0.0001843166666666,0.00018608,3.0,837924.06,418962.03,0.00053771,0.00029322,0.00028069,0.00028069,0.0003480775,0.0002152238095238,0.3502211497768563,-0.0362766869404858,0.0092874365864403,0.0005560228571428,0.2754822228546952,-6.686398014580541e-06
2024-11-22 00:00:00+00:00,0.00021731,0.0004332,3.0,860794.16,430397.08,0.00028069,0.00088785,0.00076275,0.00076275,0.00067351,0.0002300033333333,0.6806099921234504,0.0269279291471526,0.1086005676698196,0.0005939807142857,0.968948440875656,5.8517082829677525e-06
2024-11-23 00:00:00+00:00,0.0003808633333333,0.00023877,3.0,964404.48,482202.24,0.00076275,0.00076013,0.00074482,0.00074482,0.00075313,0.0002701266666666,2.2265494655983065,0.1136553866737006,0.1976406361807008,0.0006213910714285,1.0857963494485017,4.328716941983455e-05
2024-11-24 00:00:00+00:00,0.0004056266666666,0.00050676,3.0,942190.33,471095.17,0.00074482,0.00073953,0.00060398,0.00073953,0.0007069649999999,0.0002957047619047,2.185159186407724,-0.0233034886720702,0.1592934054499597,0.0006536246428571,0.9134732100270296,-9.452516431756268e-06
2024-11-25 00:00:00+00:00,0.0002429933333333,0.00021154,3.0,956976.31,478488.16,0.00073953,0.00075272,0.0007168,0.00075272,0.0007404425,0.0003035571428571,0.5869367329533083,0.0155713337060774,0.1486173720077968,0.0006662360714285,0.932555125506234,3.783730281685444e-06
2024-11-26 00:00:00+00:00,0.0003922066666666,0.00047189,3.0,936042.95,468021.48,0.00075272,0.00065629,0.00056775,0.00065629,0.0006582625,0.0003061904761904,1.8286447388908924,-0.0221172745286324,0.116570458744416,0.0006450328571428,0.6812250459589957,-8.6745425186265e-06
2024-11-27 00:00:00+00:00,0.0002150766666666,0.00019216,3.0,972376.21,486188.11,0.00065629,0.00070742,0.00066599,0.00070742,0.00068428,0.000291199047619,0.1792993743949101,0.0380814147250845,0.1125386141108268,0.0006520953571428,0.7007647259860144,8.190423741022097e-06
2024-11-28 00:00:00+00:00,0.0003253433333333,0.00039567,3.0,991963.99,495982.0,0.00070742,0.00086984,0.00084483,0.00084483,0.00081673,0.0003113457142857,1.1186914817758125,0.0199440293207224,0.1687593303720351,0.0007190457142857,1.016212057694849,6.488656979301586e-06
2024-11-29 00:00:00+00:00,0.0003969666666666,0.00029457,3.0,1161746.13999999,580873.07,0.00084483,0.00091358,0.00084672,0.00091358,0.0008796774999999,0.0003370109523809,1.6284276963197255,0.1579926391630852,0.2998240403879677,0.0007484982142857,1.119642015232796,6.271781132643941e-05
2024-11-30 00:00:00+00:00,0.00034632,0.0003578,3.0,1174835.55,587417.78,0.00091358,0.00075169,0.00065981,0.00065981,0.0007462225,0.0003320761904761,1.102837524942773,0.0112040139506373,0.1973726676649043,0.0007475114285714,0.690243667595201,3.880174111384711e-06
2024-12-01 00:00:00+00:00,0.0002790333333333,0.00022245,3.0,1076399.46,538199.73,0.00065981,0.00073968,0.00064531,0.00064531,0.0006725275,0.0003139914285714,0.4645248589229898,-0.0875065421561096,0.1331696141808649,0.0007425917857142,0.4385603158590371,-2.441724214629313e-05
2024-12-02 00:00:00+00:00,0.0002640066666666,0.00031692,3.0,1142281.03,571140.52,0.00064531,0.00102588,0.0010248,0.0010248,0.0009301975,0.0003169933333333,0.2870074979507858,0.0594055285757857,0.1770038090505732,0.0007696996428571,1.1146612930799755,1.5683455580864604e-05
2024-12-03 00:00:00+00:00,0.0003600233333333,0.00028917,3.0,1105652.88999999,552826.45,0.0010248,0.00106525,0.00092529,0.00106525,0.0010201475,0.0003123957142857,1.0941836664304714,-0.0325911556091291,0.1665299279700764,0.0008213975,1.3242825494146913,-1.173357647958405e-05
2024-12-04 00:00:00+00:00,0.00031539,0.00023821,3.0,1050463.25,525231.63,0.00106525,0.00081856,0.00080813,0.00081856,0.000877625,0.0003267261904761,0.6313546821111428,-0.0512047538151829,0.0772437594298089,0.0008490182142857,0.8626511366856592,-1.6149467305770557e-05
2024-12-05 00:00:00+00:00,0.00048908,0.00059758,3.0,1058864.52,529432.26,0.00081856,0.00109666,0.00105561,0.00109666,0.0010168725,0.0003501171428571,2.054924729516835,0.0079658690742192,0.0652655991833057,0.0008776099999999,1.3781394138490022,3.895947246819154e-06
2024-12-06 00:00:00+00:00,0.0006692766666666,0.00060723,3.0,1156186.12,578093.06,0.00109666,0.00064464,0.00059487,0.00059487,0.0007327599999999,0.0003890185714285,3.0063924303146434,0.0879296343267874,-0.004797405652992,0.0008566217857142,0.1793928139956752,5.884925256345122e-05
2024-12-07 00:00:00+00:00,0.0003018366666666,0.0002623,3.0,1140743.94,570371.97,0.00059487,0.00082875,0.00081488,0.00082875,0.0007668125,0.0003826638095238,0.1169745137372757,-0.0134461322340051,-0.0294475518376344,0.0008595632142857,0.3241685991336381,-4.058535733071334e-06
2024-12-08 00:00:00+00:00,0.0003728266666666,0.00041097,3.0,1201659.43,600829.72,0.00082875,0.00068001,0.000647,0.000647,0.00070069,0.0003960628571428,0.6390955046592963,0.0520228313425459,0.1100818216610211,0.0008635864285714,-0.1202226679640778,1.939549880000359e-05
2024-12-09 00:00:00+00:00,0.0003521133333333,0.00031976,3.0,1208570.65999999,604285.33,0.000647,0.00103388,0.00082919,0.00103388,0.0008859875,0.0004086495238095,0.4277610872127522,0.0057349287695345,0.0564112218547698,0.0008572707142857,1.0052223509630105,2.019344885470032e-06
2024-12-10 00:00:00+00:00,0.0002126333333333,0.00018187,3.0,1228853.0,614426.5,0.00103388,0.00036051,0.00020456,0.00036051,0.000489865,0.0003875938095238,-0.7709891990275717,0.0166428253627479,0.105645202826647,0.0007815160714285,-1.378189812336777,3.538819432965643e-06
2024-12-11 00:00:00+00:00,0.0001,0.0001,3.0,1134155.34,567077.67,0.00036051,0.0,-6.344e-05,0.0,7.42675e-05,0.0003568238095238,-1.6264834118002562,-0.0801930339404748,0.0766569227013551,0.0006667507142857,-3.07069553385143,-8.019303394047484e-06
2024-12-12 00:00:00+00:00,0.0001,0.0001,3.0,1063651.40999999,531825.71,0.0,-3.294e-05,-6.01e-05,-6.01e-05,-3.8285e-05,0.0003012409523809,-1.507958060881361,-0.0641804649919546,0.0045105886351812,0.0005160139285714,-2.941479392458443,-6.418046499195463e-06
2024-12-13 00:00:00+00:00,0.0001,0.0001,3.0,1069566.84,534783.42,-6.01e-05,5.15e-05,1.545e-05,1.545e-05,5.575e-06,0.0002199157142857,-1.3966460235793712,0.0055460290220672,-0.0778730166695389,0.0004121303571428,-2.3864292481430653,5.546029022067245e-07
2024-12-14 00:00:00+00:00,0.0001,0.0001,3.0,1118609.1,559304.55,1.545e-05,6.667e-05,5.882e-05,5.882e-05,4.994e-05,0.0001910819047619,-1.3679765033723474,0.0448322944600327,-0.019594589975501,0.0003097199999999,-2.000500085483796,4.483229446003279e-06
2024-12-15 00:00:00+00:00,0.0001,0.0001,3.0,1131057.67,565528.84,5.882e-05,2.885e-05,0.0,2.885e-05,2.913e-05,0.0001521066666666,-1.3580867912470456,0.0110671475668961,-0.0605502737511507,0.0002137828571428,-1.911652578366405,1.1067147566896196e-06
2024-12-16 00:00:00+00:00,0.0001,0.0001,3.0,1138341.52,569170.76,2.885e-05,0.00049354,0.00043477,0.00043477,0.0003479825,0.0001160904761904,-1.3580867912470456,0.0064192100215443,-0.0598659924991409,0.0001369249999999,-0.8323812126063802,6.419210021544331e-07
2024-12-17 00:00:00+00:00,0.0001,0.0001,3.0,1161846.33,580923.17,0.00043477,0.00022817,0.00017306,0.00017306,0.000252265,0.0001,-1.290295356899834,0.0204380074274013,-0.0560708104344875,0.0001029821428571,-1.0967442843886388,2.043800742740132e-06
2024-12-18 00:00:00+00:00,0.0001,0.0001,3.0,1199294.23,599647.12,0.00017306,-0.0001051,-0.00018821,-0.00018821,-7.7115e-05,0.0001,-1.242778437734671,0.0317228385470702,0.0558450620530575,8.135607142857136e-05,-1.926221837359208,3.1722838547070254e-06
2024-12-19 00:00:00+00:00,0.0001,0.0001,3.0,1165950.81,582975.41,-0.00018821,-0.00048263,-0.00063233,-0.00048263,-0.00044645,0.0001,-1.1595583434787544,-0.0281963420297071,0.091829185015305,2.3046785714285656e-05,-2.558329326260428,-2.819634202970711e-06
2024-12-20 00:00:00+00:00,8.920666666666667e-05,7.794e-05,3.0,1149045.59,574522.8,-0.00048263,-0.0004283,-0.00050198,-0.00050198,-0.0004787224999999,9.845809523809516e-05,-1.155990376264681,-0.0146052240141045,0.0716779319791331,-4.613857142857148e-05,-2.296699934374864,-1.3028833502182224e-06
2024-12-21 00:00:00+00:00,5.39e-05,4.759e-05,3.0,1115020.17,557510.09,-0.00050198,-0.00036363,-0.00048478,-0.00036363,-0.000428505,9.187238095238084e-05,-1.3311719906735353,-0.0300591816257576,-0.0032135441066571,-0.0001144878571428,-1.969298498005169,-1.6201898896283348e-06
2024-12-22 00:00:00+00:00,4.089e-05,4.063e-05,3.0,1081398.37999999,540699.19,-0.00036363,-0.00044142,-0.00061686,-0.00044142,-0.0004658324999999,8.342809523809515e-05,-1.3356469586522886,-0.0306174945280002,-0.0448981862015536,-0.0001851967857142,-1.8504971787843243,-1.2519493512499292e-06
2024-12-23 00:00:00+00:00,-1.5456666666666667e-05,-2.443e-05,3.0,1081039.19,540519.6,-0.00044142,-0.0004384,-0.00047538,-0.00047538,-0.000457645,6.693428571428562e-05,-1.564466653767487,-0.0003322084376229,-0.0516496046607208,-0.0003002864285714,-1.673809460912569,5.134835084191884e-09
2024-12-24 00:00:00+00:00,4.691333333333334e-05,9.229e-05,3.0,1057695.76,528847.88,-0.00047538,-0.00035111,-0.00047075,-0.00035111,-0.0004120875,5.93504761904761e-05,-1.096910479183567,-0.0218300608232233,-0.0939176729113455,-0.0003951939285714,-1.4617242714733056,-1.0241209200868187e-06
2024-12-25 00:00:00+00:00,0.0001,0.0001,3.0,1088837.61,544418.81,-0.00035111,-0.000235,-0.00029582,-0.000235,-0.0002792325,5.93504761904761e-05,-0.7270918132466897,0.0290179837285435,-0.0966225277298722,-0.0004240678571428,-1.127639784318854,2.9017983728543584e-06
2024-12-26 00:00:00+00:00,0.0001,0.0001,3.0,1053877.40999999,526938.71,-0.000235,-0.00039466,-0.00045733,-0.00039466,-0.0003704125,5.93504761904761e-05,-0.6755445385924088,-0.0326345803174632,-0.1010607660176283,-0.0004132053571428,-1.211138633138879,-3.2634580317463246e-06
2024-12-27 00:00:00+00:00,4.575666666666666e-05,4.98e-06,3.0,1048341.92,524170.96,-0.00039466,-0.00039658,-0.00044734,-0.00039658,-0.00040879,5.314333333333324e-05,-0.965444696224836,-0.0052663418270331,-0.0917218838305569,-0.000403215,-1.1951206487658486,-2.409702475322786e-07
2024-12-28 00:00:00+00:00,3.353333333333333e-05,-1.7e-06,3.0,1047430.26,523715.13,-0.00039658,-0.0004823,-0.00054011,-0.00054011,-0.000489775,5.023380952380943e-05,-0.9744468790810236,-0.0008699991976257,-0.062532701402425,-0.0004119678571428,-1.251643310731162,-2.917397309371713e-08
2024-12-29 00:00:00+00:00,8.011e-05,8.467e-05,3.0,1036770.93,518385.47,-0.00054011,-0.00034281,-0.00053927,-0.00053927,-0.000490365,5.583666666666657e-05,-0.6365255462145545,-0.0102287850037878,-0.0421439918782127,-0.0004154725,-1.1727395225701156,-8.194279666534469e-07
2024-12-30 00:00:00+00:00,7.099333333333332e-05,5.989e-05,3.0,1055320.3,527660.15,-0.00053927,-0.00053,-0.00055411,-0.00053,-0.000538345,6.818666666666657e-05,-0.6439385542917516,0.0177333147176845,-0.0240784687229052,-0.0004270010714285,-1.1764341435106485,1.258947122857487e-06
2024-12-31 00:00:00+00:00,4.005e-05,3.097e-05,3.0,1044937.81,522468.91,-0.00053,-0.00057102,-0.00057668,-0.00057102,-0.00056218,6.720619047619038e-05,-0.7880743266927772,-0.0098869510618904,-0.0121353589615722,-0.0004484428571428,-1.139026263640961,-3.959723900287111e-07
2025-01-01 00:00:00+00:00,9.169333333333334e-05,0.0001,3.0,1078160.69,539080.35,-0.00057102,-0.00046731,-0.00048811,-0.00046731,-0.0004984375,6.601952380952372e-05,-0.4252071875067282,0.0312991527736414,-0.0098541899164743,-0.0004797578571428,-0.9652765064002772,2.869923648324433e-06
2025-01-02 00:00:00+00:00,7.482666666666666e-05,9.354e-05,3.0,1092839.33,546419.67,-0.00046731,-0.00030303,-0.00036009,-0.00036009,-0.00037263,6.242333333333323e-05,-0.4846890002100159,0.0135226748461043,0.0363030652470932,-0.0004800746428571,-0.685359899380653,1.0118566831511692e-06
2025-01-03 00:00:00+00:00,0.0001,0.0001,3.0,1128014.03,564007.02,-0.00036009,-0.0002792,-0.00037608,-0.00037608,-0.0003478625,7.017238095238085e-05,-0.2784468792198513,0.0316793916378888,0.0732487987120151,-0.0004713707142857,-0.5872271317491898,3.16793916378888e-06
2025-01-04 00:00:00+00:00,0.0001,0.0001,3.0,1135785.82,567892.91,-0.00037608,-0.00014971,-0.00018774,-0.00018774,-0.0002253175,7.966761904761896e-05,-0.2132176025811111,0.0068661728491239,0.0809849707587648,-0.0004335910714285,-0.2770748144417108,6.866172849123942e-07
2025-01-05 00:00:00+00:00,0.0001,0.0001,3.0,1193832.62,596916.31,-0.00018774,-0.00017351,-0.00021326,-0.00017351,-0.000187005,8.250904761904752e-05,-0.1108411266818985,0.0498440570981699,0.1410578128607227,-0.0003902539285714,-0.1308177345870977,4.9844057098169975e-06
2025-01-06 00:00:00+00:00,0.0001,0.0001,3.0,1222840.75,611420.38,-0.00017351,-0.00036875,-0.00039341,-0.00039341,-0.00033227,8.665285714285705e-05,-0.0375373333499972,0.0240078147455786,0.1473323128886168,-0.0003608146428571,-0.4268145037366542,2.400781474557867e-06
2025-01-07 00:00:00+00:00,0.0001,0.0001,3.0,1196348.45,598174.23,-0.00039341,-0.00040676,-0.00041154,-0.00040676,-0.0004046174999999,9.521714285714278e-05,0.0989966040533028,-0.0219026763854159,0.1353165875650912,-0.0003383057142857,-0.5720853596902434,-2.190267638541599e-06
2025-01-08 00:00:00+00:00,9.339e-05,8.017e-05,3.0,1173010.36,586505.18,-0.00040676,-0.00048698,-0.0005175,-0.0005175,-0.0004821849999999,9.545952380952372e-05,0.2156304288380378,-0.0197005575623396,0.08431687722911,-0.0003359839285714,-0.8154279281721819,-1.839835070746903e-06
2025-01-09 00:00:00+00:00,1.64e-05,7.706e-05,3.0,1182217.97,591108.99,-0.0005175,-0.00037829,-0.00042377,-0.00042377,-0.0004358325,8.711285714285706e-05,-1.997322276769372,0.0078189080794022,0.0786131104624079,-0.0003450128571428,-0.6200503191813456,1.282300925021964e-07
2025-01-10 00:00:00+00:00,6.220333333333333e-05,2.613e-05,3.0,1190770.93,595385.47,-0.00042377,-0.00019883,-0.00033857,-0.00019883,-0.00029,8.171333333333325e-05,-0.4914314674700963,0.0072086279353111,0.0541423467598303,-0.0003367467857142,0.0188943115135914,4.484006863361401e-07
2025-01-11 00:00:00+00:00,4.3043333333333335e-05,4.375e-05,3.0,1144049.1,572024.55,-0.00019883,-0.00041344,-0.0004775,-0.0004775,-0.0003918175,7.357666666666657e-05,-1.0362024751496592,-0.0400271260846025,0.0072490478261038,-0.0003605325,-0.3658824796458299,-1.7229009304349102e-06
2025-01-12 00:00:00+00:00,6.152333333333333e-05,9.365e-05,3.0,1121276.76,560638.38,-0.0004775,-0.00033204,-0.00061213,-0.00061213,-0.00050845,6.80799999999999e-05,-0.4100790082669024,-0.0201058112901968,-0.062700820562263,-0.0004064532142857,-0.8083047006599744,-1.236976529943877e-06
2025-01-13 00:00:00+00:00,8.285333333333334e-05,8.829e-05,3.0,1136991.99,568496.0,-0.00061213,-0.00051112,-0.00057537,-0.00051112,-0.000552435,6.56304761904761e-05,0.296072020848171,0.0139181695618919,-0.0727904657459497,-0.0004379053571428,-0.9440188917144984,1.1531667421012885e-06
2025-01-14 00:00:00+00:00,9.983333333333337e-06,-3.377e-05,3.0,1136187.79,568093.9,-0.00051112,-0.00040897,-0.00049431,-0.00040897,-0.0004558425,5.277095238095229e-05,-1.8683549694078323,-0.0007075551530295,-0.0515953445135632,-0.0004452232142857,-0.4566365671736862,-7.063758944411772e-09
2025-01-15 00:00:00+00:00,7.607000000000001e-05,0.0001,3.0,1018516.54,509258.27,-0.00040897,-0.00043114,-0.00046225,-0.00046225,-0.0004411525,5.0296666666666574e-05,0.1915371387220569,-0.1093314186148184,-0.141226205566042,-0.0004393614285714,-0.3383049329689889,-8.31684101402924e-06
2025-01-16 00:00:00+00:00,8.447333333333334e-05,0.0001,3.0,1051015.31,525507.66,-0.00046225,-0.00030999,-0.0003507,-0.0003507,-0.00036841,6.002142857142848e-05,0.4754207018660072,0.0314094627468328,-0.1176356508986113,-0.0004297296428571,0.3472785637290034,2.653262016434129e-06
2025-01-17 00:00:00+00:00,0.0001,0.0001,3.0,1062850.06,531425.03,-0.0003507,-0.00051069,-0.00053212,-0.00053212,-0.0004814074999999,6.54209523809523e-05,0.9655263349302402,0.0111973769213005,-0.113646901912622,-0.0004570735714285,-0.668961464167769,1.1197376921300515e-06
2025-01-18 00:00:00+00:00,0.0001,0.0001,3.0,1061860.05,530930.03,-0.00053212,-0.00021576,-0.0002707,-0.0002707,-0.00032232,7.355761904761895e-05,0.9655263349302402,-0.0009319013139599,-0.0745516771419794,-0.0004471453571428,1.005585768783114,-9.319013139599264e-08
2025-01-19 00:00:00+00:00,9.226e-05,0.0001,3.0,1092497.51,546248.76,-0.0002707,-0.00043232,-0.00045624,-0.00043232,-0.000397895,7.794857142857134e-05,0.7164005884284697,0.0284442343337811,-0.0260016315180013,-0.0004313517857142,0.1666599453253937,2.624265059634652e-06
2025-01-20 00:00:00+00:00,0.0001,0.0001,3.0,1083791.42,541895.71,-0.00043232,-0.00013869,-0.00024324,-0.00013869,-0.000238235,8.039809523809515e-05,0.9023376407699256,-0.0080009012800452,-0.0479207023599386,-0.0003864660714285,1.7262346769126231,-8.00090128004527e-07
2025-01-21 00:00:00+00:00,0.0001,0.0001,3.0,1092048.81,546024.41,-0.00013869,-0.00015205,-0.00015855,-0.00015205,-0.000150335,9.325761904761896e-05,0.8435850534049331,0.007590106597231,-0.039623040609678,-0.0003428221428571,2.2860062263025,7.590106597231028e-07
2025-01-22 00:00:00+00:00,0.0001,0.0001,3.0,1087802.28,543901.14,-0.00015205,-2.257e-05,-6.54e-05,-6.54e-05,-7.635500000000001e-05,9.667619047619036e-05,0.8375710014910367,-0.0038961701479429,0.0658122078571974,-0.0002907082142857,2.5243275106708207,-3.896170147942968e-07
2025-01-23 00:00:00+00:00,0.0001,0.0001,3.0,1099417.27,549708.64,-6.54e-05,-0.00036706,-0.00040708,-0.00036706,-0.00030165,9.889428571428562e-05,0.7815988040718326,0.0106208809113024,0.0450236260216669,-0.0002811710714285,0.6397739567737483,1.0620880911302422e-06
2025-01-24 00:00:00+00:00,9.201666666666668e-05,0.0001,3.0,1082480.46,541240.23,-0.00036706,-0.0001375,-0.00022542,-0.0001375,-0.00021687,9.775380952380943e-05,0.5024805049241555,-0.0155251549660793,0.0183010941342871,-0.00024338,1.2906492732828458,-1.428573009462065e-06
2025-01-25 00:00:00+00:00,0.0001,0.0001,3.0,1114818.06,557409.03,-0.0001375,-0.00040165,-0.00045002,-0.00045002,-0.0003597975,9.775380952380943e-05,0.7964902794998793,0.0294360867864433,0.0486690822346904,-0.0002487339285714,0.1427350746379632,2.9436086786443384e-06
2025-01-26 00:00:00+00:00,9.197e-05,9.812e-05,3.0,1085913.0,542956.5,-0.00045002,-0.00025928,-0.00033457,-0.00033457,-0.0003446099999999,9.771238095238086e-05,0.4542372312745493,-0.0262701089042298,-0.0060452610033205,-0.0002411217857142,0.2472421430765046,-2.416061915922021e-06
2025-01-27 00:00:00+00:00,9.708666666666668e-05,9.126e-05,3.0,1064877.38999999,532438.7,-0.00033457,-0.00057163,-0.00059294,-0.00057163,-0.0005176925,9.72961904761904e-05,0.5970250508894226,-0.019561442032268,-0.0176058017555433,-0.0002810442857142,-1.122714414979263,-1.899155202106132e-06
2025-01-28 00:00:00+00:00,2.4146666666666667e-05,2.909e-05,3.0,1069373.85,534686.93,-0.00057163,-0.00037816,-0.00044327,-0.00037816,-0.000442805,8.64599999999999e-05,-2.048679113212269,0.0042136244960158,-0.0209822838567586,-0.0003228257142857,-0.5453712325668857,1.0174498616379513e-07
2025-01-29 00:00:00+00:00,8.089e-05,6.131e-05,3.0,1038508.23,519254.12,-0.00037816,-0.00054576,-0.00066008,-0.00054576,-0.0005324399999999,8.372999999999992e-05,0.0144378715123568,-0.0292880010749367,-0.0463741147837524,-0.0003879807142857,-1.2687279842812864,-2.369106406951637e-06
2025-01-30 00:00:00+00:00,2.260333333333333e-05,2.021e-05,3.0,1044136.27,522068.14,-0.00054576,-0.00054591,-0.00060763,-0.00054591,-0.0005613025,7.267333333333324e-05,-2.021811024988183,0.0054047185681866,-0.0515902771268681,-0.0004250739285714,-1.5015534012685092,1.2216465536957993e-07
2025-01-31 00:00:00+00:00,7.026333333333334e-05,0.0001,3.0,1044281.77,522140.89,-0.00054591,-0.00037262,-0.0004404,-0.00037262,-0.0004328875,6.95657142857142e-05,-0.3156828644822912,0.0001393399189701,-0.0359257822418186,-0.0004559335714285,-0.4930415102175703,9.790487173242385e-09
2025-02-01 00:00:00+00:00,0.0001,0.0001,3.0,1102772.45,551386.23,-0.00037262,-0.00047027,-0.0004788,-0.0004788,-0.0004501224999999,6.95657142857142e-05,0.6992169928021538,0.0544980703096502,-0.0108637987186117,-0.0004688371428571,-0.6084418353349561,5.4498070309650265e-06
2025-02-02 00:00:00+00:00,4.742e-05,-3.014e-05,3.0,1160328.54,580164.27,-0.0004788,-0.00064667,-0.00065084,-0.00065084,-0.0006067875,6.320142857142847e-05,-1.0683582210742153,0.050875771164712,0.0662820813503302,-0.0005062910714285,-1.7117876211853904,2.412529068630648e-06
2025-02-03 00:00:00+00:00,-2.8616666666666667e-05,-3.71e-06,3.0,1096001.36,548000.68,-0.00065084,-0.0004354,-0.00049167,-0.00049167,-0.000517395,4.524380952380943e-05,-2.970285987426456,-0.0570347597548526,0.0288087636277456,-0.0005062485714285,-0.961216789917498,1.6321447083180325e-06
2025-02-04 00:00:00+00:00,-9.261333333333334e-05,-0.00015992,3.0,1061142.55,530571.28,-0.00049167,-0.00053449,-0.00053473,-0.00053449,-0.000523845,2.856380952380943e-05,-3.508392997820273,-0.0323222244112031,-0.0077270852794733,-0.0005178257142857,-0.953615780393923,2.99346894346956e-06
2025-02-05 00:00:00+00:00,3.1053333333333336e-05,8.066e-05,3.0,991018.52,495509.26,-0.00053449,-0.00042036,-0.00052309,-0.00052309,-0.0005002575,2.144428571428562e-05,-0.7488469394000482,-0.0683682616227905,-0.046807345827327,-0.0005132282142857,-0.7178634882659025,-2.123062417593055e-06
2025-02-06 00:00:00+00:00,2.0600000000000003e-05,9.437e-05,3.0,994732.34,497366.17,-0.00052309,-0.00035524,-0.00039445,-0.00035524,-0.000407005,2.115809523809515e-05,-0.9152694397086584,0.0037404735960162,-0.0484715907994974,-0.0004911857142857,0.0260347096465207,7.705375607793493e-08
2025-02-07 00:00:00+00:00,3.850666666666667e-05,2.69e-06,3.0,966675.79,483337.9,-0.00035524,-0.00034514,-0.0005018,-0.00034514,-0.00038683,1.662142857142848e-05,-0.4873784365992651,-0.0286105307521733,-0.077221461470641,-0.0004846060714285,0.1623858121007942,-1.1016961708303551e-06
2025-02-08 00:00:00+00:00,1.25e-05,3.758e-05,3.0,960719.19,480359.6,-0.00034514,-0.00047501,-0.00064472,-0.00047501,-0.00048497,4.121428571428479e-06,-1.0498626213285298,-0.0061810049585417,-0.137900536738833,-0.0004895842857142,-0.6075190865088784,-7.72625619817724e-08
2025-02-09 00:00:00+00:00,2.853333333333336e-06,4.089e-05,3.0,942808.1,471404.05,-0.00047501,-0.00057281,-0.00057769,-0.00057769,-0.0005508,-2.245238095238188e-06,-1.186073018495157,-0.0188193977795574,-0.2075957056831026,-0.0004815860714285,-1.0584010438795337,-5.369801499767058e-08
2025-02-10 00:00:00+00:00,1.6343333333333333e-05,2.069e-05,3.0,946738.26,473369.13,-0.00057769,-0.00051346,-0.00052124,-0.00052124,-0.0005334075,4.177619047618956e-06,-0.8703862648922241,0.0041599039332922,-0.1464010419949577,-0.0004838735714285,-0.8715289725070567,6.798669661643955e-08
2025-02-11 00:00:00+00:00,3.804333333333333e-05,9.077e-05,3.0,928679.64,464339.82,-0.00052124,-0.00043963,-0.00054491,-0.00043963,-0.0004863524999999,2.284285714285705e-05,-0.3973511448766311,-0.0192588309648353,-0.1333376485485899,-0.0004785175,-0.5105250558762657,-7.32670126005554e-07
2025-02-12 00:00:00+00:00,6.268333333333333e-05,6.084e-05,3.0,951655.62,475827.81,-0.00043963,-0.00039911,-0.0004878,-0.00039911,-0.0004314125,2.736142857142848e-05,0.1332174394090838,0.0244393902255417,-0.0405299967002577,-0.0004686825,-0.1124856880182607,1.5319424439710424e-06
2025-02-13 00:00:00+00:00,4.115e-05,2.617e-05,3.0,935821.12,467910.56,-0.00039911,-0.00036552,-0.00041302,-0.00041302,-0.0003976675,3.0297142857142763e-05,-0.3468700369526321,-0.0167788785464271,-0.061049348842701,-0.0004673485714285,0.1425370437073158,-6.904508521854761e-07
2025-02-14 00:00:00+00:00,7.209666666666666e-05,1.629e-05,3.0,974951.61,487475.81,-0.00041302,-0.00046726,-0.00048593,-0.00046726,-0.0004583675,3.509571428571419e-05,0.3172764553513248,0.0409634918945442,0.0085246738040165,-0.0004775682142857,-0.3394041764755219,2.9533312206236614e-06
2025-02-15 00:00:00+00:00,8.391333333333334e-05,0.0001,3.0,940391.72,470195.86,-0.00046726,-0.00050261,-0.00050994,-0.00050994,-0.0004974375,4.529761904761896e-05,0.570466456681704,-0.0360913271337466,-0.0213856483711882,-0.0004793492857142,-0.6153987007576187,-3.0285435642164592e-06
2025-02-16 00:00:00+00:00,2.890333333333333e-05,4.98e-06,3.0,967753.32,483876.66,-0.00050994,-0.00046409,-0.00052732,-0.00046409,-0.0004913599999999,4.9019047619047526e-05,-0.5606170709780087,0.0286807082267284,0.0261144576350975,-0.0004708578571428,-0.5634495346562144,8.289680701132069e-07
2025-02-17 00:00:00+00:00,1.6266666666666668e-05,1.284e-05,3.0,935359.79,467679.9,-0.00046409,-0.00039122,-0.00047308,-0.00039122,-0.0004299025,4.900809523809515e-05,-0.7780840807264033,-0.0340459626795812,-0.0120914089777759,-0.0004560714285714,-0.0457243611280062,-5.538143262545219e-07
2025-02-18 00:00:00+00:00,4.811e-05,0.0001,3.0,931648.38,465824.19,-0.00039122,-0.00040007,-0.00041544,-0.00040007,-0.0004017,5.044619047619038e-05,-0.0549883965439995,-0.0039757885888871,0.0031916333981723,-0.0004439782142857,0.1825273562425438,-1.9127518901136043e-07
2025-02-19 00:00:00+00:00,2.187e-05,4.496e-05,3.0,958453.46,479226.73,-0.00040007,-0.00037447,-0.00041925,-0.00041925,-0.00040326,4.461571428571419e-05,-0.5845837929742681,0.0283655374514761,0.0071177806241067,-0.0004399564285714,0.2232309761853184,6.203543040637841e-07
2025-02-20 00:00:00+00:00,8.06e-05,5.052e-05,3.0,955015.49,477507.75,-0.00041925,-0.00048591,-0.00057437,-0.00057437,-0.000513475,5.025142857142848e-05,0.7545412409304426,-0.0035934460284821,0.0203032131420517,-0.0004565003571428,-0.6643536855039756,-2.896317498956577e-07
2025-02-21 00:00:00+00:00,5.528e-05,5.464e-05,3.0,954311.76,477155.88,-0.00057437,-0.00051473,-0.00060478,-0.00060478,-0.000574665,4.784904761904753e-05,0.219166771311105,-0.0007371497283834,-0.021397428480876,-0.0004731142857142,-1.3587326767984953,-4.074963698503751e-08
2025-02-22 00:00:00+00:00,4.608333333333334e-05,6.927e-05,3.0,954515.42,477257.71,-0.00060478,0.00110503,0.00109485,0.00110503,0.0006750325,4.244476190476181e-05,0.0483114467262397,0.0002133875742202,0.0149072862270909,-0.0003056185714285,4.94048808272233,9.833610711985111e-09
2025-02-23 00:00:00+00:00,0.0001928566666666,0.00014289,3.0,832517.63,416258.82,0.00110503,0.0006224,0.0006152,0.0006224,0.0007412575,6.586666666666657e-05,2.960185757217788,-0.1367493992827704,-0.1505228212824079,-0.0001295303571428,3.70132916469347,-2.637303331434416e-05
2025-02-24 00:00:00+00:00,0.0001,0.0001,3.0,832428.99,416214.5,0.0006224,6.028e-05,4.604e-05,6.028e-05,0.00019725,7.782857142857133e-05,1.0700876183429446,-0.0001064778882629,-0.1165833364910895,-3.993714285714293e-05,1.7613082885654496,-1.064778882629014e-08
2025-02-25 00:00:00+00:00,8.063333333333335e-05,4.19e-05,3.0,853854.68,426927.34,6.028e-05,-0.00046874,-0.0005933,-0.0005933,-0.000398765,8.247476190476183e-05,0.6879371872433673,0.0254130944553381,-0.0871944534468642,-3.9517857142857215e-05,-0.0659751826485625,2.0491425162487643e-06
2025-02-26 00:00:00+00:00,1.0806666666666668e-05,0.0001,3.0,775539.32,387769.66,-0.0005933,0.00010416,-8.01e-06,0.00010416,-9.824749999999998e-05,8.089428571428563e-05,-0.6907738772222736,-0.0962023312709625,-0.211762322169303,4.055357142857076e-06,0.8083705066825437,-1.0396265266015355e-06
2025-02-27 00:00:00+00:00,0.0001,0.0001,3.0,740609.62,370304.81,0.00010416,-0.00064675,-0.00066491,-0.00064675,-0.0004635624999999,8.366571428571419e-05,1.0833090844768087,-0.0460850262405063,-0.2542539023813273,1.1185714285714232e-05,-0.3033650117625142,-4.608502624050637e-06
2025-02-28 00:00:00+00:00,-3.359666666666667e-05,-2.508e-05,3.0,737662.93,368831.47,-0.00064675,-0.00034408,-0.00038098,-0.00038098,-0.0004381975,7.096904761904753e-05,-1.5036103066186473,-0.003986672014955,-0.2575034246678989,3.068107142857139e-05,-0.2365134394219895,1.3393889079577357e-07
2025-03-01 00:00:00+00:00,-1.554e-05,2.33e-05,3.0,732510.87,366255.44,-0.00038098,-0.00046453,-0.00049444,-0.00046453,-0.0004511199999999,6.21657142857142e-05,-1.1021510725206287,-0.0070088054766337,-0.2647256177187529,-0.0001301978571428,-0.2887941076455883,1.089168371068883e-07
2025-03-02 00:00:00+00:00,5.743666666666667e-05,6.328e-05,3.0,643108.66,321554.33,-0.00046453,-0.0003518,-0.00045404,-0.00045404,-0.0004311025,4.281999999999991e-05,0.3144893535979414,-0.1301644812974629,-0.2581406997334454,-0.0002976778571428,-0.2274296008109694,-7.476213924121947e-06
2025-03-03 00:00:00+00:00,7.237333333333334e-05,0.0001,3.0,658043.19999999,329021.6,-0.00045404,0.00011117,9.924e-05,0.00011117,-3.3115e-05,3.8873333333333245e-05,0.6317442716483209,0.022956883591549,-0.2350773382536335,-0.0003305871428571,0.9399795279040252,1.6614661884657077e-06
2025-03-04 00:00:00+00:00,0.0001,0.0001,3.0,743328.34,371664.17,0.00011117,-0.00047038,-0.00051465,-0.00047038,-0.00033606,4.163999999999991e-05,1.115640885079263,0.1218672756090573,-0.1386231570999143,-0.0003216292857142,-0.0056270786337935,1.2186727560905731e-05
2025-03-05 00:00:00+00:00,2.926333333333333e-05,4.077e-05,3.0,742307.61,371153.81,-0.00047038,-0.00026263,-0.0003086,-0.00026263,-0.00032606,4.4276666666666574e-05,-0.2919358237977235,-0.0013741322840434,-0.0437949581129952,-0.0003541739285714,0.0055094557906362,-4.021169107205913e-08
2025-03-06 00:00:00+00:00,9.431e-05,8.293e-05,3.0,734014.85,367007.43,-0.00026263,-0.00037838,-0.00045508,-0.00037838,-0.0003686175,4.346380952380943e-05,1.0032586504168393,-0.0112344659731711,-0.00894439784566,-0.0003406103571428,-0.142545090798773,-1.059522485929769e-06
2025-03-07 00:00:00+00:00,7.044e-05,1.132e-05,3.0,781903.86,390951.93,-0.00037838,-0.00062213,-0.00068076,-0.00062213,-0.0005758499999999,5.832619047619038e-05,0.4307738765658666,0.0632025317934648,0.0582448059627598,-0.000360275,-0.7735261886963825,4.45198633953166e-06
2025-03-08 00:00:00+00:00,-6.672999999999999e-05,-2.599e-05,3.0,753186.15,376593.08,-0.00062213,-0.00054484,-0.00057981,-0.00057981,-0.0005816475,5.101333333333325e-05,-2.366219435460175,-0.0374193834073253,0.0278342280320682,-0.0003789217857142,-0.7661828136020774,2.496995454770818e-06
2025-03-09 00:00:00+00:00,-2.738e-05,3.386e-05,3.0,758650.88,379325.44,-0.00057981,-0.00035618,-0.0005405,-0.00035618,-0.0004581675,3.889666666666657e-05,-1.4564028609478905,0.007229289522133,0.1652279988516642,-0.0003827882142857,-0.3806481415899617,-1.9793794711600394e-07
2025-03-10 00:00:00+00:00,-2.371333333333333e-05,-7.519e-05,3.0,757482.86,378741.43,-0.00035618,-0.00055727,-0.00060028,-0.00060028,-0.0005285025,2.5169999999999917e-05,-1.3273781432766223,-0.0015407878609394,0.1407303273991758,-0.0004535578571428,-0.5893697066497406,3.65372161424114e-08
2025-03-11 00:00:00+00:00,-6.269999999999999e-05,-7.933e-05,3.0,757930.54,378965.27,-0.00060028,-0.0006284,-0.00067463,-0.0006284,-0.0006329275,1.9271428571427654e-06,-1.920659395325572,0.0005908354948207,0.0194538872849392,-0.0004959675,-0.8928703589795429,-3.704538552526113e-08
2025-03-12 00:00:00+00:00,2.629333333333333e-05,9.742e-05,3.0,737995.96,368997.98,-0.0006284,-0.00057323,-0.00064579,-0.00064579,-0.0006233025,1.5028571428570514e-06,-0.310269902624076,-0.0266533952288963,-0.0058253756599135,-0.0005384307142857,-0.848978406836165,-7.008066052184471e-07
2025-03-13 00:00:00+00:00,-6.560333333333334e-05,-8.444e-05,3.0,738671.61,369335.81,-0.00064579,-0.00035095,-0.00045578,-0.00045578,-0.000477075,-2.1341904761904853e-05,-1.8064327081184397,0.0009151010841925,0.0063241913974501,-0.0005539246428571,-0.4109775807893443,-6.003368145997997e-08
2025-03-14 00:00:00+00:00,3.34e-05,4.374e-05,3.0,719172.53,359586.27,-0.00045578,-0.00036094,-0.00040154,-0.00040154,-0.0004049499999999,-2.6633333333333423e-05,-0.0943392527789727,-0.0267521642038914,-0.0836305045999061,-0.0005295103571428,-0.1970868479519306,-8.935222844099754e-07
2025-03-15 00:00:00+00:00,6.894333333333334e-05,7.276e-05,3.0,709880.51,354940.26,-0.00040154,-0.00041367,-0.00043992,-0.00043992,-0.0004237625,-7.251428571428664e-06,0.4978641720156095,-0.0130046271136574,-0.0592157483062383,-0.0005069553571428,-0.2508779201764696,-8.965823419725911e-07
2025-03-16 00:00:00+00:00,6.749e-05,3.077e-05,3.0,756602.19,378301.1,-0.00043992,-0.00042262,-0.00057827,-0.00042262,-0.0004658575,6.30142857142848e-06,0.4763089403779811,0.0637409466255007,-0.0027040912028706,-0.0005080539285714,-0.3764857015081549,4.301876487755048e-06
2025-03-17 00:00:00+00:00,-1.7233333333333333e-05,-9.492e-05,3.0,774681.4,387340.7,-0.00042262,-0.00046354,-0.00064603,-0.00046354,-0.0004989325,7.227142857142765e-06,-0.9120559347610148,0.023614241332817,0.0224509379908859,-0.0005038296428571,-0.4756391454367793,-4.069520923022145e-07
2025-03-18 00:00:00+00:00,-2.5353333333333333e-05,-2.356e-05,3.0,725586.96,362793.48,-0.00046354,-0.00058621,-0.00063842,-0.00063842,-0.0005816475,1.2562380952380858e-05,-1.0014724692575727,-0.0654709207503358,-0.0436108182542707,-0.0004965039285714,-0.7111378568451007,1.659906077423516e-06
2025-03-19 00:00:00+00:00,-2.9946666666666666e-05,-4.82e-05,3.0,744506.82,372253.41,-0.00063842,-0.00034665,-0.00036214,-0.00036214,-0.0004273374999999,4.528095238095144e-06,-1.0340137701449936,0.0257410852871444,0.00878366226177,-0.0004685089285714,-0.2504966645549538,-7.708597007323531e-07
2025-03-20 00:00:00+00:00,7.143333333333334e-05,0.0001,3.0,727297.62,363648.81,-0.00036214,-0.00038687,-0.00057352,-0.00057352,-0.0004740125,2.410476190476181e-05,0.6164412779581289,-0.0233862378146625,-0.015517676637085,-0.0004680714285714,-0.3819298799066142,-1.670556921227394e-06
2025-03-21 00:00:00+00:00,-1.4583333333333331e-05,-2.597e-05,3.0,776275.36,388137.68,-0.00057352,-0.00031267,-0.00040115,-0.00040115,-0.0004221225,1.724999999999991e-05,-0.7623108865712781,0.0651715278234643,0.0764060153902708,-0.0004705246428571,-0.2252870926118886,-9.504181140921884e-07
2025-03-22 00:00:00+00:00,2.1936666666666663e-05,-3.802e-05,3.0,722017.37,361008.69,-0.00040115,-0.00031043,-0.00048327,-0.00048327,-0.00041953,1.0534761904761817e-05,-0.1409662512253414,-0.0724581058261399,0.0169525366777882,-0.00046992,-0.227690685322728,-1.5894893148060907e-06
2025-03-23 00:00:00+00:00,6.217e-05,0.0001,3.0,717293.74,358646.87,-0.00048327,-0.00044434,-0.00047462,-0.00047462,-0.0004692125,9.77476190476181e-06,0.512568877679921,-0.0065637608522095,-0.053352170799922,-0.0004703992857142,-0.389054405883962,-4.08069012181868e-07
2025-03-24 00:00:00+00:00,4.767333333333333e-05,5.531e-05,3.0,724223.81,362111.91,-0.00047462,-0.0005277,-0.00053358,-0.0005277,-0.0005158999999999,1.9047142857142764e-05,0.2748993537673703,0.0096150385262188,-0.0673513736065203,-0.0004728232142857,-0.4996693518774306,4.583809366732714e-07
2025-03-25 00:00:00+00:00,7.799e-05,0.0001,3.0,732161.88,366080.94,-0.0005277,-0.00034828,-0.00054433,-0.00034828,-0.0004421475,3.38104761904761e-05,0.945464322233236,0.010901162603595,0.0090207097474106,-0.0004528946428571,-0.134337507278377,8.501816714543805e-07
2025-03-26 00:00:00+00:00,6.856666666666668e-06,4.64e-06,3.0,793975.99,396988.0,-0.00034828,-0.00031914,-0.00039677,-0.00039677,-0.00036524,3.906809523809515e-05,-0.326352162994979,0.0810515844424255,0.0643312089026917,-0.0004440235714285,0.5682565879621782,5.55743697326898e-07
2025-03-27 00:00:00+00:00,3.868000000000001e-05,-1.778e-05,3.0,762629.93,381314.97,-0.00039677,-0.00047288,-0.00050293,-0.00047288,-0.000461365,3.438904761904753e-05,0.3158701245395286,-0.0402803275300733,0.0474371191872808,-0.0004422167857142,-0.1687518899308113,-1.5580430688632387e-06
2025-03-28 00:00:00+00:00,4.053666666666667e-05,-1.369e-05,3.0,797578.15,398789.08,-0.00047288,-0.00042439,-0.00047451,-0.00042439,-0.0004490425,4.226333333333325e-05,0.3324268850543763,0.0448069296232009,0.0270725209870175,-0.0004460625,0.022765814307999,1.8163235704924904e-06
2025-03-29 00:00:00+00:00,-1.6796666666666668e-05,2.149e-05,3.0,808807.41,404403.71,-0.00042439,-0.00040079,-0.00046943,-0.00040079,-0.00042385,3.67299999999999e-05,-0.732886980434321,0.0139810057970262,0.1135116326101837,-0.0004466796428571,0.239659907845816,-2.3483429403738367e-07
2025-03-30 00:00:00+00:00,7.098e-05,7.864e-05,3.0,808949.88,404474.94,-0.00040079,-0.00024897,-0.00035555,-0.00024897,-0.00031357,3.798857142857133e-05,0.968085105974574,0.0001761327255316,0.1202515261879249,-0.000424445,1.174359584527005,1.2501900858235118e-08
2025-03-31 00:00:00+00:00,-1.6206666666666665e-05,-1.371e-05,3.0,832485.77,416242.89,-0.00024897,-0.0003156,-0.00043853,-0.00043853,-0.0003604074999999,2.886285714285705e-05,-0.7935434711815609,0.0286791665045225,0.1393156541662286,-0.0004022317857142,0.725543283365588,-4.6479369181662813e-07
2025-04-01 00:00:00+00:00,4.97e-05,7.639e-05,3.0,837072.91,418536.46,-0.00043853,-0.00047165,-0.00047705,-0.00047705,-0.00046607,2.4821428571428483e-05,0.5452224218610898,0.0054950468019399,0.1339095383645734,-0.0004056492857142,-0.1918465160267235,2.7310382605641333e-07
2025-04-02 00:00:00+00:00,4.8710000000000006e-05,5.83e-05,3.0,828368.72,414184.36,-0.00047705,-0.00051967,-0.00052487,-0.00052487,-0.000511615,3.08004761904761e-05,0.5481987505224751,-0.0104528061452917,0.0424051477768561,-0.00042656,-0.6128195560754839,-5.091561873371617e-07
2025-04-03 00:00:00+00:00,1.785e-05,2.951e-05,3.0,847013.43,423506.72,-0.00052487,-0.0004897,-0.00054051,-0.00054051,-0.0005238975,2.782476190476181e-05,-0.0308202577945686,0.0222581812165056,0.1049436565234351,-0.0004354932142857,-0.7064935170069413,3.973085347146266e-07
2025-04-04 00:00:00+00:00,-1.845333333333333e-05,-4.464e-05,3.0,792469.3,396234.65,-0.00054051,-0.00046248,-0.00047345,-0.00046248,-0.00048473,1.939761904761896e-05,-0.7711299893411843,-0.0665627836578242,-0.00642605675759,-0.0004405914285714,-0.1691962748528145,1.2283052344323825e-06
2025-04-05 00:00:00+00:00,6.816666666666666e-06,-4.38e-06,3.0,835677.13,417838.57,-0.00046248,-0.00039088,-0.00043363,-0.00043363,-0.000430155,2.277095238095229e-05,-0.1783778051961426,0.0530885635224152,0.0326815009677989,-0.0004414921428571,0.5821562938964553,3.618870413444636e-07
2025-04-06 00:00:00+00:00,7.437e-05,5.581e-05,3.0,822147.19,411073.6,-0.00043363,-0.0005315,-0.00059226,-0.0005315,-0.0005222225,2.3255238095238e-05,1.327944052940557,-0.0163228880665524,0.0161824801757148,-0.0004712996428571,-0.688349744370404,-1.2139331855095068e-06
2025-04-07 00:00:00+00:00,2.961e-05,3.19e-06,3.0,830896.79,415448.4,-0.0005315,-0.00038647,-0.00063459,-0.00038647,-0.0004847575,2.98004761904761e-05,0.2730360313925294,0.0105861450960844,-0.0019105412327231,-0.0004890639285714,-0.2285593657025433,3.13455756295061e-07
2025-04-08 00:00:00+00:00,-2.4436666666666663e-05,-4.131e-05,3.0,852608.6,426304.3,-0.00038647,-0.00056588,-0.00061843,-0.00056588,-0.000534165,1.9209523809523715e-05,-1.0156841279008824,0.0257950036908827,0.0183894156562196,-0.0004987917857142,-0.8853013824536045,-6.303439068595374e-07
2025-04-09 00:00:00+00:00,4.547e-05,-1.59e-06,3.0,845140.82,422570.41,-0.00056588,-0.00031204,-0.00033268,-0.00031204,-0.00038066,1.8746666666666573e-05,0.6011091369523238,-0.0087973267135446,0.0200448950879668,-0.0004800839285714,1.1892982578484637,-4.000144456648733e-07
2025-04-10 00:00:00+00:00,4.085666666666667e-05,6.281e-05,3.0,827856.94,413928.47,-0.00031204,-0.00027545,-0.00033567,-0.00027545,-0.0002996525,2.203333333333324e-05,0.4380241435613995,-0.0206629026803497,-0.0228761888088886,-0.0004480489285714,2.1861980688001066,-8.442173271768234e-07
2025-04-11 00:00:00+00:00,4.338333333333333e-05,-2.653e-05,3.0,933191.92,466595.96,-0.00027545,-0.00037992,-0.0004317,-0.0004317,-0.0003796924999999,3.086714285714276e-05,0.4867537608595199,0.1197705200503413,0.1634571148992769,-0.0004330435714285,1.0380122918057428,5.196044394850644e-06
2025-04-12 00:00:00+00:00,2.408e-05,5.068e-05,3.0,846516.68,423258.34,-0.0004317,-0.00040929,-0.00063778,-0.00063778,-0.0005291375,3.333333333333324e-05,-0.0992486897144121,-0.0974809756846948,0.0128875756921669,-0.0004471839285714,-1.2079216823253849,-2.3473418944874515e-06
2025-04-13 00:00:00+00:00,3.858666666666667e-05,0.0001,3.0,901685.72,450842.86,-0.00063778,-0.00031627,-0.00035897,-0.00031627,-0.0004073225,2.822142857142848e-05,0.3126083125164436,0.0631361275823305,0.0923465913410499,-0.0004307696428571,0.6265739717115554,2.4362127096435285e-06
2025-04-14 00:00:00+00:00,1.976e-05,-7.139e-05,3.0,1012364.12,506182.06,-0.00031627,-0.00059476,-0.00061757,-0.00061757,-0.0005365425,2.6814285714285623e-05,-0.185686147672886,0.1157775538779422,0.1975380001229076,-0.0004381675,-1.2311359919901783,2.287764464628138e-06
2025-04-15 00:00:00+00:00,4.7566666666666666e-05,0.0001,3.0,916032.05,458016.03,-0.00061757,-0.00048665,-0.00062836,-0.00048665,-0.0005548075,3.7100476190476096e-05,0.6656201174551413,-0.0999922343606041,0.0717507620714208,-0.0004411164285714,-1.4045596279635555,-4.756297281086069e-06
2025-04-16 00:00:00+00:00,3.439666666666666e-05,-1.831e-05,3.0,895903.34,447951.67,-0.00048665,-0.00069915,-0.00074244,-0.00074244,-0.00066767,3.551857142857134e-05,0.2249464665915364,-0.0222188254537609,0.0583292633312044,-0.0004821178571428,-2.5726631970502822,-7.642535328578647e-07
2025-04-17 00:00:00+00:00,-2.5900000000000006e-06,7.483e-05,3.0,905814.03,452907.02,-0.00074244,-0.00034454,-0.00037277,-0.00034454,-0.0004510725,2.9311904761904663e-05,-0.9728504818519252,0.011001492381359,0.0899936583929132,-0.0005037492857142,0.0761313058307145,-2.8493865267719963e-08
2025-04-18 00:00:00+00:00,1.2573333333333332e-05,-2.042e-05,3.0,850573.06,425286.53,-0.00034454,-0.00053073,-0.00056234,-0.00053073,-0.000492085,2.4910476190476096e-05,-0.5664576872170768,-0.0629237095157329,-0.092700571173161,-0.0005198053571428,-0.4285699923702823,-7.911607743111482e-07
2025-04-19 00:00:00+00:00,1.2e-07,-2.822e-05,3.0,869598.12,434799.06,-0.00053073,-0.00054113,-0.00059778,-0.00054113,-0.0005526925,2.1487619047618955e-05,-0.9280466348425838,0.0221208633342779,0.0269012678458118,-0.0005231703571428,-1.1540582732225624,2.654503600113358e-09
2025-04-20 00:00:00+00:00,2.156333333333333e-05,5.694e-05,3.0,891523.09,445761.55,-0.00054113,-0.00045643,-0.00055784,-0.00045643,-0.0005029575,1.905571428571419e-05,-0.2358530241754554,0.0249001632449079,-0.0113346964916107,-0.0005368325,-0.4891268192622681,5.369305201043653e-07
2025-04-21 00:00:00+00:00,-1.3736666666666663e-05,-7.254e-05,3.0,911770.6,455885.3,-0.00045643,-0.00049763,-0.00054657,-0.00049763,-0.000499565,1.4270476190476098e-05,-1.4103433320935266,0.0224570862103075,-0.1046551641592454,-0.00053155,-0.4133749852114106,-3.084855075755908e-07
2025-04-22 00:00:00+00:00,1.835e-05,2.735e-05,3.0,852876.61,426438.31,-0.00049763,-0.00040505,-0.00044944,-0.00040505,-0.0004392925,1.0096666666666576e-05,-0.2536355447162732,-0.0667735404798808,-0.0714364702785221,-0.0005150478571428,0.340057690181637,-1.2252944678058132e-06
2025-04-23 00:00:00+00:00,4.454333333333334e-05,0.0001,3.0,899490.78,449745.39,-0.00040505,-0.00013195,-0.00046635,-0.00046635,-0.000367425,1.1546190476190384e-05,0.6844030850454695,0.0532139203326131,0.0039962755078519,-0.0004721557142857,1.1687101989082822,2.3703253913490334e-06
2025-04-24 00:00:00+00:00,6.012666666666667e-05,5.611e-05,3.0,945935.69,472967.85,-0.00046635,-0.00051246,-0.0005571,-0.00051246,-0.0005120925,2.0505714285714192e-05,1.307908150985726,0.0503457825694635,0.0433405656959564,-0.0004808728571428,-0.60324701385918,3.027124086626611e-06
2025-04-25 00:00:00+00:00,3.8536666666666666e-05,9.229e-05,3.0,906490.47,453245.24,-0.00051246,-0.00048038,-0.00050865,-0.00050865,-0.000502535,2.421476190476181e-05,0.4719024392733113,-0.0425940685908496,0.0636702066208396,-0.0004823657142857,-0.4382217757016336,-1.6414334232627107e-06
2025-04-26 00:00:00+00:00,9.379e-05,0.0001,3.0,871447.7,435723.85,-0.00050865,-0.00041093,-0.00049845,-0.00049845,-0.00047912,3.759619047619038e-05,2.235405702254611,-0.0394246654928558,0.0021246777937058,-0.0004718553571428,-0.1332598864505187,-3.6976393765749487e-06
2025-04-27 00:00:00+00:00,2.4826666666666667e-05,1.407e-05,3.0,901482.92,450741.46,-0.00049845,-0.00034684,-0.00046131,-0.00034684,-0.00041336,3.806238095238086e-05,-0.0786307053355422,0.0338852445782684,0.0111097591270663,-0.0004590557142857,0.6818008593214612,8.412576720631452e-07
2025-04-28 00:00:00+00:00,3.5333333333333336e-05,2.291e-05,3.0,916626.79,458313.4,-0.00034684,-0.00041813,-0.00050624,-0.00050624,-0.0004443625,4.507238095238086e-05,0.2278105561629975,0.0166593029649799,0.0053119758817388,-0.0004511696428571,0.3006866792050074,5.886287047626257e-07
2025-04-29 00:00:00+00:00,-2.100000000000001e-06,-4.667e-05,3.0,913342.26,456671.13,-0.00050624,-0.00046142,-0.00050053,-0.00046142,-0.0004824024999999,4.215095238095229e-05,-1.0303058027698828,-0.0035897148392223,0.0684958015223973,-0.0004573282142857,-0.117826549217107,7.538401162366887e-09
2025-04-30 00:00:00+00:00,6.241666666666666e-05,9.811e-05,3.0,877857.54,438928.77,-0.00046142,-0.00063932,-0.00064475,-0.00063932,-0.0005962025,4.470428571428562e-05,1.2239241270760888,-0.0396263590438277,-0.0243444778540435,-0.0004900107142857,-1.558829337684295,-2.4733452436522467e-06
2025-05-01 00:00:00+00:00,-1.4623333333333333e-05,-7.811e-05,3.0,878043.59,439021.8,-0.00063932,-0.00047387,-0.00049071,-0.00047387,-0.0005194425,3.4025714285714195e-05,-1.4792514756660309,0.0002119139825342,-0.0744783464409728,-0.0004910607142857,-0.4887504938572781,-3.0988888045930153e-09
2025-05-02 00:00:00+00:00,9.022333333333331e-05,0.0001,3.0,854882.61,427441.31,-0.00047387,-0.00047305,-0.00047324,-0.00047324,-0.00047335,4.140952380952371e-05,2.054024680835578,-0.0267320780626985,-0.0586163559128216,-0.0004868914285714,0.1190618895494485,-2.4118571897435346e-06
2025-05-03 00:00:00+00:00,2.345666666666667e-05,-4.41e-06,3.0,908134.67,454067.34,-0.00047324,-0.00039699,-0.00055368,-0.00039699,-0.000455225,3.1361904761904665e-05,-0.1673819361712684,0.0604285213168083,0.0412368308968424,-0.0004834778571428,0.335501976819275,1.4174516816879338e-06
2025-05-04 00:00:00+00:00,3.553666666666667e-05,1.455e-05,3.0,862138.33,431069.17,-0.00039699,-0.00035658,-0.00049648,-0.00049648,-0.0004366325,3.2891904761904666e-05,0.1822087089801396,-0.0519769491547812,-0.0446253628362072,-0.0004868025,0.5640400713572353,-1.8470875164637424e-06
2025-05-05 00:00:00+00:00,8.534666666666667e-05,8.434e-05,3.0,845755.24,422877.62,-0.00049648,-0.00065826,-0.00076287,-0.00076287,-0.00067012,4.003666666666657e-05,1.741632007900664,-0.019185730100979,-0.0804703959021662,-0.0005190535714285,-2.27050137019534,-1.637438111684889e-06
2025-05-06 00:00:00+00:00,1.212e-05,3.104e-05,3.0,871932.73,435966.37,-0.00076287,-0.0004396,-0.00048354,-0.0004396,-0.0005314025,4.2068095238095145e-05,-0.6391036316357832,0.0304822731118488,-0.046398407951095,-0.0005260535714285,-0.5529956774703695,3.694451501156076e-07
2025-05-07 00:00:00+00:00,2.2146666666666662e-05,-1.747e-05,3.0,868566.35,434283.18,-0.0004396,-0.00031397,-0.00037459,-0.00037459,-0.0003756875,3.6315238095238e-05,-0.2878104433610896,-0.0038682975894452,-0.0106403464967126,-0.0004945514285714,1.2816927184168836,-8.566989728091504e-08
2025-05-08 00:00:00+00:00,8.051666666666667e-05,8.696e-05,3.0,862749.84,431374.92,-0.00037459,-0.00052444,-0.00056313,-0.00052444,-0.00049665,4.990666666666657e-05,1.6126019689671574,-0.0067192023237279,-0.0175714628029748,-0.0004912953571428,-0.180584209933126,-5.410077737654925e-07
2025-05-09 00:00:00+00:00,8.006333333333334e-05,0.0001,3.0,890756.27,445378.14,-0.00052444,-0.00043038,-0.00051693,-0.00051693,-0.00049717,4.8455238095238e-05,1.4974296456656149,0.0319460669486364,0.0411066822083601,-0.0004946982142857,-0.1439067468538394,2.5577086067976625e-06
2025-05-10 00:00:00+00:00,0.0001,0.0001,3.0,878637.39,439318.7,-0.00051693,-0.00028221,-0.00039226,-0.00028221,-0.0003684025,5.938999999999991e-05,1.9511846098424748,-0.0136985564974256,-0.0330203956058738,-0.000482295,1.5642602536257584,-1.3698556497425683e-06
2025-05-11 00:00:00+00:00,9.821e-05,0.0001,3.0,882386.9,441193.45,-0.00028221,-0.00041065,-0.00052243,-0.00041065,-0.000406485,6.834333333333325e-05,1.7380195048062088,0.00425833497839,0.0232148885272973,-0.0004779882142857,1.0937174526886224,4.182110782276829e-07
2025-05-12 00:00:00+00:00,8.681333333333334e-05,9.363e-05,3.0,890841.09,445420.55,-0.00041065,-0.00027478,-0.00034903,-0.00027478,-0.00032731,6.855285714285705e-05,1.3049579727980476,0.0095354394419722,0.0519360580702485,-0.0004290153571428,1.926369331804101,8.278032827557481e-07
2025-05-13 00:00:00+00:00,0.0001,0.0001,3.0,888721.59,444360.8,-0.00027478,-0.00028434,-0.00042482,-0.00028434,-0.00031707,8.110714285714276e-05,1.55200313623086,-0.0023820470343824,0.0190717379240172,-0.0003983964285714,1.9103058883926012,-2.3820470343824954e-07
2025-05-14 00:00:00+00:00,7.601333333333333e-05,0.0001,3.0,922745.52,461372.76,-0.00028434,-0.00010668,-0.00017534,-0.00017534,-0.000185425,8.880238095238087e-05,0.8410723143729909,0.0375694724836961,0.0605095079971587,-0.0003712160714285,2.832884116070977,2.8557808350606885e-06
2025-05-15 00:00:00+00:00,6.332666666666666e-05,1.533e-05,3.0,948723.0,474361.5,-0.00017534,-0.00050202,-0.00055186,-0.00055186,-0.00044527,8.634666666666658e-05,0.4802253748992091,0.0277633829613748,0.0949920932822614,-0.0003638760714285,0.1868843898570039,1.7581624983339958e-06
2025-05-16 00:00:00+00:00,-1.211e-05,6.49e-06,3.0,1021742.26,510871.13,-0.00055186,-0.00023942,-0.00037723,-0.00023942,-0.0003519825,7.317904761904752e-05,-1.462100043435942,0.0741476773702682,0.1371937037038932,-0.000343135,1.095655188054112,-8.979283729539489e-07
2025-05-17 00:00:00+00:00,3.465666666666666e-05,3.711e-05,3.0,962571.01,481285.51,-0.00023942,-0.00043003,-0.0004929,-0.0004929,-0.0004138125,6.384428571428563e-05,-0.2835362327421499,-0.059656707113179,0.0912355530881399,-0.0003496221428571,0.41095342973675,-2.0675026128524085e-06
2025-05-18 00:00:00+00:00,1.606666666666666e-06,7.954e-05,3.0,1005777.5,502888.75,-0.0004929,-0.00035144,-0.00035957,-0.00035957,-0.00039087,5.004380952380943e-05,-1.1451807568137364,0.0439083131711566,0.1308855312809065,-0.0003473914285714,0.6201751355339121,7.054602316165828e-08
2025-05-19 00:00:00+00:00,9.882e-05,0.0001,3.0,1016027.26,508013.63,-0.00035957,-0.00014356,-0.00021506,-0.00021506,-0.0002333124999999,5.175904761904752e-05,1.3298850151567914,0.010139305252041,0.1314893970909754,-0.0003339632142857,2.073056249536813,1.001966145006701e-06
2025-05-20 00:00:00+00:00,6.662333333333334e-05,0.0001,3.0,967733.79,483866.9,-0.00021506,-0.00023895,-0.00031164,-0.00031164,-0.0002693225,4.699095238095228e-05,0.4470187324885261,-0.0486984193634292,0.0851730247619286,-0.0003271421428571,1.5682448467797243,-3.2444510260562e-06
2025-05-21 00:00:00+00:00,9.752666666666668e-05,9.258e-05,3.0,987106.46,493553.23,-0.00031164,-0.00031104,-0.00037365,-0.00037365,-0.000342495,5.006428571428562e-05,1.196416989601646,0.019820856701763,0.0674244089799955,-0.0003495807142857,0.8005357974319175,1.9330620846006097e-06
2025-05-22 00:00:00+00:00,9.559e-05,0.0001,3.0,966446.53,483223.27,-0.00037365,-0.00026454,-0.00063486,-0.00063486,-0.0004769775,5.467333333333324e-05,1.069328578244773,-0.0211519220391007,0.0185091039795199,-0.0003541103571428,-0.4931850854705603,-2.0219122277176424e-06
2025-05-23 00:00:00+00:00,4.476666666666667e-05,0.0001,3.0,968991.38,484495.69,-0.00063486,-0.00046014,-0.00046211,-0.00046014,-0.0005043125,6.279857142857134e-05,-0.3028670568976466,0.00262974229598,-0.0530088310947682,-0.0003758717857142,-0.7114046532692649,1.1772479678337176e-07
2025-05-24 00:00:00+00:00,7.374333333333334e-05,8.98e-05,3.0,1000953.33,500476.67,-0.00046014,-0.00026521,-0.00027599,-0.00026521,-0.0003166375,6.838238095238086e-05,0.4654492030654272,0.0324524387693294,0.0391003147877402,-0.0003619896428571,1.0292423067871856,2.3931510096462525e-06
2025-05-25 00:00:00+00:00,9.827e-05,9.481e-05,3.0,995874.87,497937.44,-0.00026521,-0.00043869,-0.00049806,-0.00049806,-0.000425005,8.219142857142848e-05,1.0545161688575149,-0.0050865376896442,-0.0098945360730606,-0.0003668660714285,-0.0336447413525313,-4.998540587613442e-07
2025-05-26 00:00:00+00:00,8.325666666666667e-05,0.0001,3.0,1036401.4,518200.7,-0.00049806,-0.00029011,-0.00032526,-0.00029011,-0.000350885,7.996809523809515e-05,0.6716150247459566,0.0398881823547885,0.0198543410296867,-0.0003836621428571,0.6408977900512847,3.320957102251844e-06
2025-05-27 00:00:00+00:00,9.511e-05,8.533e-05,3.0,1053946.53,526973.27,-0.00029011,-0.00014434,-0.00018723,-0.00014434,-0.000191505,8.403761904761895e-05,0.9241684527079492,0.0167871977473463,0.0853399581404623,-0.0003725453571428,1.958991518786549,1.5966303777501142e-06
2025-05-28 00:00:00+00:00,7.531333333333334e-05,2.594e-05,3.0,1062406.32,531203.16,-0.00014434,-0.00051766,-0.00052567,-0.00051766,-0.0004263325,8.086428571428562e-05,0.3632894814902603,0.0079947302354703,0.0735138316741697,-0.0003845221428571,-0.1533979266945532,6.021097831340586e-07
2025-05-29 00:00:00+00:00,3.464666666666667e-05,9.718e-05,3.0,1088047.57,544023.79,-0.00051766,-5.838e-05,-0.00041947,-0.00041947,-0.000353745,7.215809523809513e-05,-0.7931333117891612,0.023848421386905,0.1185141751001754,-0.0003669175,0.4619676396689606,8.262683063183025e-07
2025-05-30 00:00:00+00:00,8.838333333333334e-05,6.515e-05,3.0,1086750.15999999,543375.08,-0.00041947,-0.00026969,-0.00029992,-0.00029992,-0.00032225,7.838904761904752e-05,0.6812018659739917,-0.0011931317897051,0.1146913010144903,-0.0003409085714285,0.6958527757812566,-1.0545296468010673e-07
2025-05-31 00:00:00+00:00,6.322666666666668e-05,-1.023e-05,3.0,1100679.68,550339.84,-0.00029992,-0.00026316,-0.00030843,-0.00026316,-0.0002836675,7.688666666666658e-05,-0.0978587073576937,0.0127361417827085,0.0949750040278694,-0.0003361985714285,0.9933740461168944,8.05263791114719e-07
2025-06-01 00:00:00+00:00,7.961e-05,4.071e-05,3.0,1079681.1,539840.55,-0.00026316,-0.0005261,-0.00053018,-0.0005261,-0.000461385,7.422095238095229e-05,0.4144672282608287,-0.0192621601421425,0.0807993815753711,-0.0003413957142857,-0.7049883667683944,-1.5334605689159684e-06
2025-06-02 00:00:00+00:00,-3.936666666666666e-06,3.732e-05,3.0,1039587.8,519793.9,-0.0005261,-0.000414,-0.00063092,-0.000414,-0.000496255,6.176476190476182e-05,-2.02027081595026,-0.0378414313217465,0.003069767898836,-0.0003621628571428,-1.0136145262412142,1.489691013032756e-07
2025-06-03 00:00:00+00:00,7.194666666666667e-05,0.0001,3.0,1043485.14,521742.57,-0.000414,-0.00027614,-0.00029546,-0.00029546,-0.000320265,5.84557142857142e-05,0.1646682700606387,0.0037419184635272,-0.009975511384983,-0.0003805571428571,0.6102365397633519,2.6921856038923895e-07
2025-06-04 00:00:00+00:00,7.130666666666667e-05,6.937e-05,3.0,1112787.71,556393.86,-0.00029546,-0.00049772,-0.00055168,-0.00055168,-0.000474135,5.788333333333325e-05,0.1604054803895794,0.0643021104562464,0.0463318688357929,-0.0003873860714285,-1.0247035703460243,4.585169156266747e-06
2025-06-05 00:00:00+00:00,6.586333333333334e-05,0.0001,3.0,1060341.65999999,530170.83,-0.00055168,-0.0004295,-0.00057164,-0.0004295,-0.00049558,6.234285714285705e-05,-0.057688825049374,-0.0482771404088033,-0.0257936929599154,-0.0004076482142857,-1.2924694870564577,-3.179693391125153e-06
2025-06-06 00:00:00+00:00,5.214666666666667e-05,8.113e-05,3.0,1119442.01,559721.01,-0.0004295,-0.00038517,-0.00040163,-0.00038517,-0.0004003675,5.7166190476190384e-05,-0.5343693882718373,0.0542391788598273,0.029638617689617,-0.0004188078571428,-0.2424648221217659,2.828392380277129e-06
2025-06-07 00:00:00+00:00,6.215666666666666e-05,1.965e-05,3.0,1121801.90999999,560900.96,-0.00038517,-0.00055346,-0.00056153,-0.00055346,-0.000513405,5.701333333333325e-05,-0.1920587749348564,0.0021058849070936,0.0190083608140021,-0.0004516275,-1.4580199897645334,1.308947862085827e-07
2025-06-08 00:00:00+00:00,1.4726666666666667e-05,4.38e-06,3.0,1086104.01,543052.01,-0.00055346,-0.00050699,-0.00060223,-0.00060223,-0.0005662275,4.774428571428562e-05,-1.5832994021147908,-0.032339250305009,0.0059312706511356,-0.000466605,-1.9250262125029165,-4.762493594917668e-07
2025-06-09 00:00:00+00:00,-7.326666666666665e-06,9.33e-06,3.0,1077780.61,538890.31,-0.00060223,-0.00048607,-0.00057716,-0.00048607,-0.0005378825,4.725999999999991e-05,-2.030588944452143,-0.0076930544017042,0.0360796475711779,-0.0004725517857142,-1.507130478061302,5.636444524981944e-08
2025-06-10 00:00:00+00:00,1.940333333333333e-05,8.401e-05,3.0,1081604.62999999,540802.32,-0.00048607,-0.00027986,-0.00031338,-0.00027986,-0.0003397925,3.975380952380943e-05,-1.1689701187732209,0.0035417709879421,0.0358795000955929,-0.0004753414285714,0.4438436519834198,6.872216306937129e-08
2025-06-11 00:00:00+00:00,0.0001,0.0001,3.0,1095509.47,547754.74,-0.00027986,-0.00017166,-0.00029208,-0.00029208,-0.00025892,4.385285714285706e-05,1.140884485817916,0.0127738174779494,-0.015648792882704,-0.0004445964285714,1.2000204913556072,1.2773817477949478e-06
2025-06-12 00:00:00+00:00,8.392666666666666e-05,6e-05,3.0,1209800.93,604900.47,-0.00029208,-0.00040751,-0.00045391,-0.00040751,-0.0003902525,4.643333333333324e-05,0.7063623625251381,0.099236300941877,0.1318646484679764,-0.0004295496428571,-0.0553412719419557,8.328571950381937e-06
2025-06-13 00:00:00+00:00,5.938e-05,3.527e-05,3.0,1193903.2,596951.6,-0.00040751,-0.00060738,-0.00063367,-0.00060738,-0.000563985,4.746666666666657e-05,0.0091814955897894,-0.0132278857553895,0.0643975838527595,-0.0004529235714285,-1.669638036086741,-7.854718561550332e-07
2025-06-14 00:00:00+00:00,-1.426e-05,2.289e-05,3.0,1109365.31,554682.66,-0.00060738,-0.00031563,-0.00044232,-0.00031563,-0.00042024,3.654999999999991e-05,-1.9235562735050509,-0.0734398806614855,-0.0111481817158196,-0.0004396142857142,-0.23950653551826,1.047252698232784e-06
2025-06-15 00:00:00+00:00,5.770000000000001e-06,-3.518e-05,3.0,1064528.71,532264.36,-0.00031563,-0.00061613,-0.00065153,-0.00061613,-0.000549855,3.5270476190476095e-05,-1.4348668017047694,-0.0412558835992644,-0.020064815010075,-0.0004372753571428,-1.4256604397869663,-2.38046448367756e-07
2025-06-16 00:00:00+00:00,5.775666666666667e-05,6.072e-05,3.0,1064065.5,532032.75,-0.00061613,-0.00057322,-0.0006375,-0.00057322,-0.0006000175,4.456809523809515e-05,-0.0024910821690821,-0.0004352262212652,-0.0128069868296361,-0.0004461517857142,-1.7487415909445043,-2.5137215786209332e-08
2025-06-17 00:00:00+00:00,3.361666666666667e-05,2.399e-05,3.0,1053902.75,526951.38,-0.00057322,-0.00051987,-0.0005944,-0.00051987,-0.00055184,4.659857142857133e-05,-0.7393397089894252,-0.0095967708650039,-0.0259455286825822,-0.0004764442857142,-1.2245627281678857,-3.226114472452176e-07
2025-06-18 00:00:00+00:00,1.3303333333333334e-05,4.361e-05,3.0,1027360.86,513680.43,-0.00051987,-0.00049796,-0.00051365,-0.00049796,-0.00050736,3.421333333333324e-05,-1.2452820084195373,-0.0255069361497994,-0.0642262823103312,-0.0005119357142857,-0.7752887262576351,-3.393272739128325e-07
2025-06-19 00:00:00+00:00,2.2810000000000004e-05,1.508e-05,3.0,1074761.54,537380.77,-0.00049796,-0.00031309,-0.00044767,-0.00044767,-0.0004265975,2.5482380952380865e-05,-0.913535277812384,0.0451055715571193,-0.1183570116950889,-0.0005171278571428,0.0225377160197824,1.0288580872178928e-06
2025-06-20 00:00:00+00:00,2.197333333333333e-05,-2.676e-05,3.0,1060128.94,530064.47,-0.00044767,-0.00047612,-0.00054291,-0.00047612,-0.000485705,2.0138571428571337e-05,-0.8773882994213773,-0.0137082714817147,-0.118837397421414,-0.000505945,-0.5043967330624813,-3.012164186915447e-07
2025-06-21 00:00:00+00:00,5.649999999999999e-06,-3.207e-05,3.0,1094380.39999999,547190.2,-0.00047612,-0.00050257,-0.00052769,-0.00050257,-0.0005022375,2.298285714285705e-05,-1.265810666437121,0.0317978161333591,-0.0135997006265693,-0.0005176589285714,-0.6536506555101943,1.796576611534794e-07
2025-06-22 00:00:00+00:00,-9.46e-06,-2.619e-05,3.0,1127546.22,563773.11,-0.00050257,-0.0002033,-0.00059659,-0.00059659,-0.0004747625,2.0807142857142764e-05,-1.5787148360680563,0.029855426533567,0.0575116095062622,-0.0005069314285714,-0.3999355465320969,-2.824323350075447e-07
2025-06-23 00:00:00+00:00,-3.372e-05,-2.185e-05,3.0,1060619.48,530309.74,-0.00059659,-0.0004848,-0.00050305,-0.0004848,-0.00051731,7.739047619047528e-06,-2.0120389503832605,-0.0611906323882891,-0.0032437966607616,-0.0004951160714285,-0.7580055399240558,2.0633481241331103e-06
2025-06-24 00:00:00+00:00,2.703e-05,-3.689e-05,3.0,1033400.31,516700.16,-0.0004848,-0.00062872,-0.0006523,-0.00062872,-0.000598635,6.798095238095146e-06,-0.3844832478692123,-0.0259985156627688,-0.0196455414585265,-0.0005018010714285,-1.444734886179502,-7.027398783646432e-07
2025-06-25 00:00:00+00:00,6.16666666666667e-06,7.699e-05,3.0,1041200.67,520600.34,-0.00062872,-0.00040899,-0.00048617,-0.00048617,-0.0005025125,5.778571428571337e-06,-0.8846733840174,0.007519900774799,0.0133812954660719,-0.0005011085714285,-0.4918441215974777,4.637272144459402e-08
2025-06-26 00:00:00+00:00,-3.788333333333333e-05,-2.701e-05,3.0,1038364.44,519182.22,-0.00048617,-0.0005624,-0.00062844,-0.00062844,-0.0005763625,-2.8919047619048552e-06,-1.90982176252308,-0.0027277162373291,-0.0344519923283765,-0.0005225035714285,-1.1869178009980592,1.0333498345748589e-07
2025-06-27 00:00:00+00:00,2.7443333333333332e-05,5.045e-05,3.0,995942.36,497971.18,-0.00062844,-0.00052566,-0.00068731,-0.00052566,-0.0005917674999999,-2.110476190476284e-06,-0.1425978988862541,-0.0417127159471206,-0.0624564367937825,-0.0005376553571428,-1.257894827735964,-1.1447359679754816e-06
2025-06-28 00:00:00+00:00,1.736666666666667e-06,-1.334e-05,3.0,995086.97,497543.49,-0.00052566,-0.00038252,-0.00038754,-0.00038252,-0.00041956,-2.669523809523902e-06,-0.7982273148901664,-0.000859244050039,-0.0951134969771807,-0.0005258442857142,0.5466516482455553,-1.4922205002344139e-09
2025-06-29 00:00:00+00:00,4.990666666666667e-05,6.205e-05,3.0,992540.69,496270.35,-0.00038252,-0.00041052,-0.00046386,-0.00041052,-0.000416855,5.811428571428478e-06,0.5424640527169254,-0.002562131171917,-0.1275310546826649,-0.0005175717857142,0.6321580948906314,-1.2786742635314074e-07
2025-06-30 00:00:00+00:00,5.5756666666666674e-05,3.952e-05,3.0,980027.36,490013.68,-0.00041052,-0.00029175,-0.00032002,-0.00032002,-0.0003355775,1.8593809523809436e-05,0.7157335114397106,-0.0126875195598259,-0.0790279418542017,-0.00049161,1.5953642199444211,-7.074137989240286e-07
2025-07-01 00:00:00+00:00,4.477333333333333e-05,-3.807e-05,3.0,984264.29,492132.15,-0.00032002,-0.00042637,-0.00051901,-0.00042637,-0.0004229425,2.112857142857134e-05,0.455942300633472,0.0043139587452358,-0.0487154674461969,-0.0004665110714285,0.5886029744268437,1.9315031288669444e-07
2025-07-02 00:00:00+00:00,7.236666666666669e-06,-4.681e-05,3.0,1033003.79,516501.9,-0.00042637,-0.000424,-0.00055438,-0.000424,-0.0004571875,2.1281428571428483e-05,-0.6408011746827507,0.0483316896508778,-0.007903678570118,-0.0004600360714285,0.1885922456193423,3.497603274401863e-07
2025-07-03 00:00:00+00:00,3.512666666666667e-05,0.0001,3.0,1018532.53,509266.27,-0.000424,-0.00025676,-0.00027239,-0.00027239,-0.000306385,3.171142857142848e-05,0.2103719177489829,-0.014107963755384,-0.0192839260881729,-0.0004214678571428,1.8632191910990992,-4.955657401807899e-07
2025-07-04 00:00:00+00:00,7.883e-05,3.649e-05,3.0,1061866.72,530933.36,-0.00027239,-0.00035,-0.00043233,-0.00035,-0.00035118,3.905238095238086e-05,1.4910398957560342,0.0416655205848552,0.0640943104438029,-0.0003870982142857,1.278978412562202,3.2844929877041424e-06
2025-07-05 00:00:00+00:00,1.4399999999999998e-06,-2.887e-05,3.0,1042607.85,521303.93,-0.00035,-0.00041875,-0.00053859,-0.00041875,-0.0004315225,3.900999999999991e-05,-0.7396700719743006,-0.0183032933083886,0.0466502611854533,-0.0003888071428571,0.3860319094339254,-2.6356742364079645e-08
2025-07-06 00:00:00+00:00,4.5566666666666665e-06,-2.34e-05,3.0,1003796.03,501898.02,-0.00041875,-0.00044899,-0.00044905,-0.00044905,-0.0004414599999999,3.253142857142848e-05,-0.6016860301545375,-0.037936279317547,0.0112761130398233,-0.0003923221428571,0.2957464156126142,-1.7286297942362278e-07
2025-07-07 00:00:00+00:00,7.014e-05,9.892e-05,3.0,998215.14,499107.57,-0.00044905,-0.00049405,-0.00050184,-0.00050184,-0.000486695,3.458619047619039e-05,1.3458866548523187,-0.0055752980202736,0.0183883345793756,-0.0004139103571428,-0.2074000915651153,-3.910514031419958e-07
2025-07-08 00:00:00+00:00,4.720666666666666e-05,4.036e-05,3.0,990490.61,495245.31,-0.00050184,-0.00048373,-0.00049154,-0.00048373,-0.00049021,3.493380952380944e-05,0.6285863601931769,-0.0077684381885347,0.0063059376456049,-0.00042352,-0.278968692089709,-3.667220720867655e-07
2025-07-09 00:00:00+00:00,4.6930000000000006e-05,0.0001,3.0,998663.1,499331.55,-0.00048373,-0.00023712,-0.00033651,-0.00033651,-0.0003484675,4.060428571428562e-05,0.5735898912481802,0.0082170985009568,-0.033808653504316,-0.0004079885714285,1.212438253369267,3.856284326499058e-07
2025-07-10 00:00:00+00:00,0.0001,0.0001,3.0,1056049.97,528024.99,-0.00033651,-0.0001481,-0.00020945,-0.0001481,-0.00021054,4.987190476190467e-05,1.9382073094183023,0.0558732986883541,0.036172608939422,-0.0003942964285714,2.451249585194497,5.587329868835411e-06
2025-07-11 00:00:00+00:00,9.3e-05,7.9e-05,3.0,1121440.7,560720.35,-0.0001481,-0.00033507,-0.00035201,-0.00035201,-0.0002967975,5.189619047619038e-05,1.7717779585763638,0.0600786937268758,0.0545857820814426,-0.0003865275,1.6361659847952534,5.587318516599449e-06
2025-07-12 00:00:00+00:00,0.0001,0.0001,3.0,1071251.13999999,535625.57,-0.00035201,-0.00037856,-0.00042945,-0.00037856,-0.000384645,6.597619047619038e-05,1.9032112196340945,-0.045786942860504,0.0271021325293272,-0.0003798307142857,0.7294120408616809,-4.5786942860504e-06
2025-07-13 00:00:00+00:00,0.0001,0.0001,3.0,1097395.55,548697.78,-0.00037856,-0.00042141,-0.00049982,-0.00042141,-0.0004303,7.961095238095228e-05,1.777457537622689,0.0241124354886927,0.0891508473355671,-0.0003782364285714,0.2192831484529627,2.41124354886928e-06
2025-07-14 00:00:00+00:00,8.431e-05,0.0001,3.0,1100234.40999999,550117.21,-0.00042141,-0.00047452,-0.00055502,-0.00047452,-0.0004813674999999,8.163523809523801e-05,1.2769370533465036,0.002583566506404,0.0973097118622448,-0.0003774753571428,-0.295623655667107,2.178204921549222e-07
2025-07-15 00:00:00+00:00,0.0001,0.0001,3.0,1102612.7,551306.35,-0.00047452,-0.00035838,-0.0003816,-0.00035838,-0.0003932199999999,8.917714285714276e-05,1.5506827869455573,0.0021592882350134,0.107237438285793,-0.0003636196428571,0.5826918126668685,2.159288235013435e-07
2025-07-16 00:00:00+00:00,0.0001,0.0001,3.0,1163430.98,581715.49,-0.00035838,0.00038205,0.00035039,0.00035039,0.0001811125,9.675857142857134e-05,1.4623792800691888,0.0536908356497161,0.1527111754345522,-0.0002879653571428,4.162809590582679,5.369083564971611e-06
2025-07-17 00:00:00+00:00,0.0001,0.0001,3.0,1178692.37999999,589346.19,0.00035039,-0.00017209,-0.00021065,-0.00017209,-5.110999999999999e-05,9.675857142857132e-05,1.3617051870256751,0.0130322904937152,0.1098701672399133,-0.0002651896428571,2.2461886955021138,1.3032290493715238e-06
2025-07-18 00:00:00+00:00,0.0001,0.0001,3.0,1195775.7,597887.85,-0.00017209,0.00020699,0.00013531,0.00013531,7.638e-05,9.775857142857134e-05,1.2665793279853783,0.014389424654075,0.0641808981671125,-0.0002118785714285,2.5793476645383726,1.4389424654075e-06
2025-07-19 00:00:00+00:00,0.0001,0.0001,3.0,1171519.81,585759.91,0.00013531,5.638e-05,4.511e-05,4.511e-05,7.04775e-05,9.775857142857134e-05,1.1823469196755654,-0.0204932073669983,0.0894746336606182,-0.0001468610714285,2.228130223266864,-2.0493207366998333e-06
2025-07-20 00:00:00+00:00,0.0001,0.0001,3.0,1139293.82,569646.91,4.511e-05,0.00020875,0.00015588,0.00020875,0.0001546225,9.775857142857134e-05,1.1055052057542976,-0.0278932744434303,0.037468923728495,-6.330071428571434e-05,2.3064251173503987,-2.789327444343037e-06
2025-07-21 00:00:00+00:00,0.0001,0.0001,3.0,1206949.83,603474.92,0.00020875,0.00039914,0.00015693,0.00039914,0.00029099,0.0001,1.0339474882837048,0.0576877610618993,0.0925731182839904,4.7036071428571366e-05,2.500270555906388,5.768776106189933e-06
2025-07-22 00:00:00+00:00,0.0001,0.0001,3.0,1250652.11,625326.06,0.00039914,7.977e-05,2.99e-05,7.977e-05,0.000147145,0.0001,0.9710795705851618,0.0355687278966065,0.1259825579455835,0.0001242310714285,1.7391475087339274,3.556872789660659e-06
2025-07-23 00:00:00+00:00,0.0001,0.0001,3.0,1161279.83,580639.92,7.977e-05,0.00038431,0.00023208,0.00023208,0.00023206,0.0001,0.9292958944903396,-0.0741424046299652,-0.0018506823340977,0.0001315092857142,1.8687096305400808,-7.414240462996525e-06
2025-07-24 00:00:00+00:00,0.0001,0.0001,3.0,1050801.8,525400.9,0.00023208,0.00024802,0.00018472,0.00018472,0.000212385,0.0001,0.8695807275486086,-0.0999692068440012,-0.1148521796718142,0.0001691514285714,1.6540841898735197,-9.996920684400125e-06
2025-07-25 00:00:00+00:00,0.0001,0.0001,3.0,1044455.16,522227.58,0.00018472,-5.131e-05,-0.00023484,-0.00023484,-8.406749999999999e-05,0.0001,0.8133630839141096,-0.0060581203467897,-0.135299724672679,0.0001462303571428,0.5458504074847892,-6.058120346789764e-07
2025-07-26 00:00:00+00:00,0.0001,0.0001,3.0,1043272.75,521636.38,-0.00023484,0.00017444,7.783e-05,7.783e-05,2.3815e-05,0.0001,0.7932442667600287,-0.0011327243562355,-0.1159392416619162,0.0001395642857142,0.8764916349847418,-1.1327243562355705e-07
2025-07-27 00:00:00+00:00,0.0001,0.0001,3.0,1103016.65999999,551508.33,7.783e-05,9.357e-05,3.086e-05,3.086e-05,5.828e-05,0.0001,0.7389169783891492,0.0556861973130526,-0.0323597699054332,0.0001258010714285,0.9415719046934156,5.568619731305269e-06
2025-07-28 00:00:00+00:00,0.0001,0.0001,3.0,1142373.82,571186.91,3.086e-05,0.00018075,0.00014448,0.00018075,0.00013421,0.0001,0.6947119786302576,0.0350595512555305,-0.054987979711802,0.0001034039285714,1.1442824263078095,3.505955125553051e-06
2025-07-29 00:00:00+00:00,0.0001,0.0001,3.0,1175182.97,587591.49,0.00018075,-0.00031382,-0.00034343,-0.00031382,-0.00019758,0.0001,0.6469422027051386,0.0283154589481657,-0.0622412486602428,5.415749999999994e-05,-0.1137119958668564,2.8315458948165785e-06
2025-07-30 00:00:00+00:00,0.0001,0.0001,3.0,1121618.81,560809.41,-0.00031382,-0.0003241,-0.00034471,-0.0003241,-0.0003266824999999,0.0001,0.6031609848214818,-0.0466508467797925,-0.0347496908100701,-2.56628571428572e-05,-0.6004935420006688,-4.665084677979259e-06
2025-07-31 00:00:00+00:00,5.955333333333333e-05,3.773e-05,3.0,1061342.75,530671.38,-0.0003241,-0.00024414,-0.00028086,-0.00028086,-0.00028249,9.422190476190468e-05,-0.6693484532150782,-0.0552381560801951,0.0099813599537359,-9.635928571428576e-05,-0.4578207059461123,-3.289616321762553e-06
2025-08-01 00:00:00+00:00,9.698e-05,9.094e-05,3.0,1055506.65999999,527753.33,-0.00028086,-0.00058392,-0.00067667,-0.00067667,-0.00055453,9.379047619047612e-05,0.4517979283807543,-0.0055139536700021,0.0105255266305235,-0.0001635682142857,-1.4580084471084709,-5.347432269168115e-07
2025-08-02 00:00:00+00:00,-6.567333333333334e-05,2.63e-06,3.0,1001049.59,500524.8,-0.00067667,-0.00029504,-0.00034955,-0.00034955,-0.0004177025,7.012285714285705e-05,-3.761647928131021,-0.0529718585265648,-0.0413136075398057,-0.0002266421428571,-0.9215508574849433,3.478838522301268e-06
2025-08-03 00:00:00+00:00,8.563666666666667e-05,9.792e-05,3.0,964830.41,482415.21,-0.00034955,-0.00039201,-0.00043314,-0.00043314,-0.00040196,6.807095238095229e-05,0.1243046722331828,-0.036851973585577,-0.1338517784384354,-0.0002923907142857,-0.8526358953480486,-3.155880177956864e-06
2025-08-04 00:00:00+00:00,3.5946666666666666e-05,-3.325e-05,3.0,977013.2,488506.6,-0.00043314,-0.00049182,-0.00063477,-0.00049182,-0.0005128875,5.89204761904761e-05,-1.2460871615239622,0.0125478177366016,-0.1563635119573643,-0.0003848332142857,-1.2380135924626934,4.510522215717066e-07
2025-08-05 00:00:00+00:00,3.753e-05,8.29e-05,3.0,985040.96,492520.48,-0.00049182,-0.00057279,-0.00060209,-0.00060209,-0.0005671975,4.999619047619038e-05,-1.3014960745389237,0.0081830613651554,-0.1764959095403746,-0.0004376357142857,-1.3947269762943055,3.0711029303428414e-07
2025-08-06 00:00:00+00:00,1.7193333333333334e-05,-8.33e-06,3.0,989897.85,494948.93,-0.00060209,-0.0005593,-0.00062556,-0.00062556,-0.0006031275,3.816666666666658e-05,-1.7354614017515615,0.0049185319229909,-0.124926530837591,-0.0004771278571428,-1.481924986045858,8.456595886262466e-08
2025-08-07 00:00:00+00:00,6.376333333333333e-05,0.0001,3.0,935706.77,467853.39,-0.00062556,-0.00028507,-0.00034747,-0.00034747,-0.0004013925,3.8768095238095146e-05,-0.4948647473093338,-0.056299608506185,-0.125987983263581,-0.0004941139285714,-0.7908083354281649,-3.5898507037160483e-06
2025-08-08 00:00:00+00:00,9.271333333333334e-05,7.814e-05,3.0,949395.33,474697.67,-0.00034747,-0.00045445,-0.00046006,-0.00046006,-0.00043051,3.815857142857133e-05,0.2598905150021454,0.0145231397283165,-0.1059508898652623,-0.0004763967857142,-0.8780082766809971,1.3464886946779872e-06
2025-08-09 00:00:00+00:00,9.067666666666668e-05,0.0001,3.0,1037419.48,518709.74,-0.00046006,-0.00025693,-0.00035163,-0.00025693,-0.0003313875,6.0494285714285625e-05,0.2125505113491275,0.0886663522455393,0.0356873209068417,-0.0004640660714285,-0.5119061476738725,8.039969267118021e-06
2025-08-10 00:00:00+00:00,0.0001,0.0001,3.0,1136466.94,568233.47,-0.00025693,-0.00015522,-0.00030497,-0.00015522,-0.000218085,6.254619047619038e-05,0.4648657115674973,0.0911879141056974,0.1637272085981163,-0.0004377982142857,-0.1236273940585602,9.11879141056975e-06
2025-08-11 00:00:00+00:00,0.0001,0.0001,3.0,1166569.55,583284.78,-0.00015522,-0.00036914,-0.00040209,-0.00040209,-0.000332135,7.169666666666657e-05,0.4648657115674981,0.0261431589271605,0.1773225497886752,-0.0004119764285714,-0.5333025451877331,2.614315892716057e-06
2025-08-12 00:00:00+00:00,9.898333333333336e-05,9.695e-05,3.0,1139406.84,569703.42,-0.00040209,-0.00045662,-0.00066041,-0.00066041,-0.0005448825,8.04757142857142e-05,0.4377216658313013,-0.0235596222995386,0.1455798661239811,-0.0004087885714285,-1.2528755171417794,-2.33200994728267e-06
2025-08-13 00:00:00+00:00,7.150333333333333e-05,0.0001,3.0,1071040.61,535520.31,-0.00066041,-5.844e-05,-0.00029834,-0.00029834,-0.0003288824999999,8.823428571428563e-05,-0.3145598499415908,-0.0618771026251483,0.0787842315758418,-0.0003696107142857,-0.5260616053496959,-4.424419094706856e-06
2025-08-14 00:00:00+00:00,0.0001,0.0001,3.0,1149674.63999999,574837.32,-0.00029834,-6.961e-05,-0.00018092,-0.00018092,-0.0001824475,9.341095238095227e-05,0.4770561002362067,0.0708482720255645,0.2059321121075914,-0.0003383328571428,-0.033999610853738,7.084827202556455e-06
2025-08-15 00:00:00+00:00,0.0001,0.0001,3.0,1113906.87,556953.44,-0.00018092,-0.00021708,-0.00025759,-0.00021708,-0.0002181675,9.445190476190469e-05,0.4770561002362067,-0.0316054422366001,0.1598035301426748,-0.0003079982142857,-0.1173288901178624,-3.1605442236600115e-06
2025-08-16 00:00:00+00:00,0.0001,0.0001,3.0,1122638.42,561319.21,-0.00021708,-0.00052598,-0.00059582,-0.00052598,-0.000466215,9.578380952380942e-05,0.4770561002362071,0.0078081086933892,0.0789452865905246,-0.0003272592857142,-0.9655701026199384,7.808108693389215e-07
2025-08-17 00:00:00+00:00,6.868666666666667e-05,5.954e-05,3.0,1116632.25,558316.13,-0.00052598,-0.00055847,-0.00063959,-0.00055847,-0.0005706275,9.131047619047612e-05,-0.3644288519367141,-0.0053644112645336,-0.0176070387797064,-0.0003776225,-1.2528524686108615,-3.684635283899371e-07
2025-08-18 00:00:00+00:00,2.6856666666666663e-05,1.507e-05,3.0,1108749.29,554374.65,-0.00055847,-0.00039821,-0.00045404,-0.00039821,-0.0004522325,8.086142857142848e-05,-1.414014772885895,-0.0070846215176878,-0.0508348192245549,-0.0003947792857142,-0.7723927181382783,-1.902693185600367e-07
2025-08-19 00:00:00+00:00,6.353333333333332e-06,-8.91e-06,3.0,1059160.76,529580.38,-0.00039821,-0.00055662,-0.00060315,-0.00055662,-0.00052865,6.762857142857134e-05,-1.7822934390341632,-0.0457557555941203,-0.0730309525191366,-0.0003924603571428,-0.9862948611354992,-2.907015672079781e-07
2025-08-20 00:00:00+00:00,8.242e-05,9.409e-05,3.0,1051678.28,525839.14,-0.00055662,-0.000272,-0.00037838,-0.00037838,-0.000396345,6.918809523809515e-05,0.1740662474922187,-0.0070896086332421,-0.0182434585272304,-0.0004020978571428,-0.4456004334740936,-5.84325543551818e-07
2025-08-21 00:00:00+00:00,0.0001,0.0001,3.0,1126604.82,563302.41,-0.00037838,-0.0003402,-0.00042223,-0.00042223,-0.00039076,6.918809523809515e-05,0.6252361060872894,0.0688212757756723,-0.0202704547771226,-0.0004318567857142,-0.3710777710385352,6.882127577567233e-06
2025-08-22 00:00:00+00:00,5.7956666666666674e-05,7.674e-05,3.0,1060837.25,530418.63,-0.00042223,-0.00031955,-0.0003362,-0.0003362,-0.000353545,6.318190476190467e-05,-0.4194115143119542,-0.0601500709885058,-0.0488150835290284,-0.0004511964285714,-0.145885084143348,-3.486097614257173e-06
2025-08-23 00:00:00+00:00,9.673e-05,0.0001,3.0,1043738.92,521869.46,-0.0003362,0.0,-0.00012327,-0.00012327,-0.000145685,6.271476190476181e-05,0.5833877609072728,-0.0162490732827649,-0.0728722655051825,-0.0004054064285714,0.9762822246152326,-1.5717728586418512e-06
2025-08-24 00:00:00+00:00,0.0001,0.0001,3.0,1175201.87,587600.94,-0.00012327,-0.00045851,-0.0005169,-0.0005169,-0.000403895,6.718809523809516e-05,0.6677870874642247,0.1186305555370612,0.0511227012964123,-0.0003815875,-0.3152482122329262,1.1863055553706126e-05
2025-08-25 00:00:00+00:00,9.760333333333334e-05,0.0001,3.0,1129529.31,564764.66,-0.0005169,-0.00035561,-0.00035577,-0.00035561,-0.0003959725,7.729476190476181e-05,0.6088195627381446,-0.0396389309703515,0.0185683918437487,-0.0003735503571428,-0.2134583455741867,-3.868891792476212e-06
2025-08-26 00:00:00+00:00,7.500000000000001e-05,2.5e-05,3.0,1118349.37,559174.69,-0.00035561,-0.00060393,-0.0006925,-0.00060393,-0.0005639925,8.710142857142849e-05,0.0465387860017651,-0.0099471846803513,0.0543769627575176,-0.0003785992857142,-1.1582897264029328,-7.460388510263539e-07
2025-08-27 00:00:00+00:00,-3.653e-05,-2.697e-05,3.0,1001697.12,500848.56,-0.00060393,-0.00052612,-0.00057404,-0.00052612,-0.0005575525,7.010857142857136e-05,-2.4508132991195,-0.1101581399249393,-0.0486915685341795,-0.0004016289285714,-1.1954219963064303,4.024076851458036e-06
2025-08-28 00:00:00+00:00,-3.383666666666667e-05,-2.053e-05,3.0,981942.02,490971.01,-0.00052612,-0.00049491,-0.0005982,-0.00049491,-0.000528535,5.098904761904753e-05,-2.1143019656315896,-0.0199186966597597,-0.1374315409696116,-0.0004213110714285,-0.9149094173011724,6.739822993107377e-07
2025-08-29 00:00:00+00:00,2.705333333333333e-05,6.165e-05,3.0,980208.32,490104.16,-0.00049491,-0.00042817,-0.00053465,-0.00042817,-0.000471475,4.657428571428562e-05,-0.7491772768790097,-0.0017671433384318,-0.0790486133195376,-0.0004381582142857,-0.4244943958884376,-4.780711778237671e-08
2025-08-30 00:00:00+00:00,1.8266666666666687e-06,7.35e-06,3.0,1003843.98,501921.99,-0.00042817,-0.00043802,-0.00047487,-0.00047487,-0.0004539825,3.301666666666658e-05,-1.2184819531037994,0.0238267692666322,-0.0389727707701403,-0.0004822007142857,-0.2436706233514032,4.352356519371504e-08
2025-08-31 00:00:00+00:00,7.188666666666666e-05,5.071e-05,3.0,1001503.94,500751.97,-0.00047487,-0.00037231,-0.00039776,-0.00037231,-0.0004043125,2.9000476190476096e-05,0.273060333911004,-0.00233380057273,-0.1599371268799316,-0.0004822603571428,0.1237356238374354,-1.6776914383831924e-07
2025-09-01 00:00:00+00:00,6.806666666666666e-06,-6.512e-05,3.0,981212.23,490606.12,-0.00037231,-0.00065142,-0.00065159,-0.00065159,-0.0005817275,1.602952380952372e-05,-1.2960911878709278,-0.0204693125609392,-0.1407675084705193,-0.0005087967857142,-1.2717165834932822,-1.3932778749812616e-07
2025-09-02 00:00:00+00:00,5.238e-05,7.885e-05,3.0,964490.79,482245.4,-0.00065159,-0.00047037,-0.00053124,-0.00047037,-0.0005308925,1.2798095238095144e-05,-0.1893358495129224,-0.0171884933249693,-0.1480088171151372,-0.0005040682142857,-0.8160702088098716,-9.00333280361892e-07
2025-09-03 00:00:00+00:00,7.244333333333333e-05,7.474e-05,3.0,988993.44,494496.72,-0.00047037,-0.00033057,-0.0003883,-0.0003883,-0.000394385,2.8365714285714188e-05,0.2615271955910951,0.0250874153270466,-0.0127632618631512,-0.0004807585714285,0.2464594640095568,1.8174159910090131e-06
2025-09-04 00:00:00+00:00,9.379e-05,0.0001,3.0,1005589.14,502794.57,-0.0003883,-0.00042943,-0.00044512,-0.00042943,-0.00042307,4.659809523809514e-05,0.7257056072218285,0.0166411590569239,0.0237965938535325,-0.0004656921428571,-0.0240021064475575,1.5607743079489003e-06
2025-09-05 00:00:00+00:00,3.1383333333333335e-05,-9.88e-06,3.0,1047359.37,523679.69,-0.00042943,-0.0004914,-0.00052832,-0.0004914,-0.0004851375,4.721666666666657e-05,-0.7849462253666709,0.0406985321052122,0.0662622692971766,-0.0004676439285714,-0.5897855826421421,1.277255599235244e-06
2025-09-06 00:00:00+00:00,-8.53e-06,2.623e-05,3.0,1068314.81,534157.41,-0.0004914,-0.00022289,-0.00025594,-0.00022289,-0.00029828,4.573714285714276e-05,-1.610654385654992,0.0198103522025441,0.0622458522330884,-0.0004454007142857,0.9640063156388352,-1.6898230428770137e-07
2025-09-07 00:00:00+00:00,6.940666666666667e-05,2.833e-05,3.0,1067172.76,533586.38,-0.00022289,-0.00043048,-0.00046567,-0.00046567,-0.0003961775,4.538285714285706e-05,0.2021700524394935,-0.0010695919048391,0.0635100609009793,-0.0004442385714285,0.1302472466767401,-7.423680880853449e-08
2025-09-08 00:00:00+00:00,0.0001,0.0001,3.0,1084987.0,542493.5,-0.00046567,-0.00039805,-0.0005446,-0.00039805,-0.0004515925,5.869619047619039e-05,0.8995760419020596,0.0165551342379934,0.100534507699912,-0.0004256478571428,-0.3045559528131329,1.6555134237993483e-06
2025-09-09 00:00:00+00:00,7.276666666666667e-05,9.084e-05,3.0,1054719.78,527359.89,-0.00039805,-0.00034581,-0.00041784,-0.00041784,-0.000394885,6.160857142857134e-05,0.2961071739056912,-0.0282928850811483,0.0894301159437329,-0.0004062182142857,0.2379379786222809,-2.058778937738229e-06
2025-09-10 00:00:00+00:00,9.020333333333334e-05,9.861e-05,3.0,1025777.04,512888.52,-0.00041784,-0.0003249,-0.00054312,-0.0003249,-0.00040269,6.41457142857142e-05,0.7159521452091367,-0.0278247070808426,0.0365179935358437,-0.0004074046428571,0.1913360218854002,-2.509881327715607e-06
2025-09-11 00:00:00+00:00,8.829999999999999e-05,8.112e-05,3.0,1108970.74,554485.37,-0.0003249,-0.00034038,-0.00053937,-0.00053937,-0.0004360049999999,6.336142857142849e-05,0.6843190816801067,0.0779819106984849,0.0978587451774046,-0.0004092525,-0.1450025463825862,6.885802714676218e-06
2025-09-12 00:00:00+00:00,7.210333333333333e-05,0.0001,3.0,1045412.23,522706.12,-0.00053937,-0.00030721,-0.00042818,-0.00030721,-0.0003954925,6.917857142857134e-05,0.3000799141987513,-0.0590210377908171,-0.0018608247186246,-0.0003964460714285,0.2517310709036259,-4.255613561510552e-06
2025-09-13 00:00:00+00:00,0.0001,0.0001,3.0,1034667.53,517333.77,-0.00030721,-0.00032676,-0.00037994,-0.00037994,-0.0003484625,8.468285714285707e-05,0.9608968813415134,-0.0103311380397688,-0.0320023149609376,-0.000403615,0.80895258589721,-1.0331138039768815e-06
2025-09-14 00:00:00+00:00,9.274333333333334e-05,0.0001,3.0,1069477.5,534738.75,-0.00037994,-0.00039638,-0.00043276,-0.00043276,-0.0004104599999999,8.801666666666658e-05,0.7988983405599953,0.0330900633911301,0.0021573403350316,-0.0004056553571428,0.2660114186441914,3.0688827791047173e-06
2025-09-15 00:00:00+00:00,0.0001,0.0001,3.0,1021837.27,510918.64,-0.00043276,-0.00014858,-0.00029504,-0.00014858,-0.00025624,8.801666666666657e-05,0.9716959011479532,-0.0455679593531836,-0.0599657532561455,-0.0003777478571428,1.7914577635003168,-4.5567959353183695e-06
2025-09-16 00:00:00+00:00,0.0001,0.0001,3.0,1066167.89999999,533083.95,-0.00014858,-0.00035361,-0.00042206,-0.00035361,-0.000319465,9.190714285714275e-05,0.9328791647209596,0.0424685659338361,0.010795697758839,-0.0003669735714285,1.064473737363241,4.246856593383619e-06
2025-09-17 00:00:00+00:00,7.862666666666667e-05,3.588e-05,3.0,1106038.13999999,553019.07,-0.00035361,-0.00033331,-0.00037755,-0.00033331,-0.000349445,9.025333333333324e-05,0.3942018048819899,0.036713569103334,0.0753339739430156,-0.0003593671428571,0.7027563639734389,2.886665560031476e-06
2025-09-18 00:00:00+00:00,6.072666666666666e-05,1.994e-05,3.0,1100892.65999999,550446.33,-0.00033331,-0.0002234,-0.0003028,-0.0002234,-0.0002707274999999,8.631428571428563e-05,-0.0744472791676705,-0.0046630273350949,-0.0073109640905641,-0.0003357560714285,1.4306056129208005,-2.831701066358652e-07
2025-09-19 00:00:00+00:00,5.504666666666667e-05,-1.289e-05,3.0,1101397.54,550698.77,-0.0002234,-0.00049251,-0.000547,-0.000547,-0.0004524774999999,8.387761904761895e-05,-0.1914535166222674,0.0004585045230243,0.0521685782232772,-0.0003438967857142,-0.4556433367207221,2.523914564407856e-08
2025-09-20 00:00:00+00:00,5.0490000000000006e-05,6.204e-05,3.0,1036400.63,518200.32,-0.000547,-0.00036923,-0.00041627,-0.00036923,-0.0004254324999999,7.680476190476182e-05,-0.2662692024892412,-0.0608260867437362,0.0016736295193098,-0.0003548925,-0.1607353139876975,-3.071109119691243e-06
2025-09-21 00:00:00+00:00,0.0001,0.0001,3.0,1141518.23,570759.12,-0.00036923,-0.00035931,-0.00039286,-0.00035931,-0.0003701774999999,7.784142857142848e-05,0.9145447018154084,0.0966053794957808,0.0651889456239604,-0.0003491378571428,0.4243463461097252,9.660537949578086e-06
2025-09-22 00:00:00+00:00,0.0001,0.0001,3.0,1130844.77,565422.39,-0.00035931,-0.00040681,-0.00049668,-0.00040681,-0.0004174025,7.784142857142848e-05,0.9096898598020988,-0.009394219581555,0.1013626853955891,-0.0003721610714285,0.0280533754751265,-9.394219581555064e-07
2025-09-23 00:00:00+00:00,-7.20333333333333e-06,-4.552e-05,3.0,1111611.90999999,555805.96,-0.00040681,-0.00056193,-0.00057403,-0.00056193,-0.000526175,6.252666666666658e-05,-1.5697821024936425,-0.0171538043787471,0.0417403150830058,-0.0004016910714285,-1.228988437298496,1.235645708749085e-07
2025-09-24 00:00:00+00:00,-1.3276666666666668e-05,5.85e-06,3.0,1019350.3,509675.15,-0.00056193,-0.0004778,-0.00057384,-0.0004778,-0.0005228425,4.939761904761896e-05,-1.575777746979216,-0.086645669548357,-0.0816189235686852,-0.0004264621428571,-1.1149438520428667,1.1503656727036877e-06
2025-09-25 00:00:00+00:00,7.047333333333334e-05,5.898e-05,3.0,998143.94,499071.97,-0.0004778,-0.00051049,-0.00052253,-0.00052253,-0.0005083375,5.078999999999992e-05,0.348314304947353,-0.021023248179846,-0.0979791444134363,-0.0004604064285714,-0.995488417047936,-1.481578376727682e-06
2025-09-26 00:00:00+00:00,-5.800666666666666e-05,-9.97e-06,3.0,996565.37,498282.69,-0.00052253,-0.0005714,-0.00061884,-0.0005714,-0.0005710425,3.463952380952372e-05,-2.487750208821468,-0.0015827572685687,-0.1000204062050293,-0.0004773442857142,-1.7331167573950963,9.181047329210915e-08
2025-09-27 00:00:00+00:00,7.395666666666666e-05,8.128e-05,3.0,1044226.48,522113.24,-0.0005714,-0.00048337,-0.00067951,-0.00067951,-0.0006034475,3.799190476190468e-05,0.3741177140039955,0.046716942681634,0.0075226232203409,-0.000502775,-1.9920893207355608,3.455029357591383e-06
2025-09-28 00:00:00+00:00,2.943333333333333e-06,2.664e-05,3.0,1085707.64999999,542853.83,-0.00067951,-0.0004157,-0.00047656,-0.0004157,-0.0004968675,2.4126666666666576e-05,-1.2657120827226604,0.0389555855767991,-0.0501271706986408,-0.0005208735714285,-0.7600823484363708,1.1465927354771208e-07
2025-09-29 00:00:00+00:00,2.4993333333333333e-05,-2.78e-05,3.0,1052560.74,526280.37,-0.0004157,-0.00050004,-0.00051191,-0.00051191,-0.00048489,1.341142857142848e-05,-0.7861536132498765,-0.0310059912531741,-0.0717389423702599,-0.0005305146428571,-0.6091426023027593,-7.749430747209995e-07
2025-09-30 00:00:00+00:00,3.332333333333333e-05,5.443e-05,3.0,1043992.7,521996.35,-0.00051191,-0.00036993,-0.00055761,-0.00055761,-0.000499265,1.920095238095229e-05,-0.5561242088809807,-0.0081734980241705,-0.0627586360156833,-0.0005266703571428,-0.7298935911101997,-2.723681991587769e-07
2025-10-01 00:00:00+00:00,-2.202e-05,-6.511e-05,3.0,1035653.01,517826.51,-0.00055761,-0.00032321,-0.00038017,-0.00032321,-0.00039605,1.7951904761904667e-05,-1.778839947877228,-0.0080203417963709,0.0158666917363028,-0.0005085571428571,0.3750015919023763,1.766079263560872e-07
2025-10-02 00:00:00+00:00,0.0001,0.0001,3.0,1005143.56,502571.78,-0.00032321,-0.00031953,-0.00054803,-0.00031953,-0.0003775749999999,2.2169999999999905e-05,0.954654570447648,-0.0299017782217667,0.0069881616943821,-0.0004898767857142,0.5438277044880564,-2.990177822176676e-06
2025-10-03 00:00:00+00:00,8.574666666666667e-05,0.0001,3.0,1008265.08,504132.54,-0.00031953,-0.00050052,-0.00056428,-0.00050052,-0.0004712125,4.2706190476190383e-05,0.6215435086437827,0.003100734186777,0.0116716531497278,-0.0004756153571428,-0.5491347726234069,2.658776207355079e-07
2025-10-04 00:00:00+00:00,4.496333333333334e-05,7.483e-05,3.0,1024064.35,512032.18,-0.00050052,-0.00042557,-0.00043429,-0.00042557,-0.0004464875,3.856428571428562e-05,-0.2561083660387787,0.0155482551722521,-0.0194970343596541,-0.0004531925,-0.2433063883501527,6.991013800616959e-07
2025-10-05 00:00:00+00:00,8.713e-05,0.0001,3.0,991679.71,495839.86,-0.00042557,-0.00030068,-0.00033717,-0.00033717,-0.0003501475,5.059095238095229e-05,0.6527850713114381,-0.0321344632555664,-0.0905870831920196,-0.0004322325,0.8523032410347475,-2.799875783457506e-06
2025-10-06 00:00:00+00:00,9.887666666666666e-05,9.663e-05,3.0,1005767.27,502883.64,-0.00033717,-0.00052494,-0.0005271,-0.0005271,-0.0004790775,6.114571428571419e-05,0.8611056556533841,0.0141057997814009,-0.0454752921574446,-0.0004314021428571,-0.6330322074010112,1.394734463052318e-06
2025-10-07 00:00:00+00:00,8.905000000000001e-05,0.0001,3.0,1002994.73,501497.37,-0.0005271,-0.00043116,-0.00045017,-0.00043116,-0.0004598974999999,6.910666666666657e-05,0.6142159276456928,-0.0027604482368541,-0.0400622423701282,-0.0004257782142857,-0.3707057705888862,-2.458179154918642e-07
2025-10-08 00:00:00+00:00,0.0001,0.0001,3.0,973121.5,486560.75,-0.00043116,-0.00040458,-0.00042497,-0.00040458,-0.0004163224999999,8.653809523809515e-05,0.8665723964194637,-0.0302365877892931,-0.0622784883630505,-0.0004286742857142,0.1518085869929287,-3.023658778929317e-06
2025-10-09 00:00:00+00:00,8.399333333333334e-05,6.077e-05,3.0,1013605.84,506802.92,-0.00040458,-0.00032692,-0.00038451,-0.00038451,-0.00037513,8.425142857142848e-05,0.4874737598406312,0.0407604447104521,0.0083837345691684,-0.000428325,0.6487424929756792,3.423605619379911e-06
2025-10-10 00:00:00+00:00,7.074e-05,1.222e-05,3.0,1049506.64999999,524753.33,-0.00038451,-0.0001832,-0.00028401,-0.0001832,-0.00025873,8.210761904761894e-05,0.1992004167502249,0.0348060849592428,0.0400890853416342,-0.0003979703571428,1.8891692596746104,2.4621824500168407e-06
2025-10-11 00:00:00+00:00,8.465666666666667e-05,5.397e-05,3.0,1082298.90999999,541149.46,-0.0001832,-0.00082869,-0.00106874,-0.00106874,-0.0007873425,8.777809523809515e-05,0.5246199493828758,0.0307672025948591,0.0553080327642412,-0.0004466639285714,-3.2171122824226632,2.6046488143387885e-06
2025-10-12 00:00:00+00:00,-0.0004622733333333,-3.695e-05,3.0,762412.01,381206.01,-0.00106874,-0.00045368,-0.0005459,-0.0005459,-0.000653555,9.291904761904656e-06,-4.82651588917181,-0.3503555730845633,-0.2629130770647556,-0.0004900078571428,-1.8065285923993677,0.0001619600386217
2025-10-13 00:00:00+00:00,-5.122000000000001e-05,-4.459e-05,3.0,690283.52,345141.76,-0.0005459,-0.00035336,-0.00041364,-0.00035336,-0.000416565,-1.215047619047629e-05,-0.8542435358912037,-0.0993846933552031,-0.3764035702013597,-0.0004810775,0.2538215693644726,5.090483993653507e-06
2025-10-14 00:00:00+00:00,3.396e-05,1.677e-05,3.0,732483.05,366241.53,-0.00035336,-0.00048704,-0.00051528,-0.00048704,-0.00046068,-2.0020476190476287e-05,-0.0306717214573964,0.0593377889454096,-0.3143053330190959,-0.0004811892857142,-0.1153326846702542,2.015111312586112e-06
2025-10-15 00:00:00+00:00,5.353333333333334e-06,-1.694e-05,3.0,729964.31,364982.16,-0.00048704,-0.00050202,-0.00053831,-0.00050202,-0.0005073475,-3.3541428571428674e-05,-0.2737455700198412,-0.0034445581554454,-0.2875133033852481,-0.0004941928571428,-0.4708760682911144,-1.843986799215116e-08
2025-10-16 00:00:00+00:00,3.624e-05,-1.645e-05,3.0,689319.07999999,344659.54,-0.00050202,-0.00048675,-0.00049845,-0.00049845,-0.0004964175,-4.036333333333344e-05,0.041623914109054,-0.0572913727724717,-0.3855651208681721,-0.0005115196428571,-0.325679430204152,-2.0762393492743765e-06
2025-10-17 00:00:00+00:00,-2.936333333333333e-05,-3.789e-05,3.0,686447.77,343223.89,-0.00049845,-0.0002577,-0.00052886,-0.0002577,-0.0003856775,-5.466380952380963e-05,-0.5533241490640614,-0.0041741290233527,-0.4245453348507677,-0.000529655,0.7322215922646119,1.225663418890491e-07
2025-10-18 00:00:00+00:00,2.8976666666666663e-05,2.03e-05,3.0,694139.72,347069.86,-0.0002577,-0.00046446,-0.00065625,-0.00046446,-0.0004607175,-6.261809523809534e-05,0.0165783798300808,0.0111431251514524,-0.4441694122941744,-0.0004829942857142,0.0860745761378169,3.228906231385868e-07
2025-10-19 00:00:00+00:00,2.3613333333333337e-05,2.434e-05,3.0,669327.52,334663.76,-0.00046446,-0.00049986,-0.00051933,-0.00051933,-0.000500745,6.794285714285617e-06,-0.0249284069074796,-0.0363997590451017,-0.1302135982547128,-0.0004611642857142,-0.301469001614142,-8.595196435850023e-07
2025-10-20 00:00:00+00:00,5.7753333333333335e-05,0.0001,3.0,695039.27,347519.64,-0.00051933,-0.00036531,-0.00043685,-0.00036531,-0.0004217,2.2361904761904667e-05,0.3010702875791187,0.0376948407188173,0.0068659358193077,-0.0004618978571428,0.4941324769890005,2.1770027009807643e-06
2025-10-21 00:00:00+00:00,7.634e-05,4.876e-05,3.0,714842.7,357421.35,-0.00036531,-0.00035726,-0.00042216,-0.00042216,-0.0003917225,2.841619047619038e-05,0.4896957628813788,0.0280941709248114,-0.0243776822012904,-0.0004520467857142,0.8090263745623637,2.1447090084001083e-06
2025-10-22 00:00:00+00:00,5.912666666666667e-05,0.0001,3.0,728446.3,364223.15,-0.00042216,-0.0005616,-0.00067087,-0.00067087,-0.000581375,3.6098095238095146e-05,0.3389880645935239,0.0188513913187282,-0.0020817327271167,-0.0004626221428571,-1.0448638504397252,1.1146199307053398e-06
2025-10-23 00:00:00+00:00,-4.754e-05,-2.394e-05,3.0,704978.69,352489.35,-0.00067087,-0.00046456,-0.00059562,-0.00059562,-0.0005816675,2.412952380952372e-05,-0.6814596728177541,-0.0327463344041163,0.0224633056412386,-0.0004748007142857,-1.0146156787130878,1.5567607375716903e-06
2025-10-24 00:00:00+00:00,4.441666666666666e-05,5.438e-05,3.0,735966.48,367983.24,-0.00059562,-0.00041693,-0.00044697,-0.00041693,-0.0004691125,3.466952380952371e-05,0.1892262602601428,0.0430169988084099,0.0696544334730013,-0.00048672,0.0777274517389352,1.910671697073541e-06
2025-10-25 00:00:00+00:00,5.5763333333333335e-05,8.238e-05,3.0,697025.27,348512.64,-0.00041693,-0.0002669,-0.00031785,-0.0002669,-0.000317145,3.849619047619038e-05,0.3043950735541326,-0.0543629087299653,0.0041483995915836,-0.0004662096428571,1.461475559379534,-3.031457000478632e-06
2025-10-26 00:00:00+00:00,9.201e-05,0.0001,3.0,730983.02,365491.51,-0.0002669,-0.0004856,-0.00053367,-0.00053367,-0.0004549599999999,4.8267142857142766e-05,0.6104324632049855,0.0475685655423063,0.0881167241789917,-0.0004596689285714,0.1139241340716504,4.37678371554761e-06
2025-10-27 00:00:00+00:00,0.0001,0.0001,3.0,731391.99,365696.0,-0.00053367,-0.00013699,-0.00023331,-0.00023331,-0.00028432,5.4302380952380856e-05,0.6765594565883304,0.0005593230298188,0.0509812064899932,-0.0004400432142857,1.6336596869504916,5.5932302981887016e-08
2025-10-28 00:00:00+00:00,9.273333333333334e-05,7.82e-05,3.0,796191.42,398095.71,-0.00023331,-0.00060431,-0.00073297,-0.00073297,-0.00057589,5.664428571428562e-05,0.5743544837528268,0.0848900802656249,0.1077771158308067,-0.0004663528571428,-1.093256212119793,7.87214010996562e-06
2025-10-29 00:00:00+00:00,7.139999999999999e-06,2.995e-05,3.0,774776.45,387388.23,-0.00073297,-0.00058487,-0.00059799,-0.00059799,-0.000628455,4.921761904761895e-05,-0.2460543628382631,-0.0272650981909894,0.061660626321089,-0.0004730785714285,-1.479356232720524,-1.9467280108366455e-07
2025-10-30 00:00:00+00:00,-1.3306666666666667e-05,2.57e-06,3.0,757177.74,378588.87,-0.00059799,-0.00071999,-0.00080212,-0.00080212,-0.0007305549999999,5.4108095238095145e-05,-0.4268870278940901,-0.0229765150085299,0.0714304457166754,-0.0004943482142857,-2.1327841842878983,3.057408263801716e-07
2025-10-31 00:00:00+00:00,-1.7563333333333332e-05,-7.246e-05,3.0,758853.98,379426.99,-0.00080212,-0.00033633,-0.00052068,-0.00033633,-0.000498865,4.525380952380943e-05,-0.4695794970460981,0.002211353048839,0.0306247999571045,-0.0004985985714285,-0.2004016158385527,-3.883873071444257e-08
2025-11-01 00:00:00+00:00,-1.6236666666666667e-05,-5.32e-06,3.0,807626.93,403813.47,-0.00033633,-0.00052673,-0.00067826,-0.00067826,-0.0005548949999999,3.496809523809514e-05,-0.4215091742330673,0.0622908574278433,0.1472785661149132,-0.0005325628571428,-0.6180740954564801,-1.0113958884367498e-06
2025-11-02 00:00:00+00:00,4.670000000000004e-06,7.532e-05,3.0,719494.31,359747.16,-0.00067826,-0.00044626,-0.00046962,-0.00046962,-0.00051594,2.249095238095229e-05,-0.1942714234585047,-0.1155516135719079,-0.015841612999301,-0.0005412742857142,-0.2814227435289059,-5.396260353808103e-07
2025-11-03 00:00:00+00:00,6.946666666666666e-06,-7.398e-05,3.0,716586.52,358293.26,-0.00046962,-0.00032446,-0.00041866,-0.00041866,-0.0004078499999999,9.197619047618952e-06,-0.1598800816077299,-0.0040496243847876,-0.0204505604139075,-0.0005589214285714,0.6024182602532169,-2.8131390726324665e-08
2025-11-04 00:00:00+00:00,-5.284999999999999e-05,-6.695e-05,3.0,729476.33,364738.17,-0.00041866,-0.00050483,-0.00057179,-0.00057179,-0.0005167675,-1.1600000000000096e-05,-0.6943678214059125,0.0178279269132701,-0.0875127137662623,-0.0005504753571428,-0.2567130050895576,-9.422059373663286e-07
2025-11-05 00:00:00+00:00,-9.56666666666666e-07,3.727e-05,3.0,764314.33,382157.17,-0.00057179,-0.00074415,-0.0007535,-0.00074415,-0.0007033974999999,-1.2756666666666762e-05,-0.1603827450205757,0.0466522107003299,-0.0135954048749429,-0.0005611814285714,-1.6761536355852615,-4.4630614903315667e-08
2025-11-06 00:00:00+00:00,-9.693333333333333e-06,-5.307e-05,3.0,717545.23,358772.62,-0.00074415,-0.00039123,-0.00055771,-0.00055771,-0.0005627,-1.2240476190476283e-05,-0.2155919479428501,-0.0631431472808614,-0.0537620371472744,-0.0005372021428571,-0.5217723292285719,6.120675743091503e-07
2025-11-07 00:00:00+00:00,-2.631e-05,-1.654e-05,3.0,667978.72,333989.36,-0.00055771,-0.00046167,-0.0004919,-0.0004919,-0.000500795,-1.3490000000000098e-05,-0.3421731512306946,-0.0715796672326725,-0.1275530574287859,-0.0005374778571428,-0.0061092474572393,1.8832610448916135e-06
2025-11-08 00:00:00+00:00,9.153333333333336e-06,2.479e-05,3.0,641286.72,320643.36,-0.0004919,-0.00036669,-0.00041623,-0.00036669,-0.0004103775,-9.862857142857235e-06,0.0378354853490671,-0.0407796587383959,-0.2306235735950252,-0.0005168325,0.7354278158679216,-3.732698096521177e-07
2025-11-09 00:00:00+00:00,3.665333333333334e-05,3.396e-05,3.0,657187.07999999,328593.54,-0.00036669,-0.00041454,-0.00044694,-0.00044694,-0.0004187775,-5.293809523809618e-06,0.3291586265710591,0.0244920688063778,-0.0905798912167394,-0.0005029521428571,0.7572901703672144,8.977159619831042e-07
2025-11-10 00:00:00+00:00,2.289666666666667e-05,6.747e-05,3.0,657502.21,328751.11,-0.00044694,-0.00044914,-0.00046045,-0.00044914,-0.0004514175,-3.0152380952381884e-06,0.2126213242158604,0.0004793984532209,-0.0860508683787308,-0.0005091760714285,0.4249164136253449,1.0976626583916386e-08
2025-11-11 00:00:00+00:00,4.207666666666667e-05,2.858e-05,3.0,662817.99,331409.0,-0.00044914,-0.00036694,-0.00044254,-0.00036694,-0.00040639,1.0545714285714192e-05,0.5456229926921692,0.0080523023471279,-0.0958264929448731,-0.0004934078571428,0.8060695599548064,3.388140417593204e-07
2025-11-12 00:00:00+00:00,-3.853333333333333e-06,3.623e-05,3.0,623541.66,311770.83,-0.00036694,-0.00067023,-0.000679,-0.00067023,-0.0005966,1.0131904761904669e-05,-0.6057929475597575,-0.0610848483628903,-0.2035635520080934,-0.0004781510714285,-1.0231134433809088,2.3538028235833726e-07
2025-11-13 00:00:00+00:00,1.7403333333333333e-05,0.0001,3.0,628488.05,314244.03,-0.00067023,-0.00052131,-0.00060845,-0.00052131,-0.000580325,1.4002857142857048e-05,-0.0657540512508324,0.0079014350780397,-0.1325189696491922,-0.0004806689285714,-0.8144927623089366,1.375113084748185e-07
2025-11-14 00:00:00+00:00,-1.2503333333333333e-05,8.96e-06,3.0,606192.49,303096.25,-0.00052131,-0.00056506,-0.00070412,-0.00070412,-0.0006236525,1.5975238095238002e-05,-0.7861912604091955,-0.0361194384289262,-0.0970587408454459,-0.00049822,-1.1710444968027025,4.51613378489675e-07
2025-11-15 00:00:00+00:00,-2.973e-05,8.596e-05,3.0,701544.15,350772.08,-0.00070412,-0.00046895,-0.00062783,-0.00046895,-0.0005674625,1.0420476190476098e-05,-1.1325415142429445,0.1460862582302446,0.0898071761231946,-0.0005206607142857,-0.6080419773729727,-4.343144457185174e-06
2025-11-16 00:00:00+00:00,7.171e-05,0.0001,3.0,657010.29,328505.15,-0.00046895,-0.0005082,-0.000524,-0.000524,-0.0005062875,1.5428571428571337e-05,1.2256737606575874,-0.0655841536641794,-0.0002690463473626,-0.0005331621428571,0.0104249215030918,-4.70303965925831e-06
2025-11-17 00:00:00+00:00,3.280333333333333e-05,1.686e-05,3.0,653504.28,326752.14,-0.000524,-0.0004556,-0.00057484,-0.0004556,-0.00050251,1.6843809523809428e-05,0.2888535673827407,-0.005350598069933,-0.0060990428705167,-0.0005404610714285,0.0608011714296739,-1.7551745202070542e-07
2025-11-18 00:00:00+00:00,6.663e-05,3.072e-05,3.0,684852.94999999,342426.48,-0.0004556,-0.00042138,-0.00043926,-0.00043926,-0.000438875,2.035142857142848e-05,1.0446354153033042,0.046855061291648,0.0327037160740033,-0.0005451017857142,0.655242771096381,3.121952733862511e-06
2025-11-19 00:00:00+00:00,5.403666666666667e-05,0.0001,3.0,711871.43,355935.72,-0.00043926,-0.00046144,-0.00049277,-0.00046144,-0.0004637275,2.862142857142848e-05,0.7533277987258251,0.0386931755793664,0.1324817400162601,-0.00052612,0.4324592059789018,2.090850231057033e-06
2025-11-20 00:00:00+00:00,4.092e-05,4.484e-05,3.0,731040.13,365520.07,-0.00046144,-0.00044954,-0.00047259,-0.00047259,-0.00046404,3.198095238095229e-05,0.4844461061520566,0.0265710363802931,0.1511513413185135,-0.0005095078571428,0.46190838499746,1.0872868086815949e-06
2025-11-21 00:00:00+00:00,8.593333333333333e-05,0.0001,3.0,750323.21,375161.61,-0.00047259,-0.00045942,-0.00047925,-0.00045942,-0.00046767,4.604333333333324e-05,1.5100359969390824,0.0260357047223855,0.2133064844698253,-0.0004872246428571,0.3905593000309739,2.237334892477001e-06
2025-11-22 00:00:00+00:00,5.225333333333333e-05,7.873e-05,3.0,724447.84,362223.92,-0.00045942,-0.0004332,-0.000567,-0.0004332,-0.000473205,5.7755238095238e-05,0.6663486672727611,-0.0350942956761191,0.0321259305634615,-0.0004737592857142,0.3015813075284508,-1.8337939300628104e-06
2025-11-23 00:00:00+00:00,4.686666666666667e-05,4.122e-05,3.0,716654.51,358327.26,-0.0004332,-0.00041287,-0.00042994,-0.00041287,-0.00042222,5.420619047619038e-05,0.5315761921444805,-0.0108158951710279,0.086894189056613,-0.0004617496428571,0.792812656329361,-5.069049536821785e-07
2025-11-24 00:00:00+00:00,5.601666666666666e-05,3.885e-05,3.0,712415.18,356207.59,-0.00041287,-0.00051387,-0.00059592,-0.00051387,-0.0005091325,5.7522380952380856e-05,0.7555968349140488,-0.0059330100767525,0.0863117770497936,-0.0004626957142857,-0.0127648046328339,-3.3234744779941973e-07
2025-11-25 00:00:00+00:00,3.631333333333333e-05,4.9e-05,3.0,721544.09,360772.05,-0.00051387,-0.00039608,-0.00044347,-0.00039608,-0.000437375,5.319142857142848e-05,0.3338243515210999,0.0127326257056896,0.0521893414638352,-0.0004624814285714,0.7429584228167302,4.623640814592775e-07
2025-11-26 00:00:00+00:00,3.968e-05,2.602e-05,3.0,745504.97,372752.49,-0.00039608,-0.00033791,-0.00040206,-0.00033791,-0.00036849,5.114047619047609e-05,0.5064639094326676,0.0326683157012688,0.0461644815857376,-0.0004488760714285,1.602808650645569,1.2962787670263469e-06
2025-11-27 00:00:00+00:00,3.2693333333333334e-05,2.405e-05,3.0,695351.96,347675.98,-0.00033791,-0.00041151,-0.00050316,-0.00050316,-0.000438935,4.9965238095238e-05,0.3963211080626294,-0.0696436662042057,-0.0500502209987612,-0.0004452896428571,0.7539273739654901,-2.2768835937694984e-06
2025-11-28 00:00:00+00:00,1.9936666666666665e-05,-2.334e-05,3.0,721588.22,360794.11,-0.00050316,-0.00046478,-0.00053076,-0.00046478,-0.00049087,4.053714285714276e-05,0.0054583403395208,0.0370365091364277,-0.039049416584719,-0.0004486039285714,0.118754373204339,7.383845371499146e-07
2025-11-29 00:00:00+00:00,3.015e-05,2.45e-06,3.0,683723.05,341861.53,-0.00046478,-0.00051461,-0.00076933,-0.00051461,-0.0005658325,3.737952380952371e-05,0.2702838731909417,-0.0539017058129189,-0.0578568267215189,-0.0004618364285714,-0.9415227215718316,-1.625136430259507e-06
2025-11-30 00:00:00+00:00,-3.506666666666667e-05,-2.13e-06,3.0,693876.15,346938.08,-0.00051461,-0.00043478,-0.00043829,-0.00043829,-0.0004564925,2.5674761904761804e-05,-1.6398329222483552,0.0147405483994464,-0.0323003831510444,-0.0004667325,0.5012935158952032,-5.169018972072572e-07
2025-12-01 00:00:00+00:00,4.135e-05,2.324e-05,3.0,690107.09,345053.55,-0.00043829,-0.00059587,-0.00079877,-0.00059587,-0.0006072,2.357952380952372e-05,0.5628071979881345,-0.0054466979208545,-0.0318140709951464,-0.0004807421428571,-1.444998445854613,-2.252209590273338e-07
2025-12-02 00:00:00+00:00,-2.371333333333333e-05,-6.701e-05,3.0,693944.67,346972.34,-0.00059587,-0.00033868,-0.00061063,-0.00033868,-0.000470965,1.500428571428562e-05,-1.3193686045771882,0.0055454426565848,-0.0390012540442512,-0.0004855407142857,0.3032531398754887,-1.3150093019648217e-07
2025-12-03 00:00:00+00:00,3.3056666666666665e-05,4.708e-05,3.0,722380.67,361190.34,-0.00033868,-0.00047379,-0.00048053,-0.00048053,-0.0004433825,1.405809523809514e-05,0.309019232073059,0.0401600126122634,-0.0315095571332566,-0.0004962396428571,0.6862608307338682,1.3275561502527214e-06
2025-12-04 00:00:00+00:00,5.7593333333333336e-05,0.0001,3.0,742793.7,371396.85,-0.00048053,-0.00043299,-0.00057931,-0.00043299,-0.000481455,1.7615238095238e-05,0.9903707405322552,0.0278661043049552,0.0660002133759043,-0.0005023139285714,0.1698769201695741,1.604901833936725e-06
2025-12-05 00:00:00+00:00,3.658333333333333e-05,3.94e-06,3.0,724819.93,362409.97,-0.00043299,-0.00042606,-0.00044677,-0.00044677,-0.0004381475,1.999333333333324e-05,0.2927390161717654,-0.0244950964295895,0.004468607809887,-0.0004947821428571,0.7235431009112993,-8.961122777158188e-07
2025-12-06 00:00:00+00:00,1.175e-05,1.6e-06,3.0,642187.56,321093.78,-0.00044677,-0.00037974,-0.00055555,-0.00055555,-0.0004844025,1.7364761904761807e-05,-0.5319691503974414,-0.12104284103604,-0.062672527413234,-0.0004831492857142,-0.0235376800579337,-1.42225338217347e-06
2025-12-07 00:00:00+00:00,-2.5126666666666668e-05,-3.967e-05,3.0,666299.09,333149.55,-0.00055555,-0.0004004,-0.00042776,-0.00042776,-0.0004528675,1.878476190476181e-05,-1.7364298524236126,0.0368582432610899,-0.0405548325515905,-0.0004826314285714,0.4446323620716566,-9.261247923403214e-07
2025-12-08 00:00:00+00:00,1.0933333333333333e-05,2.197e-05,3.0,652868.65,326434.33,-0.00042776,-0.00062047,-0.0006241,-0.00062047,-0.0005732,1.4439523809523712e-05,-0.5637138213647271,-0.0203626933182228,-0.0554708279489588,-0.0004777742857142,-1.337894804298374,-2.2263211361256959e-07
2025-12-09 00:00:00+00:00,6.643333333333333e-05,5.471e-05,3.0,655692.31999999,327846.16,-0.00062047,-0.00039051,-0.00045767,-0.00045767,-0.00048158,2.7317619047618948e-05,1.1857171897573011,0.0043156940293123,-0.0567005765762314,-0.0004792907142857,0.114327581742374,2.867059400139812e-07
2025-12-10 00:00:00+00:00,4.087e-05,1.867e-05,3.0,681571.18,340785.59,-0.00045767,-0.00050584,-0.00055131,-0.00050584,-0.000505165,2.8433809523809423e-05,0.3520121657730646,0.0387090372298253,-0.0581515519586695,-0.0004881167857142,-0.2308616014508138,1.582038351582961e-06
2025-12-11 00:00:00+00:00,1.6726666666666667e-05,1.899e-05,3.0,680073.67,340036.84,-0.00050584,-0.00061089,-0.00064614,-0.00061089,-0.00059344,2.2595714285714187e-05,-0.3888540245074212,-0.002199561220026,-0.0882172174836508,-0.0005041146428571,-1.5174362118724385,-3.679132734030272e-08
2025-12-12 00:00:00+00:00,-3.786e-05,-4.132e-05,3.0,670755.63,335377.82,-0.00061089,-0.00037996,-0.00041402,-0.00037996,-0.0004462074999999,1.1960952380952284e-05,-1.9764087929423808,-0.0137962476775115,-0.0775183687315728,-0.0005052660714285,0.7430445465191308,5.223259370705866e-07
2025-12-13 00:00:00+00:00,4.1263333333333335e-05,-5.72e-06,3.0,691144.77,345572.39,-0.00037996,-0.00046038,-0.00046056,-0.00046038,-0.00044032,1.617714285714276e-05,0.3802297941935208,0.0299444269236488,0.073468899228116,-0.0004989685714285,0.7841066262093701,1.2356068696261635e-06
2025-12-14 00:00:00+00:00,-2.7893333333333333e-05,-1.948e-05,3.0,760235.85,380117.93,-0.00046038,-0.00060965,-0.00066529,-0.00066529,-0.0006001525,1.5781904761904665e-05,-1.6457027680803775,0.0952794043022553,0.1318900602692814,-0.0005200092857142,-1.9605215378268592,-2.6576601840042423e-06
2025-12-15 00:00:00+00:00,-1.5166666666666663e-05,-1.697e-05,3.0,744104.16,372052.08,-0.00066529,-0.00045756,-0.00049011,-0.00049011,-0.0005257675,1.2053333333333235e-05,-1.3152486923276767,-0.021447689051671,0.1308050645358331,-0.0005132332142857,-0.7216174727491615,3.252899506170109e-07
2025-12-16 00:00:00+00:00,2.162e-05,4.079e-05,3.0,714961.26,357480.63,-0.00049011,-0.00045195,-0.00046611,-0.00045195,-0.00046503,5.651428571428476e-06,-0.1642183287988798,-0.0399526656260675,0.0865367048804532,-0.0005108689285714,0.329267034064417,-8.637766308355812e-07
2025-12-17 00:00:00+00:00,-1.456e-05,1.078e-05,3.0,747705.92,373852.96,-0.00045195,-0.00036782,-0.00056045,-0.00056045,-0.0004851675,-2.267142857142953e-06,-1.204697322092977,0.0447813861806025,0.0926090538312305,-0.0005080121428571,-0.0376849497872582,-6.520169827895735e-07
2025-12-18 00:00:00+00:00,3.716666666666666e-05,4.129e-05,3.0,722322.36,361161.18,-0.00056045,-0.00038833,-0.00053001,-0.00038833,-0.0004667799999999,6.528571428570458e-07,0.3967704640806355,-0.0345382243446827,0.0602703907065738,-0.0004899178571428,0.3079881216285812,-1.2836706714773769e-06
2025-12-19 00:00:00+00:00,-8.923333333333331e-06,5.829e-05,3.0,722644.79,361322.4,-0.00038833,-0.00042685,-0.00045613,-0.00042685,-0.0004245399999999,4.786666666666571e-06,-0.9644963398540248,0.000446280049136,0.0745129184332213,-0.0004868225,1.0239629986864898,-3.982305638457349e-09
2025-12-20 00:00:00+00:00,-1.2366666666666678e-06,3.082e-05,3.0,700380.05,350190.03,-0.00042685,-0.00047323,-0.00053698,-0.00053698,-0.00049351,-1.284761904762001e-06,-0.6816609188917162,-0.0312946850105539,0.0132738064990185,-0.0004944210714285,-0.173930286507026,3.8701093796385145e-08
2025-12-21 00:00:00+00:00,-2.5666666666666657e-06,-2.581e-05,3.0,777528.7,388764.35,-0.00053698,-0.00050352,-0.00050687,-0.00050352,-0.0005127225,2.333333333333237e-06,-0.677073444369292,0.1044974402729543,0.0224918424697175,-0.0004819310714285,-0.4849935120374175,-2.682100967005828e-07
2025-12-22 00:00:00+00:00,-3.5426666666666664e-05,-4.839e-05,3.0,757555.23,378777.62,-0.00050352,-0.00033052,-0.00042962,-0.00033052,-0.000398545,-5.609523809524764e-07,-1.6246330049325115,-0.0260241109386516,0.0179154205827369,-0.0004637564285714,1.4261505171327709,9.219475035199656e-07
2025-12-23 00:00:00+00:00,2.663333333333333e-05,-1.029e-05,3.0,752599.22,376299.61,-0.00033052,-0.00052541,-0.0006152,-0.00052541,-0.0004991349999999,1.5523809523799953e-07,0.4037669633168173,-0.0065636038650662,0.0513044823437383,-0.0004686285714285,-0.2400954480516283,-1.7481064960626498e-07
2025-12-24 00:00:00+00:00,-5.560333333333334e-05,-3.619e-05,3.0,757452.77,378726.39,-0.00052541,-0.00055965,-0.00069161,-0.00069161,-0.00061707,-5.708095238095335e-06,-2.066323893858821,0.0064283438530328,0.0129514400161685,-0.0004874717857142,-2.0478402502425093,-3.57437346041468e-07
2025-12-25 00:00:00+00:00,-1.2446666666666666e-05,3.261e-05,3.0,749225.42,374612.71,-0.00069161,-0.00033249,-0.00043427,-0.00043427,-0.00047316,-1.2795714285714384e-05,-0.670700407500821,-0.0109212860855425,0.0365683782753087,-0.0004883832142857,0.2721277550999859,1.3593360747805288e-07
2025-12-26 00:00:00+00:00,7.283666666666666e-05,4.526e-05,3.0,727042.88,363521.44,-0.00043427,-0.00061949,-0.0006785,-0.00061949,-0.0005879374999999,-1.1157142857143817e-06,1.870822873852445,-0.0300544416067296,0.006067656619443,-0.0005117257142857,-1.5093371781758989,-2.189065345162165e-06
2025-12-27 00:00:00+00:00,4.055e-05,3.605e-05,3.0,725964.27,362982.14,-0.00061949,-0.00056694,-0.0006216,-0.00056694,-0.0005937425,4.853809523809427e-06,0.895055092153156,-0.0014846591747659,0.0358776824552311,-0.0005260446428571,-1.484387288146684,-6.02029295367582e-08
2025-12-28 00:00:00+00:00,5.099666666666666e-05,9.531e-05,3.0,729153.16,364576.58,-0.00056694,-0.00032284,-0.00044415,-0.00044415,-0.00044452,1.2505714285714187e-05,1.1475460275562626,0.0043830072258561,-0.064236750591867,-0.0005163014285714,0.9050002886513644,2.23518758494578e-07
2025-12-29 00:00:00+00:00,5.542333333333333e-05,3.472e-05,3.0,707083.56,353541.78,-0.00044415,-0.00045411,-0.00051172,-0.00045411,-0.0004660224999999,2.5484285714285613e-05,1.223910520608417,-0.0307349575175486,-0.068947597170764,-0.0005259410714285,0.5144167150549964,-1.7034337954809364e-06
2025-12-30 00:00:00+00:00,2.0373333333333334e-05,-6.46e-05,3.0,716387.25,358193.63,-0.00045411,-0.00055138,-0.00058192,-0.00055138,-0.0005346975,2.45899999999999e-05,0.184847221479213,0.0130720242622697,-0.049311969043428,-0.0005310214285714,-0.562501613481121,2.663207076366418e-07
2025-12-31 00:00:00+00:00,4.455e-05,0.0001,3.0,719521.01,359760.51,-0.00055138,-0.00042018,-0.00047395,-0.00042018,-0.0004664225,3.889761904761895e-05,0.886570866811286,0.0043648540267504,-0.0513754588697104,-0.0005095003571428,0.5009605501659874,1.9445424689173323e-07
2026-01-01 00:00:00+00:00,4.316666666666667e-05,8.619e-05,3.0,716531.29,358265.65,-0.00042018,-0.00031295,-0.00033076,-0.00031295,-0.00034421,4.684238095238085e-05,0.789824500570253,-0.0041638097992322,-0.0446179825834001,-0.0004910789285714,2.289636931520015,-1.7973778966685897e-07
2026-01-02 00:00:00+00:00,0.0001,0.0001,3.0,725633.31,362816.66,-0.00031295,-0.00037287,-0.00037946,-0.00037946,-0.000361185,5.072285714285704e-05,2.1941027214610367,0.0126228876471952,-0.0019406533294752,-0.0004586857142857,1.8732182751104485,1.2622887647195211e-06
2026-01-03 00:00:00+00:00,5.371333333333333e-05,2.836e-05,3.0,727865.55,363932.78,-0.00037946,-0.00053902,-0.00055356,-0.00055356,-0.0005064,5.260333333333324e-05,0.9530597097089664,0.0030715424915879,0.0026155483368786,-0.0004462082142857,-0.2497350242794646,1.6498278569815913e-07
2026-01-04 00:00:00+00:00,7.456666666666666e-06,-1.138e-05,3.0,820898.02,410449.01,-0.00055356,-0.00051483,-0.00055002,-0.00055002,-0.0005421075,4.638333333333324e-05,-0.2731659428865436,0.1202825402899172,0.1185150814009396,-0.0004601492857142,-0.7239903009773462,8.969068087618162e-07
2026-01-05 00:00:00+00:00,3.807e-05,6.315e-05,3.0,792404.19,396202.1,-0.00055002,-0.0004169,-0.0005918,-0.0005918,-0.00053763,4.3904285714285617e-05,0.5314025488514356,-0.0353272848205836,0.1139227540979046,-0.0004703789285714,-0.6277847257741954,-1.3449097331196204e-06
2026-01-06 00:00:00+00:00,1.0639999999999998e-05,3.014e-05,3.0,754574.2,377287.1,-0.0005918,-0.0003841,-0.00057637,-0.0003841,-0.0004840925,4.251380952380942e-05,-0.2477388557905207,-0.0489179858976722,0.0519327439379626,-0.0004631496428571,0.1702930843743379,-5.204873699512328e-07
2026-01-07 00:00:00+00:00,5.877666666666666e-05,4.13e-05,3.0,715707.92,357853.96,-0.0003841,-0.00034255,-0.0004368,-0.0004368,-0.0004000625,4.454619047619038e-05,1.0218511123487386,-0.0528814658737442,-0.005313575962532,-0.0004536696428571,1.3098385394931826,-3.108196292505772e-06
2026-01-08 00:00:00+00:00,3.657666666666667e-05,1.114e-05,3.0,678293.96,339146.98,-0.0004368,-0.00052681,-0.000561,-0.00052681,-0.000512855,4.3604761904761807e-05,0.4562514750612063,-0.0536913874745579,-0.0548411536378576,-0.0004777617857142,-0.3187957884179284,-1.9638519825277477e-06
2026-01-09 00:00:00+00:00,-5.245e-05,-2.669e-05,3.0,710128.68,355064.34,-0.00052681,-0.00035075,-0.0003798,-0.0003798,-0.00040929,2.1826190476190383e-05,-1.8278392803237,0.0458654297521885,-0.0215986115328643,-0.0004846339285714,1.117283481953554,-2.4056417905022893e-06
2026-01-10 00:00:00+00:00,3.206666666666667e-05,-3.501e-05,3.0,718283.85,359141.93,-0.0003798,-0.00041456,-0.0005897,-0.00041456,-0.000449655,1.8733809523809428e-05,0.3795493139390734,0.0114186321359639,-0.0132515218884883,-0.0004765275,0.4925440592510465,3.6615747049324393e-07
2026-01-11 00:00:00+00:00,6.540666666666666e-05,7.386e-05,3.0,749904.41,374952.21,-0.00041456,-0.00032073,-0.00032397,-0.00032397,-0.0003458075,2.7012380952380852e-05,1.1796009242588277,0.0430809198880943,-0.0904531422903112,-0.0004484846428571,1.86207133877849,2.8177793668139587e-06
2026-01-12 00:00:00+00:00,8.279333333333333e-05,0.0001,3.0,742690.73,371345.37,-0.00032397,-0.00029762,-0.00044182,-0.00044182,-0.0003763074999999,3.3401428571428475e-05,1.5432906682462206,-0.0096660319632686,-0.0647918894329961,-0.0004254385714285,1.3674913725646358,-8.002830063455557e-07
2026-01-13 00:00:00+00:00,4.875e-05,-4.19e-06,3.0,745250.02,372625.01,-0.00044182,-0.00052936,-0.00063006,-0.00052936,-0.00053265,3.884571428571419e-05,0.6222044309659296,0.0034400462839254,-0.0124338572513984,-0.0004323753571428,-0.8075616319283677,1.677022563413666e-07
2026-01-14 00:00:00+00:00,2.8423333333333333e-05,7.064e-05,3.0,730497.83,365248.92,-0.00052936,-0.00030082,-0.00031877,-0.00030082,-0.0003624425,3.4509523809523715e-05,0.0533268103291326,-0.019993498776575,0.0204541098457706,-0.0004270010714285,1.4642231563730208,-5.682818802261857e-07
2026-01-15 00:00:00+00:00,9.484e-05,0.0001,3.0,729440.26,364720.13,-0.00030082,-0.00046205,-0.0005038,-0.00046205,-0.00043218,4.283285714285704e-05,1.6717202432768354,-0.0014487877153541,0.0726967096049744,-0.0004154760714285,0.4959127313724147,-1.3740302692418965e-07
2026-01-16 00:00:00+00:00,3.372e-05,1.778e-05,3.0,704770.53,352385.27,-0.00046205,-0.00025914,-0.00026523,-0.00025914,-0.00031139,5.5142857142857046e-05,0.0840279081808922,-0.0344052124354767,-0.0075739325826909,-0.0004014903571428,1.919441358325742,-1.1601437633242772e-06
2026-01-17 00:00:00+00:00,6.520666666666667e-05,5.736e-05,3.0,676021.03,338010.52,-0.00025914,-0.00047013,-0.00051866,-0.00051866,-0.0004416475,5.987714285714275e-05,0.8641022813993448,-0.041648075440877,-0.0606406401595318,-0.0004003464285714,0.2583578143857278,-2.7157321725814533e-06
2026-01-18 00:00:00+00:00,2.8216666666666667e-05,2.556e-05,3.0,675508.1,337754.05,-0.00051866,-0.00053768,-0.00061328,-0.00053768,-0.000551825,5.456428571428562e-05,-0.115500046147455,-0.0007590365804794,-0.1044805966281057,-0.0004297775,-1.0643386068705407,-2.141748217919624e-08
2026-01-19 00:00:00+00:00,4.018333333333333e-05,5.745e-05,3.0,700646.02,350323.01,-0.00053768,-0.00059744,-0.0006059,-0.0006059,-0.0005867299999999,4.8477142857142765e-05,0.1625848519340295,0.03653764671445,-0.058276917950387,-0.0004598378571428,-1.4102298600458802,1.468204437142317e-06
2026-01-20 00:00:00+00:00,-8.330000000000002e-06,-3.67e-06,3.0,690892.19999999,345446.1,-0.0006059,-0.00049613,-0.00053945,-0.00049613,-0.0005344025,4.032285714285704e-05,-1.107972787782044,-0.0140189893517259,-0.0757359535860384,-0.0004600882142857,-0.7680714864719351,1.167781812998773e-07
2026-01-21 00:00:00+00:00,-1.3586666666666665e-05,-2.464e-05,3.0,656749.61,328374.81,-0.00049613,-0.00036737,-0.00047272,-0.00036737,-0.0004258975,3.432142857142848e-05,-1.3057093209147863,-0.0506809710765718,-0.1064234258860352,-0.0004691532142857,0.5439298546582175,6.885854603603565e-07
2026-01-22 00:00:00+00:00,3.764333333333333e-05,4.487e-05,3.0,743764.91,371882.46,-0.00036737,-0.00039913,-0.00048969,-0.00039913,-0.0004138299999999,2.615047619047609e-05,0.0735725810113314,0.1244221689855198,0.0194475308148387,-0.0004665317857142,0.6514037755738974,4.683665181178252e-06
2026-01-23 00:00:00+00:00,6.906666666666666e-05,1.947e-05,3.0,712703.79,356351.9,-0.00039913,-0.00053842,-0.00058591,-0.00058591,-0.0005273425,3.1199999999999905e-05,0.9048585297053888,-0.0426591114185086,0.0111936318318068,-0.0004973821428571,-0.7817942914575701,-2.94632262863833e-06
2026-01-24 00:00:00+00:00,1.7686666666666664e-05,2.881e-05,3.0,756627.41,378313.71,-0.00058591,-0.00052411,-0.00061883,-0.00061883,-0.00058692,2.4411428571428472e-05,-0.7012581520256969,0.0598050471049873,0.1126467543776712,-0.0005181353571428,-1.4289733384282264,1.0577519331302096e-06
2026-01-25 00:00:00+00:00,8.376666666666667e-06,-1.68e-06,3.0,701385.24,350692.62,-0.00061883,-0.00034909,-0.00052439,-0.00052439,-0.0005041749999999,2.157714285714276e-05,-0.9286144810986756,-0.0758136455465763,0.0375921454115744,-0.0005113282142857,-0.4761534000635024,-6.350656375284877e-07
2026-01-26 00:00:00+00:00,1.8556666666666668e-05,3.497e-05,3.0,695141.63,347570.82,-0.00052439,-0.00027649,-0.00058898,-0.00058898,-0.00049471,1.848761904761895e-05,-0.5823784970834969,-0.0089416848813446,-0.0078871861842202,-0.0004981825,-0.4170882493721072,-1.659278657814849e-07
2026-01-27 00:00:00+00:00,2.6676666666666665e-05,6.56e-05,3.0,708134.26,354067.13,-0.00058898,-0.00038558,-0.00051539,-0.00051539,-0.000501335,2.348857142857133e-05,-0.3040648241249255,0.01851809950778,0.0246499026752857,-0.0004934585714285,-0.4776912911350586,4.940011678692125e-07
2026-01-28 00:00:00+00:00,5.281333333333334e-05,6.87e-06,3.0,726511.23,363255.62,-0.00051539,-0.00049899,-0.00071031,-0.00049899,-0.00055592,3.297428571428562e-05,0.5168202473649164,0.0256202320805876,0.1009511058324452,-0.0005120332142857,-1.1259868474319152,1.353089856949434e-06
2026-01-29 00:00:00+00:00,6.114666666666667e-05,6.269e-05,3.0,752139.26,376069.63,-0.00049899,-0.00063417,-0.00063486,-0.00063486,-0.00060072,3.633190476190467e-05,0.7314710911695473,0.0346675524105624,0.0111964892574878,-0.0005387317857142,-1.6121730335523627,2.119805271397856e-06
2026-01-30 00:00:00+00:00,3.508e-05,-4.5e-06,3.0,736534.93,368267.47,-0.00063486,-0.00059751,-0.00061279,-0.00059751,-0.0006106675,3.1476666666666575e-05,-0.070978595734497,-0.0209648311774639,0.0328907694985325,-0.0005506353571428,-1.5975253918693602,-7.354462777054354e-07
2026-01-31 00:00:00+00:00,-4.292e-05,-6.342e-05,3.0,740447.21,370223.61,-0.00059751,-0.00042469,-0.00056537,-0.00042469,-0.000503065,2.2818571428571332e-05,-2.197348305395557,0.0052976796997352,-0.0216165979067195,-0.0005386560714285,-0.2816799205800757,-2.2737641271263777e-07
2026-02-01 00:00:00+00:00,-4.528333333333333e-05,-6.175e-05,3.0,761129.23,380564.62,-0.00042469,-0.00060055,-0.00066601,-0.00060055,-0.00057295,1.515285714285705e-05,-2.0876643783255635,0.0275488179786318,0.0817458656184886,-0.0005484810714285,-1.0722671352930566,-1.2475023074657122e-06
2026-02-02 00:00:00+00:00,-3.7533333333333335e-05,-6.192e-05,3.0,702988.97,351494.49,-0.00060055,-0.00041316,-0.00047584,-0.00047584,-0.0004913475,7.139999999999905e-06,-1.7054761586888814,-0.079461957688963,0.0112255928108702,-0.0005480007142857,-0.0585848386501687,2.982472145259079e-06
2026-02-03 00:00:00+00:00,-3.5860000000000006e-05,-9.314e-05,3.0,765234.89,382617.45,-0.00047584,-0.00074167,-0.00074702,-0.00074167,-0.0006765499999999,-1.7938095238096189e-06,-1.5579674330375042,0.0848416306621189,0.077549123965209,-0.0005730314285714,-2.1402278776113413,-3.042420875543585e-06
2026-02-04 00:00:00+00:00,-4.456333333333333e-05,-2.971e-05,3.0,704594.9,352297.45,-0.00074167,-0.00048691,-0.00066817,-0.00048691,-0.000595915,-1.5704761904762e-05,-1.629979764522964,-0.0825598047176328,-0.0306309128330113,-0.000578745,-1.1639365540189592,3.679140097566777e-06
2026-02-05 00:00:00+00:00,5.7866666666666666e-05,5.004e-05,3.0,738856.82,369428.41,-0.00048691,-0.00030441,-0.00051094,-0.00051094,-0.0004533,-1.6173333333333428e-05,0.8161774037895712,0.0474811261364109,-0.0178173391071627,-0.000557685,0.4373600298705114,2.7475744990936485e-06
2026-02-06 00:00:00+00:00,7.476000000000001e-05,2.731e-05,3.0,748086.84,374043.42,-0.00051094,-0.0005133,-0.0005504,-0.0005133,-0.000521985,-1.0504761904762e-05,1.1940846981167927,0.0124149136244646,0.0155624056947658,-0.0005450160714285,-0.2970583357675954,9.281389425649792e-07
2026-02-07 00:00:00+00:00,5.993333333333338e-06,8.689e-05,3.0,824384.1,412192.05,-0.0005133,-0.00045765,-0.0004816,-0.0004816,-0.0004835375,-3.517142857142952e-06,-0.4151454170964896,0.0971174945837969,0.1073822205788275,-0.0005422264285714,0.1334491972385104,5.8205751753889e-07
2026-02-08 00:00:00+00:00,4.154333333333333e-05,7.22e-06,3.0,724468.69,362234.35,-0.0004816,-0.00046342,-0.00053167,-0.00046342,-0.0004850275,8.886666666666571e-06,0.3754616510799697,-0.1291980172604532,-0.0493646146602575,-0.0005296660714285,0.1478724146158196,-5.367316297056761e-06
2026-02-09 00:00:00+00:00,-3.708e-05,-3.533e-05,3.0,754923.62,377461.81,-0.00046342,-0.00051484,-0.00066225,-0.00051484,-0.0005388375,8.95142857142848e-06,-1.4838353741432777,0.0411780337526739,0.0712753767813794,-0.0005364503571428,-0.447460959493382,-1.526881491549149e-06
2026-02-10 00:00:00+00:00,-1.2976666666666667e-05,2.194e-05,3.0,747985.97,373992.99,-0.00051484,-0.00038856,-0.00043622,-0.00043622,-0.0004439599999999,1.2220476190476096e-05,-0.8424613811474898,-0.0092323574544543,-0.0227986113351938,-0.0005032232142857,0.7404340755574086,1.198052252339698e-07
2026-02-11 00:00:00+00:00,1.778e-05,-3.588e-05,3.0,774161.53,387080.77,-0.00043622,-0.00042444,-0.00058614,-0.00058614,-0.000508235,2.112666666666657e-05,-0.0445302845236225,0.034396325792299,0.0941575191747379,-0.0004906975,0.0010542232483039,6.115666725870763e-07
2026-02-12 00:00:00+00:00,-4.366666666666667e-05,-8.354e-05,3.0,743759.2,371879.6,-0.00058614,-0.00043439,-0.00058918,-0.00058918,-0.0005497225,6.621904761904668e-06,-1.4755368828973563,-0.0400632203751403,0.0066131726631866,-0.0005044721428571,-0.5265485342038262,1.7494272897144608e-06
2026-02-13 00:00:00+00:00,3.394333333333334e-05,3.491e-05,3.0,738792.74,369396.37,-0.00058918,-0.00028188,-0.00052883,-0.00052883,-0.00048218,7.909523809522847e-07,0.423844567733668,-0.0066999050005076,-0.0125016459617857,-0.0004987857142857,0.4223105261372591,-2.2741710873389825e-07
2026-02-14 00:00:00+00:00,1.0653333333333334e-05,0.0001,3.0,754766.63,377383.32,-0.00052883,-0.00042595,-0.0006505,-0.00042595,-0.0005078075,1.4566666666665698e-06,-0.0836604949238788,0.0213911805995028,-0.0882279599460797,-0.0005022528571428,0.1067749471174363,2.27887377320037e-07
2026-02-15 00:00:00+00:00,-6.543333333333331e-06,2.366e-05,3.0,786959.46,393479.73,-0.00042595,-0.00048159,-0.00053555,-0.00048159,-0.00048117,-5.41285714285724e-06,-0.5004751200741516,0.0417681328892243,0.0827381902035977,-0.0005017017857142,0.6624516008471102,-2.733028162051577e-07
2026-02-16 00:00:00+00:00,3.764333333333333e-05,-3.602e-05,3.0,755869.76,377934.88,-0.00048159,-0.00056634,-0.00064992,-0.00056634,-0.0005660475,5.261904761904664e-06,0.7036932735145286,-0.0403076488132612,0.0012525076376626,-0.0005055889285714,-0.69436773521219,-1.5173142601605294e-06
2026-02-17 00:00:00+00:00,-1.1766666666666664e-05,6.67e-06,3.0,779822.23,389911.12,-0.00056634,-0.00035022,-0.00048229,-0.00035022,-0.0004372675,5.434761904761807e-06,-0.5925763615286394,0.0311968972455449,0.0416817623376619,-0.0005046328571428,1.3853040239048429,-3.670834909225792e-07
2026-02-18 00:00:00+00:00,-6.593333333333334e-06,-5.486e-05,3.0,754462.34,377231.17,-0.00035022,-0.0004214,-0.00051687,-0.00051687,-0.00045134,1.952857142857045e-06,-0.4148878530929493,-0.0330606203398033,-0.0257751837944404,-0.000496505,1.0790980400593675,2.1797969010710373e-07
2026-02-19 00:00:00+00:00,1.893333333333333e-05,-4.352e-05,3.0,765908.49,382954.25,-0.00051687,-0.00043019,-0.00058684,-0.00058684,-0.000530185,1.0895714285714187e-05,0.2543300249383676,0.0150573347402165,0.0293453713209164,-0.0004937139285714,-0.2216687358542259,2.850855377480997e-07
2026-02-20 00:00:00+00:00,-2.1866666666666665e-05,-5.059e-05,3.0,781270.01,390635.01,-0.00058684,-0.00035905,-0.00069802,-0.00035905,-0.00050074,2.9228571428570463e-06,-0.8442629390461777,0.0198581156704591,0.0559033919918832,-0.0004963653571428,0.3169759460720844,-4.3423079599404e-07
2026-02-21 00:00:00+00:00,-2.7799999999999992e-06,-5.243e-05,3.0,799158.31,399579.16,-0.00035905,-0.00042152,-0.00049038,-0.00049038,-0.0004403324999999,1.0038095238094272e-06,-0.2936812190946651,0.0226382477864461,0.0571504591788265,-0.0004867260714285,1.4032541205891216,-6.293432884632038e-08
2026-02-22 00:00:00+00:00,8.134e-05,0.0001,3.0,775623.8,387811.9,-0.00049038,-0.00047873,-0.00058151,-0.00058151,-0.0005330325,1.355857142857133e-05,1.952414917087052,-0.0298914524907853,-0.0145091262011831,-0.000494135,-0.2238349064608152,-2.4313707456004843e-06
2026-02-23 00:00:00+00:00,2.5099999999999997e-06,-5.581e-05,3.0,851974.49,425987.25,-0.00058151,-0.00049262,-0.00051036,-0.00049262,-0.0005192775,8.539523809523712e-06,-0.1436119028598342,0.0938889762482411,0.1196874988603191,-0.0004874535714285,-0.0222222171412133,2.3566133038308514e-07
2026-02-24 00:00:00+00:00,-7.687333333333334e-05,2.452e-05,3.0,803381.72,401690.86,-0.00049262,-0.00045169,-0.000528,-0.000528,-0.0005000775,-7.614285714286689e-07,-2.0263658400623905,-0.0587266166986708,0.0297639849161033,-0.0004964264285714,0.3211683847368035,4.514510781015825e-06
2026-02-25 00:00:00+00:00,-5.081666666666666e-05,-1.053e-05,3.0,858847.48,429423.74,-0.000528,-0.00033792,-0.00045875,-0.00045875,-0.000445855,-7.079047619047716e-06,-1.2873248925772864,0.0667613825547501,0.1295859878106569,-0.0004956428571428,1.2372423396104726,-3.392590923490554e-06
2026-02-26 00:00:00+00:00,6.132666666666667e-05,0.0001,3.0,866690.09,433345.05,-0.00045875,-0.00013096,-0.0003162,-0.00013096,-0.0002592175,-1.0228571428572405e-06,1.3442437978417618,0.0090901109767287,0.1236187640471691,-0.0004569332142857,3.3747715285563795,5.574662058328512e-07
2026-02-27 00:00:00+00:00,9.497666666666667e-05,8.493e-05,3.0,901998.53,450999.27,-0.00013096,-0.00046875,-0.00046877,-0.00046877,-0.0003843125,1.566904761904752e-05,1.9916692877108584,0.0399314284502239,0.1436920768269338,-0.0004403007142857,1.5436993539067834,3.792553969440766e-06
2026-02-28 00:00:00+00:00,1.1899999999999998e-05,-2.46e-05,3.0,857901.59,428950.8,-0.00046877,-0.00045594,-0.00057776,-0.00045594,-0.0004896025,1.7766190476190378e-05,0.1885944991530113,-0.0501234944094797,0.0709303346310079,-0.0004473392857142,0.1235978806333654,-5.964695834728085e-07
2026-03-01 00:00:00+00:00,-5.649666666666667e-05,-2.844e-05,3.0,819723.53,409861.77,-0.00045594,-0.00040741,-0.00049874,-0.00049874,-0.0004652075,-1.924761904762003e-06,-1.2762778137590287,-0.0455222710690694,0.0552995160527238,-0.00043765,0.4021945951990543,2.571856574498862e-06
2026-03-02 00:00:00+00:00,7.789e-05,0.0001,3.0,802397.4,401198.7,-0.00049874,-0.00041096,-0.00048016,-0.00048016,-0.000467505,8.843809523809425e-06,1.5898602898213998,-0.0213631285076818,-0.059952588703199,-0.0004302539285714,0.3527532330031851,-1.6639740794633393e-06
2026-03-03 00:00:00+00:00,2.034e-05,2.819e-05,3.0,811305.02,405652.51,-0.00048016,-0.00039365,-0.00041925,-0.00039365,-0.0004216775,2.273142857142847e-05,0.299638790633993,0.011040090618712,0.0098141186141837,-0.0004190539285714,0.929361534880854,2.2455544318460266e-07
2026-03-04 00:00:00+00:00,1.3453333333333336e-05,-5.368e-05,3.0,911204.87,455602.44,-0.00039365,-0.00043882,-0.00057505,-0.00043882,-0.000461585,3.1912857142857046e-05,0.1115414911968843,0.1161236697371919,0.0591764057966255,-0.0004213010714285,0.352944280026893,1.5622504368643552e-06
2026-03-05 00:00:00+00:00,3.647666666666667e-05,0.0001,3.0,810646.11,405323.06,-0.00043882,-0.00035842,-0.00051604,-0.00051604,-0.00045733,2.8362857142857048e-05,0.5825635217358732,-0.1169361603530436,-0.0668498655331468,-0.0004496028571428,0.3580736780065813,-4.265441342477856e-06
2026-03-06 00:00:00+00:00,1.666666666666662e-07,-2.984e-05,3.0,883422.26,441711.13,-0.00051604,-0.00044441,-0.00053579,-0.00053579,-0.0005080074999999,1.4818571428571329e-05,-0.2866598632669146,0.0859717005770424,-0.0208095934063283,-0.0004672735714285,-0.5444673648928967,1.4328616762840361e-08
2026-03-07 00:00:00+00:00,1.527333333333333e-05,-6.952e-05,3.0,839580.47,419790.24,-0.00053579,-0.00045484,-0.00054075,-0.00054075,-0.0005180325,1.530047619047609e-05,0.1026404699840865,-0.0509009703439833,-0.0215870693408319,-0.000471335,-0.6766835795899162,-7.77427487053772e-07
2026-03-08 00:00:00+00:00,-1.867e-05,4.72e-06,3.0,839580.24,419790.12,-0.00054075,-0.00051277,-0.00051277,-0.00051277,-0.000519765,2.070428571428561e-05,-0.657598048468778,-2.739463820233823e-07,0.0239349277818554,-0.0004791289285714,-0.7083895345841115,5.114578952376547e-12
2026-03-09 00:00:00+00:00,-5.5133333333333336e-05,-6.106e-05,3.0,832381.56,416190.78,-0.00051277,-0.00052158,-0.00060383,-0.00052158,-0.00053994,1.700952380952282e-06,-1.452756923486051,-0.0086111111898965,0.0366869450996407,-0.0004894767857142,-1.0044852321828548,4.74759263602963e-07
2026-03-10 00:00:00+00:00,7.22666666666666e-06,9.217e-05,3.0,847258.14,423629.07,-0.00052158,-0.00047666,-0.00056703,-0.00047666,-0.0005104825,-1.7238095238105193e-07,0.0613461396322919,0.0177144765319052,0.043361331012834,-0.0005021632142857,-0.4907647285446908,1.2801661707056868e-07
2026-03-11 00:00:00+00:00,6.042e-05,7.858e-05,3.0,836747.69,418373.85,-0.00047666,-0.00045175,-0.00049671,-0.00045175,-0.0004692175,6.537142857142756e-06,1.254002576592823,-0.0124828385884399,-0.0852451773127977,-0.0005032535714285,0.1666907076116858,-7.542131075135389e-07
2026-03-12 00:00:00+00:00,3.019333333333333e-05,0.0001,3.0,849142.71,424571.36,-0.00045175,-0.0005512,-0.00059947,-0.00059947,-0.0005504724999999,5.639523809523708e-06,0.4974379795798385,0.0147046846518641,0.04639566769211,-0.0005165596428571,-1.1413924191460194,4.4398344525528476e-07
2026-03-13 00:00:00+00:00,4.676666666666665e-06,4.451e-05,3.0,866193.74,433096.87,-0.00059947,-0.00039438,-0.00042451,-0.00042451,-0.0004607175,6.283809523809423e-06,-0.1018714462905378,0.0198813377277602,-0.0196946951571721,-0.0005098039285714,0.3400601941868476,9.29783894401587e-08
2026-03-14 00:00:00+00:00,4.125e-05,5.261e-05,3.0,898053.31,449026.66,-0.00042451,-0.00033386,-0.00052079,-0.00052079,-0.0004499875,9.994761904761805e-06,0.7188503731386584,0.0361208300102333,0.0673271051970445,-0.0005000832142857,0.4742003177547073,1.4899842379221265e-06
2026-03-15 00:00:00+00:00,-2.167e-05,-5.906e-05,3.0,823859.91,411929.96,-0.00052079,-0.00046252,-0.00057722,-0.00057722,-0.0005344375,9.566190476190374e-06,-0.7660324423645688,-0.0862289284764283,-0.0189015493330018,-0.0005021792857142,-0.9309122502336012,1.868580880084203e-06
2026-03-16 00:00:00+00:00,1.594e-05,8.05e-06,3.0,832652.92,416326.46,-0.00057722,-0.00035377,-0.00041789,-0.00041789,-0.0004416925,1.971952380952371e-05,0.1418101749696524,0.0106163893539203,0.0003259512108151,-0.0004881439285714,0.5978825536485592,1.6922524630149113e-07
2026-03-17 00:00:00+00:00,7.158e-05,3.692e-05,3.0,850275.16,425137.58,-0.00041789,-0.00046653,-0.0005615,-0.0005615,-0.000501855,2.891285714285704e-05,1.3821638040900763,0.0209431220723992,0.003554596751309,-0.0004869114285714,-0.4037877918582113,1.4991086779423373e-06
2026-03-18 00:00:00+00:00,3.844e-05,4.974e-05,3.0,924167.01,462083.51,-0.0005615,-0.00053512,-0.00066872,-0.00066872,-0.000608515,2.577285714285704e-05,0.6034385863535898,0.0833327873160367,0.0993702226557857,-0.0005068110714285,-2.081676880089314,3.203312344428453e-06
2026-03-19 00:00:00+00:00,-2.912e-05,-2.873e-05,3.0,872116.41,436058.21,-0.00066872,-0.00053349,-0.00062185,-0.00062185,-0.0006114775,1.729952380952371e-05,-0.9578490478447738,-0.0579698893568281,0.0266956486470935,-0.0005155260714285,-1.9138790759294035,1.688083178070835e-06
2026-03-20 00:00:00+00:00,1.5923333333333334e-05,7.02e-06,3.0,851902.39,425951.2,-0.00062185,-0.00043743,-0.00066658,-0.00066658,-0.00059811,1.8906190476190378e-05,0.0705604984434716,-0.0234509581669151,-0.0166366472475818,-0.0005351535714285,-1.5710114134454776,-3.73417423877845e-07
2026-03-21 00:00:00+00:00,5.11e-06,-2.131e-05,3.0,834079.48,417039.74,-0.00066658,-0.00049375,-0.0005731,-0.00049375,-0.000556795,1.3743333333333233e-05,-0.170520737668582,-0.021143256960256,-0.0739007342180713,-0.0005504117857142,-0.948306654317888,-1.0804204306690867e-07
2026-03-22 00:00:00+00:00,2.2260000000000004e-05,7.08e-06,3.0,837419.13,418709.57,-0.00049375,-0.00080074,-0.0008177,-0.0008177,-0.0007324725,2.001904761904752e-05,0.1966995098261765,0.0039960002646548,0.0163241945230119,-0.0005787025,-2.8396319906450933,8.895096589121706e-08
2026-03-23 00:00:00+00:00,1.1636666666666668e-05,1.084e-05,3.0,831714.01,415857.01,-0.0008177,-0.00053569,-0.00065758,-0.00053569,-0.000636665,1.940428571428561e-05,-0.0648519066922835,-0.0068360540938616,-0.0011282489247701,-0.0006065557142857,-1.5416773909286314,-7.954888280557038e-08
2026-03-24 00:00:00+00:00,1.212e-05,6.478e-05,3.0,823590.64,411795.32,-0.00053569,-0.00045433,-0.00062738,-0.00045433,-0.0005179325,1.09099999999999e-05,0.0010633808818011,-0.009815033400109,-0.0318864043972784,-0.0006088525,-0.1563867570809865,-1.1895820480932145e-07
2026-03-25 00:00:00+00:00,2.898e-05,3.363e-05,3.0,795232.77,397616.39,-0.00045433,-0.0004606,-0.0004684,-0.0004684,-0.0004629324999999,9.558571428571328e-06,0.3954759799623378,-0.0350387460970722,-0.1502579378103874,-0.000588055,0.4655028601782753,-1.0154228618931538e-06
2026-03-26 00:00:00+00:00,6.041e-05,5.266e-05,3.0,795786.38,397893.19,-0.0004684,-0.00035034,-0.0005111,-0.0005111,-0.000460235,2.234857142857133e-05,1.138273139930463,0.000695918741572,-0.0915921297119872,-0.0005664489285714,0.4795500471906637,4.204045117836715e-08
2026-03-27 00:00:00+00:00,-9.74e-06,-4.332e-05,3.0,846132.45,423066.23,-0.0005111,-0.00036984,-0.00042803,-0.00042803,-0.00043425,1.868238095238085e-05,-0.8002172888511228,0.0613451246422389,-0.0067960469028331,-0.0005430403571428,0.7751763366061959,-5.975015140154074e-07
2026-03-28 00:00:00+00:00,-5.338000000000001e-05,-0.00015665,3.0,890674.12,445337.06,-0.00042803,-0.00054424,-0.00060742,-0.00060742,-0.0005467775,1.0326666666666566e-05,-1.8400089673553333,0.0513027065812572,0.0656499166386801,-0.0005416092857142,-0.4932720469822143,-2.738538477307512e-06
2026-03-29 00:00:00+00:00,1.598e-05,-7.4e-07,3.0,852070.43,426035.22,-0.00060742,-0.00044129,-0.00044594,-0.00044594,-0.0004851474999999,9.429523809523707e-06,0.1038363274132506,-0.044309426484828,0.0173444898891972,-0.0005062771428571,0.414169582470839,-7.080646352275522e-07
2026-03-30 00:00:00+00:00,-3.2200000000000003e-05,-6.661e-05,3.0,871625.84,435812.92,-0.00044594,-0.00053156,-0.00059452,-0.00059452,-0.000541635,3.1671428571427543e-06,-1.2343639779798008,0.0226910615258475,0.0468716055089064,-0.0004927014285714,-0.3727547743991963,-7.30652181132291e-07
2026-03-31 00:00:00+00:00,4.538e-05,4.563e-05,3.0,878168.67,439084.34,-0.00059452,-0.00044925,-0.00049876,-0.00049876,-0.0005103225,7.918571428571327e-06,0.9368001708708004,0.0074784329885169,0.0641650718975324,-0.0004916142857142,0.0997399331940835,3.393712890188976e-07
2026-04-01 00:00:00+00:00,6.365666666666667e-05,6.342e-05,3.0,870591.88,435295.94,-0.00049876,-0.00036221,-0.00037054,-0.00036221,-0.0003984299999999,1.2872380952380852e-05,1.5429961001796786,-0.0086653800727081,0.0905384379218965,-0.0004823996428571,1.6230468588150142,-5.516092108283564e-07
2026-04-02 00:00:00+00:00,5.505e-05,2.77e-06,3.0,960181.62,480090.81,-0.00036221,-0.00060526,-0.00066873,-0.00060526,-0.000560365,1.2106666666666564e-05,1.2083504665681342,0.0979491518944701,0.1877916710747946,-0.0004967039285714,-0.5835820743749575,5.392100811790583e-06
2026-04-03 00:00:00+00:00,-6.930333333333333e-05,-5.9e-05,3.0,927799.22,463899.61,-0.00060526,-0.00042101,-0.0004424,-0.0004424,-0.0004777675,3.597619047618948e-06,-2.235103383489647,-0.0343071024493202,0.0921394439832354,-0.0005029207142857,0.6077197347708022,2.377596556746056e-06
2026-04-04 00:00:00+00:00,1.1036666666666667e-05,-4.974e-05,3.0,797971.32,398985.66,-0.0004424,-0.00044184,-0.00044795,-0.00044795,-0.000445035,1.27999999999999e-05,-0.0114049067482342,-0.1507426946645313,-0.1099059572625531,-0.0004883860714285,1.0658020858453705,-1.6636968734475447e-06
2026-04-05 00:00:00+00:00,-2.0566666666666664e-05,-5.297e-05,3.0,794993.93,397496.97,-0.00044795,-0.00037521,-0.00042598,-0.00042598,-0.00041878,7.579047619047522e-06,-0.854941840447497,-0.003738177549275,-0.0693347083270001,-0.000478905,1.352615347400265,7.688185159675745e-08
2026-04-06 00:00:00+00:00,-5.475e-05,-0.00010322,3.0,807732.79,403866.4,-0.00042598,-0.00029844,-0.00034126,-0.00034126,-0.000351735,4.35761904761895e-06,-1.6398456134491537,0.0158968189753885,-0.0761289508774591,-0.0004517764285714,2.0334897114614447,-8.703508389025219e-07
2026-04-07 00:00:00+00:00,6.474666666666667e-05,5.365e-05,3.0,826072.98,413036.49,-0.00034126,-0.00061189,-0.00063114,-0.00063114,-0.0005538575,7.124285714285617e-06,1.3554931004283173,0.0224518247484866,-0.0611555591174894,-0.0004579957142857,-0.5280438802592523,1.4536808130486802e-06
2026-04-08 00:00:00+00:00,-5.5786666666666666e-05,4.32e-06,3.0,804904.08,402452.04,-0.00063114,-0.00029399,-0.00071675,-0.00071675,-0.0005896575,-9.939047619047715e-06,-1.6938269620793658,-0.0259600080894255,-0.0784501871342069,-0.0004853139285714,-0.9480880907206272,1.4482223179487537e-06
2026-04-09 00:00:00+00:00,7.641333333333334e-05,2.924e-05,3.0,815542.82,407771.41,-0.00071675,-0.00051579,-0.00063254,-0.00063254,-0.000624405,-6.887142857142956e-06,1.5243740687281555,0.013130813307093,-0.163268525721584,-0.0004944625,-1.2950276914369077,1.0033692141726735e-06
2026-04-10 00:00:00+00:00,3.627e-05,3.657e-05,3.0,830789.91,415394.96,-0.00063254,-0.00049335,-0.00051613,-0.00049335,-0.0005338425,8.194761904761807e-06,0.5814822805035587,0.0185230186610496,-0.1104384046112141,-0.0005024732142857,-0.1705003168828358,6.718298868362711e-07
2026-04-11 00:00:00+00:00,6.0433333333333336e-05,3.563e-05,3.0,758256.18,379128.09,-0.00049335,-0.00046904,-0.00048119,-0.00046904,-0.000478155,1.5251428571428471e-05,1.1295898953778776,-0.0913556501259815,-0.0510513600726643,-0.0005072046428571,0.4791572625228748,-5.52092645594682e-06
2026-04-12 00:00:00+00:00,3.0300000000000005e-05,-7.54e-06,3.0,797311.92,398655.96,-0.00046904,-0.00037825,-0.00040703,-0.00037825,-0.0004081424999999,2.251809523809514e-05,0.3800525523027424,0.0502246729728206,0.0029114904494313,-0.000505685,1.283079248447831,1.5218075910764651e-06
2026-04-13 00:00:00+00:00,-1.171e-05,-8.203e-05,3.0,809084.22,404542.11,-0.00037825,-0.00040674,-0.00045144,-0.00040674,-0.0004107925,2.866666666666657e-05,-0.5915545015802679,0.0146570456174668,0.0016717170915097,-0.0005141217857142,1.2162442715421005,-1.7163400418053666e-07
2026-04-14 00:00:00+00:00,-1.88e-06,2.299e-05,3.0,797734.61,398867.31,-0.00040674,-0.0005053,-0.00053536,-0.0005053,-0.000488175,1.914857142857133e-05,-0.3737795057936819,-0.0141270422577601,-0.034907149914737,-0.0005047385714285,0.289668283449646,2.6558839444589143e-08
2026-04-15 00:00:00+00:00,7.487333333333333e-05,3.96e-05,3.0,822904.75,411452.38,-0.0005053,-0.00043254,-0.0004952,-0.0004952,-0.00048206,3.781428571428562e-05,1.399318223184172,0.0310644856496171,0.0221173438243056,-0.0004893675,0.3809867644354813,2.325901588872336e-06
2026-04-16 00:00:00+00:00,-2.384666666666667e-05,-5.25e-06,3.0,834523.91,417261.96,-0.0004952,-0.0004096,-0.00042997,-0.00042997,-0.0004411849999999,2.3491428571428477e-05,-0.8647642225583001,0.0140209357149778,0.0230074662321904,-0.0004631932142857,0.8312744397164384,-3.343525803498389e-07
2026-04-17 00:00:00+00:00,1.1566666666666686e-06,-6.616e-05,3.0,870238.17,435119.09,-0.00042997,-0.00040456,-0.0004173,-0.0004173,-0.0004172825,1.8475238095238e-05,-0.2369846628191687,0.0419055382254747,0.0463899857966154,-0.0004465417857142,1.0401556647398504,4.84707392141325e-08
2026-04-18 00:00:00+00:00,7.2e-06,1.083e-05,3.0,818908.3,409454.15,-0.0004173,-0.00074383,-0.00078074,-0.00074383,-0.000671425,1.0870476190476092e-05,-0.1224477396022318,-0.0607948210318003,0.0769508148907966,-0.0004741517857142,-1.852433442288569,-4.3772271142896244e-07
2026-04-19 00:00:00+00:00,-0.0001350133333333,-0.00013025,3.0,841995.99,420998.0,-0.00074383,-0.00038294,-0.00050197,-0.00038294,-0.00050292,-1.274571428571438e-05,-2.912508781995418,0.0278031399882134,0.0545292819061895,-0.0004876914285714,0.0198386677577441,-3.753794606941997e-06
2026-04-20 00:00:00+00:00,-9.609333333333334e-05,-7.638e-05,3.0,810904.72,405452.36,-0.00038294,-0.00053871,-0.00054324,-0.00054324,-0.0005020325,-2.480047619047629e-05,-1.9086044930865311,-0.0376246891340503,0.0022475471546723,-0.0005007257142857,0.0090747172445349,3.6154817945213473e-06
2026-04-21 00:00:00+00:00,-1.269e-05,2.374e-05,3.0,793442.14,396721.07,-0.00054324,-0.00049677,-0.00058763,-0.00058763,-0.0005538175,-2.6344761904762e-05,-0.2928118700972928,-0.021769942773087,-0.0053953533606545,-0.0005101032142857,-0.7579366606581024,2.7626057379047505e-07
2026-04-22 00:00:00+00:00,-7.690333333333334e-05,-6.756e-05,3.0,804484.8,402242.4,-0.00058763,-0.00036055,-0.00040622,-0.00036055,-0.0004287375,-4.802714285714296e-05,-1.4119869948796342,0.0138214526775986,-0.0226383863326731,-0.0005024857142857,0.8581963906635259,-1.0629157824162575e-06
2026-04-23 00:00:00+00:00,1.8076666666666662e-05,8.56e-06,3.0,774162.88,387081.44,-0.00036055,-0.00054286,-0.00054433,-0.00054433,-0.0004980175,-4.203809523809534e-05,0.3353597949998931,-0.0384197818041656,-0.0750791038518166,-0.0005106046428571,-0.1230753890827494,-6.945015890799669e-07
2026-04-24 00:00:00+00:00,-2.394e-05,-5.031e-05,3.0,844263.34,422131.67,-0.00054433,-0.00060092,-0.00070792,-0.00060092,-0.0006135225,-4.562333333333344e-05,-0.4069697633767355,0.0866821694206798,-0.0303024726566114,-0.0005386389285714,-1.6018528080628824,-2.075171135931076e-06
2026-04-25 00:00:00+00:00,-4.4233333333333336e-05,-5.208e-05,3.0,787430.47,393715.24,-0.00060092,-0.00030235,-0.00042759,-0.00042759,-0.0004396125,-5.297095238095248e-05,-0.7277652185231921,-0.0696893854093314,-0.0391970370341425,-0.0005055228571428,0.7211530274195588,3.0825938146060946e-06
2026-04-26 00:00:00+00:00,2.17e-05,-2.179e-05,3.0,803096.04,401548.02,-0.00042759,-0.00034393,-0.0004616,-0.00034393,-0.0003942625,-3.058333333333343e-05,0.4856754131627331,0.0196992335511474,-0.0473009434712086,-0.0004900003571428,1.2845339616129283,4.274733680598995e-07
2026-04-27 00:00:00+00:00,3.2833333333333334e-06,1.56e-05,3.0,796963.38,398481.69,-0.00034393,-0.00035519,-0.00046855,-0.00035519,-0.000380715,-1.638666666666677e-05,0.1084798977602528,-0.0076655778572476,-0.0173418321944058,-0.0004726692857142,1.3556346627427007,-2.5168647297963088e-08
2026-04-28 00:00:00+00:00,-3.511e-05,-5.158e-05,3.0,792795.15,396397.58,-0.00035519,-0.0004515,-0.00050364,-0.00050364,-0.0004534925,-1.958952380952391e-05,-0.5839922895879726,-0.0052438649931776,-0.0008157544144964,-0.0004583371428571,0.4102682720310213,1.841120999104669e-07
2026-04-29 00:00:00+00:00,-4.9103333333333335e-05,-4.46e-06,3.0,799927.76,399963.88,-0.00050364,-0.0004526,-0.00051965,-0.00051965,-0.0004988849999999,-1.561809523809534e-05,-0.8310848107363269,0.008956558151592,-0.005680648940503,-0.0004683582142857,-0.1882115679749023,-4.397968604370069e-07
2026-04-30 00:00:00+00:00,1.018e-05,-2.069e-05,3.0,823792.0,411896.0,-0.00051965,-0.00038588,-0.00040371,-0.00038588,-0.00042378,-1.6746190476190574e-05,0.3050900896928131,0.0293966472692659,0.0621357801329285,-0.0004577528571428,0.7347306920563527,2.992578692011273e-07
2026-05-01 00:00:00+00:00,-7.333333333333378e-08,-1.081e-05,3.0,796838.94,398419.47,-0.00038588,-0.00035327,-0.00038222,-0.00038222,-0.0003758975,-1.3336666666666764e-05,0.1555654941799072,-0.033265495301709,-0.0578118845894604,-0.0004238064285714,1.3205245892460409,2.43946965545868e-09
2026-05-02 00:00:00+00:00,7.210000000000003e-06,-3.742e-05,3.0,770424.53,385212.27,-0.00038222,-0.00049663,-0.00052714,-0.00052714,-0.0004832825,-5.987619047619146e-06,0.338268592581972,-0.0337108749788939,-0.0218333741590228,-0.000430045,-0.0673013275881501,-2.430554085978252e-07
2026-05-03 00:00:00+00:00,-1.5696666666666665e-05,-4.743e-05,3.0,769120.07,384560.04,-0.00052714,-0.00040148,-0.00043595,-0.00043595,-0.00045013,-1.1330000000000097e-05,-0.1626857707809844,-0.0016946054205462,-0.0432272131307165,-0.0004380260714285,0.3459220930959694,2.659965641784057e-08
2026-05-04 00:00:00+00:00,9.693333333333334e-06,5.71e-06,3.0,768419.12,384209.56,-0.00043595,-0.00022241,-0.00048235,-0.00022241,-0.00034078,-1.0414285714285812e-05,0.3625928433957982,-0.000911781700422,-0.0364734169738909,-0.0004323210714285,1.625502068930284,-8.838203949424445e-09
2026-05-05 00:00:00+00:00,-1.0746666666666668e-05,-4.032e-05,3.0,788738.38,394369.19,-0.00022241,-0.00047724,-0.00048144,-0.00047724,-0.0004145825,-6.933809523809622e-06,-0.0664179603973107,0.0260993681174159,-0.0051301838632973,-0.0004267625,0.7199928358130152,-2.804812093684971e-07
2026-05-06 00:00:00+00:00,1.5046666666666666e-05,9.11e-06,3.0,792643.26,396321.63,-0.00047724,-0.00060111,-0.00066481,-0.00066481,-0.0006019925,2.230476190476092e-06,0.4247637043930586,0.0049385775549009,-0.0091481644599884,-0.0004414921428571,-1.4695977814842696,7.430913027607558e-08
2026-05-07 00:00:00+00:00,-2.736e-05,-2.97e-05,3.0,811180.08,405590.04,-0.00066481,-0.00048493,-0.00051887,-0.00051887,-0.00054687,-3.1323809523810503e-06,-0.4151855564366703,0.0231168171917435,-0.0154279945375108,-0.0004590764285714,-0.8001751259674179,-6.324761183661027e-07
2026-05-08 00:00:00+00:00,-4.433333333333326e-07,2.77e-06,3.0,810416.68,405208.34,-0.00051887,-0.00050625,-0.00056733,-0.00056733,-0.000539945,-3.185238095238193e-06,0.1328528702784103,-0.0009415411713025,0.0168959595928956,-0.0004825117857142,-0.7520444706618696,4.1741658594411555e-10
2026-05-09 00:00:00+00:00,3.727666666666667e-05,2.74e-06,3.0,836025.01,418012.51,-0.00056733,-0.00045075,-0.00063279,-0.00063279,-0.000570915,1.109999999999902e-06,1.0436215079535074,0.0311099937540735,0.0817168283258631,-0.0004950307142857,-1.204821607170341,1.159676867172681e-06
2026-05-10 00:00:00+00:00,5.365e-05,2.766e-05,3.0,817987.61,408993.81,-0.00063279,-0.00042548,-0.00050704,-0.00042548,-0.0004976975,1.1016666666666567e-05,1.386575114883989,-0.0218113391163949,0.0616000946300143,-0.0005018260714285,-0.2714670136090296,-1.1701783435945912e-06
2026-05-11 00:00:00+00:00,6.177666666666667e-05,8.374e-05,3.0,806456.64,403228.32,-0.00042548,-0.00036286,-0.000498,-0.000498,-0.000446085,1.845714285714276e-05,1.568284652412666,-0.0141970568430043,0.0483148194874321,-0.0005168696428571,0.3894478209656724,-8.770468482379968e-07
2026-05-12 00:00:00+00:00,3.863666666666666e-05,-8.6e-07,3.0,760066.29,380033.15,-0.000498,-0.00053419,-0.00061542,-0.00061542,-0.0005657575,2.5511904761904665e-05,1.0288474870336792,-0.0592444797849402,-0.0370290284149241,-0.0005384660714285,-1.096517067223013,-2.2890092172908096e-06
2026-05-13 00:00:00+00:00,-8.833333333333334e-06,-8.61e-06,3.0,757749.4,378874.7,-0.00061542,-0.00045274,-0.0005406,-0.0005406,-0.00053734,2.210047619047609e-05,-0.0473662100064856,-0.0030529290411056,-0.0450205350109307,-0.00052923,-0.6781188509231848,2.696753986309997e-08
2026-05-14 00:00:00+00:00,2.2519999999999994e-05,-3.576e-05,3.0,816247.1,408123.55,-0.0005406,-0.00031879,-0.00040736,-0.00031879,-0.000396385,2.922619047619038e-05,0.6391709133031391,0.0743644036315345,0.0062270514288602,-0.0005077321428571,1.0969854762210844,1.6746863697821568e-06
2026-05-15 00:00:00+00:00,4.632e-05,4.135e-05,3.0,884512.53,442256.27,-0.00031879,-0.00043822,-0.00052173,-0.00043822,-0.00042924,3.590666666666657e-05,1.2372312151829163,0.0803195519438393,0.0874881445440021,-0.0004919171428571,0.650116521980196,3.720401646038638e-06
2026-05-16 00:00:00+00:00,7.663333333333333e-06,3.393e-05,3.0,784874.57,392437.29,-0.00043822,-0.0004274,-0.00047647,-0.0004274,-0.0004423724999999,3.1676190476190376e-05,0.3140941249917341,-0.1195127581189066,-0.063134607328978,-0.0004735539285714,0.4843574180246343,-9.15866103051221e-07
2026-05-17 00:00:00+00:00,4.545333333333333e-05,4.977e-05,3.0,843641.41,421820.71,-0.0004274,-0.00044022,-0.00046306,-0.00044022,-0.000442725,3.0505238095238e-05,1.1331612701492548,0.0722036130688366,0.0308803448562535,-0.0004657007142857,0.4942029386693205,3.281894892688853e-06
2026-05-18 00:00:00+00:00,6.337999999999999e-05,7.246e-05,3.0,841064.63,420532.32,-0.00044022,-0.00061521,-0.00061539,-0.00061539,-0.0005715525,3.073428571428561e-05,1.4434413156674055,-0.0030590286355067,0.0420183730637511,-0.0004836246428571,-1.3006820807962924,-1.9388123491841952e-07
2026-05-19 00:00:00+00:00,-5.343333333333333e-06,-2.562e-05,3.0,801493.95,400746.98,-0.00061539,-0.00041245,-0.00044598,-0.00041245,-0.0004715674999999,2.445142857142847e-05,-0.1882724225090347,-0.0481910823352453,0.053071770513446,-0.0004701689285714,0.076699220697148,2.575010166113278e-07
2026-05-20 00:00:00+00:00,4.8666666666666666e-05,5.843e-05,3.0,785714.33,392857.17,-0.00041245,-0.00053979,-0.00054931,-0.00054931,-0.000512715,3.266571428571419e-05,1.223753824109997,-0.0198841451453848,0.0362405544091668,-0.0004666510714285,-0.4912024562607555,-9.67695063742062e-07
2026-05-21 00:00:00+00:00,5.240333333333333e-05,5.126e-05,3.0,789117.79,394558.9,-0.00054931,-0.0004743,-0.00048841,-0.00048841,-0.0005001074999999,3.693476190476181e-05,1.241105986303066,0.0043223214151222,-0.0338015278072454,-0.0004814685714285,-0.3469850687529768,2.2650404989045537e-07
2026-05-22 00:00:00+00:00,4.397e-05,5.692e-05,3.0,763202.61,381601.31,-0.00048841,-0.0004359,-0.0005906,-0.0005906,-0.0005263775,3.6599047619047526e-05,0.9813949272355824,-0.0333920600044557,-0.1475131397555404,-0.0004953453571428,-0.6731360928098218,-1.468248878395918e-06
2026-05-23 00:00:00+00:00,5.349e-05,7.759e-05,3.0,757152.24,378576.12,-0.0005906,-0.00041608,-0.0005757,-0.0005757,-0.0005395199999999,4.314571428571419e-05,1.21207191133727,-0.0079591970786054,-0.0359595787152393,-0.0005092235714285,-0.8305042740143004,-4.257374517346074e-07
2026-05-24 00:00:00+00:00,5.0723333333333336e-05,6.454e-05,3.0,796145.56,398072.78,-0.0005757,-0.0004627,-0.00054731,-0.0004627,-0.0005121025,4.389857142857133e-05,1.055458624453205,0.0502176905874041,-0.0579455011966718,-0.0005191346428571,-0.5248938427742872,2.5472086588950947e-06
2026-05-25 00:00:00+00:00,5.686e-05,5.118e-05,3.0,725805.92,362902.96,-0.0004627,-0.00020177,-0.00039015,-0.00039015,-0.0003611925,4.296714285714276e-05,1.1888930233318522,-0.0924993821856965,-0.1473858547468616,-0.0004890832142857,1.6143039102802892,-5.259514871078705e-06
2026-05-26 00:00:00+00:00,6.482666666666666e-05,8.183e-05,3.0,774835.05,387417.53,-0.00039015,-0.00048738,-0.00055363,-0.00055363,-0.0004961975,5.299142857142847e-05,1.3526114988426454,0.0653675167276439,-0.0338272556839722,-0.0004926017857142,-0.2704616495124787,4.237558217730732e-06
2026-05-27 00:00:00+00:00,2.3596666666666664e-05,2.548e-05,3.0,774419.99,387210.0,-0.00055363,-0.00048709,-0.00055455,-0.00055455,-0.000537455,4.94099999999999e-05,0.0492867947709142,-0.0005358188280357,-0.0144789293666232,-0.0004961360714285,-0.8167614163236184,-1.2643538278884106e-08
2026-05-28 00:00:00+00:00,-4.14e-06,9.37e-06,3.0,810777.6,405388.8,-0.00055455,-0.00054297,-0.00061237,-0.00061237,-0.000580565,4.133238095238085e-05,-0.8908262927375634,0.0458794379989235,0.0270781872171781,-0.00050763,-1.3567364178080752,-1.8994087331554366e-07
2026-05-29 00:00:00+00:00,-4.1196666666666665e-05,2.27e-05,3.0,890684.15,445342.08,-0.00061237,-0.00029348,-0.00029842,-0.00029842,-0.0003756724999999,2.9165714285714187e-05,-2.1569603347104778,0.0939960881256052,0.154466335347239,-0.0004861007142857,1.496158796780939,-3.872325510481183e-06
2026-05-30 00:00:00+00:00,5.851e-05,7.212e-05,3.0,831827.81,415913.91,-0.00029842,-0.00044673,-0.00054105,-0.00044673,-0.0004332325,2.9882857142857044e-05,1.1019957769716453,-0.0683644150191931,0.0940611174066514,-0.0004709167857142,0.7007863930877075,-4.0000019227729885e-06
2026-05-31 00:00:00+00:00,3.4126666666666666e-05,6.093e-05,3.0,827918.7,413959.35,-0.00044673,-0.00042632,-0.00050934,-0.00042632,-0.0004521775,2.7511904761904663e-05,0.2673373550123871,-0.0047104991089312,0.039132927710316,-0.0004623560714285,0.489505205831639,-1.607536329241284e-07
2026-06-01 00:00:00+00:00,4.975333333333333e-05,-1.604e-05,3.0,854839.12,427419.56,-0.00042632,-0.00036362,-0.00043346,-0.00043346,-0.000414215,2.6496666666666568e-05,0.7366659349288198,0.0319983263303864,0.163630636226399,-0.0004699307142857,0.9896475877759976,1.5920233960244944e-06
2026-06-02 00:00:00+00:00,6.434e-05,0.0001,3.0,847534.59,423767.3,-0.00043346,-0.00024433,-0.00026909,-0.00026909,-0.0003039925,2.642714285714276e-05,1.1466627804477754,-0.0085816349080296,0.0896814845907254,-0.0004424728571428,2.2627771235801726,-5.521423899826281e-07
2026-06-03 00:00:00+00:00,4.3110000000000006e-05,1.899e-05,3.0,832663.56,416331.78,-0.00026909,-0.0003255,-0.00050538,-0.00050538,-0.0004013375,2.921476190476181e-05,0.3994444832842761,-0.0177019815553567,0.0725153218634044,-0.0004230275,1.0697236404498869,-7.631324248514291e-07
2026-06-04 00:00:00+00:00,3.6956666666666665e-05,5.729e-05,3.0,857673.93,428836.97,-0.00050538,-0.0004631,-0.00062735,-0.00062735,-0.000555795,3.5085714285714195e-05,0.1434343547129933,0.029594321265673,0.0562302051301539,-0.0004194889285714,-0.946243771735926,1.0937074662417246e-06
2026-06-05 00:00:00+00:00,2.596e-05,5.55e-06,3.0,825726.74,412863.37,-0.00062735,-0.0003194,-0.0004571,-0.0004571,-0.0004652375,4.467952380952371e-05,-0.2556097376911662,-0.0379600967489945,-0.0757259797444458,-0.0004322839285714,0.2200328145156667,-9.854441116038995e-07
2026-06-06 00:00:00+00:00,-5.001333333333333e-05,-6.866e-05,3.0,875051.21,437525.61,-0.0004571,-0.00053675,-0.00075313,-0.00053675,-0.0005709325,2.917619047619038e-05,-2.7209719518818622,0.0580185148169931,0.0506569500917404,-0.0004519553571428,-1.2398952641109486,-2.901699321047218e-06
2026-06-07 00:00:00+00:00,-1.475e-05,-1.664e-05,3.0,817414.39,408707.2,-0.00053675,-0.0004843,-0.00049698,-0.00049698,-0.0005037525,2.2193809523809425e-05,-1.5099726877900608,-0.068136234784168,-0.0127687855834963,-0.0004593232142857,-0.326611246082833,1.0050094630664792e-06
2026-06-08 00:00:00+00:00,-7.914666666666667e-05,-9.555e-05,3.0,847030.01,423515.01,-0.00049698,-0.00035883,-0.00042087,-0.00042087,-0.0004243875,3.7795238095237135e-06,-2.900373017713195,0.0355899493819293,-0.0091771625319534,-0.0004607764285714,0.7328338079399959,-2.8168258604151047e-06
2026-06-09 00:00:00+00:00,-4.409666666666667e-05,-6.42e-06,3.0,890934.74,445467.37,-0.00042087,-0.00071735,-0.00078022,-0.00078022,-0.000674665,-1.1711428571428668e-05,-1.7720696776448597,0.0505350562846942,0.0499395286607704,-0.0005137296428571,-2.4542626583694784,-2.2284275319674003e-06
2026-06-10 00:00:00+00:00,-3.9183333333333335e-05,-3.623e-05,3.0,908906.07,454453.04,-0.00078022,-0.00048314,-0.00053078,-0.00048314,-0.00056932,-2.3467619047619143e-05,-1.5183906821093265,0.0199705742630964,0.0876120844792236,-0.0005377271428571,-1.0464890023502629,-7.82513668208996e-07
2026-06-11 00:00:00+00:00,-1.3966666666666671e-06,1.88e-05,3.0,912814.11,456407.06,-0.00048314,-0.00041191,-0.00053336,-0.00053336,-0.0004904425,-2.8946666666666763e-05,-0.5382630890644577,0.0042905008551432,0.0623082640686938,-0.0005283910714285,-0.093630789097075,-5.992399527683429e-09
2026-06-12 00:00:00+00:00,2.6696666666666668e-05,3.746e-05,3.0,905156.94,452578.47,-0.00053336,-0.00048455,-0.00053161,-0.00053161,-0.0005202825,-2.8841428571428668e-05,0.135152696307248,-0.0084239133299988,0.0918444474876896,-0.0005362546428571,-0.4827721249625271,-2.2489040619986826e-07
2026-06-13 00:00:00+00:00,1.2736666666666668e-05,3.138e-05,3.0,860475.52,430237.76,-0.00053161,-0.00043621,-0.00048477,-0.00043621,-0.0004722,-1.9877142857142954e-05,-0.2083828077927222,-0.050623176359517,-0.0167972436888206,-0.00052215,0.1677822967645254,-6.447705228990492e-07
2026-06-14 00:00:00+00:00,1.9466666666666664e-05,4.943e-05,3.0,816352.12,408176.06,-0.00043621,-0.00044321,-0.00049972,-0.00049972,-0.000469715,-1.4989047619047716e-05,-0.0164283667558995,-0.0526393851763771,-0.0013003940810296,-0.0005172875,0.2197718233911021,-1.0247133647668078e-06
2026-06-15 00:00:00+00:00,8.266666666666667e-07,7e-07,3.0,796875.85,398437.93,-0.00049972,-0.00044031,-0.00049837,-0.00049837,-0.0004841925,-3.564285714285811e-06,-0.4824680424315827,-0.024146886481251,-0.0610372299442101,-0.0005258310714285,0.0476569563070187,-1.9961426157834223e-08
2026-06-16 00:00:00+00:00,2.4756666666666663e-05,1.47e-06,3.0,781197.6,390598.8,-0.00049837,-0.00060666,-0.00060691,-0.00060691,-0.0005797125,6.271904761904665e-06,0.141765290775987,-0.0198707682117031,-0.1314430544406075,-0.0005122664285714,-1.1382307296234746,-4.91933985027732e-07
2026-06-17 00:00:00+00:00,7.866666666666665e-06,3.072e-05,3.0,769898.99,384949.5,-0.00060691,-0.00047614,-0.00050213,-0.00050213,-0.0005218274999999,1.2993333333333237e-05,-0.247074297286176,-0.0145688023767238,-0.1659824310804278,-0.0005054817857142,-0.4122949351406929,-1.1460791203022774e-07
2026-06-18 00:00:00+00:00,4.729666666666666e-05,-5.85e-06,3.0,748580.64,374290.32,-0.00050213,-0.00035431,-0.00041629,-0.00035431,-0.00040676,1.994952380952371e-05,0.7324439812396043,-0.0280803908968856,-0.1983533228324567,-0.0004935271428571,1.0622234126121717,-1.3281088881197009e-06
2026-06-19 00:00:00+00:00,-1.0126666666666666e-05,-1.353e-05,3.0,704531.36,352265.68,-0.00035431,-0.00044399,-0.00051428,-0.00051428,-0.000456715,1.468904761904752e-05,-0.7094365718398864,-0.0606460893399489,-0.2505754988424069,-0.0004844460714285,0.3887247563711086,6.141427313825499e-07
2026-06-20 00:00:00+00:00,1.2989999999999998e-05,-1.938e-05,3.0,725030.46,362515.23,-0.00051428,-0.00048484,-0.0005021,-0.00048484,-0.000496515,1.4725238095237996e-05,-0.074938469989091,0.0286808235775968,-0.171271498905293,-0.0004879196428571,-0.1293538059141257,3.725638982729827e-07
2026-06-21 00:00:00+00:00,4.116333333333333e-05,6.553e-05,3.0,717423.09,358711.55,-0.00048484,-0.00046088,-0.00047552,-0.00047552,-0.00047419,1.7824761904761806e-05,0.6729409238517468,-0.0105479175145113,-0.1291800312434272,-0.0004885589285714,0.1384672108720387,-4.341874446223351e-07
2026-06-22 00:00:00+00:00,2.104e-05,-5.91e-06,3.0,723378.21,361689.11,-0.00047552,-0.00051551,-0.00054454,-0.00051551,-0.00051277,2.071238095238085e-05,0.1720508343230617,0.0082664471658446,-0.0967666975963315,-0.0004926414285714,-0.378662896347201,1.739260483693721e-07
2026-06-23 00:00:00+00:00,1.7673333333333336e-05,5.8e-05,3.0,724800.91,362400.46,-0.00051551,-0.00050756,-0.00064779,-0.00050756,-0.000544605,1.9700476190476093e-05,0.1129409269165131,0.0019648128301881,-0.0749311165544401,-0.0004876260714285,-0.7757165881475502,3.4724792085524766e-08
2026-06-24 00:00:00+00:00,-5.191666666666666e-05,-5.207e-05,3.0,682961.72,341480.86,-0.00050756,-0.00055772,-0.00068948,-0.00055772,-0.00057812,1.1159999999999902e-05,-1.6513959471869846,-0.0594581990987617,-0.119820513276478,-0.0004956678571428,-1.145657865999156,3.086871503210712e-06
2026-06-25 00:00:00+00:00,-1.618e-05,5.98e-06,3.0,725659.71,362829.86,-0.00055772,-0.00041905,-0.00057485,-0.00057485,-0.0005316175,2.091904761904665e-06,-0.6455593161229249,0.0606423747854574,-0.0310977475941349,-0.0005135046428571,-0.5072886078064797,-9.81193624028701e-07
2026-06-26 00:00:00+00:00,-7.600000000000017e-07,-5.806e-05,3.0,670290.16,335145.08,-0.00057485,-0.00059958,-0.00059989,-0.00059989,-0.0005935525,3.4299999999999024e-06,-0.1984145494783984,-0.0793704926713125,-0.0498221509254985,-0.0005330528571428,-1.2742971070814084,6.032157443019769e-08
2026-06-27 00:00:00+00:00,1.849333333333333e-05,2.916e-05,3.0,698541.96,349270.98,-0.00059989,-0.00050668,-0.00051711,-0.00050668,-0.0005325899999999,4.216190476190379e-06,0.3132798275629101,0.0412845552126253,-0.03721841929047,-0.0005382064285714,-0.5134550427585902,7.63489041065484e-07
2026-06-28 00:00:00+00:00,-9.496666666666668e-06,-3.171e-05,3.0,720309.22,360154.61,-0.00050668,-0.00057817,-0.00059722,-0.00059722,-0.0005698225,-3.0209523809524776e-06,-0.5042323297817362,0.030685343560771,0.0040148417848122,-0.0005518682142857,-0.9464821123616824,-2.914084793487888e-07
2026-06-29 00:00:00+00:00,-2.843e-05,2.49e-06,3.0,705588.12,352794.06,-0.00059722,-0.00029892,-0.00047049,-0.00029892,-0.0004163875,-1.0088095238095334e-05,-0.980402866818504,-0.0206489242193761,-0.0249005296004085,-0.0005380992857142,1.1214476882019329,5.870489155568637e-07
2026-06-30 00:00:00+00:00,3.88e-06,6.97e-06,3.0,705979.83,352989.92,-0.00029892,-0.00053949,-0.00062023,-0.00062023,-0.0005197175,-1.2058571428571525e-05,-0.0128538435054337,0.0005549998638816,-0.026310342566715,-0.0005345439285714,-0.2423932013304841,2.153399471860737e-09
2026-07-01 00:00:00+00:00,6.76e-06,6.6e-06,3.0,711932.01,355966.01,-0.00062023,-0.00046287,-0.00058527,-0.00046287,-0.00053281,-3.676190476190573e-06,0.1177974839893829,0.0083957475993017,0.0415436041313483,-0.0005280710714285,-0.3749988183268609,5.6755253771279686e-08
2026-07-02 00:00:00+00:00,7.260666666666667e-05,7.063e-05,3.0,704822.21,352411.11,-0.00046287,-0.00061482,-0.00065834,-0.00065834,-0.0005985925,9.00761904761895e-06,2.0750904632113327,-0.0100368286680581,-0.0291355993221671,-0.0005376389285714,-1.3150317903758195,-7.287406734921389e-07
2026-07-03 00:00:00+00:00,7.066333333333333e-05,7.85e-05,3.0,700280.13,350140.07,-0.00065834,-0.00041751,-0.00047056,-0.00041751,-0.00049098,1.9210952380952287e-05,1.9053466047408956,-0.0064651459065299,0.0437697474426155,-0.0005229857142857,0.4641710997171012,-4.568487602417587e-07
2026-07-04 00:00:00+00:00,6.187666666666667e-05,7.795e-05,3.0,745813.78,372906.89,-0.00041751,-0.00045493,-0.00048342,-0.00045493,-0.0004526975,2.540857142857133e-05,1.580939666872563,0.062995503672715,0.0654806959027052,-0.0005115725,1.0365627376429971,3.897951782255362e-06
2026-07-05 00:00:00+00:00,4.787000000000001e-05,5.822e-05,3.0,725037.18,362518.59,-0.00045493,-0.00045486,-0.00056157,-0.00045486,-0.000481555,3.360380952380943e-05,1.150970244757981,-0.0282530080790781,0.006542344262856,-0.0004989628571428,0.5705056058356481,-1.3524714967454717e-06
2026-07-06 00:00:00+00:00,3.0896666666666665e-05,3.535e-05,3.0,711053.64,355526.82,-0.00045486,-0.00035287,-0.00038317,-0.00035287,-0.0003859424999999,4.207904761904753e-05,0.6371069566834693,-0.0194750663028475,0.0077162021793846,-0.0004946135714285,1.9491897751768272,-6.017146318703136e-07
2026-07-07 00:00:00+00:00,6.063e-05,4.799e-05,3.0,722690.73,361345.37,-0.00035287,-0.00034484,-0.0004503,-0.0004503,-0.0003995775,5.018619047619039e-05,1.3684541221957571,0.0162335013120085,0.0233947036275115,-0.0004774507142857,1.6010312777117992,9.842371845470762e-07
2026-07-08 00:00:00+00:00,4.368000000000001e-05,3.827e-05,3.0,723445.57,361722.79,-0.0004503,-0.00053711,-0.00063293,-0.00053711,-0.0005393625,5.54604761904761e-05,0.8810386927996147,0.0010439404204891,0.0160428964486989,-0.0004783867857142,-0.4535447851418938,4.559931756696671e-08
2026-07-09 00:00:00+00:00,-5.426666666666667e-06,2.581e-05,3.0,709677.38,354838.69,-0.00053711,-0.00048156,-0.00051612,-0.00051612,-0.0005127275,4.431285714285705e-05,-0.7003777135034825,-0.0192148393272706,0.0068648857894864,-0.0004661203571428,-0.1441067742817018,1.0427252808265533e-07
2026-07-10 00:00:00+00:00,3.108e-05,1.279e-05,3.0,689047.43,344523.72,-0.00051612,-0.00057289,-0.00059563,-0.00057289,-0.0005643825,3.865809523809515e-05,0.4283699797294635,-0.0295003648594374,-0.016170333163421,-0.0004766064285714,-1.0563027633599196,-9.168713398313148e-07
2026-07-11 00:00:00+00:00,5.0826666666666666e-05,4.938e-05,3.0,698390.5,349195.25,-0.00057289,-0.00048198,-0.00050636,-0.00050636,-0.0005168975,3.707952380952372e-05,1.033675390992562,0.0134682943715098,-0.0656975424646262,-0.0004857778571428,-0.2053931427298654,6.84548508589275e-07
2026-07-12 00:00:00+00:00,3.3346666666666664e-05,4.533e-05,3.0,730804.56,365402.28,-0.00050636,-0.00050022,-0.00063149,-0.00050022,-0.0005345725,3.500476190476181e-05,0.4328923181693248,0.045367662308827,0.0079231279232789,-0.0004933517857142,-0.5063902314195705,1.5128603124583526e-06
2026-07-13 00:00:00+00:00,1.246e-05,6.062e-05,3.0,730920.09,365460.05,-0.00050022,-0.00043164,-0.00050361,-0.00050361,-0.00048477,3.237095238095229e-05,-0.2725837457655728,0.000158073547217,0.0275562677733436,-0.00050747,0.3759237307731436,1.969596398324888e-09
2026-07-14 00:00:00+00:00,2.101e-05,3.082e-05,3.0,772522.65,386261.33,-0.00050361,-0.00029786,-0.00036614,-0.00029786,-0.0003663675,2.6710952380952286e-05,0.0145785757197051,0.0553571909615389,0.066679957422874,-0.0005027257142857,2.1991832547617727,1.1630545821019325e-06
2026-07-15 00:00:00+00:00,4.501e-05,0.0001,3.0,749148.79,374574.4,-0.00029786,-0.00030888,-0.00043367,-0.00043367,-0.0003685199999999,2.690095238095229e-05,0.7736221753927638,-0.0307237134064184,0.0349123035959664,-0.0004783196428571,1.9565517589710109,-1.382874340422894e-06
2026-07-16 00:00:00+00:00,5.791666666666667e-05,5.944e-05,3.0,854473.46,427236.73,-0.00043367,-0.00041714,-0.00060474,-0.00041714,-0.0004681724999999,3.5949999999999905e-05,1.14379556906787,0.1315478276504169,0.185674970573654,-0.0004719546428571,0.414196168660799,7.618811684753315e-06
2026-07-17 00:00:00+00:00,3.59e-05,4.05e-05,3.0,813609.15,406804.58,-0.00041714,-0.00050408,-0.00058988,-0.00058988,-0.000525245,3.663857142857133e-05,0.3892873784440135,-0.049005351990619,0.1661699834424723,-0.0004663635714285,-0.4614429354266531,-1.7592921364632242e-06
2026-07-18 00:00:00+00:00,3.0263333333333336e-05,3.372e-05,3.0,775463.42,387731.71,-0.00058988,-0.00046682,-0.00052654,-0.00052654,-0.000527445,3.3700952380952285e-05,0.224342711308574,-0.0480192790477413,0.1046824100232211,-0.0004678703571428,-0.4468633190559309,-1.453223448248147e-06
2026-07-19 00:00:00+00:00,1.656e-05,2.807e-05,3.0,721575.58,360787.79,-0.00052654,-0.00045095,-0.00048314,-0.00045095,-0.000477895,3.1302857142857044e-05,-0.2670975068557658,-0.072023685223689,-0.012708937509295,-0.0004597735714285,0.3514685721359539,-1.192712227304291e-06
2026-07-20 00:00:00+00:00,5.288333333333333e-05,7.528e-05,3.0,749904.42,374952.21,-0.00045095,-0.00041124,-0.00045924,-0.00041124,-0.0004331675,3.707761904761895e-05,0.911792683437116,0.0385086316968248,0.0256416206403127,-0.0004524017857142,1.0117592973005525,2.036464806233753e-06
2026-07-21 00:00:00+00:00,3.735000000000001e-05,5.649e-05,3.0,753239.23,376619.62,-0.00041124,-0.00052714,-0.00060368,-0.00060368,-0.000536435,3.941190476190466e-05,0.3950162897274379,0.004437121457185,-0.0252784488640411,-0.0004766971428571,-0.5695308813676984,1.657264864258598e-07
2026-07-22 00:00:00+00:00,5.783e-05,3.134e-05,3.0,803551.26,401775.63,-0.00060368,-0.00047694,-0.00048719,-0.00048719,-0.00051375,4.124333333333325e-05,1.0238941367864782,0.0646580991692893,0.0701033637116665,-0.0004974442857142,-0.2152736720573254,3.739177874960002e-06
2026-07-23 00:00:00+00:00,2.0696666666666664e-05,5.349e-05,3.0,826363.29,413181.65,-0.00048719,-0.00048424,-0.00048606,-0.00048424,-0.0004854324999999,3.592619047619038e-05,-0.2065585794644506,0.0279935161954885,-0.0334509477432618,-0.00049991,0.1970529968106083,5.793724735259605e-07
2026-07-24 00:00:00+00:00,-4.2033333333333335e-06,2.35e-06,3.0,813558.6,406779.3,-0.00048424,-0.00056464,-0.00059087,-0.00059087,-0.000557655,3.019714285714276e-05,-1.211005388727855,-0.0156165367472365,-6.213249987929714e-05,-0.00050454,-0.9606189172582684,6.564150946088413e-08
2026-07-25 00:00:00+00:00,3.183333333333333e-06,1.49e-06,3.0,754007.49,377003.75,-0.00059087,-0.00040821,-0.00048337,-0.00048337,-0.0004914549999999,2.632857142857133e-05,-0.9942855387326192,-0.0760156568382957,-0.0280585102904336,-0.0004993985714285,0.0718940162735133,-2.4198317426857464e-07
2026-07-26 00:00:00+00:00,4.481333333333333e-05,6.889e-05,3.0,722460.96,361230.48,-0.00048337,-0.00043079,-0.00046427,-0.00046427,-0.000460675,3.0364761904761808e-05,0.5500036020954264,-0.0427389177210297,0.0012262572122256,-0.0004969385714285,0.5139488272900523,-1.9152733661384143e-06
2026-07-27 00:00:00+00:00,4.9793333333333337e-05,7.67e-05,3.0,739732.37,369866.19,-0.00046427,-0.00035836,-0.00067513,-0.00067513,-0.0005432225,2.992333333333324e-05,0.7000459731158465,0.0236250746959303,-0.0136572997886688,-0.0005126607142857,-0.8515813146890563,1.176371219359358e-06
2026-07-28 00:00:00+00:00,4.084666666666667e-05,1.043e-05,3.0,821601.96,410800.98,-0.00067513,-0.00056028,-0.00059713,-0.00059713,-0.0006074175,3.042285714285705e-05,0.3016506429275498,0.1049675855800771,0.0868731643342233,-0.0005228010714285,-1.833637219716524,4.287575978994218e-06
2026-07-29 00:00:00+00:00,4.576666666666667e-06,2.712e-05,3.0,779226.07,389613.04,-0.00059713,-0.00039539,-0.0006058,-0.0006058,-0.00055103,2.2815238095238e-05,-1.3366459596453488,-0.0529548350397615,-0.0307397698748275,-0.0005281267857142,-0.869165509522154,-2.4235662836530853e-07
2026-07-30 00:00:00+00:00,3.597333333333333e-05,2.025e-05,3.0,775978.05,387989.03,-0.0006058,-0.00035364,-0.00047102,-0.00047102,-0.0004753699999999,2.499761904761895e-05,0.0177542700263751,-0.0041769754601492,-0.0629102615304653,-0.0005266892857142,0.3380216437058818,-1.502597305531034e-07
2026-07-31 00:00:00+00:00,6.297333333333333e-05,5.778e-05,3.0,709858.34,354929.17,-0.00047102,-0.00063575,-0.00066714,-0.00063575,-0.000602415,3.459428571428562e-05,1.1869752786676364,-0.0890588046990732,-0.136352529482302,-0.0005330835714285,-1.6211359500625206,-5.608329794582972e-06
2026-08-01 00:00:00+00:00,-3.2600000000000014e-06,-7.537e-05,3.0,808785.92,404392.96,-0.00063575,-0.00038121,-0.00042419,-0.00038121,-0.0004555899999999,3.367380952380943e-05,-1.761973978606164,0.1304688300466896,0.0701319574026833,-0.00052796,0.6175668645323688,-4.253283859522084e-07
2026-08-02 00:00:00+00:00,1.0183333333333336e-05,4.746e-05,3.0,762954.3,381477.15,-0.00038121,-0.00047036,-0.00048775,-0.00047036,-0.00045242,2.872666666666657e-05,-1.080419916892584,-0.0583361247083527,0.0545347504153603,-0.0005267807142857,0.6433349820784471,-5.940562032800584e-07
2026-08-03 00:00:00+00:00,2.7153333333333333e-05,-1.5e-07,3.0,733007.39,366503.7,-0.00047036,-0.00032176,-0.00038801,-0.00032176,-0.0003754724999999,2.5492380952380856e-05,-0.2265347616554132,-0.040042350648731,-0.009132674929301,-0.0005028164285714,1.7493908931951558,-1.0872832946152112e-06
2026-08-04 00:00:00+00:00,2.2706666666666667e-05,4.011e-05,3.0,750006.07,375003.04,-0.00032176,-0.00055365,-0.00055365,-0.00055365,-0.0004956775,2.290095238095228e-05,-0.4073196307606229,0.0229255161397201,-0.091174744369658,-0.0004868535714285,-0.0822434038280589,5.205620531459125e-07
2026-08-05 00:00:00+00:00,3.000666666666667e-05,3.562e-05,3.0,742671.1,371335.55,-0.00055365,-0.00048665,-0.00055079,-0.00055079,-0.00053547,2.6533809523809425e-05,-0.0439003820776477,-0.0098280179903387,-0.0480479273202352,-0.0004846307142857,-0.6400968877973452,-2.9490605983009725e-07
2026-08-06 00:00:00+00:00,9.903333333333332e-06,1.326e-05,3.0,758738.44,379369.22,-0.00055079,-0.00049782,-0.00052921,-0.00049782,-0.00051891,2.2809523809523715e-05,-0.9790168419366332,0.0214038248322019,-0.022467127027884,-0.0004908507142857,-0.3261651203471556,2.1196921192157318e-07
2026-08-07 00:00:00+00:00,3.6983333333333336e-05,1.973e-05,3.0,776465.25,388232.63,-0.00049782,-0.00055145,-0.00056678,-0.00055145,-0.000541875,1.909666666666657e-05,0.4088660365608405,0.0230947828218113,0.0896864604930005,-0.0004822021428571,-0.7053483147080628,8.541220513599887e-07
2026-08-08 00:00:00+00:00,2.594333333333333e-05,6.138e-05,3.0,771875.16,385937.58,-0.00055145,-0.00057987,-0.00059553,-0.00057987,-0.00057668,2.326857142857133e-05,-0.2207292118863908,-0.0059290623908445,-0.0467114319445336,-0.0004995007142857,-1.2150423165691624,-1.5381964195981078e-07
2026-08-09 00:00:00+00:00,2.4366666666666665e-06,2.978e-05,3.0,814642.85,407321.43,-0.00057987,-0.0003756,-0.0003756,-0.0003756,-0.0004266675,2.2161904761904665e-05,-1.3902241538665725,0.0539269692313766,0.0655516619951956,-0.0004958217857142,1.1294849578052488,1.3140204836045438e-07
2026-08-10 00:00:00+00:00,4.906e-05,5.266e-05,3.0,822931.46,411465.73,-0.0003756,-0.00038321,-0.00052859,-0.00038321,-0.0004176524999999,2.5291428571428477e-05,1.050277563252544,0.0101231201934588,0.1157171328373856,-0.0005018475,1.1921222118090928,4.966402766910909e-07
2026-08-11 00:00:00+00:00,4.593666666666666e-05,3.473e-05,3.0,812646.37,406323.19,-0.00038321,-0.00043946,-0.00057663,-0.00043946,-0.00045969,2.8609999999999904e-05,0.8541455684936127,-0.0125768708570515,0.0802147458406139,-0.0004967064285714,0.4944303763535824,-5.777395242700892e-07
2026-08-12 00:00:00+00:00,1.478e-05,3.181e-05,3.0,797393.43,398696.72,-0.00043946,-0.00044611,-0.00044819,-0.00044819,-0.0004454875,2.6434761904761807e-05,-0.7646405990971744,-0.018947850035893,0.0710949137950596,-0.0004838517857142,0.6916264097085024,-2.8004922353049934e-07
2026-08-13 00:00:00+00:00,6.654666666666666e-05,4.742e-05,3.0,762096.55,381048.28,-0.00044819,-0.0004125,-0.00051623,-0.0004125,-0.000447355,3.452666666666657e-05,1.7471007625382626,-0.0452749419387998,0.0044161470240577,-0.0004736296428571,0.7489100983081429,-3.012896469554003e-06
2026-08-14 00:00:00+00:00,6.411333333333333e-05,4.152e-05,3.0,736251.17,368125.59,-0.0004125,-0.00042951,-0.00044547,-0.00042951,-0.0004292475,3.8402380952380856e-05,1.540134105532397,-0.0345019295982016,-0.0531805653959551,-0.00045754,1.1474975928472722,-2.2120337129727014e-06
2026-08-15 00:00:00+00:00,2.970333333333333e-05,2.58e-05,3.0,734860.71,367430.36,-0.00042951,-0.00040373,-0.0004409,-0.00040373,-0.0004194675,3.893952380952372e-05,-0.0497021707303066,-0.001890353049232,-0.0491418560543426,-0.0004350810714285,1.2587445304967926,-5.6149786739021736e-08
2026-08-16 00:00:00+00:00,3.9313333333333335e-05,7.122e-05,3.0,751501.58,375750.79,-0.00040373,-0.00044614,-0.00054708,-0.00044614,-0.0004607725,4.420761904761895e-05,0.413194783727155,0.0223923406031349,-0.0806764846825842,-0.0004399532142857,0.5140354186848518,8.803175502445805e-07
2026-08-17 00:00:00+00:00,6.224e-05,5.982e-05,3.0,749386.82,374693.41,-0.00044614,-0.00043026,-0.00046902,-0.00043026,-0.00044392,4.609047619047609e-05,1.4241184209621378,-0.0028180128508914,-0.0936176177269345,-0.0004437057142857,0.7531289936202936,-1.7539311983948381e-07
2026-08-18 00:00:00+00:00,4.9810000000000006e-05,7.211e-05,3.0,746663.89,373331.95,-0.00043026,-0.00043557,-0.00052254,-0.00052254,-0.0004777275,4.664380952380943e-05,0.7871785593482511,-0.0036401613776089,-0.0846809082474919,-0.0004462825,0.1746578693469201,-1.813164382187003e-07
2026-08-19 00:00:00+00:00,3.021e-05,3.519e-05,3.0,805672.82,402836.41,-0.00052254,-0.00046748,-0.00047985,-0.00047985,-0.00048743,4.884809523809514e-05,-0.0972424753652239,0.0760625921493787,0.0103295339377798,-0.0004522742857142,0.04024943768812,2.297850908832731e-06
2026-08-20 00:00:00+00:00,6.147333333333333e-05,0.0001,3.0,825627.41,412813.71,-0.00047985,-0.00027055,-0.00030631,-0.00030631,-0.000340755,4.812333333333324e-05,1.3114740260593951,0.0244658646996462,0.0800703405762259,-0.0004370457142857,2.2650210189602022,1.5039982559695896e-06
2026-08-21 00:00:00+00:00,9.663333333333332e-05,8.99e-05,3.0,763354.54,381677.27,-0.00030631,-0.0003424,-0.00037829,-0.0003424,-0.00034235,5.276904761904752e-05,2.5729813238479857,-0.0784210051194254,0.0361512650550022,-0.0004246317857142,1.998318302381825,-7.578083128040474e-06
2026-08-22 00:00:00+00:00,9.153666666666668e-05,0.0001,3.0,745092.75,372546.38,-0.0003424,-6.759e-05,-6.788e-05,-6.788e-05,-0.0001364374999999,6.160238095238086e-05,2.092420745533811,-0.0242138818788699,0.0138277362253642,-0.0003841989285714,3.5851076702623037,-2.2164580342521608e-06
2026-08-23 00:00:00+00:00,0.0001,0.0001,3.0,767036.64,383518.32,-6.788e-05,-0.00021448,-0.000334,-0.00021448,-0.00020771,7.027190476190466e-05,2.177699767049013,0.0290258634860407,0.02046125910827,-0.0003480471428571,2.4275566530326795,2.902586348604075e-06
2026-08-24 00:00:00+00:00,0.0001,0.0001,3.0,811602.09,405801.05,-0.00021448,-0.00035321,-0.00039697,-0.00035321,-0.0003294675,7.566619047619037e-05,1.9763415833363196,0.0564756123476897,0.0797548843068511,-0.0003316967857142,1.1500132757348325,5.647561234768972e-06
2026-08-25 00:00:00+00:00,0.0001,0.0001,3.0,799795.06,399897.53,-0.00035321,-0.00052383,-0.00055158,-0.00052383,-0.0004881124999999,8.283619047619038e-05,1.7984803491984165,-0.0146546632590141,0.068740382425446,-0.0003331803571428,-0.3690750170800908,-1.46546632590141e-06
2026-08-26 00:00:00+00:00,4.903666666666667e-05,1.126e-05,3.0,790457.84,395228.92,-0.00052383,-0.0005033,-0.0005282,-0.0005282,-0.0005208825,8.552571428571419e-05,0.1251531783258521,-0.011743197955587,-0.0190654076795198,-0.0003379592857142,-0.6954220977249225,-5.758472837488058e-07
2026-08-27 00:00:00+00:00,1.715e-05,3.44e-06,3.0,770469.67,385234.84,-0.0005282,-0.00032276,-0.00042267,-0.00032276,-0.0003990975,7.919380952380942e-05,-0.8842470974440095,-0.0256120319578521,-0.0691433043370182,-0.0003462939285714,0.4324410062093067,-4.392463480771637e-07
2026-08-28 00:00:00+00:00,3.954333333333333e-05,1.788e-05,3.0,779387.94,389693.97,-0.00032276,-0.00034842,-0.00048508,-0.00034842,-0.00037617,7.103809523809514e-05,-0.2023329482547431,0.011508629407718,0.0207863301901252,-0.0003511253571428,0.6138967811634013,4.550895688791962e-07
2026-08-29 00:00:00+00:00,3.516666666666667e-05,5.589e-05,3.0,744797.64,372398.82,-0.00034842,-0.000531,-0.00055676,-0.000531,-0.000491795,6.2985238095238e-05,-0.3474645649394453,-0.0453963620218242,-0.0003961499528291,-0.0004018907142857,-0.5611973230059947,-1.596438731100821e-06
2026-08-30 00:00:00+00:00,1.981e-05,4.579e-05,3.0,742179.66,371089.83,-0.000531,-0.00053307,-0.00054935,-0.00054935,-0.0005406925,5.152952380952372e-05,-0.8074136605543497,-0.0035212140831148,-0.0329432275219847,-0.0004494596428571,-1.1147849141304176,-6.975525098650613e-08
2026-08-31 00:00:00+00:00,2.945e-05,3.541e-05,3.0,758187.69,379093.85,-0.00054935,-0.00046849,-0.00067299,-0.00067299,-0.000590955,4.145095238095228e-05,-0.5455003657231688,0.0213396238899026,-0.0680792159797718,-0.000486815,-1.529262372916426,6.284519235576324e-07
2026-09-01 00:00:00+00:00,6.052666666666667e-05,7.095e-05,3.0,743191.47,371595.74,-0.00067299,-0.00042053,-0.00050536,-0.00042053,-0.0005048525,3.5811904761904665e-05,0.4817620071411418,-0.0199772570900353,-0.0734018098107931,-0.0004892064285714,-0.639401557256702,-1.2091567808028758e-06
2026-09-02 00:00:00+00:00,5.212e-05,5.173e-05,3.0,747385.49,373692.75,-0.00042053,-0.00046093,-0.00054822,-0.00054822,-0.000494475,3.625238095238086e-05,0.1562874889189243,0.0056273928557928,-0.0560312189994132,-0.0004854339285714,-0.4974854573291842,2.9329971564392253e-07
2026-09-03 00:00:00+00:00,2.769e-05,2.769e-05,3.0,791568.24,395784.12,-0.00054822,-0.00042334,-0.00042754,-0.00042754,-0.00045666,3.775809523809514e-05,-0.7245440364308504,0.057434988755654,0.0270158017140929,-0.0004936571428571,-0.1314399454784423,1.5903748386440591e-06
2026-09-04 00:00:00+00:00,8.661333333333334e-05,0.0001,3.0,773786.4,386893.2,-0.00042754,-0.00044792,-0.00049837,-0.00044792,-0.0004554375,4.448238095238086e-05,1.2895934597176613,-0.0227202251391318,-0.0072130528327569,-0.0005049810714285,-0.1482422101582962,-1.967874433384007e-06
2026-09-05 00:00:00+00:00,8.047333333333333e-05,4.142e-05,3.0,767640.98,383820.49,-0.00044792,-0.00052645,-0.00054058,-0.00052645,-0.00051035,5.095476190476181e-05,1.009743741726027,-0.0079737166217057,0.0302095925673615,-0.0005076317857142,-0.7149867160021594,-6.416715556040684e-07
2026-09-06 00:00:00+00:00,2.686e-05,1.804e-05,3.0,740764.63,370382.32,-0.00052645,-0.00045578,-0.00046753,-0.00046753,-0.0004793225,5.196190476190467e-05,-0.8813237578344849,-0.0356392133775607,-0.0019084067270842,-0.0004988646428571,-0.4249030809427589,-9.572692713212806e-07
2026-09-07 00:00:00+00:00,3.1780000000000004e-05,1.054e-05,3.0,742038.83,371019.42,-0.00046753,-0.00055668,-0.00058058,-0.00055668,-0.0005403675,5.229476190476181e-05,-0.7185478256220792,0.0017186368227584,-0.0215293937942284,-0.0004916378571428,-1.092370098436164,5.4618278227262363e-08
2026-09-08 00:00:00+00:00,3.422666666666667e-05,8.02e-06,3.0,730803.05,365401.53,-0.00055668,-0.00045018,-0.00047766,-0.00047766,-0.000490545,4.853761904761896e-05,-0.7033861652319849,-0.0152575753308941,-0.0168097120350871,-0.0004895939285714,-0.538658776996071,-5.222159449920692e-07
2026-09-09 00:00:00+00:00,3.3623333333333334e-05,4.875e-05,3.0,763233.24,381616.62,-0.00047766,-0.0004749,-0.0004754,-0.0004754,-0.00047584,4.5895238095238e-05,-0.7007637069089225,0.0434196746411448,0.0209825697502648,-0.0004869317857142,-0.3624858851013382,1.4599141936840927e-06
2026-09-10 00:00:00+00:00,4.4313333333333335e-05,4.012e-05,3.0,750032.46,375016.23,-0.0004754,-0.00045696,-0.00057522,-0.00057522,-0.0005207,4.82699999999999e-05,-0.3026955905668655,-0.0174471870509673,-0.0538996060563565,-0.0004960803571428,-0.8049103187053632,-7.731430155185342e-07
2026-09-11 00:00:00+00:00,-2.6006666666666663e-05,-8.769e-05,3.0,747655.33,373827.67,-0.00057522,-0.00050927,-0.00053685,-0.00050927,-0.0005326525,3.2181428571428484e-05,-2.58354236780494,-0.0031744025851505,-0.0343537835023752,-0.0005071110714285,-0.8865243501978999,8.255562989781557e-08
2026-09-12 00:00:00+00:00,5.641e-05,0.0001,3.0,770938.69,385469.35,-0.00050927,-0.00038607,-0.00044521,-0.00038607,-0.000431655,2.8743809523809425e-05,0.1888727020095839,0.0306667672890235,0.0042867004083539,-0.0004958689285714,0.1459380075890886,1.7299123427738163e-06
2026-09-13 00:00:00+00:00,1.3696666666666669e-05,6.91e-05,3.0,753368.7,376684.35,-0.00038607,-0.00051852,-0.00056989,-0.00051852,-0.00049825,2.686333333333324e-05,-1.1660443177579969,-0.0230541008987721,0.0168718128871425,-0.0004985728571428,-0.5123867206869072,-3.157643353101823e-07
2026-09-14 00:00:00+00:00,3.619666666666667e-05,6.8e-06,3.0,770669.06,385334.53,-0.00051852,-0.00052902,-0.00061315,-0.00061315,-0.00056846,2.749428571428562e-05,-0.4341094567423043,0.0227042972567641,0.0378574733211483,-0.0005025860714285,-1.153253159384907,8.218198797040065e-07
2026-09-15 00:00:00+00:00,5.401666666666667e-05,3.932e-05,3.0,768130.34,384065.17,-0.00061315,-0.00055649,-0.00066807,-0.00066807,-0.000626445,3.0321428571428474e-05,0.1389420275667161,-0.0032996143660444,0.0498154342859979,-0.0005220003571428,-1.5996105868741022,-1.782341693391663e-07
2026-09-16 00:00:00+00:00,-3.225666666666667e-05,-6.029e-05,3.0,804240.76,402120.38,-0.00066807,-0.00061512,-0.00067897,-0.00067897,-0.0006602825,2.0909999999999903e-05,-2.34894763478971,0.0459392447986388,0.052335004443492,-0.0005483492857142,-1.7498966510804712,-1.4818469063880949e-06
2026-09-17 00:00:00+00:00,-2.427e-05,2.6e-05,3.0,773838.56,386919.28,-0.00067897,-0.00036808,-0.00052721,-0.00036808,-0.0004855849999999,1.1112380952380857e-05,-1.9020337271018453,-0.0385354040654917,0.0312467874289676,-0.0005433328571428,-0.1750960648938473,9.35254256669484e-07
2026-09-18 00:00:00+00:00,3.741666666666666e-05,2.798e-05,3.0,791293.41,395646.71,-0.00036808,-0.00042055,-0.00044472,-0.00044472,-0.0004195175,2.0172857142857043e-05,-0.1955216772460276,0.0223055614899596,0.0567267515040779,-0.0005271707142857,0.3981104505785659,8.345997590826572e-07
2026-09-19 00:00:00+00:00,7.471000000000001e-05,0.0001,3.0,785121.78,392560.89,-0.00044472,-0.00031646,-0.00032716,-0.00031646,-0.0003511999999999,2.278714285714276e-05,0.8234585087624243,-0.0078299950043589,0.0182299892106954,-0.0005156771428571,1.01808107322109,-5.849789267756604e-07
2026-09-20 00:00:00+00:00,0.0001,0.0001,3.0,844195.14,422097.57,-0.00031646,-0.0003812,-0.00039937,-0.0003812,-0.0003695575,3.511619047619038e-05,1.5114224723841796,0.072544836893817,0.1138289270032846,-0.0004972925,0.8680867671869047,7.254483689381708e-06
2026-09-21 00:00:00+00:00,4.6036666666666666e-05,3.891e-05,3.0,886854.62,443427.31,-0.0003812,-0.00048807,-0.0005218,-0.00048807,-0.0004697849999999,3.652190476190467e-05,0.0724508334440175,0.0492973916850107,0.1404220214315312,-0.0004831960714285,0.070862937756628,2.269487588538947e-06
2026-09-22 00:00:00+00:00,8.950333333333333e-05,0.0001,3.0,856963.44,428481.72,-0.00048807,-0.00041767,-0.00045754,-0.00041767,-0.0004452375,4.159142857142847e-05,1.333098113167667,-0.0342858108428103,0.1094358249547653,-0.0004573092857142,0.5132166387920079,-3.068694356467669e-06
2026-09-23 00:00:00+00:00,5.658e-05,5.873e-05,3.0,904822.59,452411.3,-0.00041767,-0.00037115,-0.000414,-0.00037115,-0.0003934924999999,5.428238095238086e-05,0.4486795118058228,0.0543436340893546,0.117840214245481,-0.0004191964285714,1.2865987640402314,3.0747628167756835e-06
2026-09-24 00:00:00+00:00,3.474e-05,2.24e-06,3.0,853609.68,426804.84,-0.00037115,-0.00038035,-0.0004395,-0.0004395,-0.000407625,6.271238095238087e-05,-0.1520480420332082,-0.0582648512043153,0.0981107671066574,-0.0004080592857142,1.0331930700284,-2.024120930837915e-06
2026-09-25 00:00:00+00:00,4.634e-05,3.632e-05,3.0,814784.7,407392.35,-0.0004395,-0.0004799,-0.00052086,-0.0004799,-0.00048004,6.398714285714275e-05,0.2211236085977856,-0.0465501335672193,0.0292550720494784,-0.0004167053571428,0.0299866372207342,-2.157133189504946e-06
2026-09-26 00:00:00+00:00,8.2e-06,3.43e-06,3.0,806205.88,403102.94,-0.0004799,-0.00040175,-0.00051658,-0.00051658,-0.0004787024999999,5.448571428571419e-05,-0.9791052449991906,-0.0105847624301773,0.02650030462366,-0.00043492,0.0865161872084146,-8.679505192745437e-08
2026-09-27 00:00:00+00:00,1.9716666666666667e-05,3.168e-05,3.0,785455.75,392727.88,-0.00051658,-0.00039313,-0.00039313,-0.00039313,-0.0004239925,4.3016666666666576e-05,-0.5897650767383456,-0.0260750215686638,-0.0721195538388208,-0.0004426964285714,0.8991777180275804,-5.141125085954882e-07
2026-09-28 00:00:00+00:00,5.025e-05,1.756e-05,3.0,790660.8,395330.4,-0.00039313,-0.00036449,-0.00042416,-0.00042416,-0.000401485,4.361857142857133e-05,0.3546220585939494,0.0066049289597902,-0.1148120165640413,-0.0004329392857142,1.1516026517526612,3.318976802294605e-07
2026-09-29 00:00:00+00:00,3.929999999999998e-06,6.61e-05,3.0,796576.35,398288.18,-0.00042416,-0.00046852,-0.00047211,-0.00046852,-0.0004583274999999,3.1393809523809425e-05,-1.068167918143688,0.0074539301067897,-0.0730722756144413,-0.0004348092857142,0.3177359466473601,2.9293945319683668e-08
2026-09-30 00:00:00+00:00,7.660333333333333e-05,8.702e-05,3.0,759256.14,379628.07,-0.00046852,-0.00047589,-0.00048602,-0.00048602,-0.0004791124999999,3.425428571428562e-05,1.109627315436901,-0.0479837908088995,-0.1753997005126955,-0.0004470407142857,-0.0313869341217685,-3.675718321931071e-06
2026-10-01 00:00:00+00:00,4.290333333333333e-05,3.212e-05,3.0,774008.57,387004.29,-0.00048602,-0.00042449,-0.00043572,-0.00042449,-0.00044268,3.542047619047609e-05,0.1065027521225626,0.0192437550588007,-0.0978910942495794,-0.0004520485714285,0.4782672308070417,8.256212378727467e-07
2026-10-02 00:00:00+00:00,6.221666666666667e-05,4.946e-05,3.0,803808.59,401904.3,-0.00042449,-0.00035096,-0.00038799,-0.00035096,-0.0003786,3.768857142857133e-05,0.6818227825043158,0.0377782228161418,-0.0135627378662182,-0.0004375571428571,1.3294594086915796,2.350435096210959e-06
2026-10-03 00:00:00+00:00,7.044000000000001e-05,0.0001,2.0,808905.75,404452.88,-0.00035096,-0.00037382,-0.00038837,-0.00037382,-0.0003717425,4.65799999999999e-05,0.8779492164401871,0.0063212397214904,0.0033432642854496,-0.0004222771428571,1.3430131496343414,4.452681259817879e-07
