date,bitget_eth_funding_rate_mean,bitget_eth_funding_rate_last,bitget_eth_funding_settlements,bitget_eth_mark_price,bitget_eth_index_price,bitget_eth_mark_index_basis,bitget_eth_basis_7d_mean,bitget_eth_basis_z30,bitget_eth_open_interest_eth_snapshot,bitget_eth_ticker_funding_rate,bitget_eth_ticker_mark_price,bitget_eth_ticker_index_price,bitget_eth_ticker_volume24h_eth,bitget_eth_ticker_turnover24h_usdt,bitget_eth_funding_rate_7d_mean,bitget_eth_funding_z30,bitget_eth_oi_log_change_1d
2019-08-10 00:00:00+00:00,,,,206.44,206.47,-0.0001452995592580164,,,,,,,,,,,
2019-08-11 00:00:00+00:00,,,,216.28,216.32,-0.00018491124260355818,,,,,,,,,,,
2019-08-12 00:00:00+00:00,,,,211.48,211.47,4.728803139930626e-05,,,,,,,,,,,
2019-08-13 00:00:00+00:00,,,,209.26,209.3,-0.00019111323459164442,-0.00011850900126347819,,,,,,,,,,
2019-08-14 00:00:00+00:00,,,,187.1,187.07,0.0001603677767680889,-6.273364565716477e-05,,,,,,,,,,
2019-08-15 00:00:00+00:00,,,,188.02,188.01,5.318866017778312e-05,-4.3413261351340125e-05,,,,,,,,,,
2019-08-16 00:00:00+00:00,,,,184.91,184.9,5.408328826383979e-05,-2.948518283488585e-05,,,,,,,,,,
2019-08-17 00:00:00+00:00,,,,185.47,185.56,-0.00048501832291447666,-7.801643478580875e-05,,,,,,,,,,
2019-08-18 00:00:00+00:00,,,,194.27,194.32,-0.00025730753396446815,-8.83587621230816e-05,,,,,,,,,,
2019-08-19 00:00:00+00:00,,,,202.29,202.24,0.0002472310126582222,-5.9795479086093604e-05,,,,,,,,,,
2019-08-20 00:00:00+00:00,,,,196.5,196.55,-0.0002543881963877892,-6.88347593426857e-05,,,,,,,,,,
2019-08-21 00:00:00+00:00,,,,187.51,187.51,0.0,-9.174444173812699e-05,,,,,,,,,,
2019-08-22 00:00:00+00:00,,,,190.41,190.4,5.2521008403250136e-05,-9.183982056306026e-05,,,,,,,,,,
2019-08-23 00:00:00+00:00,,,,194.01,193.99,0.00010309809784003754,-8.483770490931773e-05,,,,,,,,,,
2019-08-24 00:00:00+00:00,,,,190.64,190.65,-5.245213742466337e-05,-2.3042535553630117e-05,0.02279568820157805,,,,,,,,,
2019-08-25 00:00:00+00:00,,,,186.5,186.51,-5.3616428073555156e-05,6.056193859357453e-06,0.01626121832194708,,,,,,,,,
2019-08-26 00:00:00+00:00,,,,188.63,188.61,0.00010603891628213624,-1.4114105622940545e-05,0.8293102172759053,,,,,,,,,
2019-08-27 00:00:00+00:00,,,,187.23,187.25,-0.00010680907877169687,6.968625465072645e-06,-0.3139923298459783,,,,,,,,,
2019-08-28 00:00:00+00:00,,,,173.09,173.04,0.00028895053166899665,4.824727284635788e-05,1.6816140334766116,,,,,,,,,
2019-08-29 00:00:00+00:00,,,,168.98,169.01,-0.0001775042896869916,1.5386515976323345e-05,-0.7291497484342981,,,,,,,,,
2019-08-30 00:00:00+00:00,,,,168.44,168.46,-0.00011872254541145377,-1.630214734531827e-05,-0.406599719657775,,,,,,,,,
2019-08-31 00:00:00+00:00,,,,171.57,171.58,-5.828185103173844e-05,-1.7134963574900424e-05,-0.07796285337928437,,,,,,,,,
2019-09-01 00:00:00+00:00,,,,170.77,170.75,0.00011713030746718367,7.257427216633694e-06,0.8597416889229283,,,,,,,,,
2019-09-02 00:00:00+00:00,,,,178.09,178.05,0.00022465599550680615,2.4202724248729396e-05,1.3674218308475814,,,,,,,,,
2019-09-03 00:00:00+00:00,,,,178.69,178.75,-0.00033566433566434295,-8.490883878791472e-06,-1.563106835332019,,,,,,,,,
2019-09-04 00:00:00+00:00,,,,174.77,174.73,0.00022892462656676216,-1.7066013179110685e-05,1.3302078827508117,,,,,,,,,
2019-09-05 00:00:00+00:00,,,,173.78,173.77,5.754733268115153e-05,1.6512790016338335e-05,0.4345608105661284,,,,,,,,,
2019-09-06 00:00:00+00:00,,,,169.0,169.04,-0.00023663038334120756,-3.311868307693493e-07,-1.0671933832303881,,,,,,,,,
2019-09-07 00:00:00+00:00,,,,177.58,177.59,-5.630947688495258e-05,-4.941909551422644e-08,-0.12126926009101727,,,,,,,,,
2019-09-08 00:00:00+00:00,,,,181.15,181.17,-0.00011039355301645237,-3.255282773603366e-05,-0.4016648810251245,,,,,,,,,
2019-09-09 00:00:00+00:00,,,,180.55,180.54,5.538938739357846e-05,-5.673377175220905e-05,0.4597544374120837,,,,,,,,,
2019-09-10 00:00:00+00:00,,,,179.85,179.89,-0.00022235810773241216,-4.054716776193322e-05,-1.0323164183278493,,,,,,,,,
2019-09-11 00:00:00+00:00,,,,178.3,178.3,0.0,-7.325068584289924e-05,0.17412472661912312,,,,,,,,,
2019-09-12 00:00:00+00:00,,,,180.77,180.75,0.00011065006915633724,-6.566458063215843e-05,0.7201196584258204,,,,,,,,,
2019-09-13 00:00:00+00:00,,,,180.95,180.92,0.0001658191465840897,-8.171790642830246e-06,1.0171650356936612,,,,,,,,,
2019-09-14 00:00:00+00:00,,,,188.17,188.15,0.0001062981663564333,1.5057872677367737e-05,0.6815631880481252,,,,,,,,,
2019-09-15 00:00:00+00:00,,,,189.01,188.99,0.00010582570506367794,4.5946338117386354e-05,0.6663110026793423,,,,,,,,,
2019-09-16 00:00:00+00:00,,,,197.21,197.24,-0.00015209896572698778,1.630514481444832e-05,-0.8676665622068146,,,,,,,,,
2019-09-17 00:00:00+00:00,,,,207.75,207.76,-4.8132460531369325e-05,4.119452298602587e-05,-0.2977165348209497,,,,,,,,,
2019-09-18 00:00:00+00:00,,,,210.19,210.17,9.516106009432868e-05,5.4788960142358534e-05,0.6521182141960504,,,,,,,,,
2019-09-19 00:00:00+00:00,,,,220.28,220.24,0.00018162005085353705,6.492752895624423e-05,1.145933365279232,,,,,,,,,
2019-09-20 00:00:00+00:00,,,,216.05,218.03,-0.009081319084529582,-0.0012560922183457088,-5.272986098393271,,,,,,,,,
2019-09-21 00:00:00+00:00,,,,215.06,215.06,0.0,-0.0012712776706823423,0.17731447842327855,,,,,,,,,
2019-09-22 00:00:00+00:00,,,,211.22,211.17,0.0002367760572050681,-0.0012525704775192864,0.3165032085640842,,,,,,,,,
2019-09-23 00:00:00+00:00,,,,201.3,201.32,-9.934432743885502e-05,-0.0012450341006209817,0.11588006324144139,,,,,,,,,
2019-09-24 00:00:00+00:00,,,,165.83,165.76,0.0004222972972973693,-0.0011778298495025905,0.41808277816612205,,,,,,,,,
2019-09-25 00:00:00+00:00,,,,169.96,169.98,-0.00011766090128240148,-0.0012082329868421235,0.09965179577235216,,,,,,,,,
2019-09-26 00:00:00+00:00,,,,165.92,165.93,-6.026637738820728e-05,-0.0012427881908766583,0.13306342613921013,,,,,,,,,
2019-09-27 00:00:00+00:00,,,,173.78,173.81,-0.00017260226684312485,2.9885640221406972e-05,0.07518618476807391,,,,,,,,,
2019-09-28 00:00:00+00:00,,,,173.53,173.54,-5.762360262762112e-05,2.165369698888967e-05,0.1417060267144533,,,,,,,,,
2019-09-29 00:00:00+00:00,,,,169.21,169.23,-0.00011818235537419675,-2.9054647665291027e-05,0.10538703349493575,,,,,,,,,
2019-09-30 00:00:00+00:00,,,,180.85,180.84,5.529750055299765e-05,-6.962957952169216e-06,0.20704240414179753,,,,,,,,,
2019-10-01 00:00:00+00:00,,,,175.72,175.7,0.00011383039271484208,-5.1029658606815964e-05,0.24219141985797685,,,,,,,,,
2019-10-02 00:00:00+00:00,,,,180.23,180.24,-5.5481580115479545e-05,-4.214689844011283e-05,0.1465095773086085,,,,,,,,,
2019-10-03 00:00:00+00:00,,,,174.69,174.7,-5.7240984544848494e-05,-4.1714699462490146e-05,0.139836667263825,,,,,,,,,
2019-10-04 00:00:00+00:00,,,,175.52,175.51,5.697681043836944e-05,-8.917688422276676e-06,0.21199190837701898,,,,,,,,,
2019-10-05 00:00:00+00:00,,,,176.25,176.25,0.0,-6.857451897593744e-07,0.1789731179855424,,,,,,,,,
2019-10-06 00:00:00+00:00,,,,170.2,170.15,0.00029385836027029377,5.8177214188024984e-05,0.3441235166292855,,,,,,,,,
2019-10-07 00:00:00+00:00,,,,179.82,179.77,0.0002781331701617873,9.001088127499493e-05,0.32749435265355376,,,,,,,,,
2019-10-08 00:00:00+00:00,,,,180.58,180.58,0.0,7.374939660144606e-05,0.1588143021344871,,,,,,,,,
2019-10-09 00:00:00+00:00,,,,192.64,192.63,5.1912993822345044e-05,8.909147859256386e-05,0.18994147827909766,,,,,,,,,
2019-10-10 00:00:00+00:00,,,,191.14,191.12,0.00010464629552098259,0.0001122182328876826,0.21479273923914863,,,,,,,,,
2019-10-11 00:00:00+00:00,,,,180.64,180.63,5.536178929288482e-05,0.00011198751558118478,0.18419498506191936,,,,,,,,,
2019-10-12 00:00:00+00:00,,,,179.67,179.69,-0.00011130279926541142,9.608711568612602e-05,0.08907587697208681,,,,,,,,,
2019-10-13 00:00:00+00:00,,,,180.99,180.99,0.0,5.41073499332269e-05,0.1590580403769174,,,,,,,,,
2019-10-14 00:00:00+00:00,,,,186.7,186.7,0.0,1.4374039910114433e-05,0.16124647788381583,,,,,,,,,
2019-10-15 00:00:00+00:00,,,,180.53,180.51,0.00011079718575146558,3.0202209303180944e-05,0.22747849071807968,,,,,,,,,
2019-10-16 00:00:00+00:00,,,,174.45,174.47,-0.00011463288817570305,6.409940446316931e-06,0.0917586445549248,,,,,,,,,
2019-10-17 00:00:00+00:00,,,,177.16,177.17,-5.6442964384451066e-05,-1.660281096874502e-05,0.12676378629731738,,,,,,,,,
2019-10-18 00:00:00+00:00,,,,172.75,172.77,-0.0001157608381084918,-4.104890059751311e-05,0.095525526791487,,,,,,,,,
2019-10-19 00:00:00+00:00,,,,171.8,171.83,-0.0001745911656870769,-5.009009580060818e-05,0.06747900066500716,,,,,,,,,
2019-10-20 00:00:00+00:00,,,,175.2,175.19,5.708088361200403e-05,-4.1935683856036175e-05,0.27641889050827206,,,,,,,,,
2019-10-21 00:00:00+00:00,,,,174.03,174.01,0.00011493592322286972,-2.551626625276907e-05,0.649207083607695,,,,,,,,,
2019-10-22 00:00:00+00:00,,,,171.27,171.25,0.00011678832116790439,-2.466038976470638e-05,0.7125048788007156,,,,,,,,,
2019-10-23 00:00:00+00:00,,,,162.38,162.35,0.00018478595626736372,1.811373087001744e-05,1.1203389829800616,,,,,,,,,
2019-10-24 00:00:00+00:00,,,,160.41,160.4,6.234413965078289e-05,3.508331716076515e-05,0.3962154159378712,,,,,,,,,
2019-10-25 00:00:00+00:00,,,,181.64,181.56,0.0004406256884774695,0.00011456710667304535,2.9034463983298906,,,,,,,,,
2019-10-26 00:00:00+00:00,,,,179.45,179.44,5.572893446270655e-05,0.0001474699781230144,0.13236796065853215,,,,,,,,,
2019-10-27 00:00:00+00:00,,,,183.78,183.77,5.441584589438442e-05,0.00014708925844906875,0.07151283859287552,,,,,,,,,
2019-10-28 00:00:00+00:00,,,,181.64,181.63,5.505698397834102e-05,0.00013853512427127894,0.048677721962141686,,,,,,,,,
2019-10-29 00:00:00+00:00,,,,190.5,190.47,0.00015750511891643448,0.00014435180966392607,0.7693871909373695,,,,,,,,,
2019-10-30 00:00:00+00:00,,,,183.09,183.12,-0.0001638269986894425,9.454995895581091e-05,-1.579081069957372,,,,,,,,,
2019-10-31 00:00:00+00:00,,,,182.16,182.16,0.0,8.564365329141335e-05,-0.34481658075027904,,,,,,,,,
2019-11-01 00:00:00+00:00,,,,182.83,182.83,0.0,2.2697126366060566e-05,-0.3613148055497634,,,,,,,,,
2019-11-02 00:00:00+00:00,,,,182.99,182.97,0.00010930753675464366,3.035121240776587e-05,0.4138442158798249,,,,,,,,,
2019-11-03 00:00:00+00:00,,,,181.5,181.53,-0.00016526194017518758,-1.0313284593158452e-06,-1.5225572948527464,,,,,,,,,
2019-11-04 00:00:00+00:00,,,,185.74,185.75,-5.3835800807533474e-05,-1.658744057158363e-05,-0.7044439901719574,,,,,,,,,
2019-11-05 00:00:00+00:00,,,,188.58,188.65,-0.00037105751391464104,-9.209638811888013e-05,-2.5981314326137874,,,,,,,,,
2019-11-06 00:00:00+00:00,,,,191.04,191.1,-0.0003139717425432176,-0.000113545637240848,-2.0362991871906604,,,,,,,,,
2019-11-07 00:00:00+00:00,,,,186.64,186.67,-0.00016071141586759818,-0.00013650441093621918,-0.9990995168370332,,,,,,,,,
2019-11-08 00:00:00+00:00,,,,183.71,183.76,-0.00027209403569861124,-0.0001753749874645922,-1.5639917663657774,,,,,,,,,
2019-11-09 00:00:00+00:00,,,,184.89,184.88,5.4089138900925704e-05,-0.00018326333001512335,0.418688448398349,,,,,,,,,
2019-11-10 00:00:00+00:00,,,,189.01,188.97,0.00021167381065767543,-0.00012941536561042862,1.3071084754021727,,,,,,,,,
2019-11-11 00:00:00+00:00,,,,184.92,184.96,-0.00021626297577870268,-0.00015261924774916707,-1.1775464487244791,,,,,,,,,
2019-11-12 00:00:00+00:00,,,,187.04,187.05,-5.346164127251196e-05,-0.0001072484088002915,-0.22338458426167832,,,,,,,,,
2019-11-13 00:00:00+00:00,,,,188.18,188.11,0.00037212269416819765,-9.234917841517896e-06,2.0078738882837515,,,,,,,,,
2019-11-14 00:00:00+00:00,,,,184.92,184.94,-0.00010814318157248426,-1.7251700850730498e-06,-0.5280365376332059,,,,,,,,,
2019-11-15 00:00:00+00:00,,,,179.97,180.02,-0.00027774691700932497,-2.5327245580321545e-06,-1.369197649016617,,,,,,,,,
2019-11-16 00:00:00+00:00,,,,182.35,182.35,0.0,-1.025974440102154e-05,0.06963788357654799,,,,,,,,,
2019-11-17 00:00:00+00:00,,,,183.83,183.82,5.440104450005201e-05,-3.272728242353917e-05,0.32502279761492464,,,,,,,,,
2019-11-18 00:00:00+00:00,,,,178.14,178.19,-0.0002805993602335022,-4.191819448851053e-05,-1.3807664846437027,,,,,,,,,
2019-11-19 00:00:00+00:00,,,,175.92,175.91,5.6847251435288015e-05,-2.6159781244539104e-05,0.3488349099737448,,,,,,,,,
2019-11-20 00:00:00+00:00,,,,174.76,174.75,5.722460658086348e-05,-7.114522232844398e-05,0.3624958501862058,,,,,,,,,
2019-11-21 00:00:00+00:00,,,,160.94,161.0,-0.0003726708074534013,-0.000108934883168575,-1.6894055315783543,,,,,,,,,
2019-11-22 00:00:00+00:00,,,,149.56,149.56,0.0,-6.925675216724285e-05,0.17876193875614865,,,,,,,,,
2019-11-23 00:00:00+00:00,,,,151.71,151.81,-0.0006587181345102389,-0.00016335934281156268,-2.623526315144051,,,,,,,,,
2019-11-24 00:00:00+00:00,,,,139.94,139.92,0.00014293882218407994,-0.00015071108885670155,1.0037181878634505,,,,,,,,,
2019-11-25 00:00:00+00:00,,,,145.64,145.7,-0.00041180507892935037,-0.00016945476295610845,-1.4898465987660943,,,,,,,,,
2019-11-26 00:00:00+00:00,,,,147.51,147.46,0.0003390750033906986,-0.00012913651267676407,1.7928635417873837,,,,,,,,,
2019-11-27 00:00:00+00:00,,,,152.56,152.59,-0.0001966052821286146,-0.00016539792534954665,-0.4872675580390109,,,,,,,,,
2019-11-28 00:00:00+00:00,,,,150.72,150.72,0.0,-0.00011215923857048933,0.39329541168507337,,,,,,,,,
2019-11-29 00:00:00+00:00,,,,154.54,154.51,0.0001941621901495605,-8.442178283483783e-05,1.168598661346447,,,,,,,,,
2019-11-30 00:00:00+00:00,,,,151.55,151.41,0.0009246417013408781,0.00014177247942960745,3.284680133774268,,,,,,,,,
2019-12-01 00:00:00+00:00,,,,150.73,150.72,6.63481953291356e-05,0.00013083096130747255,0.3735829325203701,,,,,,,,,
2019-12-02 00:00:00+00:00,,,,148.62,148.63,-6.728116800103212e-05,0.00018004866286866088,-0.05784768223969504,,,,,,,,,
2019-12-03 00:00:00+00:00,,,,147.17,147.15,0.000135915732245806,0.00015102590984796192,0.5950388943675062,,,,,,,,,
2019-12-04 00:00:00+00:00,,,,145.45,145.38,0.00048149676709319245,0.00024789763116536294,1.6207886256906594,,,,,,,,,
2019-12-05 00:00:00+00:00,,,,148.1,148.09,6.752650415275951e-05,0.0002575442746157571,0.24741340520256203,,,,,,,,,
2019-12-06 00:00:00+00:00,,,,148.47,148.47,0.0,0.00022980681888010564,-0.009194917732190756,,,,,,,,,
2019-12-07 00:00:00+00:00,,,,147.18,147.14,0.0002718499388338902,0.00013655085280767882,0.8465445740991583,,,,,,,,,
2019-12-08 00:00:00+00:00,,,,150.42,150.41,6.648494116068271e-05,0.00013657038792647125,0.1285226398752026,,,,,,,,,
2019-12-09 00:00:00+00:00,,,,147.41,147.41,0.0,0.0001461819833551901,-0.09004187347890974,,,,,,,,,
2019-12-10 00:00:00+00:00,,,,145.52,145.55,-0.00020611473720366646,9.73204877195512e-05,-0.7374072127032266,,,,,,,,,
2019-12-11 00:00:00+00:00,,,,143.4,143.37,0.0002092487968194945,5.842792053759435e-05,0.6168439012096045,,,,,,,,,
2019-12-12 00:00:00+00:00,,,,144.85,144.87,-0.00013805480775874734,2.9059161693093367e-05,-0.5462880916054759,,,,,,,,,
2019-12-13 00:00:00+00:00,,,,144.77,144.79,-0.00013813108640081673,9.32614935011955e-06,-0.49946117807819873,,,,,,,,,
2019-12-14 00:00:00+00:00,,,,141.83,141.81,0.00014103377758978297,-9.36187368475291e-06,0.4319668360031401,,,,,,,,,
2019-12-15 00:00:00+00:00,,,,142.45,142.46,-7.019514249628767e-05,-2.8887599921462964e-05,-0.3233000027652638,,,,,,,,,
2019-12-16 00:00:00+00:00,,,,132.78,132.74,0.00030134096730449755,1.416110969346526e-05,0.9258330839351988,,,,,,,,,
2019-12-17 00:00:00+00:00,,,,121.96,121.94,0.0001640150893882364,6.703679920659424e-05,0.43913420811223897,,,,,,,,,
2019-12-18 00:00:00+00:00,,,,132.77,132.78,-7.531254707027202e-05,2.638517865091331e-05,-0.4128511307205967,,,,,,,,,
2019-12-19 00:00:00+00:00,,,,128.1,128.1,0.0,4.6107294045020074e-05,-0.14302978046921153,,,,,,,,,
2019-12-20 00:00:00+00:00,,,,128.15,128.15,0.0,6.58403063879939e-05,-0.1363295115928174,,,,,,,,,
2019-12-21 00:00:00+00:00,,,,127.06,127.01,0.00039366978978039313,0.00010193116527236677,1.1648035474872809,,,,,,,,,
2019-12-22 00:00:00+00:00,,,,132.05,132.08,-0.00022713506965477137,7.951117567829767e-05,-0.988969121566641,,,,,,,,,
2019-12-23 00:00:00+00:00,,,,127.79,127.8,-7.82472613457541e-05,2.528428587111886e-05,-0.6058205437565364,,,,,,,,,
2019-12-24 00:00:00+00:00,,,,127.73,127.72,7.829627309741127e-05,1.3038740686715273e-05,0.01604102434111136,,,,,,,,,
2019-12-25 00:00:00+00:00,,,,125.13,125.12,7.992327365724528e-05,3.521528650493203e-05,-0.04489030276603314,,,,,,,,,
2019-12-26 00:00:00+00:00,,,,125.63,125.62,7.960515841420879e-05,4.658745199267614e-05,-0.0100555825723794,,,,,,,,,
2019-12-27 00:00:00+00:00,,,,126.31,126.29,0.00015836566632354554,6.92111186103255e-05,0.283957998770368,,,,,,,,,
2019-12-28 00:00:00+00:00,,,,128.11,128.11,0.0,1.2972577213126485e-05,-0.4123331294103693,,,,,,,,,
2019-12-29 00:00:00+00:00,,,,134.36,134.34,0.0001488759863035316,6.668844235002691e-05,0.2494632764899871,,,,,,,,,
2019-12-30 00:00:00+00:00,,,,131.58,131.58,0.0,7.78666225422775e-05,-0.3746411660672533,,,,,,,,,
2019-12-31 00:00:00+00:00,,,,129.19,129.17,0.00015483471394284187,8.880068552019615e-05,0.5483854353082304,,,,,,,,,
2020-01-01 00:00:00+00:00,,,,130.7,130.68,0.0001530456075908848,9.92467332250018e-05,0.4965082206139991,,,,,,,,,
2020-01-02 00:00:00+00:00,,,,127.15,127.16,-7.864108210120513e-05,7.664012743708553e-05,-0.8653458540052571,,,,,,,,,
2020-01-03 00:00:00+00:00,,,,134.35,134.4,-0.000372023809523947,8.702023160151689e-07,-2.4775866370076463,,,,,,,,,
2020-01-04 00:00:00+00:00,,,,134.18,134.18,0.0,8.702023160151689e-07,-0.2056988093573657,,,,,,,,,
2020-01-05 00:00:00+00:00,,,,135.43,135.41,0.00014769957905635955,7.021441378477331e-07,0.6562661476545997,,,,,,,,,
2020-01-06 00:00:00+00:00,,,,144.11,144.14,-0.00020813098376559758,-2.9030853542951922e-05,-1.3928202302039823,,,,,,,,,
2020-01-07 00:00:00+00:00,,,,142.79,142.81,-0.0001400462152510995,-7.115670057065784e-05,-0.9272949831106245,,,,,,,,,
2020-01-08 00:00:00+00:00,,,,140.65,140.68,-0.00021324992891669226,-0.00012348463435745454,-1.2812059264387747,,,,,,,,,
2020-01-09 00:00:00+00:00,,,,137.8,137.82,-0.0001451168190391705,-0.00013298116820573532,-0.9117710667628486,,,,,,,,,
2020-01-10 00:00:00+00:00,,,,144.88,144.87,6.902740387926265e-05,-6.997385200527681e-05,0.3755739074845053,,,,,,,,,
2020-01-11 00:00:00+00:00,,,,142.44,142.39,0.0003511482547933209,-1.9809815606230963e-05,1.863321375044236,,,,,,,,,
2020-01-12 00:00:00+00:00,,,,146.57,146.57,0.0,-4.090975547142518e-05,-0.15585697729499703,,,,,,,,,
2020-01-13 00:00:00+00:00,,,,143.53,143.55,-0.00013932427725538155,-3.108022596996575e-05,-0.8974189858884843,,,,,,,,,
2020-01-14 00:00:00+00:00,,,,165.77,165.73,0.00024135642309786043,2.340586522274281e-05,1.1923292948043624,,,,,,,,,
2020-01-15 00:00:00+00:00,,,,166.43,166.39,0.00024039906244377462,8.821286398852379e-05,1.2180031154963096,,,,,,,,,
2020-01-16 00:00:00+00:00,,,,164.16,164.23,-0.0004262315045971965,4.805362319452008e-05,-2.2506615204574416,,,,,,,,,
2020-01-17 00:00:00+00:00,,,,170.0,169.96,0.0002353494939986156,7.181392178299908e-05,1.1150783243691806,,,,,,,,,
2020-01-18 00:00:00+00:00,,,,174.18,174.16,0.00011483693155733832,3.805516132071585e-05,0.47881726342131087,,,,,,,,,
2020-01-19 00:00:00+00:00,,,,166.85,166.83,0.0001198825151349503,5.518123491142303e-05,0.48223235539847276,,,,,,,,,
2020-01-20 00:00:00+00:00,,,,166.85,166.86,-5.993048064256712e-05,6.65232058561108e-05,-0.37454531314857603,,,,,,,,,
2020-01-21 00:00:00+00:00,,,,169.47,169.45,0.00011802891708478924,4.890499071138635e-05,0.5367231657029089,,,,,,,,,
2020-01-22 00:00:00+00:00,,,,168.11,168.08,0.00017848643503093342,4.0060329652409034e-05,0.8182954768253925,,,,,,,,,
2020-01-23 00:00:00+00:00,,,,162.84,162.85,-6.140620202632618e-05,9.217823001967622e-05,-0.47285268905908656,,,,,,,,,
2020-01-24 00:00:00+00:00,,,,162.61,162.58,0.00018452454176398625,8.491752255758631e-05,0.8459478707413848,,,,,,,,,
2020-01-25 00:00:00+00:00,,,,160.35,160.37,-0.00012471160441485107,5.069630313298783e-05,-0.7848222619910913,,,,,,,,,
2020-01-26 00:00:00+00:00,,,,167.86,167.87,-5.956990528377393e-05,2.5060243073170086e-05,-0.39907310579394,,,,,,,,,
2020-01-27 00:00:00+00:00,,,,170.05,170.06,-5.880277549097368e-05,2.5221343809112007e-05,-0.38337235979491174,,,,,,,,,
2020-01-28 00:00:00+00:00,,,,175.76,175.69,0.00039842905116960203,6.527850582122812e-05,1.916196281802232,,,,,,,,,
2020-01-29 00:00:00+00:00,,,,173.81,173.75,0.000345323741007153,8.911240667497378e-05,1.5217157698885362,,,,,,,,,
2020-01-30 00:00:00+00:00,,,,184.63,184.66,-0.0001624607386547794,7.467604429948047e-05,-0.8873914060621098,,,,,,,,,
2020-01-31 00:00:00+00:00,,,,179.96,179.98,-0.00011112345816188807,3.2440615738641275e-05,-0.5979025792455251,,,,,,,,,
2020-02-01 00:00:00+00:00,,,,183.6,183.62,-0.00010892059688494271,3.469647395719961e-05,-0.5809075068421241,,,,,,,,,
2020-02-02 00:00:00+00:00,,,,188.49,188.48,5.3056027164766206e-05,5.078589287841963e-05,0.13914815168242103,,,,,,,,,
2020-02-03 00:00:00+00:00,,,,189.68,189.73,-0.00026353238813037194,2.1538805358505592e-05,-1.3908349711621635,,,,,,,,,
2020-02-04 00:00:00+00:00,,,,188.84,188.9,-0.0003176283748015374,-8.075511263737147e-05,-1.5262925421979763,,,,,,,,,
2020-02-05 00:00:00+00:00,,,,203.78,203.8,-9.813542688918986e-05,-0.00014410642233684902,-0.5014175551740682,,,,,,,,,
2020-02-06 00:00:00+00:00,,,,213.21,213.22,-4.689991558015638e-05,-0.00012759773332618858,-0.2702005882275545,,,,,,,,,
2020-02-07 00:00:00+00:00,,,,223.44,223.34,0.0004477478284230507,-4.7758978099768766e-05,1.93750383877362,,,,,,,,,
2020-02-08 00:00:00+00:00,,,,223.08,223.06,8.966197435666956e-05,-1.939003935096701e-05,0.2411712896133838,,,,,,,,,
2020-02-09 00:00:00+00:00,,,,228.58,228.55,0.00013126230584115106,-8.217713825769174e-06,0.4254931971615829,,,,,,,,,
2020-02-10 00:00:00+00:00,,,,222.85,222.91,-0.0002691669283567677,-9.022648143825712e-06,-1.359055272911381,,,,,,,,,
2020-02-11 00:00:00+00:00,,,,236.79,236.71,0.0003379662878626455,8.463373223677184e-05,1.3937952247554954,,,,,,,,,
2020-02-12 00:00:00+00:00,,,,265.55,265.71,-0.0006021602498963441,1.2630186092892665e-05,-2.4989436039994586,,,,,,,,,
2020-02-13 00:00:00+00:00,,,,268.32,268.33,-3.726754369615115e-05,1.4006239219179126e-05,-0.17857046417936695,,,,,,,,,
2020-02-14 00:00:00+00:00,,,,285.15,285.17,-7.013360451668671e-05,-5.997682262935479e-05,-0.2752006209996128,,,,,,,,,
2020-02-15 00:00:00+00:00,,,,264.93,264.87,0.00022652622040997272,-4.042478747888291e-05,0.9095337335260681,,,,,,,,,
2020-02-16 00:00:00+00:00,,,,259.26,258.92,0.001313146917966801,0.00012841587139620993,3.8390287963137633,,,,,,,,,
2020-02-17 00:00:00+00:00,,,,267.84,267.84,0.0,0.00016686828973289103,-0.15163225723922702,,,,,,,,,
2020-02-18 00:00:00+00:00,,,,282.58,282.59,-3.538695636784439e-05,0.00011353211198567819,-0.24367235157958253,,,,,,,,,
2020-02-19 00:00:00+00:00,,,,258.64,258.48,0.0006190034045185921,0.00028798406261638335,1.6055070644208667,,,,,,,,,
2020-02-20 00:00:00+00:00,,,,257.04,257.02,7.781495603476074e-05,0.0003044244197207994,0.03481146070867345,,,,,,,,,
2020-02-21 00:00:00+00:00,,,,265.31,265.27,0.00015078976137528066,0.00033598490056250895,0.25010080632810266,,,,,,,,,
2020-02-22 00:00:00+00:00,,,,261.52,261.52,0.0,0.00030362401193251287,-0.1954445925639673,,,,,,,,,
2020-02-23 00:00:00+00:00,,,,274.51,274.52,-3.642721841756735e-05,0.00011082770673474598,-0.28044435718347444,,,,,,,,,
2020-02-24 00:00:00+00:00,,,,265.49,265.59,-0.00037652020030864986,5.703910669065314e-05,-1.221653082000964,,,,,,,,,
2020-02-25 00:00:00+00:00,,,,246.86,246.72,0.0005674448767833962,0.00014315793999797322,1.369018101166956,,,,,,,,,
2020-02-26 00:00:00+00:00,,,,223.8,223.9,-0.0004466279589101507,-9.075111920418624e-06,-1.354662250389803,,,,,,,,,
2020-02-27 00:00:00+00:00,,,,227.73,227.74,-4.390972161250062e-05,-2.64643515843131e-05,-0.23995109134529322,,,,,,,,,
2020-02-28 00:00:00+00:00,,,,226.89,226.86,0.00013224014810875317,-2.9114296336674172e-05,0.2605121285651163,,,,,,,,,
2020-02-29 00:00:00+00:00,,,,217.39,217.3,0.00041417395306009297,3.0053411243339107e-05,0.9703239897078992,,,,,,,,,
2020-03-01 00:00:00+00:00,,,,217.74,217.74,0.0,3.525729958870587e-05,-0.16406524766446057,,,,,,,,,
2020-03-02 00:00:00+00:00,,,,231.97,231.96,4.3110881186469996e-05,9.520459694515157e-05,-0.06073247835649073,,,,,,,,,
2020-03-03 00:00:00+00:00,,,,223.92,223.85,0.00031270940361838306,5.8813815064435406e-05,0.647368264414569,,,,,,,,,
2020-03-04 00:00:00+00:00,,,,224.33,224.28,0.00022293561619401991,0.00015446575436503122,0.36457312930443536,,,,,,,,,
2020-03-05 00:00:00+00:00,,,,228.37,228.41,-0.00017512368109973142,0.00013572090300971253,-0.7513655002132571,,,,,,,,,
2020-03-06 00:00:00+00:00,,,,244.86,244.86,0.0,0.00011682945327989065,-0.27432354523307767,,,,,,,,,
2020-03-07 00:00:00+00:00,,,,237.33,237.24,0.0003793626707131459,0.00011185641294461249,0.7402757687223038,,,,,,,,,
2020-03-08 00:00:00+00:00,,,,199.37,199.38,-5.0155481994162976e-05,0.0001046913440883035,-0.4100630106112847,,,,,,,,,
2020-03-09 00:00:00+00:00,,,,202.85,202.83,9.860474288814203e-05,0.00011261903861711378,0.006921557336600279,,,,,,,,,
2020-03-10 00:00:00+00:00,,,,200.67,200.74,-0.00034870977383694157,1.813058469492455e-05,-1.1747006178627895,,,,,,,,,
2020-03-11 00:00:00+00:00,,,,194.63,194.6,0.00015416238437815366,8.305837292657944e-06,0.16676876933671825,,,,,,,,,
2020-03-12 00:00:00+00:00,,,,107.76,107.67,0.0008358874338256772,0.00015273599656771632,1.8995494384176193,,,,,,,,,
2020-03-13 00:00:00+00:00,,,,134.04,134.13,-0.0006709908297920508,5.688016374028049e-05,-2.017970604113471,,,,,,,,,
2020-03-14 00:00:00+00:00,,,,122.58,122.55,0.0002447980416155904,3.765664529777256e-05,0.32854872903614285,,,,,,,,,
2020-03-15 00:00:00+00:00,,,,123.82,123.8,0.00016155088852976007,6.790041251547585e-05,0.09329508649301842,,,,,,,,,
2020-03-16 00:00:00+00:00,,,,111.02,110.98,0.00036042530185609323,0.00010530334951089746,0.5958623337692514,,,,,,,,,
2020-03-17 00:00:00+00:00,,,,115.68,115.67,8.645283997577025e-05,0.00016746943719842772,-0.00888269409231481,,,,,,,,,
2020-03-18 00:00:00+00:00,,,,118.14,118.12,0.00016931933626818108,0.00016963471603986019,0.23611186201630918,,,,,,,,,
2020-03-19 00:00:00+00:00,,,,136.33,136.32,7.33568075119706e-05,6.0701769423616394e-05,-0.08007705608472553,,,,,,,,,
2020-03-20 00:00:00+00:00,,,,133.37,133.41,-0.0002998275991303867,0.00011372508808956841,-1.1998533417149635,,,,,,,,,
2020-03-21 00:00:00+00:00,,,,132.65,132.64,7.539203860096322e-05,8.952423051605025e-05,0.0247263053300782,,,,,,,,,
2020-03-22 00:00:00+00:00,,,,122.33,122.31,0.00016351892731569784,8.980537891404136e-05,0.31076662805128163,,,,,,,,,
2020-03-23 00:00:00+00:00,,,,135.93,135.95,-0.00014711290915769837,1.7299920197785417e-05,-0.6812916284356444,,,,,,,,,
2020-03-24 00:00:00+00:00,,,,138.44,138.45,-7.222824124231142e-05,-5.368805690511966e-06,-0.434343366738418,,,,,,,,,
2020-03-25 00:00:00+00:00,,,,135.97,135.98,-7.354022650385428e-05,-4.006302894365987e-05,-0.48702201031054543,,,,,,,,,
2020-03-26 00:00:00+00:00,,,,138.35,138.38,-0.00021679433444143914,-8.151319207986127e-05,-0.9107804615133662,,,,,,,,,
2020-03-27 00:00:00+00:00,,,,131.34,131.32,0.00015229972586050522,-1.692357422401956e-05,0.3150542028960291,,,,,,,,,
2020-03-28 00:00:00+00:00,,,,130.98,130.99,-7.63417054738813e-05,-3.859982337756878e-05,-0.5153470292988191,,,,,,,,,
2020-03-29 00:00:00+00:00,,,,124.44,124.47,-0.00024102193299591068,-9.639137485065572e-05,-1.0503442504237397,,,,,,,,,
2020-03-30 00:00:00+00:00,,,,132.1,132.07,0.00022715226773684094,-4.2924921008578665e-05,0.6620478198012814,,,,,,,,,
2020-03-31 00:00:00+00:00,,,,132.79,132.74,0.0003766762091303999,2.1204286187522952e-05,1.1369098229192618,,,,,,,,,
2020-04-01 00:00:00+00:00,,,,135.7,135.67,0.0002211247880887779,6.329928827218469e-05,0.5561693605907101,,,,,,,,,
2020-04-02 00:00:00+00:00,,,,141.31,141.31,0.0,9.426990747810457e-05,-0.19604703859138214,,,,,,,,,
2020-04-03 00:00:00+00:00,,,,141.4,141.32,0.0005660911406737412,0.0001533829667371383,1.717624797959217,,,,,,,,,
2020-04-04 00:00:00+00:00,,,,144.12,144.09,0.0002082032063293049,0.00019403223985187918,0.4489197068363314,,,,,,,,,
2020-04-05 00:00:00+00:00,,,,142.62,142.65,-0.0002103049421661174,0.00019842038139899248,-0.9613445028191453,,,,,,,,,
2020-04-06 00:00:00+00:00,,,,171.25,171.32,-0.0004085921083352151,0.00010759975624584164,-1.5134642395551419,,,,,,,,,
2020-04-07 00:00:00+00:00,,,,164.61,164.41,0.001216471017578158,0.0002275704431669499,3.0716050874083263,,,,,,,,,
2020-04-08 00:00:00+00:00,,,,173.12,173.09,0.00017332023802651975,0.00022074122172948446,0.22642662330024768,,,,,,,,,
2020-04-09 00:00:00+00:00,,,,169.56,169.58,-0.00011793843613638888,0.00020389287371000035,-0.597841898710287,,,,,,,,,
2020-04-10 00:00:00+00:00,,,,157.85,157.83,0.00012671862130120282,0.00014112537094249485,0.08296067268046456,,,,,,,,,
2020-04-11 00:00:00+00:00,,,,158.34,158.33,6.315922440469635e-05,0.00012040480209612221,-0.02371537127810304,,,,,,,,,
2020-04-12 00:00:00+00:00,,,,158.63,158.58,0.0003152982721652542,0.00019549097557203243,0.6949730402893441,,,,,,,,,
2020-04-13 00:00:00+00:00,,,,156.33,156.29,0.0002559344807731012,0.00029042334544464906,0.4982720314668226,,,,,,,,,
2020-04-14 00:00:00+00:00,,,,158.47,158.46,6.31074088097705e-05,0.0001256571156205937,-0.12458803059884604,,,,,,,,,
2020-04-15 00:00:00+00:00,,,,152.74,152.75,-6.546644844507288e-05,9.154473183893761e-05,-0.5048564890733832,,,,,,,,,
2020-04-16 00:00:00+00:00,,,,172.31,172.29,0.00011608334784374286,0.00012497641526467072,0.09374670876183935,,,,,,,,,
2020-04-17 00:00:00+00:00,,,,170.62,170.65,-0.00017579841781423244,8.175969539103711e-05,-0.8264782298326492,,,,,,,,,
2020-04-18 00:00:00+00:00,,,,187.38,187.41,-0.00016007683688168406,4.986882949298277e-05,-0.7420313617476394,,,,,,,,,
2020-04-19 00:00:00+00:00,,,,180.01,180.02,-5.55493834019094e-05,-3.10940701661203e-06,-0.4390225114159322,,,,,,,,,
2020-04-20 00:00:00+00:00,,,,170.32,170.25,0.00041116005873709227,1.9065675549672406e-05,1.0521885217980802,,,,,,,,,
2020-04-21 00:00:00+00:00,,,,170.76,170.75,5.856515373348081e-05,1.8416781967345308e-05,-0.08400643262261491,,,,,,,,,
2020-04-22 00:00:00+00:00,,,,182.75,182.76,-5.47165681767936e-05,1.9952479148528063e-05,-0.46601386573344045,,,,,,,,,
2020-04-23 00:00:00+00:00,,,,185.57,185.53,0.0002155985554896933,3.416893738366384e-05,0.389570079883099,,,,,,,,,
2020-04-24 00:00:00+00:00,,,,187.6,187.58,0.00010662117496518242,7.451459349500882e-05,0.01185633960821737,,,,,,,,,
2020-04-25 00:00:00+00:00,,,,194.2,194.21,-5.149065444631784e-05,9.002690527148971e-05,-0.5368414152712194,,,,,,,,,
2020-04-26 00:00:00+00:00,,,,197.49,197.43,0.0003039051815834082,0.00014137755741224937,0.6340507605982975,,,,,,,,,
2020-04-27 00:00:00+00:00,,,,196.35,196.32,0.00015281173594128283,0.00010447065415570516,0.10594282117937708,,,,,,,,,
2020-04-28 00:00:00+00:00,,,,196.31,196.26,0.0002547640884540403,0.00013249907340149938,0.4021593519236318,,,,,,,,,
2020-04-29 00:00:00+00:00,,,,215.43,215.4,0.0001392757660167998,0.00016021226400058413,0.01530017661987156,,,,,,,,,
2020-04-30 00:00:00+00:00,,,,206.2,206.13,0.00033959151991469483,0.0001779255446327272,0.7116547917927731,,,,,,,,,
2020-05-01 00:00:00+00:00,,,,212.0,212.01,-4.7167586434526676e-05,0.00015595572157562593,-0.5908450129531019,,,,,,,,,
2020-05-02 00:00:00+00:00,,,,213.91,213.9,4.675081813920734e-05,0.00016999021765927238,-0.2737759992581577,,,,,,,,,
2020-05-03 00:00:00+00:00,,,,209.85,209.86,-4.765081482904776e-05,0.00011976793245749295,-0.5486576962661059,,,,,,,,,
2020-05-04 00:00:00+00:00,,,,206.43,206.47,-0.0001937327456772442,7.026157794056052e-05,-1.006949639381474,,,,,,,,,
2020-05-05 00:00:00+00:00,,,,205.29,205.27,9.743264968076204e-05,4.7785658115806484e-05,-0.018613848016853642,,,,,,,,,
2020-05-06 00:00:00+00:00,,,,199.01,198.93,0.00040215151058142773,8.533933591075333e-05,1.0243092151792539,,,,,,,,,
2020-05-07 00:00:00+00:00,,,,212.03,212.01,9.43351728692754e-05,5.030271490426484e-05,0.01241923621652696,,,,,,,,,
2020-05-08 00:00:00+00:00,,,,211.4,211.3,0.0004732607666824151,0.00012464962249239938,2.0325828453127555,,,,,,,,,
2020-05-09 00:00:00+00:00,,,,210.11,210.09,9.51972963967318e-05,0.00013157054795776002,-0.07953626645578474,,,,,,,,,
2020-05-10 00:00:00+00:00,,,,187.56,187.58,-0.00010662117496540446,0.00012314621079542336,-1.1436623642687678,,,,,,,,,
2020-05-11 00:00:00+00:00,,,,185.72,185.7,0.00010770059235332141,0.0001662081162283613,0.02560997908028734,,,,,,,,,
2020-05-12 00:00:00+00:00,,,,189.83,189.8,0.0001580611169651469,0.00017486932584041628,0.338961789698507,,,,,,,,,
2020-05-13 00:00:00+00:00,,,,199.58,199.59,-5.0102710556609864e-05,0.00011026157996355376,-0.7772336660253277,,,,,,,,,
2020-05-14 00:00:00+00:00,,,,203.29,203.3,-4.9188391539667364e-05,8.975821361941907e-05,-0.7437529561397125,,,,,,,,,
2020-05-15 00:00:00+00:00,,,,194.8,194.86,-0.0003079133737041717,-2.1838092150093325e-05,-2.0095447289886015,,,,,,,,,
2020-05-16 00:00:00+00:00,,,,200.47,200.48,-4.988028731045535e-05,-4.256346125112006e-05,-0.6252339959382043,,,,,,,,,
2020-05-17 00:00:00+00:00,,,,207.01,207.01,0.0,-2.7331864827490853e-05,-0.4070243564188495,,,,,,,,,
2020-05-18 00:00:00+00:00,,,,214.91,214.91,0.0,-4.27176637351082e-05,-0.44691301412711204,,,,,,,,,
2020-05-19 00:00:00+00:00,,,,214.59,214.57,9.320967516424083e-05,-5.1982155420951924e-05,0.0377641902921543,,,,,,,,,
2020-05-20 00:00:00+00:00,,,,210.02,209.99,0.0001428639459022385,-2.4415490212545015e-05,0.38457108140255936,,,,,,,,,
2020-05-21 00:00:00+00:00,,,,198.73,198.78,-0.00025153435959357484,-5.332205707738894e-05,-1.7665300461665832,,,,,,,,,
2020-05-22 00:00:00+00:00,,,,207.35,207.34,4.8229960451395826e-05,-2.444437912307862e-06,-0.12471769034675657,,,,,,,,,
2020-05-23 00:00:00+00:00,,,,206.64,206.61,0.00014520110352833626,2.5424332207519512e-05,0.4339241172184919,,,,,,,,,
2020-05-24 00:00:00+00:00,,,,199.66,199.79,-0.0006506832173782673,-6.753041313223296e-05,-3.1464977023311964,,,,,,,,,
2020-05-25 00:00:00+00:00,,,,204.04,204.13,-0.00044089550776471587,-0.0001305154856700495,-1.986462075867628,,,,,,,,,
2020-05-26 00:00:00+00:00,,,,200.93,200.91,9.954706087311749e-05,-0.0001296101448544957,0.3295414074229628,,,,,,,,,
2020-05-27 00:00:00+00:00,,,,208.34,208.31,0.00014401612980652345,-0.00012944554715388357,0.5230387523520829,,,,,,,,,
2020-05-28 00:00:00+00:00,,,,220.33,220.28,0.00022698383875074946,-6.108580453326582e-05,0.8887289032412935,,,,,,,,,
2020-05-29 00:00:00+00:00,,,,220.7,220.65,0.00022660321776557524,-3.560391063124018e-05,0.8666741980822987,,,,,,,,,
2020-05-30 00:00:00+00:00,,,,243.73,243.65,0.00032833983172575465,-9.441235174466125e-06,1.3082365328283043,,,,,,,,,
2020-05-31 00:00:00+00:00,,,,231.56,231.6,-0.00017271157167531026,5.884042849738488e-05,-0.8223107293867834,,,,,,,,,
2020-06-01 00:00:00+00:00,,,,248.3,248.21,0.00036259618871126165,0.00017362495656538166,1.365944341917979,,,,,,,,,
2020-06-02 00:00:00+00:00,,,,237.78,237.72,0.00025239777889951576,0.0001954607734262957,0.8610706458451387,,,,,,,,,
2020-06-03 00:00:00+00:00,,,,244.51,244.53,-8.178955547377686e-05,0.0001632028183862528,-0.5202728890501479,,,,,,,,,
2020-06-04 00:00:00+00:00,,,,243.33,243.25,0.0003288797533402832,0.00017775937761332905,1.1144074912359778,,,,,,,,,
2020-06-05 00:00:00+00:00,,,,240.09,240.03,0.00024996875390570494,0.0001810973113476333,0.8368563908239386,,,,,,,,,
2020-06-06 00:00:00+00:00,,,,242.07,241.96,0.0004546205984459206,0.00019913742087908557,1.560493120377438,,,,,,,,,
2020-06-07 00:00:00+00:00,,,,244.68,244.57,0.00044976898229553974,0.0002880632143034927,1.5523435870465396,,,,,,,,,
2020-06-08 00:00:00+00:00,,,,246.49,246.41,0.0003246621484518375,0.00028264406569500355,1.0073818183637753,,,,,,,,,
2020-06-09 00:00:00+00:00,,,,243.94,243.82,0.0004921663522270414,0.00031689671902750724,1.5273041307787913,,,,,,,,,
2020-06-10 00:00:00+00:00,,,,247.84,247.74,0.0004036489868410875,0.000386245082215345,1.130756809093891,,,,,,,,,
2020-06-11 00:00:00+00:00,,,,230.5,230.48,8.677542519963666e-05,0.00035165874962382403,-0.02482662805106217,,,,,,,,,
2020-06-12 00:00:00+00:00,,,,237.45,237.55,-0.0004209640075774068,0.0002558112122690938,-1.7514469697270196,,,,,,,,,
2020-06-13 00:00:00+00:00,,,,238.11,238.15,-0.0001679613688850834,0.00016687093122180752,-0.8472616991055241,,,,,,,,,
2020-06-14 00:00:00+00:00,,,,231.9,231.79,0.0004745674964408142,0.00017041357609970387,1.2859641217211921,,,,,,,,,
2020-06-15 00:00:00+00:00,,,,230.89,230.83,0.00025993155135806134,0.00016116634794345014,0.5070054902476128,,,,,,,,,
2020-06-16 00:00:00+00:00,,,,235.21,235.31,-0.00042497131443630654,3.0146681277257565e-05,-1.7230328325652324,,,,,,,,,
2020-06-17 00:00:00+00:00,,,,233.75,233.8,-0.00021385799828921304,-5.806860231278537e-05,-0.9901191493632441,,,,,,,,,
2020-06-18 00:00:00+00:00,,,,231.22,231.29,-0.00030265035237142524,-0.0001137008562515085,-1.202331529945933,,,,,,,,,
2020-06-19 00:00:00+00:00,,,,228.99,229.01,-8.733243089809051e-05,-6.60392024401776e-05,-0.4982013024083603,,,,,,,,,
2020-06-20 00:00:00+00:00,,,,228.83,228.88,-0.00021845508563433924,-7.325259054721414e-05,-0.9162354260734021,,,,,,,,,
2020-06-21 00:00:00+00:00,,,,228.08,228.07,4.384618757402592e-05,-0.00013478420609961246,-0.08992345835983105,,,,,,,,,
2020-06-22 00:00:00+00:00,,,,243.16,243.14,8.225713580656269e-05,-0.00016016626546411228,0.03764754508627738,,,,,,,,,
2020-06-23 00:00:00+00:00,,,,243.18,243.15,0.00012338062924110993,-8.183027351019565e-05,0.09511726322628505,,,,,,,,,
2020-06-24 00:00:00+00:00,,,,234.66,234.58,0.0003410350413504126,-2.5598392759634033e-06,0.806679855344427,,,,,,,,,
2020-06-25 00:00:00+00:00,,,,232.44,232.5,-0.0002580645161290862,3.8095659015136007e-06,-1.3151897604570921,,,,,,,,,
2020-06-26 00:00:00+00:00,,,,229.59,229.64,-0.00021773210242115315,-1.4818958601781063e-05,-1.103621550421098,,,,,,,,,
2020-06-27 00:00:00+00:00,,,,220.94,220.98,-0.00018101185627650285,-9.469925836375864e-06,-0.9171319648420866,,,,,,,,,
2020-06-28 00:00:00+00:00,,,,224.93,224.95,-8.890864636579288e-05,-2.8434902113492833e-05,-0.5620272197766587,,,,,,,,,
2020-06-29 00:00:00+00:00,,,,227.82,227.87,-0.00021942335542202152,-7.153211514614772e-05,-0.946883419777323,,,,,,,,,
2020-06-30 00:00:00+00:00,,,,225.57,225.55,8.867213478147562e-05,-7.649047149752406e-05,0.08395507642748823,,,,,,,,,
2020-07-01 00:00:00+00:00,,,,230.87,230.95,-0.00034639532366309567,-0.00017469480935659667,-1.3296893792314695,,,,,,,,,
2020-07-02 00:00:00+00:00,,,,226.46,226.48,-8.830801836801072e-05,-0.00015044388110501444,-0.4072690028568967,,,,,,,,,
2020-07-03 00:00:00+00:00,,,,224.91,224.9,4.446420631398773e-05,-0.00011298726557142289,0.03711006308654966,,,,,,,,,
2020-07-04 00:00:00+00:00,,,,229.16,229.14,8.728288382653382e-05,-7.465944555670337e-05,0.21728236009494722,,,,,,,,,
2020-07-05 00:00:00+00:00,,,,227.65,227.57,0.0003515401854374822,-1.1738183870521216e-05,1.1243964756033435,,,,,,,,,
2020-07-06 00:00:00+00:00,,,,241.6,241.68,-0.0003310162197948108,-2.768002163806254e-05,-1.1823368603532864,,,,,,,,,
2020-07-07 00:00:00+00:00,,,,239.42,239.37,0.000208881647658421,-1.05072340842132e-05,0.7852912866764362,,,,,,,,,
2020-07-08 00:00:00+00:00,,,,247.1,246.98,0.0004858693011580151,0.00010838771231880262,1.729933946613613,,,,,,,,,
2020-07-09 00:00:00+00:00,,,,242.0,241.99,4.132402165368809e-05,0.0001269065751790453,0.2116467608579619,,,,,,,,,
2020-07-10 00:00:00+00:00,,,,241.32,241.25,0.0002901554404144413,0.00016200532290768153,1.1888265615434916,,,,,,,,,
2020-07-11 00:00:00+00:00,,,,239.19,239.18,4.180951584586978e-05,0.00015550912748187238,0.2387348203809235,,,,,,,,,
2020-07-12 00:00:00+00:00,,,,242.85,242.74,0.0004531597594132908,0.00017002620947841645,1.6970200600945973,,,,,,,,,
2020-07-13 00:00:00+00:00,,,,239.74,239.6,0.000584307178631116,0.00030078669496783457,1.967880385451476,,,,,,,,,
2020-07-14 00:00:00+00:00,,,,240.52,240.44,0.0003327233405423513,0.0003184783653798246,1.111063029881208,,,,,,,,,
2020-07-15 00:00:00+00:00,,,,238.59,238.61,-8.381878378949104e-05,0.0002370943532444666,-0.37670547445806724,,,,,,,,,
2020-07-16 00:00:00+00:00,,,,233.73,233.67,0.00025677237129295705,0.0002678726889072193,0.8307208961607987,,,,,,,,,
2020-07-17 00:00:00+00:00,,,,232.74,232.68,0.00025786487880341546,0.0002632597515342156,0.7794614686068613,,,,,,,,,
2020-07-18 00:00:00+00:00,,,,235.72,235.65,0.00029705071079999534,0.000299722779384805,0.8726313460116761,,,,,,,,,
2020-07-19 00:00:00+00:00,,,,239.07,239.04,0.00012550200803218559,0.0002529145291875042,0.16731210429358467,,,,,,,,,
2020-07-20 00:00:00+00:00,,,,236.03,236.02,4.236929073808682e-05,0.0001754948309170715,-0.2035794049994196,,,,,,,,,
2020-07-21 00:00:00+00:00,,,,245.62,245.54,0.0003258124949092611,0.00017450756725520149,0.9035039416514,,,,,,,,,
2020-07-22 00:00:00+00:00,,,,263.84,263.72,0.0004550280600634782,0.00025148568780562563,1.3301715593722312,,,,,,,,,
2020-07-23 00:00:00+00:00,,,,275.51,275.35,0.0005810786272015811,0.00029781515293542907,1.6721745341107659,,,,,,,,,
2020-07-24 00:00:00+00:00,,,,279.27,279.16,0.00039403926063896755,0.0003172686360547937,0.9676599469659838,,,,,,,,,
2020-07-25 00:00:00+00:00,,,,305.33,305.27,0.00019654731876705966,0.00030291100862151713,0.19232563905322525,,,,,,,,,
2020-07-26 00:00:00+00:00,,,,311.12,311.02,0.0003215227316573088,0.0003309139691393919,0.618542604001324,,,,,,,,,
2020-07-27 00:00:00+00:00,,,,321.98,321.94,0.00012424675405364738,0.0003426107496130434,-0.2035497754052266,,,,,,,,,
2020-07-28 00:00:00+00:00,,,,316.84,316.72,0.00037888355645354643,0.0003501923298336556,0.7755263930934668,,,,,,,,,
2020-07-29 00:00:00+00:00,,,,317.92,317.8,0.00037759597230957453,0.00033913060301166934,0.7193568026787386,,,,,,,,,
2020-07-30 00:00:00+00:00,,,,334.9,334.8,0.00029868578255665135,0.00029878876806239366,0.3519013926159398,,,,,,,,,
2020-07-31 00:00:00+00:00,,,,346.44,346.3,0.0004042737510827621,0.0003002508381257929,0.7766975039906914,,,,,,,,,
2020-08-01 00:00:00+00:00,,,,387.14,387.01,0.0003359086328518224,0.000320159597280759,0.39922533768082424,,,,,,,,,
2020-08-02 00:00:00+00:00,,,,372.48,372.48,0.0,0.00027422777847257204,-1.2602945239367584,,,,,,,,,
2020-08-03 00:00:00+00:00,,,,385.9,385.79,0.0002851292153760454,0.0002972109872329146,0.12039758883501081,,,,,,,,,
2020-08-04 00:00:00+00:00,,,,389.73,389.63,0.00025665374842809285,0.00027974958608642124,-0.006497569316423355,,,,,,,,,
2020-08-05 00:00:00+00:00,,,,400.82,400.71,0.0002745127398866565,0.0002650234100260044,-0.021954568661178113,,,,,,,,,
2020-08-06 00:00:00+00:00,,,,394.9,394.8,0.0002532928064842288,0.0002585386991585154,-0.16017760834452094,,,,,,,,,
2020-08-07 00:00:00+00:00,,,,379.47,379.4,0.00018450184501861422,0.00022714271257792288,-0.5302441418903892,,,,,,,,,
2020-08-08 00:00:00+00:00,,,,397.12,397.01,0.0002770711065211984,0.00021873735167354802,-0.0022751827334832365,,,,,,,,,
2020-08-09 00:00:00+00:00,,,,390.21,390.12,0.00023069824669330607,0.000251694244058306,-0.28915872065190074,,,,,,,,,
2020-08-10 00:00:00+00:00,,,,395.56,395.46,0.0002528700753552382,0.000247085795483905,-0.19948331203388275,,,,,,,,,
2020-08-11 00:00:00+00:00,,,,379.15,379.04,0.00029020683832836625,0.0002518790940410869,0.09084371688520027,,,,,,,,,
2020-08-12 00:00:00+00:00,,,,387.27,387.17,0.00025828447452025394,0.00024956077041731514,-0.059444362445618106,,,,,,,,,
2020-08-13 00:00:00+00:00,,,,424.5,424.41,0.00021205909380084265,0.00024367024003397425,-0.3780452792872707,,,,,,,,,
2020-08-14 00:00:00+00:00,,,,438.68,438.1,0.0013238986532755348,0.00040644121264210575,4.537202959179396,,,,,,,,,
2020-08-15 00:00:00+00:00,,,,432.6,432.25,0.0008097165991902688,0.00048253342588054437,1.9984049429751471,,,,,,,,,
2020-08-16 00:00:00+00:00,,,,434.13,433.58,0.0012685086950505742,0.0006307920613601541,3.0687415734506005,,,,,,,,,
2020-08-17 00:00:00+00:00,,,,431.23,430.77,0.0010678552359728588,0.0007472185128769571,2.113502607575192,,,,,,,,,
2020-08-18 00:00:00+00:00,,,,422.39,421.96,0.0010190539387620046,0.0008513395272246196,1.7816098588286764,,,,,,,,,
2020-08-19 00:00:00+00:00,,,,407.78,407.46,0.0007853531635007016,0.0009266350542218264,1.0206423233104258,,,,,,,,,
2020-08-20 00:00:00+00:00,,,,416.24,415.88,0.0008656343175916792,0.0010200029433348032,1.1777683487738753,,,,,,,,,
2020-08-21 00:00:00+00:00,,,,388.31,387.99,0.000824763524833072,0.0009486979249858799,1.0049265905298574,,,,,,,,,
2020-08-22 00:00:00+00:00,,,,395.55,395.28,0.000683060109289757,0.0009306041407143782,0.5891904027069349,,,,,,,,,
2020-08-23 00:00:00+00:00,,,,390.96,390.66,0.0007679311933650457,0.000859093069045017,0.7863282271873913,,,,,,,,,
2020-08-24 00:00:00+00:00,,,,407.92,407.71,0.0005150719874420506,0.0007801240335406158,0.047783261472655394,,,,,,,,,
2020-08-25 00:00:00+00:00,,,,383.17,383.0,0.00044386422976505635,0.0006979540751124803,-0.1666273919707348,,,,,,,,,
2020-08-26 00:00:00+00:00,,,,386.13,385.87,0.0006738020576877446,0.0006820182028534865,0.4443574203332022,,,,,,,,,
2020-08-27 00:00:00+00:00,,,,383.42,383.26,0.00041747116839752074,0.0006179948958257496,-0.3034567556194958,,,,,,,,,
2020-08-28 00:00:00+00:00,,,,395.26,395.12,0.00035432273739610665,0.0005507890690490402,-0.4841515709397891,,,,,,,,,
2020-08-29 00:00:00+00:00,,,,398.73,398.63,0.00025085919273526436,0.000489046080969827,-0.7771440297469121,,,,,,,,,
2020-08-30 00:00:00+00:00,,,,428.99,428.91,0.00018651931640656372,0.0004059872414043296,-0.9294529738616298,,,,,,,,,
2020-08-31 00:00:00+00:00,,,,433.97,433.74,0.0005302715912758327,0.00040815861338058416,0.03294990457479397,,,,,,,,,
2020-09-01 00:00:00+00:00,,,,475.84,475.43,0.0008623772164144672,0.0004679461829019286,0.9257143186605338,,,,,,,,,
2020-09-02 00:00:00+00:00,,,,439.73,439.66,0.00015921393804307904,0.00039443359438126206,-1.1158679812985404,,,,,,,,,
2020-09-03 00:00:00+00:00,,,,381.73,381.29,0.0011539772876287824,0.0004996487542714423,1.6258326857650187,,,,,,,,,
2020-09-04 00:00:00+00:00,,,,385.12,385.27,-0.00038933734783397345,0.0003934115992385737,-2.3813941047662617,,,,,,,,,
2020-09-05 00:00:00+00:00,,,,334.94,335.14,-0.0005967655308228847,0.00027232235301598095,-2.5191401572092995,,,,,,,,,
2020-09-06 00:00:00+00:00,,,,352.4,352.73,-0.0009355597765997592,0.00011202533972936341,-2.758045281445428,,,,,,,,,
2020-09-07 00:00:00+00:00,,,,353.52,353.53,-2.828614261873863e-05,3.223137774442465e-05,-0.9638248125830184,,,,,,,,,
2020-09-08 00:00:00+00:00,,,,337.27,337.36,-0.0002667773298554721,-0.00012907641457985238,-1.348092784213536,,,,,,,,,
2020-09-09 00:00:00+00:00,,,,350.66,350.82,-0.0004560743401172962,-0.00021697474003133457,-1.5842200348148294,,,,,,,,,
2020-09-10 00:00:00+00:00,,,,367.75,367.94,-0.0005163885416100689,-0.000455598429922599,-1.5714443401428968,,,,,,,,,
2020-09-11 00:00:00+00:00,,,,373.43,373.6,-0.0004550321199143781,-0.0004649833973626568,-1.379092136130629,,,,,,,,,
2020-09-12 00:00:00+00:00,,,,387.61,387.76,-0.0003868372188982061,-0.00043499363851627414,-1.2036596283433434,,,,,,,,,
2020-09-13 00:00:00+00:00,,,,366.21,366.39,-0.0004912797838368954,-0.00037152506812157933,-1.29121195061409,,,,,,,,,
2020-09-14 00:00:00+00:00,,,,377.14,377.13,2.6516055471548228e-05,-0.0003636961826801098,-0.4117830298233753,,,,,,,,,
2020-09-15 00:00:00+00:00,,,,364.0,364.05,-0.00013734377146001897,-0.0003452056743379022,-0.6295510077050959,,,,,,,,,
2020-09-16 00:00:00+00:00,,,,364.98,365.11,-0.0003560570786885764,-0.0003309174941337994,-0.9426155721992427,,,,,,,,,
2020-09-17 00:00:00+00:00,,,,389.25,389.37,-0.00030819015332461674,-0.00030117486723587765,-0.803789520958464,,,,,,,,,
2020-09-18 00:00:00+00:00,,,,384.42,384.43,-2.6012538043351796e-05,-0.00023988635554001675,-0.2541750048315783,,,,,,,,,
2020-09-19 00:00:00+00:00,,,,384.96,385.21,-0.000648996651177236,-0.0002773377030084496,-1.3120405271596534,,,,,,,,,
2020-09-20 00:00:00+00:00,,,,370.73,370.95,-0.0005930718425662951,-0.0002918794256840781,-1.1363694956769301,,,,,,,,,
2020-09-21 00:00:00+00:00,,,,340.02,340.23,-0.0006172295212063528,-0.00038384307949520684,-1.1074798993238646,,,,,,,,,
2020-09-22 00:00:00+00:00,,,,344.08,344.2,-0.00034863451481692564,-0.00041402747140333637,-0.5515118126825401,,,,,,,,,
2020-09-23 00:00:00+00:00,,,,320.41,320.66,-0.0007796419883989714,-0.0004745396013619642,-1.2988402977076432,,,,,,,,,
2020-09-24 00:00:00+00:00,,,,348.8,348.97,-0.0004871478923690331,-0.0005001049926540237,-0.680513948014323,,,,,,,,,
2020-09-25 00:00:00+00:00,,,,351.88,351.88,0.0,-0.0004963889157906877,0.3343058014807558,,,,,,,,,
2020-09-26 00:00:00+00:00,,,,353.89,353.96,-0.0001977624590349114,-0.0004319268883417842,-0.030529639402497026,,,,,,,,,
2020-09-27 00:00:00+00:00,,,,357.34,357.47,-0.0003636668811369814,-0.0003991547509947394,-0.3369293613280599,,,,,,,,,
2020-09-28 00:00:00+00:00,,,,353.81,353.98,-0.0004802531216453465,-0.00037958669391459566,-0.5421967310390874,,,,,,,,,
2020-09-29 00:00:00+00:00,,,,359.69,359.79,-0.0002779399093916224,-0.00036948746456812377,-0.06833538089903891,,,,,,,,,
2020-09-30 00:00:00+00:00,,,,359.68,359.8,-0.00033351862145636346,-0.00030575555500489404,-0.1348976837662755,,,,,,,,,
2020-10-01 00:00:00+00:00,,,,352.82,352.97,-0.00042496529450108955,-0.000296872326738045,-0.287022406160555,,,,,,,,,
2020-10-02 00:00:00+00:00,,,,345.5,345.58,-0.0002314948781757531,-0.0003299430236202954,0.27913840744246055,,,,,,,,,
2020-10-03 00:00:00+00:00,,,,345.71,345.93,-0.00063596681409539,-0.00039254364577179235,-1.0672176321417381,,,,,,,,,
2020-10-04 00:00:00+00:00,,,,352.14,352.38,-0.0006810829218457659,-0.00043788879444447585,-1.1904139527900208,,,,,,,,,
2020-10-05 00:00:00+00:00,,,,353.33,353.61,-0.0007918328101581551,-0.0004824001785177342,-1.5790380611697845,,,,,,,,,
2020-10-06 00:00:00+00:00,,,,340.5,340.75,-0.0007336757153337814,-0.0005475052936523284,-1.4426074278966108,,,,,,,,,
2020-10-07 00:00:00+00:00,,,,341.5,341.59,-0.00026347375508639637,-0.0005374988841709045,0.6565367662107293,,,,,,,,,
2020-10-08 00:00:00+00:00,,,,350.99,350.87,0.0003420070111437301,-0.00042793141193593024,2.8156978919816553,,,,,,,,,
2020-10-09 00:00:00+00:00,,,,365.06,365.02,0.00010958303654606816,-0.00037920599554709867,1.7459525000197083,,,,,,,,,
2020-10-10 00:00:00+00:00,,,,370.68,370.56,0.00032383419689119286,-0.00024209156540615822,2.2137142793328604,,,,,,,,,
2020-10-11 00:00:00+00:00,,,,374.35,374.17,0.0004810647566613202,-7.60704684765745e-05,2.3623465619299675,,,,,,,,,
2020-10-12 00:00:00+00:00,,,,386.72,386.5,0.0005692108667529894,0.00011836434251073185,2.2847303917024977,,,,,,,,,
2020-10-13 00:00:00+00:00,,,,381.13,381.04,0.0002361956749947769,0.0002569173982719545,1.2896820654989933,,,,,,,,,
2020-10-14 00:00:00+00:00,,,,378.77,378.71,0.00015843257373715502,0.00031718973096103324,1.0622138099039615,,,,,,,,,
2020-10-15 00:00:00+00:00,,,,377.69,377.67,5.2956284587013513e-05,0.0002758967700243594,0.764435687433827,,,,,,,,,
2020-10-16 00:00:00+00:00,,,,365.35,365.4,-0.000136836343732738,0.00024069400141310142,0.2564151812889237,,,,,,,,,
2020-10-17 00:00:00+00:00,,,,368.34,368.26,0.000217237821104721,0.00022546594772931972,1.1004415579974456,,,,,,,,,
2020-10-18 00:00:00+00:00,,,,378.27,378.1,0.0004496165035703381,0.0002209733401448937,1.5787084569551213,,,,,,,,,
2020-10-19 00:00:00+00:00,,,,379.46,379.29,0.0004482058583141768,0.00020368691036792047,1.4598303159488357,,,,,,,,,
2020-10-20 00:00:00+00:00,,,,368.71,368.49,0.0005970311270317996,0.00025523483208749517,1.6629037407187819,,,,,,,,,
2020-10-21 00:00:00+00:00,,,,390.95,390.39,0.0014344629729245995,0.00043752488911427294,2.925819042973713,,,,,,,,,
2020-10-22 00:00:00+00:00,,,,414.47,413.94,0.0012803787988597826,0.0006128709625818114,2.2842758803550094,,,,,,,,,
2020-10-23 00:00:00+00:00,,,,409.48,409.14,0.0008310113897445071,0.0007511349245071321,1.3888804553557652,,,,,,,,,
2020-10-24 00:00:00+00:00,,,,412.34,412.14,0.0004852719949530737,0.0007894255207711824,0.7217794299317126,,,,,,,,,
2020-10-25 00:00:00+00:00,,,,406.21,405.96,0.000615824219134975,0.0008131694801375591,0.9055792426435181,,,,,,,,,
2020-10-26 00:00:00+00:00,,,,392.53,392.66,-0.00033107523047948284,0.0007018436103098935,-0.7536489978421828,,,,,,,,,
2020-10-27 00:00:00+00:00,,,,403.66,403.43,0.0005701112956399967,0.0006979979201110645,0.7746042385183272,,,,,,,,,
2020-10-28 00:00:00+00:00,,,,388.11,388.26,-0.0003863390511512632,0.00043788334524308414,-0.9169518123817076,,,,,,,,,
2020-10-29 00:00:00+00:00,,,,387.08,387.03,0.00012918895176095013,0.0002734276528003938,-0.03007532044460906,,,,,,,,,
2020-10-30 00:00:00+00:00,,,,382.38,382.49,-0.00028758921801885773,0.00011362756597705597,-0.7782173993498834,,,,,,,,,
2020-10-31 00:00:00+00:00,,,,386.39,386.45,-0.00015525941260186027,2.212307918349397e-05,-0.5651281880083505,,,,,,,,,
2020-11-01 00:00:00+00:00,,,,396.82,396.53,0.0007313444127809987,3.862596399006879e-05,0.9753264489939134,,,,,,,,,
2020-11-02 00:00:00+00:00,,,,383.06,383.09,-7.831057975926647e-05,7.473519980724255e-05,-0.5318835832415305,,,,,,,,,
2020-11-03 00:00:00+00:00,,,,388.13,387.91,0.0005671418628030445,7.431099511624937e-05,0.6198015268119305,,,,,,,,,
2020-11-04 00:00:00+00:00,,,,402.88,402.39,0.0012177240985113968,0.00030346287363948655,1.789184185901563,,,,,,,,,
2020-11-05 00:00:00+00:00,,,,417.12,416.72,0.00095987713572665,0.00042213261420601507,1.2329534002132574,,,,,,,,,
2020-11-06 00:00:00+00:00,,,,456.33,455.7,0.0013824884792625891,0.0006607151423890789,1.9290640839325326,,,,,,,,,
2020-11-07 00:00:00+00:00,,,,435.45,435.11,0.0007814115970674607,0.0007945252866275533,0.6804259852065213,,,,,,,,,
2020-11-08 00:00:00+00:00,,,,454.83,454.32,0.001122556788166973,0.0008504127688255496,1.2685921472391624,,,,,,,,,
2020-11-09 00:00:00+00:00,,,,444.78,444.39,0.0008776075069196754,0.0009869724954939699,0.745786981683819,,,,,,,,,
2020-11-10 00:00:00+00:00,,,,450.63,450.33,0.000666178136033535,0.0010011205345268972,0.32211353479669347,,,,,,,,,
2020-11-11 00:00:00+00:00,,,,463.41,463.1,0.0006694018570503335,0.0009227887857467452,0.32139769821541314,,,,,,,,,
2020-11-12 00:00:00+00:00,,,,462.72,462.56,0.0003459010722934863,0.0008350779195420076,-0.31351175606585485,,,,,,,,,
2020-11-13 00:00:00+00:00,,,,476.81,476.42,0.0008186054321817071,0.000754523198530453,0.5639472145278901,,,,,,,,,
2020-11-14 00:00:00+00:00,,,,460.68,460.71,-6.511688480814737e-05,0.000633590558262509,-1.1410951473626025,,,,,,,,,
2020-11-15 00:00:00+00:00,,,,448.14,448.09,0.00011158472628269855,0.0004891659779933269,-0.8300973131666539,,,,,,,,,
2020-11-16 00:00:00+00:00,,,,460.66,460.56,0.00021712697585551943,0.0003948116164127332,-0.6224621787933319,,,,,,,,,
2020-11-17 00:00:00+00:00,,,,482.65,482.16,0.00101626016260159,0.00044482333449388393,0.8996154218125932,,,,,,,,,
2020-11-18 00:00:00+00:00,,,,478.51,478.42,0.00018811922578487739,0.00037606867288453305,-0.6845015245638821,,,,,,,,,
2020-11-19 00:00:00+00:00,,,,471.5,471.24,0.0005517358458535515,0.00040547364053597094,0.01825251745930105,,,,,,,,,
2020-11-20 00:00:00+00:00,,,,510.36,510.08,0.0005489335006274576,0.0003669490788853639,0.0736565229068709,,,,,,,,,
2020-11-21 00:00:00+00:00,,,,553.33,552.29,0.001883068677687616,0.0006452613020990443,2.526941344772586,,,,,,,,,
2020-11-22 00:00:00+00:00,,,,560.83,560.04,0.0014106135276052978,0.0008308368451451299,1.54525855809236,,,,,,,,,
2020-11-23 00:00:00+00:00,,,,609.22,608.77,0.0007391954268443079,0.0009054180524292425,0.32094858403026083,,,,,,,,,
2020-11-24 00:00:00+00:00,,,,605.85,604.99,0.0014215110993569535,0.0009633110433942946,1.4424767923970494,,,,,,,,,
2020-11-25 00:00:00+00:00,,,,569.8,569.53,0.0004740751145682065,0.0010041618846490558,-0.25394815685263883,,,,,,,,,
2020-11-26 00:00:00+00:00,,,,520.08,519.75,0.0006349206349207659,0.0010160454259443721,0.0334248219431154,,,,,,,,,
2020-11-27 00:00:00+00:00,,,,518.74,518.53,0.00040499103234159506,0.000995482216189249,-0.45689098433697645,,,,,,,,,
2020-11-28 00:00:00+00:00,,,,537.66,537.59,0.00013021075540819993,0.0007450739415779038,-0.984849077394952,,,,,,,,,
2020-11-29 00:00:00+00:00,,,,575.84,576.01,-0.00029513376503875755,0.0005013957569144674,-1.799853713621262,,,,,,,,,
2020-11-30 00:00:00+00:00,,,,617.28,616.51,0.0012489659535124265,0.0005742201178670557,1.097502944175116,,,,,,,,,
2020-12-01 00:00:00+00:00,,,,586.22,585.45,0.0013152276026986431,0.0005590367612015827,1.160516878594549,,,,,,,,,
2020-12-02 00:00:00+00:00,,,,597.9,597.14,0.0012727333623605563,0.0006731307966004899,1.0165424684445374,,,,,,,,,
2020-12-03 00:00:00+00:00,,,,616.29,615.92,0.0006007273671906344,0.000668246044067614,-0.3026095751360072,,,,,,,,,
2020-12-04 00:00:00+00:00,,,,568.03,567.35,0.0011985546840573846,0.0007816122800270124,0.871921258870706,,,,,,,,,
2020-12-05 00:00:00+00:00,,,,597.04,596.85,0.0003183379408560061,0.0008084875922338419,-0.8069313713906473,,,,,,,,,
2020-12-06 00:00:00+00:00,,,,601.79,601.63,0.00026594418496417305,0.0008886415850914034,-0.8501805827722432,,,,,,,,,
2020-12-07 00:00:00+00:00,,,,591.77,591.24,0.0008964210811175377,0.0008382780318921336,0.38833793319216503,,,,,,,,,
2020-12-08 00:00:00+00:00,,,,555.23,554.96,0.00048652155110273654,0.0007198914530927184,-0.38253985915861555,,,,,,,,,
2020-12-09 00:00:00+00:00,,,,573.53,573.32,0.00036628758808321393,0.0005903991996245266,-0.5862547975528096,,,,,,,,,
2020-12-10 00:00:00+00:00,,,,559.25,558.88,0.0006620383624391657,0.0005991579132314596,0.0015486506419105485,,,,,,,,,
2020-12-11 00:00:00+00:00,,,,544.49,544.25,0.0004409738171795574,0.0004909320751060557,-0.4211490275763938,,,,,,,,,
2020-12-12 00:00:00+00:00,,,,568.24,568.03,0.00036969878351511554,0.0004982693383430714,-0.5644032302651844,,,,,,,,,
2020-12-13 00:00:00+00:00,,,,591.11,590.87,0.00040618071657050336,0.0005183031285725472,-0.463928763328839,,,,,,,,,
2020-12-14 00:00:00+00:00,,,,586.26,586.29,-5.1169216599200595e-05,0.00038293308604158457,-1.3714266347432595,,,,,,,,,
2020-12-15 00:00:00+00:00,,,,588.76,588.66,0.000169877348554337,0.00033769819996324176,-0.9411335544911574,,,,,,,,,
2020-12-16 00:00:00+00:00,,,,637.86,637.36,0.0007844860047696578,0.000397440830918448,0.24648914683460313,,,,,,,,,
2020-12-17 00:00:00+00:00,,,,643.43,642.96,0.0007309941520465824,0.0004072916580052218,0.15935066670517467,,,,,,,,,
2020-12-18 00:00:00+00:00,,,,654.43,653.78,0.00099421823855117,0.00048632657534402365,0.6447271280918941,,,,,,,,,
2020-12-19 00:00:00+00:00,,,,658.88,658.07,0.0012308720956735186,0.0006093513342237955,1.0622534653473552,,,,,,,,,
2020-12-20 00:00:00+00:00,,,,638.5,638.3,0.0003133322888924095,0.000596087273126925,-0.758301625158804,,,,,,,,,
2020-12-21 00:00:00+00:00,,,,608.12,607.88,0.00039481476607217125,0.0006597992706514066,-0.5528998458797979,,,,,,,,,
2020-12-22 00:00:00+00:00,,,,637.52,636.56,0.0015081060701269688,0.0008509748023046397,1.8796743208989493,,,,,,,,,
2020-12-23 00:00:00+00:00,,,,585.39,585.44,-8.540584859262346e-05,0.0007267045375385996,-1.4813805495083792,,,,,,,,,
2020-12-24 00:00:00+00:00,,,,612.55,612.36,0.0003102750016328315,0.0006666018017652066,-0.6004468464516683,,,,,,,,,
2020-12-25 00:00:00+00:00,,,,627.02,626.91,0.00017546378268007423,0.0005496368794979072,-0.8642229202032817,,,,,,,,,
2020-12-26 00:00:00+00:00,,,,637.44,637.25,0.0002981561396626642,0.000416391742924928,-0.570171553629187,,,,,,,,,
2020-12-27 00:00:00+00:00,,,,686.06,685.12,0.001372022419430019,0.0005676331901445865,1.6043595878457952,,,,,,,,,
2020-12-28 00:00:00+00:00,,,,731.12,730.45,0.0009172427955368434,0.0006422657657823968,0.618052115694733,,,,,,,,,
2020-12-29 00:00:00+00:00,,,,733.3,732.15,0.0015707163832547888,0.0006512100962292282,1.8570069510288827,,,,,,,,,
2020-12-30 00:00:00+00:00,,,,753.01,752.05,0.0012765108702879058,0.0008457696274978753,1.236837159010543,,,,,,,,,
2020-12-31 00:00:00+00:00,,,,736.83,736.3,0.0007198152926797263,0.0009042753833617174,0.12057542781926378,,,,,,,,,
2021-01-01 00:00:00+00:00,,,,729.89,729.13,0.0010423381290030065,0.0010281145756935648,0.8473464111959669,,,,,,,,,
2021-01-02 00:00:00+00:00,,,,774.9,774.52,0.0004906264525124104,0.0010556103346721,-0.3544091688672337,,,,,,,,,
2021-01-03 00:00:00+00:00,,,,978.2,978.01,0.00019427204220812122,0.0008873602807832574,-0.9395636941324247,,,,,,,,,
2021-01-04 00:00:00+00:00,,,,1043.23,1041.47,0.0016899190567178923,0.0009977426038091217,2.09875009482336,,,,,,,,,
2021-01-05 00:00:00+00:00,,,,1100.48,1099.64,0.0007638863628096626,0.0008824811723169608,0.1709904326332659,,,,,,,,,
2021-01-06 00:00:00+00:00,,,,1208.59,1208.33,0.0002151730073738367,0.0007308614776149509,-0.9079075375730604,,,,,,,,,
2021-01-07 00:00:00+00:00,,,,1226.27,1224.73,0.0012574200027761773,0.0008076621504858725,1.1480479449279024,,,,,,,,,
2021-01-08 00:00:00+00:00,,,,1217.49,1216.67,0.0006739707562444242,0.0007550382400917892,-0.041546067862563214,,,,,,,,,
2021-01-09 00:00:00+00:00,,,,1279.71,1276.02,0.002891804203695836,0.001098063633117993,3.330322835484276,,,,,,,,,
2021-01-10 00:00:00+00:00,,,,1258.62,1254.58,0.0032202011828659227,0.001530339224640536,3.042594876402472,,,,,,,,,
2021-01-11 00:00:00+00:00,,,,1086.73,1086.99,-0.0002391926328668692,0.0012547518404141414,-1.356932606845706,,,,,,,,,
2021-01-12 00:00:00+00:00,,,,1050.13,1049.94,0.00018096272167933414,0.0011714770345383802,-0.8144114715873731,,,,,,,,,
2021-01-13 00:00:00+00:00,,,,1130.01,1129.8,0.00018587360594790603,0.0011672914057632472,-0.8262812524844488,,,,,,,,,
2021-01-14 00:00:00+00:00,,,,1232.57,1231.86,0.0005763641972302835,0.001069997719256691,-0.3550917766574075,,,,,,,,,
2021-01-15 00:00:00+00:00,,,,1168.41,1168.42,-8.558566269023515e-06,0.0009724935303261985,-1.0455326721232523,,,,,,,,,
2021-01-16 00:00:00+00:00,,,,1227.73,1227.62,8.960427493853729e-05,0.0005721792547894415,-0.8839171330928239,,,,,,,,,
2021-01-17 00:00:00+00:00,,,,1233.64,1232.26,0.001119893528963134,0.0002721353042319003,0.37910974948472803,,,,,,,,,
2021-01-18 00:00:00+00:00,,,,1259.66,1258.29,0.0010887792162379561,0.00046184556838973253,0.34758199608350465,,,,,,,,,
2021-01-19 00:00:00+00:00,,,,1367.64,1367.79,-0.00010966595749339891,0.00042032718565077065,-1.095550973117498,,,,,,,,,
2021-01-20 00:00:00+00:00,,,,1378.48,1377.08,0.001016643913207771,0.0005390086581164656,0.247465532813719,,,,,,,,,
2021-01-21 00:00:00+00:00,,,,1111.08,1111.65,-0.0005127513156121255,0.0003834207277104072,-1.4902031410711114,,,,,,,,,
2021-01-22 00:00:00+00:00,,,,1233.12,1232.74,0.0003082564044323277,0.0004286800092391717,-0.5404612161128246,,,,,,,,,
2021-01-23 00:00:00+00:00,,,,1233.98,1233.61,0.00029993271779593655,0.0004587269296473716,-0.5498962035893015,,,,,,,,,
2021-01-24 00:00:00+00:00,,,,1392.08,1392.1,-1.4366783995356514e-05,0.00029668974208187294,-0.9131418175686227,,,,,,,,,
2021-01-25 00:00:00+00:00,,,,1318.6,1318.46,0.00010618448796306801,0.00015631906661403176,-0.7580990585599068,,,,,,,,,
2021-01-26 00:00:00+00:00,,,,1368.38,1366.01,0.0017349799781847253,0.00041983991456804947,1.1411422277982064,,,,,,,,,
2021-01-27 00:00:00+00:00,,,,1238.17,1238.07,8.077087725255616e-05,0.0002861437665744474,-0.7516758855694702,,,,,,,,,
2021-01-28 00:00:00+00:00,,,,1329.72,1329.45,0.00020309150400543707,0.0003884070265198135,-0.5637978539832917,,,,,,,,,
2021-01-29 00:00:00+00:00,,,,1380.37,1378.27,0.001523649212418432,0.0005620345705178284,0.9643173905965282,,,,,,,,,
2021-01-30 00:00:00+00:00,,,,1380.0,1378.27,0.0012551967321352553,0.0006985008582805882,0.6275061812057374,,,,,,,,,
2021-01-31 00:00:00+00:00,,,,1313.3,1312.78,0.0003961059735828609,0.0007571398236489049,-0.33817294977432294,,,,,,,,,
2021-02-01 00:00:00+00:00,,,,1375.88,1374.45,0.0010404161664665512,0.0008906014920065454,0.3831934040534016,,,,,,,,,
2021-02-02 00:00:00+00:00,,,,1514.82,1512.18,0.0017458239098520068,0.0008921506251018714,1.1172967153892408,,,,,,,,,
2021-02-03 00:00:00+00:00,,,,1665.78,1664.36,0.0008531808022302911,0.0010024949000986907,0.140634760120209,,,,,,,,,
2021-02-04 00:00:00+00:00,,,,1595.88,1595.91,-1.879805252169575e-05,0.000970796392023386,-0.8264167153439538,,,,,,,,,
2021-02-05 00:00:00+00:00,,,,1720.26,1719.23,0.0005991054134699692,0.0008387187064593198,-0.13658769615668614,,,,,,,,,
2021-02-06 00:00:00+00:00,,,,1679.23,1676.36,0.0017120427593118048,0.0009039824246273984,1.105656387527261,,,,,,,,,
2021-02-07 00:00:00+00:00,,,,1612.35,1611.94,0.0002543518989539528,0.0008837318425375543,-0.5227555231830775,,,,,,,,,
2021-02-08 00:00:00+00:00,,,,1755.95,1750.7,0.0029988004798080503,0.0011635010301577684,2.5325741236372785,,,,,,,,,
2021-02-09 00:00:00+00:00,,,,1771.35,1769.48,0.0010568076497048384,0.00106507013585103,0.5281568596117309,,,,,,,,,
2021-02-10 00:00:00+00:00,,,,1744.28,1741.28,0.001722870532022469,0.0011893115258213413,1.3008345835907538,,,,,,,,,
2021-02-11 00:00:00+00:00,,,,1789.95,1786.44,0.0019648015046684897,0.001472682891134225,1.4874790743798014,,,,,,,,,
2021-02-12 00:00:00+00:00,,,,1842.93,1840.43,0.0013583782050934357,0.0015811504327947201,0.6810280808907908,,,,,,,,,
2021-02-13 00:00:00+00:00,,,,1818.23,1815.32,0.0016030231584513999,0.0015655762041003765,0.9313770720702225,,,,,,,,,
2021-02-14 00:00:00+00:00,,,,1803.75,1800.91,0.0015769805265115622,0.0017545231508943207,0.8403471693286927,,,,,,,,,
2021-02-15 00:00:00+00:00,,,,1780.48,1778.7,0.0010007308708608331,0.0014690846353304326,0.08691555560754802,,,,,,,,,
2021-02-16 00:00:00+00:00,,,,1784.55,1781.78,0.0015546251501308284,0.001540201421105574,0.7634793606797663,,,,,,,,,
2021-02-17 00:00:00+00:00,,,,1849.53,1849.47,3.244172654870425e-05,0.001298711591752179,-1.081220175866306,,,,,,,,,
2021-02-18 00:00:00+00:00,,,,1939.74,1938.82,0.00047451542690923887,0.0010858135806437147,-0.5744881946106978,,,,,,,,,
2021-02-19 00:00:00+00:00,,,,1958.09,1955.62,0.001263026559352065,0.001072191916966376,0.4065604709424558,,,,,,,,,
2021-02-20 00:00:00+00:00,,,,1915.2,1913.09,0.0011029277242575741,0.0010007497120815437,0.14691797794292477,,,,,,,,,
2021-02-21 00:00:00+00:00,,,,1934.54,1933.22,0.0006827986468171954,0.000873009443553777,-0.43634283846016886,,,,,,,,,
2021-02-22 00:00:00+00:00,,,,1777.2,1777.58,-0.00021377378233322641,0.0006995087788117685,-1.5775603187686922,,,,,,,,,
2021-02-23 00:00:00+00:00,,,,1580.49,1577.68,0.0017810962932913732,0.0007318617992632749,0.9759172406586739,,,,,,,,,
2021-02-24 00:00:00+00:00,,,,1624.09,1623.65,0.00027099436454891546,0.0007659407475490194,-1.0514253804830513,,,,,,,,,
2021-02-25 00:00:00+00:00,,,,1481.89,1482.3,-0.00027659718005790257,0.0006586389465537135,-1.6383224858943852,,,,,,,,,
2021-02-26 00:00:00+00:00,,,,1445.15,1444.27,0.0006093043544490584,0.0005652500601389983,-0.5227590785116824,,,,,,,,,
2021-02-27 00:00:00+00:00,,,,1459.4,1458.54,0.0005896307266171075,0.0004919219176189316,-0.5741486248161592,,,,,,,,,
2021-02-28 00:00:00+00:00,,,,1420.34,1419.24,0.0007750627096192453,0.0005051024980192244,-0.2935899580609103,,,,,,,,,
2021-03-01 00:00:00+00:00,,,,1570.45,1570.06,0.0002483981503891286,0.0005711270598367037,-0.9469800623128141,,,,,,,,,
2021-03-02 00:00:00+00:00,,,,1485.96,1486.89,-0.0006254665778907542,0.00022733236395354264,-1.9422367668271023,,,,,,,,,
2021-03-03 00:00:00+00:00,,,,1568.18,1567.25,0.0005933960759292312,0.00027338975129358775,-0.395354215548022,,,,,,,,,
2021-03-04 00:00:00+00:00,,,,1540.17,1539.29,0.0005716921437806111,0.0003945739404133754,-0.38007724398117393,,,,,,,,,
2021-03-05 00:00:00+00:00,,,,1529.33,1528.63,0.0004579263785218224,0.0003729485152809131,-0.5056891875796782,,,,,,,,,
2021-03-06 00:00:00+00:00,,,,1651.01,1650.28,0.00044234917710928023,0.00035190829392265207,-0.5541746321762377,,,,,,,,,
2021-03-07 00:00:00+00:00,,,,1726.58,1726.93,-0.00020267179329802598,0.00021223193636304188,-1.3111428221731956,,,,,,,,,
2021-03-08 00:00:00+00:00,,,,1833.62,1832.64,0.0005347476863977185,0.0002531390129356976,-0.34670158860291533,,,,,,,,,
2021-03-09 00:00:00+00:00,,,,1872.22,1870.64,0.000844630714621708,0.00046315291186604934,0.023381387605924273,,,,,,,,,
2021-03-10 00:00:00+00:00,,,,1796.54,1795.23,0.000729711513288045,0.0004826265457744513,-0.03194064453347428,,,,,,,,,
2021-03-11 00:00:00+00:00,,,,1829.12,1826.07,0.0016702536047359384,0.0006395638973394981,1.3227637725034351,,,,,,,,,
2021-03-12 00:00:00+00:00,,,,1768.38,1767.34,0.0005884549662205085,0.0006582108384393104,-0.22102044900331905,,,,,,,,,
2021-03-13 00:00:00+00:00,,,,1923.57,1921.66,0.000993932329340197,0.0007370084316151557,0.4754885234308259,,,,,,,,,
2021-03-14 00:00:00+00:00,,,,1850.59,1848.43,0.0011685592638075448,0.0009328985826302372,0.7769174626637141,,,,,,,,,
2021-03-15 00:00:00+00:00,,,,1795.8,1793.85,0.00108704741199106,0.001011798543429286,0.6936818372583299,,,,,,,,,
2021-03-16 00:00:00+00:00,,,,1807.32,1805.06,0.0012520359434036177,0.00106999929039813,1.0160744400011565,,,,,,,,,
2021-03-17 00:00:00+00:00,,,,1825.79,1823.4,0.0013107381814192465,0.0011530031001311589,1.0832851333720679,,,,,,,,,
2021-03-18 00:00:00+00:00,,,,1776.12,1776.03,5.067481968201726e-05,0.0009216347022663131,-1.0084096622205854,,,,,,,,,
2021-03-19 00:00:00+00:00,,,,1810.92,1809.06,0.0010281582700408798,0.0009844494599549375,0.651855336879881,,,,,,,,,
2021-03-20 00:00:00+00:00,,,,1807.46,1805.96,0.0008305831801369568,0.0009611138672116175,0.28104384613374156,,,,,,,,,
2021-03-21 00:00:00+00:00,,,,1784.05,1782.97,0.0006057308872273737,0.0008807098134144502,-0.08016068943826359,,,,,,,,,
2021-03-22 00:00:00+00:00,,,,1681.52,1680.8,0.00042836744407437344,0.0007866126751406379,-0.3636390352691634,,,,,,,,,
2021-03-23 00:00:00+00:00,,,,1669.67,1668.0,0.0010011990407674531,0.0007507788319069,0.6575509905009506,,,,,,,,,
2021-03-24 00:00:00+00:00,,,,1581.8,1581.89,-5.6893968607307777e-05,0.0005554028104745352,-1.286471554612244,,,,,,,,,
2021-03-25 00:00:00+00:00,,,,1588.17,1586.17,0.001260898894822171,0.0007282919640659857,1.2341890550826684,,,,,,,,,
2021-03-26 00:00:00+00:00,,,,1699.26,1698.8,0.00027077937367558924,0.0006200949788709442,-0.690785561736816,,,,,,,,,
2021-03-27 00:00:00+00:00,,,,1714.45,1712.96,0.0008698393424249051,0.0006257030020549369,0.4221973874755125,,,,,,,,,
2021-03-28 00:00:00+00:00,,,,1688.14,1687.08,0.0006283045261636921,0.000628927807617268,-0.07525426924953449,,,,,,,,,
2021-03-29 00:00:00+00:00,,,,1818.83,1816.56,0.00124961465627349,0.0007462488379314276,1.1298147659424513,,,,,,,,,
2021-03-30 00:00:00+00:00,,,,1842.97,1840.62,0.0012767437059253428,0.0007856123615254118,1.1250599177304434,,,,,,,,,
2021-03-31 00:00:00+00:00,,,,1922.0,1918.89,0.0016207286504177354,0.0010252727356718466,1.649129072521867,,,,,,,,,
2021-04-01 00:00:00+00:00,,,,1969.36,1968.25,0.0005639527499046171,0.0009257090006836245,-0.48711534916045485,,,,,,,,,
2021-04-02 00:00:00+00:00,,,,2137.6,2134.06,0.0016588099678547241,0.0011239990855663581,1.7136473837485515,,,,,,,,,
2021-04-03 00:00:00+00:00,,,,2012.72,2008.77,0.0019663774349478746,0.0012806473844982108,2.0792178780460993,,,,,,,,,
2021-04-04 00:00:00+00:00,,,,2076.05,2075.978397,3.449120670229178e-05,0.0011958169102894395,-1.5128244499194718,,,,,,,,,
2021-04-05 00:00:00+00:00,,,,2106.81,2106.708885,4.7996664712446346e-05,0.0010241571972092903,-1.424670935101769,,,,,,,,,
2021-04-06 00:00:00+00:00,,,,2111.2,2111.657147,-0.00021648732165135964,0.0008108384789840471,-1.894294122799014,,,,,,,,,
2021-04-07 00:00:00+00:00,,,,1963.15,1963.253333,-5.2633553837999614e-05,0.0005717867355189421,-1.50962332828432,,,,,,,,,
2021-04-08 00:00:00+00:00,,,,2080.86,2080.854782,2.507623331204911e-06,0.0004915802888655975,-1.322977204565813,,,,,,,,,
2021-04-09 00:00:00+00:00,,,,2066.62,2066.924349,-0.00014724728563353384,0.00023357210979584636,-1.464833613545268,,,,,,,,,
2021-04-10 00:00:00+00:00,,,,2133.43,2133.379033,2.3890269479132087e-05,-4.3926056699688285e-05,-1.1202917895331146,,,,,,,,,
2021-04-11 00:00:00+00:00,,,,2151.32,2151.258879,2.8411736307853985e-05,-4.4794552470322256e-05,-1.0613052924859645,,,,,,,,,
2021-04-12 00:00:00+00:00,,,,2137.72,2137.625118,4.4386641605553834e-05,-4.5310270057021184e-05,-0.9724939806622666,,,,,,,,,
2021-04-13 00:00:00+00:00,,,,2299.75,2299.893191,-6.22598477879599e-05,-2.327777379082122e-05,-1.0661379558299746,,,,,,,,,
2021-04-14 00:00:00+00:00,,,,2432.07,2432.044605,1.0441831514107491e-05,-1.4267004454805918e-05,-0.8921904817832771,,,,,,,,,
2021-04-15 00:00:00+00:00,,,,2513.22,2513.330735,-4.4059064116863667e-05,-2.0919388375958574e-05,-0.9138351965204404,,,,,,,,,
2021-04-16 00:00:00+00:00,,,,2422.77,2422.543333,9.356571538354785e-05,1.3482468912195955e-05,-0.6476961717770799,,,,,,,,,
2021-04-17 00:00:00+00:00,,,,2317.03,2317.229999,-8.630951614052584e-05,-2.260357604898035e-06,-0.9210148502500958,,,,,,,,,
2021-04-18 00:00:00+00:00,,,,2236.83,2236.341724,0.00021833693605954885,2.487181378820123e-05,-0.40042623679617473,,,,,,,,,
2021-04-19 00:00:00+00:00,,,,2160.25,2160.904083,-0.0003026895109068395,-2.4710493713569243e-05,-1.151219115080713,,,,,,,,,
2021-04-20 00:00:00+00:00,,,,2330.51,2330.634359,-5.3358434161765445e-05,-2.3438863195541465e-05,-0.7198814542874497,,,,,,,,,
2021-04-21 00:00:00+00:00,,,,2356.61,2357.020673,-0.00017423394062854314,-4.982111635877727e-05,-0.8649558122350356,,,,,,,,,
2021-04-22 00:00:00+00:00,,,,2400.48,2400.042638,0.00018223092918234762,-1.7493974458889943e-05,-0.27984583980234834,,,,,,,,,
2021-04-23 00:00:00+00:00,,,,2367.18,2366.9518,9.641091973233706e-05,-1.70875166947772e-05,-0.42337416770212394,,,,,,,,,
2021-04-24 00:00:00+00:00,,,,2213.48,2213.263819,9.767520624714976e-05,9.196015074890746e-06,-0.37308216401577954,,,,,,,,,
2021-04-25 00:00:00+00:00,,,,2320.11,2320.059999,2.15515978128078e-05,-1.8916176103215116e-05,-0.4809106822873285,,,,,,,,,
2021-04-26 00:00:00+00:00,,,,2532.68,2532.659059,8.268384931398032e-06,2.5506380445104527e-05,-0.4608033986422206,,,,,,,,,
2021-04-27 00:00:00+00:00,,,,2666.12,2666.084261,1.3405052691872754e-05,3.50440214241957e-05,-0.4199964675124647,,,,,,,,,
2021-04-28 00:00:00+00:00,,,,2746.67,2746.959751,-0.00010548061357440464,4.486592528907263e-05,-0.5635469306097054,,,,,,,,,
2021-04-29 00:00:00+00:00,,,,2757.26,2757.171448,3.211697265492752e-05,2.3421074356584043e-05,-0.2744477736225161,,,,,,,,,
2021-04-30 00:00:00+00:00,,,,2772.35,2772.422903,-2.6295771803575008e-05,5.891546994310889e-06,-0.32156640416544097,,,,,,,,,
2021-05-01 00:00:00+00:00,,,,2945.09,2945.116927,-9.14293071119232e-06,-9.368186856880836e-06,-0.24991220898190605,,,,,,,,,
2021-05-02 00:00:00+00:00,,,,2949.43,2949.343333,2.9385185180252904e-05,-8.249102947245821e-06,-0.06989804354640171,,,,,,,,,
2021-05-03 00:00:00+00:00,,,,3427.56,3428.029999,-0.0001371046928226871,-2.9016685483543698e-05,-1.1138160578208773,,,,,,,,,
2021-05-04 00:00:00+00:00,,,,3240.52,3239.799999,0.00022223624921990925,8.163425918900862e-07,1.9510824039607084,,,,,,,,,
2021-05-05 00:00:00+00:00,,,,3523.71,3523.82916,-3.381548724112893e-05,1.1054217782358045e-05,-0.1949203024879212,,,,,,,,,
2021-05-06 00:00:00+00:00,,,,3489.23,3489.30455,-2.1365288965569107e-05,3.413894693715669e-06,-0.15289801163047792,,,,,,,,,
2021-05-07 00:00:00+00:00,,,,3479.39,3479.357494,9.342529491807028e-06,8.50508059305596e-06,0.10515043083915765,,,,,,,,,
2021-05-08 00:00:00+00:00,,,,3909.98,3908.909999,0.00027373385426465724,4.891604987532018e-05,2.19356633443436,,,,,,,,,
2021-05-09 00:00:00+00:00,,,,3923.02,3923.817982,-0.00020336876064608322,1.5665486185843592e-05,-1.671668272197322,,,,,,,,,
2021-05-10 00:00:00+00:00,,,,3946.57,3947.473333,-0.00022883827800634915,2.560688302463302e-06,-1.7120602968062377,,,,,,,,,
2021-05-11 00:00:00+00:00,,,,4173.39,4173.383681,1.5141191136436305e-06,-2.897104456986036e-05,0.045427937233871465,,,,,,,,,
2021-05-12 00:00:00+00:00,,,,3822.52,3823.399486,-0.00023002723184439855,-5.700129379889888e-05,-1.575722941510954,,,,,,,,,
2021-05-13 00:00:00+00:00,,,,3718.06,3718.419999,-9.681504512593087e-05,-6.777983039323627e-05,-0.5949990436358132,,,,,,,,,
2021-05-14 00:00:00+00:00,,,,4076.33,4076.919555,-0.00014460795511084257,-8.977275676504335e-05,-0.8916832968911909,,,,,,,,,
2021-05-15 00:00:00+00:00,,,,3646.28,3647.656312,-0.0003773140565551669,-0.00018277960116787537,-2.2441890766046386,,,,,,,,,
2021-05-16 00:00:00+00:00,,,,3580.94,3581.446666,-0.00014146964823169572,-0.0001739368708229629,-0.6674501170405794,,,,,,,,,
2021-05-17 00:00:00+00:00,,,,3280.62,3282.162371,-0.0004699252583076907,-0.00020837786800886882,-2.423338786710239,,,,,,,,,
2021-05-18 00:00:00+00:00,,,,3374.85,3373.83391,0.0003011677596185258,-0.00016557020507959992,1.970432621933739,,,,,,,,,
2021-05-19 00:00:00+00:00,,,,2433.8,2434.604021,-0.0003302471338521018,-0.00017988733393784325,-1.5659722733039168,,,,,,,,,
2021-05-20 00:00:00+00:00,,,,2767.8,2768.518525,-0.00025953411310464247,-0.0002031329150776592,-1.1076701775058253,,,,,,,,,
2021-05-21 00:00:00+00:00,,,,2431.6,2431.057341,0.00022321933376390213,-0.00015058615952412424,1.413656924444755,,,,,,,,,
2021-05-22 00:00:00+00:00,,,,2293.01,2293.309184,-0.00013045951330392658,-0.00011532122477394704,-0.4155848434823184,,,,,,,,,
2021-05-23 00:00:00+00:00,,,,2095.12,2095.329317,-9.989694617551503e-05,-0.00010938226733734981,-0.21667412232562008,,,,,,,,,
2021-05-24 00:00:00+00:00,,,,2647.19,2648.814454,-0.0006132758742488642,-0.00012986092675751744,-2.5722923197382066,,,,,,,,,
2021-05-25 00:00:00+00:00,,,,2704.86,2704.155317,0.0002605926499745781,-0.00013565737099236714,1.5705474394731787,,,,,,,,,
2021-05-26 00:00:00+00:00,,,,2884.95,2884.551578,0.00013812268188884147,-6.874739731508952e-05,0.9653964345119956,,,,,,,,,
2021-05-27 00:00:00+00:00,,,,2741.71,2742.519999,-0.0002953484387699934,-7.386372955299678e-05,-0.9668451563732049,,,,,,,,,
2021-05-28 00:00:00+00:00,,,,2411.33,2412.210171,-0.000364881555754093,-0.0001578781423412818,-1.2102315966441781,,,,,,,,,
2021-05-29 00:00:00+00:00,,,,2277.22,2277.448594,-0.00010037284731800877,-0.0001535800472004364,-0.023135646144329725,,,,,,,,,
2021-05-30 00:00:00+00:00,,,,2386.76,2386.058825,0.00029386324957858534,-9.732859066413635e-05,1.602984570785624,,,,,,,,,
2021-05-31 00:00:00+00:00,,,,2706.28,2704.731175,0.0005726354671828915,7.20873152546859e-05,2.410137330559629,,,,,,,,,
2021-06-01 00:00:00+00:00,,,,2635.26,2634.290518,0.0003680239492858117,8.743464372771927e-05,1.5296991479119646,,,,,,,,,
2021-06-02 00:00:00+00:00,,,,2706.9,2705.873333,0.0003794216778292281,0.00012190592886206022,1.4530395135392138,,,,,,,,,
2021-06-03 00:00:00+00:00,,,,2856.69,2856.771428,-2.8503505461352496e-05,0.0001600266336204375,0.058288382015958005,,,,,,,,,
2021-06-04 00:00:00+00:00,,,,2688.31,2688.856666,-0.00020330797357581698,0.00018310857393161978,-0.5385099452524648,,,,,,,,,
2021-06-05 00:00:00+00:00,,,,2629.7,2628.315939,0.0005265961292790777,0.00027267557058834643,1.8474470677120878,,,,,,,,,
2021-06-06 00:00:00+00:00,,,,2710.83,2711.055926,-8.333505695445886e-05,0.00021879009822648295,-0.1583540409812572,,,,,,,,,
2021-06-07 00:00:00+00:00,,,,2594.99,2593.140974,0.0007130449206345091,0.00023884859157671405,2.239694511131663,,,,,,,,,
2021-06-08 00:00:00+00:00,,,,2507.15,2507.027557,4.883990989990039e-05,0.000193250871664441,0.18774560529166884,,,,,,,,,
2021-06-09 00:00:00+00:00,,,,2610.66,2609.498366,0.00044515605571371353,0.00020264149707651034,1.3036315803371537,,,,,,,,,
2021-06-10 00:00:00+00:00,,,,2471.05,2471.213186,-6.603477228284138e-05,0.00019727988753058336,-0.22118332005669256,,,,,,,,,
2021-06-11 00:00:00+00:00,,,,2354.53,2354.532526,-1.0728244235203022e-06,0.0002261706231237686,-0.049997089543953016,,,,,,,,,
2021-06-12 00:00:00+00:00,,,,2370.61,2370.441828,7.09454237659557e-05,0.0001610776651933226,0.1509373684042914,,,,,,,,,
2021-06-13 00:00:00+00:00,,,,2508.64,2508.291088,0.00013910347234791232,0.0001928545979508042,0.32942019901180886,,,,,,,,,
2021-06-14 00:00:00+00:00,,,,2581.1,2580.960002,5.424260735997777e-05,9.873998176872829e-05,0.02911949873041012,,,,,,,,,
2021-06-15 00:00:00+00:00,,,,2543.71,2543.346431,0.00014294906724798828,0.00011218414710416942,0.27762744250522037,,,,,,,,,
2021-06-16 00:00:00+00:00,,,,2367.51,2368.933333,-0.0006008328643833938,-3.724284148113163e-05,-1.9892337143619245,,,,,,,,,
2021-06-17 00:00:00+00:00,,,,2372.32,2373.156507,-0.0003524870768246702,-7.816459927282146e-05,-1.1480620309195504,,,,,,,,,
2021-06-18 00:00:00+00:00,,,,2231.39,2233.436968,-0.0009165103064596725,-0.0002089413824208432,-2.5095011604157946,,,,,,,,,
2021-06-19 00:00:00+00:00,,,,2163.95,2165.277176,-0.0006129358470641222,-0.00030663870682514006,-1.592642392603052,,,,,,,,,
2021-06-20 00:00:00+00:00,,,,2243.19,2243.572212,-0.00017035867976777919,-0.00035084758569881025,-0.40393280714352836,,,,,,,,,
2021-06-21 00:00:00+00:00,,,,1885.6,1886.005557,-0.00021503489133145592,-0.0003893157997975865,-0.5120220526663039,,,,,,,,,
2021-06-22 00:00:00+00:00,,,,1878.19,1879.301109,-0.000591235217538455,-0.0004941992690527927,-1.4012856209618327,,,,,,,,,
2021-06-23 00:00:00+00:00,,,,1966.39,1968.211623,-0.0009255219198549547,-0.0005405834198344442,-2.114831157483011,,,,,,,,,
2021-06-24 00:00:00+00:00,,,,1989.53,1989.846809,-0.0001592127587747294,-0.000512972802970167,-0.24108124175655632,,,,,,,,,
2021-06-25 00:00:00+00:00,,,,1808.93,1809.287254,-0.00019745565509854401,-0.0004102507099185772,-0.3074451509741455,,,,,,,,,
2021-06-26 00:00:00+00:00,,,,1829.66,1830.497618,-0.00045759032503700503,-0.0003880584924861319,-0.917547206307342,,,,,,,,,
2021-06-27 00:00:00+00:00,,,,1981.37,1982.084179,-0.0003603171891318757,-0.00041519542239528854,-0.6839527457113029,,,,,,,,,
2021-06-28 00:00:00+00:00,,,,2083.9,2084.022571,-5.881462211854149e-05,-0.0003928782410791579,0.03862822187814829,,,,,,,,,
2021-06-29 00:00:00+00:00,,,,2165.2,2165.142644,2.6490633381115458e-05,-0.0003046316909477907,0.26894468871587607,,,,,,,,,
2021-06-30 00:00:00+00:00,,,,2274.87,2275.019105,-6.554010894777029e-05,-0.00018177714653247863,0.10106802851647494,,,,,,,,,
2021-07-01 00:00:00+00:00,,,,2107.23,2106.790789,0.00020847395113610112,-0.00012925047368807428,0.827627604420948,,,,,,,,,
2021-07-02 00:00:00+00:00,,,,2153.01,2154.038324,-0.0004773935489180703,-0.00016924160137657803,-0.8921396069847535,,,,,,,,,
2021-07-03 00:00:00+00:00,,,,2226.98,2226.887639,4.147537504017862e-05,-9.79465013655518e-05,0.4682093418446826,,,,,,,,,
2021-07-04 00:00:00+00:00,,,,2321.92,2322.201264,-0.00012111956201210639,-6.377541177701332e-05,0.03349034374364801,,,,,,,,,
2021-07-05 00:00:00+00:00,,,,2194.75,2195.798246,-0.0004773872107373123,-0.00012357149586540914,-0.8523069889338731,,,,,,,,,
2021-07-06 00:00:00+00:00,,,,2322.58,2322.65817,-3.3655404402588296e-05,-0.00013216378697736682,0.36233957577002274,,,,,,,,,
2021-07-07 00:00:00+00:00,,,,2315.82,2316.218298,-0.00017196047554912663,-0.0001473666964918463,0.07152713160635808,,,,,,,,,
2021-07-08 00:00:00+00:00,,,,2114.43,2116.158862,-0.0008169811969439555,-0.00029386028907471155,-1.743872569119221,,,,,,,,,
2021-07-09 00:00:00+00:00,,,,2147.34,2146.956666,0.00017854761862245994,-0.00020015440799749294,1.2656713284646297,,,,,,,,,
2021-07-10 00:00:00+00:00,,,,2110.65,2110.827926,-8.429204380344668e-05,-0.00021812118211801085,0.4594586984040015,,,,,,,,,
2021-07-11 00:00:00+00:00,,,,2140.2,2140.1354,3.0185006051342e-05,-0.0001965062438232325,0.806685931072237,,,,,,,,,
2021-07-12 00:00:00+00:00,,,,2032.01,2032.627135,-0.00030361446493232247,-0.0001716815658510911,-0.18289033409636318,,,,,,,,,
2021-07-13 00:00:00+00:00,,,,1940.66,1940.417062,0.0001251988578938601,-0.00014898809980874134,1.1576622525706262,,,,,,,,,
2021-07-14 00:00:00+00:00,,,,1994.16,1994.498836,-0.00016988528340255993,-0.00014869164378780324,0.2631067650526808,,,,,,,,,
2021-07-15 00:00:00+00:00,,,,1917.94,1918.503333,-0.0002936314940454876,-7.392740051659352e-05,-0.08541884170425068,,,,,,,,,
2021-07-16 00:00:00+00:00,,,,1876.23,1876.666666,-0.00023268170523371712,-0.00013267444678176168,0.07496688581536742,,,,,,,,,
2021-07-17 00:00:00+00:00,,,,1898.78,1898.753414,1.4001818142261868e-05,-0.0001186324665038033,0.8469789486675243,,,,,,,,,
2021-07-18 00:00:00+00:00,,,,1890.34,1891.101444,-0.0004026457715506915,-0.00018046543473266525,-0.6373077247138657,,,,,,,,,
2021-07-19 00:00:00+00:00,,,,1817.9,1818.525588,-0.00034400835717018907,-0.00018623599076664617,-0.47315927510649214,,,,,,,,,
2021-07-20 00:00:00+00:00,,,,1784.88,1785.772301,-0.0004996723263656078,-0.000275503302803713,-0.9941469830458249,,,,,,,,,
2021-07-21 00:00:00+00:00,,,,1994.8,1994.961058,-8.073240294803607e-05,-0.00026276717702449534,0.5191516846955693,,,,,,,,,
2021-07-22 00:00:00+00:00,,,,2024.13,2024.454326,-0.000160204157651056,-0.00024370612896814796,0.18345498001069588,,,,,,,,,
2021-07-23 00:00:00+00:00,,,,2124.32,2124.127312,9.071395999260545e-05,-0.00019750674822153043,1.1340693877318888,,,,,,,,,
2021-07-24 00:00:00+00:00,,,,2183.39,2184.029798,-0.0002929438053391742,-0.00024135612300459273,-0.4816414566626446,,,,,,,,,
2021-07-25 00:00:00+00:00,,,,2190.16,2190.533365,-0.00017044479028049953,-0.00020818455425170818,0.034995758894994754,,,,,,,,,
2021-07-26 00:00:00+00:00,,,,2227.64,2228.350088,-0.00031866088000453985,-0.00020456348608518686,-0.6260289689460959,,,,,,,,,
2021-07-27 00:00:00+00:00,,,,2299.77,2300.149422,-0.00016495537045158049,-0.00015674677809746868,0.011311962383759996,,,,,,,,,
2021-07-28 00:00:00+00:00,,,,2299.49,2300.372034,-0.0003834310220101056,-0.0001999894379634786,-0.8890958941228722,,,,,,,,,
2021-07-29 00:00:00+00:00,,,,2382.75,2382.960706,-8.842193640423712e-05,-0.00018973483492821876,0.41112614231356936,,,,,,,,,
2021-07-30 00:00:00+00:00,,,,2462.18,2462.334869,-6.289518210933487e-05,-0.0002116789980856388,0.5225549421674727,,,,,,,,,
2021-07-31 00:00:00+00:00,,,,2529.69,2531.019591,-0.0005253183360286462,-0.00024487535961270623,-1.4223769983603545,,,,,,,,,
2021-08-01 00:00:00+00:00,,,,2554.55,2555.039704,-0.0001916619922708307,-0.00024790638846846784,0.02463048293360762,,,,,,,,,
2021-08-02 00:00:00+00:00,,,,2607.18,2607.357096,-6.792165149605012e-05,-0.00021208649868154072,0.6176217112115182,,,,,,,,,
2021-08-03 00:00:00+00:00,,,,2506.39,2508.669684,-0.0009087222660438821,-0.00031833891233758383,-2.7258073860054814,,,,,,,,,
2021-08-04 00:00:00+00:00,,,,2725.74,2725.106855,0.0002323376783694986,-0.0002303719551404975,1.6817663771212388,,,,,,,,,
2021-08-05 00:00:00+00:00,,,,2827.56,2827.288012,9.620102332896785e-05,-0.0002039972466071825,1.1222059014038905,,,,,,,,,
2021-08-06 00:00:00+00:00,,,,2891.58,2891.446367,4.621666219550846e-05,-0.00018840984027791916,0.8917530799572382,,,,,,,,,
2021-08-07 00:00:00+00:00,,,,3162.25,3159.571971,0.0008475923399056118,7.720256284117686e-06,3.247973160997462,,,,,,,,,
2021-08-08 00:00:00+00:00,,,,3012.72,3011.689573,0.0003421425000895706,8.397804090703216e-05,1.5247366475498807,,,,,,,,,
2021-08-09 00:00:00+00:00,,,,3163.63,3161.267574,0.0007473033979881194,0.00020043876226191352,2.4354437545936545,,,,,,,,,
2021-08-10 00:00:00+00:00,,,,3141.97,3140.429999,0.0004903790246846285,0.0004003103752231293,1.5839354643258312,,,,,,,,,
2021-08-11 00:00:00+00:00,,,,3161.46,3161.71483,-8.059866676835004e-05,0.0003556051830605795,-0.0009751777055102485,,,,,,,,,
2021-08-12 00:00:00+00:00,,,,3045.91,3045.568983,0.0001119715238444563,0.0003578581117056493,0.5315949087187865,,,,,,,,,
2021-08-13 00:00:00+00:00,,,,3324.21,3322.742751,0.00044157766939934007,0.00041433825559191096,1.3411178155536772,,,,,,,,,
2021-08-14 00:00:00+00:00,,,,3266.76,3263.833643,0.0008966011506978955,0.0004213395142765229,2.237052054435449,,,,,,,,,
2021-08-15 00:00:00+00:00,,,,3312.21,3308.1672,0.001222066405833555,0.0005470429293828064,2.5613329317663034,,,,,,,,,
2021-08-16 00:00:00+00:00,,,,3146.82,3146.732695,2.7744650868744003e-05,0.00044424882265146703,-0.0012346786705422857,,,,,,,,,
2021-08-17 00:00:00+00:00,,,,3013.94,3011.743578,0.0007292858582133022,0.00047837837029842046,1.393762429042639,,,,,,,,,
2021-08-18 00:00:00+00:00,,,,3013.77,3015.077878,-0.0004337791768309618,0.0004279240117180473,-1.0376742458053858,,,,,,,,,
2021-08-19 00:00:00+00:00,,,,3186.6,3184.052312,0.0008001401203110436,0.000526233811213274,1.430734627683768,,,,,,,,,
2021-08-20 00:00:00+00:00,,,,3285.82,3284.813833,0.00030630868327818916,0.000506909670338824,0.38569648700661063,,,,,,,,,
2021-08-21 00:00:00+00:00,,,,3225.5,3223.769823,0.000536693714190184,0.00045549432226629376,0.8081924762478623,,,,,,,,,
2021-08-22 00:00:00+00:00,,,,3240.66,3238.953357,0.0005269118792068372,0.0003561865327481912,0.750812604646639,,,,,,,,,
2021-08-23 00:00:00+00:00,,,,3323.57,3321.923271,0.0004957155435756366,0.0004230395174206044,0.6390646510270932,,,,,,,,,
2021-08-24 00:00:00+00:00,,,,3171.5,3170.652406,0.00026732479359647954,0.0003570450796182012,0.14324803589010335,,,,,,,,,
2021-08-25 00:00:00+00:00,,,,3228.06,3227.228659,0.0002576021372646675,0.00045581383877471966,0.08525601332785347,,,,,,,,,
2021-08-26 00:00:00+00:00,,,,3092.43,3092.036606,0.00012722811859222638,0.0003596835528148886,-0.21232337814242624,,,,,,,,,
2021-08-27 00:00:00+00:00,,,,3274.21,3272.843333,0.0004175778859378809,0.0003755791531948446,0.3595908199692415,,,,,,,,,
2021-08-28 00:00:00+00:00,,,,3245.68,3244.168351,0.0004659588641675594,0.00036547417462018394,0.42808142840018026,,,,,,,,,
2021-08-29 00:00:00+00:00,,,,3224.85,3223.353173,0.00046436953062967135,0.00035653955339487453,0.38853746856194454,,,,,,,,,
2021-08-30 00:00:00+00:00,,,,3228.64,3228.038848,0.00018622824207104038,0.0003123270817513608,-0.30038654745580184,,,,,,,,,
2021-08-31 00:00:00+00:00,,,,3430.34,3429.725382,0.0001792032689338363,0.0002997382925138403,-0.35453876523674765,,,,,,,,,
2021-09-01 00:00:00+00:00,,,,3832.88,3828.350038,0.0011832674533509557,0.0004319761948118815,1.8765881713370693,,,,,,,,,
2021-09-02 00:00:00+00:00,,,,3788.45,3784.819909,0.0009591185544568503,0.0005508176856496849,1.410387005563092,,,,,,,,,
2021-09-03 00:00:00+00:00,,,,3940.7,3938.01345,0.0006822094525857914,0.000588622195170815,0.6313642834612072,,,,,,,,,
2021-09-04 00:00:00+00:00,,,,3887.68,3885.093344,0.0006657899234248088,0.000617169489350422,0.5427926497165768,,,,,,,,,
2021-09-05 00:00:00+00:00,,,,3952.69,3950.186062,0.000633878496025142,0.0006413850558354893,0.412613281291385,,,,,,,,,
2021-09-06 00:00:00+00:00,,,,3927.31,3926.252496,0.00026934182176963084,0.0006532584243638594,-0.5401214229373112,,,,,,,,,
2021-09-07 00:00:00+00:00,,,,3431.38,3432.456666,-0.0003136721318770519,0.0005828476528194468,-1.9533239189639624,,,,,,,,,
2021-09-08 00:00:00+00:00,,,,3498.41,3498.562628,-4.362591619166967e-05,0.0004075771714562145,-1.1709310256510037,,,,,,,,,
2021-09-09 00:00:00+00:00,,,,3423.99,3424.963595,-0.00028426433537032114,0.0002299510443380472,-1.6354934427333025,,,,,,,,,
2021-09-10 00:00:00+00:00,,,,3208.74,3210.798385,-0.000641081984348979,4.090941049022285e-05,-2.2716496443662697,,,,,,,,,
2021-09-11 00:00:00+00:00,,,,3266.62,3267.036666,-0.00012753637090645586,-7.242291727138639e-05,-1.0845714475255606,,,,,,,,,
2021-09-12 00:00:00+00:00,,,,3405.71,3404.281939,0.0004194896385167901,-0.00010304989691543666,0.12588445130295273,,,,,,,,,
2021-09-13 00:00:00+00:00,,,,3283.73,3283.821266,-2.779262103724811e-05,-0.0001454976744592765,-0.8056701441779075,,,,,,,,,
2021-09-14 00:00:00+00:00,,,,3436.0,3434.218488,0.0005187532494583813,-2.657976283992891e-05,0.5068695299311272,,,,,,,,,
2021-09-15 00:00:00+00:00,,,,3614.7,3613.593721,0.0003061437132709788,2.338732708330658e-05,-0.027718348940779985,,,,,,,,,
2021-09-16 00:00:00+00:00,,,,3568.56,3567.94788,0.00017156080205960045,8.850520385900966e-05,-0.3144626575777577,,,,,,,,,
2021-09-17 00:00:00+00:00,,,,3398.27,3398.771138,-0.0001474468211163371,0.00015902451289224423,-1.1679056092018605,,,,,,,,,
2021-09-18 00:00:00+00:00,,,,3434.26,3435.727327,-0.00042707900259386644,0.00011623270836547128,-1.7312479065515556,,,,,,,,,
2021-09-19 00:00:00+00:00,,,,3327.88,3328.395797,-0.00015496864900044205,3.4167238720152404e-05,-0.9968121880743637,,,,,,,,,
2021-09-20 00:00:00+00:00,,,,2977.94,2978.044526,-3.509887078168017e-05,3.312348875666211e-05,-0.6573453355587043,,,,,,,,,
2021-09-21 00:00:00+00:00,,,,2762.7,2764.836342,-0.0007726829858055728,-0.00015136740199533133,-2.171237489701758,,,,,,,,,
2021-09-22 00:00:00+00:00,,,,3076.85,3077.0222,-5.5963197145625365e-05,-0.00020309696062627478,-0.5149718459733791,,,,,,,,,
2021-09-23 00:00:00+00:00,,,,3152.06,3152.669999,-0.0001934864734316477,-0.0002552465714107388,-0.7835362223598966,,,,,,,,,
2021-09-24 00:00:00+00:00,,,,2926.64,2927.700135,-0.00036210504871259097,-0.00028591203249591794,-1.0921898314242526,,,,,,,,,
2021-09-25 00:00:00+00:00,,,,2920.99,2922.15931,-0.00040015272131077584,-0.00028206542088404785,-1.1117755613142255,,,,,,,,,
2021-09-26 00:00:00+00:00,,,,3060.55,3059.923333,0.00020479826838859516,-0.00023067014697132824,0.20315713808047894,,,,,,,,,
2021-09-27 00:00:00+00:00,,,,2923.79,2925.426626,-0.0005594486580022817,-0.0003055772594314142,-1.3434639914710498,,,,,,,,,
2021-09-28 00:00:00+00:00,,,,2803.99,2805.642514,-0.0005889966350860476,-0.00027933635218576773,-1.306270590912308,,,,,,,,,
2021-09-29 00:00:00+00:00,,,,2847.74,2850.441914,-0.0009478930220362392,-0.00040675489859871253,-1.8502111175156826,,,,,,,,,
2021-09-30 00:00:00+00:00,,,,2998.86,3000.082829,-0.00040759841301030164,-0.00043734231853852023,-0.7554195490022673,,,,,,,,,
2021-10-01 00:00:00+00:00,,,,3308.98,3309.355751,-0.00011354203907709692,-0.0004018333171620211,-0.11665924909986848,,,,,,,,,
2021-10-02 00:00:00+00:00,,,,3387.35,3387.562785,-6.281359594051406e-05,-0.00035364201353769797,0.0714183520344811,,,,,,,,,
2021-10-03 00:00:00+00:00,,,,3417.68,3418.046666,-0.00010727355002126959,-0.0003982237018819644,0.030613800527917272,,,,,,,,,
2021-10-04 00:00:00+00:00,,,,3384.48,3384.807942,-9.688644248628808e-05,-0.0003321433853796796,0.12957738177463404,,,,,,,,,
2021-10-05 00:00:00+00:00,,,,3515.56,3514.055716,0.0004280763088504447,-0.00018684725053160926,1.622366610338502,,,,,,,,,
2021-10-06 00:00:00+00:00,,,,3574.57,3574.648771,-2.2036011100956543e-05,-5.458196325514031e-05,0.3990683039447872,,,,,,,,,
2021-10-07 00:00:00+00:00,,,,3587.39,3587.094529,8.237056414639454e-05,1.5413604910102003e-05,0.6571926372444982,,,,,,,,,
2021-10-08 00:00:00+00:00,,,,3560.42,3562.213538,-0.0005034897489628598,-4.029321078786412e-05,-0.9540440004819664,,,,,,,,,
2021-10-09 00:00:00+00:00,,,,3575.12,3575.818421,-0.00019531780358261752,-5.922238330816462e-05,-0.0974973944907731,,,,,,,,,
2021-10-10 00:00:00+00:00,,,,3413.58,3414.326666,-0.00021868616363962534,-7.513847096792972e-05,-0.20959445940334967,,,,,,,,,
2021-10-11 00:00:00+00:00,,,,3542.97,3542.30776,0.00018695157080306224,-3.4590183355165394e-05,0.9244905976624184,,,,,,,,,
2021-10-12 00:00:00+00:00,,,,3492.57,3492.122207,0.00012822947579049782,-7.742544522087209e-05,0.8124317734518981,,,,,,,,,
2021-10-13 00:00:00+00:00,,,,3607.71,3606.399999,0.00036324340072169115,-2.238552924620813e-05,1.4198014093608797,,,,,,,,,
2021-10-14 00:00:00+00:00,,,,3791.65,3791.20573,0.00011718435548990769,-1.7412130482849113e-05,0.7962355617510688,,,,,,,,,
2021-10-15 00:00:00+00:00,,,,3869.87,3868.906368,0.00024907090230197326,9.009653398355561e-05,1.2100563402856,,,,,,,,,
2021-10-16 00:00:00+00:00,,,,3830.93,3830.646922,7.389822287562353e-05,0.0001285559663347329,0.6921316364380702,,,,,,,,,
2021-10-17 00:00:00+00:00,,,,3847.68,3846.808162,0.0002266393236378672,0.00019217389308866042,1.0987866780000788,,,,,,,,,
2021-10-18 00:00:00+00:00,,,,3747.14,3745.594154,0.0004127104903635104,0.00022442516731158157,1.5276993253730344,,,,,,,,,
2021-10-19 00:00:00+00:00,,,,3878.92,3877.61935,0.0003354248786695546,0.00025402451058001825,1.2210320896670954,,,,,,,,,
2021-10-20 00:00:00+00:00,,,,4164.22,4161.778591,0.000586626353761277,0.0002859363610142448,1.7687616991441506,,,,,,,,,
2021-10-21 00:00:00+00:00,,,,4054.97,4053.192469,0.00043855084938471123,0.0003318458601420739,1.3093324782863196,,,,,,,,,
2021-10-22 00:00:00+00:00,,,,3972.76,3972.059339,0.00017639741509412055,0.00032146393339809495,0.5574714143656271,,,,,,,,,
2021-10-23 00:00:00+00:00,,,,4169.87,4167.579999,0.0005494797941609786,0.00038940415786743135,1.4648481550702963,,,,,,,,,
2021-10-24 00:00:00+00:00,,,,4082.04,4082.136666,-2.3680245888169082e-05,0.0003536442193637119,-0.09221236158763615,,,,,,,,,
2021-10-25 00:00:00+00:00,,,,4221.19,4220.309634,0.0002086022297764778,0.00032448589642270723,0.4903183238657758,,,,,,,,,
2021-10-26 00:00:00+00:00,,,,4126.99,4129.648817,-0.0006438361027347739,0.00018459147050780316,-1.6942839135603336,,,,,,,,,
2021-10-27 00:00:00+00:00,,,,3919.04,3920.501066,-0.00037267328216561424,4.754866537539014e-05,-1.0212251043708107,,,,,,,,,
2021-10-28 00:00:00+00:00,,,,4287.42,4286.690919,0.00017008014195019072,9.195707170458636e-06,0.3815620440944791,,,,,,,,,
2021-10-29 00:00:00+00:00,,,,4417.96,4417.737188,5.0435775266421956e-05,-8.798812804926876e-06,-0.05500147645882426,,,,,,,,,
2021-10-30 00:00:00+00:00,,,,4322.14,4323.118943,-0.00022644368866719944,-0.00011964502463752373,-1.009591662500668,,,,,,,,,
2021-10-31 00:00:00+00:00,,,,4286.63,4286.822031,-4.479565482562453e-05,-0.0001226615116285888,-0.4070566115623258,,,,,,,,,
2021-11-01 00:00:00+00:00,,,,4319.33,4319.023984,7.085304483900323e-05,-0.00014233996661965658,-0.031030390128412196,,,,,,,,,
2021-11-02 00:00:00+00:00,,,,4592.65,4588.873995,0.0008228609031570855,6.718817707918046e-05,2.212388796515911,,,,,,,,,
2021-11-03 00:00:00+00:00,,,,4603.12,4601.38295,0.0003775060712996048,0.0001743566561456403,0.7765158778082416,,,,,,,,,
2021-11-04 00:00:00+00:00,,,,4533.78,4532.632902,0.0002530754254317369,0.00018621312521443261,0.41440292346165625,,,,,,,,,
2021-11-05 00:00:00+00:00,,,,4476.1,4474.006081,0.00046801880956137687,0.0002458678443994262,1.0216184182527683,,,,,,,,,
2021-11-06 00:00:00+00:00,,,,4518.62,4516.788201,0.00040555344162340745,0.0003361531487266557,0.7869431771359083,,,,,,,,,
2021-11-07 00:00:00+00:00,,,,4614.96,4612.674084,0.0004955728409099525,0.00041334864811745246,1.017100301539023,,,,,,,,,
2021-11-08 00:00:00+00:00,,,,4814.38,4808.169548,0.0012916457995086894,0.0005877476130702648,2.9362625804994837,,,,,,,,,
2021-11-09 00:00:00+00:00,,,,4732.47,4732.243333,4.7898424499592807e-05,0.0004770386875477658,-0.5437593711153742,,,,,,,,,
2021-11-10 00:00:00+00:00,,,,4633.07,4630.144422,0.0006318545888328586,0.0005133741900525164,1.04785877160118,,,,,,,,,
2021-11-11 00:00:00+00:00,,,,4721.23,4720.240465,0.00020963656562345,0.0005071686386513326,-0.13288509699972242,,,,,,,,,
2021-11-12 00:00:00+00:00,,,,4665.63,4665.870476,-5.153936467738873e-05,0.0004329460423315089,-0.8128647499250742,,,,,,,,,
2021-11-13 00:00:00+00:00,,,,4643.41,4644.044347,-0.000136593656865025,0.0003554964568331614,-1.0073323154489355,,,,,,,,,
2021-11-14 00:00:00+00:00,,,,4629.04,4626.317429,0.0005884963670961252,0.0003687712462883289,0.9132395002787547,,,,,,,,,
2021-11-15 00:00:00+00:00,,,,4564.19,4563.74577,9.733890150487312e-05,0.00019815597514492657,-0.4004149190496032,,,,,,,,,
2021-11-16 00:00:00+00:00,,,,4207.37,4208.234636,-0.00020546287809231067,0.00016196150334608323,-1.1434664755363346,,,,,,,,,
2021-11-17 00:00:00+00:00,,,,4287.48,4287.778898,-6.970928471605742e-05,6.173809283909521e-05,-0.7428394322617357,,,,,,,,,
2021-11-18 00:00:00+00:00,,,,3996.79,3996.986802,-4.9237590652451146e-05,2.4756070513966477e-05,-0.6525882689962351,,,,,,,,,
2021-11-19 00:00:00+00:00,,,,4292.74,4293.673333,-0.00021737401232335696,1.0654065645424434e-06,-1.0158807188593102,,,,,,,,,
2021-11-20 00:00:00+00:00,,,,4411.29,4412.207012,-0.0002078352165947317,-9.111959111129941e-06,-0.9288543071487028,,,,,,,,,
2021-11-21 00:00:00+00:00,,,,4258.79,4257.922789,0.00020366996842691165,-6.408715892101759e-05,0.12068724104501977,,,,,,,,,
2021-11-22 00:00:00+00:00,,,,4085.31,4086.096666,-0.0001925226112602374,-0.00010549594645889051,-0.8334440011746393,,,,,,,,,
2021-11-23 00:00:00+00:00,,,,4339.41,4339.139557,6.232641205627942e-05,-6.72403335805205e-05,-0.18614278172017001,,,,,,,,,
2021-11-24 00:00:00+00:00,,,,4271.23,4269.505996,0.0004037947251074314,4.0309639426361343e-07,0.671765771940009,,,,,,,,,
2021-11-25 00:00:00+00:00,,,,4524.92,4521.628122,0.0007280293538478588,0.00011144123132287933,1.4392368154361792,,,,,,,,,
2021-11-26 00:00:00+00:00,,,,4042.63,4042.74553,-2.8577114028704997e-05,0.0001384122167935439,-0.6242347889687025,,,,,,,,,
2021-11-27 00:00:00+00:00,,,,4096.43,4095.216912,0.00029622069503720816,0.0002104202041695353,0.2576319899318489,,,,,,,,,
2021-11-28 00:00:00+00:00,,,,4297.31,4295.289999,0.00047028279824434804,0.00024850775128631194,0.6937492204545311,,,,,,,,,
2021-11-29 00:00:00+00:00,,,,4444.41,4444.316487,2.1041030780155623e-05,0.0002790168430063681,-0.5686356822110588,,,,,,,,,
2021-11-30 00:00:00+00:00,,,,4623.19,4626.205045,-0.000651731812721712,0.00017700852518094074,-2.1970765311864144,,,,,,,,,
2021-12-01 00:00:00+00:00,,,,4584.71,4583.317663,0.00030378365681271724,0.00016272122971026728,0.2350903000159386,,,,,,,,,
2021-12-02 00:00:00+00:00,,,,4513.45,4511.570149,0.0004166733394173061,0.00011824179907733117,0.5826193073997674,,,,,,,,,
2021-12-03 00:00:00+00:00,,,,4219.14,4217.859393,0.0003036153841746714,0.00016569787024924208,0.2877236393299658,,,,,,,,,
2021-12-04 00:00:00+00:00,,,,4119.92,4117.447918,0.0006003918080403903,0.0002091508863925538,1.0323553931641465,,,,,,,,,
2021-12-05 00:00:00+00:00,,,,4196.95,4195.094787,0.0004422338693630401,0.00020514389655236696,0.6196253231483231,,,,,,,,,
2021-12-06 00:00:00+00:00,,,,4348.85,4346.89972,0.0004486599934723223,0.0002662323197941051,0.6313396236023854,,,,,,,,,
2021-12-07 00:00:00+00:00,,,,4308.21,4306.258821,0.00045310304863344086,0.00042406587141626976,0.6484871027532642,,,,,,,,,
2021-12-08 00:00:00+00:00,,,,4438.54,4436.653333,0.0004252455304467606,0.0004414175676497045,0.765443201226589,,,,,,,,,
2021-12-09 00:00:00+00:00,,,,4104.36,4105.436787,-0.0002622831761555089,0.00034442377971073094,-1.29538629111717,,,,,,,,,
2021-12-10 00:00:00+00:00,,,,3901.51,3901.336353,4.450962036806061e-05,0.00030740867059550085,-0.3232244897971257,,,,,,,,,
2021-12-11 00:00:00+00:00,,,,4084.18,4084.937962,-0.00018555043113288594,0.00019513120785646137,-0.9825520663524171,,,,,,,,,
2021-12-12 00:00:00+00:00,,,,4131.79,4130.207811,0.0003830773347011096,0.00018668027433332846,0.7134688775800097,,,,,,,,,
2021-12-13 00:00:00+00:00,,,,3779.37,3782.217798,-0.000752943947729845,1.5022568447304557e-05,-2.4275385197010966,,,,,,,,,
2021-12-14 00:00:00+00:00,,,,3858.75,3860.193333,-0.0003739017389779997,-0.0001031209726400441,-1.2940658365949842,,,,,,,,,
2021-12-15 00:00:00+00:00,,,,4020.35,4019.095311,0.00031218194715765257,-0.00011927291310991668,0.5687562739020665,,,,,,,,,
2021-12-16 00:00:00+00:00,,,,3958.26,3958.078571,4.583764489396458e-05,-7.52556529599919e-05,-0.1842474226206589,,,,,,,,,
2021-12-17 00:00:00+00:00,,,,3874.12,3874.907882,-0.00020332922071775172,-0.00011066120168653651,-0.8538821661710879,,,,,,,,,
2021-12-18 00:00:00+00:00,,,,3958.51,3959.789999,-0.00032324921279236474,-0.0001303324562093192,-1.1346284458225928,,,,,,,,,
2021-12-19 00:00:00+00:00,,,,3923.16,3924.141215,-0.0002500457925034283,-0.0002207786172385389,-0.9324071131525753,,,,,,,,,
2021-12-20 00:00:00+00:00,,,,3944.39,3944.328333,1.5634347547699434e-05,-0.00011098171791317541,-0.2427994912298098,,,,,,,,,
2021-12-21 00:00:00+00:00,,,,4016.3,4014.856666,0.00035949826359260584,-6.210288974517475e-06,0.6706383782882963,,,,,,,,,
2021-12-22 00:00:00+00:00,,,,3979.14,3979.219002,-1.9853644637413126e-05,-5.364394494524115e-05,-0.36969201484567354,,,,,,,,,
2021-12-23 00:00:00+00:00,,,,4112.27,4110.416666,0.0004508871364137246,4.220268129010282e-06,0.8632652057710011,,,,,,,,,
2021-12-24 00:00:00+00:00,,,,4044.61,4044.939999,-8.158316318207515e-05,2.1612562062678364e-05,-0.5243719122549533,,,,,,,,,
2021-12-25 00:00:00+00:00,,,,4094.77,4093.913333,0.00020925381910141816,9.76844237617902e-05,0.3219236278697417,,,,,,,,,
2021-12-26 00:00:00+00:00,,,,4060.52,4061.821823,-0.0003205022417843706,8.76192167216556e-05,-1.1275890310823566,,,,,,,,,
2021-12-27 00:00:00+00:00,,,,4038.05,4037.753333,7.347328465456826e-05,9.588192202263686e-05,-0.013977246998567169,,,,,,,,,
2021-12-28 00:00:00+00:00,,,,3790.88,3793.282091,-0.0006332487124274255,-4.5939074551653345e-05,-1.8096842666038786,,,,,,,,,
2021-12-29 00:00:00+00:00,,,,3628.14,3629.901717,-0.00048533462813871164,-0.0001124363579089817,-1.3244223243706226,,,,,,,,,
2021-12-30 00:00:00+00:00,,,,3708.99,3709.392229,-0.00010843528404891334,-0.00019233956083221569,-0.4152605095721366,,,,,,,,,
2021-12-31 00:00:00+00:00,,,,3676.94,3676.366345,0.00015603858434309892,-0.00015839359690004797,0.326211703486146,,,,,,,,,
2022-01-01 00:00:00+00:00,,,,3763.73,3765.650668,-0.0005100494361629515,-0.0002611512047949579,-1.405688072916564,,,,,,,,,
2022-01-02 00:00:00+00:00,,,,3828.87,3829.400917,-0.00013864231285976025,-0.000235171214948585,-0.3594677539970501,,,,,,,,,
2022-01-03 00:00:00+00:00,,,,3763.31,3764.980592,-0.0004437186219630185,-0.0003090557730368117,-1.1332483442498495,,,,,,,,,
2022-01-04 00:00:00+00:00,,,,3786.27,3785.266666,0.0002650629634661783,-0.00018072553362343972,0.9027946967092133,,,,,,,,,
2022-01-05 00:00:00+00:00,,,,3535.08,3534.838412,6.834484970497101e-05,-0.00010162846536005648,0.38603174350363184,,,,,,,,,
2022-01-06 00:00:00+00:00,,,,3405.65,3406.39817,-0.00021963668445723616,-0.00011751437970410259,-0.423278580849559,,,,,,,,,
2022-01-07 00:00:00+00:00,,,,3196.05,3197.410271,-0.00042542898305464316,-0.00020058117504663717,-1.0028379832824665,,,,,,,,,
2022-01-08 00:00:00+00:00,,,,3079.23,3080.84332,-0.0005236618134802917,-0.0002025258003776858,-1.2574037128109947,,,,,,,,,
2022-01-09 00:00:00+00:00,,,,3149.73,3151.268069,-0.0004880793910015946,-0.0002524453829693764,-1.073477886932596,,,,,,,,,
2022-01-10 00:00:00+00:00,,,,3080.71,3082.398547,-0.0005478029444450083,-0.00026731457189537497,-1.1889910747863515,,,,,,,,,
2022-01-11 00:00:00+00:00,,,,3237.25,3239.501211,-0.000694925191679352,-0.000404455736916165,-1.5279117630815302,,,,,,,,,
2022-01-12 00:00:00+00:00,,,,3370.79,3371.418985,-0.0001865638779393608,-0.0004408712694367838,-0.06081177646741056,,,,,,,,,
2022-01-13 00:00:00+00:00,,,,3241.64,3242.073333,-0.00013365922219865656,-0.0004285887748284153,0.08222365934873034,,,,,,,,,
2022-01-14 00:00:00+00:00,,,,3307.36,3307.626666,-8.062155343624422e-05,-0.00037933057059721546,0.3057529635903225,,,,,,,,,
2022-01-15 00:00:00+00:00,,,,3325.63,3326.007609,-0.00011353221170562477,-0.00032074062748654875,0.21575342187653154,,,,,,,,,
2022-01-16 00:00:00+00:00,,,,3345.87,3346.643333,-0.00023107720872872495,-0.00028402603001899596,-0.17573674320256294,,,,,,,,,
2022-01-17 00:00:00+00:00,,,,3208.89,3209.448557,-0.0001740351932988382,-0.0002306306369981145,-0.0009898700288834196,,,,,,,,,
2022-01-18 00:00:00+00:00,,,,3159.16,3160.062698,-0.00028565825626547525,-0.00017216393193898925,-0.37271397970547226,,,,,,,,,
2022-01-19 00:00:00+00:00,,,,3082.11,3084.356931,-0.0007284925351590532,-0.00024958231154180243,-1.6982654392988479,,,,,,,,,
2022-01-20 00:00:00+00:00,,,,3002.09,3003.299279,-0.00040265018157048527,-0.0002880095914520637,-0.6021397432657735,,,,,,,,,
2022-01-21 00:00:00+00:00,,,,2568.91,2567.919999,0.00038552641841849145,-0.0002214170240442443,1.9063094929962252,,,,,,,,,
2022-01-22 00:00:00+00:00,,,,2411.42,2411.227886,7.967475870507279e-05,-0.00019381602827128752,1.0369784425666368,,,,,,,,,
2022-01-23 00:00:00+00:00,,,,2540.68,2539.786666,0.00035173584142267345,-0.00011055702110680203,1.8089895628291963,,,,,,,,,
2022-01-24 00:00:00+00:00,,,,2439.63,2440.47264,-0.0003452773803683806,-0.00013502019068816523,-0.3896993471691952,,,,,,,,,
2022-01-25 00:00:00+00:00,,,,2457.44,2458.585,-0.0004657150352743722,-0.00016074258768943622,-0.7670724210656439,,,,,,,,,
2022-01-26 00:00:00+00:00,,,,2461.2,2463.004173,-0.0007325091121557215,-0.00016131638440324597,-1.5198324806609491,,,,,,,,,
2022-01-27 00:00:00+00:00,,,,2423.84,2424.08832,-0.00010243851181124253,-0.00011842900300906845,0.45909865268540856,,,,,,,,,
2022-01-28 00:00:00+00:00,,,,2544.52,2545.009999,-0.00019253323177215176,-0.0002010089530363032,0.13221814929933629,,,,,,,,,
2022-01-29 00:00:00+00:00,,,,2597.71,2600.639886,-0.0011266019627601542,-0.00037333419895990705,-2.523065590658389,,,,,,,,,
2022-01-30 00:00:00+00:00,,,,2602.56,2602.719626,-6.133046310696777e-05,-0.00043234367103557006,0.6352496903061382,,,,,,,,,
2022-01-31 00:00:00+00:00,,,,2685.76,2686.186666,-0.0001588370627403357,-0.0004057093399458494,0.3104816296409809,,,,,,,,,
2022-02-01 00:00:00+00:00,,,,2788.04,2788.332044,-0.00010473788465359402,-0.0003541411755714525,0.46955919013370234,,,,,,,,,
2022-02-02 00:00:00+00:00,,,,2675.98,2679.029175,-0.0011381641635164197,-0.0004120918971944094,-2.3246442917288808,,,,,,,,,
2022-02-03 00:00:00+00:00,,,,2693.77,2696.183175,-0.0008950337730670999,-0.0005253197916595319,-1.5524589642355207,,,,,,,,,
2022-02-04 00:00:00+00:00,,,,2994.0,2993.596932,0.00013464337689939043,-0.00047858027613502586,1.22469868511641,,,,,,,,,
2022-02-05 00:00:00+00:00,,,,3012.91,3013.130452,-7.316377551913611e-05,-0.0003280891065291661,0.6480225275097004,,,,,,,,,
2022-02-06 00:00:00+00:00,,,,3054.8,3055.281665,-0.00015764994943590072,-0.00034184903314758507,0.3975847529715306,,,,,,,,,
2022-02-07 00:00:00+00:00,,,,3138.24,3139.426024,-0.0003777837066181178,-0.0003731271251301254,-0.20471783962486123,,,,,,,,,
2022-02-08 00:00:00+00:00,,,,3114.42,3115.424664,-0.00032248059521688965,-0.0004042332266391676,-0.07129735151646263,,,,,,,,,
2022-02-09 00:00:00+00:00,,,,3243.07,3243.688296,-0.0001906151095844022,-0.00026886907607745085,0.2541852844095411,,,,,,,,,
2022-02-10 00:00:00+00:00,,,,3070.32,3072.144747,-0.0005939651775137555,-0.00022585927671268737,-0.8591123579022047,,,,,,,,,
2022-02-11 00:00:00+00:00,,,,2927.38,2927.400922,-7.146954092429603e-06,-0.0002461150382829474,0.728126467023724,,,,,,,,,
2022-02-12 00:00:00+00:00,,,,2918.11,2918.867097,-0.00025938042906370473,-0.0002727174173607429,0.05349707269020411,,,,,,,,,
2022-02-13 00:00:00+00:00,,,,2870.56,2870.936619,-0.00013118332097883378,-0.00026893647043830474,0.4086628511580527,,,,,,,,,
2022-02-14 00:00:00+00:00,,,,2929.02,2929.860561,-0.0002868945407126233,-0.00025595230388037696,-0.001194576918927799,,,,,,,,,
2022-02-15 00:00:00+00:00,,,,3185.22,3184.474329,0.00023415827008221868,-0.00017643246598050437,1.3412743489320142,,,,,,,,,
2022-02-16 00:00:00+00:00,,,,3122.28,3122.351624,-2.2939120453036033e-05,-0.00015247875324745204,0.6412096426027882,,,,,,,,,
2022-02-17 00:00:00+00:00,,,,2890.41,2891.609999,-0.00041499337753536647,-0.0001269113532505393,-0.3810670438084199,,,,,,,,,
2022-02-18 00:00:00+00:00,,,,2778.09,2779.483333,-0.0005012920867188964,-0.0001975035150543203,-0.6403938296078171,,,,,,,,,
2022-02-19 00:00:00+00:00,,,,2761.6,2763.235308,-0.0005918091721198726,-0.0002449933354909157,-0.8571107572962255,,,,,,,,,
2022-02-20 00:00:00+00:00,,,,2620.85,2622.001338,-0.00043910656463597153,-0.00028898237029907826,-0.39979825105006916,,,,,,,,,
2022-02-21 00:00:00+00:00,,,,2567.77,2568.473254,-0.00027380234499418954,-0.00028711205662501627,0.09842999234667558,,,,,,,,,
2022-02-22 00:00:00+00:00,,,,2636.94,2637.338688,-0.00015117057274960377,-0.0003421590341724195,0.5292496650401581,,,,,,,,,
2022-02-23 00:00:00+00:00,,,,2578.58,2579.773547,-0.00046265572471959615,-0.0004049756919247852,-0.40607324970033154,,,,,,,,,
2022-02-24 00:00:00+00:00,,,,2596.04,2596.635587,-0.00022936872735701552,-0.0003784578847564494,0.27874811992053494,,,,,,,,,
2022-02-25 00:00:00+00:00,,,,2766.55,2767.949211,-0.000505504578783178,-0.00037905966933706104,-0.5972403510509177,,,,,,,,,
2022-02-26 00:00:00+00:00,,,,2778.11,2779.240768,-0.0004068621952511009,-0.0003526386726415222,-0.2606111692078752,,,,,,,,,
2022-02-27 00:00:00+00:00,,,,2615.93,2617.033128,-0.0004215185464019333,-0.0003501260986080882,-0.28304362801275273,,,,,,,,,
2022-02-28 00:00:00+00:00,,,,2921.3,2921.544518,-8.369477120528934e-05,-0.00032296787378110244,0.7486413785312628,,,,,,,,,
2022-03-01 00:00:00+00:00,,,,2975.54,2975.595751,-1.873607998703619e-05,-0.00030404866052930705,0.9677049532229682,,,,,,,,,
2022-03-02 00:00:00+00:00,,,,2947.17,2947.513225,-0.00011644561832291345,-0.00025459007390120955,0.6188301415347178,,,,,,,,,
2022-03-03 00:00:00+00:00,,,,2832.79,2833.938049,-0.00040510730303544573,-0.00027969558471241385,-0.3562750270505266,,,,,,,,,
2022-03-04 00:00:00+00:00,,,,2620.01,2622.072828,-0.0007867165160218015,-0.0003198687186036458,-1.9410139821917654,,,,,,,,,
2022-03-05 00:00:00+00:00,,,,2664.22,2665.341362,-0.00042071984323943656,-0.00032184838260197946,-0.6295548693201214,,,,,,,,,
2022-03-06 00:00:00+00:00,,,,2548.72,2550.809778,-0.0008192606199112218,-0.00037866867881759206,-2.1597010831375183,,,,,,,,,
2022-03-07 00:00:00+00:00,,,,2491.24,2492.64715,-0.0005645203333332072,-0.00044735804483586605,-1.013751562240836,,,,,,,,,
2022-03-08 00:00:00+00:00,,,,2575.81,2576.358685,-0.00021296918134683374,-0.00047510563074440855,0.47992894758204263,,,,,,,,,
2022-03-09 00:00:00+00:00,,,,2727.0,2727.623716,-0.0002286664382412651,-0.0004911371764470303,0.39154999232912396,,,,,,,,,
2022-03-10 00:00:00+00:00,,,,2605.54,2606.706007,-0.00044731051252777654,-0.0004971662063745061,-0.513792505751196,,,,,,,,,
2022-03-11 00:00:00+00:00,,,,2555.93,2556.815267,-0.0003462381547176818,-0.00043424072618820323,-0.06655887371627313,,,,,,,,,
2022-03-12 00:00:00+00:00,,,,2567.89,2568.798704,-0.00035374667488929923,-0.0004246731307096122,-0.1352881520683884,,,,,,,,,
2022-03-13 00:00:00+00:00,,,,2513.36,2515.269443,-0.0007591405387259442,-0.00041608454768314395,-1.7427178082823456,,,,,,,,,
2022-03-14 00:00:00+00:00,,,,2588.66,2589.689999,-0.0003977306165595662,-0.0003922574452869095,-0.19315907321748452,,,,,,,,,
2022-03-15 00:00:00+00:00,,,,2617.58,2617.987824,-0.00015577765345631267,-0.0003840872270168351,0.8394227723768174,,,,,,,,,
2022-03-16 00:00:00+00:00,,,,2773.0,2773.656666,-0.00023675100384612513,-0.00038524216496038655,0.4863256941178467,,,,,,,,,
2022-03-17 00:00:00+00:00,,,,2811.18,2812.009322,-0.0002949214974188319,-0.00036347230565910875,0.35513295472799533,,,,,,,,,
2022-03-18 00:00:00+00:00,,,,2939.13,2938.713054,0.0001418804736423862,-0.00029374107303624185,2.2988000790812246,,,,,,,,,
2022-03-19 00:00:00+00:00,,,,2950.58,2950.715667,-4.5977659425933126e-05,-0.00024977407082718957,1.3441595434155607,,,,,,,,,
2022-03-20 00:00:00+00:00,,,,2859.99,2861.431553,-0.0005037873432578444,-0.0002132950429031753,-0.6715180220578946,,,,,,,,,
2022-03-21 00:00:00+00:00,,,,2889.08,2889.922261,-0.00029144763212718416,-0.00019811175941283503,0.2236406698760914,,,,,,,,,
2022-03-22 00:00:00+00:00,,,,2969.03,2969.396654,-0.0001234776093338441,-0.00019349746739533952,0.9195741253125413,,,,,,,,,
2022-03-23 00:00:00+00:00,,,,3035.34,3035.88504,-0.0001795324898072881,-0.00018532339396121994,0.652660993832668,,,,,,,,,
2022-03-24 00:00:00+00:00,,,,3110.35,3110.340073,3.1916124176856187e-06,-0.00014273580684171744,1.3995484066188204,,,,,,,,,
2022-03-25 00:00:00+00:00,,,,3101.67,3102.946765,-0.0004114685480270941,-0.0002217856670802146,-0.3913922876335577,,,,,,,,,
2022-03-26 00:00:00+00:00,,,,3143.5,3145.036441,-0.0004885288386393682,-0.00028500726411070536,-0.6827318651800282,,,,,,,,,
2022-03-27 00:00:00+00:00,,,,3296.31,3295.929999,0.00011529401416754403,-0.00019656707019279272,1.736088042741173,,,,,,,,,
2022-03-28 00:00:00+00:00,,,,3332.66,3332.836666,-5.300769815774764e-05,-0.00016250422248287322,0.9840839805637,,,,,,,,,
2022-03-29 00:00:00+00:00,,,,3399.28,3400.636666,-0.00039894470749080035,-0.00020185666507672412,-0.41540843676540573,,,,,,,,,
2022-03-30 00:00:00+00:00,,,,3384.23,3385.641363,-0.0004168672486768443,-0.00023576163062951787,-0.44728895855716255,,,,,,,,,
2022-03-31 00:00:00+00:00,,,,3280.74,3281.445751,-0.00021507318833025035,-0.0002669423164506516,0.4119011301923541,,,,,,,,,
2022-04-01 00:00:00+00:00,,,,3454.74,3455.196462,-0.00013210884099357223,-0.00022703378687443415,0.7616049016080327,,,,,,,,,
2022-04-02 00:00:00+00:00,,,,3442.68,3443.832553,-0.0003346716143316497,-0.00020505418340190294,-0.09513469416373531,,,,,,,,,
2022-04-03 00:00:00+00:00,,,,3521.79,3521.949847,-4.5385938739594955e-05,-0.0002280084623886371,1.0709486418418275,,,,,,,,,
2022-04-04 00:00:00+00:00,,,,3518.99,3519.146666,-4.4518178657915186e-05,-0.000226795673888661,1.0069547909589438,,,,,,,,,
2022-04-05 00:00:00+00:00,,,,3403.84,3406.31591,-0.0007268585960366059,-0.0002736405151094904,-2.054899852943581,,,,,,,,,
2022-04-06 00:00:00+00:00,,,,3167.03,3168.905589,-0.0005918727924587586,-0.00029864130707833524,-1.4330455927260053,,,,,,,,,
2022-04-07 00:00:00+00:00,,,,3225.74,3227.551756,-0.0005613406498073958,-0.00034810808728935605,-1.2124079034702209,,,,,,,,,
2022-04-08 00:00:00+00:00,,,,3191.79,3192.49879,-0.0002220173120254243,-0.00036095215457962064,0.270774964797223,,,,,,,,,
2022-04-09 00:00:00+00:00,,,,3256.58,3258.259999,-0.0005156123208447383,-0.00038680082693863326,-0.9943852485288638,,,,,,,,,
2022-04-10 00:00:00+00:00,,,,3198.97,3201.856303,-0.0009014467630217293,-0.0005090952304075096,-2.3264045683213124,,,,,,,,,
2022-04-11 00:00:00+00:00,,,,2977.95,2979.899474,-0.0006542079748023122,-0.0005961937727138521,-1.2847521261411212,,,,,,,,,
2022-04-12 00:00:00+00:00,,,,3025.93,3027.863333,-0.0006385139576575716,-0.0005835731100882757,-1.270134861807176,,,,,,,,,
2022-04-13 00:00:00+00:00,,,,3116.22,3118.049999,-0.0005869049568117957,-0.0005828634192815667,-1.0279188625497617,,,,,,,,,
2022-04-14 00:00:00+00:00,,,,3019.34,3021.703672,-0.0007822315675433122,-0.000614419264672412,-1.6219246472441755,,,,,,,,,
2022-04-15 00:00:00+00:00,,,,3037.93,3040.10134,-0.0007142327696222361,-0.0006847357586148137,-1.279720201403225,,,,,,,,,
2022-04-16 00:00:00+00:00,,,,3057.9,3059.309999,-0.00046088791278453556,-0.0006769179860347847,-0.35997087797036653,,,,,,,,,
2022-04-17 00:00:00+00:00,,,,2985.62,2987.809442,-0.0007327917132944339,-0.0006528244075023139,-1.258590478183423,,,,,,,,,
2022-04-18 00:00:00+00:00,,,,3053.95,3055.791698,-0.0006026909495191468,-0.0006454648324618617,-0.7290150510897654,,,,,,,,,
2022-04-19 00:00:00+00:00,,,,3101.1,3101.703333,-0.0001945166688189781,-0.0005820366483420626,0.7478381952895404,,,,,,,,,
2022-04-20 00:00:00+00:00,,,,3073.89,3076.706666,-0.0009154808390173796,-0.0006289760600857175,-1.7432774866295175,,,,,,,,,
2022-04-21 00:00:00+00:00,,,,2980.63,2983.416774,-0.0009340880644923555,-0.0006506698453641523,-1.6591732042422547,,,,,,,,,
2022-04-22 00:00:00+00:00,,,,2960.18,2962.433333,-0.0007606358512439737,-0.0006572988570244005,-1.0019684540390412,,,,,,,,,
2022-04-23 00:00:00+00:00,,,,2930.75,2932.974061,-0.0007582954890645865,-0.0006997856536358363,-0.9365594424340856,,,,,,,,,
2022-04-24 00:00:00+00:00,,,,2919.02,2921.116656,-0.0007177583941037069,-0.0006976380366085896,-0.7531168424399587,,,,,,,,,
2022-04-25 00:00:00+00:00,,,,3006.39,3006.793465,-0.00013418447415725065,-0.0006307085401283187,1.1890185109791231,,,,,,,,,
2022-04-26 00:00:00+00:00,,,,2807.68,2809.892431,-0.0007873721341044027,-0.0007154021780262365,-0.9649629770306616,,,,,,,,,
2022-04-27 00:00:00+00:00,,,,2888.13,2889.22,-0.00037726445199737224,-0.0006385141227376641,0.5674802999245806,,,,,,,,,
2022-04-28 00:00:00+00:00,,,,2936.1,2936.833333,-0.0002497019465694805,-0.0005407446773201105,1.0124093487774684,,,,,,,,,
2022-04-29 00:00:00+00:00,,,,2814.73,2816.970341,-0.0007953015931310148,-0.0005456969261611164,-0.9445664822746512,,,,,,,,,
2022-04-30 00:00:00+00:00,,,,2724.77,2726.476476,-0.0006258906009354304,-0.0005267819421426655,-0.28350646792269146,,,,,,,,,
2022-05-01 00:00:00+00:00,,,,2824.45,2825.819999,-0.00048481467343453044,-0.0004935042677613545,0.2999884208265835,,,,,,,,,
2022-05-02 00:00:00+00:00,,,,2854.17,2856.058472,-0.0006612161545409556,-0.0005687945078161695,-0.34985524705491294,,,,,,,,,
2022-05-03 00:00:00+00:00,,,,2779.83,2781.566666,-0.0006243481492743674,-0.0005455053671261645,-0.1392763715210089,,,,,,,,,
2022-05-04 00:00:00+00:00,,,,2940.69,2940.550922,4.7296579344990874e-05,-0.00048485379122011264,2.640832292081975,,,,,,,,,
2022-05-05 00:00:00+00:00,,,,2745.86,2747.793333,-0.0007035947633984296,-0.0005496956221956768,-0.48045318317113156,,,,,,,,,
2022-05-06 00:00:00+00:00,,,,2691.33,2692.916666,-0.0005891998144735844,-0.000520252510958901,-0.0050941151626588445,,,,,,,,,
2022-05-07 00:00:00+00:00,,,,2634.55,2635.919024,-0.0005193725556569273,-0.0005050356473476862,0.2791494953853458,,,,,,,,,
2022-05-08 00:00:00+00:00,,,,2518.31,2519.513333,-0.00047760533125140725,-0.0005040057413215258,0.5069657548363962,,,,,,,,,
2022-05-09 00:00:00+00:00,,,,2230.27,2230.733737,-0.00020788541111305125,-0.00043924420654611093,1.5578115572056999,,,,,,,,,
2022-05-10 00:00:00+00:00,,,,2341.35,2341.909834,-0.00023905019393677396,-0.00038420164149788327,1.3359216353418606,,,,,,,,,
2022-05-11 00:00:00+00:00,,,,2085.03,2085.729028,-0.00033514804205903026,-0.00043883658741274346,0.8850919745084677,,,,,,,,,
2022-05-12 00:00:00+00:00,,,,1958.63,1959.909999,-0.0006530907034776323,-0.0004316217217097724,-0.4095704476381778,,,,,,,,,
2022-05-13 00:00:00+00:00,,,,2007.9,2009.729999,-0.0009105695794511259,-0.00047753168813513547,-1.3675521345911101,,,,,,,,,
2022-05-14 00:00:00+00:00,,,,2054.95,2056.064232,-0.0005419247038388475,-0.0004807534235896955,0.053744895316691375,,,,,,,,,
2022-05-15 00:00:00+00:00,,,,2144.57,2145.350081,-0.00036361478105995104,-0.00046446905927663033,0.7174659602677697,,,,,,,,,
2022-05-16 00:00:00+00:00,,,,2022.06,2023.010727,-0.0004699564798700262,-0.0005019077833847696,0.2951159966603283,,,,,,,,,
2022-05-17 00:00:00+00:00,,,,2090.42,2090.884209,-0.00022201564199564316,-0.000499474275964608,1.1961642456189159,,,,,,,,,
2022-05-18 00:00:00+00:00,,,,1912.95,1914.420627,-0.0007681838459422385,-0.0005613365336622092,-0.9120796463546494,,,,,,,,,
2022-05-19 00:00:00+00:00,,,,2018.63,2019.228775,-0.0002965364833412698,-0.0005104002164998718,0.9406823446677034,,,,,,,,,
2022-05-20 00:00:00+00:00,,,,1958.17,1959.125642,-0.00048779005261978536,-0.00045000314123825165,0.13858949064809206,,,,,,,,,
2022-05-21 00:00:00+00:00,,,,1974.05,1974.993665,-0.0004778065959011313,-0.0004408434115328636,0.12361654241290465,,,,,,,,,
2022-05-22 00:00:00+00:00,,,,2042.86,2043.018699,-7.767868207853024e-05,-0.00039999539739266066,1.6977814460125877,,,,,,,,,
2022-05-23 00:00:00+00:00,,,,1971.48,1973.385076,-0.0009653848218319494,-0.0004707708748157925,-1.8987741725850569,,,,,,,,,
2022-05-24 00:00:00+00:00,,,,1978.25,1979.466489,-0.0006145539754069951,-0.0005268477795888428,-0.5148007442058575,,,,,,,,,
2022-05-25 00:00:00+00:00,,,,1941.57,1942.725765,-0.0005949192731276032,-0.0005020956977581806,-0.386723493456693,,,,,,,,,
2022-05-26 00:00:00+00:00,,,,1791.58,1793.216071,-0.000912366906843376,-0.0005900714725441958,-1.6548313748908121,,,,,,,,,
2022-05-27 00:00:00+00:00,,,,1725.95,1727.15419,-0.0006972104789323419,-0.0006199886763031324,-0.7303781835566693,,,,,,,,,
2022-05-28 00:00:00+00:00,,,,1791.26,1792.286759,-0.000572876519253529,-0.0006335700939249035,-0.18568541131967295,,,,,,,,,
2022-05-29 00:00:00+00:00,,,,1812.15,1813.509999,-0.0007499263862619232,-0.0007296054802368168,-0.9321264274586393,,,,,,,,,
2022-05-30 00:00:00+00:00,,,,1997.92,1998.923827,-0.0005021837182793698,-0.0006634338940150197,0.08483175360024235,,,,,,,,,
2022-05-31 00:00:00+00:00,,,,1941.19,1941.834354,-0.000331827479863378,-0.0006230443946516459,0.7686540406358366,,,,,,,,,
2022-06-01 00:00:00+00:00,,,,1816.38,1817.861554,-0.0008149982581125981,-0.0006544842496495022,-1.1885818032129265,,,,,,,,,
2022-06-02 00:00:00+00:00,,,,1833.05,1834.203333,-0.0006287923368417658,-0.0006139735967921294,-0.43126736604733285,,,,,,,,,
2022-06-03 00:00:00+00:00,,,,1773.68,1775.153333,-0.0008299750633428138,-0.0006329399659936254,-1.2222397254807478,,,,,,,,,
2022-06-04 00:00:00+00:00,,,,1803.67,1804.499999,-0.00045996065417552856,-0.0006168091281253396,0.37027457672285474,,,,,,,,,
2022-06-05 00:00:00+00:00,,,,1804.92,1806.149999,-0.0006810060076299917,-0.0006069633597493494,-0.5897964065955207,,,,,,,,,
2022-06-06 00:00:00+00:00,,,,1859.12,1859.745063,-0.0003361014433838072,-0.0005832373204785547,0.8867196593996881,,,,,,,,,
2022-06-07 00:00:00+00:00,,,,1812.31,1813.113333,-0.0004430682767474492,-0.0005991288628905649,0.4173926037147991,,,,,,,,,
2022-06-08 00:00:00+00:00,,,,1790.36,1791.693333,-0.0007441747845137181,-0.0005890112238050106,-0.8289967762001034,,,,,,,,,
2022-06-09 00:00:00+00:00,,,,1787.48,1788.676574,-0.0006689716952709146,-0.0005947511321520319,-0.44620756621381913,,,,,,,,,
2022-06-10 00:00:00+00:00,,,,1661.4,1662.853333,-0.000873999511056045,-0.0006010403389682077,-1.2927897715867127,,,,,,,,,
2022-06-11 00:00:00+00:00,,,,1530.66,1532.26,-0.001044209207314628,-0.0006845044179880791,-1.8795688465682616,,,,,,,,,
2022-06-12 00:00:00+00:00,,,,1434.88,1435.533333,-0.00045511517216711983,-0.0006522342986362403,0.578578796255475,,,,,,,,,
2022-06-13 00:00:00+00:00,,,,1209.39,1209.533333,-0.00011850272835767228,-0.0006211487679182211,1.861699757193279,,,,,,,,,
2022-06-14 00:00:00+00:00,,,,1207.96,1208.825,-0.0007155709056314574,-0.0006600777149016508,-0.537892129784075,,,,,,,,,
2022-06-15 00:00:00+00:00,,,,1236.97,1237.694919,-0.0005857008773904049,-0.000637438585312606,0.013860075007707107,,,,,,,,,
2022-06-16 00:00:00+00:00,,,,1067.88,1068.507867,-0.0005876110222405861,-0.0006258156320225591,0.05890417261127933,,,,,,,,,
2022-06-17 00:00:00+00:00,,,,1086.19,1086.794415,-0.0005561447424258237,-0.0005804078079325274,0.16587230908144715,,,,,,,,,
2022-06-18 00:00:00+00:00,,,,994.73,995.124589,-0.00039652220873820365,-0.0004878810938501811,0.8915006571822862,,,,,,,,,
2022-06-19 00:00:00+00:00,,,,1127.9,1128.186666,-0.0002540944762415842,-0.0004591638515751046,1.4388023367634115,,,,,,,,,
2022-06-20 00:00:00+00:00,,,,1127.98,1128.57,-0.0005227854718802272,-0.0005169185292211839,0.2940883350966297,,,,,,,,,
2022-06-21 00:00:00+00:00,,,,1125.26,1125.836034,-0.00051164999396347,-0.0004877869704114714,0.4430416169308161,,,,,,,,,
2022-06-22 00:00:00+00:00,,,,1048.99,1050.080358,-0.0010383567235526803,-0.0005524520912917964,-1.9840455615755728,,,,,,,,,
2022-06-23 00:00:00+00:00,,,,1144.17,1144.632263,-0.0004038528485894588,-0.0005262009236273497,0.8963839330701362,,,,,,,,,
2022-06-24 00:00:00+00:00,,,,1224.39,1224.835722,-0.0003639034949700637,-0.0004987378882765268,1.0233007736662083,,,,,,,,,
2022-06-25 00:00:00+00:00,,,,1241.24,1242.054472,-0.0006557457972745651,-0.000535769829496007,-0.32768051235874857,,,,,,,,,
2022-06-26 00:00:00+00:00,,,,1197.35,1197.992544,-0.0005363505834974358,-0.0005760921305325573,0.20003945071281704,,,,,,,,,
2022-06-27 00:00:00+00:00,,,,1191.67,1192.40244,-0.0006142557038041341,-0.0005891593065216868,-0.1549484145945671,,,,,,,,,
2022-06-28 00:00:00+00:00,,,,1143.41,1144.163333,-0.000658413863014351,-0.0006101255735289555,-0.37709783730072083,,,,,,,,,
2022-06-29 00:00:00+00:00,,,,1098.59,1099.647938,-0.0009620697347227924,-0.000599227432267543,-1.6441134079043525,,,,,,,,,
2022-06-30 00:00:00+00:00,,,,1070.89,1071.487058,-0.0005572237159021665,-0.0006211375561693584,0.19817940882118426,,,,,,,,,
2022-07-01 00:00:00+00:00,,,,1059.03,1059.407825,-0.00035663791703632874,-0.0006200996164645391,1.0416252682844382,,,,,,,,,
2022-07-02 00:00:00+00:00,,,,1066.63,1066.976494,-0.00032474379890123917,-0.0005728136166969211,1.1158764372378633,,,,,,,,,
2022-07-03 00:00:00+00:00,,,,1074.07,1074.19655,-0.00011780898011626295,-0.0005130219590710393,1.8529027345658586,,,,,,,,,
2022-07-04 00:00:00+00:00,,,,1150.37,1151.042605,-0.0005843441390253057,-0.0005087488783883495,-0.12298026122564813,,,,,,,,,
2022-07-05 00:00:00+00:00,,,,1132.37,1132.624453,-0.0002246578725420001,-0.00044678373689229937,1.3167370305330195,,,,,,,,,
2022-07-06 00:00:00+00:00,,,,1186.53,1186.663333,-0.00011235958531130574,-0.0003253965726906584,1.684721811820193,,,,,,,,,
2022-07-07 00:00:00+00:00,,,,1236.86,1236.855247,3.842810232912441e-06,-0.00024524421181421855,1.948328104488284,,,,,,,,,
2022-07-08 00:00:00+00:00,,,,1213.95,1213.94718,2.3230005774532714e-06,-0.00019396408072653543,1.7663798396423813,,,,,,,,,
2022-07-09 00:00:00+00:00,,,,1216.55,1217.033333,-0.00039714031398685457,-0.00020430644002448047,0.31172017204530694,,,,,,,,,
2022-07-10 00:00:00+00:00,,,,1167.47,1168.376716,-0.0007760476459203192,-0.00029834053513934567,-1.073996504763009,,,,,,,,,
2022-07-11 00:00:00+00:00,,,,1095.75,1096.500036,-0.0006840273373232009,-0.00031258099203904495,-0.8383717563264448,,,,,,,,,
2022-07-12 00:00:00+00:00,,,,1037.8,1038.65664,-0.000824757640792595,-0.0003983095303605585,-1.2978973385253285,,,,,,,,,
2022-07-13 00:00:00+00:00,,,,1114.87,1115.161538,-0.00026143118289667644,-0.00041960547287275433,0.8661319681025137,,,,,,,,,
2022-07-14 00:00:00+00:00,,,,1193.37,1193.420922,-4.266893521087667e-05,-0.00042625000793615275,1.572490650959101,,,,,,,,,
2022-07-15 00:00:00+00:00,,,,1231.6,1231.78663,-0.00015151162989990308,-0.00044822638371863225,1.0918819134363487,,,,,,,,,
2022-07-16 00:00:00+00:00,,,,1356.15,1356.086666,4.670350471558393e-05,-0.0003848201239039982,1.6614331499352424,,,,,,,,,
2022-07-17 00:00:00+00:00,,,,1338.61,1338.706886,-7.23728256074585e-05,-0.0002842951495735895,1.1632816223882523,,,,,,,,,
2022-07-18 00:00:00+00:00,,,,1582.36,1581.856666,0.00031819191385573653,-0.0001411209708337413,2.2013169416342273,,,,,,,,,
2022-07-19 00:00:00+00:00,,,,1541.91,1542.327663,-0.00027080043366889406,-6.19842269589269e-05,0.3671647809804608,,,,,,,,,
2022-07-20 00:00:00+00:00,,,,1522.03,1521.713933,0.00020770461066677015,5.035172121565472e-06,1.6953526853866958,,,,,,,,,
2022-07-21 00:00:00+00:00,,,,1575.31,1575.431735,-7.727088219400269e-05,9.203683826175535e-08,0.8010068111080165,,,,,,,,,
2022-07-22 00:00:00+00:00,,,,1534.35,1535.327226,-0.0006364936304465996,-6.91911060969806e-05,-0.9403045303575622,,,,,,,,,
2022-07-23 00:00:00+00:00,,,,1547.76,1548.766526,-0.0006498887876920101,-0.0001687042907266369,-0.9420618642198664,,,,,,,,,
2022-07-24 00:00:00+00:00,,,,1597.67,1597.937769,-0.00016757160710167973,-0.0001823041166543828,0.5229296373332106,,,,,,,,,
2022-07-25 00:00:00+00:00,,,,1437.79,1439.714634,-0.0013368163068904204,-0.00041873386247526234,-2.642034328815208,,,,,,,,,
2022-07-26 00:00:00+00:00,,,,1447.64,1448.901832,-0.0008708885392588739,-0.0005044607347024023,-1.313885098245519,,,,,,,,,
2022-07-27 00:00:00+00:00,,,,1635.4,1636.084388,-0.0004183084961996153,-0.0005938911785404574,-0.14065235768744466,,,,,,,,,
2022-07-28 00:00:00+00:00,,,,1724.27,1724.440588,-9.892367483521625e-05,-0.0005969844346320593,0.6585929846341156,,,,,,,,,
2022-07-29 00:00:00+00:00,,,,1720.73,1721.546666,-0.00047437924055671044,-0.0005738252360763609,-0.40156520168050586,,,,,,,,,
2022-07-30 00:00:00+00:00,,,,1696.36,1696.577873,-0.00012841909791905248,-0.0004993295661087955,0.524291361269777,,,,,,,,,
2022-07-31 00:00:00+00:00,,,,1678.19,1678.504383,-0.0001872994811238371,-0.0005021478338262465,0.34334599412353,,,,,,,,,
2022-08-01 00:00:00+00:00,,,,1628.99,1630.05379,-0.0006526103656984139,-0.0004044041279416742,-0.9102080452782609,,,,,,,,,
2022-08-02 00:00:00+00:00,,,,1630.17,1630.841834,-0.0004119553386437991,-0.0003388422421395206,-0.2230993361702249,,,,,,,,,
2022-08-03 00:00:00+00:00,,,,1617.46,1618.405413,-0.0005841632710851252,-0.0003625357814088792,-0.698518604964639,,,,,,,,,
2022-08-04 00:00:00+00:00,,,,1606.65,1607.777907,-0.0007015315953087242,-0.0004486226271908089,-0.9637815131928493,,,,,,,,,
2022-08-05 00:00:00+00:00,,,,1737.41,1736.814151,0.0003430700974291767,-0.0003318441503356822,1.745078888420554,,,,,,,,,
2022-08-06 00:00:00+00:00,,,,1689.74,1690.521022,-0.00046200076179825356,-0.00037949867374699665,-0.29995702622246045,,,,,,,,,
2022-08-07 00:00:00+00:00,,,,1700.09,1700.239392,-8.786527397430799e-05,-0.00036529378701134963,0.691494834331289,,,,,,,,,
2022-08-08 00:00:00+00:00,,,,1777.11,1777.308312,-0.0001115799654235472,-0.0002880037298292258,0.6002240546351386,,,,,,,,,
2022-08-09 00:00:00+00:00,,,,1701.72,1702.784496,-0.0006251501599295883,-0.0003184601328700528,-0.767355314960233,,,,,,,,,
2022-08-10 00:00:00+00:00,,,,1854.21,1853.728943,0.0002595077353766406,-0.00019793570337551486,1.4600049194156206,,,,,,,,,
2022-08-11 00:00:00+00:00,,,,1880.22,1880.221127,-5.993975835671961e-07,-9.780253227192099e-05,0.7326516747728368,,,,,,,,,
2022-08-12 00:00:00+00:00,,,,1958.18,1958.27838,-5.023800548720203e-05,-0.00015398940411711796,0.5788925329330297,,,,,,,,,
2022-08-13 00:00:00+00:00,,,,1983.54,1983.526352,6.880674908060769e-06,-8.700634173050162e-05,0.7229365057295744,,,,,,,,,
2022-08-14 00:00:00+00:00,,,,1934.76,1935.374543,-0.00031753181947269393,-0.00011981584823027105,-0.11521184634380954,,,,,,,,,
2022-08-15 00:00:00+00:00,,,,1898.59,1899.460711,-0.00045839905766809075,-0.0001693614328366344,-0.44574602040349376,,,,,,,,,
2022-08-16 00:00:00+00:00,,,,1875.69,1876.679999,-0.0005275268029325542,-0.00015541523897991523,-0.5889519414301846,,,,,,,,,
2022-08-17 00:00:00+00:00,,,,1832.62,1833.829469,-0.0006595318814783813,-0.00028670661281634695,-0.8854410350121331,,,,,,,,,
2022-08-18 00:00:00+00:00,,,,1845.72,1846.716466,-0.0005395879759270139,-0.00036370498115112504,-0.5277608324467071,,,,,,,,,
2022-08-19 00:00:00+00:00,,,,1608.08,1608.986446,-0.0005633645965467116,-0.0004370087798739121,-0.5426719743973879,,,,,,,,,
2022-08-20 00:00:00+00:00,,,,1574.43,1575.919999,-0.0009454788320126806,-0.0005730601380054466,-1.5048402622185926,,,,,,,,,
2022-08-21 00:00:00+00:00,,,,1617.05,1618.137721,-0.0006722054531476118,-0.0006237277999590063,-0.743175417281226,,,,,,,,,
2022-08-22 00:00:00+00:00,,,,1624.54,1624.698378,-9.748147849764077e-05,-0.0005721681457917992,0.7910931915619572,,,,,,,,,
2022-08-23 00:00:00+00:00,,,,1664.07,1664.980501,-0.0005468538517137134,-0.0005749291527605362,-0.41305851989948317,,,,,,,,,
2022-08-24 00:00:00+00:00,,,,1656.08,1656.573745,-0.0002980519288623418,-0.0005232891595296733,0.20497204735910665,,,,,,,,,
2022-08-25 00:00:00+00:00,,,,1695.18,1695.144626,2.086783596966235e-05,-0.00044322404354443394,1.1488757252286426,,,,,,,,,
2022-08-26 00:00:00+00:00,,,,1507.08,1508.463333,-0.0009170478126563353,-0.0004937502172743802,-1.741857509011511,,,,,,,,,
2022-08-27 00:00:00+00:00,,,,1490.74,1491.057044,-0.00021263036265162238,-0.000389057578794229,0.4354279657092392,,,,,,,,,
2022-08-28 00:00:00+00:00,,,,1425.6,1426.686367,-0.0007614616815078135,-0.0004018084685599721,-1.2029391035087997,,,,,,,,,
2022-08-29 00:00:00+00:00,,,,1552.17,1552.488316,-0.00020503600363319663,-0.00041717340072219437,0.48695272366457204,,,,,,,,,
2022-08-30 00:00:00+00:00,,,,1523.46,1524.349938,-0.0005838147644546821,-0.0004224535311137613,-0.6209275618519045,,,,,,,,,
2022-08-31 00:00:00+00:00,,,,1553.74,1554.247063,-0.00032624349890764126,-0.0004264808982630898,0.1276917928342675,,,,,,,,,
2022-09-01 00:00:00+00:00,,,,1585.38,1585.866666,-0.0003068769969339913,-0.00047330158867789747,0.1762795775961849,,,,,,,,,
2022-09-02 00:00:00+00:00,,,,1574.06,1575.365619,-0.0008287720540891552,-0.0004606907660254432,-1.362153830317505,,,,,,,,,
2022-09-03 00:00:00+00:00,,,,1556.2,1557.463333,-0.0008111478281587203,-0.0005461932610978858,-1.2822249571826616,,,,,,,,,
2022-09-04 00:00:00+00:00,,,,1578.34,1579.283333,-0.0005973171376463249,-0.0005227440405462445,-0.6065173288293532,,,,,,,,,
2022-09-05 00:00:00+00:00,,,,1617.34,1617.395735,-3.4459717429768943e-05,-0.0004983759996600405,1.1214845819822619,,,,,,,,,
2022-09-06 00:00:00+00:00,,,,1557.75,1558.934904,-0.000760072788773658,-0.0005235557174198943,-1.071535987666995,,,,,,,,,
2022-09-07 00:00:00+00:00,,,,1629.97,1629.878982,5.584340985143044e-05,-0.0004689718733114555,1.4196858365335607,,,,,,,,,
2022-09-08 00:00:00+00:00,,,,1634.58,1635.266666,-0.0004199107180969941,-0.000485119547763313,-0.05104479548255651,,,,,,,,,
2022-09-09 00:00:00+00:00,,,,1718.1,1718.283333,-0.00010669544217722926,-0.0003819657460616093,1.008146983626485,,,,,,,,,
2022-09-10 00:00:00+00:00,,,,1773.97,1773.923084,2.644759540215702e-05,-0.00026230925698148396,1.4337974900298365,,,,,,,,,
2022-09-11 00:00:00+00:00,,,,1766.04,1766.220449,-0.00010216674826868388,-0.0001915734870703924,1.0279250497274808,,,,,,,,,
2022-09-12 00:00:00+00:00,,,,1715.67,1716.525361,-0.0004983095615328503,-0.00025783775051368973,-0.22066523142593997,,,,,,,,,
2022-09-13 00:00:00+00:00,,,,1571.77,1574.439042,-0.0016952336221347508,-0.00039143215527956014,-3.256718504874908,,,,,,,,,
2022-09-14 00:00:00+00:00,,,,1635.46,1638.225096,-0.0016878608481528667,-0.0006405327635658883,-2.6927420938884365,,,,,,,,,
2022-09-15 00:00:00+00:00,,,,1470.88,1472.300608,-0.0009648899092215002,-0.0007183869337265321,-0.9751095269247468,,,,,,,,,
2022-09-16 00:00:00+00:00,,,,1433.43,1434.386759,-0.0006670160568597039,-0.0007984327358240284,-0.2993903990694769,,,,,,,,,
2022-09-17 00:00:00+00:00,,,,1467.56,1468.78997,-0.0008374035941980384,-0.0009218400486240563,-0.657860302838246,,,,,,,,,
2022-09-18 00:00:00+00:00,,,,1333.11,1334.421578,-0.0009828812885098737,-0.0010476564115156548,-0.9384511427960357,,,,,,,,,
2022-09-19 00:00:00+00:00,,,,1374.76,1375.826796,-0.0007753853923340159,-0.0010872386730586786,-0.496181922290007,,,,,,,,,
2022-09-20 00:00:00+00:00,,,,1322.22,1323.238281,-0.0007695371382623328,-0.0009549963182197617,-0.47456531346456887,,,,,,,,,
2022-09-21 00:00:00+00:00,,,,1244.39,1245.818375,-0.0011465355052255877,-0.0008776641263730075,-1.2255142090940698,,,,,,,,,
2022-09-22 00:00:00+00:00,,,,1325.89,1326.484364,-0.0004480746370861821,-0.0008038333732108192,0.308521054537944,,,,,,,,,
2022-09-23 00:00:00+00:00,,,,1326.79,1327.014306,-0.00016903058164929874,-0.0007326925910379042,0.9071780966294841,,,,,,,,,
2022-09-24 00:00:00+00:00,,,,1315.83,1317.079405,-0.0009486178246026489,-0.0007485803382385628,-0.7437852976007765,,,,,,,,,
2022-09-25 00:00:00+00:00,,,,1294.15,1294.779999,-0.00048656837492588867,-0.0006776784934408507,0.2593521830477817,,,,,,,,,
2022-09-26 00:00:00+00:00,,,,1336.27,1336.318222,-3.6085716116240896e-05,-0.0005720642539811685,1.2426147975437443,,,,,,,,,
2022-09-27 00:00:00+00:00,,,,1326.97,1328.084778,-0.0008393876795114164,-0.0005820429027310377,-0.5334671050088917,,,,,,,,,
2022-09-28 00:00:00+00:00,,,,1337.06,1337.211785,-0.00011350857186775976,-0.0004344676265370622,1.0597153823651089,,,,,,,,,
2022-09-29 00:00:00+00:00,,,,1335.24,1335.655663,-0.0003112052091827078,-0.00041491485112228014,0.6010634376237067,,,,,,,,,
2022-09-30 00:00:00+00:00,,,,1328.36,1328.679999,-0.0002408397810164109,-0.00042517330817472477,0.7454373996335778,,,,,,,,,
2022-10-01 00:00:00+00:00,,,,1310.94,1311.816699,-0.0006683090714336704,-0.00038512920057915637,-0.15938089850429635,,,,,,,,,
2022-10-02 00:00:00+00:00,,,,1275.72,1276.682566,-0.0007539587565731365,-0.0004233278265287632,-0.353184740743396,,,,,,,,,
2022-10-03 00:00:00+00:00,,,,1323.19,1323.148973,3.1007090537160664e-05,-0.0004137431398639916,1.2744466809676678,,,,,,,,,
2022-10-04 00:00:00+00:00,,,,1361.23,1361.416666,-0.00013711158726192885,-0.0003134179838283505,0.8701896645238965,,,,,,,,,
2022-10-05 00:00:00+00:00,,,,1352.33,1352.361007,-2.292804941839144e-05,-0.0003004779091927264,1.1092444493220217,,,,,,,,,
2022-10-06 00:00:00+00:00,,,,1352.25,1352.26299,-9.60611959066604e-06,-0.00025739232496529193,1.0661444210780673,,,,,,,,,
2022-10-07 00:00:00+00:00,,,,1330.32,1331.026267,-0.0005306183788482688,-0.0002987892675127002,0.027915702483264904,,,,,,,,,
2022-10-08 00:00:00+00:00,,,,1314.59,1315.443455,-0.0006487964167187776,-0.0002960017454105727,-0.20735662950357633,,,,,,,,,
2022-10-09 00:00:00+00:00,,,,1322.55,1323.196666,-0.0004887149556951353,-0.0002581097738565725,0.16300366656221082,,,,,,,,,
2022-10-10 00:00:00+00:00,,,,1289.21,1290.093333,-0.0006847047243828674,-0.00036035431884514794,-0.21569577728361497,,,,,,,,,
2022-10-11 00:00:00+00:00,,,,1279.23,1280.086666,-0.000669225000739071,-0.00043637052077045394,-0.14210343620694282,,,,,,,,,
2022-10-12 00:00:00+00:00,,,,1293.77,1294.520873,-0.0005800393146692118,-0.000515957844377714,0.06688937298360745,,,,,,,,,
2022-10-13 00:00:00+00:00,,,,1287.21,1287.339176,-0.00010034340786646556,-0.0005289203141313996,1.145209205008743,,,,,,,,,
2022-10-14 00:00:00+00:00,,,,1295.7,1296.508681,-0.0006237374356615755,-0.0005422230365333006,-0.30594589367527447,,,,,,,,,
2022-10-15 00:00:00+00:00,,,,1273.97,1274.981006,-0.0007929576952457884,-0.0005628175048943021,-0.8420099481336241,,,,,,,,,
2022-10-16 00:00:00+00:00,,,,1305.88,1305.913333,-2.552466473659809e-05,-0.0004966474633287968,1.3750870197778529,,,,,,,,,
2022-10-17 00:00:00+00:00,,,,1331.26,1331.376666,-8.762809427209639e-05,-0.00041135080188440095,1.114635606762975,,,,,,,,,
2022-10-18 00:00:00+00:00,,,,1309.88,1310.761481,-0.0006724953492891483,-0.000411817994534412,-0.6483815265275407,,,,,,,,,
2022-10-19 00:00:00+00:00,,,,1284.18,1285.109999,-0.0007236726822790196,-0.0004323370470500988,-0.8124406509742117,,,,,,,,,
2022-10-20 00:00:00+00:00,,,,1281.99,1282.799999,-0.0006314304651009461,-0.0005082066266550246,-0.5518373083369995,,,,,,,,,
2022-10-21 00:00:00+00:00,,,,1298.81,1299.65824,-0.0006526638880079982,-0.0005123389769902279,-0.722988476166056,,,,,,,,,
2022-10-22 00:00:00+00:00,,,,1313.59,1313.664672,-5.684251208981639e-05,-0.0004071796651108033,1.186800941482156,,,,,,,,,
2022-10-23 00:00:00+00:00,,,,1363.91,1364.147672,-0.00017422747176010223,-0.00042842292325701817,0.8067723772794523,,,,,,,,,
2022-10-24 00:00:00+00:00,,,,1343.47,1343.623333,-0.00011411903636537879,-0.00043220734355605854,0.9475465751746934,,,,,,,,,
2022-10-25 00:00:00+00:00,,,,1460.05,1459.773477,0.00018942870545113344,-0.00030907533573601827,1.7876830300423296,,,,,,,,,
2022-10-26 00:00:00+00:00,,,,1566.17,1565.933281,0.00015116799858083674,-0.00018409809561318165,1.6019697573853773,,,,,,,,,
2022-10-27 00:00:00+00:00,,,,1513.82,1514.054777,-0.00015506506340889903,-0.00011604589537146064,0.6026929538111002,,,,,,,,,
2022-10-28 00:00:00+00:00,,,,1554.69,1554.620772,4.453047408525812e-05,-1.6446700786709734e-05,1.2044980674855505,,,,,,,,,
2022-10-29 00:00:00+00:00,,,,1619.37,1619.569999,-0.0001234889508472392,-2.596762060919871e-05,0.6508811054355956,,,,,,,,,
2022-10-30 00:00:00+00:00,,,,1590.03,1590.416666,-0.00024312245228952367,-3.580976068483034e-05,0.27727062884009235,,,,,,,,,
2022-10-31 00:00:00+00:00,,,,1572.44,1572.720782,-0.00017853264432798888,-4.501170467948893e-05,0.43533392235980894,,,,,,,,,
2022-11-01 00:00:00+00:00,,,,1578.55,1578.588396,-2.432299648058578e-05,-7.554766209830596e-05,0.8672426126272693,,,,,,,,,
2022-11-02 00:00:00+00:00,,,,1517.11,1518.299999,-0.0007837706650754006,-0.0002091103283349113,-1.4813174363346473,,,,,,,,,
2022-11-03 00:00:00+00:00,,,,1530.12,1530.973333,-0.0005573794014608335,-0.0002665838051994734,-0.7138900574627913,,,,,,,,,
2022-11-04 00:00:00+00:00,,,,1645.0,1644.893333,6.48473660025406e-05,-0.000263681392068433,1.2376981175356732,,,,,,,,,
2022-11-05 00:00:00+00:00,,,,1627.19,1627.178408,7.123988336577014e-06,-0.0002450224007564593,1.0527865159022898,,,,,,,,,
2022-11-06 00:00:00+00:00,,,,1567.54,1568.392359,-0.0005434603115150871,-0.000287927809217254,-0.6704008261761004,,,,,,,,,
2022-11-07 00:00:00+00:00,,,,1566.72,1567.819923,-0.0007015620760165708,-0.00036264629945848004,-1.1527551069655904,,,,,,,,,
2022-11-08 00:00:00+00:00,,,,1332.81,1334.19324,-0.0010367613614952198,-0.0005072803516034277,-1.9905027960546413,,,,,,,,,
2022-11-09 00:00:00+00:00,,,,1100.54,1102.23439,-0.0015372320219477764,-0.0006149176882994814,-2.8700171545732784,,,,,,,,,
2022-11-10 00:00:00+00:00,,,,1298.75,1299.577904,-0.0006370560760164956,-0.0006263000703788617,-0.6457152952781211,,,,,,,,,
2022-11-11 00:00:00+00:00,,,,1288.31,1288.23804,5.5859241666178505e-05,-0.0006275840881411991,1.006077882135124,,,,,,,,,
2022-11-12 00:00:00+00:00,,,,1256.28,1257.249999,-0.0007715243593330312,-0.0007388195663797147,-0.9537560735925656,,,,,,,,,
2022-11-13 00:00:00+00:00,,,,1220.95,1221.577089,-0.0005133437796489559,-0.000734517204684553,-0.3386298190666424,,,,,,,,,
2022-11-14 00:00:00+00:00,,,,1242.01,1243.005837,-0.0008011523118857111,-0.0007487443812372874,-1.0375323661786744,,,,,,,,,
2022-11-15 00:00:00+00:00,,,,1252.97,1253.302508,-0.0002653054612733463,-0.0006385363954913055,0.28811346664564397,,,,,,,,,
2022-11-16 00:00:00+00:00,,,,1214.91,1216.135228,-0.0010074767770809068,-0.0005628570747960383,-1.4216792862061434,,,,,,,,,
2022-11-17 00:00:00+00:00,,,,1199.89,1200.587598,-0.0005810471482148305,-0.0005548557993958005,-0.4105952205432085,,,,,,,,,
2022-11-18 00:00:00+00:00,,,,1212.33,1212.772425,-0.0003648046334827626,-0.0006149506387027921,0.08074010159979582,,,,,,,,,
2022-11-19 00:00:00+00:00,,,,1217.63,1217.76327,-0.00010943834756960147,-0.0005203669227365878,0.656637400291556,,,,,,,,,
2022-11-20 00:00:00+00:00,,,,1141.64,1142.726378,-0.000950689527182691,-0.0005828448866699785,-1.3230363629808148,,,,,,,,,
2022-11-21 00:00:00+00:00,,,,1106.54,1107.336945,-0.0007196951240527882,-0.0005712081455509896,-0.7264073088793513,,,,,,,,,
2022-11-22 00:00:00+00:00,,,,1138.52,1139.28,-0.0006670879853942768,-0.0006286056489968368,-0.5630596268045339,,,,,,,,,
2022-11-23 00:00:00+00:00,,,,1183.95,1184.461348,-0.000431713538701306,-0.000546353757799751,0.019174929488688815,,,,,,,,,
2022-11-24 00:00:00+00:00,,,,1203.7,1203.899999,-0.0001661259242180524,-0.0004870792972287826,0.7052771562440918,,,,,,,,,
2022-11-25 00:00:00+00:00,,,,1198.3,1198.915757,-0.0005135948847154737,-0.0005083350474048842,-0.10257418346787871,,,,,,,,,
2022-11-26 00:00:00+00:00,,,,1205.2,1205.626666,-0.0003538956229421908,-0.0005432575153152541,0.3289119577763246,,,,,,,,,
2022-11-27 00:00:00+00:00,,,,1193.47,1193.668715,-0.0001664741628082389,-0.0004312267489760467,0.8525290859598578,,,,,,,,,
2022-11-28 00:00:00+00:00,,,,1167.86,1167.94019,-6.865933776978306e-05,-0.0003382216366499031,1.101785751286044,,,,,,,,,
2022-11-29 00:00:00+00:00,,,,1216.26,1216.566592,-0.00025201415361564283,-0.0002789253749672411,0.6183372004662653,,,,,,,,,
2022-11-30 00:00:00+00:00,,,,1294.72,1294.566666,0.00011844426712603884,-0.00020033140270619182,1.5232639635706902,,,,,,,,,
2022-12-01 00:00:00+00:00,,,,1276.31,1276.455978,-0.0001143619541260632,-0.00019293654983590765,0.9422396438921854,,,,,,,,,
2022-12-02 00:00:00+00:00,,,,1295.06,1295.124362,-4.969561370982145e-05,-0.00012666522540652876,1.0373837895268372,,,,,,,,,
2022-12-03 00:00:00+00:00,,,,1239.71,1240.509999,-0.0006448952452177137,-0.00016823660001731775,-0.47903529511280196,,,,,,,,,
2022-12-04 00:00:00+00:00,,,,1278.98,1279.356195,-0.0002940502429817915,-0.00018646175432782526,0.4612301678456229,,,,,,,,,
2022-12-05 00:00:00+00:00,,,,1258.77,1259.547177,-0.0006170288927573875,-0.00026480026218319734,-0.3426789751109408,,,,,,,,,
2022-12-06 00:00:00+00:00,,,,1271.39,1271.232237,0.00012410242236504665,-0.00021106932275738455,1.5317459078747884,,,,,,,,,
2022-12-07 00:00:00+00:00,,,,1230.59,1231.139999,-0.00044673960755625686,-0.0002918098762834268,0.033096585468581054,,,,,,,,,
2022-12-08 00:00:00+00:00,,,,1280.0,1280.186666,-0.00014581154839188315,-0.0002963026754642582,0.7631197403242628,,,,,,,,,
2022-12-09 00:00:00+00:00,,,,1262.94,1262.989615,-3.928377510842296e-05,-0.0002948152699497727,1.0832469657579817,,,,,,,,,
2022-12-10 00:00:00+00:00,,,,1265.93,1266.335,-0.0003198205846004498,-0.000248376032718735,0.15905722986663967,,,,,,,,,
2022-12-11 00:00:00+00:00,,,,1263.28,1263.412315,-0.00010472828104424181,-0.00022133003815622793,0.8863481195216176,,,,,,,,,
2022-12-12 00:00:00+00:00,,,,1275.08,1275.23757,-0.0001235612906229644,-0.0001508346664227389,0.7692419311249633,,,,,,,,,
2022-12-13 00:00:00+00:00,,,,1321.59,1320.756117,0.0006313678878839823,-7.836817134860523e-05,2.731680631159117,,,,,,,,,
2022-12-14 00:00:00+00:00,,,,1308.18,1307.853103,0.00024994932477540033,2.1158818984488648e-05,1.5194475473442155,,,,,,,,,
2022-12-15 00:00:00+00:00,,,,1265.72,1266.46294,-0.0005866259300093546,-4.1814664103721556e-05,-0.8386138753270095,,,,,,,,,
2022-12-16 00:00:00+00:00,,,,1166.44,1166.684216,-0.00020932485127578282,-6.61062464133444e-05,0.16730567771155488,,,,,,,,,
2022-12-17 00:00:00+00:00,,,,1186.05,1187.065601,-0.0008555559180086769,-0.00014263986547166256,-1.7179700781762797,,,,,,,,,
2022-12-18 00:00:00+00:00,,,,1182.08,1183.05,-0.0008199146274460167,-0.00024480934352905895,-1.505361469039001,,,,,,,,,
2022-12-19 00:00:00+00:00,,,,1166.86,1167.737928,-0.0007518193756913538,-0.0003345604985388289,-1.2236493175077787,,,,,,,,,
2022-12-20 00:00:00+00:00,,,,1217.04,1217.063466,-1.928083510482903e-05,-0.0004275103161086591,0.753876822826126,,,,,,,,,
2022-12-21 00:00:00+00:00,,,,1213.84,1213.836666,2.746662786989873e-06,-0.00046282498210700344,0.7628142949706135,,,,,,,,,
2022-12-22 00:00:00+00:00,,,,1217.15,1217.664829,-0.0004228002548309906,-0.00043942131422438003,-0.5349293657702143,,,,,,,,,
2022-12-23 00:00:00+00:00,,,,1219.34,1220.087147,-0.000612371830845948,-0.000496999454162975,-1.0747975338219995,,,,,,,,,
2022-12-24 00:00:00+00:00,,,,1220.18,1220.619999,-0.00036047172777797787,-0.0004262731412728752,-0.30320991465784497,,,,,,,,,
2022-12-25 00:00:00+00:00,,,,1217.81,1218.523333,-0.0005854077477892572,-0.00039277215846476664,-0.9612411826866075,,,,,,,,,
2022-12-26 00:00:00+00:00,,,,1227.59,1227.571124,1.5376705781777744e-05,-0.0002831727182543193,0.7764518252169869,,,,,,,,,
2022-12-27 00:00:00+00:00,,,,1211.18,1211.632466,-0.0003734350248089102,-0.0003337661739263309,-0.34500396328075256,,,,,,,,,
2022-12-28 00:00:00+00:00,,,,1190.02,1190.203333,-0.00015403502487076892,-0.0003561635578774393,0.3082573443996882,,,,,,,,,
2022-12-29 00:00:00+00:00,,,,1200.35,1200.596666,-0.0002054528443943271,-0.0003251139278150588,0.15219196438685376,,,,,,,,,
2022-12-30 00:00:00+00:00,,,,1199.43,1199.983333,-0.0004611172378673478,-0.0003035061288181159,-0.5528140392875214,,,,,,,,,
2022-12-31 00:00:00+00:00,,,,1195.66,1196.257963,-0.0004998612494083732,-0.0003234189176224581,-0.6285262065066789,,,,,,,,,
2023-01-01 00:00:00+00:00,,,,1199.98,1200.323774,-0.000286401058986252,-0.0002807036763648859,0.03256068137952419,,,,,,,,,
2023-01-02 00:00:00+00:00,,,,1214.11,1214.063333,3.8438686624786556e-05,-0.0002774091076730275,0.9461515617338504,,,,,,,,,
2023-01-03 00:00:00+00:00,,,,1213.86,1214.556666,-0.0005735969506424077,-0.0003060036685063843,-0.8648156663474493,,,,,,,,,
2023-01-04 00:00:00+00:00,,,,1257.01,1256.789971,0.00017507221180723676,-0.0002589883489809549,1.274923143695278,,,,,,,,,
2023-01-05 00:00:00+00:00,,,,1251.07,1251.233333,-0.000130537602933245,-0.00024828617162937175,0.40700841757087325,,,,,,,,,
2023-01-06 00:00:00+00:00,,,,1268.82,1268.996202,-0.00013885147939951548,-0.00020224820613396716,0.3522118174127263,,,,,,,,,
2023-01-07 00:00:00+00:00,,,,1263.87,1264.027052,-0.00012424734087101985,-0.00014858907634291669,0.3937919236258237,,,,,,,,,
2023-01-08 00:00:00+00:00,,,,1289.88,1289.925164,-3.501288389462509e-05,-0.00011267647990125569,0.662225123408506,,,,,,,,,
2023-01-09 00:00:00+00:00,,,,1320.69,1320.454149,0.00017861354760317916,-9.265149976148532e-05,1.2229479408445536,,,,,,,,,
2023-01-10 00:00:00+00:00,,,,1335.29,1335.284099,4.4192842589829695e-06,-1.0077751918429506e-05,0.6968566458945676,,,,,,,,,
2023-01-11 00:00:00+00:00,,,,1389.8,1389.247397,0.000397771484901277,2.1736429952147673e-05,1.7016782872595715,,,,,,,,,
2023-01-12 00:00:00+00:00,,,,1416.33,1415.839095,0.00034672372145494457,8.991661915046047e-05,1.6789224397573221,,,,,,,,,
2023-01-13 00:00:00+00:00,,,,1450.77,1450.805622,-2.455325472960901e-05,0.0001062449369604471,0.6364283744122086,,,,,,,,,
2023-01-14 00:00:00+00:00,,,,1550.38,1549.661709,0.0004635147115197302,0.00019021094444483997,1.9061048497964792,,,,,,,,,
2023-01-15 00:00:00+00:00,,,,1553.04,1552.366666,0.00043374675245710925,0.000257176606780802,1.6694493764538685,,,,,,,,,
2023-01-16 00:00:00+00:00,,,,1576.59,1576.485954,6.599868507284334e-05,0.00024108876927646833,0.6189494090150301,,,,,,,,,
2023-01-17 00:00:00+00:00,,,,1565.41,1564.983988,0.00027221492569040606,0.00027934528948095734,1.1623218691404853,,,,,,,,,
2023-01-18 00:00:00+00:00,,,,1511.84,1511.840075,-4.960842181489511e-08,0.00022251370472051564,0.2823667265059911,,,,,,,,,
2023-01-19 00:00:00+00:00,,,,1551.28,1551.201737,5.045314102813947e-05,0.00018018933608811492,0.4375300800269447,,,,,,,,,
2023-01-20 00:00:00+00:00,,,,1658.86,1658.982579,-7.388805738628434e-05,0.00017314150713716131,0.043537195718284676,,,,,,,,,
2023-01-21 00:00:00+00:00,,,,1627.78,1626.679999,0.0006762245805420619,0.0002035286312832087,2.1908700197235076,,,,,,,,,
2023-01-22 00:00:00+00:00,,,,1627.67,1627.342651,0.00020115554631283672,0.00017030131611974118,0.7084118470369275,,,,,,,,,
2023-01-23 00:00:00+00:00,,,,1627.15,1626.24878,0.0005541710537055877,0.00024004022592441894,1.6709138560702226,,,,,,,,,
2023-01-24 00:00:00+00:00,,,,1555.56,1556.013333,-0.00029134261923458027,0.00015953200522084949,-0.9833650376626373,,,,,,,,,
2023-01-25 00:00:00+00:00,,,,1611.57,1611.124198,0.0002767024420298192,0.00019906801242822577,0.7930511598023293,,,,,,,,,
2023-01-26 00:00:00+00:00,,,,1601.52,1601.137425,0.00023893951513875855,0.00022599463730117137,0.6230755795601713,,,,,,,,,
2023-01-27 00:00:00+00:00,,,,1597.74,1597.463079,0.00017335048530409125,0.00026131442911408217,0.37808082529034776,,,,,,,,,
2023-01-28 00:00:00+00:00,,,,1571.89,1572.256666,-0.0002332100145790994,0.00013139520123963053,-0.9346526221862819,,,,,,,,,
2023-01-29 00:00:00+00:00,,,,1646.17,1645.198268,0.0005906473516905653,0.00018703688772216318,1.6213505075124681,,,,,,,,,
2023-01-30 00:00:00+00:00,,,,1565.6,1566.192524,-0.00037832130528048236,5.382369358129603e-05,-1.5727259584920765,,,,,,,,,
2023-01-31 00:00:00+00:00,,,,1585.19,1585.389999,-0.00012615129408288794,7.742245431725208e-05,-0.7668260112173793,,,,,,,,,
2023-02-01 00:00:00+00:00,,,,1642.1,1641.635,0.00028325419475083713,7.835841899168321e-05,0.5888086451319522,,,,,,,,,
2023-02-02 00:00:00+00:00,,,,1643.87,1643.268291,0.00036616601397065907,9.653363311052614e-05,0.8357670976174305,,,,,,,,,
2023-02-03 00:00:00+00:00,,,,1663.29,1663.533333,-0.0001462747966469724,5.0872878546088475e-05,-0.9984568187056844,,,,,,,,,
2023-02-04 00:00:00+00:00,,,,1666.75,1666.458728,0.0001747850067366219,0.00010915788159119153,0.13097858698943662,,,,,,,,,
2023-02-05 00:00:00+00:00,,,,1628.77,1629.203568,-0.0002661226678579709,-1.3237835487170787e-05,-1.4486847181097662,,,,,,,,,
2023-02-06 00:00:00+00:00,,,,1613.53,1614.461251,-0.0005768184274619337,-4.159456722737812e-05,-2.302270863566572,,,,,,,,,
2023-02-07 00:00:00+00:00,,,,1671.07,1670.858374,0.00012665705441761155,-5.479088870163906e-06,0.004530028995015095,,,,,,,,,
2023-02-08 00:00:00+00:00,,,,1650.01,1650.430246,-0.0002546281498526648,-8.231942381352133e-05,-1.183353751482123,,,,,,,,,
2023-02-09 00:00:00+00:00,,,,1544.54,1545.349278,-0.0005236861410692351,-0.0002094411602477919,-1.8724089430330169,,,,,,,,,
2023-02-10 00:00:00+00:00,,,,1512.38,1513.347402,-0.0006392464801681097,-0.00027986568646509724,-1.9930255101012273,,,,,,,,,
2023-02-11 00:00:00+00:00,,,,1537.52,1538.610234,-0.0007085836139056889,-0.00040606120369971306,-1.9651098261927158,,,,,,,,,
2023-02-12 00:00:00+00:00,,,,1514.49,1515.169539,-0.0004484904048747129,-0.00043211373755924765,-1.1975279006270723,,,,,,,,,
2023-02-13 00:00:00+00:00,,,,1504.28,1505.219679,-0.000624280304801994,-0.0004388940057506848,-1.534517196881938,,,,,,,,,
2023-02-14 00:00:00+00:00,,,,1554.92,1555.623333,-0.0004521229433114282,-0.000521576862569119,-1.0231642521613455,,,,,,,,,
2023-02-15 00:00:00+00:00,,,,1675.35,1674.946889,0.00024067091478974234,-0.0004508198533344895,0.7469184066811805,,,,,,,,,
2023-02-16 00:00:00+00:00,,,,1639.09,1637.764635,0.0008092524235021603,-0.00026040005839571875,2.0205299537961334,,,,,,,,,
2023-02-17 00:00:00+00:00,,,,1694.33,1693.736666,0.0003503106544897605,-0.00011903475344459442,0.8788527748665025,,,,,,,,,
2023-02-18 00:00:00+00:00,,,,1692.11,1691.650662,0.00027153242115418585,2.0981822992530548e-05,0.669876577282491,,,,,,,,,
2023-02-19 00:00:00+00:00,,,,1681.36,1680.279999,0.0006427506133754868,0.00017687339702827338,1.4309689094203062,,,,,,,,,
2023-02-20 00:00:00+00:00,,,,1703.18,1703.460476,-0.00016465072360150046,0.000242534765771201,-0.3458522328141768,,,,,,,,,
2023-02-21 00:00:00+00:00,,,,1658.75,1659.686203,-0.0005640843421531594,0.00022654028022238228,-1.2001914619631506,,,,,,,,,
2023-02-22 00:00:00+00:00,,,,1642.27,1643.106666,-0.0005091976177278301,0.00011941620414844336,-1.0085516552633196,,,,,,,,,
2023-02-23 00:00:00+00:00,,,,1649.73,1650.479999,-0.0004544126559875572,-6.1107378635802e-05,-0.8597567150785751,,,,,,,,,
2023-02-24 00:00:00+00:00,,,,1606.96,1607.698914,-0.0004596096903254354,-0.00017681028503797286,-0.815387911201575,,,,,,,,,
2023-02-25 00:00:00+00:00,,,,1593.92,1594.659999,-0.00046404813594369543,-0.0002818932217662416,-0.772046064697755,,,,,,,,,
2023-02-26 00:00:00+00:00,,,,1641.38,1641.412332,-1.9697670944562873e-05,-0.0003765286909548201,0.2786950265710562,,,,,,,,,
2023-02-27 00:00:00+00:00,,,,1632.74,1633.586666,-0.0005182865516850654,-0.000427048094966758,-0.8571053443737953,,,,,,,,,
2023-02-28 00:00:00+00:00,,,,1604.58,1604.945,-0.00022742212349957658,-0.00037895349230196044,-0.127333104514215,,,,,,,,,
2023-03-01 00:00:00+00:00,,,,1664.94,1664.934207,3.4794167695917366e-06,-0.0003057139159451859,0.4068531202312687,,,,,,,,,
2023-03-02 00:00:00+00:00,,,,1647.27,1647.939999,-0.0004065675937270363,-0.00029887890705082576,-0.5712998404800611,,,,,,,,,
2023-03-03 00:00:00+00:00,,,,1568.5,1569.286389,-0.0005011124836820091,-0.0003048078775303363,-0.7470532419956555,,,,,,,,,
2023-03-04 00:00:00+00:00,,,,1565.61,1566.740989,-0.0007218736268091996,-0.0003416400905111226,-1.2126124166517716,,,,,,,,,
2023-03-05 00:00:00+00:00,,,,1563.62,1564.535,-0.000584838306589619,-0.0004223744670318449,-0.8258551265958124,,,,,,,,,
2023-03-06 00:00:00+00:00,,,,1564.96,1565.828917,-0.0005549246093019544,-0.00042760847526282904,-0.7000926042421186,,,,,,,,,
2023-03-07 00:00:00+00:00,,,,1560.97,1561.895627,-0.0005926305087222694,-0.00047978110172321376,-0.7588663251010663,,,,,,,,,
2023-03-08 00:00:00+00:00,,,,1532.27,1532.536395,-0.00017382621441763835,-0.0005051104776071037,0.24056250280662134,,,,,,,,,
2023-03-09 00:00:00+00:00,,,,1436.59,1437.397146,-0.0005615330475966518,-0.0005272483995884773,-0.6708306741793766,,,,,,,,,
2023-03-10 00:00:00+00:00,,,,1426.56,1426.495555,4.517714743235146e-05,-0.00044920702371499733,0.8142216093201341,,,,,,,,,
2023-03-11 00:00:00+00:00,,,,1471.74,1471.913683,-0.00011799808779955345,-0.00036293908957076216,0.37822640439548494,,,,,,,,,
2023-03-12 00:00:00+00:00,,,,1579.55,1579.951278,-0.0002539812496673566,-0.00031567379572472465,0.008541360923580169,,,,,,,,,
2023-03-13 00:00:00+00:00,,,,1674.12,1673.948765,0.00010229405079775766,-0.00022178541571048007,0.848233117934448,,,,,,,,,
2023-03-14 00:00:00+00:00,,,,1700.38,1699.464949,0.0005384347588566207,-6.020466319921004e-05,1.777466016347028,,,,,,,,,
2023-03-15 00:00:00+00:00,,,,1649.12,1649.917225,-0.0004831909067438689,-0.0001043996192458144,-0.7088294022564466,,,,,,,,,
2023-03-16 00:00:00+00:00,,,,1672.45,1673.611116,-0.0006937788527451305,-0.0001232918771241685,-1.181243063812906,,,,,,,,,
2023-03-17 00:00:00+00:00,,,,1789.55,1789.539314,5.971369232415924e-06,-0.00012889270258130216,0.5221908625869555,,,,,,,,,
2023-03-18 00:00:00+00:00,,,,1757.76,1758.772961,-0.0005759475625688459,-0.00019431405611977252,-0.87218194523576,,,,,,,,,
2023-03-19 00:00:00+00:00,,,,1779.94,1780.575445,-0.00035687620077218263,-0.00020901333484903337,-0.2241004528193873,,,,,,,,,
2023-03-20 00:00:00+00:00,,,,1731.33,1732.681031,-0.0007797343976349014,-0.0003350173989108418,-1.3477595545578598,,,,,,,,,
2023-03-21 00:00:00+00:00,,,,1800.9,1801.668591,-0.0004265995443554216,-0.00047287944222684786,-0.2624374474442606,,,,,,,,,
2023-03-22 00:00:00+00:00,,,,1733.24,1734.088162,-0.0004891112335498882,-0.0004737252031991363,-0.43893542192159707,,,,,,,,,
2023-03-23 00:00:00+00:00,,,,1813.53,1813.804897,-0.00015155819705559015,-0.000396265109529202,0.6612526447648486,,,,,,,,,
2023-03-24 00:00:00+00:00,,,,1748.29,1749.759999,-0.0008401146447742924,-0.0005171345401015889,-1.5757904058595775,,,,,,,,,
2023-03-25 00:00:00+00:00,,,,1740.63,1741.954818,-0.0007605352253170494,-0.0005435042062084751,-1.2488997803203554,,,,,,,,,
2023-03-26 00:00:00+00:00,,,,1772.8,1773.867467,-0.0006017738189907362,-0.0005784895802396971,-0.723825966663189,,,,,,,,,
2023-03-27 00:00:00+00:00,,,,1713.48,1715.080904,-0.000933427686277799,-0.0006004457643315396,-1.6377930912321035,,,,,,,,,
2023-03-28 00:00:00+00:00,,,,1772.28,1772.657592,-0.00021300898814535785,-0.0005699328277301019,0.5529311219728066,,,,,,,,,
2023-03-29 00:00:00+00:00,,,,1792.98,1793.133333,-8.551120944444435e-05,-0.0005122756814293242,0.8875972211199082,,,,,,,,,
2023-03-30 00:00:00+00:00,,,,1793.2,1793.435385,-0.00013124810738573967,-0.000509374240047917,0.7355575806149524,,,,,,,,,
2023-03-31 00:00:00+00:00,,,,1821.57,1821.769999,-0.00010978279371709476,-0.0004050411184683173,0.8206745730814305,,,,,,,,,
2023-04-01 00:00:00+00:00,,,,1820.34,1820.764664,-0.00023323387607221413,-0.00032971235429048374,0.4273092002771778,,,,,,,,,
2023-04-02 00:00:00+00:00,,,,1792.86,1794.416666,-0.0008675053177421566,-0.0003676739969692581,-1.405295306411097,,,,,,,,,
2023-04-03 00:00:00+00:00,,,,1810.37,1810.439185,-3.821448440421982e-05,-0.00023978639670160388,0.9531170861435957,,,,,,,,,
2023-04-04 00:00:00+00:00,,,,1869.87,1870.346666,-0.00025485435864114336,-0.00024576430677243036,0.288800474954811,,,,,,,,,
2023-04-05 00:00:00+00:00,,,,1908.49,1908.695751,-0.00010779664589921634,-0.00024894794055168353,0.6765222395262729,,,,,,,,,
2023-04-06 00:00:00+00:00,,,,1870.94,1872.476666,-0.0008206596257792631,-0.0003474353003221869,-1.362215676137437,,,,,,,,,
2023-04-07 00:00:00+00:00,,,,1862.52,1863.835917,-0.000706026205417376,-0.0004326129305650842,-0.970164041758399,,,,,,,,,
2023-04-08 00:00:00+00:00,,,,1847.56,1848.84,-0.000692325999004817,-0.000498197519555456,-0.9104615030792305,,,,,,,,,
2023-04-09 00:00:00+00:00,,,,1857.33,1858.732936,-0.0007547808363579378,-0.00048209402221485335,-1.0166780122864925,,,,,,,,,
2023-04-10 00:00:00+00:00,,,,1909.93,1910.186666,-0.00013436697290813981,-0.0004958300920011276,0.7361545736828604,,,,,,,,,
2023-04-11 00:00:00+00:00,,,,1889.96,1889.834134,6.660161213911664e-05,-0.0004499078104610905,1.241656684355263,,,,,,,,,
2023-04-12 00:00:00+00:00,,,,1917.23,1917.356843,-6.615513458696487e-05,-0.00044395902313076885,0.9078853562840901,,,,,,,,,
2023-04-13 00:00:00+00:00,,,,2012.26,2011.829999,0.00021373625018705766,-0.0002961881837070087,1.8536291337008497,,,,,,,,,
2023-04-14 00:00:00+00:00,,,,2100.37,2099.978101,0.00018662051752493802,-0.00016866722328667816,1.6241013005486382,,,,,,,,,
2023-04-15 00:00:00+00:00,,,,2091.38,2090.579999,0.00038266940293252283,-1.5096451581343904e-05,1.9646783547319062,,,,,,,,,
2023-04-16 00:00:00+00:00,,,,2119.07,2118.829999,0.0001132705314317306,0.000108910886674323,1.2120265536351043,,,,,,,,,
2023-04-17 00:00:00+00:00,,,,2075.31,2074.502956,0.000389030055448103,0.00018368189072521485,1.7703586241403007,,,,,,,,,
2023-04-18 00:00:00+00:00,,,,2104.02,2103.546666,0.00022501711402478364,0.00020631267670888156,1.2662403570758691,,,,,,,,,
2023-04-19 00:00:00+00:00,,,,1934.59,1934.85647,-0.00013772080985419155,0.00019608900881356344,0.32505420734046137,,,,,,,,,
2023-04-20 00:00:00+00:00,,,,1941.29,1942.646666,-0.0006983596264541481,6.578959786481977e-05,-1.0544859993950615,,,,,,,,,
2023-04-21 00:00:00+00:00,,,,1847.74,1848.853671,-0.0006023575675395687,-4.6921557144395465e-05,-0.8007451147509589,,,,,,,,,
2023-04-22 00:00:00+00:00,,,,1872.33,1874.053333,-0.0009195752168063009,-0.0002329565028213703,-1.4655780242383403,,,,,,,,,
2023-04-23 00:00:00+00:00,,,,1860.79,1861.986666,-0.0006426823681668914,-0.000340949774192602,-0.8359252022499074,,,,,,,,,
2023-04-24 00:00:00+00:00,,,,1840.57,1841.83,-0.0006841022244180595,-0.0004942543856020538,-0.9487803284969766,,,,,,,,,
2023-04-25 00:00:00+00:00,,,,1864.69,1866.099999,-0.000755585981863538,-0.0006343405421575283,-1.09757923086418,,,,,,,,,
2023-04-26 00:00:00+00:00,,,,1864.59,1865.95,-0.0007288512553927928,-0.0007187877486630427,-1.073335568723666,,,,,,,,,
2023-04-27 00:00:00+00:00,,,,1907.44,1908.547934,-0.0005805114874311013,-0.0007019523002311789,-0.6723169449224389,,,,,,,,,
2023-04-28 00:00:00+00:00,,,,1889.42,1890.799999,-0.0007298492705362092,-0.0007201654006592705,-0.9735479193192081,,,,,,,,,
2023-04-29 00:00:00+00:00,,,,1906.72,1907.803333,-0.0005678431215949686,-0.0006699179584862229,-0.5458075749422666,,,,,,,,,
2023-04-30 00:00:00+00:00,,,,1866.62,1869.003822,-0.0012754505752958778,-0.0007603134166475067,-2.010538432217963,,,,,,,,,
2023-05-01 00:00:00+00:00,,,,1829.53,1830.609999,-0.0005899667327229352,-0.000746865489262489,-0.4427751185648503,,,,,,,,,
2023-05-02 00:00:00+00:00,,,,1868.38,1869.719003,-0.0007161519981619957,-0.0007412320630194115,-0.7451149454328354,,,,,,,,,
2023-05-03 00:00:00+00:00,,,,1903.83,1904.76668,-0.0004917557671683115,-0.0007073612789873428,-0.20411598666739114,,,,,,,,,
2023-05-04 00:00:00+00:00,,,,1875.64,1877.076666,-0.000765374172521871,-0.0007337702340003098,-0.7850511931965423,,,,,,,,,
2023-05-05 00:00:00+00:00,,,,1993.24,1993.186666,2.675815612751542e-05,-0.0006256834587626349,0.9948703547223204,,,,,,,,,
2023-05-06 00:00:00+00:00,,,,1895.13,1896.245961,-0.000588510680023524,-0.0006286359671095714,-0.4124055625337156,,,,,,,,,
2023-05-07 00:00:00+00:00,,,,1869.77,1870.547618,-0.00041571676257645684,-0.000505816851006797,-0.04113510986906084,,,,,,,,,
2023-05-08 00:00:00+00:00,,,,1846.17,1847.406666,-0.0006694064835641722,-0.0005171653868412594,-0.6263928245304856,,,,,,,,,
2023-05-09 00:00:00+00:00,,,,1845.46,1846.652806,-0.0006459286749108673,-0.0005071334835196696,-0.5842922331193057,,,,,,,,,
2023-05-10 00:00:00+00:00,,,,1839.83,1840.959351,-0.000613457868793521,-0.0005245194980375567,-0.47335697710057345,,,,,,,,,
2023-05-11 00:00:00+00:00,,,,1793.26,1794.345,-0.000604677472838322,-0.0005015628266541926,-0.4088785229140193,,,,,,,,,
2023-05-12 00:00:00+00:00,,,,1805.96,1807.456666,-0.0008280508341659276,-0.000623678396696113,-0.8766800126777218,,,,,,,,,
2023-05-13 00:00:00+00:00,,,,1794.03,1795.026666,-0.0005552374340047628,-0.0006189250758362899,-0.17937653280110363,,,,,,,,,
2023-05-14 00:00:00+00:00,,,,1797.87,1799.240846,-0.0007619024451605005,-0.0006683801733482962,-0.640490532844698,,,,,,,,,
2023-05-15 00:00:00+00:00,,,,1815.03,1816.253333,-0.0006735475595683882,-0.0006689717556346128,-0.3560484322916774,,,,,,,,,
2023-05-16 00:00:00+00:00,,,,1822.93,1824.189999,-0.0006907169761322107,-0.000675370084380519,-0.3511612441312329,,,,,,,,,
2023-05-17 00:00:00+00:00,,,,1820.73,1821.960158,-0.0006751838093707052,-0.0006841880758915453,-0.23451831872532114,,,,,,,,,
2023-05-18 00:00:00+00:00,,,,1799.18,1800.524445,-0.0007466963326898668,-0.000704476484441766,-0.4663514324728315,,,,,,,,,
2023-05-19 00:00:00+00:00,,,,1810.85,1812.239999,-0.0007670060261152356,-0.0006957557975773814,-0.5123149259885017,,,,,,,,,
2023-05-20 00:00:00+00:00,,,,1818.12,1819.443333,-0.0007273285053720491,-0.0007203402363441366,-0.30730763293838065,,,,,,,,,
2023-05-21 00:00:00+00:00,,,,1804.11,1804.837106,-0.00040286516582732634,-0.0006690491964393974,1.2564364541478479,,,,,,,,,
2023-05-22 00:00:00+00:00,,,,1815.89,1817.23,-0.0007373860215822425,-0.0006781689767270909,-0.42163230730308654,,,,,,,,,
2023-05-23 00:00:00+00:00,,,,1854.24,1854.118693,6.542569278766841e-05,-0.0005701485954528225,2.916841019710867,,,,,,,,,
2023-05-24 00:00:00+00:00,,,,1798.4,1799.966666,-0.0008703861185838102,-0.0005980346396261231,-0.9671533077546847,,,,,,,,,
2023-05-25 00:00:00+00:00,,,,1804.26,1805.524481,-0.0007003399916790665,-0.0005914123051960088,-0.27359961056236176,,,,,,,,,
2023-05-26 00:00:00+00:00,,,,1827.4,1827.758218,-0.00019598762925643332,-0.0005098382485018942,1.6581619624280581,,,,,,,,,
2023-05-27 00:00:00+00:00,,,,1829.62,1829.947788,-0.00017912423630306318,-0.0004315233529206105,1.5948234894689575,,,,,,,,,
2023-05-28 00:00:00+00:00,,,,1908.65,1908.781738,-6.901679609416789e-05,-0.00038383072867301645,1.816585991548075,,,,,,,,,
2023-05-29 00:00:00+00:00,,,,1892.11,1892.536727,-0.0002254788474707059,-0.00031070113237136835,1.1898688673105315,,,,,,,,,
2023-05-30 00:00:00+00:00,,,,1900.68,1900.581654,5.174521167927715e-05,-0.00031265548681542424,2.069351409056819,,,,,,,,,
2023-05-31 00:00:00+00:00,,,,1873.38,1873.461276,-4.3382802218050465e-05,-0.00019451215590603,1.587938076673935,,,,,,,,,
2023-06-01 00:00:00+00:00,,,,1861.38,1861.607857,-0.00012239795784219076,-0.00011194900821504776,1.226908450739371,,,,,,,,,
2023-06-02 00:00:00+00:00,,,,1906.19,1906.60992,-0.00022024431720146787,-0.00011541424935005271,0.8562029317415519,,,,,,,,,
2023-06-03 00:00:00+00:00,,,,1892.01,1892.036468,-1.3989159536653695e-05,-9.182352409770849e-05,1.426600293962624,,,,,,,,,
2023-06-04 00:00:00+00:00,,,,1890.08,1889.93938,7.440450285756128e-05,-7.133476710460432e-05,1.6937681903784152,,,,,,,,,
2023-06-05 00:00:00+00:00,,,,1809.3,1810.304047,-0.0005546289318990594,-0.00011835620773722624,-0.3353210490259365,,,,,,,,,
2023-06-06 00:00:00+00:00,,,,1883.68,1884.127222,-0.00023736295234100258,-0.00015965737402583762,0.66322280898576,,,,,,,,,
2023-06-07 00:00:00+00:00,,,,1830.99,1832.180897,-0.0006499887658200088,-0.00024631536882611737,-0.6598952622004407,,,,,,,,,
2023-06-08 00:00:00+00:00,,,,1844.39,1845.702904,-0.0007113300830564606,-0.0003304485295710131,-0.8448888515462578,,,,,,,,,
2023-06-09 00:00:00+00:00,,,,1839.05,1840.453788,-0.000762740150908936,-0.0004079479343863657,-0.9806649551295793,,,,,,,,,
2023-06-10 00:00:00+00:00,,,,1750.1,1751.548354,-0.000826899238432377,-0.0005240779456571833,-1.1369944466865707,,,,,,,,,
2023-06-11 00:00:00+00:00,,,,1751.4,1752.771113,-0.0007822544483022664,-0.000646457795822873,-1.0091752229886042,,,,,,,,,
2023-06-12 00:00:00+00:00,,,,1741.21,1742.582235,-0.0007874721619666181,-0.0006797211144039528,-0.9854792464459803,,,,,,,,,
2023-06-13 00:00:00+00:00,,,,1739.11,1740.11598,-0.000578110891206296,-0.000728399391384709,-0.3693461427223999,,,,,,,,,
2023-06-14 00:00:00+00:00,,,,1649.68,1651.009247,-0.0008051117838469013,-0.0007505598225314079,-1.0452224789966582,,,,,,,,,
2023-06-15 00:00:00+00:00,,,,1665.46,1666.803529,-0.000806051209170433,-0.0007640914119762611,-1.0256076229043027,,,,,,,,,
2023-06-16 00:00:00+00:00,,,,1716.79,1717.833254,-0.0006073080711243017,-0.0007418868291498848,-0.4330604881717805,,,,,,,,,
2023-06-17 00:00:00+00:00,,,,1726.5,1727.764156,-0.0007316716205796325,-0.0007282828837423498,-0.8131563494452411,,,,,,,,,
2023-06-18 00:00:00+00:00,,,,1719.68,1720.952823,-0.0007396036561776453,-0.0007221899134388325,-0.8421741309385523,,,,,,,,,
2023-06-19 00:00:00+00:00,,,,1735.71,1737.056894,-0.0007753885348559253,-0.0007204636809944479,-0.942180337588074,,,,,,,,,
2023-06-20 00:00:00+00:00,,,,1791.56,1791.957082,-0.0002215912445607815,-0.0006695323029022315,0.7135060862147317,,,,,,,,,
2023-06-21 00:00:00+00:00,,,,1888.89,1889.217082,-0.0001731309774383183,-0.0005792493305581482,0.8035318345909372,,,,,,,,,
2023-06-22 00:00:00+00:00,,,,1871.9,1872.025843,-6.722289677274507e-05,-0.00047370242878705,1.15712980101127,,,,,,,,,
2023-06-23 00:00:00+00:00,,,,1892.87,1892.63898,0.000122062370288889,-0.00036950665144230843,1.6087507046705392,,,,,,,,,
2023-06-24 00:00:00+00:00,,,,1874.96,1874.96745,-3.973402311618912e-06,-0.00026554976311830646,1.1467478481048854,,,,,,,,,
2023-06-25 00:00:00+00:00,,,,1898.46,1898.860823,-0.00021108603387087754,-0.00019004724564591107,0.5304175061337537,,,,,,,,,
2023-06-26 00:00:00+00:00,,,,1857.6,1858.979388,-0.0007420136064467675,-0.00018527939873031713,-0.9891786210157704,,,,,,,,,
2023-06-27 00:00:00+00:00,,,,1889.64,1889.577552,3.3048656793210895e-05,-0.00014890226996546106,1.2766843676922703,,,,,,,,,
2023-06-28 00:00:00+00:00,,,,1826.68,1828.002999,-0.0007237400599034993,-0.00022756071031762977,-0.8776431545711766,,,,,,,,,
2023-06-29 00:00:00+00:00,,,,1850.48,1852.026235,-0.000834888281158741,-0.00033722719380134346,-1.1265681853813954,,,,,,,,,
2023-06-30 00:00:00+00:00,,,,1932.91,1933.724759,-0.00042134176345820507,-0.00041485635576521407,0.12435185884564362,,,,,,,,,
2023-07-01 00:00:00+00:00,,,,1923.5,1924.411567,-0.00047368609482079105,-0.0004819581689808101,0.0023200597632373073,,,,,,,,,
2023-07-02 00:00:00+00:00,,,,1937.61,1937.526405,4.3145218451723366e-05,-0.00044563941864900994,1.5096296208117048,,,,,,,,,
2023-07-03 00:00:00+00:00,,,,1955.55,1955.546027,2.031657626577754e-06,-0.0003393472380671035,1.382975444467486,,,,,,,,,
2023-07-04 00:00:00+00:00,,,,1934.95,1936.0396,-0.000562798405569831,-0.0004244682469761095,-0.23707384898453926,,,,,,,,,
2023-07-05 00:00:00+00:00,,,,1909.17,1910.307862,-0.0005956432586780025,-0.0004061687039438956,-0.3343146246361416,,,,,,,,,
2023-07-06 00:00:00+00:00,,,,1845.26,1846.732784,-0.0007975079084316938,-0.00040082865069717463,-0.8984990576300839,,,,,,,,,
2023-07-07 00:00:00+00:00,,,,1869.43,1870.80749,-0.0007363077213251579,-0.0004458237875353107,-0.6970658468481985,,,,,,,,,
2023-07-08 00:00:00+00:00,,,,1863.9,1865.257352,-0.0007277022650760134,-0.00048211181185748534,-0.6682209238530666,,,,,,,,,
2023-07-09 00:00:00+00:00,,,,1861.46,1862.816054,-0.0007279591546830444,-0.0005922695794481665,-0.6743633382617678,,,,,,,,,
2023-07-10 00:00:00+00:00,,,,1878.78,1880.364156,-0.0008424729831959521,-0.0007129130995656707,-1.0232352399245073,,,,,,,,,
2023-07-11 00:00:00+00:00,,,,1877.07,1878.286814,-0.0006478318385298998,-0.0007250607328456805,-0.44345807174492724,,,,,,,,,
2023-07-12 00:00:00+00:00,,,,1870.25,1871.868987,-0.0008649040137124198,-0.0007635265549934545,-1.099071520156589,,,,,,,,,
2023-07-13 00:00:00+00:00,,,,2005.06,2004.430611,0.0003139988965175089,-0.0006047398685721397,2.212102724724528,,,,,,,,,
2023-07-14 00:00:00+00:00,,,,1936.0,1937.708999,-0.0008819688616205079,-0.0006255486029000469,-1.1146460997348082,,,,,,,,,
2023-07-15 00:00:00+00:00,,,,1929.82,1931.233078,-0.0007316972850648362,-0.0006261193200413073,-0.7087677924591964,,,,,,,,,
2023-07-16 00:00:00+00:00,,,,1920.51,1922.199317,-0.0008788459058640674,-0.0006476745702100249,-1.0738022871885278,,,,,,,,,
2023-07-17 00:00:00+00:00,,,,1909.7,1911.161745,-0.0007648463055648369,-0.0006365850448341513,-0.7569278849413931,,,,,,,,,
2023-07-18 00:00:00+00:00,,,,1895.97,1897.337294,-0.0007206383410708339,-0.0006469859737685704,-0.6386317564250138,,,,,,,,,
2023-07-19 00:00:00+00:00,,,,1887.08,1888.608862,-0.0008095175400061327,-0.000639073620381958,-0.8762860381395202,,,,,,,,,
2023-07-20 00:00:00+00:00,,,,1890.27,1891.578078,-0.0006915273629006791,-0.0007827202288702706,-0.5141325389905821,,,,,,,,,
2023-07-21 00:00:00+00:00,,,,1890.28,1891.706729,-0.0007542020008324268,-0.000764467820186259,-0.6376557850441399,,,,,,,,,
2023-07-22 00:00:00+00:00,,,,1864.77,1866.1028,-0.0007142157441700769,-0.0007619704572012934,-0.479496189443946,,,,,,,,,
2023-07-23 00:00:00+00:00,,,,1887.23,1888.739666,-0.0007992980860073162,-0.0007506064829360433,-0.6725947461684647,,,,,,,,,
2023-07-24 00:00:00+00:00,,,,1848.57,1849.947223,-0.000744466103074326,-0.0007476950254373989,-0.4566186213464703,,,,,,,,,
2023-07-25 00:00:00+00:00,,,,1856.33,1857.681901,-0.0007277354638984823,-0.0007487089001270629,-0.3581262940835701,,,,,,,,,
2023-07-26 00:00:00+00:00,,,,1870.48,1871.981529,-0.0008021067391631442,-0.0007476502142923502,-0.5912865888255034,,,,,,,,,
2023-07-27 00:00:00+00:00,,,,1859.76,1861.358882,-0.0008589864187190654,-0.0007715729365521197,-0.73361134940609,,,,,,,,,
2023-07-28 00:00:00+00:00,,,,1872.94,1874.216126,-0.000680885188371283,-0.0007610991062005278,-0.11574627107148967,,,,,,,,,
2023-07-29 00:00:00+00:00,,,,1880.28,1880.440235,-8.521142922690572e-05,-0.0006712413469229318,1.7857909583640557,,,,,,,,,
2023-07-30 00:00:00+00:00,,,,1860.23,1861.799411,-0.0008429538599741271,-0.0006774778860610477,-0.6842112140947093,,,,,,,,,
2023-07-31 00:00:00+00:00,,,,1854.83,1856.24578,-0.0007627114982585725,-0.0006800843710873686,-0.3867850529117024,,,,,,,,,
2023-08-01 00:00:00+00:00,,,,1872.71,1873.529082,-0.0004371867017540776,-0.0006385774050667394,0.822434468761726,,,,,,,,,
2023-08-02 00:00:00+00:00,,,,1838.76,1839.976039,-0.0006608993672878594,-0.0006184049233702701,0.09743193728059218,,,,,,,,,
2023-08-03 00:00:00+00:00,,,,1834.59,1835.924862,-0.0007270787751879615,-0.0005995609742943982,-0.1523741211352725,,,,,,,,,
2023-08-04 00:00:00+00:00,,,,1828.87,1830.255549,-0.0007570248869110952,-0.0006104380740857998,-0.254027327116575,,,,,,,,,
2023-08-05 00:00:00+00:00,,,,1835.59,1836.499882,-0.000495443538503948,-0.0006690426611253773,0.7782058497927269,,,,,,,,,
2023-08-06 00:00:00+00:00,,,,1828.95,1830.326235,-0.0007519069407864176,-0.0006560359583842759,-0.2700750576238712,,,,,,,,,
2023-08-07 00:00:00+00:00,,,,1827.83,1829.088541,-0.0006880700260207817,-0.0006453728909217345,-0.014133137452608842,,,,,,,,,
2023-08-08 00:00:00+00:00,,,,1856.02,1856.241152,-0.00011913969247034917,-0.0005999376038812018,2.058664008198923,,,,,,,,,
2023-08-09 00:00:00+00:00,,,,1854.8,1855.355588,-0.0002994509535494405,-0.0005483021162042848,1.2809275862252494,,,,,,,,,
2023-08-10 00:00:00+00:00,,,,1851.07,1852.464682,-0.0007528791310041916,-0.0005519878813208891,-0.38004603270714843,,,,,,,,,
2023-08-11 00:00:00+00:00,,,,1847.54,1848.816794,-0.0006906006069090642,-0.0005424986984634561,-0.1738660529622169,,,,,,,,,
2023-08-12 00:00:00+00:00,,,,1848.59,1849.94888,-0.0007345500271337402,-0.0005766567682677122,-0.2802597676283661,,,,,,,,,
2023-08-13 00:00:00+00:00,,,,1839.59,1840.788955,-0.0006513267024682579,-0.0005622881627936893,0.10182409211976312,,,,,,,,,
2023-08-14 00:00:00+00:00,,,,1844.75,1845.625205,-0.00047420516236396093,-0.0005317360394141435,0.9521111835841245,,,,,,,,,
2023-08-15 00:00:00+00:00,,,,1827.89,1829.073176,-0.0006468718778039895,-0.0006071263516046635,0.041281858493998305,,,,,,,,,
2023-08-16 00:00:00+00:00,,,,1807.13,1807.750098,-0.00034302197006430557,-0.0006133507825353586,1.4848799142315738,,,,,,,,,
2023-08-17 00:00:00+00:00,,,,1679.98,1681.337223,-0.000807228306989094,-0.0006211149505332017,-0.8082095662040184,,,,,,,,,
2023-08-18 00:00:00+00:00,,,,1660.18,1661.482588,-0.0007839913637421869,-0.0006344564872236479,-0.6998903750953254,,,,,,,,,
2023-08-19 00:00:00+00:00,,,,1668.56,1669.736441,-0.0007045668831995311,-0.0006301731809473322,-0.3037314405373519,,,,,,,,,
2023-08-20 00:00:00+00:00,,,,1683.72,1685.18647,-0.0008702123035678744,-0.0006614425525329917,-1.0877083398865728,,,,,,,,,
2023-08-21 00:00:00+00:00,,,,1666.49,1667.559505,-0.0006413594218336316,-0.0006853217324572304,0.016380086119924246,,,,,,,,,
2023-08-22 00:00:00+00:00,,,,1633.8,1635.013117,-0.0007419616316142186,-0.0006989059830015489,-0.48736142267922006,,,,,,,,,
2023-08-23 00:00:00+00:00,,,,1678.56,1679.84886,-0.0007672475963106384,-0.0007595096438938821,-0.6066108079650178,,,,,,,,,
2023-08-24 00:00:00+00:00,,,,1659.85,1661.164921,-0.000791565595551158,-0.0007572721136884627,-0.7111235807376115,,,,,,,,,
2023-08-25 00:00:00+00:00,,,,1652.73,1653.762823,-0.0006245290954880467,-0.000734491789652157,0.07506607463593909,,,,,,,,,
2023-08-26 00:00:00+00:00,,,,1645.79,1647.0428,-0.0007606359713299149,-0.0007425016593850689,-0.6203237327109189,,,,,,,,,
2023-08-27 00:00:00+00:00,,,,1657.09,1658.299882,-0.0007295918025037595,-0.0007224130163759097,-0.455794626840513,,,,,,,,,
2023-08-28 00:00:00+00:00,,,,1652.04,1653.1796,-0.0006893382908910173,-0.0007292671405269648,-0.1812707017919662,,,,,,,,,
2023-08-29 00:00:00+00:00,,,,1729.36,1729.618227,-0.00014929710844224786,-0.0006446007800738261,2.5390514053820197,,,,,,,,,
2023-08-30 00:00:00+00:00,,,,1704.64,1705.240023,-0.0003518701132432245,-0.0005852611396356241,1.3716221014978294,,,,,,,,,
2023-08-31 00:00:00+00:00,,,,1644.63,1645.809556,-0.0007167026073578997,-0.0005745664270365872,-0.4428041810502159,,,,,,,,,
2023-09-01 00:00:00+00:00,,,,1627.75,1629.092784,-0.0008242526228020575,-0.0006030983595100173,-0.9534079088099693,,,,,,,,,
2023-09-02 00:00:00+00:00,,,,1635.82,1637.128291,-0.0007991377384364284,-0.0006085986119538049,-0.8074452664908647,,,,,,,,,
2023-09-03 00:00:00+00:00,,,,1634.53,1635.871811,-0.0008202421430441031,-0.0006215486606024255,-0.8956651671965775,,,,,,,,,
2023-09-04 00:00:00+00:00,,,,1629.45,1630.600177,-0.000705370339230571,-0.0006238389532223618,-0.2899818359607576,,,,,,,,,
2023-09-05 00:00:00+00:00,,,,1633.23,1634.447151,-0.0007446866662255136,-0.0007088946043342569,-0.48920954219611335,,,,,,,,,
2023-09-06 00:00:00+00:00,,,,1631.83,1633.121594,-0.0007908743627818016,-0.0007716094971254821,-0.6987343976199023,,,,,,,,,
2023-09-07 00:00:00+00:00,,,,1646.82,1648.1048,-0.0007795620763922928,-0.0007805894212732525,-0.6111694636487429,,,,,,,,,
2023-09-08 00:00:00+00:00,,,,1635.28,1636.431689,-0.0007037806758092291,-0.0007633791431314199,-0.10897406683659028,,,,,,,,,
2023-09-09 00:00:00+00:00,,,,1634.31,1635.547011,-0.0007563286115780388,-0.0007572635535802215,-0.4372412862812207,,,,,,,,,
2023-09-10 00:00:00+00:00,,,,1616.05,1617.345105,-0.0008007598353599876,-0.000754480366768205,-0.6866107910207211,,,,,,,,,
2023-09-11 00:00:00+00:00,,,,1550.76,1551.904666,-0.0007375878332464003,-0.0007590828659133234,-0.2937201578910893,,,,,,,,,
2023-09-12 00:00:00+00:00,,,,1591.9,1592.966529,-0.0006695237976339641,-0.0007483453132573878,0.13264368396701232,,,,,,,,,
2023-09-13 00:00:00+00:00,,,,1606.19,1607.603242,-0.0008790987496651859,-0.0007609487970978712,-1.097861820661922,,,,,,,,,
2023-09-14 00:00:00+00:00,,,,1625.01,1626.444431,-0.0008819428273475483,-0.0007755746186629077,-1.0478458721598356,,,,,,,,,
2023-09-15 00:00:00+00:00,,,,1641.2,1641.311741,-6.808030260718745e-05,-0.0006847602796340446,3.357821373049699,,,,,,,,,
2023-09-16 00:00:00+00:00,,,,1634.07,1634.365011,-0.00018050496554600226,-0.0006024997587723251,2.3821012812503324,,,,,,,,,
2023-09-17 00:00:00+00:00,,,,1621.13,1622.490784,-0.0008387006036763012,-0.0006079198685317985,-0.7307351432143449,,,,,,,,,
2023-09-18 00:00:00+00:00,,,,1636.52,1637.203839,-0.0004176871466522458,-0.0005622197704469192,1.1820783760462992,,,,,,,,,
2023-09-19 00:00:00+00:00,,,,1642.01,1643.16945,-0.0007056180359245046,-0.0005673760902027107,-0.17135002492629864,,,,,,,,,
2023-09-20 00:00:00+00:00,,,,1621.08,1622.24367,-0.0007173213380454735,-0.0005442650313998947,-0.21406971027010088,,,,,,,,,
2023-09-21 00:00:00+00:00,,,,1582.51,1583.991929,-0.0009355660043897096,-0.0005519254852630606,-1.1749458810927513,,,,,,,,,
2023-09-22 00:00:00+00:00,,,,1591.76,1593.057602,-0.0008145355185971148,-0.0006585619446901931,-0.6135055719749429,,,,,,,,,
2023-09-23 00:00:00+00:00,,,,1592.48,1593.823666,-0.0008430455819320448,-0.0007532106041739135,-0.7315679471619616,,,,,,,,,
2023-09-24 00:00:00+00:00,,,,1579.43,1580.609745,-0.0007463860094066854,-0.0007400228049925398,-0.2762219095586634,,,,,,,,,
2023-09-25 00:00:00+00:00,,,,1587.11,1588.308921,-0.0007548411925089038,-0.000788187668686348,-0.3154011698591336,,,,,,,,,
2023-09-26 00:00:00+00:00,,,,1592.77,1594.007482,-0.0007763338716875179,-0.0007982899309382072,-0.4046280141434965,,,,,,,,,
2023-09-27 00:00:00+00:00,,,,1597.38,1598.606729,-0.0007673738498319427,-0.0008054402897648456,-0.35169973673279287,,,,,,,,,
2023-09-28 00:00:00+00:00,,,,1652.81,1652.930941,-7.316760609910045e-05,-0.0006822405185804728,2.6804346027564137,,,,,,,,,
2023-09-29 00:00:00+00:00,,,,1667.05,1667.462627,-0.00024745801993930616,-0.000601229447343643,1.8552842360969835,,,,,,,,,
2023-09-30 00:00:00+00:00,,,,1670.69,1670.86149,-0.0001026356768806247,-0.0004954566037648687,2.175015342463612,,,,,,,,,
2023-10-01 00:00:00+00:00,,,,1733.62,1733.741317,-6.997410675424476e-05,-0.0003988263319573772,2.0471931852657024,,,,,,,,,
2023-10-02 00:00:00+00:00,,,,1661.28,1662.466476,-0.0007136841657432447,-0.0003929467567051402,-0.2859812344660257,,,,,,,,,
2023-10-03 00:00:00+00:00,,,,1655.73,1656.886666,-0.0006980960277702675,-0.0003817699218598187,-0.2459791165490187,,,,,,,,,
2023-10-04 00:00:00+00:00,,,,1645.52,1646.830042,-0.0007954931392974984,-0.00038578696321204094,-0.5875422546566781,,,,,,,,,
2023-10-05 00:00:00+00:00,,,,1610.3,1611.62998,-0.0008252390539421617,-0.0004932257414753354,-0.6820697914516274,,,,,,,,,
2023-10-06 00:00:00+00:00,,,,1643.9,1645.112254,-0.0007368822383106988,-0.0005631434869569629,-0.3706348639203013,,,,,,,,,
2023-10-07 00:00:00+00:00,,,,1632.68,1633.6884,-0.0006172535717337002,-0.0006366603290788309,0.043358141873492524,,,,,,,,,
2023-10-08 00:00:00+00:00,,,,1631.55,1632.802109,-0.0007668467557081504,-0.0007362135646436745,-0.49210190890219563,,,,,,,,,
2023-10-09 00:00:00+00:00,,,,1579.07,1580.031576,-0.0006085802427028275,-0.0007211987184950435,0.06469591136902116,,,,,,,,,
2023-10-10 00:00:00+00:00,,,,1566.45,1567.665139,-0.0007751266324484973,-0.0007322030905919334,-0.5461363205288783,,,,,,,,,
2023-10-11 00:00:00+00:00,,,,1565.78,1566.905113,-0.0007180479472977952,-0.0007211394917348331,-0.3405097218650081,,,,,,,,,
2023-10-12 00:00:00+00:00,,,,1538.57,1539.68449,-0.000723843103725863,-0.0007066543559896475,-0.35443728868518576,,,,,,,,,
2023-10-13 00:00:00+00:00,,,,1551.04,1552.19289,-0.0007427491824164578,-0.0007074924908618988,-0.44517592595326233,,,,,,,,,
2023-10-14 00:00:00+00:00,,,,1553.92,1554.905924,-0.0006340730874981881,-0.0007098952788282542,-0.07591121051983662,,,,,,,,,
2023-10-15 00:00:00+00:00,,,,1556.77,1557.748082,-0.0006278820120544371,-0.0006900431725920095,0.018778387892059753,,,,,,,,,
2023-10-16 00:00:00+00:00,,,,1598.15,1599.423645,-0.0007963149750733756,-0.0007168624200735163,-0.6173357033150932,,,,,,,,,
2023-10-17 00:00:00+00:00,,,,1563.48,1564.736894,-0.0008032622000666567,-0.0007208817868761105,-0.6548641464538743,,,,,,,,,
2023-10-18 00:00:00+00:00,,,,1562.15,1563.398141,-0.0007983513394748121,-0.0007323537000442558,-0.5860111562425836,,,,,,,,,
2023-10-19 00:00:00+00:00,,,,1565.44,1566.648283,-0.0007712535181707558,-0.0007391266163935262,-0.45632514914483296,,,,,,,,,
2023-10-20 00:00:00+00:00,,,,1602.65,1603.871058,-0.0007613193055072687,-0.0007417794911207849,-0.40571423957731145,,,,,,,,,
2023-10-21 00:00:00+00:00,,,,1627.92,1628.896352,-0.0005993947980797998,-0.0007368254497753009,0.2568641168479226,,,,,,,,,
2023-10-22 00:00:00+00:00,,,,1663.0,1663.604564,-0.0003634060720213439,-0.000699043172627716,1.2197838341233203,,,,,,,,,
2023-10-23 00:00:00+00:00,,,,1765.94,1765.480964,0.0002600062019133542,-0.0005481401473438975,3.1097730949105187,,,,,,,,,
2023-10-24 00:00:00+00:00,,,,1784.13,1785.116686,-0.0005527291340325924,-0.0005123497093390312,0.1659916678941689,,,,,,,,,
2023-10-25 00:00:00+00:00,,,,1786.46,1787.051098,-0.0003307672627052005,-0.00044555198408622953,0.907673444006339,,,,,,,,,
2023-10-26 00:00:00+00:00,,,,1802.83,1803.357576,-0.0002925520745421517,-0.00037716606356785753,0.9779264603761781,,,,,,,,,
2023-10-27 00:00:00+00:00,,,,1779.46,1779.43207,1.5696019236122183e-05,-0.0002661638743188017,1.8674799224407181,,,,,,,,,
2023-10-28 00:00:00+00:00,,,,1776.13,1776.153078,-1.2993249447812438e-05,-0.00018239222451423207,1.7446764091511027,,,,,,,,,
2023-10-29 00:00:00+00:00,,,,1795.05,1795.103835,-2.9989908633898388e-05,-0.0001347613440303113,1.6126184778874384,,,,,,,,,
2023-10-30 00:00:00+00:00,,,,1809.27,1808.987901,0.00015594299986432247,-0.00014962751575160155,2.077797164191468,,,,,,,,,
2023-10-31 00:00:00+00:00,,,,1815.42,1814.822431,0.0003292713324414276,-2.362744911245583e-05,2.3765001879768723,,,,,,,,,
2023-11-01 00:00:00+00:00,,,,1847.71,1846.804941,0.0004900674564525254,9.363465362436216e-05,2.429077124134801,,,,,,,,,
2023-11-02 00:00:00+00:00,,,,1800.24,1800.736,-0.00027544293000203446,9.607881713009319e-05,0.45973332297523845,,,,,,,,,
2023-11-03 00:00:00+00:00,,,,1832.23,1832.571794,-0.00018651056461693738,6.719216229394182e-05,0.6373670355492707,,,,,,,,,
2023-11-04 00:00:00+00:00,,,,1856.32,1855.621549,0.0003763973318677838,0.00012281938819616985,1.8750010993269741,,,,,,,,,
2023-11-05 00:00:00+00:00,,,,1892.03,1891.867869,8.569890247445144e-05,0.0001393463612116484,1.092970160364231,,,,,,,,,
2023-11-06 00:00:00+00:00,,,,1901.14,1900.92182,0.00011477589330843863,0.00013346534598937927,1.087572660206447,,,,,,,,,
2023-11-07 00:00:00+00:00,,,,1885.22,1885.310525,-4.801596278158904e-05,7.956716095751977e-05,0.6524081898503696,,,,,,,,,
2023-11-08 00:00:00+00:00,,,,1888.0,1888.343746,-0.00018203571289820974,-1.644757752115668e-05,0.2999710860760404,,,,,,,,,
2023-11-09 00:00:00+00:00,,,,2121.8,2120.779324,0.00048127402434072764,9.165484452780934e-05,1.7368750346808028,,,,,,,,,
2023-11-10 00:00:00+00:00,,,,2078.11,2077.691493,0.00020142884610652168,0.00014707476034544635,1.0155228869852384,,,,,,,,,
2023-11-11 00:00:00+00:00,,,,2053.9,2053.16486,0.0003580521049830754,0.00014445401364763085,1.2880149086368875,,,,,,,,,
2023-11-12 00:00:00+00:00,,,,2045.39,2044.706244,0.00033440304787379915,0.0001799831772761091,1.1556360265380008,,,,,,,,,
2023-11-13 00:00:00+00:00,,,,2053.73,2053.609566,5.8645032626314375e-05,0.00017196448289294848,0.4684527434453416,,,,,,,,,
2023-11-14 00:00:00+00:00,,,,1979.05,1978.959164,4.590089661893337e-05,0.0001853811770930231,0.3934936664960162,,,,,,,,,
2023-11-15 00:00:00+00:00,,,,2058.77,2058.543098,0.00011022455649345453,0.00022713264414897516,0.49870878747304137,,,,,,,,,
2023-11-16 00:00:00+00:00,,,,1961.43,1961.784,-0.00018044800039151987,0.00013260092633008265,-0.30978480923469254,,,,,,,,,
2023-11-17 00:00:00+00:00,,,,1960.68,1960.771831,-4.6834108154758525e-05,9.713479000704263e-05,-0.018325010630408214,,,,,,,,,
2023-11-18 00:00:00+00:00,,,,1962.18,1962.325842,-7.432099036686068e-05,3.5367204957051766e-05,-0.1808564986842786,,,,,,,,,
2023-11-19 00:00:00+00:00,,,,2011.43,2011.258498,8.527098837407543e-05,-2.230892571944817e-07,0.26310434929288035,,,,,,,,,
2023-11-20 00:00:00+00:00,,,,2021.86,2021.436054,0.00020972516007167208,2.1359786092142335e-05,0.6607884580700126,,,,,,,,,
2023-11-21 00:00:00+00:00,,,,1932.58,1933.03,-0.0002327951454452748,-1.845393420274455e-05,-1.0823254697833804,,,,,,,,,
2023-11-22 00:00:00+00:00,,,,2063.35,2063.20501,7.02741604916568e-05,-2.4161133631572795e-05,0.13694751376604655,,,,,,,,,
2023-11-23 00:00:00+00:00,,,,2061.92,2062.100241,-8.74065171112548e-05,-1.08694931629635e-05,-0.6132568565345385,,,,,,,,,
2023-11-24 00:00:00+00:00,,,,2080.49,2080.804989,-0.00015137843366652692,-2.5804396807501844e-05,-0.9569987449785139,,,,,,,,,
2023-11-25 00:00:00+00:00,,,,2082.23,2083.054263,-0.0003956992454017261,-7.17155760981969e-05,-2.002150053021935,,,,,,,,,
2023-11-26 00:00:00+00:00,,,,2061.8,2062.36145,-0.00027223646950913505,-0.00012278807008151267,-1.3629040703195352,,,,,,,,,
2023-11-27 00:00:00+00:00,,,,2026.97,2027.521406,-0.0002719606305355837,-0.0001916003258825492,-1.2862760562400941,,,,,,,,,
2023-11-28 00:00:00+00:00,,,,2047.99,2048.187956,-9.66493330948337e-05,-0.00017215092411820048,-0.5420144751100534,,,,,,,,,
2023-11-29 00:00:00+00:00,,,,2028.34,2028.8275,-0.00024028656945951354,-0.0002165167426826534,-1.0677750054419264,,,,,,,,,
2023-11-30 00:00:00+00:00,,,,2050.95,2051.965,-0.0004946478131938603,-0.00027469407069445417,-1.917481563400774,,,,,,,,,
2023-12-01 00:00:00+00:00,,,,2086.91,2087.259545,-0.00016746599666406237,-0.0002769922939798164,-0.5822350730671949,,,,,,,,,
2023-12-02 00:00:00+00:00,,,,2165.85,2164.826052,0.0004729931991782621,-0.00015289337332553238,1.909125387201186,,,,,,,,,
2023-12-03 00:00:00+00:00,,,,2192.69,2192.97006,-0.0001277080818878895,-0.00013224646080821158,-0.5048951772850829,,,,,,,,,
2023-12-04 00:00:00+00:00,,,,2242.89,2243.318409,-0.00019097110703558684,-0.0001206765288796406,-0.7069914423414492,,,,,,,,,
2023-12-05 00:00:00+00:00,,,,2293.17,2293.226772,-2.4756382880686267e-05,-0.00011040610742047667,-5.971179455928019e-06,,,,,,,,,
2023-12-06 00:00:00+00:00,,,,2232.42,2232.751988,-0.00014869004787998463,-9.732089005197255e-05,-0.4818097906450717,,,,,,,,,
2023-12-07 00:00:00+00:00,,,,2356.07,2355.673951,0.00016812555907064208,-2.638979728472205e-06,0.8042408257388268,,,,,,,,,
2023-12-08 00:00:00+00:00,,,,2359.73,2358.435545,0.0005488617243514238,9.969355184516868e-05,2.1058266023616765,,,,,,,,,
2023-12-09 00:00:00+00:00,,,,2341.4,2340.645772,0.00032223073180182027,7.815605650567698e-05,1.3028348083069718,,,,,,,,,
2023-12-10 00:00:00+00:00,,,,2353.0,2352.207609,0.00033687120004555204,0.00014452452535331149,1.3167705058861519,,,,,,,,,
2023-12-11 00:00:00+00:00,,,,2225.03,2225.068636,-1.7363958744742725e-05,0.0001693255465377178,-0.008418600979558166,,,,,,,,,
2023-12-12 00:00:00+00:00,,,,2203.64,2203.431727,9.452210270355366e-05,0.0001863653301926092,0.48902634447366733,,,,,,,,,
2023-12-13 00:00:00+00:00,,,,2260.63,2260.0825,0.00024224779405179753,0.00024221359332572096,1.0574252800023867,,,,,,,,,
2023-12-14 00:00:00+00:00,,,,2315.75,2315.312045,0.0001891559286557598,0.0002452179318378806,0.8127499677019311,,,,,,,,,
2023-12-15 00:00:00+00:00,,,,2221.04,2220.542227,0.00022416732001206974,0.0001988330169322586,0.9281532062810957,,,,,,,,,
2023-12-16 00:00:00+00:00,,,,2228.93,2228.928818,5.302995726985671e-07,0.00015287581232809839,0.012347344003117022,,,,,,,,,
2023-12-17 00:00:00+00:00,,,,2196.69,2196.4975,8.763952610912895e-05,0.00011727128748003793,0.34411989451896047,,,,,,,,,
2023-12-18 00:00:00+00:00,,,,2219.9,2219.3745,0.00023677842563296636,0.00015357734239113924,0.8900170795262303,,,,,,,,,
2023-12-19 00:00:00+00:00,,,,2178.19,2177.977863,9.740089814669339e-05,0.00015398859888301634,0.3356017993553763,,,,,,,,,
2023-12-20 00:00:00+00:00,,,,2203.18,2202.210341,0.00044031170953440224,0.00018228344395195987,1.6034750748309288,,,,,,,,,
2023-12-21 00:00:00+00:00,,,,2240.64,2239.5275,0.0004967565703031251,0.00022622639275872634,1.6664478500115643,,,,,,,,,
2023-12-22 00:00:00+00:00,,,,2325.77,2324.649318,0.00048208647701053486,0.00026307198661564994,1.498171321514576,,,,,,,,,
2023-12-23 00:00:00+00:00,,,,2309.63,2308.521272,0.0004802762761806356,0.0003316071261310695,1.3820282193926197,,,,,,,,,
2023-12-24 00:00:00+00:00,,,,2264.55,2263.813863,0.0003251755862228034,0.00036554084900445157,0.7952758653488218,,,,,,,,,
2023-12-25 00:00:00+00:00,,,,2272.36,2271.246772,0.0004901396068996977,0.0004017353034711275,1.2881463629485883,,,,,,,,,
2023-12-26 00:00:00+00:00,,,,2231.83,2230.804157,0.000459853455437198,0.00045351424022691385,1.1106644846879012,,,,,,,,,
2023-12-27 00:00:00+00:00,,,,2379.35,2378.3435,0.000423193706039493,0.00045106881115621256,0.9216085512288122,,,,,,,,,
2023-12-28 00:00:00+00:00,,,,2345.01,2344.176045,0.00035575613093508096,0.00043092589124649194,0.6271388397600465,,,,,,,,,
2023-12-29 00:00:00+00:00,,,,2299.95,2299.188454,0.0003312238275530177,0.00040937408418113233,0.4864969768654927,,,,,,,,,
2023-12-30 00:00:00+00:00,,,,2292.41,2291.577727,0.00036318776805766007,0.0003926471544492787,0.5759407437148649,,,,,,,,,
2023-12-31 00:00:00+00:00,,,,2283.09,2281.958954,0.0004956469519390438,0.00041700020669445593,1.1048263495078359,,,,,,,,,
2024-01-01 00:00:00+00:00,,,,2353.74,2351.974,0.0007508586404438855,0.00045424578291505417,2.090916205015715,,,,,,,,,
2024-01-02 00:00:00+00:00,,,,2356.23,2355.385681,0.00035846316244958487,0.0004397614553453951,0.3520490285828116,,,,,,,,,
2024-01-03 00:00:00+00:00,,,,2209.9,2209.711681,8.522333552352102e-05,0.00039147997384311343,-0.9937485640798138,,,,,,,,,
2024-01-04 00:00:00+00:00,,,,2266.92,2267.154048,-0.00010323427303327026,0.00032590991613334896,-1.854941288756868,,,,,,,,,
2024-01-05 00:00:00+00:00,,,,2267.84,2268.363512,-0.00023078840636880926,0.00024562245414451656,-2.3767237576257294,,,,,,,,,
2024-01-06 00:00:00+00:00,,,,2239.75,2240.768227,-0.0004544097813111714,0.00012882280423468347,-2.818583442798866,,,,,,,,,
2024-01-07 00:00:00+00:00,,,,2220.68,2221.446454,-0.00034502474665543126,8.726847292615605e-06,-2.128680743302731,,,,,,,,,
2024-01-08 00:00:00+00:00,,,,2330.22,2330.585073,-0.00015664435691697953,-0.00012091643804465082,-1.3353835858299408,,,,,,,,,
2024-01-09 00:00:00+00:00,,,,2343.64,2344.357386,-0.0003060053916200678,-0.00021584051719745836,-1.7017875361740191,,,,,,,,,
2024-01-10 00:00:00+00:00,,,,2583.77,2583.5505,8.4960599763928e-05,-0.00021587805087740022,-0.3920938062152726,,,,,,,,,
2024-01-11 00:00:00+00:00,,,,2617.97,2618.056909,-3.3195993448975614e-05,-0.00020587258236535812,-0.7737712170762803,,,,,,,,,
2024-01-12 00:00:00+00:00,,,,2522.17,2522.466954,-0.00011772364332818253,-0.0001897204733595543,-1.0009907847404675,,,,,,,,,
2024-01-13 00:00:00+00:00,,,,2577.69,2578.187727,-0.0001930530483825743,-0.00015238379722689758,-1.178505674258191,,,,,,,,,
2024-01-14 00:00:00+00:00,,,,2474.02,2473.285454,0.00029699200260613345,-6.066711876095976e-05,0.39913834931365394,,,,,,,,,
2024-01-15 00:00:00+00:00,,,,2511.57,2511.958227,-0.00015455153506416242,-6.0368144210557316e-05,-1.0284436258739886,,,,,,,,,
2024-01-16 00:00:00+00:00,,,,2586.82,2587.615772,-0.0003075309745019794,-6.0586084622258974e-05,-1.4214426575378403,,,,,,,,,
2024-01-17 00:00:00+00:00,,,,2530.04,2530.3435,-0.00011994418939564877,-8.985819735934137e-05,-0.8001201930342932,,,,,,,,,
2024-01-18 00:00:00+00:00,,,,2470.1,2470.75,-0.00026307801274916276,-0.00012269848583079668,-1.1696169646180832,,,,,,,,,
2024-01-19 00:00:00+00:00,,,,2491.57,2491.891863,-0.0001291641121264897,-0.00012433283851626914,-0.7202443663592726,,,,,,,,,
2024-01-20 00:00:00+00:00,,,,2471.5,2472.088363,-0.00023800241480276263,-0.00013075417657629603,-0.9784800874894134,,,,,,,,,
2024-01-21 00:00:00+00:00,,,,2456.42,2456.947772,-0.00021480798493744846,-0.00020386846051109346,-0.8496831956036441,,,,,,,,,
2024-01-22 00:00:00+00:00,,,,2313.84,2314.190536,-0.00015147240235702242,-0.00020342858441007344,-0.6065785612307948,,,,,,,,,
2024-01-23 00:00:00+00:00,,,,2241.54,2242.73917,-0.000534689907788044,-0.00023587986059379697,-1.648008129975024,,,,,,,,,
2024-01-24 00:00:00+00:00,,,,2233.96,2234.915954,-0.0004277359953017701,-0.00027985011858038574,-1.2467560897257222,,,,,,,,,
2024-01-25 00:00:00+00:00,,,,2217.59,2218.647409,-0.0004766007413844475,-0.00031035336552828356,-1.3091561830029395,,,,,,,,,
2024-01-26 00:00:00+00:00,,,,2266.53,2267.650341,-0.0004940536817972241,-0.00036248044690981703,-1.279324817357555,,,,,,,,,
2024-01-27 00:00:00+00:00,,,,2266.31,2267.968863,-0.000731431117535597,-0.0004329702615859362,-1.838331186106948,,,,,,,,,
2024-01-28 00:00:00+00:00,,,,2255.37,2256.885181,-0.0006713593641165527,-0.0004981918871829512,-1.541493719554214,,,,,,,,,
2024-01-29 00:00:00+00:00,,,,2316.15,2317.644227,-0.0006447180212528769,-0.0005686555470252161,-1.373981394814405,,,,,,,,,
2024-01-30 00:00:00+00:00,,,,2341.43,2343.113454,-0.0007184688377449566,-0.0005949096798762035,-1.5236529488815898,,,,,,,,,
2024-01-31 00:00:00+00:00,,,,2281.32,2283.137636,-0.00079611319586681,-0.0006475349942426378,-1.821610376568709,,,,,,,,,
2024-02-01 00:00:00+00:00,,,,2302.73,2304.173512,-0.0006264771261721425,-0.0006689459063551657,-1.1957521082891653,,,,,,,,,
2024-02-02 00:00:00+00:00,,,,2307.39,2309.076195,-0.0007302465824434723,-0.0007026877493046298,-1.4794853881149241,,,,,,,,,
2024-02-03 00:00:00+00:00,,,,2294.72,2296.567727,-0.0008045602044638445,-0.0007131347617229508,-1.611175476812071,,,,,,,,,
2024-02-04 00:00:00+00:00,,,,2287.97,2289.755045,-0.0007795790226111654,-0.0007285947129364669,-1.4083127422408255,,,,,,,,,
2024-02-05 00:00:00+00:00,,,,2300.03,2301.844,-0.0007880638305636234,-0.0007490726856951449,-1.3544481408761535,,,,,,,,,
2024-02-06 00:00:00+00:00,,,,2371.02,2372.611727,-0.0006708754668479644,-0.0007422736327098603,-0.9099218768943003,,,,,,,,,
2024-02-07 00:00:00+00:00,,,,2423.06,2424.990454,-0.000796066638866999,-0.0007422669817098873,-1.2340261290248848,,,,,,,,,
2024-02-08 00:00:00+00:00,,,,2417.91,2419.611863,-0.0007033619838060501,-0.0007532505328004456,-0.8780649600536927,,,,,,,,,
2024-02-09 00:00:00+00:00,,,,2484.71,2486.504634,-0.0007217497106019044,-0.0007520366939659359,-0.8835299787980874,,,,,,,,,
2024-02-10 00:00:00+00:00,,,,2498.81,2500.246634,-0.0005745969139459017,-0.0007191847953205155,-0.3419146055149984,,,,,,,,,
2024-02-11 00:00:00+00:00,,,,2505.59,2507.097365,-0.0006012391146205109,-0.0006937076656075648,-0.38830376084351925,,,,,,,,,
2024-02-12 00:00:00+00:00,,,,2659.14,2659.625,-0.00018235653522591377,-0.0006071780519878921,1.1008337361845746,,,,,,,,,
2024-02-13 00:00:00+00:00,,,,2639.93,2640.057954,-4.8466360295651434e-05,-0.0005182624653375616,1.7949353139381532,,,,,,,,,
2024-02-14 00:00:00+00:00,,,,2775.32,2774.850954,0.00016903466448314752,-0.000380390850573255,2.407784309388102,,,,,,,,,
2024-02-15 00:00:00+00:00,,,,2823.52,2822.645363,0.00030986428952961553,-0.0002356442400967313,2.5222706627645834,,,,,,,,,
2024-02-16 00:00:00+00:00,,,,2802.67,2801.838818,0.00029665589421501437,-9.015772512288578e-05,2.2554041336895976,,,,,,,,,
2024-02-17 00:00:00+00:00,,,,2786.71,2785.946341,0.0002741111660198303,3.108628630079023e-05,1.990104028986288,,,,,,,,,
2024-02-18 00:00:00+00:00,,,,2882.23,2881.004636,0.0004253252440791222,0.00017773833754359497,2.1799763812221604,,,,,,,,,
2024-02-19 00:00:00+00:00,,,,2945.9,2944.783804,0.0003790417478131136,0.000257938092263456,1.8840341663454927,,,,,,,,,
2024-02-20 00:00:00+00:00,,,,3016.13,3014.830965,0.00043088153700177045,0.00032641636330594484,1.8416855548865942,,,,,,,,,
2024-02-21 00:00:00+00:00,,,,2968.4,2967.935,0.0001566745902454869,0.0003246506384148505,1.1713047484090235,,,,,,,,,
2024-02-22 00:00:00+00:00,,,,2971.63,2971.349272,9.447829060205137e-05,0.00029388120999662704,0.9717220283858673,,,,,,,,,
2024-02-23 00:00:00+00:00,,,,2921.81,2922.214318,-0.0001383601461089068,0.00023173606137892402,0.43841489645020576,,,,,,,,,
2024-02-24 00:00:00+00:00,,,,2993.31,2992.585951,0.00024194760379669944,0.0002271412667756196,1.188858896502252,,,,,,,,,
2024-02-25 00:00:00+00:00,,,,3114.21,3112.716048,0.00047995126345057315,0.00023494498382868403,1.5596118717255494,,,,,,,,,
2024-02-26 00:00:00+00:00,,,,3177.35,3175.98839,0.0004287200810579872,0.00024204188857795167,1.3506538049906007,,,,,,,,,
2024-02-27 00:00:00+00:00,,,,3243.59,3242.527681,0.0003276206418298955,0.0002272903321248267,1.0724908171567722,,,,,,,,,
2024-02-28 00:00:00+00:00,,,,3385.42,3383.068818,0.0006949849756203719,0.00030419181574981025,1.6523666979180927,,,,,,,,,
2024-02-29 00:00:00+00:00,,,,3341.68,3340.273465,0.00042108378692273796,0.0003508497437956226,1.0539071206719364,,,,,,,,,
2024-03-01 00:00:00+00:00,,,,3434.5,3433.266545,0.0003592657266289212,0.0004219391541867409,0.875496289318584,,,,,,,,,
2024-03-02 00:00:00+00:00,,,,3423.46,3421.335636,0.0006209165735298061,0.00047607757843432755,1.2912879879891328,,,,,,,,,
2024-03-03 00:00:00+00:00,,,,3490.28,3487.716545,0.0007349952230708556,0.0005125124298086536,1.4105062758438562,,,,,,,,,
2024-03-04 00:00:00+00:00,,,,3627.37,3626.973636,0.00010928229421502955,0.0004668784602596597,0.1559446398083138,,,,,,,,,
2024-03-05 00:00:00+00:00,,,,3554.96,3553.6825,0.00035948625123372047,0.00047143069017449183,0.6080679679284413,,,,,,,,,
2024-03-06 00:00:00+00:00,,,,3821.16,3818.633048,0.0006617425576733726,0.0004666817733249205,1.182350002006211,,,,,,,,,
2024-03-07 00:00:00+00:00,,,,3869.8,3868.709219,0.00028194959565408517,0.00044680546028654156,0.30338322564029724,,,,,,,,,
2024-03-08 00:00:00+00:00,,,,3883.29,3883.419454,-3.333505472002951e-05,0.0003907196343795486,-0.5218927909915804,,,,,,,,,
2024-03-09 00:00:00+00:00,,,,3906.79,3905.172727,0.00041413609923535155,0.00036117956662319795,0.5521146178894879,,,,,,,,,
2024-03-10 00:00:00+00:00,,,,3880.41,3878.666487,0.0004495135134314765,0.0003203964652461438,0.6148473268329122,,,,,,,,,
2024-03-11 00:00:00+00:00,,,,4069.03,4064.999681,0.0009914684664893425,0.00044642306128533135,2.2163257289452756,,,,,,,,,
2024-03-12 00:00:00+00:00,,,,3982.21,3980.032,0.000547231781050872,0.00047324385125921013,0.7838067282761864,,,,,,,,,
2024-03-13 00:00:00+00:00,,,,4007.35,4004.998909,0.0005870391112259288,0.0004625719303381467,0.8920955650772385,,,,,,,,,
2024-03-14 00:00:00+00:00,,,,3883.41,3881.724636,0.00043417917499088965,0.0004843190131005474,0.21651215484713568,,,,,,,,,
2024-03-15 00:00:00+00:00,,,,3743.72,3741.9325,0.00047769434643729625,0.0005573232132658797,0.3636031046104993,,,,,,,,,
2024-03-16 00:00:00+00:00,,,,3524.65,3523.302636,0.00038241506313796414,0.0005527916366805385,-0.060731182790870794,,,,,,,,,
2024-03-17 00:00:00+00:00,,,,3645.62,3644.61259,0.00027641072271000766,0.0005280626665774715,-0.5183727622694227,,,,,,,,,
2024-03-18 00:00:00+00:00,,,,3521.73,3520.60609,0.000319237645810988,0.0004320296921948495,-0.33979484596918275,,,,,,,,,
2024-03-19 00:00:00+00:00,,,,3158.85,3158.925681,-2.3957828591991692e-05,0.00035043117653158325,-1.6793727183715337,,,,,,,,,
2024-03-20 00:00:00+00:00,,,,3515.91,3516.544817,-0.00018052293743886505,0.00024077945529375557,-2.070454247235831,,,,,,,,,
2024-03-21 00:00:00+00:00,,,,3494.18,3492.853681,0.0003797236074372101,0.00023300008850037277,0.06802892259870681,,,,,,,,,
2024-03-22 00:00:00+00:00,,,,3336.45,3336.4825,-9.740797381696531e-06,0.00016336649652623096,-1.3624615893436745,,,,,,,,,
2024-03-23 00:00:00+00:00,,,,3330.47,3329.55,0.00027631361595403803,0.0001482091469285272,-0.3252882564665631,,,,,,,,,
2024-03-24 00:00:00+00:00,,,,3455.35,3454.925,0.00012301280056714603,0.00012629515805097556,-0.9863713427772762,,,,,,,,,
2024-03-25 00:00:00+00:00,,,,3591.45,3590.408363,0.00029011658137112484,0.00012213500598813796,-0.32926215023459354,,,,,,,,,
2024-03-26 00:00:00+00:00,,,,3588.98,3587.496636,0.00041348164207732907,0.00018462635894089807,0.1719157011045235,,,,,,,,,
2024-03-27 00:00:00+00:00,,,,3503.6,3501.358693,0.0006401249333525261,0.00030186176905395393,1.030790475476887,,,,,,,,,
2024-03-28 00:00:00+00:00,,,,3562.47,3560.590511,0.000527858790330793,0.0003230239380387515,0.5611107660959251,,,,,,,,,
2024-03-29 00:00:00+00:00,,,,3511.32,3509.809818,0.00043027459557931635,0.0003858832798903248,0.2200933907619954,,,,,,,,,
2024-03-30 00:00:00+00:00,,,,3507.02,3505.6435,0.00039265259003085085,0.00040250313332986946,0.07308913960546666,,,,,,,,,
2024-03-31 00:00:00+00:00,,,,3647.45,3645.241,0.000605995598096154,0.00047150067583401345,0.8834018809261119,,,,,,,,,
2024-04-01 00:00:00+00:00,,,,3505.39,3503.908818,0.0004227227581925508,0.0004904444153799314,0.18748859549021618,,,,,,,,,
2024-04-02 00:00:00+00:00,,,,3278.64,3278.263863,0.00011473664589511934,0.0004477665587824729,-0.987028257535893,,,,,,,,,
2024-04-03 00:00:00+00:00,,,,3311.49,3310.844943,0.00019483153427746203,0.0003841532160574638,-0.6771145937756614,,,,,,,,,
2024-04-04 00:00:00+00:00,,,,3328.09,3327.471306,0.00018593518714493662,0.00033530698703091284,-0.684222447623977,,,,,,,,,
2024-04-05 00:00:00+00:00,,,,3318.29,3317.779681,0.00015381340808207078,0.00029581253167416347,-0.7611469176727468,,,,,,,,,
2024-04-06 00:00:00+00:00,,,,3351.07,3351.503909,-0.00012946695327864521,0.00022122402548709262,-1.7817363703140376,,,,,,,,,
2024-04-07 00:00:00+00:00,,,,3454.88,3454.201954,0.0001962959922521268,0.0001626955103665173,-0.5423379356146061,,,,,,,,,
2024-04-08 00:00:00+00:00,,,,3696.42,3694.651988,0.00047853275646603244,0.00017066836726272898,0.5959281461439516,,,,,,,,,
2024-04-09 00:00:00+00:00,,,,3507.19,3506.2275,0.0002745115654931851,0.00019349335577673838,-0.20855694590549276,,,,,,,,,
2024-04-10 00:00:00+00:00,,,,3545.15,3545.303977,-4.3431254696080224e-05,0.00015945581449480377,-1.5185382263836518,,,,,,,,,
2024-04-11 00:00:00+00:00,,,,3502.1,3502.47409,-0.00010680735685331122,0.00011763545106648263,-1.661397586236456,,,,,,,,,
2024-04-12 00:00:00+00:00,,,,3236.37,3237.419999,-0.000324332029926544,4.932895992239482e-05,-2.3191797571010873,,,,,,,,,
2024-04-13 00:00:00+00:00,,,,3004.86,3006.975397,-0.0007034966106176377,-3.267527684031839e-05,-3.0696322789018216,,,,,,,,,
2024-04-14 00:00:00+00:00,,,,3152.4,3155.131454,-0.0008657179708112528,-0.00018439155727794404,-2.933562502503277,,,,,,,,,
2024-04-15 00:00:00+00:00,,,,3099.58,3101.94,-0.0007608142001457319,-0.0003614411225081961,-2.2917641340889987,,,,,,,,,
2024-04-16 00:00:00+00:00,,,,3082.08,3084.200426,-0.0006875123880162315,-0.0004988731158666841,-1.889794096072409,,,,,,,,,
2024-04-17 00:00:00+00:00,,,,2982.64,2985.435643,-0.0009364271531208113,-0.0006264439584987887,-2.1931184370159293,,,,,,,,,
2024-04-18 00:00:00+00:00,,,,3061.72,3064.432045,-0.0008850073880493081,-0.0007376153915267882,-1.8830550091375533,,,,,,,,,
2024-04-19 00:00:00+00:00,,,,3054.14,3056.424204,-0.0007473452137339853,-0.0007980458463564226,-1.4967511953226946,,,,,,,,,
2024-04-20 00:00:00+00:00,,,,3153.07,3155.671051,-0.0008242465573765623,-0.0008152958387505547,-1.5207249539450354,,,,,,,,,
2024-04-21 00:00:00+00:00,,,,3144.96,3147.640098,-0.0008514626566432648,-0.000813259365297985,-1.4602796875091553,,,,,,,,,
2024-04-22 00:00:00+00:00,,,,3197.28,3200.185255,-0.0009078396306777536,-0.000834262998231131,-1.4461778539074313,,,,,,,,,
2024-04-23 00:00:00+00:00,,,,3217.15,3219.467926,-0.0007199717634335245,-0.0008389000518621728,-1.037153270991795,,,,,,,,,
2024-04-24 00:00:00+00:00,,,,3138.03,3140.769204,-0.0008721443130910167,-0.0008297167890007737,-1.219195067387258,,,,,,,,,
2024-04-25 00:00:00+00:00,,,,3153.36,3155.883039,-0.0007994716435369975,-0.0008174973969275864,-1.0212557958957171,,,,,,,,,
2024-04-26 00:00:00+00:00,,,,3129.15,3131.378181,-0.0007115656018553684,-0.0008123860238020697,-0.811955061036206,,,,,,,,,
2024-04-27 00:00:00+00:00,,,,3253.13,3255.58,-0.0007525540763857475,-0.0008021442408033819,-0.8298667020451859,,,,,,,,,
2024-04-28 00:00:00+00:00,,,,3260.89,3263.319119,-0.0007443706580385623,-0.000786845383859853,-0.7600284690604063,,,,,,,,,
2024-04-29 00:00:00+00:00,,,,3214.07,3216.402765,-0.0007252714197936161,-0.0007607642108764047,-0.6715165448816519,,,,,,,,,
2024-04-30 00:00:00+00:00,,,,3012.33,3014.266335,-0.0006423901489779338,-0.0007496811230970346,-0.45778747223795047,,,,,,,,,
2024-05-01 00:00:00+00:00,,,,2969.73,2972.360028,-0.0008848282089736204,-0.0007514931082231209,-0.9144104999493513,,,,,,,,,
2024-05-02 00:00:00+00:00,,,,2983.52,2986.163068,-0.0008851050461119447,-0.0007637264514481133,-0.856138802694176,,,,,,,,,
2024-05-03 00:00:00+00:00,,,,3100.48,3102.622006,-0.0006903857433673277,-0.0007607007573783932,-0.3718794458065218,,,,,,,,,
2024-05-04 00:00:00+00:00,,,,3114.7,3117.127159,-0.0007786525464617,-0.0007644291102463864,-0.5265763167362773,,,,,,,,,
2024-05-05 00:00:00+00:00,,,,3134.35,3136.48713,-0.0006813769390471291,-0.0007554300075333245,-0.2345647346770352,,,,,,,,,
2024-05-06 00:00:00+00:00,,,,3060.55,3062.546846,-0.0006520213731940894,-0.0007449657151619636,-0.1168954771379021,,,,,,,,,
2024-05-07 00:00:00+00:00,,,,3003.95,3005.686505,-0.0005777398930698618,-0.0007357299643179534,0.1614456315609378,,,,,,,,,
2024-05-08 00:00:00+00:00,,,,2972.4,2974.386974,-0.0006680280734714383,-0.0007047585163890702,0.01392164734922807,,,,,,,,,
2024-05-09 00:00:00+00:00,,,,3033.85,3036.182272,-0.0007681594156940807,-0.0006880519977579468,-0.29353956268257353,,,,,,,,,
2024-05-10 00:00:00+00:00,,,,2907.98,2909.86838,-0.0006489571875412103,-0.0006821336326399299,0.46122701011607614,,,,,,,,,
2024-05-11 00:00:00+00:00,,,,2910.35,2912.532357,-0.0007492987999789813,-0.0006779402402852559,-0.008904785548039928,,,,,,,,,
2024-05-12 00:00:00+00:00,,,,2926.9,2929.362443,-0.0008406071450407504,-0.0007006874125700589,-0.8123665694139661,,,,,,,,,
2024-05-13 00:00:00+00:00,,,,2949.17,2951.028494,-0.0006297783988797878,-0.000697509844810873,1.3992271028843828,,,,,,,,,
2024-05-14 00:00:00+00:00,,,,2880.05,2882.103323,-0.000712439066154702,-0.000716752583822993,0.48534447125393193,,,,,,,,,
2024-05-15 00:00:00+00:00,,,,3029.82,3032.592982,-0.0009143930677341094,-0.0007519475830033746,-1.5473611578133255,,,,,,,,,
2024-05-16 00:00:00+00:00,,,,2943.19,2944.740994,-0.0005266996327214502,-0.0007174533282929987,2.1747725492439525,,,,,,,,,
2024-05-17 00:00:00+00:00,,,,3090.67,3092.027897,-0.00043916065612392696,-0.0006874823952333868,2.609358276932521,,,,,,,,,
2024-05-18 00:00:00+00:00,,,,3122.05,3122.954309,-0.0002895684376149621,-0.0006218066291813841,3.1076372359005573,,,,,,,,,
2024-05-19 00:00:00+00:00,,,,3069.25,3071.212443,-0.0006389798935833024,-0.0005930027361160344,0.5630711447205787,,,,,,,,,
2024-05-20 00:00:00+00:00,,,,3662.34,3661.314346,0.0002801327346066973,-0.00046301543133225084,4.213101505889299,,,,,,,,,
2024-05-21 00:00:00+00:00,,,,3790.86,3789.840198,0.0002690883907290331,-0.00032279722320600294,3.212541435325189,,,,,,,,,
2024-05-22 00:00:00+00:00,,,,3739.3,3738.071505,0.0003286440610772434,-0.00014522049051866683,2.8182083501189643,,,,,,,,,
2024-05-23 00:00:00+00:00,,,,3784.42,3784.108571,8.229917143132148e-05,-5.822066135398517e-05,1.8676479604620098,,,,,,,,,
2024-05-24 00:00:00+00:00,,,,3727.25,3728.167073,-0.00024598495240235607,-3.062413225090361e-05,0.8753422629130121,,,,,,,,,
2024-05-25 00:00:00+00:00,,,,3749.97,3749.32803,0.00017122268173475064,3.5203170513341065e-05,1.8579396849045133,,,,,,,,,
2024-05-26 00:00:00+00:00,,,,3826.51,3826.472357,9.837520433375602e-06,0.00012789137251572363,1.3239691758816605,,,,,,,,,
2024-05-27 00:00:00+00:00,,,,3894.91,3894.221676,0.00017675521767079871,0.00011312315581059527,1.6113227225088216,,,,,,,,,
2024-05-28 00:00:00+00:00,,,,3845.92,3844.605596,0.00034188266317047855,0.00012352233758794462,1.8304301266333396,,,,,,,,,
2024-05-29 00:00:00+00:00,,,,3768.09,3767.585994,0.0001337742524796237,9.568379350257037e-05,1.2449776234061707,,,,,,,,,
2024-05-30 00:00:00+00:00,,,,3748.02,3748.050539,-8.14796910608706e-06,8.276277342579772e-05,0.8596066117318271,,,,,,,,,
2024-05-31 00:00:00+00:00,,,,3762.61,3762.141306,0.0001245817107540237,0.0001357008681624234,1.0910794297831365,,,,,,,,,
2024-06-01 00:00:00+00:00,,,,3816.67,3816.094119,0.00015090848968668524,0.0001327988407269855,1.079718940190589,,,,,,,,,
2024-06-02 00:00:00+00:00,,,,3781.89,3780.924469,0.00025536902625700186,0.00016787477013036067,1.2322153604890855,,,,,,,,,
2024-06-03 00:00:00+00:00,,,,3767.9,3767.165909,0.0001948655880130712,0.00017046196589354246,1.0237018845119847,,,,,,,,,
2024-06-04 00:00:00+00:00,,,,3811.91,3810.332357,0.0004140434093897749,0.0001807706439248705,1.417528493065582,,,,,,,,,
2024-06-05 00:00:00+00:00,,,,3867.23,3865.917102,0.0003396084202946792,0.000210175525041307,1.166259868824488,,,,,,,,,
2024-06-06 00:00:00+00:00,,,,3814.5,3813.554488,0.00024793457205740665,0.0002467587452075204,0.8983574506184416,,,,,,,,,
2024-06-07 00:00:00+00:00,,,,3678.75,3678.471732,7.564772010604237e-05,0.00023976817511495163,0.4651706000535555,,,,,,,,,
2024-06-08 00:00:00+00:00,,,,3681.12,3681.563815,-0.00012055067419769472,0.0002009882945600402,-0.035691943168164784,,,,,,,,,
2024-06-09 00:00:00+00:00,,,,3705.56,3706.380198,-0.00022129354145661306,0.0001328936420295238,-0.31937786240780364,,,,,,,,,
2024-06-10 00:00:00+00:00,,,,3667.7,3668.012236,-8.512403446636618e-05,9.289512453246131e-05,-0.041087662780828114,,,,,,,,,
2024-06-11 00:00:00+00:00,,,,3496.1,3497.280426,-0.0003375268369171236,-1.4472053511381335e-05,-0.7853020234607394,,,,,,,,,
2024-06-12 00:00:00+00:00,,,,3559.37,3560.237631,-0.0002437003059698739,-9.780187154917463e-05,-0.5859014124117289,,,,,,,,,
2024-06-13 00:00:00+00:00,,,,3468.19,3469.343721,-0.0003325473325160866,-0.00018072785791681652,-0.9275939691126539,,,,,,,,,
2024-06-14 00:00:00+00:00,,,,3479.91,3481.669772,-0.0005054390896438443,-0.0002637402593096575,-1.6486755251585814,,,,,,,,,
2024-06-15 00:00:00+00:00,,,,3566.86,3568.877528,-0.0005653116376707068,-0.00032727753980580206,-1.83043232851857,,,,,,,,,
2024-06-16 00:00:00+00:00,,,,3621.77,3624.378238,-0.0007196373636321196,-0.000398469514402303,-2.1851902684133404,,,,,,,,,
2024-06-17 00:00:00+00:00,,,,3508.46,3511.336562,-0.0008192213845662488,-0.000503340564416572,-2.240956399640432,,,,,,,,,
2024-06-18 00:00:00+00:00,,,,3481.23,3483.455795,-0.000638961746893596,-0.0005464026944132108,-1.7215147934651194,,,,,,,,,
2024-06-19 00:00:00+00:00,,,,3557.75,3560.489232,-0.0007693414644766028,-0.0006214942884856007,-1.89361956050921,,,,,,,,,
2024-06-20 00:00:00+00:00,,,,3510.59,3513.262102,-0.0007605757619048026,-0.000682641206969703,-1.7082890189304227,,,,,,,,,
2024-06-21 00:00:00+00:00,,,,3516.09,3518.498749,-0.0006845956675938236,-0.0007082350038197001,-1.40279429337519,,,,,,,,,
2024-06-22 00:00:00+00:00,,,,3493.2,3495.760493,-0.0007324566443059899,-0.0007321128619104547,-1.4125693241867838,,,,,,,,,
2024-06-23 00:00:00+00:00,,,,3418.7,3420.901278,-0.0006434789609850444,-0.0007212330901037298,-1.1291415144549373,,,,,,,,,
2024-06-24 00:00:00+00:00,,,,3350.51,3352.194119,-0.0005023930417555889,-0.0006759718982736354,-0.7294944543997892,,,,,,,,,
2024-06-25 00:00:00+00:00,,,,3392.1,3394.892765,-0.000822637176877139,-0.0007022112454141416,-1.408020327905457,,,,,,,,,
2024-06-26 00:00:00+00:00,,,,3369.35,3371.318806,-0.0005839868945340942,-0.0006757320211366404,-0.7803963370409909,,,,,,,,,
2024-06-27 00:00:00+00:00,,,,3449.28,3450.464318,-0.00034323438553518493,-0.0006161118245124093,-0.1499903869326375,,,,,,,,,
2024-06-28 00:00:00+00:00,,,,3378.5,3380.199971,-0.0005029202457206283,-0.0005901581928162385,-0.5050592370062836,,,,,,,,,
2024-06-29 00:00:00+00:00,,,,3376.62,3378.810568,-0.0006483251889722874,-0.0005781394134828524,-0.819615341160515,,,,,,,,,
2024-06-30 00:00:00+00:00,,,,3435.7,3438.166278,-0.0007173236546996753,-0.0005886886554420855,-0.9313759490045853,,,,,,,,,
2024-07-01 00:00:00+00:00,,,,3439.79,3442.211221,-0.0007033911763545397,-0.000617402674670507,-0.8377113008630731,,,,,,,,,
2024-07-02 00:00:00+00:00,,,,3419.38,3421.436477,-0.000601056607020034,-0.0005857483075480634,-0.5199815357042459,,,,,,,,,
2024-07-03 00:00:00+00:00,,,,3293.65,3295.53159,-0.0005709518930753221,-0.0005838861644825245,-0.3861581578747222,,,,,,,,,
2024-07-04 00:00:00+00:00,,,,3058.06,3059.721428,-0.000542999759649998,-0.000612424075070355,-0.24113245609254647,,,,,,,,,
2024-07-05 00:00:00+00:00,,,,2979.76,2981.825028,-0.0006925382879977571,-0.0006395123668242306,-0.6999803523831731,,,,,,,,,
2024-07-06 00:00:00+00:00,,,,3064.26,3066.788068,-0.0008243373666340092,-0.0006646569636330479,-1.2052962685817963,,,,,,,,,
2024-07-07 00:00:00+00:00,,,,2929.24,2930.989772,-0.00059699014193626,-0.0006474664618097029,-0.17359509351592817,,,,,,,,,
2024-07-08 00:00:00+00:00,,,,3017.37,3019.204204,-0.00060751240262924,-0.0006337694941346601,-0.15938924511964875,,,,,,,,,
2024-07-09 00:00:00+00:00,,,,3064.39,3066.393181,-0.000653269454293115,-0.0006412284723165288,-0.3468738484765846,,,,,,,,,
2024-07-10 00:00:00+00:00,,,,3098.4,3101.03875,-0.0008509245490725403,-0.0006812245660304171,-1.4998835289378787,,,,,,,,,
2024-07-11 00:00:00+00:00,,,,3097.28,3099.464506,-0.000704801102180963,-0.0007043390435348407,-0.5114135954255316,,,,,,,,,
2024-07-12 00:00:00+00:00,,,,3132.02,3133.909119,-0.0006027995478703474,-0.0006915192235166393,0.3016841903509603,,,,,,,,,
2024-07-13 00:00:00+00:00,,,,3173.77,3176.035284,-0.0007132427059018953,-0.0006756485576977658,-0.5153265160784393,,,,,,,,,
2024-07-14 00:00:00+00:00,,,,3242.57,3244.967187,-0.0007387399815947937,-0.0006958985347918421,-0.6851176485215764,,,,,,,,,
2024-07-15 00:00:00+00:00,,,,3480.69,3483.480937,-0.0008011919830981373,-0.0007235670462873989,-1.1590761286039843,,,,,,,,,
2024-07-16 00:00:00+00:00,,,,3441.92,3444.112826,-0.0006366882012244224,-0.0007211982958490142,0.2682285158709964,,,,,,,,,
2024-07-17 00:00:00+00:00,,,,3385.33,3387.362883,-0.0006001373546962174,-0.0006853715537952538,0.5418110206062272,,,,,,,,,
2024-07-18 00:00:00+00:00,,,,3424.27,3426.517045,-0.000655781065872385,-0.000678368691465457,0.040998452544838034,,,,,,,,,
2024-07-19 00:00:00+00:00,,,,3501.89,3503.591742,-0.00048571355492144086,-0.0006616421210441846,1.4692714107815497,,,,,,,,,
2024-07-20 00:00:00+00:00,,,,3515.18,3517.439403,-0.0006423431198482321,-0.0006515136087508042,0.041182860179097364,,,,,,,,,
2024-07-21 00:00:00+00:00,,,,3533.18,3535.691562,-0.0007103453330017384,-0.0006474572303803676,-0.564631685901916,,,,,,,,,
2024-07-22 00:00:00+00:00,,,,3437.16,3439.602045,-0.0007099789359499287,-0.0006344267950734807,-0.5707494564650748,,,,,,,,,
2024-07-23 00:00:00+00:00,,,,3480.44,3482.552642,-0.0006066360561277628,-0.0006301336314882436,0.3539002955683395,,,,,,,,,
2024-07-24 00:00:00+00:00,,,,3333.98,3336.122045,-0.0006420763302741328,-0.0006361249137136601,0.0778945975295525,,,,,,,,,
2024-07-25 00:00:00+00:00,,,,3173.18,3175.287585,-0.0006637461784426701,-0.0006372627869379865,-0.18205380483317304,,,,,,,,,
2024-07-26 00:00:00+00:00,,,,3272.19,3274.724062,-0.0007738245885828832,-0.0006784215060324783,-1.1745143708390675,,,,,,,,,
2024-07-27 00:00:00+00:00,,,,3247.17,3249.115681,-0.0005988340185539842,-0.0006722059201333,0.7014730118664221,,,,,,,,,
2024-07-28 00:00:00+00:00,,,,3267.66,3270.097368,-0.0007453502834048331,-0.0006772066273337421,-0.9283244846325959,,,,,,,,,
2024-07-29 00:00:00+00:00,,,,3315.56,3317.943025,-0.0007182236048192125,-0.0006783844371722113,-0.571730682776608,,,,,,,,,
2024-07-30 00:00:00+00:00,,,,3277.08,3279.19534,-0.000645078984529257,-0.0006838762840867105,0.2749534276033075,,,,,,,,,
2024-07-31 00:00:00+00:00,,,,3230.62,3232.728068,-0.0006521018643254051,-0.0006853085032368922,0.17058749431797035,,,,,,,,,
2024-08-01 00:00:00+00:00,,,,3201.01,3203.423551,-0.0007534286245870492,-0.0006981202812575178,-0.9816627070931474,,,,,,,,,
2024-08-02 00:00:00+00:00,,,,2987.15,2989.612784,-0.0008237802611696932,-0.0007052568059127763,-1.6773042070605924,,,,,,,,,
2024-08-03 00:00:00+00:00,,,,2901.24,2903.663636,-0.0008346820788578402,-0.0007389493859561844,-1.6814307279895586,,,,,,,,,
2024-08-04 00:00:00+00:00,,,,2686.83,2688.909715,-0.0007734417367746271,-0.0007429624507232978,-0.9264290437817465,,,,,,,,,
2024-08-05 00:00:00+00:00,,,,2417.34,2419.054285,-0.000708659169258774,-0.0007415961027860922,-0.24140145301393423,,,,,,,,,
2024-08-06 00:00:00+00:00,,,,2459.69,2461.732857,-0.0008298451207615631,-0.0007679912651049932,-1.552344800251134,,,,,,,,,
2024-08-07 00:00:00+00:00,,,,2341.06,2342.841562,-0.0007604278620015892,-0.0007834664076301623,-0.6947222343147635,,,,,,,,,
2024-08-08 00:00:00+00:00,,,,2681.44,2683.107142,-0.0006213475317117245,-0.0007645976800765444,0.9155015266951049,,,,,,,,,
2024-08-09 00:00:00+00:00,,,,2596.86,2598.790028,-0.0007426640779767402,-0.0007530096539061226,-0.5648005474606252,,,,,,,,,
2024-08-10 00:00:00+00:00,,,,2608.0,2609.935937,-0.0007417565207464838,-0.0007397345741759288,-0.5359400822532827,,,,,,,,,
2024-08-11 00:00:00+00:00,,,,2553.59,2555.336193,-0.0006833515702486803,-0.0007268645503865079,0.21324391681752497,,,,,,,,,
2024-08-12 00:00:00+00:00,,,,2720.3,2722.277499,-0.0007264134537078304,-0.0007294008767363731,-0.31798319304660805,,,,,,,,,
2024-08-13 00:00:00+00:00,,,,2700.39,2702.323039,-0.000715324915675275,-0.0007130408474383319,-0.19021281433642975,,,,,,,,,
2024-08-14 00:00:00+00:00,,,,2659.06,2661.305994,-0.0008439442909096151,-0.0007249717658537642,-1.7320260054594745,,,,,,,,,
2024-08-15 00:00:00+00:00,,,,2568.25,2569.91625,-0.0006483674322073085,-0.0007288317516388476,0.65361552680752,,,,,,,,,
2024-08-16 00:00:00+00:00,,,,2590.72,2592.694488,-0.0007615582974156432,-0.0007315309258444051,-0.6756622508948068,,,,,,,,,
2024-08-17 00:00:00+00:00,,,,2612.64,2614.504403,-0.0007130999656610459,-0.0007274371322607712,-0.048779761772545144,,,,,,,,,
2024-08-18 00:00:00+00:00,,,,2609.79,2612.132897,-0.0008969287139604099,-0.0007579481527910183,-2.3144573213985282,,,,,,,,,
2024-08-19 00:00:00+00:00,,,,2634.45,2636.253733,-0.0006842031089122624,-0.0007519181035345086,0.5419197515650453,,,,,,,,,
2024-08-20 00:00:00+00:00,,,,2570.76,2572.806136,-0.0007952935012744966,-0.0007633421871915402,-0.9076605478949553,,,,,,,,,
2024-08-21 00:00:00+00:00,,,,2628.57,2630.686107,-0.0008043935741208763,-0.000757692084793149,-0.9711105730139246,,,,,,,,,
2024-08-22 00:00:00+00:00,,,,2621.19,2622.952784,-0.0006720608966935826,-0.0007610768654340452,0.821564190877757,,,,,,,,,
2024-08-23 00:00:00+00:00,,,,2760.51,2762.443948,-0.000700085879172363,-0.000752295091399291,0.4778980035584398,,,,,,,,,
2024-08-24 00:00:00+00:00,,,,2766.45,2768.913267,-0.0008896150808901382,-0.0007775115364320184,-1.9462455467149105,,,,,,,,,
2024-08-25 00:00:00+00:00,,,,2743.64,2746.115653,-0.0009015108294129215,-0.0007781661243538058,-1.9144693396394536,,,,,,,,,
2024-08-26 00:00:00+00:00,,,,2678.72,2680.57767,-0.0006930110702594305,-0.0007794244045462584,0.7319662816320461,,,,,,,,,
2024-08-27 00:00:00+00:00,,,,2455.08,2457.173465,-0.0008519809569080827,-0.0007875226124939136,-1.2514475014430753,,,,,,,,,
2024-08-28 00:00:00+00:00,,,,2525.61,2527.56659,-0.0007741002780068396,-0.0007831949987633369,-0.24496508352571658,,,,,,,,,
2024-08-29 00:00:00+00:00,,,,2525.64,2527.749914,-0.0008347004536779501,-0.0008064292211896751,-0.9501781950955746,,,,,,,,,
2024-08-30 00:00:00+00:00,,,,2523.88,2525.938579,-0.0008149758735681578,-0.0008228420775319315,-0.6440645905167584,,,,,,,,,
2024-08-31 00:00:00+00:00,,,,2511.35,2513.222301,-0.000744980258712058,-0.00080217996007792,0.28189758084659355,,,,,,,,,
2024-09-01 00:00:00+00:00,,,,2424.21,2426.130397,-0.0007915473143464968,-0.0007864708864970023,-0.3534211747883533,,,,,,,,,
2024-09-02 00:00:00+00:00,,,,2536.02,2538.008977,-0.0007836761091172262,-0.0007994230349052588,-0.27473791841981055,,,,,,,,,
2024-09-03 00:00:00+00:00,,,,2424.45,2425.467357,-0.0004194478219069486,-0.0007376325870479539,3.4341946675728114,,,,,,,,,
2024-09-04 00:00:00+00:00,,,,2448.85,2450.572102,-0.0007027346792182199,-0.0007274375015067225,0.5030582956633898,,,,,,,,,
2024-09-05 00:00:00+00:00,,,,2366.89,2368.756619,-0.0007880163732431056,-0.0007207683471588876,-0.39565133509327427,,,,,,,,,
2024-09-06 00:00:00+00:00,,,,2223.29,2225.28419,-0.0008961507069350505,-0.0007323647519255865,-1.4215276510432884,,,,,,,,,
2024-09-07 00:00:00+00:00,,,,2271.66,2273.669943,-0.0008840082555465756,-0.0007522258943305175,-1.2187007139783537,,,,,,,,,
2024-09-08 00:00:00+00:00,,,,2295.93,2297.406448,-0.0006426585949933505,-0.0007309560772800681,1.157218640009155,,,,,,,,,
2024-09-09 00:00:00+00:00,,,,2357.52,2359.404431,-0.0007986892688852665,-0.0007331008143897881,-0.36224058083398125,,,,,,,,,
2024-09-10 00:00:00+00:00,,,,2387.07,2388.44392,-0.0005752364493447626,-0.0007553563325951902,1.722565212827382,,,,,,,,,
2024-09-11 00:00:00+00:00,,,,2339.16,2340.534346,-0.0005871932630892029,-0.0007388504160053306,1.5042498233623327,,,,,,,,,
2024-09-12 00:00:00+00:00,,,,2360.46,2361.793664,-0.0005646826902486746,-0.0007069456041489833,1.5890676999968905,,,,,,,,,
2024-09-13 00:00:00+00:00,,,,2437.76,2439.306193,-0.0006338658936859698,-0.0006694763451134003,0.9277990813269521,,,,,,,,,
2024-09-14 00:00:00+00:00,,,,2416.15,2417.829005,-0.0006944266929248544,-0.0006423932647388687,0.4231490191805221,,,,,,,,,
2024-09-15 00:00:00+00:00,,,,2314.14,2316.156676,-0.0008706993015182851,-0.0006749705085281452,-1.0547143496664932,,,,,,,,,
2024-09-16 00:00:00+00:00,,,,2294.0,2295.634506,-0.0007120061994746463,-0.0006625872128980566,0.29584074165579755,,,,,,,,,
2024-09-17 00:00:00+00:00,,,,2340.1,2341.757017,-0.0007075956164414032,-0.0006814956653404337,0.28776163089731754,,,,,,,,,
2024-09-18 00:00:00+00:00,,,,2372.9,2374.6725,-0.0007464187166862368,-0.0007042421587114386,-0.03424643531694372,,,,,,,,,
2024-09-19 00:00:00+00:00,,,,2464.53,2465.09767,-0.00023028296481242272,-0.0006564707693634027,3.3642944024271966,,,,,,,,,
2024-09-20 00:00:00+00:00,,,,2560.38,2561.397435,-0.00039721871588416224,-0.0006226640296774301,1.988144760009874,,,,,,,,,
2024-09-21 00:00:00+00:00,,,,2611.64,2612.619602,-0.00037495010726029676,-0.0005770245174396362,1.926983863981255,,,,,,,,,
2024-09-22 00:00:00+00:00,,,,2579.93,2581.081448,-0.0004461106800377479,-0.0005163690000852737,1.4032124433256807,,,,,,,,,
2024-09-23 00:00:00+00:00,,,,2645.82,2647.093749,-0.00048118771784377845,-0.000483394931280864,1.1253008994751275,,,,,,,,,
2024-09-24 00:00:00+00:00,,,,2652.52,2653.264829,-0.0002807216949696212,-0.00042241294249918085,2.045648966962235,,,,,,,,,
2024-09-25 00:00:00+00:00,,,,2579.18,2580.161164,-0.0003802723696837429,-0.0003701063214988246,1.3979943155855972,,,,,,,,,
2024-09-26 00:00:00+00:00,,,,2631.14,2632.103409,-0.00036602247339745375,-0.00038949767986811476,1.3690573473779324,,,,,,,,,
2024-09-27 00:00:00+00:00,,,,2693.4,2694.527556,-0.00041846148408808403,-0.0003925323610401036,1.0270570052931396,,,,,,,,,
2024-09-28 00:00:00+00:00,,,,2674.16,2675.19588,-0.00038721650543227515,-0.00039428470363610046,1.1104534791243368,,,,,,,,,
2024-09-29 00:00:00+00:00,,,,2656.4,2657.618039,-0.0004583198119990639,-0.00039602886534485993,0.694114380666039,,,,,,,,,
2024-09-30 00:00:00+00:00,,,,2601.36,2602.145056,-0.00030169570992577555,-0.0003703871499280024,1.3949599179176493,,,,,,,,,
2024-10-01 00:00:00+00:00,,,,2447.25,2448.077142,-0.00033787415674502164,-0.00037855178732448813,1.1330639953994441,,,,,,,,,
2024-10-02 00:00:00+00:00,,,,2362.92,2364.106038,-0.0005016856185533491,-0.00039589653716300333,0.26405105784342375,,,,,,,,,
2024-10-03 00:00:00+00:00,,,,2348.59,2349.801022,-0.0005153721479655982,-0.0004172322049584525,0.21155910746999576,,,,,,,,,
2024-10-04 00:00:00+00:00,,,,2413.4,2414.469232,-0.00044284349778778154,-0.000420715349772695,0.546434964219003,,,,,,,,,
2024-10-05 00:00:00+00:00,,,,2413.42,2414.699971,-0.0005300745497875958,-0.0004411236418234551,0.046933980799445316,,,,,,,,,
2024-10-06 00:00:00+00:00,,,,2438.84,2440.061022,-0.0005004063377885837,-0.00044713600265052937,0.14545940820797792,,,,,,,,,
2024-10-07 00:00:00+00:00,,,,2422.14,2422.706875,-0.00023398414634867581,-0.0004374629221395151,1.6123787629284632,,,,,,,,,
2024-10-08 00:00:00+00:00,,,,2439.8,2440.814545,-0.00041565837194734723,-0.00044857495288270447,0.48603888765486575,,,,,,,,,
2024-10-09 00:00:00+00:00,,,,2369.84,2370.667982,-0.0003492610548109232,-0.00042680001520521504,0.8366687377817494,,,,,,,,,
2024-10-10 00:00:00+00:00,,,,2385.41,2386.345482,-0.0003920144870290798,-0.00040917749221428386,0.527982725719577,,,,,,,,,
2024-10-11 00:00:00+00:00,,,,2438.52,2439.390357,-0.0003567928345303839,-0.0003968845403203699,0.7027376002040309,,,,,,,,,
2024-10-12 00:00:00+00:00,,,,2475.16,2476.390037,-0.0004967056811011616,-0.00039211755907945074,-0.20014034763143312,,,,,,,,,
2024-10-13 00:00:00+00:00,,,,2467.81,2468.904715,-0.00044340107309492893,-0.00038397394983750007,0.10155925608379493,,,,,,,,,
2024-10-14 00:00:00+00:00,,,,2628.99,2629.742215,-0.00028604134493104283,-0.00039141069249212394,1.0625331557298061,,,,,,,,,
2024-10-15 00:00:00+00:00,,,,2606.76,2607.461107,-0.0002688849310609198,-0.0003704430580797772,1.203058084875742,,,,,,,,,
2024-10-16 00:00:00+00:00,,,,2610.39,2611.144488,-0.0002889491575313041,-0.0003618270727541173,1.0150547793692062,,,,,,,,,
2024-10-17 00:00:00+00:00,,,,2604.77,2605.627073,-0.0003289315684816829,-0.0003528152272473463,0.6482296544081645,,,,,,,,,
2024-10-18 00:00:00+00:00,,,,2641.49,2642.19213,-0.0002657376774489739,-0.00033980734766428773,1.32974462633012,,,,,,,,,
2024-10-19 00:00:00+00:00,,,,2648.25,2648.209431,1.5319407719482925e-05,-0.0002666609064041957,3.5124626432138517,,,,,,,,,
2024-10-20 00:00:00+00:00,,,,2747.14,2746.971306,6.141090721678566e-05,-0.00019454490921680785,3.083413409056569,,,,,,,,,
2024-10-21 00:00:00+00:00,,,,2666.57,2666.674147,-3.905501544576584e-05,-0.0001592611478617683,2.0825922169900877,,,,,,,,,
2024-10-22 00:00:00+00:00,,,,2622.01,2622.697471,-0.0002621236370573543,-0.00015829524871840178,0.5384851783649437,,,,,,,,,
2024-10-23 00:00:00+00:00,,,,2523.86,2524.691079,-0.00032918047158836394,-0.00016404257929798178,0.05165536541980107,,,,,,,,,
2024-10-24 00:00:00+00:00,,,,2535.41,2535.85517,-0.0001755502464283465,-0.00014213096186179084,1.0638502188512655,,,,,,,,,
2024-10-25 00:00:00+00:00,,,,2440.03,2440.847613,-0.0003349709320832339,-0.00015202142680954229,-0.02222966424923782,,,,,,,,,
2024-10-26 00:00:00+00:00,,,,2481.88,2482.544573,-0.00026769831536077593,-0.0001924525301067221,0.40958107032952445,,,,,,,,,
2024-10-27 00:00:00+00:00,,,,2507.46,2508.003219,-0.00021659421961062186,-0.0002321675482249232,0.7072918961849224,,,,,,,,,
2024-10-28 00:00:00+00:00,,,,2566.77,2567.430284,-0.00025717699293137386,-0.00026332783072286717,0.4051810673413602,,,,,,,,,
2024-10-29 00:00:00+00:00,,,,2639.48,2638.845312,0.00024051731911445273,-0.00019152197984118047,3.0103312854013415,,,,,,,,,
2024-10-30 00:00:00+00:00,,,,2659.54,2659.083721,0.00017159256641541276,-0.00011998297441206951,2.285292957045348,,,,,,,,,
2024-10-31 00:00:00+00:00,,,,2518.55,2518.674772,-4.953875005486719e-05,-0.00010198133207300104,1.091024697141476,,,,,,,,,
2024-11-01 00:00:00+00:00,,,,2511.83,2511.588571,9.612601474140448e-05,-4.0396053955195554e-05,1.670024740535065,,,,,,,,,
2024-11-02 00:00:00+00:00,,,,2493.9,2494.202869,-0.0001214291763370623,-1.9500462666093605e-05,0.5668308056985627,,,,,,,,,
2024-11-03 00:00:00+00:00,,,,2457.25,2457.630568,-0.00015485158955752532,-1.068008694422267e-05,0.359273315489271,,,,,,,,,
2024-11-04 00:00:00+00:00,,,,2397.86,2398.357982,-0.00020763455820071997,-3.6025962684149704e-06,0.0401985470553733,,,,,,,,,
2024-11-05 00:00:00+00:00,,,,2421.53,2422.497386,-0.00039933417703175156,-9.500995286072987e-05,-1.0124881561072885,,,,,,,,,
2024-11-06 00:00:00+00:00,,,,2722.71,2721.880284,0.0003048319225784635,-7.59757591231512e-05,2.401526459529772,,,,,,,,,
2024-11-07 00:00:00+00:00,,,,2895.31,2895.028787,9.71365125150836e-05,-5.5022150184586795e-05,1.3052607294880083,,,,,,,,,
2024-11-08 00:00:00+00:00,,,,2961.96,2961.592045,0.00012424229752427962,-5.100553835846178e-05,1.3316395318326089,,,,,,,,,
2024-11-09 00:00:00+00:00,,,,3127.4,3126.541846,0.00027447385714607364,5.552037853414785e-06,1.8467117369842005,,,,,,,,,
2024-11-10 00:00:00+00:00,,,,3186.23,3183.457142,0.0008710209926865442,0.00015210526388828187,3.3860357340842855,,,,,,,,,
2024-11-11 00:00:00+00:00,,,,3374.53,3371.542897,0.0008859750835910063,0.0003083352127156713,2.8591432205681,,,,,,,,,
2024-11-12 00:00:00+00:00,,,,3246.24,3243.914285,0.0007169471187182808,0.00046780396925139023,2.0977520335787907,,,,,,,,,
2024-11-13 00:00:00+00:00,,,,3188.89,3187.166036,0.0005409081235576707,0.0005015291408198484,1.469509194456266,,,,,,,,,
2024-11-14 00:00:00+00:00,,,,3059.91,3058.900383,0.0003300588033565699,0.0005348037537972036,0.8244420717249578,,,,,,,,,
2024-11-15 00:00:00+00:00,,,,3092.41,3090.157073,0.0007290655286376069,0.0006212070725276789,1.7630306729834049,,,,,,,,,
2024-11-16 00:00:00+00:00,,,,3133.87,3132.511676,0.00043362136856717193,0.0006439424313021215,0.911792169813808,,,,,,,,,
2024-11-17 00:00:00+00:00,,,,3077.98,3075.945203,0.0006615192617915877,0.000614013612602842,1.411735341473427,,,,,,,,,
2024-11-18 00:00:00+00:00,,,,3211.12,3208.063658,0.0009527061573040285,0.0006235466231332738,1.9507531926637316,,,,,,,,,
2024-11-19 00:00:00+00:00,,,,3108.86,3107.151006,0.0005500196149783587,0.0005996998368847135,0.912058421831793,,,,,,,,,
2024-11-20 00:00:00+00:00,,,,3070.85,3069.585426,0.0004119689875019539,0.0005812799603053254,0.5421916062945056,,,,,,,,,
2024-11-21 00:00:00+00:00,,,,3358.83,3356.104603,0.0008120715300601322,0.0006501389212629771,1.4001110285880616,,,,,,,,,
2024-11-22 00:00:00+00:00,,,,3329.56,3327.622642,0.0005822048376362687,0.0006291588225485002,0.797503469718147,,,,,,,,,
2024-11-23 00:00:00+00:00,,,,3396.32,3393.976534,0.0006904779619198997,0.00066585262159889,0.9919130906509386,,,,,,,,,
2024-11-24 00:00:00+00:00,,,,3362.47,3361.123733,0.0004005407437941422,0.0006285699761706834,0.23729576038668418,,,,,,,,,
2024-11-25 00:00:00+00:00,,,,3417.47,3414.997142,0.0007241171506666699,0.0005959144037939179,0.9935764514635561,,,,,,,,,
2024-11-26 00:00:00+00:00,,,,3326.83,3324.882857,0.0005856275495241814,0.0006010012515861783,0.584890414537358,,,,,,,,,
2024-11-27 00:00:00+00:00,,,,3656.1,3653.365227,0.0007485627168586362,0.0006490860700657043,0.9638484950234746,,,,,,,,,
2024-11-28 00:00:00+00:00,,,,3581.13,3578.405162,0.0007614671555182806,0.0006418568737025827,0.9396770229304667,,,,,,,,,
2024-11-29 00:00:00+00:00,,,,3594.67,3592.117897,0.0007104730616251942,0.0006601809057010006,0.7497914197782568,,,,,,,,,
2024-11-30 00:00:00+00:00,,,,3705.62,3703.612045,0.0005421612673257581,0.0006389928064732661,0.2446596771059956,,,,,,,,,
2024-12-01 00:00:00+00:00,,,,3711.2,3707.660454,0.0009546575377961108,0.0007181523484735473,1.3072880041676562,,,,,,,,,
2024-12-02 00:00:00+00:00,,,,3646.16,3643.467556,0.0007389784480353878,0.0007202753909547928,0.6580067619018861,,,,,,,,,
2024-12-03 00:00:00+00:00,,,,3616.58,3614.585767,0.0005517182683023591,0.0007154312079231039,0.0490051214381849,,,,,,,,,
2024-12-04 00:00:00+00:00,,,,3841.24,3838.009375,0.0008417449475353056,0.000728742955162628,0.9258706776445974,,,,,,,,,
2024-12-05 00:00:00+00:00,,,,3787.06,3785.348437,0.0004521546770357432,0.0006845554582365512,-0.6413440109281419,,,,,,,,,
2024-12-06 00:00:00+00:00,,,,4001.73,3998.883409,0.0007118464603377284,0.0006847516580526276,0.44249589238949427,,,,,,,,,
2024-12-07 00:00:00+00:00,,,,3999.43,3996.429602,0.0007507696366022554,0.0007145528536635558,0.5734565882265914,,,,,,,,,
2024-12-08 00:00:00+00:00,,,,4006.84,4004.005284,0.0007079700946768241,0.0006793117903608005,0.3018055983481167,,,,,,,,,
2024-12-09 00:00:00+00:00,,,,3714.71,3713.614285,0.0002950535289638623,0.0006158939447791541,-2.0363548428546387,,,,,,,,,
2024-12-10 00:00:00+00:00,,,,3628.63,3628.196477,0.00011948718950272053,0.0005541466478077771,-2.589281046650442,,,,,,,,,
2024-12-11 00:00:00+00:00,,,,3830.45,3831.672357,-0.00031901396729994147,0.0003883239456884561,-3.5380615590674944,,,,,,,,,
2024-12-12 00:00:00+00:00,,,,3880.49,3881.653153,-0.00029965402733145297,0.000280922702207428,-2.8281744112505796,,,,,,,,,
2024-12-13 00:00:00+00:00,,,,3905.06,3906.731818,-0.00042793262447593516,0.00011809711866261896,-2.7043623415317115,,,,,,,,,
2024-12-14 00:00:00+00:00,,,,3868.62,3870.307269,-0.0004359522081139877,-5.143457343970148e-05,-2.3833163552632306,,,,,,,,,
2024-12-15 00:00:00+00:00,,,,3958.12,3959.024829,-0.0002285484529856996,-0.0001852229373914906,-1.690323040618201,,,,,,,,,
2024-12-16 00:00:00+00:00,,,,3984.68,3986.152812,-0.00036948207192810667,-0.00028015659466177186,-1.8449968873659925,,,,,,,,,
2024-12-17 00:00:00+00:00,,,,3891.46,3893.084062,-0.00041716592144824816,-0.0003568213247976245,-1.7719618951268177,,,,,,,,,
2024-12-18 00:00:00+00:00,,,,3626.03,3627.414005,-0.0003815404026372704,-0.0003657536727029572,-1.567180118475152,,,,,,,,,
2024-12-19 00:00:00+00:00,,,,3416.33,3417.079573,-0.00021936070963135545,-0.00035428319874580047,-1.145259107506834,,,,,,,,,
2024-12-20 00:00:00+00:00,,,,3470.03,3471.980752,-0.0005618556493656168,-0.0003734150594443264,-1.6946280465503774,,,,,,,,,
2024-12-21 00:00:00+00:00,,,,3336.92,3338.719999,-0.0005391284685565267,-0.000388154525221832,-1.5231523725647407,,,,,,,,,
2024-12-22 00:00:00+00:00,,,,3280.19,3281.503295,-0.00040021139152934815,-0.00041267780215663893,-1.1727361553619657,,,,,,,,,
2024-12-23 00:00:00+00:00,,,,3421.09,3422.417897,-0.00038799966572278244,-0.00041532317269873546,-1.0745225999039079,,,,,,,,,
2024-12-24 00:00:00+00:00,,,,3491.95,3493.215397,-0.00036224419515806794,-0.0004074772118001383,-0.9652175842650553,,,,,,,,,
2024-12-25 00:00:00+00:00,,,,3495.78,3496.981704,-0.00034364034522260667,-0.00040206291788375773,-0.8704226865088739,,,,,,,,,
2024-12-26 00:00:00+00:00,,,,3333.26,3335.02534,-0.0005293333093534525,-0.0004463447178440573,-1.133915750816079,,,,,,,,,
2024-12-27 00:00:00+00:00,,,,3332.38,3333.435255,-0.0003165668204945238,-0.0004113034565767583,-0.6909744075450966,,,,,,,,,
2024-12-28 00:00:00+00:00,,,,3402.64,3404.109659,-0.0004317308040047152,-0.00039596093306935664,-0.8479810882161516,,,,,,,,,
2024-12-29 00:00:00+00:00,,,,3355.43,3356.460482,-0.0003070144890805482,-0.00038264708986238523,-0.5607020618219407,,,,,,,,,
2024-12-30 00:00:00+00:00,,,,3360.28,3361.892982,-0.00047978386243574533,-0.0003957591179642371,-0.8398514002971715,,,,,,,,,
2024-12-31 00:00:00+00:00,,,,3336.53,3337.68821,-0.00034700964473843854,-0.00039358275361857576,-0.5283886229134865,,,,,,,,,
2025-01-01 00:00:00+00:00,,,,3359.37,3360.378068,-0.0002999864835446786,-0.000387346487664586,-0.37608158560087157,,,,,,,,,
2025-01-02 00:00:00+00:00,,,,3454.4,3455.400416,-0.0002895224516867856,-0.00035308779371220504,-0.30215472988934206,,,,,,,,,
2025-01-03 00:00:00+00:00,,,,3607.73,3608.997755,-0.00035127619523822595,-0.0003580462758184482,-0.39346537610203264,,,,,,,,,
2025-01-04 00:00:00+00:00,,,,3656.0,3656.867869,-0.00023732577470392258,-0.00033027412877547783,-0.038671246571351715,,,,,,,,,
2025-01-05 00:00:00+00:00,,,,3634.87,3635.726619,-0.00023561149936945913,-0.00032007370167389367,0.06057834818179427,,,,,,,,,
2025-01-06 00:00:00+00:00,,,,3686.14,3687.464232,-0.0003591172460760683,-0.00030283561362251125,-0.26387776881961045,,,,,,,,,
2025-01-07 00:00:00+00:00,,,,3379.62,3381.210795,-0.00047048087103962466,-0.0003204743602369664,-0.8043036474907423,,,,,,,,,
2025-01-08 00:00:00+00:00,,,,3325.67,3327.252642,-0.0004756603030446893,-0.0003455706201655394,-0.9242107769978821,,,,,,,,,
2025-01-09 00:00:00+00:00,,,,3217.88,3219.227897,-0.00041870195063109517,-0.00036402483430044075,-0.47632712009290645,,,,,,,,,
2025-01-10 00:00:00+00:00,,,,3265.57,3267.085482,-0.00046386358984151776,-0.0003801087478151967,-0.9060008768311195,,,,,,,,,
2025-01-11 00:00:00+00:00,,,,3281.64,3282.975113,-0.0004066777706335234,-0.00040430189009085397,-0.2559580416005545,,,,,,,,,
2025-01-12 00:00:00+00:00,,,,3265.74,3267.326164,-0.000485462399645642,-0.00043999487584459436,-1.0742936538843668,,,,,,,,,
2025-01-13 00:00:00+00:00,,,,3136.4,3137.54378,-0.00036454630762150497,-0.000440770456065371,0.19512028977487134,,,,,,,,,
2025-01-14 00:00:00+00:00,,,,3224.27,3225.599115,-0.00041205213438311183,-0.0004324234936858692,-0.26275796901036624,,,,,,,,,
2025-01-15 00:00:00+00:00,,,,3449.47,3451.417142,-0.0005641572490051594,-0.0004450659145373649,-1.797281287445481,,,,,,,,,
2025-01-16 00:00:00+00:00,,,,3306.87,3307.99753,-0.0003408497103685182,-0.00043394416592842537,0.5500362171532288,,,,,,,,,
2025-01-17 00:00:00+00:00,,,,3471.36,3473.399664,-0.0005872241024089675,-0.0004515670962952039,-1.861559588168728,,,,,,,,,
2025-01-18 00:00:00+00:00,,,,3306.54,3307.823048,-0.00038788290104452283,-0.0004488821149253467,0.18277283307537015,,,,,,,,,
2025-01-19 00:00:00+00:00,,,,3213.18,3214.425091,-0.00038734484853486517,-0.00043486532190952144,0.13377703917060435,,,,,,,,,
2025-01-20 00:00:00+00:00,,,,3282.76,3283.266747,-0.00015434231789512864,-0.0004048361805200391,2.399704299405565,,,,,,,,,
2025-01-21 00:00:00+00:00,,,,3326.59,3327.517012,-0.0002785897101822421,-0.00038577011991991483,1.0529320677952212,,,,,,,,,
2025-01-22 00:00:00+00:00,,,,3241.73,3242.77619,-0.0003226217101340856,-0.00035126504293833287,0.5813155330914135,,,,,,,,,
2025-01-23 00:00:00+00:00,,,,3337.0,3337.680396,-0.00020385295153357852,-0.0003316940773904843,1.6402139618775176,,,,,,,,,
2025-01-24 00:00:00+00:00,,,,3308.5,3310.032551,-0.0004630017911868567,-0.0003139480329301828,-0.7963276718660115,,,,,,,,,
2025-01-25 00:00:00+00:00,,,,3317.77,3318.800848,-0.0003106085743653786,-0.00030290884340459075,0.5984784347775841,,,,,,,,,
2025-01-26 00:00:00+00:00,,,,3232.06,3233.830873,-0.0005476084153891447,-0.00032580363866948784,-1.578911853776616,,,,,,,,,
2025-01-27 00:00:00+00:00,,,,3180.73,3182.439077,-0.0005370336897733141,-0.00038047383465208577,-1.4011130449800695,,,,,,,,,
2025-01-28 00:00:00+00:00,,,,3076.08,3077.610119,-0.0004971776608588829,-0.00041170068474874873,-0.9726107585016694,,,,,,,,,
2025-01-29 00:00:00+00:00,,,,3112.57,3113.816636,-0.00040035626555112724,-0.00042280562123689754,-0.12491114103865139,,,,,,,,,
2025-01-30 00:00:00+00:00,,,,3245.93,3247.371339,-0.0004438479156017028,-0.00045709061610377244,-0.49127534002543055,,,,,,,,,
2025-01-31 00:00:00+00:00,,,,3299.45,3300.998571,-0.0004691219843609984,-0.0004579649294143641,-0.6727270506701499,,,,,,,,,
2025-02-01 00:00:00+00:00,,,,3116.36,3117.465059,-0.0003544735800036225,-0.0004642313587912561,0.40074655751934035,,,,,,,,,
2025-02-02 00:00:00+00:00,,,,2868.11,2869.785119,-0.0005837088599106588,-0.0004693885651514724,-1.582520868709038,,,,,,,,,
2025-02-03 00:00:00+00:00,,,,2878.83,2879.865992,-0.0003597361831689794,-0.0004440603499222817,0.4589270038099531,,,,,,,,,
2025-02-04 00:00:00+00:00,,,,2729.63,2730.954047,-0.00048482946882777433,-0.0004422963224892662,-0.6431858405098858,,,,,,,,,
2025-02-05 00:00:00+00:00,,,,2787.31,2788.346088,-0.00037157797751818933,-0.0004381851384845608,0.4489559084704296,,,,,,,,,
2025-02-06 00:00:00+00:00,,,,2685.31,2686.795535,-0.0005529021396115663,-0.00045376431334311274,-1.239315028877224,,,,,,,,,
2025-02-07 00:00:00+00:00,,,,2620.52,2622.153482,-0.0006229543812799054,-0.0004757403700458137,-1.7549648425142834,,,,,,,,,
2025-02-08 00:00:00+00:00,,,,2631.03,2632.34866,-0.0005009442784071894,-0.0004966647555320376,-0.6392450355893773,,,,,,,,,
2025-02-09 00:00:00+00:00,,,,2625.99,2627.224702,-0.0004699643692678279,-0.00048041554258306175,-0.36330535574561895,,,,,,,,,
2025-02-10 00:00:00+00:00,,,,2659.87,2661.210684,-0.0005037872454296544,-0.0005009942657631582,-0.6295028180790199,,,,,,,,,
2025-02-11 00:00:00+00:00,,,,2601.41,2602.605446,-0.0004593266343300151,-0.0004973510036920496,-0.24751336747473385,,,,,,,,,
2025-02-12 00:00:00+00:00,,,,2736.32,2737.725317,-0.0005133155584576832,-0.0005175992295405488,-0.6777826318814035,,,,,,,,,
2025-02-13 00:00:00+00:00,,,,2674.47,2675.773005,-0.00048696395305780626,-0.0005081794886042974,-0.4232957375539757,,,,,,,,,
2025-02-14 00:00:00+00:00,,,,2723.98,2725.307589,-0.0004871336378170499,-0.0004887765252524609,-0.4555663741321082,,,,,,,,,
2025-02-15 00:00:00+00:00,,,,2691.73,2693.124255,-0.0005177091244161769,-0.0004911715032537448,-0.6791258134662552,,,,,,,,,
2025-02-16 00:00:00+00:00,,,,2659.96,2661.443169,-0.0005572799815062313,-0.0005036451621449453,-1.0545468401620022,,,,,,,,,
2025-02-17 00:00:00+00:00,,,,2742.93,2744.14497,-0.00044274993241333327,-0.0004949255459997566,0.0007185774087775408,,,,,,,,,
2025-02-18 00:00:00+00:00,,,,2670.45,2671.940982,-0.0005580145706977069,-0.0005090238226237125,-0.9842750494121855,,,,,,,,,
2025-02-19 00:00:00+00:00,,,,2714.04,2715.541726,-0.0005530115724687867,-0.0005146946817681559,-0.9315630291480924,,,,,,,,,
2025-02-20 00:00:00+00:00,,,,2736.81,2738.096696,-0.00046992350631003266,-0.0005122603322327597,-0.018986546448792184,,,,,,,,,
2025-02-21 00:00:00+00:00,,,,2660.79,2662.854285,-0.0007752151560181941,-0.0005534148348329231,-2.825952190218507,,,,,,,,,
2025-02-22 00:00:00+00:00,,,,2762.01,2763.170952,-0.0004201520717201923,-0.000539478113019211,0.7831765024700775,,,,,,,,,
2025-02-23 00:00:00+00:00,,,,2818.24,2819.655684,-0.0005020769053587504,-0.0005315919592838567,-0.11479110820343917,,,,,,,,,
2025-02-24 00:00:00+00:00,,,,2513.36,2514.167142,-0.00032103752631085225,-0.0005142044726977879,1.923234377231461,,,,,,,,,
2025-02-25 00:00:00+00:00,,,,2494.03,2495.340327,-0.0005251095354896762,-0.000509503753382355,-0.3808033029236166,,,,,,,,,
2025-02-26 00:00:00+00:00,,,,2334.8,2336.221428,-0.0006084303409614744,-0.0005174207203098817,-1.2632613987867292,,,,,,,,,
2025-02-27 00:00:00+00:00,,,,2306.31,2307.399732,-0.0004722770766101281,-0.0005177569446384668,0.22733184117493596,,,,,,,,,
2025-02-28 00:00:00+00:00,,,,2236.04,2237.120773,-0.00048310891975256176,-0.0004760274823148051,0.14105784596498483,,,,,,,,,
2025-03-01 00:00:00+00:00,,,,2216.24,2217.426904,-0.0005352618378802187,-0.0004924717346233802,-0.41078278546256813,,,,,,,,,
2025-03-02 00:00:00+00:00,,,,2517.06,2518.203541,-0.00045410983718408016,-0.0004856192963127131,0.49507564861540454,,,,,,,,,
2025-03-03 00:00:00+00:00,,,,2148.06,2148.990312,-0.0004329065583986713,-0.000501600586610973,0.7913497379460479,,,,,,,,,
2025-03-04 00:00:00+00:00,,,,2170.56,2171.539315,-0.000450977328955271,-0.0004910102713917722,0.5356037231254969,,,,,,,,,
2025-03-05 00:00:00+00:00,,,,2240.41,2241.573258089369,-0.0005189471658672007,-0.0004782269606640188,-0.21278429769477925,,,,,,,,,
2025-03-06 00:00:00+00:00,,,,2201.19,2202.24496794848,-0.00047904205201232397,-0.00047919338572147537,0.2779394346156655,,,,,,,,,
2025-03-07 00:00:00+00:00,,,,2140.64,2141.653298739452,-0.00047313855143993333,-0.0004777690473910999,0.4108526371732355,,,,,,,,,
2025-03-08 00:00:00+00:00,,,,2202.67,2203.57166870684,-0.0004091851060006313,-0.00045975808569401595,1.1551695183609647,,,,,,,,,
2025-03-09 00:00:00+00:00,,,,2018.86,2020.12378790544,-0.0006255992395151067,-0.00048425657174130547,-1.5895178752121268,,,,,,,,,
2025-03-10 00:00:00+00:00,,,,1864.19,1865.053386031211,-0.00046292832027083897,-0.0004885453948659009,0.4550714543957289,,,,,,,,,
2025-03-11 00:00:00+00:00,,,,1922.42,1923.404178657957,-0.0005116858270753921,-0.0004972180374544896,-0.14351520431058473,,,,,,,,,
2025-03-12 00:00:00+00:00,,,,1907.28,1908.233849921311,-0.0004998600781295215,-0.0004944913106348211,0.004504094950990628,,,,,,,,,
2025-03-13 00:00:00+00:00,,,,1863.73,1864.649189048044,-0.0004929554864490093,-0.0004964789441257762,0.106574093523857,,,,,,,,,
2025-03-14 00:00:00+00:00,,,,1910.93,1911.579930136699,-0.0003399963174192111,-0.00047745862497995873,1.853651407072242,,,,,,,,,
2025-03-15 00:00:00+00:00,,,,1936.16,1937.179029708279,-0.0005260379617222366,-0.0004941518900830452,-0.34697019438766824,,,,,,,,,
2025-03-16 00:00:00+00:00,,,,1886.13,1887.132366619476,-0.0005311586178088357,-0.000480660372696435,-0.38945022359743237,,,,,,,,,
2025-03-17 00:00:00+00:00,,,,1925.39,1926.318335895083,-0.0004819223685847973,-0.00048337380816985764,0.18055196753267158,,,,,,,,,
2025-03-18 00:00:00+00:00,,,,1930.65,1931.560627986242,-0.000471446752976834,-0.0004776253690129208,0.27304711290752404,,,,,,,,,
2025-03-19 00:00:00+00:00,,,,2055.22,2056.164191468684,-0.0004592004240719927,-0.0004718168470047024,0.4275943970117689,,,,,,,,,
2025-03-20 00:00:00+00:00,,,,1982.97,1983.899058034389,-0.00046829904506817677,-0.00046829449823601203,0.28501664261784726,,,,,,,,,
2025-03-21 00:00:00+00:00,,,,1964.91,1965.826405831871,-0.00046616823802558827,-0.00048631905832263733,0.27812025470902546,,,,,,,,,
2025-03-22 00:00:00+00:00,,,,1979.84,1980.713458120936,-0.0004409815651803539,-0.0004741681445309398,0.5711704738667862,,,,,,,,,
2025-03-23 00:00:00+00:00,,,,2004.86,2005.874132530613,-0.0005055813394101438,-0.000470514247616841,-0.4285658632427959,,,,,,,,,
2025-03-24 00:00:00+00:00,,,,2080.41,2081.219428829669,-0.00038892046578886674,-0.0004572282615031366,1.4058045320561743,,,,,,,,,
2025-03-25 00:00:00+00:00,,,,2065.22,2066.214661577566,-0.00048139314663786514,-0.0004586491748832839,-0.06550220542478473,,,,,,,,,
2025-03-26 00:00:00+00:00,,,,2008.69,2009.523780066855,-0.00041491425736062126,-0.0004523225796388023,1.1444852487470702,,,,,,,,,
2025-03-27 00:00:00+00:00,,,,2002.9,2003.695551547326,-0.00039704212883617807,-0.0004421430201770882,1.3513175271718627,,,,,,,,,
2025-03-28 00:00:00+00:00,,,,1896.03,1896.954854598216,-0.0004875469734949567,-0.0004451971252441408,-0.29175283546002306,,,,,,,,,
2025-03-29 00:00:00+00:00,,,,1827.06,1827.96141663784,-0.0004931267310325227,-0.0004526464346515935,-0.3829270166994493,,,,,,,,,
2025-03-30 00:00:00+00:00,,,,1806.82,1807.697086824277,-0.0004851956838730631,-0.0004497341981462962,-0.23227737791740785,,,,,,,,,
2025-03-31 00:00:00+00:00,,,,1821.59,1822.196139328935,-0.00033264219797890515,-0.000441694445602016,2.315822904518263,,,,,,,,,
2025-04-01 00:00:00+00:00,,,,1904.25,1905.022506578765,-0.0004055104735493087,-0.00043085406373222224,1.0053972656072394,,,,,,,,,
2025-04-02 00:00:00+00:00,,,,1794.3,1795.281056728097,-0.0005464641452213037,-0.0004496469048551769,-1.2993250270872763,,,,,,,,,
2025-04-03 00:00:00+00:00,,,,1816.16,1816.799577286423,-0.00035203513608161874,-0.0004432173344616684,1.7708651871513479,,,,,,,,,
2025-04-04 00:00:00+00:00,,,,1816.08,1816.879835718212,-0.0004402248858114133,-0.0004364570362211622,0.3505421968130069,,,,,,,,,
2025-04-05 00:00:00+00:00,,,,1805.04,1805.844327495845,-0.00044540245446311744,-0.0004296392824255329,0.2507326776689916,,,,,,,,,
2025-04-06 00:00:00+00:00,,,,1579.93,1580.713869246564,-0.0004958957226949279,-0.000431167859400085,-0.5352855074741968,,,,,,,,,
2025-04-07 00:00:00+00:00,,,,1552.44,1553.042810005102,-0.00038814770669448606,-0.00043909721778802514,1.141174423883754,,,,,,,,,
2025-04-08 00:00:00+00:00,,,,1472.68,1473.446194183283,-0.0005200014675172948,-0.000455453074069166,-1.0866073534999645,,,,,,,,,
2025-04-09 00:00:00+00:00,,,,1668.77,1669.370905936541,-0.0003599595119360144,-0.0004288095550284104,1.5731435107827842,,,,,,,,,
2025-04-10 00:00:00+00:00,,,,1521.7,1522.428402240261,-0.0004784476164455542,-0.0004468684807946869,-0.4262803876372386,,,,,,,,,
2025-04-11 00:00:00+00:00,,,,1566.14,1566.741303171144,-0.00038379225078621904,-0.00043880667579108767,1.0957535865183878,,,,,,,,,
2025-04-12 00:00:00+00:00,,,,1643.52,1644.130255855524,-0.0003711724502061253,-0.00042820238946866026,1.217247706056434,,,,,,,,,
2025-04-13 00:00:00+00:00,,,,1596.96,1597.741848958481,-0.0004893462351196476,-0.00042726674838647734,-0.6735681671463574,,,,,,,,,
2025-04-14 00:00:00+00:00,,,,1623.2,1623.810873343347,-0.00037619734747140754,-0.00042555955421175184,1.1966898845955007,,,,,,,,,
2025-04-15 00:00:00+00:00,,,,1588.0,1588.747190885636,-0.0004703019397437336,-0.00041845962167267166,-0.4864167154154318,,,,,,,,,
2025-04-16 00:00:00+00:00,,,,1576.58,1577.20565722508,-0.00039668715504148633,-0.00042370642783059624,0.7839366958736319,,,,,,,,,
2025-04-17 00:00:00+00:00,,,,1582.94,1583.674470098029,-0.0004637759286372223,-0.000421610472429406,-0.42475146820688797,,,,,,,,,
2025-04-18 00:00:00+00:00,,,,1587.94,1588.684947608234,-0.00046890833160817547,-0.0004337699125468283,-0.5098818876992302,,,,,,,,,
2025-04-19 00:00:00+00:00,,,,1612.58,1613.262099435215,-0.0004228075744505677,-0.00044114635886746293,0.29032884296147693,,,,,,,,,
2025-04-20 00:00:00+00:00,,,,1586.57,1587.400626751965,-0.0005232622048693125,-0.00044599149740312934,-1.4326838753774287,,,,,,,,,
2025-04-21 00:00:00+00:00,,,,1578.69,1579.608802181493,-0.0005816643843868929,-0.0004753439312481987,-2.1605250243497367,,,,,,,,,
2025-04-22 00:00:00+00:00,,,,1755.58,1756.217717687711,-0.0003631199487901249,-0.000460032218254826,1.219672895946791,,,,,,,,,
2025-04-23 00:00:00+00:00,,,,1794.45,1795.0753760887,-0.0003483843057681124,-0.0004531318112157726,1.3958666500569952,,,,,,,,,
2025-04-24 00:00:00+00:00,,,,1768.83,1769.668784125129,-0.00047397803060855725,-0.00045458925435453476,-0.5343634208475869,,,,,,,,,
2025-04-25 00:00:00+00:00,,,,1783.65,1784.487940814079,-0.00046956933410069457,-0.00045468368328203745,-0.43822005006183856,,,,,,,,,
2025-04-26 00:00:00+00:00,,,,1820.01,1820.78818965728,-0.00042739164374006045,-0.0004553385503233936,0.22636770089176778,,,,,,,,,
2025-04-27 00:00:00+00:00,,,,1790.31,1791.26630938274,-0.0005338733708833976,-0.00045685443118254857,-1.3613087642284347,,,,,,,,,
2025-04-28 00:00:00+00:00,,,,1799.19,1799.726569874738,-0.00029813966394642843,-0.00041635089969105366,1.964702966460828,,,,,,,,,
2025-04-29 00:00:00+00:00,,,,1796.78,1797.839886951002,-0.0005895335611890706,-0.0004486957014623316,-1.971553561155094,,,,,,,,,
2025-04-30 00:00:00+00:00,,,,1792.84,1793.624260589872,-0.0004372490978763466,-0.00046139067176350794,0.09333374708516917,,,,,,,,,
2025-05-01 00:00:00+00:00,,,,1837.25,1838.221416285722,-0.0005284544490210541,-0.00046917301725100746,-1.0855992454373469,,,,,,,,,
2025-05-02 00:00:00+00:00,,,,1841.4,1842.104358018577,-0.00038236596939300593,-0.00045671539372133766,0.8316207453615544,,,,,,,,,
2025-05-03 00:00:00+00:00,,,,1832.59,1833.58408843422,-0.0005421559013794042,-0.0004731102876698153,-1.2825651956471242,,,,,,,,,
2025-05-04 00:00:00+00:00,,,,1807.89,1808.880058785185,-0.0005473324670568491,-0.00047503301569459415,-1.2671008082294974,,,,,,,,,
2025-05-05 00:00:00+00:00,,,,1819.43,1820.167605675133,-0.0004052405244622248,-0.0004903331386254221,0.6110917636337654,,,,,,,,,
2025-05-06 00:00:00+00:00,,,,1816.08,1816.943545211805,-0.0004752735516085904,-0.000474010280113925,-0.329881144682701,,,,,,,,,
2025-05-07 00:00:00+00:00,,,,1810.28,1811.087585887063,-0.00044591211013544907,-0.0004752478532937968,0.08868404394686667,,,,,,,,,
2025-05-08 00:00:00+00:00,,,,2207.36,2207.68289134077,-0.00014625802556889056,-0.000420648364229202,3.206182374683272,,,,,,,,,
2025-05-09 00:00:00+00:00,,,,2344.16,2345.001678000494,-0.0003589242636328205,-0.00041729954912060407,0.8844051502628548,,,,,,,,,
2025-05-10 00:00:00+00:00,,,,2583.17,2584.006047287613,-0.00032354695473357786,-0.0003860696995997718,1.1868925456951938,,,,,,,,,
2025-05-11 00:00:00+00:00,,,,2513.69,2514.515511570405,-0.0003282984601233885,-0.00035477912718070596,1.098024910053309,,,,,,,,,
2025-05-12 00:00:00+00:00,,,,2494.18,2495.415168865367,-0.0004949752974086064,-0.0003675983804587605,-0.6077033852288456,,,,,,,,,
2025-05-13 00:00:00+00:00,,,,2678.83,2679.722486131331,-0.00033305170067055023,-0.0003472809731818976,1.0236862328441678,,,,,,,,,
2025-05-14 00:00:00+00:00,,,,2608.41,2609.524025925621,-0.00042690770981734794,-0.0003445660588507403,0.06949596969913589,,,,,,,,,
2025-05-15 00:00:00+00:00,,,,2547.72,2548.626491040875,-0.0003556782620214305,-0.0003744832354868174,0.7656839437970565,,,,,,,,,
2025-05-16 00:00:00+00:00,,,,2535.85,2537.165092691499,-0.0005183315406976918,-0.0003972557036389419,-0.8636954955056647,,,,,,,,,
2025-05-17 00:00:00+00:00,,,,2474.09,2475.221088119808,-0.00045696448096566034,-0.0004163153502435251,-0.23906804797791184,,,,,,,,,
2025-05-18 00:00:00+00:00,,,,2496.74,2497.703382327917,-0.00038570726001074807,-0.0004245166073702907,0.4605449190893991,,,,,,,,,
2025-05-19 00:00:00+00:00,,,,2526.5,2527.68300439387,-0.00046801928557238526,-0.0004206657485365449,-0.3637066469727404,,,,,,,,,
2025-05-20 00:00:00+00:00,,,,2523.09,2524.177240751535,-0.00043073074821442514,-0.00043461989818566985,-0.015483107400406516,,,,,,,,,
2025-05-21 00:00:00+00:00,,,,2550.01,2550.888617204633,-0.00034443573847442455,-0.00042283818799382367,0.8233187287846985,,,,,,,,,
2025-05-22 00:00:00+00:00,,,,2663.69,2664.773626126122,-0.00040664847306270957,-0.00043011964671400637,0.1738211519155734,,,,,,,,,
2025-05-23 00:00:00+00:00,,,,2525.66,2526.529995874492,-0.0003443441700328176,-0.0004052643080475958,0.8427676417637956,,,,,,,,,
2025-05-24 00:00:00+00:00,,,,2528.8,2529.988850048353,-0.0004699032757911059,-0.0004071127073083737,-0.510556095333994,,,,,,,,,
2025-05-25 00:00:00+00:00,,,,2549.95,2551.235230835523,-0.0005037680649707665,-0.00042397853658837636,-0.8556584116393234,,,,,,,,,
2025-05-26 00:00:00+00:00,,,,2562.66,2563.73720006695,-0.00042016789666354804,-0.0004171426238871139,0.03458625187854519,,,,,,,,,
2025-05-27 00:00:00+00:00,,,,2660.12,2660.848264378741,-0.00027369632026397195,-0.0003947091341799063,1.4832143926274461,,,,,,,,,
2025-05-28 00:00:00+00:00,,,,2680.68,2681.558516759276,-0.00032761424141425355,-0.00039230606317131045,0.9373681146808409,,,,,,,,,
2025-05-29 00:00:00+00:00,,,,2630.38,2631.55455065029,-0.0004463333849566986,-0.00039797533629902315,-0.40069585429904,,,,,,,,,
2025-05-30 00:00:00+00:00,,,,2529.79,2531.297116587825,-0.0005953930014570563,-0.0004338394550739144,-1.8970102360609802,,,,,,,,,
2025-05-31 00:00:00+00:00,,,,2527.17,2528.065973617532,-0.00035441069453179264,-0.0004173405148940125,0.6044549945046809,,,,,,,,,
2025-06-01 00:00:00+00:00,,,,2538.08,2539.279101361714,-0.0004722211753213079,-0.0004128338163726613,-0.6312964095833922,,,,,,,,,
2025-06-02 00:00:00+00:00,,,,2606.19,2607.441464604548,-0.00047995884913865083,-0.0004213753810119617,-0.7552544036958944,,,,,,,,,
2025-06-03 00:00:00+00:00,,,,2592.23,2593.346014356058,-0.00043033762169797374,-0.00044375270978824766,-0.2624536247256803,,,,,,,,,
2025-06-04 00:00:00+00:00,,,,2606.8,2607.752280519496,-0.00036517292175697325,-0.00044911823555149333,0.46717823233345407,,,,,,,,,
2025-06-05 00:00:00+00:00,,,,2412.96,2414.169879382285,-0.0005011575169658888,-0.0004569502544099491,-1.0651693245270122,,,,,,,,,
2025-06-06 00:00:00+00:00,,,,2475.33,2476.186626690918,-0.00034594593221859427,-0.0004213149588044545,0.6496220113344737,,,,,,,,,
2025-06-07 00:00:00+00:00,,,,2523.51,2524.69414374463,-0.00046902463316733645,-0.00043768837860953217,-0.728255762354751,,,,,,,,,
2025-06-08 00:00:00+00:00,,,,2508.73,2509.853019353769,-0.0004474442706841053,-0.00043414882080421754,-0.40406211826601063,,,,,,,,,
2025-06-09 00:00:00+00:00,,,,2679.19,2680.137601950161,-0.0003535646637961021,-0.00041609250861242487,0.8825596014846684,,,,,,,,,
2025-06-10 00:00:00+00:00,,,,2815.41,2816.138696633925,-0.0002587573668854093,-0.00039158104363920136,2.0336930333091034,,,,,,,,,
2025-06-11 00:00:00+00:00,,,,2770.81,2771.626241392074,-0.00029449908500800426,-0.0003814847812464915,1.4551982282420444,,,,,,,,,
2025-06-12 00:00:00+00:00,,,,2641.99,2642.963191529574,-0.00036821985742863106,-0.0003624936870268832,0.542198772592222,,,,,,,,,
2025-06-13 00:00:00+00:00,,,,2577.68,2578.783650221745,-0.00042797317318588046,-0.0003742118643079241,-0.2233806261795905,,,,,,,,,
2025-06-14 00:00:00+00:00,,,,2529.51,2530.787112672193,-0.0005046306209629536,-0.0003792984339930123,-1.126244663999293,,,,,,,,,
2025-06-15 00:00:00+00:00,,,,2546.24,2547.665378478811,-0.0005594841814203777,-0.0003953041355267655,-1.7540098248241949,,,,,,,,,
2025-06-16 00:00:00+00:00,,,,2543.09,2544.207622057148,-0.0004392809955675592,-0.0004075493257798308,-0.2835607780751755,,,,,,,,,
2025-06-17 00:00:00+00:00,,,,2508.84,2509.952222129187,-0.00044312482101482864,-0.000433887533512605,-0.3076313766945751,,,,,,,,,
2025-06-18 00:00:00+00:00,,,,2523.57,2524.950097982877,-0.0005465842608055604,-0.0004698997014836844,-1.4992787374489498,,,,,,,,,
2025-06-19 00:00:00+00:00,,,,2519.93,2521.052899523172,-0.0004454089493260982,-0.00048092671461189403,-0.2868766562150482,,,,,,,,,
2025-06-20 00:00:00+00:00,,,,2405.64,2406.634182901227,-0.00041310096411451003,-0.000478802113315984,0.12696162872272954,,,,,,,,,
2025-06-21 00:00:00+00:00,,,,2294.94,2296.180519440298,-0.0005402534468851306,-0.00048389108844772356,-1.3145217232376156,,,,,,,,,
2025-06-22 00:00:00+00:00,,,,2226.4,2227.584801122486,-0.0005318770005474649,-0.00047994720546587884,-1.1361743653073832,,,,,,,,,
2025-06-23 00:00:00+00:00,,,,2410.24,2411.614793432189,-0.0005700717361384333,-0.0004986315969760037,-1.484755647891353,,,,,,,,,
2025-06-24 00:00:00+00:00,,,,2447.64,2448.52837655653,-0.0003628206089159036,-0.0004871595666761573,0.7853585313386422,,,,,,,,,
2025-06-25 00:00:00+00:00,,,,2417.79,2418.471862981701,-0.00028193959670907986,-0.00044935318609094576,1.566665586812113,,,,,,,,,
2025-06-26 00:00:00+00:00,,,,2414.97,2416.096245285935,-0.00046614255873811405,-0.00045231513029266236,-0.35277075876531294,,,,,,,,,
2025-06-27 00:00:00+00:00,,,,2422.13,2423.015143916783,-0.0003653068033871998,-0.0004454873930459037,0.8066491629186698,,,,,,,,,
2025-06-28 00:00:00+00:00,,,,2434.52,2435.682455562951,-0.0004772607202124801,-0.000436488432092668,-0.45718130010126157,,,,,,,,,
2025-06-29 00:00:00+00:00,,,,2499.23,2500.249752702958,-0.00040786033549478073,-0.00041877176565657023,0.2768614571541138,,,,,,,,,
2025-06-30 00:00:00+00:00,,,,2484.01,2485.090007647449,-0.000434594982123504,-0.00039941794365443747,-0.013824341954328611,,,,,,,,,
2025-07-01 00:00:00+00:00,,,,2404.17,2405.028286279487,-0.0003568715945602152,-0.00039856808446076767,0.8829470887677903,,,,,,,,,
2025-07-02 00:00:00+00:00,,,,2569.41,2570.322013158352,-0.00035482447478696333,-0.0004089802099004653,0.8516944314620495,,,,,,,,,
2025-07-03 00:00:00+00:00,,,,2589.95,2591.0860337762,-0.0004384392341247878,-0.0004050225920985616,-0.1533126716798266,,,,,,,,,
2025-07-04 00:00:00+00:00,,,,2506.89,2508.062128009937,-0.00046734408882742606,-0.00041959934716145105,-0.46335588634535163,,,,,,,,,
2025-07-05 00:00:00+00:00,,,,2514.96,2516.423557702645,-0.0005816022895530626,-0.0004345052856386771,-1.7391900375106633,,,,,,,,,
2025-07-06 00:00:00+00:00,,,,2569.83,2570.553482497736,-0.0002814500856185287,-0.00041644667851349827,1.663407250497269,,,,,,,,,
2025-07-07 00:00:00+00:00,,,,2540.84,2542.206376073495,-0.0005374764560245326,-0.0004311440319279309,-1.159757411145487,,,,,,,,,
2025-07-08 00:00:00+00:00,,,,2614.07,2615.167345596206,-0.00041960817461783595,-0.000440106400507591,0.12535346827309887,,,,,,,,,
2025-07-09 00:00:00+00:00,,,,2767.49,2768.617047479537,-0.00040707958529817567,-0.00044757141629490704,0.2859808856506899,,,,,,,,,
2025-07-10 00:00:00+00:00,,,,2951.1,2951.393972931501,-9.960477462422901e-05,-0.0003991664935091129,3.1491182252582535,,,,,,,,,
2025-07-11 00:00:00+00:00,,,,2957.32,2958.26717261951,-0.0003201781868373832,-0.0003781427932248211,1.0492724314764335,,,,,,,,,
2025-07-12 00:00:00+00:00,,,,2941.84,2943.224830821341,-0.0004705147927671627,-0.00036227315082683543,-0.3773032068015693,,,,,,,,,
2025-07-13 00:00:00+00:00,,,,2970.95,2972.063468560374,-0.0003746449469040902,-0.0003755867024390585,0.5359212581314304,,,,,,,,,
2025-07-14 00:00:00+00:00,,,,3012.58,3013.719075462066,-0.0003779633846234809,-0.0003527991208103368,0.46545676751640935,,,,,,,,,
2025-07-15 00:00:00+00:00,,,,3138.76,3138.776510726805,-5.260242883942112e-06,-0.00029360655913406627,3.2114671283577034,,,,,,,,,
2025-07-16 00:00:00+00:00,,,,3370.17,3371.166532217139,-0.00029560456524924117,-0.00027768155626993273,0.8439278481865308,,,,,,,,,
2025-07-17 00:00:00+00:00,,,,3476.67,3476.805912832143,-3.9091291130555206e-05,-0.00026903677291369366,2.452966958857938,,,,,,,,,
2025-07-18 00:00:00+00:00,,,,3546.44,3547.005545791035,-0.00015944316515259516,-0.0002460746269587239,1.4902456219670726,,,,,,,,,
2025-07-19 00:00:00+00:00,,,,3590.87,3592.131864529843,-0.0003512856925724783,-0.0002290418983594833,0.14978149653913495,,,,,,,,,
2025-07-20 00:00:00+00:00,,,,3755.27,3756.6054037214,-0.0003554814993549371,-0.00022630426299531856,0.1076850154697842,,,,,,,,,
2025-07-21 00:00:00+00:00,,,,3760.87,3762.35178971639,-0.00039384666804431756,-0.00022857330348400952,-0.19588898304962374,,,,,,,,,
2025-07-22 00:00:00+00:00,,,,3745.76,3746.188457789546,-0.00011437165918737335,-0.000244160648670214,1.6422971576986185,,,,,,,,,
2025-07-23 00:00:00+00:00,,,,3627.14,3628.179741949866,-0.00028657399131704064,-0.00024287056667989963,0.4037594351104407,,,,,,,,,
2025-07-24 00:00:00+00:00,,,,3705.55,3706.716477181862,-0.0003146928525671333,-0.0002822422183136965,0.19032598410527804,,,,,,,,,
2025-07-25 00:00:00+00:00,,,,3723.74,3725.119035943658,-0.0003701991615172595,-0.0003123502177943628,-0.18741368023088736,,,,,,,,,
2025-07-26 00:00:00+00:00,,,,3739.45,3740.974002199417,-0.00040738112548266425,-0.0003203638510672465,-0.4737329442811166,,,,,,,,,
2025-07-27 00:00:00+00:00,,,,3871.25,3872.48211809015,-0.00031817269972511664,-0.00031503402254870076,0.16316818929232094,,,,,,,,,
2025-07-28 00:00:00+00:00,,,,3796.53,3798.744835913711,-0.000583044139414568,-0.0003420622327444508,-1.6765971401388584,,,,,,,,,
2025-07-29 00:00:00+00:00,,,,3791.95,3793.980324016393,-0.0005351435281677475,-0.0004021724997416471,-1.2765424868093145,,,,,,,,,
2025-07-30 00:00:00+00:00,,,,3808.28,3810.188549537874,-0.0005009068483252666,-0.0004327914793142508,-1.0146670934325328,,,,,,,,,
2025-07-31 00:00:00+00:00,,,,3696.92,3698.501216607506,-0.00042752902186593555,-0.00044891093207122257,-0.5011648375139266,,,,,,,,,
2025-08-01 00:00:00+00:00,,,,3486.55,3487.996476916378,-0.0004147013696690349,-0.00045526839037861907,-0.40039164246671677,,,,,,,,,
2025-08-02 00:00:00+00:00,,,,3392.64,3394.057405199819,-0.0004176137968815441,-0.00045673020057845903,-0.4255700757977505,,,,,,,,,
2025-08-03 00:00:00+00:00,,,,3494.96,3496.395145226118,-0.0004104642543271142,-0.0004699147083787444,-0.3932704023194735,,,,,,,,,
2025-08-04 00:00:00+00:00,,,,3719.33,3720.997439973574,-0.0004481163990227577,-0.0004506393168942001,-0.70311596793684,,,,,,,,,
2025-08-05 00:00:00+00:00,,,,3610.2,3612.059417375356,-0.0005147803954751451,-0.00044773029793811404,-1.0963877907970319,,,,,,,,,
2025-08-06 00:00:00+00:00,,,,3681.23,3683.187562846969,-0.0005314860602579907,-0.00045209875678564604,-1.2150288658275528,,,,,,,,,
2025-08-07 00:00:00+00:00,,,,3908.84,3910.276898817581,-0.0003674672803900547,-0.0004435185080033773,-0.09498617142397858,,,,,,,,,
2025-08-08 00:00:00+00:00,,,,4009.01,4009.57766433799,-0.00014157709003581598,-0.00040450075377006033,1.3642145921385804,,,,,,,,,
2025-08-09 00:00:00+00:00,,,,4258.81,4260.950649759063,-0.0005023878319697639,-0.0004166113302112346,-0.9986671807888617,,,,,,,,,
2025-08-10 00:00:00+00:00,,,,4248.5,4250.612161686344,-0.0004969076467108424,-0.00042896038626605293,-0.9073621255468167,,,,,,,,,
2025-08-11 00:00:00+00:00,,,,4221.57,4223.42887241488,-0.0004401334723597161,-0.00042781996817133273,-0.528418544742404,,,,,,,,,
2025-08-12 00:00:00+00:00,,,,4589.72,4590.459608897365,-0.00016111870278323615,-0.0003772968692153457,1.2985673697044813,,,,,,,,,
2025-08-13 00:00:00+00:00,,,,4748.48,4749.416393943559,-0.00019715979099110825,-0.0003295359736057911,1.000419329557352,,,,,,,,,
2025-08-14 00:00:00+00:00,,,,4544.79,4546.964250655478,-0.00047817632504254526,-0.00034535155141328974,-0.8031077423948945,,,,,,,,,
2025-08-15 00:00:00+00:00,,,,4437.73,4439.477432195762,-0.0003936121362144718,-0.00038135655801024057,-0.17595060744989893,,,,,,,,,
2025-08-16 00:00:00+00:00,,,,4420.31,4421.974252884928,-0.00037635969586258256,-0.0003633525385663575,0.03192119715571657,,,,,,,,,
2025-08-17 00:00:00+00:00,,,,4470.72,4472.765704477267,-0.0004573690223073079,-0.0003577041636515669,-0.5680983988549086,,,,,,,,,
2025-08-18 00:00:00+00:00,,,,4312.21,4313.500329978814,-0.00029913756348787235,-0.0003375618909555892,0.7506504516660185,,,,,,,,,
2025-08-19 00:00:00+00:00,,,,4073.92,4075.753900094108,-0.00044995358872512714,-0.00037882401751871645,-0.48792843147070114,,,,,,,,,
2025-08-20 00:00:00+00:00,,,,4334.21,4336.035036936715,-0.00042089995149219295,-0.0004107868975903,-0.23687612158545454,,,,,,,,,
2025-08-21 00:00:00+00:00,,,,4224.01,4225.465549216361,-0.0003444707333208896,-0.0003916860987729206,0.5169661591142387,,,,,,,,,
2025-08-22 00:00:00+00:00,,,,4830.24,4830.963803232949,-0.00014982584478595573,-0.00035685948571170404,2.128918555613867,,,,,,,,,
2025-08-23 00:00:00+00:00,,,,4777.09,4778.508928517682,-0.0002969395974575795,-0.00034551375736813217,0.8464899051885482,,,,,,,,,
2025-08-24 00:00:00+00:00,,,,4777.91,4780.12427184469,-0.00046322474453908136,-0.0003463502891155284,-0.5580551355819654,,,,,,,,,
2025-08-25 00:00:00+00:00,,,,4374.5,4376.436255802915,-0.0004424275117335119,-0.0003668202817220483,-0.36868133366884276,,,,,,,,,
2025-08-26 00:00:00+00:00,,,,4598.02,4600.600317859657,-0.0005608654700212101,-0.0003826648361929173,-1.285380682379997,,,,,,,,,
2025-08-27 00:00:00+00:00,,,,4505.15,4506.859449127488,-0.00037929940944114726,-0.0003767219016141965,0.18627595128672228,,,,,,,,,
2025-08-28 00:00:00+00:00,,,,4509.48,4511.62307333182,-0.00047501160823648636,-0.0003953705980307103,-0.6768635302781117,,,,,,,,,
2025-08-29 00:00:00+00:00,,,,4358.17,4360.210638279731,-0.00046801369223214984,-0.00044082600480873805,-0.6294073201234277,,,,,,,,,
2025-08-30 00:00:00+00:00,,,,4371.84,4373.873570743845,-0.0004649358768501477,-0.0004648254732933906,-0.5878668793391609,,,,,,,,,
2025-08-31 00:00:00+00:00,,,,4390.13,4392.213479801777,-0.00047435759016678514,-0.00046641587981163405,-0.6492490684791458,,,,,,,,,
2025-09-01 00:00:00+00:00,,,,4312.77,4314.587704060668,-0.00042129264378076847,-0.0004633966129612421,-0.17974118029393532,,,,,,,,,
2025-09-02 00:00:00+00:00,,,,4324.58,4326.460468093654,-0.0004346435400304216,-0.00044536490867684374,-0.29005255314685424,,,,,,,,,
2025-09-03 00:00:00+00:00,,,,4448.23,4450.365105999684,-0.00047975973854497145,-0.00045971638426310434,-0.6748482083103221,,,,,,,,,
2025-09-04 00:00:00+00:00,,,,4295.87,4298.293194805668,-0.0005637574487928898,-0.0004723943614854477,-1.3729973505057824,,,,,,,,,
2025-09-05 00:00:00+00:00,,,,4305.4,4307.490688395438,-0.00048536109458596766,-0.0004748725618217074,-0.7196755904680351,,,,,,,,,
2025-09-06 00:00:00+00:00,,,,4271.62,4273.029106120126,-0.0003297674986832977,-0.0004555627935121574,0.6236898781580854,,,,,,,,,
2025-09-07 00:00:00+00:00,,,,4304.06,4306.086102897662,-0.00047052075811915284,-0.0004550146746482099,-0.5528154791392629,,,,,,,,,
2025-09-08 00:00:00+00:00,,,,4304.19,4306.329469698278,-0.0004968197889486659,-0.0004658042668150524,-0.806778480129446,,,,,,,,,
2025-09-09 00:00:00+00:00,,,,4308.49,4309.987833749629,-0.0003475262129282175,-0.0004533589343718804,0.5758049980095065,,,,,,,,,
2025-09-10 00:00:00+00:00,,,,4347.3,4348.880563155973,-0.00036344138060795395,-0.00043674202609516363,0.39781397420800724,,,,,,,,,
2025-09-11 00:00:00+00:00,,,,4456.83,4458.768086782295,-0.0004346686673478706,-0.000418300771603018,-0.22122356842264923,,,,,,,,,
2025-09-12 00:00:00+00:00,,,,4710.23,4711.960933858816,-0.0003673489409427022,-0.00040144189251112294,0.6181725393174559,,,,,,,,,
2025-09-13 00:00:00+00:00,,,,4664.73,4666.649064001875,-0.0004112295515594777,-0.0004130793286362915,0.07387530231930743,,,,,,,,,
2025-09-14 00:00:00+00:00,,,,4602.14,4604.596580451887,-0.000533506119149707,-0.0004220772373549421,-1.289729926603669,,,,,,,,,
2025-09-15 00:00:00+00:00,,,,4521.58,4523.628369835233,-0.0004528156753308421,-0.0004157909354095387,-0.3271787710135251,,,,,,,,,
2025-09-16 00:00:00+00:00,,,,4499.18,4501.227346233327,-0.0004548417744417721,-0.0004311217299114751,-0.3518142849684066,,,,,,,,,
2025-09-17 00:00:00+00:00,,,,4587.8,4590.157910079446,-0.0005136882272106513,-0.0004525855651404319,-0.9736598471305501,,,,,,,,,
2025-09-18 00:00:00+00:00,,,,4585.41,4587.449621322899,-0.0004446089856591229,-0.0004540056106134679,-0.15540957116920182,,,,,,,,,
2025-09-19 00:00:00+00:00,,,,4466.9,4468.905505792602,-0.00044876889654577035,-0.0004656370328424776,-0.19372334644517586,,,,,,,,,
2025-09-20 00:00:00+00:00,,,,4478.42,4480.305912625923,-0.0004209338966359999,-0.00046702336785340936,0.17040735964763015,,,,,,,,,
2025-09-21 00:00:00+00:00,,,,4443.68,4445.584876016183,-0.00042848715507826096,-0.00045202065870034565,0.2522368531750023,,,,,,,,,
2025-09-22 00:00:00+00:00,,,,4196.87,4199.237381159691,-0.0005637645469418473,-0.0004678704975019178,-1.8456304798857812,,,,,,,,,
2025-09-23 00:00:00+00:00,,,,4162.34,4164.419717950969,-0.0004994016193911044,-0.00047423618963753674,-0.7441233102699234,,,,,,,,,
2025-09-24 00:00:00+00:00,,,,4150.52,4152.588674435596,-0.0004981650237430024,-0.00047201858914215834,-0.6875716292255768,,,,,,,,,
2025-09-25 00:00:00+00:00,,,,3872.7,3874.283769242441,-0.00040879020143402833,-0.0004669016199671448,0.7281921875789372,,,,,,,,,
2025-09-26 00:00:00+00:00,,,,4029.82,4032.191795996911,-0.000588215074309062,-0.0004868225025047579,-2.107607800197262,,,,,,,,,
2025-09-27 00:00:00+00:00,,,,4016.45,4018.351988922715,-0.0004733256140722064,-0.0004943070335670731,-0.2469077856315337,,,,,,,,,
2025-09-28 00:00:00+00:00,,,,4139.64,4142.756601159188,-0.0007523012957882935,-0.0005405661965256492,-3.4798295463165787,,,,,,,,,
2025-09-29 00:00:00+00:00,,,,4212.12,4214.973099443575,-0.0006768962402041723,-0.0005567278669916956,-2.239876650597282,,,,,,,,,
2025-09-30 00:00:00+00:00,,,,4143.79,4145.221097207358,-0.000345240259517654,-0.0005347048155812027,1.3401431804958124,,,,,,,,,
2025-10-01 00:00:00+00:00,,,,4346.09,4347.956255325289,-0.0004292258743411326,-0.0005248563656666498,0.4438277132375641,,,,,,,,,
2025-10-02 00:00:00+00:00,,,,4481.38,4484.241887763768,-0.0006382099439322664,-0.0005576306145949696,-1.644530847439647,,,,,,,,,
2025-10-03 00:00:00+00:00,,,,4510.0,4512.519844733521,-0.0005584118896366785,-0.0005533730167846291,-0.7927384243584208,,,,,,,,,
2025-10-04 00:00:00+00:00,,,,4486.04,4487.297090072873,-0.0002801441597558574,-0.0005257756661680078,1.8299242732156,,,,,,,,,
2025-10-05 00:00:00+00:00,,,,4513.37,4514.375750692358,-0.00022278843142475857,-0.0004501309712589314,2.10791228317047,,,,,,,,,
2025-10-06 00:00:00+00:00,,,,4681.41,4683.590764578404,-0.0004656180883472194,-0.00041994837813650953,0.006377277304870622,,,,,,,,,
2025-10-07 00:00:00+00:00,,,,4446.36,4447.807735677533,-0.0003254942127827176,-0.00041712751431723295,1.1976670552993771,,,,,,,,,
2025-10-08 00:00:00+00:00,,,,4523.92,4526.016897662631,-0.0004632986818308149,-0.0004219950582443304,-0.02581969939057796,,,,,,,,,
2025-10-09 00:00:00+00:00,,,,4366.61,4368.137506189939,-0.00034969278960994554,-0.0003807783219125703,0.9776658442639484,,,,,,,,,
2025-10-10 00:00:00+00:00,,,,3820.69,3828.600901216899,-0.0020662642623273664,-0.0005961858037255256,-4.945902788182668,,,,,,,,,
2025-10-11 00:00:00+00:00,,,,3743.75,3746.457677352959,-0.0007227299988804559,-0.0006594123521718969,-0.621991012365396,,,,,,,,,
2025-10-12 00:00:00+00:00,,,,4148.26,4152.078392160954,-0.0009196339279533561,-0.0007589617088188394,-1.1648641130680584,,,,,,,,,
2025-10-13 00:00:00+00:00,,,,4238.7,4241.04083484175,-0.0005519481968954132,-0.0007712945814685814,-0.006370101246339008,,,,,,,,,
2025-10-14 00:00:00+00:00,,,,4122.74,4125.06087814797,-0.0005626288233137045,-0.0008051709544015795,-0.03667370832772228,,,,,,,,,
2025-10-15 00:00:00+00:00,,,,3984.0,3985.605424923776,-0.00040280578547402524,-0.0007965291120648953,0.45597914080318686,,,,,,,,,
2025-10-16 00:00:00+00:00,,,,3893.01,3894.582981965717,-0.00040388970346771913,-0.0008042715283302915,0.4464091763181662,,,,,,,,,
2025-10-17 00:00:00+00:00,,,,3829.68,3831.545309143421,-0.0004868294625068881,-0.0005786379854987946,0.1857546318714943,,,,,,,,,
2025-10-18 00:00:00+00:00,,,,3887.08,3889.049450158951,-0.0005064091326661968,-0.0005477350046110433,0.13151796980940367,,,,,,,,,
2025-10-19 00:00:00+00:00,,,,3980.42,3982.623978294215,-0.000553398539813621,-0.000495415663448224,-0.0038455697741108684,,,,,,,,,
2025-10-20 00:00:00+00:00,,,,3977.71,3979.210344719526,-0.00037704584315756406,-0.0004704296129142455,0.5400599156257534,,,,,,,,,
2025-10-21 00:00:00+00:00,,,,3871.46,3873.078627487015,-0.0004179175386546108,-0.0004497565722486607,0.4116709196489935,,,,,,,,,
2025-10-22 00:00:00+00:00,,,,3803.56,3805.517969617651,-0.0005145080468107466,-0.0004657140381539066,0.10629283981914774,,,,,,,,,
2025-10-23 00:00:00+00:00,,,,3855.09,3856.943847195307,-0.00048065184994983134,-0.00047668005907992265,0.2094996110568282,,,,,,,,,
2025-10-24 00:00:00+00:00,,,,3932.79,3934.896556078443,-0.00053535233987001,-0.00048361189870322577,0.043419928048926915,,,,,,,,,
2025-10-25 00:00:00+00:00,,,,3952.01,3953.849913303925,-0.00046534728031377703,-0.00047774591979573726,0.2674340486023792,,,,,,,,,
2025-10-26 00:00:00+00:00,,,,4157.49,4158.852023678449,-0.00032749991360458974,-0.00044547468748016135,0.664587706024045,,,,,,,,,
2025-10-27 00:00:00+00:00,,,,4118.27,4120.354944543034,-0.000506010907093124,-0.0004638982680423842,0.11626944814721135,,,,,,,,,
2025-10-28 00:00:00+00:00,,,,3978.39,3979.607554474332,-0.00030594837748842973,-0.00044790267359007263,0.6882639207433497,,,,,,,,,
2025-10-29 00:00:00+00:00,,,,3901.08,3903.126720682536,-0.0005243797675567041,-0.0004493129194109237,-0.0022812350315065863,,,,,,,,,
2025-10-30 00:00:00+00:00,,,,3802.24,3803.605548827436,-0.00035901431152796093,-0.00043193612820779936,0.5123510794370864,,,,,,,,,
2025-10-31 00:00:00+00:00,,,,3846.33,3847.96752032507,-0.0004255546119921183,-0.0004162507385109577,0.3054284824480224,,,,,,,,,
2025-11-01 00:00:00+00:00,,,,3871.88,3873.732492857637,-0.0004782190977442591,-0.00041808956957245513,0.12570194028108903,,,,,,,,,
2025-11-02 00:00:00+00:00,,,,3905.26,3906.53712716832,-0.0003269205249420981,-0.00041800679976352776,0.5689726492622983,,,,,,,,,
2025-11-03 00:00:00+00:00,,,,3602.02,3603.805557427246,-0.0004954644191516033,-0.0004165001586290248,0.07065629411839722,,,,,,,,,
2025-11-04 00:00:00+00:00,,,,3284.56,3286.787258739298,-0.0006776400673259575,-0.00046959897146295733,-0.4557528328424265,,,,,,,,,
2025-11-05 00:00:00+00:00,,,,3422.67,3424.76563537067,-0.0006119062130928166,-0.0004821027493966877,-0.23281156339637446,,,,,,,,,
2025-11-06 00:00:00+00:00,,,,3313.93,3315.112081005902,-0.0003565734663014686,-0.0004817540572214745,0.5776017791959964,,,,,,,,,
2025-11-07 00:00:00+00:00,,,,3433.94,3435.902292929652,-0.0005711142990562079,-0.0005025482982306302,-0.08971266337059376,,,,,,,,,
2025-11-08 00:00:00+00:00,,,,3400.05,3401.607921690529,-0.00045799566745918785,-0.0004996592367613342,0.281318498077416,,,,,,,,,
2025-11-09 00:00:00+00:00,,,,3581.06,3583.530591066069,-0.0006894293220849335,-0.0005514462077817393,-1.4244121704108115,,,,,,,,,
2025-11-10 00:00:00+00:00,,,,3566.27,3567.873680065426,-0.000449477814863819,-0.0005448766928834844,0.33239115730274155,,,,,,,,,
2025-11-11 00:00:00+00:00,,,,3417.37,3417.519549001321,-4.375951598134531e-05,-0.00045432232840568264,3.350310490249863,,,,,,,,,
2025-11-12 00:00:00+00:00,,,,3414.08,3414.916035961203,-0.00024481889229455156,-0.0004018812825773591,1.5960998221599534,,,,,,,,,
2025-11-13 00:00:00+00:00,,,,3231.26,3231.749340514157,-0.00015141660524919942,-0.0003725731595698921,2.0625461842631365,,,,,,,,,
2025-11-14 00:00:00+00:00,,,,3112.36,3112.476070502787,-3.729201451119213e-05,-0.0002963128332063184,2.4743923188996333,,,,,,,,,
2025-11-15 00:00:00+00:00,,,,3167.4,3167.839187209384,-0.00013863936375213548,-0.0002506905041053109,1.6818385093554837,,,,,,,,,
2025-11-16 00:00:00+00:00,,,,3094.78,3095.668754353568,-0.00028709607651600244,-0.0001932143261668922,0.7403910578537087,,,,,,,,,
2025-11-17 00:00:00+00:00,,,,3030.64,3031.28149185772,-0.0002116239812908205,-0.00015923520708503527,1.115207377392601,,,,,,,,,
2025-11-18 00:00:00+00:00,,,,3122.78,3123.630971350463,-0.0002724301808593177,-0.0001919024449247456,0.7054139189776013,,,,,,,,,
2025-11-19 00:00:00+00:00,,,,3024.39,3025.475058520447,-0.0003586407091313859,-0.0002081627044728648,0.1903677191058818,,,,,,,,,
2025-11-20 00:00:00+00:00,,,,2833.36,2834.461208277531,-0.0003885070906298749,-0.0002420327738129613,0.00751604714726201,,,,,,,,,
2025-11-21 00:00:00+00:00,,,,2764.72,2765.855877506648,-0.000410678486860383,-0.00029537369843427426,-0.145875255292066,,,,,,,,,
2025-11-22 00:00:00+00:00,,,,2769.14,2770.19774706585,-0.0003818308880549903,-0.00033011534476325356,0.007156575703988118,,,,,,,,,
2025-11-23 00:00:00+00:00,,,,2800.61,2802.239742207473,-0.0005815855734702113,-0.0003721852728995691,-1.1745709510168205,,,,,,,,,
2025-11-24 00:00:00+00:00,,,,2951.92,2953.382265977792,-0.00049511571686367,-0.000412684092267119,-0.6509066036079166,,,,,,,,,
2025-11-25 00:00:00+00:00,,,,2958.28,2959.534794884794,-0.0004239838257561468,-0.000434334612966666,-0.20949065462397137,,,,,,,,,
2025-11-26 00:00:00+00:00,,,,3024.75,3026.640719199136,-0.0006246923155240891,-0.0004723419853084808,-1.3463291567749882,,,,,,,,,
2025-11-27 00:00:00+00:00,,,,3014.12,3015.329949187442,-0.00040126593368927654,-0.0004741646771741096,-0.03127201134417014,,,,,,,,,
2025-11-28 00:00:00+00:00,,,,3029.62,3031.174804767456,-0.0005129380083954693,-0.0004887731802505505,-0.6857085476964215,,,,,,,,,
2025-11-29 00:00:00+00:00,,,,2987.86,2989.191394853316,-0.00044540301287110395,-0.0004978549123671382,-0.27434558906851736,,,,,,,,,
2025-11-30 00:00:00+00:00,,,,2990.0,2991.337875379518,-0.0004472498377832146,-0.00047866409298328146,-0.280635044743365,,,,,,,,,
2025-12-01 00:00:00+00:00,,,,2797.57,2799.127644576267,-0.0005564750072347691,-0.0004874297058934385,-0.8928139090610517,,,,,,,,,
2025-12-02 00:00:00+00:00,,,,2994.31,2996.040986287311,-0.0005777578795597149,-0.0005093974278653768,-0.9546894058600467,,,,,,,,,
2025-12-03 00:00:00+00:00,,,,3186.55,3188.284834988077,-0.0005441279803607424,-0.0004978882371277558,-0.7495353004128267,,,,,,,,,
2025-12-04 00:00:00+00:00,,,,3132.35,3133.256859849915,-0.00028943042031948085,-0.000481911735217785,0.64085304255807,,,,,,,,,
2025-12-05 00:00:00+00:00,,,,3020.35,3021.780057055209,-0.0004732498819264297,-0.00047624200286506505,-0.47511422489376964,,,,,,,,,
2025-12-06 00:00:00+00:00,,,,3037.08,3038.165006367884,-0.0003571255562518916,-0.000463630937633749,0.22253326101849907,,,,,,,,,
2025-12-07 00:00:00+00:00,,,,3058.15,3059.775626743141,-0.0005312895262425954,-0.00047563660741366053,-0.8382048107859423,,,,,,,,,
2025-12-08 00:00:00+00:00,,,,3122.57,3124.197802840699,-0.0005210306592042802,-0.00047057312912359074,-0.7576219635301598,,,,,,,,,
2025-12-09 00:00:00+00:00,,,,3316.7,3318.288583709348,-0.00047873585110924655,-0.0004564271250592381,-0.5755409503752436,,,,,,,,,
2025-12-10 00:00:00+00:00,,,,3322.75,3324.166231018813,-0.0004260409740035609,-0.00043955755272249785,-0.24693542376750546,,,,,,,,,
2025-12-11 00:00:00+00:00,,,,3236.12,3237.314283626949,-0.00036891185789078573,-0.0004509120438041129,0.20232744946520598,,,,,,,,,
2025-12-12 00:00:00+00:00,,,,3083.37,3084.79205338884,-0.00046098841161046344,-0.00044916040518754626,-0.3954373923294277,,,,,,,,,
2025-12-13 00:00:00+00:00,,,,3113.08,3114.53822118648,-0.00046819819919385885,-0.0004650279256078273,-0.394096955824051,,,,,,,,,
2025-12-14 00:00:00+00:00,,,,3061.23,3062.442775195084,-0.00039601562677582525,-0.0004457030828268601,0.2818164614151552,,,,,,,,,
2025-12-15 00:00:00+00:00,,,,2963.54,2964.936778011427,-0.00047109875049811123,-0.00043856995301169314,-0.32813285263644454,,,,,,,,,
2025-12-16 00:00:00+00:00,,,,2960.77,2962.322304913739,-0.0005240162122683856,-0.0004450385760344273,-0.8110895995639942,,,,,,,,,
2025-12-17 00:00:00+00:00,,,,2832.44,2833.505313465423,-0.0003759701668319959,-0.0004378856035813466,0.8900733325493148,,,,,,,,,
2025-12-18 00:00:00+00:00,,,,2827.11,2828.541798152226,-0.0005061965685503322,-0.00045749770510413894,-0.5849017690081629,,,,,,,,,
2025-12-19 00:00:00+00:00,,,,2978.2,2979.582342446502,-0.00046393832679492153,-0.00045791912155906153,-0.006214097622746081,,,,,,,,,
2025-12-20 00:00:00+00:00,,,,2977.22,2977.97768922625,-0.0002544307934176926,-0.0004273809207338949,2.4145847401592655,,,,,,,,,
2025-12-21 00:00:00+00:00,,,,3000.93,3002.09857128726,-0.000389251471765939,-0.00042641461287533974,0.8098938926084855,,,,,,,,,
2025-12-22 00:00:00+00:00,,,,3008.94,3008.954394345703,-4.78383644830771e-06,-0.00035979819658251067,3.727740094164051,,,,,,,,,
2025-12-23 00:00:00+00:00,,,,2962.9,2964.75098507487,-0.0006243307057450798,-0.0003741288385077527,-1.4739642103776662,,,,,,,,,
2025-12-24 00:00:00+00:00,,,,2946.01,2947.447061463127,-0.0004875614160864128,-0.00039007044554409794,-0.33864515927365935,,,,,,,,,
2025-12-25 00:00:00+00:00,,,,2903.07,2904.152063830195,-0.0003725920015247297,-0.00037098407882615473,0.6006941781591217,,,,,,,,,
2025-12-26 00:00:00+00:00,,,,2926.65,2927.986712392967,-0.000456529528398919,-0.00036992567905529724,-0.14623457458063738,,,,,,,,,
2025-12-27 00:00:00+00:00,,,,2947.39,2948.979802085796,-0.0005391023989624877,-0.0004105930512759822,-0.8103239523957787,,,,,,,,,
2025-12-28 00:00:00+00:00,,,,2949.83,2950.82749346192,-0.00033803855499181523,-0.0004032769203082503,0.8500966850707438,,,,,,,,,
2025-12-29 00:00:00+00:00,,,,2936.66,2938.134527964489,-0.0005018585604078529,-0.00047428759515961386,-0.5200533407728795,,,,,,,,,
2025-12-30 00:00:00+00:00,,,,2972.67,2973.685091072013,-0.00034135795853462714,-0.00043386291698669206,0.7950687287665871,,,,,,,,,
2025-12-31 00:00:00+00:00,,,,2970.72,2971.671892212279,-0.0003203221105175791,-0.0004099715876197158,0.9077792516930164,,,,,,,,,
2026-01-01 00:00:00+00:00,,,,3002.82,3004.062299222271,-0.0004135397666661378,-0.0004158212683542027,0.0843258144256109,,,,,,,,,
2026-01-02 00:00:00+00:00,,,,3123.58,3125.365701572478,-0.0005713576403489906,-0.0004322252843470701,-1.2547864723680047,,,,,,,,,
2026-01-03 00:00:00+00:00,,,,3125.41,3127.006063659359,-0.0005104127164663463,-0.00042812675827619273,-0.6828243209122855,,,,,,,,,
2026-01-04 00:00:00+00:00,,,,3143.79,3144.866893845566,-0.00034242906994685907,-0.0004287539746983419,0.7296358119647115,,,,,,,,,
2026-01-05 00:00:00+00:00,,,,3223.33,3225.092247737593,-0.0005464177772990242,-0.0004351195771113663,-0.9609753081120092,,,,,,,,,
2026-01-06 00:00:00+00:00,,,,3295.61,3296.776001154281,-0.0003536792168690184,-0.0004368797568734222,0.6330930621078773,,,,,,,,,
2026-01-07 00:00:00+00:00,,,,3167.55,3168.682855420577,-0.0003575161896177681,-0.0004421931967448778,0.5569057255466566,,,,,,,,,
2026-01-08 00:00:00+00:00,,,,3105.46,3106.457313458894,-0.0003210452802854258,-0.00042897969869049035,0.8192330541139163,,,,,,,,,
2026-01-09 00:00:00+00:00,,,,3086.96,3088.351112412333,-0.0004504385549757295,-0.00041170554363716735,-0.2789764880514385,,,,,,,,,
2026-01-10 00:00:00+00:00,,,,3085.67,3086.685149177311,-0.0003288800536009884,-0.00038577230608497333,0.7418171415236094,,,,,,,,,
2026-01-11 00:00:00+00:00,,,,3122.62,3123.808094934852,-0.00038033544274962416,-0.0003911875021996541,0.28326419307328293,,,,,,,,,
2026-01-12 00:00:00+00:00,,,,3094.31,3095.639063691816,-0.0004293341906052017,-0.000374461275529108,-0.14395394085258564,,,,,,,,,
2026-01-13 00:00:00+00:00,,,,3324.31,3325.63266917917,-0.00039771956519074614,-0.0003807527538607834,0.12570089034521031,,,,,,,,,
2026-01-14 00:00:00+00:00,,,,3352.89,3354.783966448287,-0.0005645569035828135,-0.00041032999871293274,-1.2386220574067321,,,,,,,,,
2026-01-15 00:00:00+00:00,,,,3317.68,3318.713406289699,-0.0003113876262230697,-0.0004089503338468819,0.8099180248174328,,,,,,,,,
2026-01-16 00:00:00+00:00,,,,3294.41,3296.257620475401,-0.0005605206534599061,-0.00042467634791604994,-1.1869325321027946,,,,,,,,,
2026-01-17 00:00:00+00:00,,,,3308.59,3310.502017738605,-0.0005775612666476526,-0.00046020223549414485,-1.2802164156195022,,,,,,,,,
2026-01-18 00:00:00+00:00,,,,3282.54,3284.080202984409,-0.00046899067294681185,-0.00047286726837945735,-0.4127517284575462,,,,,,,,,
2026-01-19 00:00:00+00:00,,,,3187.93,3189.518356398973,-0.0004979925560818499,-0.0004826756063046928,-0.5936625336175935,,,,,,,,,
2026-01-20 00:00:00+00:00,,,,2938.5,2939.8762831223,-0.0004681432107197514,-0.0004927361270945507,-0.3281887607209476,,,,,,,,,
2026-01-21 00:00:00+00:00,,,,2980.6,2982.337327822952,-0.0005825390061493518,-0.0004953049988897705,-1.4063909485892958,,,,,,,,,
2026-01-22 00:00:00+00:00,,,,2951.36,2952.595771628637,-0.0004185373563531103,-0.000510612103194062,0.24159869710247078,,,,,,,,,
2026-01-23 00:00:00+00:00,,,,2954.93,2956.437970255959,-0.0005100632149669382,-0.0005034038976950665,-0.7593546065505958,,,,,,,,,
2026-01-24 00:00:00+00:00,,,,2952.1,2953.383289650689,-0.0004345151051630136,-0.0004829687317686896,0.09628325593552084,,,,,,,,,
2026-01-25 00:00:00+00:00,,,,2816.41,2817.607992086843,-0.00042518053973705783,-0.0004767101413101533,0.18844963795815337,,,,,,,,,
2026-01-26 00:00:00+00:00,,,,2928.61,2930.047094000598,-0.0004904678848133281,-0.00047563518827179304,-0.5643125005869217,,,,,,,,,
2026-01-27 00:00:00+00:00,,,,3024.54,3026.398560622145,-0.0006141162787768328,-0.000496488483708519,-1.7907910737423856,,,,,,,,,
2026-01-28 00:00:00+00:00,,,,3009.12,3010.736201837299,-0.000536812835449707,-0.0004899561736085697,-0.926980600043823,,,,,,,,,
2026-01-29 00:00:00+00:00,,,,2821.09,2822.640783964457,-0.0005494088986692791,-0.0005086521082251652,-0.9955124388504872,,,,,,,,,
2026-01-30 00:00:00+00:00,,,,2705.93,2707.276832765299,-0.0004974861635864691,-0.000506855386599384,-0.38159937087309864,,,,,,,,,
2026-01-31 00:00:00+00:00,,,,2450.3,2451.949215727921,-0.0006726141460605684,-0.0005408695352990346,-2.090876069209868,,,,,,,,,
2026-02-01 00:00:00+00:00,,,,2269.19,2270.285472670585,-0.00048252639757073723,-0.000549061800703846,-0.13981841085198718,,,,,,,,,
2026-02-02 00:00:00+00:00,,,,2345.75,2346.962661800455,-0.0005166941171209638,-0.0005528084053192225,-0.5006508966692799,,,,,,,,,
2026-02-03 00:00:00+00:00,,,,2232.66,2233.809317472361,-0.0005145101076314829,-0.0005385789522984582,-0.42931681885706563,,,,,,,,,
2026-02-04 00:00:00+00:00,,,,2146.97,2148.103727378777,-0.0005277805556255233,-0.0005372886266092891,-0.5843533237136435,,,,,,,,,
2026-02-05 00:00:00+00:00,,,,1825.86,1827.215246139787,-0.0007417003238399111,-0.0005647588302050936,-2.537068589954654,,,,,,,,,
2026-02-06 00:00:00+00:00,,,,2062.48,2063.350494563865,-0.0004218840018497261,-0.000553958521385559,0.6935158018347868,,,,,,,,,
2026-02-07 00:00:00+00:00,,,,2086.31,2087.505003270375,-0.0005724552844197373,-0.000539650112579726,-0.7932662635426668,,,,,,,,,
2026-02-08 00:00:00+00:00,,,,2088.52,2089.844623401801,-0.0006338382226928063,-0.0005612660875971644,-1.3443884387176455,,,,,,,,,
2026-02-09 00:00:00+00:00,,,,2103.7,2104.927451872376,-0.0005831326259174707,-0.0005707573031395226,-0.7694070694445608,,,,,,,,,
2026-02-10 00:00:00+00:00,,,,2021.84,2022.745485422324,-0.00044765168373861464,-0.0005612060997262556,0.7576874725062448,,,,,,,,,
2026-02-11 00:00:00+00:00,,,,1941.85,1942.909058281203,-0.0005450889616727128,-0.0005636787291615684,-0.2995688281333501,,,,,,,,,
2026-02-12 00:00:00+00:00,,,,1947.06,1947.819743455922,-0.00039004813380427716,-0.0005134427020136208,1.4621623938411787,,,,,,,,,
2026-02-13 00:00:00+00:00,,,,2047.52,2048.53158032287,-0.000493807531495638,-0.0005237174919630368,0.25618460854881936,,,,,,,,,
2026-02-14 00:00:00+00:00,,,,2085.47,2086.517739259326,-0.0005021473048669733,-0.0005136734948840704,0.2600277019233706,,,,,,,,,
2026-02-15 00:00:00+00:00,,,,1965.61,1966.1029071343,-0.0002507026120105449,-0.00045893983621517594,2.8238534099578594,,,,,,,,,
2026-02-16 00:00:00+00:00,,,,1997.35,1998.36578535344,-0.0005083080189248745,-0.00044825060664480505,0.01811875062495102,,,,,,,,,
2026-02-17 00:00:00+00:00,,,,1990.83,1991.645664705863,-0.00040954308304819165,-0.0004428065208318875,1.0545846181065588,,,,,,,,,
2026-02-18 00:00:00+00:00,,,,1955.26,1956.124083907569,-0.00044173266648961373,-0.0004280413358057305,0.6840335264671323,,,,,,,,,
2026-02-19 00:00:00+00:00,,,,1947.94,1948.937481291756,-0.0005118077420804834,-0.00044543556555947425,-0.045153782276599,,,,,,,,,
2026-02-20 00:00:00+00:00,,,,1967.9,1968.920071507032,-0.0005180868039255104,-0.000448904033049456,-0.136467556048149,,,,,,,,,
2026-02-21 00:00:00+00:00,,,,1973.03,1973.909129920035,-0.00044537507158226575,-0.0004407937140087835,0.6619194075213962,,,,,,,,,
2026-02-22 00:00:00+00:00,,,,1957.32,1957.882778851646,-0.0002874425669018299,-0.00044604227899325277,2.1070773981816284,,,,,,,,,
2026-02-23 00:00:00+00:00,,,,1855.86,1856.470304218163,-0.0003287444010153795,-0.0004203903335776106,1.5950021151726825,,,,,,,,,
2026-02-24 00:00:00+00:00,,,,1851.01,1851.914143986986,-0.00048822133030390624,-0.00043163008318556983,0.08925214855988751,,,,,,,,,
2026-02-25 00:00:00+00:00,,,,2056.39,2057.522104868993,-0.0005502273177596662,-0.0004471293190812916,-0.48778114808203393,,,,,,,,,
2026-02-26 00:00:00+00:00,,,,2026.79,2027.649145442479,-0.00042371504183069675,-0.00043454464761703637,0.6762014740149289,,,,,,,,,
2026-02-27 00:00:00+00:00,,,,1928.81,1929.913999102812,-0.0005720457509118537,-0.00044225306861508544,-0.7523408091532282,,,,,,,,,
2026-02-28 00:00:00+00:00,,,,1963.58,1964.631378270135,-0.0005351529461271598,-0.000455078479264356,-0.40086188510922277,,,,,,,,,
2026-03-01 00:00:00+00:00,,,,1938.25,1939.305930126076,-0.0005444886800337612,-0.0004917993525689176,-0.4742966584792284,,,,,,,,,
2026-03-02 00:00:00+00:00,,,,2026.49,2027.223426865306,-0.0003617888662820201,-0.000496519990464152,1.2237485251414306,,,,,,,,,
2026-03-03 00:00:00+00:00,,,,1981.74,1982.77140898216,-0.0005201855228936791,-0.0005010863036912624,-0.3360503450525044,,,,,,,,,
2026-03-04 00:00:00+00:00,,,,2126.48,2127.459028622504,-0.0004601868281983723,-0.0004882233766110776,0.24004057075328558,,,,,,,,,
2026-03-05 00:00:00+00:00,,,,2072.04,2072.802429792039,-0.0003678255974042255,-0.0004802391702644388,1.0856406068885054,,,,,,,,,
2026-03-06 00:00:00+00:00,,,,1978.0,1978.796811341792,-0.00040267466433385746,-0.0004560433007532965,0.7028441268568858,,,,,,,,,
2026-03-07 00:00:00+00:00,,,,1968.65,1969.580364157686,-0.00047236669019279365,-0.0004470738356198156,-0.06655135350695189,,,,,,,,,
2026-03-08 00:00:00+00:00,,,,1935.93,1937.055494173171,-0.0005810335204935457,-0.00045229452711407055,-1.1853639028060865,,,,,,,,,
2026-03-09 00:00:00+00:00,,,,1992.62,1993.537983152859,-0.0004604793892150072,-0.0004663931732473544,0.08249546948865281,,,,,,,,,
2026-03-10 00:00:00+00:00,,,,2035.75,2036.71779572598,-0.0004751741885945515,-0.00045996298263319336,-0.14796016313598948,,,,,,,,,
2026-03-11 00:00:00+00:00,,,,2051.28,2052.059627210648,-0.0003799242479652909,-0.0004484968997427531,0.9165771102827155,,,,,,,,,
2026-03-12 00:00:00+00:00,,,,2072.55,2073.568819830876,-0.0004913363960394879,-0.0004661412995477906,-0.4093784623936349,,,,,,,,,
2026-03-13 00:00:00+00:00,,,,2091.77,2092.740673407244,-0.0004638288057274842,-0.00047487760546116586,-0.11316144277456794,,,,,,,,,
2026-03-14 00:00:00+00:00,,,,2095.5,2096.144901715885,-0.00030766084699451746,-0.00045134819928998357,1.696552997401959,,,,,,,,,
2026-03-15 00:00:00+00:00,,,,2177.22,2178.253672840771,-0.00047454199373531125,-0.0004361351240388072,-0.27514607927459694,,,,,,,,,
2026-03-16 00:00:00+00:00,,,,2351.6,2352.825873484401,-0.0005210217629006975,-0.00044478403456533436,-0.8117879269991339,,,,,,,,,
2026-03-17 00:00:00+00:00,,,,2316.23,2317.344375628523,-0.00048088477493579695,-0.0004455998326140837,-0.27965705002509544,,,,,,,,,
2026-03-18 00:00:00+00:00,,,,2202.26,2203.387847842048,-0.0005118698658306275,-0.00046444920659484613,-0.6830899228243964,,,,,,,,,
2026-03-19 00:00:00+00:00,,,,2136.77,2137.85455507033,-0.0005073100355484916,-0.00046673115509613235,-0.5817781141068634,,,,,,,,,
2026-03-20 00:00:00+00:00,,,,2145.23,2146.341228646941,-0.000517731585318093,-0.000474431552180505,-0.6803798363799834,,,,,,,,,
2026-03-21 00:00:00+00:00,,,,2083.78,2085.006791692106,-0.0005883873841534548,-0.0005145353432032104,-1.5111376611270602,,,,,,,,,
2026-03-22 00:00:00+00:00,,,,2053.0,2053.92034627669,-0.00044809248730526274,-0.000510756842284632,0.22183721687597632,,,,,,,,,
2026-03-23 00:00:00+00:00,,,,2150.98,2152.156201959972,-0.0005465225799599072,-0.0005143998161502335,-0.9635047079222393,,,,,,,,,
2026-03-24 00:00:00+00:00,,,,2155.09,2156.260213975779,-0.0005427053600461917,-0.0005232313283088612,-0.8832223965452464,,,,,,,,,
2026-03-25 00:00:00+00:00,,,,2168.11,2169.072361232949,-0.0004436741024175239,-0.0005134890763927036,0.5495377081208255,,,,,,,,,
2026-03-26 00:00:00+00:00,,,,2059.59,2060.333935994622,-0.00036107544589025764,-0.0004925984207272416,1.6119059794000252,,,,,,,,,
2026-03-27 00:00:00+00:00,,,,1992.01,1992.987073381319,-0.000490255754474811,-0.0004886733020353441,-0.2138620403351783,,,,,,,,,
2026-03-28 00:00:00+00:00,,,,1993.94,1994.934762784694,-0.00049864426809898,-0.00047585285688470487,-0.29952163736931453,,,,,,,,,
2026-03-29 00:00:00+00:00,,,,1983.2,1984.497200183048,-0.0006536669252686922,-0.0005052206337366234,-2.3004193098912493,,,,,,,,,
2026-03-30 00:00:00+00:00,,,,2025.86,2026.478877294513,-0.0003053953838094703,-0.0004707738914294181,2.0643424781144173,,,,,,,,,
2026-03-31 00:00:00+00:00,,,,2104.35,2105.463313808722,-0.0005287737864727582,-0.0004687836666332133,-0.7022243721366529,,,,,,,,,
2026-04-01 00:00:00+00:00,,,,2138.71,2140.293191265489,-0.0007397076587216667,-0.0005110741746766623,-2.7846531056718042,,,,,,,,,
2026-04-02 00:00:00+00:00,,,,2056.15,2057.17379948014,-0.000497672817142969,-0.000530588084855621,-0.14952879721042922,,,,,,,,,
2026-04-03 00:00:00+00:00,,,,2053.04,2053.835489192071,-0.0003873188462546473,-0.0005158828122527405,1.014111719456147,,,,,,,,,
2026-04-04 00:00:00+00:00,,,,2064.78,2065.564992949629,-0.0003800378842148122,-0.0004989390431264308,1.1026305422522773,,,,,,,,,
2026-04-05 00:00:00+00:00,,,,2109.28,2109.934506619412,-0.0003102023391523545,-0.00044987267368123973,1.7456094441905627,,,,,,,,,
2026-04-06 00:00:00+00:00,,,,2106.21,2107.511749022386,-0.0006176710630391158,-0.0004944834849997605,-1.3405977151930522,,,,,,,,,
2026-04-07 00:00:00+00:00,,,,2239.3,2240.120848016792,-0.00036643023858229373,-0.000471291549586837,1.097632482968986,,,,,,,,,
2026-04-08 00:00:00+00:00,,,,2189.11,2190.029559189821,-0.0004198843736891167,-0.0004256025088679013,0.5488623851531942,,,,,,,,,
2026-04-09 00:00:00+00:00,,,,2189.12,2190.215686305109,-0.0005002641118682094,-0.00042597269382864996,-0.2394849615328729,,,,,,,,,
2026-04-10 00:00:00+00:00,,,,2244.11,2245.096630559082,-0.0004394601754117433,-0.0004334214551368065,0.3876585365023793,,,,,,,,,
2026-04-11 00:00:00+00:00,,,,2283.94,2284.914694284661,-0.0004265779755799892,-0.0004400700396175461,0.49333567734000017,,,,,,,,,
2026-04-12 00:00:00+00:00,,,,2190.7,2191.496996147427,-0.000363676586747963,-0.00044770921784549015,1.0669341705852116,,,,,,,,,
2026-04-13 00:00:00+00:00,,,,2367.29,2368.990630944778,-0.0007178715367479604,-0.00046202357123246795,-2.1731562823851696,,,,,,,,,
2026-04-14 00:00:00+00:00,,,,2321.3,2322.380381376369,-0.0004652043158099861,-0.0004761341536935669,0.1943902878491351,,,,,,,,,
2026-04-15 00:00:00+00:00,,,,2358.76,2359.98050734739,-0.0005171684018532297,-0.0004900318720027259,-0.29423829172955673,,,,,,,,,
2026-04-16 00:00:00+00:00,,,,2347.01,2348.144985284932,-0.00048335400584043064,-0.00048761614257018603,0.02376300594883635,,,,,,,,,
2026-04-17 00:00:00+00:00,,,,2416.93,2418.878716663969,-0.000805628099724176,-0.0005399258460433907,-2.550842779490354,,,,,,,,,
2026-04-18 00:00:00+00:00,,,,2349.07,2350.233832090539,-0.000495198424364296,-0.0005497287672982917,0.0006313857149087889,,,,,,,,,
2026-04-19 00:00:00+00:00,,,,2262.2,2262.85638752026,-0.0002900703393640125,-0.0005392135891005845,1.5557631996125365,,,,,,,,,
2026-04-20 00:00:00+00:00,,,,2312.44,2313.805992634479,-0.0005903661062454102,-0.0005209985276002202,-0.8074953752912327,,,,,,,,,
2026-04-21 00:00:00+00:00,,,,2326.54,2327.261136236788,-0.00030986477003347446,-0.0004988071639178614,1.3226549093292963,,,,,,,,,
2026-04-22 00:00:00+00:00,,,,2372.91,2374.103588936931,-0.0005027535203152578,-0.0004967478951267225,-0.16141120674938333,,,,,,,,,
2026-04-23 00:00:00+00:00,,,,2329.26,2330.305568910229,-0.00044868317879775965,-0.0004917949198349124,0.22952085165166233,,,,,,,,,
2026-04-24 00:00:00+00:00,,,,2313.87,2315.01239625899,-0.0004934730633996409,-0.00044720134321712165,-0.10201686138349683,,,,,,,,,
2026-04-25 00:00:00+00:00,,,,2319.29,2319.488482961966,-8.5571867859624e-05,-0.00038868326371645424,2.617158277131901,,,,,,,,,
2026-04-26 00:00:00+00:00,,,,2368.6,2369.501788225944,-0.0003805813654267354,-0.0004016134102968432,0.585850609936087,,,,,,,,,
2026-04-27 00:00:00+00:00,,,,2302.68,2303.771882976469,-0.00047395446768727645,-0.0003849831762171098,-0.050022301832345656,,,,,,,,,
2026-04-28 00:00:00+00:00,,,,2288.37,2289.394436962647,-0.00044747071369943825,-0.0004046411681693903,0.08489488924891547,,,,,,,,,
2026-04-29 00:00:00+00:00,,,,2252.08,2252.955558783375,-0.0003886267440836866,-0.0003883373429934516,0.5218075598438398,,,,,,,,,
2026-04-30 00:00:00+00:00,,,,2256.61,2257.614139737319,-0.0004447791673716228,-0.00038777962707543204,0.10551034765763828,,,,,,,,,
2026-05-01 00:00:00+00:00,,,,2294.65,2295.658803238706,-0.00043943953573699623,-0.00038006055169505427,0.07808156601773543,,,,,,,,,
2026-05-02 00:00:00+00:00,,,,2316.17,2316.96535698674,-0.00034327530376820903,-0.00041687532825342356,0.7683216547240047,,,,,,,,,
2026-05-03 00:00:00+00:00,,,,2321.84,2322.801530652183,-0.00041395299576574285,-0.0004216427040161389,0.2391349460147843,,,,,,,,,
2026-05-04 00:00:00+00:00,,,,2346.24,2347.133211996973,-0.0003805544535808725,-0.00040829984485808116,0.493410908592955,,,,,,,,,
2026-05-05 00:00:00+00:00,,,,2359.67,2360.899178103631,-0.0005206398117425515,-0.0004187525731499545,-0.5265832669014604,,,,,,,,,
2026-05-06 00:00:00+00:00,,,,2350.19,2351.038129826709,-0.00036074694661436535,-0.0004147697449400515,0.6557983757160876,,,,,,,,,
2026-05-07 00:00:00+00:00,,,,2291.25,2291.146139074824,4.5331427535266755e-05,-0.00034475394566763865,3.074928480716851,,,,,,,,,
2026-05-08 00:00:00+00:00,,,,2306.79,2307.218828806959,-0.00018586395083342033,-0.000308528862109985,1.469315717391868,,,,,,,,,
2026-05-09 00:00:00+00:00,,,,2325.68,2326.56777373256,-0.0003815808602626314,-0.000314001084466331,0.229337753207031,,,,,,,,,
2026-05-10 00:00:00+00:00,,,,2370.18,2371.216372067349,-0.00043706347491412334,-0.0003173025814875282,-0.11705113470757329,,,,,,,,,
2026-05-11 00:00:00+00:00,,,,2339.01,2339.844235524081,-0.00035653464081719655,-0.00031387117966414594,0.36956259738230285,,,,,,,,,
2026-05-12 00:00:00+00:00,,,,2274.13,2275.024908759777,-0.00039336218092878017,-0.0002956886609764643,0.14688611032735693,,,,,,,,,
2026-05-13 00:00:00+00:00,,,,2258.61,2258.706790167629,-4.285202844844793e-05,-0.00025027510123847615,2.141591026187832,,,,,,,,,
2026-05-14 00:00:00+00:00,,,,2282.31,2283.34533197577,-0.0004534276796730463,-0.00032152640226823515,-0.36203194327189125,,,,,,,,,
2026-05-15 00:00:00+00:00,,,,2223.66,2224.527178415141,-0.00038982594753411703,-0.00035066383036833467,-0.0001261041535656704,,,,,,,,,
2026-05-16 00:00:00+00:00,,,,2180.09,2180.751084128292,-0.00030314515631946204,-0.0003394587298050248,0.49752881902489143,,,,,,,,,
2026-05-17 00:00:00+00:00,,,,2130.24,2130.981572157747,-0.00034799557510778456,-0.00032673474411840493,0.14549439463101652,,,,,,,,,
2026-05-18 00:00:00+00:00,,,,2129.09,2129.987570262277,-0.0004213969484181401,-0.0003360007880613969,-0.3962716059411024,,,,,,,,,
2026-05-19 00:00:00+00:00,,,,2111.11,2111.905979949006,-0.0003769012240900649,-0.00033364922279872325,-0.05705980200693316,,,,,,,,,
2026-05-20 00:00:00+00:00,,,,2128.55,2129.47711207439,-0.0004353707626782999,-0.0003897233276887021,-0.537657945374113,,,,,,,,,
2026-05-21 00:00:00+00:00,,,,2133.11,2133.769252718546,-0.0003089615794705791,-0.00036908531337406396,0.4118525903722773,,,,,,,,,
2026-05-22 00:00:00+00:00,,,,2064.97,2065.911580382456,-0.0004557699329426068,-0.0003785058827181339,-0.7104469313418307,,,,,,,,,
2026-05-23 00:00:00+00:00,,,,2116.56,2117.515260753359,-0.00045112343276310085,-0.0003996456364957966,-0.6742571979553071,,,,,,,,,
2026-05-24 00:00:00+00:00,,,,2098.93,2099.776141758245,-0.00040296760279256993,-0.0004074987833079088,-0.3369595188530363,,,,,,,,,
2026-05-25 00:00:00+00:00,,,,2112.01,2113.02937542586,-0.0004824236888114619,-0.00041621688907838336,-0.9106570737664693,,,,,,,,,
2026-05-26 00:00:00+00:00,,,,2072.77,2073.662327711105,-0.0004303148584898775,-0.0004238474082783566,-0.4634471395580765,,,,,,,,,
2026-05-27 00:00:00+00:00,,,,2024.2,2025.100571071115,-0.0004447043687506591,-0.0004251807805744079,-0.5937700691306464,,,,,,,,,
2026-05-28 00:00:00+00:00,,,,2009.08,2009.879756351061,-0.00039791253607779353,-0.00043788806008972426,-0.2202851470788225,,,,,,,,,
2026-05-29 00:00:00+00:00,,,,2013.75,2014.52044929358,-0.0003824479884779741,-0.0004274134965947767,-0.09285521165936834,,,,,,,,,
2026-05-30 00:00:00+00:00,,,,2021.68,2022.40918080661,-0.00036055058171713394,-0.0004144745178739243,0.06707480870696172,,,,,,,,,
2026-05-31 00:00:00+00:00,,,,2006.37,2007.117677362232,-0.00037251296755780317,-0.00041012385569752903,-0.05262840611343503,,,,,,,,,
2026-06-01 00:00:00+00:00,,,,2005.76,2006.658641023932,-0.0004478295438796742,-0.00040518183499298796,-0.6559528958534839,,,,,,,,,
2026-06-02 00:00:00+00:00,,,,1859.0,1859.994901080258,-0.0005348945202376942,-0.0004201217866712475,-1.3146348273573905,,,,,,,,,
2026-06-03 00:00:00+00:00,,,,1812.38,1813.165772939832,-0.00043337071080817857,-0.0004185026926794645,-0.46987237833479534,,,,,,,,,
2026-06-04 00:00:00+00:00,,,,1770.0,1770.779356751177,-0.0004401207571149701,-0.00042453243854191836,-0.557533372150331,,,,,,,,,
2026-06-05 00:00:00+00:00,,,,1582.49,1583.445366451241,-0.0006033466461694559,-0.00045608938964070145,-1.7417228348507976,,,,,,,,,
2026-06-06 00:00:00+00:00,,,,1568.86,1569.678147003628,-0.000521219592175548,-0.00047904210542047487,-1.193304043641306,,,,,,,,,
2026-06-07 00:00:00+00:00,,,,1689.7,1690.260692340632,-0.00033171944610244086,-0.00047321445949828026,0.7738393436644309,,,,,,,,,
2026-06-08 00:00:00+00:00,,,,1689.23,1690.388407636178,-0.0006852908070980046,-0.0005071374971008989,-2.523065417368822,,,,,,,,,
2026-06-09 00:00:00+00:00,,,,1638.81,1639.514415426774,-0.0004296488156162459,-0.000492102396440692,-0.14047091743641102,,,,,,,,,
2026-06-10 00:00:00+00:00,,,,1620.91,1621.64107106525,-0.00045082174982746803,-0.0004945954020148762,-0.3098462040103104,,,,,,,,,
2026-06-11 00:00:00+00:00,,,,1672.99,1673.422296462114,-0.0002583307650603217,-0.00046862540314992644,1.4005545790064724,,,,,,,,,
2026-06-12 00:00:00+00:00,,,,1665.76,1666.450543660235,-0.0004143799303628626,-0.0004416301580346988,0.13120594252561965,,,,,,,,,
2026-06-13 00:00:00+00:00,,,,1680.57,1681.140357428481,-0.00033926817945972854,-0.00041563709907529604,0.9494292793353464,,,,,,,,,
2026-06-14 00:00:00+00:00,,,,1724.89,1725.758965661892,-0.000503526668081733,-0.0004401809879294806,-0.8856599078199767,,,,,,,,,
2026-06-15 00:00:00+00:00,,,,1795.1,1796.09321139911,-0.0005529843288792913,-0.00042128006246966443,-1.3557447219915542,,,,,,,,,
2026-06-16 00:00:00+00:00,,,,1792.29,1793.034890932263,-0.000415435826725985,-0.00041924963548534144,0.24019208145738474,,,,,,,,,
2026-06-17 00:00:00+00:00,-3.3e-05,-3.3e-05,1.0,1749.79,1750.577814413134,-0.00045003107353913663,-0.0004191366817298655,-0.14925372795074435,,,,,,,,,
2026-06-18 00:00:00+00:00,1.0666666666666667e-05,1.8e-05,3.0,1710.18,1711.117765251458,-0.0005480424962568398,-0.0004605240719007967,-1.1968378703614935,,,,,,,,,
2026-06-19 00:00:00+00:00,1.2e-05,3.5e-05,3.0,1710.18,1711.146574161647,-0.0005648692965537494,-0.0004820225527852091,-1.298439518068337,,,,,,,,,
2026-06-20 00:00:00+00:00,-3.333333333333335e-07,1.9e-05,3.0,1739.99,1740.96259898332,-0.0005586558745650505,-0.0005133636520859694,-1.1595628170361016,,,,,,,,,
2026-06-21 00:00:00+00:00,9e-06,-6e-06,3.0,1706.23,1706.994661164462,-0.00044795756065252323,-0.0005054252081675108,0.08165216452097612,,,,,,,9.666666666666668e-06,,
2026-06-22 00:00:00+00:00,1.1e-05,1.1e-05,1.0,1727.47,1728.257667915483,-0.00045575838030731397,-0.0004915357869429426,-0.004275705494277455,,,,,,,1.1066666666666663e-05,,
2026-06-23 00:00:00+00:00,2.666666666666666e-06,-3.8e-05,3.0,1666.41,1667.1135,-0.00042198686532135543,-0.0004924716495994241,0.3837564985147972,,,,,,,9.666666666666663e-06,,
2026-06-24 00:00:00+00:00,3.766666666666667e-05,2.9e-05,3.0,1621.62,1622.2885,-0.00041207220540628864,-0.00048704895415187444,0.4680363315976309,,,,,,,1.2619047619047618e-05,,
2026-06-25 00:00:00+00:00,-1.2666666666666667e-05,-4.3e-05,3.0,1566.83,1567.44,-0.00038916960138835055,-0.0004643528263135188,0.7048573110392569,,,,,,,9.666666666666668e-06,,
2026-06-26 00:00:00+00:00,4.333333333333333e-06,2.6e-05,3.0,1577.84,1578.6755,-0.0005292411265014341,-0.0004592630877346166,-0.8178766144568422,,,,,,,8.6e-06,,
2026-06-27 00:00:00+00:00,-1.3333333333333332e-06,7e-06,3.0,1573.12,1573.9685,-0.0005390832154519298,-0.0004564669935755994,-0.8688863279533806,,,,,,,6.944444444444446e-06,,
2026-06-28 00:00:00+00:00,-7.000000000000001e-06,2.2e-05,3.0,1571.18,1571.97,-0.0005025541199895622,-0.0004642665020523192,-0.4287141337592604,,,,,,,4.952380952380953e-06,,
2026-06-29 00:00:00+00:00,1.4999999999999999e-05,4.2e-05,3.0,1612.38,1613.0625,-0.00042310821806335053,-0.00045960219316032447,0.48315831658234687,,,,,,,5.523809523809524e-06,,
2026-06-30 00:00:00+00:00,4e-05,7.1e-05,3.0,1571.41,1572.0925,-0.0004341347598820766,-0.0004613376066689989,0.38862188343175375,,,,,,,1.0857142857142858e-05,,
2026-07-01 00:00:00+00:00,5.566666666666667e-05,8e-06,3.0,1608.94,1609.6055,-0.00041345534666714645,-0.0004615351982776929,0.6095397826066622,,,,,,,1.342857142857143e-05,,
2026-07-02 00:00:00+00:00,3.7e-05,4.4e-05,3.0,1699.99,1700.559,-0.00033459585936146397,-0.0004537389494167091,1.3983338912607552,,,,,,,2.0523809523809524e-05,1.119684874214974,
2026-07-03 00:00:00+00:00,6.166666666666667e-05,6.2e-05,3.0,1757.43,1758.2265,-0.0004530133063060937,-0.00044284926081737474,0.08679038505592233,,,,,,,2.8714285714285716e-05,1.8984599792011685,
2026-07-04 00:00:00+00:00,5.1666666666666664e-05,3.4e-05,3.0,1779.92,1780.614,-0.00038975319749257054,-0.0004215164011088949,0.7662759539703703,,,,,,,3.628571428571429e-05,1.378132902130928,
2026-07-05 00:00:00+00:00,6.2e-05,4.5e-05,3.0,1785.14,1785.9395,-0.00044766354067415914,-0.000413674889778123,0.07253782556897308,,,,,,,4.614285714285715e-05,1.6262730454265335,
2026-07-06 00:00:00+00:00,4.333333333333333e-05,4.9e-05,3.0,1798.85,1799.482,-0.00035121218217248895,-0.0004034040275079999,1.111206844605828,,,,,,,5.019047619047619e-05,0.6357933653344674,
2026-07-07 00:00:00+00:00,4.7000000000000004e-05,4.7e-05,3.0,1770.44,1771.3255,-0.0004999081196538357,-0.00041280022176110834,-0.5419279241781757,,,,,,,5.1190476190476193e-05,0.738505553053022,
2026-07-08 00:00:00+00:00,3.933333333333333e-05,5.3e-05,3.0,1742.64,1743.5005,-0.000493547320462473,-0.0004242419323032979,-0.6279330557774622,,,,,,,4.885714285714286e-05,0.42561339453030456,
2026-07-09 00:00:00+00:00,3.9999999999999996e-05,4.2e-05,3.0,1744.32,1745.207,-0.000508249164712371,-0.0004490495473534274,-0.7846691376175734,,,,,,,4.928571428571429e-05,0.43760231565702773,
2026-07-10 00:00:00+00:00,1.8333333333333333e-05,1.3e-05,3.0,1796.03,1796.833,-0.0004468974022627803,-0.00044817584677581124,0.04135988432392821,,,,,,,4.3095238095238105e-05,-0.4344969764492081,
2026-07-11 00:00:00+00:00,-9.666666666666667e-06,-1.8e-05,3.0,1786.61,1787.764,-0.0006454990703470553,-0.0004847109714693091,-2.4914955248231077,,,,,,,3.433333333333334e-05,-1.4705072899102007,
2026-07-12 00:00:00+00:00,9e-06,2.1e-05,3.0,1806.04,1806.8055,-0.00042367592970027346,-0.0004812841699016111,0.5403225323807663,,,,,,,2.6761904761904763e-05,-0.6924738667842238,
2026-07-13 00:00:00+00:00,2.7333333333333328e-05,5.2e-05,3.0,1776.08,1776.743,-0.00037315469935716994,-0.0004844188152137084,1.277199566147348,,,,,,,2.4476190476190482e-05,0.05517085014168169,
2026-07-14 00:00:00+00:00,2.4e-05,6.9e-05,3.0,1891.31,1891.7305,-0.00022228324806305988,-0.000444758119272169,2.786771413556154,,,,,,,2.1190476190476193e-05,-0.08255972841986622,
2026-07-15 00:00:00+00:00,5.033333333333333e-05,6.4e-05,3.0,1916.9,1917.842,-0.000491177062552639,-0.00044441951099933555,-0.4686985171772188,,,,,,,2.2761904761904765e-05,1.00076021037774,
2026-07-16 00:00:00+00:00,6.800000000000001e-05,9.2e-05,3.0,1863.91,1864.6745,-0.0004099911271376877,-0.0004303826484886665,0.5219021356072064,,,,,,,2.6761904761904767e-05,1.6214221714228627,
2026-07-17 00:00:00+00:00,7.233333333333333e-05,4.6e-05,3.0,1841.15,1841.8325,-0.0003705548685887239,-0.00041947657224951563,0.9555940814077671,,,,,,,3.447619047619048e-05,1.661633570927669,
2026-07-18 00:00:00+00:00,4.333333333333334e-05,2.5e-05,3.0,1861.89,1862.6,-0.0003811875872434811,-0.000381717788949005,0.7721275761378823,,,,,,,4.204761904761906e-05,0.5042120823029625,
2026-07-19 00:00:00+00:00,6.566666666666666e-05,6.5e-05,3.0,1871.41,1872.2485,-0.00044785721553508573,-0.00038517225835397816,-0.09238969322188693,,,,,,,5.0142857142857155e-05,1.327687976622764,
2026-07-20 00:00:00+00:00,3.733333333333334e-05,3.8e-05,3.0,1903.79,1904.699,-0.0004772407608761853,-0.0004000416957138375,-0.5187058185453927,,,,,,,5.157142857142859e-05,0.2066372242370563,
2026-07-21 00:00:00+00:00,2.633333333333333e-05,3.7e-05,3.0,1929.33,1930.1725,-0.0004364894847480594,-0.00043064258666883744,0.013103230678882914,,,,,,,5.190476190476191e-05,-0.2307449674563741,
2026-07-22 00:00:00+00:00,2.6e-05,2.8e-05,3.0,1933.38,1934.261,-0.00045547110757016007,-0.0004255417359570547,-0.23716466484123896,,,,,,,4.842857142857144e-05,-0.26793314821755065,
2026-07-23 00:00:00+00:00,1.6666666666666667e-05,8e-06,3.0,1877.58,1878.3355,-0.00040221781465554773,-0.00042443126274532047,0.454584000529476,,,,,,,4.109523809523811e-05,-0.6857241733962818,
2026-07-24 00:00:00+00:00,1.4333333333333332e-05,4.2e-05,3.0,1860.73,1861.54,-0.0004351236073358855,-0.00043365536828062927,0.032383802572340956,,,,,,,3.280952380952381e-05,-0.7442727315998571,
2026-07-25 00:00:00+00:00,7.9e-05,6.9e-05,3.0,1873.88,1874.816,-0.0004992489929678268,-0.0004505212833841072,-0.7610543802334867,,,,,,,3.7904761904761905e-05,1.8308944445093687,
2026-07-26 00:00:00+00:00,7.666666666666666e-06,1.3e-05,3.0,1953.75,1954.7575,-0.0005154092003739619,-0.00046017156693251807,-0.9857722979614485,,,,,,,2.961904761904762e-05,-1.1647289707862414,
2026-07-27 00:00:00+00:00,2.5e-05,1.5e-05,3.0,1891.52,1892.5085,-0.0005223226210080423,-0.0004666118326656405,-1.094489558099398,,,,,,,2.785714285714286e-05,-0.4915611053992736,
2026-07-28 00:00:00+00:00,7.666666666666667e-06,1.1e-05,3.0,1921.28,1922.1445,-0.00044975806969771437,-0.0004685073448013055,-0.15228256685650424,,,,,,,2.5190476190476195e-05,-1.3193173688988156,
2026-07-29 00:00:00+00:00,3.6666666666666666e-05,3.3e-05,3.0,1909.76,1910.718,-0.0005013822029206194,-0.00047506607270851397,-0.8048804181474302,,,,,,,2.6714285714285722e-05,-0.03544464947871459,
2026-07-30 00:00:00+00:00,3.633333333333333e-05,1.5e-05,3.0,1917.6,1918.441,-0.0004383767861508847,-0.0004802316400649907,0.0380080776818215,,,,,,,2.9523809523809526e-05,-0.045214478786988026,
2026-07-31 00:00:00+00:00,5.8e-05,6.7e-05,3.0,1861.93,1862.512,-0.0003124812081747308,-0.0004627112973276829,1.599470066909421,,,,,,,3.5761904761904765e-05,0.9499217485746408,
2026-08-01 00:00:00+00:00,0.0001,0.0001,3.0,1844.11,1845.0225,-0.0004945739144103234,-0.0004620434289623253,-0.6713316964781092,,,,,,,3.876190476190477e-05,2.46747819465017,
2026-08-02 00:00:00+00:00,6.2e-05,8.6e-05,3.0,1884.5,1885.275,-0.00041108061158190434,-0.00044713934484917416,0.4002319781585447,,,,,,,4.6523809523809526e-05,0.91709720607078,
2026-08-03 00:00:00+00:00,7.2e-05,5.7e-05,3.0,1859.91,1860.516,-0.0003257160916648738,-0.0004190526978001501,1.4406947055771995,,,,,,,5.323809523809525e-05,1.2650630472975968,
2026-08-04 00:00:00+00:00,5.6e-05,5.6e-05,3.0,1868.98,1869.8455,-0.00046287246727061415,-0.00042092618316770725,-0.2867417848944234,,,,,,,6.014285714285715e-05,0.6409264779143486,
2026-08-05 00:00:00+00:00,3.966666666666667e-05,4.6e-05,3.0,1907.79,1908.888,-0.0005752039931100628,-0.0004314721531947706,-1.5739620939081995,,,,,,,6.057142857142858e-05,-0.007558420382633624,
2026-08-06 00:00:00+00:00,-4.366666666666667e-05,-2.3e-05,3.0,1903.32,1904.0865,-0.0004025552410564792,-0.0004263547896098555,0.5174905080272131,,,,,,,4.9142857142857144e-05,-2.7548665013404636,
2026-08-07 00:00:00+00:00,-1.9999999999999995e-06,-1.4e-05,3.0,1913.11,1914.116,-0.0005255689832800448,-0.00045679590033918604,-0.9804402575193448,,,,,,,4.057142857142857e-05,-1.2459672248694798,
2026-08-08 00:00:00+00:00,3.1666666666666666e-05,1.1e-05,3.0,1916.07,1916.882,-0.00042360458285906066,-0.00044665742440329136,0.2351225171978688,,,,,,,3.0809523809523814e-05,-0.11681707039809484,
2026-08-09 00:00:00+00:00,-3.33333333333333e-07,-1e-05,3.0,1909.75,1910.693,-0.0004935382083882667,-0.0004584370810899146,-0.6058396233470941,,,,,,,2.190476190476191e-05,-1.1399575638150834,
2026-08-10 00:00:00+00:00,4.1666666666666665e-05,0.0001,3.0,1872.6,1873.187,-0.00031336967425033,-0.0004566733071735512,1.585888132092409,,,,,,,1.757142857142857e-05,0.18329085562961656,
2026-08-11 00:00:00+00:00,8.5e-05,5.5e-05,3.0,1881.6,1882.648,-0.000556662743115055,-0.0004700719180084713,-1.512216465542383,,,,,,,2.1714285714285715e-05,1.525167173132415,
2026-08-12 00:00:00+00:00,4.266666666666666e-05,4.4e-05,3.0,1879.18,1879.9105,-0.0003885823287863577,-0.000443411680247942,0.6312804243070387,,,,,,,2.2142857142857148e-05,0.11103430754695756,
2026-08-13 00:00:00+00:00,8.2e-05,5.8e-05,3.0,1885.47,1886.221,-0.00039815058786851765,-0.0004427824440782332,0.6780502718754619,,,,,,,4.00952380952381e-05,1.3125179978486539,
2026-08-14 00:00:00+00:00,8.766666666666667e-05,9.4e-05,3.0,1881.59,1882.1745,-0.00031054506370165047,-0.00041206474128131976,1.7910366864731668,,,,,,,5.290476190476191e-05,1.404927004061518,
2026-08-15 00:00:00+00:00,4.6666666666666665e-05,8.1e-05,3.0,1881.93,1882.7295,-0.0004246494252094779,-0.0004122140044742365,0.19367995103303745,,,,,,,5.504761904761905e-05,0.1537045722169265,
2026-08-16 00:00:00+00:00,5.833333333333333e-05,5.2e-05,3.0,1875.41,1876.1065,-0.00037124758109419176,-0.0003947439148607972,0.946858793435082,,,,,,,6.342857142857143e-05,0.5413518697674182,
2026-08-17 00:00:00+00:00,2.4e-05,1.3e-05,3.0,1912.72,1913.623,-0.0004718797798730634,-0.0004173882156640448,-0.43272760976777663,,,,,,,6.090476190476191e-05,-0.5274465604575878,
2026-08-18 00:00:00+00:00,9e-06,-2.6e-05,3.0,1917.04,1917.851,-0.00042286913842637386,-0.0003982748435656618,0.2518969859412431,,,,,,,5.004761904761905e-05,-0.9379962237641832,
2026-08-19 00:00:00+00:00,-8.999999999999999e-06,2e-05,3.0,2252.05,2252.83,-0.00034623118477639103,-0.0003922246801356666,1.2482663281410655,,,,,,,4.266666666666667e-05,-1.4042417143482704,
2026-08-20 00:00:00+00:00,0.0001,0.0001,3.0,2325.99,2326.921,-0.0004000995306673305,-0.00039250310053549697,0.4823643692566267,,,,,,,4.5238095238095245e-05,1.734174377600947,
2026-08-21 00:00:00+00:00,8.599999999999999e-05,0.0001,3.0,2515.76,2516.1625,-0.0001599658209673338,-0.0003709917801448803,3.0151182704497526,,,,,,,4.5e-05,1.2419994437246145,
2026-08-22 00:00:00+00:00,9.3e-05,0.0001,3.0,2421.78,2422.707,-0.0003826298433941,-0.00036498898274268346,0.4749350029039512,,,,,,,5.161904761904763e-05,1.334513756673766,
2026-08-23 00:00:00+00:00,0.0001,0.0001,3.0,2462.42,2463.369,-0.0003852447603261977,-0.0003669885797758272,0.4251739780122247,,,,,,,5.757142857142858e-05,1.4124248647236164,
2026-08-24 00:00:00+00:00,7.333333333333333e-05,3.3e-05,3.0,2481.2,2482.293,-0.0004403186892121269,-0.0003624798525385505,-0.2223136730358333,,,,,,,6.461904761904762e-05,0.7085030087345471,
2026-08-25 00:00:00+00:00,4.5333333333333335e-05,3.5e-05,3.0,2441.61,2442.6475,-0.00042474405332737497,-0.0003627476975244078,-0.08032002919953549,,,,,,,6.980952380952381e-05,-0.07717456543232348,
2026-08-26 00:00:00+00:00,3.066666666666667e-05,4.8e-05,3.0,2505.72,2506.771,-0.0004192644641255461,-0.0003731810231457157,-0.057978448349210815,,,,,,,7.547619047619048e-05,-0.4848530341843776,
2026-08-27 00:00:00+00:00,2.0666666666666663e-05,2.7e-05,3.0,2509.9,2510.881,-0.0003906995194116192,-0.0003718381643948998,0.26209507791779413,,,,,,,6.414285714285714e-05,-0.7801119452482158,
2026-08-28 00:00:00+00:00,7.033333333333334e-05,0.0001,3.0,2442.68,2442.9015,-9.067086822789339e-05,-0.0003619388854321226,3.0804650389594217,,,,,,,6.19047619047619e-05,0.5649479585352538,
2026-08-29 00:00:00+00:00,0.0001,0.0001,3.0,2456.76,2457.504,-0.0003027462010233295,-0.00035052693652201254,0.904036074229979,,,,,,,6.290476190476192e-05,1.2897865843556626,
2026-08-30 00:00:00+00:00,6.833333333333335e-05,5e-06,3.0,2416.1,2417.162,-0.0004393582225766801,-0.0003582574311292243,-0.4073206668829054,,,,,,,5.838095238095239e-05,0.4280242239297966,
2026-08-31 00:00:00+00:00,0.0001,0.0001,3.0,2466.65,2467.6715,-0.0004139529917169815,-0.00035449090291563213,-0.1838319487737782,,,,,,,6.21904761904762e-05,1.2769240417446326,
2026-09-01 00:00:00+00:00,9.866666666666668e-05,0.0001,3.0,2417.84,2418.637,-0.00032952443876443915,-0.0003408881008352127,0.6392292983842501,,,,,,,6.980952380952383e-05,1.1794556194927515,
2026-09-02 00:00:00+00:00,9.933333333333333e-05,9.8e-05,3.0,2391.13,2392.1565,-0.00042911072080775714,-0.00034229470893267145,-0.3297670021101763,,,,,,,7.961904761904763e-05,1.1498326346780148,
2026-09-03 00:00:00+00:00,9.333333333333334e-05,8e-05,3.0,2506.45,2507.541,-0.000435087601758144,-0.00034863586355360354,-0.40172535778757984,,,,,,,9e-05,0.9484666131317584,
2026-09-04 00:00:00+00:00,8.5e-05,7.4e-05,3.0,2454.65,2455.771,-0.00045647578703389424,-0.00040089370909731796,-0.6966653694286978,,,,,,,9.20952380952381e-05,0.6960359879863598,
2026-09-05 00:00:00+00:00,7.333333333333333e-05,4.1e-05,3.0,2479.27,2480.2665,-0.0004017713419103286,-0.00041504015779546066,-0.10910166110847931,,,,,,,8.828571428571429e-05,0.3471110526398479,
2026-09-06 00:00:00+00:00,6.466666666666666e-05,6.1e-05,3.0,2513.29,2514.698,-0.0005599081877823986,-0.0004322615813962776,-1.760305743543757,,,,,,,8.776190476190476e-05,0.03906421701242009,
2026-09-07 00:00:00+00:00,8.2e-05,6.9e-05,3.0,2489.2,2490.0575,-0.00034436955773109457,-0.0004223210908268652,0.480765437803457,,,,,,,8.51904761904762e-05,0.5197140825441977,
2026-09-08 00:00:00+00:00,8.033333333333334e-05,7.5e-05,3.0,2483.97,2485.074,-0.0004442523643160001,-0.00043871079447708815,-0.5950116819695892,,,,,,,8.257142857142857e-05,0.41592305287566866,
2026-09-09 00:00:00+00:00,6.633333333333334e-05,7.2e-05,3.0,2467.13,2468.285,-0.0004679362391294406,-0.0004442572970944715,-0.7929096417387206,,,,,,,7.785714285714286e-05,-0.07477619795602007,
2026-09-10 00:00:00+00:00,4.466666666666667e-05,-3.8e-05,3.0,2436.68,2438.108,-0.0005857000592264239,-0.0004657733624470829,-1.9992833869637008,,,,,,,7.090476190476192e-05,-0.7516236369476104,
2026-09-11 00:00:00+00:00,5.8e-05,9.1e-05,3.0,2515.42,2516.5485,-0.0004484316515258602,-0.00046462420023164953,-0.539532385260541,,,,,,,6.704761904761906e-05,-0.32766095933285094,
2026-09-12 00:00:00+00:00,4.7000000000000004e-05,6.1e-05,3.0,2524.99,2525.962,-0.0003848038885779781,-0.000462200278327028,0.11806022222739357,,,,,,,6.328571428571429e-05,-0.6563138170355802,
2026-09-13 00:00:00+00:00,0.0001,0.0001,3.0,2475.9,2477.015,-0.000450138574049741,-0.00044651890493664837,-0.5182951351234504,,,,,,,6.833333333333335e-05,1.0935764301777235,
2026-09-14 00:00:00+00:00,9.366666666666666e-05,8.6e-05,3.0,2514.71,2515.77,-0.00042134217356915027,-0.00045751499291351346,-0.21699484368570973,,,,,,,7e-05,0.8284225402212746,
2026-09-15 00:00:00+00:00,1.8e-05,-8e-06,3.0,2397.1,2398.1985,-0.0004580521587349562,-0.00045948639211622144,-0.5699997667138214,,,,,,,6.10952380952381e-05,-1.5540874438016234,
2026-09-16 00:00:00+00:00,4.233333333333333e-05,6.4e-05,3.0,2417.15,2418.3965,-0.0005154241663845038,-0.00046627038172408763,-1.138612512977644,771753.9300000002,9.8e-05,2377.81,2378.865,903834.0,2168490906.1274,5.7666666666666675e-05,-0.8227887856460712,
2026-09-17 00:00:00+00:00,4.766666666666667e-05,4.9e-05,3.0,2446.47,2447.4765,-0.00041123990363156615,-0.00044134750235339367,-0.06801046266618029,751023.4300000003,4e-05,2469.9,2470.8845,1047454.26,2543329420.8947,5.80952380952381e-05,-0.734359456100578,
2026-09-18 00:00:00+00:00,7.466666666666666e-05,9.1e-05,3.0,2610.87,2612.083,-0.0004643803431974014,-0.0004436258868778996,-0.5761117714858544,765804.030000001,8.9e-05,2590.47,2591.657,913673.85,2300635435.4968,6.047619047619048e-05,0.11027278815544019,
2026-09-19 00:00:00+00:00,6.0333333333333334e-05,6.2e-05,3.0,2631.51,2632.704,-0.0004535261085181208,-0.0004534433468693485,-0.4441314382636504,775300.5000000013,6.1e-05,2648.06,2649.126,645201.45,1694640280.0786,6.238095238095239e-05,-0.41430654137425915,
2026-09-20 00:00:00+00:00,8.549999999999999e-05,9.2e-05,2.0,,,,,,807496.1099999996,8.1e-05,2579.36,2580.3085,535635.03,1400752615.0811,6.0309523809523806e-05,0.6055254429577145,
