date,deribit_eth_dvol_open,deribit_eth_dvol_high,deribit_eth_dvol_low,deribit_eth_dvol_close,deribit_eth_dvol_change_1d,deribit_eth_dvol_7d_mean,deribit_eth_dvol_z30
2021-03-24 00:00:00+00:00,94.18,106.94,92.67,106.73,,,
2021-03-25 00:00:00+00:00,106.73,109.35,102.0,105.39,-1.3400000000000034,,
2021-03-26 00:00:00+00:00,105.38,105.92,83.04,90.27,-15.120000000000005,,
2021-03-27 00:00:00+00:00,90.28,90.67,84.86,87.46,-2.8100000000000023,97.4625,
2021-03-28 00:00:00+00:00,87.46,88.15,82.81,84.22,-3.239999999999995,94.814,
2021-03-29 00:00:00+00:00,84.21,89.34,83.61,88.24,4.019999999999996,93.71833333333332,
2021-03-30 00:00:00+00:00,88.24,91.8,86.8,89.19,0.9500000000000028,93.07142857142857,
2021-03-31 00:00:00+00:00,89.19,95.85,85.4,93.88,4.689999999999998,91.23571428571428,
2021-04-01 00:00:00+00:00,93.88,95.66,86.24,89.09,-4.789999999999992,88.90714285714286,
2021-04-02 00:00:00+00:00,89.09,95.67,88.63,94.81,5.719999999999999,89.55571428571429,
2021-04-03 00:00:00+00:00,94.82,96.42,93.65,95.17,0.35999999999999943,90.65714285714284,
2021-04-04 00:00:00+00:00,95.17,95.92,90.43,93.72,-1.4500000000000028,92.0142857142857,
2021-04-05 00:00:00+00:00,93.72,93.91,90.08,91.94,-1.7800000000000011,92.54285714285716,
2021-04-06 00:00:00+00:00,91.94,93.84,91.3,92.31,0.37000000000000455,92.98857142857142,
2021-04-07 00:00:00+00:00,92.31,92.47,87.58,88.32,-3.990000000000009,92.19428571428571,-0.7069794593558809
2021-04-08 00:00:00+00:00,88.32,89.05,83.8,86.21,-2.1099999999999994,91.78285714285713,-0.9800613308222018
2021-04-09 00:00:00+00:00,86.21,89.26,83.19,84.58,-1.6299999999999955,90.32142857142857,-1.1527553068273582
2021-04-10 00:00:00+00:00,84.58,92.64,83.99,90.53,5.950000000000003,89.65857142857142,-0.20408823818736527
2021-04-11 00:00:00+00:00,90.53,93.45,89.79,93.35,2.819999999999993,89.60571428571428,0.24903123595695342
2021-04-12 00:00:00+00:00,93.35,97.67,92.68,96.81,3.460000000000008,90.30142857142856,0.7946146900345461
2021-04-13 00:00:00+00:00,96.82,102.46,96.78,102.2,5.390000000000001,91.71428571428571,1.5573089640271638
2021-04-14 00:00:00+00:00,102.2,102.42,92.85,94.57,-7.63000000000001,92.60714285714286,0.31289297438692737
2021-04-15 00:00:00+00:00,94.57,95.92,88.65,89.72,-4.849999999999994,93.10857142857142,-0.4777140096778871
2021-04-16 00:00:00+00:00,89.72,90.87,84.97,85.47,-4.25,93.23571428571428,-1.135666530675194
2021-04-17 00:00:00+00:00,85.47,85.75,80.81,83.47,-2.0,92.22714285714287,-1.3808928584169773
2021-04-18 00:00:00+00:00,83.47,99.72,82.02,97.12,13.650000000000006,92.76571428571428,0.825617667519855
2021-04-19 00:00:00+00:00,97.11,98.89,93.51,93.87,-3.25,92.34571428571428,0.284727407822795
2021-04-20 00:00:00+00:00,93.87,96.37,92.51,94.36,0.4899999999999949,91.22571428571429,0.3596251145041753
2021-04-21 00:00:00+00:00,94.39,95.16,92.12,92.71,-1.6500000000000057,90.96,0.0770787797707849
2021-04-22 00:00:00+00:00,92.71,97.21,83.47,91.92,-0.789999999999992,91.27428571428572,-0.05904588272565519
2021-04-23 00:00:00+00:00,91.92,105.97,90.89,94.38,2.4599999999999937,92.54714285714286,0.5093441669521813
2021-04-24 00:00:00+00:00,94.38,101.12,94.25,100.44,6.060000000000002,94.97142857142856,1.9117335740227543
2021-04-25 00:00:00+00:00,100.44,104.82,99.82,101.64,1.2000000000000028,95.61714285714285,1.9475492007661084
2021-04-26 00:00:00+00:00,101.64,103.15,89.71,91.39,-10.25,95.26285714285713,-0.1646077048527739
2021-04-27 00:00:00+00:00,91.38,95.02,83.8,92.29,0.9000000000000057,94.96714285714286,-0.036181633926226676
2021-04-28 00:00:00+00:00,92.29,94.24,87.58,88.95,-3.3400000000000034,94.42999999999999,-0.7698477997738471
2021-04-29 00:00:00+00:00,88.94,94.96,86.48,94.2,5.25,94.75571428571428,0.3410276279255771
2021-04-30 00:00:00+00:00,94.2,96.63,92.99,95.97,1.769999999999996,94.98285714285714,0.7089816983375685
2021-05-01 00:00:00+00:00,95.97,98.58,88.61,98.0,2.030000000000001,94.63428571428572,1.0760651879771659
2021-05-02 00:00:00+00:00,98.0,98.78,89.43,95.95,-2.049999999999997,93.82142857142857,0.6227681343589624
2021-05-03 00:00:00+00:00,95.95,113.99,90.63,111.48,15.530000000000001,96.69142857142856,3.117806769462999
2021-05-04 00:00:00+00:00,111.48,123.27,104.38,116.77,5.289999999999992,100.18857142857142,3.143278407489275
2021-05-05 00:00:00+00:00,116.77,118.2,112.49,117.82,1.0499999999999972,104.31285714285714,2.7236504367452827
2021-05-06 00:00:00+00:00,117.82,117.96,114.26,115.85,-1.9699999999999989,107.4057142857143,2.183543448689443
2021-05-07 00:00:00+00:00,115.85,116.37,108.66,109.35,-6.5,109.31714285714285,1.361694654994519
2021-05-08 00:00:00+00:00,109.34,115.3,108.67,113.49,4.140000000000001,111.52999999999999,1.6617952450783304
2021-05-09 00:00:00+00:00,113.49,115.48,111.21,115.12,1.6300000000000097,114.26857142857143,1.692602796899211
2021-05-10 00:00:00+00:00,115.12,125.78,114.99,124.28,9.159999999999997,116.09714285714287,2.2971218372320887
2021-05-11 00:00:00+00:00,124.29,127.94,123.86,127.51,3.230000000000004,117.63142857142859,2.267535985722628
2021-05-12 00:00:00+00:00,127.51,135.1,123.64,132.93,5.420000000000002,119.78999999999999,2.357258571886243
2021-05-13 00:00:00+00:00,132.98,136.72,121.25,124.53,-8.400000000000006,121.03,1.5821659917045983
2021-05-14 00:00:00+00:00,122.63,125.42,120.46,125.3,0.769999999999996,123.30857142857144,1.5086486098273486
2021-05-15 00:00:00+00:00,125.3,129.5,124.25,128.69,3.3900000000000006,125.48000000000002,1.6065556007786903
2021-05-16 00:00:00+00:00,128.69,135.15,122.62,129.27,0.5800000000000125,127.50142857142859,1.5307053117758673
2021-05-17 00:00:00+00:00,129.27,146.57,127.4,131.11,1.8400000000000034,128.47714285714287,1.5493657555190579
2021-05-18 00:00:00+00:00,131.11,131.12,126.68,129.27,-1.8400000000000034,128.72857142857143,1.3227722029317575
2021-05-19 00:00:00+00:00,129.27,175.93,128.35,158.27,29.0,132.34857142857143,2.7137038254140933
2021-05-20 00:00:00+00:00,158.29,192.29,158.03,181.68,23.409999999999997,140.51285714285717,3.1771337122446632
2021-05-21 00:00:00+00:00,181.69,192.8,161.88,185.12,3.4399999999999977,149.05857142857144,2.773051995419134
2021-05-22 00:00:00+00:00,185.12,200.15,182.97,186.76,1.6399999999999864,157.3542857142857,2.451014965040285
2021-05-23 00:00:00+00:00,186.76,206.44,180.96,193.34,6.5800000000000125,166.50714285714284,2.346033041810831
2021-05-24 00:00:00+00:00,193.37,193.51,162.52,165.51,-27.830000000000013,171.42142857142858,1.3061463705964296
2021-05-25 00:00:00+00:00,165.51,171.2,160.74,167.01,1.5,176.81285714285713,1.2614951032144095
2021-05-26 00:00:00+00:00,168.37,170.41,161.42,162.34,-4.6699999999999875,177.3942857142857,1.0394989663842868
2021-05-27 00:00:00+00:00,162.34,165.79,157.13,161.07,-1.2700000000000102,174.45000000000002,0.9349458507466191
2021-05-28 00:00:00+00:00,161.07,172.56,160.12,170.2,9.129999999999995,172.31857142857143,1.1649992198389807
2021-05-29 00:00:00+00:00,170.2,174.05,162.9,173.12,2.920000000000016,170.36999999999998,1.1867503946809428
2021-05-30 00:00:00+00:00,170.97,174.18,155.15,156.16,-16.960000000000008,165.05857142857144,0.5594965505170838
2021-05-31 00:00:00+00:00,156.16,158.07,143.45,148.59,-7.569999999999993,162.64142857142858,0.24365202477035805
2021-06-01 00:00:00+00:00,148.6,150.99,145.49,149.88,1.289999999999992,160.19428571428574,0.23713944557528396
2021-06-02 00:00:00+00:00,149.88,150.81,143.92,145.1,-4.780000000000001,157.73142857142855,0.009991909313416205
2021-06-03 00:00:00+00:00,145.1,145.47,138.74,140.76,-4.340000000000003,154.82999999999998,-0.19809106010796715
2021-06-04 00:00:00+00:00,140.76,144.97,138.46,138.64,-2.1200000000000045,150.32142857142858,-0.3188909604681492
2021-06-05 00:00:00+00:00,138.64,141.05,135.46,140.87,2.230000000000018,145.71428571428572,-0.2684980572706312
2021-06-06 00:00:00+00:00,140.87,140.92,137.01,138.32,-2.5500000000000114,143.16571428571427,-0.4375005130155688
2021-06-07 00:00:00+00:00,138.32,138.89,131.64,138.24,-0.07999999999998408,141.68714285714285,-0.49730511147995865
2021-06-08 00:00:00+00:00,138.24,148.32,137.73,141.21,2.969999999999999,140.44857142857143,-0.4174375935405042
2021-06-09 00:00:00+00:00,141.21,142.15,133.1,133.27,-7.939999999999998,138.75857142857143,-0.8290454211017193
2021-06-10 00:00:00+00:00,133.27,133.57,125.32,125.64,-7.63000000000001,136.59857142857143,-1.1966610845649266
2021-06-11 00:00:00+00:00,125.64,126.19,120.74,122.64,-3.0,134.31285714285715,-1.3024998262366834
2021-06-12 00:00:00+00:00,122.64,124.89,119.56,122.26,-0.37999999999999545,131.65428571428572,-1.3109089615973162
2021-06-13 00:00:00+00:00,122.26,123.77,120.14,123.11,0.8499999999999943,129.48142857142858,-1.2612105405106728
2021-06-14 00:00:00+00:00,123.11,123.37,118.53,119.31,-3.799999999999997,126.77714285714286,-1.4014388105099107
2021-06-15 00:00:00+00:00,119.31,119.58,110.31,110.35,-8.960000000000008,122.36857142857143,-1.7209028970386013
2021-06-16 00:00:00+00:00,110.34,110.34,107.23,109.16,-1.1899999999999977,118.9242857142857,-1.6710909770430107
2021-06-17 00:00:00+00:00,109.15,109.77,105.28,106.66,-2.5,116.21285714285715,-1.6760253011871045
2021-06-18 00:00:00+00:00,106.66,116.05,105.79,108.92,2.260000000000005,114.25285714285714,-1.461117781810118
2021-06-19 00:00:00+00:00,108.92,108.97,101.81,103.76,-5.159999999999997,111.61,-1.5535732008436893
2021-06-20 00:00:00+00:00,103.76,110.81,103.5,106.78,3.019999999999996,109.27714285714285,-1.355398158848912
2021-06-21 00:00:00+00:00,106.77,124.62,106.48,124.43,17.650000000000006,110.00857142857144,-0.5927477453541014
2021-06-22 00:00:00+00:00,124.44,133.48,122.46,123.72,-0.710000000000008,111.91857142857144,-0.5818380009614256
2021-06-23 00:00:00+00:00,123.71,124.71,116.58,118.16,-5.560000000000002,113.20428571428572,-0.7921205334034693
2021-06-24 00:00:00+00:00,118.16,120.43,115.5,116.28,-1.8799999999999955,114.57857142857142,-0.8303876118331037
2021-06-25 00:00:00+00:00,116.52,119.02,115.68,118.58,2.299999999999997,115.95857142857143,-0.6619346942385597
2021-06-26 00:00:00+00:00,118.58,123.31,117.19,119.49,0.9099999999999966,118.2057142857143,-0.5635697066039684
2021-06-27 00:00:00+00:00,119.49,119.83,114.94,117.59,-1.8999999999999915,119.75,-0.6247095621111516
2021-06-28 00:00:00+00:00,117.6,117.62,112.8,114.07,-3.5200000000000102,118.27,-0.8236645650913416
2021-06-29 00:00:00+00:00,114.06,114.94,109.38,109.67,-4.3999999999999915,116.26285714285714,-1.0837649192978542
2021-06-30 00:00:00+00:00,109.67,115.29,109.48,114.41,4.739999999999995,115.72714285714285,-0.6880133407803294
2021-07-01 00:00:00+00:00,111.65,115.18,111.65,113.77,-0.6400000000000006,115.36857142857141,-0.6923392809092678
2021-07-02 00:00:00+00:00,113.76,114.04,108.22,108.95,-4.819999999999993,113.99285714285713,-1.0393585704669737
2021-07-03 00:00:00+00:00,108.95,108.96,106.3,107.32,-1.6300000000000097,112.25428571428573,-1.1195491265090955
2021-07-04 00:00:00+00:00,107.32,107.33,102.16,104.96,-2.3599999999999994,110.45,-1.2597173118298206
2021-07-05 00:00:00+00:00,104.96,106.67,101.34,102.79,-2.1699999999999875,108.83857142857143,-1.4008368680972674
2021-07-06 00:00:00+00:00,102.79,106.52,101.38,106.33,3.539999999999992,108.36142857142856,-1.0178396758713948
2021-07-07 00:00:00+00:00,106.33,106.57,103.68,105.5,-0.8299999999999983,107.08857142857143,-1.0684792760309039
2021-07-08 00:00:00+00:00,107.5,110.14,106.38,107.88,2.3799999999999955,106.24714285714285,-0.8038659007936342
2021-07-09 00:00:00+00:00,107.88,110.01,102.63,103.92,-3.9599999999999937,105.52857142857144,-1.291879491558728
2021-07-10 00:00:00+00:00,103.92,105.25,102.63,104.72,0.7999999999999972,105.15714285714284,-1.1205008788035549
2021-07-11 00:00:00+00:00,104.73,105.51,101.81,103.6,-1.1200000000000045,104.96285714285715,-1.2054047857280232
2021-07-12 00:00:00+00:00,103.6,103.87,101.75,103.41,-0.18999999999999773,105.05142857142856,-1.162067672351046
2021-07-13 00:00:00+00:00,103.42,106.23,101.29,105.3,1.8900000000000006,104.90428571428572,-0.831328799295802
2021-07-14 00:00:00+00:00,105.3,106.14,100.8,101.34,-3.9599999999999937,104.31000000000002,-1.351939214865955
2021-07-15 00:00:00+00:00,101.34,102.33,100.4,101.7,0.35999999999999943,103.42714285714285,-1.2179155254920127
2021-07-16 00:00:00+00:00,101.68,102.15,98.3,100.98,-0.7199999999999989,103.00714285714285,-1.249302320442518
2021-07-17 00:00:00+00:00,100.97,102.42,99.54,100.89,-0.09000000000000341,102.46000000000001,-1.2056065224836132
2021-07-18 00:00:00+00:00,100.89,101.58,98.79,101.43,0.5400000000000063,102.15,-1.0700194051396386
2021-07-19 00:00:00+00:00,101.43,107.35,100.05,106.48,5.049999999999997,102.58857142857144,-0.3770999611418279
2021-07-20 00:00:00+00:00,106.48,113.62,106.21,108.45,1.9699999999999989,103.03857142857143,-0.10675026418087391
2021-07-21 00:00:00+00:00,108.44,109.89,107.17,108.34,-0.10999999999999943,104.03857142857144,-0.05078852742606976
2021-07-22 00:00:00+00:00,108.34,108.78,105.0,105.24,-3.1000000000000085,104.54428571428572,-0.48345882534138573
2021-07-23 00:00:00+00:00,105.24,105.38,99.12,101.97,-3.269999999999996,104.68571428571428,-0.9910112151162023
2021-07-24 00:00:00+00:00,101.96,103.61,99.46,102.41,0.4399999999999977,104.90285714285714,-0.8571573647652867
2021-07-25 00:00:00+00:00,102.41,105.11,96.48,103.05,0.6400000000000006,105.13428571428571,-0.6965538929607322
2021-07-26 00:00:00+00:00,103.04,119.5,101.75,105.35,2.299999999999997,104.97285714285715,-0.16296383882130483
2021-07-27 00:00:00+00:00,105.35,108.38,100.98,108.34,2.990000000000009,104.95714285714287,0.6792153293463614
2021-07-28 00:00:00+00:00,108.35,111.67,105.06,107.3,-1.0400000000000063,104.80857142857143,0.5085641215894184
2021-07-29 00:00:00+00:00,107.3,107.33,105.51,106.81,-0.4899999999999949,105.03285714285714,0.4045433312291007
2021-07-30 00:00:00+00:00,106.81,107.5,96.29,103.84,-2.969999999999999,105.29999999999998,-0.4178282222990526
2021-07-31 00:00:00+00:00,103.84,105.46,98.15,102.22,-1.6200000000000045,105.27285714285713,-0.9843285560366675
2021-08-01 00:00:00+00:00,102.19,104.7,101.65,103.95,1.730000000000004,105.40142857142858,-0.24218253980136759
2021-08-02 00:00:00+00:00,103.95,105.18,101.35,102.98,-0.9699999999999989,105.06285714285715,-0.5994713755756229
2021-08-03 00:00:00+00:00,102.98,106.01,102.91,105.79,2.8100000000000023,104.69857142857143,0.5866484095275272
2021-08-04 00:00:00+00:00,105.8,110.07,105.5,109.75,3.9599999999999937,105.04857142857144,2.0240778322408453
2021-08-05 00:00:00+00:00,109.75,115.81,106.78,114.91,5.159999999999997,106.20571428571428,3.185224049529522
2021-08-06 00:00:00+00:00,114.91,149.19,105.77,111.07,-3.8400000000000034,107.23857142857143,1.7897838722534696
2021-08-07 00:00:00+00:00,111.07,135.21,110.67,118.74,7.670000000000002,109.59857142857143,3.209726719197262
2021-08-08 00:00:00+00:00,118.74,120.1,112.52,115.71,-3.030000000000001,111.27857142857142,2.176417116760808
2021-08-09 00:00:00+00:00,115.72,127.85,115.23,127.77,12.060000000000002,114.82000000000001,3.506131179521146
2021-08-10 00:00:00+00:00,127.77,127.79,120.86,121.58,-6.189999999999998,117.07571428571428,2.1787757718859897
2021-08-11 00:00:00+00:00,121.58,122.92,119.83,120.03,-1.5499999999999972,118.5442857142857,1.763659505475255
2021-08-12 00:00:00+00:00,120.02,120.41,113.59,115.36,-4.670000000000002,118.60857142857142,1.0250387894911313
2021-08-13 00:00:00+00:00,115.36,117.33,111.83,117.07,1.7099999999999937,119.46571428571428,1.1825710384838477
2021-08-14 00:00:00+00:00,117.07,117.63,112.05,112.41,-4.659999999999997,118.56142857142856,0.4842147479036825
2021-08-15 00:00:00+00:00,112.41,113.08,109.76,111.83,-0.5799999999999983,118.00714285714285,0.3578382514120313
2021-08-16 00:00:00+00:00,111.83,114.32,111.57,111.98,0.15000000000000568,115.75142857142858,0.3344402652118875
2021-08-17 00:00:00+00:00,111.98,113.08,110.1,113.03,1.0499999999999972,114.53,0.44424155218659095
2021-08-18 00:00:00+00:00,113.03,114.8,111.12,112.93,-0.09999999999999432,113.51571428571428,0.39715735855637385
2021-08-19 00:00:00+00:00,112.93,113.45,109.41,112.14,-0.7900000000000063,113.05571428571429,0.2572197875294201
2021-08-20 00:00:00+00:00,112.14,112.48,108.48,110.2,-1.9399999999999977,112.07428571428571,-0.050002339284239514
2021-08-21 00:00:00+00:00,110.2,110.51,107.68,108.21,-1.990000000000009,111.4742857142857,-0.3745778061505143
2021-08-22 00:00:00+00:00,108.21,109.38,102.71,107.13,-1.0799999999999983,110.80285714285715,-0.5844518187342134
2021-08-23 00:00:00+00:00,107.13,108.81,105.83,107.08,-0.04999999999999716,110.10285714285715,-0.6333263874551058
2021-08-24 00:00:00+00:00,107.08,108.7,104.33,106.13,-0.9500000000000028,109.11714285714287,-0.820599157078368
2021-08-25 00:00:00+00:00,106.13,107.09,103.24,103.62,-2.509999999999991,107.78714285714285,-1.216127490997336
2021-08-26 00:00:00+00:00,103.62,104.19,101.43,102.92,-0.7000000000000028,106.47,-1.2681957221865205
2021-08-27 00:00:00+00:00,102.92,103.24,98.7,102.06,-0.8599999999999994,105.30714285714285,-1.3409766271168817
2021-08-28 00:00:00+00:00,102.06,102.12,97.31,98.27,-3.7900000000000063,103.88714285714286,-1.7891025402551006
2021-08-29 00:00:00+00:00,98.27,99.69,96.9,99.54,1.2700000000000102,102.80285714285715,-1.537552440480836
2021-08-30 00:00:00+00:00,99.54,103.82,97.86,103.79,4.25,102.33285714285715,-0.9405500701217919
2021-08-31 00:00:00+00:00,103.79,106.42,102.22,104.64,0.8499999999999943,102.12,-0.8229142024184766
2021-09-01 00:00:00+00:00,104.64,113.64,104.36,113.63,8.989999999999995,103.55,0.44250133045814943
2021-09-02 00:00:00+00:00,113.63,114.89,110.69,110.75,-2.8799999999999955,104.66857142857144,-0.00887500025787375
2021-09-03 00:00:00+00:00,110.74,110.85,105.81,106.48,-4.269999999999996,105.3,-0.6271091404018244
2021-09-04 00:00:00+00:00,106.48,108.55,105.2,107.6,1.1199999999999903,106.63285714285715,-0.426086041228127
2021-09-05 00:00:00+00:00,107.6,110.08,106.78,109.21,1.6099999999999994,108.01428571428572,-0.17662694428483916
2021-09-06 00:00:00+00:00,109.21,109.59,106.27,107.56,-1.6499999999999915,108.55285714285715,-0.37668877954918745
2021-09-07 00:00:00+00:00,107.56,113.93,105.19,110.41,2.8499999999999943,109.37714285714286,0.08757390166114341
2021-09-08 00:00:00+00:00,110.4,111.53,106.3,107.7,-2.7099999999999937,108.53,-0.2686825136113174
2021-09-09 00:00:00+00:00,107.7,108.09,105.13,106.28,-1.4200000000000017,107.89142857142858,-0.4781581590848816
2021-09-10 00:00:00+00:00,106.29,106.36,103.24,104.56,-1.7199999999999989,107.61714285714285,-0.7880568073178644
2021-09-11 00:00:00+00:00,104.56,105.84,102.66,105.08,0.519999999999996,107.25714285714287,-0.6230354147100322
2021-09-12 00:00:00+00:00,105.08,106.42,102.57,106.1,1.019999999999996,106.81285714285715,-0.33375273637212705
2021-09-13 00:00:00+00:00,106.1,107.82,104.4,106.25,0.15000000000000568,106.62571428571428,-0.2520807666135133
2021-09-14 00:00:00+00:00,106.25,106.85,104.75,106.64,0.39000000000000057,106.08714285714287,-0.11102542277958617
2021-09-15 00:00:00+00:00,106.64,106.71,103.34,103.59,-3.049999999999997,105.5,-0.851103933596466
2021-09-16 00:00:00+00:00,103.59,104.5,97.77,98.61,-4.980000000000004,104.4042857142857,-1.999451175765908
2021-09-17 00:00:00+00:00,98.61,99.59,96.14,98.52,-0.09000000000000341,103.54142857142857,-1.8768094106485507
2021-09-18 00:00:00+00:00,98.52,98.6,96.83,97.54,-0.9799999999999898,102.46428571428571,-1.9560399178528751
2021-09-19 00:00:00+00:00,97.54,98.12,95.16,96.98,-0.5600000000000023,101.16142857142857,-1.9043295115993621
2021-09-20 00:00:00+00:00,96.98,108.37,96.51,104.64,7.659999999999997,100.93142857142857,-0.03333713328332873
2021-09-21 00:00:00+00:00,103.69,111.66,103.61,111.21,6.569999999999993,101.5842857142857,1.4798982347501495
2021-09-22 00:00:00+00:00,111.21,111.63,99.93,100.77,-10.439999999999998,101.18142857142858,-0.9145884940882
2021-09-23 00:00:00+00:00,100.77,101.08,97.19,97.82,-2.950000000000003,101.06857142857143,-1.4780603884444659
2021-09-24 00:00:00+00:00,97.82,104.29,94.37,101.81,3.990000000000009,101.53857142857144,-0.5687931386822923
2021-09-25 00:00:00+00:00,101.81,102.2,99.03,100.44,-1.3700000000000045,101.95285714285714,-0.8459172255614263
2021-09-26 00:00:00+00:00,100.44,102.91,97.57,100.62,0.18000000000000682,102.47285714285714,-0.7901953440394157
2021-09-27 00:00:00+00:00,100.62,104.75,98.44,104.71,4.089999999999989,102.48285714285714,0.058791046529165066
2021-09-28 00:00:00+00:00,104.7,110.0,104.09,109.77,5.060000000000002,102.27714285714286,1.1224114251256736
2021-09-29 00:00:00+00:00,109.77,110.39,103.65,104.62,-5.1499999999999915,102.82714285714285,-0.04466791649931146
2021-09-30 00:00:00+00:00,104.62,105.28,102.12,103.19,-1.4300000000000068,103.5942857142857,-0.35557146035323905
2021-10-01 00:00:00+00:00,103.19,103.88,93.71,96.12,-7.069999999999993,102.78142857142856,-1.8380681114585082
2021-10-02 00:00:00+00:00,96.11,96.47,92.93,94.17,-1.9500000000000028,101.88571428571429,-2.0692694268137446
2021-10-03 00:00:00+00:00,94.17,97.13,93.97,96.24,2.069999999999993,101.26,-1.4900155755854447
2021-10-04 00:00:00+00:00,96.24,100.49,94.55,99.76,3.5200000000000102,100.55285714285715,-0.6954254272722503
2021-10-05 00:00:00+00:00,99.76,103.32,97.96,100.91,1.1499999999999915,99.28714285714285,-0.40356292637894414
2021-10-06 00:00:00+00:00,100.91,105.03,98.96,101.65,0.7400000000000091,98.86285714285714,-0.20238724512784878
2021-10-07 00:00:00+00:00,101.65,105.14,99.41,101.57,-0.0800000000000125,98.63142857142859,-0.16363449676818104
2021-10-08 00:00:00+00:00,101.57,102.83,98.7,99.01,-2.559999999999988,99.04428571428572,-0.7152049739563993
2021-10-09 00:00:00+00:00,99.02,101.56,96.66,97.63,-1.3800000000000097,99.53857142857143,-0.9808989284612705
2021-10-10 00:00:00+00:00,97.63,104.62,96.31,98.5,0.8700000000000045,99.86142857142856,-0.7210707217043318
2021-10-11 00:00:00+00:00,98.5,102.6,97.0,98.99,0.4899999999999949,99.75142857142858,-0.5580160528283641
2021-10-12 00:00:00+00:00,98.99,106.17,97.4,101.29,2.3000000000000114,99.80571428571429,0.04274513295143392
2021-10-13 00:00:00+00:00,101.29,105.6,98.05,101.07,-0.22000000000001307,99.72285714285715,0.03186158253457903
2021-10-14 00:00:00+00:00,101.07,103.02,97.41,102.76,1.690000000000012,99.89285714285714,0.5184870709249839
2021-10-15 00:00:00+00:00,102.76,114.71,100.29,100.71,-2.0500000000000114,100.13571428571427,-0.0029644294618538206
2021-10-16 00:00:00+00:00,100.71,109.55,88.92,92.25,-8.459999999999994,99.36714285714285,-2.0619636323064325
2021-10-17 00:00:00+00:00,92.25,113.15,91.89,97.8,5.549999999999997,99.26714285714286,-0.6679328597626678
2021-10-18 00:00:00+00:00,97.8,112.64,97.28,103.18,5.38000000000001,99.86571428571428,0.625303079954889
2021-10-19 00:00:00+00:00,103.18,119.96,100.54,103.74,0.5599999999999881,100.21571428571428,0.7131927491167814
2021-10-20 00:00:00+00:00,103.74,121.13,103.35,113.61,9.870000000000005,102.00714285714285,2.7169337373876323
2021-10-21 00:00:00+00:00,113.6,137.07,109.12,110.13,-3.480000000000004,103.05999999999999,1.9972086701076808
2021-10-22 00:00:00+00:00,106.08,106.32,102.66,103.5,-6.6299999999999955,103.45857142857143,0.498372193973778
2021-10-23 00:00:00+00:00,103.5,104.1,100.6,103.74,0.23999999999999488,105.10000000000001,0.5107680848414958
2021-10-24 00:00:00+00:00,103.74,105.72,101.75,105.65,1.9100000000000108,106.22142857142856,0.8952006647750541
2021-10-25 00:00:00+00:00,105.65,105.84,101.69,103.1,-2.5500000000000114,106.21000000000001,0.31494923448432316
2021-10-26 00:00:00+00:00,103.1,103.27,97.65,103.18,0.0800000000000125,106.13,0.3135225956911536
2021-10-27 00:00:00+00:00,103.18,109.02,102.66,109.02,5.839999999999989,105.4742857142857,1.5103081764016362
2021-10-28 00:00:00+00:00,109.03,110.48,106.29,110.39,1.3700000000000045,105.51142857142858,1.7824008368416933
2021-10-29 00:00:00+00:00,110.39,111.17,102.53,107.13,-3.260000000000005,106.03,1.063271147921205
2021-10-30 00:00:00+00:00,107.14,107.71,104.71,107.37,0.2400000000000091,106.54857142857144,1.0632061795791528
2021-10-31 00:00:00+00:00,107.37,109.2,107.23,108.41,1.039999999999992,106.94285714285715,1.1929697102528376
2021-11-01 00:00:00+00:00,108.41,108.91,106.31,107.67,-0.7399999999999949,107.59571428571428,0.9866912099769913
2021-11-02 00:00:00+00:00,107.67,112.04,107.07,111.84,4.170000000000002,108.83285714285715,1.7255935132918787
2021-11-03 00:00:00+00:00,111.84,112.08,108.33,109.19,-2.6500000000000057,108.85714285714286,1.0986705520212845
2021-11-04 00:00:00+00:00,109.19,109.79,106.83,107.17,-2.019999999999996,108.39714285714285,0.6409946407234615
2021-11-05 00:00:00+00:00,107.17,107.19,103.58,103.82,-3.3500000000000085,107.9242857142857,-0.06049626836886255
2021-11-06 00:00:00+00:00,103.82,106.66,102.0,106.48,2.660000000000011,107.79714285714284,0.45372930253028193
2021-11-07 00:00:00+00:00,106.48,106.55,103.69,104.02,-2.460000000000008,107.16999999999999,-0.08937589031996356
2021-11-08 00:00:00+00:00,104.02,106.44,103.27,105.13,1.1099999999999994,106.80714285714285,0.09516393464565867
2021-11-09 00:00:00+00:00,105.13,105.19,101.41,104.51,-0.6199999999999903,105.75999999999999,-0.08704474590848563
2021-11-10 00:00:00+00:00,104.51,105.83,102.68,105.05,0.539999999999992,105.16857142857143,-0.010981045584606625
2021-11-11 00:00:00+00:00,105.05,105.67,102.74,103.92,-1.1299999999999955,104.7042857142857,-0.2992564367993903
2021-11-12 00:00:00+00:00,103.92,108.08,102.34,107.06,3.1400000000000006,105.16714285714286,0.40222443075120146
2021-11-13 00:00:00+00:00,107.06,107.39,104.14,105.93,-1.1299999999999955,105.08857142857143,0.10635101787601103
2021-11-14 00:00:00+00:00,105.93,106.4,101.11,103.24,-2.690000000000012,104.97714285714287,-0.5747408065353361
2021-11-15 00:00:00+00:00,103.24,105.21,100.71,102.78,-0.45999999999999375,104.64142857142858,-0.9699358088497009
2021-11-16 00:00:00+00:00,102.78,110.7,102.02,110.64,7.859999999999999,105.51714285714287,1.443696995470003
2021-11-17 00:00:00+00:00,110.64,111.18,106.74,109.74,-0.9000000000000057,106.18714285714285,1.0670167289321102
2021-11-18 00:00:00+00:00,109.74,114.52,107.9,112.49,2.75,107.41142857142857,1.810408858826789
2021-11-19 00:00:00+00:00,112.5,115.76,106.45,106.59,-5.8999999999999915,107.3442857142857,-0.013993919968268622
2021-11-20 00:00:00+00:00,106.59,107.16,104.66,106.77,0.1799999999999926,107.46428571428571,0.09153114102123713
2021-11-21 00:00:00+00:00,106.77,106.92,103.8,106.26,-0.5099999999999909,107.89571428571428,-0.12959966327803804
2021-11-22 00:00:00+00:00,106.26,113.21,104.76,112.04,5.780000000000001,109.21857142857144,1.8297535520704153
2021-11-23 00:00:00+00:00,112.04,112.23,107.93,110.9,-1.1400000000000006,109.25571428571429,1.3241273766651152
2021-11-24 00:00:00+00:00,110.9,111.47,107.66,109.53,-1.3700000000000045,109.22571428571429,0.79574451192369
2021-11-25 00:00:00+00:00,109.53,110.2,104.8,106.62,-2.9099999999999966,108.38714285714286,-0.2822547551582221
2021-11-26 00:00:00+00:00,106.62,113.53,105.28,107.26,0.6400000000000006,108.48285714285714,-0.026427370294390136
2021-11-27 00:00:00+00:00,107.25,107.25,102.87,103.51,-3.75,108.01714285714286,-1.313422558678161
2021-11-28 00:00:00+00:00,103.51,106.47,102.91,105.58,2.069999999999993,107.92,-0.5349519579170409
2021-11-29 00:00:00+00:00,105.58,107.39,102.9,104.75,-0.8299999999999983,106.87857142857142,-0.7961334683675244
2021-11-30 00:00:00+00:00,104.75,109.82,104.32,105.95,1.2000000000000028,106.17142857142858,-0.335950938157315
2021-12-01 00:00:00+00:00,105.95,107.14,104.29,106.36,0.4099999999999966,105.71857142857142,-0.17246181576040492
2021-12-02 00:00:00+00:00,106.36,108.69,106.23,106.91,0.5499999999999972,105.76,0.0908873875468113
2021-12-03 00:00:00+00:00,106.91,108.08,100.53,106.88,-0.030000000000001137,105.7057142857143,0.11077416228381529
2021-12-04 00:00:00+00:00,106.87,118.13,105.37,106.71,-0.1700000000000017,106.16285714285713,0.05041842516116694
2021-12-05 00:00:00+00:00,106.71,110.65,105.1,109.05,2.3400000000000034,106.65857142857143,0.9026656623618567
2021-12-06 00:00:00+00:00,109.05,112.52,106.52,107.38,-1.6700000000000017,107.03428571428572,0.2337481354142996
2021-12-07 00:00:00+00:00,107.38,107.78,105.97,106.56,-0.8199999999999932,107.12142857142855,-0.12447061603801227
2021-12-08 00:00:00+00:00,106.55,109.03,104.93,107.08,0.519999999999996,107.22428571428573,0.05873007703586378
2021-12-09 00:00:00+00:00,108.68,111.37,108.65,109.56,2.480000000000004,107.60285714285713,0.9945862430131052
2021-12-10 00:00:00+00:00,109.56,112.23,108.11,112.23,2.6700000000000017,108.36714285714285,1.8738277428824246
2021-12-11 00:00:00+00:00,112.23,114.0,108.42,108.69,-3.5400000000000063,108.65,0.4684420138226326
2021-12-12 00:00:00+00:00,108.7,112.58,107.51,112.55,3.8599999999999994,109.14999999999999,1.8041187792312956
2021-12-13 00:00:00+00:00,112.55,114.58,112.0,112.45,-0.09999999999999432,109.87428571428572,1.6180334652357395
2021-12-14 00:00:00+00:00,112.44,113.16,109.29,110.34,-2.1099999999999994,110.41428571428573,0.814846739899138
2021-12-15 00:00:00+00:00,110.34,112.27,108.96,109.05,-1.2900000000000063,110.69571428571429,0.28000445848751776
2021-12-16 00:00:00+00:00,109.05,109.22,101.49,103.39,-5.659999999999997,109.81428571428572,-1.7956820441525574
2021-12-17 00:00:00+00:00,103.38,104.4,100.09,100.11,-3.280000000000001,108.08285714285715,-2.57216287250088
2021-12-18 00:00:00+00:00,100.11,101.8,99.4,100.48,0.37000000000000455,106.91,-2.2039909790396117
2021-12-19 00:00:00+00:00,100.48,102.54,99.07,102.47,1.9899999999999949,105.47,-1.4669273749370744
2021-12-20 00:00:00+00:00,102.47,106.4,101.52,102.37,-0.09999999999999432,104.03,-1.4013340291948713
2021-12-21 00:00:00+00:00,102.38,102.63,100.19,102.21,-0.1600000000000108,102.86857142857143,-1.3627843885222697
2021-12-22 00:00:00+00:00,102.21,103.69,99.68,99.7,-2.509999999999991,101.53285714285714,-1.905804955607046
2021-12-23 00:00:00+00:00,99.7,100.96,93.75,93.93,-5.769999999999996,100.18142857142857,-2.8868114487185608
2021-12-24 00:00:00+00:00,93.93,94.52,88.18,94.03,0.09999999999999432,99.31285714285715,-2.4578665179271137
2021-12-25 00:00:00+00:00,94.03,94.55,85.66,91.73,-2.299999999999997,98.06285714285714,-2.5084446290675593
2021-12-26 00:00:00+00:00,91.73,92.31,81.57,88.58,-3.1500000000000057,96.07857142857144,-2.6082120074065807
2021-12-27 00:00:00+00:00,88.58,92.26,82.37,92.17,3.5900000000000034,94.62142857142858,-1.8321093673335187
2021-12-28 00:00:00+00:00,92.17,92.46,88.0,88.8,-3.3700000000000045,92.7057142857143,-2.086982595073087
2021-12-29 00:00:00+00:00,88.8,93.37,85.19,93.37,4.570000000000007,91.80142857142857,-1.336435692937491
2021-12-30 00:00:00+00:00,93.37,93.85,87.71,92.62,-0.75,91.61428571428573,-1.3378362100477197
2021-12-31 00:00:00+00:00,92.62,92.63,80.4,83.1,-9.52000000000001,90.05285714285712,-2.2772869141316936
2022-01-01 00:00:00+00:00,83.1,83.48,78.75,79.38,-3.719999999999999,88.28857142857143,-2.359992684659469
2022-01-02 00:00:00+00:00,79.38,81.01,78.07,80.9,1.5200000000000102,87.19142857142857,-1.9637814116885952
2022-01-03 00:00:00+00:00,80.9,80.98,78.65,80.04,-0.8599999999999994,85.45857142857143,-1.8524591507710144
2022-01-04 00:00:00+00:00,80.04,80.07,76.56,79.12,-0.9200000000000017,84.07571428571428,-1.768333628172471
2022-01-05 00:00:00+00:00,79.67,89.56,79.29,85.44,6.319999999999993,82.94285714285715,-1.1031354809504892
2022-01-06 00:00:00+00:00,85.44,86.54,80.64,80.89,-4.549999999999997,81.26714285714286,-1.4093354111497094
2022-01-07 00:00:00+00:00,80.89,87.09,80.82,84.85,3.9599999999999937,81.51714285714286,-0.9851503443321973
2022-01-08 00:00:00+00:00,84.85,85.87,79.37,83.21,-1.6400000000000006,82.06428571428572,-1.0614161544858798
2022-01-09 00:00:00+00:00,83.21,84.54,82.43,84.36,1.1500000000000057,82.55857142857144,-0.9007859710899885
2022-01-10 00:00:00+00:00,84.36,88.84,83.24,85.77,1.4099999999999966,83.37714285714286,-0.7158474919700277
2022-01-11 00:00:00+00:00,85.77,87.54,82.08,82.17,-3.5999999999999943,83.81285714285715,-1.0093701503083934
2022-01-12 00:00:00+00:00,82.17,84.97,79.39,79.85,-2.3200000000000074,83.01428571428572,-1.1949091272504069
2022-01-13 00:00:00+00:00,79.85,79.91,75.04,75.5,-4.349999999999994,82.24428571428572,-1.5830386644523449
2022-01-14 00:00:00+00:00,75.5,76.71,71.33,72.08,-3.4200000000000017,80.41999999999999,-1.856178743940332
2022-01-15 00:00:00+00:00,69.53,71.35,69.28,70.72,-1.3599999999999994,78.63571428571429,-1.8566590778387906
2022-01-16 00:00:00+00:00,70.72,72.72,68.45,71.8,1.0799999999999983,76.84142857142857,-1.6117060144575792
2022-01-17 00:00:00+00:00,71.8,73.62,71.39,72.74,0.9399999999999977,74.98,-1.415853808985425
2022-01-18 00:00:00+00:00,72.74,74.85,71.93,73.93,1.190000000000012,73.80285714285715,-1.2251725327615803
2022-01-19 00:00:00+00:00,73.93,75.56,72.37,73.75,-0.18000000000000682,72.93142857142857,-1.1944408699521247
2022-01-20 00:00:00+00:00,73.75,74.66,68.36,74.66,0.9099999999999966,72.81142857142856,-1.0508292970728468
2022-01-21 00:00:00+00:00,74.66,95.6,72.35,92.74,18.08,75.76285714285713,1.3341726259273565
2022-01-22 00:00:00+00:00,92.74,103.14,89.66,95.29,2.5500000000000114,79.27285714285713,1.6521109765120827
2022-01-23 00:00:00+00:00,95.29,95.29,89.44,91.8,-3.490000000000009,82.13,1.2175297424193154
2022-01-24 00:00:00+00:00,91.8,109.67,89.35,94.78,2.980000000000004,85.27857142857144,1.5723052082064382
2022-01-25 00:00:00+00:00,94.78,96.85,89.08,91.84,-2.9399999999999977,87.83714285714287,1.1553810771118598
2022-01-26 00:00:00+00:00,91.84,97.52,87.59,95.83,3.989999999999995,90.99142857142859,1.6191640989816818
2022-01-27 00:00:00+00:00,95.83,99.81,93.36,97.76,1.9300000000000068,94.29142857142857,1.7408235602676427
2022-01-28 00:00:00+00:00,97.76,97.76,84.33,84.96,-12.800000000000011,93.17999999999999,0.23510259455741078
2022-01-29 00:00:00+00:00,84.96,85.38,83.19,83.81,-1.1499999999999915,91.53999999999999,0.13230425953832642
2022-01-30 00:00:00+00:00,83.8,84.76,81.18,83.79,-0.01999999999999602,90.39571428571428,0.12680686188930068
2022-01-31 00:00:00+00:00,83.79,84.94,81.92,82.83,-0.960000000000008,88.68857142857144,-0.009816642224760122
2022-02-01 00:00:00+00:00,82.83,84.55,81.58,84.44,1.6099999999999994,87.63142857142859,0.18050277288341726
2022-02-02 00:00:00+00:00,84.44,87.46,82.64,87.39,2.950000000000003,86.42571428571429,0.5243370618595197
2022-02-03 00:00:00+00:00,87.39,88.16,84.69,88.01,0.6200000000000045,85.03285714285714,0.5651170671382678
2022-02-04 00:00:00+00:00,88.01,88.01,78.97,82.3,-5.710000000000008,84.65285714285714,-0.14782551177983672
2022-02-05 00:00:00+00:00,82.3,82.56,77.06,80.06,-2.239999999999995,84.11714285714287,-0.4287611168067281
2022-02-06 00:00:00+00:00,80.06,81.66,78.94,81.46,1.3999999999999915,83.78428571428572,-0.23639285812895192
2022-02-07 00:00:00+00:00,81.46,82.91,80.14,80.86,-0.5999999999999943,83.50285714285714,-0.3021651756129037
2022-02-08 00:00:00+00:00,80.86,82.23,79.45,81.16,0.29999999999999716,83.03428571428572,-0.25040178268574936
2022-02-09 00:00:00+00:00,81.16,81.95,79.81,81.95,0.7900000000000063,82.25714285714287,-0.1343799621368678
2022-02-10 00:00:00+00:00,81.95,82.44,78.42,82.44,0.4899999999999949,81.46142857142857,-0.07333287704085137
2022-02-11 00:00:00+00:00,82.44,86.68,77.04,85.14,2.700000000000003,81.86714285714287,0.2474830724929518
2022-02-12 00:00:00+00:00,85.14,86.8,82.34,82.55,-2.5900000000000034,82.22285714285714,-0.11372011271069937
2022-02-13 00:00:00+00:00,82.55,86.11,80.33,85.9,3.3500000000000085,82.85714285714286,0.27034956251457753
2022-02-14 00:00:00+00:00,85.9,86.73,80.6,82.13,-3.7700000000000102,83.03857142857143,-0.30487144388889076
2022-02-15 00:00:00+00:00,82.13,82.2,77.56,78.42,-3.7099999999999937,82.64714285714285,-0.9045704960859915
2022-02-16 00:00:00+00:00,78.42,79.34,75.26,75.26,-3.1599999999999966,81.69142857142857,-1.4170434450380065
2022-02-17 00:00:00+00:00,75.26,84.61,74.49,82.73,7.469999999999999,81.73285714285714,-0.3409167202307497
2022-02-18 00:00:00+00:00,82.73,83.28,76.13,78.27,-4.460000000000008,80.75142857142858,-1.1163623828480431
2022-02-19 00:00:00+00:00,78.27,78.63,75.38,76.89,-1.3799999999999955,79.94285714285715,-1.3842390652650431
2022-02-20 00:00:00+00:00,76.88,95.06,76.72,92.7,15.810000000000002,80.91428571428571,1.2842751274950075
2022-02-21 00:00:00+00:00,92.7,95.84,84.63,95.26,2.5600000000000023,82.78999999999999,1.717083542849803
2022-02-22 00:00:00+00:00,95.26,99.03,89.7,89.93,-5.329999999999998,84.43428571428572,0.8366196685673997
2022-02-23 00:00:00+00:00,86.55,90.32,85.41,90.24,0.30999999999998806,86.57428571428572,0.9486402475299676
2022-02-24 00:00:00+00:00,90.24,105.09,90.24,93.77,3.530000000000001,88.15142857142858,1.5366085711425277
2022-02-25 00:00:00+00:00,93.77,93.81,82.71,83.64,-10.129999999999995,88.91857142857144,-0.16674272584165956
2022-02-26 00:00:00+00:00,83.65,84.85,80.73,82.21,-1.4300000000000068,89.67857142857143,-0.3792973749673057
2022-02-27 00:00:00+00:00,82.21,94.33,80.77,92.48,10.27000000000001,89.64714285714285,1.6404920361403272
2022-02-28 00:00:00+00:00,92.48,93.23,85.67,85.85,-6.63000000000001,88.30285714285715,0.3021088994917707
2022-03-01 00:00:00+00:00,85.85,86.25,83.27,86.01,0.1600000000000108,87.74285714285713,0.3187502786868376
2022-03-02 00:00:00+00:00,86.01,86.54,81.32,81.6,-4.410000000000011,86.50857142857141,-0.5492700945286244
2022-03-03 00:00:00+00:00,81.6,85.67,80.07,84.11,2.510000000000005,85.12857142857142,-0.04907192955198418
2022-03-04 00:00:00+00:00,84.11,89.54,81.7,88.4,4.290000000000006,85.80857142857143,0.7915899860395741
2022-03-05 00:00:00+00:00,88.4,88.4,84.49,85.13,-3.2700000000000102,86.22571428571429,0.1663137543029488
2022-03-06 00:00:00+00:00,85.13,87.73,83.76,87.73,2.6000000000000085,85.54714285714284,0.6451161088474694
2022-03-07 00:00:00+00:00,87.73,92.6,85.13,92.58,4.849999999999994,86.50857142857141,1.4833017946271225
2022-03-08 00:00:00+00:00,92.58,92.58,89.6,90.62,-1.9599999999999937,87.16714285714285,1.034138066599136
2022-03-09 00:00:00+00:00,90.62,90.62,86.35,89.59,-1.0300000000000011,88.30857142857143,0.7831757122676105
2022-03-10 00:00:00+00:00,89.59,91.78,88.71,88.79,-0.7999999999999972,88.97714285714287,0.5854126688339175
2022-03-11 00:00:00+00:00,88.79,91.38,85.05,91.27,2.4799999999999898,89.38714285714285,0.9939877842773538
2022-03-12 00:00:00+00:00,91.27,92.46,89.62,90.33,-0.9399999999999977,90.13,0.7632103628419237
2022-03-13 00:00:00+00:00,90.33,92.6,88.81,92.24,1.9099999999999966,90.77428571428572,1.0605370287358653
2022-03-14 00:00:00+00:00,92.24,92.81,88.23,91.01,-1.2299999999999898,90.55,0.7778382737336287
2022-03-15 00:00:00+00:00,91.01,96.6,90.08,91.59,0.5799999999999983,90.68857142857144,0.8402608710901761
2022-03-16 00:00:00+00:00,91.59,93.66,87.12,87.32,-4.27000000000001,90.36428571428571,0.022606666380902675
2022-03-17 00:00:00+00:00,87.32,87.57,82.72,83.11,-4.209999999999994,89.55285714285715,-0.8240356558018038
2022-03-18 00:00:00+00:00,83.11,83.46,77.27,78.88,-4.230000000000004,87.78285714285714,-1.7561509300609937
2022-03-19 00:00:00+00:00,78.88,80.19,75.39,80.18,1.3000000000000114,86.33285714285715,-1.4418996487802496
2022-03-20 00:00:00+00:00,80.18,82.35,79.3,81.87,1.6899999999999977,84.85142857142857,-1.1717072890777573
2022-03-21 00:00:00+00:00,81.87,82.87,80.61,82.66,0.789999999999992,83.65857142857143,-1.1260013105816438
2022-03-22 00:00:00+00:00,82.66,85.13,80.43,80.85,-1.8100000000000023,82.12428571428572,-1.4209248005529382
2022-03-23 00:00:00+00:00,80.85,81.15,77.5,77.7,-3.1499999999999915,80.75,-1.95473408252601
2022-03-24 00:00:00+00:00,77.7,77.93,75.42,76.06,-1.6400000000000006,79.74285714285715,-2.054478064261435
2022-03-25 00:00:00+00:00,76.06,76.27,70.71,70.71,-5.3500000000000085,78.57571428571428,-2.633650912814734
2022-03-26 00:00:00+00:00,70.71,71.36,68.54,71.33,0.6200000000000045,77.31142857142858,-2.250198989970492
2022-03-27 00:00:00+00:00,71.33,72.32,70.05,71.65,0.3200000000000074,75.85142857142857,-1.9777614553362217
2022-03-28 00:00:00+00:00,71.65,72.67,68.99,72.6,0.9499999999999886,74.41428571428571,-1.6919005670536376
2022-03-29 00:00:00+00:00,72.6,72.65,70.91,71.14,-1.4599999999999937,73.02714285714286,-1.7478617989799106
2022-03-30 00:00:00+00:00,71.14,71.36,69.7,70.8,-0.3400000000000034,72.04142857142857,-1.6431764819596844
2022-03-31 00:00:00+00:00,72.17,75.15,71.8,75.03,4.230000000000004,71.89428571428572,-1.005088856569359
2022-04-01 00:00:00+00:00,75.03,75.47,69.61,70.62,-4.409999999999997,71.88142857142857,-1.4832667360309113
2022-04-02 00:00:00+00:00,70.61,70.7,68.32,68.77,-1.8500000000000085,71.51571428571428,-1.5809854494462947
2022-04-03 00:00:00+00:00,68.76,69.39,68.07,69.33,0.5600000000000023,71.18428571428572,-1.4005030202058093
2022-04-04 00:00:00+00:00,69.33,70.15,68.5,68.69,-0.6400000000000006,70.62571428571428,-1.3692961277807725
2022-04-05 00:00:00+00:00,68.69,70.96,67.94,70.89,2.200000000000003,70.59,-1.0418013862669824
2022-04-06 00:00:00+00:00,70.89,77.19,70.86,77.04,6.150000000000006,71.48142857142857,-0.2848025676890958
2022-04-07 00:00:00+00:00,77.04,78.58,72.45,72.68,-4.359999999999999,71.14571428571429,-0.7515208792887285
2022-04-08 00:00:00+00:00,72.68,72.78,68.93,70.66,-2.0200000000000102,71.15142857142857,-0.936306753143624
2022-04-09 00:00:00+00:00,70.66,70.66,66.71,66.75,-3.9099999999999966,70.86285714285714,-1.330090010462417
2022-04-10 00:00:00+00:00,66.75,70.45,64.05,70.45,3.700000000000003,71.02285714285715,-0.819065855717665
2022-04-11 00:00:00+00:00,70.45,74.35,69.73,73.72,3.269999999999996,71.74142857142857,-0.34185908882073873
2022-04-12 00:00:00+00:00,73.72,73.95,68.51,69.88,-3.8400000000000034,71.59714285714286,-0.8322665409297413
2022-04-13 00:00:00+00:00,69.88,70.76,67.81,69.25,-0.6299999999999955,70.48428571428572,-0.8965819020946701
2022-04-14 00:00:00+00:00,69.25,69.27,66.08,66.83,-2.4200000000000017,69.64857142857143,-1.3119964275869362
2022-04-15 00:00:00+00:00,66.83,67.04,65.34,65.38,-1.4500000000000028,68.89428571428572,-1.5631077222171617
2022-04-16 00:00:00+00:00,65.38,65.91,64.74,65.07,-0.3100000000000023,68.65428571428572,-1.552239939747848
2022-04-17 00:00:00+00:00,65.07,67.09,63.9,66.91,1.8400000000000034,68.14857142857143,-1.0995748573167925
2022-04-18 00:00:00+00:00,66.91,68.51,66.09,68.49,1.5799999999999983,67.40142857142857,-0.7190747903623064
2022-04-19 00:00:00+00:00,68.49,68.57,65.72,66.78,-1.7099999999999937,66.95857142857143,-1.0569739982927264
2022-04-20 00:00:00+00:00,66.78,68.19,66.05,67.34,0.5600000000000023,66.68571428571428,-0.9186268823275412
2022-04-21 00:00:00+00:00,67.34,68.63,65.29,68.08,0.7399999999999949,66.86428571428571,-0.6988809643709443
2022-04-22 00:00:00+00:00,68.08,68.16,64.45,65.25,-2.8299999999999983,66.84571428571428,-1.525460323487167
2022-04-23 00:00:00+00:00,65.25,65.75,64.32,65.59,0.3400000000000034,66.92,-1.3574702704781332
2022-04-24 00:00:00+00:00,65.59,66.56,64.2,66.51,0.9200000000000017,66.86285714285715,-0.982959234662339
2022-04-25 00:00:00+00:00,66.51,73.46,66.42,72.83,6.319999999999993,67.48285714285714,1.096723817005269
2022-04-26 00:00:00+00:00,72.83,73.34,69.27,72.36,-0.46999999999999886,68.28,0.9279957788066094
2022-04-27 00:00:00+00:00,71.6,72.62,70.93,71.66,-0.7000000000000028,68.89714285714285,0.7157369948826909
2022-04-28 00:00:00+00:00,70.48,71.74,69.55,71.27,-0.39000000000000057,69.35285714285715,0.5850240177820257
2022-04-29 00:00:00+00:00,71.27,71.31,66.51,66.73,-4.539999999999992,69.56428571428572,-0.85956259352286
2022-04-30 00:00:00+00:00,66.73,69.72,64.17,69.72,2.989999999999995,70.15428571428572,0.18666272610862514
2022-05-01 00:00:00+00:00,69.72,70.85,67.24,68.08,-1.6400000000000006,70.37857142857142,-0.3561099297627589
2022-05-02 00:00:00+00:00,68.08,70.23,66.92,69.68,1.6000000000000085,69.92857142857143,0.19200189305911233
2022-05-03 00:00:00+00:00,69.68,72.71,69.28,72.62,2.9399999999999977,69.96571428571428,1.1518902045996524
2022-05-04 00:00:00+00:00,72.62,72.71,68.3,68.55,-4.070000000000007,69.52142857142857,-0.23334144779888388
2022-05-05 00:00:00+00:00,68.55,73.72,67.53,70.94,2.3900000000000006,69.47428571428571,0.5800362177135027
2022-05-06 00:00:00+00:00,70.95,71.41,67.8,68.53,-2.4099999999999966,69.73142857142857,-0.16645465699620404
2022-05-07 00:00:00+00:00,68.53,73.45,67.42,70.54,2.010000000000005,69.84857142857143,0.6736261547053667
2022-05-08 00:00:00+00:00,70.54,73.51,69.38,72.52,1.9799999999999898,70.48285714285714,1.4132393575609308
2022-05-09 00:00:00+00:00,72.52,92.38,71.84,89.08,16.560000000000002,73.25428571428571,4.37500665509512
2022-05-10 00:00:00+00:00,89.08,93.11,81.04,87.71,-1.3700000000000045,75.41,3.1599274338264367
2022-05-11 00:00:00+00:00,87.71,115.39,86.27,110.36,22.650000000000006,81.38285714285713,4.242449594488851
2022-05-12 00:00:00+00:00,110.36,151.98,108.97,132.18,21.820000000000007,90.13142857142857,4.079702427188843
2022-05-13 00:00:00+00:00,132.18,132.3,100.56,108.8,-23.38000000000001,95.88428571428572,2.1590398160756012
2022-05-14 00:00:00+00:00,108.8,111.46,103.55,103.6,-5.200000000000003,100.60714285714286,1.6686880666127937
2022-05-15 00:00:00+00:00,103.6,106.33,102.56,104.32,0.7199999999999989,105.14999999999999,1.5718809418394053
2022-05-16 00:00:00+00:00,104.32,108.96,104.32,105.33,1.0100000000000051,107.47142857142856,1.502627058878837
2022-05-17 00:00:00+00:00,105.33,106.13,96.63,97.29,-8.039999999999992,108.84,0.9816357724984579
2022-05-18 00:00:00+00:00,99.1,107.95,98.61,107.9,10.61,108.48857142857142,1.4547032432859228
2022-05-19 00:00:00+00:00,107.9,108.3,98.73,99.01,-8.89,103.75,0.9105918448549064
2022-05-20 00:00:00+00:00,99.01,101.55,92.83,98.59,-0.4200000000000017,102.29142857142857,0.8308894093829855
2022-05-21 00:00:00+00:00,98.59,98.71,90.65,91.4,-7.189999999999998,100.54857142857144,0.4047361800630506
2022-05-22 00:00:00+00:00,91.4,94.16,90.98,92.22,0.8199999999999932,98.82000000000001,0.4068544860668644
2022-05-23 00:00:00+00:00,92.22,93.42,89.4,92.17,-0.04999999999999716,96.94000000000001,0.36166210729829784
2022-05-24 00:00:00+00:00,92.17,94.69,90.54,91.61,-0.5600000000000023,96.12857142857142,0.2886751148707001
2022-05-25 00:00:00+00:00,91.61,93.58,89.77,93.34,1.730000000000004,94.04857142857144,0.3519785981769087
2022-05-26 00:00:00+00:00,93.34,105.79,92.5,95.91,2.569999999999993,93.60571428571428,0.45994295868791857
2022-05-27 00:00:00+00:00,95.91,98.86,92.78,98.7,2.7900000000000063,93.62142857142858,0.576702371739961
2022-05-28 00:00:00+00:00,98.7,98.7,94.06,94.45,-4.25,94.05714285714286,0.284628593144656
2022-05-29 00:00:00+00:00,94.45,96.01,93.52,95.32,0.8699999999999903,94.5,0.28930547156119585
2022-05-30 00:00:00+00:00,95.32,95.37,87.9,90.14,-5.179999999999993,94.21000000000001,-0.07872313983743799
2022-05-31 00:00:00+00:00,90.14,90.16,87.29,88.86,-1.2800000000000011,93.81714285714285,-0.21429716887044598
2022-06-01 00:00:00+00:00,88.86,92.73,86.48,90.86,2.0,93.46285714285715,-0.13293289510147444
2022-06-02 00:00:00+00:00,87.79,90.0,87.66,87.9,-2.9599999999999937,92.31857142857143,-0.38842480168708393
2022-06-03 00:00:00+00:00,87.9,89.17,85.53,86.7,-1.2000000000000028,90.60428571428572,-0.548376743394664
2022-06-04 00:00:00+00:00,86.7,87.32,85.8,85.97,-0.730000000000004,89.39285714285714,-0.6752745398198552
2022-06-05 00:00:00+00:00,85.97,87.08,84.0,86.21,0.23999999999999488,88.09142857142857,-0.7567138233176276
2022-06-06 00:00:00+00:00,86.21,86.26,81.47,81.82,-4.390000000000001,86.90285714285714,-1.2388644369070387
2022-06-07 00:00:00+00:00,81.82,87.9,81.82,87.34,5.52000000000001,86.68571428571428,-0.8366222845482367
2022-06-08 00:00:00+00:00,87.34,88.84,86.11,88.27,0.9299999999999926,86.3157142857143,-0.7409548637453789
2022-06-09 00:00:00+00:00,88.27,88.97,87.05,87.33,-0.9399999999999977,86.23428571428572,-0.8312209300976277
2022-06-10 00:00:00+00:00,87.33,93.53,86.62,92.46,5.1299999999999955,87.05714285714285,-0.2789924957732127
2022-06-11 00:00:00+00:00,92.46,100.0,91.37,97.85,5.390000000000001,88.75428571428571,0.5466141824879011
2022-06-12 00:00:00+00:00,97.85,105.81,95.58,105.81,7.960000000000008,91.55428571428571,1.7584688054245692
2022-06-13 00:00:00+00:00,105.82,138.69,105.82,134.62,28.810000000000002,99.09714285714286,4.000204703017508
2022-06-14 00:00:00+00:00,134.62,150.52,125.22,130.25,-4.3700000000000045,105.22714285714287,2.9359929667677345
2022-06-15 00:00:00+00:00,130.25,168.27,118.75,118.75,-11.5,109.58142857142856,1.8206901092053402
2022-06-16 00:00:00+00:00,118.75,138.05,116.59,135.82,17.069999999999993,116.50857142857141,2.6760629234146154
2022-06-17 00:00:00+00:00,135.82,137.94,119.61,123.1,-12.719999999999999,120.88571428571427,1.6759560235075963
2022-06-18 00:00:00+00:00,123.1,149.82,122.04,137.59,14.490000000000009,126.56285714285714,2.3054969307268705
2022-06-19 00:00:00+00:00,137.59,143.83,125.7,130.05,-7.539999999999992,130.0257142857143,1.6934766110827777
2022-06-20 00:00:00+00:00,130.05,133.67,119.04,119.12,-10.930000000000007,127.81142857142858,1.0022121140966875
2022-06-21 00:00:00+00:00,119.12,120.21,113.58,118.37,-0.75,126.11428571428571,0.9017160419767578
2022-06-22 00:00:00+00:00,118.37,120.5,116.07,118.59,0.21999999999999886,126.09142857142857,0.8582229147355146
2022-06-23 00:00:00+00:00,118.59,118.63,111.35,111.57,-7.02000000000001,122.62714285714286,0.43401365422751376
2022-06-24 00:00:00+00:00,111.57,114.98,106.72,114.98,3.410000000000011,121.46714285714287,0.5835584700049915
2022-06-25 00:00:00+00:00,114.98,115.9,110.67,111.21,-3.7700000000000102,117.69857142857143,0.34612515116264947
2022-06-26 00:00:00+00:00,111.21,111.72,108.3,111.25,0.04000000000000625,115.01285714285713,0.32513948414999383
2022-06-27 00:00:00+00:00,111.25,112.11,107.61,111.69,0.4399999999999977,113.95142857142858,0.31918966325434306
2022-06-28 00:00:00+00:00,111.69,112.68,108.68,111.42,-0.269999999999996,112.95857142857142,0.2753828108268303
2022-06-29 00:00:00+00:00,111.42,117.95,110.32,116.29,4.8700000000000045,112.63000000000001,0.5060080788088609
2022-06-30 00:00:00+00:00,116.29,122.41,115.59,120.04,3.75,113.84,0.6684602147288962
2022-07-01 00:00:00+00:00,120.04,123.38,117.06,119.0,-1.0400000000000063,114.41428571428571,0.5617182697490348
2022-07-02 00:00:00+00:00,119.0,120.19,114.43,114.59,-4.409999999999997,114.89714285714287,0.2593767102325766
2022-07-03 00:00:00+00:00,114.6,116.51,112.6,114.47,-0.12000000000000455,115.35714285714286,0.2038794313645725
2022-07-04 00:00:00+00:00,114.47,115.12,107.21,107.35,-7.1200000000000045,114.73714285714286,-0.29652090206103116
2022-07-05 00:00:00+00:00,107.36,111.37,104.14,108.79,1.440000000000012,114.36142857142856,-0.26504496114769094
2022-07-06 00:00:00+00:00,107.56,108.01,104.97,105.27,-3.5200000000000102,112.78714285714287,-0.6063394746074041
2022-07-07 00:00:00+00:00,105.27,105.49,102.79,104.64,-0.6299999999999955,110.58714285714287,-0.7403538308725206
2022-07-08 00:00:00+00:00,104.64,106.0,99.29,100.02,-4.6200000000000045,107.87571428571428,-1.1983564968833935
2022-07-09 00:00:00+00:00,100.02,100.11,95.61,96.75,-3.269999999999996,105.32714285714285,-1.5791088297600064
2022-07-10 00:00:00+00:00,96.75,101.13,96.57,100.04,3.2900000000000063,103.26571428571428,-1.3644600486308534
2022-07-11 00:00:00+00:00,100.04,107.39,99.57,106.86,6.819999999999993,103.19571428571429,-0.7956758956010496
2022-07-12 00:00:00+00:00,106.86,111.24,106.86,110.72,3.8599999999999994,103.47142857142856,-0.4511084345470155
2022-07-13 00:00:00+00:00,110.72,112.09,102.62,103.41,-7.310000000000002,103.20571428571428,-1.095290564808706
2022-07-14 00:00:00+00:00,103.41,104.2,99.91,100.56,-2.8499999999999943,102.62285714285714,-1.3006873192444386
2022-07-15 00:00:00+00:00,100.56,101.46,97.4,101.13,0.5699999999999932,102.78142857142858,-1.1608126977525741
2022-07-16 00:00:00+00:00,101.13,111.34,98.19,108.0,6.8700000000000045,104.38857142857144,-0.4272356914322963
2022-07-17 00:00:00+00:00,107.99,110.33,105.2,105.94,-2.0600000000000023,105.23142857142857,-0.60304659779405
2022-07-18 00:00:00+00:00,105.94,116.1,104.51,116.1,10.159999999999997,106.55142857142857,0.7329108266937294
2022-07-19 00:00:00+00:00,116.11,116.78,109.78,112.62,-3.4799999999999898,106.82285714285715,0.3958979703102304
2022-07-20 00:00:00+00:00,112.62,114.0,107.14,112.91,0.28999999999999204,108.17999999999999,0.4867881259737286
2022-07-21 00:00:00+00:00,112.91,113.21,108.87,109.23,-3.6799999999999926,109.41857142857143,-0.04635880038469786
2022-07-22 00:00:00+00:00,109.23,115.77,107.47,113.38,4.1499999999999915,111.16857142857143,0.6793293178047035
2022-07-23 00:00:00+00:00,113.38,113.74,110.57,113.35,-0.030000000000001137,111.93285714285715,0.660769125663233
2022-07-24 00:00:00+00:00,113.35,116.98,109.21,115.24,1.8900000000000006,113.26142857142858,0.974117784962995
2022-07-25 00:00:00+00:00,115.24,117.5,110.94,114.06,-1.1799999999999926,112.97,0.7545685325208809
2022-07-26 00:00:00+00:00,114.06,115.55,112.1,112.5,-1.5600000000000023,112.95285714285714,0.48794518735891257
2022-07-27 00:00:00+00:00,112.5,113.28,103.78,105.71,-6.790000000000006,111.92428571428572,-0.5980815597047596
2022-07-28 00:00:00+00:00,105.71,114.62,104.47,110.59,4.88000000000001,112.11857142857141,0.20937231793427286
2022-07-29 00:00:00+00:00,110.59,111.06,107.74,109.44,-1.1500000000000057,111.55571428571429,0.05898547305203179
2022-07-30 00:00:00+00:00,109.44,113.28,107.61,109.12,-0.3199999999999932,110.95142857142856,0.07085335210275076
2022-07-31 00:00:00+00:00,109.12,113.78,109.04,113.75,4.6299999999999955,110.73857142857142,0.9812479953963015
2022-08-01 00:00:00+00:00,113.75,113.94,111.32,112.97,-0.7800000000000011,110.58285714285715,0.8531867703416273
2022-08-02 00:00:00+00:00,112.97,113.43,108.74,108.9,-4.069999999999993,110.06857142857143,0.11489304560971543
2022-08-03 00:00:00+00:00,108.9,110.05,107.76,109.22,0.3199999999999932,110.57000000000001,0.16523514442938883
2022-08-04 00:00:00+00:00,109.22,109.43,106.95,108.52,-0.7000000000000028,110.27428571428572,0.030276648665137268
2022-08-05 00:00:00+00:00,108.52,109.92,106.5,107.58,-0.9399999999999977,110.00857142857141,-0.16939893603423042
2022-08-06 00:00:00+00:00,107.58,109.12,106.52,108.46,0.8799999999999955,109.91428571428571,-0.0217030233561529
2022-08-07 00:00:00+00:00,108.46,109.21,106.93,108.62,0.1600000000000108,109.18142857142857,-0.04945392006327893
2022-08-08 00:00:00+00:00,108.62,109.91,106.28,109.54,0.9200000000000017,108.69142857142856,0.06151052066683818
2022-08-09 00:00:00+00:00,109.54,110.75,108.42,110.3,0.7599999999999909,108.89142857142858,0.1773362385669836
2022-08-10 00:00:00+00:00,110.3,111.62,104.87,105.68,-4.61999999999999,108.38571428571427,-1.0154632621496478
2022-08-11 00:00:00+00:00,105.68,107.94,101.28,102.66,-3.0200000000000102,107.54857142857144,-1.647552096852294
2022-08-12 00:00:00+00:00,102.66,103.3,99.4,100.96,-1.7000000000000028,106.60285714285713,-1.9768524184552454
2022-08-13 00:00:00+00:00,100.96,104.55,100.31,104.33,3.3700000000000045,106.01285714285714,-1.2679639723179976
2022-08-14 00:00:00+00:00,104.33,106.84,103.67,105.65,1.3200000000000074,105.58857142857143,-1.0372995109874987
2022-08-15 00:00:00+00:00,105.65,105.8,100.45,104.62,-1.0300000000000011,104.88571428571427,-1.251080722344399
2022-08-16 00:00:00+00:00,104.62,104.89,102.8,103.83,-0.7900000000000063,103.96142857142857,-1.4083925206962071
2022-08-17 00:00:00+00:00,103.83,109.55,103.05,108.97,5.140000000000001,104.43142857142857,-0.03262539472468562
2022-08-18 00:00:00+00:00,106.9,108.03,105.2,106.75,-2.219999999999999,105.01571428571427,-0.5875587346734344
2022-08-19 00:00:00+00:00,106.75,117.34,106.74,117.32,10.569999999999993,107.35285714285715,2.1238406116501816
2022-08-20 00:00:00+00:00,117.32,117.52,111.23,111.74,-5.579999999999998,108.41142857142857,0.6655110601868292
2022-08-21 00:00:00+00:00,111.74,114.19,111.58,114.19,2.450000000000003,109.63142857142857,1.2715910485084925
2022-08-22 00:00:00+00:00,114.19,117.65,113.4,114.19,0.0,110.99857142857142,1.253914832359211
2022-08-23 00:00:00+00:00,114.19,114.26,109.33,111.38,-2.8100000000000023,112.07714285714285,0.604296955048323
2022-08-24 00:00:00+00:00,111.38,111.74,108.26,110.74,-0.6400000000000006,112.33,0.479673720761559
2022-08-25 00:00:00+00:00,110.74,112.46,109.18,111.8,1.0600000000000023,113.05142857142856,0.772809761175688
2022-08-26 00:00:00+00:00,111.8,112.5,106.91,112.06,0.2600000000000051,112.3,0.7874875705773742
2022-08-27 00:00:00+00:00,112.06,116.0,107.48,111.92,-0.14000000000000057,112.32571428571428,0.732868982550356
2022-08-28 00:00:00+00:00,111.92,117.48,111.25,117.48,5.560000000000002,112.7957142857143,1.9882495114622825
2022-08-29 00:00:00+00:00,117.48,117.48,112.78,112.91,-4.570000000000007,112.61285714285714,0.8168262142076175
2022-08-30 00:00:00+00:00,112.91,115.77,109.68,114.33,1.4200000000000017,113.03428571428572,1.1530355506921461
2022-08-31 00:00:00+00:00,114.33,116.79,111.73,115.45,1.1200000000000045,113.70714285714284,1.373778892693699
2022-09-01 00:00:00+00:00,115.45,116.37,114.04,114.94,-0.5100000000000051,114.1557142857143,1.1753544196352852
2022-09-02 00:00:00+00:00,114.94,114.94,110.9,111.4,-3.539999999999992,114.06142857142856,0.33707873150415235
2022-09-03 00:00:00+00:00,111.4,113.38,109.92,113.28,1.8799999999999955,114.25571428571428,0.7299765661223737
2022-09-04 00:00:00+00:00,113.28,113.28,108.68,111.56,-1.7199999999999989,113.41,0.3056648072045536
2022-09-05 00:00:00+00:00,111.56,111.76,109.47,109.75,-1.8100000000000023,112.95857142857143,-0.12224606322387037
2022-09-06 00:00:00+00:00,109.75,113.25,107.46,112.06,2.3100000000000023,112.63428571428571,0.38570078165618754
2022-09-07 00:00:00+00:00,112.06,115.98,109.77,112.16,0.09999999999999432,112.16428571428573,0.3878569318318676
2022-09-08 00:00:00+00:00,112.15,115.1,111.91,114.9,2.740000000000009,112.15857142857143,0.9685581681715119
2022-09-09 00:00:00+00:00,114.9,115.53,111.39,113.11,-1.7900000000000063,112.40285714285714,0.5153161204483578
2022-09-10 00:00:00+00:00,113.11,115.77,110.84,113.35,0.23999999999999488,112.41285714285716,0.520771397299855
2022-09-11 00:00:00+00:00,113.35,115.57,110.52,115.45,2.1000000000000085,112.96857142857142,1.0272225137223077
2022-09-12 00:00:00+00:00,115.45,116.35,113.2,115.1,-0.3500000000000085,113.73285714285714,0.888429675209492
2022-09-13 00:00:00+00:00,115.1,119.28,113.93,115.61,0.5100000000000051,114.24000000000001,0.9894946201091461
2022-09-14 00:00:00+00:00,115.61,116.46,109.93,116.01,0.4000000000000057,114.78999999999999,1.09427754230604
2022-09-15 00:00:00+00:00,116.01,117.32,97.99,103.25,-12.760000000000005,113.12571428571428,-3.170254510149111
2022-09-16 00:00:00+00:00,103.25,103.94,95.94,100.95,-2.299999999999997,111.38857142857144,-3.172134253854306
2022-09-17 00:00:00+00:00,100.95,101.17,95.52,95.52,-5.430000000000007,108.84142857142858,-3.547075820362294
2022-09-18 00:00:00+00:00,95.51,103.75,92.37,103.33,7.810000000000002,107.11,-1.7211620437526207
2022-09-19 00:00:00+00:00,103.33,103.33,94.64,94.69,-8.64,104.19428571428571,-2.8538529617490678
2022-09-20 00:00:00+00:00,94.69,99.97,94.65,99.96,5.269999999999996,101.95857142857142,-1.7584370958205828
2022-09-21 00:00:00+00:00,99.96,106.67,94.01,103.3,3.3400000000000034,100.14285714285714,-1.1283104135137803
2022-09-22 00:00:00+00:00,103.3,107.26,98.98,100.03,-3.269999999999996,99.68285714285715,-1.5299671013186475
2022-09-23 00:00:00+00:00,100.03,102.3,98.82,100.74,0.7099999999999937,99.65285714285713,-1.3248174911108428
2022-09-24 00:00:00+00:00,100.74,100.74,95.49,96.26,-4.47999999999999,99.75857142857141,-1.8089587628509343
2022-09-25 00:00:00+00:00,96.26,99.63,94.59,98.6,2.339999999999989,99.08285714285715,-1.3702305126167489
2022-09-26 00:00:00+00:00,98.6,100.04,95.29,98.97,0.37000000000000455,99.6942857142857,-1.2302942257781124
2022-09-27 00:00:00+00:00,98.97,100.85,94.29,98.65,-0.3199999999999932,99.50714285714287,-1.1922640545531413
2022-09-28 00:00:00+00:00,98.65,104.68,98.15,100.48,1.8299999999999983,99.10428571428572,-0.8863791438127216
2022-09-29 00:00:00+00:00,100.48,102.56,99.47,99.87,-0.6099999999999994,99.08142857142857,-0.9053988329203773
2022-09-30 00:00:00+00:00,99.87,100.15,92.27,93.41,-6.460000000000008,98.03428571428572,-1.6326253745022856
2022-10-01 00:00:00+00:00,93.41,95.09,87.99,95.09,1.6800000000000068,97.86714285714287,-1.317912294320887
2022-10-02 00:00:00+00:00,95.09,97.32,94.57,96.97,1.8799999999999955,97.63428571428571,-1.0042347769363371
2022-10-03 00:00:00+00:00,96.97,97.22,88.82,88.82,-8.150000000000006,96.18428571428572,-1.8668977306981704
2022-10-04 00:00:00+00:00,88.82,90.45,88.72,89.29,0.4700000000000131,94.84714285714286,-1.6573014829134924
2022-10-05 00:00:00+00:00,89.29,89.96,88.53,89.08,-0.21000000000000796,93.21857142857142,-1.5473123596003056
2022-10-06 00:00:00+00:00,87.45,87.57,84.71,84.73,-4.349999999999994,91.05571428571429,-1.8606023762666664
2022-10-07 00:00:00+00:00,84.73,84.74,80.89,82.02,-2.710000000000008,89.42857142857143,-1.9524021868154573
2022-10-08 00:00:00+00:00,82.02,82.3,79.74,80.4,-1.6199999999999903,87.33,-1.942430323345482
2022-10-09 00:00:00+00:00,78.69,82.88,78.15,82.41,2.009999999999991,85.25,-1.6123468204831537
2022-10-10 00:00:00+00:00,82.41,84.86,81.3,82.87,0.46000000000000796,84.39999999999999,-1.4668588402559244
2022-10-11 00:00:00+00:00,82.87,85.15,81.23,85.07,2.1999999999999886,83.79714285714286,-1.1859321188369092
2022-10-12 00:00:00+00:00,85.07,85.95,84.13,85.06,-0.009999999999990905,83.22285714285714,-1.1377462382334176
2022-10-13 00:00:00+00:00,85.06,92.35,83.19,83.6,-1.460000000000008,83.06142857142856,-1.2645018172253424
2022-10-14 00:00:00+00:00,83.6,83.6,76.34,79.74,-3.8599999999999994,82.73571428571428,-1.7060075535349213
2022-10-15 00:00:00+00:00,80.2,80.99,78.75,79.64,-0.09999999999999432,82.62714285714286,-1.5917881760639483
2022-10-16 00:00:00+00:00,79.64,80.01,78.08,79.8,0.1599999999999966,82.25428571428571,-1.4567824182517388
2022-10-17 00:00:00+00:00,79.8,79.8,73.29,74.0,-5.799999999999997,80.98714285714286,-1.945825526835858
2022-10-18 00:00:00+00:00,74.0,77.4,73.88,76.82,2.819999999999993,79.80857142857143,-1.512356747673721
2022-10-19 00:00:00+00:00,76.82,77.01,74.12,75.98,-0.8399999999999892,78.51142857142857,-1.4832355084031716
2022-10-20 00:00:00+00:00,75.98,78.14,74.74,76.62,0.6400000000000006,77.51428571428572,-1.3172058274851008
2022-10-21 00:00:00+00:00,76.62,76.75,74.24,75.03,-1.5900000000000034,76.84142857142857,-1.4054118175467545
2022-10-22 00:00:00+00:00,75.03,75.25,72.03,73.1,-1.9300000000000068,75.90714285714286,-1.5089112798255726
2022-10-23 00:00:00+00:00,73.1,75.44,71.6,72.94,-0.1599999999999966,74.92714285714285,-1.4332336549725957
2022-10-24 00:00:00+00:00,72.93,76.53,72.03,76.2,3.260000000000005,75.24142857142859,-1.0030655444609535
2022-10-25 00:00:00+00:00,76.2,85.39,75.34,79.52,3.319999999999993,75.62714285714286,-0.5813884150865576
2022-10-26 00:00:00+00:00,79.52,90.84,78.79,88.34,8.820000000000007,77.39285714285714,0.5049000271841799
2022-10-27 00:00:00+00:00,88.34,88.41,81.77,82.09,-6.25,78.17428571428572,-0.1986329566333326
2022-10-28 00:00:00+00:00,82.09,82.4,76.9,78.57,-3.5200000000000102,78.67999999999999,-0.6073587919512633
2022-10-29 00:00:00+00:00,78.57,88.87,78.04,83.62,5.050000000000011,80.18285714285715,0.1974055168079323
2022-10-30 00:00:00+00:00,83.62,87.4,83.03,86.07,2.4499999999999886,82.05857142857143,0.6510506365129451
2022-10-31 00:00:00+00:00,86.07,90.72,85.72,87.38,1.3100000000000023,83.6557142857143,0.976515407673102
2022-11-01 00:00:00+00:00,87.38,87.83,85.55,86.24,-1.1400000000000006,84.61571428571428,0.9550063894073312
2022-11-02 00:00:00+00:00,86.24,86.72,79.84,79.84,-6.3999999999999915,83.40142857142857,-0.28547906596482636
2022-11-03 00:00:00+00:00,79.84,79.84,71.91,74.01,-5.829999999999998,82.24714285714286,-1.4237600698193915
2022-11-04 00:00:00+00:00,74.01,82.38,73.01,78.21,4.199999999999989,82.19571428571429,-0.47798678429024943
2022-11-05 00:00:00+00:00,78.21,78.32,75.67,77.92,-0.28999999999999204,81.38142857142857,-0.49882340267829317
2022-11-06 00:00:00+00:00,77.92,81.2,76.83,80.67,2.75,80.61,0.14007994794837153
2022-11-07 00:00:00+00:00,80.67,89.39,80.15,89.29,8.620000000000005,80.88285714285715,1.909742017342806
2022-11-08 00:00:00+00:00,89.3,134.48,88.62,104.85,15.559999999999988,83.54142857142857,3.6705786741120034
2022-11-09 00:00:00+00:00,104.85,157.37,104.14,153.93,49.08000000000001,94.12571428571428,4.7629593528035095
2022-11-10 00:00:00+00:00,153.93,154.45,122.42,124.99,-28.940000000000012,101.40857142857143,2.4174692659053916
2022-11-11 00:00:00+00:00,124.99,136.37,118.73,124.63,-0.35999999999999943,108.04,2.1222496643047197
2022-11-12 00:00:00+00:00,124.63,127.45,122.68,125.5,0.8700000000000045,114.83714285714287,1.947197849133566
2022-11-13 00:00:00+00:00,125.5,140.77,123.85,136.34,10.840000000000003,122.78999999999999,2.1957644653516692
2022-11-14 00:00:00+00:00,136.34,142.06,115.47,125.94,-10.400000000000006,128.0257142857143,1.5693148269570425
2022-11-15 00:00:00+00:00,125.94,125.99,109.43,110.49,-15.450000000000003,128.83142857142857,0.824097073081782
2022-11-16 00:00:00+00:00,110.49,127.6,107.77,122.98,12.490000000000009,124.41,1.2830074657752764
2022-11-17 00:00:00+00:00,122.98,124.11,102.68,102.94,-20.040000000000006,121.25999999999999,0.3724074501798636
2022-11-18 00:00:00+00:00,102.94,102.94,93.74,99.21,-3.730000000000004,117.62857142857142,0.17625701127460025
2022-11-19 00:00:00+00:00,99.21,99.49,92.51,93.18,-6.029999999999987,113.01142857142857,-0.11803121797316288
2022-11-20 00:00:00+00:00,93.18,111.32,93.06,108.84,15.659999999999997,109.08285714285715,0.5422247646823823
2022-11-21 00:00:00+00:00,108.84,112.04,105.62,105.62,-3.219999999999999,106.17999999999999,0.35303117949213314
2022-11-22 00:00:00+00:00,105.62,107.23,100.53,102.72,-2.9000000000000057,105.07000000000001,0.1766294684168879
2022-11-23 00:00:00+00:00,102.72,102.72,92.91,93.64,-9.079999999999998,100.87857142857142,-0.2883241435286694
2022-11-24 00:00:00+00:00,93.64,93.79,89.7,91.16,-2.480000000000004,99.19571428571429,-0.4333495676337045
2022-11-25 00:00:00+00:00,91.16,91.79,85.25,85.58,-5.579999999999998,97.24857142857142,-0.7010944026708921
2022-11-26 00:00:00+00:00,85.58,85.85,80.53,84.81,-0.769999999999996,96.05285714285715,-0.7460618437795753
2022-11-27 00:00:00+00:00,84.81,86.38,81.05,86.26,1.4500000000000028,92.82714285714285,-0.695267194664656
2022-11-28 00:00:00+00:00,86.26,90.93,86.2,89.97,3.7099999999999937,90.59142857142857,-0.52501377575491
2022-11-29 00:00:00+00:00,89.97,90.27,84.58,85.38,-4.590000000000003,88.11428571428571,-0.7533544069385254
2022-11-30 00:00:00+00:00,85.38,85.41,80.59,82.59,-2.789999999999992,86.53571428571429,-0.8795509889281071
2022-12-01 00:00:00+00:00,82.59,84.22,82.31,82.83,0.23999999999999488,85.3457142857143,-0.8580360416957422
2022-12-02 00:00:00+00:00,82.83,83.16,76.18,76.34,-6.489999999999995,84.02571428571427,-1.1663023423163315
2022-12-03 00:00:00+00:00,76.34,81.84,76.2,81.37,5.030000000000001,83.53428571428572,-0.9438524432609231
2022-12-04 00:00:00+00:00,81.37,83.15,80.26,80.38,-0.9900000000000091,82.69428571428571,-1.0008284812536712
2022-12-05 00:00:00+00:00,80.38,83.95,79.02,80.84,0.46000000000000796,81.39,-0.9879151019495946
2022-12-06 00:00:00+00:00,80.84,80.86,78.39,78.69,-2.1500000000000057,80.4342857142857,-1.0890363139740171
2022-12-07 00:00:00+00:00,78.69,82.14,78.53,81.97,3.280000000000001,80.34571428571428,-0.9036956970242009
2022-12-08 00:00:00+00:00,77.04,77.25,72.74,72.86,-9.11,78.92142857142858,-1.2672669912456511
2022-12-09 00:00:00+00:00,72.86,78.82,72.61,78.64,5.780000000000001,79.25,-0.9837261683802645
2022-12-10 00:00:00+00:00,78.63,79.75,77.15,79.71,1.0699999999999932,79.01285714285713,-0.8693259195762407
2022-12-11 00:00:00+00:00,79.71,82.82,79.55,82.37,2.660000000000011,79.29714285714284,-0.6679877713183208
2022-12-12 00:00:00+00:00,82.37,83.1,79.62,79.7,-2.6700000000000017,79.13428571428572,-0.7790103856029615
2022-12-13 00:00:00+00:00,79.22,79.22,78.85,79.2,-0.5,79.20714285714287,-0.8019355566297227
2022-12-14 00:00:00+00:00,79.2,79.22,73.19,73.19,-6.010000000000005,77.95285714285714,-1.2411229922788078
2022-12-15 00:00:00+00:00,73.19,73.37,69.86,71.98,-1.2099999999999937,77.82714285714285,-1.2741010664076653
2022-12-16 00:00:00+00:00,71.98,79.16,69.44,78.05,6.069999999999993,77.74285714285715,-0.7680702594218334
2022-12-17 00:00:00+00:00,78.05,80.71,75.9,76.63,-1.4200000000000017,77.30285714285715,-0.8597466560567592
2022-12-18 00:00:00+00:00,76.63,76.7,73.19,76.37,-0.2599999999999909,76.44571428571429,-0.8318858307550596
2022-12-19 00:00:00+00:00,76.37,78.68,75.49,77.39,1.019999999999996,76.11571428571429,-0.6705053319645019
2022-12-20 00:00:00+00:00,77.39,77.57,71.98,72.45,-4.939999999999998,75.15142857142857,-1.2332016473701461
2022-12-21 00:00:00+00:00,72.45,74.76,71.69,72.11,-0.3400000000000034,74.99714285714286,-1.3194398919285972
2022-12-22 00:00:00+00:00,72.11,72.19,68.5,69.92,-2.1899999999999977,74.70285714285716,-1.7347497778111067
2022-12-23 00:00:00+00:00,69.92,70.04,66.9,67.0,-2.9200000000000017,73.12428571428572,-2.120980978906817
2022-12-24 00:00:00+00:00,67.0,68.67,66.33,68.3,1.2999999999999972,71.93428571428572,-1.8022341741813688
2022-12-25 00:00:00+00:00,68.3,72.27,67.79,71.38,3.0799999999999983,71.22142857142858,-1.1752631461021565
2022-12-26 00:00:00+00:00,71.38,71.81,68.32,68.81,-2.569999999999993,69.99571428571429,-1.5159443772651533
2022-12-27 00:00:00+00:00,68.81,70.86,68.69,69.16,0.3499999999999943,69.52571428571427,-1.3683947133508225
2022-12-28 00:00:00+00:00,69.17,70.37,68.09,70.07,0.9099999999999966,69.23428571428572,-1.1820275783684315
2022-12-29 00:00:00+00:00,70.07,70.09,68.57,68.58,-1.4899999999999949,69.04285714285713,-1.3943194787164068
2022-12-30 00:00:00+00:00,68.58,68.73,63.14,63.92,-4.659999999999997,68.60285714285713,-2.087168982606406
2022-12-31 00:00:00+00:00,63.92,64.46,63.62,63.9,-0.020000000000003126,67.97428571428571,-1.914278170533435
2023-01-01 00:00:00+00:00,63.9,64.76,60.55,61.64,-2.259999999999998,66.58285714285714,-2.0652128234329625
2023-01-02 00:00:00+00:00,61.64,62.74,59.89,62.4,0.759999999999998,65.66714285714285,-1.775594399447068
2023-01-03 00:00:00+00:00,62.4,62.7,61.76,62.24,-0.1599999999999966,64.67857142857143,-1.6579044572181403
2023-01-04 00:00:00+00:00,62.24,62.26,59.56,60.53,-1.7100000000000009,63.31571428571429,-1.7719798973830334
2023-01-05 00:00:00+00:00,60.53,61.05,58.84,58.85,-1.6799999999999997,61.92571428571428,-1.844780083747334
2023-01-06 00:00:00+00:00,58.85,60.35,57.67,59.76,0.9099999999999966,61.33142857142857,-1.5984265774537951
2023-01-07 00:00:00+00:00,59.76,59.81,58.7,58.76,-1.0,60.59714285714285,-1.6015224967675847
2023-01-08 00:00:00+00:00,58.76,59.77,58.15,58.15,-0.6099999999999994,60.098571428571425,-1.5614866842885418
2023-01-09 00:00:00+00:00,58.15,62.49,57.21,61.97,3.8200000000000003,60.037142857142854,-0.9699235078942877
2023-01-10 00:00:00+00:00,61.97,62.49,59.81,62.11,0.14000000000000057,60.01857142857143,-0.9032727471429622
2023-01-11 00:00:00+00:00,62.11,64.23,62.01,63.37,1.259999999999998,60.42428571428571,-0.6648132796175718
2023-01-12 00:00:00+00:00,63.37,67.37,61.13,66.43,3.0600000000000094,61.50714285714286,-0.12540674279869485
2023-01-13 00:00:00+00:00,66.43,70.41,64.89,70.29,3.8599999999999994,63.011428571428574,0.5426192754792337
2023-01-14 00:00:00+00:00,70.29,82.06,69.84,81.69,11.399999999999991,66.28714285714287,2.221593095400361
2023-01-15 00:00:00+00:00,81.69,81.69,75.97,78.81,-2.8799999999999955,69.23857142857143,1.7574470582593202
2023-01-16 00:00:00+00:00,78.81,81.22,74.71,76.93,-1.8799999999999955,71.3757142857143,1.4621239245541464
2023-01-17 00:00:00+00:00,76.93,78.29,75.6,75.66,-1.2700000000000102,73.31142857142858,1.276428259459966
2023-01-18 00:00:00+00:00,75.66,79.84,74.02,75.35,-0.3100000000000023,75.02285714285713,1.2581692139300353
2023-01-19 00:00:00+00:00,75.35,75.36,68.92,68.99,-6.359999999999999,75.38857142857144,0.27873327552579646
2023-01-20 00:00:00+00:00,68.99,69.0,65.37,67.58,-1.4099999999999966,75.00142857142858,0.07950837195466941
2023-01-21 00:00:00+00:00,67.58,72.74,65.58,71.16,3.5799999999999983,73.49714285714286,0.645458749351909
2023-01-22 00:00:00+00:00,71.16,72.03,68.84,70.66,-0.5,72.33285714285714,0.5430524666386793
2023-01-23 00:00:00+00:00,70.66,72.02,69.45,71.13,0.46999999999999886,71.50428571428571,0.5992749031573148
2023-01-24 00:00:00+00:00,71.13,72.0,68.38,69.54,-1.5899999999999892,70.63,0.35919266326627314
2023-01-25 00:00:00+00:00,69.46,69.46,65.97,66.84,-2.700000000000003,69.41428571428571,-0.05980101225385566
2023-01-26 00:00:00+00:00,66.84,67.11,64.93,65.15,-1.6899999999999977,68.86571428571428,-0.30755470864235274
2023-01-27 00:00:00+00:00,65.15,65.87,62.81,62.91,-2.240000000000009,68.19857142857143,-0.6243030261069409
2023-01-28 00:00:00+00:00,62.9,63.06,61.82,62.31,-0.5999999999999943,66.93428571428572,-0.6815765721814007
2023-01-29 00:00:00+00:00,62.31,70.55,60.96,67.7,5.390000000000001,66.51142857142857,0.14853224396971323
2023-01-30 00:00:00+00:00,67.7,67.91,64.43,67.17,-0.5300000000000011,65.94571428571429,0.047698403166244
2023-01-31 00:00:00+00:00,67.17,67.2,64.79,65.95,-1.2199999999999989,65.43285714285715,-0.17065681999128807
2023-02-01 00:00:00+00:00,65.95,70.45,65.95,68.38,2.4299999999999926,65.65285714285714,0.18920052351650227
2023-02-02 00:00:00+00:00,68.38,69.92,65.64,69.88,1.5,66.32857142857142,0.3944929117887953
2023-02-03 00:00:00+00:00,69.88,69.89,66.57,68.01,-1.8699999999999903,67.05714285714285,0.049149209851156485
2023-02-04 00:00:00+00:00,68.01,68.65,67.51,68.55,0.539999999999992,67.94857142857143,0.08896480542279898
2023-02-05 00:00:00+00:00,68.55,70.44,67.5,70.16,1.6099999999999994,68.3,0.3207792615356206
2023-02-06 00:00:00+00:00,70.16,70.36,67.47,68.85,-1.3100000000000023,68.53999999999999,0.024384797245939453
2023-02-07 00:00:00+00:00,68.85,68.85,67.07,67.34,-1.509999999999991,68.73857142857143,-0.34929321057651863
2023-02-08 00:00:00+00:00,67.34,68.51,66.06,66.06,-1.2800000000000011,68.40714285714286,-0.6628380396426342
2023-02-09 00:00:00+00:00,66.06,66.86,63.07,65.26,-0.7999999999999972,67.74714285714286,-0.8804594363983994
2023-02-10 00:00:00+00:00,65.26,66.1,62.69,65.04,-0.21999999999999886,67.32285714285715,-0.9545731958907742
2023-02-11 00:00:00+00:00,65.04,65.29,63.3,63.57,-1.470000000000006,66.61142857142858,-1.2351514656678786
2023-02-12 00:00:00+00:00,63.57,64.19,62.39,63.66,0.0899999999999963,65.68285714285715,-1.1409545876852787
2023-02-13 00:00:00+00:00,63.66,67.63,62.55,66.56,2.9000000000000057,65.35571428571428,-0.48060328391294577
2023-02-14 00:00:00+00:00,66.56,66.97,61.24,62.52,-4.039999999999999,64.66714285714286,-1.472919173688411
2023-02-15 00:00:00+00:00,62.52,64.32,60.83,64.07,1.54999999999999,64.38285714285715,-1.034425034135062
2023-02-16 00:00:00+00:00,64.08,69.1,61.54,68.54,4.470000000000013,64.85142857142857,0.41661426581084193
2023-02-17 00:00:00+00:00,68.54,70.93,63.28,69.26,0.7199999999999989,65.45428571428572,0.8330251772457073
2023-02-18 00:00:00+00:00,69.26,69.26,66.51,66.51,-2.75,65.87428571428572,-0.1942141722576021
2023-02-19 00:00:00+00:00,66.51,69.15,66.51,68.43,1.9200000000000017,66.55571428571429,0.5372667752900222
2023-02-20 00:00:00+00:00,68.43,69.03,67.09,67.39,-1.0400000000000063,66.67428571428572,0.19291161448118077
2023-02-21 00:00:00+00:00,67.39,68.52,66.29,67.87,0.480000000000004,67.43857142857144,0.4418350484324201
2023-02-22 00:00:00+00:00,66.24,68.97,62.84,62.97,-4.900000000000006,67.28142857142858,-1.5344573988511871
2023-02-23 00:00:00+00:00,62.97,63.82,61.11,61.35,-1.6199999999999974,66.25428571428571,-2.013402680778743
2023-02-24 00:00:00+00:00,61.35,61.35,55.01,55.4,-5.950000000000003,64.27428571428571,-3.3350093245949153
2023-02-25 00:00:00+00:00,55.4,59.33,53.58,57.26,1.8599999999999994,62.95285714285715,-2.379016764780606
2023-02-26 00:00:00+00:00,57.26,58.66,56.89,57.68,0.4200000000000017,61.417142857142856,-2.0583341604849568
2023-02-27 00:00:00+00:00,57.68,58.1,56.9,57.4,-0.28000000000000114,59.989999999999995,-1.964463791354073
2023-02-28 00:00:00+00:00,57.4,57.42,55.89,56.25,-1.1499999999999986,58.32999999999999,-2.0076065183285556
2023-03-01 00:00:00+00:00,56.25,63.13,55.97,60.16,3.9099999999999966,57.92857142857143,-1.0321174446160744
2023-03-02 00:00:00+00:00,60.16,61.34,59.83,60.01,-0.14999999999999858,57.73714285714285,-1.004133459577267
2023-03-03 00:00:00+00:00,60.01,61.01,57.27,57.76,-2.25,58.074285714285715,-1.3985712735054614
2023-03-04 00:00:00+00:00,57.76,57.78,55.72,56.88,-0.8799999999999955,58.019999999999996,-1.479862578465511
2023-03-05 00:00:00+00:00,56.88,57.72,56.66,57.04,0.1599999999999966,57.92857142857143,-1.3422846626147777
2023-03-06 00:00:00+00:00,57.04,58.15,56.43,57.61,0.5700000000000003,57.95857142857143,-1.1414590496741819
2023-03-07 00:00:00+00:00,57.61,59.0,56.96,57.07,-0.5399999999999991,58.07571428571429,-1.1849568218726694
2023-03-08 00:00:00+00:00,57.07,58.16,56.36,57.31,0.240000000000002,57.66857142857143,-1.0643048435650921
2023-03-09 00:00:00+00:00,57.31,62.48,55.07,60.78,3.469999999999999,57.778571428571425,-0.2574632211382065
2023-03-10 00:00:00+00:00,60.78,68.87,60.73,63.61,2.8299999999999983,58.614285714285714,0.40393146802786617
2023-03-11 00:00:00+00:00,63.61,72.83,60.58,68.47,4.859999999999999,60.269999999999996,1.4480743172485397
2023-03-12 00:00:00+00:00,68.47,69.52,63.65,65.83,-2.6400000000000006,61.52571428571429,0.852134752478888
2023-03-13 00:00:00+00:00,65.83,72.56,62.07,68.8,2.969999999999999,63.12428571428571,1.419301579285606
2023-03-14 00:00:00+00:00,68.8,70.04,63.66,66.9,-1.8999999999999915,64.52857142857142,0.975687119947775
2023-03-15 00:00:00+00:00,66.9,69.79,64.67,65.06,-1.8400000000000034,65.63571428571429,0.6045483375858385
2023-03-16 00:00:00+00:00,65.06,65.07,59.82,62.78,-2.280000000000001,65.92142857142858,0.11967390905849233
2023-03-17 00:00:00+00:00,62.78,67.44,60.76,66.56,3.780000000000001,66.34285714285714,0.8922921152149206
2023-03-18 00:00:00+00:00,66.56,71.6,63.85,69.53,2.969999999999999,66.49428571428571,1.4922508950874984
2023-03-19 00:00:00+00:00,69.53,76.7,69.28,75.18,5.650000000000006,67.83,2.422704186769903
2023-03-20 00:00:00+00:00,75.18,75.18,67.65,67.72,-7.460000000000008,67.67571428571429,0.9796230450865143
2023-03-21 00:00:00+00:00,67.72,74.9,67.55,70.31,2.5900000000000034,68.16285714285713,1.4376039176493853
2023-03-22 00:00:00+00:00,72.07,72.82,64.83,65.54,-4.769999999999996,68.23142857142857,0.5609759633440161
2023-03-23 00:00:00+00:00,65.54,70.04,63.79,69.75,4.209999999999994,69.22714285714287,1.3253465165794172
2023-03-24 00:00:00+00:00,69.75,70.98,66.38,66.91,-2.8400000000000034,69.27714285714286,0.7640417033095449
2023-03-25 00:00:00+00:00,66.91,66.94,64.07,64.24,-2.6700000000000017,68.52142857142857,0.25430604079857927
2023-03-26 00:00:00+00:00,64.24,65.31,62.94,64.97,0.730000000000004,67.06285714285714,0.3410563423696295
2023-03-27 00:00:00+00:00,64.97,67.26,64.08,65.05,0.0799999999999983,66.68142857142858,0.3134904183535944
2023-03-28 00:00:00+00:00,65.05,65.54,62.5,65.26,0.21000000000000796,65.96000000000001,0.31171879872738917
2023-03-29 00:00:00+00:00,65.26,67.74,65.26,66.75,1.4899999999999949,66.13285714285715,0.5586214656743589
2023-03-30 00:00:00+00:00,66.75,67.84,65.09,65.54,-1.2099999999999937,65.53142857142858,0.2611290070332659
2023-03-31 00:00:00+00:00,65.54,65.71,60.54,62.74,-2.8000000000000043,64.93571428571428,-0.357103531725966
2023-04-01 00:00:00+00:00,62.74,62.74,61.06,62.33,-0.4100000000000037,64.66285714285715,-0.46772586684950385
2023-04-02 00:00:00+00:00,62.33,64.78,61.96,63.1,0.7700000000000031,64.39571428571428,-0.3516559911014782
2023-04-03 00:00:00+00:00,63.1,64.74,61.77,63.73,0.6299999999999955,64.20714285714286,-0.27609287191770143
2023-04-04 00:00:00+00:00,63.73,66.17,62.28,65.42,1.6900000000000048,64.23,0.06619930043653552
2023-04-05 00:00:00+00:00,65.42,65.94,63.89,64.24,-1.1800000000000068,63.871428571428574,-0.3140250279110343
2023-04-06 00:00:00+00:00,64.24,65.31,62.66,62.66,-1.5799999999999983,63.459999999999994,-0.8740183766054425
2023-04-07 00:00:00+00:00,62.65,62.65,59.35,59.6,-3.059999999999995,63.01142857142857,-1.916685683102724
2023-04-08 00:00:00+00:00,59.6,59.6,57.29,57.46,-2.1400000000000006,62.315714285714286,-2.3884242976496863
2023-04-09 00:00:00+00:00,57.46,60.76,56.77,60.36,2.8999999999999986,61.924285714285716,-1.449717907198647
2023-04-10 00:00:00+00:00,60.36,64.32,60.09,64.04,3.680000000000007,61.96857142857143,-0.3585113195840073
2023-04-11 00:00:00+00:00,64.04,65.05,62.52,62.61,-1.4300000000000068,61.56714285714286,-0.7345006829796019
2023-04-12 00:00:00+00:00,62.61,62.68,58.96,61.48,-1.1300000000000026,61.17285714285714,-0.9904401856817825
2023-04-13 00:00:00+00:00,61.48,63.62,59.67,62.18,0.7000000000000028,61.104285714285716,-0.7410562755904243
2023-04-14 00:00:00+00:00,62.18,65.41,58.99,59.52,-2.6599999999999966,61.09285714285714,-1.3980393186167508
2023-04-15 00:00:00+00:00,59.52,62.01,58.97,61.56,2.039999999999999,61.67857142857143,-0.8175215622171016
2023-04-16 00:00:00+00:00,61.56,65.26,61.27,64.34,2.780000000000001,62.24714285714286,-0.0359858242176337
2023-04-17 00:00:00+00:00,64.34,64.38,61.47,61.52,-2.8200000000000003,61.887142857142855,-0.7581942205933072
2023-04-18 00:00:00+00:00,61.52,62.58,61.22,61.22,-0.30000000000000426,61.688571428571436,-0.8659789510629687
2023-04-19 00:00:00+00:00,61.21,62.22,59.82,60.02,-1.1999999999999957,61.480000000000004,-1.2002005168321506
2023-04-20 00:00:00+00:00,57.37,59.36,57.06,58.99,-1.0300000000000011,61.02428571428572,-1.5270305721126436
2023-04-21 00:00:00+00:00,58.99,61.35,57.87,60.49,1.5,61.16285714285715,-0.9077178838879492
2023-04-22 00:00:00+00:00,60.49,60.49,57.66,59.33,-1.1600000000000037,60.84428571428572,-1.3321472145072408
2023-04-23 00:00:00+00:00,59.33,59.98,56.94,57.22,-2.1099999999999994,59.82714285714286,-2.02218464930226
2023-04-24 00:00:00+00:00,57.22,60.46,56.15,59.81,2.5900000000000034,59.58285714285715,-0.9212288240372427
2023-04-25 00:00:00+00:00,59.81,59.83,56.54,56.54,-3.270000000000003,58.91428571428571,-2.0038661489657374
2023-04-26 00:00:00+00:00,56.54,59.59,54.69,57.56,1.0200000000000031,58.56285714285714,-1.5011243255993216
2023-04-27 00:00:00+00:00,57.56,59.32,55.56,55.74,-1.8200000000000003,58.098571428571425,-1.9790998061994032
2023-04-28 00:00:00+00:00,55.74,55.79,52.02,53.08,-2.6600000000000037,57.04,-2.596906017361081
2023-04-29 00:00:00+00:00,53.08,53.84,52.61,53.4,0.3200000000000003,56.19285714285714,-2.23615420748066
2023-04-30 00:00:00+00:00,53.4,54.1,52.18,53.56,0.1600000000000037,55.67,-1.9587896403887497
2023-05-01 00:00:00+00:00,53.56,55.94,53.22,53.8,0.23999999999999488,54.81142857142857,-1.7180061728798988
2023-05-02 00:00:00+00:00,53.8,54.78,51.85,54.25,0.45000000000000284,54.48428571428572,-1.4693992410097254
2023-05-03 00:00:00+00:00,54.25,55.67,53.53,54.36,0.10999999999999943,54.027142857142856,-1.3409161455788905
2023-05-04 00:00:00+00:00,54.36,54.66,52.5,52.57,-1.7899999999999991,53.574285714285715,-1.7170665976351216
2023-05-05 00:00:00+00:00,52.57,53.65,50.95,53.54,0.9699999999999989,53.63999999999999,-1.3614228030216662
2023-05-06 00:00:00+00:00,53.54,54.31,51.49,51.74,-1.7999999999999972,53.402857142857144,-1.710017553557613
2023-05-07 00:00:00+00:00,51.74,54.47,50.91,54.4,2.6599999999999966,53.52285714285714,-0.9319024959935898
2023-05-08 00:00:00+00:00,54.4,54.49,52.6,53.22,-1.1799999999999997,53.44,-1.1791798256011674
2023-05-09 00:00:00+00:00,53.22,55.24,52.31,54.53,1.3100000000000023,53.48,-0.7852470321112716
2023-05-10 00:00:00+00:00,54.53,55.02,51.55,51.55,-2.980000000000004,53.07857142857143,-1.4702638705495688
2023-05-11 00:00:00+00:00,51.55,54.14,50.36,52.98,1.4299999999999997,53.13714285714286,-1.0290638529293932
2023-05-12 00:00:00+00:00,52.98,55.11,51.95,51.97,-1.009999999999998,52.91285714285714,-1.216859220660754
2023-05-13 00:00:00+00:00,51.97,51.97,50.41,51.32,-0.6499999999999986,52.85285714285714,-1.3095842235904296
2023-05-14 00:00:00+00:00,51.32,51.62,49.65,51.01,-0.3100000000000023,52.368571428571435,-1.2963594163946575
2023-05-15 00:00:00+00:00,51.01,52.87,50.25,52.64,1.6300000000000026,52.285714285714285,-0.8057104373658769
2023-05-16 00:00:00+00:00,52.64,52.75,51.15,51.18,-1.4600000000000009,51.807142857142864,-1.1924808788278178
2023-05-17 00:00:00+00:00,51.18,51.78,49.33,49.47,-1.7100000000000009,51.51,-1.624837831720458
2023-05-18 00:00:00+00:00,49.47,49.66,46.84,47.15,-2.3200000000000003,50.67714285714286,-2.1683601248578794
2023-05-19 00:00:00+00:00,47.15,47.61,45.61,46.49,-0.6599999999999966,49.894285714285715,-2.161207577354488
2023-05-20 00:00:00+00:00,46.49,47.66,46.44,47.17,0.6799999999999997,49.30142857142857,-1.810295971839171
2023-05-21 00:00:00+00:00,47.17,47.93,46.06,46.13,-1.0399999999999991,48.604285714285716,-1.9855775961701543
2023-05-22 00:00:00+00:00,46.13,48.47,45.43,48.08,1.9499999999999957,47.952857142857134,-1.3501165439994967
2023-05-23 00:00:00+00:00,48.08,51.13,47.6,50.59,2.510000000000005,47.86857142857143,-0.5418492700347077
2023-05-24 00:00:00+00:00,50.59,51.7,49.36,50.45,-0.14000000000000057,48.00857142857143,-0.5410225395766296
2023-05-25 00:00:00+00:00,50.45,51.15,46.65,46.77,-3.6799999999999997,47.95428571428572,-1.686755233155014
2023-05-26 00:00:00+00:00,46.77,47.29,44.28,46.24,-0.5300000000000011,47.91857142857144,-1.7718045486027978
2023-05-27 00:00:00+00:00,46.24,46.61,44.37,44.37,-1.8700000000000045,47.51857142857143,-2.183728304030293
2023-05-28 00:00:00+00:00,44.37,48.26,43.52,48.02,3.6500000000000057,47.78857142857144,-0.9080256798818046
2023-05-29 00:00:00+00:00,48.02,49.47,45.38,45.71,-2.3100000000000023,47.45,-1.53976489736382
2023-05-30 00:00:00+00:00,45.71,46.88,43.51,43.57,-2.1400000000000006,46.44714285714286,-1.9974173793118142
2023-05-31 00:00:00+00:00,43.57,46.08,42.24,42.28,-1.2899999999999991,45.28000000000001,-2.1262243445358417
2023-06-01 00:00:00+00:00,44.94,45.01,42.3,42.3,0.01999999999999602,44.64142857142857,-1.9257916648506879
2023-06-02 00:00:00+00:00,42.3,43.58,40.5,42.77,0.47000000000000597,44.145714285714284,-1.6624824108901557
2023-06-03 00:00:00+00:00,42.77,42.89,41.55,42.02,-0.75,43.81,-1.70235631166296
2023-06-04 00:00:00+00:00,42.02,42.14,40.91,41.59,-0.4299999999999997,42.89142857142857,-1.6705768538198351
2023-06-05 00:00:00+00:00,41.59,43.02,39.36,40.35,-1.240000000000002,42.12571428571429,-1.7985945026579133
2023-06-06 00:00:00+00:00,40.35,42.68,39.6,42.53,2.1799999999999997,41.97714285714286,-1.205495342008124
2023-06-07 00:00:00+00:00,42.53,43.54,40.82,41.64,-0.8900000000000006,41.885714285714286,-1.3326604720147837
2023-06-08 00:00:00+00:00,41.64,42.11,40.58,40.94,-0.7000000000000028,41.691428571428574,-1.4279964681881476
2023-06-09 00:00:00+00:00,40.94,41.77,40.34,40.86,-0.0799999999999983,41.41857142857143,-1.3507225929631324
2023-06-10 00:00:00+00:00,40.86,46.72,40.69,45.56,4.700000000000003,41.924285714285716,-0.1255793367293855
2023-06-11 00:00:00+00:00,45.56,45.94,44.26,44.96,-0.6000000000000014,42.40571428571428,-0.23162232105283262
2023-06-12 00:00:00+00:00,44.96,48.48,44.79,48.38,3.4200000000000017,43.55285714285714,0.7562560495114712
2023-06-13 00:00:00+00:00,48.38,48.64,46.98,47.27,-1.1099999999999994,44.230000000000004,0.4956697173633463
2023-06-14 00:00:00+00:00,47.27,49.63,43.83,47.95,0.6799999999999997,45.13142857142857,0.7965117957922673
2023-06-15 00:00:00+00:00,47.95,50.35,46.56,47.74,-0.21000000000000085,46.10285714285715,0.8063951513114734
2023-06-16 00:00:00+00:00,47.74,48.27,45.75,46.88,-0.8599999999999994,46.962857142857146,0.5659160750577279
2023-06-17 00:00:00+00:00,46.88,46.88,44.63,44.89,-1.990000000000002,46.86714285714286,-0.08960562361096198
2023-06-18 00:00:00+00:00,44.88,46.24,44.59,45.94,1.0499999999999972,47.00714285714286,0.27925812455008103
2023-06-19 00:00:00+00:00,45.94,45.94,44.97,45.4,-0.5399999999999991,46.58142857142858,0.11407231808260611
2023-06-20 00:00:00+00:00,45.4,49.34,45.39,47.99,2.5900000000000034,46.68428571428571,0.9802294858111713
2023-06-21 00:00:00+00:00,47.99,52.65,46.39,51.21,3.219999999999999,47.15,1.9426263654988796
2023-06-22 00:00:00+00:00,51.21,52.36,47.46,48.06,-3.1499999999999986,47.19571428571429,0.9834653495804604
2023-06-23 00:00:00+00:00,48.07,50.29,46.95,50.28,2.219999999999999,47.68142857142857,1.7429752865888413
2023-06-24 00:00:00+00:00,50.28,50.35,47.37,49.14,-1.1400000000000006,48.28857142857144,1.2955178533009128
2023-06-25 00:00:00+00:00,49.14,50.07,46.88,48.5,-0.6400000000000006,48.65428571428572,1.0400836174320158
2023-06-26 00:00:00+00:00,48.5,48.5,46.42,46.87,-1.6300000000000026,48.86428571428571,0.48141813962936936
2023-06-27 00:00:00+00:00,46.87,48.64,46.32,47.92,1.0500000000000043,48.85428571428571,0.8240531966943654
2023-06-28 00:00:00+00:00,47.92,48.01,45.88,46.75,-1.1700000000000017,48.21714285714285,0.4313573643193921
2023-06-29 00:00:00+00:00,46.75,46.82,43.16,43.27,-3.479999999999997,47.53285714285715,-0.6908816923671718
2023-06-30 00:00:00+00:00,43.27,47.11,42.62,45.49,2.219999999999999,46.84857142857144,-0.008229954880855277
2023-07-01 00:00:00+00:00,45.49,45.51,44.03,44.28,-1.2100000000000009,46.15428571428571,-0.43562683253522116
2023-07-02 00:00:00+00:00,44.28,46.79,43.61,46.67,2.3900000000000006,45.892857142857146,0.3256910984157696
2023-07-03 00:00:00+00:00,46.67,48.62,45.69,48.07,1.3999999999999986,46.06428571428571,0.7465682982560172
2023-07-04 00:00:00+00:00,47.85,47.92,46.92,46.92,-1.1499999999999986,45.92142857142858,0.29883237303840915
2023-07-05 00:00:00+00:00,46.92,47.26,43.49,44.12,-2.8000000000000043,45.54571428571429,-0.8103931662135598
2023-07-06 00:00:00+00:00,44.12,47.35,43.72,46.1,1.980000000000004,45.949999999999996,-0.09432678057390298
2023-07-07 00:00:00+00:00,46.1,46.54,43.68,44.13,-1.9699999999999989,45.755714285714284,-0.9662358720568809
2023-07-08 00:00:00+00:00,44.13,44.76,41.54,41.54,-2.5900000000000034,45.364285714285714,-2.109224943100325
2023-07-09 00:00:00+00:00,41.54,43.14,41.11,42.84,1.3000000000000043,44.817142857142855,-1.67912454540223
2023-07-10 00:00:00+00:00,42.84,43.94,41.99,42.36,-0.480000000000004,44.00142857142857,-1.7518589825068576
2023-07-11 00:00:00+00:00,42.36,42.38,41.07,41.59,-0.769999999999996,43.24,-1.9129357636910271
2023-07-12 00:00:00+00:00,41.59,43.11,40.27,40.45,-1.1400000000000006,42.71571428571429,-2.1094029951938094
2023-07-13 00:00:00+00:00,40.45,46.98,39.84,46.89,6.439999999999998,42.82857142857143,0.33465111006326276
2023-07-14 00:00:00+00:00,46.89,48.36,45.13,45.4,-1.490000000000002,43.010000000000005,-0.20024486355879215
2023-07-15 00:00:00+00:00,45.4,45.61,44.27,44.9,-0.5,43.49,-0.35772706847235386
2023-07-16 00:00:00+00:00,44.9,44.9,42.45,43.2,-1.6999999999999957,43.541428571428575,-0.9525810006585634
2023-07-17 00:00:00+00:00,43.2,43.82,42.57,43.02,-0.17999999999999972,43.63571428571429,-0.9817064643446184
2023-07-18 00:00:00+00:00,43.02,43.44,42.35,42.38,-0.6400000000000006,43.74857142857143,-1.1490082976130476
2023-07-19 00:00:00+00:00,42.38,42.42,40.33,41.55,-0.8300000000000054,43.90571428571428,-1.358395173880492
2023-07-20 00:00:00+00:00,41.55,42.53,39.99,40.38,-1.1699999999999946,42.97571428571429,-1.625310881900285
2023-07-21 00:00:00+00:00,40.38,40.49,38.08,38.37,-2.010000000000005,41.971428571428575,-2.1498680943433692
2023-07-22 00:00:00+00:00,38.37,38.84,36.91,38.44,0.07000000000000028,41.04857142857143,-1.9241650272309825
2023-07-23 00:00:00+00:00,38.44,39.28,36.7,37.15,-1.2899999999999991,40.184285714285714,-2.1532602419313847
2023-07-24 00:00:00+00:00,37.15,38.85,36.83,37.01,-0.14000000000000057,39.325714285714284,-2.013188025133672
2023-07-25 00:00:00+00:00,37.01,37.67,36.58,37.6,0.5900000000000034,38.642857142857146,-1.7005359916304228
2023-07-26 00:00:00+00:00,37.6,38.14,35.54,36.16,-1.4400000000000048,37.87285714285714,-1.9336228423792885
2023-07-27 00:00:00+00:00,36.16,36.2,35.21,35.59,-0.5699999999999932,37.18857142857143,-1.9208439211999908
2023-07-28 00:00:00+00:00,35.59,35.92,33.92,34.27,-1.3200000000000003,36.60285714285714,-2.0590197187565655
2023-07-29 00:00:00+00:00,34.27,34.4,33.39,33.98,-0.29000000000000625,35.965714285714284,-1.918153872898684
2023-07-30 00:00:00+00:00,33.98,35.41,33.96,35.21,1.230000000000004,35.68857142857143,-1.4893251661931035
2023-07-31 00:00:00+00:00,35.21,35.9,34.13,35.57,0.35999999999999943,35.48285714285714,-1.302477843124684
2023-08-01 00:00:00+00:00,37.77,38.14,36.03,37.06,1.490000000000002,35.40571428571429,-0.8892503030001135
2023-08-02 00:00:00+00:00,37.06,37.86,36.5,37.62,0.5599999999999952,35.614285714285714,-0.7044315501586251
2023-08-03 00:00:00+00:00,37.62,37.91,35.86,36.5,-1.1199999999999974,35.744285714285716,-0.93351896862916
2023-08-04 00:00:00+00:00,36.5,36.54,34.4,35.2,-1.2999999999999972,35.87714285714286,-1.1914678386245656
2023-08-05 00:00:00+00:00,35.2,35.46,34.84,35.44,0.23999999999999488,36.08571428571428,-1.068337337149271
2023-08-06 00:00:00+00:00,35.44,35.55,34.76,34.87,-0.5700000000000003,36.037142857142854,-1.145955120864044
2023-08-07 00:00:00+00:00,34.87,35.52,33.79,34.53,-0.3399999999999963,35.88857142857143,-1.1557584242882428
2023-08-08 00:00:00+00:00,34.53,34.96,32.29,34.65,0.11999999999999744,35.544285714285714,-1.0512888930375401
2023-08-09 00:00:00+00:00,34.65,35.58,33.55,34.51,-0.14000000000000057,35.1,-1.0184858165700366
2023-08-10 00:00:00+00:00,34.51,34.51,33.32,33.47,-1.0399999999999991,34.667142857142856,-1.2086690081073301
2023-08-11 00:00:00+00:00,33.47,33.5,30.69,30.69,-2.7799999999999976,34.02285714285714,-1.7637415279641078
2023-08-12 00:00:00+00:00,30.69,31.05,30.12,30.71,0.019999999999999574,33.347142857142856,-1.7062778254963522
2023-08-13 00:00:00+00:00,30.71,33.48,30.51,33.43,2.719999999999999,33.14142857142857,-0.952907447234475
2023-08-14 00:00:00+00:00,33.43,33.45,30.67,32.21,-1.2199999999999989,32.809999999999995,-1.2721297599657906
2023-08-15 00:00:00+00:00,32.21,32.38,31.45,31.45,-0.7600000000000016,32.35285714285714,-1.45075485047595
2023-08-16 00:00:00+00:00,31.45,33.86,30.83,33.71,2.2600000000000016,32.23857142857143,-0.6859487919211494
2023-08-17 00:00:00+00:00,33.71,50.65,31.03,45.77,12.060000000000002,33.995714285714286,3.160476701570128
2023-08-18 00:00:00+00:00,45.77,45.77,40.87,42.63,-3.1400000000000006,35.70142857142857,2.107861159450415
2023-08-19 00:00:00+00:00,42.63,44.31,39.94,41.71,-0.9200000000000017,37.27285714285715,1.7700335814185957
2023-08-20 00:00:00+00:00,41.71,41.78,38.73,39.09,-2.6199999999999974,38.08142857142857,0.9651090549761372
2023-08-21 00:00:00+00:00,39.09,41.19,38.49,40.31,1.2199999999999989,39.23857142857143,1.2868791159905666
2023-08-22 00:00:00+00:00,40.31,44.87,39.25,43.36,3.049999999999997,40.94,1.9747258369128333
2023-08-23 00:00:00+00:00,43.35,43.36,37.58,40.12,-3.240000000000002,41.855714285714285,1.0401352892555225
2023-08-24 00:00:00+00:00,40.12,43.02,40.1,41.42,1.3000000000000043,41.23428571428571,1.3156907236338837
2023-08-25 00:00:00+00:00,41.42,41.59,37.78,38.17,-3.25,40.597142857142856,0.44910484852324195
2023-08-26 00:00:00+00:00,38.17,39.35,37.93,39.26,1.0899999999999963,40.24714285714286,0.6950957551320638
2023-08-27 00:00:00+00:00,39.26,40.07,38.68,39.19,-0.07000000000000028,40.26142857142857,0.6341642726618607
2023-08-28 00:00:00+00:00,39.19,39.96,38.0,38.08,-1.1099999999999994,39.94285714285714,0.315321558634578
2023-08-29 00:00:00+00:00,38.08,42.26,37.37,38.11,0.030000000000001137,39.192857142857136,0.2985335721248862
2023-08-30 00:00:00+00:00,38.11,38.12,36.4,36.55,-1.5600000000000023,38.68285714285714,-0.11563617956098786
2023-08-31 00:00:00+00:00,36.55,38.56,35.1,36.93,0.38000000000000256,38.04142857142857,-0.01553971176565042
2023-09-01 00:00:00+00:00,36.93,39.15,34.79,37.65,0.7199999999999989,37.96714285714285,0.17171038644868383
2023-09-02 00:00:00+00:00,37.65,37.73,35.65,36.07,-1.5799999999999983,37.51142857142857,-0.23587104260530817
2023-09-03 00:00:00+00:00,36.07,39.37,36.06,39.23,3.1599999999999966,37.51714285714286,0.5506632002408747
2023-09-04 00:00:00+00:00,39.23,39.59,37.08,38.77,-0.45999999999999375,37.61571428571428,0.40249202209714013
2023-09-05 00:00:00+00:00,38.1,38.75,36.64,37.23,-1.5400000000000063,37.49,-0.018406263938923053
2023-09-06 00:00:00+00:00,37.23,40.24,35.37,39.5,2.270000000000003,37.91142857142857,0.5346139111961131
2023-09-07 00:00:00+00:00,39.5,39.51,36.82,37.44,-2.0600000000000023,37.98428571428571,-0.031587411903831825
2023-09-08 00:00:00+00:00,37.44,39.21,36.75,36.94,-0.5,37.88285714285714,-0.187899414283503
2023-09-09 00:00:00+00:00,36.94,36.98,35.52,36.17,-0.769999999999996,37.89714285714285,-0.42703515195085895
2023-09-10 00:00:00+00:00,36.17,39.56,35.93,38.76,2.5899999999999963,37.83,0.22345839486589936
2023-09-11 00:00:00+00:00,38.76,43.36,38.04,41.61,2.8500000000000014,38.23571428571428,1.022978454468026
2023-09-12 00:00:00+00:00,41.61,41.97,37.53,39.57,-2.039999999999999,38.57,0.3298398096437575
2023-09-13 00:00:00+00:00,39.57,40.43,38.21,39.13,-0.4399999999999977,38.51714285714286,0.11892369386886888
2023-09-14 00:00:00+00:00,39.13,40.25,37.77,37.97,-1.1600000000000037,38.59285714285714,-0.4294061340963926
2023-09-15 00:00:00+00:00,37.97,38.17,36.67,37.04,-0.9299999999999997,38.607142857142854,-0.9260884603608182
2023-09-16 00:00:00+00:00,37.04,37.07,35.98,36.54,-0.5,38.660000000000004,-1.1869860943893558
2023-09-17 00:00:00+00:00,36.54,36.55,34.77,35.69,-0.8500000000000014,38.221428571428575,-1.5562428275248126
2023-09-18 00:00:00+00:00,35.69,38.99,35.43,37.4,1.7100000000000009,37.62,-0.587271288689751
2023-09-19 00:00:00+00:00,37.4,37.99,36.45,37.78,0.38000000000000256,37.364285714285714,-0.3488652797730882
2023-09-20 00:00:00+00:00,37.78,38.3,35.13,35.84,-1.9399999999999977,36.894285714285715,-1.3408886478490631
2023-09-21 00:00:00+00:00,35.84,38.07,34.64,35.6,-0.240000000000002,36.55571428571428,-1.5113201518735162
2023-09-22 00:00:00+00:00,35.6,35.93,32.44,33.32,-2.280000000000001,36.02428571428572,-2.5460648964308756
2023-09-23 00:00:00+00:00,33.32,35.1,32.78,34.43,1.1099999999999994,35.722857142857144,-1.8169807850405717
2023-09-24 00:00:00+00:00,34.43,36.4,34.18,35.34,0.9100000000000037,35.67285714285714,-1.199785719237473
2023-09-25 00:00:00+00:00,35.34,36.42,34.08,35.93,0.5899999999999963,35.462857142857146,-0.8053566030607592
2023-09-26 00:00:00+00:00,35.93,36.38,34.81,34.81,-1.1199999999999974,35.03857142857143,-1.3497574932920646
2023-09-27 00:00:00+00:00,34.81,36.1,32.36,32.49,-2.3200000000000003,34.56,-2.316733415019543
2023-09-28 00:00:00+00:00,32.49,38.57,32.39,38.57,6.079999999999998,34.98428571428571,0.7978370923033412
2023-09-29 00:00:00+00:00,38.57,39.06,33.96,34.74,-3.8299999999999983,35.18714285714286,-1.1062490140313515
2023-09-30 00:00:00+00:00,34.74,35.75,33.92,35.16,0.4199999999999946,35.29142857142857,-0.8550700070159035
2023-10-01 00:00:00+00:00,35.16,37.22,34.66,36.32,1.1600000000000037,35.43142857142857,-0.2603851915474525
2023-10-02 00:00:00+00:00,36.32,39.75,36.03,36.43,0.10999999999999943,35.502857142857145,-0.21229193632637675
2023-10-03 00:00:00+00:00,35.49,37.0,34.68,36.91,0.4799999999999969,35.80285714285714,0.06556671199698015
2023-10-04 00:00:00+00:00,36.91,37.33,34.75,34.81,-2.0999999999999943,36.13428571428572,-0.9371896892970354
2023-10-05 00:00:00+00:00,34.81,35.84,34.35,34.93,0.11999999999999744,35.614285714285714,-0.8279633904436171
2023-10-06 00:00:00+00:00,34.93,35.7,33.19,34.34,-0.5899999999999963,35.55714285714286,-1.0596829505400862
2023-10-07 00:00:00+00:00,34.34,34.88,33.4,33.74,-0.6000000000000014,35.354285714285716,-1.2730735558588528
2023-10-08 00:00:00+00:00,33.74,35.96,32.99,35.75,2.009999999999998,35.27285714285715,-0.24476744436632059
2023-10-09 00:00:00+00:00,35.75,39.03,35.47,37.28,1.5300000000000011,35.394285714285715,0.5028321701719368
2023-10-10 00:00:00+00:00,37.28,37.67,35.63,36.55,-0.730000000000004,35.34285714285714,0.1795833519635356
2023-10-11 00:00:00+00:00,36.55,37.55,35.26,36.78,0.23000000000000398,35.62428571428571,0.4456497454747582
2023-10-12 00:00:00+00:00,36.78,40.44,35.93,36.51,-0.2700000000000031,35.85,0.37520316970109935
2023-10-13 00:00:00+00:00,36.51,37.3,36.1,36.92,0.4100000000000037,36.21857142857143,0.7461304614915664
2023-10-14 00:00:00+00:00,36.92,37.39,35.19,36.76,-0.1600000000000037,36.65,0.6835931728479395
2023-10-15 00:00:00+00:00,36.76,37.64,36.64,37.46,0.7000000000000028,36.894285714285715,1.1716566986096923
2023-10-16 00:00:00+00:00,37.46,39.31,35.53,36.91,-0.5500000000000043,36.84142857142857,0.7610870563843526
2023-10-17 00:00:00+00:00,36.91,37.95,35.37,35.39,-1.519999999999996,36.675714285714285,-0.32257871602724664
2023-10-18 00:00:00+00:00,35.39,35.86,34.26,34.75,-0.6400000000000006,36.385714285714286,-0.7276380269082089
2023-10-19 00:00:00+00:00,34.75,36.27,33.68,34.63,-0.11999999999999744,36.11714285714286,-0.7609259863874822
2023-10-20 00:00:00+00:00,34.63,41.29,33.8,38.43,3.799999999999997,36.332857142857144,1.8867629271050579
2023-10-21 00:00:00+00:00,38.43,42.18,36.89,41.61,3.1799999999999997,37.02571428571429,3.177250627829299
2023-10-22 00:00:00+00:00,41.61,46.9,40.24,45.52,3.9100000000000037,38.17714285714286,3.7619530114553306
2023-10-23 00:00:00+00:00,45.52,52.6,42.61,48.48,2.9599999999999937,39.83,3.570796361679568
2023-10-24 00:00:00+00:00,48.48,55.0,47.46,50.66,2.1799999999999997,42.01142857142857,3.239855117181974
2023-10-25 00:00:00+00:00,50.66,52.64,48.55,49.59,-1.0699999999999932,44.13142857142857,2.5267344936709306
2023-10-26 00:00:00+00:00,49.59,58.86,49.49,50.89,1.2999999999999972,46.45428571428572,2.412087920811954
2023-10-27 00:00:00+00:00,50.89,50.9,43.07,43.84,-7.049999999999997,47.22714285714286,0.9925311948634369
2023-10-28 00:00:00+00:00,43.84,46.09,43.84,46.05,2.2099999999999937,47.86142857142857,1.3266046622393457
2023-10-29 00:00:00+00:00,46.05,50.0,46.02,49.93,3.8800000000000026,48.49142857142857,1.8526276408517233
2023-10-30 00:00:00+00:00,49.93,52.93,48.53,50.31,0.38000000000000256,48.75285714285714,1.7460741705893605
2023-10-31 00:00:00+00:00,50.31,51.68,49.58,51.68,1.3699999999999974,48.89857142857143,1.7911863298059725
2023-11-01 00:00:00+00:00,51.68,56.5,51.56,55.87,4.189999999999998,49.79571428571428,2.1664552823120573
2023-11-02 00:00:00+00:00,55.87,58.69,55.45,56.46,0.5900000000000034,50.59142857142857,2.0096245150275696
2023-11-03 00:00:00+00:00,56.46,56.49,52.45,55.39,-1.0700000000000003,52.24142857142857,1.703155132036822
2023-11-04 00:00:00+00:00,55.39,58.87,55.29,58.79,3.3999999999999986,54.06142857142857,1.9380369396899642
2023-11-05 00:00:00+00:00,58.79,61.6,56.88,61.06,2.270000000000003,55.651428571428575,1.9983060563613504
2023-11-06 00:00:00+00:00,61.06,61.46,57.2,58.1,-2.960000000000001,56.76428571428572,1.5284900962501171
2023-11-07 00:00:00+00:00,56.4,56.7,52.77,55.69,-2.4100000000000037,57.33714285714286,1.1664587905196167
2023-11-08 00:00:00+00:00,55.69,56.2,54.54,56.14,0.45000000000000284,57.37571428571429,1.1380211951144237
2023-11-09 00:00:00+00:00,56.14,66.07,55.82,64.58,8.439999999999998,58.535714285714285,1.9088146948388844
2023-11-10 00:00:00+00:00,64.58,64.7,58.0,58.02,-6.559999999999995,58.91142857142857,1.1130788620197065
2023-11-11 00:00:00+00:00,58.02,61.99,57.22,58.99,0.9699999999999989,58.940000000000005,1.1427104984606484
2023-11-12 00:00:00+00:00,58.99,59.87,57.3,59.6,0.6099999999999994,58.73142857142857,1.1347113970019527
2023-11-13 00:00:00+00:00,59.61,63.2,59.54,62.47,2.8699999999999974,59.355714285714285,1.3613179014136303
2023-11-14 00:00:00+00:00,62.47,63.44,60.95,61.27,-1.1999999999999957,60.152857142857144,1.1544256347541644
2023-11-15 00:00:00+00:00,61.27,63.72,57.5,63.54,2.269999999999996,61.21,1.3300264680658336
2023-11-16 00:00:00+00:00,63.54,65.39,58.39,58.39,-5.149999999999999,60.325714285714284,0.6927427197399493
2023-11-17 00:00:00+00:00,58.39,58.44,54.88,57.22,-1.1700000000000017,60.21142857142858,0.5019668933438252
2023-11-18 00:00:00+00:00,57.22,57.62,53.15,54.43,-2.789999999999999,59.559999999999995,0.04969902062676734
2023-11-19 00:00:00+00:00,54.43,57.22,53.65,57.2,2.770000000000003,59.21714285714286,0.41499996838816977
2023-11-20 00:00:00+00:00,57.2,59.11,55.06,57.46,0.259999999999998,58.50142857142857,0.40556869618105823
2023-11-21 00:00:00+00:00,57.46,57.58,54.84,55.37,-2.0900000000000034,57.65857142857143,-0.04147689402711651
2023-11-22 00:00:00+00:00,55.37,55.89,53.8,54.87,-0.5,56.42,-0.18718047803833723
2023-11-23 00:00:00+00:00,54.87,55.85,53.92,54.03,-0.8399999999999963,55.79714285714285,-0.3863185863172155
2023-11-24 00:00:00+00:00,54.03,55.42,51.35,54.25,0.21999999999999886,55.372857142857136,-0.38377724092540566
2023-11-25 00:00:00+00:00,54.25,54.83,50.69,54.35,0.10000000000000142,55.36142857142857,-0.39447607136603635
2023-11-26 00:00:00+00:00,54.35,54.41,51.42,53.58,-0.7700000000000031,54.84428571428571,-0.7227528167126811
2023-11-27 00:00:00+00:00,53.58,53.58,49.61,50.25,-3.3299999999999983,53.81428571428571,-1.7137334800007242
2023-11-28 00:00:00+00:00,50.25,51.46,48.3,48.99,-1.259999999999998,52.902857142857144,-2.009818099383016
2023-11-29 00:00:00+00:00,48.99,51.41,47.9,50.17,1.1799999999999997,52.23142857142857,-1.6938061496389198
2023-11-30 00:00:00+00:00,50.17,51.76,49.54,50.5,0.3299999999999983,51.72714285714286,-1.5724527912893287
2023-12-01 00:00:00+00:00,50.5,52.47,49.73,51.46,0.9600000000000009,51.32857142857143,-1.249961221988975
2023-12-02 00:00:00+00:00,51.46,55.59,50.91,55.17,3.710000000000001,51.44571428571429,-0.30380032735311086
2023-12-03 00:00:00+00:00,55.17,56.83,54.77,55.64,0.46999999999999886,51.74,-0.18775238229419125
2023-12-04 00:00:00+00:00,55.64,58.26,55.35,56.48,0.8399999999999963,52.63,0.04331940256545137
2023-12-05 00:00:00+00:00,56.48,57.47,54.18,57.47,0.990000000000002,53.84142857142857,0.3324952710148412
2023-12-06 00:00:00+00:00,57.47,58.34,54.8,55.0,-2.469999999999999,54.53142857142857,-0.2827960600150316
2023-12-07 00:00:00+00:00,55.0,57.25,53.93,56.75,1.75,55.42428571428571,0.1636585790702995
2023-12-08 00:00:00+00:00,56.75,57.82,55.46,57.54,0.7899999999999991,56.292857142857144,0.3563581731349457
2023-12-09 00:00:00+00:00,57.54,58.21,56.13,56.51,-1.0300000000000011,56.48428571428571,0.17413082110312442
2023-12-10 00:00:00+00:00,56.51,57.55,55.82,57.1,0.5900000000000034,56.69285714285714,0.3525426364930411
2023-12-11 00:00:00+00:00,57.1,61.85,56.82,60.64,3.539999999999999,57.287142857142854,1.326053355922882
2023-12-12 00:00:00+00:00,58.45,58.72,57.09,57.13,-3.509999999999998,57.23857142857143,0.36860560353663535
2023-12-13 00:00:00+00:00,57.13,58.2,56.07,57.48,0.3499999999999943,57.59285714285715,0.549919584292438
2023-12-14 00:00:00+00:00,57.48,58.26,56.12,56.63,-0.8499999999999943,57.57571428571429,0.35631491731686404
2023-12-15 00:00:00+00:00,56.63,57.34,55.04,55.29,-1.3400000000000034,57.25428571428571,0.016530880358361293
2023-12-16 00:00:00+00:00,55.29,56.14,54.68,56.09,0.8000000000000043,57.19428571428572,0.3461947362506629
2023-12-17 00:00:00+00:00,56.09,57.69,55.55,57.2,1.1099999999999994,57.208571428571425,0.7635330276501002
2023-12-18 00:00:00+00:00,57.2,59.11,56.79,58.12,0.9199999999999946,56.848571428571425,1.0435404515211026
2023-12-19 00:00:00+00:00,58.12,59.2,57.34,59.13,1.0100000000000051,57.13428571428572,1.357829611413948
2023-12-20 00:00:00+00:00,59.13,59.15,56.45,56.54,-2.5900000000000034,57.0,0.44027369059044275
2023-12-21 00:00:00+00:00,56.5,58.68,56.42,58.46,1.9200000000000017,57.26142857142857,1.075439857261212
2023-12-22 00:00:00+00:00,58.46,61.21,58.15,60.46,2.0,58.0,1.6356742472508927
2023-12-23 00:00:00+00:00,60.46,62.06,59.1,62.06,1.6000000000000014,58.85285714285715,1.9488933932646721
2023-12-24 00:00:00+00:00,62.06,63.19,60.53,62.22,0.1599999999999966,59.57,1.808868057753983
2023-12-25 00:00:00+00:00,62.22,62.36,58.73,59.62,-2.6000000000000014,59.784285714285716,0.9704575205346205
2023-12-26 00:00:00+00:00,59.62,62.35,59.08,61.89,2.270000000000003,60.17857142857143,1.5100162531328611
2023-12-27 00:00:00+00:00,61.89,67.09,60.98,66.96,5.069999999999993,61.66714285714285,2.595646289844499
2023-12-28 00:00:00+00:00,66.96,68.34,64.95,66.49,-0.46999999999999886,62.81428571428571,2.2886859518268685
2023-12-29 00:00:00+00:00,66.49,67.82,64.83,66.24,-0.25,63.63999999999999,2.0677845269940596
2023-12-30 00:00:00+00:00,66.24,70.81,65.2,69.58,3.3400000000000034,64.71428571428571,2.607607328643954
2023-12-31 00:00:00+00:00,69.58,72.91,67.96,70.15,0.5700000000000074,65.84714285714286,2.4497346148376242
2024-01-01 00:00:00+00:00,70.15,70.86,66.07,70.21,0.05999999999998806,67.36,2.1795328573599098
2024-01-02 00:00:00+00:00,70.21,71.09,68.5,68.55,-1.6599999999999966,68.31142857142858,1.669964602620738
2024-01-03 00:00:00+00:00,68.55,78.93,66.07,68.87,0.3200000000000074,68.58428571428571,1.5936001234626158
2024-01-04 00:00:00+00:00,68.87,70.1,66.94,69.48,0.6099999999999994,69.01142857142858,1.5744688540094538
2024-01-05 00:00:00+00:00,69.48,71.34,69.45,70.64,1.1599999999999966,69.64,1.6554976397617056
2024-01-06 00:00:00+00:00,70.64,74.1,70.15,73.05,2.4099999999999966,70.13571428571429,1.9018917263434878
2024-01-07 00:00:00+00:00,73.05,74.59,72.9,74.59,1.5400000000000063,70.77,1.9536710514921622
2024-01-08 00:00:00+00:00,74.59,74.65,69.62,69.84,-4.75,70.71714285714286,1.0840753332604087
2024-01-09 00:00:00+00:00,69.84,70.76,66.14,69.32,-0.5200000000000102,70.82714285714285,0.9328707485504976
2024-01-10 00:00:00+00:00,69.32,71.96,68.12,69.57,0.25,70.92714285714285,0.9154427522073233
2024-01-11 00:00:00+00:00,69.57,69.98,64.36,64.51,-5.059999999999988,70.21714285714286,0.03439637704679977
2024-01-12 00:00:00+00:00,64.51,65.51,61.85,63.99,-0.5200000000000031,69.26714285714286,-0.0933640087967488
2024-01-13 00:00:00+00:00,63.99,64.97,62.92,63.65,-0.3400000000000034,67.92428571428572,-0.20029577223991749
2024-01-14 00:00:00+00:00,63.65,65.56,61.99,65.08,1.4299999999999997,66.56571428571428,-0.001017806498244053
2024-01-15 00:00:00+00:00,65.08,65.14,61.86,62.04,-3.039999999999999,65.45142857142858,-0.6494250048797832
2024-01-16 00:00:00+00:00,60.4,61.91,58.98,61.58,-0.46000000000000085,64.3457142857143,-0.8002024436086189
2024-01-17 00:00:00+00:00,61.58,61.58,54.53,54.53,-7.049999999999997,62.197142857142865,-2.1396383983001517
2024-01-18 00:00:00+00:00,54.53,54.53,46.86,47.31,-7.219999999999999,59.74,-2.9726189838323323
2024-01-19 00:00:00+00:00,47.32,48.84,45.58,47.29,-0.020000000000003126,57.35428571428571,-2.6325439132992576
2024-01-20 00:00:00+00:00,47.29,47.96,44.44,45.33,-1.9600000000000009,54.73714285714285,-2.5499671405395596
2024-01-21 00:00:00+00:00,45.33,46.51,42.71,46.04,0.7100000000000009,52.01714285714286,-2.1856332692170652
2024-01-22 00:00:00+00:00,46.04,49.3,45.79,47.66,1.6199999999999974,49.962857142857146,-1.8107784026135463
2024-01-23 00:00:00+00:00,47.66,55.68,45.53,51.41,3.75,48.51,-1.2921420610160679
2024-01-24 00:00:00+00:00,51.41,51.54,46.37,46.37,-5.039999999999999,47.34428571428571,-1.7176681839660985
2024-01-25 00:00:00+00:00,46.37,49.0,46.05,46.8,0.4299999999999997,47.271428571428565,-1.5472112555459456
2024-01-26 00:00:00+00:00,46.8,46.8,43.66,43.92,-2.8799999999999955,46.79,-1.6804313818731604
2024-01-27 00:00:00+00:00,43.92,43.97,41.78,43.75,-0.1700000000000017,46.5642857142857,-1.5587215367479508
2024-01-28 00:00:00+00:00,43.75,46.45,43.65,45.52,1.7700000000000031,46.49,-1.2947325997752288
2024-01-29 00:00:00+00:00,45.52,46.32,44.5,45.9,0.37999999999999545,46.238571428571426,-1.1754875591528566
2024-01-30 00:00:00+00:00,45.9,50.04,45.76,48.42,2.520000000000003,45.81142857142857,-0.8861663395317277
2024-01-31 00:00:00+00:00,48.42,49.0,46.52,46.54,-1.8800000000000026,45.83571428571429,-0.9892622026247265
2024-02-01 00:00:00+00:00,46.54,46.54,44.55,45.77,-0.769999999999996,45.68857142857143,-0.9912377652289153
2024-02-02 00:00:00+00:00,45.77,46.05,43.3,43.38,-2.3900000000000006,45.61142857142857,-1.131258057597354
2024-02-03 00:00:00+00:00,43.38,43.68,42.06,42.37,-1.0100000000000051,45.41428571428571,-1.1463370173063427
2024-02-04 00:00:00+00:00,42.37,44.17,42.28,43.75,1.3800000000000026,45.16142857142857,-0.9585532990207807
2024-02-05 00:00:00+00:00,43.75,44.03,42.17,42.29,-1.4600000000000009,44.64571428571429,-1.0409412466679502
2024-02-06 00:00:00+00:00,42.29,45.28,41.9,45.02,2.730000000000004,44.160000000000004,-0.7324639335654521
2024-02-07 00:00:00+00:00,45.02,46.21,43.5,45.84,0.8200000000000003,44.059999999999995,-0.5971609669888062
2024-02-08 00:00:00+00:00,45.84,46.84,45.46,45.9,0.05999999999999517,44.07857142857143,-0.5419115091973006
2024-02-09 00:00:00+00:00,45.9,50.28,45.9,49.39,3.490000000000002,44.93714285714286,-0.04323642329255452
2024-02-10 00:00:00+00:00,49.39,50.26,48.61,49.61,0.21999999999999886,45.971428571428575,0.057286621949158234
2024-02-11 00:00:00+00:00,49.61,51.03,48.8,51.0,1.3900000000000006,47.00714285714286,0.35099753852227983
2024-02-12 00:00:00+00:00,51.0,57.03,50.15,56.78,5.780000000000001,49.07714285714285,1.4014638460441313
2024-02-13 00:00:00+00:00,57.63,58.81,53.81,54.03,-2.75,50.364285714285714,1.1477847621956683
2024-02-14 00:00:00+00:00,54.03,59.76,53.45,58.19,4.159999999999997,52.12857142857143,2.1245501930384347
2024-02-15 00:00:00+00:00,58.19,61.64,57.96,59.11,0.9200000000000017,54.01571428571429,2.450545490806907
2024-02-16 00:00:00+00:00,59.11,59.81,57.06,58.06,-1.0499999999999972,55.25428571428572,2.093983381531008
2024-02-17 00:00:00+00:00,58.06,60.09,57.89,59.05,0.9899999999999949,56.60285714285714,2.0479530526160046
2024-02-18 00:00:00+00:00,59.05,63.84,57.75,63.49,4.440000000000005,58.387142857142855,2.479665582748917
2024-02-19 00:00:00+00:00,63.49,63.59,61.01,61.49,-2.0,59.06,1.9192473057446355
2024-02-20 00:00:00+00:00,61.49,61.64,59.01,61.31,-0.17999999999999972,60.1,1.7201670959050324
2024-02-21 00:00:00+00:00,61.31,61.31,58.1,60.26,-1.0500000000000043,60.395714285714284,1.442157596918869
2024-02-22 00:00:00+00:00,60.26,62.68,59.33,60.6,0.3400000000000034,60.60857142857143,1.3963533389822882
2024-02-23 00:00:00+00:00,60.6,60.69,55.55,58.22,-2.3800000000000026,60.631428571428565,0.9904561329478483
2024-02-24 00:00:00+00:00,58.22,61.48,58.16,60.27,2.0500000000000043,60.805714285714295,1.1929931637651798
2024-02-25 00:00:00+00:00,60.27,63.43,60.01,63.16,2.8899999999999935,60.75857142857143,1.4746542243149765
2024-02-26 00:00:00+00:00,63.16,64.03,60.5,61.4,-1.759999999999998,60.74571428571429,1.15631677778065
2024-02-27 00:00:00+00:00,61.4,65.6,61.05,62.53,1.1300000000000026,60.92,1.2212309776226304
2024-02-28 00:00:00+00:00,62.53,75.63,60.82,68.25,5.719999999999999,62.06142857142857,1.8091084659187693
2024-02-29 00:00:00+00:00,68.25,74.74,67.15,67.36,-0.8900000000000006,63.027142857142856,1.557411792080631
2024-03-01 00:00:00+00:00,67.36,68.46,63.81,68.17,0.8100000000000023,64.44857142857143,1.53057016434363
2024-03-02 00:00:00+00:00,68.17,68.88,67.14,68.27,0.09999999999999432,65.59142857142857,1.4338239251756075
2024-03-03 00:00:00+00:00,68.27,75.47,68.27,75.07,6.799999999999997,67.29285714285714,2.045220915357719
2024-03-04 00:00:00+00:00,75.07,77.89,72.47,75.57,0.5,69.31714285714285,1.9436469941026642
2024-03-05 00:00:00+00:00,75.57,79.4,74.81,76.92,1.3500000000000085,71.37285714285714,1.9337240553545776
2024-03-06 00:00:00+00:00,76.92,83.79,74.74,78.95,2.030000000000001,72.90142857142857,2.009404376895123
2024-03-07 00:00:00+00:00,78.95,79.08,73.85,74.68,-4.269999999999996,73.94714285714285,1.4540389983776865
2024-03-08 00:00:00+00:00,74.68,79.16,74.18,76.24,1.559999999999988,75.10000000000001,1.5409950494906925
2024-03-09 00:00:00+00:00,75.16,77.71,74.18,77.06,0.8200000000000074,76.35571428571428,1.556299129696887
2024-03-10 00:00:00+00:00,77.06,80.82,75.83,80.39,3.3299999999999983,77.11571428571428,1.8113540449926315
2024-03-11 00:00:00+00:00,80.39,87.41,78.74,85.18,4.790000000000006,78.48857142857142,2.162227456712713
2024-03-12 00:00:00+00:00,85.18,85.18,74.43,74.43,-10.75,78.13285714285715,0.8947994826535998
2024-03-13 00:00:00+00:00,74.43,79.9,73.39,73.39,-1.0400000000000063,77.33857142857143,0.7190181858700656
2024-03-14 00:00:00+00:00,73.39,75.24,71.39,72.33,-1.0600000000000023,77.00285714285714,0.541948359190312
2024-03-15 00:00:00+00:00,72.34,80.24,70.88,75.54,3.210000000000008,76.90285714285713,0.8813853888751426
2024-03-16 00:00:00+00:00,75.54,79.66,70.76,78.79,3.25,77.15,1.2080277670511677
2024-03-17 00:00:00+00:00,78.79,82.59,74.87,75.04,-3.75,76.38571428571429,0.6825496985984415
2024-03-18 00:00:00+00:00,75.04,77.38,73.72,75.13,0.0899999999999892,74.95,0.6426776272667613
2024-03-19 00:00:00+00:00,75.13,82.45,73.56,82.45,7.320000000000007,76.09571428571428,1.4954003440053063
2024-03-20 00:00:00+00:00,82.45,85.82,77.72,78.17,-4.280000000000001,76.77857142857144,0.8786540549229374
2024-03-21 00:00:00+00:00,78.17,80.7,75.97,78.0,-0.1700000000000017,77.58857142857143,0.8001181630180655
2024-03-22 00:00:00+00:00,78.0,79.39,75.14,76.56,-1.4399999999999977,77.73428571428572,0.5556271389240547
2024-03-23 00:00:00+00:00,76.56,78.52,75.63,77.85,1.289999999999992,77.60000000000001,0.6862378966168088
2024-03-24 00:00:00+00:00,77.85,78.98,74.26,75.67,-2.1799999999999926,77.69000000000001,0.3078026535351717
2024-03-25 00:00:00+00:00,75.67,79.26,75.29,77.54,1.8700000000000045,78.03428571428572,0.563240124117561
2024-03-26 00:00:00+00:00,77.54,79.05,75.99,78.8,1.259999999999991,77.51285714285714,0.7391010195873534
2024-03-27 00:00:00+00:00,78.8,79.91,77.23,79.35,0.5499999999999972,77.68142857142857,0.820352844960106
2024-03-28 00:00:00+00:00,79.35,81.43,79.33,80.41,1.0600000000000023,78.0257142857143,1.0493163637033893
2024-03-29 00:00:00+00:00,80.41,80.45,77.23,79.11,-1.2999999999999972,78.39,0.688418527170099
2024-03-30 00:00:00+00:00,79.11,79.67,78.25,79.64,0.5300000000000011,78.64571428571428,0.7905123907994114
2024-03-31 00:00:00+00:00,79.64,81.02,78.43,81.02,1.3799999999999955,79.41,1.1612173023900794
2024-04-01 00:00:00+00:00,81.02,81.72,76.6,78.68,-2.339999999999989,79.57285714285715,0.3898094931501905
2024-04-02 00:00:00+00:00,78.68,80.18,76.72,77.7,-0.980000000000004,79.41571428571429,0.005001370501630692
2024-04-03 00:00:00+00:00,77.7,78.95,75.84,75.93,-1.769999999999996,78.92714285714285,-0.6492283663038169
2024-04-04 00:00:00+00:00,75.93,75.95,72.43,74.3,-1.6300000000000097,78.05428571428571,-1.1864226027596256
2024-04-05 00:00:00+00:00,74.3,75.7,72.32,72.91,-1.3900000000000006,77.16857142857144,-1.5482499187070065
2024-04-06 00:00:00+00:00,72.91,74.13,70.71,72.29,-0.6199999999999903,76.11857142857143,-1.6719510890151412
2024-04-07 00:00:00+00:00,72.29,79.16,72.25,79.16,6.86999999999999,75.85285714285715,0.5727527342036302
2024-04-08 00:00:00+00:00,79.16,82.77,75.82,79.57,0.4099999999999966,75.98,0.6752457220633098
2024-04-09 00:00:00+00:00,79.57,79.57,76.76,76.76,-2.809999999999988,75.84571428571428,-0.2098080451205753
2024-04-10 00:00:00+00:00,76.76,77.23,73.78,74.05,-2.710000000000008,75.57714285714285,-1.1090865871994975
2024-04-11 00:00:00+00:00,74.05,74.52,70.6,71.64,-2.4099999999999966,75.19714285714285,-1.8778432949969566
2024-04-12 00:00:00+00:00,71.64,71.64,68.64,69.61,-2.030000000000001,74.72571428571429,-2.3549206006183634
2024-04-13 00:00:00+00:00,69.61,86.2,67.75,80.22,10.61,75.85857142857142,1.0544037142071432
2024-04-14 00:00:00+00:00,80.22,82.23,75.96,75.99,-4.230000000000004,75.4057142857143,-0.36420411812441433
2024-04-15 00:00:00+00:00,75.99,78.05,70.8,74.04,-1.9499999999999886,74.61571428571429,-0.9537918721177694
2024-04-16 00:00:00+00:00,74.04,79.59,73.2,78.08,4.039999999999992,74.80428571428571,0.3524247949806075
2024-04-17 00:00:00+00:00,78.08,78.15,73.5,77.39,-0.6899999999999977,75.28142857142858,0.09841008990685089
2024-04-18 00:00:00+00:00,77.39,77.69,73.25,74.44,-2.950000000000003,75.68142857142857,-0.8402447571797943
2024-04-19 00:00:00+00:00,74.44,79.32,74.32,76.06,1.6200000000000045,76.60285714285715,-0.24652650302771753
2024-04-20 00:00:00+00:00,76.06,76.06,71.75,75.39,-0.6700000000000017,75.91285714285713,-0.45203787024796277
2024-04-21 00:00:00+00:00,75.39,75.73,73.4,74.47,-0.9200000000000017,75.69571428571429,-0.7444206578140424
2024-04-22 00:00:00+00:00,74.47,75.01,73.6,74.1,-0.37000000000000455,75.70428571428572,-0.8226619068572136
2024-04-23 00:00:00+00:00,74.1,74.43,70.14,70.14,-3.9599999999999937,74.57000000000001,-1.9778286662696125
2024-04-24 00:00:00+00:00,70.14,72.33,69.17,69.89,-0.25,73.49857142857142,-1.856132273816492
2024-04-25 00:00:00+00:00,69.89,69.89,64.4,67.12,-2.769999999999996,72.45285714285714,-2.339153601705858
2024-04-26 00:00:00+00:00,67.12,67.2,62.72,65.9,-1.2199999999999989,71.00142857142858,-2.3330846082852976
2024-04-27 00:00:00+00:00,65.9,69.95,63.79,67.65,1.75,69.89571428571428,-1.7417887437143582
2024-04-28 00:00:00+00:00,67.65,67.65,62.85,65.45,-2.200000000000003,68.60714285714286,-2.041882909156414
2024-04-29 00:00:00+00:00,65.45,66.87,61.97,62.56,-2.8900000000000006,66.95857142857143,-2.3682832328819807
2024-04-30 00:00:00+00:00,62.56,74.93,59.09,71.72,9.159999999999997,67.18428571428572,-0.37952520026356307
2024-05-01 00:00:00+00:00,71.72,80.83,67.96,73.05,1.3299999999999983,67.63571428571429,-0.045814075940234227
2024-05-02 00:00:00+00:00,73.05,74.49,63.0,64.01,-9.039999999999992,67.19142857142857,-1.8897646193297672
2024-05-03 00:00:00+00:00,64.01,66.46,61.97,66.18,2.1700000000000017,67.23142857142857,-1.321089223150989
2024-05-04 00:00:00+00:00,66.18,69.52,66.18,68.45,2.269999999999996,67.3457142857143,-0.7964301151016266
2024-05-05 00:00:00+00:00,68.45,70.17,68.14,69.38,0.9299999999999926,67.90714285714286,-0.5751204029365645
2024-05-06 00:00:00+00:00,69.38,69.38,66.27,66.64,-2.739999999999995,68.49,-1.0800723092360718
2024-05-07 00:00:00+00:00,66.64,66.73,63.32,64.45,-2.1899999999999977,67.45142857142858,-1.4268458714320635
2024-05-08 00:00:00+00:00,64.45,64.65,62.35,63.06,-1.3900000000000006,66.02428571428571,-1.6014119794812043
2024-05-09 00:00:00+00:00,63.06,64.55,61.45,61.45,-1.6099999999999994,65.65857142857143,-1.765610443729928
2024-05-10 00:00:00+00:00,61.45,64.25,59.75,63.61,2.1599999999999966,65.29142857142857,-1.247519135016805
2024-05-11 00:00:00+00:00,63.61,63.67,59.27,61.61,-2.0,64.31428571428572,-1.5067085592867893
2024-05-12 00:00:00+00:00,61.61,63.26,60.57,62.18,0.5700000000000003,63.28571428571429,-1.3128131385749502
2024-05-13 00:00:00+00:00,62.18,65.5,62.09,63.82,1.6400000000000006,62.88285714285714,-0.9710850228306415
2024-05-14 00:00:00+00:00,63.82,63.86,62.4,63.21,-0.6099999999999994,62.705714285714286,-1.0201237483381176
2024-05-15 00:00:00+00:00,63.21,66.85,61.38,62.31,-0.8999999999999986,62.598571428571425,-1.1155364844599587
2024-05-16 00:00:00+00:00,62.31,62.32,59.68,60.73,-1.5800000000000054,62.49571428571429,-1.3553029927560987
2024-05-17 00:00:00+00:00,60.73,62.51,59.67,60.84,0.11000000000000654,62.1,-1.2780572101834804
2024-05-18 00:00:00+00:00,60.84,62.25,60.7,61.31,0.46999999999999886,62.05714285714286,-1.1137371568606982
2024-05-19 00:00:00+00:00,61.31,63.89,61.31,63.69,2.3799999999999955,62.27285714285714,-0.5604571089927284
2024-05-20 00:00:00+00:00,63.69,82.16,62.78,79.17,15.480000000000004,64.46571428571428,2.744692983055578
2024-05-21 00:00:00+00:00,79.17,80.82,75.4,79.34,0.1700000000000017,66.77,2.5493699690394833
2024-05-22 00:00:00+00:00,79.34,81.24,77.27,77.77,-1.5700000000000074,68.97857142857143,2.1185247438868973
2024-05-23 00:00:00+00:00,77.77,82.36,67.46,67.48,-10.289999999999992,69.94285714285715,0.192708810889301
2024-05-24 00:00:00+00:00,67.48,69.85,64.91,65.31,-2.1700000000000017,70.58142857142857,-0.1926500694486045
2024-05-25 00:00:00+00:00,65.31,66.8,64.72,65.2,-0.10999999999999943,71.13714285714286,-0.20140762407578175
2024-05-26 00:00:00+00:00,65.2,69.54,65.19,69.18,3.980000000000004,71.92142857142858,0.5375956116998575
2024-05-27 00:00:00+00:00,69.18,69.62,66.84,66.91,-2.2700000000000102,70.17,0.10959676634318974
2024-05-28 00:00:00+00:00,66.91,67.13,65.7,66.61,-0.29999999999999716,68.35142857142857,0.04499223433172647
2024-05-29 00:00:00+00:00,66.61,67.82,64.74,67.8,1.1899999999999977,66.92714285714285,0.24087616603916115
2024-05-30 00:00:00+00:00,67.8,67.82,64.85,65.12,-2.6799999999999926,66.59,-0.23678059894027337
2024-05-31 00:00:00+00:00,65.12,66.96,63.15,66.78,1.6599999999999966,66.8,0.13340729768406226
2024-06-01 00:00:00+00:00,66.78,68.54,66.06,68.1,1.3199999999999932,67.21428571428571,0.3729508198191946
2024-06-02 00:00:00+00:00,68.1,68.15,67.1,67.43,-0.6699999999999875,66.96428571428571,0.22877662003727198
2024-06-03 00:00:00+00:00,67.43,68.25,64.99,65.02,-2.410000000000011,66.69428571428571,-0.23573988324583434
2024-06-04 00:00:00+00:00,64.2,66.17,63.71,64.83,-0.18999999999999773,66.44,-0.2450843167777697
2024-06-05 00:00:00+00:00,64.84,68.26,63.91,67.91,3.0799999999999983,66.45571428571428,0.37345726600354184
2024-06-06 00:00:00+00:00,67.91,67.96,62.82,62.85,-5.059999999999995,66.13142857142857,-0.6416207233777376
2024-06-07 00:00:00+00:00,62.85,64.26,61.55,62.08,-0.7700000000000031,65.46000000000001,-0.7870815146219279
2024-06-08 00:00:00+00:00,61.6,62.91,61.44,61.95,-0.12999999999999545,64.58142857142857,-0.8190826209456509
2024-06-09 00:00:00+00:00,61.95,63.38,61.95,63.03,1.0799999999999983,63.952857142857134,-0.5957255744061903
2024-06-10 00:00:00+00:00,63.03,63.65,62.23,62.54,-0.490000000000002,63.598571428571425,-0.7043469655996704
2024-06-11 00:00:00+00:00,62.54,65.03,61.94,64.86,2.3200000000000003,63.60285714285715,-0.25489939915500537
2024-06-12 00:00:00+00:00,64.86,65.76,62.61,62.65,-2.210000000000001,62.85142857142857,-0.6956884365076194
2024-06-13 00:00:00+00:00,62.65,62.65,59.63,60.39,-2.259999999999998,62.5,-1.1178228501216945
2024-06-14 00:00:00+00:00,60.39,61.12,57.28,61.06,0.6700000000000017,62.35428571428571,-0.9682207771415815
2024-06-15 00:00:00+00:00,61.06,64.39,61.04,62.98,1.9199999999999946,62.50142857142857,-0.6092416813269429
2024-06-16 00:00:00+00:00,62.98,63.87,62.87,63.23,0.25,62.53000000000001,-0.5828123971980373
2024-06-17 00:00:00+00:00,63.23,63.71,61.66,61.69,-1.5399999999999991,62.40857142857143,-0.9019217655151339
2024-06-18 00:00:00+00:00,61.69,64.64,60.45,64.26,2.5700000000000074,62.32285714285714,-0.3807087231151578
2024-06-19 00:00:00+00:00,64.26,67.69,63.59,65.95,1.6899999999999977,62.794285714285714,0.06482573658793556
2024-06-20 00:00:00+00:00,65.95,67.2,64.14,64.14,-1.8100000000000023,63.330000000000005,-0.3090639018453781
2024-06-21 00:00:00+00:00,64.14,64.14,61.54,62.71,-1.4299999999999997,63.56571428571429,-0.8284681477206903
2024-06-22 00:00:00+00:00,62.71,63.04,62.35,62.83,0.11999999999999744,63.544285714285714,-0.7239470505457267
2024-06-23 00:00:00+00:00,62.83,66.15,62.35,66.06,3.230000000000004,63.94857142857143,0.650820769016367
2024-06-24 00:00:00+00:00,62.75,65.09,62.5,64.01,-2.049999999999997,64.28,-0.20913983691591898
2024-06-25 00:00:00+00:00,64.01,64.4,61.76,61.76,-2.250000000000007,63.92285714285714,-1.1255673208896813
2024-06-26 00:00:00+00:00,61.76,61.8,59.54,59.83,-1.9299999999999997,63.048571428571435,-1.8228369545048826
2024-06-27 00:00:00+00:00,59.83,61.65,58.23,61.35,1.5200000000000031,62.65,-1.0864268575078737
2024-06-28 00:00:00+00:00,61.35,61.58,57.64,58.09,-3.259999999999998,61.99,-2.264148265012912
2024-06-29 00:00:00+00:00,58.09,58.09,56.35,57.12,-0.970000000000006,61.174285714285716,-2.318054393295466
2024-06-30 00:00:00+00:00,57.12,58.49,56.65,58.31,1.1900000000000048,60.06714285714286,-1.7212159399340297
2024-07-01 00:00:00+00:00,58.31,60.04,57.43,59.98,1.6699999999999946,59.49142857142857,-1.0538676705035033
2024-07-02 00:00:00+00:00,59.98,59.98,56.31,56.37,-3.6099999999999994,58.721428571428575,-2.2340871920089094
2024-07-03 00:00:00+00:00,55.59,58.18,55.46,57.93,1.5600000000000023,58.449999999999996,-1.5225258595989377
2024-07-04 00:00:00+00:00,57.93,60.69,57.65,59.25,1.3200000000000003,58.15,-0.9725988064575627
2024-07-05 00:00:00+00:00,59.25,70.72,59.25,62.53,3.280000000000001,58.784285714285716,0.32295443969121396
2024-07-06 00:00:00+00:00,62.53,64.75,61.76,62.13,-0.3999999999999986,59.5,0.17239533751480993
2024-07-07 00:00:00+00:00,62.13,64.63,61.69,62.72,0.5899999999999963,60.129999999999995,0.4006429016744962
2024-07-08 00:00:00+00:00,62.72,68.14,62.49,65.23,2.510000000000005,60.88,1.3228651969286562
2024-07-09 00:00:00+00:00,65.23,66.07,63.07,63.07,-2.1600000000000037,61.83714285714286,0.48107291832811616
2024-07-10 00:00:00+00:00,63.07,63.67,61.53,61.55,-1.5200000000000031,62.354285714285716,-0.09796495826406204
2024-07-11 00:00:00+00:00,61.55,61.92,60.57,60.72,-0.8299999999999983,62.56428571428571,-0.37643008483589596
2024-07-12 00:00:00+00:00,60.72,60.91,57.86,57.98,-2.740000000000002,61.91428571428571,-1.3639543967917638
2024-07-13 00:00:00+00:00,57.98,58.5,56.85,58.5,0.5200000000000031,61.395714285714284,-1.1166568023632653
2024-07-14 00:00:00+00:00,58.5,60.18,58.5,60.17,1.6700000000000017,61.03142857142858,-0.47043190024304615
2024-07-15 00:00:00+00:00,60.17,64.73,59.89,64.61,4.439999999999998,60.94285714285714,1.1649309469352704
2024-07-16 00:00:00+00:00,64.61,65.32,63.74,64.69,0.0799999999999983,61.174285714285716,1.1569548264865925
2024-07-17 00:00:00+00:00,64.69,69.34,64.68,67.05,2.3599999999999994,61.959999999999994,1.832082811142631
2024-07-18 00:00:00+00:00,67.05,67.07,63.85,64.84,-2.2099999999999937,62.548571428571435,1.0620819590322024
2024-07-19 00:00:00+00:00,64.84,67.04,63.79,66.46,1.6199999999999903,63.76,1.592622774260037
2024-07-20 00:00:00+00:00,66.46,67.97,65.57,67.93,1.470000000000013,65.10714285714286,1.9276986490436343
2024-07-21 00:00:00+00:00,67.93,71.05,66.83,70.97,3.039999999999992,66.64999999999999,2.481584225148413
2024-07-22 00:00:00+00:00,70.97,70.97,68.12,68.61,-2.3599999999999994,67.22142857142856,1.6751126833958836
2024-07-23 00:00:00+00:00,68.61,69.68,65.03,65.34,-3.269999999999996,67.31428571428572,0.8145301052333387
2024-07-24 00:00:00+00:00,65.35,65.35,62.42,62.76,-2.5800000000000054,66.70142857142858,0.13412815442423565
2024-07-25 00:00:00+00:00,62.76,65.56,62.69,64.93,2.170000000000009,66.71428571428571,0.6841900298063525
2024-07-26 00:00:00+00:00,64.93,66.32,62.79,62.88,-2.0500000000000043,66.20285714285714,0.11061544428115318
2024-07-27 00:00:00+00:00,62.88,63.75,61.44,61.44,-1.4400000000000048,65.27571428571429,-0.2778169046836677
2024-07-28 00:00:00+00:00,61.44,61.5,58.52,59.35,-2.0899999999999963,63.6157142857143,-0.8620593310417872
2024-07-29 00:00:00+00:00,59.35,62.74,57.89,57.89,-1.4600000000000009,62.08428571428572,-1.279570905983714
2024-07-30 00:00:00+00:00,57.89,57.89,55.34,56.23,-1.6600000000000037,60.78285714285715,-1.6704718735281356
2024-07-31 00:00:00+00:00,56.23,56.25,54.59,54.87,-1.3599999999999994,59.65571428571429,-1.8749676504990513
2024-08-01 00:00:00+00:00,54.87,55.08,53.43,54.92,0.05000000000000426,58.22571428571428,-1.812286118255381
2024-08-02 00:00:00+00:00,54.92,56.85,53.2,56.76,1.8399999999999963,57.35142857142857,-1.3318733327744998
2024-08-03 00:00:00+00:00,56.76,60.0,56.76,59.69,2.9299999999999997,57.10142857142857,-0.6213200003023539
2024-08-04 00:00:00+00:00,59.69,73.09,59.41,68.27,8.579999999999998,58.37571428571429,1.3832005747211824
2024-08-05 00:00:00+00:00,68.27,90.4,68.15,76.22,7.950000000000003,60.99428571428571,2.708233482397002
2024-08-06 00:00:00+00:00,76.22,76.36,72.91,73.04,-3.1799999999999926,63.395714285714284,1.8647409665733212
2024-08-07 00:00:00+00:00,73.04,76.1,70.64,76.02,2.9799999999999898,66.41714285714285,2.1624534043637325
2024-08-08 00:00:00+00:00,75.57,75.75,70.72,70.72,-5.299999999999997,68.67428571428572,1.1666697563104815
2024-08-09 00:00:00+00:00,70.72,72.49,68.99,71.35,0.6299999999999955,70.75857142857143,1.1902137345148172
2024-08-10 00:00:00+00:00,71.35,72.28,71.14,71.68,0.3300000000000125,72.47142857142858,1.1622862957503943
2024-08-11 00:00:00+00:00,71.68,74.61,70.99,74.26,2.5799999999999983,73.32714285714285,1.4656142838024189
2024-08-12 00:00:00+00:00,74.26,75.18,72.95,73.43,-0.8299999999999983,72.92857142857143,1.2432969229595072
2024-08-13 00:00:00+00:00,73.43,73.56,71.94,72.03,-1.4000000000000057,72.78428571428572,0.9558115840609931
2024-08-14 00:00:00+00:00,72.03,72.24,68.87,69.1,-2.930000000000007,71.79571428571428,0.4682450660766535
2024-08-15 00:00:00+00:00,69.1,69.24,65.62,66.73,-2.3699999999999903,71.22571428571429,0.08467232017755794
2024-08-16 00:00:00+00:00,66.73,66.74,64.62,64.67,-2.0600000000000023,70.27142857142857,-0.22710993589940484
2024-08-17 00:00:00+00:00,64.67,64.96,63.52,64.66,-0.010000000000005116,69.26857142857143,-0.22769187998648732
2024-08-18 00:00:00+00:00,64.66,67.0,64.55,66.78,2.1200000000000045,68.2,0.10420664032443588
2024-08-19 00:00:00+00:00,65.94,66.09,64.24,64.4,-2.3799999999999955,66.91,-0.25181276165735916
2024-08-20 00:00:00+00:00,64.4,65.39,64.11,64.91,0.5099999999999909,65.89285714285714,-0.1412562970695062
2024-08-21 00:00:00+00:00,64.91,65.21,63.51,63.55,-1.3599999999999994,65.10000000000001,-0.3313008390042413
2024-08-22 00:00:00+00:00,63.55,64.15,62.19,62.24,-1.3099999999999952,64.45857142857143,-0.521037876185945
2024-08-23 00:00:00+00:00,62.24,63.11,61.0,62.66,0.4199999999999946,64.17142857142856,-0.4538021791438771
2024-08-24 00:00:00+00:00,62.66,62.7,61.28,62.54,-0.11999999999999744,63.868571428571435,-0.45853913875973223
2024-08-25 00:00:00+00:00,62.54,63.1,61.95,62.35,-0.18999999999999773,63.23571428571428,-0.48513657789376713
2024-08-26 00:00:00+00:00,62.35,62.53,60.94,61.04,-1.3100000000000023,62.75571428571429,-0.6886997993656626
2024-08-27 00:00:00+00:00,61.04,66.66,58.81,64.29,3.250000000000007,62.66714285714285,-0.20590551651372918
2024-08-28 00:00:00+00:00,64.29,64.86,62.62,62.68,-1.6100000000000065,62.542857142857144,-0.5006125304658109
2024-08-29 00:00:00+00:00,62.68,64.46,61.56,62.86,0.17999999999999972,62.63142857142857,-0.5281534824139981
2024-08-30 00:00:00+00:00,62.86,64.75,61.65,63.34,0.480000000000004,62.728571428571435,-0.5267188376111076
2024-08-31 00:00:00+00:00,63.34,63.42,61.6,61.91,-1.4300000000000068,62.63857142857143,-0.8866905592176603
2024-09-01 00:00:00+00:00,61.91,65.64,61.8,65.62,3.710000000000008,63.105714285714285,-0.2385443271225103
2024-09-02 00:00:00+00:00,65.62,65.69,64.47,64.49,-1.1300000000000097,63.598571428571425,-0.5247525104556819
2024-09-03 00:00:00+00:00,64.0,66.93,63.79,66.49,2.0,63.91285714285714,-0.08161566974839815
2024-09-04 00:00:00+00:00,66.48,72.65,66.46,67.35,0.8599999999999994,64.58,0.18099986372474688
2024-09-05 00:00:00+00:00,67.35,67.48,66.55,67.42,0.07000000000000739,65.23142857142857,0.25105026609632874
2024-09-06 00:00:00+00:00,67.42,74.26,66.34,73.05,5.6299999999999955,66.61857142857141,1.729348001268535
2024-09-07 00:00:00+00:00,73.05,73.09,70.67,71.75,-1.2999999999999972,68.02428571428571,1.372538572360257
2024-09-08 00:00:00+00:00,71.75,72.43,68.79,71.6,-0.15000000000000568,68.87857142857142,1.3287443038484237
2024-09-09 00:00:00+00:00,71.6,71.72,67.97,68.25,-3.3499999999999943,69.41571428571429,0.5278901343338733
2024-09-10 00:00:00+00:00,68.25,68.26,65.69,65.74,-2.510000000000005,69.30857142857143,-0.053908076348877086
2024-09-11 00:00:00+00:00,65.74,65.74,62.03,62.55,-3.1899999999999977,68.62285714285714,-0.9153902200218808
2024-09-12 00:00:00+00:00,62.55,63.72,62.28,62.68,0.13000000000000256,67.94571428571427,-0.8307621901364234
2024-09-13 00:00:00+00:00,62.68,62.72,61.28,61.67,-1.009999999999998,66.32,-1.0838555918649417
2024-09-14 00:00:00+00:00,61.67,61.67,60.23,61.46,-0.21000000000000085,64.85000000000001,-1.0780785945363824
2024-09-15 00:00:00+00:00,61.46,64.18,60.99,64.18,2.720000000000006,63.79,-0.20343744107826306
2024-09-16 00:00:00+00:00,64.18,64.41,62.2,62.24,-1.9400000000000048,62.93142857142857,-0.7883963924201763
2024-09-17 00:00:00+00:00,62.24,63.0,61.28,61.32,-0.9200000000000017,62.300000000000004,-1.0102408734432777
2024-09-18 00:00:00+00:00,61.32,63.04,59.99,60.36,-0.9600000000000009,61.987142857142864,-1.2332091534712444
2024-09-19 00:00:00+00:00,60.36,62.23,60.22,61.98,1.6199999999999974,61.88714285714286,-0.7053693017425318
2024-09-20 00:00:00+00:00,61.98,63.89,60.87,61.06,-0.9199999999999946,61.800000000000004,-0.9430586584371347
2024-09-21 00:00:00+00:00,61.06,61.74,60.43,61.62,0.5599999999999952,61.82285714285714,-0.7674902787277391
2024-09-22 00:00:00+00:00,61.62,62.29,60.83,61.8,0.17999999999999972,61.48285714285714,-0.7022770266139835
2024-09-23 00:00:00+00:00,61.8,62.43,60.21,60.29,-1.509999999999998,61.20428571428572,-1.1039308217659556
2024-09-24 00:00:00+00:00,60.29,61.16,59.67,60.48,0.18999999999999773,61.08428571428572,-1.016628013112708
2024-09-25 00:00:00+00:00,60.48,60.63,57.07,57.07,-3.4099999999999966,60.614285714285714,-1.85083488099269
2024-09-26 00:00:00+00:00,57.07,59.4,57.01,59.21,2.1400000000000006,60.21857142857142,-1.1953996823266941
2024-09-27 00:00:00+00:00,59.21,60.48,58.72,58.85,-0.35999999999999943,59.902857142857144,-1.2242489046979212
2024-09-28 00:00:00+00:00,58.85,60.08,58.8,59.48,0.6299999999999955,59.59714285714285,-1.0152692887296462
2024-09-29 00:00:00+00:00,59.48,61.66,59.42,61.6,2.1200000000000045,59.56857142857143,-0.46482935367148975
2024-09-30 00:00:00+00:00,61.6,62.73,61.51,62.34,0.740000000000002,59.861428571428576,-0.28308162514514534
2024-10-01 00:00:00+00:00,62.34,65.31,62.17,64.37,2.030000000000001,60.41714285714285,0.23844408048967322
2024-10-02 00:00:00+00:00,64.37,65.71,62.21,62.65,-1.720000000000006,61.214285714285715,-0.18020156036061766
2024-10-03 00:00:00+00:00,62.65,64.68,62.4,64.57,1.9199999999999946,61.980000000000004,0.32377902862938146
2024-10-04 00:00:00+00:00,64.57,64.75,63.24,63.33,-1.2399999999999949,62.62,0.042703029249133884
2024-10-05 00:00:00+00:00,63.33,63.65,62.59,63.09,-0.23999999999999488,63.13571428571429,0.018245505052632994
2024-10-06 00:00:00+00:00,63.09,64.59,62.88,64.46,1.3699999999999903,63.544285714285714,0.5277847280225018
2024-10-07 00:00:00+00:00,64.46,65.1,62.54,62.56,-1.8999999999999915,63.575714285714284,0.047073625183699674
2024-10-08 00:00:00+00:00,62.55,62.66,61.86,61.91,-0.6500000000000057,63.224285714285706,-0.08945148501299377
2024-10-09 00:00:00+00:00,61.91,62.64,61.82,62.04,0.13000000000000256,63.137142857142855,0.07621575268031802
2024-10-10 00:00:00+00:00,62.04,62.74,61.0,61.34,-0.6999999999999957,62.675714285714285,-0.2411695926724198
2024-10-11 00:00:00+00:00,61.35,62.78,60.48,62.63,1.2899999999999991,62.57571428571429,0.5119830811402981
2024-10-12 00:00:00+00:00,62.63,63.42,62.3,63.11,0.4799999999999969,62.57857142857142,0.7798817700375033
2024-10-13 00:00:00+00:00,63.11,63.81,62.94,63.43,0.3200000000000003,62.43142857142857,0.9178113056469183
2024-10-14 00:00:00+00:00,63.43,65.59,63.35,65.05,1.6199999999999974,62.787142857142854,1.6860173584651645
2024-10-15 00:00:00+00:00,65.05,65.13,62.9,64.32,-0.730000000000004,63.13142857142857,1.282593719682346
2024-10-16 00:00:00+00:00,64.32,64.51,62.66,62.66,-1.6599999999999966,63.21999999999999,0.375113555457594
2024-10-17 00:00:00+00:00,62.66,62.85,60.76,60.92,-1.7399999999999949,63.15999999999999,-0.5562877661553239
2024-10-18 00:00:00+00:00,60.92,61.81,59.29,61.5,0.5799999999999983,62.998571428571424,-0.2675154060140043
2024-10-19 00:00:00+00:00,61.5,62.08,61.27,61.86,0.35999999999999943,62.82,-0.0690538515405153
2024-10-20 00:00:00+00:00,61.86,64.28,61.75,64.13,2.269999999999996,62.92,1.093668984970237
2024-10-21 00:00:00+00:00,64.13,64.32,62.75,62.83,-1.2999999999999972,62.60285714285714,0.37493199044901393
2024-10-22 00:00:00+00:00,62.83,63.01,61.18,62.55,-0.28000000000000114,62.35,0.2116722194622285
2024-10-23 00:00:00+00:00,62.55,63.99,60.74,63.24,0.6900000000000048,62.43285714285714,0.5350748112453222
2024-10-24 00:00:00+00:00,63.24,63.47,60.48,61.9,-1.3400000000000034,62.57285714285714,-0.22024385000148086
2024-10-25 00:00:00+00:00,61.9,65.53,60.83,65.52,3.6199999999999974,63.14714285714285,1.8116043701131734
2024-10-26 00:00:00+00:00,65.52,65.52,63.28,63.93,-1.5899999999999963,63.442857142857136,0.7894860937635952
2024-10-27 00:00:00+00:00,63.93,64.57,62.26,64.45,0.5200000000000031,63.488571428571426,1.1301665607342388
2024-10-28 00:00:00+00:00,64.45,64.57,61.96,62.78,-1.6700000000000017,63.48142857142857,-0.21623298020380857
2024-10-29 00:00:00+00:00,62.78,63.82,62.46,63.5,0.7199999999999989,63.61714285714286,0.34768464157642165
2024-10-30 00:00:00+00:00,63.68,64.2,62.69,63.27,-0.22999999999999687,63.62142857142857,0.12230215047650629
2024-10-31 00:00:00+00:00,63.27,64.24,62.38,62.5,-0.7700000000000031,63.707142857142856,-0.504319150689308
2024-11-01 00:00:00+00:00,62.5,64.94,62.36,63.8,1.2999999999999972,63.46142857142856,0.6139055268095082
2024-11-02 00:00:00+00:00,63.8,64.59,63.61,64.1,0.29999999999999716,63.48571428571428,0.9074888677463337
2024-11-03 00:00:00+00:00,64.1,68.53,64.1,67.18,3.0800000000000125,63.87571428571429,2.9562317736997894
2024-11-04 00:00:00+00:00,67.18,68.06,66.79,67.8,0.6199999999999903,64.59285714285714,2.801973766525894
2024-11-05 00:00:00+00:00,67.8,69.42,66.11,67.68,-0.11999999999999034,65.19,2.3915908213636046
2024-11-06 00:00:00+00:00,67.68,67.92,58.15,62.38,-5.300000000000004,65.06285714285714,-0.6238386567298596
2024-11-07 00:00:00+00:00,62.38,63.37,60.45,62.57,0.18999999999999773,65.07285714285715,-0.5332214068772345
2024-11-08 00:00:00+00:00,62.57,62.99,58.75,60.1,-2.469999999999999,64.54428571428572,-1.8200954468167507
2024-11-09 00:00:00+00:00,60.1,62.57,59.9,62.57,2.469999999999999,64.32571428571428,-0.5038319950594381
2024-11-10 00:00:00+00:00,62.57,65.24,61.15,65.21,2.6399999999999935,64.04428571428572,0.9075196591668229
2024-11-11 00:00:00+00:00,65.21,68.31,61.64,68.19,2.980000000000004,64.10000000000001,2.2290001159407042
2024-11-12 00:00:00+00:00,68.19,70.2,64.19,64.19,-4.0,63.60142857142858,0.21684049397036229
2024-11-13 00:00:00+00:00,64.19,67.29,62.22,62.24,-1.9499999999999957,63.58142857142857,-0.7095434953575785
2024-11-14 00:00:00+00:00,62.24,65.09,60.76,63.4,1.1599999999999966,63.7,-0.1157637878373438
2024-11-15 00:00:00+00:00,63.4,65.63,62.72,63.24,-0.1599999999999966,64.14857142857143,-0.20608937894941032
2024-11-16 00:00:00+00:00,62.45,66.33,61.98,64.85,1.6099999999999923,64.47428571428571,0.5513813238898039
2024-11-17 00:00:00+00:00,64.85,65.6,64.49,65.08,0.23000000000000398,64.45571428571428,0.6198716177102015
2024-11-18 00:00:00+00:00,65.08,66.87,64.54,66.79,1.710000000000008,64.25571428571429,1.4102860519710458
2024-11-19 00:00:00+00:00,66.79,66.95,63.72,64.56,-2.230000000000004,64.30857142857143,0.24820987219239282
2024-11-20 00:00:00+00:00,64.56,66.36,63.4,65.1,0.539999999999992,64.71714285714286,0.4898880707339216
2024-11-21 00:00:00+00:00,65.1,72.62,65.1,72.13,7.030000000000001,65.96428571428571,3.202338819837756
2024-11-22 00:00:00+00:00,72.13,72.17,69.73,70.49,-1.6400000000000006,66.99999999999999,2.2060723702393226
2024-11-23 00:00:00+00:00,70.49,78.78,70.44,78.41,7.920000000000002,68.93714285714286,3.684002675961165
2024-11-24 00:00:00+00:00,78.41,78.83,72.38,76.32,-2.0900000000000034,70.54285714285714,2.608505171030822
2024-11-25 00:00:00+00:00,76.32,76.48,73.73,74.93,-1.3899999999999864,71.70571428571428,2.021087779310267
2024-11-26 00:00:00+00:00,74.93,74.94,70.47,73.52,-1.4100000000000108,72.98571428571428,1.5642870937126871
2024-11-27 00:00:00+00:00,73.52,75.42,71.51,74.98,1.460000000000008,74.39714285714285,1.7137046230980055
2024-11-28 00:00:00+00:00,74.98,75.1,71.04,71.3,-3.680000000000007,74.27857142857142,0.8921669713561364
2024-11-29 00:00:00+00:00,71.34,71.64,67.32,67.32,-3.980000000000004,73.82571428571428,0.046209042253247616
2024-11-30 00:00:00+00:00,70.1,71.38,69.38,70.91,3.5900000000000034,72.75428571428571,0.7390288746865609
2024-12-01 00:00:00+00:00,70.91,78.57,70.81,74.84,3.930000000000007,72.54285714285713,1.442666169456994
2024-12-02 00:00:00+00:00,74.84,74.92,70.45,70.64,-4.200000000000003,71.92999999999999,0.5466813107347027
2024-12-03 00:00:00+00:00,70.32,70.87,69.7,70.41,-0.23000000000000398,71.48571428571428,0.47598280593491166
2024-12-04 00:00:00+00:00,70.41,74.73,70.36,73.75,3.3400000000000034,71.30999999999999,1.0915844751673698
2024-12-05 00:00:00+00:00,73.75,74.42,69.88,71.62,-2.1299999999999955,71.35571428571428,0.6366449410012252
2024-12-06 00:00:00+00:00,71.63,73.27,69.98,70.67,-0.9500000000000028,71.83428571428571,0.403269494662563
2024-12-07 00:00:00+00:00,70.67,73.33,69.93,73.16,2.489999999999995,72.1557142857143,0.8484719667383473
2024-12-08 00:00:00+00:00,73.16,73.19,71.82,72.72,-0.4399999999999977,71.85285714285713,0.709546306996197
2024-12-09 00:00:00+00:00,72.72,75.99,72.54,75.07,2.3499999999999943,72.48571428571428,1.1489904016461565
2024-12-10 00:00:00+00:00,75.07,77.88,71.2,72.28,-2.789999999999992,72.75285714285714,0.4879521869255979
2024-12-11 00:00:00+00:00,72.28,74.39,72.23,72.67,0.39000000000000057,72.59857142857143,0.54085566455469
2024-12-12 00:00:00+00:00,72.67,73.75,71.85,72.29,-0.37999999999999545,72.69428571428571,0.4078465770817396
2024-12-13 00:00:00+00:00,72.29,73.3,70.38,73.1,0.8099999999999881,73.04142857142857,0.5453234836618334
2024-12-14 00:00:00+00:00,73.1,73.32,72.32,72.51,-0.5899999999999892,72.94857142857144,0.3462590095581882
2024-12-15 00:00:00+00:00,72.51,73.67,72.03,73.58,1.0699999999999932,73.07142857142857,0.5798670652280569
2024-12-16 00:00:00+00:00,73.58,73.85,71.04,71.31,-2.269999999999996,72.53428571428572,-0.13304419449858113
2024-12-17 00:00:00+00:00,71.31,71.78,69.84,71.74,0.4299999999999926,72.45714285714287,-0.07569259885679672
2024-12-18 00:00:00+00:00,71.74,73.62,70.77,73.62,1.8800000000000097,72.59285714285714,0.49048010935926933
2024-12-19 00:00:00+00:00,74.48,74.54,71.7,74.45,0.8299999999999983,72.90142857142857,0.7566721260185081
2024-12-20 00:00:00+00:00,74.45,78.6,71.44,71.53,-2.9200000000000017,72.67714285714285,-0.569215495302361
2024-12-21 00:00:00+00:00,71.53,74.36,71.04,73.14,1.6099999999999994,72.76714285714286,0.17106866540062982
2024-12-22 00:00:00+00:00,73.14,78.61,73.1,78.52,5.3799999999999955,73.47285714285714,2.3542578032493706
2024-12-23 00:00:00+00:00,78.52,79.43,72.43,74.64,-3.8799999999999955,73.94857142857143,0.8127123532867987
2024-12-24 00:00:00+00:00,74.64,75.9,72.93,72.97,-1.6700000000000017,74.12428571428572,0.0810514311552681
2024-12-25 00:00:00+00:00,72.97,75.59,72.63,73.93,0.960000000000008,74.16857142857143,0.5810900449353347
2024-12-26 00:00:00+00:00,73.93,75.49,72.35,75.1,1.1699999999999875,74.26142857142858,1.1192574053931716
2024-12-27 00:00:00+00:00,75.1,75.83,70.66,74.07,-1.0300000000000011,74.62428571428572,0.6356326972196276
2024-12-28 00:00:00+00:00,74.07,76.37,72.87,75.63,1.5600000000000023,74.98,1.3127703613412531
2024-12-29 00:00:00+00:00,75.63,75.74,74.48,75.02,-0.6099999999999994,74.48,1.0207445648448477
2024-12-30 00:00:00+00:00,75.02,75.46,73.97,74.38,-0.6400000000000006,74.44285714285715,0.6119188273131236
2024-12-31 00:00:00+00:00,74.38,74.38,70.33,70.35,-4.030000000000001,74.06857142857143,-1.5611971290444189
2025-01-01 00:00:00+00:00,70.35,71.15,69.1,71.11,0.7600000000000051,73.66571428571429,-1.1613890540319844
2025-01-02 00:00:00+00:00,71.11,75.7,70.61,71.61,0.5,73.16714285714285,-0.9299996992825901
2025-01-03 00:00:00+00:00,71.61,72.18,68.91,69.01,-2.5999999999999943,72.44428571428571,-2.1451206441742974
2025-01-04 00:00:00+00:00,69.01,72.05,69.01,71.26,2.25,71.82000000000001,-0.9417523916554005
2025-01-05 00:00:00+00:00,71.26,71.6,70.89,71.26,0.0,71.28285714285714,-0.9635606667171889
2025-01-06 00:00:00+00:00,71.26,71.61,68.68,68.91,-2.3500000000000085,70.50142857142858,-1.9846925059633362
2025-01-07 00:00:00+00:00,68.91,70.76,67.51,70.57,1.6599999999999966,70.53285714285714,-1.1042865819706456
2025-01-08 00:00:00+00:00,69.51,70.04,69.13,69.19,-1.3799999999999955,70.25857142857143,-1.6290046595441547
2025-01-09 00:00:00+00:00,69.19,69.99,68.05,69.99,0.7999999999999972,70.02714285714286,-1.1870850208099115
2025-01-10 00:00:00+00:00,69.99,70.28,67.84,67.84,-2.1499999999999915,69.86,-1.9505119301825238
2025-01-11 00:00:00+00:00,67.84,69.42,67.61,69.1,1.259999999999991,69.55142857142857,-1.3252541527923236
2025-01-12 00:00:00+00:00,69.1,70.04,68.59,69.71,0.6099999999999994,69.33,-1.0102154986937326
2025-01-13 00:00:00+00:00,69.71,74.15,69.56,71.44,1.730000000000004,69.69142857142857,-0.2939756308229592
2025-01-14 00:00:00+00:00,71.44,73.07,71.23,71.55,0.10999999999999943,69.83142857142856,-0.22314525471623414
2025-01-15 00:00:00+00:00,71.55,71.88,70.4,71.3,-0.25,70.13285714285713,-0.3247328536664595
2025-01-16 00:00:00+00:00,71.3,72.6,70.05,71.36,0.060000000000002274,70.32857142857142,-0.294816053492602
2025-01-17 00:00:00+00:00,71.36,72.62,70.76,70.8,-0.5600000000000023,70.75142857142858,-0.485565477117261
2025-01-18 00:00:00+00:00,70.8,73.91,70.75,72.65,1.8500000000000085,71.25857142857141,0.2978346796066082
2025-01-19 00:00:00+00:00,72.65,77.7,72.0,76.29,3.6400000000000006,72.19857142857143,1.6542693783905478
2025-01-20 00:00:00+00:00,76.29,78.35,73.15,73.15,-3.1400000000000006,72.44285714285715,0.417351240086045
2025-01-21 00:00:00+00:00,73.15,73.99,70.98,71.09,-2.0600000000000023,72.37714285714286,-0.33686633752015943
2025-01-22 00:00:00+00:00,71.09,71.15,69.08,69.1,-1.990000000000009,72.06285714285715,-1.150147077503419
2025-01-23 00:00:00+00:00,69.1,69.68,67.81,68.41,-0.6899999999999977,71.64142857142858,-1.3541777571643732
2025-01-24 00:00:00+00:00,68.41,68.42,65.93,65.93,-2.4799999999999898,70.94571428571429,-2.1633962058924654
2025-01-25 00:00:00+00:00,65.93,67.11,65.34,67.08,1.1499999999999915,70.15,-1.5847352355961486
2025-01-26 00:00:00+00:00,67.08,67.63,66.74,67.21,0.12999999999999545,68.85285714285715,-1.4265676799616125
2025-01-27 00:00:00+00:00,67.21,69.1,66.93,67.79,0.5800000000000125,68.08714285714287,-1.1435913785923961
2025-01-28 00:00:00+00:00,67.79,68.16,66.23,66.26,-1.5300000000000011,67.39714285714285,-1.6978816215748807
2025-01-29 00:00:00+00:00,66.26,67.03,65.23,65.24,-1.0200000000000102,66.84571428571428,-1.9805772096036236
2025-01-30 00:00:00+00:00,65.24,66.71,64.99,65.71,0.46999999999999886,66.46000000000001,-1.631929049257396
2025-01-31 00:00:00+00:00,65.7,66.02,63.38,64.23,-1.4799999999999898,66.21714285714286,-1.9933149497995595
2025-02-01 00:00:00+00:00,64.23,66.13,63.45,65.83,1.5999999999999943,66.03857142857143,-1.2904796462466128
2025-02-02 00:00:00+00:00,65.83,73.41,65.34,67.84,2.010000000000005,66.12857142857142,-0.5278363750820664
2025-02-03 00:00:00+00:00,67.84,101.17,66.8,70.91,3.069999999999993,66.57428571428571,0.6117579872902144
2025-02-04 00:00:00+00:00,71.11,72.89,70.41,71.08,0.1700000000000017,67.26285714285714,0.6780392655715493
2025-02-05 00:00:00+00:00,71.08,71.37,68.01,69.77,-1.3100000000000023,67.91,0.18144832465830515
2025-02-06 00:00:00+00:00,69.77,69.99,68.64,69.79,0.020000000000010232,68.49285714285715,0.19917862439035994
2025-02-07 00:00:00+00:00,69.79,69.96,68.1,69.78,-0.010000000000005116,69.28571428571429,0.18802397682629743
2025-02-08 00:00:00+00:00,69.78,70.33,69.37,69.78,0.0,69.85,0.1907441385703368
2025-02-09 00:00:00+00:00,69.78,71.62,69.59,71.12,1.3400000000000034,70.31857142857143,0.6470306362338962
2025-02-10 00:00:00+00:00,71.12,71.58,69.11,69.22,-1.9000000000000057,70.07714285714286,-0.05963817304152899
2025-02-11 00:00:00+00:00,69.22,70.4,68.91,70.26,1.0400000000000063,69.96000000000001,0.3191003718322148
2025-02-12 00:00:00+00:00,70.26,70.75,68.17,69.47,-0.7900000000000063,69.91714285714286,0.051173423988853384
2025-02-13 00:00:00+00:00,69.47,71.92,68.95,69.18,-0.28999999999999204,69.83,-0.02818138561358571
2025-02-14 00:00:00+00:00,69.18,69.19,66.19,66.83,-2.3500000000000085,69.40857142857143,-0.8604421451150484
2025-02-15 00:00:00+00:00,66.83,66.83,64.96,65.91,-0.9200000000000017,68.85571428571428,-1.1282023511624706
2025-02-16 00:00:00+00:00,65.91,67.51,65.85,66.67,0.7600000000000051,68.22,-0.7902621977590996
2025-02-17 00:00:00+00:00,66.67,68.66,66.33,67.43,0.7600000000000051,67.96428571428571,-0.4570989626608952
2025-02-18 00:00:00+00:00,67.43,69.37,66.77,67.61,0.1799999999999926,67.58571428571429,-0.3322123428921711
2025-02-19 00:00:00+00:00,67.61,67.62,64.92,64.92,-2.6899999999999977,66.93571428571428,-1.5412603847957218
2025-02-20 00:00:00+00:00,64.92,64.92,62.49,62.65,-2.270000000000003,66.00285714285714,-2.354349244610271
2025-02-21 00:00:00+00:00,62.65,65.84,60.4,63.91,1.259999999999998,65.58571428571429,-1.624228524826804
2025-02-22 00:00:00+00:00,63.91,67.05,63.7,65.49,1.5799999999999983,65.52571428571427,-0.8745817628630531
2025-02-23 00:00:00+00:00,65.49,66.9,64.95,66.83,1.3400000000000034,65.54857142857144,-0.3056800128347055
2025-02-24 00:00:00+00:00,66.83,66.84,61.81,64.89,-1.9399999999999977,65.18571428571428,-1.1010367886572185
2025-02-25 00:00:00+00:00,64.89,70.35,64.76,65.04,0.15000000000000568,64.81857142857143,-0.9880777189310944
2025-02-26 00:00:00+00:00,65.04,67.03,64.01,66.16,1.1199999999999903,64.99571428571429,-0.49063276753416424
2025-02-27 00:00:00+00:00,66.16,67.07,64.48,66.21,0.04999999999999716,65.50428571428571,-0.46875510066916787
2025-02-28 00:00:00+00:00,66.21,77.39,64.87,64.87,-1.3399999999999892,65.64142857142858,-1.0215508165888767
2025-03-01 00:00:00+00:00,64.87,67.02,64.28,66.24,1.3699999999999903,65.74857142857142,-0.45804253643137294
2025-03-02 00:00:00+00:00,66.24,70.16,66.06,68.17,1.9300000000000068,65.94,0.3062442735712047
2025-03-03 00:00:00+00:00,68.17,75.05,66.71,74.25,6.079999999999998,67.27714285714286,2.5027618723092666
2025-03-04 00:00:00+00:00,74.25,81.31,71.61,73.05,-1.2000000000000028,68.42142857142856,1.8500338775254233
2025-03-05 00:00:00+00:00,73.05,75.2,70.83,71.62,-1.4299999999999926,69.20142857142858,1.3123218179268628
2025-03-06 00:00:00+00:00,71.44,72.75,70.83,72.65,1.0300000000000011,70.12142857142858,1.6181008135275678
2025-03-07 00:00:00+00:00,72.65,73.08,68.47,69.48,-3.1700000000000017,70.78,0.5212135135847813
2025-03-08 00:00:00+00:00,69.48,69.5,67.05,69.24,-0.2400000000000091,71.20857142857143,0.445634001785564
2025-03-09 00:00:00+00:00,69.24,78.16,68.98,77.95,8.710000000000008,72.60571428571428,2.8715048582484437
2025-03-10 00:00:00+00:00,77.95,78.05,71.79,74.95,-3.0,72.70571428571428,1.8223201545521466
2025-03-11 00:00:00+00:00,74.95,77.16,73.28,73.28,-1.6700000000000017,72.73857142857143,1.3088877068994318
2025-03-12 00:00:00+00:00,73.28,76.93,72.5,75.05,1.769999999999996,73.22857142857143,1.6529381644458856
2025-03-13 00:00:00+00:00,75.05,75.47,74.19,74.34,-0.7099999999999937,73.47,1.3876465085915486
2025-03-14 00:00:00+00:00,74.34,74.59,72.06,72.23,-2.1099999999999994,73.86285714285714,0.8251638332061451
2025-03-15 00:00:00+00:00,72.23,72.52,71.2,72.42,0.18999999999999773,74.31714285714285,0.8349932736275
2025-03-16 00:00:00+00:00,72.42,73.18,72.38,72.67,0.25,73.56285714285715,0.8420471489980215
2025-03-17 00:00:00+00:00,72.66,72.81,69.15,69.15,-3.519999999999996,72.73428571428572,-0.04032924103943196
2025-03-18 00:00:00+00:00,69.15,69.19,67.36,67.45,-1.7000000000000028,71.90142857142857,-0.46649316364166254
2025-03-19 00:00:00+00:00,67.45,68.58,66.41,68.44,0.9899999999999949,70.95714285714286,-0.23114763747476594
2025-03-20 00:00:00+00:00,68.44,68.56,65.3,65.47,-2.969999999999999,69.69000000000001,-0.9369864867918188
2025-03-21 00:00:00+00:00,65.47,65.55,63.98,64.09,-1.3799999999999955,68.52714285714286,-1.2573766656323937
2025-03-22 00:00:00+00:00,64.09,66.65,63.36,66.48,2.3900000000000006,67.67857142857143,-0.7365560842740086
2025-03-23 00:00:00+00:00,66.48,66.6,63.6,64.13,-2.3500000000000085,66.45857142857143,-1.3341749385566513
2025-03-24 00:00:00+00:00,64.13,65.04,62.5,62.5,-1.6299999999999955,65.50857142857143,-1.6631482067125494
2025-03-25 00:00:00+00:00,62.5,62.92,61.6,61.88,-0.6199999999999974,64.71285714285715,-1.6923066682087797
2025-03-26 00:00:00+00:00,61.88,62.38,61.5,62.0,0.11999999999999744,63.792857142857144,-1.593923652792321
2025-03-27 00:00:00+00:00,62.0,62.0,60.77,61.31,-0.6899999999999977,63.198571428571434,-1.6595734058056086
2025-03-28 00:00:00+00:00,61.31,66.21,61.05,64.2,2.8900000000000006,63.214285714285715,-1.003558383461577
2025-03-29 00:00:00+00:00,64.2,72.38,63.81,71.49,7.289999999999992,63.93,0.5292460088243268
2025-03-30 00:00:00+00:00,71.49,72.03,68.99,71.67,0.18000000000000682,65.00714285714285,0.5242275826808082
2025-03-31 00:00:00+00:00,71.67,71.81,68.64,68.64,-3.030000000000001,65.88428571428571,-0.15386074438149253
2025-04-01 00:00:00+00:00,66.26,66.7,65.27,66.55,-2.0900000000000034,66.55142857142857,-0.5971855164834493
2025-04-02 00:00:00+00:00,66.55,69.67,65.3,68.99,2.4399999999999977,67.55,-0.027260837454419536
2025-04-03 00:00:00+00:00,68.99,70.6,67.22,69.62,0.6300000000000097,68.73714285714286,0.14050098138775444
2025-04-04 00:00:00+00:00,69.62,72.53,68.64,71.29,1.6700000000000017,69.75,0.5209604420880054
2025-04-05 00:00:00+00:00,71.29,73.25,70.94,72.98,1.6899999999999977,69.96285714285715,0.8987679147850896
2025-04-06 00:00:00+00:00,72.98,83.92,72.91,81.48,8.5,71.36428571428573,2.4247402664379742
2025-04-07 00:00:00+00:00,81.48,88.43,74.66,75.06,-6.420000000000002,72.28142857142858,1.0745562196876968
2025-04-08 00:00:00+00:00,75.06,79.76,74.52,78.39,3.3299999999999983,73.97285714285715,1.7174728690374257
2025-04-09 00:00:00+00:00,78.39,89.88,72.77,72.77,-5.6200000000000045,74.51285714285714,0.6407089089031025
2025-04-10 00:00:00+00:00,72.77,77.6,71.27,75.48,2.710000000000008,75.35000000000001,1.1464714811272503
2025-04-11 00:00:00+00:00,75.48,76.48,75.02,76.36,0.8799999999999955,76.07428571428571,1.2962530983356308
2025-04-12 00:00:00+00:00,76.36,77.51,74.13,75.63,-0.730000000000004,76.45285714285714,1.1369152106208908
2025-04-13 00:00:00+00:00,75.62,79.09,74.97,78.58,2.950000000000003,76.03857142857143,1.5912849424441693
2025-04-14 00:00:00+00:00,78.58,78.58,72.61,72.65,-5.929999999999993,75.69428571428571,0.5016832811292509
2025-04-15 00:00:00+00:00,71.4,71.79,70.58,70.85,-1.8000000000000114,74.61714285714285,0.18355835034300277
2025-04-16 00:00:00+00:00,70.85,73.73,69.41,69.7,-1.1499999999999915,74.17857142857143,-0.03148124042530054
2025-04-17 00:00:00+00:00,69.7,70.54,68.73,70.28,0.5799999999999983,73.43571428571428,0.05813324403779367
2025-04-18 00:00:00+00:00,70.28,70.29,68.22,68.38,-1.9000000000000057,72.29571428571428,-0.292481573891906
2025-04-19 00:00:00+00:00,68.38,68.72,67.0,67.74,-0.6400000000000006,71.16857142857143,-0.42858889622962154
2025-04-20 00:00:00+00:00,67.74,69.33,67.65,69.02,1.2800000000000011,69.80285714285715,-0.22540201886194075
2025-04-21 00:00:00+00:00,69.02,69.84,68.14,68.43,-0.5899999999999892,69.2,-0.35256693142871676
2025-04-22 00:00:00+00:00,68.43,72.69,67.97,72.69,4.259999999999991,69.46285714285715,0.418921297778518
2025-04-23 00:00:00+00:00,72.69,73.31,70.94,71.7,-0.9899999999999949,69.74857142857142,0.17241434885993268
2025-04-24 00:00:00+00:00,71.7,71.7,69.47,69.58,-2.1200000000000045,69.64857142857143,-0.33600253564095545
2025-04-25 00:00:00+00:00,69.58,70.44,68.89,69.34,-0.23999999999999488,69.78571428571429,-0.47511938708344836
2025-04-26 00:00:00+00:00,69.34,70.17,69.16,69.93,0.5900000000000034,70.09857142857143,-0.44977660712260326
2025-04-27 00:00:00+00:00,69.93,70.24,69.54,69.79,-0.14000000000000057,70.20857142857143,-0.5722071939286139
2025-04-28 00:00:00+00:00,69.79,70.03,68.01,68.11,-1.6800000000000068,70.16285714285713,-0.9929219862105464
2025-04-29 00:00:00+00:00,68.1,68.58,67.49,67.69,-0.4200000000000017,69.44857142857144,-1.0505847367121737
2025-04-30 00:00:00+00:00,67.69,68.16,66.37,66.48,-1.2099999999999937,68.70285714285714,-1.3287588595257571
2025-05-01 00:00:00+00:00,66.48,67.62,65.7,66.22,-0.2600000000000051,68.22285714285714,-1.388806441339185
2025-05-02 00:00:00+00:00,66.21,67.71,64.13,64.35,-1.8700000000000045,67.51,-1.7497457361929825
2025-05-03 00:00:00+00:00,64.35,64.7,63.87,64.59,0.2400000000000091,66.74714285714285,-1.5782484937663137
2025-05-04 00:00:00+00:00,64.59,65.18,64.22,65.12,0.5300000000000011,66.08,-1.3554742317700428
2025-05-05 00:00:00+00:00,65.12,65.57,62.47,62.62,-2.500000000000007,65.29571428571428,-1.755773489444449
2025-05-06 00:00:00+00:00,62.62,64.39,62.51,64.3,1.6799999999999997,64.81142857142858,-1.3647551856394051
2025-05-07 00:00:00+00:00,64.3,65.01,63.07,63.45,-0.8499999999999943,64.37857142857142,-1.4545573283258757
2025-05-08 00:00:00+00:00,63.45,69.04,62.84,66.96,3.509999999999991,64.48428571428572,-0.587045788050495
2025-05-09 00:00:00+00:00,66.97,73.61,66.2,72.25,5.290000000000006,65.61285714285714,0.7511785744184081
2025-05-10 00:00:00+00:00,72.25,78.25,71.89,75.47,3.219999999999999,67.16714285714286,1.5646986995092447
2025-05-11 00:00:00+00:00,75.46,76.41,73.67,74.66,-0.8100000000000023,68.53,1.4077870826592478
2025-05-12 00:00:00+00:00,74.66,75.29,72.31,72.31,-2.3499999999999943,69.91428571428571,0.8607352297204892
2025-05-13 00:00:00+00:00,68.93,73.96,68.37,71.34,-0.9699999999999989,70.92,0.7506418771032861
2025-05-14 00:00:00+00:00,71.34,71.38,68.9,70.83,-0.5100000000000051,71.97428571428571,0.6248495041826431
2025-05-15 00:00:00+00:00,70.83,71.52,67.12,70.15,-0.6799999999999926,72.43,0.42378950467099846
2025-05-16 00:00:00+00:00,70.15,71.31,68.34,68.94,-1.210000000000008,71.95714285714286,0.05669402167977565
2025-05-17 00:00:00+00:00,68.94,70.34,68.35,69.33,0.39000000000000057,71.08,0.18819882463811527
2025-05-18 00:00:00+00:00,69.33,75.77,68.82,74.3,4.969999999999999,71.02857142857142,1.5968412842037896
2025-05-19 00:00:00+00:00,74.3,75.23,70.6,71.07,-3.230000000000004,70.85142857142857,0.6020488306382881
2025-05-20 00:00:00+00:00,71.07,71.7,69.94,70.88,-0.18999999999999773,70.78571428571429,0.5249330412994869
2025-05-21 00:00:00+00:00,70.88,73.59,70.65,73.4,2.5200000000000102,71.15285714285714,1.1874770356130044
2025-05-22 00:00:00+00:00,73.4,75.47,73.26,74.79,1.3900000000000006,71.81571428571428,1.5263303582589798
2025-05-23 00:00:00+00:00,74.79,75.1,72.41,72.7,-2.0900000000000034,72.35285714285713,0.9254871481293907
2025-05-24 00:00:00+00:00,72.7,73.18,71.92,72.74,0.03999999999999204,72.84,0.8943744670579569
2025-05-25 00:00:00+00:00,72.74,74.66,72.68,73.54,0.8000000000000114,72.73142857142857,1.0534419571839733
2025-05-26 00:00:00+00:00,73.54,73.72,71.79,71.8,-1.740000000000009,72.83571428571429,0.5670769509281195
2025-05-27 00:00:00+00:00,71.8,72.29,70.6,71.17,-0.6299999999999955,72.87714285714286,0.3858556459539045
2025-05-28 00:00:00+00:00,71.17,71.18,68.39,70.14,-1.0300000000000011,72.41142857142857,0.09432013196808264
2025-05-29 00:00:00+00:00,70.14,73.22,69.86,72.95,2.8100000000000023,72.14857142857143,0.7924188550075225
2025-05-30 00:00:00+00:00,72.95,73.58,70.75,71.41,-1.5400000000000063,71.96428571428571,0.3450416639856323
2025-05-31 00:00:00+00:00,71.41,72.88,69.96,72.48,1.0700000000000074,71.92714285714285,0.584580409628605
2025-06-01 00:00:00+00:00,72.48,74.6,71.69,72.23,-0.25,71.74,0.4658037767439795
2025-06-02 00:00:00+00:00,72.23,72.45,69.07,69.56,-2.6700000000000017,71.42,-0.3619016530040972
2025-06-03 00:00:00+00:00,69.56,70.3,68.26,68.38,-1.1800000000000068,71.02142857142857,-0.7826595373434467
2025-06-04 00:00:00+00:00,68.38,68.39,67.27,67.9,-0.47999999999998977,70.70142857142856,-1.1087336247757908
2025-06-05 00:00:00+00:00,67.89,72.74,66.11,72.45,4.549999999999997,70.63,0.4441264736647355
2025-06-06 00:00:00+00:00,72.45,72.5,69.3,69.32,-3.1300000000000097,70.33142857142857,-1.0412265290018592
2025-06-07 00:00:00+00:00,69.32,72.65,67.57,71.27,1.9500000000000028,70.15857142857143,-0.2018042992665251
2025-06-08 00:00:00+00:00,71.26,71.44,70.24,71.03,-0.23999999999999488,69.98714285714286,-0.30530833020918396
2025-06-09 00:00:00+00:00,71.03,71.09,68.74,70.68,-0.3499999999999943,70.14714285714285,-0.4350002832813287
2025-06-10 00:00:00+00:00,70.45,76.63,70.25,76.22,5.539999999999992,71.26714285714286,2.4729337231803137
2025-06-11 00:00:00+00:00,76.22,76.71,71.91,71.92,-4.299999999999997,71.84142857142857,0.22243682041199844
2025-06-12 00:00:00+00:00,71.92,72.0,69.61,70.64,-1.2800000000000011,71.58285714285714,-0.4374620426907507
2025-06-13 00:00:00+00:00,70.64,76.19,70.63,74.82,4.179999999999993,72.36857142857143,1.6089121945168987
2025-06-14 00:00:00+00:00,74.82,75.14,72.38,73.18,-1.6399999999999864,72.64142857142858,0.7369603259246322
2025-06-15 00:00:00+00:00,73.18,79.66,72.89,78.15,4.969999999999999,73.65857142857143,2.7276380599257326
2025-06-16 00:00:00+00:00,78.15,78.15,74.28,76.2,-1.9500000000000028,74.44714285714285,1.7087332847996195
2025-06-17 00:00:00+00:00,76.2,76.48,74.98,75.19,-1.0100000000000051,74.3,1.242107927110321
2025-06-18 00:00:00+00:00,75.19,76.0,74.34,74.72,-0.46999999999999886,74.70000000000002,0.9776761956863305
2025-06-19 00:00:00+00:00,74.72,75.19,72.11,72.64,-2.0799999999999983,74.98571428571428,0.07878948494448453
2025-06-20 00:00:00+00:00,72.64,72.9,69.77,71.49,-1.1500000000000057,74.50999999999999,-0.381483598632237
2025-06-21 00:00:00+00:00,71.49,77.49,70.74,76.26,4.77000000000001,74.95,1.5749063580863893
2025-06-22 00:00:00+00:00,76.25,76.81,71.95,73.43,-2.8299999999999983,74.2757142857143,0.3972884331658039
2025-06-23 00:00:00+00:00,73.43,74.3,71.09,71.1,-2.3300000000000125,73.54714285714284,-0.5355322666373213
2025-06-24 00:00:00+00:00,71.1,71.6,69.81,70.17,-0.9299999999999926,72.83000000000001,-0.8617481662260308
2025-06-25 00:00:00+00:00,70.17,70.18,68.2,69.32,-0.8500000000000085,72.05857142857143,-1.1457229077643996
2025-06-26 00:00:00+00:00,69.32,69.32,67.78,68.88,-0.4399999999999977,71.52142857142857,-1.2566782071544935
2025-06-27 00:00:00+00:00,68.88,69.12,64.85,65.59,-3.289999999999992,70.67857142857143,-2.2561340471631706
2025-06-28 00:00:00+00:00,65.59,65.6,62.71,63.96,-1.6300000000000026,68.92142857142856,-2.4271700800867433
2025-06-29 00:00:00+00:00,63.96,65.35,63.57,65.08,1.1199999999999974,67.72857142857143,-1.8785881593004983
2025-06-30 00:00:00+00:00,65.08,65.31,63.1,63.1,-1.9799999999999969,66.58571428571427,-2.164729116871442
2025-07-01 00:00:00+00:00,62.17,62.26,61.05,61.62,-1.480000000000004,65.36428571428571,-2.238971816924714
2025-07-02 00:00:00+00:00,61.62,67.01,60.14,66.47,4.850000000000001,64.95714285714287,-1.0146812431740824
2025-07-03 00:00:00+00:00,66.47,66.67,64.8,65.45,-1.019999999999996,64.46714285714286,-1.2096511849526022
2025-07-04 00:00:00+00:00,65.45,65.51,62.22,64.25,-1.2000000000000028,64.27571428571429,-1.41925020582191
2025-07-05 00:00:00+00:00,64.25,64.27,61.86,62.73,-1.5200000000000031,64.1,-1.6164318150732737
2025-07-06 00:00:00+00:00,62.73,63.42,61.91,63.38,0.6500000000000057,63.857142857142854,-1.3831163836174625
2025-07-07 00:00:00+00:00,63.38,64.38,62.86,63.75,0.36999999999999744,63.949999999999996,-1.2206366879988746
2025-07-08 00:00:00+00:00,63.75,63.95,61.69,63.12,-0.6300000000000026,64.16428571428571,-1.2600216823222319
2025-07-09 00:00:00+00:00,63.12,65.82,62.69,65.37,2.250000000000007,64.00714285714285,-0.7695124835513385
2025-07-10 00:00:00+00:00,65.37,67.97,64.56,67.2,1.8299999999999983,64.25714285714285,-0.3609374731529156
2025-07-11 00:00:00+00:00,67.2,68.76,66.07,68.43,1.230000000000004,64.85428571428572,-0.08735801874286864
2025-07-12 00:00:00+00:00,68.43,69.03,66.16,68.03,-0.4000000000000057,65.61142857142858,-0.15179322694839872
2025-07-13 00:00:00+00:00,68.03,69.77,66.27,66.36,-1.6700000000000017,66.03714285714285,-0.4476978975678323
2025-07-14 00:00:00+00:00,66.36,68.51,66.16,67.67,1.3100000000000023,66.59714285714286,-0.13569284910090565
2025-07-15 00:00:00+00:00,67.67,70.02,64.71,69.08,1.4099999999999966,67.44857142857144,0.25152897891843046
2025-07-16 00:00:00+00:00,69.08,70.17,65.32,66.17,-2.9099999999999966,67.56285714285714,-0.37340082284887355
2025-07-17 00:00:00+00:00,66.17,72.66,65.83,71.04,4.8700000000000045,68.11142857142856,0.9223183546657814
2025-07-18 00:00:00+00:00,71.04,71.46,67.08,67.29,-3.75,67.94857142857143,0.0025305440297353874
2025-07-19 00:00:00+00:00,67.29,67.65,66.17,67.55,0.2599999999999909,67.88000000000001,0.12862278259313517
2025-07-20 00:00:00+00:00,67.55,71.94,67.36,70.58,3.030000000000001,68.48285714285714,1.0370312620282975
2025-07-21 00:00:00+00:00,70.58,70.85,68.7,69.6,-0.980000000000004,68.75857142857143,0.9321428664545569
2025-07-22 00:00:00+00:00,69.6,70.1,67.23,68.42,-1.1799999999999926,68.66428571428571,0.643405632553616
2025-07-23 00:00:00+00:00,68.42,68.47,66.88,68.18,-0.23999999999999488,68.95142857142856,0.6166435535522973
2025-07-24 00:00:00+00:00,68.18,68.27,66.48,67.47,-0.710000000000008,68.44142857142857,0.3881001805750474
2025-07-25 00:00:00+00:00,67.47,70.61,67.02,67.36,-0.10999999999999943,68.45142857142858,0.37793517041457464
2025-07-26 00:00:00+00:00,67.36,67.61,66.49,67.52,0.1599999999999966,68.44714285714285,0.46887999197024816
2025-07-27 00:00:00+00:00,67.52,69.85,67.34,67.96,0.4399999999999977,68.07285714285715,0.6162297747755925
2025-07-28 00:00:00+00:00,67.96,69.75,67.65,67.68,-0.2799999999999869,67.79857142857142,0.45604836660408304
2025-07-29 00:00:00+00:00,67.68,69.14,65.82,66.53,-1.1500000000000057,67.52857142857142,-0.04892185541858629
2025-07-30 00:00:00+00:00,66.53,66.85,64.07,65.18,-1.3499999999999943,67.1,-0.6734198961777067
2025-07-31 00:00:00+00:00,65.18,67.32,64.82,67.3,2.1199999999999903,67.07571428571428,0.19156689873672483
2025-08-01 00:00:00+00:00,67.3,70.5,66.1,69.77,2.469999999999999,67.42,1.293826797574237
2025-08-02 00:00:00+00:00,69.77,70.47,67.26,70.19,0.4200000000000017,67.80142857142857,1.381117220384878
2025-08-03 00:00:00+00:00,70.19,70.22,68.02,68.96,-1.230000000000004,67.94428571428571,0.763336570034497
2025-08-04 00:00:00+00:00,68.96,68.96,63.79,66.19,-2.769999999999996,67.73142857142857,-0.6378603589495039
2025-08-05 00:00:00+00:00,65.66,66.18,64.42,65.94,-0.25,67.64714285714285,-0.8662174449347877
2025-08-06 00:00:00+00:00,65.94,65.94,64.47,64.68,-1.259999999999991,67.57571428571428,-1.6219643468217393
2025-08-07 00:00:00+00:00,64.68,66.09,63.04,65.44,0.7599999999999909,67.31,-1.3570979267029941
2025-08-08 00:00:00+00:00,65.44,68.75,63.24,67.97,2.530000000000001,67.05285714285715,0.15699851533530776
2025-08-09 00:00:00+00:00,67.97,70.97,67.5,70.64,2.6700000000000017,67.11714285714285,1.7007041264327063
2025-08-10 00:00:00+00:00,70.64,70.81,67.31,68.38,-2.260000000000005,67.03428571428572,0.329450459073443
2025-08-11 00:00:00+00:00,68.38,71.57,66.77,69.21,0.8299999999999983,67.46571428571428,0.8006389182801615
2025-08-12 00:00:00+00:00,69.21,70.51,67.87,69.79,0.5800000000000125,68.01571428571428,1.073898018910375
2025-08-13 00:00:00+00:00,71.2,72.71,70.56,70.88,1.0899999999999892,68.90142857142857,1.5856176538640687
2025-08-14 00:00:00+00:00,70.88,71.61,67.94,71.24,0.35999999999999943,69.73,1.669836166508519
2025-08-15 00:00:00+00:00,71.24,71.65,68.52,71.64,0.4000000000000057,70.25428571428571,1.7272791046199438
2025-08-16 00:00:00+00:00,71.64,71.85,70.28,71.72,0.0799999999999983,70.40857142857142,1.7240648817813793
2025-08-17 00:00:00+00:00,71.72,72.83,69.26,72.82,1.0999999999999943,71.04285714285713,2.038227866187158
2025-08-18 00:00:00+00:00,72.82,72.99,70.0,70.58,-2.239999999999995,71.23857142857142,0.9084192369083962
2025-08-19 00:00:00+00:00,70.58,72.95,70.5,72.92,2.3400000000000034,71.68571428571428,1.8781744451954794
2025-08-20 00:00:00+00:00,72.92,73.61,70.08,70.55,-2.3700000000000045,71.63857142857142,0.7925050833375863
2025-08-21 00:00:00+00:00,70.55,70.57,69.33,69.99,-0.5600000000000023,71.46000000000001,0.5175615169690205
2025-08-22 00:00:00+00:00,69.99,71.41,67.64,69.41,-0.5799999999999983,71.14142857142856,0.24232558471850374
2025-08-23 00:00:00+00:00,69.41,69.46,68.17,68.79,-0.6199999999999903,70.72285714285714,-0.05254772441894474
2025-08-24 00:00:00+00:00,68.79,72.64,68.79,70.71,1.9199999999999875,70.42142857142856,0.753779369350066
2025-08-25 00:00:00+00:00,70.71,75.63,70.71,74.6,3.8900000000000006,70.99571428571429,2.18752155127739
2025-08-26 00:00:00+00:00,74.6,76.52,73.87,74.72,0.12000000000000455,71.25285714285714,1.9961949462419144
2025-08-27 00:00:00+00:00,74.72,74.77,71.73,71.73,-2.989999999999995,71.42142857142856,0.8030155246537288
2025-08-28 00:00:00+00:00,71.73,71.73,69.99,70.42,-1.3100000000000023,71.48285714285714,0.26243001620332496
2025-08-29 00:00:00+00:00,70.42,72.83,70.04,70.74,0.3199999999999932,71.67285714285715,0.3335048009353267
2025-08-30 00:00:00+00:00,70.74,71.15,70.31,70.7,-0.03999999999999204,71.94571428571429,0.2757955765845578
2025-08-31 00:00:00+00:00,70.7,70.81,68.89,69.67,-1.0300000000000011,71.79714285714286,-0.1558051055080282
2025-09-01 00:00:00+00:00,69.67,70.86,68.32,70.65,0.980000000000004,71.23285714285714,0.24942081701844665
2025-09-02 00:00:00+00:00,70.87,71.44,70.57,71.12,0.46999999999999886,70.71857142857144,0.4168259064855574
2025-09-03 00:00:00+00:00,71.12,71.33,70.12,70.59,-0.5300000000000011,70.55571428571429,0.1394375173609286
2025-09-04 00:00:00+00:00,70.59,71.11,69.84,70.48,-0.10999999999999943,70.56428571428572,0.02561547942858818
2025-09-05 00:00:00+00:00,70.48,70.52,66.14,67.53,-2.950000000000003,70.1057142857143,-1.5795905831576142
2025-09-06 00:00:00+00:00,67.53,68.01,66.94,67.41,-0.12000000000000455,69.63571428571429,-1.8266062277206905
2025-09-07 00:00:00+00:00,67.4,67.41,66.85,67.1,-0.3100000000000023,69.26857142857143,-1.9308654147331508
2025-09-08 00:00:00+00:00,67.1,67.27,65.06,65.13,-1.9699999999999989,68.48,-2.562642935891462
2025-09-09 00:00:00+00:00,65.13,65.24,64.22,65.15,0.020000000000010232,67.62714285714286,-2.2928243220342117
2025-09-10 00:00:00+00:00,65.15,67.09,64.85,65.1,-0.05000000000001137,66.84285714285714,-2.0808188607868736
2025-09-11 00:00:00+00:00,65.1,65.23,63.6,64.15,-0.9499999999999886,65.93857142857142,-2.1835929773648965
2025-09-12 00:00:00+00:00,64.15,64.27,62.99,63.78,-0.37000000000000455,65.40285714285714,-2.0620925437981206
2025-09-13 00:00:00+00:00,63.78,64.01,61.71,61.8,-1.980000000000004,64.60142857142857,-2.3735220745352774
2025-09-14 00:00:00+00:00,61.8,62.04,60.98,61.68,-0.11999999999999744,63.82714285714285,-2.131000115170366
2025-09-15 00:00:00+00:00,61.68,63.51,61.68,62.78,1.1000000000000014,63.49142857142857,-1.657925277327315
2025-09-16 00:00:00+00:00,62.78,63.5,62.6,63.5,0.7199999999999989,63.25571428571429,-1.3573492737223796
2025-09-17 00:00:00+00:00,63.5,65.37,62.86,63.67,0.1700000000000017,63.05142857142857,-1.2213720527870422
2025-09-18 00:00:00+00:00,63.67,63.76,61.16,61.91,-1.7600000000000051,62.73142857142857,-1.568960014643236
2025-09-19 00:00:00+00:00,61.91,61.93,60.11,60.79,-1.1199999999999974,62.30428571428571,-1.7000583237143596
2025-09-20 00:00:00+00:00,60.79,60.91,60.06,60.3,-0.490000000000002,62.089999999999996,-1.6653019019941433
2025-09-21 00:00:00+00:00,60.3,60.68,59.91,60.57,0.2700000000000031,61.931428571428576,-1.4759549852340856
2025-09-22 00:00:00+00:00,60.57,65.42,60.39,63.28,2.710000000000001,62.00285714285714,-0.7958157199934812
2025-09-23 00:00:00+00:00,63.28,64.41,62.71,64.12,0.8400000000000034,62.09142857142857,-0.5564704235181295
2025-09-24 00:00:00+00:00,64.12,64.64,62.9,63.57,-0.5500000000000043,62.07714285714285,-0.6365009563826962
2025-09-25 00:00:00+00:00,63.57,66.98,63.49,66.7,3.1300000000000026,62.761428571428574,0.22426755415738342
2025-09-26 00:00:00+00:00,66.69,66.69,62.73,63.6,-3.1000000000000014,63.16285714285714,-0.5635010529185461
2025-09-27 00:00:00+00:00,63.6,63.92,63.3,63.5,-0.10000000000000142,63.620000000000005,-0.5420545795881183
2025-09-28 00:00:00+00:00,63.5,64.06,63.08,63.86,0.35999999999999943,64.09,-0.38727991274573526
2025-09-29 00:00:00+00:00,63.86,63.9,62.55,63.14,-0.7199999999999989,64.07000000000001,-0.5547702457893219
2025-09-30 00:00:00+00:00,63.14,63.38,62.21,62.38,-0.759999999999998,63.82142857142857,-0.7429648460474203
2025-10-01 00:00:00+00:00,62.38,63.19,61.65,63.03,0.6499999999999986,63.744285714285716,-0.47895423974986184
2025-10-02 00:00:00+00:00,63.03,64.0,62.35,63.54,0.509999999999998,63.29285714285714,-0.23513122012292284
2025-10-03 00:00:00+00:00,63.54,63.62,61.84,62.42,-1.1199999999999974,63.12428571428571,-0.6428188736744074
2025-10-04 00:00:00+00:00,62.42,62.98,62.21,62.52,0.10000000000000142,62.98428571428571,-0.5742894419253941
2025-10-05 00:00:00+00:00,62.52,63.86,62.16,63.15,0.6299999999999955,62.88285714285714,-0.17596425373523653
2025-10-06 00:00:00+00:00,63.15,63.67,62.41,63.1,-0.04999999999999716,62.87714285714286,-0.13501367228031702
2025-10-07 00:00:00+00:00,63.05,64.23,62.62,63.84,0.740000000000002,63.08571428571429,0.45841727067389826
2025-10-08 00:00:00+00:00,63.84,66.08,62.61,62.74,-1.1000000000000014,63.044285714285714,-0.2842198734581723
2025-10-09 00:00:00+00:00,62.74,64.74,62.73,64.69,1.9499999999999957,63.20857142857143,1.1958507589744058
2025-10-10 00:00:00+00:00,64.69,73.15,63.48,67.63,2.9399999999999977,63.95285714285715,2.9182782034711994
2025-10-11 00:00:00+00:00,67.63,73.7,67.63,71.71,4.079999999999998,65.26571428571428,3.805705382124105
2025-10-12 00:00:00+00:00,71.71,71.85,69.25,71.31,-0.3999999999999915,66.43142857142857,2.924085205274222
2025-10-13 00:00:00+00:00,71.31,71.31,69.15,70.58,-0.730000000000004,67.5,2.301564403404251
2025-10-14 00:00:00+00:00,70.58,75.44,70.5,73.13,2.549999999999997,68.82714285714285,2.6716685554338953
2025-10-15 00:00:00+00:00,73.13,73.39,71.61,72.34,-0.789999999999992,70.19857142857143,2.1429099628226016
2025-10-16 00:00:00+00:00,72.34,73.59,72.06,73.59,1.25,71.47,2.188557267645092
2025-10-17 00:00:00+00:00,73.59,77.18,72.85,75.49,1.8999999999999915,72.59285714285714,2.318442845202455
2025-10-18 00:00:00+00:00,75.49,75.59,73.06,73.49,-2.0,72.84714285714286,1.6958603620048032
2025-10-19 00:00:00+00:00,73.49,74.22,71.91,72.99,-0.5,73.08714285714287,1.4694833028751364
2025-10-20 00:00:00+00:00,72.99,74.27,72.05,73.24,0.25,73.46714285714286,1.4199764821499044
2025-10-21 00:00:00+00:00,73.24,74.75,72.45,74.68,1.440000000000012,73.68857142857142,1.6018695937763945
2025-10-22 00:00:00+00:00,74.68,76.08,74.41,75.91,1.2299999999999898,74.19857142857143,1.6993553317723131
2025-10-23 00:00:00+00:00,75.91,75.91,72.96,72.97,-2.9399999999999977,74.11,1.031960728225553
2025-10-24 00:00:00+00:00,72.97,73.01,69.35,69.47,-3.5,73.25,0.29346919325297105
2025-10-25 00:00:00+00:00,69.47,69.65,68.81,69.21,-0.2600000000000051,72.63857142857142,0.22377809342413957
2025-10-26 00:00:00+00:00,69.21,70.0,68.96,69.47,0.2600000000000051,72.13571428571429,0.24022245581909213
2025-10-27 00:00:00+00:00,69.47,69.51,68.46,68.75,-0.7199999999999989,71.49428571428572,0.056830681304935585
2025-10-28 00:00:00+00:00,68.75,69.93,67.59,69.85,1.0999999999999943,70.80428571428571,0.24957624864880062
2025-10-29 00:00:00+00:00,69.85,71.63,68.96,71.45,1.6000000000000085,70.16714285714285,0.5423156082778151
2025-10-30 00:00:00+00:00,71.45,72.14,69.18,70.04,-1.4099999999999966,69.74857142857142,0.1870770193979385
2025-10-31 00:00:00+00:00,70.04,70.04,67.32,68.53,-1.5100000000000051,69.61428571428571,-0.20204577313022717
2025-11-01 00:00:00+00:00,68.53,68.96,68.26,68.6,0.06999999999999318,69.52714285714286,-0.23280305003999255
2025-11-02 00:00:00+00:00,68.6,68.88,67.74,67.84,-0.7599999999999909,69.29428571428572,-0.4847812958303163
2025-11-03 00:00:00+00:00,67.84,71.36,67.56,70.28,2.4399999999999977,69.51285714285714,0.07539960822660502
2025-11-04 00:00:00+00:00,70.28,79.85,69.14,74.76,4.480000000000004,70.21428571428571,1.2328610474083956
2025-11-05 00:00:00+00:00,74.76,79.31,70.65,70.65,-4.109999999999999,70.1,0.0027549059859148625
2025-11-06 00:00:00+00:00,70.65,73.85,70.12,72.82,2.1699999999999875,70.49714285714286,0.6214423152307041
2025-11-07 00:00:00+00:00,72.82,73.54,71.14,71.6,-1.2199999999999989,70.93571428571428,0.14018337093578764
2025-11-08 00:00:00+00:00,71.6,72.25,70.13,71.8,0.20000000000000284,71.39285714285714,0.14313127500544012
2025-11-09 00:00:00+00:00,71.8,74.22,71.03,73.01,1.210000000000008,72.13142857142857,0.6218397022439165
2025-11-10 00:00:00+00:00,73.01,73.52,72.11,72.13,-0.8800000000000097,72.39571428571428,0.2123013285767436
2025-11-11 00:00:00+00:00,72.13,74.76,71.85,74.73,2.6000000000000085,72.39142857142858,1.3085107112319225
2025-11-12 00:00:00+00:00,74.73,74.87,72.43,73.05,-1.6800000000000068,72.73428571428572,0.5268593811955362
2025-11-13 00:00:00+00:00,73.04,74.67,70.81,74.48,1.4300000000000068,72.97142857142858,1.1216970491752056
2025-11-14 00:00:00+00:00,74.48,78.39,74.08,77.94,3.4599999999999937,73.87714285714286,2.2978030918929813
2025-11-15 00:00:00+00:00,77.94,77.95,75.12,75.56,-2.3799999999999955,74.41428571428571,1.3034498849034521
2025-11-16 00:00:00+00:00,75.56,79.61,75.23,77.2,1.6400000000000006,75.01285714285714,1.8449667389504414
2025-11-17 00:00:00+00:00,77.2,79.14,74.97,77.94,0.7399999999999949,75.84285714285716,1.9297133769643293
2025-11-18 00:00:00+00:00,77.94,79.07,75.36,75.43,-2.509999999999991,75.94285714285715,1.0144700309718906
2025-11-19 00:00:00+00:00,75.43,78.7,74.39,76.67,1.2399999999999949,76.46000000000001,1.352601554764842
2025-11-20 00:00:00+00:00,76.67,79.17,74.67,79.04,2.3700000000000045,77.11142857142856,1.9546271538754008
2025-11-21 00:00:00+00:00,79.04,84.36,78.28,80.53,1.4899999999999949,77.48142857142857,2.192925395050999
2025-11-22 00:00:00+00:00,80.53,80.53,79.57,80.38,-0.15000000000000568,78.17,1.9355296535459108
2025-11-23 00:00:00+00:00,80.38,80.46,79.36,79.79,-0.5899999999999892,78.53999999999999,1.6323048755143859
2025-11-24 00:00:00+00:00,79.79,80.07,77.31,77.36,-2.430000000000007,78.45714285714287,0.9419333704576917
2025-11-25 00:00:00+00:00,77.06,77.06,74.29,74.59,-2.769999999999996,78.33714285714287,0.18433278806349176
2025-11-26 00:00:00+00:00,74.59,75.63,72.41,72.66,-1.9300000000000068,77.76428571428572,-0.3724348365730698
2025-11-27 00:00:00+00:00,72.66,73.0,71.17,71.68,-0.9799999999999898,76.71285714285715,-0.6671552940851909
2025-11-28 00:00:00+00:00,71.68,71.76,69.51,70.62,-1.0600000000000023,75.29714285714286,-0.9472535456032748
2025-11-29 00:00:00+00:00,70.62,71.73,70.57,71.24,0.6199999999999903,73.99142857142859,-0.7960493041976007
2025-11-30 00:00:00+00:00,71.24,72.22,71.09,72.21,0.9699999999999989,72.90857142857143,-0.5821019213582534
2025-12-01 00:00:00+00:00,72.21,75.98,72.21,74.22,2.010000000000005,72.46,-0.056918134337496526
2025-12-02 00:00:00+00:00,74.22,74.23,70.5,70.56,-3.6599999999999966,71.88428571428571,-1.2572821138942198
2025-12-03 00:00:00+00:00,70.56,70.58,68.55,69.75,-0.8100000000000023,71.46857142857142,-1.4978371554033996
2025-12-04 00:00:00+00:00,69.75,70.29,68.17,69.48,-0.269999999999996,71.15428571428572,-1.467925700432636
2025-12-05 00:00:00+00:00,69.48,74.23,68.52,73.21,3.7299999999999898,71.52428571428571,-0.3661730822722642
2025-12-06 00:00:00+00:00,73.21,73.78,71.92,73.28,0.07000000000000739,71.8157142857143,-0.34992105666620754
2025-12-07 00:00:00+00:00,73.28,77.54,73.26,75.68,2.4000000000000057,72.31142857142856,0.3585740137807312
2025-12-08 00:00:00+00:00,75.68,75.68,72.83,72.94,-2.740000000000009,72.12857142857142,-0.5201796021484217
2025-12-09 00:00:00+00:00,72.94,73.01,71.58,72.22,-0.7199999999999989,72.36571428571429,-0.7364450531487855
2025-12-10 00:00:00+00:00,72.22,72.56,69.63,69.64,-2.5799999999999983,72.35,-1.4796489120888296
2025-12-11 00:00:00+00:00,69.64,72.0,68.39,69.75,0.10999999999999943,72.38857142857142,-1.3491853434938872
2025-12-12 00:00:00+00:00,69.75,69.99,67.33,68.59,-1.1599999999999966,71.72857142857143,-1.5778211375683757
2025-12-13 00:00:00+00:00,68.59,69.09,68.01,69.09,0.5,71.13000000000001,-1.3402024356024442
2025-12-14 00:00:00+00:00,69.09,71.06,69.06,70.9,1.8100000000000023,70.44714285714286,-0.7873792990112121
2025-12-15 00:00:00+00:00,70.9,70.95,67.35,69.15,-1.75,69.9057142857143,-1.1877522541728602
2025-12-16 00:00:00+00:00,69.42,69.71,68.89,69.06,-0.09000000000000341,69.45428571428572,-1.1324477714435879
2025-12-17 00:00:00+00:00,69.06,70.85,68.64,69.58,0.519999999999996,69.44571428571429,-0.9295231597652763
2025-12-18 00:00:00+00:00,69.57,70.71,68.86,69.74,0.1599999999999966,69.44428571428571,-0.8302210755106643
2025-12-19 00:00:00+00:00,69.74,70.72,68.18,68.63,-1.1099999999999994,69.45,-1.0595767686163882
2025-12-20 00:00:00+00:00,68.63,68.63,67.88,68.51,-0.11999999999999034,69.36714285714287,-1.037473487059081
2025-12-21 00:00:00+00:00,68.51,69.39,68.18,68.81,0.29999999999999716,69.06857142857143,-0.9267672211980391
2025-12-22 00:00:00+00:00,68.81,68.94,66.77,68.12,-0.6899999999999977,68.92142857142858,-1.1494292304831446
2025-12-23 00:00:00+00:00,68.12,68.42,66.09,66.94,-1.1800000000000068,68.61857142857143,-1.629172088079494
2025-12-24 00:00:00+00:00,66.94,67.17,64.69,65.7,-1.2399999999999949,68.06428571428572,-2.0880688224295816
2025-12-25 00:00:00+00:00,65.7,65.8,63.41,65.15,-0.5499999999999972,67.40857142857143,-2.1232547274770837
2025-12-26 00:00:00+00:00,65.15,65.24,59.32,60.04,-5.1100000000000065,66.18142857142858,-3.269683026860681
2025-12-27 00:00:00+00:00,60.04,61.01,59.92,61.01,0.9699999999999989,65.11,-2.5068738728144306
2025-12-28 00:00:00+00:00,61.01,62.24,60.83,61.89,0.8800000000000026,64.12142857142858,-2.003202645605376
2025-12-29 00:00:00+00:00,61.89,62.33,61.29,61.31,-0.5799999999999983,63.14857142857143,-1.939047472448242
2025-12-30 00:00:00+00:00,61.31,61.52,60.45,60.69,-0.6200000000000045,62.25571428571429,-1.8932422775207647
2025-12-31 00:00:00+00:00,60.69,60.9,59.24,60.79,0.10000000000000142,61.55428571428571,-1.7255601755864174
2026-01-01 00:00:00+00:00,60.79,61.0,58.33,58.82,-1.9699999999999989,60.65,-1.965800166898401
2026-01-02 00:00:00+00:00,58.82,60.28,58.63,59.82,1.0,60.61857142857143,-1.5971107390180164
2026-01-03 00:00:00+00:00,59.82,60.96,59.27,60.96,1.1400000000000006,60.61142857142857,-1.2602602677020318
2026-01-04 00:00:00+00:00,60.96,61.58,60.91,61.43,0.46999999999999886,60.54571428571428,-1.0902687542844471
2026-01-05 00:00:00+00:00,61.43,62.43,61.35,61.57,0.14000000000000057,60.58285714285715,-0.9968319844857312
2026-01-06 00:00:00+00:00,61.57,61.86,60.97,61.6,0.030000000000001137,60.712857142857146,-0.9477533983180095
2026-01-07 00:00:00+00:00,61.6,61.6,59.69,59.83,-1.7700000000000031,60.575714285714284,-1.2783603077714691
2026-01-08 00:00:00+00:00,59.83,60.6,58.9,59.01,-0.8200000000000003,60.60285714285715,-1.385000154269634
2026-01-09 00:00:00+00:00,59.01,59.26,56.77,57.08,-1.9299999999999997,60.21142857142858,-1.689756868794679
2026-01-10 00:00:00+00:00,57.08,57.34,56.5,57.04,-0.03999999999999915,59.65142857142856,-1.5715188413890944
2026-01-11 00:00:00+00:00,57.04,58.24,56.99,58.24,1.2000000000000028,59.19571428571429,-1.2144688722860786
2026-01-12 00:00:00+00:00,58.24,58.37,57.48,57.56,-0.6799999999999997,58.622857142857136,-1.2762333017816592
2026-01-13 00:00:00+00:00,56.72,59.09,56.45,58.6,1.0399999999999991,58.19428571428572,-0.9887525861377023
2026-01-14 00:00:00+00:00,58.6,58.61,56.5,57.09,-1.509999999999998,57.80285714285714,-1.2562027705665706
2026-01-15 00:00:00+00:00,57.09,57.32,55.72,56.42,-0.6700000000000017,57.432857142857145,-1.3286945621392803
2026-01-16 00:00:00+00:00,56.42,56.48,53.95,53.97,-2.450000000000003,56.98857142857143,-1.7811738839697193
2026-01-17 00:00:00+00:00,53.97,54.22,53.52,54.21,0.240000000000002,56.58428571428572,-1.636723388920868
2026-01-18 00:00:00+00:00,54.21,55.68,54.06,55.68,1.4699999999999989,56.21857142857143,-1.2232385423109233
2026-01-19 00:00:00+00:00,55.68,56.27,54.49,55.02,-0.6599999999999966,55.855714285714285,-1.3300623664353257
2026-01-20 00:00:00+00:00,55.02,56.51,54.6,56.39,1.3699999999999974,55.54,-0.9425084645847163
2026-01-21 00:00:00+00:00,56.39,56.67,53.97,54.11,-2.280000000000001,55.114285714285714,-1.5533001138134321
2026-01-22 00:00:00+00:00,54.11,54.92,53.65,54.79,0.6799999999999997,54.88142857142857,-1.3202071233405164
2026-01-23 00:00:00+00:00,54.79,54.79,52.79,53.4,-1.3900000000000006,54.8,-1.707589778502457
2026-01-24 00:00:00+00:00,53.4,54.56,53.34,54.44,1.0399999999999991,54.832857142857144,-1.3232679540781416
2026-01-25 00:00:00+00:00,54.44,60.46,54.44,55.58,1.1400000000000006,54.81857142857143,-0.8529503019361819
2026-01-26 00:00:00+00:00,55.58,56.26,54.16,54.22,-1.3599999999999994,54.70428571428572,-1.2535625274076516
2026-01-27 00:00:00+00:00,54.22,54.59,53.36,54.22,0.0,54.394285714285715,-1.180715015915442
2026-01-28 00:00:00+00:00,54.22,54.82,53.66,53.67,-0.5499999999999972,54.33142857142857,-1.2952399574260696
2026-01-29 00:00:00+00:00,53.67,55.19,52.46,54.69,1.019999999999996,54.317142857142855,-0.8626731691698769
2026-01-30 00:00:00+00:00,54.69,63.67,53.82,59.15,4.460000000000001,55.13857142857143,0.8371032385566853
2026-01-31 00:00:00+00:00,59.15,66.85,58.57,62.78,3.6300000000000026,56.33,2.0238553042758656
2026-02-01 00:00:00+00:00,62.78,66.76,61.74,66.29,3.510000000000005,57.86000000000001,2.7697683161950146
2026-02-02 00:00:00+00:00,66.29,81.87,63.58,64.24,-2.0500000000000114,59.291428571428575,1.995035141785423
2026-02-03 00:00:00+00:00,64.24,78.84,64.16,72.26,8.02000000000001,61.868571428571435,3.356721971628786
2026-02-04 00:00:00+00:00,72.26,79.73,70.01,78.02,5.759999999999991,65.34714285714286,3.4847374045327304
2026-02-05 00:00:00+00:00,78.02,100.41,77.33,95.78,17.760000000000005,71.21714285714286,4.095916593973184
2026-02-06 00:00:00+00:00,95.78,100.63,76.4,76.89,-18.89,73.75142857142858,1.7896757305249489
2026-02-07 00:00:00+00:00,76.89,80.41,75.97,79.46,2.569999999999993,76.13428571428572,1.8631929409998942
2026-02-08 00:00:00+00:00,79.46,80.42,78.68,79.41,-0.04999999999999716,78.00857142857141,1.6943672522011828
2026-02-09 00:00:00+00:00,79.41,80.42,76.07,76.89,-2.519999999999996,79.8157142857143,1.3521030659069846
2026-02-10 00:00:00+00:00,75.89,75.96,73.71,73.92,-2.969999999999999,80.05285714285715,1.0155749247625734
2026-02-11 00:00:00+00:00,73.92,76.99,73.06,74.62,0.7000000000000028,79.56714285714285,1.012227454964388
2026-02-12 00:00:00+00:00,74.62,74.62,70.21,70.23,-4.390000000000001,75.91714285714285,0.5866189006722988
2026-02-13 00:00:00+00:00,70.23,70.7,67.42,68.22,-2.010000000000005,74.67857142857143,0.3773945512471276
2026-02-14 00:00:00+00:00,68.22,69.43,67.62,68.95,0.730000000000004,73.17714285714285,0.40716838315630405
2026-02-15 00:00:00+00:00,68.95,72.12,68.66,71.58,2.6299999999999955,72.05857142857143,0.5948103945447566
2026-02-16 00:00:00+00:00,71.58,71.81,69.4,69.43,-2.1499999999999915,70.99285714285715,0.3609346405360789
2026-02-17 00:00:00+00:00,69.43,71.47,69.03,70.18,0.75,70.45857142857143,0.38984819111550845
2026-02-18 00:00:00+00:00,70.18,71.13,67.95,70.78,0.5999999999999943,69.91,0.4030116402826404
2026-02-19 00:00:00+00:00,70.78,71.09,68.47,69.78,-1.0,69.84571428571428,0.27128577965930656
2026-02-20 00:00:00+00:00,69.78,69.92,67.76,68.03,-1.75,69.81857142857143,0.062011455398768116
2026-02-21 00:00:00+00:00,68.03,68.45,67.56,68.45,0.4200000000000017,69.74714285714286,0.06020708815574121
2026-02-22 00:00:00+00:00,68.45,70.46,68.25,69.13,0.6799999999999926,69.39714285714285,0.07890949102915093
2026-02-23 00:00:00+00:00,69.13,73.51,68.91,72.71,3.5799999999999983,69.86571428571429,0.40449975315018444
2026-02-24 00:00:00+00:00,72.71,75.87,70.51,70.78,-1.9299999999999926,69.95142857142856,0.14542989410007082
2026-02-25 00:00:00+00:00,70.78,71.65,66.82,71.1,0.3199999999999932,69.99714285714286,0.12480161248158432
2026-02-26 00:00:00+00:00,71.1,71.6,68.18,70.51,-0.5899999999999892,70.10142857142857,-0.011205043581210222
2026-02-27 00:00:00+00:00,69.54,72.66,69.42,71.23,0.7199999999999989,70.55857142857143,0.00658188331130235
2026-02-28 00:00:00+00:00,71.23,75.53,69.84,72.38,1.1499999999999915,71.12,0.09450331746104378
2026-03-01 00:00:00+00:00,72.38,75.03,71.38,72.6,0.21999999999999886,71.61571428571429,0.06350054301403223
2026-03-02 00:00:00+00:00,72.6,73.16,71.2,73.13,0.5300000000000011,71.67571428571429,0.09900183698935419
2026-03-03 00:00:00+00:00,73.13,75.36,72.3,73.82,0.6899999999999977,72.11,0.17989737050720553
2026-03-04 00:00:00+00:00,73.82,76.02,73.78,75.02,1.2000000000000028,72.66999999999999,0.3448537224772806
2026-03-05 00:00:00+00:00,75.02,77.62,73.77,76.21,1.1899999999999977,73.48428571428572,0.5402624778223751
2026-03-06 00:00:00+00:00,76.21,77.58,75.22,76.22,0.010000000000005116,74.19714285714284,0.5579248132402298
2026-03-07 00:00:00+00:00,76.22,77.67,75.27,76.99,0.769999999999996,74.85571428571427,1.3203397899194396
2026-03-08 00:00:00+00:00,76.99,79.27,76.99,78.42,1.4300000000000068,75.68714285714285,1.6966760219937953
2026-03-09 00:00:00+00:00,78.42,78.43,74.77,74.92,-3.5,75.94285714285715,0.7571464917325157
2026-03-10 00:00:00+00:00,74.92,75.99,71.94,75.51,0.5900000000000034,76.1842857142857,1.0578966994163925
2026-03-11 00:00:00+00:00,75.51,75.82,73.9,74.76,-0.75,76.14714285714285,0.8529560588008176
2026-03-12 00:00:00+00:00,74.76,75.09,73.8,74.38,-0.38000000000000966,75.88571428571427,0.7122280280178102
2026-03-13 00:00:00+00:00,74.38,75.67,73.96,74.8,0.4200000000000017,75.68285714285715,0.8549360653190747
2026-03-14 00:00:00+00:00,74.8,75.9,74.6,75.83,1.0300000000000011,75.51714285714286,1.1325918633551142
2026-03-15 00:00:00+00:00,75.83,76.48,75.54,76.1,0.269999999999996,75.1857142857143,1.1536893388302787
2026-03-16 00:00:00+00:00,76.1,76.59,74.03,75.67,-0.4299999999999926,75.29285714285713,0.9415315156653741
2026-03-17 00:00:00+00:00,75.67,77.14,74.88,75.88,0.20999999999999375,75.3457142857143,0.9537990006172582
2026-03-18 00:00:00+00:00,75.88,78.91,74.7,78.01,2.1300000000000097,75.80999999999999,1.5762239509425555
2026-03-19 00:00:00+00:00,78.01,79.36,76.69,79.33,1.3199999999999932,76.51714285714286,1.847837245579541
2026-03-20 00:00:00+00:00,79.33,79.45,77.78,78.53,-0.7999999999999972,77.05,1.4644608679738214
2026-03-21 00:00:00+00:00,78.53,79.06,76.34,79.06,0.5300000000000011,77.51142857142857,1.5228085702328813
2026-03-22 00:00:00+00:00,79.06,80.81,78.07,79.11,0.04999999999999716,77.94142857142857,1.4754526981504308
2026-03-23 00:00:00+00:00,79.11,80.12,75.48,75.53,-3.5799999999999983,77.92142857142858,0.2202082922769899
2026-03-24 00:00:00+00:00,75.53,76.58,74.95,74.99,-0.5400000000000063,77.7942857142857,-0.05039135509940734
2026-03-25 00:00:00+00:00,74.99,75.07,71.88,73.94,-1.0499999999999972,77.21285714285715,-0.48688926064773136
2026-03-26 00:00:00+00:00,73.94,75.3,73.19,75.08,1.1400000000000006,76.60571428571428,-0.09395766108734373
2026-03-27 00:00:00+00:00,75.08,75.74,71.94,73.49,-1.5900000000000034,75.88571428571429,-0.8392531499642729
2026-03-28 00:00:00+00:00,73.49,74.69,73.33,74.53,1.0400000000000063,75.23857142857142,-0.47708049470834246
2026-03-29 00:00:00+00:00,74.53,75.25,73.99,74.49,-0.04000000000000625,74.57857142857142,-0.5929877258165701
2026-03-30 00:00:00+00:00,74.49,75.53,73.38,74.58,0.09000000000000341,74.44285714285715,-0.6126319379732288
2026-03-31 00:00:00+00:00,73.02,74.31,72.22,72.37,-2.2099999999999937,74.06857142857143,-1.8060501516355654
2026-04-01 00:00:00+00:00,72.37,73.82,71.68,72.02,-0.3500000000000085,73.7942857142857,-1.9104487322944042
2026-04-02 00:00:00+00:00,72.02,73.97,70.96,71.13,-0.8900000000000006,73.23,-2.163884235565234
2026-04-03 00:00:00+00:00,71.13,71.22,68.09,68.3,-2.8299999999999983,72.48857142857142,-2.884728860860701
2026-04-04 00:00:00+00:00,68.3,68.77,67.96,68.74,0.4399999999999977,71.66142857142857,-2.3397956207221253
2026-04-05 00:00:00+00:00,68.74,70.08,68.64,69.94,1.2000000000000028,71.01142857142857,-1.7263729639571637
2026-04-06 00:00:00+00:00,69.94,69.96,67.24,69.1,-0.8400000000000034,70.22857142857143,-1.8272998942165266
2026-04-07 00:00:00+00:00,69.1,69.83,67.25,69.49,0.39000000000000057,69.81714285714285,-1.5725075537204636
2026-04-08 00:00:00+00:00,69.49,69.52,64.93,65.06,-4.429999999999993,68.82285714285715,-2.549983875451485
2026-04-09 00:00:00+00:00,65.06,65.29,63.44,63.51,-1.5500000000000043,67.73428571428572,-2.53536303799276
2026-04-10 00:00:00+00:00,63.51,64.6,62.56,64.32,0.8099999999999952,67.16571428571429,-2.06891261387904
2026-04-11 00:00:00+00:00,64.32,66.88,63.93,66.86,2.5400000000000063,66.89714285714285,-1.3748384929487536
2026-04-12 00:00:00+00:00,66.86,67.85,66.02,66.44,-0.4200000000000017,66.39714285714285,-1.3631050992924714
2026-04-13 00:00:00+00:00,66.44,66.76,64.91,66.67,0.23000000000000398,66.05,-1.223115497144896
2026-04-14 00:00:00+00:00,66.67,66.75,65.57,65.71,-0.960000000000008,65.51,-1.3254998473964004
2026-04-15 00:00:00+00:00,65.71,66.41,65.45,65.88,0.1700000000000017,65.62714285714286,-1.2022310292293212
2026-04-16 00:00:00+00:00,65.88,66.47,65.44,65.68,-0.19999999999998863,65.93714285714285,-1.1600476897119973
2026-04-17 00:00:00+00:00,65.68,68.14,63.16,64.88,-0.8000000000000114,66.01714285714286,-1.2397772645722285
2026-04-18 00:00:00+00:00,64.88,67.65,64.01,67.59,2.710000000000008,66.12142857142858,-0.6368561829423386
2026-04-19 00:00:00+00:00,67.59,69.12,67.02,68.39,0.7999999999999972,66.4,-0.4142493426185096
2026-04-20 00:00:00+00:00,68.39,68.39,64.23,65.42,-2.969999999999999,66.22142857142858,-1.0377153433936215
2026-04-21 00:00:00+00:00,65.42,66.75,64.77,64.84,-0.5799999999999983,66.09714285714286,-1.143323392898057
2026-04-22 00:00:00+00:00,64.85,65.27,63.01,63.81,-1.0300000000000011,65.80142857142857,-1.3273799526130727
2026-04-23 00:00:00+00:00,63.81,65.52,63.77,64.46,0.6499999999999915,65.62714285714286,-1.0938093279447771
2026-04-24 00:00:00+00:00,64.46,64.61,60.63,60.65,-3.809999999999995,65.02285714285715,-1.9281845231714152
2026-04-25 00:00:00+00:00,60.65,60.84,59.75,60.82,0.1700000000000017,64.05571428571429,-1.7657360954902146
2026-04-26 00:00:00+00:00,60.82,62.4,60.81,61.58,0.759999999999998,63.082857142857144,-1.4699686792024171
2026-04-27 00:00:00+00:00,61.58,61.59,59.15,59.24,-2.3399999999999963,62.199999999999996,-1.9381357579447893
2026-04-28 00:00:00+00:00,59.24,59.8,57.24,57.63,-1.6099999999999994,61.17,-2.17634984961084
2026-04-29 00:00:00+00:00,57.63,57.68,56.04,57.24,-0.39000000000000057,60.23142857142857,-2.1308145833733643
2026-04-30 00:00:00+00:00,57.24,57.38,55.81,56.02,-1.2199999999999989,59.02571428571428,-2.2134691376028988
2026-05-01 00:00:00+00:00,56.02,56.02,54.34,54.74,-1.2800000000000011,58.18142857142857,-2.2762596473980303
2026-05-02 00:00:00+00:00,54.74,54.94,54.1,54.86,0.11999999999999744,57.33,-2.0469582776501087
2026-05-03 00:00:00+00:00,54.86,55.67,54.53,55.28,0.4200000000000017,56.43000000000001,-1.7776995334554233
2026-05-04 00:00:00+00:00,55.28,56.13,55.05,55.86,0.5799999999999983,55.94714285714286,-1.528431430269906
2026-05-05 00:00:00+00:00,55.86,56.22,54.66,55.03,-0.8299999999999983,55.57571428571429,-1.5869186267584845
2026-05-06 00:00:00+00:00,54.46,56.24,54.25,55.56,0.5300000000000011,55.33571428571429,-1.379973042161501
2026-05-07 00:00:00+00:00,55.56,56.08,52.82,54.22,-1.3400000000000034,55.07857142857143,-1.554570789583557
2026-05-08 00:00:00+00:00,54.22,54.72,52.86,53.45,-0.769999999999996,54.89428571428572,-1.5759413969859992
2026-05-09 00:00:00+00:00,53.45,54.0,53.11,53.79,0.3399999999999963,54.74142857142857,-1.3956853718389832
2026-05-10 00:00:00+00:00,53.79,55.14,53.74,54.61,0.8200000000000003,54.645714285714284,-1.1523496717887538
2026-05-11 00:00:00+00:00,54.61,54.62,53.24,53.53,-1.0799999999999983,54.31285714285715,-1.2717672615758566
2026-05-12 00:00:00+00:00,53.53,53.8,52.7,53.33,-0.20000000000000284,54.07,-1.2255632171139037
2026-05-13 00:00:00+00:00,53.34,54.47,52.32,54.2,0.8700000000000045,53.87571428571429,-0.9930845610803638
2026-05-14 00:00:00+00:00,54.2,54.72,53.05,54.21,0.00999999999999801,53.87428571428571,-0.9285537190877385
2026-05-15 00:00:00+00:00,54.21,54.83,52.71,53.33,-0.8800000000000026,53.857142857142854,-1.0364525471599129
2026-05-16 00:00:00+00:00,53.33,55.18,53.1,54.13,0.8000000000000043,53.90571428571429,-0.8195163906112356
2026-05-17 00:00:00+00:00,54.13,55.75,53.48,55.63,1.5,54.05142857142857,-0.4600993522004442
2026-05-18 00:00:00+00:00,55.63,56.6,52.86,52.99,-2.6400000000000006,53.97428571428572,-0.9850651616621402
2026-05-19 00:00:00+00:00,52.08,53.61,52.08,52.15,-0.8400000000000034,53.80571428571428,-1.170688765308902
2026-05-20 00:00:00+00:00,52.15,53.0,51.69,52.0,-0.14999999999999858,53.49142857142857,-1.1743656815625567
2026-05-21 00:00:00+00:00,52.0,52.0,49.34,49.43,-2.5700000000000003,52.80857142857143,-1.8147332527461308
2026-05-22 00:00:00+00:00,49.43,50.56,48.23,50.29,0.8599999999999994,52.37428571428571,-1.5294774830483122
2026-05-23 00:00:00+00:00,50.29,52.38,49.6,50.83,0.5399999999999991,51.902857142857144,-1.3891525688074362
2026-05-24 00:00:00+00:00,50.83,51.83,50.09,51.3,0.46999999999999886,51.284285714285716,-1.1782639760243918
2026-05-25 00:00:00+00:00,51.3,51.31,47.65,47.66,-3.6400000000000006,50.52285714285714,-2.313879979449704
2026-05-26 00:00:00+00:00,47.66,49.01,47.04,48.78,1.1200000000000045,50.041428571428575,-1.90097819575588
2026-05-27 00:00:00+00:00,48.78,49.44,48.64,49.29,0.509999999999998,49.65428571428571,-1.6377806261224208
2026-05-28 00:00:00+00:00,49.29,52.09,49.2,49.24,-0.04999999999999716,49.62714285714286,-1.560036063710754
2026-05-29 00:00:00+00:00,49.24,49.42,48.31,48.59,-0.6499999999999986,49.38428571428572,-1.7029001190439372
2026-05-30 00:00:00+00:00,48.59,49.09,48.33,48.91,0.3199999999999932,49.11,-1.4649474052027673
2026-05-31 00:00:00+00:00,48.91,49.89,48.77,49.63,0.720000000000006,48.87142857142857,-1.0996017712597685
2026-06-01 00:00:00+00:00,49.63,49.83,49.22,49.25,-0.38000000000000256,49.098571428571425,-1.1670958367548936
2026-06-02 00:00:00+00:00,49.26,55.82,49.22,55.62,6.369999999999997,50.075714285714284,1.3266761012772563
2026-06-03 00:00:00+00:00,55.62,60.47,53.66,60.4,4.780000000000001,51.66285714285714,2.773790562717667
2026-06-04 00:00:00+00:00,60.4,66.22,59.3,59.46,-0.9399999999999977,53.12285714285714,2.2118142334961686
2026-06-05 00:00:00+00:00,59.46,71.92,59.43,68.3,8.839999999999996,55.93857142857142,3.6276880248335623
2026-06-06 00:00:00+00:00,68.3,70.14,67.65,69.23,0.9300000000000068,58.84142857142857,3.0521549476199983
2026-06-07 00:00:00+00:00,69.23,69.91,66.54,67.21,-2.0200000000000102,61.35285714285715,2.3139707259446345
2026-06-08 00:00:00+00:00,67.21,67.21,60.91,61.26,-5.949999999999996,63.06857142857143,1.2030910526060465
2026-06-09 00:00:00+00:00,61.26,63.51,60.53,61.31,0.05000000000000426,63.88142857142857,1.146016178330387
2026-06-10 00:00:00+00:00,61.31,62.65,60.42,61.15,-0.1600000000000037,63.988571428571426,1.0562397091416833
2026-06-11 00:00:00+00:00,61.15,61.17,56.84,56.84,-4.309999999999995,63.61428571428571,0.33787644059804456
2026-06-12 00:00:00+00:00,56.75,57.2,55.45,55.52,-1.3200000000000003,61.78857142857144,0.116933041031583
2026-06-13 00:00:00+00:00,55.52,55.85,55.05,55.59,0.07000000000000028,59.839999999999996,0.12080809997309609
2026-06-14 00:00:00+00:00,55.59,55.98,55.24,55.49,-0.10000000000000142,58.16571428571428,0.09303967635408925
2026-06-15 00:00:00+00:00,55.49,55.5,52.92,54.25,-1.240000000000002,57.16428571428571,-0.10860891535611462
2026-06-16 00:00:00+00:00,54.25,56.15,53.63,54.02,-0.22999999999999687,56.12285714285714,-0.1371794117047346
2026-06-17 00:00:00+00:00,54.02,56.79,53.89,55.98,1.9599999999999937,55.38428571428572,0.16454824691710154
2026-06-18 00:00:00+00:00,55.98,58.56,55.44,58.18,2.200000000000003,55.57571428571429,0.48867523259946255
2026-06-19 00:00:00+00:00,58.18,58.8,57.13,57.13,-1.0499999999999972,55.80571428571428,0.29157684918389376
2026-06-20 00:00:00+00:00,57.13,57.4,56.3,56.39,-0.740000000000002,55.92000000000001,0.13563287208134606
2026-06-21 00:00:00+00:00,56.39,58.21,56.31,58.17,1.7800000000000011,56.30285714285714,0.3909082543611602
2026-06-22 00:00:00+00:00,58.17,58.17,55.03,55.82,-2.3500000000000014,56.527142857142856,-0.030317357410589302
2026-06-23 00:00:00+00:00,55.82,57.6,53.51,56.18,0.35999999999999943,56.83571428571428,0.0031408152996656707
2026-06-24 00:00:00+00:00,56.18,60.55,55.45,58.83,2.6499999999999986,57.24285714285715,0.4079125555905308
2026-06-25 00:00:00+00:00,58.83,61.83,57.17,60.76,1.9299999999999997,57.611428571428576,0.6979600459568286
2026-06-26 00:00:00+00:00,60.76,62.94,59.76,59.77,-0.9899999999999949,57.98857142857143,0.4684242171626254
2026-06-27 00:00:00+00:00,59.77,59.9,58.63,59.87,0.09999999999999432,58.48571428571428,0.43736774391710437
2026-06-28 00:00:00+00:00,59.87,61.89,59.6,61.32,1.4500000000000028,58.93571428571429,0.671844412576963
2026-06-29 00:00:00+00:00,61.32,61.44,57.9,57.93,-3.3900000000000006,59.237142857142864,-0.09530841078696184
2026-06-30 00:00:00+00:00,58.31,60.01,58.27,58.98,1.0499999999999972,59.63714285714286,0.07255011670134763
2026-07-01 00:00:00+00:00,58.98,59.23,56.5,56.89,-2.0899999999999963,59.36,-0.5296829238810671
2026-07-02 00:00:00+00:00,56.89,57.09,54.04,55.11,-1.7800000000000011,58.55285714285714,-0.9836735999077071
2026-07-03 00:00:00+00:00,55.11,55.29,51.87,53.55,-1.5600000000000023,57.66428571428571,-1.2915669822123266
2026-07-04 00:00:00+00:00,53.55,53.82,51.89,52.97,-0.5799999999999983,56.67857142857143,-1.3390252105698361
2026-07-05 00:00:00+00:00,52.97,54.5,52.57,53.08,0.10999999999999943,55.50142857142857,-1.2925291522063413
2026-07-06 00:00:00+00:00,53.08,55.05,52.51,52.63,-0.44999999999999574,54.74428571428571,-1.4715811282949036
2026-07-07 00:00:00+00:00,52.93,53.37,52.44,53.27,0.6400000000000006,53.92857142857143,-1.33302343730321
2026-07-08 00:00:00+00:00,53.27,54.79,52.67,53.37,0.09999999999999432,53.42571428571428,-1.223597182900825
2026-07-09 00:00:00+00:00,53.37,53.68,51.81,51.99,-1.3799999999999955,52.980000000000004,-1.6282094537567706
2026-07-10 00:00:00+00:00,51.99,52.19,49.79,49.81,-2.1799999999999997,52.44571428571429,-2.2162040791235977
2026-07-11 00:00:00+00:00,49.81,50.58,49.52,50.58,0.769999999999996,52.104285714285716,-1.7618540888140928
2026-07-12 00:00:00+00:00,50.58,51.38,50.02,50.99,0.4100000000000037,51.80571428571428,-1.5070101641790248
2026-07-13 00:00:00+00:00,50.99,51.78,50.67,51.07,0.0799999999999983,51.58285714285715,-1.3824210007891427
2026-07-14 00:00:00+00:00,51.07,51.14,49.27,49.52,-1.5499999999999972,51.047142857142866,-1.7092889108922524
2026-07-15 00:00:00+00:00,49.52,49.54,47.88,49.03,-0.490000000000002,50.42714285714286,-1.7093580845811553
2026-07-16 00:00:00+00:00,49.03,49.43,48.65,49.2,0.1700000000000017,50.02857142857143,-1.5482674294893721
2026-07-17 00:00:00+00:00,49.2,50.55,48.82,48.96,-0.240000000000002,49.90714285714286,-1.4893663983367067
2026-07-18 00:00:00+00:00,48.96,49.42,48.81,49.28,0.3200000000000003,49.72142857142857,-1.307451696305344
2026-07-19 00:00:00+00:00,49.28,50.02,49.2,49.74,0.46000000000000085,49.542857142857144,-1.1119778153091853
2026-07-20 00:00:00+00:00,49.74,50.54,49.6,50.42,0.6799999999999997,49.45,-0.8836881913359923
2026-07-21 00:00:00+00:00,50.31,51.99,50.28,50.99,0.5700000000000003,49.660000000000004,-0.6899774508283587
2026-07-22 00:00:00+00:00,50.99,51.95,50.81,51.6,0.6099999999999994,50.02714285714286,-0.5012013641487089
2026-07-23 00:00:00+00:00,51.6,51.82,51.27,51.63,0.030000000000001137,50.37428571428571,-0.4572232201871208
2026-07-24 00:00:00+00:00,51.63,51.73,50.1,50.52,-1.1099999999999994,50.597142857142856,-0.6853795767399675
2026-07-25 00:00:00+00:00,50.52,51.58,50.25,51.52,1.0,50.91714285714285,-0.37183398833354087
2026-07-26 00:00:00+00:00,51.52,52.46,51.07,51.7,0.17999999999999972,51.197142857142865,-0.2644655828962591
2026-07-27 00:00:00+00:00,51.7,52.03,50.8,51.87,0.1699999999999946,51.40428571428572,-0.14679391809636858
2026-07-28 00:00:00+00:00,51.87,53.28,51.57,53.02,1.1500000000000057,51.69428571428572,0.38622753558736805
2026-07-29 00:00:00+00:00,53.02,53.33,52.2,52.46,-0.5600000000000023,51.817142857142855,0.26371836939281196
2026-07-30 00:00:00+00:00,52.46,52.48,50.63,50.71,-1.75,51.68571428571429,-0.4716715886798779
2026-07-31 00:00:00+00:00,50.71,50.87,48.69,50.21,-0.5,51.64142857142857,-0.7324005768620293
2026-08-01 00:00:00+00:00,50.21,51.3,49.59,50.8,0.5899999999999963,51.53857142857144,-0.29662444795478293
2026-08-02 00:00:00+00:00,50.8,50.91,49.51,49.74,-1.0599999999999952,51.25857142857143,-0.994555486587477
2026-08-03 00:00:00+00:00,49.74,50.49,49.07,49.18,-0.5600000000000023,50.87428571428571,-1.3187793446237768
2026-08-04 00:00:00+00:00,49.18,49.58,47.77,47.81,-1.3699999999999974,50.13,-2.1136216072035623
2026-08-05 00:00:00+00:00,47.81,48.74,47.68,48.04,0.22999999999999687,49.49857142857143,-1.7888809631987306
2026-08-06 00:00:00+00:00,48.04,48.11,47.68,47.98,-0.060000000000002274,49.10857142857143,-1.7204688755078712
2026-08-07 00:00:00+00:00,47.98,47.99,47.22,47.44,-0.5399999999999991,48.712857142857146,-1.9670569877770143
2026-08-08 00:00:00+00:00,47.44,48.1,47.44,48.08,0.6400000000000006,48.324285714285715,-1.4149969053417146
2026-08-09 00:00:00+00:00,48.08,49.12,48.08,49.1,1.0200000000000031,48.23285714285714,-0.6893023206200843
2026-08-10 00:00:00+00:00,49.1,49.88,48.88,49.72,0.6199999999999974,48.309999999999995,-0.24518680858975314
2026-08-11 00:00:00+00:00,49.53,49.65,49.09,49.3,-0.4200000000000017,48.52285714285714,-0.4957850731367019
2026-08-12 00:00:00+00:00,49.3,50.02,49.14,49.36,0.060000000000002274,48.71142857142858,-0.4179635775579425
2026-08-13 00:00:00+00:00,49.36,49.63,48.47,48.54,-0.8200000000000003,48.79142857142857,-0.9485201083757704
2026-08-14 00:00:00+00:00,48.54,48.58,47.01,47.18,-1.3599999999999994,48.75428571428571,-1.7430115433312185
2026-08-15 00:00:00+00:00,47.18,47.54,46.95,47.54,0.35999999999999943,48.67714285714286,-1.4243538064648174
2026-08-16 00:00:00+00:00,47.54,47.72,47.35,47.49,-0.04999999999999716,48.44714285714286,-1.3826176907629106
2026-08-17 00:00:00+00:00,47.49,47.62,44.74,46.29,-1.2000000000000028,47.957142857142856,-1.915223546727993
2026-08-18 00:00:00+00:00,45.71,46.4,45.39,46.1,-0.18999999999999773,47.5,-1.8333452876774348
2026-08-19 00:00:00+00:00,46.1,56.89,46.09,52.54,6.439999999999998,47.95428571428572,1.4987364079273415
2026-08-20 00:00:00+00:00,52.54,53.61,50.21,52.57,0.030000000000001137,48.53000000000001,1.4436111923878423
2026-08-21 00:00:00+00:00,52.57,58.41,52.56,57.73,5.159999999999997,50.037142857142854,3.178771779232789
2026-08-22 00:00:00+00:00,57.73,59.04,56.27,57.01,-0.7199999999999989,51.39,2.5031672786995487
2026-08-23 00:00:00+00:00,57.01,60.36,56.68,60.31,3.3000000000000043,53.22142857142857,2.9626831967224927
2026-08-24 00:00:00+00:00,60.31,60.49,58.42,58.44,-1.8700000000000045,54.95714285714286,2.1409888151494876
2026-08-25 00:00:00+00:00,58.45,58.65,57.66,58.15,-0.28999999999999915,56.67857142857143,1.8759716561948439
2026-08-26 00:00:00+00:00,58.15,58.66,55.39,56.06,-2.0899999999999963,57.18142857142857,1.268654164502589
2026-08-27 00:00:00+00:00,56.06,58.42,54.91,57.08,1.019999999999996,57.825714285714284,1.439523971152893
2026-08-28 00:00:00+00:00,57.08,57.08,50.85,50.85,-6.229999999999997,56.84285714285715,-0.04701879063489844
2026-08-29 00:00:00+00:00,50.85,51.11,49.71,51.11,0.259999999999998,56.0,0.01245938571640736
2026-08-30 00:00:00+00:00,51.11,51.98,50.77,51.76,0.6499999999999986,54.77857142857143,0.15679544679001717
2026-08-31 00:00:00+00:00,51.76,51.98,50.45,51.31,-0.44999999999999574,53.76,0.04414681766104392
2026-09-01 00:00:00+00:00,51.31,52.06,50.0,51.83,0.519999999999996,52.857142857142854,0.15302702965430165
2026-09-02 00:00:00+00:00,51.83,51.85,50.75,50.92,-0.9099999999999966,52.12285714285714,-0.08119778390512296
2026-09-03 00:00:00+00:00,50.92,53.42,50.43,53.28,2.3599999999999994,51.58,0.451183812981624
2026-09-04 00:00:00+00:00,53.28,53.39,51.07,51.09,-2.1899999999999977,51.614285714285714,-0.11119376615178345
2026-09-05 00:00:00+00:00,50.47,51.77,50.34,51.72,0.6299999999999955,51.70142857142857,0.01424272349788414
2026-09-06 00:00:00+00:00,51.72,53.23,51.5,53.19,1.4699999999999989,51.90571428571428,0.3417812923646657
2026-09-07 00:00:00+00:00,53.19,53.19,52.16,52.6,-0.5899999999999963,52.089999999999996,0.1546927998240107
2026-09-08 00:00:00+00:00,52.6,54.06,52.55,53.86,1.259999999999998,52.379999999999995,0.444346722014953
2026-09-09 00:00:00+00:00,53.86,55.25,53.33,53.73,-0.13000000000000256,52.78142857142857,0.3770699504277039
2026-09-10 00:00:00+00:00,53.73,54.18,53.01,53.36,-0.36999999999999744,52.792857142857144,0.2464977742283135
2026-09-11 00:00:00+00:00,53.36,53.97,51.76,51.76,-1.6000000000000014,52.888571428571424,-0.20267395251103182
2026-09-12 00:00:00+00:00,51.76,53.11,51.5,52.61,0.8500000000000014,53.01571428571429,-0.010713005070600676
2026-09-13 00:00:00+00:00,52.61,54.49,52.58,54.29,1.6799999999999997,53.17285714285714,0.40104232975624643
2026-09-14 00:00:00+00:00,54.29,55.78,53.2,54.92,0.6300000000000026,53.50428571428571,0.5307088585475456
2026-09-15 00:00:00+00:00,54.71,57.29,54.42,55.19,0.269999999999996,53.694285714285705,0.5604338944814606
2026-09-16 00:00:00+00:00,55.19,55.19,52.72,52.83,-2.3599999999999994,53.565714285714286,-0.2655382273732963
2026-09-17 00:00:00+00:00,52.83,53.41,50.1,50.11,-2.719999999999999,53.10142857142857,-1.3706763226840895
2026-09-18 00:00:00+00:00,50.11,51.16,49.65,49.92,-0.18999999999999773,52.83857142857143,-1.3666908251763008
2026-09-19 00:00:00+00:00,49.92,51.21,49.64,50.81,0.8900000000000006,52.58142857142857,-1.0037081261581715
2026-09-20 00:00:00+00:00,50.81,51.26,50.03,50.12,-0.6900000000000048,51.98571428571429,-1.1795472405806893
