series_id,alias,observation_date,initial_release_date,value
BAMLH0A0HYM2,alfred_hy_oas_initial,2023-09-19,2023-09-19,3.82
BAMLH0A0HYM2,alfred_hy_oas_initial,2023-09-20,2023-09-20,3.77
BAMLH0A0HYM2,alfred_hy_oas_initial,2023-09-21,2023-09-21,3.89
BAMLH0A0HYM2,alfred_hy_oas_initial,2023-09-22,2023-09-22,3.93
BAMLH0A0HYM2,alfred_hy_oas_initial,2023-09-25,2023-09-25,3.97
BAMLH0A0HYM2,alfred_hy_oas_initial,2023-09-26,2023-09-26,4.04
BAMLH0A0HYM2,alfred_hy_oas_initial,2023-09-27,2023-09-27,4.03
BAMLH0A0HYM2,alfred_hy_oas_initial,2023-09-28,2023-09-28,4.09
BAMLH0A0HYM2,alfred_hy_oas_initial,2023-09-29,2023-09-29,4.03
BAMLH0A0HYM2,alfred_hy_oas_initial,2023-09-30,2023-09-30,4.03
BAMLH0A0HYM2,alfred_hy_oas_initial,2023-10-02,2023-10-02,4.11
BAMLH0A0HYM2,alfred_hy_oas_initial,2023-10-03,2023-10-03,4.26
BAMLH0A0HYM2,alfred_hy_oas_initial,2023-10-04,2023-10-04,4.37
BAMLH0A0HYM2,alfred_hy_oas_initial,2023-10-05,2023-10-05,4.38
BAMLH0A0HYM2,alfred_hy_oas_initial,2023-10-06,2023-10-06,4.33
BAMLH0A0HYM2,alfred_hy_oas_initial,2023-10-09,2023-10-09,4.34
BAMLH0A0HYM2,alfred_hy_oas_initial,2023-10-10,2023-10-10,4.26
BAMLH0A0HYM2,alfred_hy_oas_initial,2023-10-11,2023-10-11,4.25
BAMLH0A0HYM2,alfred_hy_oas_initial,2023-10-12,2023-10-12,4.25
BAMLH0A0HYM2,alfred_hy_oas_initial,2023-10-13,2023-10-13,4.3
BAMLH0A0HYM2,alfred_hy_oas_initial,2023-10-16,2023-10-16,4.27
BAMLH0A0HYM2,alfred_hy_oas_initial,2023-10-17,2023-10-17,4.25
BAMLH0A0HYM2,alfred_hy_oas_initial,2023-10-18,2023-10-18,4.32
BAMLH0A0HYM2,alfred_hy_oas_initial,2023-10-19,2023-10-19,4.37
BAMLH0A0HYM2,alfred_hy_oas_initial,2023-10-20,2023-10-20,4.52
BAMLH0A0HYM2,alfred_hy_oas_initial,2023-10-23,2023-10-23,4.51
BAMLH0A0HYM2,alfred_hy_oas_initial,2023-10-24,2023-10-24,4.41
BAMLH0A0HYM2,alfred_hy_oas_initial,2023-10-25,2023-10-25,4.37
BAMLH0A0HYM2,alfred_hy_oas_initial,2023-10-26,2023-10-26,4.5
BAMLH0A0HYM2,alfred_hy_oas_initial,2023-10-27,2023-10-27,4.53
BAMLH0A0HYM2,alfred_hy_oas_initial,2023-10-30,2023-10-30,4.5
BAMLH0A0HYM2,alfred_hy_oas_initial,2023-10-31,2023-10-31,4.42
BAMLH0A0HYM2,alfred_hy_oas_initial,2023-11-01,2023-11-01,4.47
BAMLH0A0HYM2,alfred_hy_oas_initial,2023-11-02,2023-11-02,4.15
BAMLH0A0HYM2,alfred_hy_oas_initial,2023-11-03,2023-11-03,4.04
BAMLH0A0HYM2,alfred_hy_oas_initial,2023-11-06,2023-11-06,4.0
BAMLH0A0HYM2,alfred_hy_oas_initial,2023-11-07,2023-11-07,4.08
BAMLH0A0HYM2,alfred_hy_oas_initial,2023-11-08,2023-11-08,4.08
BAMLH0A0HYM2,alfred_hy_oas_initial,2023-11-09,2023-11-09,4.04
BAMLH0A0HYM2,alfred_hy_oas_initial,2023-11-10,2023-11-10,4.03
BAMLH0A0HYM2,alfred_hy_oas_initial,2023-11-13,2023-11-13,4.03
BAMLH0A0HYM2,alfred_hy_oas_initial,2023-11-14,2023-11-14,3.92
BAMLH0A0HYM2,alfred_hy_oas_initial,2023-11-15,2023-11-15,3.89
BAMLH0A0HYM2,alfred_hy_oas_initial,2023-11-16,2023-11-16,4.02
BAMLH0A0HYM2,alfred_hy_oas_initial,2023-11-17,2023-11-17,3.99
BAMLH0A0HYM2,alfred_hy_oas_initial,2023-11-20,2023-11-20,3.92
BAMLH0A0HYM2,alfred_hy_oas_initial,2023-11-21,2023-11-21,3.95
BAMLH0A0HYM2,alfred_hy_oas_initial,2023-11-22,2023-11-22,3.9
BAMLH0A0HYM2,alfred_hy_oas_initial,2023-11-23,2023-11-23,3.9
BAMLH0A0HYM2,alfred_hy_oas_initial,2023-11-24,2023-11-24,3.85
BAMLH0A0HYM2,alfred_hy_oas_initial,2023-11-27,2023-11-27,3.89
BAMLH0A0HYM2,alfred_hy_oas_initial,2023-11-28,2023-11-28,3.9
BAMLH0A0HYM2,alfred_hy_oas_initial,2023-11-29,2023-11-29,3.8
BAMLH0A0HYM2,alfred_hy_oas_initial,2023-11-30,2023-11-30,3.84
BAMLH0A0HYM2,alfred_hy_oas_initial,2023-12-01,2023-12-01,3.87
BAMLH0A0HYM2,alfred_hy_oas_initial,2023-12-04,2023-12-04,3.8
BAMLH0A0HYM2,alfred_hy_oas_initial,2023-12-05,2023-12-05,3.8
BAMLH0A0HYM2,alfred_hy_oas_initial,2023-12-06,2023-12-06,3.79
BAMLH0A0HYM2,alfred_hy_oas_initial,2023-12-07,2023-12-07,3.77
BAMLH0A0HYM2,alfred_hy_oas_initial,2023-12-08,2023-12-08,3.75
BAMLH0A0HYM2,alfred_hy_oas_initial,2023-12-11,2023-12-11,3.79
BAMLH0A0HYM2,alfred_hy_oas_initial,2023-12-12,2023-12-12,3.76
BAMLH0A0HYM2,alfred_hy_oas_initial,2023-12-13,2023-12-13,3.79
BAMLH0A0HYM2,alfred_hy_oas_initial,2023-12-14,2023-12-14,3.47
BAMLH0A0HYM2,alfred_hy_oas_initial,2023-12-15,2023-12-15,3.51
BAMLH0A0HYM2,alfred_hy_oas_initial,2023-12-18,2023-12-18,3.51
BAMLH0A0HYM2,alfred_hy_oas_initial,2023-12-19,2023-12-19,3.46
BAMLH0A0HYM2,alfred_hy_oas_initial,2023-12-20,2023-12-20,3.43
BAMLH0A0HYM2,alfred_hy_oas_initial,2023-12-21,2023-12-21,3.41
BAMLH0A0HYM2,alfred_hy_oas_initial,2023-12-22,2023-12-22,3.39
BAMLH0A0HYM2,alfred_hy_oas_initial,2023-12-26,2023-12-26,3.37
BAMLH0A0HYM2,alfred_hy_oas_initial,2023-12-27,2023-12-27,3.34
BAMLH0A0HYM2,alfred_hy_oas_initial,2023-12-28,2023-12-28,3.32
BAMLH0A0HYM2,alfred_hy_oas_initial,2023-12-29,2023-12-29,3.34
BAMLH0A0HYM2,alfred_hy_oas_initial,2023-12-31,2023-12-31,3.39
BAMLH0A0HYM2,alfred_hy_oas_initial,2024-01-02,2024-01-02,3.54
BAMLH0A0HYM2,alfred_hy_oas_initial,2024-01-03,2024-01-03,3.71
BAMLH0A0HYM2,alfred_hy_oas_initial,2024-01-04,2024-01-04,3.69
BAMLH0A0HYM2,alfred_hy_oas_initial,2024-01-05,2024-01-05,3.68
BAMLH0A0HYM2,alfred_hy_oas_initial,2024-01-08,2024-01-08,3.63
BAMLH0A0HYM2,alfred_hy_oas_initial,2024-01-09,2024-01-09,3.59
BAMLH0A0HYM2,alfred_hy_oas_initial,2024-01-10,2024-01-10,3.5
BAMLH0A0HYM2,alfred_hy_oas_initial,2024-01-11,2024-01-11,3.55
BAMLH0A0HYM2,alfred_hy_oas_initial,2024-01-12,2024-01-12,3.56
BAMLH0A0HYM2,alfred_hy_oas_initial,2024-01-15,2024-01-15,3.54
BAMLH0A0HYM2,alfred_hy_oas_initial,2024-01-16,2024-01-16,3.58
BAMLH0A0HYM2,alfred_hy_oas_initial,2024-01-17,2024-01-17,3.62
BAMLH0A0HYM2,alfred_hy_oas_initial,2024-01-18,2024-01-18,3.58
BAMLH0A0HYM2,alfred_hy_oas_initial,2024-01-19,2024-01-19,3.54
BAMLH0A0HYM2,alfred_hy_oas_initial,2024-01-22,2024-01-22,3.49
BAMLH0A0HYM2,alfred_hy_oas_initial,2024-01-23,2024-01-23,3.51
BAMLH0A0HYM2,alfred_hy_oas_initial,2024-01-24,2024-01-24,3.44
BAMLH0A0HYM2,alfred_hy_oas_initial,2024-01-25,2024-01-25,3.45
BAMLH0A0HYM2,alfred_hy_oas_initial,2024-01-26,2024-01-26,3.39
BAMLH0A0HYM2,alfred_hy_oas_initial,2024-01-29,2024-01-29,3.41
BAMLH0A0HYM2,alfred_hy_oas_initial,2024-01-30,2024-01-30,3.42
BAMLH0A0HYM2,alfred_hy_oas_initial,2024-01-31,2024-01-31,3.59
BAMLH0A0HYM2,alfred_hy_oas_initial,2024-02-01,2024-02-01,3.56
BAMLH0A0HYM2,alfred_hy_oas_initial,2024-02-02,2024-02-02,3.47
BAMLH0A0HYM2,alfred_hy_oas_initial,2024-02-05,2024-02-05,3.5
BAMLH0A0HYM2,alfred_hy_oas_initial,2024-02-06,2024-02-06,3.52
BAMLH0A0HYM2,alfred_hy_oas_initial,2024-02-07,2024-02-07,3.43
BAMLH0A0HYM2,alfred_hy_oas_initial,2024-02-08,2024-02-08,3.38
BAMLH0A0HYM2,alfred_hy_oas_initial,2024-02-09,2024-02-09,3.33
BAMLH0A0HYM2,alfred_hy_oas_initial,2024-02-12,2024-02-12,3.35
BAMLH0A0HYM2,alfred_hy_oas_initial,2024-02-13,2024-02-13,3.36
BAMLH0A0HYM2,alfred_hy_oas_initial,2024-02-14,2024-02-14,3.38
BAMLH0A0HYM2,alfred_hy_oas_initial,2024-02-15,2024-02-15,3.35
BAMLH0A0HYM2,alfred_hy_oas_initial,2024-02-16,2024-02-16,3.34
BAMLH0A0HYM2,alfred_hy_oas_initial,2024-02-19,2024-02-19,3.34
BAMLH0A0HYM2,alfred_hy_oas_initial,2024-02-20,2024-02-20,3.37
BAMLH0A0HYM2,alfred_hy_oas_initial,2024-02-21,2024-02-21,3.34
BAMLH0A0HYM2,alfred_hy_oas_initial,2024-02-22,2024-02-22,3.22
BAMLH0A0HYM2,alfred_hy_oas_initial,2024-02-23,2024-02-23,3.23
BAMLH0A0HYM2,alfred_hy_oas_initial,2024-02-26,2024-02-26,3.23
BAMLH0A0HYM2,alfred_hy_oas_initial,2024-02-27,2024-02-27,3.26
BAMLH0A0HYM2,alfred_hy_oas_initial,2024-02-28,2024-02-28,3.31
BAMLH0A0HYM2,alfred_hy_oas_initial,2024-02-29,2024-02-29,3.29
BAMLH0A0HYM2,alfred_hy_oas_initial,2024-03-01,2024-03-01,3.32
BAMLH0A0HYM2,alfred_hy_oas_initial,2024-03-04,2024-03-04,3.26
BAMLH0A0HYM2,alfred_hy_oas_initial,2024-03-05,2024-03-05,3.31
BAMLH0A0HYM2,alfred_hy_oas_initial,2024-03-06,2024-03-06,3.27
BAMLH0A0HYM2,alfred_hy_oas_initial,2024-03-07,2024-03-07,3.27
BAMLH0A0HYM2,alfred_hy_oas_initial,2024-03-08,2024-03-08,3.26
BAMLH0A0HYM2,alfred_hy_oas_initial,2024-03-11,2024-03-11,3.26
BAMLH0A0HYM2,alfred_hy_oas_initial,2024-03-12,2024-03-12,3.2
BAMLH0A0HYM2,alfred_hy_oas_initial,2024-03-13,2024-03-13,3.15
BAMLH0A0HYM2,alfred_hy_oas_initial,2024-03-14,2024-03-14,3.15
BAMLH0A0HYM2,alfred_hy_oas_initial,2024-03-15,2024-03-15,3.16
BAMLH0A0HYM2,alfred_hy_oas_initial,2024-03-18,2024-03-18,3.13
BAMLH0A0HYM2,alfred_hy_oas_initial,2024-03-19,2024-03-19,3.1
BAMLH0A0HYM2,alfred_hy_oas_initial,2024-03-20,2024-03-20,3.14
BAMLH0A0HYM2,alfred_hy_oas_initial,2024-03-21,2024-03-21,3.05
BAMLH0A0HYM2,alfred_hy_oas_initial,2024-03-22,2024-03-22,3.08
BAMLH0A0HYM2,alfred_hy_oas_initial,2024-03-25,2024-03-25,3.11
BAMLH0A0HYM2,alfred_hy_oas_initial,2024-03-26,2024-03-26,3.15
BAMLH0A0HYM2,alfred_hy_oas_initial,2024-03-27,2024-03-27,3.15
BAMLH0A0HYM2,alfred_hy_oas_initial,2024-03-28,2024-03-28,3.12
BAMLH0A0HYM2,alfred_hy_oas_initial,2024-03-31,2024-03-31,3.15
BAMLH0A0HYM2,alfred_hy_oas_initial,2024-04-01,2024-04-01,3.12
BAMLH0A0HYM2,alfred_hy_oas_initial,2024-04-02,2024-04-02,3.23
BAMLH0A0HYM2,alfred_hy_oas_initial,2024-04-03,2024-04-03,3.23
BAMLH0A0HYM2,alfred_hy_oas_initial,2024-04-04,2024-04-04,3.24
BAMLH0A0HYM2,alfred_hy_oas_initial,2024-04-05,2024-04-05,3.18
BAMLH0A0HYM2,alfred_hy_oas_initial,2024-04-08,2024-04-08,3.15
BAMLH0A0HYM2,alfred_hy_oas_initial,2024-04-09,2024-04-09,3.14
BAMLH0A0HYM2,alfred_hy_oas_initial,2024-04-10,2024-04-10,3.1
BAMLH0A0HYM2,alfred_hy_oas_initial,2024-04-11,2024-04-11,3.16
BAMLH0A0HYM2,alfred_hy_oas_initial,2024-04-12,2024-04-12,3.25
BAMLH0A0HYM2,alfred_hy_oas_initial,2024-04-15,2024-04-15,3.28
BAMLH0A0HYM2,alfred_hy_oas_initial,2024-04-16,2024-04-16,3.36
BAMLH0A0HYM2,alfred_hy_oas_initial,2024-04-17,2024-04-17,3.42
BAMLH0A0HYM2,alfred_hy_oas_initial,2024-04-18,2024-04-18,3.39
BAMLH0A0HYM2,alfred_hy_oas_initial,2024-04-19,2024-04-19,3.37
BAMLH0A0HYM2,alfred_hy_oas_initial,2024-04-22,2024-04-22,3.29
BAMLH0A0HYM2,alfred_hy_oas_initial,2024-04-23,2024-04-23,3.2
BAMLH0A0HYM2,alfred_hy_oas_initial,2024-04-24,2024-04-24,3.19
BAMLH0A0HYM2,alfred_hy_oas_initial,2024-04-25,2024-04-25,3.24
BAMLH0A0HYM2,alfred_hy_oas_initial,2024-04-26,2024-04-26,3.16
BAMLH0A0HYM2,alfred_hy_oas_initial,2024-04-29,2024-04-29,3.12
BAMLH0A0HYM2,alfred_hy_oas_initial,2024-04-30,2024-04-30,3.18
BAMLH0A0HYM2,alfred_hy_oas_initial,2024-05-01,2024-05-01,3.21
BAMLH0A0HYM2,alfred_hy_oas_initial,2024-05-02,2024-05-02,3.16
BAMLH0A0HYM2,alfred_hy_oas_initial,2024-05-03,2024-05-03,3.08
BAMLH0A0HYM2,alfred_hy_oas_initial,2024-05-06,2024-05-06,3.03
BAMLH0A0HYM2,alfred_hy_oas_initial,2024-05-07,2024-05-07,3.06
BAMLH0A0HYM2,alfred_hy_oas_initial,2024-05-08,2024-05-08,3.1
BAMLH0A0HYM2,alfred_hy_oas_initial,2024-05-09,2024-05-09,3.14
BAMLH0A0HYM2,alfred_hy_oas_initial,2024-05-10,2024-05-10,3.12
BAMLH0A0HYM2,alfred_hy_oas_initial,2024-05-13,2024-05-13,3.14
BAMLH0A0HYM2,alfred_hy_oas_initial,2024-05-14,2024-05-14,3.14
BAMLH0A0HYM2,alfred_hy_oas_initial,2024-05-15,2024-05-15,3.13
BAMLH0A0HYM2,alfred_hy_oas_initial,2024-05-16,2024-05-16,3.08
BAMLH0A0HYM2,alfred_hy_oas_initial,2024-05-17,2024-05-17,3.09
BAMLH0A0HYM2,alfred_hy_oas_initial,2024-05-20,2024-05-20,3.07
BAMLH0A0HYM2,alfred_hy_oas_initial,2024-05-21,2024-05-21,3.07
BAMLH0A0HYM2,alfred_hy_oas_initial,2024-05-22,2024-05-22,3.11
BAMLH0A0HYM2,alfred_hy_oas_initial,2024-05-23,2024-05-23,3.1
BAMLH0A0HYM2,alfred_hy_oas_initial,2024-05-24,2024-05-24,3.11
BAMLH0A0HYM2,alfred_hy_oas_initial,2024-05-27,2024-05-27,3.12
BAMLH0A0HYM2,alfred_hy_oas_initial,2024-05-28,2024-05-28,3.09
BAMLH0A0HYM2,alfred_hy_oas_initial,2024-05-29,2024-05-29,3.15
BAMLH0A0HYM2,alfred_hy_oas_initial,2024-05-30,2024-05-30,3.19
BAMLH0A0HYM2,alfred_hy_oas_initial,2024-05-31,2024-05-31,3.2
BAMLH0A0HYM2,alfred_hy_oas_initial,2024-06-03,2024-06-03,3.17
BAMLH0A0HYM2,alfred_hy_oas_initial,2024-06-04,2024-06-04,3.22
BAMLH0A0HYM2,alfred_hy_oas_initial,2024-06-05,2024-06-05,3.2
BAMLH0A0HYM2,alfred_hy_oas_initial,2024-06-06,2024-06-06,3.2
BAMLH0A0HYM2,alfred_hy_oas_initial,2024-06-07,2024-06-07,3.15
BAMLH0A0HYM2,alfred_hy_oas_initial,2024-06-10,2024-06-10,3.15
BAMLH0A0HYM2,alfred_hy_oas_initial,2024-06-11,2024-06-11,3.19
BAMLH0A0HYM2,alfred_hy_oas_initial,2024-06-12,2024-06-12,3.09
BAMLH0A0HYM2,alfred_hy_oas_initial,2024-06-13,2024-06-13,3.2
BAMLH0A0HYM2,alfred_hy_oas_initial,2024-06-14,2024-06-14,3.29
BAMLH0A0HYM2,alfred_hy_oas_initial,2024-06-17,2024-06-17,3.26
BAMLH0A0HYM2,alfred_hy_oas_initial,2024-06-18,2024-06-18,3.24
BAMLH0A0HYM2,alfred_hy_oas_initial,2024-06-19,2024-06-19,3.24
BAMLH0A0HYM2,alfred_hy_oas_initial,2024-06-20,2024-06-20,3.23
BAMLH0A0HYM2,alfred_hy_oas_initial,2024-06-21,2024-06-21,3.21
BAMLH0A0HYM2,alfred_hy_oas_initial,2024-06-24,2024-06-24,3.19
BAMLH0A0HYM2,alfred_hy_oas_initial,2024-06-25,2024-06-25,3.19
BAMLH0A0HYM2,alfred_hy_oas_initial,2024-06-26,2024-06-26,3.18
BAMLH0A0HYM2,alfred_hy_oas_initial,2024-06-27,2024-06-27,3.21
BAMLH0A0HYM2,alfred_hy_oas_initial,2024-06-28,2024-06-28,3.18
BAMLH0A0HYM2,alfred_hy_oas_initial,2024-06-30,2024-06-30,3.21
BAMLH0A0HYM2,alfred_hy_oas_initial,2024-07-01,2024-07-01,3.21
BAMLH0A0HYM2,alfred_hy_oas_initial,2024-07-02,2024-07-02,3.23
BAMLH0A0HYM2,alfred_hy_oas_initial,2024-07-03,2024-07-03,3.25
BAMLH0A0HYM2,alfred_hy_oas_initial,2024-07-04,2024-07-04,3.25
BAMLH0A0HYM2,alfred_hy_oas_initial,2024-07-05,2024-07-05,3.27
BAMLH0A0HYM2,alfred_hy_oas_initial,2024-07-08,2024-07-08,3.2
BAMLH0A0HYM2,alfred_hy_oas_initial,2024-07-09,2024-07-09,3.21
BAMLH0A0HYM2,alfred_hy_oas_initial,2024-07-10,2024-07-10,3.17
BAMLH0A0HYM2,alfred_hy_oas_initial,2024-07-11,2024-07-11,3.18
BAMLH0A0HYM2,alfred_hy_oas_initial,2024-07-12,2024-07-12,3.19
BAMLH0A0HYM2,alfred_hy_oas_initial,2024-07-15,2024-07-15,3.13
BAMLH0A0HYM2,alfred_hy_oas_initial,2024-07-16,2024-07-16,3.08
BAMLH0A0HYM2,alfred_hy_oas_initial,2024-07-17,2024-07-17,3.09
BAMLH0A0HYM2,alfred_hy_oas_initial,2024-07-18,2024-07-18,3.09
BAMLH0A0HYM2,alfred_hy_oas_initial,2024-07-19,2024-07-19,3.09
BAMLH0A0HYM2,alfred_hy_oas_initial,2024-07-22,2024-07-22,3.05
BAMLH0A0HYM2,alfred_hy_oas_initial,2024-07-23,2024-07-23,3.02
BAMLH0A0HYM2,alfred_hy_oas_initial,2024-07-24,2024-07-24,3.1
BAMLH0A0HYM2,alfred_hy_oas_initial,2024-07-25,2024-07-25,3.08
BAMLH0A0HYM2,alfred_hy_oas_initial,2024-07-26,2024-07-26,3.1
BAMLH0A0HYM2,alfred_hy_oas_initial,2024-07-29,2024-07-29,3.13
BAMLH0A0HYM2,alfred_hy_oas_initial,2024-07-30,2024-07-30,3.2
BAMLH0A0HYM2,alfred_hy_oas_initial,2024-07-31,2024-07-31,3.25
BAMLH0A0HYM2,alfred_hy_oas_initial,2024-08-01,2024-08-01,3.35
BAMLH0A0HYM2,alfred_hy_oas_initial,2024-08-02,2024-08-02,3.72
BAMLH0A0HYM2,alfred_hy_oas_initial,2024-08-05,2024-08-05,3.93
BAMLH0A0HYM2,alfred_hy_oas_initial,2024-08-06,2024-08-06,3.67
BAMLH0A0HYM2,alfred_hy_oas_initial,2024-08-07,2024-08-07,3.57
BAMLH0A0HYM2,alfred_hy_oas_initial,2024-08-08,2024-08-08,3.48
BAMLH0A0HYM2,alfred_hy_oas_initial,2024-08-09,2024-08-09,3.49
BAMLH0A0HYM2,alfred_hy_oas_initial,2024-08-12,2024-08-12,3.52
BAMLH0A0HYM2,alfred_hy_oas_initial,2024-08-13,2024-08-13,3.54
BAMLH0A0HYM2,alfred_hy_oas_initial,2024-08-14,2024-08-14,3.46
BAMLH0A0HYM2,alfred_hy_oas_initial,2024-08-15,2024-08-15,3.31
BAMLH0A0HYM2,alfred_hy_oas_initial,2024-08-16,2024-08-16,3.29
BAMLH0A0HYM2,alfred_hy_oas_initial,2024-08-19,2024-08-19,3.21
BAMLH0A0HYM2,alfred_hy_oas_initial,2024-08-20,2024-08-20,3.25
BAMLH0A0HYM2,alfred_hy_oas_initial,2024-08-21,2024-08-21,3.27
BAMLH0A0HYM2,alfred_hy_oas_initial,2024-08-22,2024-08-22,3.21
BAMLH0A0HYM2,alfred_hy_oas_initial,2024-08-23,2024-08-23,3.19
BAMLH0A0HYM2,alfred_hy_oas_initial,2024-08-26,2024-08-26,3.15
BAMLH0A0HYM2,alfred_hy_oas_initial,2024-08-27,2024-08-27,3.17
BAMLH0A0HYM2,alfred_hy_oas_initial,2024-08-28,2024-08-28,3.19
BAMLH0A0HYM2,alfred_hy_oas_initial,2024-08-29,2024-08-29,3.15
BAMLH0A0HYM2,alfred_hy_oas_initial,2024-08-30,2024-08-30,3.13
BAMLH0A0HYM2,alfred_hy_oas_initial,2024-08-31,2024-08-31,3.17
BAMLH0A0HYM2,alfred_hy_oas_initial,2024-09-02,2024-09-02,3.17
BAMLH0A0HYM2,alfred_hy_oas_initial,2024-09-03,2024-09-03,3.31
BAMLH0A0HYM2,alfred_hy_oas_initial,2024-09-04,2024-09-04,3.35
BAMLH0A0HYM2,alfred_hy_oas_initial,2024-09-05,2024-09-05,3.29
BAMLH0A0HYM2,alfred_hy_oas_initial,2024-09-06,2024-09-06,3.39
BAMLH0A0HYM2,alfred_hy_oas_initial,2024-09-09,2024-09-09,3.36
BAMLH0A0HYM2,alfred_hy_oas_initial,2024-09-10,2024-09-10,3.46
BAMLH0A0HYM2,alfred_hy_oas_initial,2024-09-11,2024-09-11,3.44
BAMLH0A0HYM2,alfred_hy_oas_initial,2024-09-12,2024-09-12,3.39
BAMLH0A0HYM2,alfred_hy_oas_initial,2024-09-13,2024-09-13,3.37
BAMLH0A0HYM2,alfred_hy_oas_initial,2024-09-16,2024-09-16,3.32
BAMLH0A0HYM2,alfred_hy_oas_initial,2024-09-17,2024-09-17,3.25
BAMLH0A0HYM2,alfred_hy_oas_initial,2024-09-18,2024-09-18,3.21
BAMLH0A0HYM2,alfred_hy_oas_initial,2024-09-19,2024-09-19,3.1
BAMLH0A0HYM2,alfred_hy_oas_initial,2024-09-20,2024-09-20,3.15
BAMLH0A0HYM2,alfred_hy_oas_initial,2024-09-23,2024-09-23,3.15
BAMLH0A0HYM2,alfred_hy_oas_initial,2024-09-24,2024-09-24,3.21
BAMLH0A0HYM2,alfred_hy_oas_initial,2024-09-25,2024-09-25,3.19
BAMLH0A0HYM2,alfred_hy_oas_initial,2024-09-26,2024-09-26,3.14
BAMLH0A0HYM2,alfred_hy_oas_initial,2024-09-27,2024-09-27,3.14
BAMLH0A0HYM2,alfred_hy_oas_initial,2024-09-30,2024-09-30,3.03
BAMLH0A0HYM2,alfred_hy_oas_initial,2024-10-01,2024-10-01,3.07
BAMLH0A0HYM2,alfred_hy_oas_initial,2024-10-02,2024-10-02,3.06
BAMLH0A0HYM2,alfred_hy_oas_initial,2024-10-03,2024-10-03,3.04
BAMLH0A0HYM2,alfred_hy_oas_initial,2024-10-04,2024-10-04,2.89
BAMLH0A0HYM2,alfred_hy_oas_initial,2024-10-07,2024-10-07,2.95
BAMLH0A0HYM2,alfred_hy_oas_initial,2024-10-08,2024-10-08,2.99
BAMLH0A0HYM2,alfred_hy_oas_initial,2024-10-09,2024-10-09,2.94
BAMLH0A0HYM2,alfred_hy_oas_initial,2024-10-10,2024-10-10,2.99
BAMLH0A0HYM2,alfred_hy_oas_initial,2024-10-11,2024-10-11,2.98
BAMLH0A0HYM2,alfred_hy_oas_initial,2024-10-14,2024-10-14,2.97
BAMLH0A0HYM2,alfred_hy_oas_initial,2024-10-15,2024-10-15,2.93
BAMLH0A0HYM2,alfred_hy_oas_initial,2024-10-16,2024-10-16,2.9
BAMLH0A0HYM2,alfred_hy_oas_initial,2024-10-17,2024-10-17,2.89
BAMLH0A0HYM2,alfred_hy_oas_initial,2024-10-18,2024-10-18,2.88
BAMLH0A0HYM2,alfred_hy_oas_initial,2024-10-21,2024-10-21,2.88
BAMLH0A0HYM2,alfred_hy_oas_initial,2024-10-22,2024-10-22,2.92
BAMLH0A0HYM2,alfred_hy_oas_initial,2024-10-23,2024-10-23,2.95
BAMLH0A0HYM2,alfred_hy_oas_initial,2024-10-24,2024-10-24,2.93
BAMLH0A0HYM2,alfred_hy_oas_initial,2024-10-25,2024-10-25,2.89
BAMLH0A0HYM2,alfred_hy_oas_initial,2024-10-28,2024-10-28,2.82
BAMLH0A0HYM2,alfred_hy_oas_initial,2024-10-29,2024-10-29,2.85
BAMLH0A0HYM2,alfred_hy_oas_initial,2024-10-30,2024-10-30,2.8
BAMLH0A0HYM2,alfred_hy_oas_initial,2024-10-31,2024-10-31,2.88
BAMLH0A0HYM2,alfred_hy_oas_initial,2024-11-01,2024-11-01,2.83
BAMLH0A0HYM2,alfred_hy_oas_initial,2024-11-04,2024-11-04,2.87
BAMLH0A0HYM2,alfred_hy_oas_initial,2024-11-05,2024-11-05,2.86
BAMLH0A0HYM2,alfred_hy_oas_initial,2024-11-06,2024-11-06,2.74
BAMLH0A0HYM2,alfred_hy_oas_initial,2024-11-07,2024-11-07,2.73
BAMLH0A0HYM2,alfred_hy_oas_initial,2024-11-08,2024-11-08,2.63
BAMLH0A0HYM2,alfred_hy_oas_initial,2024-11-11,2024-11-11,2.63
BAMLH0A0HYM2,alfred_hy_oas_initial,2024-11-12,2024-11-12,2.61
BAMLH0A0HYM2,alfred_hy_oas_initial,2024-11-13,2024-11-13,2.64
BAMLH0A0HYM2,alfred_hy_oas_initial,2024-11-14,2024-11-14,2.6
BAMLH0A0HYM2,alfred_hy_oas_initial,2024-11-15,2024-11-15,2.72
BAMLH0A0HYM2,alfred_hy_oas_initial,2024-11-18,2024-11-18,2.72
BAMLH0A0HYM2,alfred_hy_oas_initial,2024-11-19,2024-11-19,2.69
BAMLH0A0HYM2,alfred_hy_oas_initial,2024-11-20,2024-11-20,2.67
BAMLH0A0HYM2,alfred_hy_oas_initial,2024-11-21,2024-11-21,2.61
BAMLH0A0HYM2,alfred_hy_oas_initial,2024-11-22,2024-11-22,2.61
BAMLH0A0HYM2,alfred_hy_oas_initial,2024-11-25,2024-11-25,2.64
BAMLH0A0HYM2,alfred_hy_oas_initial,2024-11-26,2024-11-26,2.68
BAMLH0A0HYM2,alfred_hy_oas_initial,2024-11-27,2024-11-27,2.69
BAMLH0A0HYM2,alfred_hy_oas_initial,2024-11-28,2024-11-28,2.69
BAMLH0A0HYM2,alfred_hy_oas_initial,2024-11-29,2024-11-29,2.72
BAMLH0A0HYM2,alfred_hy_oas_initial,2024-11-30,2024-11-30,2.74
BAMLH0A0HYM2,alfred_hy_oas_initial,2024-12-02,2024-12-02,2.68
BAMLH0A0HYM2,alfred_hy_oas_initial,2024-12-03,2024-12-03,2.66
BAMLH0A0HYM2,alfred_hy_oas_initial,2024-12-04,2024-12-04,2.66
BAMLH0A0HYM2,alfred_hy_oas_initial,2024-12-05,2024-12-05,2.66
BAMLH0A0HYM2,alfred_hy_oas_initial,2024-12-06,2024-12-06,2.67
BAMLH0A0HYM2,alfred_hy_oas_initial,2024-12-09,2024-12-09,2.67
BAMLH0A0HYM2,alfred_hy_oas_initial,2024-12-10,2024-12-10,2.67
BAMLH0A0HYM2,alfred_hy_oas_initial,2024-12-11,2024-12-11,2.64
BAMLH0A0HYM2,alfred_hy_oas_initial,2024-12-12,2024-12-12,2.66
BAMLH0A0HYM2,alfred_hy_oas_initial,2024-12-13,2024-12-13,2.68
BAMLH0A0HYM2,alfred_hy_oas_initial,2024-12-16,2024-12-16,2.69
BAMLH0A0HYM2,alfred_hy_oas_initial,2024-12-17,2024-12-17,2.75
BAMLH0A0HYM2,alfred_hy_oas_initial,2024-12-18,2024-12-18,2.73
BAMLH0A0HYM2,alfred_hy_oas_initial,2024-12-19,2024-12-19,2.91
BAMLH0A0HYM2,alfred_hy_oas_initial,2024-12-20,2024-12-20,2.86
BAMLH0A0HYM2,alfred_hy_oas_initial,2024-12-23,2024-12-23,2.85
BAMLH0A0HYM2,alfred_hy_oas_initial,2024-12-24,2024-12-24,2.86
BAMLH0A0HYM2,alfred_hy_oas_initial,2024-12-26,2024-12-26,2.86
BAMLH0A0HYM2,alfred_hy_oas_initial,2024-12-27,2024-12-27,2.84
BAMLH0A0HYM2,alfred_hy_oas_initial,2024-12-30,2024-12-30,2.94
BAMLH0A0HYM2,alfred_hy_oas_initial,2024-12-31,2024-12-31,2.92
BAMLH0A0HYM2,alfred_hy_oas_initial,2025-01-02,2025-01-02,2.88
BAMLH0A0HYM2,alfred_hy_oas_initial,2025-01-03,2025-01-03,2.81
BAMLH0A0HYM2,alfred_hy_oas_initial,2025-01-06,2025-01-06,2.76
BAMLH0A0HYM2,alfred_hy_oas_initial,2025-01-07,2025-01-07,2.79
BAMLH0A0HYM2,alfred_hy_oas_initial,2025-01-08,2025-01-08,2.84
BAMLH0A0HYM2,alfred_hy_oas_initial,2025-01-09,2025-01-09,2.82
BAMLH0A0HYM2,alfred_hy_oas_initial,2025-01-10,2025-01-10,2.81
BAMLH0A0HYM2,alfred_hy_oas_initial,2025-01-13,2025-01-13,2.85
BAMLH0A0HYM2,alfred_hy_oas_initial,2025-01-14,2025-01-14,2.8
BAMLH0A0HYM2,alfred_hy_oas_initial,2025-01-15,2025-01-15,2.72
BAMLH0A0HYM2,alfred_hy_oas_initial,2025-01-16,2025-01-16,2.73
BAMLH0A0HYM2,alfred_hy_oas_initial,2025-01-17,2025-01-17,2.64
BAMLH0A0HYM2,alfred_hy_oas_initial,2025-01-20,2025-01-20,2.64
BAMLH0A0HYM2,alfred_hy_oas_initial,2025-01-21,2025-01-21,2.61
BAMLH0A0HYM2,alfred_hy_oas_initial,2025-01-22,2025-01-22,2.59
BAMLH0A0HYM2,alfred_hy_oas_initial,2025-01-23,2025-01-23,2.61
BAMLH0A0HYM2,alfred_hy_oas_initial,2025-01-24,2025-01-24,2.6
BAMLH0A0HYM2,alfred_hy_oas_initial,2025-01-27,2025-01-27,2.66
BAMLH0A0HYM2,alfred_hy_oas_initial,2025-01-28,2025-01-28,2.66
BAMLH0A0HYM2,alfred_hy_oas_initial,2025-01-29,2025-01-29,2.68
BAMLH0A0HYM2,alfred_hy_oas_initial,2025-01-30,2025-01-30,2.67
BAMLH0A0HYM2,alfred_hy_oas_initial,2025-01-31,2025-01-31,2.68
BAMLH0A0HYM2,alfred_hy_oas_initial,2025-02-03,2025-02-03,2.73
BAMLH0A0HYM2,alfred_hy_oas_initial,2025-02-04,2025-02-04,2.71
BAMLH0A0HYM2,alfred_hy_oas_initial,2025-02-05,2025-02-05,2.69
BAMLH0A0HYM2,alfred_hy_oas_initial,2025-02-06,2025-02-06,2.66
BAMLH0A0HYM2,alfred_hy_oas_initial,2025-02-07,2025-02-07,2.67
BAMLH0A0HYM2,alfred_hy_oas_initial,2025-02-10,2025-02-10,2.66
BAMLH0A0HYM2,alfred_hy_oas_initial,2025-02-11,2025-02-11,2.66
BAMLH0A0HYM2,alfred_hy_oas_initial,2025-02-12,2025-02-12,2.65
BAMLH0A0HYM2,alfred_hy_oas_initial,2025-02-13,2025-02-13,2.65
BAMLH0A0HYM2,alfred_hy_oas_initial,2025-02-14,2025-02-14,2.62
BAMLH0A0HYM2,alfred_hy_oas_initial,2025-02-17,2025-02-17,2.62
BAMLH0A0HYM2,alfred_hy_oas_initial,2025-02-18,2025-02-18,2.62
BAMLH0A0HYM2,alfred_hy_oas_initial,2025-02-19,2025-02-19,2.68
BAMLH0A0HYM2,alfred_hy_oas_initial,2025-02-20,2025-02-20,2.66
BAMLH0A0HYM2,alfred_hy_oas_initial,2025-02-21,2025-02-21,2.78
BAMLH0A0HYM2,alfred_hy_oas_initial,2025-02-24,2025-02-24,2.78
BAMLH0A0HYM2,alfred_hy_oas_initial,2025-02-25,2025-02-25,2.84
BAMLH0A0HYM2,alfred_hy_oas_initial,2025-02-26,2025-02-26,2.81
BAMLH0A0HYM2,alfred_hy_oas_initial,2025-02-27,2025-02-27,2.81
BAMLH0A0HYM2,alfred_hy_oas_initial,2025-02-28,2025-02-28,2.87
BAMLH0A0HYM2,alfred_hy_oas_initial,2025-03-03,2025-03-03,2.94
BAMLH0A0HYM2,alfred_hy_oas_initial,2025-03-04,2025-03-04,2.99
BAMLH0A0HYM2,alfred_hy_oas_initial,2025-03-05,2025-03-05,2.88
BAMLH0A0HYM2,alfred_hy_oas_initial,2025-03-06,2025-03-06,2.99
BAMLH0A0HYM2,alfred_hy_oas_initial,2025-03-07,2025-03-07,2.97
BAMLH0A0HYM2,alfred_hy_oas_initial,2025-03-10,2025-03-10,3.16
BAMLH0A0HYM2,alfred_hy_oas_initial,2025-03-11,2025-03-11,3.22
BAMLH0A0HYM2,alfred_hy_oas_initial,2025-03-12,2025-03-12,3.2
BAMLH0A0HYM2,alfred_hy_oas_initial,2025-03-13,2025-03-13,3.4
BAMLH0A0HYM2,alfred_hy_oas_initial,2025-03-14,2025-03-14,3.25
BAMLH0A0HYM2,alfred_hy_oas_initial,2025-03-17,2025-03-17,3.18
BAMLH0A0HYM2,alfred_hy_oas_initial,2025-03-18,2025-03-18,3.23
BAMLH0A0HYM2,alfred_hy_oas_initial,2025-03-19,2025-03-19,3.19
BAMLH0A0HYM2,alfred_hy_oas_initial,2025-03-20,2025-03-20,3.17
BAMLH0A0HYM2,alfred_hy_oas_initial,2025-03-21,2025-03-21,3.21
BAMLH0A0HYM2,alfred_hy_oas_initial,2025-03-24,2025-03-24,3.05
BAMLH0A0HYM2,alfred_hy_oas_initial,2025-03-25,2025-03-25,3.09
BAMLH0A0HYM2,alfred_hy_oas_initial,2025-03-26,2025-03-26,3.19
BAMLH0A0HYM2,alfred_hy_oas_initial,2025-03-27,2025-03-27,3.27
BAMLH0A0HYM2,alfred_hy_oas_initial,2025-03-28,2025-03-28,3.47
BAMLH0A0HYM2,alfred_hy_oas_initial,2025-03-31,2025-03-31,3.55
BAMLH0A0HYM2,alfred_hy_oas_initial,2025-04-01,2025-04-01,3.5
BAMLH0A0HYM2,alfred_hy_oas_initial,2025-04-02,2025-04-02,3.42
BAMLH0A0HYM2,alfred_hy_oas_initial,2025-04-03,2025-04-03,4.01
BAMLH0A0HYM2,alfred_hy_oas_initial,2025-04-04,2025-04-04,4.45
BAMLH0A0HYM2,alfred_hy_oas_initial,2025-04-07,2025-04-07,4.61
BAMLH0A0HYM2,alfred_hy_oas_initial,2025-04-08,2025-04-08,4.57
BAMLH0A0HYM2,alfred_hy_oas_initial,2025-04-09,2025-04-09,4.37
BAMLH0A0HYM2,alfred_hy_oas_initial,2025-04-10,2025-04-10,4.42
BAMLH0A0HYM2,alfred_hy_oas_initial,2025-04-11,2025-04-11,4.26
BAMLH0A0HYM2,alfred_hy_oas_initial,2025-04-14,2025-04-14,4.14
BAMLH0A0HYM2,alfred_hy_oas_initial,2025-04-15,2025-04-15,4.09
BAMLH0A0HYM2,alfred_hy_oas_initial,2025-04-16,2025-04-16,4.16
BAMLH0A0HYM2,alfred_hy_oas_initial,2025-04-17,2025-04-17,4.02
BAMLH0A0HYM2,alfred_hy_oas_initial,2025-04-21,2025-04-21,4.16
BAMLH0A0HYM2,alfred_hy_oas_initial,2025-04-22,2025-04-22,3.99
BAMLH0A0HYM2,alfred_hy_oas_initial,2025-04-23,2025-04-23,3.75
BAMLH0A0HYM2,alfred_hy_oas_initial,2025-04-24,2025-04-24,3.73
BAMLH0A0HYM2,alfred_hy_oas_initial,2025-04-25,2025-04-25,3.67
BAMLH0A0HYM2,alfred_hy_oas_initial,2025-04-28,2025-04-28,3.73
BAMLH0A0HYM2,alfred_hy_oas_initial,2025-04-29,2025-04-29,3.74
BAMLH0A0HYM2,alfred_hy_oas_initial,2025-04-30,2025-04-30,3.94
BAMLH0A0HYM2,alfred_hy_oas_initial,2025-05-01,2025-05-01,3.78
BAMLH0A0HYM2,alfred_hy_oas_initial,2025-05-02,2025-05-02,3.6
BAMLH0A0HYM2,alfred_hy_oas_initial,2025-05-05,2025-05-05,3.6
BAMLH0A0HYM2,alfred_hy_oas_initial,2025-05-06,2025-05-06,3.66
BAMLH0A0HYM2,alfred_hy_oas_initial,2025-05-07,2025-05-07,3.67
BAMLH0A0HYM2,alfred_hy_oas_initial,2025-05-08,2025-05-08,3.51
BAMLH0A0HYM2,alfred_hy_oas_initial,2025-05-09,2025-05-09,3.53
BAMLH0A0HYM2,alfred_hy_oas_initial,2025-05-12,2025-05-12,3.15
BAMLH0A0HYM2,alfred_hy_oas_initial,2025-05-13,2025-05-13,3.09
BAMLH0A0HYM2,alfred_hy_oas_initial,2025-05-14,2025-05-14,3.1
BAMLH0A0HYM2,alfred_hy_oas_initial,2025-05-15,2025-05-15,3.2
BAMLH0A0HYM2,alfred_hy_oas_initial,2025-05-16,2025-05-16,3.16
BAMLH0A0HYM2,alfred_hy_oas_initial,2025-05-19,2025-05-19,3.21
BAMLH0A0HYM2,alfred_hy_oas_initial,2025-05-20,2025-05-20,3.2
BAMLH0A0HYM2,alfred_hy_oas_initial,2025-05-21,2025-05-21,3.25
BAMLH0A0HYM2,alfred_hy_oas_initial,2025-05-22,2025-05-22,3.32
BAMLH0A0HYM2,alfred_hy_oas_initial,2025-05-23,2025-05-23,3.4
BAMLH0A0HYM2,alfred_hy_oas_initial,2025-05-26,2025-05-26,3.4
BAMLH0A0HYM2,alfred_hy_oas_initial,2025-05-27,2025-05-27,3.24
BAMLH0A0HYM2,alfred_hy_oas_initial,2025-05-28,2025-05-28,3.23
BAMLH0A0HYM2,alfred_hy_oas_initial,2025-05-29,2025-05-29,3.22
BAMLH0A0HYM2,alfred_hy_oas_initial,2025-05-30,2025-05-30,3.31
BAMLH0A0HYM2,alfred_hy_oas_initial,2025-05-31,2025-05-31,3.32
BAMLH0A0HYM2,alfred_hy_oas_initial,2025-06-02,2025-06-02,3.27
BAMLH0A0HYM2,alfred_hy_oas_initial,2025-06-03,2025-06-03,3.19
BAMLH0A0HYM2,alfred_hy_oas_initial,2025-06-04,2025-06-04,3.23
BAMLH0A0HYM2,alfred_hy_oas_initial,2025-06-05,2025-06-05,3.18
BAMLH0A0HYM2,alfred_hy_oas_initial,2025-06-06,2025-06-06,3.09
BAMLH0A0HYM2,alfred_hy_oas_initial,2025-06-09,2025-06-09,3.12
BAMLH0A0HYM2,alfred_hy_oas_initial,2025-06-10,2025-06-10,3.12
BAMLH0A0HYM2,alfred_hy_oas_initial,2025-06-11,2025-06-11,3.12
BAMLH0A0HYM2,alfred_hy_oas_initial,2025-06-12,2025-06-12,3.17
BAMLH0A0HYM2,alfred_hy_oas_initial,2025-06-13,2025-06-13,3.18
BAMLH0A0HYM2,alfred_hy_oas_initial,2025-06-16,2025-06-16,3.1
BAMLH0A0HYM2,alfred_hy_oas_initial,2025-06-17,2025-06-17,3.17
BAMLH0A0HYM2,alfred_hy_oas_initial,2025-06-18,2025-06-18,3.16
BAMLH0A0HYM2,alfred_hy_oas_initial,2025-06-19,2025-06-19,3.16
BAMLH0A0HYM2,alfred_hy_oas_initial,2025-06-20,2025-06-20,3.13
BAMLH0A0HYM2,alfred_hy_oas_initial,2025-06-23,2025-06-23,3.12
BAMLH0A0HYM2,alfred_hy_oas_initial,2025-06-24,2025-06-24,3.06
BAMLH0A0HYM2,alfred_hy_oas_initial,2025-06-25,2025-06-25,3.04
BAMLH0A0HYM2,alfred_hy_oas_initial,2025-06-26,2025-06-26,3.04
BAMLH0A0HYM2,alfred_hy_oas_initial,2025-06-27,2025-06-27,3.02
BAMLH0A0HYM2,alfred_hy_oas_initial,2025-06-30,2025-06-30,2.96
BAMLH0A0HYM2,alfred_hy_oas_initial,2025-07-01,2025-07-01,2.91
BAMLH0A0HYM2,alfred_hy_oas_initial,2025-07-02,2025-07-02,2.88
BAMLH0A0HYM2,alfred_hy_oas_initial,2025-07-03,2025-07-03,2.8
BAMLH0A0HYM2,alfred_hy_oas_initial,2025-07-04,2025-07-04,2.8
BAMLH0A0HYM2,alfred_hy_oas_initial,2025-07-07,2025-07-07,2.86
BAMLH0A0HYM2,alfred_hy_oas_initial,2025-07-08,2025-07-08,2.92
BAMLH0A0HYM2,alfred_hy_oas_initial,2025-07-09,2025-07-09,2.94
BAMLH0A0HYM2,alfred_hy_oas_initial,2025-07-10,2025-07-10,2.92
BAMLH0A0HYM2,alfred_hy_oas_initial,2025-07-11,2025-07-11,2.97
BAMLH0A0HYM2,alfred_hy_oas_initial,2025-07-14,2025-07-14,2.95
BAMLH0A0HYM2,alfred_hy_oas_initial,2025-07-15,2025-07-15,2.95
BAMLH0A0HYM2,alfred_hy_oas_initial,2025-07-16,2025-07-16,3.0
BAMLH0A0HYM2,alfred_hy_oas_initial,2025-07-17,2025-07-17,2.91
BAMLH0A0HYM2,alfred_hy_oas_initial,2025-07-18,2025-07-18,2.93
BAMLH0A0HYM2,alfred_hy_oas_initial,2025-07-21,2025-07-21,2.89
BAMLH0A0HYM2,alfred_hy_oas_initial,2025-07-22,2025-07-22,2.9
BAMLH0A0HYM2,alfred_hy_oas_initial,2025-07-23,2025-07-23,2.83
BAMLH0A0HYM2,alfred_hy_oas_initial,2025-07-24,2025-07-24,2.82
BAMLH0A0HYM2,alfred_hy_oas_initial,2025-07-25,2025-07-25,2.84
BAMLH0A0HYM2,alfred_hy_oas_initial,2025-07-28,2025-07-28,2.82
BAMLH0A0HYM2,alfred_hy_oas_initial,2025-07-29,2025-07-29,2.86
BAMLH0A0HYM2,alfred_hy_oas_initial,2025-07-30,2025-07-30,2.89
BAMLH0A0HYM2,alfred_hy_oas_initial,2025-07-31,2025-07-31,2.86
BAMLH0A0HYM2,alfred_hy_oas_initial,2025-08-01,2025-08-01,3.13
BAMLH0A0HYM2,alfred_hy_oas_initial,2025-08-04,2025-08-04,3.02
BAMLH0A0HYM2,alfred_hy_oas_initial,2025-08-05,2025-08-05,2.98
BAMLH0A0HYM2,alfred_hy_oas_initial,2025-08-06,2025-08-06,2.98
BAMLH0A0HYM2,alfred_hy_oas_initial,2025-08-07,2025-08-07,2.95
BAMLH0A0HYM2,alfred_hy_oas_initial,2025-08-08,2025-08-08,2.94
BAMLH0A0HYM2,alfred_hy_oas_initial,2025-08-11,2025-08-11,2.94
BAMLH0A0HYM2,alfred_hy_oas_initial,2025-08-12,2025-08-12,2.93
BAMLH0A0HYM2,alfred_hy_oas_initial,2025-08-13,2025-08-13,2.9
BAMLH0A0HYM2,alfred_hy_oas_initial,2025-08-14,2025-08-14,2.89
BAMLH0A0HYM2,alfred_hy_oas_initial,2025-08-15,2025-08-15,2.88
BAMLH0A0HYM2,alfred_hy_oas_initial,2025-08-18,2025-08-18,2.88
BAMLH0A0HYM2,alfred_hy_oas_initial,2025-08-19,2025-08-19,2.9
BAMLH0A0HYM2,alfred_hy_oas_initial,2025-08-20,2025-08-20,2.94
BAMLH0A0HYM2,alfred_hy_oas_initial,2025-08-21,2025-08-21,2.95
BAMLH0A0HYM2,alfred_hy_oas_initial,2025-08-22,2025-08-22,2.88
BAMLH0A0HYM2,alfred_hy_oas_initial,2025-08-25,2025-08-25,2.8
BAMLH0A0HYM2,alfred_hy_oas_initial,2025-08-26,2025-08-26,2.78
BAMLH0A0HYM2,alfred_hy_oas_initial,2025-08-27,2025-08-27,2.78
BAMLH0A0HYM2,alfred_hy_oas_initial,2025-08-28,2025-08-28,2.75
BAMLH0A0HYM2,alfred_hy_oas_initial,2025-08-29,2025-08-29,2.82
BAMLH0A0HYM2,alfred_hy_oas_initial,2025-08-31,2025-08-31,2.84
BAMLH0A0HYM2,alfred_hy_oas_initial,2025-09-01,2025-09-01,2.84
BAMLH0A0HYM2,alfred_hy_oas_initial,2025-09-02,2025-09-02,2.92
BAMLH0A0HYM2,alfred_hy_oas_initial,2025-09-03,2025-09-03,2.88
BAMLH0A0HYM2,alfred_hy_oas_initial,2025-09-04,2025-09-04,2.84
BAMLH0A0HYM2,alfred_hy_oas_initial,2025-09-05,2025-09-05,2.83
BAMLH0A0HYM2,alfred_hy_oas_initial,2025-09-08,2025-09-08,2.84
BAMLH0A0HYM2,alfred_hy_oas_initial,2025-09-09,2025-09-09,2.87
BAMLH0A0HYM2,alfred_hy_oas_initial,2025-09-10,2025-09-10,2.84
BAMLH0A0HYM2,alfred_hy_oas_initial,2025-09-11,2025-09-11,2.78
BAMLH0A0HYM2,alfred_hy_oas_initial,2025-09-12,2025-09-12,2.79
BAMLH0A0HYM2,alfred_hy_oas_initial,2025-09-15,2025-09-15,2.75
BAMLH0A0HYM2,alfred_hy_oas_initial,2025-09-16,2025-09-16,2.79
BAMLH0A0HYM2,alfred_hy_oas_initial,2025-09-17,2025-09-17,2.79
BAMLH0A0HYM2,alfred_hy_oas_initial,2025-09-18,2025-09-18,2.71
BAMLH0A0HYM2,alfred_hy_oas_initial,2025-09-19,2025-09-19,2.72
BAMLH0A0HYM2,alfred_hy_oas_initial,2025-09-22,2025-09-22,2.69
BAMLH0A0HYM2,alfred_hy_oas_initial,2025-09-23,2025-09-23,2.71
BAMLH0A0HYM2,alfred_hy_oas_initial,2025-09-24,2025-09-24,2.7
BAMLH0A0HYM2,alfred_hy_oas_initial,2025-09-25,2025-09-25,2.76
BAMLH0A0HYM2,alfred_hy_oas_initial,2025-09-26,2025-09-26,2.75
BAMLH0A0HYM2,alfred_hy_oas_initial,2025-09-29,2025-09-29,2.74
BAMLH0A0HYM2,alfred_hy_oas_initial,2025-09-30,2025-09-30,2.8
BAMLH0A0HYM2,alfred_hy_oas_initial,2025-10-01,2025-10-01,2.81
BAMLH0A0HYM2,alfred_hy_oas_initial,2025-10-02,2025-10-02,2.81
BAMLH0A0HYM2,alfred_hy_oas_initial,2025-10-03,2025-10-03,2.8
BAMLH0A0HYM2,alfred_hy_oas_initial,2025-10-06,2025-10-06,2.76
BAMLH0A0HYM2,alfred_hy_oas_initial,2025-10-07,2025-10-07,2.82
BAMLH0A0HYM2,alfred_hy_oas_initial,2025-10-08,2025-10-08,2.84
BAMLH0A0HYM2,alfred_hy_oas_initial,2025-10-09,2025-10-09,2.95
BAMLH0A0HYM2,alfred_hy_oas_initial,2025-10-10,2025-10-10,3.18
BAMLH0A0HYM2,alfred_hy_oas_initial,2025-10-13,2025-10-13,3.18
BAMLH0A0HYM2,alfred_hy_oas_initial,2025-10-14,2025-10-14,3.11
BAMLH0A0HYM2,alfred_hy_oas_initial,2025-10-15,2025-10-15,2.95
BAMLH0A0HYM2,alfred_hy_oas_initial,2025-10-16,2025-10-16,3.04
BAMLH0A0HYM2,alfred_hy_oas_initial,2025-10-17,2025-10-17,3.04
BAMLH0A0HYM2,alfred_hy_oas_initial,2025-10-20,2025-10-20,2.99
BAMLH0A0HYM2,alfred_hy_oas_initial,2025-10-21,2025-10-21,2.97
BAMLH0A0HYM2,alfred_hy_oas_initial,2025-10-22,2025-10-22,3.01
BAMLH0A0HYM2,alfred_hy_oas_initial,2025-10-23,2025-10-23,2.96
BAMLH0A0HYM2,alfred_hy_oas_initial,2025-10-24,2025-10-24,2.88
BAMLH0A0HYM2,alfred_hy_oas_initial,2025-10-27,2025-10-27,2.8
BAMLH0A0HYM2,alfred_hy_oas_initial,2025-10-28,2025-10-28,2.82
BAMLH0A0HYM2,alfred_hy_oas_initial,2025-10-29,2025-10-29,2.76
BAMLH0A0HYM2,alfred_hy_oas_initial,2025-10-30,2025-10-30,2.85
BAMLH0A0HYM2,alfred_hy_oas_initial,2025-10-31,2025-10-31,2.94
BAMLH0A0HYM2,alfred_hy_oas_initial,2025-11-03,2025-11-03,3.04
BAMLH0A0HYM2,alfred_hy_oas_initial,2025-11-04,2025-11-04,3.13
BAMLH0A0HYM2,alfred_hy_oas_initial,2025-11-05,2025-11-05,3.05
BAMLH0A0HYM2,alfred_hy_oas_initial,2025-11-06,2025-11-06,3.13
BAMLH0A0HYM2,alfred_hy_oas_initial,2025-11-07,2025-11-07,3.15
BAMLH0A0HYM2,alfred_hy_oas_initial,2025-11-10,2025-11-10,3.02
BAMLH0A0HYM2,alfred_hy_oas_initial,2025-11-11,2025-11-11,3.02
BAMLH0A0HYM2,alfred_hy_oas_initial,2025-11-12,2025-11-12,3.02
BAMLH0A0HYM2,alfred_hy_oas_initial,2025-11-13,2025-11-13,3.09
BAMLH0A0HYM2,alfred_hy_oas_initial,2025-11-14,2025-11-14,3.07
BAMLH0A0HYM2,alfred_hy_oas_initial,2025-11-17,2025-11-17,3.13
BAMLH0A0HYM2,alfred_hy_oas_initial,2025-11-18,2025-11-18,3.2
BAMLH0A0HYM2,alfred_hy_oas_initial,2025-11-19,2025-11-19,3.17
BAMLH0A0HYM2,alfred_hy_oas_initial,2025-11-20,2025-11-20,3.17
BAMLH0A0HYM2,alfred_hy_oas_initial,2025-11-21,2025-11-21,3.19
BAMLH0A0HYM2,alfred_hy_oas_initial,2025-11-24,2025-11-24,3.15
BAMLH0A0HYM2,alfred_hy_oas_initial,2025-11-25,2025-11-25,3.1
BAMLH0A0HYM2,alfred_hy_oas_initial,2025-11-26,2025-11-26,3.0
BAMLH0A0HYM2,alfred_hy_oas_initial,2025-11-27,2025-11-27,3.0
BAMLH0A0HYM2,alfred_hy_oas_initial,2025-11-28,2025-11-28,2.95
BAMLH0A0HYM2,alfred_hy_oas_initial,2025-11-30,2025-11-30,2.92
BAMLH0A0HYM2,alfred_hy_oas_initial,2025-12-01,2025-12-01,2.94
BAMLH0A0HYM2,alfred_hy_oas_initial,2025-12-02,2025-12-02,2.92
BAMLH0A0HYM2,alfred_hy_oas_initial,2025-12-03,2025-12-03,2.89
BAMLH0A0HYM2,alfred_hy_oas_initial,2025-12-04,2025-12-04,2.88
BAMLH0A0HYM2,alfred_hy_oas_initial,2025-12-05,2025-12-05,2.85
BAMLH0A0HYM2,alfred_hy_oas_initial,2025-12-08,2025-12-08,2.89
BAMLH0A0HYM2,alfred_hy_oas_initial,2025-12-09,2025-12-09,2.89
BAMLH0A0HYM2,alfred_hy_oas_initial,2025-12-10,2025-12-10,2.91
BAMLH0A0HYM2,alfred_hy_oas_initial,2025-12-11,2025-12-11,2.88
BAMLH0A0HYM2,alfred_hy_oas_initial,2025-12-12,2025-12-12,2.91
BAMLH0A0HYM2,alfred_hy_oas_initial,2025-12-15,2025-12-15,2.91
BAMLH0A0HYM2,alfred_hy_oas_initial,2025-12-16,2025-12-16,2.98
BAMLH0A0HYM2,alfred_hy_oas_initial,2025-12-17,2025-12-17,2.99
BAMLH0A0HYM2,alfred_hy_oas_initial,2025-12-18,2025-12-18,2.95
BAMLH0A0HYM2,alfred_hy_oas_initial,2025-12-19,2025-12-19,2.9
BAMLH0A0HYM2,alfred_hy_oas_initial,2025-12-22,2025-12-22,2.88
BAMLH0A0HYM2,alfred_hy_oas_initial,2025-12-23,2025-12-23,2.83
BAMLH0A0HYM2,alfred_hy_oas_initial,2025-12-24,2025-12-24,2.84
BAMLH0A0HYM2,alfred_hy_oas_initial,2025-12-26,2025-12-26,2.86
BAMLH0A0HYM2,alfred_hy_oas_initial,2025-12-29,2025-12-29,2.87
BAMLH0A0HYM2,alfred_hy_oas_initial,2025-12-30,2025-12-30,2.84
BAMLH0A0HYM2,alfred_hy_oas_initial,2025-12-31,2025-12-31,2.81
BAMLH0A0HYM2,alfred_hy_oas_initial,2026-01-02,2026-01-02,2.83
BAMLH0A0HYM2,alfred_hy_oas_initial,2026-01-05,2026-01-05,2.81
BAMLH0A0HYM2,alfred_hy_oas_initial,2026-01-06,2026-01-06,2.79
BAMLH0A0HYM2,alfred_hy_oas_initial,2026-01-07,2026-01-07,2.79
BAMLH0A0HYM2,alfred_hy_oas_initial,2026-01-08,2026-01-08,2.76
BAMLH0A0HYM2,alfred_hy_oas_initial,2026-01-09,2026-01-09,2.74
BAMLH0A0HYM2,alfred_hy_oas_initial,2026-01-12,2026-01-12,2.74
BAMLH0A0HYM2,alfred_hy_oas_initial,2026-01-13,2026-01-13,2.75
BAMLH0A0HYM2,alfred_hy_oas_initial,2026-01-14,2026-01-14,2.76
BAMLH0A0HYM2,alfred_hy_oas_initial,2026-01-15,2026-01-15,2.71
BAMLH0A0HYM2,alfred_hy_oas_initial,2026-01-16,2026-01-16,2.65
BAMLH0A0HYM2,alfred_hy_oas_initial,2026-01-19,2026-01-19,2.65
BAMLH0A0HYM2,alfred_hy_oas_initial,2026-01-20,2026-01-20,2.73
BAMLH0A0HYM2,alfred_hy_oas_initial,2026-01-21,2026-01-21,2.69
BAMLH0A0HYM2,alfred_hy_oas_initial,2026-01-22,2026-01-22,2.64
BAMLH0A0HYM2,alfred_hy_oas_initial,2026-01-23,2026-01-23,2.68
BAMLH0A0HYM2,alfred_hy_oas_initial,2026-01-26,2026-01-26,2.69
BAMLH0A0HYM2,alfred_hy_oas_initial,2026-01-27,2026-01-27,2.71
BAMLH0A0HYM2,alfred_hy_oas_initial,2026-01-28,2026-01-28,2.72
BAMLH0A0HYM2,alfred_hy_oas_initial,2026-01-29,2026-01-29,2.77
BAMLH0A0HYM2,alfred_hy_oas_initial,2026-01-30,2026-01-30,2.8
BAMLH0A0HYM2,alfred_hy_oas_initial,2026-01-31,2026-01-31,2.88
BAMLH0A0HYM2,alfred_hy_oas_initial,2026-02-02,2026-02-02,2.81
BAMLH0A0HYM2,alfred_hy_oas_initial,2026-02-03,2026-02-03,2.85
BAMLH0A0HYM2,alfred_hy_oas_initial,2026-02-04,2026-02-04,2.86
BAMLH0A0HYM2,alfred_hy_oas_initial,2026-02-05,2026-02-05,2.97
BAMLH0A0HYM2,alfred_hy_oas_initial,2026-02-06,2026-02-06,2.87
BAMLH0A0HYM2,alfred_hy_oas_initial,2026-02-09,2026-02-09,2.84
BAMLH0A0HYM2,alfred_hy_oas_initial,2026-02-10,2026-02-10,2.86
BAMLH0A0HYM2,alfred_hy_oas_initial,2026-02-11,2026-02-11,2.84
BAMLH0A0HYM2,alfred_hy_oas_initial,2026-02-12,2026-02-12,2.92
BAMLH0A0HYM2,alfred_hy_oas_initial,2026-02-13,2026-02-13,2.95
BAMLH0A0HYM2,alfred_hy_oas_initial,2026-02-16,2026-02-16,2.94
BAMLH0A0HYM2,alfred_hy_oas_initial,2026-02-17,2026-02-17,2.94
BAMLH0A0HYM2,alfred_hy_oas_initial,2026-02-18,2026-02-18,2.86
BAMLH0A0HYM2,alfred_hy_oas_initial,2026-02-19,2026-02-19,2.88
BAMLH0A0HYM2,alfred_hy_oas_initial,2026-02-20,2026-02-20,2.86
BAMLH0A0HYM2,alfred_hy_oas_initial,2026-02-23,2026-02-23,2.95
BAMLH0A0HYM2,alfred_hy_oas_initial,2026-02-24,2026-02-24,2.97
BAMLH0A0HYM2,alfred_hy_oas_initial,2026-02-25,2026-02-25,2.94
BAMLH0A0HYM2,alfred_hy_oas_initial,2026-02-26,2026-02-26,2.98
BAMLH0A0HYM2,alfred_hy_oas_initial,2026-02-27,2026-02-27,3.1
BAMLH0A0HYM2,alfred_hy_oas_initial,2026-02-28,2026-02-28,3.12
BAMLH0A0HYM2,alfred_hy_oas_initial,2026-03-02,2026-03-02,3.03
BAMLH0A0HYM2,alfred_hy_oas_initial,2026-03-03,2026-03-03,3.08
BAMLH0A0HYM2,alfred_hy_oas_initial,2026-03-04,2026-03-04,2.97
BAMLH0A0HYM2,alfred_hy_oas_initial,2026-03-05,2026-03-05,3.0
BAMLH0A0HYM2,alfred_hy_oas_initial,2026-03-06,2026-03-06,3.13
BAMLH0A0HYM2,alfred_hy_oas_initial,2026-03-09,2026-03-09,3.19
BAMLH0A0HYM2,alfred_hy_oas_initial,2026-03-10,2026-03-10,3.06
BAMLH0A0HYM2,alfred_hy_oas_initial,2026-03-11,2026-03-11,3.09
BAMLH0A0HYM2,alfred_hy_oas_initial,2026-03-12,2026-03-12,3.17
BAMLH0A0HYM2,alfred_hy_oas_initial,2026-03-13,2026-03-13,3.28
BAMLH0A0HYM2,alfred_hy_oas_initial,2026-03-16,2026-03-16,3.27
BAMLH0A0HYM2,alfred_hy_oas_initial,2026-03-17,2026-03-17,3.22
BAMLH0A0HYM2,alfred_hy_oas_initial,2026-03-18,2026-03-18,3.2
BAMLH0A0HYM2,alfred_hy_oas_initial,2026-03-19,2026-03-19,3.27
BAMLH0A0HYM2,alfred_hy_oas_initial,2026-03-20,2026-03-20,3.24
BAMLH0A0HYM2,alfred_hy_oas_initial,2026-03-23,2026-03-23,3.19
BAMLH0A0HYM2,alfred_hy_oas_initial,2026-03-24,2026-03-24,3.19
BAMLH0A0HYM2,alfred_hy_oas_initial,2026-03-25,2026-03-25,3.17
BAMLH0A0HYM2,alfred_hy_oas_initial,2026-03-26,2026-03-26,3.21
BAMLH0A0HYM2,alfred_hy_oas_initial,2026-03-27,2026-03-27,3.42
BAMLH0A0HYM2,alfred_hy_oas_initial,2026-03-30,2026-03-30,3.46
BAMLH0A0HYM2,alfred_hy_oas_initial,2026-03-31,2026-03-31,3.28
BAMLH0A0HYM2,alfred_hy_oas_initial,2026-04-01,2026-04-01,3.16
BAMLH0A0HYM2,alfred_hy_oas_initial,2026-04-02,2026-04-02,3.17
BAMLH0A0HYM2,alfred_hy_oas_initial,2026-04-03,2026-04-03,3.13
BAMLH0A0HYM2,alfred_hy_oas_initial,2026-04-06,2026-04-06,3.05
BAMLH0A0HYM2,alfred_hy_oas_initial,2026-04-07,2026-04-07,3.12
BAMLH0A0HYM2,alfred_hy_oas_initial,2026-04-08,2026-04-08,2.94
BAMLH0A0HYM2,alfred_hy_oas_initial,2026-04-09,2026-04-09,2.9
BAMLH0A0HYM2,alfred_hy_oas_initial,2026-04-10,2026-04-10,2.94
BAMLH0A0HYM2,alfred_hy_oas_initial,2026-04-13,2026-04-13,2.95
BAMLH0A0HYM2,alfred_hy_oas_initial,2026-04-14,2026-04-14,2.84
BAMLH0A0HYM2,alfred_hy_oas_initial,2026-04-15,2026-04-15,2.85
BAMLH0A0HYM2,alfred_hy_oas_initial,2026-04-16,2026-04-16,2.86
BAMLH0A0HYM2,alfred_hy_oas_initial,2026-04-17,2026-04-17,2.83
BAMLH0A0HYM2,alfred_hy_oas_initial,2026-04-20,2026-04-20,2.87
BAMLH0A0HYM2,alfred_hy_oas_initial,2026-04-21,2026-04-21,2.85
BAMLH0A0HYM2,alfred_hy_oas_initial,2026-04-22,2026-04-22,2.84
BAMLH0A0HYM2,alfred_hy_oas_initial,2026-04-23,2026-04-23,2.86
BAMLH0A0HYM2,alfred_hy_oas_initial,2026-04-24,2026-04-24,2.86
BAMLH0A0HYM2,alfred_hy_oas_initial,2026-04-27,2026-04-27,2.84
BAMLH0A0HYM2,alfred_hy_oas_initial,2026-04-28,2026-04-28,2.85
BAMLH0A0HYM2,alfred_hy_oas_initial,2026-04-29,2026-04-29,2.82
BAMLH0A0HYM2,alfred_hy_oas_initial,2026-04-30,2026-04-30,2.83
BAMLH0A0HYM2,alfred_hy_oas_initial,2026-05-01,2026-05-01,2.77
BAMLH0A0HYM2,alfred_hy_oas_initial,2026-05-04,2026-05-04,2.78
BAMLH0A0HYM2,alfred_hy_oas_initial,2026-05-05,2026-05-05,2.77
BAMLH0A0HYM2,alfred_hy_oas_initial,2026-05-06,2026-05-06,2.75
BAMLH0A0HYM2,alfred_hy_oas_initial,2026-05-07,2026-05-07,2.79
BAMLH0A0HYM2,alfred_hy_oas_initial,2026-05-08,2026-05-08,2.81
BAMLH0A0HYM2,alfred_hy_oas_initial,2026-05-11,2026-05-11,2.79
BAMLH0A0HYM2,alfred_hy_oas_initial,2026-05-12,2026-05-12,2.82
BAMLH0A0HYM2,alfred_hy_oas_initial,2026-05-13,2026-05-13,2.82
BAMLH0A0HYM2,alfred_hy_oas_initial,2026-05-14,2026-05-14,2.76
BAMLH0A0HYM2,alfred_hy_oas_initial,2026-05-15,2026-05-15,2.8
BAMLH0A0HYM2,alfred_hy_oas_initial,2026-05-18,2026-05-18,2.83
BAMLH0A0HYM2,alfred_hy_oas_initial,2026-05-19,2026-05-19,2.86
BAMLH0A0HYM2,alfred_hy_oas_initial,2026-05-20,2026-05-20,2.8
BAMLH0A0HYM2,alfred_hy_oas_initial,2026-05-21,2026-05-21,2.78
BAMLH0A0HYM2,alfred_hy_oas_initial,2026-05-22,2026-05-22,2.74
BAMLH0A0HYM2,alfred_hy_oas_initial,2026-05-25,2026-05-25,2.74
BAMLH0A0HYM2,alfred_hy_oas_initial,2026-05-26,2026-05-26,2.72
BAMLH0A0HYM2,alfred_hy_oas_initial,2026-05-27,2026-05-27,2.71
BAMLH0A0HYM2,alfred_hy_oas_initial,2026-05-28,2026-05-28,2.72
BAMLH0A0HYM2,alfred_hy_oas_initial,2026-05-29,2026-05-29,2.72
BAMLH0A0HYM2,alfred_hy_oas_initial,2026-05-31,2026-05-31,2.74
BAMLH0A0HYM2,alfred_hy_oas_initial,2026-06-01,2026-06-01,2.72
BAMLH0A0HYM2,alfred_hy_oas_initial,2026-06-02,2026-06-02,2.71
BAMLH0A0HYM2,alfred_hy_oas_initial,2026-06-03,2026-06-03,2.75
BAMLH0A0HYM2,alfred_hy_oas_initial,2026-06-04,2026-06-04,2.74
BAMLH0A0HYM2,alfred_hy_oas_initial,2026-06-05,2026-06-05,2.76
BAMLH0A0HYM2,alfred_hy_oas_initial,2026-06-08,2026-06-08,2.75
BAMLH0A0HYM2,alfred_hy_oas_initial,2026-06-09,2026-06-09,2.78
BAMLH0A0HYM2,alfred_hy_oas_initial,2026-06-10,2026-06-10,2.8
BAMLH0A0HYM2,alfred_hy_oas_initial,2026-06-11,2026-06-11,2.78
BAMLH0A0HYM2,alfred_hy_oas_initial,2026-06-12,2026-06-12,2.71
BAMLH0A0HYM2,alfred_hy_oas_initial,2026-06-15,2026-06-15,2.66
BAMLH0A0HYM2,alfred_hy_oas_initial,2026-06-16,2026-06-16,2.71
BAMLH0A0HYM2,alfred_hy_oas_initial,2026-06-17,2026-06-17,2.63
BAMLH0A0HYM2,alfred_hy_oas_initial,2026-06-18,2026-06-18,2.66
BAMLH0A0HYM2,alfred_hy_oas_initial,2026-06-19,2026-06-19,2.66
BAMLH0A0HYM2,alfred_hy_oas_initial,2026-06-22,2026-06-22,2.65
BAMLH0A0HYM2,alfred_hy_oas_initial,2026-06-23,2026-06-23,2.71
BAMLH0A0HYM2,alfred_hy_oas_initial,2026-06-24,2026-06-24,2.76
BAMLH0A0HYM2,alfred_hy_oas_initial,2026-06-25,2026-06-25,2.78
BAMLH0A0HYM2,alfred_hy_oas_initial,2026-06-26,2026-06-26,2.83
BAMLH0A0HYM2,alfred_hy_oas_initial,2026-06-29,2026-06-29,2.8
BAMLH0A0HYM2,alfred_hy_oas_initial,2026-06-30,2026-06-30,2.75
BAMLH0A0HYM2,alfred_hy_oas_initial,2026-07-01,2026-07-01,2.74
BAMLH0A0HYM2,alfred_hy_oas_initial,2026-07-02,2026-07-02,2.75
BAMLH0A0HYM2,alfred_hy_oas_initial,2026-07-03,2026-07-03,2.74
BAMLH0A0HYM2,alfred_hy_oas_initial,2026-07-06,2026-07-06,2.72
BAMLH0A0HYM2,alfred_hy_oas_initial,2026-07-07,2026-07-07,2.67
BAMLH0A0HYM2,alfred_hy_oas_initial,2026-07-08,2026-07-08,2.7
BAMLH0A0HYM2,alfred_hy_oas_initial,2026-07-09,2026-07-09,2.7
BAMLH0A0HYM2,alfred_hy_oas_initial,2026-07-10,2026-07-10,2.69
BAMLH0A0HYM2,alfred_hy_oas_initial,2026-07-13,2026-07-13,2.69
BAMLH0A0HYM2,alfred_hy_oas_initial,2026-07-14,2026-07-14,2.72
BAMLH0A0HYM2,alfred_hy_oas_initial,2026-07-15,2026-07-15,2.71
BAMLH0A0HYM2,alfred_hy_oas_initial,2026-07-16,2026-07-16,2.71
BAMLH0A0HYM2,alfred_hy_oas_initial,2026-07-17,2026-07-17,2.73
BAMLH0A0HYM2,alfred_hy_oas_initial,2026-07-20,2026-07-20,2.69
BAMLH0A0HYM2,alfred_hy_oas_initial,2026-07-21,2026-07-21,2.69
BAMLH0A0HYM2,alfred_hy_oas_initial,2026-07-22,2026-07-22,2.68
BAMLH0A0HYM2,alfred_hy_oas_initial,2026-07-23,2026-07-23,2.77
BAMLH0A0HYM2,alfred_hy_oas_initial,2026-07-24,2026-07-24,2.79
BAMLH0A0HYM2,alfred_hy_oas_initial,2026-07-27,2026-07-27,2.81
BAMLH0A0HYM2,alfred_hy_oas_initial,2026-07-28,2026-07-28,2.84
BAMLH0A0HYM2,alfred_hy_oas_initial,2026-07-29,2026-07-29,2.87
BAMLH0A0HYM2,alfred_hy_oas_initial,2026-07-30,2026-07-30,2.84
BAMLH0A0HYM2,alfred_hy_oas_initial,2026-07-31,2026-07-31,2.85
BAMLH0A0HYM2,alfred_hy_oas_initial,2026-08-03,2026-08-03,2.78
BAMLH0A0HYM2,alfred_hy_oas_initial,2026-08-04,2026-08-04,2.73
BAMLH0A0HYM2,alfred_hy_oas_initial,2026-08-05,2026-08-05,2.75
BAMLH0A0HYM2,alfred_hy_oas_initial,2026-08-06,2026-08-06,2.71
BAMLH0A0HYM2,alfred_hy_oas_initial,2026-08-07,2026-08-07,2.7
BAMLH0A0HYM2,alfred_hy_oas_initial,2026-08-10,2026-08-10,2.7
BAMLH0A0HYM2,alfred_hy_oas_initial,2026-08-11,2026-08-11,2.72
BAMLH0A0HYM2,alfred_hy_oas_initial,2026-08-12,2026-08-12,2.71
BAMLH0A0HYM2,alfred_hy_oas_initial,2026-08-13,2026-08-13,2.71
BAMLH0A0HYM2,alfred_hy_oas_initial,2026-08-14,2026-08-14,2.67
BAMLH0A0HYM2,alfred_hy_oas_initial,2026-08-17,2026-08-17,2.7
BAMLH0A0HYM2,alfred_hy_oas_initial,2026-08-18,2026-08-18,2.75
BAMLH0A0HYM2,alfred_hy_oas_initial,2026-08-19,2026-08-19,2.73
BAMLH0A0HYM2,alfred_hy_oas_initial,2026-08-20,2026-08-20,2.75
BAMLH0A0HYM2,alfred_hy_oas_initial,2026-08-21,2026-08-21,2.7
BAMLH0A0HYM2,alfred_hy_oas_initial,2026-08-24,2026-08-24,2.69
BAMLH0A0HYM2,alfred_hy_oas_initial,2026-08-25,2026-08-25,2.7
BAMLH0A0HYM2,alfred_hy_oas_initial,2026-08-26,2026-08-26,2.67
BAMLH0A0HYM2,alfred_hy_oas_initial,2026-08-27,2026-08-27,2.63
BAMLH0A0HYM2,alfred_hy_oas_initial,2026-08-28,2026-08-28,2.6
BAMLH0A0HYM2,alfred_hy_oas_initial,2026-08-31,2026-08-31,2.63
BAMLH0A0HYM2,alfred_hy_oas_initial,2026-09-01,2026-09-01,2.65
BAMLH0A0HYM2,alfred_hy_oas_initial,2026-09-02,2026-09-02,2.66
BAMLH0A0HYM2,alfred_hy_oas_initial,2026-09-03,2026-09-03,2.65
BAMLH0A0HYM2,alfred_hy_oas_initial,2026-09-04,2026-09-04,2.68
BAMLH0A0HYM2,alfred_hy_oas_initial,2026-09-07,2026-09-07,2.68
BAMLH0A0HYM2,alfred_hy_oas_initial,2026-09-08,2026-09-08,2.67
BAMLH0A0HYM2,alfred_hy_oas_initial,2026-09-09,2026-09-09,2.71
BAMLH0A0HYM2,alfred_hy_oas_initial,2026-09-10,2026-09-10,2.7
BAMLH0A0HYM2,alfred_hy_oas_initial,2026-09-11,2026-09-11,2.65
BAMLH0A0HYM2,alfred_hy_oas_initial,2026-09-14,2026-09-14,2.71
CPIAUCSL,alfred_cpi_initial,1972-07-01,1972-08-22,125.31
CPIAUCSL,alfred_cpi_initial,1972-08-01,1972-09-22,125.62
CPIAUCSL,alfred_cpi_initial,1972-09-01,1972-10-20,126.2
CPIAUCSL,alfred_cpi_initial,1972-10-01,1972-11-21,126.59
CPIAUCSL,alfred_cpi_initial,1972-11-01,1972-12-22,126.93
CPIAUCSL,alfred_cpi_initial,1972-12-01,1973-01-23,127.2
CPIAUCSL,alfred_cpi_initial,1973-01-01,1973-02-22,127.87
CPIAUCSL,alfred_cpi_initial,1973-02-01,1973-03-21,128.87
CPIAUCSL,alfred_cpi_initial,1973-03-01,1973-04-20,129.9
CPIAUCSL,alfred_cpi_initial,1973-04-01,1973-05-22,130.7
CPIAUCSL,alfred_cpi_initial,1973-05-01,1973-06-21,131.47
CPIAUCSL,alfred_cpi_initial,1973-06-01,1973-07-20,132.21
CPIAUCSL,alfred_cpi_initial,1973-07-01,1973-08-21,132.51
CPIAUCSL,alfred_cpi_initial,1973-08-01,1973-09-21,135.06
CPIAUCSL,alfred_cpi_initial,1973-09-01,1973-10-19,135.49
CPIAUCSL,alfred_cpi_initial,1973-10-01,1973-11-21,136.61
CPIAUCSL,alfred_cpi_initial,1973-11-01,1973-12-21,137.68
CPIAUCSL,alfred_cpi_initial,1973-12-01,1974-01-22,138.43
CPIAUCSL,alfred_cpi_initial,1974-01-01,1974-02-22,139.88
CPIAUCSL,alfred_cpi_initial,1974-02-01,1974-03-21,141.67
CPIAUCSL,alfred_cpi_initial,1974-03-01,1974-04-19,143.19
CPIAUCSL,alfred_cpi_initial,1974-04-01,1974-05-21,144.01
CPIAUCSL,alfred_cpi_initial,1974-05-01,1974-06-21,145.54
CPIAUCSL,alfred_cpi_initial,1974-06-01,1974-07-19,146.94
CPIAUCSL,alfred_cpi_initial,1974-07-01,1974-08-21,148.05
CPIAUCSL,alfred_cpi_initial,1974-08-01,1974-09-20,150.04
CPIAUCSL,alfred_cpi_initial,1974-09-01,1974-10-22,151.9
CPIAUCSL,alfred_cpi_initial,1974-10-01,1974-11-21,153.2
CPIAUCSL,alfred_cpi_initial,1974-11-01,1974-12-20,154.38
CPIAUCSL,alfred_cpi_initial,1974-12-01,1975-01-21,155.4
CPIAUCSL,alfred_cpi_initial,1975-01-01,1975-02-21,156.4
CPIAUCSL,alfred_cpi_initial,1975-02-01,1975-03-20,157.4
CPIAUCSL,alfred_cpi_initial,1975-03-01,1975-04-22,157.89
CPIAUCSL,alfred_cpi_initial,1975-04-01,1975-05-21,158.71
CPIAUCSL,alfred_cpi_initial,1975-05-01,1975-06-20,159.27
CPIAUCSL,alfred_cpi_initial,1975-06-01,1975-07-22,160.5
CPIAUCSL,alfred_cpi_initial,1975-07-01,1975-08-21,162.35
CPIAUCSL,alfred_cpi_initial,1975-08-01,1975-09-19,162.62
CPIAUCSL,alfred_cpi_initial,1975-09-01,1975-10-22,163.37
CPIAUCSL,alfred_cpi_initial,1975-10-01,1975-11-20,164.44
CPIAUCSL,alfred_cpi_initial,1975-11-01,1975-12-19,165.57
CPIAUCSL,alfred_cpi_initial,1975-12-01,1976-01-21,166.38
CPIAUCSL,alfred_cpi_initial,1976-01-01,1976-02-20,167.1
CPIAUCSL,alfred_cpi_initial,1976-02-01,1976-03-19,167.3
CPIAUCSL,alfred_cpi_initial,1976-03-01,1976-04-21,167.6
CPIAUCSL,alfred_cpi_initial,1976-04-01,1976-05-21,168.3
CPIAUCSL,alfred_cpi_initial,1976-05-01,1976-06-22,169.3
CPIAUCSL,alfred_cpi_initial,1976-06-01,1976-07-21,170.1
CPIAUCSL,alfred_cpi_initial,1976-07-01,1976-08-20,170.9
CPIAUCSL,alfred_cpi_initial,1976-08-01,1976-09-21,171.8
CPIAUCSL,alfred_cpi_initial,1976-09-01,1976-10-21,172.5
CPIAUCSL,alfred_cpi_initial,1976-10-01,1976-11-19,173.1
CPIAUCSL,alfred_cpi_initial,1976-11-01,1976-12-21,173.6
CPIAUCSL,alfred_cpi_initial,1976-12-01,1977-01-19,174.3
CPIAUCSL,alfred_cpi_initial,1977-01-01,1977-02-18,175.6
CPIAUCSL,alfred_cpi_initial,1977-02-01,1977-03-18,177.3
CPIAUCSL,alfred_cpi_initial,1977-03-01,1977-04-21,178.4
CPIAUCSL,alfred_cpi_initial,1977-04-01,1977-05-20,179.8
CPIAUCSL,alfred_cpi_initial,1977-05-01,1977-06-21,180.9
CPIAUCSL,alfred_cpi_initial,1977-06-01,1977-07-21,181.9
CPIAUCSL,alfred_cpi_initial,1977-07-01,1977-08-19,182.6
CPIAUCSL,alfred_cpi_initial,1977-08-01,1977-09-21,183.2
CPIAUCSL,alfred_cpi_initial,1977-09-01,1977-10-21,183.8
CPIAUCSL,alfred_cpi_initial,1977-10-01,1977-11-22,184.3
CPIAUCSL,alfred_cpi_initial,1977-11-01,1977-12-21,185.2
CPIAUCSL,alfred_cpi_initial,1977-12-01,1978-01-20,185.9
CPIAUCSL,alfred_cpi_initial,1978-01-01,1978-02-27,187.5
CPIAUCSL,alfred_cpi_initial,1978-02-01,1978-03-28,188.7
CPIAUCSL,alfred_cpi_initial,1978-03-01,1978-04-28,190.2
CPIAUCSL,alfred_cpi_initial,1978-04-01,1978-05-31,191.8
CPIAUCSL,alfred_cpi_initial,1978-05-01,1978-06-30,193.6
CPIAUCSL,alfred_cpi_initial,1978-06-01,1978-07-28,195.3
CPIAUCSL,alfred_cpi_initial,1978-07-01,1978-08-29,196.3
CPIAUCSL,alfred_cpi_initial,1978-08-01,1978-09-26,197.4
CPIAUCSL,alfred_cpi_initial,1978-09-01,1978-10-26,198.8
CPIAUCSL,alfred_cpi_initial,1978-10-01,1978-11-28,200.4
CPIAUCSL,alfred_cpi_initial,1978-11-01,1978-12-22,201.5
CPIAUCSL,alfred_cpi_initial,1978-12-01,1979-01-24,202.8
CPIAUCSL,alfred_cpi_initial,1979-01-01,1979-02-23,205.2
CPIAUCSL,alfred_cpi_initial,1979-02-01,1979-03-23,207.7
CPIAUCSL,alfred_cpi_initial,1979-03-01,1979-04-26,209.9
CPIAUCSL,alfred_cpi_initial,1979-04-01,1979-05-25,212.2
CPIAUCSL,alfred_cpi_initial,1979-05-01,1979-06-26,214.4
CPIAUCSL,alfred_cpi_initial,1979-06-01,1979-07-26,216.6
CPIAUCSL,alfred_cpi_initial,1979-07-01,1979-08-24,218.7
CPIAUCSL,alfred_cpi_initial,1979-08-01,1979-09-25,220.9
CPIAUCSL,alfred_cpi_initial,1979-09-01,1979-10-26,223.4
CPIAUCSL,alfred_cpi_initial,1979-10-01,1979-11-27,225.4
CPIAUCSL,alfred_cpi_initial,1979-11-01,1979-12-21,227.7
CPIAUCSL,alfred_cpi_initial,1979-12-01,1980-01-25,230.3
CPIAUCSL,alfred_cpi_initial,1980-01-01,1980-02-22,234.0
CPIAUCSL,alfred_cpi_initial,1980-02-01,1980-03-25,237.2
CPIAUCSL,alfred_cpi_initial,1980-03-01,1980-04-22,240.5
CPIAUCSL,alfred_cpi_initial,1980-04-01,1980-05-23,242.8
CPIAUCSL,alfred_cpi_initial,1980-05-01,1980-06-24,244.9
CPIAUCSL,alfred_cpi_initial,1980-06-01,1980-07-23,247.1
CPIAUCSL,alfred_cpi_initial,1980-07-01,1980-08-22,247.2
CPIAUCSL,alfred_cpi_initial,1980-08-01,1980-09-23,248.9
CPIAUCSL,alfred_cpi_initial,1980-09-01,1980-10-24,251.5
CPIAUCSL,alfred_cpi_initial,1980-10-01,1980-11-25,254.0
CPIAUCSL,alfred_cpi_initial,1980-11-01,1980-12-23,256.6
CPIAUCSL,alfred_cpi_initial,1980-12-01,1981-01-23,259.4
CPIAUCSL,alfred_cpi_initial,1981-01-01,1981-02-25,261.4
CPIAUCSL,alfred_cpi_initial,1981-02-01,1981-03-24,263.9
CPIAUCSL,alfred_cpi_initial,1981-03-01,1981-04-23,265.5
CPIAUCSL,alfred_cpi_initial,1981-04-01,1981-05-22,266.6
CPIAUCSL,alfred_cpi_initial,1981-05-01,1981-06-23,268.4
CPIAUCSL,alfred_cpi_initial,1981-06-01,1981-07-23,270.3
CPIAUCSL,alfred_cpi_initial,1981-07-01,1981-08-25,273.5
CPIAUCSL,alfred_cpi_initial,1981-08-01,1981-09-24,275.8
CPIAUCSL,alfred_cpi_initial,1981-09-01,1981-10-23,279.0
CPIAUCSL,alfred_cpi_initial,1981-10-01,1981-11-24,280.0
CPIAUCSL,alfred_cpi_initial,1981-11-01,1981-12-22,281.4
CPIAUCSL,alfred_cpi_initial,1981-12-01,1982-01-22,282.6
CPIAUCSL,alfred_cpi_initial,1982-01-01,1982-02-25,283.4
CPIAUCSL,alfred_cpi_initial,1982-02-01,1982-03-23,284.1
CPIAUCSL,alfred_cpi_initial,1982-03-01,1982-04-23,283.3
CPIAUCSL,alfred_cpi_initial,1982-04-01,1982-05-21,284.0
CPIAUCSL,alfred_cpi_initial,1982-05-01,1982-06-22,286.7
CPIAUCSL,alfred_cpi_initial,1982-06-01,1982-07-23,289.7
CPIAUCSL,alfred_cpi_initial,1982-07-01,1982-08-24,291.4
CPIAUCSL,alfred_cpi_initial,1982-08-01,1982-09-23,292.2
CPIAUCSL,alfred_cpi_initial,1982-09-01,1982-10-26,292.7
CPIAUCSL,alfred_cpi_initial,1982-10-01,1982-11-23,294.1
CPIAUCSL,alfred_cpi_initial,1982-11-01,1982-12-21,294.3
CPIAUCSL,alfred_cpi_initial,1982-12-01,1983-01-21,293.5
CPIAUCSL,alfred_cpi_initial,1983-01-01,1983-02-25,293.8
CPIAUCSL,alfred_cpi_initial,1983-02-01,1983-03-23,293.2
CPIAUCSL,alfred_cpi_initial,1983-03-01,1983-04-22,293.6
CPIAUCSL,alfred_cpi_initial,1983-04-01,1983-05-24,295.3
CPIAUCSL,alfred_cpi_initial,1983-05-01,1983-06-22,296.9
CPIAUCSL,alfred_cpi_initial,1983-06-01,1983-07-22,297.5
CPIAUCSL,alfred_cpi_initial,1983-07-01,1983-08-23,298.7
CPIAUCSL,alfred_cpi_initial,1983-08-01,1983-09-23,300.0
CPIAUCSL,alfred_cpi_initial,1983-09-01,1983-10-25,301.4
CPIAUCSL,alfred_cpi_initial,1983-10-01,1983-11-23,302.7
CPIAUCSL,alfred_cpi_initial,1983-11-01,1983-12-21,303.6
CPIAUCSL,alfred_cpi_initial,1983-12-01,1984-01-24,304.4
CPIAUCSL,alfred_cpi_initial,1984-01-01,1984-02-24,305.8
CPIAUCSL,alfred_cpi_initial,1984-02-01,1984-03-23,306.9
CPIAUCSL,alfred_cpi_initial,1984-03-01,1984-04-24,307.6
CPIAUCSL,alfred_cpi_initial,1984-04-01,1984-05-22,309.0
CPIAUCSL,alfred_cpi_initial,1984-05-01,1984-06-22,309.6
CPIAUCSL,alfred_cpi_initial,1984-06-01,1984-07-24,310.1
CPIAUCSL,alfred_cpi_initial,1984-07-01,1984-08-22,311.0
CPIAUCSL,alfred_cpi_initial,1984-08-01,1984-09-21,312.4
CPIAUCSL,alfred_cpi_initial,1984-09-01,1984-10-24,313.5
CPIAUCSL,alfred_cpi_initial,1984-10-01,1984-11-21,314.6
CPIAUCSL,alfred_cpi_initial,1984-11-01,1984-12-20,315.3
CPIAUCSL,alfred_cpi_initial,1984-12-01,1985-01-23,315.9
CPIAUCSL,alfred_cpi_initial,1985-01-01,1985-02-26,316.6
CPIAUCSL,alfred_cpi_initial,1985-02-01,1985-03-22,317.7
CPIAUCSL,alfred_cpi_initial,1985-03-01,1985-04-23,319.2
CPIAUCSL,alfred_cpi_initial,1985-04-01,1985-05-21,320.4
CPIAUCSL,alfred_cpi_initial,1985-05-01,1985-06-20,321.1
CPIAUCSL,alfred_cpi_initial,1985-06-01,1985-07-23,321.8
CPIAUCSL,alfred_cpi_initial,1985-07-01,1985-08-22,322.4
CPIAUCSL,alfred_cpi_initial,1985-08-01,1985-09-24,323.0
CPIAUCSL,alfred_cpi_initial,1985-09-01,1985-10-23,323.6
CPIAUCSL,alfred_cpi_initial,1985-10-01,1985-11-22,324.6
CPIAUCSL,alfred_cpi_initial,1985-11-01,1985-12-20,326.4
CPIAUCSL,alfred_cpi_initial,1985-12-01,1986-01-22,327.8
CPIAUCSL,alfred_cpi_initial,1986-01-01,1986-02-25,329.0
CPIAUCSL,alfred_cpi_initial,1986-02-01,1986-03-25,327.7
CPIAUCSL,alfred_cpi_initial,1986-03-01,1986-04-22,326.3
CPIAUCSL,alfred_cpi_initial,1986-04-01,1986-05-21,325.4
CPIAUCSL,alfred_cpi_initial,1986-05-01,1986-06-20,326.0
CPIAUCSL,alfred_cpi_initial,1986-06-01,1986-07-23,327.5
CPIAUCSL,alfred_cpi_initial,1986-07-01,1986-08-21,327.6
CPIAUCSL,alfred_cpi_initial,1986-08-01,1986-09-23,328.2
CPIAUCSL,alfred_cpi_initial,1986-09-01,1986-10-23,329.3
CPIAUCSL,alfred_cpi_initial,1986-10-01,1986-11-25,329.8
CPIAUCSL,alfred_cpi_initial,1986-11-01,1986-12-19,330.7
CPIAUCSL,alfred_cpi_initial,1986-12-01,1987-01-21,331.5
CPIAUCSL,alfred_cpi_initial,1987-01-01,1987-02-27,333.6
CPIAUCSL,alfred_cpi_initial,1987-02-01,1987-03-27,335.0
CPIAUCSL,alfred_cpi_initial,1987-03-01,1987-04-24,336.4
CPIAUCSL,alfred_cpi_initial,1987-04-01,1987-05-22,337.9
CPIAUCSL,alfred_cpi_initial,1987-05-01,1987-06-23,339.0
CPIAUCSL,alfred_cpi_initial,1987-06-01,1987-07-22,340.2
CPIAUCSL,alfred_cpi_initial,1987-07-01,1987-08-21,341.0
CPIAUCSL,alfred_cpi_initial,1987-08-01,1987-09-23,342.6
CPIAUCSL,alfred_cpi_initial,1987-09-01,1987-10-23,343.2
CPIAUCSL,alfred_cpi_initial,1987-10-01,1987-11-20,344.5
CPIAUCSL,alfred_cpi_initial,1987-11-01,1987-12-18,345.5
CPIAUCSL,alfred_cpi_initial,1987-12-01,1988-01-20,345.9
CPIAUCSL,alfred_cpi_initial,1988-01-01,1988-02-26,115.9
CPIAUCSL,alfred_cpi_initial,1988-02-01,1988-03-23,116.1
CPIAUCSL,alfred_cpi_initial,1988-03-01,1988-04-20,116.7
CPIAUCSL,alfred_cpi_initial,1988-04-01,1988-05-20,117.2
CPIAUCSL,alfred_cpi_initial,1988-05-01,1988-06-21,117.6
CPIAUCSL,alfred_cpi_initial,1988-06-01,1988-07-22,118.0
CPIAUCSL,alfred_cpi_initial,1988-07-01,1988-08-23,118.5
CPIAUCSL,alfred_cpi_initial,1988-08-01,1988-09-21,119.0
CPIAUCSL,alfred_cpi_initial,1988-09-01,1988-10-21,119.4
CPIAUCSL,alfred_cpi_initial,1988-10-01,1988-11-22,119.9
CPIAUCSL,alfred_cpi_initial,1988-11-01,1988-12-20,120.2
CPIAUCSL,alfred_cpi_initial,1988-12-01,1989-01-19,120.6
CPIAUCSL,alfred_cpi_initial,1989-01-01,1989-02-22,121.4
CPIAUCSL,alfred_cpi_initial,1989-02-01,1989-03-21,121.9
CPIAUCSL,alfred_cpi_initial,1989-03-01,1989-04-18,122.5
CPIAUCSL,alfred_cpi_initial,1989-04-01,1989-05-18,123.3
CPIAUCSL,alfred_cpi_initial,1989-05-01,1989-06-16,124.0
CPIAUCSL,alfred_cpi_initial,1989-06-01,1989-07-19,124.2
CPIAUCSL,alfred_cpi_initial,1989-07-01,1989-08-18,124.5
CPIAUCSL,alfred_cpi_initial,1989-08-01,1989-09-19,124.5
CPIAUCSL,alfred_cpi_initial,1989-09-01,1989-10-19,124.7
CPIAUCSL,alfred_cpi_initial,1989-10-01,1989-11-21,125.3
CPIAUCSL,alfred_cpi_initial,1989-11-01,1989-12-19,125.8
CPIAUCSL,alfred_cpi_initial,1989-12-01,1990-01-18,126.3
CPIAUCSL,alfred_cpi_initial,1990-01-01,1990-02-21,127.7
CPIAUCSL,alfred_cpi_initial,1990-02-01,1990-03-20,128.3
CPIAUCSL,alfred_cpi_initial,1990-03-01,1990-04-17,128.9
CPIAUCSL,alfred_cpi_initial,1990-04-01,1990-05-16,129.1
CPIAUCSL,alfred_cpi_initial,1990-05-01,1990-06-15,129.3
CPIAUCSL,alfred_cpi_initial,1990-06-01,1990-07-18,130.0
CPIAUCSL,alfred_cpi_initial,1990-07-01,1990-08-16,130.5
CPIAUCSL,alfred_cpi_initial,1990-08-01,1990-09-18,131.5
CPIAUCSL,alfred_cpi_initial,1990-09-01,1990-10-18,132.5
CPIAUCSL,alfred_cpi_initial,1990-10-01,1990-11-16,133.3
CPIAUCSL,alfred_cpi_initial,1990-11-01,1990-12-18,133.7
CPIAUCSL,alfred_cpi_initial,1990-12-01,1991-01-16,134.1
CPIAUCSL,alfred_cpi_initial,1991-01-01,1991-02-20,134.8
CPIAUCSL,alfred_cpi_initial,1991-02-01,1991-03-19,135.1
CPIAUCSL,alfred_cpi_initial,1991-03-01,1991-04-12,135.0
CPIAUCSL,alfred_cpi_initial,1991-04-01,1991-05-14,135.3
CPIAUCSL,alfred_cpi_initial,1991-05-01,1991-06-14,135.7
CPIAUCSL,alfred_cpi_initial,1991-06-01,1991-07-17,136.0
CPIAUCSL,alfred_cpi_initial,1991-07-01,1991-08-14,136.3
CPIAUCSL,alfred_cpi_initial,1991-08-01,1991-09-13,136.6
CPIAUCSL,alfred_cpi_initial,1991-09-01,1991-10-17,137.1
CPIAUCSL,alfred_cpi_initial,1991-10-01,1991-11-14,137.2
CPIAUCSL,alfred_cpi_initial,1991-11-01,1991-12-13,137.8
CPIAUCSL,alfred_cpi_initial,1991-12-01,1992-01-16,138.2
CPIAUCSL,alfred_cpi_initial,1992-01-01,1992-02-19,138.3
CPIAUCSL,alfred_cpi_initial,1992-02-01,1992-03-17,138.7
CPIAUCSL,alfred_cpi_initial,1992-03-01,1992-04-10,139.4
CPIAUCSL,alfred_cpi_initial,1992-04-01,1992-05-13,139.7
CPIAUCSL,alfred_cpi_initial,1992-05-01,1992-06-12,139.9
CPIAUCSL,alfred_cpi_initial,1992-06-01,1992-07-14,140.3
CPIAUCSL,alfred_cpi_initial,1992-07-01,1992-08-13,140.5
CPIAUCSL,alfred_cpi_initial,1992-08-01,1992-09-15,140.9
CPIAUCSL,alfred_cpi_initial,1992-09-01,1992-10-15,141.2
CPIAUCSL,alfred_cpi_initial,1992-10-01,1992-11-13,141.8
CPIAUCSL,alfred_cpi_initial,1992-11-01,1992-12-13,142.1
CPIAUCSL,alfred_cpi_initial,1992-12-01,1993-01-15,142.2
CPIAUCSL,alfred_cpi_initial,1993-01-01,1993-02-18,142.9
CPIAUCSL,alfred_cpi_initial,1993-02-01,1993-03-17,143.4
CPIAUCSL,alfred_cpi_initial,1993-03-01,1993-04-09,143.6
CPIAUCSL,alfred_cpi_initial,1993-04-01,1993-05-13,144.2
CPIAUCSL,alfred_cpi_initial,1993-05-01,1993-06-15,144.4
CPIAUCSL,alfred_cpi_initial,1993-06-01,1993-07-14,144.4
CPIAUCSL,alfred_cpi_initial,1993-07-01,1993-08-13,144.5
CPIAUCSL,alfred_cpi_initial,1993-08-01,1993-09-14,144.9
CPIAUCSL,alfred_cpi_initial,1993-09-01,1993-10-15,144.9
CPIAUCSL,alfred_cpi_initial,1993-10-01,1993-11-10,145.5
CPIAUCSL,alfred_cpi_initial,1993-11-01,1993-12-10,145.8
CPIAUCSL,alfred_cpi_initial,1993-12-01,1994-01-13,146.1
CPIAUCSL,alfred_cpi_initial,1994-01-01,1994-02-17,146.3
CPIAUCSL,alfred_cpi_initial,1994-02-01,1994-03-16,146.7
CPIAUCSL,alfred_cpi_initial,1994-03-01,1994-04-13,147.2
CPIAUCSL,alfred_cpi_initial,1994-04-01,1994-05-13,147.4
CPIAUCSL,alfred_cpi_initial,1994-05-01,1994-06-14,147.7
CPIAUCSL,alfred_cpi_initial,1994-06-01,1994-07-13,148.1
CPIAUCSL,alfred_cpi_initial,1994-07-01,1994-08-12,148.6
CPIAUCSL,alfred_cpi_initial,1994-08-01,1994-09-13,149.1
CPIAUCSL,alfred_cpi_initial,1994-09-01,1994-10-14,149.4
CPIAUCSL,alfred_cpi_initial,1994-10-01,1994-11-16,149.5
CPIAUCSL,alfred_cpi_initial,1994-11-01,1994-12-14,149.9
CPIAUCSL,alfred_cpi_initial,1994-12-01,1995-01-11,150.2
CPIAUCSL,alfred_cpi_initial,1995-01-01,1995-02-15,150.6
CPIAUCSL,alfred_cpi_initial,1995-02-01,1995-03-16,151.0
CPIAUCSL,alfred_cpi_initial,1995-03-01,1995-04-12,151.3
CPIAUCSL,alfred_cpi_initial,1995-04-01,1995-05-12,151.9
CPIAUCSL,alfred_cpi_initial,1995-05-01,1995-06-13,152.3
CPIAUCSL,alfred_cpi_initial,1995-06-01,1995-07-14,152.5
CPIAUCSL,alfred_cpi_initial,1995-07-01,1995-08-11,152.8
CPIAUCSL,alfred_cpi_initial,1995-08-01,1995-09-13,153.0
CPIAUCSL,alfred_cpi_initial,1995-09-01,1995-10-13,153.2
CPIAUCSL,alfred_cpi_initial,1995-10-01,1995-11-15,153.7
CPIAUCSL,alfred_cpi_initial,1995-11-01,1995-12-14,153.7
CPIAUCSL,alfred_cpi_initial,1995-12-01,1996-02-01,154.0
CPIAUCSL,alfred_cpi_initial,1996-01-01,1996-02-28,154.7
CPIAUCSL,alfred_cpi_initial,1996-02-01,1996-03-15,155.0
CPIAUCSL,alfred_cpi_initial,1996-03-01,1996-04-12,155.6
CPIAUCSL,alfred_cpi_initial,1996-04-01,1996-05-14,156.2
CPIAUCSL,alfred_cpi_initial,1996-05-01,1996-06-12,156.7
CPIAUCSL,alfred_cpi_initial,1996-06-01,1996-07-16,156.8
CPIAUCSL,alfred_cpi_initial,1996-07-01,1996-08-13,157.2
CPIAUCSL,alfred_cpi_initial,1996-08-01,1996-09-13,157.4
CPIAUCSL,alfred_cpi_initial,1996-09-01,1996-10-16,157.8
CPIAUCSL,alfred_cpi_initial,1996-10-01,1996-11-14,158.3
CPIAUCSL,alfred_cpi_initial,1996-11-01,1996-12-12,158.7
CPIAUCSL,alfred_cpi_initial,1996-12-01,1997-01-14,159.1
CPIAUCSL,alfred_cpi_initial,1997-01-01,1997-02-19,159.4
CPIAUCSL,alfred_cpi_initial,1997-02-01,1997-03-19,159.8
CPIAUCSL,alfred_cpi_initial,1997-03-01,1997-04-15,159.9
CPIAUCSL,alfred_cpi_initial,1997-04-01,1997-05-15,160.0
CPIAUCSL,alfred_cpi_initial,1997-05-01,1997-06-17,160.1
CPIAUCSL,alfred_cpi_initial,1997-06-01,1997-07-16,160.3
CPIAUCSL,alfred_cpi_initial,1997-07-01,1997-08-14,160.6
CPIAUCSL,alfred_cpi_initial,1997-08-01,1997-09-16,160.9
CPIAUCSL,alfred_cpi_initial,1997-09-01,1997-10-16,161.3
CPIAUCSL,alfred_cpi_initial,1997-10-01,1997-11-18,161.6
CPIAUCSL,alfred_cpi_initial,1997-11-01,1997-12-16,161.8
CPIAUCSL,alfred_cpi_initial,1997-12-01,1998-01-13,161.9
CPIAUCSL,alfred_cpi_initial,1998-01-01,1998-02-24,161.9
CPIAUCSL,alfred_cpi_initial,1998-02-01,1998-03-19,162.0
CPIAUCSL,alfred_cpi_initial,1998-03-01,1998-04-14,162.0
CPIAUCSL,alfred_cpi_initial,1998-04-01,1998-05-14,162.4
CPIAUCSL,alfred_cpi_initial,1998-05-01,1998-06-16,162.9
CPIAUCSL,alfred_cpi_initial,1998-06-01,1998-07-14,163.0
CPIAUCSL,alfred_cpi_initial,1998-07-01,1998-08-18,163.3
CPIAUCSL,alfred_cpi_initial,1998-08-01,1998-09-17,163.6
CPIAUCSL,alfred_cpi_initial,1998-09-01,1998-10-16,163.6
CPIAUCSL,alfred_cpi_initial,1998-10-01,1998-11-17,164.0
CPIAUCSL,alfred_cpi_initial,1998-11-01,1998-12-15,164.3
CPIAUCSL,alfred_cpi_initial,1998-12-01,1999-01-14,164.5
CPIAUCSL,alfred_cpi_initial,1999-01-01,1999-02-19,164.6
CPIAUCSL,alfred_cpi_initial,1999-02-01,1999-03-18,164.7
CPIAUCSL,alfred_cpi_initial,1999-03-01,1999-04-13,165.0
CPIAUCSL,alfred_cpi_initial,1999-04-01,1999-05-14,166.2
CPIAUCSL,alfred_cpi_initial,1999-05-01,1999-06-16,166.2
CPIAUCSL,alfred_cpi_initial,1999-06-01,1999-07-15,166.2
CPIAUCSL,alfred_cpi_initial,1999-07-01,1999-08-17,166.7
CPIAUCSL,alfred_cpi_initial,1999-08-01,1999-09-15,167.2
CPIAUCSL,alfred_cpi_initial,1999-09-01,1999-10-19,167.9
CPIAUCSL,alfred_cpi_initial,1999-10-01,1999-11-17,168.2
CPIAUCSL,alfred_cpi_initial,1999-11-01,1999-12-14,168.4
CPIAUCSL,alfred_cpi_initial,1999-12-01,2000-01-14,168.8
CPIAUCSL,alfred_cpi_initial,2000-01-01,2000-02-18,169.1
CPIAUCSL,alfred_cpi_initial,2000-02-01,2000-03-17,170.0
CPIAUCSL,alfred_cpi_initial,2000-03-01,2000-04-14,171.2
CPIAUCSL,alfred_cpi_initial,2000-04-01,2000-05-16,171.2
CPIAUCSL,alfred_cpi_initial,2000-05-01,2000-06-14,171.3
CPIAUCSL,alfred_cpi_initial,2000-06-01,2000-07-18,172.3
CPIAUCSL,alfred_cpi_initial,2000-07-01,2000-08-16,172.7
CPIAUCSL,alfred_cpi_initial,2000-08-01,2000-09-15,172.6
CPIAUCSL,alfred_cpi_initial,2000-09-01,2000-10-18,173.6
CPIAUCSL,alfred_cpi_initial,2000-10-01,2000-11-16,173.9
CPIAUCSL,alfred_cpi_initial,2000-11-01,2000-12-15,174.2
CPIAUCSL,alfred_cpi_initial,2000-12-01,2001-01-17,174.5
CPIAUCSL,alfred_cpi_initial,2001-01-01,2001-02-21,175.7
CPIAUCSL,alfred_cpi_initial,2001-02-01,2001-03-21,176.2
CPIAUCSL,alfred_cpi_initial,2001-03-01,2001-04-17,176.3
CPIAUCSL,alfred_cpi_initial,2001-04-01,2001-05-16,176.8
CPIAUCSL,alfred_cpi_initial,2001-05-01,2001-06-15,177.5
CPIAUCSL,alfred_cpi_initial,2001-06-01,2001-07-18,177.9
CPIAUCSL,alfred_cpi_initial,2001-07-01,2001-08-16,177.4
CPIAUCSL,alfred_cpi_initial,2001-08-01,2001-09-18,177.5
CPIAUCSL,alfred_cpi_initial,2001-09-01,2001-10-19,178.2
CPIAUCSL,alfred_cpi_initial,2001-10-01,2001-11-16,177.6
CPIAUCSL,alfred_cpi_initial,2001-11-01,2001-12-14,177.6
CPIAUCSL,alfred_cpi_initial,2001-12-01,2002-01-16,177.3
CPIAUCSL,alfred_cpi_initial,2002-01-01,2002-02-20,177.6
CPIAUCSL,alfred_cpi_initial,2002-02-01,2002-03-21,178.0
CPIAUCSL,alfred_cpi_initial,2002-03-01,2002-04-16,178.6
CPIAUCSL,alfred_cpi_initial,2002-04-01,2002-05-15,179.5
CPIAUCSL,alfred_cpi_initial,2002-05-01,2002-06-18,179.5
CPIAUCSL,alfred_cpi_initial,2002-06-01,2002-07-19,179.7
CPIAUCSL,alfred_cpi_initial,2002-07-01,2002-08-16,179.9
CPIAUCSL,alfred_cpi_initial,2002-08-01,2002-09-18,180.5
CPIAUCSL,alfred_cpi_initial,2002-09-01,2002-10-18,180.8
CPIAUCSL,alfred_cpi_initial,2002-10-01,2002-11-19,181.3
CPIAUCSL,alfred_cpi_initial,2002-11-01,2002-12-17,181.5
CPIAUCSL,alfred_cpi_initial,2002-12-01,2003-01-16,181.6
CPIAUCSL,alfred_cpi_initial,2003-01-01,2003-02-21,182.2
CPIAUCSL,alfred_cpi_initial,2003-02-01,2003-03-21,183.3
CPIAUCSL,alfred_cpi_initial,2003-03-01,2003-04-16,183.9
CPIAUCSL,alfred_cpi_initial,2003-04-01,2003-05-16,183.3
CPIAUCSL,alfred_cpi_initial,2003-05-01,2003-06-17,183.3
CPIAUCSL,alfred_cpi_initial,2003-06-01,2003-07-16,183.6
CPIAUCSL,alfred_cpi_initial,2003-07-01,2003-08-15,183.9
CPIAUCSL,alfred_cpi_initial,2003-08-01,2003-09-16,184.5
CPIAUCSL,alfred_cpi_initial,2003-09-01,2003-10-16,185.0
CPIAUCSL,alfred_cpi_initial,2003-10-01,2003-11-18,185.0
CPIAUCSL,alfred_cpi_initial,2003-11-01,2003-12-16,184.6
CPIAUCSL,alfred_cpi_initial,2003-12-01,2004-01-15,185.0
CPIAUCSL,alfred_cpi_initial,2004-01-01,2004-02-20,185.8
CPIAUCSL,alfred_cpi_initial,2004-02-01,2004-03-17,186.3
CPIAUCSL,alfred_cpi_initial,2004-03-01,2004-04-14,187.2
CPIAUCSL,alfred_cpi_initial,2004-04-01,2004-05-14,187.6
CPIAUCSL,alfred_cpi_initial,2004-05-01,2004-06-15,188.8
CPIAUCSL,alfred_cpi_initial,2004-06-01,2004-07-16,189.4
CPIAUCSL,alfred_cpi_initial,2004-07-01,2004-08-17,189.3
CPIAUCSL,alfred_cpi_initial,2004-08-01,2004-09-16,189.4
CPIAUCSL,alfred_cpi_initial,2004-09-01,2004-10-19,189.7
CPIAUCSL,alfred_cpi_initial,2004-10-01,2004-11-17,190.9
CPIAUCSL,alfred_cpi_initial,2004-11-01,2004-12-17,191.2
CPIAUCSL,alfred_cpi_initial,2004-12-01,2005-01-19,191.1
CPIAUCSL,alfred_cpi_initial,2005-01-01,2005-02-23,191.3
CPIAUCSL,alfred_cpi_initial,2005-02-01,2005-03-23,192.0
CPIAUCSL,alfred_cpi_initial,2005-03-01,2005-04-20,193.2
CPIAUCSL,alfred_cpi_initial,2005-04-01,2005-05-18,194.2
CPIAUCSL,alfred_cpi_initial,2005-05-01,2005-06-15,194.1
CPIAUCSL,alfred_cpi_initial,2005-06-01,2005-07-14,194.1
CPIAUCSL,alfred_cpi_initial,2005-07-01,2005-08-16,195.1
CPIAUCSL,alfred_cpi_initial,2005-08-01,2005-09-15,196.1
CPIAUCSL,alfred_cpi_initial,2005-09-01,2005-10-14,198.5
CPIAUCSL,alfred_cpi_initial,2005-10-01,2005-11-16,198.9
CPIAUCSL,alfred_cpi_initial,2005-11-01,2005-12-15,197.8
CPIAUCSL,alfred_cpi_initial,2005-12-01,2006-01-18,197.7
CPIAUCSL,alfred_cpi_initial,2006-01-01,2006-02-22,199.0
CPIAUCSL,alfred_cpi_initial,2006-02-01,2006-03-16,199.1
CPIAUCSL,alfred_cpi_initial,2006-03-01,2006-04-19,199.8
CPIAUCSL,alfred_cpi_initial,2006-04-01,2006-05-17,201.0
CPIAUCSL,alfred_cpi_initial,2006-05-01,2006-06-14,201.9
CPIAUCSL,alfred_cpi_initial,2006-06-01,2006-07-19,202.3
CPIAUCSL,alfred_cpi_initial,2006-07-01,2006-08-16,203.2
CPIAUCSL,alfred_cpi_initial,2006-08-01,2006-09-15,203.7
CPIAUCSL,alfred_cpi_initial,2006-09-01,2006-10-18,202.7
CPIAUCSL,alfred_cpi_initial,2006-10-01,2006-11-16,201.7
CPIAUCSL,alfred_cpi_initial,2006-11-01,2006-12-15,201.7
CPIAUCSL,alfred_cpi_initial,2006-12-01,2007-01-18,202.8
CPIAUCSL,alfred_cpi_initial,2007-01-01,2007-02-21,203.153
CPIAUCSL,alfred_cpi_initial,2007-02-01,2007-03-16,203.906
CPIAUCSL,alfred_cpi_initial,2007-03-01,2007-04-17,205.146
CPIAUCSL,alfred_cpi_initial,2007-04-01,2007-05-15,205.999
CPIAUCSL,alfred_cpi_initial,2007-05-01,2007-06-15,207.387
CPIAUCSL,alfred_cpi_initial,2007-06-01,2007-07-18,207.784
CPIAUCSL,alfred_cpi_initial,2007-07-01,2007-08-15,208.028
CPIAUCSL,alfred_cpi_initial,2007-08-01,2007-09-19,207.738
CPIAUCSL,alfred_cpi_initial,2007-09-01,2007-10-17,208.292
CPIAUCSL,alfred_cpi_initial,2007-10-01,2007-11-15,208.903
CPIAUCSL,alfred_cpi_initial,2007-11-01,2007-12-14,210.565
CPIAUCSL,alfred_cpi_initial,2007-12-01,2008-01-16,211.16
CPIAUCSL,alfred_cpi_initial,2008-01-01,2008-02-20,212.516
CPIAUCSL,alfred_cpi_initial,2008-02-01,2008-03-14,212.571
CPIAUCSL,alfred_cpi_initial,2008-03-01,2008-04-16,213.301
CPIAUCSL,alfred_cpi_initial,2008-04-01,2008-05-14,213.743
CPIAUCSL,alfred_cpi_initial,2008-05-01,2008-06-13,215.132
CPIAUCSL,alfred_cpi_initial,2008-06-01,2008-07-16,217.403
CPIAUCSL,alfred_cpi_initial,2008-07-01,2008-08-14,219.181
CPIAUCSL,alfred_cpi_initial,2008-08-01,2008-09-16,218.88
CPIAUCSL,alfred_cpi_initial,2008-09-01,2008-10-16,218.813
CPIAUCSL,alfred_cpi_initial,2008-10-01,2008-11-19,216.71
CPIAUCSL,alfred_cpi_initial,2008-11-01,2008-12-16,213.06
CPIAUCSL,alfred_cpi_initial,2008-12-01,2009-01-16,211.49
CPIAUCSL,alfred_cpi_initial,2009-01-01,2009-02-20,212.174
CPIAUCSL,alfred_cpi_initial,2009-02-01,2009-03-18,213.007
CPIAUCSL,alfred_cpi_initial,2009-03-01,2009-04-15,212.714
CPIAUCSL,alfred_cpi_initial,2009-04-01,2009-05-15,212.671
CPIAUCSL,alfred_cpi_initial,2009-05-01,2009-06-17,212.876
CPIAUCSL,alfred_cpi_initial,2009-06-01,2009-07-15,214.459
CPIAUCSL,alfred_cpi_initial,2009-07-01,2009-08-14,214.469
CPIAUCSL,alfred_cpi_initial,2009-08-01,2009-09-16,215.428
CPIAUCSL,alfred_cpi_initial,2009-09-01,2009-10-15,215.791
CPIAUCSL,alfred_cpi_initial,2009-10-01,2009-11-18,216.385
CPIAUCSL,alfred_cpi_initial,2009-11-01,2009-12-16,217.25
CPIAUCSL,alfred_cpi_initial,2009-12-01,2010-01-15,217.541
CPIAUCSL,alfred_cpi_initial,2010-01-01,2010-02-19,217.587
CPIAUCSL,alfred_cpi_initial,2010-02-01,2010-03-18,217.591
CPIAUCSL,alfred_cpi_initial,2010-03-01,2010-04-14,217.729
CPIAUCSL,alfred_cpi_initial,2010-04-01,2010-05-19,217.579
CPIAUCSL,alfred_cpi_initial,2010-05-01,2010-06-17,217.224
CPIAUCSL,alfred_cpi_initial,2010-06-01,2010-07-16,216.929
CPIAUCSL,alfred_cpi_initial,2010-07-01,2010-08-13,217.597
CPIAUCSL,alfred_cpi_initial,2010-08-01,2010-09-17,218.15
CPIAUCSL,alfred_cpi_initial,2010-09-01,2010-10-15,218.372
CPIAUCSL,alfred_cpi_initial,2010-10-01,2010-11-17,218.879
CPIAUCSL,alfred_cpi_initial,2010-11-01,2010-12-15,219.146
CPIAUCSL,alfred_cpi_initial,2010-12-01,2011-01-14,220.252
CPIAUCSL,alfred_cpi_initial,2011-01-01,2011-02-17,221.062
CPIAUCSL,alfred_cpi_initial,2011-02-01,2011-03-17,222.27
CPIAUCSL,alfred_cpi_initial,2011-03-01,2011-04-15,223.49
CPIAUCSL,alfred_cpi_initial,2011-04-01,2011-05-13,224.433
CPIAUCSL,alfred_cpi_initial,2011-05-01,2011-06-15,224.804
CPIAUCSL,alfred_cpi_initial,2011-06-01,2011-07-15,224.304
CPIAUCSL,alfred_cpi_initial,2011-07-01,2011-08-18,225.425
CPIAUCSL,alfred_cpi_initial,2011-08-01,2011-09-15,226.268
CPIAUCSL,alfred_cpi_initial,2011-09-01,2011-10-19,226.955
CPIAUCSL,alfred_cpi_initial,2011-10-01,2011-11-16,226.763
CPIAUCSL,alfred_cpi_initial,2011-11-01,2011-12-16,226.72
CPIAUCSL,alfred_cpi_initial,2011-12-01,2012-01-19,226.747
CPIAUCSL,alfred_cpi_initial,2012-01-01,2012-02-17,227.505
CPIAUCSL,alfred_cpi_initial,2012-02-01,2012-03-16,228.433
CPIAUCSL,alfred_cpi_initial,2012-03-01,2012-04-13,229.098
CPIAUCSL,alfred_cpi_initial,2012-04-01,2012-05-15,229.177
CPIAUCSL,alfred_cpi_initial,2012-05-01,2012-06-14,228.527
CPIAUCSL,alfred_cpi_initial,2012-06-01,2012-07-17,228.618
CPIAUCSL,alfred_cpi_initial,2012-07-01,2012-08-15,228.723
CPIAUCSL,alfred_cpi_initial,2012-08-01,2012-09-14,230.102
CPIAUCSL,alfred_cpi_initial,2012-09-01,2012-10-16,231.414
CPIAUCSL,alfred_cpi_initial,2012-10-01,2012-11-15,231.751
CPIAUCSL,alfred_cpi_initial,2012-11-01,2012-12-14,231.025
CPIAUCSL,alfred_cpi_initial,2012-12-01,2013-01-16,230.979
CPIAUCSL,alfred_cpi_initial,2013-01-01,2013-02-21,231.198
CPIAUCSL,alfred_cpi_initial,2013-02-01,2013-03-15,232.77
CPIAUCSL,alfred_cpi_initial,2013-03-01,2013-04-16,232.34
CPIAUCSL,alfred_cpi_initial,2013-04-01,2013-05-16,231.485
CPIAUCSL,alfred_cpi_initial,2013-05-01,2013-06-18,231.831
CPIAUCSL,alfred_cpi_initial,2013-06-01,2013-07-16,232.944
CPIAUCSL,alfred_cpi_initial,2013-07-01,2013-08-15,233.318
CPIAUCSL,alfred_cpi_initial,2013-08-01,2013-09-17,233.526
CPIAUCSL,alfred_cpi_initial,2013-09-01,2013-10-30,233.947
CPIAUCSL,alfred_cpi_initial,2013-10-01,2013-11-20,233.808
CPIAUCSL,alfred_cpi_initial,2013-11-01,2013-12-17,233.887
CPIAUCSL,alfred_cpi_initial,2013-12-01,2014-01-16,234.582
CPIAUCSL,alfred_cpi_initial,2014-01-01,2014-02-20,234.933
CPIAUCSL,alfred_cpi_initial,2014-02-01,2014-03-18,235.169
CPIAUCSL,alfred_cpi_initial,2014-03-01,2014-04-15,235.64
CPIAUCSL,alfred_cpi_initial,2014-04-01,2014-05-15,236.254
CPIAUCSL,alfred_cpi_initial,2014-05-01,2014-06-17,237.083
CPIAUCSL,alfred_cpi_initial,2014-06-01,2014-07-22,237.693
CPIAUCSL,alfred_cpi_initial,2014-07-01,2014-08-19,237.909
CPIAUCSL,alfred_cpi_initial,2014-08-01,2014-09-17,237.428
CPIAUCSL,alfred_cpi_initial,2014-09-01,2014-10-22,237.633
CPIAUCSL,alfred_cpi_initial,2014-10-01,2014-11-20,237.642
CPIAUCSL,alfred_cpi_initial,2014-11-01,2014-12-17,237.032
CPIAUCSL,alfred_cpi_initial,2014-12-01,2015-01-16,236.149
CPIAUCSL,alfred_cpi_initial,2015-01-01,2015-02-26,234.677
CPIAUCSL,alfred_cpi_initial,2015-02-01,2015-03-24,235.186
CPIAUCSL,alfred_cpi_initial,2015-03-01,2015-04-17,235.74
CPIAUCSL,alfred_cpi_initial,2015-04-01,2015-05-22,235.982
CPIAUCSL,alfred_cpi_initial,2015-05-01,2015-06-18,237.031
CPIAUCSL,alfred_cpi_initial,2015-06-01,2015-07-17,237.786
CPIAUCSL,alfred_cpi_initial,2015-07-01,2015-08-19,238.099
CPIAUCSL,alfred_cpi_initial,2015-08-01,2015-09-16,237.931
CPIAUCSL,alfred_cpi_initial,2015-09-01,2015-10-15,237.566
CPIAUCSL,alfred_cpi_initial,2015-10-01,2015-11-17,238.042
CPIAUCSL,alfred_cpi_initial,2015-11-01,2015-12-15,238.111
CPIAUCSL,alfred_cpi_initial,2015-12-01,2016-01-20,237.847
CPIAUCSL,alfred_cpi_initial,2016-01-01,2016-02-19,238.107
CPIAUCSL,alfred_cpi_initial,2016-02-01,2016-03-16,237.707
CPIAUCSL,alfred_cpi_initial,2016-03-01,2016-04-14,237.92
CPIAUCSL,alfred_cpi_initial,2016-04-01,2016-05-17,238.89
CPIAUCSL,alfred_cpi_initial,2016-05-01,2016-06-16,239.41
CPIAUCSL,alfred_cpi_initial,2016-06-01,2016-07-15,239.927
CPIAUCSL,alfred_cpi_initial,2016-07-01,2016-08-16,239.828
CPIAUCSL,alfred_cpi_initial,2016-08-01,2016-09-16,240.305
CPIAUCSL,alfred_cpi_initial,2016-09-01,2016-10-18,241.002
CPIAUCSL,alfred_cpi_initial,2016-10-01,2016-11-17,241.863
CPIAUCSL,alfred_cpi_initial,2016-11-01,2016-12-15,242.348
CPIAUCSL,alfred_cpi_initial,2016-12-01,2017-01-18,243.032
CPIAUCSL,alfred_cpi_initial,2017-01-01,2017-02-15,244.158
CPIAUCSL,alfred_cpi_initial,2017-02-01,2017-03-15,244.456
CPIAUCSL,alfred_cpi_initial,2017-03-01,2017-04-14,243.752
CPIAUCSL,alfred_cpi_initial,2017-04-01,2017-05-12,244.158
CPIAUCSL,alfred_cpi_initial,2017-05-01,2017-06-14,243.846
CPIAUCSL,alfred_cpi_initial,2017-06-01,2017-07-14,243.79
CPIAUCSL,alfred_cpi_initial,2017-07-01,2017-08-11,244.048
CPIAUCSL,alfred_cpi_initial,2017-08-01,2017-09-14,245.03
CPIAUCSL,alfred_cpi_initial,2017-09-01,2017-10-13,246.373
CPIAUCSL,alfred_cpi_initial,2017-10-01,2017-11-15,246.639
CPIAUCSL,alfred_cpi_initial,2017-11-01,2017-12-13,247.592
CPIAUCSL,alfred_cpi_initial,2017-12-01,2018-01-12,247.963
CPIAUCSL,alfred_cpi_initial,2018-01-01,2018-02-14,249.245
CPIAUCSL,alfred_cpi_initial,2018-02-01,2018-03-13,249.619
CPIAUCSL,alfred_cpi_initial,2018-03-01,2018-04-11,249.462
CPIAUCSL,alfred_cpi_initial,2018-04-01,2018-05-10,250.013
CPIAUCSL,alfred_cpi_initial,2018-05-01,2018-06-12,250.535
CPIAUCSL,alfred_cpi_initial,2018-06-01,2018-07-12,250.857
CPIAUCSL,alfred_cpi_initial,2018-07-01,2018-08-10,251.286
CPIAUCSL,alfred_cpi_initial,2018-08-01,2018-09-13,251.846
CPIAUCSL,alfred_cpi_initial,2018-09-01,2018-10-11,251.994
CPIAUCSL,alfred_cpi_initial,2018-10-01,2018-11-14,252.827
CPIAUCSL,alfred_cpi_initial,2018-11-01,2018-12-12,252.876
CPIAUCSL,alfred_cpi_initial,2018-12-01,2019-01-11,252.733
CPIAUCSL,alfred_cpi_initial,2019-01-01,2019-02-13,252.673
CPIAUCSL,alfred_cpi_initial,2019-02-01,2019-03-12,253.113
CPIAUCSL,alfred_cpi_initial,2019-03-01,2019-04-10,254.148
CPIAUCSL,alfred_cpi_initial,2019-04-01,2019-05-10,254.958
CPIAUCSL,alfred_cpi_initial,2019-05-01,2019-06-12,255.155
CPIAUCSL,alfred_cpi_initial,2019-06-01,2019-07-11,255.305
CPIAUCSL,alfred_cpi_initial,2019-07-01,2019-08-13,256.161
CPIAUCSL,alfred_cpi_initial,2019-08-01,2019-09-12,256.3
CPIAUCSL,alfred_cpi_initial,2019-09-01,2019-10-10,256.358
CPIAUCSL,alfred_cpi_initial,2019-10-01,2019-11-13,257.271
CPIAUCSL,alfred_cpi_initial,2019-11-01,2019-12-11,257.936
CPIAUCSL,alfred_cpi_initial,2019-12-01,2020-01-14,258.501
CPIAUCSL,alfred_cpi_initial,2020-01-01,2020-02-13,258.82
CPIAUCSL,alfred_cpi_initial,2020-02-01,2020-03-11,259.05
CPIAUCSL,alfred_cpi_initial,2020-03-01,2020-04-10,257.953
CPIAUCSL,alfred_cpi_initial,2020-04-01,2020-05-12,255.902
CPIAUCSL,alfred_cpi_initial,2020-05-01,2020-06-10,255.768
CPIAUCSL,alfred_cpi_initial,2020-06-01,2020-07-14,257.214
CPIAUCSL,alfred_cpi_initial,2020-07-01,2020-08-12,258.723
CPIAUCSL,alfred_cpi_initial,2020-08-01,2020-09-11,259.681
CPIAUCSL,alfred_cpi_initial,2020-09-01,2020-10-13,260.209
CPIAUCSL,alfred_cpi_initial,2020-10-01,2020-11-12,260.325
CPIAUCSL,alfred_cpi_initial,2020-11-01,2020-12-10,260.817
CPIAUCSL,alfred_cpi_initial,2020-12-01,2021-01-13,261.775
CPIAUCSL,alfred_cpi_initial,2021-01-01,2021-02-10,262.231
CPIAUCSL,alfred_cpi_initial,2021-02-01,2021-03-10,263.161
CPIAUCSL,alfred_cpi_initial,2021-03-01,2021-04-13,264.793
CPIAUCSL,alfred_cpi_initial,2021-04-01,2021-05-12,266.832
CPIAUCSL,alfred_cpi_initial,2021-05-01,2021-06-10,268.551
CPIAUCSL,alfred_cpi_initial,2021-06-01,2021-07-13,270.981
CPIAUCSL,alfred_cpi_initial,2021-07-01,2021-08-11,272.265
CPIAUCSL,alfred_cpi_initial,2021-08-01,2021-09-14,273.012
CPIAUCSL,alfred_cpi_initial,2021-09-01,2021-10-13,274.138
CPIAUCSL,alfred_cpi_initial,2021-10-01,2021-11-10,276.724
CPIAUCSL,alfred_cpi_initial,2021-11-01,2021-12-10,278.88
CPIAUCSL,alfred_cpi_initial,2021-12-01,2022-01-12,280.192
CPIAUCSL,alfred_cpi_initial,2022-01-01,2022-02-10,281.933
CPIAUCSL,alfred_cpi_initial,2022-02-01,2022-03-10,284.182
CPIAUCSL,alfred_cpi_initial,2022-03-01,2022-04-12,287.708
CPIAUCSL,alfred_cpi_initial,2022-04-01,2022-05-11,288.663
CPIAUCSL,alfred_cpi_initial,2022-05-01,2022-06-10,291.474
CPIAUCSL,alfred_cpi_initial,2022-06-01,2022-07-13,295.328
CPIAUCSL,alfred_cpi_initial,2022-07-01,2022-08-10,295.271
CPIAUCSL,alfred_cpi_initial,2022-08-01,2022-09-13,295.62
CPIAUCSL,alfred_cpi_initial,2022-09-01,2022-10-13,296.761
CPIAUCSL,alfred_cpi_initial,2022-10-01,2022-11-10,298.062
CPIAUCSL,alfred_cpi_initial,2022-11-01,2022-12-13,298.349
CPIAUCSL,alfred_cpi_initial,2022-12-01,2023-01-12,298.112
CPIAUCSL,alfred_cpi_initial,2023-01-01,2023-02-14,300.536
CPIAUCSL,alfred_cpi_initial,2023-02-01,2023-03-14,301.648
CPIAUCSL,alfred_cpi_initial,2023-03-01,2023-04-12,301.808
CPIAUCSL,alfred_cpi_initial,2023-04-01,2023-05-10,302.918
CPIAUCSL,alfred_cpi_initial,2023-05-01,2023-06-13,303.294
CPIAUCSL,alfred_cpi_initial,2023-06-01,2023-07-12,303.841
CPIAUCSL,alfred_cpi_initial,2023-07-01,2023-08-10,304.348
CPIAUCSL,alfred_cpi_initial,2023-08-01,2023-09-13,306.269
CPIAUCSL,alfred_cpi_initial,2023-09-01,2023-10-12,307.481
CPIAUCSL,alfred_cpi_initial,2023-10-01,2023-11-14,307.619
CPIAUCSL,alfred_cpi_initial,2023-11-01,2023-12-12,307.917
CPIAUCSL,alfred_cpi_initial,2023-12-01,2024-01-11,308.85
CPIAUCSL,alfred_cpi_initial,2024-01-01,2024-02-13,309.685
CPIAUCSL,alfred_cpi_initial,2024-02-01,2024-03-12,311.054
CPIAUCSL,alfred_cpi_initial,2024-03-01,2024-04-10,312.23
CPIAUCSL,alfred_cpi_initial,2024-04-01,2024-05-15,313.207
CPIAUCSL,alfred_cpi_initial,2024-05-01,2024-06-12,313.225
CPIAUCSL,alfred_cpi_initial,2024-06-01,2024-07-11,313.049
CPIAUCSL,alfred_cpi_initial,2024-07-01,2024-08-14,313.534
CPIAUCSL,alfred_cpi_initial,2024-08-01,2024-09-11,314.121
CPIAUCSL,alfred_cpi_initial,2024-09-01,2024-10-10,314.686
CPIAUCSL,alfred_cpi_initial,2024-10-01,2024-11-13,315.454
CPIAUCSL,alfred_cpi_initial,2024-11-01,2024-12-11,316.441
CPIAUCSL,alfred_cpi_initial,2024-12-01,2025-01-15,317.685
CPIAUCSL,alfred_cpi_initial,2025-01-01,2025-02-12,319.086
CPIAUCSL,alfred_cpi_initial,2025-02-01,2025-03-12,319.775
CPIAUCSL,alfred_cpi_initial,2025-03-01,2025-04-10,319.615
CPIAUCSL,alfred_cpi_initial,2025-04-01,2025-05-13,320.321
CPIAUCSL,alfred_cpi_initial,2025-05-01,2025-06-11,320.58
CPIAUCSL,alfred_cpi_initial,2025-06-01,2025-07-15,321.5
CPIAUCSL,alfred_cpi_initial,2025-07-01,2025-08-12,322.132
CPIAUCSL,alfred_cpi_initial,2025-08-01,2025-09-11,323.364
CPIAUCSL,alfred_cpi_initial,2025-09-01,2025-10-24,324.368
CPIAUCSL,alfred_cpi_initial,2025-11-01,2025-12-18,325.031
CPIAUCSL,alfred_cpi_initial,2025-12-01,2026-01-13,326.03
CPIAUCSL,alfred_cpi_initial,2026-01-01,2026-02-13,326.588
CPIAUCSL,alfred_cpi_initial,2026-02-01,2026-03-11,327.46
CPIAUCSL,alfred_cpi_initial,2026-03-01,2026-04-10,330.293
CPIAUCSL,alfred_cpi_initial,2026-04-01,2026-05-12,332.407
CPIAUCSL,alfred_cpi_initial,2026-05-01,2026-06-10,333.979
CPIAUCSL,alfred_cpi_initial,2026-06-01,2026-07-14,332.568
CPIAUCSL,alfred_cpi_initial,2026-07-01,2026-08-12,332.813
CPIAUCSL,alfred_cpi_initial,2026-08-01,2026-09-11,334.131
DFF,alfred_fed_funds_initial,2026-03-18,2026-03-19,3.64
DFF,alfred_fed_funds_initial,2026-03-19,2026-03-20,3.64
DFF,alfred_fed_funds_initial,2026-03-20,2026-03-23,3.64
DFF,alfred_fed_funds_initial,2026-03-21,2026-03-24,3.64
DFF,alfred_fed_funds_initial,2026-03-22,2026-03-24,3.64
DFF,alfred_fed_funds_initial,2026-03-23,2026-03-24,3.64
DFF,alfred_fed_funds_initial,2026-03-24,2026-03-25,3.64
DFF,alfred_fed_funds_initial,2026-03-25,2026-03-26,3.64
DFF,alfred_fed_funds_initial,2026-03-26,2026-03-27,3.64
DFF,alfred_fed_funds_initial,2026-03-27,2026-03-30,3.64
DFF,alfred_fed_funds_initial,2026-03-28,2026-03-31,3.64
DFF,alfred_fed_funds_initial,2026-03-29,2026-03-31,3.64
DFF,alfred_fed_funds_initial,2026-03-30,2026-03-31,3.64
DFF,alfred_fed_funds_initial,2026-03-31,2026-04-01,3.64
DFF,alfred_fed_funds_initial,2026-04-01,2026-04-02,3.64
DFF,alfred_fed_funds_initial,2026-04-02,2026-04-03,3.64
DFF,alfred_fed_funds_initial,2026-04-03,2026-04-06,3.64
DFF,alfred_fed_funds_initial,2026-04-04,2026-04-07,3.64
DFF,alfred_fed_funds_initial,2026-04-05,2026-04-07,3.64
DFF,alfred_fed_funds_initial,2026-04-06,2026-04-07,3.64
DFF,alfred_fed_funds_initial,2026-04-07,2026-04-08,3.64
DFF,alfred_fed_funds_initial,2026-04-08,2026-04-09,3.64
DFF,alfred_fed_funds_initial,2026-04-09,2026-04-10,3.64
DFF,alfred_fed_funds_initial,2026-04-10,2026-04-13,3.64
DFF,alfred_fed_funds_initial,2026-04-11,2026-04-14,3.64
DFF,alfred_fed_funds_initial,2026-04-12,2026-04-14,3.64
DFF,alfred_fed_funds_initial,2026-04-13,2026-04-14,3.64
DFF,alfred_fed_funds_initial,2026-04-14,2026-04-15,3.64
DFF,alfred_fed_funds_initial,2026-04-15,2026-04-16,3.64
DFF,alfred_fed_funds_initial,2026-04-16,2026-04-17,3.64
DFF,alfred_fed_funds_initial,2026-04-17,2026-04-20,3.64
DFF,alfred_fed_funds_initial,2026-04-18,2026-04-21,3.64
DFF,alfred_fed_funds_initial,2026-04-19,2026-04-21,3.64
DFF,alfred_fed_funds_initial,2026-04-20,2026-04-21,3.64
DFF,alfred_fed_funds_initial,2026-04-21,2026-04-22,3.64
DFF,alfred_fed_funds_initial,2026-04-22,2026-04-23,3.64
DFF,alfred_fed_funds_initial,2026-04-23,2026-04-24,3.64
DFF,alfred_fed_funds_initial,2026-04-24,2026-04-27,3.64
DFF,alfred_fed_funds_initial,2026-04-25,2026-04-28,3.64
DFF,alfred_fed_funds_initial,2026-04-26,2026-04-28,3.64
DFF,alfred_fed_funds_initial,2026-04-27,2026-04-28,3.64
DFF,alfred_fed_funds_initial,2026-04-28,2026-04-29,3.64
DFF,alfred_fed_funds_initial,2026-04-29,2026-04-30,3.64
DFF,alfred_fed_funds_initial,2026-04-30,2026-05-01,3.64
DFF,alfred_fed_funds_initial,2026-05-01,2026-05-04,3.64
DFF,alfred_fed_funds_initial,2026-05-02,2026-05-05,3.64
DFF,alfred_fed_funds_initial,2026-05-03,2026-05-05,3.64
DFF,alfred_fed_funds_initial,2026-05-04,2026-05-05,3.64
DFF,alfred_fed_funds_initial,2026-05-05,2026-05-06,3.64
DFF,alfred_fed_funds_initial,2026-05-06,2026-05-07,3.64
DFF,alfred_fed_funds_initial,2026-05-07,2026-05-08,3.63
DFF,alfred_fed_funds_initial,2026-05-08,2026-05-11,3.63
DFF,alfred_fed_funds_initial,2026-05-09,2026-05-12,3.63
DFF,alfred_fed_funds_initial,2026-05-10,2026-05-12,3.63
DFF,alfred_fed_funds_initial,2026-05-11,2026-05-12,3.63
DFF,alfred_fed_funds_initial,2026-05-12,2026-05-13,3.63
DFF,alfred_fed_funds_initial,2026-05-13,2026-05-14,3.63
DFF,alfred_fed_funds_initial,2026-05-14,2026-05-15,3.63
DFF,alfred_fed_funds_initial,2026-05-15,2026-05-18,3.63
DFF,alfred_fed_funds_initial,2026-05-16,2026-05-19,3.63
DFF,alfred_fed_funds_initial,2026-05-17,2026-05-19,3.63
DFF,alfred_fed_funds_initial,2026-05-18,2026-05-19,3.63
DFF,alfred_fed_funds_initial,2026-05-19,2026-05-20,3.62
DFF,alfred_fed_funds_initial,2026-05-20,2026-05-21,3.62
DFF,alfred_fed_funds_initial,2026-05-21,2026-05-22,3.62
DFF,alfred_fed_funds_initial,2026-05-22,2026-05-26,3.62
DFF,alfred_fed_funds_initial,2026-05-23,2026-05-26,3.62
DFF,alfred_fed_funds_initial,2026-05-24,2026-05-26,3.62
DFF,alfred_fed_funds_initial,2026-05-25,2026-05-26,3.62
DFF,alfred_fed_funds_initial,2026-05-26,2026-05-27,3.62
DFF,alfred_fed_funds_initial,2026-05-27,2026-05-28,3.62
DFF,alfred_fed_funds_initial,2026-05-28,2026-05-29,3.62
DFF,alfred_fed_funds_initial,2026-05-29,2026-06-01,3.62
DFF,alfred_fed_funds_initial,2026-05-30,2026-06-02,3.62
DFF,alfred_fed_funds_initial,2026-05-31,2026-06-02,3.62
DFF,alfred_fed_funds_initial,2026-06-01,2026-06-02,3.62
DFF,alfred_fed_funds_initial,2026-06-02,2026-06-03,3.62
DFF,alfred_fed_funds_initial,2026-06-03,2026-06-04,3.62
DFF,alfred_fed_funds_initial,2026-06-04,2026-06-05,3.62
DFF,alfred_fed_funds_initial,2026-06-05,2026-06-08,3.62
DFF,alfred_fed_funds_initial,2026-06-06,2026-06-09,3.62
DFF,alfred_fed_funds_initial,2026-06-07,2026-06-09,3.62
DFF,alfred_fed_funds_initial,2026-06-08,2026-06-09,3.62
DFF,alfred_fed_funds_initial,2026-06-09,2026-06-10,3.62
DFF,alfred_fed_funds_initial,2026-06-10,2026-06-11,3.62
DFF,alfred_fed_funds_initial,2026-06-11,2026-06-12,3.62
DFF,alfred_fed_funds_initial,2026-06-12,2026-06-15,3.62
DFF,alfred_fed_funds_initial,2026-06-13,2026-06-16,3.62
DFF,alfred_fed_funds_initial,2026-06-14,2026-06-16,3.62
DFF,alfred_fed_funds_initial,2026-06-15,2026-06-16,3.63
DFF,alfred_fed_funds_initial,2026-06-16,2026-06-17,3.63
DFF,alfred_fed_funds_initial,2026-06-17,2026-06-18,3.63
DFF,alfred_fed_funds_initial,2026-06-18,2026-06-22,3.63
DFF,alfred_fed_funds_initial,2026-06-19,2026-06-22,3.63
DFF,alfred_fed_funds_initial,2026-06-20,2026-06-23,3.63
DFF,alfred_fed_funds_initial,2026-06-21,2026-06-23,3.63
DFF,alfred_fed_funds_initial,2026-06-22,2026-06-23,3.63
DFF,alfred_fed_funds_initial,2026-06-23,2026-06-24,3.63
DFF,alfred_fed_funds_initial,2026-06-24,2026-06-25,3.63
DFF,alfred_fed_funds_initial,2026-06-25,2026-06-26,3.63
DFF,alfred_fed_funds_initial,2026-06-26,2026-06-29,3.63
DFF,alfred_fed_funds_initial,2026-06-27,2026-06-30,3.63
DFF,alfred_fed_funds_initial,2026-06-28,2026-06-30,3.63
DFF,alfred_fed_funds_initial,2026-06-29,2026-06-30,3.63
DFF,alfred_fed_funds_initial,2026-06-30,2026-07-01,3.63
DFF,alfred_fed_funds_initial,2026-07-01,2026-07-02,3.63
DFF,alfred_fed_funds_initial,2026-07-02,2026-07-06,3.63
DFF,alfred_fed_funds_initial,2026-07-03,2026-07-06,3.63
DFF,alfred_fed_funds_initial,2026-07-04,2026-07-07,3.63
DFF,alfred_fed_funds_initial,2026-07-05,2026-07-07,3.63
DFF,alfred_fed_funds_initial,2026-07-06,2026-07-07,3.63
DFF,alfred_fed_funds_initial,2026-07-07,2026-07-08,3.63
DFF,alfred_fed_funds_initial,2026-07-08,2026-07-09,3.62
DFF,alfred_fed_funds_initial,2026-07-09,2026-07-10,3.62
DFF,alfred_fed_funds_initial,2026-07-10,2026-07-13,3.62
DFF,alfred_fed_funds_initial,2026-07-11,2026-07-14,3.62
DFF,alfred_fed_funds_initial,2026-07-12,2026-07-14,3.62
DFF,alfred_fed_funds_initial,2026-07-13,2026-07-14,3.62
DFF,alfred_fed_funds_initial,2026-07-14,2026-07-15,3.63
DFF,alfred_fed_funds_initial,2026-07-15,2026-07-16,3.63
DFF,alfred_fed_funds_initial,2026-07-16,2026-07-17,3.63
DFF,alfred_fed_funds_initial,2026-07-17,2026-07-20,3.63
DFF,alfred_fed_funds_initial,2026-07-18,2026-07-21,3.63
DFF,alfred_fed_funds_initial,2026-07-19,2026-07-21,3.63
DFF,alfred_fed_funds_initial,2026-07-20,2026-07-21,3.63
DFF,alfred_fed_funds_initial,2026-07-21,2026-07-22,3.63
DFF,alfred_fed_funds_initial,2026-07-22,2026-07-23,3.63
DFF,alfred_fed_funds_initial,2026-07-23,2026-07-24,3.63
DFF,alfred_fed_funds_initial,2026-07-24,2026-07-27,3.63
DFF,alfred_fed_funds_initial,2026-07-25,2026-07-28,3.63
DFF,alfred_fed_funds_initial,2026-07-26,2026-07-28,3.63
DFF,alfred_fed_funds_initial,2026-07-27,2026-07-28,3.63
DFF,alfred_fed_funds_initial,2026-07-28,2026-07-29,3.63
DFF,alfred_fed_funds_initial,2026-07-29,2026-07-30,3.63
DFF,alfred_fed_funds_initial,2026-07-30,2026-07-31,3.63
DFF,alfred_fed_funds_initial,2026-07-31,2026-08-03,3.63
DFF,alfred_fed_funds_initial,2026-08-01,2026-08-04,3.63
DFF,alfred_fed_funds_initial,2026-08-02,2026-08-04,3.63
DFF,alfred_fed_funds_initial,2026-08-03,2026-08-04,3.63
DFF,alfred_fed_funds_initial,2026-08-04,2026-08-05,3.63
DFF,alfred_fed_funds_initial,2026-08-05,2026-08-06,3.63
DFF,alfred_fed_funds_initial,2026-08-06,2026-08-07,3.63
DFF,alfred_fed_funds_initial,2026-08-07,2026-08-10,3.63
DFF,alfred_fed_funds_initial,2026-08-08,2026-08-11,3.63
DFF,alfred_fed_funds_initial,2026-08-09,2026-08-11,3.63
DFF,alfred_fed_funds_initial,2026-08-10,2026-08-11,3.63
DFF,alfred_fed_funds_initial,2026-08-11,2026-08-12,3.63
DFF,alfred_fed_funds_initial,2026-08-12,2026-08-13,3.63
DFF,alfred_fed_funds_initial,2026-08-13,2026-08-14,3.63
DFF,alfred_fed_funds_initial,2026-08-14,2026-08-17,3.63
DFF,alfred_fed_funds_initial,2026-08-15,2026-08-18,3.63
DFF,alfred_fed_funds_initial,2026-08-16,2026-08-18,3.63
DFF,alfred_fed_funds_initial,2026-08-17,2026-08-18,3.63
DFF,alfred_fed_funds_initial,2026-08-18,2026-08-19,3.63
DFF,alfred_fed_funds_initial,2026-08-19,2026-08-20,3.63
DFF,alfred_fed_funds_initial,2026-08-20,2026-08-21,3.63
DFF,alfred_fed_funds_initial,2026-08-21,2026-08-24,3.63
DFF,alfred_fed_funds_initial,2026-08-22,2026-08-25,3.63
DFF,alfred_fed_funds_initial,2026-08-23,2026-08-25,3.63
DFF,alfred_fed_funds_initial,2026-08-24,2026-08-25,3.63
DFF,alfred_fed_funds_initial,2026-08-25,2026-08-26,3.63
DFF,alfred_fed_funds_initial,2026-08-26,2026-08-27,3.63
DFF,alfred_fed_funds_initial,2026-08-27,2026-08-28,3.63
DFF,alfred_fed_funds_initial,2026-08-28,2026-08-31,3.63
DFF,alfred_fed_funds_initial,2026-08-29,2026-09-01,3.63
DFF,alfred_fed_funds_initial,2026-08-30,2026-09-01,3.63
DFF,alfred_fed_funds_initial,2026-08-31,2026-09-01,3.63
DFF,alfred_fed_funds_initial,2026-09-01,2026-09-02,3.63
DFF,alfred_fed_funds_initial,2026-09-02,2026-09-03,3.63
DFF,alfred_fed_funds_initial,2026-09-03,2026-09-04,3.63
DFF,alfred_fed_funds_initial,2026-09-04,2026-09-08,3.63
DFF,alfred_fed_funds_initial,2026-09-05,2026-09-08,3.63
DFF,alfred_fed_funds_initial,2026-09-06,2026-09-08,3.63
DFF,alfred_fed_funds_initial,2026-09-07,2026-09-08,3.63
DFF,alfred_fed_funds_initial,2026-09-08,2026-09-09,3.63
DFF,alfred_fed_funds_initial,2026-09-09,2026-09-10,3.63
DFF,alfred_fed_funds_initial,2026-09-10,2026-09-11,3.63
DFF,alfred_fed_funds_initial,2026-09-11,2026-09-14,3.63
DFF,alfred_fed_funds_initial,2026-09-12,2026-09-15,3.63
DFF,alfred_fed_funds_initial,2026-09-13,2026-09-15,3.63
DFF,alfred_fed_funds_initial,2026-09-14,2026-09-15,3.63
M2SL,alfred_m2_initial,1980-01-01,1980-02-15,1532.7
M2SL,alfred_m2_initial,1980-02-01,1980-03-14,1546.6
M2SL,alfred_m2_initial,1980-03-01,1980-04-11,1550.9
M2SL,alfred_m2_initial,1980-04-01,1980-05-09,1546.8
M2SL,alfred_m2_initial,1980-05-01,1980-06-13,1559.6
M2SL,alfred_m2_initial,1980-06-01,1980-07-11,1583.7
M2SL,alfred_m2_initial,1980-07-01,1980-08-15,1607.8
M2SL,alfred_m2_initial,1980-08-01,1980-09-12,1628.1
M2SL,alfred_m2_initial,1980-09-01,1980-10-10,1639.9
M2SL,alfred_m2_initial,1980-10-01,1980-11-18,1653.5
M2SL,alfred_m2_initial,1980-11-01,1980-12-12,1668.8
M2SL,alfred_m2_initial,1980-12-01,1981-01-09,1669.7
M2SL,alfred_m2_initial,1981-01-01,1981-02-13,1683.0
M2SL,alfred_m2_initial,1981-02-01,1981-03-13,1692.2
M2SL,alfred_m2_initial,1981-03-01,1981-04-10,1714.0
M2SL,alfred_m2_initial,1981-04-01,1981-05-15,1733.8
M2SL,alfred_m2_initial,1981-05-01,1981-06-12,1741.7
M2SL,alfred_m2_initial,1981-06-01,1981-07-10,1750.7
M2SL,alfred_m2_initial,1981-07-01,1981-08-14,1761.0
M2SL,alfred_m2_initial,1981-08-01,1981-09-11,1778.8
M2SL,alfred_m2_initial,1981-09-01,1981-10-09,1786.6
M2SL,alfred_m2_initial,1981-10-01,1981-11-13,1800.3
M2SL,alfred_m2_initial,1981-11-01,1981-12-11,1823.4
M2SL,alfred_m2_initial,1981-12-01,1982-01-15,1842.2
M2SL,alfred_m2_initial,1982-01-01,1982-02-12,1839.3
M2SL,alfred_m2_initial,1982-02-01,1982-03-12,1845.6
M2SL,alfred_m2_initial,1982-03-01,1982-04-09,1864.0
M2SL,alfred_m2_initial,1982-04-01,1982-05-14,1880.0
M2SL,alfred_m2_initial,1982-05-01,1982-06-11,1894.7
M2SL,alfred_m2_initial,1982-06-01,1982-07-09,1906.6
M2SL,alfred_m2_initial,1982-07-01,1982-08-13,1922.7
M2SL,alfred_m2_initial,1982-08-01,1982-09-10,1946.1
M2SL,alfred_m2_initial,1982-09-01,1982-10-15,1954.8
M2SL,alfred_m2_initial,1982-10-01,1982-11-15,1967.1
M2SL,alfred_m2_initial,1982-11-01,1982-12-10,1986.1
M2SL,alfred_m2_initial,1982-12-01,1983-01-14,2001.5
M2SL,alfred_m2_initial,1983-01-01,1983-02-14,2005.7
M2SL,alfred_m2_initial,1983-02-01,1983-03-11,2047.5
M2SL,alfred_m2_initial,1983-03-01,1983-04-15,2066.1
M2SL,alfred_m2_initial,1983-04-01,1983-05-13,2071.7
M2SL,alfred_m2_initial,1983-05-01,1983-06-10,2097.5
M2SL,alfred_m2_initial,1983-06-01,1983-07-15,2115.2
M2SL,alfred_m2_initial,1983-07-01,1983-08-12,2125.8
M2SL,alfred_m2_initial,1983-08-01,1983-09-09,2136.2
M2SL,alfred_m2_initial,1983-09-01,1983-10-14,2145.7
M2SL,alfred_m2_initial,1983-10-01,1983-11-14,2161.1
M2SL,alfred_m2_initial,1983-11-01,1983-12-09,2176.0
M2SL,alfred_m2_initial,1983-12-01,1984-01-13,2184.7
M2SL,alfred_m2_initial,1984-01-01,1984-02-10,2191.9
M2SL,alfred_m2_initial,1984-02-01,1984-03-15,2221.9
M2SL,alfred_m2_initial,1984-03-01,1984-04-12,2228.4
M2SL,alfred_m2_initial,1984-04-01,1984-05-10,2242.2
M2SL,alfred_m2_initial,1984-05-01,1984-06-14,2259.4
M2SL,alfred_m2_initial,1984-06-01,1984-07-12,2272.8
M2SL,alfred_m2_initial,1984-07-01,1984-08-16,2281.0
M2SL,alfred_m2_initial,1984-08-01,1984-09-13,2289.1
M2SL,alfred_m2_initial,1984-09-01,1984-10-11,2304.7
M2SL,alfred_m2_initial,1984-10-01,1984-11-15,2317.0
M2SL,alfred_m2_initial,1984-11-01,1984-12-13,2346.2
M2SL,alfred_m2_initial,1984-12-01,1985-01-10,2375.0
M2SL,alfred_m2_initial,1985-01-01,1985-02-14,2400.4
M2SL,alfred_m2_initial,1985-02-01,1985-03-14,2420.6
M2SL,alfred_m2_initial,1985-03-01,1985-04-11,2427.4
M2SL,alfred_m2_initial,1985-04-01,1985-05-16,2427.0
M2SL,alfred_m2_initial,1985-05-01,1985-06-13,2444.2
M2SL,alfred_m2_initial,1985-06-01,1985-07-11,2472.8
M2SL,alfred_m2_initial,1985-07-01,1985-08-15,2490.3
M2SL,alfred_m2_initial,1985-08-01,1985-09-12,2513.3
M2SL,alfred_m2_initial,1985-09-01,1985-10-10,2528.4
M2SL,alfred_m2_initial,1985-10-01,1985-11-14,2532.7
M2SL,alfred_m2_initial,1985-11-01,1985-12-12,2547.3
M2SL,alfred_m2_initial,1985-12-01,1986-01-16,2563.1
M2SL,alfred_m2_initial,1986-01-01,1986-02-13,2567.1
M2SL,alfred_m2_initial,1986-02-01,1986-03-13,2577.0
M2SL,alfred_m2_initial,1986-03-01,1986-04-10,2589.9
M2SL,alfred_m2_initial,1986-04-01,1986-05-15,2621.0
M2SL,alfred_m2_initial,1986-05-01,1986-06-12,2647.7
M2SL,alfred_m2_initial,1986-06-01,1986-07-10,2667.3
M2SL,alfred_m2_initial,1986-07-01,1986-08-14,2697.1
M2SL,alfred_m2_initial,1986-08-01,1986-09-11,2722.5
M2SL,alfred_m2_initial,1986-09-01,1986-10-16,2740.6
M2SL,alfred_m2_initial,1986-10-01,1986-11-13,2764.4
M2SL,alfred_m2_initial,1986-11-01,1986-12-11,2780.1
M2SL,alfred_m2_initial,1986-12-01,1987-01-15,2804.3
M2SL,alfred_m2_initial,1987-01-01,1987-02-12,2819.0
M2SL,alfred_m2_initial,1987-02-01,1987-03-12,2818.6
M2SL,alfred_m2_initial,1987-03-01,1987-04-16,2825.6
M2SL,alfred_m2_initial,1987-04-01,1987-05-14,2839.6
M2SL,alfred_m2_initial,1987-05-01,1987-06-11,2838.9
M2SL,alfred_m2_initial,1987-06-01,1987-07-16,2842.8
M2SL,alfred_m2_initial,1987-07-01,1987-08-13,2847.9
M2SL,alfred_m2_initial,1987-08-01,1987-09-10,2860.1
M2SL,alfred_m2_initial,1987-09-01,1987-10-15,2874.6
M2SL,alfred_m2_initial,1987-10-01,1987-11-13,2889.5
M2SL,alfred_m2_initial,1987-11-01,1987-12-10,2894.0
M2SL,alfred_m2_initial,1987-12-01,1988-01-14,2897.1
M2SL,alfred_m2_initial,1988-01-01,1988-02-11,2920.9
M2SL,alfred_m2_initial,1988-02-01,1988-03-10,2946.6
M2SL,alfred_m2_initial,1988-03-01,1988-04-14,2968.9
M2SL,alfred_m2_initial,1988-04-01,1988-05-12,2992.2
M2SL,alfred_m2_initial,1988-05-01,1988-06-16,3004.4
M2SL,alfred_m2_initial,1988-06-01,1988-07-14,3018.1
M2SL,alfred_m2_initial,1988-07-01,1988-08-11,3024.0
M2SL,alfred_m2_initial,1988-08-01,1988-09-15,3032.6
M2SL,alfred_m2_initial,1988-09-01,1988-10-13,3034.5
M2SL,alfred_m2_initial,1988-10-01,1988-11-10,3037.9
M2SL,alfred_m2_initial,1988-11-01,1988-12-15,3053.5
M2SL,alfred_m2_initial,1988-12-01,1989-01-12,3066.2
M2SL,alfred_m2_initial,1989-01-01,1989-02-16,3070.1
M2SL,alfred_m2_initial,1989-02-01,1989-03-16,3070.7
M2SL,alfred_m2_initial,1989-03-01,1989-04-13,3081.1
M2SL,alfred_m2_initial,1989-04-01,1989-05-11,3081.1
M2SL,alfred_m2_initial,1989-05-01,1989-06-15,3072.8
M2SL,alfred_m2_initial,1989-06-01,1989-07-13,3090.0
M2SL,alfred_m2_initial,1989-07-01,1989-08-10,3119.1
M2SL,alfred_m2_initial,1989-08-01,1989-09-14,3136.0
M2SL,alfred_m2_initial,1989-09-01,1989-10-12,3156.3
M2SL,alfred_m2_initial,1989-10-01,1989-11-16,3176.1
M2SL,alfred_m2_initial,1989-11-01,1989-12-14,3199.1
M2SL,alfred_m2_initial,1989-12-01,1990-01-11,3215.9
M2SL,alfred_m2_initial,1990-01-01,1990-02-15,3233.5
M2SL,alfred_m2_initial,1990-02-01,1990-03-15,3257.0
M2SL,alfred_m2_initial,1990-03-01,1990-04-12,3268.6
M2SL,alfred_m2_initial,1990-04-01,1990-05-10,3271.7
M2SL,alfred_m2_initial,1990-05-01,1990-06-14,3260.7
M2SL,alfred_m2_initial,1990-06-01,1990-07-12,3268.7
M2SL,alfred_m2_initial,1990-07-01,1990-08-16,3280.8
M2SL,alfred_m2_initial,1990-08-01,1990-09-13,3302.1
M2SL,alfred_m2_initial,1990-09-01,1990-10-11,3317.9
M2SL,alfred_m2_initial,1990-10-01,1990-11-15,3320.3
M2SL,alfred_m2_initial,1990-11-01,1990-12-13,3318.4
M2SL,alfred_m2_initial,1990-12-01,1991-01-10,3320.3
M2SL,alfred_m2_initial,1991-01-01,1991-02-14,3333.4
M2SL,alfred_m2_initial,1991-02-01,1991-03-14,3356.2
M2SL,alfred_m2_initial,1991-03-01,1991-04-11,3378.1
M2SL,alfred_m2_initial,1991-04-01,1991-05-16,3385.3
M2SL,alfred_m2_initial,1991-05-01,1991-06-13,3394.3
M2SL,alfred_m2_initial,1991-06-01,1991-07-11,3398.7
M2SL,alfred_m2_initial,1991-07-01,1991-08-15,3388.0
M2SL,alfred_m2_initial,1991-08-01,1991-09-12,3390.9
M2SL,alfred_m2_initial,1991-09-01,1991-10-10,3391.5
M2SL,alfred_m2_initial,1991-10-01,1991-11-14,3400.3
M2SL,alfred_m2_initial,1991-11-01,1991-12-12,3408.2
M2SL,alfred_m2_initial,1991-12-01,1992-01-16,3425.5
M2SL,alfred_m2_initial,1992-01-01,1992-02-13,3451.4
M2SL,alfred_m2_initial,1992-02-01,1992-03-12,3475.4
M2SL,alfred_m2_initial,1992-03-01,1992-04-16,3473.2
M2SL,alfred_m2_initial,1992-04-01,1992-05-14,3467.9
M2SL,alfred_m2_initial,1992-05-01,1992-06-11,3468.5
M2SL,alfred_m2_initial,1992-06-01,1992-07-16,3458.8
M2SL,alfred_m2_initial,1992-07-01,1992-08-13,3454.9
M2SL,alfred_m2_initial,1992-08-01,1992-09-10,3467.9
M2SL,alfred_m2_initial,1992-09-01,1992-10-15,3479.7
M2SL,alfred_m2_initial,1992-10-01,1992-11-13,3497.7
M2SL,alfred_m2_initial,1992-11-01,1992-12-10,3505.1
M2SL,alfred_m2_initial,1992-12-01,1993-01-14,3504.3
M2SL,alfred_m2_initial,1993-01-01,1993-02-11,3490.0
M2SL,alfred_m2_initial,1993-02-01,1993-03-11,3482.9
M2SL,alfred_m2_initial,1993-03-01,1993-04-15,3471.8
M2SL,alfred_m2_initial,1993-04-01,1993-05-13,3472.8
M2SL,alfred_m2_initial,1993-05-01,1993-06-10,3506.0
M2SL,alfred_m2_initial,1993-06-01,1993-07-15,3511.9
M2SL,alfred_m2_initial,1993-07-01,1993-08-12,3515.3
M2SL,alfred_m2_initial,1993-08-01,1993-09-16,3526.7
M2SL,alfred_m2_initial,1993-09-01,1993-10-14,3534.6
M2SL,alfred_m2_initial,1993-10-01,1993-11-12,3534.7
M2SL,alfred_m2_initial,1993-11-01,1993-12-16,3548.3
M2SL,alfred_m2_initial,1993-12-01,1994-01-13,3556.8
M2SL,alfred_m2_initial,1994-01-01,1994-02-10,3570.5
M2SL,alfred_m2_initial,1994-02-01,1994-03-10,3569.9
M2SL,alfred_m2_initial,1994-03-01,1994-04-14,3583.6
M2SL,alfred_m2_initial,1994-04-01,1994-05-12,3587.8
M2SL,alfred_m2_initial,1994-05-01,1994-06-16,3588.6
M2SL,alfred_m2_initial,1994-06-01,1994-07-14,3582.4
M2SL,alfred_m2_initial,1994-07-01,1994-08-11,3595.1
M2SL,alfred_m2_initial,1994-08-01,1994-09-15,3597.2
M2SL,alfred_m2_initial,1994-09-01,1994-10-13,3594.5
M2SL,alfred_m2_initial,1994-10-01,1994-11-10,3592.5
M2SL,alfred_m2_initial,1994-11-01,1994-12-15,3595.5
M2SL,alfred_m2_initial,1994-12-01,1995-01-12,3599.5
M2SL,alfred_m2_initial,1995-01-01,1995-02-16,3627.5
M2SL,alfred_m2_initial,1995-02-01,1995-03-16,3621.7
M2SL,alfred_m2_initial,1995-03-01,1995-04-13,3632.1
M2SL,alfred_m2_initial,1995-04-01,1995-05-11,3643.4
M2SL,alfred_m2_initial,1995-05-01,1995-06-15,3658.3
M2SL,alfred_m2_initial,1995-06-01,1995-07-13,3692.2
M2SL,alfred_m2_initial,1995-07-01,1995-08-10,3710.8
M2SL,alfred_m2_initial,1995-08-01,1995-09-14,3740.0
M2SL,alfred_m2_initial,1995-09-01,1995-10-12,3757.4
M2SL,alfred_m2_initial,1995-10-01,1995-11-16,3756.8
M2SL,alfred_m2_initial,1995-11-01,1995-12-14,3763.5
M2SL,alfred_m2_initial,1995-12-01,1996-01-11,3777.8
M2SL,alfred_m2_initial,1996-01-01,1996-02-15,3685.0
M2SL,alfred_m2_initial,1996-02-01,1996-03-14,3690.5
M2SL,alfred_m2_initial,1996-03-01,1996-04-11,3722.7
M2SL,alfred_m2_initial,1996-04-01,1996-05-16,3730.6
M2SL,alfred_m2_initial,1996-05-01,1996-06-13,3721.7
M2SL,alfred_m2_initial,1996-06-01,1996-07-11,3747.9
M2SL,alfred_m2_initial,1996-07-01,1996-08-15,3755.0
M2SL,alfred_m2_initial,1996-08-01,1996-09-12,3757.2
M2SL,alfred_m2_initial,1996-09-01,1996-10-10,3765.3
M2SL,alfred_m2_initial,1996-10-01,1996-11-14,3776.1
M2SL,alfred_m2_initial,1996-11-01,1996-12-12,3796.2
M2SL,alfred_m2_initial,1996-12-01,1997-01-16,3825.6
M2SL,alfred_m2_initial,1997-01-01,1997-02-13,3849.6
M2SL,alfred_m2_initial,1997-02-01,1997-03-13,3866.3
M2SL,alfred_m2_initial,1997-03-01,1997-04-10,3881.1
M2SL,alfred_m2_initial,1997-04-01,1997-05-15,3903.9
M2SL,alfred_m2_initial,1997-05-01,1997-06-12,3900.4
M2SL,alfred_m2_initial,1997-06-01,1997-07-10,3916.2
M2SL,alfred_m2_initial,1997-07-01,1997-08-14,3934.2
M2SL,alfred_m2_initial,1997-08-01,1997-09-11,3965.6
M2SL,alfred_m2_initial,1997-09-01,1997-10-16,3989.0
M2SL,alfred_m2_initial,1997-10-01,1997-11-13,3976.3
M2SL,alfred_m2_initial,1997-11-01,1997-12-11,3998.3
M2SL,alfred_m2_initial,1997-12-01,1998-01-15,4020.6
M2SL,alfred_m2_initial,1998-01-01,1998-02-12,4063.8
M2SL,alfred_m2_initial,1998-02-01,1998-03-12,4096.3
M2SL,alfred_m2_initial,1998-03-01,1998-04-16,4123.6
M2SL,alfred_m2_initial,1998-04-01,1998-05-14,4159.6
M2SL,alfred_m2_initial,1998-05-01,1998-06-11,4171.3
M2SL,alfred_m2_initial,1998-06-01,1998-07-16,4192.9
M2SL,alfred_m2_initial,1998-07-01,1998-08-13,4210.1
M2SL,alfred_m2_initial,1998-08-01,1998-09-10,4237.0
M2SL,alfred_m2_initial,1998-09-01,1998-10-15,4297.1
M2SL,alfred_m2_initial,1998-10-01,1998-11-12,4339.8
M2SL,alfred_m2_initial,1998-11-01,1998-12-10,4376.0
M2SL,alfred_m2_initial,1998-12-01,1999-01-14,4412.6
M2SL,alfred_m2_initial,1999-01-01,1999-02-11,4436.2
M2SL,alfred_m2_initial,1999-02-01,1999-03-11,4446.2
M2SL,alfred_m2_initial,1999-03-01,1999-04-15,4456.7
M2SL,alfred_m2_initial,1999-04-01,1999-05-13,4489.8
M2SL,alfred_m2_initial,1999-05-01,1999-06-10,4507.1
M2SL,alfred_m2_initial,1999-06-01,1999-07-15,4522.8
M2SL,alfred_m2_initial,1999-07-01,1999-08-12,4542.3
M2SL,alfred_m2_initial,1999-08-01,1999-09-16,4561.8
M2SL,alfred_m2_initial,1999-09-01,1999-10-14,4579.7
M2SL,alfred_m2_initial,1999-10-01,1999-11-12,4602.3
M2SL,alfred_m2_initial,1999-11-01,1999-12-16,4627.2
M2SL,alfred_m2_initial,1999-12-01,2000-01-13,4662.8
M2SL,alfred_m2_initial,2000-01-01,2000-02-10,4683.9
M2SL,alfred_m2_initial,2000-02-01,2000-03-16,4683.7
M2SL,alfred_m2_initial,2000-03-01,2000-04-13,4718.0
M2SL,alfred_m2_initial,2000-04-01,2000-05-11,4759.3
M2SL,alfred_m2_initial,2000-05-01,2000-06-15,4759.1
M2SL,alfred_m2_initial,2000-06-01,2000-07-13,4776.8
M2SL,alfred_m2_initial,2000-07-01,2000-08-10,4790.3
M2SL,alfred_m2_initial,2000-08-01,2000-09-14,4827.9
M2SL,alfred_m2_initial,2000-09-01,2000-10-12,4860.9
M2SL,alfred_m2_initial,2000-10-01,2000-11-16,4888.8
M2SL,alfred_m2_initial,2000-11-01,2000-12-14,4886.8
M2SL,alfred_m2_initial,2000-12-01,2001-01-11,4933.3
M2SL,alfred_m2_initial,2001-01-01,2001-02-15,4996.5
M2SL,alfred_m2_initial,2001-02-01,2001-03-15,5042.8
M2SL,alfred_m2_initial,2001-03-01,2001-04-12,5099.5
M2SL,alfred_m2_initial,2001-04-01,2001-05-10,5144.0
M2SL,alfred_m2_initial,2001-05-01,2001-06-14,5166.9
M2SL,alfred_m2_initial,2001-06-01,2001-07-12,5207.7
M2SL,alfred_m2_initial,2001-07-01,2001-08-16,5245.9
M2SL,alfred_m2_initial,2001-08-01,2001-09-13,5285.0
M2SL,alfred_m2_initial,2001-09-01,2001-10-11,5378.5
M2SL,alfred_m2_initial,2001-10-01,2001-11-15,5400.1
M2SL,alfred_m2_initial,2001-11-01,2001-12-13,5413.2
M2SL,alfred_m2_initial,2001-12-01,2002-01-10,5447.6
M2SL,alfred_m2_initial,2002-01-01,2002-02-14,5464.9
M2SL,alfred_m2_initial,2002-02-01,2002-03-14,5499.0
M2SL,alfred_m2_initial,2002-03-01,2002-04-11,5496.5
M2SL,alfred_m2_initial,2002-04-01,2002-05-16,5480.1
M2SL,alfred_m2_initial,2002-05-01,2002-06-13,5544.0
M2SL,alfred_m2_initial,2002-06-01,2002-07-11,5576.0
M2SL,alfred_m2_initial,2002-07-01,2002-08-15,5638.9
M2SL,alfred_m2_initial,2002-08-01,2002-09-12,5685.6
M2SL,alfred_m2_initial,2002-09-01,2002-10-10,5709.4
M2SL,alfred_m2_initial,2002-10-01,2002-11-14,5759.1
M2SL,alfred_m2_initial,2002-11-01,2002-12-12,5801.2
M2SL,alfred_m2_initial,2002-12-01,2003-01-16,5815.5
M2SL,alfred_m2_initial,2003-01-01,2003-02-13,5820.2
M2SL,alfred_m2_initial,2003-02-01,2003-03-13,5880.1
M2SL,alfred_m2_initial,2003-03-01,2003-04-10,5893.6
M2SL,alfred_m2_initial,2003-04-01,2003-05-15,5921.2
M2SL,alfred_m2_initial,2003-05-01,2003-06-12,6000.1
M2SL,alfred_m2_initial,2003-06-01,2003-07-10,6046.2
M2SL,alfred_m2_initial,2003-07-01,2003-08-14,6094.3
M2SL,alfred_m2_initial,2003-08-01,2003-09-11,6133.0
M2SL,alfred_m2_initial,2003-09-01,2003-10-16,6109.4
M2SL,alfred_m2_initial,2003-10-01,2003-11-13,6089.2
M2SL,alfred_m2_initial,2003-11-01,2003-12-11,6070.6
M2SL,alfred_m2_initial,2003-12-01,2004-01-15,6044.5
M2SL,alfred_m2_initial,2004-01-01,2004-02-12,6065.3
M2SL,alfred_m2_initial,2004-02-01,2004-03-11,6127.6
M2SL,alfred_m2_initial,2004-03-01,2004-04-15,6174.1
M2SL,alfred_m2_initial,2004-04-01,2004-05-13,6220.8
M2SL,alfred_m2_initial,2004-05-01,2004-06-10,6269.1
M2SL,alfred_m2_initial,2004-06-01,2004-07-15,6292.7
M2SL,alfred_m2_initial,2004-07-01,2004-08-12,6283.7
M2SL,alfred_m2_initial,2004-08-01,2004-09-16,6298.5
M2SL,alfred_m2_initial,2004-09-01,2004-10-14,6327.1
M2SL,alfred_m2_initial,2004-10-01,2004-11-12,6342.6
M2SL,alfred_m2_initial,2004-11-01,2004-12-16,6381.9
M2SL,alfred_m2_initial,2004-12-01,2005-01-13,6397.6
M2SL,alfred_m2_initial,2005-01-01,2005-02-10,6430.3
M2SL,alfred_m2_initial,2005-02-01,2005-03-10,6443.3
M2SL,alfred_m2_initial,2005-03-01,2005-04-14,6475.2
M2SL,alfred_m2_initial,2005-04-01,2005-05-12,6469.7
M2SL,alfred_m2_initial,2005-05-01,2005-06-16,6464.2
M2SL,alfred_m2_initial,2005-06-01,2005-07-14,6503.1
M2SL,alfred_m2_initial,2005-07-01,2005-08-11,6510.7
M2SL,alfred_m2_initial,2005-08-01,2005-09-15,6550.3
M2SL,alfred_m2_initial,2005-09-01,2005-10-13,6588.0
M2SL,alfred_m2_initial,2005-10-01,2005-11-10,6626.7
M2SL,alfred_m2_initial,2005-11-01,2005-12-15,6652.7
M2SL,alfred_m2_initial,2005-12-01,2006-01-12,6691.5
M2SL,alfred_m2_initial,2006-01-01,2006-02-16,6743.0
M2SL,alfred_m2_initial,2006-02-01,2006-03-16,6756.8
M2SL,alfred_m2_initial,2006-03-01,2006-04-13,6777.2
M2SL,alfred_m2_initial,2006-04-01,2006-05-11,6798.3
M2SL,alfred_m2_initial,2006-05-01,2006-06-15,6796.4
M2SL,alfred_m2_initial,2006-06-01,2006-07-13,6825.8
M2SL,alfred_m2_initial,2006-07-01,2006-08-10,6851.6
M2SL,alfred_m2_initial,2006-08-01,2006-09-14,6874.3
M2SL,alfred_m2_initial,2006-09-01,2006-10-12,6878.0
M2SL,alfred_m2_initial,2006-10-01,2006-11-16,6939.5
M2SL,alfred_m2_initial,2006-11-01,2006-12-14,6976.8
M2SL,alfred_m2_initial,2006-12-01,2007-01-11,7023.4
M2SL,alfred_m2_initial,2007-01-01,2007-02-15,7081.3
M2SL,alfred_m2_initial,2007-02-01,2007-03-15,7112.1
M2SL,alfred_m2_initial,2007-03-01,2007-04-12,7168.7
M2SL,alfred_m2_initial,2007-04-01,2007-05-10,7218.7
M2SL,alfred_m2_initial,2007-05-01,2007-06-14,7242.5
M2SL,alfred_m2_initial,2007-06-01,2007-07-12,7241.2
M2SL,alfred_m2_initial,2007-07-01,2007-08-16,7269.2
M2SL,alfred_m2_initial,2007-08-01,2007-09-13,7333.8
M2SL,alfred_m2_initial,2007-09-01,2007-10-11,7372.0
M2SL,alfred_m2_initial,2007-10-01,2007-11-15,7395.8
M2SL,alfred_m2_initial,2007-11-01,2007-12-13,7424.5
M2SL,alfred_m2_initial,2007-12-01,2008-01-10,7458.2
M2SL,alfred_m2_initial,2008-01-01,2008-02-14,7498.6
M2SL,alfred_m2_initial,2008-02-01,2008-03-13,7601.6
M2SL,alfred_m2_initial,2008-03-01,2008-04-10,7661.0
M2SL,alfred_m2_initial,2008-04-01,2008-05-15,7677.0
M2SL,alfred_m2_initial,2008-05-01,2008-06-12,7684.0
M2SL,alfred_m2_initial,2008-06-01,2008-07-10,7687.1
M2SL,alfred_m2_initial,2008-07-01,2008-08-14,7725.9
M2SL,alfred_m2_initial,2008-08-01,2008-09-11,7716.5
M2SL,alfred_m2_initial,2008-09-01,2008-10-16,7769.4
M2SL,alfred_m2_initial,2008-10-01,2008-11-13,7878.9
M2SL,alfred_m2_initial,2008-11-01,2008-12-11,7934.0
M2SL,alfred_m2_initial,2008-12-01,2009-01-15,8108.4
M2SL,alfred_m2_initial,2009-01-01,2009-02-12,8242.8
M2SL,alfred_m2_initial,2009-02-01,2009-03-12,8275.5
M2SL,alfred_m2_initial,2009-03-01,2009-04-16,8313.2
M2SL,alfred_m2_initial,2009-04-01,2009-05-14,8264.4
M2SL,alfred_m2_initial,2009-05-01,2009-06-11,8327.9
M2SL,alfred_m2_initial,2009-06-01,2009-07-16,8370.1
M2SL,alfred_m2_initial,2009-07-01,2009-08-13,8347.8
M2SL,alfred_m2_initial,2009-08-01,2009-09-10,8297.7
M2SL,alfred_m2_initial,2009-09-01,2009-10-15,8334.5
M2SL,alfred_m2_initial,2009-10-01,2009-11-12,8359.8
M2SL,alfred_m2_initial,2009-11-01,2009-12-10,8392.1
M2SL,alfred_m2_initial,2009-12-01,2010-01-14,8410.3
M2SL,alfred_m2_initial,2010-01-01,2010-02-11,8463.1
M2SL,alfred_m2_initial,2010-02-01,2010-03-11,8518.7
M2SL,alfred_m2_initial,2010-03-01,2010-04-15,8512.1
M2SL,alfred_m2_initial,2010-04-01,2010-05-13,8479.8
M2SL,alfred_m2_initial,2010-05-01,2010-06-10,8560.1
M2SL,alfred_m2_initial,2010-06-01,2010-07-15,8611.8
M2SL,alfred_m2_initial,2010-07-01,2010-08-12,8610.4
M2SL,alfred_m2_initial,2010-08-01,2010-09-16,8658.0
M2SL,alfred_m2_initial,2010-09-01,2010-10-14,8709.0
M2SL,alfred_m2_initial,2010-10-01,2010-11-12,8766.1
M2SL,alfred_m2_initial,2010-11-01,2010-12-16,8804.2
M2SL,alfred_m2_initial,2010-12-01,2011-01-13,8836.9
M2SL,alfred_m2_initial,2011-01-01,2011-02-10,8837.0
M2SL,alfred_m2_initial,2011-02-01,2011-03-10,8890.1
M2SL,alfred_m2_initial,2011-03-01,2011-04-14,8913.5
M2SL,alfred_m2_initial,2011-04-01,2011-05-12,8945.7
M2SL,alfred_m2_initial,2011-05-01,2011-06-16,9000.7
M2SL,alfred_m2_initial,2011-06-01,2011-07-14,9111.7
M2SL,alfred_m2_initial,2011-07-01,2011-08-11,9313.4
M2SL,alfred_m2_initial,2011-08-01,2011-09-15,9544.9
M2SL,alfred_m2_initial,2011-09-01,2011-10-13,9586.9
M2SL,alfred_m2_initial,2011-10-01,2011-11-10,9606.5
M2SL,alfred_m2_initial,2011-11-01,2011-12-15,9641.9
M2SL,alfred_m2_initial,2011-12-01,2012-01-12,9675.8
M2SL,alfred_m2_initial,2012-01-01,2012-02-16,9766.0
M2SL,alfred_m2_initial,2012-02-01,2012-03-15,9787.4
M2SL,alfred_m2_initial,2012-03-01,2012-04-12,9821.4
M2SL,alfred_m2_initial,2012-04-01,2012-05-10,9842.3
M2SL,alfred_m2_initial,2012-05-01,2012-06-14,9875.4
M2SL,alfred_m2_initial,2012-06-01,2012-07-12,9943.7
M2SL,alfred_m2_initial,2012-07-01,2012-08-16,10020.9
M2SL,alfred_m2_initial,2012-08-01,2012-09-13,10058.2
M2SL,alfred_m2_initial,2012-09-01,2012-10-11,10128.0
M2SL,alfred_m2_initial,2012-10-01,2012-11-15,10221.0
M2SL,alfred_m2_initial,2012-11-01,2012-12-13,10269.5
M2SL,alfred_m2_initial,2012-12-01,2013-01-10,10408.0
M2SL,alfred_m2_initial,2013-01-01,2013-02-14,10440.2
M2SL,alfred_m2_initial,2013-02-01,2013-03-14,10412.6
M2SL,alfred_m2_initial,2013-03-01,2013-04-11,10446.4
M2SL,alfred_m2_initial,2013-04-01,2013-05-16,10525.9
M2SL,alfred_m2_initial,2013-05-01,2013-06-13,10552.6
M2SL,alfred_m2_initial,2013-06-01,2013-07-11,10598.1
M2SL,alfred_m2_initial,2013-07-01,2013-08-15,10710.0
M2SL,alfred_m2_initial,2013-08-01,2013-09-12,10770.8
M2SL,alfred_m2_initial,2013-09-01,2013-10-10,10818.5
M2SL,alfred_m2_initial,2013-10-01,2013-11-14,10953.0
M2SL,alfred_m2_initial,2013-11-01,2013-12-12,10932.8
M2SL,alfred_m2_initial,2013-12-01,2014-01-16,10986.3
M2SL,alfred_m2_initial,2014-01-01,2014-02-13,11011.8
M2SL,alfred_m2_initial,2014-02-01,2014-03-13,11113.0
M2SL,alfred_m2_initial,2014-03-01,2014-04-10,11158.0
M2SL,alfred_m2_initial,2014-04-01,2014-05-15,11215.4
M2SL,alfred_m2_initial,2014-05-01,2014-06-12,11287.3
M2SL,alfred_m2_initial,2014-06-01,2014-07-10,11335.1
M2SL,alfred_m2_initial,2014-07-01,2014-08-14,11423.1
M2SL,alfred_m2_initial,2014-08-01,2014-09-11,11453.4
M2SL,alfred_m2_initial,2014-09-01,2014-10-16,11474.1
M2SL,alfred_m2_initial,2014-10-01,2014-11-13,11510.5
M2SL,alfred_m2_initial,2014-11-01,2014-12-11,11561.9
M2SL,alfred_m2_initial,2014-12-01,2015-01-15,11632.0
M2SL,alfred_m2_initial,2015-01-01,2015-02-12,11700.3
M2SL,alfred_m2_initial,2015-02-01,2015-03-12,11820.3
M2SL,alfred_m2_initial,2015-03-01,2015-04-16,11846.0
M2SL,alfred_m2_initial,2015-04-01,2015-05-14,11894.9
M2SL,alfred_m2_initial,2015-05-01,2015-06-11,11937.1
M2SL,alfred_m2_initial,2015-06-01,2015-07-16,11982.4
M2SL,alfred_m2_initial,2015-07-01,2015-08-13,12059.1
M2SL,alfred_m2_initial,2015-08-01,2015-09-10,12138.3
M2SL,alfred_m2_initial,2015-09-01,2015-10-15,12196.2
M2SL,alfred_m2_initial,2015-10-01,2015-11-12,12200.4
M2SL,alfred_m2_initial,2015-11-01,2015-12-10,12288.1
M2SL,alfred_m2_initial,2015-12-01,2016-01-14,12330.0
M2SL,alfred_m2_initial,2016-01-01,2016-02-11,12418.3
M2SL,alfred_m2_initial,2016-02-01,2016-03-10,12472.6
M2SL,alfred_m2_initial,2016-03-01,2016-04-14,12567.2
M2SL,alfred_m2_initial,2016-04-01,2016-05-12,12652.2
M2SL,alfred_m2_initial,2016-05-01,2016-06-16,12733.0
M2SL,alfred_m2_initial,2016-06-01,2016-07-14,12807.6
M2SL,alfred_m2_initial,2016-07-01,2016-08-11,12893.3
M2SL,alfred_m2_initial,2016-08-01,2016-09-15,13005.8
M2SL,alfred_m2_initial,2016-09-01,2016-10-13,13070.6
M2SL,alfred_m2_initial,2016-10-01,2016-11-10,13138.6
M2SL,alfred_m2_initial,2016-11-01,2016-12-15,13222.9
M2SL,alfred_m2_initial,2016-12-01,2017-01-12,13246.9
M2SL,alfred_m2_initial,2017-01-01,2017-02-16,13270.1
M2SL,alfred_m2_initial,2017-02-01,2017-03-16,13313.1
M2SL,alfred_m2_initial,2017-03-01,2017-04-13,13390.6
M2SL,alfred_m2_initial,2017-04-01,2017-05-11,13435.6
M2SL,alfred_m2_initial,2017-05-01,2017-06-15,13495.5
M2SL,alfred_m2_initial,2017-06-01,2017-07-13,13519.3
M2SL,alfred_m2_initial,2017-07-01,2017-08-10,13605.0
M2SL,alfred_m2_initial,2017-08-01,2017-09-14,13647.0
M2SL,alfred_m2_initial,2017-09-01,2017-10-12,13692.4
M2SL,alfred_m2_initial,2017-10-01,2017-11-16,13747.3
M2SL,alfred_m2_initial,2017-11-01,2017-12-14,13785.4
M2SL,alfred_m2_initial,2017-12-01,2018-01-11,13844.5
M2SL,alfred_m2_initial,2018-01-01,2018-02-15,13838.3
M2SL,alfred_m2_initial,2018-02-01,2018-03-15,13858.3
M2SL,alfred_m2_initial,2018-03-01,2018-04-12,13918.1
M2SL,alfred_m2_initial,2018-04-01,2018-05-10,13950.9
M2SL,alfred_m2_initial,2018-05-01,2018-06-14,14024.7
M2SL,alfred_m2_initial,2018-06-01,2018-07-12,14112.3
M2SL,alfred_m2_initial,2018-07-01,2018-08-16,14147.3
M2SL,alfred_m2_initial,2018-08-01,2018-09-13,14217.0
M2SL,alfred_m2_initial,2018-09-01,2018-10-11,14253.7
M2SL,alfred_m2_initial,2018-10-01,2018-11-15,14271.5
M2SL,alfred_m2_initial,2018-11-01,2018-12-13,14317.6
M2SL,alfred_m2_initial,2018-12-01,2019-01-10,14454.9
M2SL,alfred_m2_initial,2019-01-01,2019-02-14,14467.2
M2SL,alfred_m2_initial,2019-02-01,2019-03-14,14477.8
M2SL,alfred_m2_initial,2019-03-01,2019-04-11,14509.0
M2SL,alfred_m2_initial,2019-04-01,2019-05-16,14513.2
M2SL,alfred_m2_initial,2019-05-01,2019-06-13,14612.5
M2SL,alfred_m2_initial,2019-06-01,2019-07-11,14755.1
M2SL,alfred_m2_initial,2019-07-01,2019-08-15,14872.1
M2SL,alfred_m2_initial,2019-08-01,2019-09-12,14952.8
M2SL,alfred_m2_initial,2019-09-01,2019-10-10,15060.8
M2SL,alfred_m2_initial,2019-10-01,2019-11-14,15197.3
M2SL,alfred_m2_initial,2019-11-01,2019-12-12,15324.8
M2SL,alfred_m2_initial,2019-12-01,2020-01-16,15401.8
M2SL,alfred_m2_initial,2020-01-01,2020-02-13,15437.9
M2SL,alfred_m2_initial,2020-02-01,2020-03-12,15535.4
M2SL,alfred_m2_initial,2020-03-01,2020-04-16,16103.9
M2SL,alfred_m2_initial,2020-04-01,2020-05-14,17176.1
M2SL,alfred_m2_initial,2020-05-01,2020-06-11,18042.8
M2SL,alfred_m2_initial,2020-06-01,2020-07-16,18357.3
M2SL,alfred_m2_initial,2020-07-01,2020-08-13,18326.8
M2SL,alfred_m2_initial,2020-08-01,2020-09-10,18411.8
M2SL,alfred_m2_initial,2020-09-01,2020-10-15,18658.1
M2SL,alfred_m2_initial,2020-10-01,2020-11-12,18811.6
M2SL,alfred_m2_initial,2020-11-01,2020-12-10,19086.0
M2SL,alfred_m2_initial,2020-12-01,2021-01-14,19186.9
M2SL,alfred_m2_initial,2021-01-01,2021-02-11,19395.3
M2SL,alfred_m2_initial,2021-02-01,2021-03-23,19669.8
M2SL,alfred_m2_initial,2021-03-01,2021-04-27,19896.2
M2SL,alfred_m2_initial,2021-04-01,2021-05-25,20108.6
M2SL,alfred_m2_initial,2021-05-01,2021-06-22,20370.1
M2SL,alfred_m2_initial,2021-06-01,2021-07-27,20388.9
M2SL,alfred_m2_initial,2021-07-01,2021-08-24,20534.6
M2SL,alfred_m2_initial,2021-08-01,2021-09-28,20797.0
M2SL,alfred_m2_initial,2021-09-01,2021-10-26,20982.9
M2SL,alfred_m2_initial,2021-10-01,2021-11-23,21187.1
M2SL,alfred_m2_initial,2021-11-01,2021-12-28,21436.7
M2SL,alfred_m2_initial,2021-12-01,2022-01-25,21638.1
M2SL,alfred_m2_initial,2022-01-01,2022-02-22,21840.1
M2SL,alfred_m2_initial,2022-02-01,2022-03-22,21811.8
M2SL,alfred_m2_initial,2022-03-01,2022-04-26,21809.7
M2SL,alfred_m2_initial,2022-04-01,2022-05-24,21728.0
M2SL,alfred_m2_initial,2022-05-01,2022-06-28,21754.2
M2SL,alfred_m2_initial,2022-06-01,2022-07-26,21667.5
M2SL,alfred_m2_initial,2022-07-01,2022-08-23,21709.2
M2SL,alfred_m2_initial,2022-08-01,2022-09-27,21711.4
M2SL,alfred_m2_initial,2022-09-01,2022-10-25,21503.4
M2SL,alfred_m2_initial,2022-10-01,2022-11-22,21415.2
M2SL,alfred_m2_initial,2022-11-01,2022-12-27,21351.6
M2SL,alfred_m2_initial,2022-12-01,2023-01-24,21207.4
M2SL,alfred_m2_initial,2023-01-01,2023-02-28,21267.1
M2SL,alfred_m2_initial,2023-02-01,2023-03-28,21062.5
M2SL,alfred_m2_initial,2023-03-01,2023-04-25,20818.1
M2SL,alfred_m2_initial,2023-04-01,2023-05-23,20673.1
M2SL,alfred_m2_initial,2023-05-01,2023-06-27,20805.5
M2SL,alfred_m2_initial,2023-06-01,2023-07-25,20889.5
M2SL,alfred_m2_initial,2023-07-01,2023-08-22,20902.7
M2SL,alfred_m2_initial,2023-08-01,2023-09-26,20865.3
M2SL,alfred_m2_initial,2023-09-01,2023-10-24,20754.9
M2SL,alfred_m2_initial,2023-10-01,2023-11-28,20725.6
M2SL,alfred_m2_initial,2023-11-01,2023-12-26,20767.4
M2SL,alfred_m2_initial,2023-12-01,2024-01-23,20865.2
M2SL,alfred_m2_initial,2024-01-01,2024-02-27,20781.8
M2SL,alfred_m2_initial,2024-02-01,2024-03-26,20783.6
M2SL,alfred_m2_initial,2024-03-01,2024-04-23,20841.2
M2SL,alfred_m2_initial,2024-04-01,2024-05-28,20867.3
M2SL,alfred_m2_initial,2024-05-01,2024-06-25,20963.4
M2SL,alfred_m2_initial,2024-06-01,2024-07-23,21024.7
M2SL,alfred_m2_initial,2024-07-01,2024-08-27,21054.4
M2SL,alfred_m2_initial,2024-08-01,2024-09-24,21174.9
M2SL,alfred_m2_initial,2024-09-01,2024-10-22,21221.2
M2SL,alfred_m2_initial,2024-10-01,2024-11-26,21311.2
M2SL,alfred_m2_initial,2024-11-01,2024-12-26,21447.6
M2SL,alfred_m2_initial,2024-12-01,2025-01-28,21533.8
M2SL,alfred_m2_initial,2025-01-01,2025-02-25,21561.4
M2SL,alfred_m2_initial,2025-02-01,2025-03-25,21671.0
M2SL,alfred_m2_initial,2025-03-01,2025-04-22,21762.5
M2SL,alfred_m2_initial,2025-04-01,2025-05-27,21862.5
M2SL,alfred_m2_initial,2025-05-01,2025-06-24,21942.0
M2SL,alfred_m2_initial,2025-06-01,2025-07-22,22020.8
M2SL,alfred_m2_initial,2025-07-01,2025-08-26,22115.4
M2SL,alfred_m2_initial,2025-08-01,2025-09-23,22195.4
M2SL,alfred_m2_initial,2025-09-01,2025-10-28,22212.5
M2SL,alfred_m2_initial,2025-10-01,2025-11-25,22298.1
M2SL,alfred_m2_initial,2025-11-01,2025-12-23,22322.4
M2SL,alfred_m2_initial,2025-12-01,2026-01-27,22411.0
M2SL,alfred_m2_initial,2026-01-01,2026-02-24,22442.1
M2SL,alfred_m2_initial,2026-02-01,2026-03-24,22667.3
M2SL,alfred_m2_initial,2026-03-01,2026-04-28,22686.0
M2SL,alfred_m2_initial,2026-04-01,2026-05-26,22804.5
M2SL,alfred_m2_initial,2026-05-01,2026-06-23,23052.3
M2SL,alfred_m2_initial,2026-06-01,2026-07-28,23155.2
M2SL,alfred_m2_initial,2026-07-01,2026-08-25,23218.0
RRPONTSYD,alfred_rrp_initial,2026-03-19,2026-03-19,0.637
RRPONTSYD,alfred_rrp_initial,2026-03-20,2026-03-20,0.822
RRPONTSYD,alfred_rrp_initial,2026-03-23,2026-03-23,0.857
RRPONTSYD,alfred_rrp_initial,2026-03-24,2026-03-24,1.123
RRPONTSYD,alfred_rrp_initial,2026-03-25,2026-03-25,0.777
RRPONTSYD,alfred_rrp_initial,2026-03-26,2026-03-26,0.885
RRPONTSYD,alfred_rrp_initial,2026-03-27,2026-03-27,0.992
RRPONTSYD,alfred_rrp_initial,2026-03-30,2026-03-30,0.752
RRPONTSYD,alfred_rrp_initial,2026-03-31,2026-03-31,15.782
RRPONTSYD,alfred_rrp_initial,2026-04-01,2026-04-01,2.107
RRPONTSYD,alfred_rrp_initial,2026-04-02,2026-04-02,0.327
RRPONTSYD,alfred_rrp_initial,2026-04-06,2026-04-06,0.227
RRPONTSYD,alfred_rrp_initial,2026-04-07,2026-04-07,15.345
RRPONTSYD,alfred_rrp_initial,2026-04-08,2026-04-08,0.177
RRPONTSYD,alfred_rrp_initial,2026-04-09,2026-04-09,0.402
RRPONTSYD,alfred_rrp_initial,2026-04-10,2026-04-10,0.507
RRPONTSYD,alfred_rrp_initial,2026-04-13,2026-04-13,0.227
RRPONTSYD,alfred_rrp_initial,2026-04-14,2026-04-14,0.306
RRPONTSYD,alfred_rrp_initial,2026-04-15,2026-04-15,0.223
RRPONTSYD,alfred_rrp_initial,2026-04-16,2026-04-16,0.158
RRPONTSYD,alfred_rrp_initial,2026-04-17,2026-04-17,0.137
RRPONTSYD,alfred_rrp_initial,2026-04-20,2026-04-20,0.503
RRPONTSYD,alfred_rrp_initial,2026-04-21,2026-04-21,0.807
RRPONTSYD,alfred_rrp_initial,2026-04-22,2026-04-22,0.538
RRPONTSYD,alfred_rrp_initial,2026-04-23,2026-04-23,0.114
RRPONTSYD,alfred_rrp_initial,2026-04-24,2026-04-24,0.082
RRPONTSYD,alfred_rrp_initial,2026-04-27,2026-04-27,0.363
RRPONTSYD,alfred_rrp_initial,2026-04-28,2026-04-28,0.643
RRPONTSYD,alfred_rrp_initial,2026-04-29,2026-04-29,0.747
RRPONTSYD,alfred_rrp_initial,2026-04-30,2026-04-30,8.261
RRPONTSYD,alfred_rrp_initial,2026-05-01,2026-05-01,0.607
RRPONTSYD,alfred_rrp_initial,2026-05-04,2026-05-04,0.618
RRPONTSYD,alfred_rrp_initial,2026-05-05,2026-05-05,1.122
RRPONTSYD,alfred_rrp_initial,2026-05-06,2026-05-06,1.633
RRPONTSYD,alfred_rrp_initial,2026-05-07,2026-05-07,0.773
RRPONTSYD,alfred_rrp_initial,2026-05-08,2026-05-08,0.787
RRPONTSYD,alfred_rrp_initial,2026-05-11,2026-05-11,1.133
RRPONTSYD,alfred_rrp_initial,2026-05-12,2026-05-12,1.199
RRPONTSYD,alfred_rrp_initial,2026-05-13,2026-05-13,3.719
RRPONTSYD,alfred_rrp_initial,2026-05-14,2026-05-14,2.034
RRPONTSYD,alfred_rrp_initial,2026-05-15,2026-05-15,0.647
RRPONTSYD,alfred_rrp_initial,2026-05-18,2026-05-18,7.193
RRPONTSYD,alfred_rrp_initial,2026-05-19,2026-05-19,12.911
RRPONTSYD,alfred_rrp_initial,2026-05-20,2026-05-20,24.867
RRPONTSYD,alfred_rrp_initial,2026-05-21,2026-05-21,3.281
RRPONTSYD,alfred_rrp_initial,2026-05-22,2026-05-22,0.965
RRPONTSYD,alfred_rrp_initial,2026-05-26,2026-05-26,1.787
RRPONTSYD,alfred_rrp_initial,2026-05-27,2026-05-27,1.853
RRPONTSYD,alfred_rrp_initial,2026-05-28,2026-05-28,1.163
RRPONTSYD,alfred_rrp_initial,2026-05-29,2026-05-29,11.677
RRPONTSYD,alfred_rrp_initial,2026-06-01,2026-06-01,1.302
RRPONTSYD,alfred_rrp_initial,2026-06-02,2026-06-02,2.502
RRPONTSYD,alfred_rrp_initial,2026-06-03,2026-06-03,2.062
RRPONTSYD,alfred_rrp_initial,2026-06-04,2026-06-04,1.122
RRPONTSYD,alfred_rrp_initial,2026-06-05,2026-06-05,0.761
RRPONTSYD,alfred_rrp_initial,2026-06-08,2026-06-08,1.832
RRPONTSYD,alfred_rrp_initial,2026-06-09,2026-06-09,0.577
RRPONTSYD,alfred_rrp_initial,2026-06-10,2026-06-10,0.387
RRPONTSYD,alfred_rrp_initial,2026-06-11,2026-06-11,0.46
RRPONTSYD,alfred_rrp_initial,2026-06-12,2026-06-12,0.454
RRPONTSYD,alfred_rrp_initial,2026-06-15,2026-06-15,0.581
RRPONTSYD,alfred_rrp_initial,2026-06-16,2026-06-16,10.721
RRPONTSYD,alfred_rrp_initial,2026-06-17,2026-06-17,6.828
RRPONTSYD,alfred_rrp_initial,2026-06-18,2026-06-18,0.251
RRPONTSYD,alfred_rrp_initial,2026-06-22,2026-06-22,3.925
RRPONTSYD,alfred_rrp_initial,2026-06-23,2026-06-23,6.484
RRPONTSYD,alfred_rrp_initial,2026-06-24,2026-06-24,4.534
RRPONTSYD,alfred_rrp_initial,2026-06-25,2026-06-25,5.718
RRPONTSYD,alfred_rrp_initial,2026-06-26,2026-06-26,6.426
RRPONTSYD,alfred_rrp_initial,2026-06-29,2026-06-29,3.546
RRPONTSYD,alfred_rrp_initial,2026-06-30,2026-06-30,26.9
RRPONTSYD,alfred_rrp_initial,2026-07-01,2026-07-01,1.001
RRPONTSYD,alfred_rrp_initial,2026-07-02,2026-07-02,2.175
RRPONTSYD,alfred_rrp_initial,2026-07-06,2026-07-06,2.719
RRPONTSYD,alfred_rrp_initial,2026-07-07,2026-07-07,4.484
RRPONTSYD,alfred_rrp_initial,2026-07-08,2026-07-08,3.347
RRPONTSYD,alfred_rrp_initial,2026-07-09,2026-07-09,5.772
RRPONTSYD,alfred_rrp_initial,2026-07-10,2026-07-10,0.545
RRPONTSYD,alfred_rrp_initial,2026-07-13,2026-07-13,0.795
RRPONTSYD,alfred_rrp_initial,2026-07-14,2026-07-14,0.278
RRPONTSYD,alfred_rrp_initial,2026-07-15,2026-07-15,0.151
RRPONTSYD,alfred_rrp_initial,2026-07-16,2026-07-16,0.125
RRPONTSYD,alfred_rrp_initial,2026-07-17,2026-07-17,0.1
RRPONTSYD,alfred_rrp_initial,2026-07-20,2026-07-20,0.03
RRPONTSYD,alfred_rrp_initial,2026-07-21,2026-07-21,0.275
RRPONTSYD,alfred_rrp_initial,2026-07-22,2026-07-22,0.376
RRPONTSYD,alfred_rrp_initial,2026-07-23,2026-07-23,0.904
RRPONTSYD,alfred_rrp_initial,2026-07-24,2026-07-24,0.675
RRPONTSYD,alfred_rrp_initial,2026-07-27,2026-07-27,1.38
RRPONTSYD,alfred_rrp_initial,2026-07-28,2026-07-28,1.126
RRPONTSYD,alfred_rrp_initial,2026-07-29,2026-07-29,2.576
RRPONTSYD,alfred_rrp_initial,2026-07-30,2026-07-30,1.076
RRPONTSYD,alfred_rrp_initial,2026-07-31,2026-07-31,2.151
RRPONTSYD,alfred_rrp_initial,2026-08-03,2026-08-03,2.127
RRPONTSYD,alfred_rrp_initial,2026-08-04,2026-08-04,2.251
RRPONTSYD,alfred_rrp_initial,2026-08-05,2026-08-05,1.65
RRPONTSYD,alfred_rrp_initial,2026-08-06,2026-08-06,1.429
RRPONTSYD,alfred_rrp_initial,2026-08-07,2026-08-07,1.45
RRPONTSYD,alfred_rrp_initial,2026-08-10,2026-08-10,0.975
RRPONTSYD,alfred_rrp_initial,2026-08-11,2026-08-11,1.25
RRPONTSYD,alfred_rrp_initial,2026-08-12,2026-08-12,0.725
RRPONTSYD,alfred_rrp_initial,2026-08-13,2026-08-13,0.45
RRPONTSYD,alfred_rrp_initial,2026-08-14,2026-08-14,0.25
RRPONTSYD,alfred_rrp_initial,2026-08-17,2026-08-17,0.255
RRPONTSYD,alfred_rrp_initial,2026-08-18,2026-08-18,0.155
RRPONTSYD,alfred_rrp_initial,2026-08-19,2026-08-19,0.317
RRPONTSYD,alfred_rrp_initial,2026-08-20,2026-08-20,0.225
RRPONTSYD,alfred_rrp_initial,2026-08-21,2026-08-21,0.2
RRPONTSYD,alfred_rrp_initial,2026-08-24,2026-08-24,0.38
RRPONTSYD,alfred_rrp_initial,2026-08-25,2026-08-25,0.405
RRPONTSYD,alfred_rrp_initial,2026-08-26,2026-08-26,0.702
RRPONTSYD,alfred_rrp_initial,2026-08-27,2026-08-27,0.456
RRPONTSYD,alfred_rrp_initial,2026-08-28,2026-08-28,0.175
RRPONTSYD,alfred_rrp_initial,2026-08-31,2026-08-31,6.726
RRPONTSYD,alfred_rrp_initial,2026-09-01,2026-09-01,0.725
RRPONTSYD,alfred_rrp_initial,2026-09-02,2026-09-02,0.525
RRPONTSYD,alfred_rrp_initial,2026-09-03,2026-09-03,0.702
RRPONTSYD,alfred_rrp_initial,2026-09-04,2026-09-04,0.675
RRPONTSYD,alfred_rrp_initial,2026-09-08,2026-09-08,0.626
RRPONTSYD,alfred_rrp_initial,2026-09-09,2026-09-09,0.432
RRPONTSYD,alfred_rrp_initial,2026-09-10,2026-09-10,4.736
RRPONTSYD,alfred_rrp_initial,2026-09-11,2026-09-11,5.255
RRPONTSYD,alfred_rrp_initial,2026-09-14,2026-09-14,1.42
RRPONTSYD,alfred_rrp_initial,2026-09-15,2026-09-15,0.7
SOFR,alfred_sofr_initial,2019-03-29,2019-04-01,2.65
SOFR,alfred_sofr_initial,2019-04-01,2019-04-02,2.46
SOFR,alfred_sofr_initial,2019-04-02,2019-04-03,2.46
SOFR,alfred_sofr_initial,2019-04-03,2019-04-04,2.47
SOFR,alfred_sofr_initial,2019-04-04,2019-04-05,2.46
SOFR,alfred_sofr_initial,2019-04-05,2019-04-08,2.46
SOFR,alfred_sofr_initial,2019-04-08,2019-04-09,2.46
SOFR,alfred_sofr_initial,2019-04-09,2019-04-10,2.45
SOFR,alfred_sofr_initial,2019-04-10,2019-04-11,2.45
SOFR,alfred_sofr_initial,2019-04-11,2019-04-12,2.44
SOFR,alfred_sofr_initial,2019-04-12,2019-04-15,2.44
SOFR,alfred_sofr_initial,2019-04-15,2019-04-16,2.47
SOFR,alfred_sofr_initial,2019-04-16,2019-04-17,2.47
SOFR,alfred_sofr_initial,2019-04-17,2019-04-18,2.5
SOFR,alfred_sofr_initial,2019-04-18,2019-04-22,2.5
SOFR,alfred_sofr_initial,2019-04-22,2019-04-23,2.46
SOFR,alfred_sofr_initial,2019-04-23,2019-04-24,2.46
SOFR,alfred_sofr_initial,2019-04-24,2019-04-25,2.44
SOFR,alfred_sofr_initial,2019-04-25,2019-04-26,2.45
SOFR,alfred_sofr_initial,2019-04-26,2019-04-29,2.46
SOFR,alfred_sofr_initial,2019-04-29,2019-04-30,2.48
SOFR,alfred_sofr_initial,2019-04-30,2019-05-01,2.76
SOFR,alfred_sofr_initial,2019-05-01,2019-05-02,2.54
SOFR,alfred_sofr_initial,2019-05-02,2019-05-03,2.5
SOFR,alfred_sofr_initial,2019-05-03,2019-05-06,2.43
SOFR,alfred_sofr_initial,2019-05-06,2019-05-07,2.42
SOFR,alfred_sofr_initial,2019-05-07,2019-05-08,2.44
SOFR,alfred_sofr_initial,2019-05-08,2019-05-09,2.43
SOFR,alfred_sofr_initial,2019-05-09,2019-05-10,2.41
SOFR,alfred_sofr_initial,2019-05-10,2019-05-13,2.4
SOFR,alfred_sofr_initial,2019-05-13,2019-05-14,2.38
SOFR,alfred_sofr_initial,2019-05-14,2019-05-15,2.39
SOFR,alfred_sofr_initial,2019-05-15,2019-05-16,2.48
SOFR,alfred_sofr_initial,2019-05-16,2019-05-17,2.43
SOFR,alfred_sofr_initial,2019-05-17,2019-05-20,2.42
SOFR,alfred_sofr_initial,2019-05-20,2019-05-21,2.39
SOFR,alfred_sofr_initial,2019-05-21,2019-05-22,2.38
SOFR,alfred_sofr_initial,2019-05-22,2019-05-23,2.37
SOFR,alfred_sofr_initial,2019-05-23,2019-05-24,2.37
SOFR,alfred_sofr_initial,2019-05-24,2019-05-28,2.37
SOFR,alfred_sofr_initial,2019-05-28,2019-05-29,2.41
SOFR,alfred_sofr_initial,2019-05-29,2019-05-30,2.4
SOFR,alfred_sofr_initial,2019-05-30,2019-05-31,2.4
SOFR,alfred_sofr_initial,2019-05-31,2019-06-03,2.49
SOFR,alfred_sofr_initial,2019-06-03,2019-06-04,2.4
SOFR,alfred_sofr_initial,2019-06-04,2019-06-05,2.39
SOFR,alfred_sofr_initial,2019-06-05,2019-06-06,2.4
SOFR,alfred_sofr_initial,2019-06-06,2019-06-07,2.4
SOFR,alfred_sofr_initial,2019-06-07,2019-06-10,2.39
SOFR,alfred_sofr_initial,2019-06-10,2019-06-11,2.39
SOFR,alfred_sofr_initial,2019-06-11,2019-06-12,2.38
SOFR,alfred_sofr_initial,2019-06-12,2019-06-13,2.37
SOFR,alfred_sofr_initial,2019-06-13,2019-06-14,2.35
SOFR,alfred_sofr_initial,2019-06-14,2019-06-17,2.35
SOFR,alfred_sofr_initial,2019-06-17,2019-06-18,2.41
SOFR,alfred_sofr_initial,2019-06-18,2019-06-19,2.39
SOFR,alfred_sofr_initial,2019-06-19,2019-06-20,2.36
SOFR,alfred_sofr_initial,2019-06-20,2019-06-21,2.36
SOFR,alfred_sofr_initial,2019-06-21,2019-06-24,2.37
SOFR,alfred_sofr_initial,2019-06-24,2019-06-25,2.39
SOFR,alfred_sofr_initial,2019-06-25,2019-06-26,2.41
SOFR,alfred_sofr_initial,2019-06-26,2019-06-27,2.43
SOFR,alfred_sofr_initial,2019-06-27,2019-06-28,2.42
SOFR,alfred_sofr_initial,2019-06-28,2019-07-01,2.5
SOFR,alfred_sofr_initial,2019-07-01,2019-07-02,2.42
SOFR,alfred_sofr_initial,2019-07-02,2019-07-03,2.51
SOFR,alfred_sofr_initial,2019-07-03,2019-07-05,2.56
SOFR,alfred_sofr_initial,2019-07-05,2019-07-08,2.59
SOFR,alfred_sofr_initial,2019-07-08,2019-07-09,2.48
SOFR,alfred_sofr_initial,2019-07-09,2019-07-10,2.45
SOFR,alfred_sofr_initial,2019-07-10,2019-07-11,2.46
SOFR,alfred_sofr_initial,2019-07-11,2019-07-12,2.41
SOFR,alfred_sofr_initial,2019-07-12,2019-07-15,2.36
SOFR,alfred_sofr_initial,2019-07-15,2019-07-16,2.46
SOFR,alfred_sofr_initial,2019-07-16,2019-07-17,2.47
SOFR,alfred_sofr_initial,2019-07-17,2019-07-18,2.47
SOFR,alfred_sofr_initial,2019-07-18,2019-07-19,2.46
SOFR,alfred_sofr_initial,2019-07-19,2019-07-22,2.41
SOFR,alfred_sofr_initial,2019-07-22,2019-07-23,2.4
SOFR,alfred_sofr_initial,2019-07-23,2019-07-24,2.4
SOFR,alfred_sofr_initial,2019-07-24,2019-07-25,2.41
SOFR,alfred_sofr_initial,2019-07-25,2019-07-26,2.42
SOFR,alfred_sofr_initial,2019-07-26,2019-07-29,2.41
SOFR,alfred_sofr_initial,2019-07-29,2019-07-30,2.4
SOFR,alfred_sofr_initial,2019-07-30,2019-07-31,2.39
SOFR,alfred_sofr_initial,2019-07-31,2019-08-01,2.55
SOFR,alfred_sofr_initial,2019-08-01,2019-08-02,2.19
SOFR,alfred_sofr_initial,2019-08-02,2019-08-05,2.19
SOFR,alfred_sofr_initial,2019-08-05,2019-08-06,2.13
SOFR,alfred_sofr_initial,2019-08-06,2019-08-07,2.11
SOFR,alfred_sofr_initial,2019-08-07,2019-08-08,2.1
SOFR,alfred_sofr_initial,2019-08-08,2019-08-09,2.09
SOFR,alfred_sofr_initial,2019-08-09,2019-08-12,2.11
SOFR,alfred_sofr_initial,2019-08-12,2019-08-13,2.12
SOFR,alfred_sofr_initial,2019-08-13,2019-08-14,2.16
SOFR,alfred_sofr_initial,2019-08-14,2019-08-15,2.13
SOFR,alfred_sofr_initial,2019-08-15,2019-08-16,2.18
SOFR,alfred_sofr_initial,2019-08-16,2019-08-19,2.13
SOFR,alfred_sofr_initial,2019-08-19,2019-08-20,2.11
SOFR,alfred_sofr_initial,2019-08-20,2019-08-21,2.13
SOFR,alfred_sofr_initial,2019-08-21,2019-08-22,2.1
SOFR,alfred_sofr_initial,2019-08-22,2019-08-23,2.09
SOFR,alfred_sofr_initial,2019-08-23,2019-08-26,2.1
SOFR,alfred_sofr_initial,2019-08-26,2019-08-27,2.1
SOFR,alfred_sofr_initial,2019-08-27,2019-08-28,2.15
SOFR,alfred_sofr_initial,2019-08-28,2019-08-29,2.12
SOFR,alfred_sofr_initial,2019-08-29,2019-08-30,2.12
SOFR,alfred_sofr_initial,2019-08-30,2019-09-03,2.16
SOFR,alfred_sofr_initial,2019-09-03,2019-09-04,2.17
SOFR,alfred_sofr_initial,2019-09-04,2019-09-05,2.21
SOFR,alfred_sofr_initial,2019-09-05,2019-09-06,2.21
SOFR,alfred_sofr_initial,2019-09-06,2019-09-09,2.15
SOFR,alfred_sofr_initial,2019-09-09,2019-09-10,2.12
SOFR,alfred_sofr_initial,2019-09-10,2019-09-11,2.14
SOFR,alfred_sofr_initial,2019-09-11,2019-09-12,2.15
SOFR,alfred_sofr_initial,2019-09-12,2019-09-13,2.2
SOFR,alfred_sofr_initial,2019-09-13,2019-09-16,2.2
SOFR,alfred_sofr_initial,2019-09-16,2019-09-17,2.43
SOFR,alfred_sofr_initial,2019-09-17,2019-09-18,5.25
SOFR,alfred_sofr_initial,2019-09-18,2019-09-19,2.55
SOFR,alfred_sofr_initial,2019-09-19,2019-09-20,1.95
SOFR,alfred_sofr_initial,2019-09-20,2019-09-23,1.86
SOFR,alfred_sofr_initial,2019-09-23,2019-09-24,1.85
SOFR,alfred_sofr_initial,2019-09-24,2019-09-25,1.96
SOFR,alfred_sofr_initial,2019-09-25,2019-09-26,2.01
SOFR,alfred_sofr_initial,2019-09-26,2019-09-27,1.85
SOFR,alfred_sofr_initial,2019-09-27,2019-09-30,1.82
SOFR,alfred_sofr_initial,2019-09-30,2019-10-01,2.35
SOFR,alfred_sofr_initial,2019-10-01,2019-10-02,1.88
SOFR,alfred_sofr_initial,2019-10-02,2019-10-03,1.85
SOFR,alfred_sofr_initial,2019-10-03,2019-10-04,1.84
SOFR,alfred_sofr_initial,2019-10-04,2019-10-07,1.82
SOFR,alfred_sofr_initial,2019-10-07,2019-10-08,1.83
SOFR,alfred_sofr_initial,2019-10-08,2019-10-09,1.85
SOFR,alfred_sofr_initial,2019-10-09,2019-10-10,1.85
SOFR,alfred_sofr_initial,2019-10-10,2019-10-11,1.85
SOFR,alfred_sofr_initial,2019-10-11,2019-10-15,1.85
SOFR,alfred_sofr_initial,2019-10-15,2019-10-16,2.0
SOFR,alfred_sofr_initial,2019-10-16,2019-10-17,2.05
SOFR,alfred_sofr_initial,2019-10-17,2019-10-18,1.95
SOFR,alfred_sofr_initial,2019-10-18,2019-10-21,1.88
SOFR,alfred_sofr_initial,2019-10-21,2019-10-22,1.86
SOFR,alfred_sofr_initial,2019-10-22,2019-10-23,1.87
SOFR,alfred_sofr_initial,2019-10-23,2019-10-24,1.87
SOFR,alfred_sofr_initial,2019-10-24,2019-10-25,1.86
SOFR,alfred_sofr_initial,2019-10-25,2019-10-28,1.84
SOFR,alfred_sofr_initial,2019-10-28,2019-10-29,1.82
SOFR,alfred_sofr_initial,2019-10-29,2019-10-30,1.81
SOFR,alfred_sofr_initial,2019-10-30,2019-10-31,1.82
SOFR,alfred_sofr_initial,2019-10-31,2019-11-01,1.76
SOFR,alfred_sofr_initial,2019-11-01,2019-11-04,1.58
SOFR,alfred_sofr_initial,2019-11-04,2019-11-05,1.56
SOFR,alfred_sofr_initial,2019-11-05,2019-11-06,1.58
SOFR,alfred_sofr_initial,2019-11-06,2019-11-07,1.57
SOFR,alfred_sofr_initial,2019-11-07,2019-11-08,1.56
SOFR,alfred_sofr_initial,2019-11-08,2019-11-12,1.56
SOFR,alfred_sofr_initial,2019-11-12,2019-11-13,1.57
SOFR,alfred_sofr_initial,2019-11-13,2019-11-14,1.57
SOFR,alfred_sofr_initial,2019-11-14,2019-11-15,1.58
SOFR,alfred_sofr_initial,2019-11-15,2019-11-18,1.59
SOFR,alfred_sofr_initial,2019-11-18,2019-11-19,1.56
SOFR,alfred_sofr_initial,2019-11-19,2019-11-20,1.57
SOFR,alfred_sofr_initial,2019-11-20,2019-11-21,1.57
SOFR,alfred_sofr_initial,2019-11-21,2019-11-22,1.58
SOFR,alfred_sofr_initial,2019-11-22,2019-11-25,1.58
SOFR,alfred_sofr_initial,2019-11-25,2019-11-26,1.56
SOFR,alfred_sofr_initial,2019-11-26,2019-11-27,1.54
SOFR,alfred_sofr_initial,2019-11-27,2019-11-29,1.55
SOFR,alfred_sofr_initial,2019-11-29,2019-12-02,1.65
SOFR,alfred_sofr_initial,2019-12-02,2019-12-03,1.63
SOFR,alfred_sofr_initial,2019-12-03,2019-12-04,1.55
SOFR,alfred_sofr_initial,2019-12-04,2019-12-05,1.54
SOFR,alfred_sofr_initial,2019-12-05,2019-12-06,1.55
SOFR,alfred_sofr_initial,2019-12-06,2019-12-09,1.55
SOFR,alfred_sofr_initial,2019-12-09,2019-12-10,1.56
SOFR,alfred_sofr_initial,2019-12-10,2019-12-11,1.55
SOFR,alfred_sofr_initial,2019-12-11,2019-12-12,1.54
SOFR,alfred_sofr_initial,2019-12-12,2019-12-13,1.53
SOFR,alfred_sofr_initial,2019-12-13,2019-12-16,1.54
SOFR,alfred_sofr_initial,2019-12-16,2019-12-17,1.62
SOFR,alfred_sofr_initial,2019-12-17,2019-12-18,1.54
SOFR,alfred_sofr_initial,2019-12-18,2019-12-19,1.53
SOFR,alfred_sofr_initial,2019-12-19,2019-12-20,1.53
SOFR,alfred_sofr_initial,2019-12-20,2019-12-23,1.53
SOFR,alfred_sofr_initial,2019-12-23,2019-12-24,1.52
SOFR,alfred_sofr_initial,2019-12-24,2019-12-26,1.52
SOFR,alfred_sofr_initial,2019-12-26,2019-12-27,1.52
SOFR,alfred_sofr_initial,2019-12-27,2019-12-30,1.53
SOFR,alfred_sofr_initial,2019-12-30,2019-12-31,1.54
SOFR,alfred_sofr_initial,2019-12-31,2020-01-02,1.55
SOFR,alfred_sofr_initial,2020-01-02,2020-01-03,1.54
SOFR,alfred_sofr_initial,2020-01-03,2020-01-06,1.55
SOFR,alfred_sofr_initial,2020-01-06,2020-01-07,1.55
SOFR,alfred_sofr_initial,2020-01-07,2020-01-08,1.56
SOFR,alfred_sofr_initial,2020-01-08,2020-01-09,1.55
SOFR,alfred_sofr_initial,2020-01-09,2020-01-10,1.55
SOFR,alfred_sofr_initial,2020-01-10,2020-01-13,1.55
SOFR,alfred_sofr_initial,2020-01-13,2020-01-14,1.54
SOFR,alfred_sofr_initial,2020-01-14,2020-01-15,1.55
SOFR,alfred_sofr_initial,2020-01-15,2020-01-16,1.56
SOFR,alfred_sofr_initial,2020-01-16,2020-01-17,1.55
SOFR,alfred_sofr_initial,2020-01-17,2020-01-21,1.54
SOFR,alfred_sofr_initial,2020-01-21,2020-01-22,1.54
SOFR,alfred_sofr_initial,2020-01-22,2020-01-23,1.54
SOFR,alfred_sofr_initial,2020-01-23,2020-01-24,1.54
SOFR,alfred_sofr_initial,2020-01-24,2020-01-27,1.53
SOFR,alfred_sofr_initial,2020-01-27,2020-01-28,1.53
SOFR,alfred_sofr_initial,2020-01-28,2020-01-29,1.53
SOFR,alfred_sofr_initial,2020-01-29,2020-01-30,1.53
SOFR,alfred_sofr_initial,2020-01-30,2020-01-31,1.58
SOFR,alfred_sofr_initial,2020-01-31,2020-02-03,1.6
SOFR,alfred_sofr_initial,2020-02-03,2020-02-04,1.59
SOFR,alfred_sofr_initial,2020-02-04,2020-02-05,1.6
SOFR,alfred_sofr_initial,2020-02-05,2020-02-06,1.59
SOFR,alfred_sofr_initial,2020-02-06,2020-02-07,1.59
SOFR,alfred_sofr_initial,2020-02-07,2020-02-10,1.58
SOFR,alfred_sofr_initial,2020-02-10,2020-02-11,1.58
SOFR,alfred_sofr_initial,2020-02-11,2020-02-12,1.58
SOFR,alfred_sofr_initial,2020-02-12,2020-02-13,1.57
SOFR,alfred_sofr_initial,2020-02-13,2020-02-14,1.57
SOFR,alfred_sofr_initial,2020-02-14,2020-02-18,1.58
SOFR,alfred_sofr_initial,2020-02-18,2020-02-19,1.6
SOFR,alfred_sofr_initial,2020-02-19,2020-02-20,1.59
SOFR,alfred_sofr_initial,2020-02-20,2020-02-21,1.6
SOFR,alfred_sofr_initial,2020-02-21,2020-02-24,1.58
SOFR,alfred_sofr_initial,2020-02-24,2020-02-25,1.58
SOFR,alfred_sofr_initial,2020-02-25,2020-02-26,1.59
SOFR,alfred_sofr_initial,2020-02-26,2020-02-27,1.58
SOFR,alfred_sofr_initial,2020-02-27,2020-02-28,1.58
SOFR,alfred_sofr_initial,2020-02-28,2020-03-02,1.6
SOFR,alfred_sofr_initial,2020-03-02,2020-03-03,1.59
SOFR,alfred_sofr_initial,2020-03-03,2020-03-04,1.64
SOFR,alfred_sofr_initial,2020-03-04,2020-03-05,1.23
SOFR,alfred_sofr_initial,2020-03-05,2020-03-06,1.12
SOFR,alfred_sofr_initial,2020-03-06,2020-03-09,1.1
SOFR,alfred_sofr_initial,2020-03-09,2020-03-10,1.09
SOFR,alfred_sofr_initial,2020-03-10,2020-03-11,1.11
SOFR,alfred_sofr_initial,2020-03-11,2020-03-12,1.15
SOFR,alfred_sofr_initial,2020-03-12,2020-03-13,1.2
SOFR,alfred_sofr_initial,2020-03-13,2020-03-16,1.1
SOFR,alfred_sofr_initial,2020-03-16,2020-03-17,0.26
SOFR,alfred_sofr_initial,2020-03-17,2020-03-18,0.54
SOFR,alfred_sofr_initial,2020-03-18,2020-03-19,0.1
SOFR,alfred_sofr_initial,2020-03-19,2020-03-20,0.06
SOFR,alfred_sofr_initial,2020-03-20,2020-03-23,0.04
SOFR,alfred_sofr_initial,2020-03-23,2020-03-24,0.02
SOFR,alfred_sofr_initial,2020-03-24,2020-03-25,0.01
SOFR,alfred_sofr_initial,2020-03-25,2020-03-26,0.01
SOFR,alfred_sofr_initial,2020-03-26,2020-03-27,0.01
SOFR,alfred_sofr_initial,2020-03-27,2020-03-30,0.01
SOFR,alfred_sofr_initial,2020-03-30,2020-03-31,0.01
SOFR,alfred_sofr_initial,2020-03-31,2020-04-01,0.01
SOFR,alfred_sofr_initial,2020-04-01,2020-04-02,0.01
SOFR,alfred_sofr_initial,2020-04-02,2020-04-03,0.01
SOFR,alfred_sofr_initial,2020-04-03,2020-04-06,0.01
SOFR,alfred_sofr_initial,2020-04-06,2020-04-07,0.01
SOFR,alfred_sofr_initial,2020-04-07,2020-04-08,0.01
SOFR,alfred_sofr_initial,2020-04-08,2020-04-09,0.01
SOFR,alfred_sofr_initial,2020-04-09,2020-04-13,0.01
SOFR,alfred_sofr_initial,2020-04-13,2020-04-14,0.02
SOFR,alfred_sofr_initial,2020-04-14,2020-04-15,0.06
SOFR,alfred_sofr_initial,2020-04-15,2020-04-16,0.03
SOFR,alfred_sofr_initial,2020-04-16,2020-04-17,0.03
SOFR,alfred_sofr_initial,2020-04-17,2020-04-20,0.03
SOFR,alfred_sofr_initial,2020-04-20,2020-04-21,0.02
SOFR,alfred_sofr_initial,2020-04-21,2020-04-22,0.01
SOFR,alfred_sofr_initial,2020-04-22,2020-04-23,0.01
SOFR,alfred_sofr_initial,2020-04-23,2020-04-24,0.01
SOFR,alfred_sofr_initial,2020-04-24,2020-04-27,0.03
SOFR,alfred_sofr_initial,2020-04-27,2020-04-28,0.03
SOFR,alfred_sofr_initial,2020-04-28,2020-04-29,0.01
SOFR,alfred_sofr_initial,2020-04-29,2020-04-30,0.01
SOFR,alfred_sofr_initial,2020-04-30,2020-05-01,0.04
SOFR,alfred_sofr_initial,2020-05-01,2020-05-04,0.03
SOFR,alfred_sofr_initial,2020-05-04,2020-05-05,0.05
SOFR,alfred_sofr_initial,2020-05-05,2020-05-06,0.05
SOFR,alfred_sofr_initial,2020-05-06,2020-05-07,0.05
SOFR,alfred_sofr_initial,2020-05-07,2020-05-08,0.05
SOFR,alfred_sofr_initial,2020-05-08,2020-05-11,0.06
SOFR,alfred_sofr_initial,2020-05-11,2020-05-12,0.06
SOFR,alfred_sofr_initial,2020-05-12,2020-05-13,0.06
SOFR,alfred_sofr_initial,2020-05-13,2020-05-14,0.04
SOFR,alfred_sofr_initial,2020-05-14,2020-05-15,0.02
SOFR,alfred_sofr_initial,2020-05-15,2020-05-18,0.05
SOFR,alfred_sofr_initial,2020-05-18,2020-05-19,0.04
SOFR,alfred_sofr_initial,2020-05-19,2020-05-20,0.04
SOFR,alfred_sofr_initial,2020-05-20,2020-05-21,0.01
SOFR,alfred_sofr_initial,2020-05-21,2020-05-22,0.02
SOFR,alfred_sofr_initial,2020-05-22,2020-05-26,0.04
SOFR,alfred_sofr_initial,2020-05-26,2020-05-27,0.06
SOFR,alfred_sofr_initial,2020-05-27,2020-05-28,0.06
SOFR,alfred_sofr_initial,2020-05-28,2020-05-29,0.06
SOFR,alfred_sofr_initial,2020-05-29,2020-06-01,0.06
SOFR,alfred_sofr_initial,2020-06-01,2020-06-02,0.06
SOFR,alfred_sofr_initial,2020-06-02,2020-06-03,0.07
SOFR,alfred_sofr_initial,2020-06-03,2020-06-04,0.06
SOFR,alfred_sofr_initial,2020-06-04,2020-06-05,0.07
SOFR,alfred_sofr_initial,2020-06-05,2020-06-08,0.07
SOFR,alfred_sofr_initial,2020-06-08,2020-06-09,0.07
SOFR,alfred_sofr_initial,2020-06-09,2020-06-10,0.08
SOFR,alfred_sofr_initial,2020-06-10,2020-06-11,0.07
SOFR,alfred_sofr_initial,2020-06-11,2020-06-12,0.08
SOFR,alfred_sofr_initial,2020-06-12,2020-06-15,0.08
SOFR,alfred_sofr_initial,2020-06-15,2020-06-16,0.09
SOFR,alfred_sofr_initial,2020-06-16,2020-06-17,0.09
SOFR,alfred_sofr_initial,2020-06-17,2020-06-18,0.09
SOFR,alfred_sofr_initial,2020-06-18,2020-06-19,0.09
SOFR,alfred_sofr_initial,2020-06-19,2020-06-22,0.09
SOFR,alfred_sofr_initial,2020-06-22,2020-06-23,0.08
SOFR,alfred_sofr_initial,2020-06-23,2020-06-24,0.07
SOFR,alfred_sofr_initial,2020-06-24,2020-06-25,0.08
SOFR,alfred_sofr_initial,2020-06-25,2020-06-26,0.09
SOFR,alfred_sofr_initial,2020-06-26,2020-06-29,0.08
SOFR,alfred_sofr_initial,2020-06-29,2020-06-30,0.08
SOFR,alfred_sofr_initial,2020-06-30,2020-07-01,0.1
SOFR,alfred_sofr_initial,2020-07-01,2020-07-02,0.11
SOFR,alfred_sofr_initial,2020-07-02,2020-07-06,0.11
SOFR,alfred_sofr_initial,2020-07-06,2020-07-07,0.1
SOFR,alfred_sofr_initial,2020-07-07,2020-07-08,0.1
SOFR,alfred_sofr_initial,2020-07-08,2020-07-09,0.1
SOFR,alfred_sofr_initial,2020-07-09,2020-07-10,0.1
SOFR,alfred_sofr_initial,2020-07-10,2020-07-13,0.1
SOFR,alfred_sofr_initial,2020-07-13,2020-07-14,0.1
SOFR,alfred_sofr_initial,2020-07-14,2020-07-15,0.11
SOFR,alfred_sofr_initial,2020-07-15,2020-07-16,0.13
SOFR,alfred_sofr_initial,2020-07-16,2020-07-17,0.12
SOFR,alfred_sofr_initial,2020-07-17,2020-07-20,0.12
SOFR,alfred_sofr_initial,2020-07-20,2020-07-21,0.12
SOFR,alfred_sofr_initial,2020-07-21,2020-07-22,0.11
SOFR,alfred_sofr_initial,2020-07-22,2020-07-23,0.1
SOFR,alfred_sofr_initial,2020-07-23,2020-07-24,0.1
SOFR,alfred_sofr_initial,2020-07-24,2020-07-27,0.1
SOFR,alfred_sofr_initial,2020-07-27,2020-07-28,0.1
SOFR,alfred_sofr_initial,2020-07-28,2020-07-29,0.1
SOFR,alfred_sofr_initial,2020-07-29,2020-07-30,0.09
SOFR,alfred_sofr_initial,2020-07-30,2020-07-31,0.1
SOFR,alfred_sofr_initial,2020-07-31,2020-08-03,0.1
SOFR,alfred_sofr_initial,2020-08-03,2020-08-04,0.1
SOFR,alfred_sofr_initial,2020-08-04,2020-08-05,0.09
SOFR,alfred_sofr_initial,2020-08-05,2020-08-06,0.09
SOFR,alfred_sofr_initial,2020-08-06,2020-08-07,0.09
SOFR,alfred_sofr_initial,2020-08-07,2020-08-10,0.09
SOFR,alfred_sofr_initial,2020-08-10,2020-08-11,0.09
SOFR,alfred_sofr_initial,2020-08-11,2020-08-12,0.1
SOFR,alfred_sofr_initial,2020-08-12,2020-08-13,0.09
SOFR,alfred_sofr_initial,2020-08-13,2020-08-14,0.09
SOFR,alfred_sofr_initial,2020-08-14,2020-08-17,0.09
SOFR,alfred_sofr_initial,2020-08-17,2020-08-18,0.1
SOFR,alfred_sofr_initial,2020-08-18,2020-08-19,0.09
SOFR,alfred_sofr_initial,2020-08-19,2020-08-20,0.09
SOFR,alfred_sofr_initial,2020-08-20,2020-08-21,0.07
SOFR,alfred_sofr_initial,2020-08-21,2020-08-24,0.07
SOFR,alfred_sofr_initial,2020-08-24,2020-08-25,0.08
SOFR,alfred_sofr_initial,2020-08-25,2020-08-26,0.08
SOFR,alfred_sofr_initial,2020-08-26,2020-08-27,0.07
SOFR,alfred_sofr_initial,2020-08-27,2020-08-28,0.07
SOFR,alfred_sofr_initial,2020-08-28,2020-08-31,0.07
SOFR,alfred_sofr_initial,2020-08-31,2020-09-01,0.09
SOFR,alfred_sofr_initial,2020-09-01,2020-09-02,0.09
SOFR,alfred_sofr_initial,2020-09-02,2020-09-03,0.09
SOFR,alfred_sofr_initial,2020-09-03,2020-09-04,0.1
SOFR,alfred_sofr_initial,2020-09-04,2020-09-08,0.09
SOFR,alfred_sofr_initial,2020-09-08,2020-09-09,0.09
SOFR,alfred_sofr_initial,2020-09-09,2020-09-10,0.09
SOFR,alfred_sofr_initial,2020-09-10,2020-09-11,0.09
SOFR,alfred_sofr_initial,2020-09-11,2020-09-14,0.09
SOFR,alfred_sofr_initial,2020-09-14,2020-09-15,0.09
SOFR,alfred_sofr_initial,2020-09-15,2020-09-16,0.1
SOFR,alfred_sofr_initial,2020-09-16,2020-09-17,0.1
SOFR,alfred_sofr_initial,2020-09-17,2020-09-18,0.1
SOFR,alfred_sofr_initial,2020-09-18,2020-09-21,0.09
SOFR,alfred_sofr_initial,2020-09-21,2020-09-22,0.08
SOFR,alfred_sofr_initial,2020-09-22,2020-09-23,0.07
SOFR,alfred_sofr_initial,2020-09-23,2020-09-24,0.06
SOFR,alfred_sofr_initial,2020-09-24,2020-09-25,0.07
SOFR,alfred_sofr_initial,2020-09-25,2020-09-28,0.08
SOFR,alfred_sofr_initial,2020-09-28,2020-09-29,0.08
SOFR,alfred_sofr_initial,2020-09-29,2020-09-30,0.07
SOFR,alfred_sofr_initial,2020-09-30,2020-10-01,0.08
SOFR,alfred_sofr_initial,2020-10-01,2020-10-02,0.08
SOFR,alfred_sofr_initial,2020-10-02,2020-10-05,0.1
SOFR,alfred_sofr_initial,2020-10-05,2020-10-06,0.09
SOFR,alfred_sofr_initial,2020-10-06,2020-10-07,0.1
SOFR,alfred_sofr_initial,2020-10-07,2020-10-08,0.09
SOFR,alfred_sofr_initial,2020-10-08,2020-10-09,0.08
SOFR,alfred_sofr_initial,2020-10-09,2020-10-13,0.09
SOFR,alfred_sofr_initial,2020-10-13,2020-10-14,0.09
SOFR,alfred_sofr_initial,2020-10-14,2020-10-15,0.09
SOFR,alfred_sofr_initial,2020-10-15,2020-10-16,0.1
SOFR,alfred_sofr_initial,2020-10-16,2020-10-19,0.09
SOFR,alfred_sofr_initial,2020-10-19,2020-10-20,0.09
SOFR,alfred_sofr_initial,2020-10-20,2020-10-21,0.08
SOFR,alfred_sofr_initial,2020-10-21,2020-10-22,0.07
SOFR,alfred_sofr_initial,2020-10-22,2020-10-23,0.07
SOFR,alfred_sofr_initial,2020-10-23,2020-10-26,0.08
SOFR,alfred_sofr_initial,2020-10-26,2020-10-27,0.09
SOFR,alfred_sofr_initial,2020-10-27,2020-10-28,0.09
SOFR,alfred_sofr_initial,2020-10-28,2020-10-29,0.08
SOFR,alfred_sofr_initial,2020-10-29,2020-10-30,0.09
SOFR,alfred_sofr_initial,2020-10-30,2020-11-02,0.09
SOFR,alfred_sofr_initial,2020-11-02,2020-11-03,0.11
SOFR,alfred_sofr_initial,2020-11-03,2020-11-04,0.1
SOFR,alfred_sofr_initial,2020-11-04,2020-11-05,0.1
SOFR,alfred_sofr_initial,2020-11-05,2020-11-06,0.11
SOFR,alfred_sofr_initial,2020-11-06,2020-11-09,0.1
SOFR,alfred_sofr_initial,2020-11-09,2020-11-10,0.1
SOFR,alfred_sofr_initial,2020-11-10,2020-11-12,0.1
SOFR,alfred_sofr_initial,2020-11-12,2020-11-13,0.09
SOFR,alfred_sofr_initial,2020-11-13,2020-11-16,0.09
SOFR,alfred_sofr_initial,2020-11-16,2020-11-17,0.1
SOFR,alfred_sofr_initial,2020-11-17,2020-11-18,0.09
SOFR,alfred_sofr_initial,2020-11-18,2020-11-19,0.07
SOFR,alfred_sofr_initial,2020-11-19,2020-11-20,0.06
SOFR,alfred_sofr_initial,2020-11-20,2020-11-23,0.05
SOFR,alfred_sofr_initial,2020-11-23,2020-11-24,0.05
SOFR,alfred_sofr_initial,2020-11-24,2020-11-25,0.07
SOFR,alfred_sofr_initial,2020-11-25,2020-11-27,0.08
SOFR,alfred_sofr_initial,2020-11-27,2020-11-30,0.08
SOFR,alfred_sofr_initial,2020-11-30,2020-12-01,0.09
SOFR,alfred_sofr_initial,2020-12-01,2020-12-02,0.08
SOFR,alfred_sofr_initial,2020-12-02,2020-12-03,0.08
SOFR,alfred_sofr_initial,2020-12-03,2020-12-04,0.08
SOFR,alfred_sofr_initial,2020-12-04,2020-12-07,0.09
SOFR,alfred_sofr_initial,2020-12-07,2020-12-08,0.08
SOFR,alfred_sofr_initial,2020-12-08,2020-12-09,0.07
SOFR,alfred_sofr_initial,2020-12-09,2020-12-10,0.08
SOFR,alfred_sofr_initial,2020-12-10,2020-12-11,0.08
SOFR,alfred_sofr_initial,2020-12-11,2020-12-14,0.08
SOFR,alfred_sofr_initial,2020-12-14,2020-12-15,0.08
SOFR,alfred_sofr_initial,2020-12-15,2020-12-16,0.09
SOFR,alfred_sofr_initial,2020-12-16,2020-12-17,0.09
SOFR,alfred_sofr_initial,2020-12-17,2020-12-18,0.09
SOFR,alfred_sofr_initial,2020-12-18,2020-12-21,0.09
SOFR,alfred_sofr_initial,2020-12-21,2020-12-22,0.09
SOFR,alfred_sofr_initial,2020-12-22,2020-12-23,0.07
SOFR,alfred_sofr_initial,2020-12-23,2020-12-24,0.06
SOFR,alfred_sofr_initial,2020-12-24,2020-12-28,0.08
SOFR,alfred_sofr_initial,2020-12-28,2020-12-29,0.09
SOFR,alfred_sofr_initial,2020-12-29,2020-12-30,0.1
SOFR,alfred_sofr_initial,2020-12-30,2020-12-31,0.09
SOFR,alfred_sofr_initial,2020-12-31,2021-01-04,0.07
SOFR,alfred_sofr_initial,2021-01-04,2021-01-05,0.1
SOFR,alfred_sofr_initial,2021-01-05,2021-01-06,0.11
SOFR,alfred_sofr_initial,2021-01-06,2021-01-07,0.1
SOFR,alfred_sofr_initial,2021-01-07,2021-01-08,0.1
SOFR,alfred_sofr_initial,2021-01-08,2021-01-11,0.09
SOFR,alfred_sofr_initial,2021-01-11,2021-01-12,0.09
SOFR,alfred_sofr_initial,2021-01-12,2021-01-13,0.08
SOFR,alfred_sofr_initial,2021-01-13,2021-01-14,0.08
SOFR,alfred_sofr_initial,2021-01-14,2021-01-15,0.08
SOFR,alfred_sofr_initial,2021-01-15,2021-01-19,0.08
SOFR,alfred_sofr_initial,2021-01-19,2021-01-20,0.07
SOFR,alfred_sofr_initial,2021-01-20,2021-01-21,0.06
SOFR,alfred_sofr_initial,2021-01-21,2021-01-22,0.04
SOFR,alfred_sofr_initial,2021-01-22,2021-01-25,0.05
SOFR,alfred_sofr_initial,2021-01-25,2021-01-26,0.06
SOFR,alfred_sofr_initial,2021-01-26,2021-01-27,0.03
SOFR,alfred_sofr_initial,2021-01-27,2021-01-28,0.03
SOFR,alfred_sofr_initial,2021-01-28,2021-01-29,0.04
SOFR,alfred_sofr_initial,2021-01-29,2021-02-01,0.06
SOFR,alfred_sofr_initial,2021-02-01,2021-02-02,0.07
SOFR,alfred_sofr_initial,2021-02-02,2021-02-03,0.07
SOFR,alfred_sofr_initial,2021-02-03,2021-02-04,0.07
SOFR,alfred_sofr_initial,2021-02-04,2021-02-05,0.05
SOFR,alfred_sofr_initial,2021-02-05,2021-02-08,0.02
SOFR,alfred_sofr_initial,2021-02-08,2021-02-09,0.02
SOFR,alfred_sofr_initial,2021-02-09,2021-02-10,0.05
SOFR,alfred_sofr_initial,2021-02-10,2021-02-11,0.06
SOFR,alfred_sofr_initial,2021-02-11,2021-02-12,0.06
SOFR,alfred_sofr_initial,2021-02-12,2021-02-16,0.05
SOFR,alfred_sofr_initial,2021-02-16,2021-02-17,0.06
SOFR,alfred_sofr_initial,2021-02-17,2021-02-18,0.06
SOFR,alfred_sofr_initial,2021-02-18,2021-02-19,0.03
SOFR,alfred_sofr_initial,2021-02-19,2021-02-22,0.02
SOFR,alfred_sofr_initial,2021-02-22,2021-02-23,0.03
SOFR,alfred_sofr_initial,2021-02-23,2021-02-24,0.01
SOFR,alfred_sofr_initial,2021-02-24,2021-02-25,0.02
SOFR,alfred_sofr_initial,2021-02-25,2021-02-26,0.03
SOFR,alfred_sofr_initial,2021-02-26,2021-03-01,0.01
SOFR,alfred_sofr_initial,2021-03-01,2021-03-02,0.02
SOFR,alfred_sofr_initial,2021-03-02,2021-03-03,0.04
SOFR,alfred_sofr_initial,2021-03-03,2021-03-04,0.04
SOFR,alfred_sofr_initial,2021-03-04,2021-03-05,0.02
SOFR,alfred_sofr_initial,2021-03-05,2021-03-08,0.02
SOFR,alfred_sofr_initial,2021-03-08,2021-03-09,0.02
SOFR,alfred_sofr_initial,2021-03-09,2021-03-10,0.02
SOFR,alfred_sofr_initial,2021-03-10,2021-03-11,0.02
SOFR,alfred_sofr_initial,2021-03-11,2021-03-12,0.01
SOFR,alfred_sofr_initial,2021-03-12,2021-03-15,0.01
SOFR,alfred_sofr_initial,2021-03-15,2021-03-16,0.01
SOFR,alfred_sofr_initial,2021-03-16,2021-03-17,0.01
SOFR,alfred_sofr_initial,2021-03-17,2021-03-18,0.01
SOFR,alfred_sofr_initial,2021-03-18,2021-03-19,0.01
SOFR,alfred_sofr_initial,2021-03-19,2021-03-22,0.01
SOFR,alfred_sofr_initial,2021-03-22,2021-03-23,0.01
SOFR,alfred_sofr_initial,2021-03-23,2021-03-24,0.01
SOFR,alfred_sofr_initial,2021-03-24,2021-03-25,0.01
SOFR,alfred_sofr_initial,2021-03-25,2021-03-26,0.01
SOFR,alfred_sofr_initial,2021-03-26,2021-03-29,0.01
SOFR,alfred_sofr_initial,2021-03-29,2021-03-30,0.01
SOFR,alfred_sofr_initial,2021-03-30,2021-03-31,0.01
SOFR,alfred_sofr_initial,2021-03-31,2021-04-01,0.01
SOFR,alfred_sofr_initial,2021-04-01,2021-04-05,0.01
SOFR,alfred_sofr_initial,2021-04-05,2021-04-06,0.01
SOFR,alfred_sofr_initial,2021-04-06,2021-04-07,0.01
SOFR,alfred_sofr_initial,2021-04-07,2021-04-08,0.01
SOFR,alfred_sofr_initial,2021-04-08,2021-04-09,0.01
SOFR,alfred_sofr_initial,2021-04-09,2021-04-12,0.01
SOFR,alfred_sofr_initial,2021-04-12,2021-04-13,0.01
SOFR,alfred_sofr_initial,2021-04-13,2021-04-14,0.01
SOFR,alfred_sofr_initial,2021-04-14,2021-04-15,0.01
SOFR,alfred_sofr_initial,2021-04-15,2021-04-16,0.01
SOFR,alfred_sofr_initial,2021-04-16,2021-04-19,0.01
SOFR,alfred_sofr_initial,2021-04-19,2021-04-20,0.01
SOFR,alfred_sofr_initial,2021-04-20,2021-04-21,0.01
SOFR,alfred_sofr_initial,2021-04-21,2021-04-22,0.01
SOFR,alfred_sofr_initial,2021-04-22,2021-04-23,0.01
SOFR,alfred_sofr_initial,2021-04-23,2021-04-26,0.01
SOFR,alfred_sofr_initial,2021-04-26,2021-04-27,0.01
SOFR,alfred_sofr_initial,2021-04-27,2021-04-28,0.01
SOFR,alfred_sofr_initial,2021-04-28,2021-04-29,0.01
SOFR,alfred_sofr_initial,2021-04-29,2021-04-30,0.01
SOFR,alfred_sofr_initial,2021-04-30,2021-05-03,0.01
SOFR,alfred_sofr_initial,2021-05-03,2021-05-04,0.01
SOFR,alfred_sofr_initial,2021-05-04,2021-05-05,0.01
SOFR,alfred_sofr_initial,2021-05-05,2021-05-06,0.01
SOFR,alfred_sofr_initial,2021-05-06,2021-05-07,0.01
SOFR,alfred_sofr_initial,2021-05-07,2021-05-10,0.01
SOFR,alfred_sofr_initial,2021-05-10,2021-05-11,0.01
SOFR,alfred_sofr_initial,2021-05-11,2021-05-12,0.01
SOFR,alfred_sofr_initial,2021-05-12,2021-05-13,0.01
SOFR,alfred_sofr_initial,2021-05-13,2021-05-14,0.01
SOFR,alfred_sofr_initial,2021-05-14,2021-05-17,0.01
SOFR,alfred_sofr_initial,2021-05-17,2021-05-18,0.01
SOFR,alfred_sofr_initial,2021-05-18,2021-05-19,0.01
SOFR,alfred_sofr_initial,2021-05-19,2021-05-20,0.01
SOFR,alfred_sofr_initial,2021-05-20,2021-05-21,0.01
SOFR,alfred_sofr_initial,2021-05-21,2021-05-24,0.01
SOFR,alfred_sofr_initial,2021-05-24,2021-05-25,0.01
SOFR,alfred_sofr_initial,2021-05-25,2021-05-26,0.01
SOFR,alfred_sofr_initial,2021-05-26,2021-05-27,0.01
SOFR,alfred_sofr_initial,2021-05-27,2021-05-28,0.01
SOFR,alfred_sofr_initial,2021-05-28,2021-06-01,0.01
SOFR,alfred_sofr_initial,2021-06-01,2021-06-02,0.01
SOFR,alfred_sofr_initial,2021-06-02,2021-06-03,0.01
SOFR,alfred_sofr_initial,2021-06-03,2021-06-04,0.01
SOFR,alfred_sofr_initial,2021-06-04,2021-06-07,0.01
SOFR,alfred_sofr_initial,2021-06-07,2021-06-08,0.01
SOFR,alfred_sofr_initial,2021-06-08,2021-06-09,0.01
SOFR,alfred_sofr_initial,2021-06-09,2021-06-10,0.01
SOFR,alfred_sofr_initial,2021-06-10,2021-06-11,0.01
SOFR,alfred_sofr_initial,2021-06-11,2021-06-14,0.01
SOFR,alfred_sofr_initial,2021-06-14,2021-06-15,0.01
SOFR,alfred_sofr_initial,2021-06-15,2021-06-16,0.01
SOFR,alfred_sofr_initial,2021-06-16,2021-06-17,0.01
SOFR,alfred_sofr_initial,2021-06-17,2021-06-18,0.05
SOFR,alfred_sofr_initial,2021-06-18,2021-06-21,0.05
SOFR,alfred_sofr_initial,2021-06-21,2021-06-22,0.05
SOFR,alfred_sofr_initial,2021-06-22,2021-06-23,0.05
SOFR,alfred_sofr_initial,2021-06-23,2021-06-24,0.05
SOFR,alfred_sofr_initial,2021-06-24,2021-06-25,0.05
SOFR,alfred_sofr_initial,2021-06-25,2021-06-28,0.05
SOFR,alfred_sofr_initial,2021-06-28,2021-06-29,0.05
SOFR,alfred_sofr_initial,2021-06-29,2021-06-30,0.05
SOFR,alfred_sofr_initial,2021-06-30,2021-07-01,0.05
SOFR,alfred_sofr_initial,2021-07-01,2021-07-02,0.05
SOFR,alfred_sofr_initial,2021-07-02,2021-07-06,0.05
SOFR,alfred_sofr_initial,2021-07-06,2021-07-07,0.05
SOFR,alfred_sofr_initial,2021-07-07,2021-07-08,0.05
SOFR,alfred_sofr_initial,2021-07-08,2021-07-09,0.05
SOFR,alfred_sofr_initial,2021-07-09,2021-07-12,0.05
SOFR,alfred_sofr_initial,2021-07-12,2021-07-13,0.05
SOFR,alfred_sofr_initial,2021-07-13,2021-07-14,0.05
SOFR,alfred_sofr_initial,2021-07-14,2021-07-15,0.05
SOFR,alfred_sofr_initial,2021-07-15,2021-07-16,0.05
SOFR,alfred_sofr_initial,2021-07-16,2021-07-19,0.05
SOFR,alfred_sofr_initial,2021-07-19,2021-07-20,0.05
SOFR,alfred_sofr_initial,2021-07-20,2021-07-21,0.05
SOFR,alfred_sofr_initial,2021-07-21,2021-07-22,0.05
SOFR,alfred_sofr_initial,2021-07-22,2021-07-23,0.05
SOFR,alfred_sofr_initial,2021-07-23,2021-07-26,0.05
SOFR,alfred_sofr_initial,2021-07-26,2021-07-27,0.05
SOFR,alfred_sofr_initial,2021-07-27,2021-07-28,0.05
SOFR,alfred_sofr_initial,2021-07-28,2021-07-29,0.05
SOFR,alfred_sofr_initial,2021-07-29,2021-07-30,0.05
SOFR,alfred_sofr_initial,2021-07-30,2021-08-02,0.05
SOFR,alfred_sofr_initial,2021-08-02,2021-08-03,0.05
SOFR,alfred_sofr_initial,2021-08-03,2021-08-04,0.05
SOFR,alfred_sofr_initial,2021-08-04,2021-08-05,0.05
SOFR,alfred_sofr_initial,2021-08-05,2021-08-06,0.05
SOFR,alfred_sofr_initial,2021-08-06,2021-08-09,0.05
SOFR,alfred_sofr_initial,2021-08-09,2021-08-10,0.05
SOFR,alfred_sofr_initial,2021-08-10,2021-08-11,0.05
SOFR,alfred_sofr_initial,2021-08-11,2021-08-12,0.05
SOFR,alfred_sofr_initial,2021-08-12,2021-08-13,0.05
SOFR,alfred_sofr_initial,2021-08-13,2021-08-16,0.05
SOFR,alfred_sofr_initial,2021-08-16,2021-08-17,0.05
SOFR,alfred_sofr_initial,2021-08-17,2021-08-18,0.05
SOFR,alfred_sofr_initial,2021-08-18,2021-08-19,0.05
SOFR,alfred_sofr_initial,2021-08-19,2021-08-20,0.05
SOFR,alfred_sofr_initial,2021-08-20,2021-08-23,0.05
SOFR,alfred_sofr_initial,2021-08-23,2021-08-24,0.05
SOFR,alfred_sofr_initial,2021-08-24,2021-08-25,0.05
SOFR,alfred_sofr_initial,2021-08-25,2021-08-26,0.05
SOFR,alfred_sofr_initial,2021-08-26,2021-08-27,0.05
SOFR,alfred_sofr_initial,2021-08-27,2021-08-30,0.05
SOFR,alfred_sofr_initial,2021-08-30,2021-08-31,0.05
SOFR,alfred_sofr_initial,2021-08-31,2021-09-01,0.05
SOFR,alfred_sofr_initial,2021-09-01,2021-09-02,0.05
SOFR,alfred_sofr_initial,2021-09-02,2021-09-03,0.05
SOFR,alfred_sofr_initial,2021-09-03,2021-09-07,0.05
SOFR,alfred_sofr_initial,2021-09-07,2021-09-08,0.05
SOFR,alfred_sofr_initial,2021-09-08,2021-09-09,0.05
SOFR,alfred_sofr_initial,2021-09-09,2021-09-10,0.05
SOFR,alfred_sofr_initial,2021-09-10,2021-09-13,0.05
SOFR,alfred_sofr_initial,2021-09-13,2021-09-14,0.05
SOFR,alfred_sofr_initial,2021-09-14,2021-09-15,0.05
SOFR,alfred_sofr_initial,2021-09-15,2021-09-16,0.05
SOFR,alfred_sofr_initial,2021-09-16,2021-09-17,0.05
SOFR,alfred_sofr_initial,2021-09-17,2021-09-20,0.05
SOFR,alfred_sofr_initial,2021-09-20,2021-09-21,0.05
SOFR,alfred_sofr_initial,2021-09-21,2021-09-22,0.05
SOFR,alfred_sofr_initial,2021-09-22,2021-09-23,0.05
SOFR,alfred_sofr_initial,2021-09-23,2021-09-24,0.05
SOFR,alfred_sofr_initial,2021-09-24,2021-09-27,0.05
SOFR,alfred_sofr_initial,2021-09-27,2021-09-28,0.05
SOFR,alfred_sofr_initial,2021-09-28,2021-09-29,0.05
SOFR,alfred_sofr_initial,2021-09-29,2021-09-30,0.05
SOFR,alfred_sofr_initial,2021-09-30,2021-10-01,0.05
SOFR,alfred_sofr_initial,2021-10-01,2021-10-04,0.05
SOFR,alfred_sofr_initial,2021-10-04,2021-10-05,0.05
SOFR,alfred_sofr_initial,2021-10-05,2021-10-06,0.05
SOFR,alfred_sofr_initial,2021-10-06,2021-10-07,0.05
SOFR,alfred_sofr_initial,2021-10-07,2021-10-08,0.05
SOFR,alfred_sofr_initial,2021-10-08,2021-10-12,0.05
SOFR,alfred_sofr_initial,2021-10-12,2021-10-13,0.05
SOFR,alfred_sofr_initial,2021-10-13,2021-10-14,0.05
SOFR,alfred_sofr_initial,2021-10-14,2021-10-15,0.05
SOFR,alfred_sofr_initial,2021-10-15,2021-10-18,0.05
SOFR,alfred_sofr_initial,2021-10-18,2021-10-19,0.05
SOFR,alfred_sofr_initial,2021-10-19,2021-10-20,0.03
SOFR,alfred_sofr_initial,2021-10-20,2021-10-21,0.03
SOFR,alfred_sofr_initial,2021-10-21,2021-10-22,0.03
SOFR,alfred_sofr_initial,2021-10-22,2021-10-25,0.05
SOFR,alfred_sofr_initial,2021-10-25,2021-10-26,0.04
SOFR,alfred_sofr_initial,2021-10-26,2021-10-27,0.05
SOFR,alfred_sofr_initial,2021-10-27,2021-10-28,0.05
SOFR,alfred_sofr_initial,2021-10-28,2021-10-29,0.05
SOFR,alfred_sofr_initial,2021-10-29,2021-11-01,0.05
SOFR,alfred_sofr_initial,2021-11-01,2021-11-02,0.05
SOFR,alfred_sofr_initial,2021-11-02,2021-11-03,0.05
SOFR,alfred_sofr_initial,2021-11-03,2021-11-04,0.05
SOFR,alfred_sofr_initial,2021-11-04,2021-11-05,0.05
SOFR,alfred_sofr_initial,2021-11-05,2021-11-08,0.05
SOFR,alfred_sofr_initial,2021-11-08,2021-11-09,0.05
SOFR,alfred_sofr_initial,2021-11-09,2021-11-10,0.05
SOFR,alfred_sofr_initial,2021-11-10,2021-11-12,0.05
SOFR,alfred_sofr_initial,2021-11-12,2021-11-15,0.05
SOFR,alfred_sofr_initial,2021-11-15,2021-11-16,0.05
SOFR,alfred_sofr_initial,2021-11-16,2021-11-17,0.05
SOFR,alfred_sofr_initial,2021-11-17,2021-11-18,0.05
SOFR,alfred_sofr_initial,2021-11-18,2021-11-19,0.05
SOFR,alfred_sofr_initial,2021-11-19,2021-11-22,0.05
SOFR,alfred_sofr_initial,2021-11-22,2021-11-23,0.05
SOFR,alfred_sofr_initial,2021-11-23,2021-11-24,0.05
SOFR,alfred_sofr_initial,2021-11-24,2021-11-26,0.05
SOFR,alfred_sofr_initial,2021-11-26,2021-11-29,0.05
SOFR,alfred_sofr_initial,2021-11-29,2021-11-30,0.05
SOFR,alfred_sofr_initial,2021-11-30,2021-12-01,0.05
SOFR,alfred_sofr_initial,2021-12-01,2021-12-02,0.05
SOFR,alfred_sofr_initial,2021-12-02,2021-12-03,0.05
SOFR,alfred_sofr_initial,2021-12-03,2021-12-06,0.05
SOFR,alfred_sofr_initial,2021-12-06,2021-12-07,0.05
SOFR,alfred_sofr_initial,2021-12-07,2021-12-08,0.05
SOFR,alfred_sofr_initial,2021-12-08,2021-12-09,0.05
SOFR,alfred_sofr_initial,2021-12-09,2021-12-10,0.05
SOFR,alfred_sofr_initial,2021-12-10,2021-12-13,0.05
SOFR,alfred_sofr_initial,2021-12-13,2021-12-14,0.05
SOFR,alfred_sofr_initial,2021-12-14,2021-12-15,0.05
SOFR,alfred_sofr_initial,2021-12-15,2021-12-16,0.05
SOFR,alfred_sofr_initial,2021-12-16,2021-12-17,0.05
SOFR,alfred_sofr_initial,2021-12-17,2021-12-20,0.05
SOFR,alfred_sofr_initial,2021-12-20,2021-12-21,0.04
SOFR,alfred_sofr_initial,2021-12-21,2021-12-22,0.05
SOFR,alfred_sofr_initial,2021-12-22,2021-12-23,0.05
SOFR,alfred_sofr_initial,2021-12-23,2021-12-27,0.05
SOFR,alfred_sofr_initial,2021-12-27,2021-12-28,0.05
SOFR,alfred_sofr_initial,2021-12-28,2021-12-29,0.05
SOFR,alfred_sofr_initial,2021-12-29,2021-12-30,0.05
SOFR,alfred_sofr_initial,2021-12-30,2022-01-03,0.05
SOFR,alfred_sofr_initial,2021-12-31,2022-01-03,0.05
SOFR,alfred_sofr_initial,2022-01-03,2022-01-04,0.05
SOFR,alfred_sofr_initial,2022-01-04,2022-01-05,0.05
SOFR,alfred_sofr_initial,2022-01-05,2022-01-06,0.05
SOFR,alfred_sofr_initial,2022-01-06,2022-01-07,0.05
SOFR,alfred_sofr_initial,2022-01-07,2022-01-10,0.05
SOFR,alfred_sofr_initial,2022-01-10,2022-01-11,0.05
SOFR,alfred_sofr_initial,2022-01-11,2022-01-12,0.05
SOFR,alfred_sofr_initial,2022-01-12,2022-01-13,0.05
SOFR,alfred_sofr_initial,2022-01-13,2022-01-14,0.05
SOFR,alfred_sofr_initial,2022-01-14,2022-01-18,0.05
SOFR,alfred_sofr_initial,2022-01-18,2022-01-19,0.05
SOFR,alfred_sofr_initial,2022-01-19,2022-01-20,0.05
SOFR,alfred_sofr_initial,2022-01-20,2022-01-21,0.04
SOFR,alfred_sofr_initial,2022-01-21,2022-01-24,0.05
SOFR,alfred_sofr_initial,2022-01-24,2022-01-25,0.04
SOFR,alfred_sofr_initial,2022-01-25,2022-01-26,0.05
SOFR,alfred_sofr_initial,2022-01-26,2022-01-27,0.04
SOFR,alfred_sofr_initial,2022-01-27,2022-01-28,0.04
SOFR,alfred_sofr_initial,2022-01-28,2022-01-31,0.05
SOFR,alfred_sofr_initial,2022-01-31,2022-02-01,0.05
SOFR,alfred_sofr_initial,2022-02-01,2022-02-02,0.05
SOFR,alfred_sofr_initial,2022-02-02,2022-02-03,0.05
SOFR,alfred_sofr_initial,2022-02-03,2022-02-04,0.05
SOFR,alfred_sofr_initial,2022-02-04,2022-02-07,0.05
SOFR,alfred_sofr_initial,2022-02-07,2022-02-08,0.05
SOFR,alfred_sofr_initial,2022-02-08,2022-02-09,0.05
SOFR,alfred_sofr_initial,2022-02-09,2022-02-10,0.04
SOFR,alfred_sofr_initial,2022-02-10,2022-02-11,0.05
SOFR,alfred_sofr_initial,2022-02-11,2022-02-14,0.05
SOFR,alfred_sofr_initial,2022-02-14,2022-02-15,0.05
SOFR,alfred_sofr_initial,2022-02-15,2022-02-16,0.05
SOFR,alfred_sofr_initial,2022-02-16,2022-02-17,0.05
SOFR,alfred_sofr_initial,2022-02-17,2022-02-18,0.05
SOFR,alfred_sofr_initial,2022-02-18,2022-02-22,0.05
SOFR,alfred_sofr_initial,2022-02-22,2022-02-23,0.05
SOFR,alfred_sofr_initial,2022-02-23,2022-02-24,0.05
SOFR,alfred_sofr_initial,2022-02-24,2022-02-25,0.05
SOFR,alfred_sofr_initial,2022-02-25,2022-02-28,0.05
SOFR,alfred_sofr_initial,2022-02-28,2022-03-01,0.05
SOFR,alfred_sofr_initial,2022-03-01,2022-03-02,0.05
SOFR,alfred_sofr_initial,2022-03-02,2022-03-03,0.05
SOFR,alfred_sofr_initial,2022-03-03,2022-03-04,0.05
SOFR,alfred_sofr_initial,2022-03-04,2022-03-07,0.05
SOFR,alfred_sofr_initial,2022-03-07,2022-03-08,0.05
SOFR,alfred_sofr_initial,2022-03-08,2022-03-09,0.05
SOFR,alfred_sofr_initial,2022-03-09,2022-03-10,0.05
SOFR,alfred_sofr_initial,2022-03-10,2022-03-11,0.05
SOFR,alfred_sofr_initial,2022-03-11,2022-03-14,0.05
SOFR,alfred_sofr_initial,2022-03-14,2022-03-15,0.05
SOFR,alfred_sofr_initial,2022-03-15,2022-03-16,0.05
SOFR,alfred_sofr_initial,2022-03-16,2022-03-17,0.05
SOFR,alfred_sofr_initial,2022-03-17,2022-03-18,0.3
SOFR,alfred_sofr_initial,2022-03-18,2022-03-21,0.3
SOFR,alfred_sofr_initial,2022-03-21,2022-03-22,0.29
SOFR,alfred_sofr_initial,2022-03-22,2022-03-23,0.28
SOFR,alfred_sofr_initial,2022-03-23,2022-03-24,0.27
SOFR,alfred_sofr_initial,2022-03-24,2022-03-25,0.27
SOFR,alfred_sofr_initial,2022-03-25,2022-03-28,0.28
SOFR,alfred_sofr_initial,2022-03-28,2022-03-29,0.28
SOFR,alfred_sofr_initial,2022-03-29,2022-03-30,0.28
SOFR,alfred_sofr_initial,2022-03-30,2022-03-31,0.27
SOFR,alfred_sofr_initial,2022-03-31,2022-04-01,0.29
SOFR,alfred_sofr_initial,2022-04-01,2022-04-04,0.3
SOFR,alfred_sofr_initial,2022-04-04,2022-04-05,0.3
SOFR,alfred_sofr_initial,2022-04-05,2022-04-06,0.3
SOFR,alfred_sofr_initial,2022-04-06,2022-04-07,0.3
SOFR,alfred_sofr_initial,2022-04-07,2022-04-08,0.3
SOFR,alfred_sofr_initial,2022-04-08,2022-04-11,0.3
SOFR,alfred_sofr_initial,2022-04-11,2022-04-12,0.3
SOFR,alfred_sofr_initial,2022-04-12,2022-04-13,0.29
SOFR,alfred_sofr_initial,2022-04-13,2022-04-14,0.29
SOFR,alfred_sofr_initial,2022-04-14,2022-04-18,0.29
SOFR,alfred_sofr_initial,2022-04-18,2022-04-19,0.29
SOFR,alfred_sofr_initial,2022-04-19,2022-04-20,0.28
SOFR,alfred_sofr_initial,2022-04-20,2022-04-21,0.27
SOFR,alfred_sofr_initial,2022-04-21,2022-04-22,0.26
SOFR,alfred_sofr_initial,2022-04-22,2022-04-25,0.27
SOFR,alfred_sofr_initial,2022-04-25,2022-04-26,0.27
SOFR,alfred_sofr_initial,2022-04-26,2022-04-27,0.27
SOFR,alfred_sofr_initial,2022-04-27,2022-04-28,0.28
SOFR,alfred_sofr_initial,2022-04-28,2022-04-29,0.28
SOFR,alfred_sofr_initial,2022-04-29,2022-05-02,0.28
SOFR,alfred_sofr_initial,2022-05-02,2022-05-03,0.3
SOFR,alfred_sofr_initial,2022-05-03,2022-05-04,0.3
SOFR,alfred_sofr_initial,2022-05-04,2022-05-05,0.3
SOFR,alfred_sofr_initial,2022-05-05,2022-05-06,0.79
SOFR,alfred_sofr_initial,2022-05-06,2022-05-09,0.78
SOFR,alfred_sofr_initial,2022-05-09,2022-05-10,0.78
SOFR,alfred_sofr_initial,2022-05-10,2022-05-11,0.78
SOFR,alfred_sofr_initial,2022-05-11,2022-05-12,0.78
SOFR,alfred_sofr_initial,2022-05-12,2022-05-13,0.79
SOFR,alfred_sofr_initial,2022-05-13,2022-05-16,0.79
SOFR,alfred_sofr_initial,2022-05-16,2022-05-17,0.8
SOFR,alfred_sofr_initial,2022-05-17,2022-05-18,0.8
SOFR,alfred_sofr_initial,2022-05-18,2022-05-19,0.79
SOFR,alfred_sofr_initial,2022-05-19,2022-05-20,0.79
SOFR,alfred_sofr_initial,2022-05-20,2022-05-23,0.78
SOFR,alfred_sofr_initial,2022-05-23,2022-05-24,0.78
SOFR,alfred_sofr_initial,2022-05-24,2022-05-25,0.78
SOFR,alfred_sofr_initial,2022-05-25,2022-05-26,0.78
SOFR,alfred_sofr_initial,2022-05-26,2022-05-27,0.78
SOFR,alfred_sofr_initial,2022-05-27,2022-05-31,0.78
SOFR,alfred_sofr_initial,2022-05-31,2022-06-01,0.79
SOFR,alfred_sofr_initial,2022-06-01,2022-06-02,0.8
SOFR,alfred_sofr_initial,2022-06-02,2022-06-03,0.79
SOFR,alfred_sofr_initial,2022-06-03,2022-06-06,0.78
SOFR,alfred_sofr_initial,2022-06-06,2022-06-07,0.78
SOFR,alfred_sofr_initial,2022-06-07,2022-06-08,0.77
SOFR,alfred_sofr_initial,2022-06-08,2022-06-09,0.76
SOFR,alfred_sofr_initial,2022-06-09,2022-06-10,0.75
SOFR,alfred_sofr_initial,2022-06-10,2022-06-13,0.75
SOFR,alfred_sofr_initial,2022-06-13,2022-06-14,0.73
SOFR,alfred_sofr_initial,2022-06-14,2022-06-15,0.69
SOFR,alfred_sofr_initial,2022-06-15,2022-06-16,0.7
SOFR,alfred_sofr_initial,2022-06-16,2022-06-17,1.45
SOFR,alfred_sofr_initial,2022-06-17,2022-06-21,1.45
SOFR,alfred_sofr_initial,2022-06-21,2022-06-22,1.45
SOFR,alfred_sofr_initial,2022-06-22,2022-06-23,1.45
SOFR,alfred_sofr_initial,2022-06-23,2022-06-24,1.44
SOFR,alfred_sofr_initial,2022-06-24,2022-06-27,1.46
SOFR,alfred_sofr_initial,2022-06-27,2022-06-28,1.5
SOFR,alfred_sofr_initial,2022-06-28,2022-06-29,1.52
SOFR,alfred_sofr_initial,2022-06-29,2022-06-30,1.51
SOFR,alfred_sofr_initial,2022-06-30,2022-07-01,1.5
SOFR,alfred_sofr_initial,2022-07-01,2022-07-05,1.52
SOFR,alfred_sofr_initial,2022-07-05,2022-07-06,1.54
SOFR,alfred_sofr_initial,2022-07-06,2022-07-07,1.54
SOFR,alfred_sofr_initial,2022-07-07,2022-07-08,1.54
SOFR,alfred_sofr_initial,2022-07-08,2022-07-11,1.53
SOFR,alfred_sofr_initial,2022-07-11,2022-07-12,1.53
SOFR,alfred_sofr_initial,2022-07-12,2022-07-13,1.54
SOFR,alfred_sofr_initial,2022-07-13,2022-07-14,1.53
SOFR,alfred_sofr_initial,2022-07-14,2022-07-15,1.53
SOFR,alfred_sofr_initial,2022-07-15,2022-07-18,1.54
SOFR,alfred_sofr_initial,2022-07-18,2022-07-19,1.54
SOFR,alfred_sofr_initial,2022-07-19,2022-07-20,1.54
SOFR,alfred_sofr_initial,2022-07-20,2022-07-21,1.53
SOFR,alfred_sofr_initial,2022-07-21,2022-07-22,1.53
SOFR,alfred_sofr_initial,2022-07-22,2022-07-25,1.52
SOFR,alfred_sofr_initial,2022-07-25,2022-07-26,1.53
SOFR,alfred_sofr_initial,2022-07-26,2022-07-27,1.53
SOFR,alfred_sofr_initial,2022-07-27,2022-07-28,1.53
SOFR,alfred_sofr_initial,2022-07-28,2022-07-29,2.28
SOFR,alfred_sofr_initial,2022-07-29,2022-08-01,2.27
SOFR,alfred_sofr_initial,2022-08-01,2022-08-02,2.28
SOFR,alfred_sofr_initial,2022-08-02,2022-08-03,2.3
SOFR,alfred_sofr_initial,2022-08-03,2022-08-04,2.29
SOFR,alfred_sofr_initial,2022-08-04,2022-08-05,2.29
SOFR,alfred_sofr_initial,2022-08-05,2022-08-08,2.28
SOFR,alfred_sofr_initial,2022-08-08,2022-08-09,2.28
SOFR,alfred_sofr_initial,2022-08-09,2022-08-10,2.29
SOFR,alfred_sofr_initial,2022-08-10,2022-08-11,2.28
SOFR,alfred_sofr_initial,2022-08-11,2022-08-12,2.28
SOFR,alfred_sofr_initial,2022-08-12,2022-08-15,2.28
SOFR,alfred_sofr_initial,2022-08-15,2022-08-16,2.29
SOFR,alfred_sofr_initial,2022-08-16,2022-08-17,2.29
SOFR,alfred_sofr_initial,2022-08-17,2022-08-18,2.29
SOFR,alfred_sofr_initial,2022-08-18,2022-08-19,2.28
SOFR,alfred_sofr_initial,2022-08-19,2022-08-22,2.28
SOFR,alfred_sofr_initial,2022-08-22,2022-08-23,2.28
SOFR,alfred_sofr_initial,2022-08-23,2022-08-24,2.27
SOFR,alfred_sofr_initial,2022-08-24,2022-08-25,2.27
SOFR,alfred_sofr_initial,2022-08-25,2022-08-26,2.28
SOFR,alfred_sofr_initial,2022-08-26,2022-08-29,2.28
SOFR,alfred_sofr_initial,2022-08-29,2022-08-30,2.28
SOFR,alfred_sofr_initial,2022-08-30,2022-08-31,2.29
SOFR,alfred_sofr_initial,2022-08-31,2022-09-01,2.29
SOFR,alfred_sofr_initial,2022-09-01,2022-09-02,2.29
SOFR,alfred_sofr_initial,2022-09-02,2022-09-06,2.29
SOFR,alfred_sofr_initial,2022-09-06,2022-09-07,2.29
SOFR,alfred_sofr_initial,2022-09-07,2022-09-08,2.28
SOFR,alfred_sofr_initial,2022-09-08,2022-09-09,2.28
SOFR,alfred_sofr_initial,2022-09-09,2022-09-12,2.28
SOFR,alfred_sofr_initial,2022-09-12,2022-09-13,2.28
SOFR,alfred_sofr_initial,2022-09-13,2022-09-14,2.28
SOFR,alfred_sofr_initial,2022-09-14,2022-09-15,2.27
SOFR,alfred_sofr_initial,2022-09-15,2022-09-16,2.28
SOFR,alfred_sofr_initial,2022-09-16,2022-09-19,2.27
SOFR,alfred_sofr_initial,2022-09-19,2022-09-20,2.27
SOFR,alfred_sofr_initial,2022-09-20,2022-09-21,2.26
SOFR,alfred_sofr_initial,2022-09-21,2022-09-22,2.25
SOFR,alfred_sofr_initial,2022-09-22,2022-09-23,2.99
SOFR,alfred_sofr_initial,2022-09-23,2022-09-26,2.99
SOFR,alfred_sofr_initial,2022-09-26,2022-09-27,2.99
SOFR,alfred_sofr_initial,2022-09-27,2022-09-28,2.98
SOFR,alfred_sofr_initial,2022-09-28,2022-09-29,2.98
SOFR,alfred_sofr_initial,2022-09-29,2022-09-30,2.96
SOFR,alfred_sofr_initial,2022-09-30,2022-10-03,2.98
SOFR,alfred_sofr_initial,2022-10-03,2022-10-04,3.0
SOFR,alfred_sofr_initial,2022-10-04,2022-10-05,3.04
SOFR,alfred_sofr_initial,2022-10-05,2022-10-06,3.04
SOFR,alfred_sofr_initial,2022-10-06,2022-10-07,3.05
SOFR,alfred_sofr_initial,2022-10-07,2022-10-11,3.05
SOFR,alfred_sofr_initial,2022-10-11,2022-10-12,3.05
SOFR,alfred_sofr_initial,2022-10-12,2022-10-13,3.04
SOFR,alfred_sofr_initial,2022-10-13,2022-10-14,3.04
SOFR,alfred_sofr_initial,2022-10-14,2022-10-17,3.04
SOFR,alfred_sofr_initial,2022-10-17,2022-10-18,3.05
SOFR,alfred_sofr_initial,2022-10-18,2022-10-19,3.04
SOFR,alfred_sofr_initial,2022-10-19,2022-10-20,3.04
SOFR,alfred_sofr_initial,2022-10-20,2022-10-21,3.03
SOFR,alfred_sofr_initial,2022-10-21,2022-10-24,3.02
SOFR,alfred_sofr_initial,2022-10-24,2022-10-25,3.01
SOFR,alfred_sofr_initial,2022-10-25,2022-10-26,3.02
SOFR,alfred_sofr_initial,2022-10-26,2022-10-27,3.03
SOFR,alfred_sofr_initial,2022-10-27,2022-10-28,3.04
SOFR,alfred_sofr_initial,2022-10-28,2022-10-31,3.05
SOFR,alfred_sofr_initial,2022-10-31,2022-11-01,3.05
SOFR,alfred_sofr_initial,2022-11-01,2022-11-02,3.05
SOFR,alfred_sofr_initial,2022-11-02,2022-11-03,3.05
SOFR,alfred_sofr_initial,2022-11-03,2022-11-04,3.8
SOFR,alfred_sofr_initial,2022-11-04,2022-11-07,3.8
SOFR,alfred_sofr_initial,2022-11-07,2022-11-08,3.78
SOFR,alfred_sofr_initial,2022-11-08,2022-11-09,3.78
SOFR,alfred_sofr_initial,2022-11-09,2022-11-10,3.78
SOFR,alfred_sofr_initial,2022-11-10,2022-11-14,3.78
SOFR,alfred_sofr_initial,2022-11-14,2022-11-15,3.79
SOFR,alfred_sofr_initial,2022-11-15,2022-11-16,3.8
SOFR,alfred_sofr_initial,2022-11-16,2022-11-17,3.81
SOFR,alfred_sofr_initial,2022-11-17,2022-11-18,3.8
SOFR,alfred_sofr_initial,2022-11-18,2022-11-21,3.8
SOFR,alfred_sofr_initial,2022-11-21,2022-11-22,3.8
SOFR,alfred_sofr_initial,2022-11-22,2022-11-23,3.8
SOFR,alfred_sofr_initial,2022-11-23,2022-11-25,3.79
SOFR,alfred_sofr_initial,2022-11-25,2022-11-28,3.8
SOFR,alfred_sofr_initial,2022-11-28,2022-11-29,3.8
SOFR,alfred_sofr_initial,2022-11-29,2022-11-30,3.81
SOFR,alfred_sofr_initial,2022-11-30,2022-12-01,3.82
SOFR,alfred_sofr_initial,2022-12-01,2022-12-02,3.82
SOFR,alfred_sofr_initial,2022-12-02,2022-12-05,3.81
SOFR,alfred_sofr_initial,2022-12-05,2022-12-06,3.81
SOFR,alfred_sofr_initial,2022-12-06,2022-12-07,3.8
SOFR,alfred_sofr_initial,2022-12-07,2022-12-08,3.8
SOFR,alfred_sofr_initial,2022-12-08,2022-12-09,3.8
SOFR,alfred_sofr_initial,2022-12-09,2022-12-12,3.8
SOFR,alfred_sofr_initial,2022-12-12,2022-12-13,3.8
SOFR,alfred_sofr_initial,2022-12-13,2022-12-14,3.8
SOFR,alfred_sofr_initial,2022-12-14,2022-12-15,3.8
SOFR,alfred_sofr_initial,2022-12-15,2022-12-16,4.32
SOFR,alfred_sofr_initial,2022-12-16,2022-12-19,4.32
SOFR,alfred_sofr_initial,2022-12-19,2022-12-20,4.3
SOFR,alfred_sofr_initial,2022-12-20,2022-12-21,4.3
SOFR,alfred_sofr_initial,2022-12-21,2022-12-22,4.3
SOFR,alfred_sofr_initial,2022-12-22,2022-12-23,4.3
SOFR,alfred_sofr_initial,2022-12-23,2022-12-27,4.3
SOFR,alfred_sofr_initial,2022-12-27,2022-12-28,4.3
SOFR,alfred_sofr_initial,2022-12-28,2022-12-29,4.3
SOFR,alfred_sofr_initial,2022-12-29,2022-12-30,4.3
SOFR,alfred_sofr_initial,2022-12-30,2023-01-03,4.3
SOFR,alfred_sofr_initial,2023-01-03,2023-01-04,4.31
SOFR,alfred_sofr_initial,2023-01-04,2023-01-05,4.3
SOFR,alfred_sofr_initial,2023-01-05,2023-01-06,4.31
SOFR,alfred_sofr_initial,2023-01-06,2023-01-09,4.31
SOFR,alfred_sofr_initial,2023-01-09,2023-01-10,4.31
SOFR,alfred_sofr_initial,2023-01-10,2023-01-11,4.31
SOFR,alfred_sofr_initial,2023-01-11,2023-01-12,4.3
SOFR,alfred_sofr_initial,2023-01-12,2023-01-13,4.3
SOFR,alfred_sofr_initial,2023-01-13,2023-01-17,4.3
SOFR,alfred_sofr_initial,2023-01-17,2023-01-18,4.31
SOFR,alfred_sofr_initial,2023-01-18,2023-01-19,4.3
SOFR,alfred_sofr_initial,2023-01-19,2023-01-20,4.31
SOFR,alfred_sofr_initial,2023-01-20,2023-01-23,4.3
SOFR,alfred_sofr_initial,2023-01-23,2023-01-24,4.3
SOFR,alfred_sofr_initial,2023-01-24,2023-01-25,4.3
SOFR,alfred_sofr_initial,2023-01-25,2023-01-26,4.31
SOFR,alfred_sofr_initial,2023-01-26,2023-01-27,4.3
SOFR,alfred_sofr_initial,2023-01-27,2023-01-30,4.3
SOFR,alfred_sofr_initial,2023-01-30,2023-01-31,4.3
SOFR,alfred_sofr_initial,2023-01-31,2023-02-01,4.31
SOFR,alfred_sofr_initial,2023-02-01,2023-02-02,4.31
SOFR,alfred_sofr_initial,2023-02-02,2023-02-03,4.56
SOFR,alfred_sofr_initial,2023-02-03,2023-02-06,4.55
SOFR,alfred_sofr_initial,2023-02-06,2023-02-07,4.55
SOFR,alfred_sofr_initial,2023-02-07,2023-02-08,4.55
SOFR,alfred_sofr_initial,2023-02-08,2023-02-09,4.55
SOFR,alfred_sofr_initial,2023-02-09,2023-02-10,4.55
SOFR,alfred_sofr_initial,2023-02-10,2023-02-13,4.55
SOFR,alfred_sofr_initial,2023-02-13,2023-02-14,4.55
SOFR,alfred_sofr_initial,2023-02-14,2023-02-15,4.55
SOFR,alfred_sofr_initial,2023-02-15,2023-02-16,4.55
SOFR,alfred_sofr_initial,2023-02-16,2023-02-17,4.55
SOFR,alfred_sofr_initial,2023-02-17,2023-02-21,4.55
SOFR,alfred_sofr_initial,2023-02-21,2023-02-22,4.55
SOFR,alfred_sofr_initial,2023-02-22,2023-02-23,4.55
SOFR,alfred_sofr_initial,2023-02-23,2023-02-24,4.55
SOFR,alfred_sofr_initial,2023-02-24,2023-02-27,4.55
SOFR,alfred_sofr_initial,2023-02-27,2023-02-28,4.55
SOFR,alfred_sofr_initial,2023-02-28,2023-03-01,4.55
SOFR,alfred_sofr_initial,2023-03-01,2023-03-02,4.55
SOFR,alfred_sofr_initial,2023-03-02,2023-03-03,4.55
SOFR,alfred_sofr_initial,2023-03-03,2023-03-06,4.55
SOFR,alfred_sofr_initial,2023-03-06,2023-03-07,4.55
SOFR,alfred_sofr_initial,2023-03-07,2023-03-08,4.55
SOFR,alfred_sofr_initial,2023-03-08,2023-03-09,4.55
SOFR,alfred_sofr_initial,2023-03-09,2023-03-10,4.55
SOFR,alfred_sofr_initial,2023-03-10,2023-03-13,4.55
SOFR,alfred_sofr_initial,2023-03-13,2023-03-14,4.55
SOFR,alfred_sofr_initial,2023-03-14,2023-03-15,4.55
SOFR,alfred_sofr_initial,2023-03-15,2023-03-16,4.58
SOFR,alfred_sofr_initial,2023-03-16,2023-03-17,4.57
SOFR,alfred_sofr_initial,2023-03-17,2023-03-20,4.55
SOFR,alfred_sofr_initial,2023-03-20,2023-03-21,4.55
SOFR,alfred_sofr_initial,2023-03-21,2023-03-22,4.55
SOFR,alfred_sofr_initial,2023-03-22,2023-03-23,4.55
SOFR,alfred_sofr_initial,2023-03-23,2023-03-24,4.8
SOFR,alfred_sofr_initial,2023-03-24,2023-03-27,4.8
SOFR,alfred_sofr_initial,2023-03-27,2023-03-28,4.81
SOFR,alfred_sofr_initial,2023-03-28,2023-03-29,4.84
SOFR,alfred_sofr_initial,2023-03-29,2023-03-30,4.83
SOFR,alfred_sofr_initial,2023-03-30,2023-03-31,4.82
SOFR,alfred_sofr_initial,2023-03-31,2023-04-03,4.87
SOFR,alfred_sofr_initial,2023-04-03,2023-04-04,4.84
SOFR,alfred_sofr_initial,2023-04-04,2023-04-05,4.83
SOFR,alfred_sofr_initial,2023-04-05,2023-04-06,4.81
SOFR,alfred_sofr_initial,2023-04-06,2023-04-10,4.81
SOFR,alfred_sofr_initial,2023-04-10,2023-04-11,4.81
SOFR,alfred_sofr_initial,2023-04-11,2023-04-12,4.8
SOFR,alfred_sofr_initial,2023-04-12,2023-04-13,4.8
SOFR,alfred_sofr_initial,2023-04-13,2023-04-14,4.8
SOFR,alfred_sofr_initial,2023-04-14,2023-04-17,4.8
SOFR,alfred_sofr_initial,2023-04-17,2023-04-18,4.8
SOFR,alfred_sofr_initial,2023-04-18,2023-04-19,4.8
SOFR,alfred_sofr_initial,2023-04-19,2023-04-20,4.8
SOFR,alfred_sofr_initial,2023-04-20,2023-04-21,4.8
SOFR,alfred_sofr_initial,2023-04-21,2023-04-24,4.8
SOFR,alfred_sofr_initial,2023-04-24,2023-04-25,4.8
SOFR,alfred_sofr_initial,2023-04-25,2023-04-26,4.8
SOFR,alfred_sofr_initial,2023-04-26,2023-04-27,4.8
SOFR,alfred_sofr_initial,2023-04-27,2023-04-28,4.81
SOFR,alfred_sofr_initial,2023-04-28,2023-05-01,4.81
SOFR,alfred_sofr_initial,2023-05-01,2023-05-02,4.81
SOFR,alfred_sofr_initial,2023-05-02,2023-05-03,4.81
SOFR,alfred_sofr_initial,2023-05-03,2023-05-04,4.81
SOFR,alfred_sofr_initial,2023-05-04,2023-05-05,5.06
SOFR,alfred_sofr_initial,2023-05-05,2023-05-08,5.06
SOFR,alfred_sofr_initial,2023-05-08,2023-05-09,5.06
SOFR,alfred_sofr_initial,2023-05-09,2023-05-10,5.06
SOFR,alfred_sofr_initial,2023-05-10,2023-05-11,5.06
SOFR,alfred_sofr_initial,2023-05-11,2023-05-12,5.05
SOFR,alfred_sofr_initial,2023-05-12,2023-05-15,5.05
SOFR,alfred_sofr_initial,2023-05-15,2023-05-16,5.06
SOFR,alfred_sofr_initial,2023-05-16,2023-05-17,5.05
SOFR,alfred_sofr_initial,2023-05-17,2023-05-18,5.05
SOFR,alfred_sofr_initial,2023-05-18,2023-05-19,5.05
SOFR,alfred_sofr_initial,2023-05-19,2023-05-22,5.05
SOFR,alfred_sofr_initial,2023-05-22,2023-05-23,5.05
SOFR,alfred_sofr_initial,2023-05-23,2023-05-24,5.05
SOFR,alfred_sofr_initial,2023-05-24,2023-05-25,5.05
SOFR,alfred_sofr_initial,2023-05-25,2023-05-26,5.06
SOFR,alfred_sofr_initial,2023-05-26,2023-05-30,5.06
SOFR,alfred_sofr_initial,2023-05-30,2023-05-31,5.06
SOFR,alfred_sofr_initial,2023-05-31,2023-06-01,5.08
SOFR,alfred_sofr_initial,2023-06-01,2023-06-02,5.08
SOFR,alfred_sofr_initial,2023-06-02,2023-06-05,5.07
SOFR,alfred_sofr_initial,2023-06-05,2023-06-06,5.06
SOFR,alfred_sofr_initial,2023-06-06,2023-06-07,5.05
SOFR,alfred_sofr_initial,2023-06-07,2023-06-08,5.05
SOFR,alfred_sofr_initial,2023-06-08,2023-06-09,5.05
SOFR,alfred_sofr_initial,2023-06-09,2023-06-12,5.05
SOFR,alfred_sofr_initial,2023-06-12,2023-06-13,5.05
SOFR,alfred_sofr_initial,2023-06-13,2023-06-14,5.05
SOFR,alfred_sofr_initial,2023-06-14,2023-06-15,5.05
SOFR,alfred_sofr_initial,2023-06-15,2023-06-16,5.06
SOFR,alfred_sofr_initial,2023-06-16,2023-06-20,5.05
SOFR,alfred_sofr_initial,2023-06-20,2023-06-21,5.05
SOFR,alfred_sofr_initial,2023-06-21,2023-06-22,5.05
SOFR,alfred_sofr_initial,2023-06-22,2023-06-23,5.05
SOFR,alfred_sofr_initial,2023-06-23,2023-06-26,5.05
SOFR,alfred_sofr_initial,2023-06-26,2023-06-27,5.05
SOFR,alfred_sofr_initial,2023-06-27,2023-06-28,5.05
SOFR,alfred_sofr_initial,2023-06-28,2023-06-29,5.06
SOFR,alfred_sofr_initial,2023-06-29,2023-06-30,5.06
SOFR,alfred_sofr_initial,2023-06-30,2023-07-03,5.09
SOFR,alfred_sofr_initial,2023-07-03,2023-07-05,5.06
SOFR,alfred_sofr_initial,2023-07-05,2023-07-06,5.06
SOFR,alfred_sofr_initial,2023-07-06,2023-07-07,5.06
SOFR,alfred_sofr_initial,2023-07-07,2023-07-10,5.06
SOFR,alfred_sofr_initial,2023-07-10,2023-07-11,5.06
SOFR,alfred_sofr_initial,2023-07-11,2023-07-12,5.06
SOFR,alfred_sofr_initial,2023-07-12,2023-07-13,5.05
SOFR,alfred_sofr_initial,2023-07-13,2023-07-14,5.06
SOFR,alfred_sofr_initial,2023-07-14,2023-07-17,5.05
SOFR,alfred_sofr_initial,2023-07-17,2023-07-18,5.06
SOFR,alfred_sofr_initial,2023-07-18,2023-07-19,5.06
SOFR,alfred_sofr_initial,2023-07-19,2023-07-20,5.05
SOFR,alfred_sofr_initial,2023-07-20,2023-07-21,5.06
SOFR,alfred_sofr_initial,2023-07-21,2023-07-24,5.05
SOFR,alfred_sofr_initial,2023-07-24,2023-07-25,5.05
SOFR,alfred_sofr_initial,2023-07-25,2023-07-26,5.06
SOFR,alfred_sofr_initial,2023-07-26,2023-07-27,5.06
SOFR,alfred_sofr_initial,2023-07-27,2023-07-28,5.31
SOFR,alfred_sofr_initial,2023-07-28,2023-07-31,5.3
SOFR,alfred_sofr_initial,2023-07-31,2023-08-01,5.31
SOFR,alfred_sofr_initial,2023-08-01,2023-08-02,5.31
SOFR,alfred_sofr_initial,2023-08-02,2023-08-03,5.3
SOFR,alfred_sofr_initial,2023-08-03,2023-08-04,5.3
SOFR,alfred_sofr_initial,2023-08-04,2023-08-07,5.3
SOFR,alfred_sofr_initial,2023-08-07,2023-08-08,5.3
SOFR,alfred_sofr_initial,2023-08-08,2023-08-09,5.3
SOFR,alfred_sofr_initial,2023-08-09,2023-08-10,5.3
SOFR,alfred_sofr_initial,2023-08-10,2023-08-11,5.3
SOFR,alfred_sofr_initial,2023-08-11,2023-08-14,5.3
SOFR,alfred_sofr_initial,2023-08-14,2023-08-15,5.3
SOFR,alfred_sofr_initial,2023-08-15,2023-08-16,5.3
SOFR,alfred_sofr_initial,2023-08-16,2023-08-17,5.3
SOFR,alfred_sofr_initial,2023-08-17,2023-08-18,5.3
SOFR,alfred_sofr_initial,2023-08-18,2023-08-21,5.3
SOFR,alfred_sofr_initial,2023-08-21,2023-08-22,5.3
SOFR,alfred_sofr_initial,2023-08-22,2023-08-23,5.3
SOFR,alfred_sofr_initial,2023-08-23,2023-08-24,5.3
SOFR,alfred_sofr_initial,2023-08-24,2023-08-25,5.3
SOFR,alfred_sofr_initial,2023-08-25,2023-08-28,5.3
SOFR,alfred_sofr_initial,2023-08-28,2023-08-29,5.3
SOFR,alfred_sofr_initial,2023-08-29,2023-08-30,5.3
SOFR,alfred_sofr_initial,2023-08-30,2023-08-31,5.3
SOFR,alfred_sofr_initial,2023-08-31,2023-09-01,5.31
SOFR,alfred_sofr_initial,2023-09-01,2023-09-05,5.31
SOFR,alfred_sofr_initial,2023-09-05,2023-09-06,5.31
SOFR,alfred_sofr_initial,2023-09-06,2023-09-07,5.3
SOFR,alfred_sofr_initial,2023-09-07,2023-09-08,5.31
SOFR,alfred_sofr_initial,2023-09-08,2023-09-11,5.3
SOFR,alfred_sofr_initial,2023-09-11,2023-09-12,5.3
SOFR,alfred_sofr_initial,2023-09-12,2023-09-13,5.3
SOFR,alfred_sofr_initial,2023-09-13,2023-09-14,5.3
SOFR,alfred_sofr_initial,2023-09-14,2023-09-15,5.3
SOFR,alfred_sofr_initial,2023-09-15,2023-09-18,5.31
SOFR,alfred_sofr_initial,2023-09-18,2023-09-19,5.31
SOFR,alfred_sofr_initial,2023-09-19,2023-09-20,5.31
SOFR,alfred_sofr_initial,2023-09-20,2023-09-21,5.3
SOFR,alfred_sofr_initial,2023-09-21,2023-09-22,5.3
SOFR,alfred_sofr_initial,2023-09-22,2023-09-25,5.3
SOFR,alfred_sofr_initial,2023-09-25,2023-09-26,5.31
SOFR,alfred_sofr_initial,2023-09-26,2023-09-27,5.31
SOFR,alfred_sofr_initial,2023-09-27,2023-09-28,5.32
SOFR,alfred_sofr_initial,2023-09-28,2023-09-29,5.31
SOFR,alfred_sofr_initial,2023-09-29,2023-10-02,5.31
SOFR,alfred_sofr_initial,2023-10-02,2023-10-03,5.32
SOFR,alfred_sofr_initial,2023-10-03,2023-10-04,5.33
SOFR,alfred_sofr_initial,2023-10-04,2023-10-05,5.32
SOFR,alfred_sofr_initial,2023-10-05,2023-10-06,5.32
SOFR,alfred_sofr_initial,2023-10-06,2023-10-10,5.31
SOFR,alfred_sofr_initial,2023-10-10,2023-10-11,5.31
SOFR,alfred_sofr_initial,2023-10-11,2023-10-12,5.31
SOFR,alfred_sofr_initial,2023-10-12,2023-10-13,5.31
SOFR,alfred_sofr_initial,2023-10-13,2023-10-16,5.31
SOFR,alfred_sofr_initial,2023-10-16,2023-10-17,5.31
SOFR,alfred_sofr_initial,2023-10-17,2023-10-18,5.31
SOFR,alfred_sofr_initial,2023-10-18,2023-10-19,5.3
SOFR,alfred_sofr_initial,2023-10-19,2023-10-20,5.3
SOFR,alfred_sofr_initial,2023-10-20,2023-10-23,5.3
SOFR,alfred_sofr_initial,2023-10-23,2023-10-24,5.3
SOFR,alfred_sofr_initial,2023-10-24,2023-10-25,5.3
SOFR,alfred_sofr_initial,2023-10-25,2023-10-26,5.3
SOFR,alfred_sofr_initial,2023-10-26,2023-10-27,5.31
SOFR,alfred_sofr_initial,2023-10-27,2023-10-30,5.31
SOFR,alfred_sofr_initial,2023-10-30,2023-10-31,5.31
SOFR,alfred_sofr_initial,2023-10-31,2023-11-01,5.35
SOFR,alfred_sofr_initial,2023-11-01,2023-11-02,5.32
SOFR,alfred_sofr_initial,2023-11-02,2023-11-03,5.33
SOFR,alfred_sofr_initial,2023-11-03,2023-11-06,5.32
SOFR,alfred_sofr_initial,2023-11-06,2023-11-07,5.32
SOFR,alfred_sofr_initial,2023-11-07,2023-11-08,5.32
SOFR,alfred_sofr_initial,2023-11-08,2023-11-09,5.32
SOFR,alfred_sofr_initial,2023-11-09,2023-11-10,5.32
SOFR,alfred_sofr_initial,2023-11-10,2023-11-13,5.32
SOFR,alfred_sofr_initial,2023-11-13,2023-11-14,5.32
SOFR,alfred_sofr_initial,2023-11-14,2023-11-15,5.32
SOFR,alfred_sofr_initial,2023-11-15,2023-11-16,5.32
SOFR,alfred_sofr_initial,2023-11-16,2023-11-17,5.32
SOFR,alfred_sofr_initial,2023-11-17,2023-11-20,5.32
SOFR,alfred_sofr_initial,2023-11-20,2023-11-21,5.31
SOFR,alfred_sofr_initial,2023-11-21,2023-11-22,5.31
SOFR,alfred_sofr_initial,2023-11-22,2023-11-24,5.31
SOFR,alfred_sofr_initial,2023-11-24,2023-11-27,5.32
SOFR,alfred_sofr_initial,2023-11-27,2023-11-28,5.32
SOFR,alfred_sofr_initial,2023-11-28,2023-11-29,5.32
SOFR,alfred_sofr_initial,2023-11-29,2023-11-30,5.31
SOFR,alfred_sofr_initial,2023-11-30,2023-12-01,5.33
SOFR,alfred_sofr_initial,2023-12-01,2023-12-04,5.39
SOFR,alfred_sofr_initial,2023-12-04,2023-12-05,5.37
SOFR,alfred_sofr_initial,2023-12-05,2023-12-06,5.33
SOFR,alfred_sofr_initial,2023-12-06,2023-12-07,5.32
SOFR,alfred_sofr_initial,2023-12-07,2023-12-08,5.32
SOFR,alfred_sofr_initial,2023-12-08,2023-12-11,5.32
SOFR,alfred_sofr_initial,2023-12-11,2023-12-12,5.32
SOFR,alfred_sofr_initial,2023-12-12,2023-12-13,5.31
SOFR,alfred_sofr_initial,2023-12-13,2023-12-14,5.31
SOFR,alfred_sofr_initial,2023-12-14,2023-12-15,5.31
SOFR,alfred_sofr_initial,2023-12-15,2023-12-18,5.32
SOFR,alfred_sofr_initial,2023-12-18,2023-12-19,5.32
SOFR,alfred_sofr_initial,2023-12-19,2023-12-20,5.31
SOFR,alfred_sofr_initial,2023-12-20,2023-12-21,5.31
SOFR,alfred_sofr_initial,2023-12-21,2023-12-22,5.31
SOFR,alfred_sofr_initial,2023-12-22,2023-12-26,5.32
SOFR,alfred_sofr_initial,2023-12-26,2023-12-27,5.35
SOFR,alfred_sofr_initial,2023-12-27,2023-12-28,5.39
SOFR,alfred_sofr_initial,2023-12-28,2023-12-29,5.4
SOFR,alfred_sofr_initial,2023-12-29,2024-01-02,5.38
SOFR,alfred_sofr_initial,2024-01-02,2024-01-03,5.4
SOFR,alfred_sofr_initial,2024-01-03,2024-01-04,5.39
SOFR,alfred_sofr_initial,2024-01-04,2024-01-05,5.32
SOFR,alfred_sofr_initial,2024-01-05,2024-01-08,5.31
SOFR,alfred_sofr_initial,2024-01-08,2024-01-09,5.31
SOFR,alfred_sofr_initial,2024-01-09,2024-01-10,5.31
SOFR,alfred_sofr_initial,2024-01-10,2024-01-11,5.31
SOFR,alfred_sofr_initial,2024-01-11,2024-01-12,5.31
SOFR,alfred_sofr_initial,2024-01-12,2024-01-16,5.31
SOFR,alfred_sofr_initial,2024-01-16,2024-01-17,5.32
SOFR,alfred_sofr_initial,2024-01-17,2024-01-18,5.32
SOFR,alfred_sofr_initial,2024-01-18,2024-01-19,5.31
SOFR,alfred_sofr_initial,2024-01-19,2024-01-22,5.31
SOFR,alfred_sofr_initial,2024-01-22,2024-01-23,5.31
SOFR,alfred_sofr_initial,2024-01-23,2024-01-24,5.31
SOFR,alfred_sofr_initial,2024-01-24,2024-01-25,5.31
SOFR,alfred_sofr_initial,2024-01-25,2024-01-26,5.32
SOFR,alfred_sofr_initial,2024-01-26,2024-01-29,5.32
SOFR,alfred_sofr_initial,2024-01-29,2024-01-30,5.31
SOFR,alfred_sofr_initial,2024-01-30,2024-01-31,5.31
SOFR,alfred_sofr_initial,2024-01-31,2024-02-01,5.32
SOFR,alfred_sofr_initial,2024-02-01,2024-02-02,5.32
SOFR,alfred_sofr_initial,2024-02-02,2024-02-05,5.32
SOFR,alfred_sofr_initial,2024-02-05,2024-02-06,5.31
SOFR,alfred_sofr_initial,2024-02-06,2024-02-07,5.31
SOFR,alfred_sofr_initial,2024-02-07,2024-02-08,5.31
SOFR,alfred_sofr_initial,2024-02-08,2024-02-09,5.31
SOFR,alfred_sofr_initial,2024-02-09,2024-02-12,5.31
SOFR,alfred_sofr_initial,2024-02-12,2024-02-13,5.31
SOFR,alfred_sofr_initial,2024-02-13,2024-02-14,5.31
SOFR,alfred_sofr_initial,2024-02-14,2024-02-15,5.3
SOFR,alfred_sofr_initial,2024-02-15,2024-02-16,5.31
SOFR,alfred_sofr_initial,2024-02-16,2024-02-20,5.3
SOFR,alfred_sofr_initial,2024-02-20,2024-02-21,5.3
SOFR,alfred_sofr_initial,2024-02-21,2024-02-22,5.3
SOFR,alfred_sofr_initial,2024-02-22,2024-02-23,5.3
SOFR,alfred_sofr_initial,2024-02-23,2024-02-26,5.31
SOFR,alfred_sofr_initial,2024-02-26,2024-02-27,5.31
SOFR,alfred_sofr_initial,2024-02-27,2024-02-28,5.31
SOFR,alfred_sofr_initial,2024-02-28,2024-02-29,5.31
SOFR,alfred_sofr_initial,2024-02-29,2024-03-01,5.32
SOFR,alfred_sofr_initial,2024-03-01,2024-03-04,5.31
SOFR,alfred_sofr_initial,2024-03-04,2024-03-05,5.31
SOFR,alfred_sofr_initial,2024-03-05,2024-03-06,5.31
SOFR,alfred_sofr_initial,2024-03-06,2024-03-07,5.31
SOFR,alfred_sofr_initial,2024-03-07,2024-03-08,5.31
SOFR,alfred_sofr_initial,2024-03-08,2024-03-11,5.31
SOFR,alfred_sofr_initial,2024-03-11,2024-03-12,5.31
SOFR,alfred_sofr_initial,2024-03-12,2024-03-13,5.31
SOFR,alfred_sofr_initial,2024-03-13,2024-03-14,5.31
SOFR,alfred_sofr_initial,2024-03-14,2024-03-15,5.31
SOFR,alfred_sofr_initial,2024-03-15,2024-03-18,5.31
SOFR,alfred_sofr_initial,2024-03-18,2024-03-19,5.31
SOFR,alfred_sofr_initial,2024-03-19,2024-03-20,5.31
SOFR,alfred_sofr_initial,2024-03-20,2024-03-21,5.31
SOFR,alfred_sofr_initial,2024-03-21,2024-03-22,5.31
SOFR,alfred_sofr_initial,2024-03-22,2024-03-25,5.31
SOFR,alfred_sofr_initial,2024-03-25,2024-03-26,5.31
SOFR,alfred_sofr_initial,2024-03-26,2024-03-27,5.32
SOFR,alfred_sofr_initial,2024-03-27,2024-03-28,5.33
SOFR,alfred_sofr_initial,2024-03-28,2024-04-01,5.34
SOFR,alfred_sofr_initial,2024-04-01,2024-04-02,5.35
SOFR,alfred_sofr_initial,2024-04-02,2024-04-03,5.34
SOFR,alfred_sofr_initial,2024-04-03,2024-04-04,5.32
SOFR,alfred_sofr_initial,2024-04-04,2024-04-05,5.32
SOFR,alfred_sofr_initial,2024-04-05,2024-04-08,5.32
SOFR,alfred_sofr_initial,2024-04-08,2024-04-09,5.31
SOFR,alfred_sofr_initial,2024-04-09,2024-04-10,5.31
SOFR,alfred_sofr_initial,2024-04-10,2024-04-11,5.31
SOFR,alfred_sofr_initial,2024-04-11,2024-04-12,5.31
SOFR,alfred_sofr_initial,2024-04-12,2024-04-15,5.31
SOFR,alfred_sofr_initial,2024-04-15,2024-04-16,5.32
SOFR,alfred_sofr_initial,2024-04-16,2024-04-17,5.31
SOFR,alfred_sofr_initial,2024-04-17,2024-04-18,5.31
SOFR,alfred_sofr_initial,2024-04-18,2024-04-19,5.3
SOFR,alfred_sofr_initial,2024-04-19,2024-04-22,5.31
SOFR,alfred_sofr_initial,2024-04-22,2024-04-23,5.31
SOFR,alfred_sofr_initial,2024-04-23,2024-04-24,5.31
SOFR,alfred_sofr_initial,2024-04-24,2024-04-25,5.31
SOFR,alfred_sofr_initial,2024-04-25,2024-04-26,5.31
SOFR,alfred_sofr_initial,2024-04-26,2024-04-29,5.32
SOFR,alfred_sofr_initial,2024-04-29,2024-04-30,5.32
SOFR,alfred_sofr_initial,2024-04-30,2024-05-01,5.34
SOFR,alfred_sofr_initial,2024-05-01,2024-05-02,5.32
SOFR,alfred_sofr_initial,2024-05-02,2024-05-03,5.31
SOFR,alfred_sofr_initial,2024-05-03,2024-05-06,5.31
SOFR,alfred_sofr_initial,2024-05-06,2024-05-07,5.31
SOFR,alfred_sofr_initial,2024-05-07,2024-05-08,5.31
SOFR,alfred_sofr_initial,2024-05-08,2024-05-09,5.31
SOFR,alfred_sofr_initial,2024-05-09,2024-05-10,5.31
SOFR,alfred_sofr_initial,2024-05-10,2024-05-13,5.31
SOFR,alfred_sofr_initial,2024-05-13,2024-05-14,5.31
SOFR,alfred_sofr_initial,2024-05-14,2024-05-15,5.31
SOFR,alfred_sofr_initial,2024-05-15,2024-05-16,5.31
SOFR,alfred_sofr_initial,2024-05-16,2024-05-17,5.31
SOFR,alfred_sofr_initial,2024-05-17,2024-05-20,5.31
SOFR,alfred_sofr_initial,2024-05-20,2024-05-21,5.31
SOFR,alfred_sofr_initial,2024-05-21,2024-05-22,5.31
SOFR,alfred_sofr_initial,2024-05-22,2024-05-23,5.31
SOFR,alfred_sofr_initial,2024-05-23,2024-05-24,5.31
SOFR,alfred_sofr_initial,2024-05-24,2024-05-28,5.32
SOFR,alfred_sofr_initial,2024-05-28,2024-05-29,5.32
SOFR,alfred_sofr_initial,2024-05-29,2024-05-30,5.33
SOFR,alfred_sofr_initial,2024-05-30,2024-05-31,5.33
SOFR,alfred_sofr_initial,2024-05-31,2024-06-03,5.34
SOFR,alfred_sofr_initial,2024-06-03,2024-06-04,5.35
SOFR,alfred_sofr_initial,2024-06-04,2024-06-05,5.33
SOFR,alfred_sofr_initial,2024-06-05,2024-06-06,5.33
SOFR,alfred_sofr_initial,2024-06-06,2024-06-07,5.33
SOFR,alfred_sofr_initial,2024-06-07,2024-06-10,5.33
SOFR,alfred_sofr_initial,2024-06-10,2024-06-11,5.32
SOFR,alfred_sofr_initial,2024-06-11,2024-06-12,5.32
SOFR,alfred_sofr_initial,2024-06-12,2024-06-13,5.31
SOFR,alfred_sofr_initial,2024-06-13,2024-06-14,5.31
SOFR,alfred_sofr_initial,2024-06-14,2024-06-17,5.31
SOFR,alfred_sofr_initial,2024-06-17,2024-06-18,5.33
SOFR,alfred_sofr_initial,2024-06-18,2024-06-20,5.33
SOFR,alfred_sofr_initial,2024-06-20,2024-06-21,5.32
SOFR,alfred_sofr_initial,2024-06-21,2024-06-24,5.31
SOFR,alfred_sofr_initial,2024-06-24,2024-06-25,5.31
SOFR,alfred_sofr_initial,2024-06-25,2024-06-26,5.33
SOFR,alfred_sofr_initial,2024-06-26,2024-06-27,5.34
SOFR,alfred_sofr_initial,2024-06-27,2024-06-28,5.34
SOFR,alfred_sofr_initial,2024-06-28,2024-07-01,5.33
SOFR,alfred_sofr_initial,2024-07-01,2024-07-02,5.4
SOFR,alfred_sofr_initial,2024-07-02,2024-07-03,5.35
SOFR,alfred_sofr_initial,2024-07-03,2024-07-05,5.33
SOFR,alfred_sofr_initial,2024-07-05,2024-07-08,5.32
SOFR,alfred_sofr_initial,2024-07-08,2024-07-09,5.32
SOFR,alfred_sofr_initial,2024-07-09,2024-07-10,5.34
SOFR,alfred_sofr_initial,2024-07-10,2024-07-11,5.34
SOFR,alfred_sofr_initial,2024-07-11,2024-07-12,5.34
SOFR,alfred_sofr_initial,2024-07-12,2024-07-15,5.34
SOFR,alfred_sofr_initial,2024-07-15,2024-07-16,5.34
SOFR,alfred_sofr_initial,2024-07-16,2024-07-17,5.35
SOFR,alfred_sofr_initial,2024-07-17,2024-07-18,5.35
SOFR,alfred_sofr_initial,2024-07-18,2024-07-19,5.34
SOFR,alfred_sofr_initial,2024-07-19,2024-07-22,5.34
SOFR,alfred_sofr_initial,2024-07-22,2024-07-23,5.33
SOFR,alfred_sofr_initial,2024-07-23,2024-07-24,5.34
SOFR,alfred_sofr_initial,2024-07-24,2024-07-25,5.34
SOFR,alfred_sofr_initial,2024-07-25,2024-07-26,5.35
SOFR,alfred_sofr_initial,2024-07-26,2024-07-29,5.35
SOFR,alfred_sofr_initial,2024-07-29,2024-07-30,5.33
SOFR,alfred_sofr_initial,2024-07-30,2024-07-31,5.33
SOFR,alfred_sofr_initial,2024-07-31,2024-08-01,5.38
SOFR,alfred_sofr_initial,2024-08-01,2024-08-02,5.35
SOFR,alfred_sofr_initial,2024-08-02,2024-08-05,5.35
SOFR,alfred_sofr_initial,2024-08-05,2024-08-06,5.32
SOFR,alfred_sofr_initial,2024-08-06,2024-08-07,5.33
SOFR,alfred_sofr_initial,2024-08-07,2024-08-08,5.33
SOFR,alfred_sofr_initial,2024-08-08,2024-08-09,5.34
SOFR,alfred_sofr_initial,2024-08-09,2024-08-12,5.34
SOFR,alfred_sofr_initial,2024-08-12,2024-08-13,5.34
SOFR,alfred_sofr_initial,2024-08-13,2024-08-14,5.34
SOFR,alfred_sofr_initial,2024-08-14,2024-08-15,5.33
SOFR,alfred_sofr_initial,2024-08-15,2024-08-16,5.35
SOFR,alfred_sofr_initial,2024-08-16,2024-08-19,5.32
SOFR,alfred_sofr_initial,2024-08-19,2024-08-20,5.32
SOFR,alfred_sofr_initial,2024-08-20,2024-08-21,5.32
SOFR,alfred_sofr_initial,2024-08-21,2024-08-22,5.31
SOFR,alfred_sofr_initial,2024-08-22,2024-08-23,5.31
SOFR,alfred_sofr_initial,2024-08-23,2024-08-26,5.33
SOFR,alfred_sofr_initial,2024-08-26,2024-08-27,5.34
SOFR,alfred_sofr_initial,2024-08-27,2024-08-28,5.35
SOFR,alfred_sofr_initial,2024-08-28,2024-08-29,5.35
SOFR,alfred_sofr_initial,2024-08-29,2024-08-30,5.33
SOFR,alfred_sofr_initial,2024-08-30,2024-09-03,5.32
SOFR,alfred_sofr_initial,2024-09-03,2024-09-04,5.34
SOFR,alfred_sofr_initial,2024-09-04,2024-09-05,5.35
SOFR,alfred_sofr_initial,2024-09-05,2024-09-06,5.35
SOFR,alfred_sofr_initial,2024-09-06,2024-09-09,5.34
SOFR,alfred_sofr_initial,2024-09-09,2024-09-10,5.34
SOFR,alfred_sofr_initial,2024-09-10,2024-09-11,5.33
SOFR,alfred_sofr_initial,2024-09-11,2024-09-12,5.32
SOFR,alfred_sofr_initial,2024-09-12,2024-09-13,5.33
SOFR,alfred_sofr_initial,2024-09-13,2024-09-16,5.33
SOFR,alfred_sofr_initial,2024-09-16,2024-09-17,5.38
SOFR,alfred_sofr_initial,2024-09-17,2024-09-18,5.38
SOFR,alfred_sofr_initial,2024-09-18,2024-09-19,5.33
SOFR,alfred_sofr_initial,2024-09-19,2024-09-20,4.82
SOFR,alfred_sofr_initial,2024-09-20,2024-09-23,4.83
SOFR,alfred_sofr_initial,2024-09-23,2024-09-24,4.83
SOFR,alfred_sofr_initial,2024-09-24,2024-09-25,4.84
SOFR,alfred_sofr_initial,2024-09-25,2024-09-26,4.84
SOFR,alfred_sofr_initial,2024-09-26,2024-09-27,4.83
SOFR,alfred_sofr_initial,2024-09-27,2024-09-30,4.84
SOFR,alfred_sofr_initial,2024-09-30,2024-10-01,4.96
SOFR,alfred_sofr_initial,2024-10-01,2024-10-02,5.05
SOFR,alfred_sofr_initial,2024-10-02,2024-10-03,4.92
SOFR,alfred_sofr_initial,2024-10-03,2024-10-04,4.85
SOFR,alfred_sofr_initial,2024-10-04,2024-10-07,4.83
SOFR,alfred_sofr_initial,2024-10-07,2024-10-08,4.83
SOFR,alfred_sofr_initial,2024-10-08,2024-10-09,4.84
SOFR,alfred_sofr_initial,2024-10-09,2024-10-10,4.83
SOFR,alfred_sofr_initial,2024-10-10,2024-10-11,4.82
SOFR,alfred_sofr_initial,2024-10-11,2024-10-15,4.81
SOFR,alfred_sofr_initial,2024-10-15,2024-10-16,4.86
SOFR,alfred_sofr_initial,2024-10-16,2024-10-17,4.86
SOFR,alfred_sofr_initial,2024-10-17,2024-10-18,4.85
SOFR,alfred_sofr_initial,2024-10-18,2024-10-21,4.84
SOFR,alfred_sofr_initial,2024-10-21,2024-10-22,4.82
SOFR,alfred_sofr_initial,2024-10-22,2024-10-23,4.83
SOFR,alfred_sofr_initial,2024-10-23,2024-10-24,4.83
SOFR,alfred_sofr_initial,2024-10-24,2024-10-25,4.83
SOFR,alfred_sofr_initial,2024-10-25,2024-10-28,4.83
SOFR,alfred_sofr_initial,2024-10-28,2024-10-29,4.82
SOFR,alfred_sofr_initial,2024-10-29,2024-10-30,4.82
SOFR,alfred_sofr_initial,2024-10-30,2024-10-31,4.81
SOFR,alfred_sofr_initial,2024-10-31,2024-11-01,4.9
SOFR,alfred_sofr_initial,2024-11-01,2024-11-04,4.86
SOFR,alfred_sofr_initial,2024-11-04,2024-11-05,4.82
SOFR,alfred_sofr_initial,2024-11-05,2024-11-06,4.82
SOFR,alfred_sofr_initial,2024-11-06,2024-11-07,4.81
SOFR,alfred_sofr_initial,2024-11-07,2024-11-08,4.82
SOFR,alfred_sofr_initial,2024-11-08,2024-11-12,4.6
SOFR,alfred_sofr_initial,2024-11-12,2024-11-13,4.6
SOFR,alfred_sofr_initial,2024-11-13,2024-11-14,4.59
SOFR,alfred_sofr_initial,2024-11-14,2024-11-15,4.58
SOFR,alfred_sofr_initial,2024-11-15,2024-11-18,4.57
SOFR,alfred_sofr_initial,2024-11-18,2024-11-19,4.57
SOFR,alfred_sofr_initial,2024-11-19,2024-11-20,4.57
SOFR,alfred_sofr_initial,2024-11-20,2024-11-21,4.56
SOFR,alfred_sofr_initial,2024-11-21,2024-11-22,4.57
SOFR,alfred_sofr_initial,2024-11-22,2024-11-25,4.57
SOFR,alfred_sofr_initial,2024-11-25,2024-11-26,4.58
SOFR,alfred_sofr_initial,2024-11-26,2024-11-27,4.58
SOFR,alfred_sofr_initial,2024-11-27,2024-11-29,4.57
SOFR,alfred_sofr_initial,2024-11-29,2024-12-02,4.59
SOFR,alfred_sofr_initial,2024-12-02,2024-12-03,4.64
SOFR,alfred_sofr_initial,2024-12-03,2024-12-04,4.64
SOFR,alfred_sofr_initial,2024-12-04,2024-12-05,4.59
SOFR,alfred_sofr_initial,2024-12-05,2024-12-06,4.59
SOFR,alfred_sofr_initial,2024-12-06,2024-12-09,4.6
SOFR,alfred_sofr_initial,2024-12-09,2024-12-10,4.63
SOFR,alfred_sofr_initial,2024-12-10,2024-12-11,4.64
SOFR,alfred_sofr_initial,2024-12-11,2024-12-12,4.62
SOFR,alfred_sofr_initial,2024-12-12,2024-12-13,4.62
SOFR,alfred_sofr_initial,2024-12-13,2024-12-16,4.6
SOFR,alfred_sofr_initial,2024-12-16,2024-12-17,4.65
SOFR,alfred_sofr_initial,2024-12-17,2024-12-18,4.62
SOFR,alfred_sofr_initial,2024-12-18,2024-12-19,4.57
SOFR,alfred_sofr_initial,2024-12-19,2024-12-20,4.3
SOFR,alfred_sofr_initial,2024-12-20,2024-12-23,4.3
SOFR,alfred_sofr_initial,2024-12-23,2024-12-24,4.31
SOFR,alfred_sofr_initial,2024-12-24,2024-12-26,4.4
SOFR,alfred_sofr_initial,2024-12-26,2024-12-27,4.53
SOFR,alfred_sofr_initial,2024-12-27,2024-12-30,4.46
SOFR,alfred_sofr_initial,2024-12-30,2024-12-31,4.37
SOFR,alfred_sofr_initial,2024-12-31,2025-01-02,4.49
SOFR,alfred_sofr_initial,2025-01-02,2025-01-03,4.4
SOFR,alfred_sofr_initial,2025-01-03,2025-01-06,4.31
SOFR,alfred_sofr_initial,2025-01-06,2025-01-07,4.27
SOFR,alfred_sofr_initial,2025-01-07,2025-01-08,4.27
SOFR,alfred_sofr_initial,2025-01-08,2025-01-09,4.29
SOFR,alfred_sofr_initial,2025-01-09,2025-01-10,4.3
SOFR,alfred_sofr_initial,2025-01-10,2025-01-13,4.3
SOFR,alfred_sofr_initial,2025-01-13,2025-01-14,4.29
SOFR,alfred_sofr_initial,2025-01-14,2025-01-15,4.28
SOFR,alfred_sofr_initial,2025-01-15,2025-01-16,4.28
SOFR,alfred_sofr_initial,2025-01-16,2025-01-17,4.29
SOFR,alfred_sofr_initial,2025-01-17,2025-01-21,4.29
SOFR,alfred_sofr_initial,2025-01-21,2025-01-22,4.29
SOFR,alfred_sofr_initial,2025-01-22,2025-01-23,4.3
SOFR,alfred_sofr_initial,2025-01-23,2025-01-24,4.35
SOFR,alfred_sofr_initial,2025-01-24,2025-01-27,4.34
SOFR,alfred_sofr_initial,2025-01-27,2025-01-28,4.34
SOFR,alfred_sofr_initial,2025-01-28,2025-01-29,4.35
SOFR,alfred_sofr_initial,2025-01-29,2025-01-30,4.35
SOFR,alfred_sofr_initial,2025-01-30,2025-01-31,4.36
SOFR,alfred_sofr_initial,2025-01-31,2025-02-03,4.38
SOFR,alfred_sofr_initial,2025-02-03,2025-02-04,4.35
SOFR,alfred_sofr_initial,2025-02-04,2025-02-05,4.33
SOFR,alfred_sofr_initial,2025-02-05,2025-02-06,4.33
SOFR,alfred_sofr_initial,2025-02-06,2025-02-07,4.36
SOFR,alfred_sofr_initial,2025-02-07,2025-02-10,4.35
SOFR,alfred_sofr_initial,2025-02-10,2025-02-11,4.35
SOFR,alfred_sofr_initial,2025-02-11,2025-02-12,4.34
SOFR,alfred_sofr_initial,2025-02-12,2025-02-13,4.32
SOFR,alfred_sofr_initial,2025-02-13,2025-02-14,4.33
SOFR,alfred_sofr_initial,2025-02-14,2025-02-18,4.33
SOFR,alfred_sofr_initial,2025-02-18,2025-02-19,4.37
SOFR,alfred_sofr_initial,2025-02-19,2025-02-20,4.35
SOFR,alfred_sofr_initial,2025-02-20,2025-02-21,4.33
SOFR,alfred_sofr_initial,2025-02-21,2025-02-24,4.34
SOFR,alfred_sofr_initial,2025-02-24,2025-02-25,4.34
SOFR,alfred_sofr_initial,2025-02-25,2025-02-26,4.33
SOFR,alfred_sofr_initial,2025-02-26,2025-02-27,4.33
SOFR,alfred_sofr_initial,2025-02-27,2025-02-28,4.36
SOFR,alfred_sofr_initial,2025-02-28,2025-03-03,4.39
SOFR,alfred_sofr_initial,2025-03-03,2025-03-04,4.33
SOFR,alfred_sofr_initial,2025-03-04,2025-03-05,4.33
SOFR,alfred_sofr_initial,2025-03-05,2025-03-06,4.34
SOFR,alfred_sofr_initial,2025-03-06,2025-03-07,4.35
SOFR,alfred_sofr_initial,2025-03-07,2025-03-10,4.34
SOFR,alfred_sofr_initial,2025-03-10,2025-03-11,4.33
SOFR,alfred_sofr_initial,2025-03-11,2025-03-12,4.32
SOFR,alfred_sofr_initial,2025-03-12,2025-03-13,4.31
SOFR,alfred_sofr_initial,2025-03-13,2025-03-14,4.3
SOFR,alfred_sofr_initial,2025-03-14,2025-03-17,4.3
SOFR,alfred_sofr_initial,2025-03-17,2025-03-18,4.32
SOFR,alfred_sofr_initial,2025-03-18,2025-03-19,4.31
SOFR,alfred_sofr_initial,2025-03-19,2025-03-20,4.29
SOFR,alfred_sofr_initial,2025-03-20,2025-03-21,4.29
SOFR,alfred_sofr_initial,2025-03-21,2025-03-24,4.3
SOFR,alfred_sofr_initial,2025-03-24,2025-03-25,4.31
SOFR,alfred_sofr_initial,2025-03-25,2025-03-26,4.33
SOFR,alfred_sofr_initial,2025-03-26,2025-03-27,4.35
SOFR,alfred_sofr_initial,2025-03-27,2025-03-28,4.36
SOFR,alfred_sofr_initial,2025-03-28,2025-03-31,4.34
SOFR,alfred_sofr_initial,2025-03-31,2025-04-01,4.41
SOFR,alfred_sofr_initial,2025-04-01,2025-04-02,4.39
SOFR,alfred_sofr_initial,2025-04-02,2025-04-03,4.37
SOFR,alfred_sofr_initial,2025-04-03,2025-04-04,4.39
SOFR,alfred_sofr_initial,2025-04-04,2025-04-07,4.35
SOFR,alfred_sofr_initial,2025-04-07,2025-04-08,4.33
SOFR,alfred_sofr_initial,2025-04-08,2025-04-09,4.4
SOFR,alfred_sofr_initial,2025-04-09,2025-04-10,4.42
SOFR,alfred_sofr_initial,2025-04-10,2025-04-11,4.37
SOFR,alfred_sofr_initial,2025-04-11,2025-04-14,4.33
SOFR,alfred_sofr_initial,2025-04-14,2025-04-15,4.33
SOFR,alfred_sofr_initial,2025-04-15,2025-04-16,4.36
SOFR,alfred_sofr_initial,2025-04-16,2025-04-17,4.31
SOFR,alfred_sofr_initial,2025-04-17,2025-04-21,4.32
SOFR,alfred_sofr_initial,2025-04-21,2025-04-22,4.32
SOFR,alfred_sofr_initial,2025-04-22,2025-04-23,4.3
SOFR,alfred_sofr_initial,2025-04-23,2025-04-24,4.28
SOFR,alfred_sofr_initial,2025-04-24,2025-04-25,4.29
SOFR,alfred_sofr_initial,2025-04-25,2025-04-28,4.33
SOFR,alfred_sofr_initial,2025-04-28,2025-04-29,4.36
SOFR,alfred_sofr_initial,2025-04-29,2025-04-30,4.36
SOFR,alfred_sofr_initial,2025-04-30,2025-05-01,4.41
SOFR,alfred_sofr_initial,2025-05-01,2025-05-02,4.39
SOFR,alfred_sofr_initial,2025-05-02,2025-05-05,4.36
SOFR,alfred_sofr_initial,2025-05-05,2025-05-06,4.33
SOFR,alfred_sofr_initial,2025-05-06,2025-05-07,4.32
SOFR,alfred_sofr_initial,2025-05-07,2025-05-08,4.3
SOFR,alfred_sofr_initial,2025-05-08,2025-05-09,4.29
SOFR,alfred_sofr_initial,2025-05-09,2025-05-12,4.28
SOFR,alfred_sofr_initial,2025-05-12,2025-05-13,4.28
SOFR,alfred_sofr_initial,2025-05-13,2025-05-14,4.3
SOFR,alfred_sofr_initial,2025-05-14,2025-05-15,4.29
SOFR,alfred_sofr_initial,2025-05-15,2025-05-16,4.31
SOFR,alfred_sofr_initial,2025-05-16,2025-05-19,4.3
SOFR,alfred_sofr_initial,2025-05-19,2025-05-20,4.29
SOFR,alfred_sofr_initial,2025-05-20,2025-05-21,4.27
SOFR,alfred_sofr_initial,2025-05-21,2025-05-22,4.26
SOFR,alfred_sofr_initial,2025-05-22,2025-05-23,4.26
SOFR,alfred_sofr_initial,2025-05-23,2025-05-27,4.26
SOFR,alfred_sofr_initial,2025-05-27,2025-05-28,4.31
SOFR,alfred_sofr_initial,2025-05-28,2025-05-29,4.33
SOFR,alfred_sofr_initial,2025-05-29,2025-05-30,4.33
SOFR,alfred_sofr_initial,2025-05-30,2025-06-02,4.35
SOFR,alfred_sofr_initial,2025-06-02,2025-06-03,4.35
SOFR,alfred_sofr_initial,2025-06-03,2025-06-04,4.32
SOFR,alfred_sofr_initial,2025-06-04,2025-06-05,4.28
SOFR,alfred_sofr_initial,2025-06-05,2025-06-06,4.29
SOFR,alfred_sofr_initial,2025-06-06,2025-06-09,4.29
SOFR,alfred_sofr_initial,2025-06-09,2025-06-10,4.29
SOFR,alfred_sofr_initial,2025-06-10,2025-06-11,4.28
SOFR,alfred_sofr_initial,2025-06-11,2025-06-12,4.28
SOFR,alfred_sofr_initial,2025-06-12,2025-06-13,4.28
SOFR,alfred_sofr_initial,2025-06-13,2025-06-16,4.28
SOFR,alfred_sofr_initial,2025-06-16,2025-06-17,4.32
SOFR,alfred_sofr_initial,2025-06-17,2025-06-18,4.31
SOFR,alfred_sofr_initial,2025-06-18,2025-06-20,4.28
SOFR,alfred_sofr_initial,2025-06-20,2025-06-23,4.29
SOFR,alfred_sofr_initial,2025-06-23,2025-06-24,4.29
SOFR,alfred_sofr_initial,2025-06-24,2025-06-25,4.3
SOFR,alfred_sofr_initial,2025-06-25,2025-06-26,4.36
SOFR,alfred_sofr_initial,2025-06-26,2025-06-27,4.4
SOFR,alfred_sofr_initial,2025-06-27,2025-06-30,4.39
SOFR,alfred_sofr_initial,2025-06-30,2025-07-01,4.45
SOFR,alfred_sofr_initial,2025-07-01,2025-07-02,4.44
SOFR,alfred_sofr_initial,2025-07-02,2025-07-03,4.4
SOFR,alfred_sofr_initial,2025-07-03,2025-07-07,4.35
SOFR,alfred_sofr_initial,2025-07-07,2025-07-08,4.33
SOFR,alfred_sofr_initial,2025-07-08,2025-07-09,4.34
SOFR,alfred_sofr_initial,2025-07-09,2025-07-10,4.32
SOFR,alfred_sofr_initial,2025-07-10,2025-07-11,4.31
SOFR,alfred_sofr_initial,2025-07-11,2025-07-14,4.31
SOFR,alfred_sofr_initial,2025-07-14,2025-07-15,4.33
SOFR,alfred_sofr_initial,2025-07-15,2025-07-16,4.37
SOFR,alfred_sofr_initial,2025-07-16,2025-07-17,4.34
SOFR,alfred_sofr_initial,2025-07-17,2025-07-18,4.34
SOFR,alfred_sofr_initial,2025-07-18,2025-07-21,4.3
SOFR,alfred_sofr_initial,2025-07-21,2025-07-22,4.28
SOFR,alfred_sofr_initial,2025-07-22,2025-07-23,4.28
SOFR,alfred_sofr_initial,2025-07-23,2025-07-24,4.28
SOFR,alfred_sofr_initial,2025-07-24,2025-07-25,4.3
SOFR,alfred_sofr_initial,2025-07-25,2025-07-28,4.36
SOFR,alfred_sofr_initial,2025-07-28,2025-07-29,4.36
SOFR,alfred_sofr_initial,2025-07-29,2025-07-30,4.36
SOFR,alfred_sofr_initial,2025-07-30,2025-07-31,4.32
SOFR,alfred_sofr_initial,2025-07-31,2025-08-01,4.39
SOFR,alfred_sofr_initial,2025-08-01,2025-08-04,4.34
SOFR,alfred_sofr_initial,2025-08-04,2025-08-05,4.33
SOFR,alfred_sofr_initial,2025-08-05,2025-08-06,4.34
SOFR,alfred_sofr_initial,2025-08-06,2025-08-07,4.34
SOFR,alfred_sofr_initial,2025-08-07,2025-08-08,4.35
SOFR,alfred_sofr_initial,2025-08-08,2025-08-11,4.35
SOFR,alfred_sofr_initial,2025-08-11,2025-08-12,4.34
SOFR,alfred_sofr_initial,2025-08-12,2025-08-13,4.36
SOFR,alfred_sofr_initial,2025-08-13,2025-08-14,4.33
SOFR,alfred_sofr_initial,2025-08-14,2025-08-15,4.34
SOFR,alfred_sofr_initial,2025-08-15,2025-08-18,4.36
SOFR,alfred_sofr_initial,2025-08-18,2025-08-19,4.34
SOFR,alfred_sofr_initial,2025-08-19,2025-08-20,4.33
SOFR,alfred_sofr_initial,2025-08-20,2025-08-21,4.31
SOFR,alfred_sofr_initial,2025-08-21,2025-08-22,4.32
SOFR,alfred_sofr_initial,2025-08-22,2025-08-25,4.36
SOFR,alfred_sofr_initial,2025-08-25,2025-08-26,4.37
SOFR,alfred_sofr_initial,2025-08-26,2025-08-27,4.38
SOFR,alfred_sofr_initial,2025-08-27,2025-08-28,4.36
SOFR,alfred_sofr_initial,2025-08-28,2025-08-29,4.34
SOFR,alfred_sofr_initial,2025-08-29,2025-09-02,4.34
SOFR,alfred_sofr_initial,2025-09-02,2025-09-03,4.39
SOFR,alfred_sofr_initial,2025-09-03,2025-09-04,4.39
SOFR,alfred_sofr_initial,2025-09-04,2025-09-05,4.41
SOFR,alfred_sofr_initial,2025-09-05,2025-09-08,4.42
SOFR,alfred_sofr_initial,2025-09-08,2025-09-09,4.4
SOFR,alfred_sofr_initial,2025-09-09,2025-09-10,4.4
SOFR,alfred_sofr_initial,2025-09-10,2025-09-11,4.39
SOFR,alfred_sofr_initial,2025-09-11,2025-09-12,4.41
SOFR,alfred_sofr_initial,2025-09-12,2025-09-15,4.42
SOFR,alfred_sofr_initial,2025-09-15,2025-09-16,4.51
SOFR,alfred_sofr_initial,2025-09-16,2025-09-17,4.39
SOFR,alfred_sofr_initial,2025-09-17,2025-09-18,4.38
SOFR,alfred_sofr_initial,2025-09-18,2025-09-19,4.14
SOFR,alfred_sofr_initial,2025-09-19,2025-09-22,4.14
SOFR,alfred_sofr_initial,2025-09-22,2025-09-23,4.14
SOFR,alfred_sofr_initial,2025-09-23,2025-09-24,4.12
SOFR,alfred_sofr_initial,2025-09-24,2025-09-25,4.13
SOFR,alfred_sofr_initial,2025-09-25,2025-09-26,4.18
SOFR,alfred_sofr_initial,2025-09-26,2025-09-29,4.16
SOFR,alfred_sofr_initial,2025-09-29,2025-09-30,4.13
SOFR,alfred_sofr_initial,2025-09-30,2025-10-01,4.24
SOFR,alfred_sofr_initial,2025-10-01,2025-10-02,4.2
SOFR,alfred_sofr_initial,2025-10-02,2025-10-03,4.2
SOFR,alfred_sofr_initial,2025-10-03,2025-10-06,4.18
SOFR,alfred_sofr_initial,2025-10-06,2025-10-07,4.15
SOFR,alfred_sofr_initial,2025-10-07,2025-10-08,4.14
SOFR,alfred_sofr_initial,2025-10-08,2025-10-09,4.12
SOFR,alfred_sofr_initial,2025-10-09,2025-10-10,4.13
SOFR,alfred_sofr_initial,2025-10-10,2025-10-14,4.15
SOFR,alfred_sofr_initial,2025-10-14,2025-10-15,4.19
SOFR,alfred_sofr_initial,2025-10-15,2025-10-16,4.29
SOFR,alfred_sofr_initial,2025-10-16,2025-10-17,4.3
SOFR,alfred_sofr_initial,2025-10-17,2025-10-20,4.18
SOFR,alfred_sofr_initial,2025-10-20,2025-10-21,4.16
SOFR,alfred_sofr_initial,2025-10-21,2025-10-22,4.23
SOFR,alfred_sofr_initial,2025-10-22,2025-10-23,4.21
SOFR,alfred_sofr_initial,2025-10-23,2025-10-24,4.24
SOFR,alfred_sofr_initial,2025-10-24,2025-10-27,4.24
SOFR,alfred_sofr_initial,2025-10-27,2025-10-28,4.27
SOFR,alfred_sofr_initial,2025-10-28,2025-10-29,4.31
SOFR,alfred_sofr_initial,2025-10-29,2025-10-30,4.27
SOFR,alfred_sofr_initial,2025-10-30,2025-10-31,4.04
SOFR,alfred_sofr_initial,2025-10-31,2025-11-03,4.22
SOFR,alfred_sofr_initial,2025-11-03,2025-11-04,4.13
SOFR,alfred_sofr_initial,2025-11-04,2025-11-05,4.0
SOFR,alfred_sofr_initial,2025-11-05,2025-11-06,3.91
SOFR,alfred_sofr_initial,2025-11-06,2025-11-07,3.92
SOFR,alfred_sofr_initial,2025-11-07,2025-11-10,3.93
SOFR,alfred_sofr_initial,2025-11-10,2025-11-12,3.95
SOFR,alfred_sofr_initial,2025-11-12,2025-11-13,3.98
SOFR,alfred_sofr_initial,2025-11-13,2025-11-14,4.0
SOFR,alfred_sofr_initial,2025-11-14,2025-11-17,3.95
SOFR,alfred_sofr_initial,2025-11-17,2025-11-18,4.0
SOFR,alfred_sofr_initial,2025-11-18,2025-11-19,3.94
SOFR,alfred_sofr_initial,2025-11-19,2025-11-20,3.91
SOFR,alfred_sofr_initial,2025-11-20,2025-11-21,3.91
SOFR,alfred_sofr_initial,2025-11-21,2025-11-24,3.93
SOFR,alfred_sofr_initial,2025-11-24,2025-11-25,3.96
SOFR,alfred_sofr_initial,2025-11-25,2025-11-26,4.01
SOFR,alfred_sofr_initial,2025-11-26,2025-11-28,4.05
SOFR,alfred_sofr_initial,2025-11-28,2025-12-01,4.12
SOFR,alfred_sofr_initial,2025-12-01,2025-12-02,4.12
SOFR,alfred_sofr_initial,2025-12-02,2025-12-03,4.01
SOFR,alfred_sofr_initial,2025-12-03,2025-12-04,3.95
SOFR,alfred_sofr_initial,2025-12-04,2025-12-05,3.92
SOFR,alfred_sofr_initial,2025-12-05,2025-12-08,3.93
SOFR,alfred_sofr_initial,2025-12-08,2025-12-09,3.95
SOFR,alfred_sofr_initial,2025-12-09,2025-12-10,3.93
SOFR,alfred_sofr_initial,2025-12-10,2025-12-11,3.9
SOFR,alfred_sofr_initial,2025-12-11,2025-12-12,3.66
SOFR,alfred_sofr_initial,2025-12-12,2025-12-15,3.67
SOFR,alfred_sofr_initial,2025-12-15,2025-12-16,3.75
SOFR,alfred_sofr_initial,2025-12-16,2025-12-17,3.69
SOFR,alfred_sofr_initial,2025-12-17,2025-12-18,3.69
SOFR,alfred_sofr_initial,2025-12-18,2025-12-19,3.66
SOFR,alfred_sofr_initial,2025-12-19,2025-12-22,3.66
SOFR,alfred_sofr_initial,2025-12-22,2025-12-23,3.68
SOFR,alfred_sofr_initial,2025-12-23,2025-12-24,3.66
SOFR,alfred_sofr_initial,2025-12-24,2025-12-26,3.66
SOFR,alfred_sofr_initial,2025-12-26,2025-12-29,3.76
SOFR,alfred_sofr_initial,2025-12-29,2025-12-30,3.77
SOFR,alfred_sofr_initial,2025-12-30,2025-12-31,3.71
SOFR,alfred_sofr_initial,2025-12-31,2026-01-02,3.87
SOFR,alfred_sofr_initial,2026-01-02,2026-01-05,3.75
SOFR,alfred_sofr_initial,2026-01-05,2026-01-06,3.7
SOFR,alfred_sofr_initial,2026-01-06,2026-01-07,3.66
SOFR,alfred_sofr_initial,2026-01-07,2026-01-08,3.65
SOFR,alfred_sofr_initial,2026-01-08,2026-01-09,3.64
SOFR,alfred_sofr_initial,2026-01-09,2026-01-12,3.64
SOFR,alfred_sofr_initial,2026-01-12,2026-01-13,3.64
SOFR,alfred_sofr_initial,2026-01-13,2026-01-14,3.65
SOFR,alfred_sofr_initial,2026-01-14,2026-01-15,3.64
SOFR,alfred_sofr_initial,2026-01-15,2026-01-16,3.66
SOFR,alfred_sofr_initial,2026-01-16,2026-01-20,3.65
SOFR,alfred_sofr_initial,2026-01-20,2026-01-21,3.64
SOFR,alfred_sofr_initial,2026-01-21,2026-01-22,3.63
SOFR,alfred_sofr_initial,2026-01-22,2026-01-23,3.64
SOFR,alfred_sofr_initial,2026-01-23,2026-01-26,3.65
SOFR,alfred_sofr_initial,2026-01-26,2026-01-27,3.66
SOFR,alfred_sofr_initial,2026-01-27,2026-01-28,3.66
SOFR,alfred_sofr_initial,2026-01-28,2026-01-29,3.64
SOFR,alfred_sofr_initial,2026-01-29,2026-01-30,3.65
SOFR,alfred_sofr_initial,2026-01-30,2026-02-02,3.68
SOFR,alfred_sofr_initial,2026-02-02,2026-02-03,3.69
SOFR,alfred_sofr_initial,2026-02-03,2026-02-04,3.69
SOFR,alfred_sofr_initial,2026-02-04,2026-02-05,3.65
SOFR,alfred_sofr_initial,2026-02-05,2026-02-06,3.65
SOFR,alfred_sofr_initial,2026-02-06,2026-02-09,3.64
SOFR,alfred_sofr_initial,2026-02-09,2026-02-10,3.63
SOFR,alfred_sofr_initial,2026-02-10,2026-02-11,3.65
SOFR,alfred_sofr_initial,2026-02-11,2026-02-12,3.65
SOFR,alfred_sofr_initial,2026-02-12,2026-02-13,3.65
SOFR,alfred_sofr_initial,2026-02-13,2026-02-17,3.66
SOFR,alfred_sofr_initial,2026-02-17,2026-02-18,3.71
SOFR,alfred_sofr_initial,2026-02-18,2026-02-19,3.73
SOFR,alfred_sofr_initial,2026-02-19,2026-02-20,3.67
SOFR,alfred_sofr_initial,2026-02-20,2026-02-23,3.66
SOFR,alfred_sofr_initial,2026-02-23,2026-02-24,3.66
SOFR,alfred_sofr_initial,2026-02-24,2026-02-25,3.67
SOFR,alfred_sofr_initial,2026-02-25,2026-02-26,3.67
SOFR,alfred_sofr_initial,2026-02-26,2026-02-27,3.67
SOFR,alfred_sofr_initial,2026-02-27,2026-03-02,3.68
SOFR,alfred_sofr_initial,2026-03-02,2026-03-03,3.71
SOFR,alfred_sofr_initial,2026-03-03,2026-03-04,3.7
SOFR,alfred_sofr_initial,2026-03-04,2026-03-05,3.67
SOFR,alfred_sofr_initial,2026-03-05,2026-03-06,3.66
SOFR,alfred_sofr_initial,2026-03-06,2026-03-09,3.65
SOFR,alfred_sofr_initial,2026-03-09,2026-03-10,3.65
SOFR,alfred_sofr_initial,2026-03-10,2026-03-11,3.64
SOFR,alfred_sofr_initial,2026-03-11,2026-03-12,3.64
SOFR,alfred_sofr_initial,2026-03-12,2026-03-13,3.65
SOFR,alfred_sofr_initial,2026-03-13,2026-03-16,3.65
SOFR,alfred_sofr_initial,2026-03-16,2026-03-17,3.7
SOFR,alfred_sofr_initial,2026-03-17,2026-03-18,3.65
SOFR,alfred_sofr_initial,2026-03-18,2026-03-19,3.62
SOFR,alfred_sofr_initial,2026-03-19,2026-03-20,3.62
SOFR,alfred_sofr_initial,2026-03-20,2026-03-23,3.62
SOFR,alfred_sofr_initial,2026-03-23,2026-03-24,3.62
SOFR,alfred_sofr_initial,2026-03-24,2026-03-25,3.63
SOFR,alfred_sofr_initial,2026-03-25,2026-03-26,3.64
SOFR,alfred_sofr_initial,2026-03-26,2026-03-27,3.65
SOFR,alfred_sofr_initial,2026-03-27,2026-03-30,3.63
SOFR,alfred_sofr_initial,2026-03-30,2026-03-31,3.63
SOFR,alfred_sofr_initial,2026-03-31,2026-04-01,3.68
SOFR,alfred_sofr_initial,2026-04-01,2026-04-02,3.65
SOFR,alfred_sofr_initial,2026-04-02,2026-04-06,3.66
SOFR,alfred_sofr_initial,2026-04-06,2026-04-07,3.65
SOFR,alfred_sofr_initial,2026-04-07,2026-04-08,3.62
SOFR,alfred_sofr_initial,2026-04-08,2026-04-09,3.59
SOFR,alfred_sofr_initial,2026-04-09,2026-04-10,3.57
SOFR,alfred_sofr_initial,2026-04-10,2026-04-13,3.61
SOFR,alfred_sofr_initial,2026-04-13,2026-04-14,3.63
SOFR,alfred_sofr_initial,2026-04-14,2026-04-15,3.66
SOFR,alfred_sofr_initial,2026-04-15,2026-04-16,3.72
SOFR,alfred_sofr_initial,2026-04-16,2026-04-17,3.67
SOFR,alfred_sofr_initial,2026-04-17,2026-04-20,3.65
SOFR,alfred_sofr_initial,2026-04-20,2026-04-21,3.63
SOFR,alfred_sofr_initial,2026-04-21,2026-04-22,3.63
SOFR,alfred_sofr_initial,2026-04-22,2026-04-23,3.64
SOFR,alfred_sofr_initial,2026-04-23,2026-04-24,3.65
SOFR,alfred_sofr_initial,2026-04-24,2026-04-27,3.66
SOFR,alfred_sofr_initial,2026-04-27,2026-04-28,3.66
SOFR,alfred_sofr_initial,2026-04-28,2026-04-29,3.64
SOFR,alfred_sofr_initial,2026-04-29,2026-04-30,3.63
SOFR,alfred_sofr_initial,2026-04-30,2026-05-01,3.66
SOFR,alfred_sofr_initial,2026-05-01,2026-05-04,3.64
SOFR,alfred_sofr_initial,2026-05-04,2026-05-05,3.63
SOFR,alfred_sofr_initial,2026-05-05,2026-05-06,3.62
SOFR,alfred_sofr_initial,2026-05-06,2026-05-07,3.61
SOFR,alfred_sofr_initial,2026-05-07,2026-05-08,3.6
SOFR,alfred_sofr_initial,2026-05-08,2026-05-11,3.6
SOFR,alfred_sofr_initial,2026-05-11,2026-05-12,3.6
SOFR,alfred_sofr_initial,2026-05-12,2026-05-13,3.6
SOFR,alfred_sofr_initial,2026-05-13,2026-05-14,3.59
SOFR,alfred_sofr_initial,2026-05-14,2026-05-15,3.56
SOFR,alfred_sofr_initial,2026-05-15,2026-05-18,3.55
SOFR,alfred_sofr_initial,2026-05-18,2026-05-19,3.53
SOFR,alfred_sofr_initial,2026-05-19,2026-05-20,3.51
SOFR,alfred_sofr_initial,2026-05-20,2026-05-21,3.5
SOFR,alfred_sofr_initial,2026-05-21,2026-05-22,3.51
SOFR,alfred_sofr_initial,2026-05-22,2026-05-26,3.55
SOFR,alfred_sofr_initial,2026-05-26,2026-05-27,3.63
SOFR,alfred_sofr_initial,2026-05-27,2026-05-28,3.63
SOFR,alfred_sofr_initial,2026-05-28,2026-05-29,3.62
SOFR,alfred_sofr_initial,2026-05-29,2026-06-01,3.63
SOFR,alfred_sofr_initial,2026-06-01,2026-06-02,3.65
SOFR,alfred_sofr_initial,2026-06-02,2026-06-03,3.63
SOFR,alfred_sofr_initial,2026-06-03,2026-06-04,3.61
SOFR,alfred_sofr_initial,2026-06-04,2026-06-05,3.62
SOFR,alfred_sofr_initial,2026-06-05,2026-06-08,3.63
SOFR,alfred_sofr_initial,2026-06-08,2026-06-09,3.63
SOFR,alfred_sofr_initial,2026-06-09,2026-06-10,3.6
SOFR,alfred_sofr_initial,2026-06-10,2026-06-11,3.59
SOFR,alfred_sofr_initial,2026-06-11,2026-06-12,3.6
SOFR,alfred_sofr_initial,2026-06-12,2026-06-15,3.65
SOFR,alfred_sofr_initial,2026-06-15,2026-06-16,3.69
SOFR,alfred_sofr_initial,2026-06-16,2026-06-17,3.63
SOFR,alfred_sofr_initial,2026-06-17,2026-06-18,3.63
SOFR,alfred_sofr_initial,2026-06-18,2026-06-22,3.62
SOFR,alfred_sofr_initial,2026-06-22,2026-06-23,3.61
SOFR,alfred_sofr_initial,2026-06-23,2026-06-24,3.62
SOFR,alfred_sofr_initial,2026-06-24,2026-06-25,3.62
SOFR,alfred_sofr_initial,2026-06-25,2026-06-26,3.64
SOFR,alfred_sofr_initial,2026-06-26,2026-06-29,3.62
SOFR,alfred_sofr_initial,2026-06-29,2026-06-30,3.62
SOFR,alfred_sofr_initial,2026-06-30,2026-07-01,3.68
SOFR,alfred_sofr_initial,2026-07-01,2026-07-02,3.66
SOFR,alfred_sofr_initial,2026-07-02,2026-07-06,3.64
SOFR,alfred_sofr_initial,2026-07-06,2026-07-07,3.63
SOFR,alfred_sofr_initial,2026-07-07,2026-07-08,3.62
SOFR,alfred_sofr_initial,2026-07-08,2026-07-09,3.58
SOFR,alfred_sofr_initial,2026-07-09,2026-07-10,3.53
SOFR,alfred_sofr_initial,2026-07-10,2026-07-13,3.55
SOFR,alfred_sofr_initial,2026-07-13,2026-07-14,3.6
SOFR,alfred_sofr_initial,2026-07-14,2026-07-15,3.63
SOFR,alfred_sofr_initial,2026-07-15,2026-07-16,3.64
SOFR,alfred_sofr_initial,2026-07-16,2026-07-17,3.62
SOFR,alfred_sofr_initial,2026-07-17,2026-07-20,3.59
SOFR,alfred_sofr_initial,2026-07-20,2026-07-21,3.57
SOFR,alfred_sofr_initial,2026-07-21,2026-07-22,3.61
SOFR,alfred_sofr_initial,2026-07-22,2026-07-23,3.62
SOFR,alfred_sofr_initial,2026-07-23,2026-07-24,3.64
SOFR,alfred_sofr_initial,2026-07-24,2026-07-27,3.64
SOFR,alfred_sofr_initial,2026-07-27,2026-07-28,3.64
SOFR,alfred_sofr_initial,2026-07-28,2026-07-29,3.65
SOFR,alfred_sofr_initial,2026-07-29,2026-07-30,3.65
SOFR,alfred_sofr_initial,2026-07-30,2026-07-31,3.65
SOFR,alfred_sofr_initial,2026-07-31,2026-08-03,3.66
SOFR,alfred_sofr_initial,2026-08-03,2026-08-04,3.65
SOFR,alfred_sofr_initial,2026-08-04,2026-08-05,3.66
SOFR,alfred_sofr_initial,2026-08-05,2026-08-06,3.64
SOFR,alfred_sofr_initial,2026-08-06,2026-08-07,3.65
SOFR,alfred_sofr_initial,2026-08-07,2026-08-10,3.62
SOFR,alfred_sofr_initial,2026-08-10,2026-08-11,3.63
SOFR,alfred_sofr_initial,2026-08-11,2026-08-12,3.64
SOFR,alfred_sofr_initial,2026-08-12,2026-08-13,3.62
SOFR,alfred_sofr_initial,2026-08-13,2026-08-14,3.62
SOFR,alfred_sofr_initial,2026-08-14,2026-08-17,3.62
SOFR,alfred_sofr_initial,2026-08-17,2026-08-18,3.66
SOFR,alfred_sofr_initial,2026-08-18,2026-08-19,3.65
SOFR,alfred_sofr_initial,2026-08-19,2026-08-20,3.62
SOFR,alfred_sofr_initial,2026-08-20,2026-08-21,3.63
SOFR,alfred_sofr_initial,2026-08-21,2026-08-24,3.65
SOFR,alfred_sofr_initial,2026-08-24,2026-08-25,3.65
SOFR,alfred_sofr_initial,2026-08-25,2026-08-26,3.66
SOFR,alfred_sofr_initial,2026-08-26,2026-08-27,3.64
SOFR,alfred_sofr_initial,2026-08-27,2026-08-28,3.64
SOFR,alfred_sofr_initial,2026-08-28,2026-08-31,3.65
SOFR,alfred_sofr_initial,2026-08-31,2026-09-01,3.68
SOFR,alfred_sofr_initial,2026-09-01,2026-09-02,3.66
SOFR,alfred_sofr_initial,2026-09-02,2026-09-03,3.65
SOFR,alfred_sofr_initial,2026-09-03,2026-09-04,3.66
SOFR,alfred_sofr_initial,2026-09-04,2026-09-08,3.65
SOFR,alfred_sofr_initial,2026-09-08,2026-09-09,3.64
SOFR,alfred_sofr_initial,2026-09-09,2026-09-10,3.64
SOFR,alfred_sofr_initial,2026-09-10,2026-09-11,3.62
SOFR,alfred_sofr_initial,2026-09-11,2026-09-14,3.62
SOFR,alfred_sofr_initial,2026-09-14,2026-09-15,3.62
T10Y2Y,alfred_yield_curve_10y_2y_initial,2026-03-19,2026-03-19,0.46
T10Y2Y,alfred_yield_curve_10y_2y_initial,2026-03-20,2026-03-20,0.51
T10Y2Y,alfred_yield_curve_10y_2y_initial,2026-03-23,2026-03-23,0.51
T10Y2Y,alfred_yield_curve_10y_2y_initial,2026-03-24,2026-03-24,0.49
T10Y2Y,alfred_yield_curve_10y_2y_initial,2026-03-25,2026-03-25,0.49
T10Y2Y,alfred_yield_curve_10y_2y_initial,2026-03-26,2026-03-26,0.46
T10Y2Y,alfred_yield_curve_10y_2y_initial,2026-03-27,2026-03-27,0.56
T10Y2Y,alfred_yield_curve_10y_2y_initial,2026-03-30,2026-03-30,0.53
T10Y2Y,alfred_yield_curve_10y_2y_initial,2026-03-31,2026-03-31,0.51
T10Y2Y,alfred_yield_curve_10y_2y_initial,2026-04-01,2026-04-01,0.52
T10Y2Y,alfred_yield_curve_10y_2y_initial,2026-04-02,2026-04-02,0.52
T10Y2Y,alfred_yield_curve_10y_2y_initial,2026-04-03,2026-04-03,0.51
T10Y2Y,alfred_yield_curve_10y_2y_initial,2026-04-06,2026-04-06,0.5
T10Y2Y,alfred_yield_curve_10y_2y_initial,2026-04-07,2026-04-07,0.52
T10Y2Y,alfred_yield_curve_10y_2y_initial,2026-04-08,2026-04-08,0.5
T10Y2Y,alfred_yield_curve_10y_2y_initial,2026-04-09,2026-04-09,0.51
T10Y2Y,alfred_yield_curve_10y_2y_initial,2026-04-10,2026-04-10,0.5
T10Y2Y,alfred_yield_curve_10y_2y_initial,2026-04-13,2026-04-13,0.52
T10Y2Y,alfred_yield_curve_10y_2y_initial,2026-04-14,2026-04-14,0.5
T10Y2Y,alfred_yield_curve_10y_2y_initial,2026-04-15,2026-04-15,0.53
T10Y2Y,alfred_yield_curve_10y_2y_initial,2026-04-16,2026-04-16,0.54
T10Y2Y,alfred_yield_curve_10y_2y_initial,2026-04-17,2026-04-17,0.55
T10Y2Y,alfred_yield_curve_10y_2y_initial,2026-04-20,2026-04-20,0.54
T10Y2Y,alfred_yield_curve_10y_2y_initial,2026-04-21,2026-04-21,0.52
T10Y2Y,alfred_yield_curve_10y_2y_initial,2026-04-22,2026-04-22,0.51
T10Y2Y,alfred_yield_curve_10y_2y_initial,2026-04-23,2026-04-23,0.51
T10Y2Y,alfred_yield_curve_10y_2y_initial,2026-04-24,2026-04-24,0.53
T10Y2Y,alfred_yield_curve_10y_2y_initial,2026-04-27,2026-04-27,0.57
T10Y2Y,alfred_yield_curve_10y_2y_initial,2026-04-28,2026-04-28,0.52
T10Y2Y,alfred_yield_curve_10y_2y_initial,2026-04-29,2026-04-29,0.5
T10Y2Y,alfred_yield_curve_10y_2y_initial,2026-04-30,2026-04-30,0.52
T10Y2Y,alfred_yield_curve_10y_2y_initial,2026-05-01,2026-05-01,0.51
T10Y2Y,alfred_yield_curve_10y_2y_initial,2026-05-04,2026-05-04,0.5
T10Y2Y,alfred_yield_curve_10y_2y_initial,2026-05-05,2026-05-05,0.5
T10Y2Y,alfred_yield_curve_10y_2y_initial,2026-05-06,2026-05-06,0.49
T10Y2Y,alfred_yield_curve_10y_2y_initial,2026-05-07,2026-05-07,0.49
T10Y2Y,alfred_yield_curve_10y_2y_initial,2026-05-08,2026-05-08,0.48
T10Y2Y,alfred_yield_curve_10y_2y_initial,2026-05-11,2026-05-11,0.47
T10Y2Y,alfred_yield_curve_10y_2y_initial,2026-05-12,2026-05-12,0.46
T10Y2Y,alfred_yield_curve_10y_2y_initial,2026-05-13,2026-05-13,0.48
T10Y2Y,alfred_yield_curve_10y_2y_initial,2026-05-14,2026-05-14,0.47
T10Y2Y,alfred_yield_curve_10y_2y_initial,2026-05-15,2026-05-15,0.5
T10Y2Y,alfred_yield_curve_10y_2y_initial,2026-05-18,2026-05-18,0.54
T10Y2Y,alfred_yield_curve_10y_2y_initial,2026-05-19,2026-05-19,0.54
T10Y2Y,alfred_yield_curve_10y_2y_initial,2026-05-20,2026-05-20,0.53
T10Y2Y,alfred_yield_curve_10y_2y_initial,2026-05-21,2026-05-21,0.49
T10Y2Y,alfred_yield_curve_10y_2y_initial,2026-05-22,2026-05-22,0.43
T10Y2Y,alfred_yield_curve_10y_2y_initial,2026-05-26,2026-05-26,0.49
T10Y2Y,alfred_yield_curve_10y_2y_initial,2026-05-27,2026-05-27,0.48
T10Y2Y,alfred_yield_curve_10y_2y_initial,2026-05-28,2026-05-28,0.46
T10Y2Y,alfred_yield_curve_10y_2y_initial,2026-05-29,2026-05-29,0.47
T10Y2Y,alfred_yield_curve_10y_2y_initial,2026-06-01,2026-06-01,0.42
T10Y2Y,alfred_yield_curve_10y_2y_initial,2026-06-02,2026-06-02,0.41
T10Y2Y,alfred_yield_curve_10y_2y_initial,2026-06-03,2026-06-03,0.41
T10Y2Y,alfred_yield_curve_10y_2y_initial,2026-06-04,2026-06-04,0.42
T10Y2Y,alfred_yield_curve_10y_2y_initial,2026-06-05,2026-06-05,0.38
T10Y2Y,alfred_yield_curve_10y_2y_initial,2026-06-08,2026-06-08,0.41
T10Y2Y,alfred_yield_curve_10y_2y_initial,2026-06-09,2026-06-09,0.4
T10Y2Y,alfred_yield_curve_10y_2y_initial,2026-06-10,2026-06-10,0.42
T10Y2Y,alfred_yield_curve_10y_2y_initial,2026-06-11,2026-06-11,0.4
T10Y2Y,alfred_yield_curve_10y_2y_initial,2026-06-12,2026-06-12,0.39
T10Y2Y,alfred_yield_curve_10y_2y_initial,2026-06-15,2026-06-15,0.4
T10Y2Y,alfred_yield_curve_10y_2y_initial,2026-06-16,2026-06-16,0.38
T10Y2Y,alfred_yield_curve_10y_2y_initial,2026-06-17,2026-06-17,0.29
T10Y2Y,alfred_yield_curve_10y_2y_initial,2026-06-18,2026-06-18,0.27
T10Y2Y,alfred_yield_curve_10y_2y_initial,2026-06-22,2026-06-22,0.27
T10Y2Y,alfred_yield_curve_10y_2y_initial,2026-06-23,2026-06-23,0.34
T10Y2Y,alfred_yield_curve_10y_2y_initial,2026-06-24,2026-06-24,0.3
T10Y2Y,alfred_yield_curve_10y_2y_initial,2026-06-25,2026-06-25,0.31
T10Y2Y,alfred_yield_curve_10y_2y_initial,2026-06-26,2026-06-26,0.31
T10Y2Y,alfred_yield_curve_10y_2y_initial,2026-06-29,2026-06-29,0.28
T10Y2Y,alfred_yield_curve_10y_2y_initial,2026-06-30,2026-06-30,0.3
T10Y2Y,alfred_yield_curve_10y_2y_initial,2026-07-01,2026-07-01,0.31
T10Y2Y,alfred_yield_curve_10y_2y_initial,2026-07-02,2026-07-02,0.35
T10Y2Y,alfred_yield_curve_10y_2y_initial,2026-07-06,2026-07-06,0.35
T10Y2Y,alfred_yield_curve_10y_2y_initial,2026-07-07,2026-07-07,0.36
T10Y2Y,alfred_yield_curve_10y_2y_initial,2026-07-08,2026-07-08,0.35
T10Y2Y,alfred_yield_curve_10y_2y_initial,2026-07-09,2026-07-09,0.38
T10Y2Y,alfred_yield_curve_10y_2y_initial,2026-07-10,2026-07-10,0.35
T10Y2Y,alfred_yield_curve_10y_2y_initial,2026-07-13,2026-07-13,0.36
T10Y2Y,alfred_yield_curve_10y_2y_initial,2026-07-14,2026-07-14,0.4
T10Y2Y,alfred_yield_curve_10y_2y_initial,2026-07-15,2026-07-15,0.42
T10Y2Y,alfred_yield_curve_10y_2y_initial,2026-07-16,2026-07-16,0.41
T10Y2Y,alfred_yield_curve_10y_2y_initial,2026-07-17,2026-07-17,0.37
T10Y2Y,alfred_yield_curve_10y_2y_initial,2026-07-20,2026-07-20,0.39
T10Y2Y,alfred_yield_curve_10y_2y_initial,2026-07-21,2026-07-21,0.37
T10Y2Y,alfred_yield_curve_10y_2y_initial,2026-07-22,2026-07-22,0.36
T10Y2Y,alfred_yield_curve_10y_2y_initial,2026-07-23,2026-07-23,0.34
T10Y2Y,alfred_yield_curve_10y_2y_initial,2026-07-24,2026-07-24,0.36
T10Y2Y,alfred_yield_curve_10y_2y_initial,2026-07-27,2026-07-27,0.34
T10Y2Y,alfred_yield_curve_10y_2y_initial,2026-07-28,2026-07-28,0.35
T10Y2Y,alfred_yield_curve_10y_2y_initial,2026-07-29,2026-07-29,0.45
T10Y2Y,alfred_yield_curve_10y_2y_initial,2026-07-30,2026-07-30,0.45
T10Y2Y,alfred_yield_curve_10y_2y_initial,2026-07-31,2026-07-31,0.47
T10Y2Y,alfred_yield_curve_10y_2y_initial,2026-08-03,2026-08-03,0.45
T10Y2Y,alfred_yield_curve_10y_2y_initial,2026-08-04,2026-08-04,0.43
T10Y2Y,alfred_yield_curve_10y_2y_initial,2026-08-05,2026-08-05,0.45
T10Y2Y,alfred_yield_curve_10y_2y_initial,2026-08-06,2026-08-06,0.44
T10Y2Y,alfred_yield_curve_10y_2y_initial,2026-08-07,2026-08-07,0.46
T10Y2Y,alfred_yield_curve_10y_2y_initial,2026-08-10,2026-08-10,0.47
T10Y2Y,alfred_yield_curve_10y_2y_initial,2026-08-11,2026-08-11,0.48
T10Y2Y,alfred_yield_curve_10y_2y_initial,2026-08-12,2026-08-12,0.48
T10Y2Y,alfred_yield_curve_10y_2y_initial,2026-08-13,2026-08-13,0.48
T10Y2Y,alfred_yield_curve_10y_2y_initial,2026-08-14,2026-08-14,0.51
T10Y2Y,alfred_yield_curve_10y_2y_initial,2026-08-17,2026-08-17,0.53
T10Y2Y,alfred_yield_curve_10y_2y_initial,2026-08-18,2026-08-18,0.52
T10Y2Y,alfred_yield_curve_10y_2y_initial,2026-08-19,2026-08-19,0.46
T10Y2Y,alfred_yield_curve_10y_2y_initial,2026-08-20,2026-08-20,0.5
T10Y2Y,alfred_yield_curve_10y_2y_initial,2026-08-21,2026-08-21,0.5
T10Y2Y,alfred_yield_curve_10y_2y_initial,2026-08-24,2026-08-24,0.46
T10Y2Y,alfred_yield_curve_10y_2y_initial,2026-08-25,2026-08-25,0.47
T10Y2Y,alfred_yield_curve_10y_2y_initial,2026-08-26,2026-08-26,0.47
T10Y2Y,alfred_yield_curve_10y_2y_initial,2026-08-27,2026-08-27,0.47
T10Y2Y,alfred_yield_curve_10y_2y_initial,2026-08-28,2026-08-28,0.39
T10Y2Y,alfred_yield_curve_10y_2y_initial,2026-08-31,2026-08-31,0.41
T10Y2Y,alfred_yield_curve_10y_2y_initial,2026-09-01,2026-09-01,0.4
T10Y2Y,alfred_yield_curve_10y_2y_initial,2026-09-02,2026-09-02,0.4
T10Y2Y,alfred_yield_curve_10y_2y_initial,2026-09-03,2026-09-03,0.43
T10Y2Y,alfred_yield_curve_10y_2y_initial,2026-09-04,2026-09-04,0.41
T10Y2Y,alfred_yield_curve_10y_2y_initial,2026-09-08,2026-09-08,0.41
T10Y2Y,alfred_yield_curve_10y_2y_initial,2026-09-09,2026-09-09,0.4
T10Y2Y,alfred_yield_curve_10y_2y_initial,2026-09-10,2026-09-10,0.39
T10Y2Y,alfred_yield_curve_10y_2y_initial,2026-09-11,2026-09-11,0.33
T10Y2Y,alfred_yield_curve_10y_2y_initial,2026-09-14,2026-09-14,0.32
T10Y2Y,alfred_yield_curve_10y_2y_initial,2026-09-15,2026-09-15,0.33
UNRATE,alfred_unemployment_initial,1960-03-01,1960-04-12,5.4
UNRATE,alfred_unemployment_initial,1960-04-01,1960-05-11,5.0
UNRATE,alfred_unemployment_initial,1960-05-01,1960-06-13,4.9
UNRATE,alfred_unemployment_initial,1960-06-01,1960-07-12,5.5
UNRATE,alfred_unemployment_initial,1960-07-01,1960-08-10,5.4
UNRATE,alfred_unemployment_initial,1960-08-01,1960-09-09,5.9
UNRATE,alfred_unemployment_initial,1960-09-01,1960-10-10,5.7
UNRATE,alfred_unemployment_initial,1960-10-01,1960-11-10,6.4
UNRATE,alfred_unemployment_initial,1960-11-01,1960-12-12,6.3
UNRATE,alfred_unemployment_initial,1960-12-01,1961-01-13,6.8
UNRATE,alfred_unemployment_initial,1961-01-01,1961-02-09,6.6
UNRATE,alfred_unemployment_initial,1961-02-01,1961-03-07,6.8
UNRATE,alfred_unemployment_initial,1961-03-01,1961-04-04,6.9
UNRATE,alfred_unemployment_initial,1961-04-01,1961-05-02,6.8
UNRATE,alfred_unemployment_initial,1961-05-01,1961-05-31,6.9
UNRATE,alfred_unemployment_initial,1961-06-01,1961-07-05,6.8
UNRATE,alfred_unemployment_initial,1961-07-01,1961-08-02,6.9
UNRATE,alfred_unemployment_initial,1961-08-01,1961-08-29,6.9
UNRATE,alfred_unemployment_initial,1961-09-01,1961-10-03,6.8
UNRATE,alfred_unemployment_initial,1961-10-01,1961-11-03,6.8
UNRATE,alfred_unemployment_initial,1961-11-01,1961-12-07,6.1
UNRATE,alfred_unemployment_initial,1961-12-01,1962-01-09,6.1
UNRATE,alfred_unemployment_initial,1962-01-01,1962-01-31,5.8
UNRATE,alfred_unemployment_initial,1962-02-01,1962-03-07,5.6
UNRATE,alfred_unemployment_initial,1962-03-01,1962-04-06,5.5
UNRATE,alfred_unemployment_initial,1962-04-01,1962-05-09,5.5
UNRATE,alfred_unemployment_initial,1962-05-01,1962-05-31,5.4
UNRATE,alfred_unemployment_initial,1962-06-01,1962-07-05,5.5
UNRATE,alfred_unemployment_initial,1962-07-01,1962-08-01,5.3
UNRATE,alfred_unemployment_initial,1962-08-01,1962-09-05,5.8
UNRATE,alfred_unemployment_initial,1962-09-01,1962-10-04,5.8
UNRATE,alfred_unemployment_initial,1962-10-01,1962-10-31,5.5
UNRATE,alfred_unemployment_initial,1962-11-01,1962-12-05,5.8
UNRATE,alfred_unemployment_initial,1962-12-01,1963-01-10,5.6
UNRATE,alfred_unemployment_initial,1963-01-01,1963-01-31,5.8
UNRATE,alfred_unemployment_initial,1963-02-01,1963-03-07,6.1
UNRATE,alfred_unemployment_initial,1963-03-01,1963-04-04,5.6
UNRATE,alfred_unemployment_initial,1963-04-01,1963-05-02,5.7
UNRATE,alfred_unemployment_initial,1963-05-01,1963-06-06,5.9
UNRATE,alfred_unemployment_initial,1963-06-01,1963-07-05,5.7
UNRATE,alfred_unemployment_initial,1963-07-01,1963-08-01,5.6
UNRATE,alfred_unemployment_initial,1963-08-01,1963-09-06,5.5
UNRATE,alfred_unemployment_initial,1963-09-01,1963-10-03,5.6
UNRATE,alfred_unemployment_initial,1963-10-01,1963-10-31,5.5
UNRATE,alfred_unemployment_initial,1963-11-01,1963-12-06,5.9
UNRATE,alfred_unemployment_initial,1963-12-01,1964-01-10,5.5
UNRATE,alfred_unemployment_initial,1964-01-01,1964-02-06,5.6
UNRATE,alfred_unemployment_initial,1964-02-01,1964-03-06,5.4
UNRATE,alfred_unemployment_initial,1964-03-01,1964-04-03,5.4
UNRATE,alfred_unemployment_initial,1964-04-01,1964-05-07,5.4
UNRATE,alfred_unemployment_initial,1964-05-01,1964-06-05,5.1
UNRATE,alfred_unemployment_initial,1964-06-01,1964-07-02,5.3
UNRATE,alfred_unemployment_initial,1964-07-01,1964-08-06,4.9
UNRATE,alfred_unemployment_initial,1964-08-01,1964-09-03,5.1
UNRATE,alfred_unemployment_initial,1964-09-01,1964-10-01,5.2
UNRATE,alfred_unemployment_initial,1964-10-01,1964-11-05,5.2
UNRATE,alfred_unemployment_initial,1964-11-01,1964-12-04,5.0
UNRATE,alfred_unemployment_initial,1964-12-01,1965-01-07,4.9
UNRATE,alfred_unemployment_initial,1965-01-01,1965-02-03,4.8
UNRATE,alfred_unemployment_initial,1965-02-01,1965-03-04,5.0
UNRATE,alfred_unemployment_initial,1965-03-01,1965-04-01,4.7
UNRATE,alfred_unemployment_initial,1965-04-01,1965-05-06,4.9
UNRATE,alfred_unemployment_initial,1965-05-01,1965-06-03,4.6
UNRATE,alfred_unemployment_initial,1965-06-01,1965-07-01,4.7
UNRATE,alfred_unemployment_initial,1965-07-01,1965-08-05,4.5
UNRATE,alfred_unemployment_initial,1965-08-01,1965-09-02,4.5
UNRATE,alfred_unemployment_initial,1965-09-01,1965-10-07,4.4
UNRATE,alfred_unemployment_initial,1965-10-01,1965-11-04,4.3
UNRATE,alfred_unemployment_initial,1965-11-01,1965-12-02,4.2
UNRATE,alfred_unemployment_initial,1965-12-01,1966-01-07,4.1
UNRATE,alfred_unemployment_initial,1966-01-01,1966-02-08,4.0
UNRATE,alfred_unemployment_initial,1966-02-01,1966-03-08,3.7
UNRATE,alfred_unemployment_initial,1966-03-01,1966-04-05,3.8
UNRATE,alfred_unemployment_initial,1966-04-01,1966-05-06,3.7
UNRATE,alfred_unemployment_initial,1966-05-01,1966-06-06,4.0
UNRATE,alfred_unemployment_initial,1966-06-01,1966-07-11,4.0
UNRATE,alfred_unemployment_initial,1966-07-01,1966-08-08,3.9
UNRATE,alfred_unemployment_initial,1966-08-01,1966-09-02,3.9
UNRATE,alfred_unemployment_initial,1966-09-01,1966-10-10,3.8
UNRATE,alfred_unemployment_initial,1966-10-01,1966-11-04,3.9
UNRATE,alfred_unemployment_initial,1966-11-01,1966-12-02,3.7
UNRATE,alfred_unemployment_initial,1966-12-01,1967-01-09,3.8
UNRATE,alfred_unemployment_initial,1967-01-01,1967-02-09,3.7
UNRATE,alfred_unemployment_initial,1967-02-01,1967-03-16,3.7
UNRATE,alfred_unemployment_initial,1967-03-01,1967-04-11,3.6
UNRATE,alfred_unemployment_initial,1967-04-01,1967-05-09,3.7
UNRATE,alfred_unemployment_initial,1967-05-01,1967-06-05,3.8
UNRATE,alfred_unemployment_initial,1967-06-01,1967-07-11,4.0
UNRATE,alfred_unemployment_initial,1967-07-01,1967-08-08,3.9
UNRATE,alfred_unemployment_initial,1967-08-01,1967-09-06,3.8
UNRATE,alfred_unemployment_initial,1967-09-01,1967-10-11,4.1
UNRATE,alfred_unemployment_initial,1967-10-01,1967-11-07,4.3
UNRATE,alfred_unemployment_initial,1967-11-01,1967-12-13,3.9
UNRATE,alfred_unemployment_initial,1967-12-01,1968-01-10,3.7
UNRATE,alfred_unemployment_initial,1968-01-01,1968-02-07,3.5
UNRATE,alfred_unemployment_initial,1968-02-01,1968-03-12,3.7
UNRATE,alfred_unemployment_initial,1968-03-01,1968-04-10,3.6
UNRATE,alfred_unemployment_initial,1968-04-01,1968-05-08,3.5
UNRATE,alfred_unemployment_initial,1968-05-01,1968-06-12,3.5
UNRATE,alfred_unemployment_initial,1968-06-01,1968-07-10,3.8
UNRATE,alfred_unemployment_initial,1968-07-01,1968-08-07,3.7
UNRATE,alfred_unemployment_initial,1968-08-01,1968-09-11,3.5
UNRATE,alfred_unemployment_initial,1968-09-01,1968-10-09,3.6
UNRATE,alfred_unemployment_initial,1968-10-01,1968-11-06,3.6
UNRATE,alfred_unemployment_initial,1968-11-01,1968-12-11,3.3
UNRATE,alfred_unemployment_initial,1968-12-01,1969-01-09,3.3
UNRATE,alfred_unemployment_initial,1969-01-01,1969-02-11,3.3
UNRATE,alfred_unemployment_initial,1969-02-01,1969-03-10,3.3
UNRATE,alfred_unemployment_initial,1969-03-01,1969-04-08,3.4
UNRATE,alfred_unemployment_initial,1969-04-01,1969-05-05,3.5
UNRATE,alfred_unemployment_initial,1969-05-01,1969-06-09,3.5
UNRATE,alfred_unemployment_initial,1969-06-01,1969-07-08,3.4
UNRATE,alfred_unemployment_initial,1969-07-01,1969-08-04,3.6
UNRATE,alfred_unemployment_initial,1969-08-01,1969-09-08,3.5
UNRATE,alfred_unemployment_initial,1969-09-01,1969-10-06,4.0
UNRATE,alfred_unemployment_initial,1969-10-01,1969-11-07,3.9
UNRATE,alfred_unemployment_initial,1969-11-01,1969-12-05,3.4
UNRATE,alfred_unemployment_initial,1969-12-01,1970-01-09,3.4
UNRATE,alfred_unemployment_initial,1970-01-01,1970-02-06,3.9
UNRATE,alfred_unemployment_initial,1970-02-01,1970-03-06,4.2
UNRATE,alfred_unemployment_initial,1970-03-01,1970-04-10,4.4
UNRATE,alfred_unemployment_initial,1970-04-01,1970-05-08,4.8
UNRATE,alfred_unemployment_initial,1970-05-01,1970-06-05,5.0
UNRATE,alfred_unemployment_initial,1970-06-01,1970-07-02,4.7
UNRATE,alfred_unemployment_initial,1970-07-01,1970-08-07,5.0
UNRATE,alfred_unemployment_initial,1970-08-01,1970-09-04,5.1
UNRATE,alfred_unemployment_initial,1970-09-01,1970-10-02,5.5
UNRATE,alfred_unemployment_initial,1970-10-01,1970-11-06,5.6
UNRATE,alfred_unemployment_initial,1970-11-01,1970-12-04,5.8
UNRATE,alfred_unemployment_initial,1970-12-01,1971-01-08,6.0
UNRATE,alfred_unemployment_initial,1971-01-01,1971-02-05,6.0
UNRATE,alfred_unemployment_initial,1971-02-01,1971-03-05,5.8
UNRATE,alfred_unemployment_initial,1971-03-01,1971-04-02,6.0
UNRATE,alfred_unemployment_initial,1971-04-01,1971-05-07,6.1
UNRATE,alfred_unemployment_initial,1971-05-01,1971-06-04,6.2
UNRATE,alfred_unemployment_initial,1971-06-01,1971-07-02,5.6
UNRATE,alfred_unemployment_initial,1971-07-01,1971-08-06,5.8
UNRATE,alfred_unemployment_initial,1971-08-01,1971-09-03,6.1
UNRATE,alfred_unemployment_initial,1971-09-01,1971-10-08,6.0
UNRATE,alfred_unemployment_initial,1971-10-01,1971-11-05,5.8
UNRATE,alfred_unemployment_initial,1971-11-01,1971-12-03,6.0
UNRATE,alfred_unemployment_initial,1971-12-01,1972-01-07,6.1
UNRATE,alfred_unemployment_initial,1972-01-01,1972-02-04,5.9
UNRATE,alfred_unemployment_initial,1972-02-01,1972-03-03,5.7
UNRATE,alfred_unemployment_initial,1972-03-01,1972-04-07,5.9
UNRATE,alfred_unemployment_initial,1972-04-01,1972-05-05,5.9
UNRATE,alfred_unemployment_initial,1972-05-01,1972-06-02,5.9
UNRATE,alfred_unemployment_initial,1972-06-01,1972-07-07,5.5
UNRATE,alfred_unemployment_initial,1972-07-01,1972-08-04,5.5
UNRATE,alfred_unemployment_initial,1972-08-01,1972-09-01,5.6
UNRATE,alfred_unemployment_initial,1972-09-01,1972-10-06,5.5
UNRATE,alfred_unemployment_initial,1972-10-01,1972-11-03,5.5
UNRATE,alfred_unemployment_initial,1972-11-01,1972-12-08,5.2
UNRATE,alfred_unemployment_initial,1972-12-01,1973-01-05,5.2
UNRATE,alfred_unemployment_initial,1973-01-01,1973-02-02,5.0
UNRATE,alfred_unemployment_initial,1973-02-01,1973-03-09,5.1
UNRATE,alfred_unemployment_initial,1973-03-01,1973-04-06,5.0
UNRATE,alfred_unemployment_initial,1973-04-01,1973-05-04,5.0
UNRATE,alfred_unemployment_initial,1973-05-01,1973-06-01,5.0
UNRATE,alfred_unemployment_initial,1973-06-01,1973-07-06,4.8
UNRATE,alfred_unemployment_initial,1973-07-01,1973-08-03,4.7
UNRATE,alfred_unemployment_initial,1973-08-01,1973-09-07,4.8
UNRATE,alfred_unemployment_initial,1973-09-01,1973-10-05,4.8
UNRATE,alfred_unemployment_initial,1973-10-01,1973-11-02,4.5
UNRATE,alfred_unemployment_initial,1973-11-01,1973-12-07,4.7
UNRATE,alfred_unemployment_initial,1973-12-01,1974-01-04,4.9
UNRATE,alfred_unemployment_initial,1974-01-01,1974-02-01,5.2
UNRATE,alfred_unemployment_initial,1974-02-01,1974-03-08,5.2
UNRATE,alfred_unemployment_initial,1974-03-01,1974-04-05,5.1
UNRATE,alfred_unemployment_initial,1974-04-01,1974-05-03,5.0
UNRATE,alfred_unemployment_initial,1974-05-01,1974-06-07,5.2
UNRATE,alfred_unemployment_initial,1974-06-01,1974-07-05,5.2
UNRATE,alfred_unemployment_initial,1974-07-01,1974-08-02,5.3
UNRATE,alfred_unemployment_initial,1974-08-01,1974-09-06,5.4
UNRATE,alfred_unemployment_initial,1974-09-01,1974-10-04,5.8
UNRATE,alfred_unemployment_initial,1974-10-01,1974-11-01,6.0
UNRATE,alfred_unemployment_initial,1974-11-01,1974-12-06,6.5
UNRATE,alfred_unemployment_initial,1974-12-01,1975-01-03,7.1
UNRATE,alfred_unemployment_initial,1975-01-01,1975-02-07,8.2
UNRATE,alfred_unemployment_initial,1975-02-01,1975-03-07,8.2
UNRATE,alfred_unemployment_initial,1975-03-01,1975-04-04,8.7
UNRATE,alfred_unemployment_initial,1975-04-01,1975-05-02,8.9
UNRATE,alfred_unemployment_initial,1975-05-01,1975-06-06,9.2
UNRATE,alfred_unemployment_initial,1975-06-01,1975-07-03,8.6
UNRATE,alfred_unemployment_initial,1975-07-01,1975-08-01,8.4
UNRATE,alfred_unemployment_initial,1975-08-01,1975-09-05,8.4
UNRATE,alfred_unemployment_initial,1975-09-01,1975-10-03,8.3
UNRATE,alfred_unemployment_initial,1975-10-01,1975-11-07,8.6
UNRATE,alfred_unemployment_initial,1975-11-01,1975-12-05,8.3
UNRATE,alfred_unemployment_initial,1975-12-01,1976-01-09,8.3
UNRATE,alfred_unemployment_initial,1976-01-01,1976-02-06,7.8
UNRATE,alfred_unemployment_initial,1976-02-01,1976-03-05,7.6
UNRATE,alfred_unemployment_initial,1976-03-01,1976-04-02,7.5
UNRATE,alfred_unemployment_initial,1976-04-01,1976-05-07,7.5
UNRATE,alfred_unemployment_initial,1976-05-01,1976-06-04,7.3
UNRATE,alfred_unemployment_initial,1976-06-01,1976-07-02,7.5
UNRATE,alfred_unemployment_initial,1976-07-01,1976-08-06,7.8
UNRATE,alfred_unemployment_initial,1976-08-01,1976-09-03,7.9
UNRATE,alfred_unemployment_initial,1976-09-01,1976-10-08,7.8
UNRATE,alfred_unemployment_initial,1976-10-01,1976-11-05,7.9
UNRATE,alfred_unemployment_initial,1976-11-01,1976-12-03,8.1
UNRATE,alfred_unemployment_initial,1976-12-01,1977-01-12,7.9
UNRATE,alfred_unemployment_initial,1977-01-01,1977-02-04,7.3
UNRATE,alfred_unemployment_initial,1977-02-01,1977-03-04,7.5
UNRATE,alfred_unemployment_initial,1977-03-01,1977-04-01,7.3
UNRATE,alfred_unemployment_initial,1977-04-01,1977-05-06,7.0
UNRATE,alfred_unemployment_initial,1977-05-01,1977-06-03,6.9
UNRATE,alfred_unemployment_initial,1977-06-01,1977-07-08,7.1
UNRATE,alfred_unemployment_initial,1977-07-01,1977-08-05,6.9
UNRATE,alfred_unemployment_initial,1977-08-01,1977-09-02,7.1
UNRATE,alfred_unemployment_initial,1977-09-01,1977-10-07,6.9
UNRATE,alfred_unemployment_initial,1977-10-01,1977-11-04,7.0
UNRATE,alfred_unemployment_initial,1977-11-01,1977-12-02,6.9
UNRATE,alfred_unemployment_initial,1977-12-01,1978-01-11,6.4
UNRATE,alfred_unemployment_initial,1978-01-01,1978-02-03,6.3
UNRATE,alfred_unemployment_initial,1978-02-01,1978-03-10,6.1
UNRATE,alfred_unemployment_initial,1978-03-01,1978-04-07,6.2
UNRATE,alfred_unemployment_initial,1978-04-01,1978-05-05,6.0
UNRATE,alfred_unemployment_initial,1978-05-01,1978-06-02,6.1
UNRATE,alfred_unemployment_initial,1978-06-01,1978-07-07,5.7
UNRATE,alfred_unemployment_initial,1978-07-01,1978-08-04,6.2
UNRATE,alfred_unemployment_initial,1978-08-01,1978-09-01,5.9
UNRATE,alfred_unemployment_initial,1978-09-01,1978-10-06,6.0
UNRATE,alfred_unemployment_initial,1978-10-01,1978-11-03,5.8
UNRATE,alfred_unemployment_initial,1978-11-01,1978-12-08,5.8
UNRATE,alfred_unemployment_initial,1978-12-01,1979-01-12,5.9
UNRATE,alfred_unemployment_initial,1979-01-01,1979-02-02,5.8
UNRATE,alfred_unemployment_initial,1979-02-01,1979-03-09,5.7
UNRATE,alfred_unemployment_initial,1979-03-01,1979-04-06,5.7
UNRATE,alfred_unemployment_initial,1979-04-01,1979-05-04,5.8
UNRATE,alfred_unemployment_initial,1979-05-01,1979-06-01,5.8
UNRATE,alfred_unemployment_initial,1979-06-01,1979-07-06,5.6
UNRATE,alfred_unemployment_initial,1979-07-01,1979-08-03,5.7
UNRATE,alfred_unemployment_initial,1979-08-01,1979-09-07,6.0
UNRATE,alfred_unemployment_initial,1979-09-01,1979-10-05,5.8
UNRATE,alfred_unemployment_initial,1979-10-01,1979-11-02,6.0
UNRATE,alfred_unemployment_initial,1979-11-01,1979-12-07,5.8
UNRATE,alfred_unemployment_initial,1979-12-01,1980-01-11,5.9
UNRATE,alfred_unemployment_initial,1980-01-01,1980-02-01,6.2
UNRATE,alfred_unemployment_initial,1980-02-01,1980-03-07,6.0
UNRATE,alfred_unemployment_initial,1980-03-01,1980-04-04,6.2
UNRATE,alfred_unemployment_initial,1980-04-01,1980-05-02,7.0
UNRATE,alfred_unemployment_initial,1980-05-01,1980-06-06,7.8
UNRATE,alfred_unemployment_initial,1980-06-01,1980-07-03,7.7
UNRATE,alfred_unemployment_initial,1980-07-01,1980-08-01,7.8
UNRATE,alfred_unemployment_initial,1980-08-01,1980-09-05,7.6
UNRATE,alfred_unemployment_initial,1980-09-01,1980-10-03,7.5
UNRATE,alfred_unemployment_initial,1980-10-01,1980-11-07,7.6
UNRATE,alfred_unemployment_initial,1980-11-01,1980-12-05,7.5
UNRATE,alfred_unemployment_initial,1980-12-01,1981-01-09,7.4
UNRATE,alfred_unemployment_initial,1981-01-01,1981-02-06,7.4
UNRATE,alfred_unemployment_initial,1981-02-01,1981-03-06,7.3
UNRATE,alfred_unemployment_initial,1981-03-01,1981-04-03,7.3
UNRATE,alfred_unemployment_initial,1981-04-01,1981-05-08,7.3
UNRATE,alfred_unemployment_initial,1981-05-01,1981-06-05,7.6
UNRATE,alfred_unemployment_initial,1981-06-01,1981-07-02,7.3
UNRATE,alfred_unemployment_initial,1981-07-01,1981-08-07,7.0
UNRATE,alfred_unemployment_initial,1981-08-01,1981-09-04,7.2
UNRATE,alfred_unemployment_initial,1981-09-01,1981-10-02,7.5
UNRATE,alfred_unemployment_initial,1981-10-01,1981-11-06,8.0
UNRATE,alfred_unemployment_initial,1981-11-01,1981-12-04,8.4
UNRATE,alfred_unemployment_initial,1981-12-01,1982-01-08,8.9
UNRATE,alfred_unemployment_initial,1982-01-01,1982-02-05,8.5
UNRATE,alfred_unemployment_initial,1982-02-01,1982-03-05,8.8
UNRATE,alfred_unemployment_initial,1982-03-01,1982-04-02,9.0
UNRATE,alfred_unemployment_initial,1982-04-01,1982-05-07,9.4
UNRATE,alfred_unemployment_initial,1982-05-01,1982-06-04,9.5
UNRATE,alfred_unemployment_initial,1982-06-01,1982-07-02,9.5
UNRATE,alfred_unemployment_initial,1982-07-01,1982-08-06,9.8
UNRATE,alfred_unemployment_initial,1982-08-01,1982-09-03,9.8
UNRATE,alfred_unemployment_initial,1982-09-01,1982-10-08,10.1
UNRATE,alfred_unemployment_initial,1982-10-01,1982-11-05,10.4
UNRATE,alfred_unemployment_initial,1982-11-01,1982-12-03,10.8
UNRATE,alfred_unemployment_initial,1982-12-01,1983-01-07,10.8
UNRATE,alfred_unemployment_initial,1983-01-01,1983-02-04,10.4
UNRATE,alfred_unemployment_initial,1983-02-01,1983-03-04,10.4
UNRATE,alfred_unemployment_initial,1983-03-01,1983-04-01,10.3
UNRATE,alfred_unemployment_initial,1983-04-01,1983-05-06,10.2
UNRATE,alfred_unemployment_initial,1983-05-01,1983-06-03,10.1
UNRATE,alfred_unemployment_initial,1983-06-01,1983-07-08,10.0
UNRATE,alfred_unemployment_initial,1983-07-01,1983-08-05,9.5
UNRATE,alfred_unemployment_initial,1983-08-01,1983-09-02,9.5
UNRATE,alfred_unemployment_initial,1983-09-01,1983-10-07,9.3
UNRATE,alfred_unemployment_initial,1983-10-01,1983-11-04,8.8
UNRATE,alfred_unemployment_initial,1983-11-01,1983-12-02,8.4
UNRATE,alfred_unemployment_initial,1983-12-01,1984-01-06,8.2
UNRATE,alfred_unemployment_initial,1984-01-01,1984-02-03,8.0
UNRATE,alfred_unemployment_initial,1984-02-01,1984-03-09,7.8
UNRATE,alfred_unemployment_initial,1984-03-01,1984-04-06,7.8
UNRATE,alfred_unemployment_initial,1984-04-01,1984-05-04,7.8
UNRATE,alfred_unemployment_initial,1984-05-01,1984-06-01,7.5
UNRATE,alfred_unemployment_initial,1984-06-01,1984-07-06,7.1
UNRATE,alfred_unemployment_initial,1984-07-01,1984-08-03,7.5
UNRATE,alfred_unemployment_initial,1984-08-01,1984-09-07,7.5
UNRATE,alfred_unemployment_initial,1984-09-01,1984-10-05,7.4
UNRATE,alfred_unemployment_initial,1984-10-01,1984-11-02,7.4
UNRATE,alfred_unemployment_initial,1984-11-01,1984-12-07,7.2
UNRATE,alfred_unemployment_initial,1984-12-01,1985-01-09,7.2
UNRATE,alfred_unemployment_initial,1985-01-01,1985-02-01,7.4
UNRATE,alfred_unemployment_initial,1985-02-01,1985-03-08,7.3
UNRATE,alfred_unemployment_initial,1985-03-01,1985-04-05,7.3
UNRATE,alfred_unemployment_initial,1985-04-01,1985-05-03,7.3
UNRATE,alfred_unemployment_initial,1985-05-01,1985-06-07,7.3
UNRATE,alfred_unemployment_initial,1985-06-01,1985-07-05,7.3
UNRATE,alfred_unemployment_initial,1985-07-01,1985-08-02,7.3
UNRATE,alfred_unemployment_initial,1985-08-01,1985-09-06,7.0
UNRATE,alfred_unemployment_initial,1985-09-01,1985-10-04,7.1
UNRATE,alfred_unemployment_initial,1985-10-01,1985-11-01,7.1
UNRATE,alfred_unemployment_initial,1985-11-01,1985-12-06,7.0
UNRATE,alfred_unemployment_initial,1985-12-01,1986-01-08,6.9
UNRATE,alfred_unemployment_initial,1986-01-01,1986-02-07,6.7
UNRATE,alfred_unemployment_initial,1986-02-01,1986-03-07,7.3
UNRATE,alfred_unemployment_initial,1986-03-01,1986-04-04,7.2
UNRATE,alfred_unemployment_initial,1986-04-01,1986-05-02,7.1
UNRATE,alfred_unemployment_initial,1986-05-01,1986-06-06,7.3
UNRATE,alfred_unemployment_initial,1986-06-01,1986-07-03,7.1
UNRATE,alfred_unemployment_initial,1986-07-01,1986-08-01,6.9
UNRATE,alfred_unemployment_initial,1986-08-01,1986-09-05,6.8
UNRATE,alfred_unemployment_initial,1986-09-01,1986-10-03,7.0
UNRATE,alfred_unemployment_initial,1986-10-01,1986-11-07,7.0
UNRATE,alfred_unemployment_initial,1986-11-01,1986-12-05,7.0
UNRATE,alfred_unemployment_initial,1986-12-01,1987-01-09,6.7
UNRATE,alfred_unemployment_initial,1987-01-01,1987-02-06,6.7
UNRATE,alfred_unemployment_initial,1987-02-01,1987-03-06,6.7
UNRATE,alfred_unemployment_initial,1987-03-01,1987-04-03,6.6
UNRATE,alfred_unemployment_initial,1987-04-01,1987-05-08,6.3
UNRATE,alfred_unemployment_initial,1987-05-01,1987-06-05,6.3
UNRATE,alfred_unemployment_initial,1987-06-01,1987-07-02,6.1
UNRATE,alfred_unemployment_initial,1987-07-01,1987-08-07,6.0
UNRATE,alfred_unemployment_initial,1987-08-01,1987-09-04,6.0
UNRATE,alfred_unemployment_initial,1987-09-01,1987-10-02,5.9
UNRATE,alfred_unemployment_initial,1987-10-01,1987-11-06,6.0
UNRATE,alfred_unemployment_initial,1987-11-01,1987-12-04,5.9
UNRATE,alfred_unemployment_initial,1987-12-01,1988-01-08,5.8
UNRATE,alfred_unemployment_initial,1988-01-01,1988-02-05,5.8
UNRATE,alfred_unemployment_initial,1988-02-01,1988-03-04,5.7
UNRATE,alfred_unemployment_initial,1988-03-01,1988-04-01,5.6
UNRATE,alfred_unemployment_initial,1988-04-01,1988-05-06,5.4
UNRATE,alfred_unemployment_initial,1988-05-01,1988-06-03,5.6
UNRATE,alfred_unemployment_initial,1988-06-01,1988-07-08,5.3
UNRATE,alfred_unemployment_initial,1988-07-01,1988-08-05,5.4
UNRATE,alfred_unemployment_initial,1988-08-01,1988-09-02,5.6
UNRATE,alfred_unemployment_initial,1988-09-01,1988-10-07,5.4
UNRATE,alfred_unemployment_initial,1988-10-01,1988-11-04,5.3
UNRATE,alfred_unemployment_initial,1988-11-01,1988-12-02,5.4
UNRATE,alfred_unemployment_initial,1988-12-01,1989-01-06,5.3
UNRATE,alfred_unemployment_initial,1989-01-01,1989-02-03,5.4
UNRATE,alfred_unemployment_initial,1989-02-01,1989-03-10,5.1
UNRATE,alfred_unemployment_initial,1989-03-01,1989-04-07,5.0
UNRATE,alfred_unemployment_initial,1989-04-01,1989-05-05,5.3
UNRATE,alfred_unemployment_initial,1989-05-01,1989-06-02,5.2
UNRATE,alfred_unemployment_initial,1989-06-01,1989-07-07,5.3
UNRATE,alfred_unemployment_initial,1989-07-01,1989-08-04,5.2
UNRATE,alfred_unemployment_initial,1989-08-01,1989-09-01,5.2
UNRATE,alfred_unemployment_initial,1989-09-01,1989-10-06,5.3
UNRATE,alfred_unemployment_initial,1989-10-01,1989-11-03,5.3
UNRATE,alfred_unemployment_initial,1989-11-01,1989-12-08,5.4
UNRATE,alfred_unemployment_initial,1989-12-01,1990-01-05,5.3
UNRATE,alfred_unemployment_initial,1990-01-01,1990-02-02,5.3
UNRATE,alfred_unemployment_initial,1990-02-01,1990-03-09,5.3
UNRATE,alfred_unemployment_initial,1990-03-01,1990-04-06,5.2
UNRATE,alfred_unemployment_initial,1990-04-01,1990-05-04,5.4
UNRATE,alfred_unemployment_initial,1990-05-01,1990-06-01,5.3
UNRATE,alfred_unemployment_initial,1990-06-01,1990-07-06,5.2
UNRATE,alfred_unemployment_initial,1990-07-01,1990-08-03,5.5
UNRATE,alfred_unemployment_initial,1990-08-01,1990-09-07,5.6
UNRATE,alfred_unemployment_initial,1990-09-01,1990-10-05,5.7
UNRATE,alfred_unemployment_initial,1990-10-01,1990-11-02,5.7
UNRATE,alfred_unemployment_initial,1990-11-01,1990-12-07,5.9
UNRATE,alfred_unemployment_initial,1990-12-01,1991-01-04,6.1
UNRATE,alfred_unemployment_initial,1991-01-01,1991-02-01,6.2
UNRATE,alfred_unemployment_initial,1991-02-01,1991-03-08,6.5
UNRATE,alfred_unemployment_initial,1991-03-01,1991-04-05,6.8
UNRATE,alfred_unemployment_initial,1991-04-01,1991-05-03,6.6
UNRATE,alfred_unemployment_initial,1991-05-01,1991-06-07,6.9
UNRATE,alfred_unemployment_initial,1991-06-01,1991-07-05,7.0
UNRATE,alfred_unemployment_initial,1991-07-01,1991-08-02,6.8
UNRATE,alfred_unemployment_initial,1991-08-01,1991-09-06,6.8
UNRATE,alfred_unemployment_initial,1991-09-01,1991-10-04,6.7
UNRATE,alfred_unemployment_initial,1991-10-01,1991-11-01,6.8
UNRATE,alfred_unemployment_initial,1991-11-01,1991-12-06,6.8
UNRATE,alfred_unemployment_initial,1991-12-01,1992-01-10,7.1
UNRATE,alfred_unemployment_initial,1992-01-01,1992-02-07,7.1
UNRATE,alfred_unemployment_initial,1992-02-01,1992-03-06,7.3
UNRATE,alfred_unemployment_initial,1992-03-01,1992-04-03,7.3
UNRATE,alfred_unemployment_initial,1992-04-01,1992-05-08,7.2
UNRATE,alfred_unemployment_initial,1992-05-01,1992-06-05,7.5
UNRATE,alfred_unemployment_initial,1992-06-01,1992-07-02,7.8
UNRATE,alfred_unemployment_initial,1992-07-01,1992-08-07,7.7
UNRATE,alfred_unemployment_initial,1992-08-01,1992-09-04,7.6
UNRATE,alfred_unemployment_initial,1992-09-01,1992-10-02,7.5
UNRATE,alfred_unemployment_initial,1992-10-01,1992-11-06,7.4
UNRATE,alfred_unemployment_initial,1992-11-01,1992-12-04,7.2
UNRATE,alfred_unemployment_initial,1992-12-01,1993-01-08,7.3
UNRATE,alfred_unemployment_initial,1993-01-01,1993-02-05,7.1
UNRATE,alfred_unemployment_initial,1993-02-01,1993-03-05,7.0
UNRATE,alfred_unemployment_initial,1993-03-01,1993-04-02,7.0
UNRATE,alfred_unemployment_initial,1993-04-01,1993-05-07,7.0
UNRATE,alfred_unemployment_initial,1993-05-01,1993-06-04,6.9
UNRATE,alfred_unemployment_initial,1993-06-01,1993-07-02,7.0
UNRATE,alfred_unemployment_initial,1993-07-01,1993-08-06,6.8
UNRATE,alfred_unemployment_initial,1993-08-01,1993-09-03,6.7
UNRATE,alfred_unemployment_initial,1993-09-01,1993-10-08,6.7
UNRATE,alfred_unemployment_initial,1993-10-01,1993-11-05,6.8
UNRATE,alfred_unemployment_initial,1993-11-01,1993-12-03,6.4
UNRATE,alfred_unemployment_initial,1993-12-01,1994-01-07,6.4
UNRATE,alfred_unemployment_initial,1994-01-01,1994-02-04,6.7
UNRATE,alfred_unemployment_initial,1994-02-01,1994-03-04,6.5
UNRATE,alfred_unemployment_initial,1994-03-01,1994-04-01,6.5
UNRATE,alfred_unemployment_initial,1994-04-01,1994-05-06,6.4
UNRATE,alfred_unemployment_initial,1994-05-01,1994-06-03,6.0
UNRATE,alfred_unemployment_initial,1994-06-01,1994-07-08,6.0
UNRATE,alfred_unemployment_initial,1994-07-01,1994-08-05,6.1
UNRATE,alfred_unemployment_initial,1994-08-01,1994-09-02,6.1
UNRATE,alfred_unemployment_initial,1994-09-01,1994-10-07,5.9
UNRATE,alfred_unemployment_initial,1994-10-01,1994-11-04,5.8
UNRATE,alfred_unemployment_initial,1994-11-01,1994-12-02,5.6
UNRATE,alfred_unemployment_initial,1994-12-01,1995-01-06,5.4
UNRATE,alfred_unemployment_initial,1995-01-01,1995-02-03,5.7
UNRATE,alfred_unemployment_initial,1995-02-01,1995-03-10,5.4
UNRATE,alfred_unemployment_initial,1995-03-01,1995-04-07,5.5
UNRATE,alfred_unemployment_initial,1995-04-01,1995-05-05,5.8
UNRATE,alfred_unemployment_initial,1995-05-01,1995-06-02,5.7
UNRATE,alfred_unemployment_initial,1995-06-01,1995-07-07,5.6
UNRATE,alfred_unemployment_initial,1995-07-01,1995-08-04,5.7
UNRATE,alfred_unemployment_initial,1995-08-01,1995-09-01,5.6
UNRATE,alfred_unemployment_initial,1995-09-01,1995-10-06,5.6
UNRATE,alfred_unemployment_initial,1995-10-01,1995-11-03,5.5
UNRATE,alfred_unemployment_initial,1995-11-01,1995-12-08,5.6
UNRATE,alfred_unemployment_initial,1995-12-01,1996-01-19,5.6
UNRATE,alfred_unemployment_initial,1996-01-01,1996-02-02,5.8
UNRATE,alfred_unemployment_initial,1996-02-01,1996-03-08,5.5
UNRATE,alfred_unemployment_initial,1996-03-01,1996-04-05,5.6
UNRATE,alfred_unemployment_initial,1996-04-01,1996-05-03,5.4
UNRATE,alfred_unemployment_initial,1996-05-01,1996-06-07,5.6
UNRATE,alfred_unemployment_initial,1996-06-01,1996-07-05,5.3
UNRATE,alfred_unemployment_initial,1996-07-01,1996-08-02,5.4
UNRATE,alfred_unemployment_initial,1996-08-01,1996-09-06,5.1
UNRATE,alfred_unemployment_initial,1996-09-01,1996-10-04,5.2
UNRATE,alfred_unemployment_initial,1996-10-01,1996-11-01,5.2
UNRATE,alfred_unemployment_initial,1996-11-01,1996-12-06,5.4
UNRATE,alfred_unemployment_initial,1996-12-01,1997-01-10,5.3
UNRATE,alfred_unemployment_initial,1997-01-01,1997-02-07,5.4
UNRATE,alfred_unemployment_initial,1997-02-01,1997-03-07,5.3
UNRATE,alfred_unemployment_initial,1997-03-01,1997-04-04,5.2
UNRATE,alfred_unemployment_initial,1997-04-01,1997-05-02,4.9
UNRATE,alfred_unemployment_initial,1997-05-01,1997-06-06,4.8
UNRATE,alfred_unemployment_initial,1997-06-01,1997-07-03,5.0
UNRATE,alfred_unemployment_initial,1997-07-01,1997-08-01,4.8
UNRATE,alfred_unemployment_initial,1997-08-01,1997-09-05,4.9
UNRATE,alfred_unemployment_initial,1997-09-01,1997-10-03,4.9
UNRATE,alfred_unemployment_initial,1997-10-01,1997-11-07,4.7
UNRATE,alfred_unemployment_initial,1997-11-01,1997-12-05,4.6
UNRATE,alfred_unemployment_initial,1997-12-01,1998-01-09,4.7
UNRATE,alfred_unemployment_initial,1998-01-01,1998-02-06,4.7
UNRATE,alfred_unemployment_initial,1998-02-01,1998-03-06,4.6
UNRATE,alfred_unemployment_initial,1998-03-01,1998-04-03,4.7
UNRATE,alfred_unemployment_initial,1998-04-01,1998-05-08,4.3
UNRATE,alfred_unemployment_initial,1998-05-01,1998-06-05,4.3
UNRATE,alfred_unemployment_initial,1998-06-01,1998-07-02,4.5
UNRATE,alfred_unemployment_initial,1998-07-01,1998-08-07,4.5
UNRATE,alfred_unemployment_initial,1998-08-01,1998-09-04,4.5
UNRATE,alfred_unemployment_initial,1998-09-01,1998-10-02,4.6
UNRATE,alfred_unemployment_initial,1998-10-01,1998-11-05,4.6
UNRATE,alfred_unemployment_initial,1998-11-01,1998-12-04,4.4
UNRATE,alfred_unemployment_initial,1998-12-01,1999-01-08,4.3
UNRATE,alfred_unemployment_initial,1999-01-01,1999-02-05,4.3
UNRATE,alfred_unemployment_initial,1999-02-01,1999-03-05,4.4
UNRATE,alfred_unemployment_initial,1999-03-01,1999-04-02,4.2
UNRATE,alfred_unemployment_initial,1999-04-01,1999-05-07,4.3
UNRATE,alfred_unemployment_initial,1999-05-01,1999-06-04,4.2
UNRATE,alfred_unemployment_initial,1999-06-01,1999-07-02,4.3
UNRATE,alfred_unemployment_initial,1999-07-01,1999-08-06,4.3
UNRATE,alfred_unemployment_initial,1999-08-01,1999-09-03,4.2
UNRATE,alfred_unemployment_initial,1999-09-01,1999-10-08,4.2
UNRATE,alfred_unemployment_initial,1999-10-01,1999-11-05,4.1
UNRATE,alfred_unemployment_initial,1999-11-01,1999-12-03,4.1
UNRATE,alfred_unemployment_initial,1999-12-01,2000-01-07,4.1
UNRATE,alfred_unemployment_initial,2000-01-01,2000-02-04,4.0
UNRATE,alfred_unemployment_initial,2000-02-01,2000-03-03,4.1
UNRATE,alfred_unemployment_initial,2000-03-01,2000-04-07,4.1
UNRATE,alfred_unemployment_initial,2000-04-01,2000-05-05,3.9
UNRATE,alfred_unemployment_initial,2000-05-01,2000-06-02,4.1
UNRATE,alfred_unemployment_initial,2000-06-01,2000-07-07,4.0
UNRATE,alfred_unemployment_initial,2000-07-01,2000-08-04,4.0
UNRATE,alfred_unemployment_initial,2000-08-01,2000-09-01,4.1
UNRATE,alfred_unemployment_initial,2000-09-01,2000-10-06,3.9
UNRATE,alfred_unemployment_initial,2000-10-01,2000-11-03,3.9
UNRATE,alfred_unemployment_initial,2000-11-01,2000-12-08,4.0
UNRATE,alfred_unemployment_initial,2000-12-01,2001-01-05,4.0
UNRATE,alfred_unemployment_initial,2001-01-01,2001-02-02,4.2
UNRATE,alfred_unemployment_initial,2001-02-01,2001-03-09,4.2
UNRATE,alfred_unemployment_initial,2001-03-01,2001-04-06,4.3
UNRATE,alfred_unemployment_initial,2001-04-01,2001-05-04,4.5
UNRATE,alfred_unemployment_initial,2001-05-01,2001-06-01,4.4
UNRATE,alfred_unemployment_initial,2001-06-01,2001-07-06,4.5
UNRATE,alfred_unemployment_initial,2001-07-01,2001-08-03,4.5
UNRATE,alfred_unemployment_initial,2001-08-01,2001-09-07,4.9
UNRATE,alfred_unemployment_initial,2001-09-01,2001-10-05,4.9
UNRATE,alfred_unemployment_initial,2001-10-01,2001-11-02,5.4
UNRATE,alfred_unemployment_initial,2001-11-01,2001-12-07,5.7
UNRATE,alfred_unemployment_initial,2001-12-01,2002-01-04,5.8
UNRATE,alfred_unemployment_initial,2002-01-01,2002-02-01,5.6
UNRATE,alfred_unemployment_initial,2002-02-01,2002-03-08,5.5
UNRATE,alfred_unemployment_initial,2002-03-01,2002-04-05,5.7
UNRATE,alfred_unemployment_initial,2002-04-01,2002-05-03,6.0
UNRATE,alfred_unemployment_initial,2002-05-01,2002-06-07,5.8
UNRATE,alfred_unemployment_initial,2002-06-01,2002-07-05,5.9
UNRATE,alfred_unemployment_initial,2002-07-01,2002-08-02,5.9
UNRATE,alfred_unemployment_initial,2002-08-01,2002-09-06,5.7
UNRATE,alfred_unemployment_initial,2002-09-01,2002-10-04,5.6
UNRATE,alfred_unemployment_initial,2002-10-01,2002-11-01,5.7
UNRATE,alfred_unemployment_initial,2002-11-01,2002-12-06,6.0
UNRATE,alfred_unemployment_initial,2002-12-01,2003-01-10,6.0
UNRATE,alfred_unemployment_initial,2003-01-01,2003-02-07,5.7
UNRATE,alfred_unemployment_initial,2003-02-01,2003-03-07,5.8
UNRATE,alfred_unemployment_initial,2003-03-01,2003-04-04,5.8
UNRATE,alfred_unemployment_initial,2003-04-01,2003-05-02,6.0
UNRATE,alfred_unemployment_initial,2003-05-01,2003-06-06,6.1
UNRATE,alfred_unemployment_initial,2003-06-01,2003-07-03,6.4
UNRATE,alfred_unemployment_initial,2003-07-01,2003-08-01,6.2
UNRATE,alfred_unemployment_initial,2003-08-01,2003-09-05,6.1
UNRATE,alfred_unemployment_initial,2003-09-01,2003-10-03,6.1
UNRATE,alfred_unemployment_initial,2003-10-01,2003-11-07,6.0
UNRATE,alfred_unemployment_initial,2003-11-01,2003-12-05,5.9
UNRATE,alfred_unemployment_initial,2003-12-01,2004-01-09,5.7
UNRATE,alfred_unemployment_initial,2004-01-01,2004-02-06,5.6
UNRATE,alfred_unemployment_initial,2004-02-01,2004-03-05,5.6
UNRATE,alfred_unemployment_initial,2004-03-01,2004-04-02,5.7
UNRATE,alfred_unemployment_initial,2004-04-01,2004-05-07,5.6
UNRATE,alfred_unemployment_initial,2004-05-01,2004-06-04,5.6
UNRATE,alfred_unemployment_initial,2004-06-01,2004-07-02,5.6
UNRATE,alfred_unemployment_initial,2004-07-01,2004-08-06,5.5
UNRATE,alfred_unemployment_initial,2004-08-01,2004-09-03,5.4
UNRATE,alfred_unemployment_initial,2004-09-01,2004-10-08,5.4
UNRATE,alfred_unemployment_initial,2004-10-01,2004-11-05,5.5
UNRATE,alfred_unemployment_initial,2004-11-01,2004-12-03,5.4
UNRATE,alfred_unemployment_initial,2004-12-01,2005-01-07,5.4
UNRATE,alfred_unemployment_initial,2005-01-01,2005-02-04,5.2
UNRATE,alfred_unemployment_initial,2005-02-01,2005-03-04,5.4
UNRATE,alfred_unemployment_initial,2005-03-01,2005-04-01,5.2
UNRATE,alfred_unemployment_initial,2005-04-01,2005-05-06,5.2
UNRATE,alfred_unemployment_initial,2005-05-01,2005-06-03,5.1
UNRATE,alfred_unemployment_initial,2005-06-01,2005-07-08,5.0
UNRATE,alfred_unemployment_initial,2005-07-01,2005-08-05,5.0
UNRATE,alfred_unemployment_initial,2005-08-01,2005-09-02,4.9
UNRATE,alfred_unemployment_initial,2005-09-01,2005-10-07,5.1
UNRATE,alfred_unemployment_initial,2005-10-01,2005-11-04,5.0
UNRATE,alfred_unemployment_initial,2005-11-01,2005-12-02,5.0
UNRATE,alfred_unemployment_initial,2005-12-01,2006-01-06,4.9
UNRATE,alfred_unemployment_initial,2006-01-01,2006-02-03,4.7
UNRATE,alfred_unemployment_initial,2006-02-01,2006-03-10,4.8
UNRATE,alfred_unemployment_initial,2006-03-01,2006-04-07,4.7
UNRATE,alfred_unemployment_initial,2006-04-01,2006-05-05,4.7
UNRATE,alfred_unemployment_initial,2006-05-01,2006-06-02,4.6
UNRATE,alfred_unemployment_initial,2006-06-01,2006-07-07,4.6
UNRATE,alfred_unemployment_initial,2006-07-01,2006-08-04,4.8
UNRATE,alfred_unemployment_initial,2006-08-01,2006-09-01,4.7
UNRATE,alfred_unemployment_initial,2006-09-01,2006-10-06,4.6
UNRATE,alfred_unemployment_initial,2006-10-01,2006-11-03,4.4
UNRATE,alfred_unemployment_initial,2006-11-01,2006-12-08,4.5
UNRATE,alfred_unemployment_initial,2006-12-01,2007-01-05,4.5
UNRATE,alfred_unemployment_initial,2007-01-01,2007-02-02,4.6
UNRATE,alfred_unemployment_initial,2007-02-01,2007-03-09,4.5
UNRATE,alfred_unemployment_initial,2007-03-01,2007-04-06,4.4
UNRATE,alfred_unemployment_initial,2007-04-01,2007-05-04,4.5
UNRATE,alfred_unemployment_initial,2007-05-01,2007-06-01,4.5
UNRATE,alfred_unemployment_initial,2007-06-01,2007-07-06,4.5
UNRATE,alfred_unemployment_initial,2007-07-01,2007-08-03,4.6
UNRATE,alfred_unemployment_initial,2007-08-01,2007-09-07,4.6
UNRATE,alfred_unemployment_initial,2007-09-01,2007-10-05,4.7
UNRATE,alfred_unemployment_initial,2007-10-01,2007-11-02,4.7
UNRATE,alfred_unemployment_initial,2007-11-01,2007-12-07,4.7
UNRATE,alfred_unemployment_initial,2007-12-01,2008-01-04,5.0
UNRATE,alfred_unemployment_initial,2008-01-01,2008-02-01,4.9
UNRATE,alfred_unemployment_initial,2008-02-01,2008-03-07,4.8
UNRATE,alfred_unemployment_initial,2008-03-01,2008-04-04,5.1
UNRATE,alfred_unemployment_initial,2008-04-01,2008-05-02,5.0
UNRATE,alfred_unemployment_initial,2008-05-01,2008-06-06,5.5
UNRATE,alfred_unemployment_initial,2008-06-01,2008-07-03,5.5
UNRATE,alfred_unemployment_initial,2008-07-01,2008-08-01,5.7
UNRATE,alfred_unemployment_initial,2008-08-01,2008-09-05,6.1
UNRATE,alfred_unemployment_initial,2008-09-01,2008-10-03,6.1
UNRATE,alfred_unemployment_initial,2008-10-01,2008-11-07,6.5
UNRATE,alfred_unemployment_initial,2008-11-01,2008-12-05,6.7
UNRATE,alfred_unemployment_initial,2008-12-01,2009-01-09,7.2
UNRATE,alfred_unemployment_initial,2009-01-01,2009-02-06,7.6
UNRATE,alfred_unemployment_initial,2009-02-01,2009-03-06,8.1
UNRATE,alfred_unemployment_initial,2009-03-01,2009-04-03,8.5
UNRATE,alfred_unemployment_initial,2009-04-01,2009-05-08,8.9
UNRATE,alfred_unemployment_initial,2009-05-01,2009-06-05,9.4
UNRATE,alfred_unemployment_initial,2009-06-01,2009-07-02,9.5
UNRATE,alfred_unemployment_initial,2009-07-01,2009-08-07,9.4
UNRATE,alfred_unemployment_initial,2009-08-01,2009-09-04,9.7
UNRATE,alfred_unemployment_initial,2009-09-01,2009-10-02,9.8
UNRATE,alfred_unemployment_initial,2009-10-01,2009-11-06,10.2
UNRATE,alfred_unemployment_initial,2009-11-01,2009-12-04,10.0
UNRATE,alfred_unemployment_initial,2009-12-01,2010-01-08,10.0
UNRATE,alfred_unemployment_initial,2010-01-01,2010-02-05,9.7
UNRATE,alfred_unemployment_initial,2010-02-01,2010-03-05,9.7
UNRATE,alfred_unemployment_initial,2010-03-01,2010-04-02,9.7
UNRATE,alfred_unemployment_initial,2010-04-01,2010-05-07,9.9
UNRATE,alfred_unemployment_initial,2010-05-01,2010-06-04,9.7
UNRATE,alfred_unemployment_initial,2010-06-01,2010-07-02,9.5
UNRATE,alfred_unemployment_initial,2010-07-01,2010-08-06,9.5
UNRATE,alfred_unemployment_initial,2010-08-01,2010-09-03,9.6
UNRATE,alfred_unemployment_initial,2010-09-01,2010-10-08,9.6
UNRATE,alfred_unemployment_initial,2010-10-01,2010-11-05,9.6
UNRATE,alfred_unemployment_initial,2010-11-01,2010-12-03,9.8
UNRATE,alfred_unemployment_initial,2010-12-01,2011-01-07,9.4
UNRATE,alfred_unemployment_initial,2011-01-01,2011-02-04,9.0
UNRATE,alfred_unemployment_initial,2011-02-01,2011-03-04,8.9
UNRATE,alfred_unemployment_initial,2011-03-01,2011-04-01,8.8
UNRATE,alfred_unemployment_initial,2011-04-01,2011-05-06,9.0
UNRATE,alfred_unemployment_initial,2011-05-01,2011-06-03,9.1
UNRATE,alfred_unemployment_initial,2011-06-01,2011-07-08,9.2
UNRATE,alfred_unemployment_initial,2011-07-01,2011-08-05,9.1
UNRATE,alfred_unemployment_initial,2011-08-01,2011-09-02,9.1
UNRATE,alfred_unemployment_initial,2011-09-01,2011-10-07,9.1
UNRATE,alfred_unemployment_initial,2011-10-01,2011-11-04,9.0
UNRATE,alfred_unemployment_initial,2011-11-01,2011-12-02,8.6
UNRATE,alfred_unemployment_initial,2011-12-01,2012-01-06,8.5
UNRATE,alfred_unemployment_initial,2012-01-01,2012-02-03,8.3
UNRATE,alfred_unemployment_initial,2012-02-01,2012-03-09,8.3
UNRATE,alfred_unemployment_initial,2012-03-01,2012-04-06,8.2
UNRATE,alfred_unemployment_initial,2012-04-01,2012-05-04,8.1
UNRATE,alfred_unemployment_initial,2012-05-01,2012-06-01,8.2
UNRATE,alfred_unemployment_initial,2012-06-01,2012-07-06,8.2
UNRATE,alfred_unemployment_initial,2012-07-01,2012-08-03,8.3
UNRATE,alfred_unemployment_initial,2012-08-01,2012-09-07,8.1
UNRATE,alfred_unemployment_initial,2012-09-01,2012-10-05,7.8
UNRATE,alfred_unemployment_initial,2012-10-01,2012-11-02,7.9
UNRATE,alfred_unemployment_initial,2012-11-01,2012-12-07,7.7
UNRATE,alfred_unemployment_initial,2012-12-01,2013-01-04,7.8
UNRATE,alfred_unemployment_initial,2013-01-01,2013-02-01,7.9
UNRATE,alfred_unemployment_initial,2013-02-01,2013-03-08,7.7
UNRATE,alfred_unemployment_initial,2013-03-01,2013-04-05,7.6
UNRATE,alfred_unemployment_initial,2013-04-01,2013-05-03,7.5
UNRATE,alfred_unemployment_initial,2013-05-01,2013-06-07,7.6
UNRATE,alfred_unemployment_initial,2013-06-01,2013-07-05,7.6
UNRATE,alfred_unemployment_initial,2013-07-01,2013-08-02,7.4
UNRATE,alfred_unemployment_initial,2013-08-01,2013-09-06,7.3
UNRATE,alfred_unemployment_initial,2013-09-01,2013-10-22,7.2
UNRATE,alfred_unemployment_initial,2013-10-01,2013-11-08,7.3
UNRATE,alfred_unemployment_initial,2013-11-01,2013-12-06,7.0
UNRATE,alfred_unemployment_initial,2013-12-01,2014-01-10,6.7
UNRATE,alfred_unemployment_initial,2014-01-01,2014-02-07,6.6
UNRATE,alfred_unemployment_initial,2014-02-01,2014-03-07,6.7
UNRATE,alfred_unemployment_initial,2014-03-01,2014-04-04,6.7
UNRATE,alfred_unemployment_initial,2014-04-01,2014-05-02,6.3
UNRATE,alfred_unemployment_initial,2014-05-01,2014-06-06,6.3
UNRATE,alfred_unemployment_initial,2014-06-01,2014-07-03,6.1
UNRATE,alfred_unemployment_initial,2014-07-01,2014-08-01,6.2
UNRATE,alfred_unemployment_initial,2014-08-01,2014-09-05,6.1
UNRATE,alfred_unemployment_initial,2014-09-01,2014-10-03,5.9
UNRATE,alfred_unemployment_initial,2014-10-01,2014-11-07,5.8
UNRATE,alfred_unemployment_initial,2014-11-01,2014-12-05,5.8
UNRATE,alfred_unemployment_initial,2014-12-01,2015-01-09,5.6
UNRATE,alfred_unemployment_initial,2015-01-01,2015-02-06,5.7
UNRATE,alfred_unemployment_initial,2015-02-01,2015-03-06,5.5
UNRATE,alfred_unemployment_initial,2015-03-01,2015-04-03,5.5
UNRATE,alfred_unemployment_initial,2015-04-01,2015-05-08,5.4
UNRATE,alfred_unemployment_initial,2015-05-01,2015-06-05,5.5
UNRATE,alfred_unemployment_initial,2015-06-01,2015-07-02,5.3
UNRATE,alfred_unemployment_initial,2015-07-01,2015-08-07,5.3
UNRATE,alfred_unemployment_initial,2015-08-01,2015-09-04,5.1
UNRATE,alfred_unemployment_initial,2015-09-01,2015-10-02,5.1
UNRATE,alfred_unemployment_initial,2015-10-01,2015-11-06,5.0
UNRATE,alfred_unemployment_initial,2015-11-01,2015-12-04,5.0
UNRATE,alfred_unemployment_initial,2015-12-01,2016-01-08,5.0
UNRATE,alfred_unemployment_initial,2016-01-01,2016-02-05,4.9
UNRATE,alfred_unemployment_initial,2016-02-01,2016-03-04,4.9
UNRATE,alfred_unemployment_initial,2016-03-01,2016-04-01,5.0
UNRATE,alfred_unemployment_initial,2016-04-01,2016-05-06,5.0
UNRATE,alfred_unemployment_initial,2016-05-01,2016-06-03,4.7
UNRATE,alfred_unemployment_initial,2016-06-01,2016-07-08,4.9
UNRATE,alfred_unemployment_initial,2016-07-01,2016-08-05,4.9
UNRATE,alfred_unemployment_initial,2016-08-01,2016-09-02,4.9
UNRATE,alfred_unemployment_initial,2016-09-01,2016-10-07,5.0
UNRATE,alfred_unemployment_initial,2016-10-01,2016-11-04,4.9
UNRATE,alfred_unemployment_initial,2016-11-01,2016-12-02,4.6
UNRATE,alfred_unemployment_initial,2016-12-01,2017-01-06,4.7
UNRATE,alfred_unemployment_initial,2017-01-01,2017-02-03,4.8
UNRATE,alfred_unemployment_initial,2017-02-01,2017-03-10,4.7
UNRATE,alfred_unemployment_initial,2017-03-01,2017-04-07,4.5
UNRATE,alfred_unemployment_initial,2017-04-01,2017-05-05,4.4
UNRATE,alfred_unemployment_initial,2017-05-01,2017-06-02,4.3
UNRATE,alfred_unemployment_initial,2017-06-01,2017-07-07,4.4
UNRATE,alfred_unemployment_initial,2017-07-01,2017-08-04,4.3
UNRATE,alfred_unemployment_initial,2017-08-01,2017-09-01,4.4
UNRATE,alfred_unemployment_initial,2017-09-01,2017-10-06,4.2
UNRATE,alfred_unemployment_initial,2017-10-01,2017-11-03,4.1
UNRATE,alfred_unemployment_initial,2017-11-01,2017-12-08,4.1
UNRATE,alfred_unemployment_initial,2017-12-01,2018-01-05,4.1
UNRATE,alfred_unemployment_initial,2018-01-01,2018-02-02,4.1
UNRATE,alfred_unemployment_initial,2018-02-01,2018-03-09,4.1
UNRATE,alfred_unemployment_initial,2018-03-01,2018-04-06,4.1
UNRATE,alfred_unemployment_initial,2018-04-01,2018-05-04,3.9
UNRATE,alfred_unemployment_initial,2018-05-01,2018-06-01,3.8
UNRATE,alfred_unemployment_initial,2018-06-01,2018-07-06,4.0
UNRATE,alfred_unemployment_initial,2018-07-01,2018-08-03,3.9
UNRATE,alfred_unemployment_initial,2018-08-01,2018-09-07,3.9
UNRATE,alfred_unemployment_initial,2018-09-01,2018-10-05,3.7
UNRATE,alfred_unemployment_initial,2018-10-01,2018-11-02,3.7
UNRATE,alfred_unemployment_initial,2018-11-01,2018-12-07,3.7
UNRATE,alfred_unemployment_initial,2018-12-01,2019-01-04,3.9
UNRATE,alfred_unemployment_initial,2019-01-01,2019-02-01,4.0
UNRATE,alfred_unemployment_initial,2019-02-01,2019-03-08,3.8
UNRATE,alfred_unemployment_initial,2019-03-01,2019-04-05,3.8
UNRATE,alfred_unemployment_initial,2019-04-01,2019-05-03,3.6
UNRATE,alfred_unemployment_initial,2019-05-01,2019-06-07,3.6
UNRATE,alfred_unemployment_initial,2019-06-01,2019-07-05,3.7
UNRATE,alfred_unemployment_initial,2019-07-01,2019-08-02,3.7
UNRATE,alfred_unemployment_initial,2019-08-01,2019-09-06,3.7
UNRATE,alfred_unemployment_initial,2019-09-01,2019-10-04,3.5
UNRATE,alfred_unemployment_initial,2019-10-01,2019-11-01,3.6
UNRATE,alfred_unemployment_initial,2019-11-01,2019-12-06,3.5
UNRATE,alfred_unemployment_initial,2019-12-01,2020-01-10,3.5
UNRATE,alfred_unemployment_initial,2020-01-01,2020-02-07,3.6
UNRATE,alfred_unemployment_initial,2020-02-01,2020-03-06,3.5
UNRATE,alfred_unemployment_initial,2020-03-01,2020-04-03,4.4
UNRATE,alfred_unemployment_initial,2020-04-01,2020-05-08,14.7
UNRATE,alfred_unemployment_initial,2020-05-01,2020-06-05,13.3
UNRATE,alfred_unemployment_initial,2020-06-01,2020-07-02,11.1
UNRATE,alfred_unemployment_initial,2020-07-01,2020-08-07,10.2
UNRATE,alfred_unemployment_initial,2020-08-01,2020-09-04,8.4
UNRATE,alfred_unemployment_initial,2020-09-01,2020-10-02,7.9
UNRATE,alfred_unemployment_initial,2020-10-01,2020-11-06,6.9
UNRATE,alfred_unemployment_initial,2020-11-01,2020-12-04,6.7
UNRATE,alfred_unemployment_initial,2020-12-01,2021-01-08,6.7
UNRATE,alfred_unemployment_initial,2021-01-01,2021-02-05,6.3
UNRATE,alfred_unemployment_initial,2021-02-01,2021-03-05,6.2
UNRATE,alfred_unemployment_initial,2021-03-01,2021-04-02,6.0
UNRATE,alfred_unemployment_initial,2021-04-01,2021-05-07,6.1
UNRATE,alfred_unemployment_initial,2021-05-01,2021-06-04,5.8
UNRATE,alfred_unemployment_initial,2021-06-01,2021-07-02,5.9
UNRATE,alfred_unemployment_initial,2021-07-01,2021-08-06,5.4
UNRATE,alfred_unemployment_initial,2021-08-01,2021-09-03,5.2
UNRATE,alfred_unemployment_initial,2021-09-01,2021-10-08,4.8
UNRATE,alfred_unemployment_initial,2021-10-01,2021-11-05,4.6
UNRATE,alfred_unemployment_initial,2021-11-01,2021-12-03,4.2
UNRATE,alfred_unemployment_initial,2021-12-01,2022-01-07,3.9
UNRATE,alfred_unemployment_initial,2022-01-01,2022-02-04,4.0
UNRATE,alfred_unemployment_initial,2022-02-01,2022-03-04,3.8
UNRATE,alfred_unemployment_initial,2022-03-01,2022-04-01,3.6
UNRATE,alfred_unemployment_initial,2022-04-01,2022-05-06,3.6
UNRATE,alfred_unemployment_initial,2022-05-01,2022-06-03,3.6
UNRATE,alfred_unemployment_initial,2022-06-01,2022-07-08,3.6
UNRATE,alfred_unemployment_initial,2022-07-01,2022-08-05,3.5
UNRATE,alfred_unemployment_initial,2022-08-01,2022-09-02,3.7
UNRATE,alfred_unemployment_initial,2022-09-01,2022-10-07,3.5
UNRATE,alfred_unemployment_initial,2022-10-01,2022-11-04,3.7
UNRATE,alfred_unemployment_initial,2022-11-01,2022-12-02,3.7
UNRATE,alfred_unemployment_initial,2022-12-01,2023-01-06,3.5
UNRATE,alfred_unemployment_initial,2023-01-01,2023-02-03,3.4
UNRATE,alfred_unemployment_initial,2023-02-01,2023-03-10,3.6
UNRATE,alfred_unemployment_initial,2023-03-01,2023-04-07,3.5
UNRATE,alfred_unemployment_initial,2023-04-01,2023-05-05,3.4
UNRATE,alfred_unemployment_initial,2023-05-01,2023-06-02,3.7
UNRATE,alfred_unemployment_initial,2023-06-01,2023-07-07,3.6
UNRATE,alfred_unemployment_initial,2023-07-01,2023-08-04,3.5
UNRATE,alfred_unemployment_initial,2023-08-01,2023-09-01,3.8
UNRATE,alfred_unemployment_initial,2023-09-01,2023-10-06,3.8
UNRATE,alfred_unemployment_initial,2023-10-01,2023-11-03,3.9
UNRATE,alfred_unemployment_initial,2023-11-01,2023-12-08,3.7
UNRATE,alfred_unemployment_initial,2023-12-01,2024-01-05,3.7
UNRATE,alfred_unemployment_initial,2024-01-01,2024-02-02,3.7
UNRATE,alfred_unemployment_initial,2024-02-01,2024-03-08,3.9
UNRATE,alfred_unemployment_initial,2024-03-01,2024-04-05,3.8
UNRATE,alfred_unemployment_initial,2024-04-01,2024-05-03,3.9
UNRATE,alfred_unemployment_initial,2024-05-01,2024-06-07,4.0
UNRATE,alfred_unemployment_initial,2024-06-01,2024-07-05,4.1
UNRATE,alfred_unemployment_initial,2024-07-01,2024-08-02,4.3
UNRATE,alfred_unemployment_initial,2024-08-01,2024-09-06,4.2
UNRATE,alfred_unemployment_initial,2024-09-01,2024-10-04,4.1
UNRATE,alfred_unemployment_initial,2024-10-01,2024-11-01,4.1
UNRATE,alfred_unemployment_initial,2024-11-01,2024-12-06,4.2
UNRATE,alfred_unemployment_initial,2024-12-01,2025-01-10,4.1
UNRATE,alfred_unemployment_initial,2025-01-01,2025-02-07,4.0
UNRATE,alfred_unemployment_initial,2025-02-01,2025-03-07,4.1
UNRATE,alfred_unemployment_initial,2025-03-01,2025-04-04,4.2
UNRATE,alfred_unemployment_initial,2025-04-01,2025-05-02,4.2
UNRATE,alfred_unemployment_initial,2025-05-01,2025-06-06,4.2
UNRATE,alfred_unemployment_initial,2025-06-01,2025-07-03,4.1
UNRATE,alfred_unemployment_initial,2025-07-01,2025-08-01,4.2
UNRATE,alfred_unemployment_initial,2025-08-01,2025-09-05,4.3
UNRATE,alfred_unemployment_initial,2025-09-01,2025-11-20,4.4
UNRATE,alfred_unemployment_initial,2025-11-01,2025-12-16,4.6
UNRATE,alfred_unemployment_initial,2025-12-01,2026-01-09,4.4
UNRATE,alfred_unemployment_initial,2026-01-01,2026-02-11,4.3
UNRATE,alfred_unemployment_initial,2026-02-01,2026-03-06,4.4
UNRATE,alfred_unemployment_initial,2026-03-01,2026-04-03,4.3
UNRATE,alfred_unemployment_initial,2026-04-01,2026-05-08,4.3
UNRATE,alfred_unemployment_initial,2026-05-01,2026-06-05,4.3
UNRATE,alfred_unemployment_initial,2026-06-01,2026-07-02,4.2
UNRATE,alfred_unemployment_initial,2026-07-01,2026-08-07,4.1
UNRATE,alfred_unemployment_initial,2026-08-01,2026-09-04,4.1
WALCL,alfred_fed_balance_sheet_initial,2011-07-13,2011-07-14,2882004.0
WALCL,alfred_fed_balance_sheet_initial,2011-07-20,2011-07-21,2875211.0
WALCL,alfred_fed_balance_sheet_initial,2011-07-27,2011-07-28,2867416.0
WALCL,alfred_fed_balance_sheet_initial,2011-08-03,2011-08-04,2871041.0
WALCL,alfred_fed_balance_sheet_initial,2011-08-10,2011-08-11,2876236.0
WALCL,alfred_fed_balance_sheet_initial,2011-08-17,2011-08-18,2861695.0
WALCL,alfred_fed_balance_sheet_initial,2011-08-24,2011-08-25,2863155.0
WALCL,alfred_fed_balance_sheet_initial,2011-08-31,2011-09-01,2857394.0
WALCL,alfred_fed_balance_sheet_initial,2011-09-07,2011-09-08,2862144.0
WALCL,alfred_fed_balance_sheet_initial,2011-09-14,2011-09-15,2866975.0
WALCL,alfred_fed_balance_sheet_initial,2011-09-21,2011-09-22,2861148.0
WALCL,alfred_fed_balance_sheet_initial,2011-09-28,2011-09-29,2854233.0
WALCL,alfred_fed_balance_sheet_initial,2011-10-05,2011-10-06,2862832.0
WALCL,alfred_fed_balance_sheet_initial,2011-10-12,2011-10-13,2863770.0
WALCL,alfred_fed_balance_sheet_initial,2011-10-19,2011-10-20,2855177.0
WALCL,alfred_fed_balance_sheet_initial,2011-10-26,2011-10-27,2848375.0
WALCL,alfred_fed_balance_sheet_initial,2011-11-02,2011-11-03,2824683.0
WALCL,alfred_fed_balance_sheet_initial,2011-11-09,2011-11-10,2842417.0
WALCL,alfred_fed_balance_sheet_initial,2011-11-16,2011-11-17,2834186.0
WALCL,alfred_fed_balance_sheet_initial,2011-11-23,2011-11-25,2824537.0
WALCL,alfred_fed_balance_sheet_initial,2011-11-30,2011-12-01,2816773.0
WALCL,alfred_fed_balance_sheet_initial,2011-12-07,2011-12-08,2823207.0
WALCL,alfred_fed_balance_sheet_initial,2011-12-14,2011-12-15,2904959.0
WALCL,alfred_fed_balance_sheet_initial,2011-12-21,2011-12-22,2918506.0
WALCL,alfred_fed_balance_sheet_initial,2011-12-28,2011-12-29,2928485.0
WALCL,alfred_fed_balance_sheet_initial,2012-01-04,2012-01-05,2920069.0
WALCL,alfred_fed_balance_sheet_initial,2012-01-11,2012-01-12,2901503.0
WALCL,alfred_fed_balance_sheet_initial,2012-01-18,2012-01-19,2921751.0
WALCL,alfred_fed_balance_sheet_initial,2012-01-25,2012-01-26,2921869.0
WALCL,alfred_fed_balance_sheet_initial,2012-02-01,2012-02-02,2927251.0
WALCL,alfred_fed_balance_sheet_initial,2012-02-08,2012-02-09,2930570.0
WALCL,alfred_fed_balance_sheet_initial,2012-02-15,2012-02-16,2940244.0
WALCL,alfred_fed_balance_sheet_initial,2012-02-22,2012-02-23,2935149.0
WALCL,alfred_fed_balance_sheet_initial,2012-02-29,2012-03-01,2928042.0
WALCL,alfred_fed_balance_sheet_initial,2012-03-07,2012-03-08,2887054.0
WALCL,alfred_fed_balance_sheet_initial,2012-03-14,2012-03-15,2895849.0
WALCL,alfred_fed_balance_sheet_initial,2012-03-21,2012-03-22,2894991.0
WALCL,alfred_fed_balance_sheet_initial,2012-03-28,2012-03-29,2880463.0
WALCL,alfred_fed_balance_sheet_initial,2012-04-04,2012-04-05,2867800.0
WALCL,alfred_fed_balance_sheet_initial,2012-04-11,2012-04-12,2869519.0
WALCL,alfred_fed_balance_sheet_initial,2012-04-18,2012-04-19,2877835.0
WALCL,alfred_fed_balance_sheet_initial,2012-04-25,2012-04-26,2868889.0
WALCL,alfred_fed_balance_sheet_initial,2012-05-02,2012-05-03,2866606.0
WALCL,alfred_fed_balance_sheet_initial,2012-05-09,2012-05-10,2866466.0
WALCL,alfred_fed_balance_sheet_initial,2012-05-16,2012-05-17,2853300.0
WALCL,alfred_fed_balance_sheet_initial,2012-05-23,2012-05-24,2861804.0
WALCL,alfred_fed_balance_sheet_initial,2012-05-30,2012-05-31,2844940.0
WALCL,alfred_fed_balance_sheet_initial,2012-06-06,2012-06-07,2854286.0
WALCL,alfred_fed_balance_sheet_initial,2012-06-13,2012-06-14,2871328.0
WALCL,alfred_fed_balance_sheet_initial,2012-06-20,2012-06-21,2873039.0
WALCL,alfred_fed_balance_sheet_initial,2012-06-27,2012-06-28,2865698.0
WALCL,alfred_fed_balance_sheet_initial,2012-07-04,2012-07-05,2867985.0
WALCL,alfred_fed_balance_sheet_initial,2012-07-11,2012-07-12,2868387.0
WALCL,alfred_fed_balance_sheet_initial,2012-07-18,2012-07-19,2857874.0
WALCL,alfred_fed_balance_sheet_initial,2012-07-25,2012-07-26,2848800.0
WALCL,alfred_fed_balance_sheet_initial,2012-08-01,2012-08-02,2853097.0
WALCL,alfred_fed_balance_sheet_initial,2012-08-08,2012-08-09,2858156.0
WALCL,alfred_fed_balance_sheet_initial,2012-08-15,2012-08-16,2835249.0
WALCL,alfred_fed_balance_sheet_initial,2012-08-22,2012-08-23,2827577.0
WALCL,alfred_fed_balance_sheet_initial,2012-08-29,2012-08-30,2814638.0
WALCL,alfred_fed_balance_sheet_initial,2012-09-05,2012-09-06,2823988.0
WALCL,alfred_fed_balance_sheet_initial,2012-09-12,2012-09-13,2825214.0
WALCL,alfred_fed_balance_sheet_initial,2012-09-19,2012-09-20,2823348.0
WALCL,alfred_fed_balance_sheet_initial,2012-09-26,2012-09-27,2806187.0
WALCL,alfred_fed_balance_sheet_initial,2012-10-03,2012-10-04,2810196.0
WALCL,alfred_fed_balance_sheet_initial,2012-10-10,2012-10-11,2813306.0
WALCL,alfred_fed_balance_sheet_initial,2012-10-17,2012-10-18,2848582.0
WALCL,alfred_fed_balance_sheet_initial,2012-10-24,2012-10-25,2842615.0
WALCL,alfred_fed_balance_sheet_initial,2012-10-31,2012-11-01,2824750.0
WALCL,alfred_fed_balance_sheet_initial,2012-11-07,2012-11-08,2832408.0
WALCL,alfred_fed_balance_sheet_initial,2012-11-14,2012-11-15,2878843.0
WALCL,alfred_fed_balance_sheet_initial,2012-11-21,2012-11-23,2872736.0
WALCL,alfred_fed_balance_sheet_initial,2012-11-28,2012-11-29,2852897.0
WALCL,alfred_fed_balance_sheet_initial,2012-12-05,2012-12-06,2861340.0
WALCL,alfred_fed_balance_sheet_initial,2012-12-12,2012-12-13,2918788.0
WALCL,alfred_fed_balance_sheet_initial,2012-12-19,2012-12-20,2921776.0
WALCL,alfred_fed_balance_sheet_initial,2012-12-26,2012-12-27,2908859.0
WALCL,alfred_fed_balance_sheet_initial,2013-01-02,2013-01-03,2918753.0
WALCL,alfred_fed_balance_sheet_initial,2013-01-09,2013-01-10,2930325.0
WALCL,alfred_fed_balance_sheet_initial,2013-01-16,2013-01-17,2965412.0
WALCL,alfred_fed_balance_sheet_initial,2013-01-23,2013-01-24,3013333.0
WALCL,alfred_fed_balance_sheet_initial,2013-01-30,2013-01-31,3010370.0
WALCL,alfred_fed_balance_sheet_initial,2013-02-06,2013-02-07,3016651.0
WALCL,alfred_fed_balance_sheet_initial,2013-02-13,2013-02-14,3075901.0
WALCL,alfred_fed_balance_sheet_initial,2013-02-20,2013-02-21,3096802.0
WALCL,alfred_fed_balance_sheet_initial,2013-02-27,2013-02-28,3092268.0
WALCL,alfred_fed_balance_sheet_initial,2013-03-06,2013-03-07,3110443.0
WALCL,alfred_fed_balance_sheet_initial,2013-03-13,2013-03-14,3167073.0
WALCL,alfred_fed_balance_sheet_initial,2013-03-20,2013-03-21,3208553.0
WALCL,alfred_fed_balance_sheet_initial,2013-03-27,2013-03-28,3203926.0
WALCL,alfred_fed_balance_sheet_initial,2013-04-03,2013-04-04,3217072.0
WALCL,alfred_fed_balance_sheet_initial,2013-04-10,2013-04-11,3229413.0
WALCL,alfred_fed_balance_sheet_initial,2013-04-17,2013-04-18,3295109.0
WALCL,alfred_fed_balance_sheet_initial,2013-04-24,2013-04-25,3318649.0
WALCL,alfred_fed_balance_sheet_initial,2013-05-01,2013-05-02,3317194.0
WALCL,alfred_fed_balance_sheet_initial,2013-05-08,2013-05-09,3324615.0
WALCL,alfred_fed_balance_sheet_initial,2013-05-15,2013-05-16,3354269.0
WALCL,alfred_fed_balance_sheet_initial,2013-05-22,2013-05-23,3398713.0
WALCL,alfred_fed_balance_sheet_initial,2013-05-29,2013-05-30,3385128.0
WALCL,alfred_fed_balance_sheet_initial,2013-06-05,2013-06-06,3400183.0
WALCL,alfred_fed_balance_sheet_initial,2013-06-12,2013-06-13,3410842.0
WALCL,alfred_fed_balance_sheet_initial,2013-06-19,2013-06-20,3470530.0
WALCL,alfred_fed_balance_sheet_initial,2013-06-26,2013-06-27,3478672.0
WALCL,alfred_fed_balance_sheet_initial,2013-07-03,2013-07-05,3492742.0
WALCL,alfred_fed_balance_sheet_initial,2013-07-10,2013-07-11,3504095.0
WALCL,alfred_fed_balance_sheet_initial,2013-07-17,2013-07-18,3537861.0
WALCL,alfred_fed_balance_sheet_initial,2013-07-24,2013-07-25,3574574.0
WALCL,alfred_fed_balance_sheet_initial,2013-07-31,2013-08-01,3571797.0
WALCL,alfred_fed_balance_sheet_initial,2013-08-07,2013-08-08,3585359.0
WALCL,alfred_fed_balance_sheet_initial,2013-08-14,2013-08-15,3646323.0
WALCL,alfred_fed_balance_sheet_initial,2013-08-21,2013-08-22,3645668.0
WALCL,alfred_fed_balance_sheet_initial,2013-08-28,2013-08-29,3644456.0
WALCL,alfred_fed_balance_sheet_initial,2013-09-04,2013-09-05,3654182.0
WALCL,alfred_fed_balance_sheet_initial,2013-09-11,2013-09-12,3662035.0
WALCL,alfred_fed_balance_sheet_initial,2013-09-18,2013-09-19,3722192.0
WALCL,alfred_fed_balance_sheet_initial,2013-09-25,2013-09-26,3734018.0
WALCL,alfred_fed_balance_sheet_initial,2013-10-02,2013-10-03,3747387.0
WALCL,alfred_fed_balance_sheet_initial,2013-10-09,2013-10-10,3758663.0
WALCL,alfred_fed_balance_sheet_initial,2013-10-16,2013-10-17,3813599.0
WALCL,alfred_fed_balance_sheet_initial,2013-10-23,2013-10-24,3839033.0
WALCL,alfred_fed_balance_sheet_initial,2013-10-30,2013-10-31,3843396.0
WALCL,alfred_fed_balance_sheet_initial,2013-11-06,2013-11-07,3851623.0
WALCL,alfred_fed_balance_sheet_initial,2013-11-13,2013-11-14,3907424.0
WALCL,alfred_fed_balance_sheet_initial,2013-11-20,2013-11-21,3906620.0
WALCL,alfred_fed_balance_sheet_initial,2013-11-27,2013-11-29,3925876.0
WALCL,alfred_fed_balance_sheet_initial,2013-12-04,2013-12-05,3932626.0
WALCL,alfred_fed_balance_sheet_initial,2013-12-11,2013-12-12,3993955.0
WALCL,alfred_fed_balance_sheet_initial,2013-12-18,2013-12-19,4008062.0
WALCL,alfred_fed_balance_sheet_initial,2013-12-25,2013-12-26,4032575.0
WALCL,alfred_fed_balance_sheet_initial,2014-01-01,2014-01-02,4023640.0
WALCL,alfred_fed_balance_sheet_initial,2014-01-08,2014-01-09,4028185.0
WALCL,alfred_fed_balance_sheet_initial,2014-01-15,2014-01-16,4071528.0
WALCL,alfred_fed_balance_sheet_initial,2014-01-22,2014-01-23,4097914.0
WALCL,alfred_fed_balance_sheet_initial,2014-01-29,2014-01-30,4102138.0
WALCL,alfred_fed_balance_sheet_initial,2014-02-05,2014-02-06,4109285.0
WALCL,alfred_fed_balance_sheet_initial,2014-02-12,2014-02-13,4119474.0
WALCL,alfred_fed_balance_sheet_initial,2014-02-19,2014-02-20,4149224.0
WALCL,alfred_fed_balance_sheet_initial,2014-02-26,2014-02-27,4159972.0
WALCL,alfred_fed_balance_sheet_initial,2014-03-05,2014-03-06,4171762.0
WALCL,alfred_fed_balance_sheet_initial,2014-03-12,2014-03-13,4181361.0
WALCL,alfred_fed_balance_sheet_initial,2014-03-19,2014-03-20,4222081.0
WALCL,alfred_fed_balance_sheet_initial,2014-03-26,2014-03-27,4226971.0
WALCL,alfred_fed_balance_sheet_initial,2014-04-02,2014-04-03,4236441.0
WALCL,alfred_fed_balance_sheet_initial,2014-04-09,2014-04-10,4244188.0
WALCL,alfred_fed_balance_sheet_initial,2014-04-16,2014-04-17,4283967.0
WALCL,alfred_fed_balance_sheet_initial,2014-04-23,2014-04-24,4296339.0
WALCL,alfred_fed_balance_sheet_initial,2014-04-30,2014-05-01,4296049.0
WALCL,alfred_fed_balance_sheet_initial,2014-05-07,2014-05-08,4303143.0
WALCL,alfred_fed_balance_sheet_initial,2014-05-14,2014-05-15,4336649.0
WALCL,alfred_fed_balance_sheet_initial,2014-05-21,2014-05-22,4327560.0
WALCL,alfred_fed_balance_sheet_initial,2014-05-28,2014-05-29,4322654.0
WALCL,alfred_fed_balance_sheet_initial,2014-06-04,2014-06-05,4330917.0
WALCL,alfred_fed_balance_sheet_initial,2014-06-11,2014-06-12,4340904.0
WALCL,alfred_fed_balance_sheet_initial,2014-06-18,2014-06-19,4368168.0
WALCL,alfred_fed_balance_sheet_initial,2014-06-25,2014-06-26,4368348.0
WALCL,alfred_fed_balance_sheet_initial,2014-07-02,2014-07-03,4377031.0
WALCL,alfred_fed_balance_sheet_initial,2014-07-09,2014-07-10,4383401.0
WALCL,alfred_fed_balance_sheet_initial,2014-07-16,2014-07-17,4398201.0
WALCL,alfred_fed_balance_sheet_initial,2014-07-23,2014-07-24,4410746.0
WALCL,alfred_fed_balance_sheet_initial,2014-07-30,2014-07-31,4406637.0
WALCL,alfred_fed_balance_sheet_initial,2014-08-06,2014-08-07,4410111.0
WALCL,alfred_fed_balance_sheet_initial,2014-08-13,2014-08-14,4431923.0
WALCL,alfred_fed_balance_sheet_initial,2014-08-20,2014-08-21,4412924.0
WALCL,alfred_fed_balance_sheet_initial,2014-08-27,2014-08-28,4413736.0
WALCL,alfred_fed_balance_sheet_initial,2014-09-03,2014-09-04,4415587.0
WALCL,alfred_fed_balance_sheet_initial,2014-09-10,2014-09-11,4421408.0
WALCL,alfred_fed_balance_sheet_initial,2014-09-17,2014-09-18,4449588.0
WALCL,alfred_fed_balance_sheet_initial,2014-09-24,2014-09-25,4459050.0
WALCL,alfred_fed_balance_sheet_initial,2014-10-01,2014-10-02,4450260.0
WALCL,alfred_fed_balance_sheet_initial,2014-10-08,2014-10-09,4455403.0
WALCL,alfred_fed_balance_sheet_initial,2014-10-15,2014-10-16,4474360.0
WALCL,alfred_fed_balance_sheet_initial,2014-10-22,2014-10-23,4481616.0
WALCL,alfred_fed_balance_sheet_initial,2014-10-29,2014-10-30,4486754.0
WALCL,alfred_fed_balance_sheet_initial,2014-11-05,2014-11-06,4486585.0
WALCL,alfred_fed_balance_sheet_initial,2014-11-12,2014-11-13,4488895.0
WALCL,alfred_fed_balance_sheet_initial,2014-11-19,2014-11-20,4492759.0
WALCL,alfred_fed_balance_sheet_initial,2014-11-26,2014-11-28,4485931.0
WALCL,alfred_fed_balance_sheet_initial,2014-12-03,2014-12-04,4486190.0
WALCL,alfred_fed_balance_sheet_initial,2014-12-10,2014-12-11,4488865.0
WALCL,alfred_fed_balance_sheet_initial,2014-12-17,2014-12-18,4502247.0
WALCL,alfred_fed_balance_sheet_initial,2014-12-24,2014-12-29,4509462.0
WALCL,alfred_fed_balance_sheet_initial,2014-12-31,2015-01-02,4497660.0
WALCL,alfred_fed_balance_sheet_initial,2015-01-07,2015-01-08,4499524.0
WALCL,alfred_fed_balance_sheet_initial,2015-01-14,2015-01-15,4516077.0
WALCL,alfred_fed_balance_sheet_initial,2015-01-21,2015-01-22,4512936.0
WALCL,alfred_fed_balance_sheet_initial,2015-01-28,2015-01-29,4500064.0
WALCL,alfred_fed_balance_sheet_initial,2015-02-04,2015-02-05,4500348.0
WALCL,alfred_fed_balance_sheet_initial,2015-02-11,2015-02-12,4501685.0
WALCL,alfred_fed_balance_sheet_initial,2015-02-18,2015-02-19,4496851.0
WALCL,alfred_fed_balance_sheet_initial,2015-02-25,2015-02-26,4486725.0
WALCL,alfred_fed_balance_sheet_initial,2015-03-04,2015-03-05,4487583.0
WALCL,alfred_fed_balance_sheet_initial,2015-03-11,2015-03-12,4489279.0
WALCL,alfred_fed_balance_sheet_initial,2015-03-18,2015-03-19,4495888.0
WALCL,alfred_fed_balance_sheet_initial,2015-03-25,2015-03-26,4480603.0
WALCL,alfred_fed_balance_sheet_initial,2015-04-01,2015-04-02,4481799.0
WALCL,alfred_fed_balance_sheet_initial,2015-04-08,2015-04-09,4483419.0
WALCL,alfred_fed_balance_sheet_initial,2015-04-15,2015-04-16,4485366.0
WALCL,alfred_fed_balance_sheet_initial,2015-04-22,2015-04-23,4489695.0
WALCL,alfred_fed_balance_sheet_initial,2015-04-29,2015-04-30,4471499.0
WALCL,alfred_fed_balance_sheet_initial,2015-05-06,2015-05-07,4472703.0
WALCL,alfred_fed_balance_sheet_initial,2015-05-13,2015-05-14,4501188.0
WALCL,alfred_fed_balance_sheet_initial,2015-05-20,2015-05-21,4480384.0
WALCL,alfred_fed_balance_sheet_initial,2015-05-27,2015-05-28,4463981.0
WALCL,alfred_fed_balance_sheet_initial,2015-06-03,2015-06-04,4465360.0
WALCL,alfred_fed_balance_sheet_initial,2015-06-10,2015-06-11,4468005.0
WALCL,alfred_fed_balance_sheet_initial,2015-06-17,2015-06-18,4487817.0
WALCL,alfred_fed_balance_sheet_initial,2015-06-24,2015-06-25,4495055.0
WALCL,alfred_fed_balance_sheet_initial,2015-07-01,2015-07-02,4479130.0
WALCL,alfred_fed_balance_sheet_initial,2015-07-08,2015-07-09,4481289.0
WALCL,alfred_fed_balance_sheet_initial,2015-07-15,2015-07-16,4493605.0
WALCL,alfred_fed_balance_sheet_initial,2015-07-22,2015-07-23,4500503.0
WALCL,alfred_fed_balance_sheet_initial,2015-07-29,2015-07-30,4485480.0
WALCL,alfred_fed_balance_sheet_initial,2015-08-05,2015-08-06,4486329.0
WALCL,alfred_fed_balance_sheet_initial,2015-08-12,2015-08-13,4489250.0
WALCL,alfred_fed_balance_sheet_initial,2015-08-19,2015-08-20,4487208.0
WALCL,alfred_fed_balance_sheet_initial,2015-08-26,2015-08-27,4475105.0
WALCL,alfred_fed_balance_sheet_initial,2015-09-02,2015-09-03,4475886.0
WALCL,alfred_fed_balance_sheet_initial,2015-09-09,2015-09-10,4478213.0
WALCL,alfred_fed_balance_sheet_initial,2015-09-16,2015-09-17,4487809.0
WALCL,alfred_fed_balance_sheet_initial,2015-09-23,2015-09-24,4497484.0
WALCL,alfred_fed_balance_sheet_initial,2015-09-30,2015-10-01,4484111.0
WALCL,alfred_fed_balance_sheet_initial,2015-10-07,2015-10-08,4486185.0
WALCL,alfred_fed_balance_sheet_initial,2015-10-14,2015-10-15,4504704.0
WALCL,alfred_fed_balance_sheet_initial,2015-10-21,2015-10-22,4501372.0
WALCL,alfred_fed_balance_sheet_initial,2015-10-28,2015-10-29,4489339.0
WALCL,alfred_fed_balance_sheet_initial,2015-11-04,2015-11-05,4489702.0
WALCL,alfred_fed_balance_sheet_initial,2015-11-11,2015-11-12,4492012.0
WALCL,alfred_fed_balance_sheet_initial,2015-11-18,2015-11-19,4486721.0
WALCL,alfred_fed_balance_sheet_initial,2015-11-25,2015-11-27,4477088.0
WALCL,alfred_fed_balance_sheet_initial,2015-12-02,2015-12-03,4478069.0
WALCL,alfred_fed_balance_sheet_initial,2015-12-09,2015-12-10,4480436.0
WALCL,alfred_fed_balance_sheet_initial,2015-12-16,2015-12-17,4489593.0
WALCL,alfred_fed_balance_sheet_initial,2015-12-23,2015-12-24,4496523.0
WALCL,alfred_fed_balance_sheet_initial,2015-12-30,2015-12-31,4486587.0
WALCL,alfred_fed_balance_sheet_initial,2016-01-06,2016-01-07,4486606.0
WALCL,alfred_fed_balance_sheet_initial,2016-01-13,2016-01-14,4501695.0
WALCL,alfred_fed_balance_sheet_initial,2016-01-20,2016-01-21,4488840.0
WALCL,alfred_fed_balance_sheet_initial,2016-01-27,2016-01-28,4482349.0
WALCL,alfred_fed_balance_sheet_initial,2016-02-03,2016-02-04,4483495.0
WALCL,alfred_fed_balance_sheet_initial,2016-02-10,2016-02-11,4486278.0
WALCL,alfred_fed_balance_sheet_initial,2016-02-17,2016-02-18,4483629.0
WALCL,alfred_fed_balance_sheet_initial,2016-02-24,2016-02-25,4489796.0
WALCL,alfred_fed_balance_sheet_initial,2016-03-02,2016-03-03,4478485.0
WALCL,alfred_fed_balance_sheet_initial,2016-03-09,2016-03-10,4481083.0
WALCL,alfred_fed_balance_sheet_initial,2016-03-16,2016-03-17,4486333.0
WALCL,alfred_fed_balance_sheet_initial,2016-03-23,2016-03-24,4492857.0
WALCL,alfred_fed_balance_sheet_initial,2016-03-30,2016-03-31,4482840.0
WALCL,alfred_fed_balance_sheet_initial,2016-04-06,2016-04-07,4484069.0
WALCL,alfred_fed_balance_sheet_initial,2016-04-13,2016-04-14,4499729.0
WALCL,alfred_fed_balance_sheet_initial,2016-04-20,2016-04-21,4490131.0
WALCL,alfred_fed_balance_sheet_initial,2016-04-27,2016-04-28,4474665.0
WALCL,alfred_fed_balance_sheet_initial,2016-05-04,2016-05-05,4477270.0
WALCL,alfred_fed_balance_sheet_initial,2016-05-11,2016-05-12,4478411.0
WALCL,alfred_fed_balance_sheet_initial,2016-05-18,2016-05-19,4473741.0
WALCL,alfred_fed_balance_sheet_initial,2016-05-25,2016-05-26,4461111.0
WALCL,alfred_fed_balance_sheet_initial,2016-06-01,2016-06-02,4461393.0
WALCL,alfred_fed_balance_sheet_initial,2016-06-08,2016-06-09,4463542.0
WALCL,alfred_fed_balance_sheet_initial,2016-06-15,2016-06-16,4472817.0
WALCL,alfred_fed_balance_sheet_initial,2016-06-22,2016-06-23,4482009.0
WALCL,alfred_fed_balance_sheet_initial,2016-06-29,2016-06-30,4466482.0
WALCL,alfred_fed_balance_sheet_initial,2016-07-06,2016-07-07,4470605.0
WALCL,alfred_fed_balance_sheet_initial,2016-07-13,2016-07-14,4472202.0
WALCL,alfred_fed_balance_sheet_initial,2016-07-20,2016-07-21,4480973.0
WALCL,alfred_fed_balance_sheet_initial,2016-07-27,2016-07-28,4464498.0
WALCL,alfred_fed_balance_sheet_initial,2016-08-03,2016-08-04,4466793.0
WALCL,alfred_fed_balance_sheet_initial,2016-08-10,2016-08-11,4468929.0
WALCL,alfred_fed_balance_sheet_initial,2016-08-17,2016-08-18,4466476.0
WALCL,alfred_fed_balance_sheet_initial,2016-08-24,2016-08-25,4473840.0
WALCL,alfred_fed_balance_sheet_initial,2016-08-31,2016-09-01,4457907.0
WALCL,alfred_fed_balance_sheet_initial,2016-09-07,2016-09-08,4459394.0
WALCL,alfred_fed_balance_sheet_initial,2016-09-14,2016-09-15,4481635.0
WALCL,alfred_fed_balance_sheet_initial,2016-09-21,2016-09-22,4473032.0
WALCL,alfred_fed_balance_sheet_initial,2016-09-28,2016-09-29,4452002.0
WALCL,alfred_fed_balance_sheet_initial,2016-10-05,2016-10-06,4459407.0
WALCL,alfred_fed_balance_sheet_initial,2016-10-12,2016-10-13,4457698.0
WALCL,alfred_fed_balance_sheet_initial,2016-10-19,2016-10-20,4467382.0
WALCL,alfred_fed_balance_sheet_initial,2016-10-26,2016-10-27,4454326.0
WALCL,alfred_fed_balance_sheet_initial,2016-11-02,2016-11-03,4453087.0
WALCL,alfred_fed_balance_sheet_initial,2016-11-09,2016-11-10,4455087.0
WALCL,alfred_fed_balance_sheet_initial,2016-11-16,2016-11-17,4453633.0
WALCL,alfred_fed_balance_sheet_initial,2016-11-23,2016-11-25,4465782.0
WALCL,alfred_fed_balance_sheet_initial,2016-11-30,2016-12-01,4446307.0
WALCL,alfred_fed_balance_sheet_initial,2016-12-07,2016-12-08,4448618.0
WALCL,alfred_fed_balance_sheet_initial,2016-12-14,2016-12-15,4470973.0
WALCL,alfred_fed_balance_sheet_initial,2016-12-21,2016-12-22,4469089.0
WALCL,alfred_fed_balance_sheet_initial,2016-12-28,2016-12-29,4451451.0
WALCL,alfred_fed_balance_sheet_initial,2017-01-04,2017-01-05,4453101.0
WALCL,alfred_fed_balance_sheet_initial,2017-01-11,2017-01-12,4452509.0
WALCL,alfred_fed_balance_sheet_initial,2017-01-18,2017-01-19,4460758.0
WALCL,alfred_fed_balance_sheet_initial,2017-01-25,2017-01-26,4452838.0
WALCL,alfred_fed_balance_sheet_initial,2017-02-01,2017-02-02,4453881.0
WALCL,alfred_fed_balance_sheet_initial,2017-02-08,2017-02-09,4456236.0
WALCL,alfred_fed_balance_sheet_initial,2017-02-15,2017-02-16,4454676.0
WALCL,alfred_fed_balance_sheet_initial,2017-02-22,2017-02-23,4468702.0
WALCL,alfred_fed_balance_sheet_initial,2017-03-01,2017-03-02,4458018.0
WALCL,alfred_fed_balance_sheet_initial,2017-03-08,2017-03-09,4459840.0
WALCL,alfred_fed_balance_sheet_initial,2017-03-15,2017-03-16,4469577.0
WALCL,alfred_fed_balance_sheet_initial,2017-03-22,2017-03-23,4478236.0
WALCL,alfred_fed_balance_sheet_initial,2017-03-29,2017-03-30,4469618.0
WALCL,alfred_fed_balance_sheet_initial,2017-04-05,2017-04-06,4474634.0
WALCL,alfred_fed_balance_sheet_initial,2017-04-12,2017-04-13,4484492.0
WALCL,alfred_fed_balance_sheet_initial,2017-04-19,2017-04-20,4479270.0
WALCL,alfred_fed_balance_sheet_initial,2017-04-26,2017-04-27,4470142.0
WALCL,alfred_fed_balance_sheet_initial,2017-05-03,2017-05-04,4471246.0
WALCL,alfred_fed_balance_sheet_initial,2017-05-10,2017-05-11,4473459.0
WALCL,alfred_fed_balance_sheet_initial,2017-05-17,2017-05-18,4467108.0
WALCL,alfred_fed_balance_sheet_initial,2017-05-24,2017-05-25,4470852.0
WALCL,alfred_fed_balance_sheet_initial,2017-05-31,2017-06-01,4459914.0
WALCL,alfred_fed_balance_sheet_initial,2017-06-07,2017-06-08,4462443.0
WALCL,alfred_fed_balance_sheet_initial,2017-06-14,2017-06-15,4476269.0
WALCL,alfred_fed_balance_sheet_initial,2017-06-21,2017-06-22,4474257.0
WALCL,alfred_fed_balance_sheet_initial,2017-06-28,2017-06-29,4463347.0
WALCL,alfred_fed_balance_sheet_initial,2017-07-05,2017-07-06,4467272.0
WALCL,alfred_fed_balance_sheet_initial,2017-07-12,2017-07-13,4466702.0
WALCL,alfred_fed_balance_sheet_initial,2017-07-19,2017-07-20,4476903.0
WALCL,alfred_fed_balance_sheet_initial,2017-07-26,2017-07-27,4465284.0
WALCL,alfred_fed_balance_sheet_initial,2017-08-02,2017-08-03,4466846.0
WALCL,alfred_fed_balance_sheet_initial,2017-08-09,2017-08-10,4469083.0
WALCL,alfred_fed_balance_sheet_initial,2017-08-16,2017-08-17,4462871.0
WALCL,alfred_fed_balance_sheet_initial,2017-08-23,2017-08-24,4463837.0
WALCL,alfred_fed_balance_sheet_initial,2017-08-30,2017-08-31,4452360.0
WALCL,alfred_fed_balance_sheet_initial,2017-09-06,2017-09-07,4453474.0
WALCL,alfred_fed_balance_sheet_initial,2017-09-13,2017-09-14,4471174.0
WALCL,alfred_fed_balance_sheet_initial,2017-09-20,2017-09-21,4458576.0
WALCL,alfred_fed_balance_sheet_initial,2017-09-27,2017-09-28,4455661.0
WALCL,alfred_fed_balance_sheet_initial,2017-10-04,2017-10-05,4460422.0
WALCL,alfred_fed_balance_sheet_initial,2017-10-11,2017-10-12,4459415.0
WALCL,alfred_fed_balance_sheet_initial,2017-10-18,2017-10-19,4469723.0
WALCL,alfred_fed_balance_sheet_initial,2017-10-25,2017-10-26,4461117.0
WALCL,alfred_fed_balance_sheet_initial,2017-11-01,2017-11-02,4455887.0
WALCL,alfred_fed_balance_sheet_initial,2017-11-08,2017-11-09,4458552.0
WALCL,alfred_fed_balance_sheet_initial,2017-11-15,2017-11-16,4448289.0
WALCL,alfred_fed_balance_sheet_initial,2017-11-22,2017-11-24,4450615.0
WALCL,alfred_fed_balance_sheet_initial,2017-11-29,2017-11-30,4438592.0
WALCL,alfred_fed_balance_sheet_initial,2017-12-06,2017-12-07,4437148.0
WALCL,alfred_fed_balance_sheet_initial,2017-12-13,2017-12-14,4452726.0
WALCL,alfred_fed_balance_sheet_initial,2017-12-20,2017-12-21,4447470.0
WALCL,alfred_fed_balance_sheet_initial,2017-12-27,2017-12-28,4448680.0
WALCL,alfred_fed_balance_sheet_initial,2018-01-03,2018-01-11,4443718.0
WALCL,alfred_fed_balance_sheet_initial,2018-01-10,2018-01-18,4446062.0
WALCL,alfred_fed_balance_sheet_initial,2018-01-17,2018-01-18,4439145.0
WALCL,alfred_fed_balance_sheet_initial,2018-01-24,2018-01-25,4441317.0
WALCL,alfred_fed_balance_sheet_initial,2018-01-31,2018-02-01,4419225.0
WALCL,alfred_fed_balance_sheet_initial,2018-02-07,2018-02-08,4420745.0
WALCL,alfred_fed_balance_sheet_initial,2018-02-14,2018-02-15,4434863.0
WALCL,alfred_fed_balance_sheet_initial,2018-02-21,2018-02-22,4411660.0
WALCL,alfred_fed_balance_sheet_initial,2018-02-28,2018-03-01,4393401.0
WALCL,alfred_fed_balance_sheet_initial,2018-03-07,2018-03-08,4396097.0
WALCL,alfred_fed_balance_sheet_initial,2018-03-14,2018-03-15,4407258.0
WALCL,alfred_fed_balance_sheet_initial,2018-03-21,2018-03-22,4401222.0
WALCL,alfred_fed_balance_sheet_initial,2018-03-28,2018-03-29,4392198.0
WALCL,alfred_fed_balance_sheet_initial,2018-04-04,2018-04-05,4386104.0
WALCL,alfred_fed_balance_sheet_initial,2018-04-11,2018-04-12,4383684.0
WALCL,alfred_fed_balance_sheet_initial,2018-04-18,2018-04-19,4385903.0
WALCL,alfred_fed_balance_sheet_initial,2018-04-25,2018-04-26,4372886.0
WALCL,alfred_fed_balance_sheet_initial,2018-05-02,2018-05-03,4356129.0
WALCL,alfred_fed_balance_sheet_initial,2018-05-09,2018-05-10,4358207.0
WALCL,alfred_fed_balance_sheet_initial,2018-05-16,2018-05-17,4337609.0
WALCL,alfred_fed_balance_sheet_initial,2018-05-23,2018-05-24,4337301.0
WALCL,alfred_fed_balance_sheet_initial,2018-05-30,2018-05-31,4327519.0
WALCL,alfred_fed_balance_sheet_initial,2018-06-06,2018-06-07,4319191.0
WALCL,alfred_fed_balance_sheet_initial,2018-06-13,2018-06-14,4324906.0
WALCL,alfred_fed_balance_sheet_initial,2018-06-20,2018-06-21,4315896.0
WALCL,alfred_fed_balance_sheet_initial,2018-06-27,2018-06-28,4305491.0
WALCL,alfred_fed_balance_sheet_initial,2018-07-04,2018-07-05,4289764.0
WALCL,alfred_fed_balance_sheet_initial,2018-07-11,2018-07-12,4291201.0
WALCL,alfred_fed_balance_sheet_initial,2018-07-18,2018-07-19,4291615.0
WALCL,alfred_fed_balance_sheet_initial,2018-07-25,2018-07-26,4277681.0
WALCL,alfred_fed_balance_sheet_initial,2018-08-01,2018-08-02,4255653.0
WALCL,alfred_fed_balance_sheet_initial,2018-08-08,2018-08-09,4258030.0
WALCL,alfred_fed_balance_sheet_initial,2018-08-15,2018-08-16,4228924.0
WALCL,alfred_fed_balance_sheet_initial,2018-08-22,2018-08-23,4228818.0
WALCL,alfred_fed_balance_sheet_initial,2018-08-29,2018-08-30,4218914.0
WALCL,alfred_fed_balance_sheet_initial,2018-09-05,2018-09-06,4208496.0
WALCL,alfred_fed_balance_sheet_initial,2018-09-12,2018-09-13,4210812.0
WALCL,alfred_fed_balance_sheet_initial,2018-09-19,2018-09-20,4208059.0
WALCL,alfred_fed_balance_sheet_initial,2018-09-26,2018-09-27,4192909.0
WALCL,alfred_fed_balance_sheet_initial,2018-10-03,2018-10-04,4174704.0
WALCL,alfred_fed_balance_sheet_initial,2018-10-10,2018-10-11,4176906.0
WALCL,alfred_fed_balance_sheet_initial,2018-10-17,2018-10-18,4175446.0
WALCL,alfred_fed_balance_sheet_initial,2018-10-24,2018-10-25,4173070.0
WALCL,alfred_fed_balance_sheet_initial,2018-10-31,2018-11-01,4139731.0
WALCL,alfred_fed_balance_sheet_initial,2018-11-07,2018-11-08,4141936.0
WALCL,alfred_fed_balance_sheet_initial,2018-11-14,2018-11-15,4145892.0
WALCL,alfred_fed_balance_sheet_initial,2018-11-21,2018-11-23,4106198.0
WALCL,alfred_fed_balance_sheet_initial,2018-11-28,2018-11-29,4097170.0
WALCL,alfred_fed_balance_sheet_initial,2018-12-05,2018-12-06,4086044.0
WALCL,alfred_fed_balance_sheet_initial,2018-12-12,2018-12-13,4088314.0
WALCL,alfred_fed_balance_sheet_initial,2018-12-19,2018-12-20,4084274.0
WALCL,alfred_fed_balance_sheet_initial,2018-12-26,2018-12-27,4075636.0
WALCL,alfred_fed_balance_sheet_initial,2019-01-02,2019-01-03,4058378.0
WALCL,alfred_fed_balance_sheet_initial,2019-01-09,2019-01-10,4056563.0
WALCL,alfred_fed_balance_sheet_initial,2019-01-16,2019-01-17,4050044.0
WALCL,alfred_fed_balance_sheet_initial,2019-01-23,2019-01-24,4047052.0
WALCL,alfred_fed_balance_sheet_initial,2019-01-30,2019-01-31,4039678.0
WALCL,alfred_fed_balance_sheet_initial,2019-02-06,2019-02-07,4026350.0
WALCL,alfred_fed_balance_sheet_initial,2019-02-13,2019-02-14,4028431.0
WALCL,alfred_fed_balance_sheet_initial,2019-02-20,2019-02-21,3981420.0
WALCL,alfred_fed_balance_sheet_initial,2019-02-27,2019-02-28,3974590.0
WALCL,alfred_fed_balance_sheet_initial,2019-03-06,2019-03-07,3969134.0
WALCL,alfred_fed_balance_sheet_initial,2019-03-13,2019-03-14,3971559.0
WALCL,alfred_fed_balance_sheet_initial,2019-03-20,2019-03-21,3962748.0
WALCL,alfred_fed_balance_sheet_initial,2019-03-27,2019-03-28,3955617.0
WALCL,alfred_fed_balance_sheet_initial,2019-04-03,2019-04-04,3935509.0
WALCL,alfred_fed_balance_sheet_initial,2019-04-10,2019-04-11,3936784.0
WALCL,alfred_fed_balance_sheet_initial,2019-04-17,2019-04-18,3931827.0
WALCL,alfred_fed_balance_sheet_initial,2019-04-24,2019-04-25,3928273.0
WALCL,alfred_fed_balance_sheet_initial,2019-05-01,2019-05-02,3889691.0
WALCL,alfred_fed_balance_sheet_initial,2019-05-08,2019-05-09,3892216.0
WALCL,alfred_fed_balance_sheet_initial,2019-05-15,2019-05-16,3864749.0
WALCL,alfred_fed_balance_sheet_initial,2019-05-22,2019-05-23,3860435.0
WALCL,alfred_fed_balance_sheet_initial,2019-05-29,2019-05-30,3851444.0
WALCL,alfred_fed_balance_sheet_initial,2019-06-05,2019-06-06,3847645.0
WALCL,alfred_fed_balance_sheet_initial,2019-06-12,2019-06-13,3849955.0
WALCL,alfred_fed_balance_sheet_initial,2019-06-19,2019-06-20,3844016.0
WALCL,alfred_fed_balance_sheet_initial,2019-06-26,2019-06-27,3826817.0
WALCL,alfred_fed_balance_sheet_initial,2019-07-03,2019-07-05,3813198.0
WALCL,alfred_fed_balance_sheet_initial,2019-07-10,2019-07-11,3815038.0
WALCL,alfred_fed_balance_sheet_initial,2019-07-17,2019-07-18,3808110.0
WALCL,alfred_fed_balance_sheet_initial,2019-07-24,2019-07-25,3803436.0
WALCL,alfred_fed_balance_sheet_initial,2019-07-31,2019-08-01,3779102.0
WALCL,alfred_fed_balance_sheet_initial,2019-08-07,2019-08-08,3781543.0
WALCL,alfred_fed_balance_sheet_initial,2019-08-14,2019-08-15,3786018.0
WALCL,alfred_fed_balance_sheet_initial,2019-08-21,2019-08-22,3764866.0
WALCL,alfred_fed_balance_sheet_initial,2019-08-28,2019-08-29,3759946.0
WALCL,alfred_fed_balance_sheet_initial,2019-09-04,2019-09-05,3761508.0
WALCL,alfred_fed_balance_sheet_initial,2019-09-11,2019-09-12,3769673.0
WALCL,alfred_fed_balance_sheet_initial,2019-09-18,2019-09-19,3844695.0
WALCL,alfred_fed_balance_sheet_initial,2019-09-25,2019-09-26,3857715.0
WALCL,alfred_fed_balance_sheet_initial,2019-10-02,2019-10-03,3945831.0
WALCL,alfred_fed_balance_sheet_initial,2019-10-09,2019-10-10,3949955.0
WALCL,alfred_fed_balance_sheet_initial,2019-10-16,2019-10-17,3966471.0
WALCL,alfred_fed_balance_sheet_initial,2019-10-23,2019-10-24,3968700.0
WALCL,alfred_fed_balance_sheet_initial,2019-10-30,2019-10-31,4019823.0
WALCL,alfred_fed_balance_sheet_initial,2019-11-06,2019-11-07,4039443.0
WALCL,alfred_fed_balance_sheet_initial,2019-11-13,2019-11-14,4047882.0
WALCL,alfred_fed_balance_sheet_initial,2019-11-20,2019-11-21,4030249.0
WALCL,alfred_fed_balance_sheet_initial,2019-11-27,2019-11-29,4052875.0
WALCL,alfred_fed_balance_sheet_initial,2019-12-04,2019-12-05,4065696.0
WALCL,alfred_fed_balance_sheet_initial,2019-12-11,2019-12-12,4095491.0
WALCL,alfred_fed_balance_sheet_initial,2019-12-18,2019-12-19,4137052.0
WALCL,alfred_fed_balance_sheet_initial,2019-12-25,2019-12-26,4165591.0
WALCL,alfred_fed_balance_sheet_initial,2020-01-01,2020-01-02,4173626.0
WALCL,alfred_fed_balance_sheet_initial,2020-01-08,2020-01-09,4149544.0
WALCL,alfred_fed_balance_sheet_initial,2020-01-15,2020-01-16,4175850.0
WALCL,alfred_fed_balance_sheet_initial,2020-01-22,2020-01-23,4145912.0
WALCL,alfred_fed_balance_sheet_initial,2020-01-29,2020-01-30,4151630.0
WALCL,alfred_fed_balance_sheet_initial,2020-02-05,2020-02-06,4166707.0
WALCL,alfred_fed_balance_sheet_initial,2020-02-12,2020-02-13,4182689.0
WALCL,alfred_fed_balance_sheet_initial,2020-02-19,2020-02-20,4171570.0
WALCL,alfred_fed_balance_sheet_initial,2020-02-26,2020-02-27,4158637.0
WALCL,alfred_fed_balance_sheet_initial,2020-03-04,2020-03-05,4241507.0
WALCL,alfred_fed_balance_sheet_initial,2020-03-11,2020-03-12,4311911.0
WALCL,alfred_fed_balance_sheet_initial,2020-03-18,2020-03-19,4668212.0
WALCL,alfred_fed_balance_sheet_initial,2020-03-25,2020-03-26,5254278.0
WALCL,alfred_fed_balance_sheet_initial,2020-04-01,2020-04-02,5811607.0
WALCL,alfred_fed_balance_sheet_initial,2020-04-08,2020-04-09,6083141.0
WALCL,alfred_fed_balance_sheet_initial,2020-04-15,2020-04-16,6367887.0
WALCL,alfred_fed_balance_sheet_initial,2020-04-22,2020-04-23,6573136.0
WALCL,alfred_fed_balance_sheet_initial,2020-04-29,2020-04-30,6655929.0
WALCL,alfred_fed_balance_sheet_initial,2020-05-06,2020-05-07,6721420.0
WALCL,alfred_fed_balance_sheet_initial,2020-05-13,2020-05-14,6934227.0
WALCL,alfred_fed_balance_sheet_initial,2020-05-20,2020-05-21,7037258.0
WALCL,alfred_fed_balance_sheet_initial,2020-05-27,2020-05-28,7097316.0
WALCL,alfred_fed_balance_sheet_initial,2020-06-03,2020-06-04,7165217.0
WALCL,alfred_fed_balance_sheet_initial,2020-06-10,2020-06-11,7168936.0
WALCL,alfred_fed_balance_sheet_initial,2020-06-17,2020-06-18,7094690.0
WALCL,alfred_fed_balance_sheet_initial,2020-06-24,2020-06-25,7082302.0
WALCL,alfred_fed_balance_sheet_initial,2020-07-01,2020-07-02,7009040.0
WALCL,alfred_fed_balance_sheet_initial,2020-07-08,2020-07-09,6920716.0
WALCL,alfred_fed_balance_sheet_initial,2020-07-15,2020-07-16,6958604.0
WALCL,alfred_fed_balance_sheet_initial,2020-07-22,2020-07-23,6964755.0
WALCL,alfred_fed_balance_sheet_initial,2020-07-29,2020-07-30,6949032.0
WALCL,alfred_fed_balance_sheet_initial,2020-08-05,2020-08-06,6945237.0
WALCL,alfred_fed_balance_sheet_initial,2020-08-12,2020-08-13,6957277.0
WALCL,alfred_fed_balance_sheet_initial,2020-08-19,2020-08-20,7010637.0
WALCL,alfred_fed_balance_sheet_initial,2020-08-26,2020-08-27,6990418.0
WALCL,alfred_fed_balance_sheet_initial,2020-09-02,2020-09-03,7017492.0
WALCL,alfred_fed_balance_sheet_initial,2020-09-09,2020-09-10,7010614.0
WALCL,alfred_fed_balance_sheet_initial,2020-09-16,2020-09-17,7064475.0
WALCL,alfred_fed_balance_sheet_initial,2020-09-23,2020-09-24,7093161.0
WALCL,alfred_fed_balance_sheet_initial,2020-09-30,2020-10-01,7056129.0
WALCL,alfred_fed_balance_sheet_initial,2020-10-07,2020-10-08,7074649.0
WALCL,alfred_fed_balance_sheet_initial,2020-10-14,2020-10-15,7151426.0
WALCL,alfred_fed_balance_sheet_initial,2020-10-21,2020-10-22,7177265.0
WALCL,alfred_fed_balance_sheet_initial,2020-10-28,2020-10-29,7146306.0
WALCL,alfred_fed_balance_sheet_initial,2020-11-04,2020-11-05,7157479.0
WALCL,alfred_fed_balance_sheet_initial,2020-11-11,2020-11-12,7175417.0
WALCL,alfred_fed_balance_sheet_initial,2020-11-18,2020-11-19,7243080.0
WALCL,alfred_fed_balance_sheet_initial,2020-11-25,2020-11-27,7216480.0
WALCL,alfred_fed_balance_sheet_initial,2020-12-02,2020-12-03,7222414.0
WALCL,alfred_fed_balance_sheet_initial,2020-12-09,2020-12-10,7242658.0
WALCL,alfred_fed_balance_sheet_initial,2020-12-16,2020-12-17,7362592.0
WALCL,alfred_fed_balance_sheet_initial,2020-12-23,2020-12-28,7404039.0
WALCL,alfred_fed_balance_sheet_initial,2020-12-30,2020-12-31,7363351.0
WALCL,alfred_fed_balance_sheet_initial,2021-01-06,2021-01-07,7334809.0
WALCL,alfred_fed_balance_sheet_initial,2021-01-13,2021-01-14,7333968.0
WALCL,alfred_fed_balance_sheet_initial,2021-01-20,2021-01-21,7414942.0
WALCL,alfred_fed_balance_sheet_initial,2021-01-27,2021-01-28,7404926.0
WALCL,alfred_fed_balance_sheet_initial,2021-02-03,2021-02-04,7410598.0
WALCL,alfred_fed_balance_sheet_initial,2021-02-10,2021-02-11,7442225.0
WALCL,alfred_fed_balance_sheet_initial,2021-02-17,2021-02-18,7557402.0
WALCL,alfred_fed_balance_sheet_initial,2021-02-24,2021-02-25,7590111.0
WALCL,alfred_fed_balance_sheet_initial,2021-03-03,2021-03-04,7557524.0
WALCL,alfred_fed_balance_sheet_initial,2021-03-10,2021-03-11,7579901.0
WALCL,alfred_fed_balance_sheet_initial,2021-03-17,2021-03-18,7693506.0
WALCL,alfred_fed_balance_sheet_initial,2021-03-24,2021-03-25,7719622.0
WALCL,alfred_fed_balance_sheet_initial,2021-03-31,2021-04-01,7688988.0
WALCL,alfred_fed_balance_sheet_initial,2021-04-07,2021-04-08,7708882.0
WALCL,alfred_fed_balance_sheet_initial,2021-04-14,2021-04-15,7793104.0
WALCL,alfred_fed_balance_sheet_initial,2021-04-21,2021-04-22,7820948.0
WALCL,alfred_fed_balance_sheet_initial,2021-04-28,2021-04-29,7780962.0
WALCL,alfred_fed_balance_sheet_initial,2021-05-05,2021-05-06,7810486.0
WALCL,alfred_fed_balance_sheet_initial,2021-05-12,2021-05-13,7830663.0
WALCL,alfred_fed_balance_sheet_initial,2021-05-19,2021-05-20,7922883.0
WALCL,alfred_fed_balance_sheet_initial,2021-05-26,2021-05-27,7903541.0
WALCL,alfred_fed_balance_sheet_initial,2021-06-02,2021-06-03,7935703.0
WALCL,alfred_fed_balance_sheet_initial,2021-06-09,2021-06-10,7952327.0
WALCL,alfred_fed_balance_sheet_initial,2021-06-16,2021-06-17,8064257.0
WALCL,alfred_fed_balance_sheet_initial,2021-06-23,2021-06-24,8101945.0
WALCL,alfred_fed_balance_sheet_initial,2021-06-30,2021-07-01,8078544.0
WALCL,alfred_fed_balance_sheet_initial,2021-07-07,2021-07-08,8097773.0
WALCL,alfred_fed_balance_sheet_initial,2021-07-14,2021-07-15,8201651.0
WALCL,alfred_fed_balance_sheet_initial,2021-07-21,2021-07-22,8240530.0
WALCL,alfred_fed_balance_sheet_initial,2021-07-28,2021-07-29,8221473.0
WALCL,alfred_fed_balance_sheet_initial,2021-08-04,2021-08-05,8235073.0
WALCL,alfred_fed_balance_sheet_initial,2021-08-11,2021-08-12,8257159.0
WALCL,alfred_fed_balance_sheet_initial,2021-08-18,2021-08-19,8342598.0
WALCL,alfred_fed_balance_sheet_initial,2021-08-25,2021-08-26,8332743.0
WALCL,alfred_fed_balance_sheet_initial,2021-09-01,2021-09-02,8349173.0
WALCL,alfred_fed_balance_sheet_initial,2021-09-08,2021-09-09,8357314.0
WALCL,alfred_fed_balance_sheet_initial,2021-09-15,2021-09-16,8448770.0
WALCL,alfred_fed_balance_sheet_initial,2021-09-22,2021-09-23,8489824.0
WALCL,alfred_fed_balance_sheet_initial,2021-09-29,2021-09-30,8447981.0
WALCL,alfred_fed_balance_sheet_initial,2021-10-06,2021-10-07,8464032.0
WALCL,alfred_fed_balance_sheet_initial,2021-10-13,2021-10-14,8480942.0
WALCL,alfred_fed_balance_sheet_initial,2021-10-20,2021-10-21,8564943.0
WALCL,alfred_fed_balance_sheet_initial,2021-10-27,2021-10-28,8556181.0
WALCL,alfred_fed_balance_sheet_initial,2021-11-03,2021-11-04,8574871.0
WALCL,alfred_fed_balance_sheet_initial,2021-11-10,2021-11-12,8663117.0
WALCL,alfred_fed_balance_sheet_initial,2021-11-17,2021-11-18,8674970.0
WALCL,alfred_fed_balance_sheet_initial,2021-11-24,2021-11-26,8681771.0
WALCL,alfred_fed_balance_sheet_initial,2021-12-01,2021-12-02,8650402.0
WALCL,alfred_fed_balance_sheet_initial,2021-12-08,2021-12-09,8664524.0
WALCL,alfred_fed_balance_sheet_initial,2021-12-15,2021-12-16,8756666.0
WALCL,alfred_fed_balance_sheet_initial,2021-12-22,2021-12-23,8790495.0
WALCL,alfred_fed_balance_sheet_initial,2021-12-29,2021-12-30,8757460.0
WALCL,alfred_fed_balance_sheet_initial,2022-01-05,2022-01-06,8765721.0
WALCL,alfred_fed_balance_sheet_initial,2022-01-12,2022-01-13,8788278.0
WALCL,alfred_fed_balance_sheet_initial,2022-01-19,2022-01-20,8867834.0
WALCL,alfred_fed_balance_sheet_initial,2022-01-26,2022-01-27,8860485.0
WALCL,alfred_fed_balance_sheet_initial,2022-02-02,2022-02-03,8873211.0
WALCL,alfred_fed_balance_sheet_initial,2022-02-09,2022-02-10,8878009.0
WALCL,alfred_fed_balance_sheet_initial,2022-02-16,2022-02-17,8911033.0
WALCL,alfred_fed_balance_sheet_initial,2022-02-23,2022-02-24,8928129.0
WALCL,alfred_fed_balance_sheet_initial,2022-03-02,2022-03-03,8904455.0
WALCL,alfred_fed_balance_sheet_initial,2022-03-09,2022-03-10,8910748.0
WALCL,alfred_fed_balance_sheet_initial,2022-03-16,2022-03-17,8954306.0
WALCL,alfred_fed_balance_sheet_initial,2022-03-23,2022-03-24,8962474.0
WALCL,alfred_fed_balance_sheet_initial,2022-03-30,2022-03-31,8937142.0
WALCL,alfred_fed_balance_sheet_initial,2022-04-06,2022-04-07,8937592.0
WALCL,alfred_fed_balance_sheet_initial,2022-04-13,2022-04-14,8965487.0
WALCL,alfred_fed_balance_sheet_initial,2022-04-20,2022-04-21,8955851.0
WALCL,alfred_fed_balance_sheet_initial,2022-04-27,2022-04-28,8939199.0
WALCL,alfred_fed_balance_sheet_initial,2022-05-04,2022-05-05,8939972.0
WALCL,alfred_fed_balance_sheet_initial,2022-05-11,2022-05-12,8942008.0
WALCL,alfred_fed_balance_sheet_initial,2022-05-18,2022-05-19,8945898.0
WALCL,alfred_fed_balance_sheet_initial,2022-05-25,2022-05-26,8914281.0
WALCL,alfred_fed_balance_sheet_initial,2022-06-01,2022-06-02,8915050.0
WALCL,alfred_fed_balance_sheet_initial,2022-06-08,2022-06-09,8918254.0
WALCL,alfred_fed_balance_sheet_initial,2022-06-15,2022-06-16,8932420.0
WALCL,alfred_fed_balance_sheet_initial,2022-06-22,2022-06-23,8934346.0
WALCL,alfred_fed_balance_sheet_initial,2022-06-29,2022-06-30,8913553.0
WALCL,alfred_fed_balance_sheet_initial,2022-07-06,2022-07-07,8891851.0
WALCL,alfred_fed_balance_sheet_initial,2022-07-13,2022-07-14,8895867.0
WALCL,alfred_fed_balance_sheet_initial,2022-07-20,2022-07-21,8899213.0
WALCL,alfred_fed_balance_sheet_initial,2022-07-27,2022-07-28,8890004.0
WALCL,alfred_fed_balance_sheet_initial,2022-08-03,2022-08-04,8874620.0
WALCL,alfred_fed_balance_sheet_initial,2022-08-10,2022-08-11,8879138.0
WALCL,alfred_fed_balance_sheet_initial,2022-08-17,2022-08-18,8849762.0
WALCL,alfred_fed_balance_sheet_initial,2022-08-24,2022-08-25,8851436.0
WALCL,alfred_fed_balance_sheet_initial,2022-08-31,2022-09-01,8826093.0
WALCL,alfred_fed_balance_sheet_initial,2022-09-07,2022-09-08,8822401.0
WALCL,alfred_fed_balance_sheet_initial,2022-09-14,2022-09-15,8832759.0
WALCL,alfred_fed_balance_sheet_initial,2022-09-21,2022-09-22,8816802.0
WALCL,alfred_fed_balance_sheet_initial,2022-09-28,2022-09-29,8795567.0
WALCL,alfred_fed_balance_sheet_initial,2022-10-05,2022-10-06,8759053.0
WALCL,alfred_fed_balance_sheet_initial,2022-10-12,2022-10-13,8758969.0
WALCL,alfred_fed_balance_sheet_initial,2022-10-19,2022-10-20,8743922.0
WALCL,alfred_fed_balance_sheet_initial,2022-10-26,2022-10-27,8723090.0
WALCL,alfred_fed_balance_sheet_initial,2022-11-02,2022-11-03,8676870.0
WALCL,alfred_fed_balance_sheet_initial,2022-11-09,2022-11-10,8678886.0
WALCL,alfred_fed_balance_sheet_initial,2022-11-16,2022-11-17,8625620.0
WALCL,alfred_fed_balance_sheet_initial,2022-11-23,2022-11-25,8621390.0
WALCL,alfred_fed_balance_sheet_initial,2022-11-30,2022-12-01,8584576.0
WALCL,alfred_fed_balance_sheet_initial,2022-12-07,2022-12-08,8582735.0
WALCL,alfred_fed_balance_sheet_initial,2022-12-14,2022-12-15,8583413.0
WALCL,alfred_fed_balance_sheet_initial,2022-12-21,2022-12-22,8564411.0
WALCL,alfred_fed_balance_sheet_initial,2022-12-28,2022-12-29,8551169.0
WALCL,alfred_fed_balance_sheet_initial,2023-01-04,2023-01-05,8507429.0
WALCL,alfred_fed_balance_sheet_initial,2023-01-11,2023-01-12,8508587.0
WALCL,alfred_fed_balance_sheet_initial,2023-01-18,2023-01-19,8489039.0
WALCL,alfred_fed_balance_sheet_initial,2023-01-25,2023-01-26,8470557.0
WALCL,alfred_fed_balance_sheet_initial,2023-02-01,2023-02-02,8433610.0
WALCL,alfred_fed_balance_sheet_initial,2023-02-08,2023-02-09,8435369.0
WALCL,alfred_fed_balance_sheet_initial,2023-02-15,2023-02-16,8384767.0
WALCL,alfred_fed_balance_sheet_initial,2023-02-22,2023-02-23,8382190.0
WALCL,alfred_fed_balance_sheet_initial,2023-03-01,2023-03-02,8339684.0
WALCL,alfred_fed_balance_sheet_initial,2023-03-08,2023-03-09,8342283.0
WALCL,alfred_fed_balance_sheet_initial,2023-03-15,2023-03-16,8639300.0
WALCL,alfred_fed_balance_sheet_initial,2023-03-22,2023-03-23,8733787.0
WALCL,alfred_fed_balance_sheet_initial,2023-03-29,2023-03-30,8705942.0
WALCL,alfred_fed_balance_sheet_initial,2023-04-05,2023-04-06,8632384.0
WALCL,alfred_fed_balance_sheet_initial,2023-04-12,2023-04-13,8614797.0
WALCL,alfred_fed_balance_sheet_initial,2023-04-19,2023-04-20,8593263.0
WALCL,alfred_fed_balance_sheet_initial,2023-04-26,2023-04-27,8562768.0
WALCL,alfred_fed_balance_sheet_initial,2023-05-03,2023-05-04,8503994.0
WALCL,alfred_fed_balance_sheet_initial,2023-05-10,2023-05-11,8503017.0
WALCL,alfred_fed_balance_sheet_initial,2023-05-17,2023-05-18,8456760.0
WALCL,alfred_fed_balance_sheet_initial,2023-05-24,2023-05-25,8436255.0
WALCL,alfred_fed_balance_sheet_initial,2023-05-31,2023-06-01,8385854.0
WALCL,alfred_fed_balance_sheet_initial,2023-06-07,2023-06-08,8389325.0
WALCL,alfred_fed_balance_sheet_initial,2023-06-14,2023-06-15,8388323.0
WALCL,alfred_fed_balance_sheet_initial,2023-06-21,2023-06-22,8362060.0
WALCL,alfred_fed_balance_sheet_initial,2023-06-28,2023-06-29,8340914.0
WALCL,alfred_fed_balance_sheet_initial,2023-07-05,2023-07-06,8298312.0
WALCL,alfred_fed_balance_sheet_initial,2023-07-12,2023-07-13,8296923.0
WALCL,alfred_fed_balance_sheet_initial,2023-07-19,2023-07-20,8274552.0
WALCL,alfred_fed_balance_sheet_initial,2023-07-26,2023-07-27,8243344.0
WALCL,alfred_fed_balance_sheet_initial,2023-08-02,2023-08-03,8206764.0
WALCL,alfred_fed_balance_sheet_initial,2023-08-09,2023-08-10,8208241.0
WALCL,alfred_fed_balance_sheet_initial,2023-08-16,2023-08-17,8145727.0
WALCL,alfred_fed_balance_sheet_initial,2023-08-23,2023-08-24,8139066.0
WALCL,alfred_fed_balance_sheet_initial,2023-08-30,2023-08-31,8121316.0
WALCL,alfred_fed_balance_sheet_initial,2023-09-06,2023-09-07,8101318.0
WALCL,alfred_fed_balance_sheet_initial,2023-09-13,2023-09-14,8098779.0
WALCL,alfred_fed_balance_sheet_initial,2023-09-20,2023-09-21,8024090.0
WALCL,alfred_fed_balance_sheet_initial,2023-09-27,2023-09-28,8002064.0
WALCL,alfred_fed_balance_sheet_initial,2023-10-04,2023-10-05,7955782.0
WALCL,alfred_fed_balance_sheet_initial,2023-10-11,2023-10-12,7952054.0
WALCL,alfred_fed_balance_sheet_initial,2023-10-18,2023-10-19,7933162.0
WALCL,alfred_fed_balance_sheet_initial,2023-10-25,2023-10-26,7907830.0
WALCL,alfred_fed_balance_sheet_initial,2023-11-01,2023-11-02,7866664.0
WALCL,alfred_fed_balance_sheet_initial,2023-11-08,2023-11-09,7860691.0
WALCL,alfred_fed_balance_sheet_initial,2023-11-15,2023-11-16,7814991.0
WALCL,alfred_fed_balance_sheet_initial,2023-11-22,2023-11-24,7810814.0
WALCL,alfred_fed_balance_sheet_initial,2023-11-29,2023-11-30,7796145.0
WALCL,alfred_fed_balance_sheet_initial,2023-12-06,2023-12-07,7737385.0
WALCL,alfred_fed_balance_sheet_initial,2023-12-13,2023-12-14,7739566.0
WALCL,alfred_fed_balance_sheet_initial,2023-12-20,2023-12-21,7724063.0
WALCL,alfred_fed_balance_sheet_initial,2023-12-27,2023-12-28,7712781.0
WALCL,alfred_fed_balance_sheet_initial,2024-01-03,2024-01-04,7681024.0
WALCL,alfred_fed_balance_sheet_initial,2024-01-10,2024-01-11,7686710.0
WALCL,alfred_fed_balance_sheet_initial,2024-01-17,2024-01-18,7673741.0
WALCL,alfred_fed_balance_sheet_initial,2024-01-24,2024-01-25,7677230.0
WALCL,alfred_fed_balance_sheet_initial,2024-01-31,2024-02-01,7630124.0
WALCL,alfred_fed_balance_sheet_initial,2024-02-07,2024-02-08,7631300.0
WALCL,alfred_fed_balance_sheet_initial,2024-02-14,2024-02-15,7633874.0
WALCL,alfred_fed_balance_sheet_initial,2024-02-21,2024-02-22,7581683.0
WALCL,alfred_fed_balance_sheet_initial,2024-02-28,2024-02-29,7567807.0
WALCL,alfred_fed_balance_sheet_initial,2024-03-06,2024-03-07,7538857.0
WALCL,alfred_fed_balance_sheet_initial,2024-03-13,2024-03-14,7541969.0
WALCL,alfred_fed_balance_sheet_initial,2024-03-20,2024-03-21,7514348.0
WALCL,alfred_fed_balance_sheet_initial,2024-03-27,2024-03-28,7484739.0
WALCL,alfred_fed_balance_sheet_initial,2024-04-03,2024-04-04,7439558.0
WALCL,alfred_fed_balance_sheet_initial,2024-04-10,2024-04-11,7438176.0
WALCL,alfred_fed_balance_sheet_initial,2024-04-17,2024-04-18,7405506.0
WALCL,alfred_fed_balance_sheet_initial,2024-04-24,2024-04-25,7402434.0
WALCL,alfred_fed_balance_sheet_initial,2024-05-01,2024-05-02,7362474.0
WALCL,alfred_fed_balance_sheet_initial,2024-05-08,2024-05-09,7353408.0
WALCL,alfred_fed_balance_sheet_initial,2024-05-15,2024-05-16,7304272.0
WALCL,alfred_fed_balance_sheet_initial,2024-05-22,2024-05-23,7299566.0
WALCL,alfred_fed_balance_sheet_initial,2024-05-29,2024-05-30,7284319.0
WALCL,alfred_fed_balance_sheet_initial,2024-06-05,2024-06-06,7255687.0
WALCL,alfred_fed_balance_sheet_initial,2024-06-12,2024-06-13,7258974.0
WALCL,alfred_fed_balance_sheet_initial,2024-06-19,2024-06-20,7252542.0
WALCL,alfred_fed_balance_sheet_initial,2024-06-26,2024-06-27,7231163.0
WALCL,alfred_fed_balance_sheet_initial,2024-07-03,2024-07-05,7221520.0
WALCL,alfred_fed_balance_sheet_initial,2024-07-10,2024-07-11,7224079.0
WALCL,alfred_fed_balance_sheet_initial,2024-07-17,2024-07-18,7208247.0
WALCL,alfred_fed_balance_sheet_initial,2024-07-24,2024-07-25,7205455.0
WALCL,alfred_fed_balance_sheet_initial,2024-07-31,2024-08-01,7178391.0
WALCL,alfred_fed_balance_sheet_initial,2024-08-07,2024-08-08,7175256.0
WALCL,alfred_fed_balance_sheet_initial,2024-08-14,2024-08-15,7177688.0
WALCL,alfred_fed_balance_sheet_initial,2024-08-21,2024-08-22,7139952.0
WALCL,alfred_fed_balance_sheet_initial,2024-08-28,2024-08-29,7123238.0
WALCL,alfred_fed_balance_sheet_initial,2024-09-04,2024-09-05,7112567.0
WALCL,alfred_fed_balance_sheet_initial,2024-09-11,2024-09-12,7115001.0
WALCL,alfred_fed_balance_sheet_initial,2024-09-18,2024-09-19,7109137.0
WALCL,alfred_fed_balance_sheet_initial,2024-09-25,2024-09-26,7080059.0
WALCL,alfred_fed_balance_sheet_initial,2024-10-02,2024-10-03,7046925.0
WALCL,alfred_fed_balance_sheet_initial,2024-10-09,2024-10-10,7046840.0
WALCL,alfred_fed_balance_sheet_initial,2024-10-16,2024-10-17,7039284.0
WALCL,alfred_fed_balance_sheet_initial,2024-10-23,2024-10-24,7029408.0
WALCL,alfred_fed_balance_sheet_initial,2024-10-30,2024-10-31,7013490.0
WALCL,alfred_fed_balance_sheet_initial,2024-11-06,2024-11-07,6994299.0
WALCL,alfred_fed_balance_sheet_initial,2024-11-13,2024-11-14,6967108.0
WALCL,alfred_fed_balance_sheet_initial,2024-11-20,2024-11-21,6923731.0
WALCL,alfred_fed_balance_sheet_initial,2024-11-27,2024-11-29,6905140.0
WALCL,alfred_fed_balance_sheet_initial,2024-12-04,2024-12-05,6895827.0
WALCL,alfred_fed_balance_sheet_initial,2024-12-11,2024-12-12,6897485.0
WALCL,alfred_fed_balance_sheet_initial,2024-12-18,2024-12-19,6889332.0
WALCL,alfred_fed_balance_sheet_initial,2024-12-25,2024-12-26,6885963.0
WALCL,alfred_fed_balance_sheet_initial,2025-01-01,2025-01-02,6852491.0
WALCL,alfred_fed_balance_sheet_initial,2025-01-08,2025-01-10,6853554.0
WALCL,alfred_fed_balance_sheet_initial,2025-01-15,2025-01-16,6834070.0
WALCL,alfred_fed_balance_sheet_initial,2025-01-22,2025-01-23,6831760.0
WALCL,alfred_fed_balance_sheet_initial,2025-01-29,2025-01-30,6818186.0
WALCL,alfred_fed_balance_sheet_initial,2025-02-05,2025-02-06,6810935.0
WALCL,alfred_fed_balance_sheet_initial,2025-02-12,2025-02-13,6813513.0
WALCL,alfred_fed_balance_sheet_initial,2025-02-19,2025-02-20,6782332.0
WALCL,alfred_fed_balance_sheet_initial,2025-02-26,2025-02-27,6766101.0
WALCL,alfred_fed_balance_sheet_initial,2025-03-05,2025-03-06,6756764.0
WALCL,alfred_fed_balance_sheet_initial,2025-03-12,2025-03-13,6759571.0
WALCL,alfred_fed_balance_sheet_initial,2025-03-19,2025-03-20,6755982.0
WALCL,alfred_fed_balance_sheet_initial,2025-03-26,2025-03-27,6740253.0
WALCL,alfred_fed_balance_sheet_initial,2025-04-02,2025-04-03,6723452.0
WALCL,alfred_fed_balance_sheet_initial,2025-04-09,2025-04-10,6727416.0
WALCL,alfred_fed_balance_sheet_initial,2025-04-16,2025-04-17,6727113.0
WALCL,alfred_fed_balance_sheet_initial,2025-04-23,2025-04-24,6726930.0
WALCL,alfred_fed_balance_sheet_initial,2025-04-30,2025-05-01,6709277.0
WALCL,alfred_fed_balance_sheet_initial,2025-05-07,2025-05-08,6710889.0
WALCL,alfred_fed_balance_sheet_initial,2025-05-14,2025-05-15,6713270.0
WALCL,alfred_fed_balance_sheet_initial,2025-05-21,2025-05-22,6688726.0
WALCL,alfred_fed_balance_sheet_initial,2025-05-28,2025-05-29,6673244.0
WALCL,alfred_fed_balance_sheet_initial,2025-06-04,2025-06-05,6672885.0
WALCL,alfred_fed_balance_sheet_initial,2025-06-11,2025-06-12,6677155.0
WALCL,alfred_fed_balance_sheet_initial,2025-06-18,2025-06-20,6681056.0
WALCL,alfred_fed_balance_sheet_initial,2025-06-25,2025-06-26,6662200.0
WALCL,alfred_fed_balance_sheet_initial,2025-07-02,2025-07-03,6659598.0
WALCL,alfred_fed_balance_sheet_initial,2025-07-09,2025-07-10,6661912.0
WALCL,alfred_fed_balance_sheet_initial,2025-07-16,2025-07-17,6659273.0
WALCL,alfred_fed_balance_sheet_initial,2025-07-23,2025-07-24,6657715.0
WALCL,alfred_fed_balance_sheet_initial,2025-07-30,2025-07-31,6642578.0
WALCL,alfred_fed_balance_sheet_initial,2025-08-06,2025-08-07,6640843.0
WALCL,alfred_fed_balance_sheet_initial,2025-08-13,2025-08-14,6643615.0
WALCL,alfred_fed_balance_sheet_initial,2025-08-20,2025-08-21,6618415.0
WALCL,alfred_fed_balance_sheet_initial,2025-08-27,2025-08-28,6603384.0
WALCL,alfred_fed_balance_sheet_initial,2025-09-03,2025-09-04,6602071.0
WALCL,alfred_fed_balance_sheet_initial,2025-09-10,2025-09-11,6605962.0
WALCL,alfred_fed_balance_sheet_initial,2025-09-17,2025-09-18,6608597.0
WALCL,alfred_fed_balance_sheet_initial,2025-09-24,2025-09-25,6608395.0
WALCL,alfred_fed_balance_sheet_initial,2025-10-01,2025-10-02,6587119.0
WALCL,alfred_fed_balance_sheet_initial,2025-10-08,2025-10-09,6590815.0
WALCL,alfred_fed_balance_sheet_initial,2025-10-15,2025-10-16,6596454.0
WALCL,alfred_fed_balance_sheet_initial,2025-10-22,2025-10-23,6589533.0
WALCL,alfred_fed_balance_sheet_initial,2025-10-29,2025-10-30,6587034.0
WALCL,alfred_fed_balance_sheet_initial,2025-11-05,2025-11-06,6572732.0
WALCL,alfred_fed_balance_sheet_initial,2025-11-12,2025-11-13,6580462.0
WALCL,alfred_fed_balance_sheet_initial,2025-11-19,2025-11-20,6555283.0
WALCL,alfred_fed_balance_sheet_initial,2025-11-26,2025-11-28,6552419.0
WALCL,alfred_fed_balance_sheet_initial,2025-12-03,2025-12-04,6535781.0
WALCL,alfred_fed_balance_sheet_initial,2025-12-10,2025-12-11,6539303.0
WALCL,alfred_fed_balance_sheet_initial,2025-12-17,2025-12-18,6556861.0
WALCL,alfred_fed_balance_sheet_initial,2025-12-24,2025-12-26,6581231.0
WALCL,alfred_fed_balance_sheet_initial,2025-12-31,2026-01-02,6640618.0
WALCL,alfred_fed_balance_sheet_initial,2026-01-07,2026-01-08,6573602.0
WALCL,alfred_fed_balance_sheet_initial,2026-01-14,2026-01-15,6581700.0
WALCL,alfred_fed_balance_sheet_initial,2026-01-21,2026-01-22,6584580.0
WALCL,alfred_fed_balance_sheet_initial,2026-01-28,2026-01-29,6587568.0
WALCL,alfred_fed_balance_sheet_initial,2026-02-04,2026-02-05,6605909.0
WALCL,alfred_fed_balance_sheet_initial,2026-02-11,2026-02-12,6622382.0
WALCL,alfred_fed_balance_sheet_initial,2026-02-18,2026-02-19,6613395.0
WALCL,alfred_fed_balance_sheet_initial,2026-02-25,2026-02-26,6613797.0
WALCL,alfred_fed_balance_sheet_initial,2026-03-04,2026-03-05,6628894.0
WALCL,alfred_fed_balance_sheet_initial,2026-03-11,2026-03-12,6646344.0
WALCL,alfred_fed_balance_sheet_initial,2026-03-18,2026-03-19,6655939.0
WALCL,alfred_fed_balance_sheet_initial,2026-03-25,2026-03-26,6657161.0
WALCL,alfred_fed_balance_sheet_initial,2026-04-01,2026-04-02,6675344.0
WALCL,alfred_fed_balance_sheet_initial,2026-04-08,2026-04-09,6693871.0
WALCL,alfred_fed_balance_sheet_initial,2026-04-15,2026-04-16,6705696.0
WALCL,alfred_fed_balance_sheet_initial,2026-04-22,2026-04-23,6707419.0
WALCL,alfred_fed_balance_sheet_initial,2026-04-29,2026-04-30,6699950.0
WALCL,alfred_fed_balance_sheet_initial,2026-05-06,2026-05-07,6709505.0
WALCL,alfred_fed_balance_sheet_initial,2026-05-13,2026-05-14,6728502.0
WALCL,alfred_fed_balance_sheet_initial,2026-05-20,2026-05-21,6713643.0
WALCL,alfred_fed_balance_sheet_initial,2026-05-27,2026-05-28,6704383.0
WALCL,alfred_fed_balance_sheet_initial,2026-06-03,2026-06-04,6711495.0
WALCL,alfred_fed_balance_sheet_initial,2026-06-10,2026-06-11,6725397.0
WALCL,alfred_fed_balance_sheet_initial,2026-06-17,2026-06-18,6736424.0
WALCL,alfred_fed_balance_sheet_initial,2026-06-24,2026-06-25,6735645.0
WALCL,alfred_fed_balance_sheet_initial,2026-07-01,2026-07-02,6724564.0
WALCL,alfred_fed_balance_sheet_initial,2026-07-08,2026-07-09,6735609.0
WALCL,alfred_fed_balance_sheet_initial,2026-07-15,2026-07-16,6743028.0
WALCL,alfred_fed_balance_sheet_initial,2026-07-22,2026-07-23,6747378.0
WALCL,alfred_fed_balance_sheet_initial,2026-07-29,2026-07-30,6738190.0
WALCL,alfred_fed_balance_sheet_initial,2026-08-05,2026-08-06,6748567.0
WALCL,alfred_fed_balance_sheet_initial,2026-08-12,2026-08-13,6759955.0
WALCL,alfred_fed_balance_sheet_initial,2026-08-19,2026-08-20,6745699.0
WALCL,alfred_fed_balance_sheet_initial,2026-08-26,2026-08-27,6730912.0
WALCL,alfred_fed_balance_sheet_initial,2026-09-02,2026-09-03,6737204.0
WALCL,alfred_fed_balance_sheet_initial,2026-09-09,2026-09-10,6740619.0
WTREGEN,alfred_tga_initial,2008-12-24,2008-12-29,125.933
WTREGEN,alfred_tga_initial,2008-12-31,2009-01-02,114.229
WTREGEN,alfred_tga_initial,2009-01-07,2009-01-08,66.137
WTREGEN,alfred_tga_initial,2009-01-14,2009-01-15,36.826
WTREGEN,alfred_tga_initial,2009-01-21,2009-01-22,35.51
WTREGEN,alfred_tga_initial,2009-01-28,2009-01-29,55.539
WTREGEN,alfred_tga_initial,2009-02-04,2009-02-05,41.917
WTREGEN,alfred_tga_initial,2009-02-11,2009-02-12,36.506
WTREGEN,alfred_tga_initial,2009-02-18,2009-02-19,31.082
WTREGEN,alfred_tga_initial,2009-02-25,2009-02-26,35.583
WTREGEN,alfred_tga_initial,2009-03-04,2009-03-05,52.413
WTREGEN,alfred_tga_initial,2009-03-11,2009-03-12,48.896
WTREGEN,alfred_tga_initial,2009-03-18,2009-03-19,72.723
WTREGEN,alfred_tga_initial,2009-03-25,2009-03-26,78.083
WTREGEN,alfred_tga_initial,2009-04-01,2009-04-02,47.129
WTREGEN,alfred_tga_initial,2009-04-08,2009-04-09,35.981
WTREGEN,alfred_tga_initial,2009-04-15,2009-04-16,41.866
WTREGEN,alfred_tga_initial,2009-04-22,2009-04-23,65.72
WTREGEN,alfred_tga_initial,2009-04-29,2009-04-30,84.774
WTREGEN,alfred_tga_initial,2009-05-06,2009-05-07,87.083
WTREGEN,alfred_tga_initial,2009-05-13,2009-05-14,76.059
WTREGEN,alfred_tga_initial,2009-05-20,2009-05-21,49.838
WTREGEN,alfred_tga_initial,2009-05-27,2009-05-28,26.692
WTREGEN,alfred_tga_initial,2009-06-03,2009-06-04,32.573
WTREGEN,alfred_tga_initial,2009-06-10,2009-06-11,31.392
WTREGEN,alfred_tga_initial,2009-06-17,2009-06-18,42.257
WTREGEN,alfred_tga_initial,2009-06-24,2009-06-25,118.671
WTREGEN,alfred_tga_initial,2009-07-01,2009-07-02,71.99
WTREGEN,alfred_tga_initial,2009-07-08,2009-07-09,34.2
WTREGEN,alfred_tga_initial,2009-07-15,2009-07-16,26.431
WTREGEN,alfred_tga_initial,2009-07-22,2009-07-23,73.188
WTREGEN,alfred_tga_initial,2009-07-29,2009-07-30,61.406
WTREGEN,alfred_tga_initial,2009-08-05,2009-08-06,70.812
WTREGEN,alfred_tga_initial,2009-08-12,2009-08-13,48.217
WTREGEN,alfred_tga_initial,2009-08-19,2009-08-20,29.767
WTREGEN,alfred_tga_initial,2009-08-26,2009-08-27,26.273
WTREGEN,alfred_tga_initial,2009-09-02,2009-09-03,35.581
WTREGEN,alfred_tga_initial,2009-09-09,2009-09-10,16.798
WTREGEN,alfred_tga_initial,2009-09-16,2009-09-17,25.346
WTREGEN,alfred_tga_initial,2009-09-23,2009-09-24,53.301
WTREGEN,alfred_tga_initial,2009-09-30,2009-10-01,37.91
WTREGEN,alfred_tga_initial,2009-10-07,2009-10-08,41.579
WTREGEN,alfred_tga_initial,2009-10-14,2009-10-15,23.173
WTREGEN,alfred_tga_initial,2009-10-21,2009-10-22,83.461
WTREGEN,alfred_tga_initial,2009-10-28,2009-10-29,43.241
WTREGEN,alfred_tga_initial,2009-11-04,2009-11-05,49.511
WTREGEN,alfred_tga_initial,2009-11-11,2009-11-12,74.637
WTREGEN,alfred_tga_initial,2009-11-18,2009-11-19,61.634
WTREGEN,alfred_tga_initial,2009-11-25,2009-11-27,25.904
WTREGEN,alfred_tga_initial,2009-12-02,2009-12-03,38.243
WTREGEN,alfred_tga_initial,2009-12-09,2009-12-10,31.793
WTREGEN,alfred_tga_initial,2009-12-16,2009-12-17,76.741
WTREGEN,alfred_tga_initial,2009-12-23,2009-12-28,94.951
WTREGEN,alfred_tga_initial,2009-12-30,2009-12-31,118.523
WTREGEN,alfred_tga_initial,2010-01-06,2010-01-07,178.343
WTREGEN,alfred_tga_initial,2010-01-13,2010-01-14,136.382
WTREGEN,alfred_tga_initial,2010-01-20,2010-01-21,143.908
WTREGEN,alfred_tga_initial,2010-01-27,2010-01-28,135.038
WTREGEN,alfred_tga_initial,2010-02-03,2010-02-04,109.506
WTREGEN,alfred_tga_initial,2010-02-10,2010-02-11,79.862
WTREGEN,alfred_tga_initial,2010-02-17,2010-02-18,46.48
WTREGEN,alfred_tga_initial,2010-02-24,2010-02-25,32.891
WTREGEN,alfred_tga_initial,2010-03-03,2010-03-04,38.894
WTREGEN,alfred_tga_initial,2010-03-10,2010-03-11,36.142
WTREGEN,alfred_tga_initial,2010-03-17,2010-03-18,52.167
WTREGEN,alfred_tga_initial,2010-03-24,2010-03-25,67.603
WTREGEN,alfred_tga_initial,2010-03-31,2010-04-01,35.896
WTREGEN,alfred_tga_initial,2010-04-07,2010-04-08,19.091
WTREGEN,alfred_tga_initial,2010-04-14,2010-04-15,11.666
WTREGEN,alfred_tga_initial,2010-04-21,2010-04-22,46.088
WTREGEN,alfred_tga_initial,2010-04-28,2010-04-29,57.162
WTREGEN,alfred_tga_initial,2010-05-05,2010-05-06,76.667
WTREGEN,alfred_tga_initial,2010-05-12,2010-05-13,34.305
WTREGEN,alfred_tga_initial,2010-05-19,2010-05-20,21.159
WTREGEN,alfred_tga_initial,2010-05-26,2010-05-27,26.077
WTREGEN,alfred_tga_initial,2010-06-02,2010-06-03,33.135
WTREGEN,alfred_tga_initial,2010-06-09,2010-06-10,32.796
WTREGEN,alfred_tga_initial,2010-06-16,2010-06-17,29.199
WTREGEN,alfred_tga_initial,2010-06-23,2010-06-24,45.852
WTREGEN,alfred_tga_initial,2010-06-30,2010-07-01,40.112
WTREGEN,alfred_tga_initial,2010-07-07,2010-07-08,25.984
WTREGEN,alfred_tga_initial,2010-07-14,2010-07-15,18.262
WTREGEN,alfred_tga_initial,2010-07-21,2010-07-22,51.307
WTREGEN,alfred_tga_initial,2010-07-28,2010-07-29,41.603
WTREGEN,alfred_tga_initial,2010-08-04,2010-08-05,27.377
WTREGEN,alfred_tga_initial,2010-08-11,2010-08-12,36.113
WTREGEN,alfred_tga_initial,2010-08-18,2010-08-19,28.343
WTREGEN,alfred_tga_initial,2010-08-25,2010-08-26,18.823
WTREGEN,alfred_tga_initial,2010-09-01,2010-09-02,23.113
WTREGEN,alfred_tga_initial,2010-09-08,2010-09-09,23.062
WTREGEN,alfred_tga_initial,2010-09-15,2010-09-16,22.341
WTREGEN,alfred_tga_initial,2010-09-22,2010-09-23,77.377
WTREGEN,alfred_tga_initial,2010-09-29,2010-09-30,57.576
WTREGEN,alfred_tga_initial,2010-10-06,2010-10-07,58.125
WTREGEN,alfred_tga_initial,2010-10-13,2010-10-14,22.78
WTREGEN,alfred_tga_initial,2010-10-20,2010-10-21,49.934
WTREGEN,alfred_tga_initial,2010-10-27,2010-10-28,37.919
WTREGEN,alfred_tga_initial,2010-11-03,2010-11-04,34.276
WTREGEN,alfred_tga_initial,2010-11-10,2010-11-12,21.585
WTREGEN,alfred_tga_initial,2010-11-17,2010-11-18,21.787
WTREGEN,alfred_tga_initial,2010-11-24,2010-11-26,29.391
WTREGEN,alfred_tga_initial,2010-12-01,2010-12-02,35.378
WTREGEN,alfred_tga_initial,2010-12-08,2010-12-09,21.184
WTREGEN,alfred_tga_initial,2010-12-15,2010-12-16,30.093
WTREGEN,alfred_tga_initial,2010-12-22,2010-12-23,91.479
WTREGEN,alfred_tga_initial,2010-12-29,2010-12-30,87.472
WTREGEN,alfred_tga_initial,2011-01-05,2011-01-06,115.386
WTREGEN,alfred_tga_initial,2011-01-12,2011-01-13,89.107
WTREGEN,alfred_tga_initial,2011-01-19,2011-01-20,58.958
WTREGEN,alfred_tga_initial,2011-01-26,2011-01-27,91.704
WTREGEN,alfred_tga_initial,2011-02-02,2011-02-03,97.314
WTREGEN,alfred_tga_initial,2011-02-09,2011-02-10,81.217
WTREGEN,alfred_tga_initial,2011-02-16,2011-02-17,46.423
WTREGEN,alfred_tga_initial,2011-02-23,2011-02-24,40.558
WTREGEN,alfred_tga_initial,2011-03-02,2011-03-03,47.058
WTREGEN,alfred_tga_initial,2011-03-09,2011-03-10,35.841
WTREGEN,alfred_tga_initial,2011-03-16,2011-03-17,42.088
WTREGEN,alfred_tga_initial,2011-03-23,2011-03-24,87.28
WTREGEN,alfred_tga_initial,2011-03-30,2011-03-31,58.515
WTREGEN,alfred_tga_initial,2011-04-06,2011-04-07,54.802
WTREGEN,alfred_tga_initial,2011-04-13,2011-04-14,25.419
WTREGEN,alfred_tga_initial,2011-04-20,2011-04-21,73.268
WTREGEN,alfred_tga_initial,2011-04-27,2011-04-28,104.152
WTREGEN,alfred_tga_initial,2011-05-04,2011-05-05,115.026
WTREGEN,alfred_tga_initial,2011-05-11,2011-05-12,99.593
WTREGEN,alfred_tga_initial,2011-05-18,2011-05-19,91.448
WTREGEN,alfred_tga_initial,2011-05-25,2011-05-26,84.259
WTREGEN,alfred_tga_initial,2011-06-01,2011-06-02,65.992
WTREGEN,alfred_tga_initial,2011-06-08,2011-06-09,38.188
WTREGEN,alfred_tga_initial,2011-06-15,2011-06-16,41.336
WTREGEN,alfred_tga_initial,2011-06-22,2011-06-23,122.935
WTREGEN,alfred_tga_initial,2011-06-29,2011-06-30,107.983
WTREGEN,alfred_tga_initial,2011-07-06,2011-07-07,76.56
WTREGEN,alfred_tga_initial,2011-07-13,2011-07-14,50.339
WTREGEN,alfred_tga_initial,2011-07-20,2011-07-21,90.719
WTREGEN,alfred_tga_initial,2011-07-27,2011-07-28,77.019
WTREGEN,alfred_tga_initial,2011-08-03,2011-08-04,56.911
WTREGEN,alfred_tga_initial,2011-08-10,2011-08-11,23.425
WTREGEN,alfred_tga_initial,2011-08-17,2011-08-18,20.172
WTREGEN,alfred_tga_initial,2011-08-24,2011-08-25,20.782
WTREGEN,alfred_tga_initial,2011-08-31,2011-09-01,20.32
WTREGEN,alfred_tga_initial,2011-09-07,2011-09-08,20.192
WTREGEN,alfred_tga_initial,2011-09-14,2011-09-15,13.766
WTREGEN,alfred_tga_initial,2011-09-21,2011-09-22,64.915
WTREGEN,alfred_tga_initial,2011-09-28,2011-09-29,55.718
WTREGEN,alfred_tga_initial,2011-10-05,2011-10-06,43.655
WTREGEN,alfred_tga_initial,2011-10-12,2011-10-13,21.906
WTREGEN,alfred_tga_initial,2011-10-19,2011-10-20,43.403
WTREGEN,alfred_tga_initial,2011-10-26,2011-10-27,64.369
WTREGEN,alfred_tga_initial,2011-11-02,2011-11-03,57.775
WTREGEN,alfred_tga_initial,2011-11-09,2011-11-10,37.029
WTREGEN,alfred_tga_initial,2011-11-16,2011-11-17,29.786
WTREGEN,alfred_tga_initial,2011-11-23,2011-11-25,44.347
WTREGEN,alfred_tga_initial,2011-11-30,2011-12-01,43.77
WTREGEN,alfred_tga_initial,2011-12-07,2011-12-08,28.282
WTREGEN,alfred_tga_initial,2011-12-14,2011-12-15,21.484
WTREGEN,alfred_tga_initial,2011-12-21,2011-12-22,112.404
WTREGEN,alfred_tga_initial,2011-12-28,2011-12-29,98.652
WTREGEN,alfred_tga_initial,2012-01-04,2012-01-05,87.058
WTREGEN,alfred_tga_initial,2012-01-11,2012-01-12,78.263
WTREGEN,alfred_tga_initial,2012-01-18,2012-01-19,78.069
WTREGEN,alfred_tga_initial,2012-01-25,2012-01-26,111.236
WTREGEN,alfred_tga_initial,2012-02-01,2012-02-02,117.554
WTREGEN,alfred_tga_initial,2012-02-08,2012-02-09,87.962
WTREGEN,alfred_tga_initial,2012-02-15,2012-02-16,58.049
WTREGEN,alfred_tga_initial,2012-02-22,2012-02-23,55.795
WTREGEN,alfred_tga_initial,2012-02-29,2012-03-01,39.475
WTREGEN,alfred_tga_initial,2012-03-07,2012-03-08,36.963
WTREGEN,alfred_tga_initial,2012-03-14,2012-03-15,41.816
WTREGEN,alfred_tga_initial,2012-03-21,2012-03-22,102.488
WTREGEN,alfred_tga_initial,2012-03-28,2012-03-29,84.043
WTREGEN,alfred_tga_initial,2012-04-04,2012-04-05,54.899
WTREGEN,alfred_tga_initial,2012-04-11,2012-04-12,45.289
WTREGEN,alfred_tga_initial,2012-04-18,2012-04-19,53.427
WTREGEN,alfred_tga_initial,2012-04-25,2012-04-26,78.498
WTREGEN,alfred_tga_initial,2012-05-02,2012-05-03,120.748
WTREGEN,alfred_tga_initial,2012-05-09,2012-05-10,113.232
WTREGEN,alfred_tga_initial,2012-05-16,2012-05-17,99.876
WTREGEN,alfred_tga_initial,2012-05-23,2012-05-24,90.083
WTREGEN,alfred_tga_initial,2012-05-30,2012-05-31,67.804
WTREGEN,alfred_tga_initial,2012-06-06,2012-06-07,60.763
WTREGEN,alfred_tga_initial,2012-06-13,2012-06-14,41.885
WTREGEN,alfred_tga_initial,2012-06-20,2012-06-21,114.746
WTREGEN,alfred_tga_initial,2012-06-27,2012-06-28,129.149
WTREGEN,alfred_tga_initial,2012-07-04,2012-07-05,100.829
WTREGEN,alfred_tga_initial,2012-07-11,2012-07-12,86.4
WTREGEN,alfred_tga_initial,2012-07-18,2012-07-19,63.021
WTREGEN,alfred_tga_initial,2012-07-25,2012-07-26,45.537
WTREGEN,alfred_tga_initial,2012-08-01,2012-08-02,42.102
WTREGEN,alfred_tga_initial,2012-08-08,2012-08-09,35.622
WTREGEN,alfred_tga_initial,2012-08-15,2012-08-16,28.398
WTREGEN,alfred_tga_initial,2012-08-22,2012-08-23,24.038
WTREGEN,alfred_tga_initial,2012-08-29,2012-08-30,25.194
WTREGEN,alfred_tga_initial,2012-09-05,2012-09-06,30.048
WTREGEN,alfred_tga_initial,2012-09-12,2012-09-13,47.019
WTREGEN,alfred_tga_initial,2012-09-19,2012-09-20,64.716
WTREGEN,alfred_tga_initial,2012-09-26,2012-09-27,73.239
WTREGEN,alfred_tga_initial,2012-10-03,2012-10-04,83.297
WTREGEN,alfred_tga_initial,2012-10-10,2012-10-11,65.845
WTREGEN,alfred_tga_initial,2012-10-17,2012-10-18,58.473
WTREGEN,alfred_tga_initial,2012-10-24,2012-10-25,62.738
WTREGEN,alfred_tga_initial,2012-10-31,2012-11-01,53.905
WTREGEN,alfred_tga_initial,2012-11-07,2012-11-08,28.002
WTREGEN,alfred_tga_initial,2012-11-14,2012-11-15,38.664
WTREGEN,alfred_tga_initial,2012-11-21,2012-11-23,24.433
WTREGEN,alfred_tga_initial,2012-11-28,2012-11-29,27.904
WTREGEN,alfred_tga_initial,2012-12-05,2012-12-06,33.997
WTREGEN,alfred_tga_initial,2012-12-12,2012-12-13,38.98
WTREGEN,alfred_tga_initial,2012-12-19,2012-12-20,54.986
WTREGEN,alfred_tga_initial,2012-12-26,2012-12-27,55.563
WTREGEN,alfred_tga_initial,2013-01-02,2013-01-03,71.564
WTREGEN,alfred_tga_initial,2013-01-09,2013-01-10,59.644
WTREGEN,alfred_tga_initial,2013-01-16,2013-01-17,54.02
WTREGEN,alfred_tga_initial,2013-01-23,2013-01-24,72.207
WTREGEN,alfred_tga_initial,2013-01-30,2013-01-31,71.127
WTREGEN,alfred_tga_initial,2013-02-06,2013-02-07,64.279
WTREGEN,alfred_tga_initial,2013-02-13,2013-02-14,34.908
WTREGEN,alfred_tga_initial,2013-02-20,2013-02-21,24.877
WTREGEN,alfred_tga_initial,2013-02-27,2013-02-28,43.012
WTREGEN,alfred_tga_initial,2013-03-06,2013-03-07,36.793
WTREGEN,alfred_tga_initial,2013-03-13,2013-03-14,43.0
WTREGEN,alfred_tga_initial,2013-03-20,2013-03-21,71.366
WTREGEN,alfred_tga_initial,2013-03-27,2013-03-28,68.019
WTREGEN,alfred_tga_initial,2013-04-03,2013-04-04,76.144
WTREGEN,alfred_tga_initial,2013-04-10,2013-04-11,58.767
WTREGEN,alfred_tga_initial,2013-04-17,2013-04-18,82.572
WTREGEN,alfred_tga_initial,2013-04-24,2013-04-25,128.7
WTREGEN,alfred_tga_initial,2013-05-01,2013-05-02,157.054
WTREGEN,alfred_tga_initial,2013-05-08,2013-05-09,144.071
WTREGEN,alfred_tga_initial,2013-05-15,2013-05-16,89.999
WTREGEN,alfred_tga_initial,2013-05-22,2013-05-23,33.233
WTREGEN,alfred_tga_initial,2013-05-29,2013-05-30,13.502
WTREGEN,alfred_tga_initial,2013-06-05,2013-06-06,30.23
WTREGEN,alfred_tga_initial,2013-06-12,2013-06-13,43.056
WTREGEN,alfred_tga_initial,2013-06-19,2013-06-20,79.129
WTREGEN,alfred_tga_initial,2013-06-26,2013-06-27,97.212
WTREGEN,alfred_tga_initial,2013-07-03,2013-07-05,118.745
WTREGEN,alfred_tga_initial,2013-07-10,2013-07-11,88.69
WTREGEN,alfred_tga_initial,2013-07-17,2013-07-18,70.158
WTREGEN,alfred_tga_initial,2013-07-24,2013-07-25,58.403
WTREGEN,alfred_tga_initial,2013-07-31,2013-08-01,60.063
WTREGEN,alfred_tga_initial,2013-08-07,2013-08-08,60.845
WTREGEN,alfred_tga_initial,2013-08-14,2013-08-15,64.121
WTREGEN,alfred_tga_initial,2013-08-21,2013-08-22,51.174
WTREGEN,alfred_tga_initial,2013-08-28,2013-08-29,37.298
WTREGEN,alfred_tga_initial,2013-09-04,2013-09-05,32.432
WTREGEN,alfred_tga_initial,2013-09-11,2013-09-12,38.551
WTREGEN,alfred_tga_initial,2013-09-18,2013-09-19,48.099
WTREGEN,alfred_tga_initial,2013-09-25,2013-09-26,44.991
WTREGEN,alfred_tga_initial,2013-10-02,2013-10-03,37.961
WTREGEN,alfred_tga_initial,2013-10-09,2013-10-10,28.728
WTREGEN,alfred_tga_initial,2013-10-16,2013-10-17,35.301
WTREGEN,alfred_tga_initial,2013-10-23,2013-10-24,44.193
WTREGEN,alfred_tga_initial,2013-10-30,2013-10-31,31.806
WTREGEN,alfred_tga_initial,2013-11-06,2013-11-07,34.358
WTREGEN,alfred_tga_initial,2013-11-13,2013-11-14,45.639
WTREGEN,alfred_tga_initial,2013-11-20,2013-11-21,49.446
WTREGEN,alfred_tga_initial,2013-11-27,2013-11-29,53.744
WTREGEN,alfred_tga_initial,2013-12-04,2013-12-05,37.947
WTREGEN,alfred_tga_initial,2013-12-11,2013-12-12,28.992
WTREGEN,alfred_tga_initial,2013-12-18,2013-12-19,70.572
WTREGEN,alfred_tga_initial,2013-12-25,2013-12-26,99.122
WTREGEN,alfred_tga_initial,2014-01-01,2014-01-02,105.104
WTREGEN,alfred_tga_initial,2014-01-08,2014-01-09,119.258
WTREGEN,alfred_tga_initial,2014-01-15,2014-01-16,80.022
WTREGEN,alfred_tga_initial,2014-01-22,2014-01-23,77.798
WTREGEN,alfred_tga_initial,2014-01-29,2014-01-30,89.337
WTREGEN,alfred_tga_initial,2014-02-05,2014-02-06,80.081
WTREGEN,alfred_tga_initial,2014-02-12,2014-02-13,36.41
WTREGEN,alfred_tga_initial,2014-02-19,2014-02-20,41.184
WTREGEN,alfred_tga_initial,2014-02-26,2014-02-27,46.704
WTREGEN,alfred_tga_initial,2014-03-05,2014-03-06,45.394
WTREGEN,alfred_tga_initial,2014-03-12,2014-03-13,56.141
WTREGEN,alfred_tga_initial,2014-03-19,2014-03-20,88.345
WTREGEN,alfred_tga_initial,2014-03-26,2014-03-27,102.04
WTREGEN,alfred_tga_initial,2014-04-02,2014-04-03,96.163
WTREGEN,alfred_tga_initial,2014-04-09,2014-04-10,62.436
WTREGEN,alfred_tga_initial,2014-04-16,2014-04-17,65.457
WTREGEN,alfred_tga_initial,2014-04-23,2014-04-24,111.394
WTREGEN,alfred_tga_initial,2014-04-30,2014-05-01,84.126
WTREGEN,alfred_tga_initial,2014-05-07,2014-05-08,91.397
WTREGEN,alfred_tga_initial,2014-05-14,2014-05-15,71.25
WTREGEN,alfred_tga_initial,2014-05-21,2014-05-22,37.745
WTREGEN,alfred_tga_initial,2014-05-28,2014-05-29,33.573
WTREGEN,alfred_tga_initial,2014-06-04,2014-06-05,33.895
WTREGEN,alfred_tga_initial,2014-06-11,2014-06-12,46.921
WTREGEN,alfred_tga_initial,2014-06-18,2014-06-19,84.475
WTREGEN,alfred_tga_initial,2014-06-25,2014-06-26,107.244
WTREGEN,alfred_tga_initial,2014-07-02,2014-07-03,100.085
WTREGEN,alfred_tga_initial,2014-07-09,2014-07-10,63.826
WTREGEN,alfred_tga_initial,2014-07-16,2014-07-17,59.384
WTREGEN,alfred_tga_initial,2014-07-23,2014-07-24,64.138
WTREGEN,alfred_tga_initial,2014-07-30,2014-07-31,62.335
WTREGEN,alfred_tga_initial,2014-08-06,2014-08-07,71.513
WTREGEN,alfred_tga_initial,2014-08-13,2014-08-14,78.066
WTREGEN,alfred_tga_initial,2014-08-20,2014-08-21,42.803
WTREGEN,alfred_tga_initial,2014-08-27,2014-08-28,40.217
WTREGEN,alfred_tga_initial,2014-09-03,2014-09-04,42.868
WTREGEN,alfred_tga_initial,2014-09-10,2014-09-11,39.081
WTREGEN,alfred_tga_initial,2014-09-17,2014-09-18,66.417
WTREGEN,alfred_tga_initial,2014-09-24,2014-09-25,114.828
WTREGEN,alfred_tga_initial,2014-10-01,2014-10-02,119.237
WTREGEN,alfred_tga_initial,2014-10-08,2014-10-09,96.461
WTREGEN,alfred_tga_initial,2014-10-15,2014-10-16,79.79
WTREGEN,alfred_tga_initial,2014-10-22,2014-10-23,123.514
WTREGEN,alfred_tga_initial,2014-10-29,2014-10-30,118.424
WTREGEN,alfred_tga_initial,2014-11-05,2014-11-06,111.382
WTREGEN,alfred_tga_initial,2014-11-12,2014-11-13,107.205
WTREGEN,alfred_tga_initial,2014-11-19,2014-11-20,95.281
WTREGEN,alfred_tga_initial,2014-11-26,2014-11-28,79.769
WTREGEN,alfred_tga_initial,2014-12-03,2014-12-04,87.426
WTREGEN,alfred_tga_initial,2014-12-10,2014-12-11,60.092
WTREGEN,alfred_tga_initial,2014-12-17,2014-12-18,114.776
WTREGEN,alfred_tga_initial,2014-12-24,2014-12-29,175.093
WTREGEN,alfred_tga_initial,2014-12-31,2015-01-02,192.063
WTREGEN,alfred_tga_initial,2015-01-07,2015-01-08,176.817
WTREGEN,alfred_tga_initial,2015-01-14,2015-01-15,158.268
WTREGEN,alfred_tga_initial,2015-01-21,2015-01-22,170.152
WTREGEN,alfred_tga_initial,2015-01-28,2015-01-29,201.192
WTREGEN,alfred_tga_initial,2015-02-04,2015-02-05,167.272
WTREGEN,alfred_tga_initial,2015-02-11,2015-02-12,158.907
WTREGEN,alfred_tga_initial,2015-02-18,2015-02-19,118.836
WTREGEN,alfred_tga_initial,2015-02-25,2015-02-26,68.114
WTREGEN,alfred_tga_initial,2015-03-04,2015-03-05,49.803
WTREGEN,alfred_tga_initial,2015-03-11,2015-03-12,39.431
WTREGEN,alfred_tga_initial,2015-03-18,2015-03-19,60.686
WTREGEN,alfred_tga_initial,2015-03-25,2015-03-26,85.907
WTREGEN,alfred_tga_initial,2015-04-01,2015-04-02,75.467
WTREGEN,alfred_tga_initial,2015-04-08,2015-04-09,55.206
WTREGEN,alfred_tga_initial,2015-04-15,2015-04-16,50.447
WTREGEN,alfred_tga_initial,2015-04-22,2015-04-23,150.028
WTREGEN,alfred_tga_initial,2015-04-29,2015-04-30,219.702
WTREGEN,alfred_tga_initial,2015-05-06,2015-05-07,227.506
WTREGEN,alfred_tga_initial,2015-05-13,2015-05-14,216.211
WTREGEN,alfred_tga_initial,2015-05-20,2015-05-21,181.641
WTREGEN,alfred_tga_initial,2015-05-27,2015-05-28,175.577
WTREGEN,alfred_tga_initial,2015-06-03,2015-06-04,185.794
WTREGEN,alfred_tga_initial,2015-06-10,2015-06-11,178.468
WTREGEN,alfred_tga_initial,2015-06-17,2015-06-18,207.648
WTREGEN,alfred_tga_initial,2015-06-24,2015-06-25,239.498
WTREGEN,alfred_tga_initial,2015-07-01,2015-07-02,227.457
WTREGEN,alfred_tga_initial,2015-07-08,2015-07-09,182.596
WTREGEN,alfred_tga_initial,2015-07-15,2015-07-16,176.411
WTREGEN,alfred_tga_initial,2015-07-22,2015-07-23,194.772
WTREGEN,alfred_tga_initial,2015-07-29,2015-07-30,196.825
WTREGEN,alfred_tga_initial,2015-08-05,2015-08-06,203.501
WTREGEN,alfred_tga_initial,2015-08-12,2015-08-13,196.323
WTREGEN,alfred_tga_initial,2015-08-19,2015-08-20,177.883
WTREGEN,alfred_tga_initial,2015-08-26,2015-08-27,128.581
WTREGEN,alfred_tga_initial,2015-09-02,2015-09-03,120.354
WTREGEN,alfred_tga_initial,2015-09-09,2015-09-10,85.792
WTREGEN,alfred_tga_initial,2015-09-16,2015-09-17,117.411
WTREGEN,alfred_tga_initial,2015-09-23,2015-09-24,153.512
WTREGEN,alfred_tga_initial,2015-09-30,2015-10-01,145.165
WTREGEN,alfred_tga_initial,2015-10-07,2015-10-08,83.381
WTREGEN,alfred_tga_initial,2015-10-14,2015-10-15,66.439
WTREGEN,alfred_tga_initial,2015-10-21,2015-10-22,60.403
WTREGEN,alfred_tga_initial,2015-10-28,2015-10-29,47.1
WTREGEN,alfred_tga_initial,2015-11-04,2015-11-05,29.795
WTREGEN,alfred_tga_initial,2015-11-11,2015-11-12,107.125
WTREGEN,alfred_tga_initial,2015-11-18,2015-11-19,133.021
WTREGEN,alfred_tga_initial,2015-11-25,2015-11-27,163.491
WTREGEN,alfred_tga_initial,2015-12-02,2015-12-03,212.756
WTREGEN,alfred_tga_initial,2015-12-09,2015-12-10,186.624
WTREGEN,alfred_tga_initial,2015-12-16,2015-12-17,196.343
WTREGEN,alfred_tga_initial,2015-12-23,2015-12-24,267.608
WTREGEN,alfred_tga_initial,2015-12-30,2015-12-31,290.467
WTREGEN,alfred_tga_initial,2016-01-06,2016-01-07,333.22
WTREGEN,alfred_tga_initial,2016-01-13,2016-01-14,302.983
WTREGEN,alfred_tga_initial,2016-01-20,2016-01-21,285.318
WTREGEN,alfred_tga_initial,2016-01-27,2016-01-28,341.996
WTREGEN,alfred_tga_initial,2016-02-03,2016-02-04,350.858
WTREGEN,alfred_tga_initial,2016-02-10,2016-02-11,317.303
WTREGEN,alfred_tga_initial,2016-02-17,2016-02-18,266.76
WTREGEN,alfred_tga_initial,2016-02-24,2016-02-25,237.95
WTREGEN,alfred_tga_initial,2016-03-02,2016-03-03,237.207
WTREGEN,alfred_tga_initial,2016-03-09,2016-03-10,211.443
WTREGEN,alfred_tga_initial,2016-03-16,2016-03-17,235.634
WTREGEN,alfred_tga_initial,2016-03-23,2016-03-24,296.956
WTREGEN,alfred_tga_initial,2016-03-30,2016-03-31,284.66
WTREGEN,alfred_tga_initial,2016-04-06,2016-04-07,264.323
WTREGEN,alfred_tga_initial,2016-04-13,2016-04-14,239.635
WTREGEN,alfred_tga_initial,2016-04-20,2016-04-21,268.785
WTREGEN,alfred_tga_initial,2016-04-27,2016-04-28,346.166
WTREGEN,alfred_tga_initial,2016-05-04,2016-05-05,336.357
WTREGEN,alfred_tga_initial,2016-05-11,2016-05-12,315.369
WTREGEN,alfred_tga_initial,2016-05-18,2016-05-19,295.339
WTREGEN,alfred_tga_initial,2016-05-25,2016-05-26,268.619
WTREGEN,alfred_tga_initial,2016-06-01,2016-06-02,267.948
WTREGEN,alfred_tga_initial,2016-06-08,2016-06-09,236.351
WTREGEN,alfred_tga_initial,2016-06-15,2016-06-16,231.257
WTREGEN,alfred_tga_initial,2016-06-22,2016-06-23,316.838
WTREGEN,alfred_tga_initial,2016-06-29,2016-06-30,337.093
WTREGEN,alfred_tga_initial,2016-07-06,2016-07-07,303.297
WTREGEN,alfred_tga_initial,2016-07-13,2016-07-14,316.064
WTREGEN,alfred_tga_initial,2016-07-20,2016-07-21,329.15
WTREGEN,alfred_tga_initial,2016-07-27,2016-07-28,325.499
WTREGEN,alfred_tga_initial,2016-08-03,2016-08-04,298.813
WTREGEN,alfred_tga_initial,2016-08-10,2016-08-11,259.832
WTREGEN,alfred_tga_initial,2016-08-17,2016-08-18,260.81
WTREGEN,alfred_tga_initial,2016-08-24,2016-08-25,254.376
WTREGEN,alfred_tga_initial,2016-08-31,2016-09-01,274.195
WTREGEN,alfred_tga_initial,2016-09-07,2016-09-08,236.154
WTREGEN,alfred_tga_initial,2016-09-14,2016-09-15,243.082
WTREGEN,alfred_tga_initial,2016-09-21,2016-09-22,340.448
WTREGEN,alfred_tga_initial,2016-09-28,2016-09-29,351.7
WTREGEN,alfred_tga_initial,2016-10-05,2016-10-06,347.76
WTREGEN,alfred_tga_initial,2016-10-12,2016-10-13,356.185
WTREGEN,alfred_tga_initial,2016-10-19,2016-10-20,391.988
WTREGEN,alfred_tga_initial,2016-10-26,2016-10-27,429.027
WTREGEN,alfred_tga_initial,2016-11-02,2016-11-03,417.665
WTREGEN,alfred_tga_initial,2016-11-09,2016-11-10,376.217
WTREGEN,alfred_tga_initial,2016-11-16,2016-11-17,400.625
WTREGEN,alfred_tga_initial,2016-11-23,2016-11-25,399.665
WTREGEN,alfred_tga_initial,2016-11-30,2016-12-01,409.36
WTREGEN,alfred_tga_initial,2016-12-07,2016-12-08,343.355
WTREGEN,alfred_tga_initial,2016-12-14,2016-12-15,324.525
WTREGEN,alfred_tga_initial,2016-12-21,2016-12-22,388.497
WTREGEN,alfred_tga_initial,2016-12-28,2016-12-29,380.679
WTREGEN,alfred_tga_initial,2017-01-04,2017-01-05,387.989
WTREGEN,alfred_tga_initial,2017-01-11,2017-01-12,372.492
WTREGEN,alfred_tga_initial,2017-01-18,2017-01-19,366.09
WTREGEN,alfred_tga_initial,2017-01-25,2017-01-26,390.842
WTREGEN,alfred_tga_initial,2017-02-01,2017-02-02,374.841
WTREGEN,alfred_tga_initial,2017-02-08,2017-02-09,305.735
WTREGEN,alfred_tga_initial,2017-02-15,2017-02-16,309.919
WTREGEN,alfred_tga_initial,2017-02-22,2017-02-23,258.292
WTREGEN,alfred_tga_initial,2017-03-01,2017-03-02,175.496
WTREGEN,alfred_tga_initial,2017-03-08,2017-03-09,88.22
WTREGEN,alfred_tga_initial,2017-03-15,2017-03-16,38.579
WTREGEN,alfred_tga_initial,2017-03-22,2017-03-23,70.827
WTREGEN,alfred_tga_initial,2017-03-29,2017-03-30,65.187
WTREGEN,alfred_tga_initial,2017-04-05,2017-04-06,89.21
WTREGEN,alfred_tga_initial,2017-04-12,2017-04-13,122.218
WTREGEN,alfred_tga_initial,2017-04-19,2017-04-20,164.543
WTREGEN,alfred_tga_initial,2017-04-26,2017-04-27,234.219
WTREGEN,alfred_tga_initial,2017-05-03,2017-05-04,244.655
WTREGEN,alfred_tga_initial,2017-05-10,2017-05-11,199.013
WTREGEN,alfred_tga_initial,2017-05-17,2017-05-18,186.08
WTREGEN,alfred_tga_initial,2017-05-24,2017-05-25,167.165
WTREGEN,alfred_tga_initial,2017-05-31,2017-06-01,170.984
WTREGEN,alfred_tga_initial,2017-06-07,2017-06-08,152.444
WTREGEN,alfred_tga_initial,2017-06-14,2017-06-15,153.646
WTREGEN,alfred_tga_initial,2017-06-21,2017-06-22,212.275
WTREGEN,alfred_tga_initial,2017-06-28,2017-06-29,208.365
WTREGEN,alfred_tga_initial,2017-07-05,2017-07-06,177.006
WTREGEN,alfred_tga_initial,2017-07-12,2017-07-13,171.033
WTREGEN,alfred_tga_initial,2017-07-19,2017-07-20,180.4
WTREGEN,alfred_tga_initial,2017-07-26,2017-07-27,191.404
WTREGEN,alfred_tga_initial,2017-08-02,2017-08-03,180.348
WTREGEN,alfred_tga_initial,2017-08-09,2017-08-10,149.862
WTREGEN,alfred_tga_initial,2017-08-16,2017-08-17,130.954
WTREGEN,alfred_tga_initial,2017-08-23,2017-08-24,82.077
WTREGEN,alfred_tga_initial,2017-08-30,2017-08-31,61.057
WTREGEN,alfred_tga_initial,2017-09-06,2017-09-07,37.563
WTREGEN,alfred_tga_initial,2017-09-13,2017-09-14,70.232
WTREGEN,alfred_tga_initial,2017-09-20,2017-09-21,127.782
WTREGEN,alfred_tga_initial,2017-09-27,2017-09-28,164.652
WTREGEN,alfred_tga_initial,2017-10-04,2017-10-05,160.433
WTREGEN,alfred_tga_initial,2017-10-11,2017-10-12,169.766
WTREGEN,alfred_tga_initial,2017-10-18,2017-10-19,178.974
WTREGEN,alfred_tga_initial,2017-10-25,2017-10-26,196.332
WTREGEN,alfred_tga_initial,2017-11-01,2017-11-02,193.546
WTREGEN,alfred_tga_initial,2017-11-08,2017-11-09,177.78
WTREGEN,alfred_tga_initial,2017-11-15,2017-11-16,174.631
WTREGEN,alfred_tga_initial,2017-11-22,2017-11-24,163.579
WTREGEN,alfred_tga_initial,2017-11-29,2017-11-30,172.282
WTREGEN,alfred_tga_initial,2017-12-06,2017-12-07,127.586
WTREGEN,alfred_tga_initial,2017-12-13,2017-12-14,76.208
WTREGEN,alfred_tga_initial,2017-12-20,2017-12-21,155.612
WTREGEN,alfred_tga_initial,2017-12-27,2017-12-28,190.283
WTREGEN,alfred_tga_initial,2018-01-03,2018-01-11,211.566
WTREGEN,alfred_tga_initial,2018-01-10,2018-01-18,206.215
WTREGEN,alfred_tga_initial,2018-01-17,2018-01-18,227.665
WTREGEN,alfred_tga_initial,2018-01-24,2018-01-25,269.118
WTREGEN,alfred_tga_initial,2018-01-31,2018-02-01,270.244
WTREGEN,alfred_tga_initial,2018-02-07,2018-02-08,203.936
WTREGEN,alfred_tga_initial,2018-02-14,2018-02-15,197.681
WTREGEN,alfred_tga_initial,2018-02-21,2018-02-22,214.677
WTREGEN,alfred_tga_initial,2018-02-28,2018-03-01,202.62
WTREGEN,alfred_tga_initial,2018-03-07,2018-03-08,195.071
WTREGEN,alfred_tga_initial,2018-03-14,2018-03-15,249.929
WTREGEN,alfred_tga_initial,2018-03-21,2018-03-22,316.454
WTREGEN,alfred_tga_initial,2018-03-28,2018-03-29,318.858
WTREGEN,alfred_tga_initial,2018-04-04,2018-04-05,303.916
WTREGEN,alfred_tga_initial,2018-04-11,2018-04-12,294.083
WTREGEN,alfred_tga_initial,2018-04-18,2018-04-19,275.246
WTREGEN,alfred_tga_initial,2018-04-25,2018-04-26,359.599
WTREGEN,alfred_tga_initial,2018-05-02,2018-05-03,399.984
WTREGEN,alfred_tga_initial,2018-05-09,2018-05-10,353.741
WTREGEN,alfred_tga_initial,2018-05-16,2018-05-17,337.258
WTREGEN,alfred_tga_initial,2018-05-23,2018-05-24,326.445
WTREGEN,alfred_tga_initial,2018-05-30,2018-05-31,325.351
WTREGEN,alfred_tga_initial,2018-06-06,2018-06-07,294.069
WTREGEN,alfred_tga_initial,2018-06-13,2018-06-21,281.188
WTREGEN,alfred_tga_initial,2018-06-20,2018-06-21,352.777
WTREGEN,alfred_tga_initial,2018-06-27,2018-06-28,373.94
WTREGEN,alfred_tga_initial,2018-07-04,2018-07-05,336.026
WTREGEN,alfred_tga_initial,2018-07-11,2018-07-12,326.476
WTREGEN,alfred_tga_initial,2018-07-18,2018-07-19,324.457
WTREGEN,alfred_tga_initial,2018-07-25,2018-07-26,348.886
WTREGEN,alfred_tga_initial,2018-08-01,2018-08-02,351.523
WTREGEN,alfred_tga_initial,2018-08-08,2018-08-09,326.471
WTREGEN,alfred_tga_initial,2018-08-15,2018-08-16,342.799
WTREGEN,alfred_tga_initial,2018-08-22,2018-08-23,348.393
WTREGEN,alfred_tga_initial,2018-08-29,2018-08-30,342.543
WTREGEN,alfred_tga_initial,2018-09-05,2018-09-06,323.764
WTREGEN,alfred_tga_initial,2018-09-12,2018-09-13,303.654
WTREGEN,alfred_tga_initial,2018-09-19,2018-09-20,335.878
WTREGEN,alfred_tga_initial,2018-09-26,2018-09-27,370.031
WTREGEN,alfred_tga_initial,2018-10-03,2018-10-04,368.007
WTREGEN,alfred_tga_initial,2018-10-10,2018-10-11,324.721
WTREGEN,alfred_tga_initial,2018-10-17,2018-10-18,332.923
WTREGEN,alfred_tga_initial,2018-10-24,2018-10-25,369.576
WTREGEN,alfred_tga_initial,2018-10-31,2018-11-01,373.368
WTREGEN,alfred_tga_initial,2018-11-07,2018-11-08,319.984
WTREGEN,alfred_tga_initial,2018-11-14,2018-11-15,341.094
WTREGEN,alfred_tga_initial,2018-11-21,2018-11-23,330.202
WTREGEN,alfred_tga_initial,2018-11-28,2018-11-29,340.596
WTREGEN,alfred_tga_initial,2018-12-05,2018-12-06,337.564
WTREGEN,alfred_tga_initial,2018-12-12,2018-12-13,334.967
WTREGEN,alfred_tga_initial,2018-12-19,2018-12-20,350.714
WTREGEN,alfred_tga_initial,2018-12-26,2018-12-27,374.085
WTREGEN,alfred_tga_initial,2019-01-02,2019-01-03,379.902
WTREGEN,alfred_tga_initial,2019-01-09,2019-01-10,356.698
WTREGEN,alfred_tga_initial,2019-01-16,2019-01-17,351.18
WTREGEN,alfred_tga_initial,2019-01-23,2019-01-24,389.626
WTREGEN,alfred_tga_initial,2019-01-30,2019-01-31,403.276
WTREGEN,alfred_tga_initial,2019-02-06,2019-02-07,352.375
WTREGEN,alfred_tga_initial,2019-02-13,2019-02-14,359.109
WTREGEN,alfred_tga_initial,2019-02-20,2019-02-21,333.896
WTREGEN,alfred_tga_initial,2019-02-27,2019-02-28,310.574
WTREGEN,alfred_tga_initial,2019-03-06,2019-03-07,220.045
WTREGEN,alfred_tga_initial,2019-03-13,2019-03-14,245.972
WTREGEN,alfred_tga_initial,2019-03-20,2019-03-21,303.623
WTREGEN,alfred_tga_initial,2019-03-27,2019-03-28,310.868
WTREGEN,alfred_tga_initial,2019-04-03,2019-04-04,310.188
WTREGEN,alfred_tga_initial,2019-04-10,2019-04-11,262.617
WTREGEN,alfred_tga_initial,2019-04-17,2019-04-18,285.264
WTREGEN,alfred_tga_initial,2019-04-24,2019-04-25,378.602
WTREGEN,alfred_tga_initial,2019-05-01,2019-05-02,400.498
WTREGEN,alfred_tga_initial,2019-05-08,2019-05-09,348.357
WTREGEN,alfred_tga_initial,2019-05-15,2019-05-16,323.786
WTREGEN,alfred_tga_initial,2019-05-22,2019-05-23,282.864
WTREGEN,alfred_tga_initial,2019-05-29,2019-05-30,247.777
WTREGEN,alfred_tga_initial,2019-06-05,2019-06-06,223.638
WTREGEN,alfred_tga_initial,2019-06-12,2019-06-13,187.56
WTREGEN,alfred_tga_initial,2019-06-19,2019-06-20,198.398
WTREGEN,alfred_tga_initial,2019-06-26,2019-06-27,248.302
WTREGEN,alfred_tga_initial,2019-07-03,2019-07-05,245.306
WTREGEN,alfred_tga_initial,2019-07-10,2019-07-11,211.115
WTREGEN,alfred_tga_initial,2019-07-17,2019-07-18,197.005
WTREGEN,alfred_tga_initial,2019-07-24,2019-07-25,193.362
WTREGEN,alfred_tga_initial,2019-07-31,2019-08-01,163.763
WTREGEN,alfred_tga_initial,2019-08-07,2019-08-08,131.704
WTREGEN,alfred_tga_initial,2019-08-14,2019-08-15,129.957
WTREGEN,alfred_tga_initial,2019-08-21,2019-08-22,125.725
WTREGEN,alfred_tga_initial,2019-08-28,2019-08-29,145.957
WTREGEN,alfred_tga_initial,2019-09-04,2019-09-05,148.74
WTREGEN,alfred_tga_initial,2019-09-11,2019-09-12,185.342
WTREGEN,alfred_tga_initial,2019-09-18,2019-09-19,250.226
WTREGEN,alfred_tga_initial,2019-09-25,2019-09-26,314.189
WTREGEN,alfred_tga_initial,2019-10-02,2019-10-03,335.171
WTREGEN,alfred_tga_initial,2019-10-09,2019-10-10,318.191
WTREGEN,alfred_tga_initial,2019-10-16,2019-10-17,324.604
WTREGEN,alfred_tga_initial,2019-10-23,2019-10-24,377.985
WTREGEN,alfred_tga_initial,2019-10-30,2019-10-31,389.872
WTREGEN,alfred_tga_initial,2019-11-06,2019-11-07,377.029
WTREGEN,alfred_tga_initial,2019-11-13,2019-11-14,381.955
WTREGEN,alfred_tga_initial,2019-11-20,2019-11-21,368.813
WTREGEN,alfred_tga_initial,2019-11-27,2019-11-29,360.941
WTREGEN,alfred_tga_initial,2019-12-04,2019-12-05,346.971
WTREGEN,alfred_tga_initial,2019-12-11,2019-12-12,326.865
WTREGEN,alfred_tga_initial,2019-12-18,2019-12-19,332.592
WTREGEN,alfred_tga_initial,2019-12-25,2019-12-26,367.82
WTREGEN,alfred_tga_initial,2020-01-01,2020-01-02,382.553
WTREGEN,alfred_tga_initial,2020-01-08,2020-01-09,367.002
WTREGEN,alfred_tga_initial,2020-01-15,2020-01-16,350.987
WTREGEN,alfred_tga_initial,2020-01-22,2020-01-23,403.941
WTREGEN,alfred_tga_initial,2020-01-29,2020-01-30,432.061
WTREGEN,alfred_tga_initial,2020-02-05,2020-02-06,413.322
WTREGEN,alfred_tga_initial,2020-02-12,2020-02-13,411.237
WTREGEN,alfred_tga_initial,2020-02-19,2020-02-20,428.805
WTREGEN,alfred_tga_initial,2020-02-26,2020-02-27,439.365
WTREGEN,alfred_tga_initial,2020-03-04,2020-03-05,374.515
WTREGEN,alfred_tga_initial,2020-03-11,2020-03-12,380.556
WTREGEN,alfred_tga_initial,2020-03-18,2020-03-19,362.576
WTREGEN,alfred_tga_initial,2020-03-25,2020-03-26,390.252
WTREGEN,alfred_tga_initial,2020-04-01,2020-04-02,429.267
WTREGEN,alfred_tga_initial,2020-04-08,2020-04-09,698.578
WTREGEN,alfred_tga_initial,2020-04-15,2020-04-16,889.815
WTREGEN,alfred_tga_initial,2020-04-22,2020-04-23,901.331
WTREGEN,alfred_tga_initial,2020-04-29,2020-04-30,997.507
WTREGEN,alfred_tga_initial,2020-05-06,2020-05-07,1127.49
WTREGEN,alfred_tga_initial,2020-05-13,2020-05-14,1177.494
WTREGEN,alfred_tga_initial,2020-05-20,2020-05-21,1194.41
WTREGEN,alfred_tga_initial,2020-05-27,2020-05-28,1310.491
WTREGEN,alfred_tga_initial,2020-06-03,2020-06-04,1434.823
WTREGEN,alfred_tga_initial,2020-06-10,2020-06-11,1506.558
WTREGEN,alfred_tga_initial,2020-06-17,2020-06-18,1560.85
WTREGEN,alfred_tga_initial,2020-06-24,2020-06-25,1623.942
WTREGEN,alfred_tga_initial,2020-07-01,2020-07-02,1657.62
WTREGEN,alfred_tga_initial,2020-07-08,2020-07-09,1653.098
WTREGEN,alfred_tga_initial,2020-07-15,2020-07-16,1655.32
WTREGEN,alfred_tga_initial,2020-07-22,2020-07-23,1804.944
WTREGEN,alfred_tga_initial,2020-07-29,2020-07-30,1816.687
WTREGEN,alfred_tga_initial,2020-08-05,2020-08-06,1745.228
WTREGEN,alfred_tga_initial,2020-08-12,2020-08-13,1669.733
WTREGEN,alfred_tga_initial,2020-08-19,2020-08-20,1643.505
WTREGEN,alfred_tga_initial,2020-08-26,2020-08-27,1622.69
WTREGEN,alfred_tga_initial,2020-09-02,2020-09-03,1639.159
WTREGEN,alfred_tga_initial,2020-09-09,2020-09-10,1611.083
WTREGEN,alfred_tga_initial,2020-09-16,2020-09-17,1614.855
WTREGEN,alfred_tga_initial,2020-09-23,2020-09-24,1680.688
WTREGEN,alfred_tga_initial,2020-09-30,2020-10-01,1679.152
WTREGEN,alfred_tga_initial,2020-10-07,2020-10-08,1697.074
WTREGEN,alfred_tga_initial,2020-10-14,2020-10-15,1680.998
WTREGEN,alfred_tga_initial,2020-10-21,2020-10-22,1724.792
WTREGEN,alfred_tga_initial,2020-10-28,2020-10-29,1680.933
WTREGEN,alfred_tga_initial,2020-11-04,2020-11-05,1621.346
WTREGEN,alfred_tga_initial,2020-11-11,2020-11-12,1600.837
WTREGEN,alfred_tga_initial,2020-11-18,2020-11-19,1556.892
WTREGEN,alfred_tga_initial,2020-11-25,2020-11-27,1517.215
WTREGEN,alfred_tga_initial,2020-12-02,2020-12-03,1531.053
WTREGEN,alfred_tga_initial,2020-12-09,2020-12-10,1534.243
WTREGEN,alfred_tga_initial,2020-12-16,2020-12-17,1529.698
WTREGEN,alfred_tga_initial,2020-12-23,2020-12-28,1602.407
WTREGEN,alfred_tga_initial,2020-12-30,2020-12-31,1591.055
WTREGEN,alfred_tga_initial,2021-01-06,2021-01-07,1669.327
WTREGEN,alfred_tga_initial,2021-01-13,2021-01-14,1589.421
WTREGEN,alfred_tga_initial,2021-01-20,2021-01-21,1626.906
WTREGEN,alfred_tga_initial,2021-01-27,2021-01-28,1633.54
WTREGEN,alfred_tga_initial,2021-02-03,2021-02-04,1625.325
WTREGEN,alfred_tga_initial,2021-02-10,2021-02-11,1608.906
WTREGEN,alfred_tga_initial,2021-02-17,2021-02-18,1567.041
WTREGEN,alfred_tga_initial,2021-02-24,2021-02-25,1529.977
WTREGEN,alfred_tga_initial,2021-03-03,2021-03-04,1429.549
WTREGEN,alfred_tga_initial,2021-03-10,2021-03-11,1360.064
WTREGEN,alfred_tga_initial,2021-03-17,2021-03-18,1272.583
WTREGEN,alfred_tga_initial,2021-03-24,2021-03-25,1061.138
WTREGEN,alfred_tga_initial,2021-03-31,2021-04-01,1025.727
WTREGEN,alfred_tga_initial,2021-04-07,2021-04-08,1010.103
WTREGEN,alfred_tga_initial,2021-04-14,2021-04-15,925.094
WTREGEN,alfred_tga_initial,2021-04-21,2021-04-22,1015.902
WTREGEN,alfred_tga_initial,2021-04-28,2021-04-29,967.689
WTREGEN,alfred_tga_initial,2021-05-05,2021-05-06,953.689
WTREGEN,alfred_tga_initial,2021-05-12,2021-05-13,898.779
WTREGEN,alfred_tga_initial,2021-05-19,2021-05-20,866.119
WTREGEN,alfred_tga_initial,2021-05-26,2021-05-27,812.473
WTREGEN,alfred_tga_initial,2021-06-02,2021-06-03,783.235
WTREGEN,alfred_tga_initial,2021-06-09,2021-06-10,730.235
WTREGEN,alfred_tga_initial,2021-06-16,2021-06-17,653.889
WTREGEN,alfred_tga_initial,2021-06-23,2021-06-24,734.689
WTREGEN,alfred_tga_initial,2021-06-30,2021-07-01,745.962
WTREGEN,alfred_tga_initial,2021-07-07,2021-07-08,753.364
WTREGEN,alfred_tga_initial,2021-07-14,2021-07-15,704.918
WTREGEN,alfred_tga_initial,2021-07-21,2021-07-22,678.103
WTREGEN,alfred_tga_initial,2021-07-28,2021-07-29,578.204
WTREGEN,alfred_tga_initial,2021-08-04,2021-08-05,492.668
WTREGEN,alfred_tga_initial,2021-08-11,2021-08-12,434.919
WTREGEN,alfred_tga_initial,2021-08-18,2021-08-19,338.808
WTREGEN,alfred_tga_initial,2021-08-25,2021-08-26,301.43
WTREGEN,alfred_tga_initial,2021-09-01,2021-09-02,277.65
WTREGEN,alfred_tga_initial,2021-09-08,2021-09-09,253.496
WTREGEN,alfred_tga_initial,2021-09-15,2021-09-16,230.328
WTREGEN,alfred_tga_initial,2021-09-22,2021-09-23,308.022
WTREGEN,alfred_tga_initial,2021-09-29,2021-09-30,197.744
WTREGEN,alfred_tga_initial,2021-10-06,2021-10-07,135.582
WTREGEN,alfred_tga_initial,2021-10-13,2021-10-14,77.858
WTREGEN,alfred_tga_initial,2021-10-20,2021-10-21,83.386
WTREGEN,alfred_tga_initial,2021-10-27,2021-10-28,213.291
WTREGEN,alfred_tga_initial,2021-11-03,2021-11-04,280.205
WTREGEN,alfred_tga_initial,2021-11-10,2021-11-12,259.293
WTREGEN,alfred_tga_initial,2021-11-17,2021-11-18,211.453
WTREGEN,alfred_tga_initial,2021-11-24,2021-11-26,164.087
WTREGEN,alfred_tga_initial,2021-12-01,2021-12-02,152.651
WTREGEN,alfred_tga_initial,2021-12-08,2021-12-09,115.117
WTREGEN,alfred_tga_initial,2021-12-15,2021-12-16,104.798
WTREGEN,alfred_tga_initial,2021-12-22,2021-12-23,84.954
WTREGEN,alfred_tga_initial,2021-12-29,2021-12-30,211.849
WTREGEN,alfred_tga_initial,2022-01-05,2022-01-06,389.751
WTREGEN,alfred_tga_initial,2022-01-12,2022-01-13,456.401
WTREGEN,alfred_tga_initial,2022-01-19,2022-01-20,488.697
WTREGEN,alfred_tga_initial,2022-01-26,2022-01-27,614.877
WTREGEN,alfred_tga_initial,2022-02-02,2022-02-03,675.773
WTREGEN,alfred_tga_initial,2022-02-09,2022-02-10,686.384
WTREGEN,alfred_tga_initial,2022-02-16,2022-02-17,692.541
WTREGEN,alfred_tga_initial,2022-02-23,2022-02-24,697.838
WTREGEN,alfred_tga_initial,2022-03-02,2022-03-03,682.903
WTREGEN,alfred_tga_initial,2022-03-09,2022-03-10,652.039
WTREGEN,alfred_tga_initial,2022-03-16,2022-03-17,570.606
WTREGEN,alfred_tga_initial,2022-03-23,2022-03-24,614.616
WTREGEN,alfred_tga_initial,2022-03-30,2022-03-31,575.065
WTREGEN,alfred_tga_initial,2022-04-06,2022-04-07,574.451
WTREGEN,alfred_tga_initial,2022-04-13,2022-04-14,547.308
WTREGEN,alfred_tga_initial,2022-04-20,2022-04-21,711.406
WTREGEN,alfred_tga_initial,2022-04-27,2022-04-28,944.328
WTREGEN,alfred_tga_initial,2022-05-04,2022-05-05,945.478
WTREGEN,alfred_tga_initial,2022-05-11,2022-05-12,945.658
WTREGEN,alfred_tga_initial,2022-05-18,2022-05-19,886.964
WTREGEN,alfred_tga_initial,2022-05-25,2022-05-26,821.535
WTREGEN,alfred_tga_initial,2022-06-01,2022-06-02,789.532
WTREGEN,alfred_tga_initial,2022-06-08,2022-06-09,723.384
WTREGEN,alfred_tga_initial,2022-06-15,2022-06-16,656.87
WTREGEN,alfred_tga_initial,2022-06-22,2022-06-23,758.283
WTREGEN,alfred_tga_initial,2022-06-29,2022-06-30,756.627
WTREGEN,alfred_tga_initial,2022-07-06,2022-07-07,700.457
WTREGEN,alfred_tga_initial,2022-07-13,2022-07-14,652.572
WTREGEN,alfred_tga_initial,2022-07-20,2022-07-21,613.878
WTREGEN,alfred_tga_initial,2022-07-27,2022-07-28,602.945
WTREGEN,alfred_tga_initial,2022-08-03,2022-08-04,594.115
WTREGEN,alfred_tga_initial,2022-08-10,2022-08-11,557.265
WTREGEN,alfred_tga_initial,2022-08-17,2022-08-18,545.321
WTREGEN,alfred_tga_initial,2022-08-24,2022-08-25,535.267
WTREGEN,alfred_tga_initial,2022-08-31,2022-09-01,612.536
WTREGEN,alfred_tga_initial,2022-09-07,2022-09-08,581.295
WTREGEN,alfred_tga_initial,2022-09-14,2022-09-15,593.808
WTREGEN,alfred_tga_initial,2022-09-21,2022-09-22,692.496
WTREGEN,alfred_tga_initial,2022-09-28,2022-09-29,689.569
WTREGEN,alfred_tga_initial,2022-10-05,2022-10-06,633.939
WTREGEN,alfred_tga_initial,2022-10-12,2022-10-13,608.302
WTREGEN,alfred_tga_initial,2022-10-19,2022-10-20,607.199
WTREGEN,alfred_tga_initial,2022-10-26,2022-10-27,634.548
WTREGEN,alfred_tga_initial,2022-11-02,2022-11-03,598.544
WTREGEN,alfred_tga_initial,2022-11-09,2022-11-10,527.479
WTREGEN,alfred_tga_initial,2022-11-16,2022-11-17,502.982
WTREGEN,alfred_tga_initial,2022-11-23,2022-11-25,479.474
WTREGEN,alfred_tga_initial,2022-11-30,2022-12-01,511.474
WTREGEN,alfred_tga_initial,2022-12-07,2022-12-08,432.335
WTREGEN,alfred_tga_initial,2022-12-14,2022-12-15,355.517
WTREGEN,alfred_tga_initial,2022-12-21,2022-12-22,459.78
WTREGEN,alfred_tga_initial,2022-12-28,2022-12-29,427.926
WTREGEN,alfred_tga_initial,2023-01-04,2023-01-05,423.625
WTREGEN,alfred_tga_initial,2023-01-11,2023-01-12,372.34
WTREGEN,alfred_tga_initial,2023-01-18,2023-01-19,339.018
WTREGEN,alfred_tga_initial,2023-01-25,2023-01-26,491.848
WTREGEN,alfred_tga_initial,2023-02-01,2023-02-02,560.089
WTREGEN,alfred_tga_initial,2023-02-08,2023-02-09,493.277
WTREGEN,alfred_tga_initial,2023-02-15,2023-02-16,490.379
WTREGEN,alfred_tga_initial,2023-02-22,2023-02-23,477.333
WTREGEN,alfred_tga_initial,2023-03-01,2023-03-02,381.245
WTREGEN,alfred_tga_initial,2023-03-08,2023-03-09,333.35
WTREGEN,alfred_tga_initial,2023-03-15,2023-03-16,232.866
WTREGEN,alfred_tga_initial,2023-03-22,2023-03-23,259.587
WTREGEN,alfred_tga_initial,2023-03-29,2023-03-30,183.577
WTREGEN,alfred_tga_initial,2023-04-05,2023-04-06,168.793
WTREGEN,alfred_tga_initial,2023-04-12,2023-04-13,109.208
WTREGEN,alfred_tga_initial,2023-04-19,2023-04-20,166.555
WTREGEN,alfred_tga_initial,2023-04-26,2023-04-27,291.702
WTREGEN,alfred_tga_initial,2023-05-03,2023-05-04,269.216
WTREGEN,alfred_tga_initial,2023-05-10,2023-05-11,197.666
WTREGEN,alfred_tga_initial,2023-05-17,2023-05-18,116.22
WTREGEN,alfred_tga_initial,2023-05-24,2023-05-25,61.952
WTREGEN,alfred_tga_initial,2023-05-31,2023-06-01,48.954
WTREGEN,alfred_tga_initial,2023-06-07,2023-06-08,44.756
WTREGEN,alfred_tga_initial,2023-06-14,2023-06-15,102.118
WTREGEN,alfred_tga_initial,2023-06-21,2023-06-22,276.85
WTREGEN,alfred_tga_initial,2023-06-28,2023-06-29,390.571
WTREGEN,alfred_tga_initial,2023-07-05,2023-07-06,415.441
WTREGEN,alfred_tga_initial,2023-07-12,2023-07-13,514.337
WTREGEN,alfred_tga_initial,2023-07-19,2023-07-20,531.135
WTREGEN,alfred_tga_initial,2023-07-26,2023-07-27,543.597
WTREGEN,alfred_tga_initial,2023-08-02,2023-08-03,517.459
WTREGEN,alfred_tga_initial,2023-08-09,2023-08-10,444.594
WTREGEN,alfred_tga_initial,2023-08-16,2023-08-17,435.795
WTREGEN,alfred_tga_initial,2023-08-23,2023-08-24,413.787
WTREGEN,alfred_tga_initial,2023-08-30,2023-08-31,470.8
WTREGEN,alfred_tga_initial,2023-09-06,2023-09-07,470.881
WTREGEN,alfred_tga_initial,2023-09-13,2023-09-14,521.507
WTREGEN,alfred_tga_initial,2023-09-20,2023-09-21,640.296
WTREGEN,alfred_tga_initial,2023-09-27,2023-09-28,681.143
WTREGEN,alfred_tga_initial,2023-10-04,2023-10-05,668.009
WTREGEN,alfred_tga_initial,2023-10-11,2023-10-12,709.16
WTREGEN,alfred_tga_initial,2023-10-18,2023-10-19,759.878
WTREGEN,alfred_tga_initial,2023-10-25,2023-10-26,834.418
WTREGEN,alfred_tga_initial,2023-11-01,2023-11-02,820.487
WTREGEN,alfred_tga_initial,2023-11-08,2023-11-09,772.686
WTREGEN,alfred_tga_initial,2023-11-15,2023-11-16,738.562
WTREGEN,alfred_tga_initial,2023-11-22,2023-11-24,706.017
WTREGEN,alfred_tga_initial,2023-11-29,2023-11-30,739.209
WTREGEN,alfred_tga_initial,2023-12-06,2023-12-07,682.509
WTREGEN,alfred_tga_initial,2023-12-13,2023-12-14,658.44
WTREGEN,alfred_tga_initial,2023-12-20,2023-12-21,732.196
WTREGEN,alfred_tga_initial,2023-12-27,2023-12-28,731.405
WTREGEN,alfred_tga_initial,2024-01-03,2024-01-04,758.448
WTREGEN,alfred_tga_initial,2024-01-10,2024-01-11,747.565
WTREGEN,alfred_tga_initial,2024-01-17,2024-01-18,748.883
WTREGEN,alfred_tga_initial,2024-01-24,2024-01-25,799.358
WTREGEN,alfred_tga_initial,2024-01-31,2024-02-01,841.55
WTREGEN,alfred_tga_initial,2024-02-07,2024-02-08,802.135
WTREGEN,alfred_tga_initial,2024-02-14,2024-02-15,838.005
WTREGEN,alfred_tga_initial,2024-02-21,2024-02-22,785.465
WTREGEN,alfred_tga_initial,2024-02-28,2024-02-29,785.821
WTREGEN,alfred_tga_initial,2024-03-06,2024-03-07,767.733
WTREGEN,alfred_tga_initial,2024-03-13,2024-03-14,768.369
WTREGEN,alfred_tga_initial,2024-03-20,2024-03-21,809.298
WTREGEN,alfred_tga_initial,2024-03-27,2024-03-28,802.233
WTREGEN,alfred_tga_initial,2024-04-03,2024-04-04,768.651
WTREGEN,alfred_tga_initial,2024-04-10,2024-04-11,704.971
WTREGEN,alfred_tga_initial,2024-04-17,2024-04-18,796.535
WTREGEN,alfred_tga_initial,2024-04-24,2024-04-25,941.43
WTREGEN,alfred_tga_initial,2024-05-01,2024-05-02,917.177
WTREGEN,alfred_tga_initial,2024-05-08,2024-05-09,851.591
WTREGEN,alfred_tga_initial,2024-05-15,2024-05-16,787.133
WTREGEN,alfred_tga_initial,2024-05-22,2024-05-23,725.376
WTREGEN,alfred_tga_initial,2024-05-29,2024-05-30,704.335
WTREGEN,alfred_tga_initial,2024-06-05,2024-06-06,710.309
WTREGEN,alfred_tga_initial,2024-06-12,2024-06-13,673.573
WTREGEN,alfred_tga_initial,2024-06-19,2024-06-20,723.41
WTREGEN,alfred_tga_initial,2024-06-26,2024-06-27,765.417
WTREGEN,alfred_tga_initial,2024-07-03,2024-07-05,761.373
WTREGEN,alfred_tga_initial,2024-07-10,2024-07-11,736.402
WTREGEN,alfred_tga_initial,2024-07-17,2024-07-18,751.593
WTREGEN,alfred_tga_initial,2024-07-24,2024-07-25,774.315
WTREGEN,alfred_tga_initial,2024-07-31,2024-08-01,786.486
WTREGEN,alfred_tga_initial,2024-08-07,2024-08-08,770.931
WTREGEN,alfred_tga_initial,2024-08-14,2024-08-15,794.12
WTREGEN,alfred_tga_initial,2024-08-21,2024-08-22,736.494
WTREGEN,alfred_tga_initial,2024-08-28,2024-08-29,745.851
WTREGEN,alfred_tga_initial,2024-09-04,2024-09-05,733.959
WTREGEN,alfred_tga_initial,2024-09-11,2024-09-12,755.958
WTREGEN,alfred_tga_initial,2024-09-18,2024-09-19,771.194
WTREGEN,alfred_tga_initial,2024-09-25,2024-09-26,806.771
WTREGEN,alfred_tga_initial,2024-10-02,2024-10-03,798.277
WTREGEN,alfred_tga_initial,2024-10-09,2024-10-10,802.115
WTREGEN,alfred_tga_initial,2024-10-16,2024-10-17,791.792
WTREGEN,alfred_tga_initial,2024-10-23,2024-10-24,829.991
WTREGEN,alfred_tga_initial,2024-10-30,2024-10-31,835.237
WTREGEN,alfred_tga_initial,2024-11-06,2024-11-07,842.051
WTREGEN,alfred_tga_initial,2024-11-13,2024-11-14,832.186
WTREGEN,alfred_tga_initial,2024-11-20,2024-11-21,751.873
WTREGEN,alfred_tga_initial,2024-11-27,2024-11-29,775.25
WTREGEN,alfred_tga_initial,2024-12-04,2024-12-05,789.516
WTREGEN,alfred_tga_initial,2024-12-11,2024-12-12,775.067
WTREGEN,alfred_tga_initial,2024-12-18,2024-12-19,767.932
WTREGEN,alfred_tga_initial,2024-12-25,2024-12-26,764.77
WTREGEN,alfred_tga_initial,2025-01-01,2025-01-02,719.873
WTREGEN,alfred_tga_initial,2025-01-08,2025-01-10,652.636
WTREGEN,alfred_tga_initial,2025-01-15,2025-01-16,641.225
WTREGEN,alfred_tga_initial,2025-01-22,2025-01-23,677.282
WTREGEN,alfred_tga_initial,2025-01-29,2025-01-30,784.206
WTREGEN,alfred_tga_initial,2025-02-05,2025-02-06,805.593
WTREGEN,alfred_tga_initial,2025-02-12,2025-02-13,828.102
WTREGEN,alfred_tga_initial,2025-02-19,2025-02-20,790.062
WTREGEN,alfred_tga_initial,2025-02-26,2025-02-27,681.161
WTREGEN,alfred_tga_initial,2025-03-05,2025-03-06,548.331
WTREGEN,alfred_tga_initial,2025-03-12,2025-03-13,512.581
WTREGEN,alfred_tga_initial,2025-03-19,2025-03-20,435.936
WTREGEN,alfred_tga_initial,2025-03-26,2025-03-27,360.177
WTREGEN,alfred_tga_initial,2025-04-02,2025-04-10,313.326
WTREGEN,alfred_tga_initial,2025-04-09,2025-04-10,306.049
WTREGEN,alfred_tga_initial,2025-04-16,2025-04-17,422.983
WTREGEN,alfred_tga_initial,2025-04-23,2025-04-24,606.632
WTREGEN,alfred_tga_initial,2025-04-30,2025-05-01,595.741
WTREGEN,alfred_tga_initial,2025-05-07,2025-05-08,583.727
WTREGEN,alfred_tga_initial,2025-05-14,2025-05-15,575.846
WTREGEN,alfred_tga_initial,2025-05-21,2025-05-22,503.055
WTREGEN,alfred_tga_initial,2025-05-28,2025-05-29,467.204
WTREGEN,alfred_tga_initial,2025-06-04,2025-06-05,378.947
WTREGEN,alfred_tga_initial,2025-06-11,2025-06-12,332.907
WTREGEN,alfred_tga_initial,2025-06-18,2025-06-20,337.762
WTREGEN,alfred_tga_initial,2025-06-25,2025-06-26,364.375
WTREGEN,alfred_tga_initial,2025-07-02,2025-07-03,359.516
WTREGEN,alfred_tga_initial,2025-07-09,2025-07-10,319.889
WTREGEN,alfred_tga_initial,2025-07-16,2025-07-17,296.247
WTREGEN,alfred_tga_initial,2025-07-23,2025-07-24,323.176
WTREGEN,alfred_tga_initial,2025-07-30,2025-07-31,370.507
WTREGEN,alfred_tga_initial,2025-08-06,2025-08-07,421.043
WTREGEN,alfred_tga_initial,2025-08-13,2025-08-14,504.304
WTREGEN,alfred_tga_initial,2025-08-20,2025-08-21,519.534
WTREGEN,alfred_tga_initial,2025-08-27,2025-08-28,589.998
WTREGEN,alfred_tga_initial,2025-09-03,2025-09-04,597.513
WTREGEN,alfred_tga_initial,2025-09-10,2025-09-11,672.274
WTREGEN,alfred_tga_initial,2025-09-17,2025-09-18,756.376
WTREGEN,alfred_tga_initial,2025-09-24,2025-09-25,804.856
WTREGEN,alfred_tga_initial,2025-10-01,2025-10-02,805.139
WTREGEN,alfred_tga_initial,2025-10-08,2025-10-09,807.428
WTREGEN,alfred_tga_initial,2025-10-15,2025-10-16,809.593
WTREGEN,alfred_tga_initial,2025-10-22,2025-10-23,908.001
WTREGEN,alfred_tga_initial,2025-10-29,2025-10-30,957.99
WTREGEN,alfred_tga_initial,2025-11-05,2025-11-06,940.979
WTREGEN,alfred_tga_initial,2025-11-12,2025-11-13,953816.0
WTREGEN,alfred_tga_initial,2025-11-19,2025-11-20,941926.0
WTREGEN,alfred_tga_initial,2025-11-26,2025-11-28,903394.0
WTREGEN,alfred_tga_initial,2025-12-03,2025-12-04,937167.0
WTREGEN,alfred_tga_initial,2025-12-10,2025-12-11,858946.0
WTREGEN,alfred_tga_initial,2025-12-17,2025-12-18,833093.0
WTREGEN,alfred_tga_initial,2025-12-24,2025-12-26,837120.0
WTREGEN,alfred_tga_initial,2025-12-31,2026-01-02,837306.0
WTREGEN,alfred_tga_initial,2026-01-07,2026-01-08,796148.0
WTREGEN,alfred_tga_initial,2026-01-14,2026-01-15,779175.0
WTREGEN,alfred_tga_initial,2026-01-21,2026-01-22,869261.0
WTREGEN,alfred_tga_initial,2026-01-28,2026-01-29,923042.0
WTREGEN,alfred_tga_initial,2026-02-04,2026-02-05,908773.0
WTREGEN,alfred_tga_initial,2026-02-11,2026-02-12,915306.0
WTREGEN,alfred_tga_initial,2026-02-18,2026-02-19,912727.0
WTREGEN,alfred_tga_initial,2026-02-25,2026-02-26,887612.0
WTREGEN,alfred_tga_initial,2026-03-04,2026-03-05,832053.0
WTREGEN,alfred_tga_initial,2026-03-11,2026-03-12,838186.0
WTREGEN,alfred_tga_initial,2026-03-18,2026-03-19,853052.0
WTREGEN,alfred_tga_initial,2026-03-25,2026-03-26,874077.0
WTREGEN,alfred_tga_initial,2026-04-01,2026-04-02,847718.0
WTREGEN,alfred_tga_initial,2026-04-08,2026-04-09,748376.0
WTREGEN,alfred_tga_initial,2026-04-15,2026-04-16,751354.0
WTREGEN,alfred_tga_initial,2026-04-22,2026-04-23,1005968.0
WTREGEN,alfred_tga_initial,2026-04-29,2026-04-30,981929.0
WTREGEN,alfred_tga_initial,2026-05-06,2026-05-07,877761.0
WTREGEN,alfred_tga_initial,2026-05-13,2026-05-14,838584.0
WTREGEN,alfred_tga_initial,2026-05-20,2026-05-21,781293.0
WTREGEN,alfred_tga_initial,2026-05-27,2026-05-28,830296.0
WTREGEN,alfred_tga_initial,2026-06-03,2026-06-04,875713.0
WTREGEN,alfred_tga_initial,2026-06-10,2026-06-11,828122.0
WTREGEN,alfred_tga_initial,2026-06-17,2026-06-18,880713.0
WTREGEN,alfred_tga_initial,2026-06-24,2026-06-25,918696.0
WTREGEN,alfred_tga_initial,2026-07-01,2026-07-02,880237.0
WTREGEN,alfred_tga_initial,2026-07-08,2026-07-09,774062.0
WTREGEN,alfred_tga_initial,2026-07-15,2026-07-16,756218.0
WTREGEN,alfred_tga_initial,2026-07-22,2026-07-23,829623.0
WTREGEN,alfred_tga_initial,2026-07-29,2026-07-30,910776.0
WTREGEN,alfred_tga_initial,2026-08-05,2026-08-06,907324.0
WTREGEN,alfred_tga_initial,2026-08-12,2026-08-13,963950.0
WTREGEN,alfred_tga_initial,2026-08-19,2026-08-20,953612.0
WTREGEN,alfred_tga_initial,2026-08-26,2026-08-27,950736.0
WTREGEN,alfred_tga_initial,2026-09-02,2026-09-03,967935.0
WTREGEN,alfred_tga_initial,2026-09-09,2026-09-10,883335.0
