series_id,alias,observation_date,value
BAMLH0A0HYM2,alfred_hy_oas_initial,2023-09-18,3.82
BAMLH0A0HYM2,alfred_hy_oas_initial,2023-09-19,3.82
BAMLH0A0HYM2,alfred_hy_oas_initial,2023-09-20,3.77
BAMLH0A0HYM2,alfred_hy_oas_initial,2023-09-21,3.89
BAMLH0A0HYM2,alfred_hy_oas_initial,2023-09-22,3.93
BAMLH0A0HYM2,alfred_hy_oas_initial,2023-09-25,3.97
BAMLH0A0HYM2,alfred_hy_oas_initial,2023-09-26,4.04
BAMLH0A0HYM2,alfred_hy_oas_initial,2023-09-27,4.03
BAMLH0A0HYM2,alfred_hy_oas_initial,2023-09-28,4.09
BAMLH0A0HYM2,alfred_hy_oas_initial,2023-09-29,4.03
BAMLH0A0HYM2,alfred_hy_oas_initial,2023-09-30,4.03
BAMLH0A0HYM2,alfred_hy_oas_initial,2023-10-02,4.11
BAMLH0A0HYM2,alfred_hy_oas_initial,2023-10-03,4.26
BAMLH0A0HYM2,alfred_hy_oas_initial,2023-10-04,4.37
BAMLH0A0HYM2,alfred_hy_oas_initial,2023-10-05,4.38
BAMLH0A0HYM2,alfred_hy_oas_initial,2023-10-06,4.33
BAMLH0A0HYM2,alfred_hy_oas_initial,2023-10-09,4.34
BAMLH0A0HYM2,alfred_hy_oas_initial,2023-10-10,4.26
BAMLH0A0HYM2,alfred_hy_oas_initial,2023-10-11,4.25
BAMLH0A0HYM2,alfred_hy_oas_initial,2023-10-12,4.25
BAMLH0A0HYM2,alfred_hy_oas_initial,2023-10-13,4.3
BAMLH0A0HYM2,alfred_hy_oas_initial,2023-10-16,4.27
BAMLH0A0HYM2,alfred_hy_oas_initial,2023-10-17,4.25
BAMLH0A0HYM2,alfred_hy_oas_initial,2023-10-18,4.32
BAMLH0A0HYM2,alfred_hy_oas_initial,2023-10-19,4.37
BAMLH0A0HYM2,alfred_hy_oas_initial,2023-10-20,4.52
BAMLH0A0HYM2,alfred_hy_oas_initial,2023-10-23,4.51
BAMLH0A0HYM2,alfred_hy_oas_initial,2023-10-24,4.41
BAMLH0A0HYM2,alfred_hy_oas_initial,2023-10-25,4.37
BAMLH0A0HYM2,alfred_hy_oas_initial,2023-10-26,4.5
BAMLH0A0HYM2,alfred_hy_oas_initial,2023-10-27,4.53
BAMLH0A0HYM2,alfred_hy_oas_initial,2023-10-30,4.5
BAMLH0A0HYM2,alfred_hy_oas_initial,2023-10-31,4.42
BAMLH0A0HYM2,alfred_hy_oas_initial,2023-11-01,4.47
BAMLH0A0HYM2,alfred_hy_oas_initial,2023-11-02,4.15
BAMLH0A0HYM2,alfred_hy_oas_initial,2023-11-03,4.04
BAMLH0A0HYM2,alfred_hy_oas_initial,2023-11-06,4.0
BAMLH0A0HYM2,alfred_hy_oas_initial,2023-11-07,4.08
BAMLH0A0HYM2,alfred_hy_oas_initial,2023-11-08,4.08
BAMLH0A0HYM2,alfred_hy_oas_initial,2023-11-09,4.04
BAMLH0A0HYM2,alfred_hy_oas_initial,2023-11-10,4.03
BAMLH0A0HYM2,alfred_hy_oas_initial,2023-11-13,4.03
BAMLH0A0HYM2,alfred_hy_oas_initial,2023-11-14,3.92
BAMLH0A0HYM2,alfred_hy_oas_initial,2023-11-15,3.89
BAMLH0A0HYM2,alfred_hy_oas_initial,2023-11-16,4.02
BAMLH0A0HYM2,alfred_hy_oas_initial,2023-11-17,3.99
BAMLH0A0HYM2,alfred_hy_oas_initial,2023-11-20,3.92
BAMLH0A0HYM2,alfred_hy_oas_initial,2023-11-21,3.95
BAMLH0A0HYM2,alfred_hy_oas_initial,2023-11-22,3.9
BAMLH0A0HYM2,alfred_hy_oas_initial,2023-11-23,3.9
BAMLH0A0HYM2,alfred_hy_oas_initial,2023-11-24,3.85
BAMLH0A0HYM2,alfred_hy_oas_initial,2023-11-27,3.89
BAMLH0A0HYM2,alfred_hy_oas_initial,2023-11-28,3.9
BAMLH0A0HYM2,alfred_hy_oas_initial,2023-11-29,3.8
BAMLH0A0HYM2,alfred_hy_oas_initial,2023-11-30,3.84
BAMLH0A0HYM2,alfred_hy_oas_initial,2023-12-01,3.87
BAMLH0A0HYM2,alfred_hy_oas_initial,2023-12-04,3.8
BAMLH0A0HYM2,alfred_hy_oas_initial,2023-12-05,3.8
BAMLH0A0HYM2,alfred_hy_oas_initial,2023-12-06,3.79
BAMLH0A0HYM2,alfred_hy_oas_initial,2023-12-07,3.77
BAMLH0A0HYM2,alfred_hy_oas_initial,2023-12-08,3.75
BAMLH0A0HYM2,alfred_hy_oas_initial,2023-12-11,3.79
BAMLH0A0HYM2,alfred_hy_oas_initial,2023-12-12,3.76
BAMLH0A0HYM2,alfred_hy_oas_initial,2023-12-13,3.79
BAMLH0A0HYM2,alfred_hy_oas_initial,2023-12-14,3.47
BAMLH0A0HYM2,alfred_hy_oas_initial,2023-12-15,3.51
BAMLH0A0HYM2,alfred_hy_oas_initial,2023-12-18,3.51
BAMLH0A0HYM2,alfred_hy_oas_initial,2023-12-19,3.46
BAMLH0A0HYM2,alfred_hy_oas_initial,2023-12-20,3.43
BAMLH0A0HYM2,alfred_hy_oas_initial,2023-12-21,3.41
BAMLH0A0HYM2,alfred_hy_oas_initial,2023-12-22,3.39
BAMLH0A0HYM2,alfred_hy_oas_initial,2023-12-26,3.37
BAMLH0A0HYM2,alfred_hy_oas_initial,2023-12-27,3.34
BAMLH0A0HYM2,alfred_hy_oas_initial,2023-12-28,3.32
BAMLH0A0HYM2,alfred_hy_oas_initial,2023-12-29,3.34
BAMLH0A0HYM2,alfred_hy_oas_initial,2023-12-31,3.39
BAMLH0A0HYM2,alfred_hy_oas_initial,2024-01-02,3.54
BAMLH0A0HYM2,alfred_hy_oas_initial,2024-01-03,3.71
BAMLH0A0HYM2,alfred_hy_oas_initial,2024-01-04,3.69
BAMLH0A0HYM2,alfred_hy_oas_initial,2024-01-05,3.68
BAMLH0A0HYM2,alfred_hy_oas_initial,2024-01-08,3.63
BAMLH0A0HYM2,alfred_hy_oas_initial,2024-01-09,3.59
BAMLH0A0HYM2,alfred_hy_oas_initial,2024-01-10,3.5
BAMLH0A0HYM2,alfred_hy_oas_initial,2024-01-11,3.55
BAMLH0A0HYM2,alfred_hy_oas_initial,2024-01-12,3.56
BAMLH0A0HYM2,alfred_hy_oas_initial,2024-01-15,3.54
BAMLH0A0HYM2,alfred_hy_oas_initial,2024-01-16,3.58
BAMLH0A0HYM2,alfred_hy_oas_initial,2024-01-17,3.62
BAMLH0A0HYM2,alfred_hy_oas_initial,2024-01-18,3.58
BAMLH0A0HYM2,alfred_hy_oas_initial,2024-01-19,3.54
BAMLH0A0HYM2,alfred_hy_oas_initial,2024-01-22,3.49
BAMLH0A0HYM2,alfred_hy_oas_initial,2024-01-23,3.51
BAMLH0A0HYM2,alfred_hy_oas_initial,2024-01-24,3.44
BAMLH0A0HYM2,alfred_hy_oas_initial,2024-01-25,3.45
BAMLH0A0HYM2,alfred_hy_oas_initial,2024-01-26,3.39
BAMLH0A0HYM2,alfred_hy_oas_initial,2024-01-29,3.41
BAMLH0A0HYM2,alfred_hy_oas_initial,2024-01-30,3.42
BAMLH0A0HYM2,alfred_hy_oas_initial,2024-01-31,3.59
BAMLH0A0HYM2,alfred_hy_oas_initial,2024-02-01,3.56
BAMLH0A0HYM2,alfred_hy_oas_initial,2024-02-02,3.47
BAMLH0A0HYM2,alfred_hy_oas_initial,2024-02-05,3.5
BAMLH0A0HYM2,alfred_hy_oas_initial,2024-02-06,3.52
BAMLH0A0HYM2,alfred_hy_oas_initial,2024-02-07,3.43
BAMLH0A0HYM2,alfred_hy_oas_initial,2024-02-08,3.38
BAMLH0A0HYM2,alfred_hy_oas_initial,2024-02-09,3.33
BAMLH0A0HYM2,alfred_hy_oas_initial,2024-02-12,3.35
BAMLH0A0HYM2,alfred_hy_oas_initial,2024-02-13,3.36
BAMLH0A0HYM2,alfred_hy_oas_initial,2024-02-14,3.38
BAMLH0A0HYM2,alfred_hy_oas_initial,2024-02-15,3.35
BAMLH0A0HYM2,alfred_hy_oas_initial,2024-02-16,3.34
BAMLH0A0HYM2,alfred_hy_oas_initial,2024-02-19,3.34
BAMLH0A0HYM2,alfred_hy_oas_initial,2024-02-20,3.37
BAMLH0A0HYM2,alfred_hy_oas_initial,2024-02-21,3.34
BAMLH0A0HYM2,alfred_hy_oas_initial,2024-02-22,3.22
BAMLH0A0HYM2,alfred_hy_oas_initial,2024-02-23,3.23
BAMLH0A0HYM2,alfred_hy_oas_initial,2024-02-26,3.23
BAMLH0A0HYM2,alfred_hy_oas_initial,2024-02-27,3.26
BAMLH0A0HYM2,alfred_hy_oas_initial,2024-02-28,3.31
BAMLH0A0HYM2,alfred_hy_oas_initial,2024-02-29,3.29
BAMLH0A0HYM2,alfred_hy_oas_initial,2024-03-01,3.32
BAMLH0A0HYM2,alfred_hy_oas_initial,2024-03-04,3.26
BAMLH0A0HYM2,alfred_hy_oas_initial,2024-03-05,3.31
BAMLH0A0HYM2,alfred_hy_oas_initial,2024-03-06,3.27
BAMLH0A0HYM2,alfred_hy_oas_initial,2024-03-07,3.27
BAMLH0A0HYM2,alfred_hy_oas_initial,2024-03-08,3.26
BAMLH0A0HYM2,alfred_hy_oas_initial,2024-03-11,3.26
BAMLH0A0HYM2,alfred_hy_oas_initial,2024-03-12,3.2
BAMLH0A0HYM2,alfred_hy_oas_initial,2024-03-13,3.15
BAMLH0A0HYM2,alfred_hy_oas_initial,2024-03-14,3.15
BAMLH0A0HYM2,alfred_hy_oas_initial,2024-03-15,3.16
BAMLH0A0HYM2,alfred_hy_oas_initial,2024-03-18,3.13
BAMLH0A0HYM2,alfred_hy_oas_initial,2024-03-19,3.1
BAMLH0A0HYM2,alfred_hy_oas_initial,2024-03-20,3.14
BAMLH0A0HYM2,alfred_hy_oas_initial,2024-03-21,3.05
BAMLH0A0HYM2,alfred_hy_oas_initial,2024-03-22,3.08
BAMLH0A0HYM2,alfred_hy_oas_initial,2024-03-25,3.11
BAMLH0A0HYM2,alfred_hy_oas_initial,2024-03-26,3.15
BAMLH0A0HYM2,alfred_hy_oas_initial,2024-03-27,3.15
BAMLH0A0HYM2,alfred_hy_oas_initial,2024-03-28,3.12
BAMLH0A0HYM2,alfred_hy_oas_initial,2024-03-31,3.15
BAMLH0A0HYM2,alfred_hy_oas_initial,2024-04-01,3.12
BAMLH0A0HYM2,alfred_hy_oas_initial,2024-04-02,3.23
BAMLH0A0HYM2,alfred_hy_oas_initial,2024-04-03,3.23
BAMLH0A0HYM2,alfred_hy_oas_initial,2024-04-04,3.24
BAMLH0A0HYM2,alfred_hy_oas_initial,2024-04-05,3.18
BAMLH0A0HYM2,alfred_hy_oas_initial,2024-04-08,3.15
BAMLH0A0HYM2,alfred_hy_oas_initial,2024-04-09,3.14
BAMLH0A0HYM2,alfred_hy_oas_initial,2024-04-10,3.1
BAMLH0A0HYM2,alfred_hy_oas_initial,2024-04-11,3.16
BAMLH0A0HYM2,alfred_hy_oas_initial,2024-04-12,3.25
BAMLH0A0HYM2,alfred_hy_oas_initial,2024-04-15,3.28
BAMLH0A0HYM2,alfred_hy_oas_initial,2024-04-16,3.36
BAMLH0A0HYM2,alfred_hy_oas_initial,2024-04-17,3.42
BAMLH0A0HYM2,alfred_hy_oas_initial,2024-04-18,3.39
BAMLH0A0HYM2,alfred_hy_oas_initial,2024-04-19,3.37
BAMLH0A0HYM2,alfred_hy_oas_initial,2024-04-22,3.29
BAMLH0A0HYM2,alfred_hy_oas_initial,2024-04-23,3.2
BAMLH0A0HYM2,alfred_hy_oas_initial,2024-04-24,3.19
BAMLH0A0HYM2,alfred_hy_oas_initial,2024-04-25,3.24
BAMLH0A0HYM2,alfred_hy_oas_initial,2024-04-26,3.16
BAMLH0A0HYM2,alfred_hy_oas_initial,2024-04-29,3.12
BAMLH0A0HYM2,alfred_hy_oas_initial,2024-04-30,3.18
BAMLH0A0HYM2,alfred_hy_oas_initial,2024-05-01,3.21
BAMLH0A0HYM2,alfred_hy_oas_initial,2024-05-02,3.16
BAMLH0A0HYM2,alfred_hy_oas_initial,2024-05-03,3.08
BAMLH0A0HYM2,alfred_hy_oas_initial,2024-05-06,3.03
BAMLH0A0HYM2,alfred_hy_oas_initial,2024-05-07,3.06
BAMLH0A0HYM2,alfred_hy_oas_initial,2024-05-08,3.1
BAMLH0A0HYM2,alfred_hy_oas_initial,2024-05-09,3.14
BAMLH0A0HYM2,alfred_hy_oas_initial,2024-05-10,3.12
BAMLH0A0HYM2,alfred_hy_oas_initial,2024-05-13,3.14
BAMLH0A0HYM2,alfred_hy_oas_initial,2024-05-14,3.14
BAMLH0A0HYM2,alfred_hy_oas_initial,2024-05-15,3.13
BAMLH0A0HYM2,alfred_hy_oas_initial,2024-05-16,3.08
BAMLH0A0HYM2,alfred_hy_oas_initial,2024-05-17,3.09
BAMLH0A0HYM2,alfred_hy_oas_initial,2024-05-20,3.07
BAMLH0A0HYM2,alfred_hy_oas_initial,2024-05-21,3.07
BAMLH0A0HYM2,alfred_hy_oas_initial,2024-05-22,3.11
BAMLH0A0HYM2,alfred_hy_oas_initial,2024-05-23,3.1
BAMLH0A0HYM2,alfred_hy_oas_initial,2024-05-24,3.11
BAMLH0A0HYM2,alfred_hy_oas_initial,2024-05-27,3.12
BAMLH0A0HYM2,alfred_hy_oas_initial,2024-05-28,3.09
BAMLH0A0HYM2,alfred_hy_oas_initial,2024-05-29,3.15
BAMLH0A0HYM2,alfred_hy_oas_initial,2024-05-30,3.19
BAMLH0A0HYM2,alfred_hy_oas_initial,2024-05-31,3.2
BAMLH0A0HYM2,alfred_hy_oas_initial,2024-06-03,3.17
BAMLH0A0HYM2,alfred_hy_oas_initial,2024-06-04,3.22
BAMLH0A0HYM2,alfred_hy_oas_initial,2024-06-05,3.2
BAMLH0A0HYM2,alfred_hy_oas_initial,2024-06-06,3.2
BAMLH0A0HYM2,alfred_hy_oas_initial,2024-06-07,3.15
BAMLH0A0HYM2,alfred_hy_oas_initial,2024-06-10,3.15
BAMLH0A0HYM2,alfred_hy_oas_initial,2024-06-11,3.19
BAMLH0A0HYM2,alfred_hy_oas_initial,2024-06-12,3.09
BAMLH0A0HYM2,alfred_hy_oas_initial,2024-06-13,3.2
BAMLH0A0HYM2,alfred_hy_oas_initial,2024-06-14,3.29
BAMLH0A0HYM2,alfred_hy_oas_initial,2024-06-17,3.26
BAMLH0A0HYM2,alfred_hy_oas_initial,2024-06-18,3.24
BAMLH0A0HYM2,alfred_hy_oas_initial,2024-06-19,3.24
BAMLH0A0HYM2,alfred_hy_oas_initial,2024-06-20,3.23
BAMLH0A0HYM2,alfred_hy_oas_initial,2024-06-21,3.21
BAMLH0A0HYM2,alfred_hy_oas_initial,2024-06-24,3.19
BAMLH0A0HYM2,alfred_hy_oas_initial,2024-06-25,3.19
BAMLH0A0HYM2,alfred_hy_oas_initial,2024-06-26,3.18
BAMLH0A0HYM2,alfred_hy_oas_initial,2024-06-27,3.21
BAMLH0A0HYM2,alfred_hy_oas_initial,2024-06-28,3.18
BAMLH0A0HYM2,alfred_hy_oas_initial,2024-06-30,3.21
BAMLH0A0HYM2,alfred_hy_oas_initial,2024-07-01,3.21
BAMLH0A0HYM2,alfred_hy_oas_initial,2024-07-02,3.23
BAMLH0A0HYM2,alfred_hy_oas_initial,2024-07-03,3.25
BAMLH0A0HYM2,alfred_hy_oas_initial,2024-07-04,3.25
BAMLH0A0HYM2,alfred_hy_oas_initial,2024-07-05,3.27
BAMLH0A0HYM2,alfred_hy_oas_initial,2024-07-08,3.2
BAMLH0A0HYM2,alfred_hy_oas_initial,2024-07-09,3.21
BAMLH0A0HYM2,alfred_hy_oas_initial,2024-07-10,3.17
BAMLH0A0HYM2,alfred_hy_oas_initial,2024-07-11,3.18
BAMLH0A0HYM2,alfred_hy_oas_initial,2024-07-12,3.19
BAMLH0A0HYM2,alfred_hy_oas_initial,2024-07-15,3.13
BAMLH0A0HYM2,alfred_hy_oas_initial,2024-07-16,3.08
BAMLH0A0HYM2,alfred_hy_oas_initial,2024-07-17,3.09
BAMLH0A0HYM2,alfred_hy_oas_initial,2024-07-18,3.09
BAMLH0A0HYM2,alfred_hy_oas_initial,2024-07-19,3.09
BAMLH0A0HYM2,alfred_hy_oas_initial,2024-07-22,3.05
BAMLH0A0HYM2,alfred_hy_oas_initial,2024-07-23,3.02
BAMLH0A0HYM2,alfred_hy_oas_initial,2024-07-24,3.1
BAMLH0A0HYM2,alfred_hy_oas_initial,2024-07-25,3.08
BAMLH0A0HYM2,alfred_hy_oas_initial,2024-07-26,3.1
BAMLH0A0HYM2,alfred_hy_oas_initial,2024-07-29,3.13
BAMLH0A0HYM2,alfred_hy_oas_initial,2024-07-30,3.2
BAMLH0A0HYM2,alfred_hy_oas_initial,2024-07-31,3.25
BAMLH0A0HYM2,alfred_hy_oas_initial,2024-08-01,3.35
BAMLH0A0HYM2,alfred_hy_oas_initial,2024-08-02,3.72
BAMLH0A0HYM2,alfred_hy_oas_initial,2024-08-05,3.93
BAMLH0A0HYM2,alfred_hy_oas_initial,2024-08-06,3.67
BAMLH0A0HYM2,alfred_hy_oas_initial,2024-08-07,3.57
BAMLH0A0HYM2,alfred_hy_oas_initial,2024-08-08,3.48
BAMLH0A0HYM2,alfred_hy_oas_initial,2024-08-09,3.49
BAMLH0A0HYM2,alfred_hy_oas_initial,2024-08-12,3.52
BAMLH0A0HYM2,alfred_hy_oas_initial,2024-08-13,3.54
BAMLH0A0HYM2,alfred_hy_oas_initial,2024-08-14,3.46
BAMLH0A0HYM2,alfred_hy_oas_initial,2024-08-15,3.31
BAMLH0A0HYM2,alfred_hy_oas_initial,2024-08-16,3.29
BAMLH0A0HYM2,alfred_hy_oas_initial,2024-08-19,3.21
BAMLH0A0HYM2,alfred_hy_oas_initial,2024-08-20,3.25
BAMLH0A0HYM2,alfred_hy_oas_initial,2024-08-21,3.27
BAMLH0A0HYM2,alfred_hy_oas_initial,2024-08-22,3.21
BAMLH0A0HYM2,alfred_hy_oas_initial,2024-08-23,3.19
BAMLH0A0HYM2,alfred_hy_oas_initial,2024-08-26,3.15
BAMLH0A0HYM2,alfred_hy_oas_initial,2024-08-27,3.17
BAMLH0A0HYM2,alfred_hy_oas_initial,2024-08-28,3.19
BAMLH0A0HYM2,alfred_hy_oas_initial,2024-08-29,3.15
BAMLH0A0HYM2,alfred_hy_oas_initial,2024-08-30,3.13
BAMLH0A0HYM2,alfred_hy_oas_initial,2024-08-31,3.17
BAMLH0A0HYM2,alfred_hy_oas_initial,2024-09-02,3.17
BAMLH0A0HYM2,alfred_hy_oas_initial,2024-09-03,3.31
BAMLH0A0HYM2,alfred_hy_oas_initial,2024-09-04,3.35
BAMLH0A0HYM2,alfred_hy_oas_initial,2024-09-05,3.29
BAMLH0A0HYM2,alfred_hy_oas_initial,2024-09-06,3.39
BAMLH0A0HYM2,alfred_hy_oas_initial,2024-09-09,3.36
BAMLH0A0HYM2,alfred_hy_oas_initial,2024-09-10,3.46
BAMLH0A0HYM2,alfred_hy_oas_initial,2024-09-11,3.44
BAMLH0A0HYM2,alfred_hy_oas_initial,2024-09-12,3.39
BAMLH0A0HYM2,alfred_hy_oas_initial,2024-09-13,3.37
BAMLH0A0HYM2,alfred_hy_oas_initial,2024-09-16,3.32
BAMLH0A0HYM2,alfred_hy_oas_initial,2024-09-17,3.25
BAMLH0A0HYM2,alfred_hy_oas_initial,2024-09-18,3.21
BAMLH0A0HYM2,alfred_hy_oas_initial,2024-09-19,3.1
BAMLH0A0HYM2,alfred_hy_oas_initial,2024-09-20,3.15
BAMLH0A0HYM2,alfred_hy_oas_initial,2024-09-23,3.15
BAMLH0A0HYM2,alfred_hy_oas_initial,2024-09-24,3.21
BAMLH0A0HYM2,alfred_hy_oas_initial,2024-09-25,3.19
BAMLH0A0HYM2,alfred_hy_oas_initial,2024-09-26,3.14
BAMLH0A0HYM2,alfred_hy_oas_initial,2024-09-27,3.14
BAMLH0A0HYM2,alfred_hy_oas_initial,2024-09-30,3.03
BAMLH0A0HYM2,alfred_hy_oas_initial,2024-10-01,3.07
BAMLH0A0HYM2,alfred_hy_oas_initial,2024-10-02,3.06
BAMLH0A0HYM2,alfred_hy_oas_initial,2024-10-03,3.04
BAMLH0A0HYM2,alfred_hy_oas_initial,2024-10-04,2.89
BAMLH0A0HYM2,alfred_hy_oas_initial,2024-10-07,2.95
BAMLH0A0HYM2,alfred_hy_oas_initial,2024-10-08,2.99
BAMLH0A0HYM2,alfred_hy_oas_initial,2024-10-09,2.94
BAMLH0A0HYM2,alfred_hy_oas_initial,2024-10-10,2.99
BAMLH0A0HYM2,alfred_hy_oas_initial,2024-10-11,2.98
BAMLH0A0HYM2,alfred_hy_oas_initial,2024-10-14,2.97
BAMLH0A0HYM2,alfred_hy_oas_initial,2024-10-15,2.93
BAMLH0A0HYM2,alfred_hy_oas_initial,2024-10-16,2.9
BAMLH0A0HYM2,alfred_hy_oas_initial,2024-10-17,2.89
BAMLH0A0HYM2,alfred_hy_oas_initial,2024-10-18,2.88
BAMLH0A0HYM2,alfred_hy_oas_initial,2024-10-21,2.88
BAMLH0A0HYM2,alfred_hy_oas_initial,2024-10-22,2.92
BAMLH0A0HYM2,alfred_hy_oas_initial,2024-10-23,2.95
BAMLH0A0HYM2,alfred_hy_oas_initial,2024-10-24,2.93
BAMLH0A0HYM2,alfred_hy_oas_initial,2024-10-25,2.89
BAMLH0A0HYM2,alfred_hy_oas_initial,2024-10-28,2.82
BAMLH0A0HYM2,alfred_hy_oas_initial,2024-10-29,2.85
BAMLH0A0HYM2,alfred_hy_oas_initial,2024-10-30,2.8
BAMLH0A0HYM2,alfred_hy_oas_initial,2024-10-31,2.88
BAMLH0A0HYM2,alfred_hy_oas_initial,2024-11-01,2.83
BAMLH0A0HYM2,alfred_hy_oas_initial,2024-11-04,2.87
BAMLH0A0HYM2,alfred_hy_oas_initial,2024-11-05,2.86
BAMLH0A0HYM2,alfred_hy_oas_initial,2024-11-06,2.74
BAMLH0A0HYM2,alfred_hy_oas_initial,2024-11-07,2.73
BAMLH0A0HYM2,alfred_hy_oas_initial,2024-11-08,2.63
BAMLH0A0HYM2,alfred_hy_oas_initial,2024-11-11,2.63
BAMLH0A0HYM2,alfred_hy_oas_initial,2024-11-12,2.61
BAMLH0A0HYM2,alfred_hy_oas_initial,2024-11-13,2.64
BAMLH0A0HYM2,alfred_hy_oas_initial,2024-11-14,2.6
BAMLH0A0HYM2,alfred_hy_oas_initial,2024-11-15,2.72
BAMLH0A0HYM2,alfred_hy_oas_initial,2024-11-18,2.72
BAMLH0A0HYM2,alfred_hy_oas_initial,2024-11-19,2.69
BAMLH0A0HYM2,alfred_hy_oas_initial,2024-11-20,2.67
BAMLH0A0HYM2,alfred_hy_oas_initial,2024-11-21,2.61
BAMLH0A0HYM2,alfred_hy_oas_initial,2024-11-22,2.61
BAMLH0A0HYM2,alfred_hy_oas_initial,2024-11-25,2.64
BAMLH0A0HYM2,alfred_hy_oas_initial,2024-11-26,2.68
BAMLH0A0HYM2,alfred_hy_oas_initial,2024-11-27,2.69
BAMLH0A0HYM2,alfred_hy_oas_initial,2024-11-28,2.69
BAMLH0A0HYM2,alfred_hy_oas_initial,2024-11-29,2.72
BAMLH0A0HYM2,alfred_hy_oas_initial,2024-11-30,2.74
BAMLH0A0HYM2,alfred_hy_oas_initial,2024-12-02,2.68
BAMLH0A0HYM2,alfred_hy_oas_initial,2024-12-03,2.66
BAMLH0A0HYM2,alfred_hy_oas_initial,2024-12-04,2.66
BAMLH0A0HYM2,alfred_hy_oas_initial,2024-12-05,2.66
BAMLH0A0HYM2,alfred_hy_oas_initial,2024-12-06,2.67
BAMLH0A0HYM2,alfred_hy_oas_initial,2024-12-09,2.67
BAMLH0A0HYM2,alfred_hy_oas_initial,2024-12-10,2.67
BAMLH0A0HYM2,alfred_hy_oas_initial,2024-12-11,2.64
BAMLH0A0HYM2,alfred_hy_oas_initial,2024-12-12,2.66
BAMLH0A0HYM2,alfred_hy_oas_initial,2024-12-13,2.68
BAMLH0A0HYM2,alfred_hy_oas_initial,2024-12-16,2.69
BAMLH0A0HYM2,alfred_hy_oas_initial,2024-12-17,2.75
BAMLH0A0HYM2,alfred_hy_oas_initial,2024-12-18,2.73
BAMLH0A0HYM2,alfred_hy_oas_initial,2024-12-19,2.91
BAMLH0A0HYM2,alfred_hy_oas_initial,2024-12-20,2.86
BAMLH0A0HYM2,alfred_hy_oas_initial,2024-12-23,2.85
BAMLH0A0HYM2,alfred_hy_oas_initial,2024-12-24,2.86
BAMLH0A0HYM2,alfred_hy_oas_initial,2024-12-26,2.86
BAMLH0A0HYM2,alfred_hy_oas_initial,2024-12-27,2.84
BAMLH0A0HYM2,alfred_hy_oas_initial,2024-12-30,2.94
BAMLH0A0HYM2,alfred_hy_oas_initial,2024-12-31,2.92
BAMLH0A0HYM2,alfred_hy_oas_initial,2025-01-02,2.88
BAMLH0A0HYM2,alfred_hy_oas_initial,2025-01-03,2.81
BAMLH0A0HYM2,alfred_hy_oas_initial,2025-01-06,2.76
BAMLH0A0HYM2,alfred_hy_oas_initial,2025-01-07,2.79
BAMLH0A0HYM2,alfred_hy_oas_initial,2025-01-08,2.84
BAMLH0A0HYM2,alfred_hy_oas_initial,2025-01-09,2.82
BAMLH0A0HYM2,alfred_hy_oas_initial,2025-01-10,2.81
BAMLH0A0HYM2,alfred_hy_oas_initial,2025-01-13,2.85
BAMLH0A0HYM2,alfred_hy_oas_initial,2025-01-14,2.8
BAMLH0A0HYM2,alfred_hy_oas_initial,2025-01-15,2.72
BAMLH0A0HYM2,alfred_hy_oas_initial,2025-01-16,2.73
BAMLH0A0HYM2,alfred_hy_oas_initial,2025-01-17,2.64
BAMLH0A0HYM2,alfred_hy_oas_initial,2025-01-20,2.64
BAMLH0A0HYM2,alfred_hy_oas_initial,2025-01-21,2.61
BAMLH0A0HYM2,alfred_hy_oas_initial,2025-01-22,2.59
BAMLH0A0HYM2,alfred_hy_oas_initial,2025-01-23,2.61
BAMLH0A0HYM2,alfred_hy_oas_initial,2025-01-24,2.6
BAMLH0A0HYM2,alfred_hy_oas_initial,2025-01-27,2.66
BAMLH0A0HYM2,alfred_hy_oas_initial,2025-01-28,2.66
BAMLH0A0HYM2,alfred_hy_oas_initial,2025-01-29,2.68
BAMLH0A0HYM2,alfred_hy_oas_initial,2025-01-30,2.67
BAMLH0A0HYM2,alfred_hy_oas_initial,2025-01-31,2.68
BAMLH0A0HYM2,alfred_hy_oas_initial,2025-02-03,2.73
BAMLH0A0HYM2,alfred_hy_oas_initial,2025-02-04,2.71
BAMLH0A0HYM2,alfred_hy_oas_initial,2025-02-05,2.69
BAMLH0A0HYM2,alfred_hy_oas_initial,2025-02-06,2.66
BAMLH0A0HYM2,alfred_hy_oas_initial,2025-02-07,2.67
BAMLH0A0HYM2,alfred_hy_oas_initial,2025-02-10,2.66
BAMLH0A0HYM2,alfred_hy_oas_initial,2025-02-11,2.66
BAMLH0A0HYM2,alfred_hy_oas_initial,2025-02-12,2.65
BAMLH0A0HYM2,alfred_hy_oas_initial,2025-02-13,2.65
BAMLH0A0HYM2,alfred_hy_oas_initial,2025-02-14,2.62
BAMLH0A0HYM2,alfred_hy_oas_initial,2025-02-17,2.62
BAMLH0A0HYM2,alfred_hy_oas_initial,2025-02-18,2.62
BAMLH0A0HYM2,alfred_hy_oas_initial,2025-02-19,2.68
BAMLH0A0HYM2,alfred_hy_oas_initial,2025-02-20,2.66
BAMLH0A0HYM2,alfred_hy_oas_initial,2025-02-21,2.78
BAMLH0A0HYM2,alfred_hy_oas_initial,2025-02-24,2.78
BAMLH0A0HYM2,alfred_hy_oas_initial,2025-02-25,2.84
BAMLH0A0HYM2,alfred_hy_oas_initial,2025-02-26,2.81
BAMLH0A0HYM2,alfred_hy_oas_initial,2025-02-27,2.81
BAMLH0A0HYM2,alfred_hy_oas_initial,2025-02-28,2.87
BAMLH0A0HYM2,alfred_hy_oas_initial,2025-03-03,2.94
BAMLH0A0HYM2,alfred_hy_oas_initial,2025-03-04,2.99
BAMLH0A0HYM2,alfred_hy_oas_initial,2025-03-05,2.88
BAMLH0A0HYM2,alfred_hy_oas_initial,2025-03-06,2.99
BAMLH0A0HYM2,alfred_hy_oas_initial,2025-03-07,2.97
BAMLH0A0HYM2,alfred_hy_oas_initial,2025-03-10,3.16
BAMLH0A0HYM2,alfred_hy_oas_initial,2025-03-11,3.22
BAMLH0A0HYM2,alfred_hy_oas_initial,2025-03-12,3.2
BAMLH0A0HYM2,alfred_hy_oas_initial,2025-03-13,3.4
BAMLH0A0HYM2,alfred_hy_oas_initial,2025-03-14,3.25
BAMLH0A0HYM2,alfred_hy_oas_initial,2025-03-17,3.18
BAMLH0A0HYM2,alfred_hy_oas_initial,2025-03-18,3.23
BAMLH0A0HYM2,alfred_hy_oas_initial,2025-03-19,3.19
BAMLH0A0HYM2,alfred_hy_oas_initial,2025-03-20,3.17
BAMLH0A0HYM2,alfred_hy_oas_initial,2025-03-21,3.21
BAMLH0A0HYM2,alfred_hy_oas_initial,2025-03-24,3.05
BAMLH0A0HYM2,alfred_hy_oas_initial,2025-03-25,3.09
BAMLH0A0HYM2,alfred_hy_oas_initial,2025-03-26,3.19
BAMLH0A0HYM2,alfred_hy_oas_initial,2025-03-27,3.27
BAMLH0A0HYM2,alfred_hy_oas_initial,2025-03-28,3.47
BAMLH0A0HYM2,alfred_hy_oas_initial,2025-03-31,3.55
BAMLH0A0HYM2,alfred_hy_oas_initial,2025-04-01,3.5
BAMLH0A0HYM2,alfred_hy_oas_initial,2025-04-02,3.42
BAMLH0A0HYM2,alfred_hy_oas_initial,2025-04-03,4.01
BAMLH0A0HYM2,alfred_hy_oas_initial,2025-04-04,4.45
BAMLH0A0HYM2,alfred_hy_oas_initial,2025-04-07,4.61
BAMLH0A0HYM2,alfred_hy_oas_initial,2025-04-08,4.57
BAMLH0A0HYM2,alfred_hy_oas_initial,2025-04-09,4.37
BAMLH0A0HYM2,alfred_hy_oas_initial,2025-04-10,4.42
BAMLH0A0HYM2,alfred_hy_oas_initial,2025-04-11,4.26
BAMLH0A0HYM2,alfred_hy_oas_initial,2025-04-14,4.14
BAMLH0A0HYM2,alfred_hy_oas_initial,2025-04-15,4.09
BAMLH0A0HYM2,alfred_hy_oas_initial,2025-04-16,4.16
BAMLH0A0HYM2,alfred_hy_oas_initial,2025-04-17,4.02
BAMLH0A0HYM2,alfred_hy_oas_initial,2025-04-21,4.16
BAMLH0A0HYM2,alfred_hy_oas_initial,2025-04-22,3.99
BAMLH0A0HYM2,alfred_hy_oas_initial,2025-04-23,3.75
BAMLH0A0HYM2,alfred_hy_oas_initial,2025-04-24,3.73
BAMLH0A0HYM2,alfred_hy_oas_initial,2025-04-25,3.67
BAMLH0A0HYM2,alfred_hy_oas_initial,2025-04-28,3.73
BAMLH0A0HYM2,alfred_hy_oas_initial,2025-04-29,3.74
BAMLH0A0HYM2,alfred_hy_oas_initial,2025-04-30,3.94
BAMLH0A0HYM2,alfred_hy_oas_initial,2025-05-01,3.78
BAMLH0A0HYM2,alfred_hy_oas_initial,2025-05-02,3.6
BAMLH0A0HYM2,alfred_hy_oas_initial,2025-05-05,3.6
BAMLH0A0HYM2,alfred_hy_oas_initial,2025-05-06,3.66
BAMLH0A0HYM2,alfred_hy_oas_initial,2025-05-07,3.67
BAMLH0A0HYM2,alfred_hy_oas_initial,2025-05-08,3.51
BAMLH0A0HYM2,alfred_hy_oas_initial,2025-05-09,3.53
BAMLH0A0HYM2,alfred_hy_oas_initial,2025-05-12,3.15
BAMLH0A0HYM2,alfred_hy_oas_initial,2025-05-13,3.09
BAMLH0A0HYM2,alfred_hy_oas_initial,2025-05-14,3.1
BAMLH0A0HYM2,alfred_hy_oas_initial,2025-05-15,3.2
BAMLH0A0HYM2,alfred_hy_oas_initial,2025-05-16,3.16
BAMLH0A0HYM2,alfred_hy_oas_initial,2025-05-19,3.21
BAMLH0A0HYM2,alfred_hy_oas_initial,2025-05-20,3.2
BAMLH0A0HYM2,alfred_hy_oas_initial,2025-05-21,3.25
BAMLH0A0HYM2,alfred_hy_oas_initial,2025-05-22,3.32
BAMLH0A0HYM2,alfred_hy_oas_initial,2025-05-23,3.4
BAMLH0A0HYM2,alfred_hy_oas_initial,2025-05-26,3.4
BAMLH0A0HYM2,alfred_hy_oas_initial,2025-05-27,3.24
BAMLH0A0HYM2,alfred_hy_oas_initial,2025-05-28,3.23
BAMLH0A0HYM2,alfred_hy_oas_initial,2025-05-29,3.22
BAMLH0A0HYM2,alfred_hy_oas_initial,2025-05-30,3.31
BAMLH0A0HYM2,alfred_hy_oas_initial,2025-05-31,3.32
BAMLH0A0HYM2,alfred_hy_oas_initial,2025-06-02,3.27
BAMLH0A0HYM2,alfred_hy_oas_initial,2025-06-03,3.19
BAMLH0A0HYM2,alfred_hy_oas_initial,2025-06-04,3.23
BAMLH0A0HYM2,alfred_hy_oas_initial,2025-06-05,3.18
BAMLH0A0HYM2,alfred_hy_oas_initial,2025-06-06,3.09
BAMLH0A0HYM2,alfred_hy_oas_initial,2025-06-09,3.12
BAMLH0A0HYM2,alfred_hy_oas_initial,2025-06-10,3.12
BAMLH0A0HYM2,alfred_hy_oas_initial,2025-06-11,3.12
BAMLH0A0HYM2,alfred_hy_oas_initial,2025-06-12,3.17
BAMLH0A0HYM2,alfred_hy_oas_initial,2025-06-13,3.18
BAMLH0A0HYM2,alfred_hy_oas_initial,2025-06-16,3.1
BAMLH0A0HYM2,alfred_hy_oas_initial,2025-06-17,3.17
BAMLH0A0HYM2,alfred_hy_oas_initial,2025-06-18,3.16
BAMLH0A0HYM2,alfred_hy_oas_initial,2025-06-19,3.16
BAMLH0A0HYM2,alfred_hy_oas_initial,2025-06-20,3.13
BAMLH0A0HYM2,alfred_hy_oas_initial,2025-06-23,3.12
BAMLH0A0HYM2,alfred_hy_oas_initial,2025-06-24,3.06
BAMLH0A0HYM2,alfred_hy_oas_initial,2025-06-25,3.04
BAMLH0A0HYM2,alfred_hy_oas_initial,2025-06-26,3.04
BAMLH0A0HYM2,alfred_hy_oas_initial,2025-06-27,3.02
BAMLH0A0HYM2,alfred_hy_oas_initial,2025-06-30,2.96
BAMLH0A0HYM2,alfred_hy_oas_initial,2025-07-01,2.91
BAMLH0A0HYM2,alfred_hy_oas_initial,2025-07-02,2.88
BAMLH0A0HYM2,alfred_hy_oas_initial,2025-07-03,2.8
BAMLH0A0HYM2,alfred_hy_oas_initial,2025-07-04,2.8
BAMLH0A0HYM2,alfred_hy_oas_initial,2025-07-07,2.86
BAMLH0A0HYM2,alfred_hy_oas_initial,2025-07-08,2.92
BAMLH0A0HYM2,alfred_hy_oas_initial,2025-07-09,2.94
BAMLH0A0HYM2,alfred_hy_oas_initial,2025-07-10,2.92
BAMLH0A0HYM2,alfred_hy_oas_initial,2025-07-11,2.97
BAMLH0A0HYM2,alfred_hy_oas_initial,2025-07-14,2.95
BAMLH0A0HYM2,alfred_hy_oas_initial,2025-07-15,2.95
BAMLH0A0HYM2,alfred_hy_oas_initial,2025-07-16,3.0
BAMLH0A0HYM2,alfred_hy_oas_initial,2025-07-17,2.91
BAMLH0A0HYM2,alfred_hy_oas_initial,2025-07-18,2.93
BAMLH0A0HYM2,alfred_hy_oas_initial,2025-07-21,2.89
BAMLH0A0HYM2,alfred_hy_oas_initial,2025-07-22,2.9
BAMLH0A0HYM2,alfred_hy_oas_initial,2025-07-23,2.83
BAMLH0A0HYM2,alfred_hy_oas_initial,2025-07-24,2.82
BAMLH0A0HYM2,alfred_hy_oas_initial,2025-07-25,2.84
BAMLH0A0HYM2,alfred_hy_oas_initial,2025-07-28,2.82
BAMLH0A0HYM2,alfred_hy_oas_initial,2025-07-29,2.86
BAMLH0A0HYM2,alfred_hy_oas_initial,2025-07-30,2.89
BAMLH0A0HYM2,alfred_hy_oas_initial,2025-07-31,2.86
BAMLH0A0HYM2,alfred_hy_oas_initial,2025-08-01,3.13
BAMLH0A0HYM2,alfred_hy_oas_initial,2025-08-04,3.02
BAMLH0A0HYM2,alfred_hy_oas_initial,2025-08-05,2.98
BAMLH0A0HYM2,alfred_hy_oas_initial,2025-08-06,2.98
BAMLH0A0HYM2,alfred_hy_oas_initial,2025-08-07,2.95
BAMLH0A0HYM2,alfred_hy_oas_initial,2025-08-08,2.94
BAMLH0A0HYM2,alfred_hy_oas_initial,2025-08-11,2.94
BAMLH0A0HYM2,alfred_hy_oas_initial,2025-08-12,2.93
BAMLH0A0HYM2,alfred_hy_oas_initial,2025-08-13,2.9
BAMLH0A0HYM2,alfred_hy_oas_initial,2025-08-14,2.89
BAMLH0A0HYM2,alfred_hy_oas_initial,2025-08-15,2.88
BAMLH0A0HYM2,alfred_hy_oas_initial,2025-08-18,2.88
BAMLH0A0HYM2,alfred_hy_oas_initial,2025-08-19,2.9
BAMLH0A0HYM2,alfred_hy_oas_initial,2025-08-20,2.94
BAMLH0A0HYM2,alfred_hy_oas_initial,2025-08-21,2.95
BAMLH0A0HYM2,alfred_hy_oas_initial,2025-08-22,2.88
BAMLH0A0HYM2,alfred_hy_oas_initial,2025-08-25,2.8
BAMLH0A0HYM2,alfred_hy_oas_initial,2025-08-26,2.78
BAMLH0A0HYM2,alfred_hy_oas_initial,2025-08-27,2.78
BAMLH0A0HYM2,alfred_hy_oas_initial,2025-08-28,2.75
BAMLH0A0HYM2,alfred_hy_oas_initial,2025-08-29,2.82
BAMLH0A0HYM2,alfred_hy_oas_initial,2025-08-31,2.84
BAMLH0A0HYM2,alfred_hy_oas_initial,2025-09-01,2.84
BAMLH0A0HYM2,alfred_hy_oas_initial,2025-09-02,2.92
BAMLH0A0HYM2,alfred_hy_oas_initial,2025-09-03,2.88
BAMLH0A0HYM2,alfred_hy_oas_initial,2025-09-04,2.84
BAMLH0A0HYM2,alfred_hy_oas_initial,2025-09-05,2.83
BAMLH0A0HYM2,alfred_hy_oas_initial,2025-09-08,2.84
BAMLH0A0HYM2,alfred_hy_oas_initial,2025-09-09,2.87
BAMLH0A0HYM2,alfred_hy_oas_initial,2025-09-10,2.84
BAMLH0A0HYM2,alfred_hy_oas_initial,2025-09-11,2.78
BAMLH0A0HYM2,alfred_hy_oas_initial,2025-09-12,2.79
BAMLH0A0HYM2,alfred_hy_oas_initial,2025-09-15,2.75
BAMLH0A0HYM2,alfred_hy_oas_initial,2025-09-16,2.79
BAMLH0A0HYM2,alfred_hy_oas_initial,2025-09-17,2.79
BAMLH0A0HYM2,alfred_hy_oas_initial,2025-09-18,2.71
BAMLH0A0HYM2,alfred_hy_oas_initial,2025-09-19,2.72
BAMLH0A0HYM2,alfred_hy_oas_initial,2025-09-22,2.69
BAMLH0A0HYM2,alfred_hy_oas_initial,2025-09-23,2.71
BAMLH0A0HYM2,alfred_hy_oas_initial,2025-09-24,2.7
BAMLH0A0HYM2,alfred_hy_oas_initial,2025-09-25,2.76
BAMLH0A0HYM2,alfred_hy_oas_initial,2025-09-26,2.75
BAMLH0A0HYM2,alfred_hy_oas_initial,2025-09-29,2.74
BAMLH0A0HYM2,alfred_hy_oas_initial,2025-09-30,2.8
BAMLH0A0HYM2,alfred_hy_oas_initial,2025-10-01,2.81
BAMLH0A0HYM2,alfred_hy_oas_initial,2025-10-02,2.81
BAMLH0A0HYM2,alfred_hy_oas_initial,2025-10-03,2.8
BAMLH0A0HYM2,alfred_hy_oas_initial,2025-10-06,2.76
BAMLH0A0HYM2,alfred_hy_oas_initial,2025-10-07,2.82
BAMLH0A0HYM2,alfred_hy_oas_initial,2025-10-08,2.84
BAMLH0A0HYM2,alfred_hy_oas_initial,2025-10-09,2.95
BAMLH0A0HYM2,alfred_hy_oas_initial,2025-10-10,3.18
BAMLH0A0HYM2,alfred_hy_oas_initial,2025-10-13,3.18
BAMLH0A0HYM2,alfred_hy_oas_initial,2025-10-14,3.11
BAMLH0A0HYM2,alfred_hy_oas_initial,2025-10-15,2.95
BAMLH0A0HYM2,alfred_hy_oas_initial,2025-10-16,3.04
BAMLH0A0HYM2,alfred_hy_oas_initial,2025-10-17,3.04
BAMLH0A0HYM2,alfred_hy_oas_initial,2025-10-20,2.99
BAMLH0A0HYM2,alfred_hy_oas_initial,2025-10-21,2.97
BAMLH0A0HYM2,alfred_hy_oas_initial,2025-10-22,3.01
BAMLH0A0HYM2,alfred_hy_oas_initial,2025-10-23,2.96
BAMLH0A0HYM2,alfred_hy_oas_initial,2025-10-24,2.88
BAMLH0A0HYM2,alfred_hy_oas_initial,2025-10-27,2.8
BAMLH0A0HYM2,alfred_hy_oas_initial,2025-10-28,2.82
BAMLH0A0HYM2,alfred_hy_oas_initial,2025-10-29,2.76
BAMLH0A0HYM2,alfred_hy_oas_initial,2025-10-30,2.85
BAMLH0A0HYM2,alfred_hy_oas_initial,2025-10-31,2.94
BAMLH0A0HYM2,alfred_hy_oas_initial,2025-11-03,3.04
BAMLH0A0HYM2,alfred_hy_oas_initial,2025-11-04,3.13
BAMLH0A0HYM2,alfred_hy_oas_initial,2025-11-05,3.05
BAMLH0A0HYM2,alfred_hy_oas_initial,2025-11-06,3.13
BAMLH0A0HYM2,alfred_hy_oas_initial,2025-11-07,3.15
BAMLH0A0HYM2,alfred_hy_oas_initial,2025-11-10,3.02
BAMLH0A0HYM2,alfred_hy_oas_initial,2025-11-11,3.02
BAMLH0A0HYM2,alfred_hy_oas_initial,2025-11-12,3.02
BAMLH0A0HYM2,alfred_hy_oas_initial,2025-11-13,3.09
BAMLH0A0HYM2,alfred_hy_oas_initial,2025-11-14,3.07
BAMLH0A0HYM2,alfred_hy_oas_initial,2025-11-17,3.13
BAMLH0A0HYM2,alfred_hy_oas_initial,2025-11-18,3.2
BAMLH0A0HYM2,alfred_hy_oas_initial,2025-11-19,3.17
BAMLH0A0HYM2,alfred_hy_oas_initial,2025-11-20,3.17
BAMLH0A0HYM2,alfred_hy_oas_initial,2025-11-21,3.19
BAMLH0A0HYM2,alfred_hy_oas_initial,2025-11-24,3.15
BAMLH0A0HYM2,alfred_hy_oas_initial,2025-11-25,3.1
BAMLH0A0HYM2,alfred_hy_oas_initial,2025-11-26,3.0
BAMLH0A0HYM2,alfred_hy_oas_initial,2025-11-27,3.0
BAMLH0A0HYM2,alfred_hy_oas_initial,2025-11-28,2.95
BAMLH0A0HYM2,alfred_hy_oas_initial,2025-11-30,2.92
BAMLH0A0HYM2,alfred_hy_oas_initial,2025-12-01,2.94
BAMLH0A0HYM2,alfred_hy_oas_initial,2025-12-02,2.92
BAMLH0A0HYM2,alfred_hy_oas_initial,2025-12-03,2.89
BAMLH0A0HYM2,alfred_hy_oas_initial,2025-12-04,2.88
BAMLH0A0HYM2,alfred_hy_oas_initial,2025-12-05,2.85
BAMLH0A0HYM2,alfred_hy_oas_initial,2025-12-08,2.89
BAMLH0A0HYM2,alfred_hy_oas_initial,2025-12-09,2.89
BAMLH0A0HYM2,alfred_hy_oas_initial,2025-12-10,2.91
BAMLH0A0HYM2,alfred_hy_oas_initial,2025-12-11,2.88
BAMLH0A0HYM2,alfred_hy_oas_initial,2025-12-12,2.91
BAMLH0A0HYM2,alfred_hy_oas_initial,2025-12-15,2.91
BAMLH0A0HYM2,alfred_hy_oas_initial,2025-12-16,2.98
BAMLH0A0HYM2,alfred_hy_oas_initial,2025-12-17,2.99
BAMLH0A0HYM2,alfred_hy_oas_initial,2025-12-18,2.95
BAMLH0A0HYM2,alfred_hy_oas_initial,2025-12-19,2.9
BAMLH0A0HYM2,alfred_hy_oas_initial,2025-12-22,2.88
BAMLH0A0HYM2,alfred_hy_oas_initial,2025-12-23,2.83
BAMLH0A0HYM2,alfred_hy_oas_initial,2025-12-24,2.84
BAMLH0A0HYM2,alfred_hy_oas_initial,2025-12-26,2.86
BAMLH0A0HYM2,alfred_hy_oas_initial,2025-12-29,2.87
BAMLH0A0HYM2,alfred_hy_oas_initial,2025-12-30,2.84
BAMLH0A0HYM2,alfred_hy_oas_initial,2025-12-31,2.81
BAMLH0A0HYM2,alfred_hy_oas_initial,2026-01-02,2.83
BAMLH0A0HYM2,alfred_hy_oas_initial,2026-01-05,2.81
BAMLH0A0HYM2,alfred_hy_oas_initial,2026-01-06,2.79
BAMLH0A0HYM2,alfred_hy_oas_initial,2026-01-07,2.79
BAMLH0A0HYM2,alfred_hy_oas_initial,2026-01-08,2.76
BAMLH0A0HYM2,alfred_hy_oas_initial,2026-01-09,2.74
BAMLH0A0HYM2,alfred_hy_oas_initial,2026-01-12,2.74
BAMLH0A0HYM2,alfred_hy_oas_initial,2026-01-13,2.75
BAMLH0A0HYM2,alfred_hy_oas_initial,2026-01-14,2.76
BAMLH0A0HYM2,alfred_hy_oas_initial,2026-01-15,2.71
BAMLH0A0HYM2,alfred_hy_oas_initial,2026-01-16,2.65
BAMLH0A0HYM2,alfred_hy_oas_initial,2026-01-19,2.65
BAMLH0A0HYM2,alfred_hy_oas_initial,2026-01-20,2.73
BAMLH0A0HYM2,alfred_hy_oas_initial,2026-01-21,2.69
BAMLH0A0HYM2,alfred_hy_oas_initial,2026-01-22,2.64
BAMLH0A0HYM2,alfred_hy_oas_initial,2026-01-23,2.68
BAMLH0A0HYM2,alfred_hy_oas_initial,2026-01-26,2.69
BAMLH0A0HYM2,alfred_hy_oas_initial,2026-01-27,2.71
BAMLH0A0HYM2,alfred_hy_oas_initial,2026-01-28,2.72
BAMLH0A0HYM2,alfred_hy_oas_initial,2026-01-29,2.77
BAMLH0A0HYM2,alfred_hy_oas_initial,2026-01-30,2.8
BAMLH0A0HYM2,alfred_hy_oas_initial,2026-01-31,2.88
BAMLH0A0HYM2,alfred_hy_oas_initial,2026-02-02,2.81
BAMLH0A0HYM2,alfred_hy_oas_initial,2026-02-03,2.85
BAMLH0A0HYM2,alfred_hy_oas_initial,2026-02-04,2.86
BAMLH0A0HYM2,alfred_hy_oas_initial,2026-02-05,2.97
BAMLH0A0HYM2,alfred_hy_oas_initial,2026-02-06,2.87
BAMLH0A0HYM2,alfred_hy_oas_initial,2026-02-09,2.84
BAMLH0A0HYM2,alfred_hy_oas_initial,2026-02-10,2.86
BAMLH0A0HYM2,alfred_hy_oas_initial,2026-02-11,2.84
BAMLH0A0HYM2,alfred_hy_oas_initial,2026-02-12,2.92
BAMLH0A0HYM2,alfred_hy_oas_initial,2026-02-13,2.95
BAMLH0A0HYM2,alfred_hy_oas_initial,2026-02-16,2.94
BAMLH0A0HYM2,alfred_hy_oas_initial,2026-02-17,2.94
BAMLH0A0HYM2,alfred_hy_oas_initial,2026-02-18,2.86
BAMLH0A0HYM2,alfred_hy_oas_initial,2026-02-19,2.88
BAMLH0A0HYM2,alfred_hy_oas_initial,2026-02-20,2.86
BAMLH0A0HYM2,alfred_hy_oas_initial,2026-02-23,2.95
BAMLH0A0HYM2,alfred_hy_oas_initial,2026-02-24,2.97
BAMLH0A0HYM2,alfred_hy_oas_initial,2026-02-25,2.94
BAMLH0A0HYM2,alfred_hy_oas_initial,2026-02-26,2.98
BAMLH0A0HYM2,alfred_hy_oas_initial,2026-02-27,3.1
BAMLH0A0HYM2,alfred_hy_oas_initial,2026-02-28,3.12
BAMLH0A0HYM2,alfred_hy_oas_initial,2026-03-02,3.03
BAMLH0A0HYM2,alfred_hy_oas_initial,2026-03-03,3.08
BAMLH0A0HYM2,alfred_hy_oas_initial,2026-03-04,2.97
BAMLH0A0HYM2,alfred_hy_oas_initial,2026-03-05,3.0
BAMLH0A0HYM2,alfred_hy_oas_initial,2026-03-06,3.13
BAMLH0A0HYM2,alfred_hy_oas_initial,2026-03-09,3.19
BAMLH0A0HYM2,alfred_hy_oas_initial,2026-03-10,3.06
BAMLH0A0HYM2,alfred_hy_oas_initial,2026-03-11,3.09
BAMLH0A0HYM2,alfred_hy_oas_initial,2026-03-12,3.17
BAMLH0A0HYM2,alfred_hy_oas_initial,2026-03-13,3.28
BAMLH0A0HYM2,alfred_hy_oas_initial,2026-03-16,3.27
BAMLH0A0HYM2,alfred_hy_oas_initial,2026-03-17,3.22
BAMLH0A0HYM2,alfred_hy_oas_initial,2026-03-18,3.2
BAMLH0A0HYM2,alfred_hy_oas_initial,2026-03-19,3.27
BAMLH0A0HYM2,alfred_hy_oas_initial,2026-03-20,3.24
BAMLH0A0HYM2,alfred_hy_oas_initial,2026-03-23,3.19
BAMLH0A0HYM2,alfred_hy_oas_initial,2026-03-24,3.19
BAMLH0A0HYM2,alfred_hy_oas_initial,2026-03-25,3.17
BAMLH0A0HYM2,alfred_hy_oas_initial,2026-03-26,3.21
BAMLH0A0HYM2,alfred_hy_oas_initial,2026-03-27,3.42
BAMLH0A0HYM2,alfred_hy_oas_initial,2026-03-30,3.46
BAMLH0A0HYM2,alfred_hy_oas_initial,2026-03-31,3.28
BAMLH0A0HYM2,alfred_hy_oas_initial,2026-04-01,3.16
BAMLH0A0HYM2,alfred_hy_oas_initial,2026-04-02,3.17
BAMLH0A0HYM2,alfred_hy_oas_initial,2026-04-03,3.13
BAMLH0A0HYM2,alfred_hy_oas_initial,2026-04-06,3.05
BAMLH0A0HYM2,alfred_hy_oas_initial,2026-04-07,3.12
BAMLH0A0HYM2,alfred_hy_oas_initial,2026-04-08,2.94
BAMLH0A0HYM2,alfred_hy_oas_initial,2026-04-09,2.9
BAMLH0A0HYM2,alfred_hy_oas_initial,2026-04-10,2.94
BAMLH0A0HYM2,alfred_hy_oas_initial,2026-04-13,2.95
BAMLH0A0HYM2,alfred_hy_oas_initial,2026-04-14,2.84
BAMLH0A0HYM2,alfred_hy_oas_initial,2026-04-15,2.85
BAMLH0A0HYM2,alfred_hy_oas_initial,2026-04-16,2.86
BAMLH0A0HYM2,alfred_hy_oas_initial,2026-04-17,2.83
BAMLH0A0HYM2,alfred_hy_oas_initial,2026-04-20,2.87
BAMLH0A0HYM2,alfred_hy_oas_initial,2026-04-21,2.85
BAMLH0A0HYM2,alfred_hy_oas_initial,2026-04-22,2.84
BAMLH0A0HYM2,alfred_hy_oas_initial,2026-04-23,2.86
BAMLH0A0HYM2,alfred_hy_oas_initial,2026-04-24,2.86
BAMLH0A0HYM2,alfred_hy_oas_initial,2026-04-27,2.84
BAMLH0A0HYM2,alfred_hy_oas_initial,2026-04-28,2.85
BAMLH0A0HYM2,alfred_hy_oas_initial,2026-04-29,2.82
BAMLH0A0HYM2,alfred_hy_oas_initial,2026-04-30,2.83
BAMLH0A0HYM2,alfred_hy_oas_initial,2026-05-01,2.77
BAMLH0A0HYM2,alfred_hy_oas_initial,2026-05-04,2.78
BAMLH0A0HYM2,alfred_hy_oas_initial,2026-05-05,2.77
BAMLH0A0HYM2,alfred_hy_oas_initial,2026-05-06,2.75
BAMLH0A0HYM2,alfred_hy_oas_initial,2026-05-07,2.79
BAMLH0A0HYM2,alfred_hy_oas_initial,2026-05-08,2.81
BAMLH0A0HYM2,alfred_hy_oas_initial,2026-05-11,2.79
BAMLH0A0HYM2,alfred_hy_oas_initial,2026-05-12,2.82
BAMLH0A0HYM2,alfred_hy_oas_initial,2026-05-13,2.82
BAMLH0A0HYM2,alfred_hy_oas_initial,2026-05-14,2.76
BAMLH0A0HYM2,alfred_hy_oas_initial,2026-05-15,2.8
BAMLH0A0HYM2,alfred_hy_oas_initial,2026-05-18,2.83
BAMLH0A0HYM2,alfred_hy_oas_initial,2026-05-19,2.86
BAMLH0A0HYM2,alfred_hy_oas_initial,2026-05-20,2.8
BAMLH0A0HYM2,alfred_hy_oas_initial,2026-05-21,2.78
BAMLH0A0HYM2,alfred_hy_oas_initial,2026-05-22,2.74
BAMLH0A0HYM2,alfred_hy_oas_initial,2026-05-25,2.74
BAMLH0A0HYM2,alfred_hy_oas_initial,2026-05-26,2.72
BAMLH0A0HYM2,alfred_hy_oas_initial,2026-05-27,2.71
BAMLH0A0HYM2,alfred_hy_oas_initial,2026-05-28,2.72
BAMLH0A0HYM2,alfred_hy_oas_initial,2026-05-29,2.72
BAMLH0A0HYM2,alfred_hy_oas_initial,2026-05-31,2.74
BAMLH0A0HYM2,alfred_hy_oas_initial,2026-06-01,2.72
BAMLH0A0HYM2,alfred_hy_oas_initial,2026-06-02,2.71
BAMLH0A0HYM2,alfred_hy_oas_initial,2026-06-03,2.75
BAMLH0A0HYM2,alfred_hy_oas_initial,2026-06-04,2.74
BAMLH0A0HYM2,alfred_hy_oas_initial,2026-06-05,2.76
BAMLH0A0HYM2,alfred_hy_oas_initial,2026-06-08,2.75
BAMLH0A0HYM2,alfred_hy_oas_initial,2026-06-09,2.78
BAMLH0A0HYM2,alfred_hy_oas_initial,2026-06-10,2.8
BAMLH0A0HYM2,alfred_hy_oas_initial,2026-06-11,2.78
BAMLH0A0HYM2,alfred_hy_oas_initial,2026-06-12,2.71
BAMLH0A0HYM2,alfred_hy_oas_initial,2026-06-15,2.66
BAMLH0A0HYM2,alfred_hy_oas_initial,2026-06-16,2.71
BAMLH0A0HYM2,alfred_hy_oas_initial,2026-06-17,2.63
BAMLH0A0HYM2,alfred_hy_oas_initial,2026-06-18,2.66
BAMLH0A0HYM2,alfred_hy_oas_initial,2026-06-19,2.66
BAMLH0A0HYM2,alfred_hy_oas_initial,2026-06-22,2.65
BAMLH0A0HYM2,alfred_hy_oas_initial,2026-06-23,2.71
BAMLH0A0HYM2,alfred_hy_oas_initial,2026-06-24,2.76
BAMLH0A0HYM2,alfred_hy_oas_initial,2026-06-25,2.78
BAMLH0A0HYM2,alfred_hy_oas_initial,2026-06-26,2.83
BAMLH0A0HYM2,alfred_hy_oas_initial,2026-06-29,2.8
BAMLH0A0HYM2,alfred_hy_oas_initial,2026-06-30,2.75
BAMLH0A0HYM2,alfred_hy_oas_initial,2026-07-01,2.74
BAMLH0A0HYM2,alfred_hy_oas_initial,2026-07-02,2.75
BAMLH0A0HYM2,alfred_hy_oas_initial,2026-07-03,2.74
BAMLH0A0HYM2,alfred_hy_oas_initial,2026-07-06,2.72
BAMLH0A0HYM2,alfred_hy_oas_initial,2026-07-07,2.67
BAMLH0A0HYM2,alfred_hy_oas_initial,2026-07-08,2.7
BAMLH0A0HYM2,alfred_hy_oas_initial,2026-07-09,2.7
BAMLH0A0HYM2,alfred_hy_oas_initial,2026-07-10,2.69
BAMLH0A0HYM2,alfred_hy_oas_initial,2026-07-13,2.69
BAMLH0A0HYM2,alfred_hy_oas_initial,2026-07-14,2.72
BAMLH0A0HYM2,alfred_hy_oas_initial,2026-07-15,2.71
BAMLH0A0HYM2,alfred_hy_oas_initial,2026-07-16,2.71
BAMLH0A0HYM2,alfred_hy_oas_initial,2026-07-17,2.73
BAMLH0A0HYM2,alfred_hy_oas_initial,2026-07-20,2.69
BAMLH0A0HYM2,alfred_hy_oas_initial,2026-07-21,2.69
BAMLH0A0HYM2,alfred_hy_oas_initial,2026-07-22,2.68
BAMLH0A0HYM2,alfred_hy_oas_initial,2026-07-23,2.77
BAMLH0A0HYM2,alfred_hy_oas_initial,2026-07-24,2.79
BAMLH0A0HYM2,alfred_hy_oas_initial,2026-07-27,2.81
BAMLH0A0HYM2,alfred_hy_oas_initial,2026-07-28,2.84
BAMLH0A0HYM2,alfred_hy_oas_initial,2026-07-29,2.87
BAMLH0A0HYM2,alfred_hy_oas_initial,2026-07-30,2.84
BAMLH0A0HYM2,alfred_hy_oas_initial,2026-07-31,2.85
BAMLH0A0HYM2,alfred_hy_oas_initial,2026-08-03,2.78
BAMLH0A0HYM2,alfred_hy_oas_initial,2026-08-04,2.73
BAMLH0A0HYM2,alfred_hy_oas_initial,2026-08-05,2.75
BAMLH0A0HYM2,alfred_hy_oas_initial,2026-08-06,2.71
BAMLH0A0HYM2,alfred_hy_oas_initial,2026-08-07,2.7
BAMLH0A0HYM2,alfred_hy_oas_initial,2026-08-10,2.7
BAMLH0A0HYM2,alfred_hy_oas_initial,2026-08-11,2.72
BAMLH0A0HYM2,alfred_hy_oas_initial,2026-08-12,2.71
BAMLH0A0HYM2,alfred_hy_oas_initial,2026-08-13,2.71
BAMLH0A0HYM2,alfred_hy_oas_initial,2026-08-14,2.67
BAMLH0A0HYM2,alfred_hy_oas_initial,2026-08-17,2.7
BAMLH0A0HYM2,alfred_hy_oas_initial,2026-08-18,2.75
BAMLH0A0HYM2,alfred_hy_oas_initial,2026-08-19,2.73
BAMLH0A0HYM2,alfred_hy_oas_initial,2026-08-20,2.75
BAMLH0A0HYM2,alfred_hy_oas_initial,2026-08-21,2.7
BAMLH0A0HYM2,alfred_hy_oas_initial,2026-08-24,2.69
BAMLH0A0HYM2,alfred_hy_oas_initial,2026-08-25,2.7
BAMLH0A0HYM2,alfred_hy_oas_initial,2026-08-26,2.67
BAMLH0A0HYM2,alfred_hy_oas_initial,2026-08-27,2.63
BAMLH0A0HYM2,alfred_hy_oas_initial,2026-08-28,2.6
BAMLH0A0HYM2,alfred_hy_oas_initial,2026-08-31,2.63
BAMLH0A0HYM2,alfred_hy_oas_initial,2026-09-01,2.65
BAMLH0A0HYM2,alfred_hy_oas_initial,2026-09-02,2.66
BAMLH0A0HYM2,alfred_hy_oas_initial,2026-09-03,2.65
BAMLH0A0HYM2,alfred_hy_oas_initial,2026-09-04,2.68
BAMLH0A0HYM2,alfred_hy_oas_initial,2026-09-07,2.68
BAMLH0A0HYM2,alfred_hy_oas_initial,2026-09-08,2.67
BAMLH0A0HYM2,alfred_hy_oas_initial,2026-09-09,2.71
BAMLH0A0HYM2,alfred_hy_oas_initial,2026-09-10,2.7
BAMLH0A0HYM2,alfred_hy_oas_initial,2026-09-11,2.65
BAMLH0A0HYM2,alfred_hy_oas_initial,2026-09-14,2.71
BAMLH0A0HYM2,alfred_hy_oas_initial,2026-09-15,2.76
CPIAUCSL,alfred_cpi_initial,2017-01-01,243.618
CPIAUCSL,alfred_cpi_initial,2017-02-01,244.006
CPIAUCSL,alfred_cpi_initial,2017-03-01,243.892
CPIAUCSL,alfred_cpi_initial,2017-04-01,244.193
CPIAUCSL,alfred_cpi_initial,2017-05-01,244.004
CPIAUCSL,alfred_cpi_initial,2017-06-01,244.163
CPIAUCSL,alfred_cpi_initial,2017-07-01,244.243
CPIAUCSL,alfred_cpi_initial,2017-08-01,245.183
CPIAUCSL,alfred_cpi_initial,2017-09-01,246.435
CPIAUCSL,alfred_cpi_initial,2017-10-01,246.626
CPIAUCSL,alfred_cpi_initial,2017-11-01,247.284
CPIAUCSL,alfred_cpi_initial,2017-12-01,247.805
CPIAUCSL,alfred_cpi_initial,2018-01-01,248.859
CPIAUCSL,alfred_cpi_initial,2018-02-01,249.529
CPIAUCSL,alfred_cpi_initial,2018-03-01,249.577
CPIAUCSL,alfred_cpi_initial,2018-04-01,250.227
CPIAUCSL,alfred_cpi_initial,2018-05-01,250.792
CPIAUCSL,alfred_cpi_initial,2018-06-01,251.018
CPIAUCSL,alfred_cpi_initial,2018-07-01,251.214
CPIAUCSL,alfred_cpi_initial,2018-08-01,251.663
CPIAUCSL,alfred_cpi_initial,2018-09-01,252.182
CPIAUCSL,alfred_cpi_initial,2018-10-01,252.772
CPIAUCSL,alfred_cpi_initial,2018-11-01,252.594
CPIAUCSL,alfred_cpi_initial,2018-12-01,252.767
CPIAUCSL,alfred_cpi_initial,2019-01-01,252.561
CPIAUCSL,alfred_cpi_initial,2019-02-01,253.319
CPIAUCSL,alfred_cpi_initial,2019-03-01,254.277
CPIAUCSL,alfred_cpi_initial,2019-04-01,255.233
CPIAUCSL,alfred_cpi_initial,2019-05-01,255.296
CPIAUCSL,alfred_cpi_initial,2019-06-01,255.213
CPIAUCSL,alfred_cpi_initial,2019-07-01,255.802
CPIAUCSL,alfred_cpi_initial,2019-08-01,256.036
CPIAUCSL,alfred_cpi_initial,2019-09-01,256.43
CPIAUCSL,alfred_cpi_initial,2019-10-01,257.155
CPIAUCSL,alfred_cpi_initial,2019-11-01,257.879
CPIAUCSL,alfred_cpi_initial,2019-12-01,258.63
CPIAUCSL,alfred_cpi_initial,2020-01-01,259.127
CPIAUCSL,alfred_cpi_initial,2020-02-01,259.25
CPIAUCSL,alfred_cpi_initial,2020-03-01,258.076
CPIAUCSL,alfred_cpi_initial,2020-04-01,256.032
CPIAUCSL,alfred_cpi_initial,2020-05-01,255.802
CPIAUCSL,alfred_cpi_initial,2020-06-01,257.042
CPIAUCSL,alfred_cpi_initial,2020-07-01,258.352
CPIAUCSL,alfred_cpi_initial,2020-08-01,259.316
CPIAUCSL,alfred_cpi_initial,2020-09-01,259.997
CPIAUCSL,alfred_cpi_initial,2020-10-01,260.319
CPIAUCSL,alfred_cpi_initial,2020-11-01,260.911
CPIAUCSL,alfred_cpi_initial,2020-12-01,262.045
CPIAUCSL,alfred_cpi_initial,2021-01-01,262.687
CPIAUCSL,alfred_cpi_initial,2021-02-01,263.579
CPIAUCSL,alfred_cpi_initial,2021-03-01,264.961
CPIAUCSL,alfred_cpi_initial,2021-04-01,266.614
CPIAUCSL,alfred_cpi_initial,2021-05-01,268.383
CPIAUCSL,alfred_cpi_initial,2021-06-01,270.654
CPIAUCSL,alfred_cpi_initial,2021-07-01,271.903
CPIAUCSL,alfred_cpi_initial,2021-08-01,272.676
CPIAUCSL,alfred_cpi_initial,2021-09-01,273.91
CPIAUCSL,alfred_cpi_initial,2021-10-01,276.55
CPIAUCSL,alfred_cpi_initial,2021-11-01,278.919
CPIAUCSL,alfred_cpi_initial,2021-12-01,280.845
CPIAUCSL,alfred_cpi_initial,2022-01-01,282.543
CPIAUCSL,alfred_cpi_initial,2022-02-01,284.5
CPIAUCSL,alfred_cpi_initial,2022-03-01,287.674
CPIAUCSL,alfred_cpi_initial,2022-04-01,288.561
CPIAUCSL,alfred_cpi_initial,2022-05-01,291.298
CPIAUCSL,alfred_cpi_initial,2022-06-01,294.957
CPIAUCSL,alfred_cpi_initial,2022-07-01,294.913
CPIAUCSL,alfred_cpi_initial,2022-08-01,295.097
CPIAUCSL,alfred_cpi_initial,2022-09-01,296.349
CPIAUCSL,alfred_cpi_initial,2022-10-01,298.007
CPIAUCSL,alfred_cpi_initial,2022-11-01,298.786
CPIAUCSL,alfred_cpi_initial,2022-12-01,298.832
CPIAUCSL,alfred_cpi_initial,2023-01-01,300.42
CPIAUCSL,alfred_cpi_initial,2023-02-01,301.45
CPIAUCSL,alfred_cpi_initial,2023-03-01,301.821
CPIAUCSL,alfred_cpi_initial,2023-04-01,302.845
CPIAUCSL,alfred_cpi_initial,2023-05-01,303.334
CPIAUCSL,alfred_cpi_initial,2023-06-01,304.014
CPIAUCSL,alfred_cpi_initial,2023-07-01,304.609
CPIAUCSL,alfred_cpi_initial,2023-08-01,306.082
CPIAUCSL,alfred_cpi_initial,2023-09-01,307.276
CPIAUCSL,alfred_cpi_initial,2023-10-01,307.696
CPIAUCSL,alfred_cpi_initial,2023-11-01,308.148
CPIAUCSL,alfred_cpi_initial,2023-12-01,308.741
CPIAUCSL,alfred_cpi_initial,2024-01-01,309.698
CPIAUCSL,alfred_cpi_initial,2024-02-01,310.967
CPIAUCSL,alfred_cpi_initial,2024-03-01,312.345
CPIAUCSL,alfred_cpi_initial,2024-04-01,313.023
CPIAUCSL,alfred_cpi_initial,2024-05-01,313.175
CPIAUCSL,alfred_cpi_initial,2024-06-01,313.044
CPIAUCSL,alfred_cpi_initial,2024-07-01,313.569
CPIAUCSL,alfred_cpi_initial,2024-08-01,314.062
CPIAUCSL,alfred_cpi_initial,2024-09-01,314.732
CPIAUCSL,alfred_cpi_initial,2024-10-01,315.631
CPIAUCSL,alfred_cpi_initial,2024-11-01,316.528
CPIAUCSL,alfred_cpi_initial,2024-12-01,317.604
CPIAUCSL,alfred_cpi_initial,2025-01-01,318.961
CPIAUCSL,alfred_cpi_initial,2025-02-01,319.679
CPIAUCSL,alfred_cpi_initial,2025-03-01,319.785
CPIAUCSL,alfred_cpi_initial,2025-04-01,320.302
CPIAUCSL,alfred_cpi_initial,2025-05-01,320.62
CPIAUCSL,alfred_cpi_initial,2025-06-01,321.435
CPIAUCSL,alfred_cpi_initial,2025-07-01,322.169
CPIAUCSL,alfred_cpi_initial,2025-08-01,323.291
CPIAUCSL,alfred_cpi_initial,2025-09-01,324.245
CPIAUCSL,alfred_cpi_initial,2025-11-01,325.063
CPIAUCSL,alfred_cpi_initial,2025-12-01,326.031
CPIAUCSL,alfred_cpi_initial,2026-01-01,326.588
CPIAUCSL,alfred_cpi_initial,2026-02-01,327.46
CPIAUCSL,alfred_cpi_initial,2026-03-01,330.293
CPIAUCSL,alfred_cpi_initial,2026-04-01,332.407
CPIAUCSL,alfred_cpi_initial,2026-05-01,333.979
CPIAUCSL,alfred_cpi_initial,2026-06-01,332.568
CPIAUCSL,alfred_cpi_initial,2026-07-01,332.813
CPIAUCSL,alfred_cpi_initial,2026-08-01,334.131
DFF,alfred_fed_funds_initial,2017-01-01,0.55
DFF,alfred_fed_funds_initial,2017-01-02,0.55
DFF,alfred_fed_funds_initial,2017-01-03,0.66
DFF,alfred_fed_funds_initial,2017-01-04,0.66
DFF,alfred_fed_funds_initial,2017-01-05,0.66
DFF,alfred_fed_funds_initial,2017-01-06,0.66
DFF,alfred_fed_funds_initial,2017-01-07,0.66
DFF,alfred_fed_funds_initial,2017-01-08,0.66
DFF,alfred_fed_funds_initial,2017-01-09,0.66
DFF,alfred_fed_funds_initial,2017-01-10,0.66
DFF,alfred_fed_funds_initial,2017-01-11,0.66
DFF,alfred_fed_funds_initial,2017-01-12,0.66
DFF,alfred_fed_funds_initial,2017-01-13,0.66
DFF,alfred_fed_funds_initial,2017-01-14,0.66
DFF,alfred_fed_funds_initial,2017-01-15,0.66
DFF,alfred_fed_funds_initial,2017-01-16,0.66
DFF,alfred_fed_funds_initial,2017-01-17,0.66
DFF,alfred_fed_funds_initial,2017-01-18,0.66
DFF,alfred_fed_funds_initial,2017-01-19,0.66
DFF,alfred_fed_funds_initial,2017-01-20,0.66
DFF,alfred_fed_funds_initial,2017-01-21,0.66
DFF,alfred_fed_funds_initial,2017-01-22,0.66
DFF,alfred_fed_funds_initial,2017-01-23,0.66
DFF,alfred_fed_funds_initial,2017-01-24,0.66
DFF,alfred_fed_funds_initial,2017-01-25,0.66
DFF,alfred_fed_funds_initial,2017-01-26,0.66
DFF,alfred_fed_funds_initial,2017-01-27,0.66
DFF,alfred_fed_funds_initial,2017-01-28,0.66
DFF,alfred_fed_funds_initial,2017-01-29,0.66
DFF,alfred_fed_funds_initial,2017-01-30,0.66
DFF,alfred_fed_funds_initial,2017-01-31,0.56
DFF,alfred_fed_funds_initial,2017-02-01,0.66
DFF,alfred_fed_funds_initial,2017-02-02,0.66
DFF,alfred_fed_funds_initial,2017-02-03,0.66
DFF,alfred_fed_funds_initial,2017-02-04,0.66
DFF,alfred_fed_funds_initial,2017-02-05,0.66
DFF,alfred_fed_funds_initial,2017-02-06,0.66
DFF,alfred_fed_funds_initial,2017-02-07,0.66
DFF,alfred_fed_funds_initial,2017-02-08,0.66
DFF,alfred_fed_funds_initial,2017-02-09,0.66
DFF,alfred_fed_funds_initial,2017-02-10,0.66
DFF,alfred_fed_funds_initial,2017-02-11,0.66
DFF,alfred_fed_funds_initial,2017-02-12,0.66
DFF,alfred_fed_funds_initial,2017-02-13,0.66
DFF,alfred_fed_funds_initial,2017-02-14,0.66
DFF,alfred_fed_funds_initial,2017-02-15,0.66
DFF,alfred_fed_funds_initial,2017-02-16,0.66
DFF,alfred_fed_funds_initial,2017-02-17,0.66
DFF,alfred_fed_funds_initial,2017-02-18,0.66
DFF,alfred_fed_funds_initial,2017-02-19,0.66
DFF,alfred_fed_funds_initial,2017-02-20,0.66
DFF,alfred_fed_funds_initial,2017-02-21,0.66
DFF,alfred_fed_funds_initial,2017-02-22,0.66
DFF,alfred_fed_funds_initial,2017-02-23,0.66
DFF,alfred_fed_funds_initial,2017-02-24,0.66
DFF,alfred_fed_funds_initial,2017-02-25,0.66
DFF,alfred_fed_funds_initial,2017-02-26,0.66
DFF,alfred_fed_funds_initial,2017-02-27,0.66
DFF,alfred_fed_funds_initial,2017-02-28,0.57
DFF,alfred_fed_funds_initial,2017-03-01,0.66
DFF,alfred_fed_funds_initial,2017-03-02,0.66
DFF,alfred_fed_funds_initial,2017-03-03,0.66
DFF,alfred_fed_funds_initial,2017-03-04,0.66
DFF,alfred_fed_funds_initial,2017-03-05,0.66
DFF,alfred_fed_funds_initial,2017-03-06,0.66
DFF,alfred_fed_funds_initial,2017-03-07,0.66
DFF,alfred_fed_funds_initial,2017-03-08,0.66
DFF,alfred_fed_funds_initial,2017-03-09,0.66
DFF,alfred_fed_funds_initial,2017-03-10,0.66
DFF,alfred_fed_funds_initial,2017-03-11,0.66
DFF,alfred_fed_funds_initial,2017-03-12,0.66
DFF,alfred_fed_funds_initial,2017-03-13,0.66
DFF,alfred_fed_funds_initial,2017-03-14,0.66
DFF,alfred_fed_funds_initial,2017-03-15,0.66
DFF,alfred_fed_funds_initial,2017-03-16,0.91
DFF,alfred_fed_funds_initial,2017-03-17,0.91
DFF,alfred_fed_funds_initial,2017-03-18,0.91
DFF,alfred_fed_funds_initial,2017-03-19,0.91
DFF,alfred_fed_funds_initial,2017-03-20,0.91
DFF,alfred_fed_funds_initial,2017-03-21,0.91
DFF,alfred_fed_funds_initial,2017-03-22,0.91
DFF,alfred_fed_funds_initial,2017-03-23,0.91
DFF,alfred_fed_funds_initial,2017-03-24,0.91
DFF,alfred_fed_funds_initial,2017-03-25,0.91
DFF,alfred_fed_funds_initial,2017-03-26,0.91
DFF,alfred_fed_funds_initial,2017-03-27,0.91
DFF,alfred_fed_funds_initial,2017-03-28,0.91
DFF,alfred_fed_funds_initial,2017-03-29,0.91
DFF,alfred_fed_funds_initial,2017-03-30,0.91
DFF,alfred_fed_funds_initial,2017-03-31,0.82
DFF,alfred_fed_funds_initial,2017-04-01,0.82
DFF,alfred_fed_funds_initial,2017-04-02,0.82
DFF,alfred_fed_funds_initial,2017-04-03,0.91
DFF,alfred_fed_funds_initial,2017-04-04,0.91
DFF,alfred_fed_funds_initial,2017-04-05,0.91
DFF,alfred_fed_funds_initial,2017-04-06,0.91
DFF,alfred_fed_funds_initial,2017-04-07,0.91
DFF,alfred_fed_funds_initial,2017-04-08,0.91
DFF,alfred_fed_funds_initial,2017-04-09,0.91
DFF,alfred_fed_funds_initial,2017-04-10,0.91
DFF,alfred_fed_funds_initial,2017-04-11,0.91
DFF,alfred_fed_funds_initial,2017-04-12,0.91
DFF,alfred_fed_funds_initial,2017-04-13,0.91
DFF,alfred_fed_funds_initial,2017-04-14,0.91
DFF,alfred_fed_funds_initial,2017-04-15,0.91
DFF,alfred_fed_funds_initial,2017-04-16,0.91
DFF,alfred_fed_funds_initial,2017-04-17,0.91
DFF,alfred_fed_funds_initial,2017-04-18,0.91
DFF,alfred_fed_funds_initial,2017-04-19,0.91
DFF,alfred_fed_funds_initial,2017-04-20,0.91
DFF,alfred_fed_funds_initial,2017-04-21,0.91
DFF,alfred_fed_funds_initial,2017-04-22,0.91
DFF,alfred_fed_funds_initial,2017-04-23,0.91
DFF,alfred_fed_funds_initial,2017-04-24,0.91
DFF,alfred_fed_funds_initial,2017-04-25,0.91
DFF,alfred_fed_funds_initial,2017-04-26,0.91
DFF,alfred_fed_funds_initial,2017-04-27,0.91
DFF,alfred_fed_funds_initial,2017-04-28,0.83
DFF,alfred_fed_funds_initial,2017-04-29,0.83
DFF,alfred_fed_funds_initial,2017-04-30,0.83
DFF,alfred_fed_funds_initial,2017-05-01,0.91
DFF,alfred_fed_funds_initial,2017-05-02,0.91
DFF,alfred_fed_funds_initial,2017-05-03,0.91
DFF,alfred_fed_funds_initial,2017-05-04,0.91
DFF,alfred_fed_funds_initial,2017-05-05,0.91
DFF,alfred_fed_funds_initial,2017-05-06,0.91
DFF,alfred_fed_funds_initial,2017-05-07,0.91
DFF,alfred_fed_funds_initial,2017-05-08,0.91
DFF,alfred_fed_funds_initial,2017-05-09,0.91
DFF,alfred_fed_funds_initial,2017-05-10,0.91
DFF,alfred_fed_funds_initial,2017-05-11,0.91
DFF,alfred_fed_funds_initial,2017-05-12,0.91
DFF,alfred_fed_funds_initial,2017-05-13,0.91
DFF,alfred_fed_funds_initial,2017-05-14,0.91
DFF,alfred_fed_funds_initial,2017-05-15,0.91
DFF,alfred_fed_funds_initial,2017-05-16,0.91
DFF,alfred_fed_funds_initial,2017-05-17,0.91
DFF,alfred_fed_funds_initial,2017-05-18,0.91
DFF,alfred_fed_funds_initial,2017-05-19,0.91
DFF,alfred_fed_funds_initial,2017-05-20,0.91
DFF,alfred_fed_funds_initial,2017-05-21,0.91
DFF,alfred_fed_funds_initial,2017-05-22,0.91
DFF,alfred_fed_funds_initial,2017-05-23,0.91
DFF,alfred_fed_funds_initial,2017-05-24,0.91
DFF,alfred_fed_funds_initial,2017-05-25,0.91
DFF,alfred_fed_funds_initial,2017-05-26,0.91
DFF,alfred_fed_funds_initial,2017-05-27,0.91
DFF,alfred_fed_funds_initial,2017-05-28,0.91
DFF,alfred_fed_funds_initial,2017-05-29,0.91
DFF,alfred_fed_funds_initial,2017-05-30,0.91
DFF,alfred_fed_funds_initial,2017-05-31,0.83
DFF,alfred_fed_funds_initial,2017-06-01,0.91
DFF,alfred_fed_funds_initial,2017-06-02,0.91
DFF,alfred_fed_funds_initial,2017-06-03,0.91
DFF,alfred_fed_funds_initial,2017-06-04,0.91
DFF,alfred_fed_funds_initial,2017-06-05,0.91
DFF,alfred_fed_funds_initial,2017-06-06,0.91
DFF,alfred_fed_funds_initial,2017-06-07,0.91
DFF,alfred_fed_funds_initial,2017-06-08,0.91
DFF,alfred_fed_funds_initial,2017-06-09,0.91
DFF,alfred_fed_funds_initial,2017-06-10,0.91
DFF,alfred_fed_funds_initial,2017-06-11,0.91
DFF,alfred_fed_funds_initial,2017-06-12,0.91
DFF,alfred_fed_funds_initial,2017-06-13,0.91
DFF,alfred_fed_funds_initial,2017-06-14,0.91
DFF,alfred_fed_funds_initial,2017-06-15,1.16
DFF,alfred_fed_funds_initial,2017-06-16,1.16
DFF,alfred_fed_funds_initial,2017-06-17,1.16
DFF,alfred_fed_funds_initial,2017-06-18,1.16
DFF,alfred_fed_funds_initial,2017-06-19,1.16
DFF,alfred_fed_funds_initial,2017-06-20,1.16
DFF,alfred_fed_funds_initial,2017-06-21,1.16
DFF,alfred_fed_funds_initial,2017-06-22,1.16
DFF,alfred_fed_funds_initial,2017-06-23,1.16
DFF,alfred_fed_funds_initial,2017-06-24,1.16
DFF,alfred_fed_funds_initial,2017-06-25,1.16
DFF,alfred_fed_funds_initial,2017-06-26,1.16
DFF,alfred_fed_funds_initial,2017-06-27,1.16
DFF,alfred_fed_funds_initial,2017-06-28,1.16
DFF,alfred_fed_funds_initial,2017-06-29,1.16
DFF,alfred_fed_funds_initial,2017-06-30,1.06
DFF,alfred_fed_funds_initial,2017-07-01,1.06
DFF,alfred_fed_funds_initial,2017-07-02,1.06
DFF,alfred_fed_funds_initial,2017-07-03,1.16
DFF,alfred_fed_funds_initial,2017-07-04,1.16
DFF,alfred_fed_funds_initial,2017-07-05,1.16
DFF,alfred_fed_funds_initial,2017-07-06,1.16
DFF,alfred_fed_funds_initial,2017-07-07,1.16
DFF,alfred_fed_funds_initial,2017-07-08,1.16
DFF,alfred_fed_funds_initial,2017-07-09,1.16
DFF,alfred_fed_funds_initial,2017-07-10,1.16
DFF,alfred_fed_funds_initial,2017-07-11,1.16
DFF,alfred_fed_funds_initial,2017-07-12,1.16
DFF,alfred_fed_funds_initial,2017-07-13,1.16
DFF,alfred_fed_funds_initial,2017-07-14,1.16
DFF,alfred_fed_funds_initial,2017-07-15,1.16
DFF,alfred_fed_funds_initial,2017-07-16,1.16
DFF,alfred_fed_funds_initial,2017-07-17,1.16
DFF,alfred_fed_funds_initial,2017-07-18,1.16
DFF,alfred_fed_funds_initial,2017-07-19,1.16
DFF,alfred_fed_funds_initial,2017-07-20,1.16
DFF,alfred_fed_funds_initial,2017-07-21,1.16
DFF,alfred_fed_funds_initial,2017-07-22,1.16
DFF,alfred_fed_funds_initial,2017-07-23,1.16
DFF,alfred_fed_funds_initial,2017-07-24,1.16
DFF,alfred_fed_funds_initial,2017-07-25,1.16
DFF,alfred_fed_funds_initial,2017-07-26,1.16
DFF,alfred_fed_funds_initial,2017-07-27,1.16
DFF,alfred_fed_funds_initial,2017-07-28,1.16
DFF,alfred_fed_funds_initial,2017-07-29,1.16
DFF,alfred_fed_funds_initial,2017-07-30,1.16
DFF,alfred_fed_funds_initial,2017-07-31,1.07
DFF,alfred_fed_funds_initial,2017-08-01,1.16
DFF,alfred_fed_funds_initial,2017-08-02,1.16
DFF,alfred_fed_funds_initial,2017-08-03,1.16
DFF,alfred_fed_funds_initial,2017-08-04,1.16
DFF,alfred_fed_funds_initial,2017-08-05,1.16
DFF,alfred_fed_funds_initial,2017-08-06,1.16
DFF,alfred_fed_funds_initial,2017-08-07,1.16
DFF,alfred_fed_funds_initial,2017-08-08,1.16
DFF,alfred_fed_funds_initial,2017-08-09,1.16
DFF,alfred_fed_funds_initial,2017-08-10,1.16
DFF,alfred_fed_funds_initial,2017-08-11,1.16
DFF,alfred_fed_funds_initial,2017-08-12,1.16
DFF,alfred_fed_funds_initial,2017-08-13,1.16
DFF,alfred_fed_funds_initial,2017-08-14,1.16
DFF,alfred_fed_funds_initial,2017-08-15,1.16
DFF,alfred_fed_funds_initial,2017-08-16,1.16
DFF,alfred_fed_funds_initial,2017-08-17,1.16
DFF,alfred_fed_funds_initial,2017-08-18,1.16
DFF,alfred_fed_funds_initial,2017-08-19,1.16
DFF,alfred_fed_funds_initial,2017-08-20,1.16
DFF,alfred_fed_funds_initial,2017-08-21,1.16
DFF,alfred_fed_funds_initial,2017-08-22,1.16
DFF,alfred_fed_funds_initial,2017-08-23,1.16
DFF,alfred_fed_funds_initial,2017-08-24,1.16
DFF,alfred_fed_funds_initial,2017-08-25,1.16
DFF,alfred_fed_funds_initial,2017-08-26,1.16
DFF,alfred_fed_funds_initial,2017-08-27,1.16
DFF,alfred_fed_funds_initial,2017-08-28,1.16
DFF,alfred_fed_funds_initial,2017-08-29,1.16
DFF,alfred_fed_funds_initial,2017-08-30,1.16
DFF,alfred_fed_funds_initial,2017-08-31,1.07
DFF,alfred_fed_funds_initial,2017-09-01,1.16
DFF,alfred_fed_funds_initial,2017-09-02,1.16
DFF,alfred_fed_funds_initial,2017-09-03,1.16
DFF,alfred_fed_funds_initial,2017-09-04,1.16
DFF,alfred_fed_funds_initial,2017-09-05,1.16
DFF,alfred_fed_funds_initial,2017-09-06,1.16
DFF,alfred_fed_funds_initial,2017-09-07,1.16
DFF,alfred_fed_funds_initial,2017-09-08,1.16
DFF,alfred_fed_funds_initial,2017-09-09,1.16
DFF,alfred_fed_funds_initial,2017-09-10,1.16
DFF,alfred_fed_funds_initial,2017-09-11,1.16
DFF,alfred_fed_funds_initial,2017-09-12,1.16
DFF,alfred_fed_funds_initial,2017-09-13,1.16
DFF,alfred_fed_funds_initial,2017-09-14,1.16
DFF,alfred_fed_funds_initial,2017-09-15,1.16
DFF,alfred_fed_funds_initial,2017-09-16,1.16
DFF,alfred_fed_funds_initial,2017-09-17,1.16
DFF,alfred_fed_funds_initial,2017-09-18,1.16
DFF,alfred_fed_funds_initial,2017-09-19,1.16
DFF,alfred_fed_funds_initial,2017-09-20,1.16
DFF,alfred_fed_funds_initial,2017-09-21,1.16
DFF,alfred_fed_funds_initial,2017-09-22,1.16
DFF,alfred_fed_funds_initial,2017-09-23,1.16
DFF,alfred_fed_funds_initial,2017-09-24,1.16
DFF,alfred_fed_funds_initial,2017-09-25,1.16
DFF,alfred_fed_funds_initial,2017-09-26,1.16
DFF,alfred_fed_funds_initial,2017-09-27,1.16
DFF,alfred_fed_funds_initial,2017-09-28,1.16
DFF,alfred_fed_funds_initial,2017-09-29,1.06
DFF,alfred_fed_funds_initial,2017-09-30,1.06
DFF,alfred_fed_funds_initial,2017-10-01,1.06
DFF,alfred_fed_funds_initial,2017-10-02,1.16
DFF,alfred_fed_funds_initial,2017-10-03,1.16
DFF,alfred_fed_funds_initial,2017-10-04,1.16
DFF,alfred_fed_funds_initial,2017-10-05,1.16
DFF,alfred_fed_funds_initial,2017-10-06,1.16
DFF,alfred_fed_funds_initial,2017-10-07,1.16
DFF,alfred_fed_funds_initial,2017-10-08,1.16
DFF,alfred_fed_funds_initial,2017-10-09,1.16
DFF,alfred_fed_funds_initial,2017-10-10,1.16
DFF,alfred_fed_funds_initial,2017-10-11,1.16
DFF,alfred_fed_funds_initial,2017-10-12,1.16
DFF,alfred_fed_funds_initial,2017-10-13,1.16
DFF,alfred_fed_funds_initial,2017-10-14,1.16
DFF,alfred_fed_funds_initial,2017-10-15,1.16
DFF,alfred_fed_funds_initial,2017-10-16,1.16
DFF,alfred_fed_funds_initial,2017-10-17,1.16
DFF,alfred_fed_funds_initial,2017-10-18,1.16
DFF,alfred_fed_funds_initial,2017-10-19,1.16
DFF,alfred_fed_funds_initial,2017-10-20,1.16
DFF,alfred_fed_funds_initial,2017-10-21,1.16
DFF,alfred_fed_funds_initial,2017-10-22,1.16
DFF,alfred_fed_funds_initial,2017-10-23,1.16
DFF,alfred_fed_funds_initial,2017-10-24,1.16
DFF,alfred_fed_funds_initial,2017-10-25,1.16
DFF,alfred_fed_funds_initial,2017-10-26,1.16
DFF,alfred_fed_funds_initial,2017-10-27,1.16
DFF,alfred_fed_funds_initial,2017-10-28,1.16
DFF,alfred_fed_funds_initial,2017-10-29,1.16
DFF,alfred_fed_funds_initial,2017-10-30,1.16
DFF,alfred_fed_funds_initial,2017-10-31,1.07
DFF,alfred_fed_funds_initial,2017-11-01,1.16
DFF,alfred_fed_funds_initial,2017-11-02,1.16
DFF,alfred_fed_funds_initial,2017-11-03,1.16
DFF,alfred_fed_funds_initial,2017-11-04,1.16
DFF,alfred_fed_funds_initial,2017-11-05,1.16
DFF,alfred_fed_funds_initial,2017-11-06,1.16
DFF,alfred_fed_funds_initial,2017-11-07,1.16
DFF,alfred_fed_funds_initial,2017-11-08,1.16
DFF,alfred_fed_funds_initial,2017-11-09,1.16
DFF,alfred_fed_funds_initial,2017-11-10,1.16
DFF,alfred_fed_funds_initial,2017-11-11,1.16
DFF,alfred_fed_funds_initial,2017-11-12,1.16
DFF,alfred_fed_funds_initial,2017-11-13,1.16
DFF,alfred_fed_funds_initial,2017-11-14,1.16
DFF,alfred_fed_funds_initial,2017-11-15,1.16
DFF,alfred_fed_funds_initial,2017-11-16,1.16
DFF,alfred_fed_funds_initial,2017-11-17,1.16
DFF,alfred_fed_funds_initial,2017-11-18,1.16
DFF,alfred_fed_funds_initial,2017-11-19,1.16
DFF,alfred_fed_funds_initial,2017-11-20,1.16
DFF,alfred_fed_funds_initial,2017-11-21,1.16
DFF,alfred_fed_funds_initial,2017-11-22,1.16
DFF,alfred_fed_funds_initial,2017-11-23,1.16
DFF,alfred_fed_funds_initial,2017-11-24,1.16
DFF,alfred_fed_funds_initial,2017-11-25,1.16
DFF,alfred_fed_funds_initial,2017-11-26,1.16
DFF,alfred_fed_funds_initial,2017-11-27,1.16
DFF,alfred_fed_funds_initial,2017-11-28,1.16
DFF,alfred_fed_funds_initial,2017-11-29,1.16
DFF,alfred_fed_funds_initial,2017-11-30,1.07
DFF,alfred_fed_funds_initial,2017-12-01,1.16
DFF,alfred_fed_funds_initial,2017-12-02,1.16
DFF,alfred_fed_funds_initial,2017-12-03,1.16
DFF,alfred_fed_funds_initial,2017-12-04,1.16
DFF,alfred_fed_funds_initial,2017-12-05,1.16
DFF,alfred_fed_funds_initial,2017-12-06,1.16
DFF,alfred_fed_funds_initial,2017-12-07,1.16
DFF,alfred_fed_funds_initial,2017-12-08,1.16
DFF,alfred_fed_funds_initial,2017-12-09,1.16
DFF,alfred_fed_funds_initial,2017-12-10,1.16
DFF,alfred_fed_funds_initial,2017-12-11,1.16
DFF,alfred_fed_funds_initial,2017-12-12,1.17
DFF,alfred_fed_funds_initial,2017-12-13,1.17
DFF,alfred_fed_funds_initial,2017-12-14,1.41
DFF,alfred_fed_funds_initial,2017-12-15,1.41
DFF,alfred_fed_funds_initial,2017-12-16,1.41
DFF,alfred_fed_funds_initial,2017-12-17,1.41
DFF,alfred_fed_funds_initial,2017-12-18,1.42
DFF,alfred_fed_funds_initial,2017-12-19,1.42
DFF,alfred_fed_funds_initial,2017-12-20,1.42
DFF,alfred_fed_funds_initial,2017-12-21,1.42
DFF,alfred_fed_funds_initial,2017-12-22,1.42
DFF,alfred_fed_funds_initial,2017-12-23,1.42
DFF,alfred_fed_funds_initial,2017-12-24,1.42
DFF,alfred_fed_funds_initial,2017-12-25,1.42
DFF,alfred_fed_funds_initial,2017-12-26,1.42
DFF,alfred_fed_funds_initial,2017-12-27,1.42
DFF,alfred_fed_funds_initial,2017-12-28,1.42
DFF,alfred_fed_funds_initial,2017-12-29,1.33
DFF,alfred_fed_funds_initial,2017-12-30,1.33
DFF,alfred_fed_funds_initial,2017-12-31,1.33
DFF,alfred_fed_funds_initial,2018-01-01,1.33
DFF,alfred_fed_funds_initial,2018-01-02,1.42
DFF,alfred_fed_funds_initial,2018-01-03,1.42
DFF,alfred_fed_funds_initial,2018-01-04,1.42
DFF,alfred_fed_funds_initial,2018-01-05,1.42
DFF,alfred_fed_funds_initial,2018-01-06,1.42
DFF,alfred_fed_funds_initial,2018-01-07,1.42
DFF,alfred_fed_funds_initial,2018-01-08,1.42
DFF,alfred_fed_funds_initial,2018-01-09,1.42
DFF,alfred_fed_funds_initial,2018-01-10,1.42
DFF,alfred_fed_funds_initial,2018-01-11,1.42
DFF,alfred_fed_funds_initial,2018-01-12,1.42
DFF,alfred_fed_funds_initial,2018-01-13,1.42
DFF,alfred_fed_funds_initial,2018-01-14,1.42
DFF,alfred_fed_funds_initial,2018-01-15,1.42
DFF,alfred_fed_funds_initial,2018-01-16,1.42
DFF,alfred_fed_funds_initial,2018-01-17,1.42
DFF,alfred_fed_funds_initial,2018-01-18,1.42
DFF,alfred_fed_funds_initial,2018-01-19,1.42
DFF,alfred_fed_funds_initial,2018-01-20,1.42
DFF,alfred_fed_funds_initial,2018-01-21,1.42
DFF,alfred_fed_funds_initial,2018-01-22,1.42
DFF,alfred_fed_funds_initial,2018-01-23,1.42
DFF,alfred_fed_funds_initial,2018-01-24,1.42
DFF,alfred_fed_funds_initial,2018-01-25,1.42
DFF,alfred_fed_funds_initial,2018-01-26,1.42
DFF,alfred_fed_funds_initial,2018-01-27,1.42
DFF,alfred_fed_funds_initial,2018-01-28,1.42
DFF,alfred_fed_funds_initial,2018-01-29,1.42
DFF,alfred_fed_funds_initial,2018-01-30,1.42
DFF,alfred_fed_funds_initial,2018-01-31,1.34
DFF,alfred_fed_funds_initial,2018-02-01,1.42
DFF,alfred_fed_funds_initial,2018-02-02,1.42
DFF,alfred_fed_funds_initial,2018-02-03,1.42
DFF,alfred_fed_funds_initial,2018-02-04,1.42
DFF,alfred_fed_funds_initial,2018-02-05,1.42
DFF,alfred_fed_funds_initial,2018-02-06,1.42
DFF,alfred_fed_funds_initial,2018-02-07,1.42
DFF,alfred_fed_funds_initial,2018-02-08,1.42
DFF,alfred_fed_funds_initial,2018-02-09,1.42
DFF,alfred_fed_funds_initial,2018-02-10,1.42
DFF,alfred_fed_funds_initial,2018-02-11,1.42
DFF,alfred_fed_funds_initial,2018-02-12,1.42
DFF,alfred_fed_funds_initial,2018-02-13,1.42
DFF,alfred_fed_funds_initial,2018-02-14,1.42
DFF,alfred_fed_funds_initial,2018-02-15,1.42
DFF,alfred_fed_funds_initial,2018-02-16,1.42
DFF,alfred_fed_funds_initial,2018-02-17,1.42
DFF,alfred_fed_funds_initial,2018-02-18,1.42
DFF,alfred_fed_funds_initial,2018-02-19,1.42
DFF,alfred_fed_funds_initial,2018-02-20,1.42
DFF,alfred_fed_funds_initial,2018-02-21,1.42
DFF,alfred_fed_funds_initial,2018-02-22,1.42
DFF,alfred_fed_funds_initial,2018-02-23,1.42
DFF,alfred_fed_funds_initial,2018-02-24,1.42
DFF,alfred_fed_funds_initial,2018-02-25,1.42
DFF,alfred_fed_funds_initial,2018-02-26,1.42
DFF,alfred_fed_funds_initial,2018-02-27,1.42
DFF,alfred_fed_funds_initial,2018-02-28,1.35
DFF,alfred_fed_funds_initial,2018-03-01,1.42
DFF,alfred_fed_funds_initial,2018-03-02,1.42
DFF,alfred_fed_funds_initial,2018-03-03,1.42
DFF,alfred_fed_funds_initial,2018-03-04,1.42
DFF,alfred_fed_funds_initial,2018-03-05,1.42
DFF,alfred_fed_funds_initial,2018-03-06,1.42
DFF,alfred_fed_funds_initial,2018-03-07,1.42
DFF,alfred_fed_funds_initial,2018-03-08,1.42
DFF,alfred_fed_funds_initial,2018-03-09,1.42
DFF,alfred_fed_funds_initial,2018-03-10,1.42
DFF,alfred_fed_funds_initial,2018-03-11,1.42
DFF,alfred_fed_funds_initial,2018-03-12,1.42
DFF,alfred_fed_funds_initial,2018-03-13,1.42
DFF,alfred_fed_funds_initial,2018-03-14,1.42
DFF,alfred_fed_funds_initial,2018-03-15,1.43
DFF,alfred_fed_funds_initial,2018-03-16,1.43
DFF,alfred_fed_funds_initial,2018-03-17,1.43
DFF,alfred_fed_funds_initial,2018-03-18,1.43
DFF,alfred_fed_funds_initial,2018-03-19,1.43
DFF,alfred_fed_funds_initial,2018-03-20,1.44
DFF,alfred_fed_funds_initial,2018-03-21,1.44
DFF,alfred_fed_funds_initial,2018-03-22,1.68
DFF,alfred_fed_funds_initial,2018-03-23,1.68
DFF,alfred_fed_funds_initial,2018-03-24,1.68
DFF,alfred_fed_funds_initial,2018-03-25,1.68
DFF,alfred_fed_funds_initial,2018-03-26,1.68
DFF,alfred_fed_funds_initial,2018-03-27,1.68
DFF,alfred_fed_funds_initial,2018-03-28,1.68
DFF,alfred_fed_funds_initial,2018-03-29,1.68
DFF,alfred_fed_funds_initial,2018-03-30,1.67
DFF,alfred_fed_funds_initial,2018-03-31,1.67
DFF,alfred_fed_funds_initial,2018-04-01,1.67
DFF,alfred_fed_funds_initial,2018-04-02,1.68
DFF,alfred_fed_funds_initial,2018-04-03,1.69
DFF,alfred_fed_funds_initial,2018-04-04,1.69
DFF,alfred_fed_funds_initial,2018-04-05,1.69
DFF,alfred_fed_funds_initial,2018-04-06,1.69
DFF,alfred_fed_funds_initial,2018-04-07,1.69
DFF,alfred_fed_funds_initial,2018-04-08,1.69
DFF,alfred_fed_funds_initial,2018-04-09,1.69
DFF,alfred_fed_funds_initial,2018-04-10,1.69
DFF,alfred_fed_funds_initial,2018-04-11,1.69
DFF,alfred_fed_funds_initial,2018-04-12,1.69
DFF,alfred_fed_funds_initial,2018-04-13,1.69
DFF,alfred_fed_funds_initial,2018-04-14,1.69
DFF,alfred_fed_funds_initial,2018-04-15,1.69
DFF,alfred_fed_funds_initial,2018-04-16,1.69
DFF,alfred_fed_funds_initial,2018-04-17,1.69
DFF,alfred_fed_funds_initial,2018-04-18,1.69
DFF,alfred_fed_funds_initial,2018-04-19,1.69
DFF,alfred_fed_funds_initial,2018-04-20,1.7
DFF,alfred_fed_funds_initial,2018-04-21,1.7
DFF,alfred_fed_funds_initial,2018-04-22,1.7
DFF,alfred_fed_funds_initial,2018-04-23,1.7
DFF,alfred_fed_funds_initial,2018-04-24,1.7
DFF,alfred_fed_funds_initial,2018-04-25,1.7
DFF,alfred_fed_funds_initial,2018-04-26,1.7
DFF,alfred_fed_funds_initial,2018-04-27,1.7
DFF,alfred_fed_funds_initial,2018-04-28,1.7
DFF,alfred_fed_funds_initial,2018-04-29,1.7
DFF,alfred_fed_funds_initial,2018-04-30,1.69
DFF,alfred_fed_funds_initial,2018-05-01,1.7
DFF,alfred_fed_funds_initial,2018-05-02,1.7
DFF,alfred_fed_funds_initial,2018-05-03,1.7
DFF,alfred_fed_funds_initial,2018-05-04,1.7
DFF,alfred_fed_funds_initial,2018-05-05,1.7
DFF,alfred_fed_funds_initial,2018-05-06,1.7
DFF,alfred_fed_funds_initial,2018-05-07,1.7
DFF,alfred_fed_funds_initial,2018-05-08,1.7
DFF,alfred_fed_funds_initial,2018-05-09,1.7
DFF,alfred_fed_funds_initial,2018-05-10,1.7
DFF,alfred_fed_funds_initial,2018-05-11,1.7
DFF,alfred_fed_funds_initial,2018-05-12,1.7
DFF,alfred_fed_funds_initial,2018-05-13,1.7
DFF,alfred_fed_funds_initial,2018-05-14,1.7
DFF,alfred_fed_funds_initial,2018-05-15,1.7
DFF,alfred_fed_funds_initial,2018-05-16,1.7
DFF,alfred_fed_funds_initial,2018-05-17,1.7
DFF,alfred_fed_funds_initial,2018-05-18,1.7
DFF,alfred_fed_funds_initial,2018-05-19,1.7
DFF,alfred_fed_funds_initial,2018-05-20,1.7
DFF,alfred_fed_funds_initial,2018-05-21,1.7
DFF,alfred_fed_funds_initial,2018-05-22,1.7
DFF,alfred_fed_funds_initial,2018-05-23,1.7
DFF,alfred_fed_funds_initial,2018-05-24,1.7
DFF,alfred_fed_funds_initial,2018-05-25,1.7
DFF,alfred_fed_funds_initial,2018-05-26,1.7
DFF,alfred_fed_funds_initial,2018-05-27,1.7
DFF,alfred_fed_funds_initial,2018-05-28,1.7
DFF,alfred_fed_funds_initial,2018-05-29,1.7
DFF,alfred_fed_funds_initial,2018-05-30,1.7
DFF,alfred_fed_funds_initial,2018-05-31,1.7
DFF,alfred_fed_funds_initial,2018-06-01,1.7
DFF,alfred_fed_funds_initial,2018-06-02,1.7
DFF,alfred_fed_funds_initial,2018-06-03,1.7
DFF,alfred_fed_funds_initial,2018-06-04,1.7
DFF,alfred_fed_funds_initial,2018-06-05,1.7
DFF,alfred_fed_funds_initial,2018-06-06,1.7
DFF,alfred_fed_funds_initial,2018-06-07,1.7
DFF,alfred_fed_funds_initial,2018-06-08,1.7
DFF,alfred_fed_funds_initial,2018-06-09,1.7
DFF,alfred_fed_funds_initial,2018-06-10,1.7
DFF,alfred_fed_funds_initial,2018-06-11,1.7
DFF,alfred_fed_funds_initial,2018-06-12,1.7
DFF,alfred_fed_funds_initial,2018-06-13,1.7
DFF,alfred_fed_funds_initial,2018-06-14,1.9
DFF,alfred_fed_funds_initial,2018-06-15,1.9
DFF,alfred_fed_funds_initial,2018-06-16,1.9
DFF,alfred_fed_funds_initial,2018-06-17,1.9
DFF,alfred_fed_funds_initial,2018-06-18,1.9
DFF,alfred_fed_funds_initial,2018-06-19,1.91
DFF,alfred_fed_funds_initial,2018-06-20,1.92
DFF,alfred_fed_funds_initial,2018-06-21,1.92
DFF,alfred_fed_funds_initial,2018-06-22,1.92
DFF,alfred_fed_funds_initial,2018-06-23,1.92
DFF,alfred_fed_funds_initial,2018-06-24,1.92
DFF,alfred_fed_funds_initial,2018-06-25,1.92
DFF,alfred_fed_funds_initial,2018-06-26,1.92
DFF,alfred_fed_funds_initial,2018-06-27,1.91
DFF,alfred_fed_funds_initial,2018-06-28,1.91
DFF,alfred_fed_funds_initial,2018-06-29,1.91
DFF,alfred_fed_funds_initial,2018-06-30,1.91
DFF,alfred_fed_funds_initial,2018-07-01,1.91
DFF,alfred_fed_funds_initial,2018-07-02,1.91
DFF,alfred_fed_funds_initial,2018-07-03,1.91
DFF,alfred_fed_funds_initial,2018-07-04,1.91
DFF,alfred_fed_funds_initial,2018-07-05,1.91
DFF,alfred_fed_funds_initial,2018-07-06,1.91
DFF,alfred_fed_funds_initial,2018-07-07,1.91
DFF,alfred_fed_funds_initial,2018-07-08,1.91
DFF,alfred_fed_funds_initial,2018-07-09,1.91
DFF,alfred_fed_funds_initial,2018-07-10,1.91
DFF,alfred_fed_funds_initial,2018-07-11,1.91
DFF,alfred_fed_funds_initial,2018-07-12,1.91
DFF,alfred_fed_funds_initial,2018-07-13,1.91
DFF,alfred_fed_funds_initial,2018-07-14,1.91
DFF,alfred_fed_funds_initial,2018-07-15,1.91
DFF,alfred_fed_funds_initial,2018-07-16,1.91
DFF,alfred_fed_funds_initial,2018-07-17,1.91
DFF,alfred_fed_funds_initial,2018-07-18,1.91
DFF,alfred_fed_funds_initial,2018-07-19,1.91
DFF,alfred_fed_funds_initial,2018-07-20,1.91
DFF,alfred_fed_funds_initial,2018-07-21,1.91
DFF,alfred_fed_funds_initial,2018-07-22,1.91
DFF,alfred_fed_funds_initial,2018-07-23,1.91
DFF,alfred_fed_funds_initial,2018-07-24,1.91
DFF,alfred_fed_funds_initial,2018-07-25,1.91
DFF,alfred_fed_funds_initial,2018-07-26,1.91
DFF,alfred_fed_funds_initial,2018-07-27,1.91
DFF,alfred_fed_funds_initial,2018-07-28,1.91
DFF,alfred_fed_funds_initial,2018-07-29,1.91
DFF,alfred_fed_funds_initial,2018-07-30,1.91
DFF,alfred_fed_funds_initial,2018-07-31,1.91
DFF,alfred_fed_funds_initial,2018-08-01,1.91
DFF,alfred_fed_funds_initial,2018-08-02,1.91
DFF,alfred_fed_funds_initial,2018-08-03,1.91
DFF,alfred_fed_funds_initial,2018-08-04,1.91
DFF,alfred_fed_funds_initial,2018-08-05,1.91
DFF,alfred_fed_funds_initial,2018-08-06,1.91
DFF,alfred_fed_funds_initial,2018-08-07,1.91
DFF,alfred_fed_funds_initial,2018-08-08,1.91
DFF,alfred_fed_funds_initial,2018-08-09,1.91
DFF,alfred_fed_funds_initial,2018-08-10,1.91
DFF,alfred_fed_funds_initial,2018-08-11,1.91
DFF,alfred_fed_funds_initial,2018-08-12,1.91
DFF,alfred_fed_funds_initial,2018-08-13,1.91
DFF,alfred_fed_funds_initial,2018-08-14,1.91
DFF,alfred_fed_funds_initial,2018-08-15,1.91
DFF,alfred_fed_funds_initial,2018-08-16,1.92
DFF,alfred_fed_funds_initial,2018-08-17,1.92
DFF,alfred_fed_funds_initial,2018-08-18,1.92
DFF,alfred_fed_funds_initial,2018-08-19,1.92
DFF,alfred_fed_funds_initial,2018-08-20,1.92
DFF,alfred_fed_funds_initial,2018-08-21,1.92
DFF,alfred_fed_funds_initial,2018-08-22,1.92
DFF,alfred_fed_funds_initial,2018-08-23,1.92
DFF,alfred_fed_funds_initial,2018-08-24,1.92
DFF,alfred_fed_funds_initial,2018-08-25,1.92
DFF,alfred_fed_funds_initial,2018-08-26,1.92
DFF,alfred_fed_funds_initial,2018-08-27,1.92
DFF,alfred_fed_funds_initial,2018-08-28,1.92
DFF,alfred_fed_funds_initial,2018-08-29,1.92
DFF,alfred_fed_funds_initial,2018-08-30,1.92
DFF,alfred_fed_funds_initial,2018-08-31,1.91
DFF,alfred_fed_funds_initial,2018-09-01,1.91
DFF,alfred_fed_funds_initial,2018-09-02,1.91
DFF,alfred_fed_funds_initial,2018-09-03,1.91
DFF,alfred_fed_funds_initial,2018-09-04,1.92
DFF,alfred_fed_funds_initial,2018-09-05,1.92
DFF,alfred_fed_funds_initial,2018-09-06,1.92
DFF,alfred_fed_funds_initial,2018-09-07,1.92
DFF,alfred_fed_funds_initial,2018-09-08,1.92
DFF,alfred_fed_funds_initial,2018-09-09,1.92
DFF,alfred_fed_funds_initial,2018-09-10,1.92
DFF,alfred_fed_funds_initial,2018-09-11,1.92
DFF,alfred_fed_funds_initial,2018-09-12,1.92
DFF,alfred_fed_funds_initial,2018-09-13,1.92
DFF,alfred_fed_funds_initial,2018-09-14,1.92
DFF,alfred_fed_funds_initial,2018-09-15,1.92
DFF,alfred_fed_funds_initial,2018-09-16,1.92
DFF,alfred_fed_funds_initial,2018-09-17,1.92
DFF,alfred_fed_funds_initial,2018-09-18,1.92
DFF,alfred_fed_funds_initial,2018-09-19,1.92
DFF,alfred_fed_funds_initial,2018-09-20,1.92
DFF,alfred_fed_funds_initial,2018-09-21,1.92
DFF,alfred_fed_funds_initial,2018-09-22,1.92
DFF,alfred_fed_funds_initial,2018-09-23,1.92
DFF,alfred_fed_funds_initial,2018-09-24,1.93
DFF,alfred_fed_funds_initial,2018-09-25,1.93
DFF,alfred_fed_funds_initial,2018-09-26,1.93
DFF,alfred_fed_funds_initial,2018-09-27,2.18
DFF,alfred_fed_funds_initial,2018-09-28,2.18
DFF,alfred_fed_funds_initial,2018-09-29,2.18
DFF,alfred_fed_funds_initial,2018-09-30,2.18
DFF,alfred_fed_funds_initial,2018-10-01,2.18
DFF,alfred_fed_funds_initial,2018-10-02,2.18
DFF,alfred_fed_funds_initial,2018-10-03,2.18
DFF,alfred_fed_funds_initial,2018-10-04,2.18
DFF,alfred_fed_funds_initial,2018-10-05,2.18
DFF,alfred_fed_funds_initial,2018-10-06,2.18
DFF,alfred_fed_funds_initial,2018-10-07,2.18
DFF,alfred_fed_funds_initial,2018-10-08,2.18
DFF,alfred_fed_funds_initial,2018-10-09,2.18
DFF,alfred_fed_funds_initial,2018-10-10,2.18
DFF,alfred_fed_funds_initial,2018-10-11,2.18
DFF,alfred_fed_funds_initial,2018-10-12,2.18
DFF,alfred_fed_funds_initial,2018-10-13,2.18
DFF,alfred_fed_funds_initial,2018-10-14,2.18
DFF,alfred_fed_funds_initial,2018-10-15,2.18
DFF,alfred_fed_funds_initial,2018-10-16,2.18
DFF,alfred_fed_funds_initial,2018-10-17,2.19
DFF,alfred_fed_funds_initial,2018-10-18,2.19
DFF,alfred_fed_funds_initial,2018-10-19,2.19
DFF,alfred_fed_funds_initial,2018-10-20,2.19
DFF,alfred_fed_funds_initial,2018-10-21,2.19
DFF,alfred_fed_funds_initial,2018-10-22,2.19
DFF,alfred_fed_funds_initial,2018-10-23,2.2
DFF,alfred_fed_funds_initial,2018-10-24,2.2
DFF,alfred_fed_funds_initial,2018-10-25,2.2
DFF,alfred_fed_funds_initial,2018-10-26,2.2
DFF,alfred_fed_funds_initial,2018-10-27,2.2
DFF,alfred_fed_funds_initial,2018-10-28,2.2
DFF,alfred_fed_funds_initial,2018-10-29,2.2
DFF,alfred_fed_funds_initial,2018-10-30,2.2
DFF,alfred_fed_funds_initial,2018-10-31,2.2
DFF,alfred_fed_funds_initial,2018-11-01,2.2
DFF,alfred_fed_funds_initial,2018-11-02,2.19
DFF,alfred_fed_funds_initial,2018-11-03,2.19
DFF,alfred_fed_funds_initial,2018-11-04,2.19
DFF,alfred_fed_funds_initial,2018-11-05,2.2
DFF,alfred_fed_funds_initial,2018-11-06,2.2
DFF,alfred_fed_funds_initial,2018-11-07,2.2
DFF,alfred_fed_funds_initial,2018-11-08,2.2
DFF,alfred_fed_funds_initial,2018-11-09,2.19
DFF,alfred_fed_funds_initial,2018-11-10,2.19
DFF,alfred_fed_funds_initial,2018-11-11,2.19
DFF,alfred_fed_funds_initial,2018-11-12,2.19
DFF,alfred_fed_funds_initial,2018-11-13,2.2
DFF,alfred_fed_funds_initial,2018-11-14,2.2
DFF,alfred_fed_funds_initial,2018-11-15,2.2
DFF,alfred_fed_funds_initial,2018-11-16,2.2
DFF,alfred_fed_funds_initial,2018-11-17,2.2
DFF,alfred_fed_funds_initial,2018-11-18,2.2
DFF,alfred_fed_funds_initial,2018-11-19,2.2
DFF,alfred_fed_funds_initial,2018-11-20,2.2
DFF,alfred_fed_funds_initial,2018-11-21,2.2
DFF,alfred_fed_funds_initial,2018-11-22,2.2
DFF,alfred_fed_funds_initial,2018-11-23,2.2
DFF,alfred_fed_funds_initial,2018-11-24,2.2
DFF,alfred_fed_funds_initial,2018-11-25,2.2
DFF,alfred_fed_funds_initial,2018-11-26,2.2
DFF,alfred_fed_funds_initial,2018-11-27,2.2
DFF,alfred_fed_funds_initial,2018-11-28,2.2
DFF,alfred_fed_funds_initial,2018-11-29,2.2
DFF,alfred_fed_funds_initial,2018-11-30,2.2
DFF,alfred_fed_funds_initial,2018-12-01,2.2
DFF,alfred_fed_funds_initial,2018-12-02,2.2
DFF,alfred_fed_funds_initial,2018-12-03,2.19
DFF,alfred_fed_funds_initial,2018-12-04,2.2
DFF,alfred_fed_funds_initial,2018-12-05,2.2
DFF,alfred_fed_funds_initial,2018-12-06,2.2
DFF,alfred_fed_funds_initial,2018-12-07,2.19
DFF,alfred_fed_funds_initial,2018-12-08,2.19
DFF,alfred_fed_funds_initial,2018-12-09,2.19
DFF,alfred_fed_funds_initial,2018-12-10,2.2
DFF,alfred_fed_funds_initial,2018-12-11,2.19
DFF,alfred_fed_funds_initial,2018-12-12,2.19
DFF,alfred_fed_funds_initial,2018-12-13,2.19
DFF,alfred_fed_funds_initial,2018-12-14,2.19
DFF,alfred_fed_funds_initial,2018-12-15,2.19
DFF,alfred_fed_funds_initial,2018-12-16,2.19
DFF,alfred_fed_funds_initial,2018-12-17,2.2
DFF,alfred_fed_funds_initial,2018-12-18,2.2
DFF,alfred_fed_funds_initial,2018-12-19,2.2
DFF,alfred_fed_funds_initial,2018-12-20,2.4
DFF,alfred_fed_funds_initial,2018-12-21,2.4
DFF,alfred_fed_funds_initial,2018-12-22,2.4
DFF,alfred_fed_funds_initial,2018-12-23,2.4
DFF,alfred_fed_funds_initial,2018-12-24,2.4
DFF,alfred_fed_funds_initial,2018-12-25,2.4
DFF,alfred_fed_funds_initial,2018-12-26,2.4
DFF,alfred_fed_funds_initial,2018-12-27,2.4
DFF,alfred_fed_funds_initial,2018-12-28,2.4
DFF,alfred_fed_funds_initial,2018-12-29,2.4
DFF,alfred_fed_funds_initial,2018-12-30,2.4
DFF,alfred_fed_funds_initial,2018-12-31,2.4
DFF,alfred_fed_funds_initial,2019-01-01,2.4
DFF,alfred_fed_funds_initial,2019-01-02,2.4
DFF,alfred_fed_funds_initial,2019-01-03,2.4
DFF,alfred_fed_funds_initial,2019-01-04,2.4
DFF,alfred_fed_funds_initial,2019-01-05,2.4
DFF,alfred_fed_funds_initial,2019-01-06,2.4
DFF,alfred_fed_funds_initial,2019-01-07,2.4
DFF,alfred_fed_funds_initial,2019-01-08,2.4
DFF,alfred_fed_funds_initial,2019-01-09,2.4
DFF,alfred_fed_funds_initial,2019-01-10,2.4
DFF,alfred_fed_funds_initial,2019-01-11,2.4
DFF,alfred_fed_funds_initial,2019-01-12,2.4
DFF,alfred_fed_funds_initial,2019-01-13,2.4
DFF,alfred_fed_funds_initial,2019-01-14,2.4
DFF,alfred_fed_funds_initial,2019-01-15,2.4
DFF,alfred_fed_funds_initial,2019-01-16,2.4
DFF,alfred_fed_funds_initial,2019-01-17,2.4
DFF,alfred_fed_funds_initial,2019-01-18,2.4
DFF,alfred_fed_funds_initial,2019-01-19,2.4
DFF,alfred_fed_funds_initial,2019-01-20,2.4
DFF,alfred_fed_funds_initial,2019-01-21,2.4
DFF,alfred_fed_funds_initial,2019-01-22,2.4
DFF,alfred_fed_funds_initial,2019-01-23,2.4
DFF,alfred_fed_funds_initial,2019-01-24,2.4
DFF,alfred_fed_funds_initial,2019-01-25,2.4
DFF,alfred_fed_funds_initial,2019-01-26,2.4
DFF,alfred_fed_funds_initial,2019-01-27,2.4
DFF,alfred_fed_funds_initial,2019-01-28,2.4
DFF,alfred_fed_funds_initial,2019-01-29,2.4
DFF,alfred_fed_funds_initial,2019-01-30,2.4
DFF,alfred_fed_funds_initial,2019-01-31,2.4
DFF,alfred_fed_funds_initial,2019-02-01,2.4
DFF,alfred_fed_funds_initial,2019-02-02,2.4
DFF,alfred_fed_funds_initial,2019-02-03,2.4
DFF,alfred_fed_funds_initial,2019-02-04,2.4
DFF,alfred_fed_funds_initial,2019-02-05,2.4
DFF,alfred_fed_funds_initial,2019-02-06,2.4
DFF,alfred_fed_funds_initial,2019-02-07,2.4
DFF,alfred_fed_funds_initial,2019-02-08,2.4
DFF,alfred_fed_funds_initial,2019-02-09,2.4
DFF,alfred_fed_funds_initial,2019-02-10,2.4
DFF,alfred_fed_funds_initial,2019-02-11,2.4
DFF,alfred_fed_funds_initial,2019-02-12,2.4
DFF,alfred_fed_funds_initial,2019-02-13,2.4
DFF,alfred_fed_funds_initial,2019-02-14,2.4
DFF,alfred_fed_funds_initial,2019-02-15,2.4
DFF,alfred_fed_funds_initial,2019-02-16,2.4
DFF,alfred_fed_funds_initial,2019-02-17,2.4
DFF,alfred_fed_funds_initial,2019-02-18,2.4
DFF,alfred_fed_funds_initial,2019-02-19,2.4
DFF,alfred_fed_funds_initial,2019-02-20,2.4
DFF,alfred_fed_funds_initial,2019-02-21,2.4
DFF,alfred_fed_funds_initial,2019-02-22,2.4
DFF,alfred_fed_funds_initial,2019-02-23,2.4
DFF,alfred_fed_funds_initial,2019-02-24,2.4
DFF,alfred_fed_funds_initial,2019-02-25,2.4
DFF,alfred_fed_funds_initial,2019-02-26,2.4
DFF,alfred_fed_funds_initial,2019-02-27,2.4
DFF,alfred_fed_funds_initial,2019-02-28,2.4
DFF,alfred_fed_funds_initial,2019-03-01,2.4
DFF,alfred_fed_funds_initial,2019-03-02,2.4
DFF,alfred_fed_funds_initial,2019-03-03,2.4
DFF,alfred_fed_funds_initial,2019-03-04,2.4
DFF,alfred_fed_funds_initial,2019-03-05,2.4
DFF,alfred_fed_funds_initial,2019-03-06,2.4
DFF,alfred_fed_funds_initial,2019-03-07,2.4
DFF,alfred_fed_funds_initial,2019-03-08,2.4
DFF,alfred_fed_funds_initial,2019-03-09,2.4
DFF,alfred_fed_funds_initial,2019-03-10,2.4
DFF,alfred_fed_funds_initial,2019-03-11,2.4
DFF,alfred_fed_funds_initial,2019-03-12,2.4
DFF,alfred_fed_funds_initial,2019-03-13,2.4
DFF,alfred_fed_funds_initial,2019-03-14,2.4
DFF,alfred_fed_funds_initial,2019-03-15,2.4
DFF,alfred_fed_funds_initial,2019-03-16,2.4
DFF,alfred_fed_funds_initial,2019-03-17,2.4
DFF,alfred_fed_funds_initial,2019-03-18,2.4
DFF,alfred_fed_funds_initial,2019-03-19,2.4
DFF,alfred_fed_funds_initial,2019-03-20,2.41
DFF,alfred_fed_funds_initial,2019-03-21,2.41
DFF,alfred_fed_funds_initial,2019-03-22,2.41
DFF,alfred_fed_funds_initial,2019-03-23,2.41
DFF,alfred_fed_funds_initial,2019-03-24,2.41
DFF,alfred_fed_funds_initial,2019-03-25,2.4
DFF,alfred_fed_funds_initial,2019-03-26,2.4
DFF,alfred_fed_funds_initial,2019-03-27,2.41
DFF,alfred_fed_funds_initial,2019-03-28,2.41
DFF,alfred_fed_funds_initial,2019-03-29,2.43
DFF,alfred_fed_funds_initial,2019-03-30,2.43
DFF,alfred_fed_funds_initial,2019-03-31,2.43
DFF,alfred_fed_funds_initial,2019-04-01,2.41
DFF,alfred_fed_funds_initial,2019-04-02,2.41
DFF,alfred_fed_funds_initial,2019-04-03,2.41
DFF,alfred_fed_funds_initial,2019-04-04,2.41
DFF,alfred_fed_funds_initial,2019-04-05,2.41
DFF,alfred_fed_funds_initial,2019-04-06,2.41
DFF,alfred_fed_funds_initial,2019-04-07,2.41
DFF,alfred_fed_funds_initial,2019-04-08,2.41
DFF,alfred_fed_funds_initial,2019-04-09,2.41
DFF,alfred_fed_funds_initial,2019-04-10,2.41
DFF,alfred_fed_funds_initial,2019-04-11,2.41
DFF,alfred_fed_funds_initial,2019-04-12,2.41
DFF,alfred_fed_funds_initial,2019-04-13,2.41
DFF,alfred_fed_funds_initial,2019-04-14,2.41
DFF,alfred_fed_funds_initial,2019-04-15,2.41
DFF,alfred_fed_funds_initial,2019-04-16,2.41
DFF,alfred_fed_funds_initial,2019-04-17,2.42
DFF,alfred_fed_funds_initial,2019-04-18,2.43
DFF,alfred_fed_funds_initial,2019-04-19,2.44
DFF,alfred_fed_funds_initial,2019-04-20,2.44
DFF,alfred_fed_funds_initial,2019-04-21,2.44
DFF,alfred_fed_funds_initial,2019-04-22,2.44
DFF,alfred_fed_funds_initial,2019-04-23,2.44
DFF,alfred_fed_funds_initial,2019-04-24,2.44
DFF,alfred_fed_funds_initial,2019-04-25,2.44
DFF,alfred_fed_funds_initial,2019-04-26,2.44
DFF,alfred_fed_funds_initial,2019-04-27,2.44
DFF,alfred_fed_funds_initial,2019-04-28,2.44
DFF,alfred_fed_funds_initial,2019-04-29,2.45
DFF,alfred_fed_funds_initial,2019-04-30,2.45
DFF,alfred_fed_funds_initial,2019-05-01,2.45
DFF,alfred_fed_funds_initial,2019-05-02,2.41
DFF,alfred_fed_funds_initial,2019-05-03,2.4
DFF,alfred_fed_funds_initial,2019-05-04,2.4
DFF,alfred_fed_funds_initial,2019-05-05,2.4
DFF,alfred_fed_funds_initial,2019-05-06,2.4
DFF,alfred_fed_funds_initial,2019-05-07,2.4
DFF,alfred_fed_funds_initial,2019-05-08,2.39
DFF,alfred_fed_funds_initial,2019-05-09,2.38
DFF,alfred_fed_funds_initial,2019-05-10,2.38
DFF,alfred_fed_funds_initial,2019-05-11,2.38
DFF,alfred_fed_funds_initial,2019-05-12,2.38
DFF,alfred_fed_funds_initial,2019-05-13,2.38
DFF,alfred_fed_funds_initial,2019-05-14,2.38
DFF,alfred_fed_funds_initial,2019-05-15,2.4
DFF,alfred_fed_funds_initial,2019-05-16,2.39
DFF,alfred_fed_funds_initial,2019-05-17,2.39
DFF,alfred_fed_funds_initial,2019-05-18,2.39
DFF,alfred_fed_funds_initial,2019-05-19,2.39
DFF,alfred_fed_funds_initial,2019-05-20,2.39
DFF,alfred_fed_funds_initial,2019-05-21,2.39
DFF,alfred_fed_funds_initial,2019-05-22,2.38
DFF,alfred_fed_funds_initial,2019-05-23,2.38
DFF,alfred_fed_funds_initial,2019-05-24,2.38
DFF,alfred_fed_funds_initial,2019-05-25,2.38
DFF,alfred_fed_funds_initial,2019-05-26,2.38
DFF,alfred_fed_funds_initial,2019-05-27,2.38
DFF,alfred_fed_funds_initial,2019-05-28,2.39
DFF,alfred_fed_funds_initial,2019-05-29,2.39
DFF,alfred_fed_funds_initial,2019-05-30,2.39
DFF,alfred_fed_funds_initial,2019-05-31,2.4
DFF,alfred_fed_funds_initial,2019-06-01,2.4
DFF,alfred_fed_funds_initial,2019-06-02,2.4
DFF,alfred_fed_funds_initial,2019-06-03,2.38
DFF,alfred_fed_funds_initial,2019-06-04,2.38
DFF,alfred_fed_funds_initial,2019-06-05,2.38
DFF,alfred_fed_funds_initial,2019-06-06,2.37
DFF,alfred_fed_funds_initial,2019-06-07,2.37
DFF,alfred_fed_funds_initial,2019-06-08,2.37
DFF,alfred_fed_funds_initial,2019-06-09,2.37
DFF,alfred_fed_funds_initial,2019-06-10,2.37
DFF,alfred_fed_funds_initial,2019-06-11,2.37
DFF,alfred_fed_funds_initial,2019-06-12,2.37
DFF,alfred_fed_funds_initial,2019-06-13,2.37
DFF,alfred_fed_funds_initial,2019-06-14,2.36
DFF,alfred_fed_funds_initial,2019-06-15,2.36
DFF,alfred_fed_funds_initial,2019-06-16,2.36
DFF,alfred_fed_funds_initial,2019-06-17,2.38
DFF,alfred_fed_funds_initial,2019-06-18,2.37
DFF,alfred_fed_funds_initial,2019-06-19,2.37
DFF,alfred_fed_funds_initial,2019-06-20,2.37
DFF,alfred_fed_funds_initial,2019-06-21,2.38
DFF,alfred_fed_funds_initial,2019-06-22,2.38
DFF,alfred_fed_funds_initial,2019-06-23,2.38
DFF,alfred_fed_funds_initial,2019-06-24,2.38
DFF,alfred_fed_funds_initial,2019-06-25,2.38
DFF,alfred_fed_funds_initial,2019-06-26,2.38
DFF,alfred_fed_funds_initial,2019-06-27,2.38
DFF,alfred_fed_funds_initial,2019-06-28,2.4
DFF,alfred_fed_funds_initial,2019-06-29,2.4
DFF,alfred_fed_funds_initial,2019-06-30,2.4
DFF,alfred_fed_funds_initial,2019-07-01,2.39
DFF,alfred_fed_funds_initial,2019-07-02,2.4
DFF,alfred_fed_funds_initial,2019-07-03,2.41
DFF,alfred_fed_funds_initial,2019-07-04,2.41
DFF,alfred_fed_funds_initial,2019-07-05,2.42
DFF,alfred_fed_funds_initial,2019-07-06,2.42
DFF,alfred_fed_funds_initial,2019-07-07,2.42
DFF,alfred_fed_funds_initial,2019-07-08,2.41
DFF,alfred_fed_funds_initial,2019-07-09,2.41
DFF,alfred_fed_funds_initial,2019-07-10,2.41
DFF,alfred_fed_funds_initial,2019-07-11,2.4
DFF,alfred_fed_funds_initial,2019-07-12,2.38
DFF,alfred_fed_funds_initial,2019-07-13,2.38
DFF,alfred_fed_funds_initial,2019-07-14,2.38
DFF,alfred_fed_funds_initial,2019-07-15,2.4
DFF,alfred_fed_funds_initial,2019-07-16,2.41
DFF,alfred_fed_funds_initial,2019-07-17,2.41
DFF,alfred_fed_funds_initial,2019-07-18,2.41
DFF,alfred_fed_funds_initial,2019-07-19,2.41
DFF,alfred_fed_funds_initial,2019-07-20,2.41
DFF,alfred_fed_funds_initial,2019-07-21,2.41
DFF,alfred_fed_funds_initial,2019-07-22,2.4
DFF,alfred_fed_funds_initial,2019-07-23,2.4
DFF,alfred_fed_funds_initial,2019-07-24,2.4
DFF,alfred_fed_funds_initial,2019-07-25,2.4
DFF,alfred_fed_funds_initial,2019-07-26,2.4
DFF,alfred_fed_funds_initial,2019-07-27,2.4
DFF,alfred_fed_funds_initial,2019-07-28,2.4
DFF,alfred_fed_funds_initial,2019-07-29,2.4
DFF,alfred_fed_funds_initial,2019-07-30,2.39
DFF,alfred_fed_funds_initial,2019-07-31,2.4
DFF,alfred_fed_funds_initial,2019-08-01,2.14
DFF,alfred_fed_funds_initial,2019-08-02,2.14
DFF,alfred_fed_funds_initial,2019-08-03,2.14
DFF,alfred_fed_funds_initial,2019-08-04,2.14
DFF,alfred_fed_funds_initial,2019-08-05,2.13
DFF,alfred_fed_funds_initial,2019-08-06,2.13
DFF,alfred_fed_funds_initial,2019-08-07,2.12
DFF,alfred_fed_funds_initial,2019-08-08,2.12
DFF,alfred_fed_funds_initial,2019-08-09,2.12
DFF,alfred_fed_funds_initial,2019-08-10,2.12
DFF,alfred_fed_funds_initial,2019-08-11,2.12
DFF,alfred_fed_funds_initial,2019-08-12,2.12
DFF,alfred_fed_funds_initial,2019-08-13,2.12
DFF,alfred_fed_funds_initial,2019-08-14,2.12
DFF,alfred_fed_funds_initial,2019-08-15,2.13
DFF,alfred_fed_funds_initial,2019-08-16,2.13
DFF,alfred_fed_funds_initial,2019-08-17,2.13
DFF,alfred_fed_funds_initial,2019-08-18,2.13
DFF,alfred_fed_funds_initial,2019-08-19,2.13
DFF,alfred_fed_funds_initial,2019-08-20,2.13
DFF,alfred_fed_funds_initial,2019-08-21,2.12
DFF,alfred_fed_funds_initial,2019-08-22,2.12
DFF,alfred_fed_funds_initial,2019-08-23,2.12
DFF,alfred_fed_funds_initial,2019-08-24,2.12
DFF,alfred_fed_funds_initial,2019-08-25,2.12
DFF,alfred_fed_funds_initial,2019-08-26,2.12
DFF,alfred_fed_funds_initial,2019-08-27,2.12
DFF,alfred_fed_funds_initial,2019-08-28,2.12
DFF,alfred_fed_funds_initial,2019-08-29,2.12
DFF,alfred_fed_funds_initial,2019-08-30,2.13
DFF,alfred_fed_funds_initial,2019-08-31,2.13
DFF,alfred_fed_funds_initial,2019-09-01,2.13
DFF,alfred_fed_funds_initial,2019-09-02,2.13
DFF,alfred_fed_funds_initial,2019-09-03,2.13
DFF,alfred_fed_funds_initial,2019-09-04,2.13
DFF,alfred_fed_funds_initial,2019-09-05,2.13
DFF,alfred_fed_funds_initial,2019-09-06,2.12
DFF,alfred_fed_funds_initial,2019-09-07,2.12
DFF,alfred_fed_funds_initial,2019-09-08,2.12
DFF,alfred_fed_funds_initial,2019-09-09,2.13
DFF,alfred_fed_funds_initial,2019-09-10,2.13
DFF,alfred_fed_funds_initial,2019-09-11,2.13
DFF,alfred_fed_funds_initial,2019-09-12,2.13
DFF,alfred_fed_funds_initial,2019-09-13,2.14
DFF,alfred_fed_funds_initial,2019-09-14,2.14
DFF,alfred_fed_funds_initial,2019-09-15,2.14
DFF,alfred_fed_funds_initial,2019-09-16,2.25
DFF,alfred_fed_funds_initial,2019-09-17,2.3
DFF,alfred_fed_funds_initial,2019-09-18,2.25
DFF,alfred_fed_funds_initial,2019-09-19,1.9
DFF,alfred_fed_funds_initial,2019-09-20,1.9
DFF,alfred_fed_funds_initial,2019-09-21,1.9
DFF,alfred_fed_funds_initial,2019-09-22,1.9
DFF,alfred_fed_funds_initial,2019-09-23,1.9
DFF,alfred_fed_funds_initial,2019-09-24,1.9
DFF,alfred_fed_funds_initial,2019-09-25,1.9
DFF,alfred_fed_funds_initial,2019-09-26,1.85
DFF,alfred_fed_funds_initial,2019-09-27,1.83
DFF,alfred_fed_funds_initial,2019-09-28,1.83
DFF,alfred_fed_funds_initial,2019-09-29,1.83
DFF,alfred_fed_funds_initial,2019-09-30,1.9
DFF,alfred_fed_funds_initial,2019-10-01,1.88
DFF,alfred_fed_funds_initial,2019-10-02,1.85
DFF,alfred_fed_funds_initial,2019-10-03,1.83
DFF,alfred_fed_funds_initial,2019-10-04,1.82
DFF,alfred_fed_funds_initial,2019-10-05,1.82
DFF,alfred_fed_funds_initial,2019-10-06,1.82
DFF,alfred_fed_funds_initial,2019-10-07,1.82
DFF,alfred_fed_funds_initial,2019-10-08,1.82
DFF,alfred_fed_funds_initial,2019-10-09,1.82
DFF,alfred_fed_funds_initial,2019-10-10,1.82
DFF,alfred_fed_funds_initial,2019-10-11,1.82
DFF,alfred_fed_funds_initial,2019-10-12,1.82
DFF,alfred_fed_funds_initial,2019-10-13,1.82
DFF,alfred_fed_funds_initial,2019-10-14,1.82
DFF,alfred_fed_funds_initial,2019-10-15,1.9
DFF,alfred_fed_funds_initial,2019-10-16,1.9
DFF,alfred_fed_funds_initial,2019-10-17,1.85
DFF,alfred_fed_funds_initial,2019-10-18,1.85
DFF,alfred_fed_funds_initial,2019-10-19,1.85
DFF,alfred_fed_funds_initial,2019-10-20,1.85
DFF,alfred_fed_funds_initial,2019-10-21,1.85
DFF,alfred_fed_funds_initial,2019-10-22,1.85
DFF,alfred_fed_funds_initial,2019-10-23,1.85
DFF,alfred_fed_funds_initial,2019-10-24,1.85
DFF,alfred_fed_funds_initial,2019-10-25,1.83
DFF,alfred_fed_funds_initial,2019-10-26,1.83
DFF,alfred_fed_funds_initial,2019-10-27,1.83
DFF,alfred_fed_funds_initial,2019-10-28,1.83
DFF,alfred_fed_funds_initial,2019-10-29,1.82
DFF,alfred_fed_funds_initial,2019-10-30,1.82
DFF,alfred_fed_funds_initial,2019-10-31,1.58
DFF,alfred_fed_funds_initial,2019-11-01,1.57
DFF,alfred_fed_funds_initial,2019-11-02,1.57
DFF,alfred_fed_funds_initial,2019-11-03,1.57
DFF,alfred_fed_funds_initial,2019-11-04,1.56
DFF,alfred_fed_funds_initial,2019-11-05,1.56
DFF,alfred_fed_funds_initial,2019-11-06,1.55
DFF,alfred_fed_funds_initial,2019-11-07,1.55
DFF,alfred_fed_funds_initial,2019-11-08,1.55
DFF,alfred_fed_funds_initial,2019-11-09,1.55
DFF,alfred_fed_funds_initial,2019-11-10,1.55
DFF,alfred_fed_funds_initial,2019-11-11,1.55
DFF,alfred_fed_funds_initial,2019-11-12,1.55
DFF,alfred_fed_funds_initial,2019-11-13,1.55
DFF,alfred_fed_funds_initial,2019-11-14,1.55
DFF,alfred_fed_funds_initial,2019-11-15,1.55
DFF,alfred_fed_funds_initial,2019-11-16,1.55
DFF,alfred_fed_funds_initial,2019-11-17,1.55
DFF,alfred_fed_funds_initial,2019-11-18,1.55
DFF,alfred_fed_funds_initial,2019-11-19,1.55
DFF,alfred_fed_funds_initial,2019-11-20,1.55
DFF,alfred_fed_funds_initial,2019-11-21,1.55
DFF,alfred_fed_funds_initial,2019-11-22,1.55
DFF,alfred_fed_funds_initial,2019-11-23,1.55
DFF,alfred_fed_funds_initial,2019-11-24,1.55
DFF,alfred_fed_funds_initial,2019-11-25,1.55
DFF,alfred_fed_funds_initial,2019-11-26,1.55
DFF,alfred_fed_funds_initial,2019-11-27,1.55
DFF,alfred_fed_funds_initial,2019-11-28,1.55
DFF,alfred_fed_funds_initial,2019-11-29,1.56
DFF,alfred_fed_funds_initial,2019-11-30,1.56
DFF,alfred_fed_funds_initial,2019-12-01,1.56
DFF,alfred_fed_funds_initial,2019-12-02,1.56
DFF,alfred_fed_funds_initial,2019-12-03,1.55
DFF,alfred_fed_funds_initial,2019-12-04,1.55
DFF,alfred_fed_funds_initial,2019-12-05,1.55
DFF,alfred_fed_funds_initial,2019-12-06,1.55
DFF,alfred_fed_funds_initial,2019-12-07,1.55
DFF,alfred_fed_funds_initial,2019-12-08,1.55
DFF,alfred_fed_funds_initial,2019-12-09,1.55
DFF,alfred_fed_funds_initial,2019-12-10,1.55
DFF,alfred_fed_funds_initial,2019-12-11,1.55
DFF,alfred_fed_funds_initial,2019-12-12,1.55
DFF,alfred_fed_funds_initial,2019-12-13,1.55
DFF,alfred_fed_funds_initial,2019-12-14,1.55
DFF,alfred_fed_funds_initial,2019-12-15,1.55
DFF,alfred_fed_funds_initial,2019-12-16,1.56
DFF,alfred_fed_funds_initial,2019-12-17,1.55
DFF,alfred_fed_funds_initial,2019-12-18,1.55
DFF,alfred_fed_funds_initial,2019-12-19,1.55
DFF,alfred_fed_funds_initial,2019-12-20,1.55
DFF,alfred_fed_funds_initial,2019-12-21,1.55
DFF,alfred_fed_funds_initial,2019-12-22,1.55
DFF,alfred_fed_funds_initial,2019-12-23,1.55
DFF,alfred_fed_funds_initial,2019-12-24,1.55
DFF,alfred_fed_funds_initial,2019-12-25,1.55
DFF,alfred_fed_funds_initial,2019-12-26,1.55
DFF,alfred_fed_funds_initial,2019-12-27,1.55
DFF,alfred_fed_funds_initial,2019-12-28,1.55
DFF,alfred_fed_funds_initial,2019-12-29,1.55
DFF,alfred_fed_funds_initial,2019-12-30,1.55
DFF,alfred_fed_funds_initial,2019-12-31,1.55
DFF,alfred_fed_funds_initial,2020-01-01,1.55
DFF,alfred_fed_funds_initial,2020-01-02,1.55
DFF,alfred_fed_funds_initial,2020-01-03,1.55
DFF,alfred_fed_funds_initial,2020-01-04,1.55
DFF,alfred_fed_funds_initial,2020-01-05,1.55
DFF,alfred_fed_funds_initial,2020-01-06,1.55
DFF,alfred_fed_funds_initial,2020-01-07,1.55
DFF,alfred_fed_funds_initial,2020-01-08,1.55
DFF,alfred_fed_funds_initial,2020-01-09,1.55
DFF,alfred_fed_funds_initial,2020-01-10,1.54
DFF,alfred_fed_funds_initial,2020-01-11,1.54
DFF,alfred_fed_funds_initial,2020-01-12,1.54
DFF,alfred_fed_funds_initial,2020-01-13,1.54
DFF,alfred_fed_funds_initial,2020-01-14,1.54
DFF,alfred_fed_funds_initial,2020-01-15,1.54
DFF,alfred_fed_funds_initial,2020-01-16,1.54
DFF,alfred_fed_funds_initial,2020-01-17,1.55
DFF,alfred_fed_funds_initial,2020-01-18,1.55
DFF,alfred_fed_funds_initial,2020-01-19,1.55
DFF,alfred_fed_funds_initial,2020-01-20,1.55
DFF,alfred_fed_funds_initial,2020-01-21,1.55
DFF,alfred_fed_funds_initial,2020-01-22,1.55
DFF,alfred_fed_funds_initial,2020-01-23,1.55
DFF,alfred_fed_funds_initial,2020-01-24,1.55
DFF,alfred_fed_funds_initial,2020-01-25,1.55
DFF,alfred_fed_funds_initial,2020-01-26,1.55
DFF,alfred_fed_funds_initial,2020-01-27,1.55
DFF,alfred_fed_funds_initial,2020-01-28,1.55
DFF,alfred_fed_funds_initial,2020-01-29,1.55
DFF,alfred_fed_funds_initial,2020-01-30,1.6
DFF,alfred_fed_funds_initial,2020-01-31,1.59
DFF,alfred_fed_funds_initial,2020-02-01,1.59
DFF,alfred_fed_funds_initial,2020-02-02,1.59
DFF,alfred_fed_funds_initial,2020-02-03,1.59
DFF,alfred_fed_funds_initial,2020-02-04,1.59
DFF,alfred_fed_funds_initial,2020-02-05,1.59
DFF,alfred_fed_funds_initial,2020-02-06,1.59
DFF,alfred_fed_funds_initial,2020-02-07,1.58
DFF,alfred_fed_funds_initial,2020-02-08,1.58
DFF,alfred_fed_funds_initial,2020-02-09,1.58
DFF,alfred_fed_funds_initial,2020-02-10,1.58
DFF,alfred_fed_funds_initial,2020-02-11,1.58
DFF,alfred_fed_funds_initial,2020-02-12,1.58
DFF,alfred_fed_funds_initial,2020-02-13,1.58
DFF,alfred_fed_funds_initial,2020-02-14,1.58
DFF,alfred_fed_funds_initial,2020-02-15,1.58
DFF,alfred_fed_funds_initial,2020-02-16,1.58
DFF,alfred_fed_funds_initial,2020-02-17,1.58
DFF,alfred_fed_funds_initial,2020-02-18,1.59
DFF,alfred_fed_funds_initial,2020-02-19,1.59
DFF,alfred_fed_funds_initial,2020-02-20,1.59
DFF,alfred_fed_funds_initial,2020-02-21,1.58
DFF,alfred_fed_funds_initial,2020-02-22,1.58
DFF,alfred_fed_funds_initial,2020-02-23,1.58
DFF,alfred_fed_funds_initial,2020-02-24,1.58
DFF,alfred_fed_funds_initial,2020-02-25,1.58
DFF,alfred_fed_funds_initial,2020-02-26,1.58
DFF,alfred_fed_funds_initial,2020-02-27,1.58
DFF,alfred_fed_funds_initial,2020-02-28,1.58
DFF,alfred_fed_funds_initial,2020-02-29,1.58
DFF,alfred_fed_funds_initial,2020-03-01,1.58
DFF,alfred_fed_funds_initial,2020-03-02,1.59
DFF,alfred_fed_funds_initial,2020-03-03,1.59
DFF,alfred_fed_funds_initial,2020-03-04,1.09
DFF,alfred_fed_funds_initial,2020-03-05,1.09
DFF,alfred_fed_funds_initial,2020-03-06,1.09
DFF,alfred_fed_funds_initial,2020-03-07,1.09
DFF,alfred_fed_funds_initial,2020-03-08,1.09
DFF,alfred_fed_funds_initial,2020-03-09,1.09
DFF,alfred_fed_funds_initial,2020-03-10,1.09
DFF,alfred_fed_funds_initial,2020-03-11,1.09
DFF,alfred_fed_funds_initial,2020-03-12,1.1
DFF,alfred_fed_funds_initial,2020-03-13,1.1
DFF,alfred_fed_funds_initial,2020-03-14,1.1
DFF,alfred_fed_funds_initial,2020-03-15,1.1
DFF,alfred_fed_funds_initial,2020-03-16,0.25
DFF,alfred_fed_funds_initial,2020-03-17,0.25
DFF,alfred_fed_funds_initial,2020-03-18,0.25
DFF,alfred_fed_funds_initial,2020-03-19,0.2
DFF,alfred_fed_funds_initial,2020-03-20,0.15
DFF,alfred_fed_funds_initial,2020-03-21,0.15
DFF,alfred_fed_funds_initial,2020-03-22,0.15
DFF,alfred_fed_funds_initial,2020-03-23,0.15
DFF,alfred_fed_funds_initial,2020-03-24,0.12
DFF,alfred_fed_funds_initial,2020-03-25,0.1
DFF,alfred_fed_funds_initial,2020-03-26,0.1
DFF,alfred_fed_funds_initial,2020-03-27,0.1
DFF,alfred_fed_funds_initial,2020-03-28,0.1
DFF,alfred_fed_funds_initial,2020-03-29,0.1
DFF,alfred_fed_funds_initial,2020-03-30,0.09
DFF,alfred_fed_funds_initial,2020-03-31,0.08
DFF,alfred_fed_funds_initial,2020-04-01,0.06
DFF,alfred_fed_funds_initial,2020-04-02,0.05
DFF,alfred_fed_funds_initial,2020-04-03,0.05
DFF,alfred_fed_funds_initial,2020-04-04,0.05
DFF,alfred_fed_funds_initial,2020-04-05,0.05
DFF,alfred_fed_funds_initial,2020-04-06,0.05
DFF,alfred_fed_funds_initial,2020-04-07,0.05
DFF,alfred_fed_funds_initial,2020-04-08,0.05
DFF,alfred_fed_funds_initial,2020-04-09,0.05
DFF,alfred_fed_funds_initial,2020-04-10,0.05
DFF,alfred_fed_funds_initial,2020-04-11,0.05
DFF,alfred_fed_funds_initial,2020-04-12,0.05
DFF,alfred_fed_funds_initial,2020-04-13,0.05
DFF,alfred_fed_funds_initial,2020-04-14,0.05
DFF,alfred_fed_funds_initial,2020-04-15,0.05
DFF,alfred_fed_funds_initial,2020-04-16,0.05
DFF,alfred_fed_funds_initial,2020-04-17,0.05
DFF,alfred_fed_funds_initial,2020-04-18,0.05
DFF,alfred_fed_funds_initial,2020-04-19,0.05
DFF,alfred_fed_funds_initial,2020-04-20,0.05
DFF,alfred_fed_funds_initial,2020-04-21,0.05
DFF,alfred_fed_funds_initial,2020-04-22,0.05
DFF,alfred_fed_funds_initial,2020-04-23,0.04
DFF,alfred_fed_funds_initial,2020-04-24,0.05
DFF,alfred_fed_funds_initial,2020-04-25,0.05
DFF,alfred_fed_funds_initial,2020-04-26,0.05
DFF,alfred_fed_funds_initial,2020-04-27,0.04
DFF,alfred_fed_funds_initial,2020-04-28,0.04
DFF,alfred_fed_funds_initial,2020-04-29,0.04
DFF,alfred_fed_funds_initial,2020-04-30,0.05
DFF,alfred_fed_funds_initial,2020-05-01,0.05
DFF,alfred_fed_funds_initial,2020-05-02,0.05
DFF,alfred_fed_funds_initial,2020-05-03,0.05
DFF,alfred_fed_funds_initial,2020-05-04,0.05
DFF,alfred_fed_funds_initial,2020-05-05,0.05
DFF,alfred_fed_funds_initial,2020-05-06,0.05
DFF,alfred_fed_funds_initial,2020-05-07,0.05
DFF,alfred_fed_funds_initial,2020-05-08,0.05
DFF,alfred_fed_funds_initial,2020-05-09,0.05
DFF,alfred_fed_funds_initial,2020-05-10,0.05
DFF,alfred_fed_funds_initial,2020-05-11,0.05
DFF,alfred_fed_funds_initial,2020-05-12,0.05
DFF,alfred_fed_funds_initial,2020-05-13,0.05
DFF,alfred_fed_funds_initial,2020-05-14,0.05
DFF,alfred_fed_funds_initial,2020-05-15,0.05
DFF,alfred_fed_funds_initial,2020-05-16,0.05
DFF,alfred_fed_funds_initial,2020-05-17,0.05
DFF,alfred_fed_funds_initial,2020-05-18,0.05
DFF,alfred_fed_funds_initial,2020-05-19,0.05
DFF,alfred_fed_funds_initial,2020-05-20,0.05
DFF,alfred_fed_funds_initial,2020-05-21,0.05
DFF,alfred_fed_funds_initial,2020-05-22,0.05
DFF,alfred_fed_funds_initial,2020-05-23,0.05
DFF,alfred_fed_funds_initial,2020-05-24,0.05
DFF,alfred_fed_funds_initial,2020-05-25,0.05
DFF,alfred_fed_funds_initial,2020-05-26,0.05
DFF,alfred_fed_funds_initial,2020-05-27,0.05
DFF,alfred_fed_funds_initial,2020-05-28,0.05
DFF,alfred_fed_funds_initial,2020-05-29,0.05
DFF,alfred_fed_funds_initial,2020-05-30,0.05
DFF,alfred_fed_funds_initial,2020-05-31,0.05
DFF,alfred_fed_funds_initial,2020-06-01,0.05
DFF,alfred_fed_funds_initial,2020-06-02,0.06
DFF,alfred_fed_funds_initial,2020-06-03,0.06
DFF,alfred_fed_funds_initial,2020-06-04,0.06
DFF,alfred_fed_funds_initial,2020-06-05,0.07
DFF,alfred_fed_funds_initial,2020-06-06,0.07
DFF,alfred_fed_funds_initial,2020-06-07,0.07
DFF,alfred_fed_funds_initial,2020-06-08,0.07
DFF,alfred_fed_funds_initial,2020-06-09,0.07
DFF,alfred_fed_funds_initial,2020-06-10,0.08
DFF,alfred_fed_funds_initial,2020-06-11,0.08
DFF,alfred_fed_funds_initial,2020-06-12,0.08
DFF,alfred_fed_funds_initial,2020-06-13,0.08
DFF,alfred_fed_funds_initial,2020-06-14,0.08
DFF,alfred_fed_funds_initial,2020-06-15,0.09
DFF,alfred_fed_funds_initial,2020-06-16,0.09
DFF,alfred_fed_funds_initial,2020-06-17,0.09
DFF,alfred_fed_funds_initial,2020-06-18,0.09
DFF,alfred_fed_funds_initial,2020-06-19,0.09
DFF,alfred_fed_funds_initial,2020-06-20,0.09
DFF,alfred_fed_funds_initial,2020-06-21,0.09
DFF,alfred_fed_funds_initial,2020-06-22,0.08
DFF,alfred_fed_funds_initial,2020-06-23,0.08
DFF,alfred_fed_funds_initial,2020-06-24,0.08
DFF,alfred_fed_funds_initial,2020-06-25,0.08
DFF,alfred_fed_funds_initial,2020-06-26,0.08
DFF,alfred_fed_funds_initial,2020-06-27,0.08
DFF,alfred_fed_funds_initial,2020-06-28,0.08
DFF,alfred_fed_funds_initial,2020-06-29,0.08
DFF,alfred_fed_funds_initial,2020-06-30,0.08
DFF,alfred_fed_funds_initial,2020-07-01,0.08
DFF,alfred_fed_funds_initial,2020-07-02,0.09
DFF,alfred_fed_funds_initial,2020-07-03,0.09
DFF,alfred_fed_funds_initial,2020-07-04,0.09
DFF,alfred_fed_funds_initial,2020-07-05,0.09
DFF,alfred_fed_funds_initial,2020-07-06,0.09
DFF,alfred_fed_funds_initial,2020-07-07,0.09
DFF,alfred_fed_funds_initial,2020-07-08,0.09
DFF,alfred_fed_funds_initial,2020-07-09,0.09
DFF,alfred_fed_funds_initial,2020-07-10,0.09
DFF,alfred_fed_funds_initial,2020-07-11,0.09
DFF,alfred_fed_funds_initial,2020-07-12,0.09
DFF,alfred_fed_funds_initial,2020-07-13,0.09
DFF,alfred_fed_funds_initial,2020-07-14,0.09
DFF,alfred_fed_funds_initial,2020-07-15,0.1
DFF,alfred_fed_funds_initial,2020-07-16,0.1
DFF,alfred_fed_funds_initial,2020-07-17,0.09
DFF,alfred_fed_funds_initial,2020-07-18,0.09
DFF,alfred_fed_funds_initial,2020-07-19,0.09
DFF,alfred_fed_funds_initial,2020-07-20,0.1
DFF,alfred_fed_funds_initial,2020-07-21,0.1
DFF,alfred_fed_funds_initial,2020-07-22,0.09
DFF,alfred_fed_funds_initial,2020-07-23,0.09
DFF,alfred_fed_funds_initial,2020-07-24,0.09
DFF,alfred_fed_funds_initial,2020-07-25,0.09
DFF,alfred_fed_funds_initial,2020-07-26,0.09
DFF,alfred_fed_funds_initial,2020-07-27,0.1
DFF,alfred_fed_funds_initial,2020-07-28,0.1
DFF,alfred_fed_funds_initial,2020-07-29,0.1
DFF,alfred_fed_funds_initial,2020-07-30,0.1
DFF,alfred_fed_funds_initial,2020-07-31,0.1
DFF,alfred_fed_funds_initial,2020-08-01,0.1
DFF,alfred_fed_funds_initial,2020-08-02,0.1
DFF,alfred_fed_funds_initial,2020-08-03,0.1
DFF,alfred_fed_funds_initial,2020-08-04,0.1
DFF,alfred_fed_funds_initial,2020-08-05,0.1
DFF,alfred_fed_funds_initial,2020-08-06,0.1
DFF,alfred_fed_funds_initial,2020-08-07,0.1
DFF,alfred_fed_funds_initial,2020-08-08,0.1
DFF,alfred_fed_funds_initial,2020-08-09,0.1
DFF,alfred_fed_funds_initial,2020-08-10,0.1
DFF,alfred_fed_funds_initial,2020-08-11,0.1
DFF,alfred_fed_funds_initial,2020-08-12,0.1
DFF,alfred_fed_funds_initial,2020-08-13,0.1
DFF,alfred_fed_funds_initial,2020-08-14,0.1
DFF,alfred_fed_funds_initial,2020-08-15,0.1
DFF,alfred_fed_funds_initial,2020-08-16,0.1
DFF,alfred_fed_funds_initial,2020-08-17,0.1
DFF,alfred_fed_funds_initial,2020-08-18,0.09
DFF,alfred_fed_funds_initial,2020-08-19,0.09
DFF,alfred_fed_funds_initial,2020-08-20,0.09
DFF,alfred_fed_funds_initial,2020-08-21,0.09
DFF,alfred_fed_funds_initial,2020-08-22,0.09
DFF,alfred_fed_funds_initial,2020-08-23,0.09
DFF,alfred_fed_funds_initial,2020-08-24,0.09
DFF,alfred_fed_funds_initial,2020-08-25,0.09
DFF,alfred_fed_funds_initial,2020-08-26,0.09
DFF,alfred_fed_funds_initial,2020-08-27,0.08
DFF,alfred_fed_funds_initial,2020-08-28,0.09
DFF,alfred_fed_funds_initial,2020-08-29,0.09
DFF,alfred_fed_funds_initial,2020-08-30,0.09
DFF,alfred_fed_funds_initial,2020-08-31,0.09
DFF,alfred_fed_funds_initial,2020-09-01,0.09
DFF,alfred_fed_funds_initial,2020-09-02,0.09
DFF,alfred_fed_funds_initial,2020-09-03,0.09
DFF,alfred_fed_funds_initial,2020-09-04,0.09
DFF,alfred_fed_funds_initial,2020-09-05,0.09
DFF,alfred_fed_funds_initial,2020-09-06,0.09
DFF,alfred_fed_funds_initial,2020-09-07,0.09
DFF,alfred_fed_funds_initial,2020-09-08,0.09
DFF,alfred_fed_funds_initial,2020-09-09,0.09
DFF,alfred_fed_funds_initial,2020-09-10,0.09
DFF,alfred_fed_funds_initial,2020-09-11,0.09
DFF,alfred_fed_funds_initial,2020-09-12,0.09
DFF,alfred_fed_funds_initial,2020-09-13,0.09
DFF,alfred_fed_funds_initial,2020-09-14,0.09
DFF,alfred_fed_funds_initial,2020-09-15,0.09
DFF,alfred_fed_funds_initial,2020-09-16,0.09
DFF,alfred_fed_funds_initial,2020-09-17,0.09
DFF,alfred_fed_funds_initial,2020-09-18,0.09
DFF,alfred_fed_funds_initial,2020-09-19,0.09
DFF,alfred_fed_funds_initial,2020-09-20,0.09
DFF,alfred_fed_funds_initial,2020-09-21,0.09
DFF,alfred_fed_funds_initial,2020-09-22,0.09
DFF,alfred_fed_funds_initial,2020-09-23,0.09
DFF,alfred_fed_funds_initial,2020-09-24,0.09
DFF,alfred_fed_funds_initial,2020-09-25,0.09
DFF,alfred_fed_funds_initial,2020-09-26,0.09
DFF,alfred_fed_funds_initial,2020-09-27,0.09
DFF,alfred_fed_funds_initial,2020-09-28,0.09
DFF,alfred_fed_funds_initial,2020-09-29,0.09
DFF,alfred_fed_funds_initial,2020-09-30,0.09
DFF,alfred_fed_funds_initial,2020-10-01,0.09
DFF,alfred_fed_funds_initial,2020-10-02,0.09
DFF,alfred_fed_funds_initial,2020-10-03,0.09
DFF,alfred_fed_funds_initial,2020-10-04,0.09
DFF,alfred_fed_funds_initial,2020-10-05,0.09
DFF,alfred_fed_funds_initial,2020-10-06,0.09
DFF,alfred_fed_funds_initial,2020-10-07,0.09
DFF,alfred_fed_funds_initial,2020-10-08,0.09
DFF,alfred_fed_funds_initial,2020-10-09,0.09
DFF,alfred_fed_funds_initial,2020-10-10,0.09
DFF,alfred_fed_funds_initial,2020-10-11,0.09
DFF,alfred_fed_funds_initial,2020-10-12,0.09
DFF,alfred_fed_funds_initial,2020-10-13,0.09
DFF,alfred_fed_funds_initial,2020-10-14,0.09
DFF,alfred_fed_funds_initial,2020-10-15,0.09
DFF,alfred_fed_funds_initial,2020-10-16,0.09
DFF,alfred_fed_funds_initial,2020-10-17,0.09
DFF,alfred_fed_funds_initial,2020-10-18,0.09
DFF,alfred_fed_funds_initial,2020-10-19,0.09
DFF,alfred_fed_funds_initial,2020-10-20,0.09
DFF,alfred_fed_funds_initial,2020-10-21,0.09
DFF,alfred_fed_funds_initial,2020-10-22,0.09
DFF,alfred_fed_funds_initial,2020-10-23,0.09
DFF,alfred_fed_funds_initial,2020-10-24,0.09
DFF,alfred_fed_funds_initial,2020-10-25,0.09
DFF,alfred_fed_funds_initial,2020-10-26,0.09
DFF,alfred_fed_funds_initial,2020-10-27,0.09
DFF,alfred_fed_funds_initial,2020-10-28,0.09
DFF,alfred_fed_funds_initial,2020-10-29,0.09
DFF,alfred_fed_funds_initial,2020-10-30,0.09
DFF,alfred_fed_funds_initial,2020-10-31,0.09
DFF,alfred_fed_funds_initial,2020-11-01,0.09
DFF,alfred_fed_funds_initial,2020-11-02,0.09
DFF,alfred_fed_funds_initial,2020-11-03,0.09
DFF,alfred_fed_funds_initial,2020-11-04,0.09
DFF,alfred_fed_funds_initial,2020-11-05,0.09
DFF,alfred_fed_funds_initial,2020-11-06,0.09
DFF,alfred_fed_funds_initial,2020-11-07,0.09
DFF,alfred_fed_funds_initial,2020-11-08,0.09
DFF,alfred_fed_funds_initial,2020-11-09,0.09
DFF,alfred_fed_funds_initial,2020-11-10,0.09
DFF,alfred_fed_funds_initial,2020-11-11,0.09
DFF,alfred_fed_funds_initial,2020-11-12,0.09
DFF,alfred_fed_funds_initial,2020-11-13,0.09
DFF,alfred_fed_funds_initial,2020-11-14,0.09
DFF,alfred_fed_funds_initial,2020-11-15,0.09
DFF,alfred_fed_funds_initial,2020-11-16,0.09
DFF,alfred_fed_funds_initial,2020-11-17,0.09
DFF,alfred_fed_funds_initial,2020-11-18,0.09
DFF,alfred_fed_funds_initial,2020-11-19,0.08
DFF,alfred_fed_funds_initial,2020-11-20,0.08
DFF,alfred_fed_funds_initial,2020-11-21,0.08
DFF,alfred_fed_funds_initial,2020-11-22,0.08
DFF,alfred_fed_funds_initial,2020-11-23,0.08
DFF,alfred_fed_funds_initial,2020-11-24,0.08
DFF,alfred_fed_funds_initial,2020-11-25,0.08
DFF,alfred_fed_funds_initial,2020-11-26,0.08
DFF,alfred_fed_funds_initial,2020-11-27,0.08
DFF,alfred_fed_funds_initial,2020-11-28,0.08
DFF,alfred_fed_funds_initial,2020-11-29,0.08
DFF,alfred_fed_funds_initial,2020-11-30,0.09
DFF,alfred_fed_funds_initial,2020-12-01,0.09
DFF,alfred_fed_funds_initial,2020-12-02,0.09
DFF,alfred_fed_funds_initial,2020-12-03,0.09
DFF,alfred_fed_funds_initial,2020-12-04,0.09
DFF,alfred_fed_funds_initial,2020-12-05,0.09
DFF,alfred_fed_funds_initial,2020-12-06,0.09
DFF,alfred_fed_funds_initial,2020-12-07,0.09
DFF,alfred_fed_funds_initial,2020-12-08,0.09
DFF,alfred_fed_funds_initial,2020-12-09,0.09
DFF,alfred_fed_funds_initial,2020-12-10,0.09
DFF,alfred_fed_funds_initial,2020-12-11,0.09
DFF,alfred_fed_funds_initial,2020-12-12,0.09
DFF,alfred_fed_funds_initial,2020-12-13,0.09
DFF,alfred_fed_funds_initial,2020-12-14,0.09
DFF,alfred_fed_funds_initial,2020-12-15,0.09
DFF,alfred_fed_funds_initial,2020-12-16,0.09
DFF,alfred_fed_funds_initial,2020-12-17,0.09
DFF,alfred_fed_funds_initial,2020-12-18,0.09
DFF,alfred_fed_funds_initial,2020-12-19,0.09
DFF,alfred_fed_funds_initial,2020-12-20,0.09
DFF,alfred_fed_funds_initial,2020-12-21,0.09
DFF,alfred_fed_funds_initial,2020-12-22,0.09
DFF,alfred_fed_funds_initial,2020-12-23,0.09
DFF,alfred_fed_funds_initial,2020-12-24,0.09
DFF,alfred_fed_funds_initial,2020-12-25,0.09
DFF,alfred_fed_funds_initial,2020-12-26,0.09
DFF,alfred_fed_funds_initial,2020-12-27,0.09
DFF,alfred_fed_funds_initial,2020-12-28,0.09
DFF,alfred_fed_funds_initial,2020-12-29,0.09
DFF,alfred_fed_funds_initial,2020-12-30,0.09
DFF,alfred_fed_funds_initial,2020-12-31,0.09
DFF,alfred_fed_funds_initial,2021-01-01,0.09
DFF,alfred_fed_funds_initial,2021-01-02,0.09
DFF,alfred_fed_funds_initial,2021-01-03,0.09
DFF,alfred_fed_funds_initial,2021-01-04,0.09
DFF,alfred_fed_funds_initial,2021-01-05,0.09
DFF,alfred_fed_funds_initial,2021-01-06,0.09
DFF,alfred_fed_funds_initial,2021-01-07,0.09
DFF,alfred_fed_funds_initial,2021-01-08,0.09
DFF,alfred_fed_funds_initial,2021-01-09,0.09
DFF,alfred_fed_funds_initial,2021-01-10,0.09
DFF,alfred_fed_funds_initial,2021-01-11,0.09
DFF,alfred_fed_funds_initial,2021-01-12,0.09
DFF,alfred_fed_funds_initial,2021-01-13,0.09
DFF,alfred_fed_funds_initial,2021-01-14,0.09
DFF,alfred_fed_funds_initial,2021-01-15,0.09
DFF,alfred_fed_funds_initial,2021-01-16,0.09
DFF,alfred_fed_funds_initial,2021-01-17,0.09
DFF,alfred_fed_funds_initial,2021-01-18,0.09
DFF,alfred_fed_funds_initial,2021-01-19,0.09
DFF,alfred_fed_funds_initial,2021-01-20,0.09
DFF,alfred_fed_funds_initial,2021-01-21,0.08
DFF,alfred_fed_funds_initial,2021-01-22,0.08
DFF,alfred_fed_funds_initial,2021-01-23,0.08
DFF,alfred_fed_funds_initial,2021-01-24,0.08
DFF,alfred_fed_funds_initial,2021-01-25,0.08
DFF,alfred_fed_funds_initial,2021-01-26,0.08
DFF,alfred_fed_funds_initial,2021-01-27,0.08
DFF,alfred_fed_funds_initial,2021-01-28,0.07
DFF,alfred_fed_funds_initial,2021-01-29,0.07
DFF,alfred_fed_funds_initial,2021-01-30,0.07
DFF,alfred_fed_funds_initial,2021-01-31,0.07
DFF,alfred_fed_funds_initial,2021-02-01,0.08
DFF,alfred_fed_funds_initial,2021-02-02,0.08
DFF,alfred_fed_funds_initial,2021-02-03,0.08
DFF,alfred_fed_funds_initial,2021-02-04,0.08
DFF,alfred_fed_funds_initial,2021-02-05,0.08
DFF,alfred_fed_funds_initial,2021-02-06,0.08
DFF,alfred_fed_funds_initial,2021-02-07,0.08
DFF,alfred_fed_funds_initial,2021-02-08,0.07
DFF,alfred_fed_funds_initial,2021-02-09,0.08
DFF,alfred_fed_funds_initial,2021-02-10,0.08
DFF,alfred_fed_funds_initial,2021-02-11,0.08
DFF,alfred_fed_funds_initial,2021-02-12,0.08
DFF,alfred_fed_funds_initial,2021-02-13,0.08
DFF,alfred_fed_funds_initial,2021-02-14,0.08
DFF,alfred_fed_funds_initial,2021-02-15,0.08
DFF,alfred_fed_funds_initial,2021-02-16,0.08
DFF,alfred_fed_funds_initial,2021-02-17,0.08
DFF,alfred_fed_funds_initial,2021-02-18,0.07
DFF,alfred_fed_funds_initial,2021-02-19,0.07
DFF,alfred_fed_funds_initial,2021-02-20,0.07
DFF,alfred_fed_funds_initial,2021-02-21,0.07
DFF,alfred_fed_funds_initial,2021-02-22,0.07
DFF,alfred_fed_funds_initial,2021-02-23,0.07
DFF,alfred_fed_funds_initial,2021-02-24,0.07
DFF,alfred_fed_funds_initial,2021-02-25,0.07
DFF,alfred_fed_funds_initial,2021-02-26,0.07
DFF,alfred_fed_funds_initial,2021-02-27,0.07
DFF,alfred_fed_funds_initial,2021-02-28,0.07
DFF,alfred_fed_funds_initial,2021-03-01,0.07
DFF,alfred_fed_funds_initial,2021-03-02,0.07
DFF,alfred_fed_funds_initial,2021-03-03,0.07
DFF,alfred_fed_funds_initial,2021-03-04,0.07
DFF,alfred_fed_funds_initial,2021-03-05,0.07
DFF,alfred_fed_funds_initial,2021-03-06,0.07
DFF,alfred_fed_funds_initial,2021-03-07,0.07
DFF,alfred_fed_funds_initial,2021-03-08,0.07
DFF,alfred_fed_funds_initial,2021-03-09,0.07
DFF,alfred_fed_funds_initial,2021-03-10,0.07
DFF,alfred_fed_funds_initial,2021-03-11,0.07
DFF,alfred_fed_funds_initial,2021-03-12,0.07
DFF,alfred_fed_funds_initial,2021-03-13,0.07
DFF,alfred_fed_funds_initial,2021-03-14,0.07
DFF,alfred_fed_funds_initial,2021-03-15,0.07
DFF,alfred_fed_funds_initial,2021-03-16,0.07
DFF,alfred_fed_funds_initial,2021-03-17,0.07
DFF,alfred_fed_funds_initial,2021-03-18,0.07
DFF,alfred_fed_funds_initial,2021-03-19,0.07
DFF,alfred_fed_funds_initial,2021-03-20,0.07
DFF,alfred_fed_funds_initial,2021-03-21,0.07
DFF,alfred_fed_funds_initial,2021-03-22,0.07
DFF,alfred_fed_funds_initial,2021-03-23,0.07
DFF,alfred_fed_funds_initial,2021-03-24,0.07
DFF,alfred_fed_funds_initial,2021-03-25,0.07
DFF,alfred_fed_funds_initial,2021-03-26,0.07
DFF,alfred_fed_funds_initial,2021-03-27,0.07
DFF,alfred_fed_funds_initial,2021-03-28,0.07
DFF,alfred_fed_funds_initial,2021-03-29,0.07
DFF,alfred_fed_funds_initial,2021-03-30,0.07
DFF,alfred_fed_funds_initial,2021-03-31,0.06
DFF,alfred_fed_funds_initial,2021-04-01,0.07
DFF,alfred_fed_funds_initial,2021-04-02,0.07
DFF,alfred_fed_funds_initial,2021-04-03,0.07
DFF,alfred_fed_funds_initial,2021-04-04,0.07
DFF,alfred_fed_funds_initial,2021-04-05,0.07
DFF,alfred_fed_funds_initial,2021-04-06,0.07
DFF,alfred_fed_funds_initial,2021-04-07,0.07
DFF,alfred_fed_funds_initial,2021-04-08,0.07
DFF,alfred_fed_funds_initial,2021-04-09,0.07
DFF,alfred_fed_funds_initial,2021-04-10,0.07
DFF,alfred_fed_funds_initial,2021-04-11,0.07
DFF,alfred_fed_funds_initial,2021-04-12,0.07
DFF,alfred_fed_funds_initial,2021-04-13,0.07
DFF,alfred_fed_funds_initial,2021-04-14,0.07
DFF,alfred_fed_funds_initial,2021-04-15,0.07
DFF,alfred_fed_funds_initial,2021-04-16,0.07
DFF,alfred_fed_funds_initial,2021-04-17,0.07
DFF,alfred_fed_funds_initial,2021-04-18,0.07
DFF,alfred_fed_funds_initial,2021-04-19,0.07
DFF,alfred_fed_funds_initial,2021-04-20,0.07
DFF,alfred_fed_funds_initial,2021-04-21,0.07
DFF,alfred_fed_funds_initial,2021-04-22,0.07
DFF,alfred_fed_funds_initial,2021-04-23,0.07
DFF,alfred_fed_funds_initial,2021-04-24,0.07
DFF,alfred_fed_funds_initial,2021-04-25,0.07
DFF,alfred_fed_funds_initial,2021-04-26,0.07
DFF,alfred_fed_funds_initial,2021-04-27,0.07
DFF,alfred_fed_funds_initial,2021-04-28,0.07
DFF,alfred_fed_funds_initial,2021-04-29,0.06
DFF,alfred_fed_funds_initial,2021-04-30,0.05
DFF,alfred_fed_funds_initial,2021-05-01,0.05
DFF,alfred_fed_funds_initial,2021-05-02,0.05
DFF,alfred_fed_funds_initial,2021-05-03,0.06
DFF,alfred_fed_funds_initial,2021-05-04,0.06
DFF,alfred_fed_funds_initial,2021-05-05,0.06
DFF,alfred_fed_funds_initial,2021-05-06,0.06
DFF,alfred_fed_funds_initial,2021-05-07,0.06
DFF,alfred_fed_funds_initial,2021-05-08,0.06
DFF,alfred_fed_funds_initial,2021-05-09,0.06
DFF,alfred_fed_funds_initial,2021-05-10,0.06
DFF,alfred_fed_funds_initial,2021-05-11,0.06
DFF,alfred_fed_funds_initial,2021-05-12,0.06
DFF,alfred_fed_funds_initial,2021-05-13,0.06
DFF,alfred_fed_funds_initial,2021-05-14,0.06
DFF,alfred_fed_funds_initial,2021-05-15,0.06
DFF,alfred_fed_funds_initial,2021-05-16,0.06
DFF,alfred_fed_funds_initial,2021-05-17,0.06
DFF,alfred_fed_funds_initial,2021-05-18,0.06
DFF,alfred_fed_funds_initial,2021-05-19,0.06
DFF,alfred_fed_funds_initial,2021-05-20,0.06
DFF,alfred_fed_funds_initial,2021-05-21,0.06
DFF,alfred_fed_funds_initial,2021-05-22,0.06
DFF,alfred_fed_funds_initial,2021-05-23,0.06
DFF,alfred_fed_funds_initial,2021-05-24,0.06
DFF,alfred_fed_funds_initial,2021-05-25,0.06
DFF,alfred_fed_funds_initial,2021-05-26,0.06
DFF,alfred_fed_funds_initial,2021-05-27,0.06
DFF,alfred_fed_funds_initial,2021-05-28,0.05
DFF,alfred_fed_funds_initial,2021-05-29,0.05
DFF,alfred_fed_funds_initial,2021-05-30,0.05
DFF,alfred_fed_funds_initial,2021-05-31,0.05
DFF,alfred_fed_funds_initial,2021-06-01,0.06
DFF,alfred_fed_funds_initial,2021-06-02,0.06
DFF,alfred_fed_funds_initial,2021-06-03,0.06
DFF,alfred_fed_funds_initial,2021-06-04,0.06
DFF,alfred_fed_funds_initial,2021-06-05,0.06
DFF,alfred_fed_funds_initial,2021-06-06,0.06
DFF,alfred_fed_funds_initial,2021-06-07,0.06
DFF,alfred_fed_funds_initial,2021-06-08,0.06
DFF,alfred_fed_funds_initial,2021-06-09,0.06
DFF,alfred_fed_funds_initial,2021-06-10,0.06
DFF,alfred_fed_funds_initial,2021-06-11,0.06
DFF,alfred_fed_funds_initial,2021-06-12,0.06
DFF,alfred_fed_funds_initial,2021-06-13,0.06
DFF,alfred_fed_funds_initial,2021-06-14,0.06
DFF,alfred_fed_funds_initial,2021-06-15,0.06
DFF,alfred_fed_funds_initial,2021-06-16,0.06
DFF,alfred_fed_funds_initial,2021-06-17,0.1
DFF,alfred_fed_funds_initial,2021-06-18,0.1
DFF,alfred_fed_funds_initial,2021-06-19,0.1
DFF,alfred_fed_funds_initial,2021-06-20,0.1
DFF,alfred_fed_funds_initial,2021-06-21,0.1
DFF,alfred_fed_funds_initial,2021-06-22,0.1
DFF,alfred_fed_funds_initial,2021-06-23,0.1
DFF,alfred_fed_funds_initial,2021-06-24,0.1
DFF,alfred_fed_funds_initial,2021-06-25,0.1
DFF,alfred_fed_funds_initial,2021-06-26,0.1
DFF,alfred_fed_funds_initial,2021-06-27,0.1
DFF,alfred_fed_funds_initial,2021-06-28,0.1
DFF,alfred_fed_funds_initial,2021-06-29,0.1
DFF,alfred_fed_funds_initial,2021-06-30,0.08
DFF,alfred_fed_funds_initial,2021-07-01,0.1
DFF,alfred_fed_funds_initial,2021-07-02,0.1
DFF,alfred_fed_funds_initial,2021-07-03,0.1
DFF,alfred_fed_funds_initial,2021-07-04,0.1
DFF,alfred_fed_funds_initial,2021-07-05,0.1
DFF,alfred_fed_funds_initial,2021-07-06,0.1
DFF,alfred_fed_funds_initial,2021-07-07,0.1
DFF,alfred_fed_funds_initial,2021-07-08,0.1
DFF,alfred_fed_funds_initial,2021-07-09,0.1
DFF,alfred_fed_funds_initial,2021-07-10,0.1
DFF,alfred_fed_funds_initial,2021-07-11,0.1
DFF,alfred_fed_funds_initial,2021-07-12,0.1
DFF,alfred_fed_funds_initial,2021-07-13,0.1
DFF,alfred_fed_funds_initial,2021-07-14,0.1
DFF,alfred_fed_funds_initial,2021-07-15,0.1
DFF,alfred_fed_funds_initial,2021-07-16,0.1
DFF,alfred_fed_funds_initial,2021-07-17,0.1
DFF,alfred_fed_funds_initial,2021-07-18,0.1
DFF,alfred_fed_funds_initial,2021-07-19,0.1
DFF,alfred_fed_funds_initial,2021-07-20,0.1
DFF,alfred_fed_funds_initial,2021-07-21,0.1
DFF,alfred_fed_funds_initial,2021-07-22,0.1
DFF,alfred_fed_funds_initial,2021-07-23,0.1
DFF,alfred_fed_funds_initial,2021-07-24,0.1
DFF,alfred_fed_funds_initial,2021-07-25,0.1
DFF,alfred_fed_funds_initial,2021-07-26,0.1
DFF,alfred_fed_funds_initial,2021-07-27,0.1
DFF,alfred_fed_funds_initial,2021-07-28,0.1
DFF,alfred_fed_funds_initial,2021-07-29,0.1
DFF,alfred_fed_funds_initial,2021-07-30,0.07
DFF,alfred_fed_funds_initial,2021-07-31,0.07
DFF,alfred_fed_funds_initial,2021-08-01,0.07
DFF,alfred_fed_funds_initial,2021-08-02,0.1
DFF,alfred_fed_funds_initial,2021-08-03,0.1
DFF,alfred_fed_funds_initial,2021-08-04,0.1
DFF,alfred_fed_funds_initial,2021-08-05,0.1
DFF,alfred_fed_funds_initial,2021-08-06,0.1
DFF,alfred_fed_funds_initial,2021-08-07,0.1
DFF,alfred_fed_funds_initial,2021-08-08,0.1
DFF,alfred_fed_funds_initial,2021-08-09,0.1
DFF,alfred_fed_funds_initial,2021-08-10,0.1
DFF,alfred_fed_funds_initial,2021-08-11,0.1
DFF,alfred_fed_funds_initial,2021-08-12,0.1
DFF,alfred_fed_funds_initial,2021-08-13,0.1
DFF,alfred_fed_funds_initial,2021-08-14,0.1
DFF,alfred_fed_funds_initial,2021-08-15,0.1
DFF,alfred_fed_funds_initial,2021-08-16,0.1
DFF,alfred_fed_funds_initial,2021-08-17,0.1
DFF,alfred_fed_funds_initial,2021-08-18,0.09
DFF,alfred_fed_funds_initial,2021-08-19,0.09
DFF,alfred_fed_funds_initial,2021-08-20,0.09
DFF,alfred_fed_funds_initial,2021-08-21,0.09
DFF,alfred_fed_funds_initial,2021-08-22,0.09
DFF,alfred_fed_funds_initial,2021-08-23,0.09
DFF,alfred_fed_funds_initial,2021-08-24,0.09
DFF,alfred_fed_funds_initial,2021-08-25,0.09
DFF,alfred_fed_funds_initial,2021-08-26,0.09
DFF,alfred_fed_funds_initial,2021-08-27,0.08
DFF,alfred_fed_funds_initial,2021-08-28,0.08
DFF,alfred_fed_funds_initial,2021-08-29,0.08
DFF,alfred_fed_funds_initial,2021-08-30,0.08
DFF,alfred_fed_funds_initial,2021-08-31,0.06
DFF,alfred_fed_funds_initial,2021-09-01,0.08
DFF,alfred_fed_funds_initial,2021-09-02,0.08
DFF,alfred_fed_funds_initial,2021-09-03,0.08
DFF,alfred_fed_funds_initial,2021-09-04,0.08
DFF,alfred_fed_funds_initial,2021-09-05,0.08
DFF,alfred_fed_funds_initial,2021-09-06,0.08
DFF,alfred_fed_funds_initial,2021-09-07,0.08
DFF,alfred_fed_funds_initial,2021-09-08,0.08
DFF,alfred_fed_funds_initial,2021-09-09,0.08
DFF,alfred_fed_funds_initial,2021-09-10,0.08
DFF,alfred_fed_funds_initial,2021-09-11,0.08
DFF,alfred_fed_funds_initial,2021-09-12,0.08
DFF,alfred_fed_funds_initial,2021-09-13,0.08
DFF,alfred_fed_funds_initial,2021-09-14,0.08
DFF,alfred_fed_funds_initial,2021-09-15,0.08
DFF,alfred_fed_funds_initial,2021-09-16,0.08
DFF,alfred_fed_funds_initial,2021-09-17,0.08
DFF,alfred_fed_funds_initial,2021-09-18,0.08
DFF,alfred_fed_funds_initial,2021-09-19,0.08
DFF,alfred_fed_funds_initial,2021-09-20,0.08
DFF,alfred_fed_funds_initial,2021-09-21,0.08
DFF,alfred_fed_funds_initial,2021-09-22,0.08
DFF,alfred_fed_funds_initial,2021-09-23,0.08
DFF,alfred_fed_funds_initial,2021-09-24,0.08
DFF,alfred_fed_funds_initial,2021-09-25,0.08
DFF,alfred_fed_funds_initial,2021-09-26,0.08
DFF,alfred_fed_funds_initial,2021-09-27,0.08
DFF,alfred_fed_funds_initial,2021-09-28,0.08
DFF,alfred_fed_funds_initial,2021-09-29,0.08
DFF,alfred_fed_funds_initial,2021-09-30,0.06
DFF,alfred_fed_funds_initial,2021-10-01,0.08
DFF,alfred_fed_funds_initial,2021-10-02,0.08
DFF,alfred_fed_funds_initial,2021-10-03,0.08
DFF,alfred_fed_funds_initial,2021-10-04,0.08
DFF,alfred_fed_funds_initial,2021-10-05,0.08
DFF,alfred_fed_funds_initial,2021-10-06,0.08
DFF,alfred_fed_funds_initial,2021-10-07,0.08
DFF,alfred_fed_funds_initial,2021-10-08,0.08
DFF,alfred_fed_funds_initial,2021-10-09,0.08
DFF,alfred_fed_funds_initial,2021-10-10,0.08
DFF,alfred_fed_funds_initial,2021-10-11,0.08
DFF,alfred_fed_funds_initial,2021-10-12,0.08
DFF,alfred_fed_funds_initial,2021-10-13,0.08
DFF,alfred_fed_funds_initial,2021-10-14,0.08
DFF,alfred_fed_funds_initial,2021-10-15,0.08
DFF,alfred_fed_funds_initial,2021-10-16,0.08
DFF,alfred_fed_funds_initial,2021-10-17,0.08
DFF,alfred_fed_funds_initial,2021-10-18,0.08
DFF,alfred_fed_funds_initial,2021-10-19,0.08
DFF,alfred_fed_funds_initial,2021-10-20,0.08
DFF,alfred_fed_funds_initial,2021-10-21,0.08
DFF,alfred_fed_funds_initial,2021-10-22,0.08
DFF,alfred_fed_funds_initial,2021-10-23,0.08
DFF,alfred_fed_funds_initial,2021-10-24,0.08
DFF,alfred_fed_funds_initial,2021-10-25,0.08
DFF,alfred_fed_funds_initial,2021-10-26,0.08
DFF,alfred_fed_funds_initial,2021-10-27,0.08
DFF,alfred_fed_funds_initial,2021-10-28,0.08
DFF,alfred_fed_funds_initial,2021-10-29,0.07
DFF,alfred_fed_funds_initial,2021-10-30,0.07
DFF,alfred_fed_funds_initial,2021-10-31,0.07
DFF,alfred_fed_funds_initial,2021-11-01,0.08
DFF,alfred_fed_funds_initial,2021-11-02,0.08
DFF,alfred_fed_funds_initial,2021-11-03,0.08
DFF,alfred_fed_funds_initial,2021-11-04,0.08
DFF,alfred_fed_funds_initial,2021-11-05,0.08
DFF,alfred_fed_funds_initial,2021-11-06,0.08
DFF,alfred_fed_funds_initial,2021-11-07,0.08
DFF,alfred_fed_funds_initial,2021-11-08,0.08
DFF,alfred_fed_funds_initial,2021-11-09,0.08
DFF,alfred_fed_funds_initial,2021-11-10,0.08
DFF,alfred_fed_funds_initial,2021-11-11,0.08
DFF,alfred_fed_funds_initial,2021-11-12,0.08
DFF,alfred_fed_funds_initial,2021-11-13,0.08
DFF,alfred_fed_funds_initial,2021-11-14,0.08
DFF,alfred_fed_funds_initial,2021-11-15,0.08
DFF,alfred_fed_funds_initial,2021-11-16,0.08
DFF,alfred_fed_funds_initial,2021-11-17,0.08
DFF,alfred_fed_funds_initial,2021-11-18,0.08
DFF,alfred_fed_funds_initial,2021-11-19,0.08
DFF,alfred_fed_funds_initial,2021-11-20,0.08
DFF,alfred_fed_funds_initial,2021-11-21,0.08
DFF,alfred_fed_funds_initial,2021-11-22,0.08
DFF,alfred_fed_funds_initial,2021-11-23,0.08
DFF,alfred_fed_funds_initial,2021-11-24,0.08
DFF,alfred_fed_funds_initial,2021-11-25,0.08
DFF,alfred_fed_funds_initial,2021-11-26,0.08
DFF,alfred_fed_funds_initial,2021-11-27,0.08
DFF,alfred_fed_funds_initial,2021-11-28,0.08
DFF,alfred_fed_funds_initial,2021-11-29,0.08
DFF,alfred_fed_funds_initial,2021-11-30,0.07
DFF,alfred_fed_funds_initial,2021-12-01,0.08
DFF,alfred_fed_funds_initial,2021-12-02,0.08
DFF,alfred_fed_funds_initial,2021-12-03,0.08
DFF,alfred_fed_funds_initial,2021-12-04,0.08
DFF,alfred_fed_funds_initial,2021-12-05,0.08
DFF,alfred_fed_funds_initial,2021-12-06,0.08
DFF,alfred_fed_funds_initial,2021-12-07,0.08
DFF,alfred_fed_funds_initial,2021-12-08,0.08
DFF,alfred_fed_funds_initial,2021-12-09,0.08
DFF,alfred_fed_funds_initial,2021-12-10,0.08
DFF,alfred_fed_funds_initial,2021-12-11,0.08
DFF,alfred_fed_funds_initial,2021-12-12,0.08
DFF,alfred_fed_funds_initial,2021-12-13,0.08
DFF,alfred_fed_funds_initial,2021-12-14,0.08
DFF,alfred_fed_funds_initial,2021-12-15,0.08
DFF,alfred_fed_funds_initial,2021-12-16,0.08
DFF,alfred_fed_funds_initial,2021-12-17,0.08
DFF,alfred_fed_funds_initial,2021-12-18,0.08
DFF,alfred_fed_funds_initial,2021-12-19,0.08
DFF,alfred_fed_funds_initial,2021-12-20,0.08
DFF,alfred_fed_funds_initial,2021-12-21,0.08
DFF,alfred_fed_funds_initial,2021-12-22,0.08
DFF,alfred_fed_funds_initial,2021-12-23,0.08
DFF,alfred_fed_funds_initial,2021-12-24,0.08
DFF,alfred_fed_funds_initial,2021-12-25,0.08
DFF,alfred_fed_funds_initial,2021-12-26,0.08
DFF,alfred_fed_funds_initial,2021-12-27,0.08
DFF,alfred_fed_funds_initial,2021-12-28,0.08
DFF,alfred_fed_funds_initial,2021-12-29,0.08
DFF,alfred_fed_funds_initial,2021-12-30,0.08
DFF,alfred_fed_funds_initial,2021-12-31,0.07
DFF,alfred_fed_funds_initial,2022-01-01,0.07
DFF,alfred_fed_funds_initial,2022-01-02,0.07
DFF,alfred_fed_funds_initial,2022-01-03,0.08
DFF,alfred_fed_funds_initial,2022-01-04,0.08
DFF,alfred_fed_funds_initial,2022-01-05,0.08
DFF,alfred_fed_funds_initial,2022-01-06,0.08
DFF,alfred_fed_funds_initial,2022-01-07,0.08
DFF,alfred_fed_funds_initial,2022-01-08,0.08
DFF,alfred_fed_funds_initial,2022-01-09,0.08
DFF,alfred_fed_funds_initial,2022-01-10,0.08
DFF,alfred_fed_funds_initial,2022-01-11,0.08
DFF,alfred_fed_funds_initial,2022-01-12,0.08
DFF,alfred_fed_funds_initial,2022-01-13,0.08
DFF,alfred_fed_funds_initial,2022-01-14,0.08
DFF,alfred_fed_funds_initial,2022-01-15,0.08
DFF,alfred_fed_funds_initial,2022-01-16,0.08
DFF,alfred_fed_funds_initial,2022-01-17,0.08
DFF,alfred_fed_funds_initial,2022-01-18,0.08
DFF,alfred_fed_funds_initial,2022-01-19,0.08
DFF,alfred_fed_funds_initial,2022-01-20,0.08
DFF,alfred_fed_funds_initial,2022-01-21,0.08
DFF,alfred_fed_funds_initial,2022-01-22,0.08
DFF,alfred_fed_funds_initial,2022-01-23,0.08
DFF,alfred_fed_funds_initial,2022-01-24,0.08
DFF,alfred_fed_funds_initial,2022-01-25,0.08
DFF,alfred_fed_funds_initial,2022-01-26,0.08
DFF,alfred_fed_funds_initial,2022-01-27,0.08
DFF,alfred_fed_funds_initial,2022-01-28,0.08
DFF,alfred_fed_funds_initial,2022-01-29,0.08
DFF,alfred_fed_funds_initial,2022-01-30,0.08
DFF,alfred_fed_funds_initial,2022-01-31,0.08
DFF,alfred_fed_funds_initial,2022-02-01,0.08
DFF,alfred_fed_funds_initial,2022-02-02,0.08
DFF,alfred_fed_funds_initial,2022-02-03,0.08
DFF,alfred_fed_funds_initial,2022-02-04,0.08
DFF,alfred_fed_funds_initial,2022-02-05,0.08
DFF,alfred_fed_funds_initial,2022-02-06,0.08
DFF,alfred_fed_funds_initial,2022-02-07,0.08
DFF,alfred_fed_funds_initial,2022-02-08,0.08
DFF,alfred_fed_funds_initial,2022-02-09,0.08
DFF,alfred_fed_funds_initial,2022-02-10,0.08
DFF,alfred_fed_funds_initial,2022-02-11,0.08
DFF,alfred_fed_funds_initial,2022-02-12,0.08
DFF,alfred_fed_funds_initial,2022-02-13,0.08
DFF,alfred_fed_funds_initial,2022-02-14,0.08
DFF,alfred_fed_funds_initial,2022-02-15,0.08
DFF,alfred_fed_funds_initial,2022-02-16,0.08
DFF,alfred_fed_funds_initial,2022-02-17,0.08
DFF,alfred_fed_funds_initial,2022-02-18,0.08
DFF,alfred_fed_funds_initial,2022-02-19,0.08
DFF,alfred_fed_funds_initial,2022-02-20,0.08
DFF,alfred_fed_funds_initial,2022-02-21,0.08
DFF,alfred_fed_funds_initial,2022-02-22,0.08
DFF,alfred_fed_funds_initial,2022-02-23,0.08
DFF,alfred_fed_funds_initial,2022-02-24,0.08
DFF,alfred_fed_funds_initial,2022-02-25,0.08
DFF,alfred_fed_funds_initial,2022-02-26,0.08
DFF,alfred_fed_funds_initial,2022-02-27,0.08
DFF,alfred_fed_funds_initial,2022-02-28,0.08
DFF,alfred_fed_funds_initial,2022-03-01,0.08
DFF,alfred_fed_funds_initial,2022-03-02,0.08
DFF,alfred_fed_funds_initial,2022-03-03,0.08
DFF,alfred_fed_funds_initial,2022-03-04,0.08
DFF,alfred_fed_funds_initial,2022-03-05,0.08
DFF,alfred_fed_funds_initial,2022-03-06,0.08
DFF,alfred_fed_funds_initial,2022-03-07,0.08
DFF,alfred_fed_funds_initial,2022-03-08,0.08
DFF,alfred_fed_funds_initial,2022-03-09,0.08
DFF,alfred_fed_funds_initial,2022-03-10,0.08
DFF,alfred_fed_funds_initial,2022-03-11,0.08
DFF,alfred_fed_funds_initial,2022-03-12,0.08
DFF,alfred_fed_funds_initial,2022-03-13,0.08
DFF,alfred_fed_funds_initial,2022-03-14,0.08
DFF,alfred_fed_funds_initial,2022-03-15,0.08
DFF,alfred_fed_funds_initial,2022-03-16,0.08
DFF,alfred_fed_funds_initial,2022-03-17,0.33
DFF,alfred_fed_funds_initial,2022-03-18,0.33
DFF,alfred_fed_funds_initial,2022-03-19,0.33
DFF,alfred_fed_funds_initial,2022-03-20,0.33
DFF,alfred_fed_funds_initial,2022-03-21,0.33
DFF,alfred_fed_funds_initial,2022-03-22,0.33
DFF,alfred_fed_funds_initial,2022-03-23,0.33
DFF,alfred_fed_funds_initial,2022-03-24,0.33
DFF,alfred_fed_funds_initial,2022-03-25,0.33
DFF,alfred_fed_funds_initial,2022-03-26,0.33
DFF,alfred_fed_funds_initial,2022-03-27,0.33
DFF,alfred_fed_funds_initial,2022-03-28,0.33
DFF,alfred_fed_funds_initial,2022-03-29,0.33
DFF,alfred_fed_funds_initial,2022-03-30,0.33
DFF,alfred_fed_funds_initial,2022-03-31,0.33
DFF,alfred_fed_funds_initial,2022-04-01,0.33
DFF,alfred_fed_funds_initial,2022-04-02,0.33
DFF,alfred_fed_funds_initial,2022-04-03,0.33
DFF,alfred_fed_funds_initial,2022-04-04,0.33
DFF,alfred_fed_funds_initial,2022-04-05,0.33
DFF,alfred_fed_funds_initial,2022-04-06,0.33
DFF,alfred_fed_funds_initial,2022-04-07,0.33
DFF,alfred_fed_funds_initial,2022-04-08,0.33
DFF,alfred_fed_funds_initial,2022-04-09,0.33
DFF,alfred_fed_funds_initial,2022-04-10,0.33
DFF,alfred_fed_funds_initial,2022-04-11,0.33
DFF,alfred_fed_funds_initial,2022-04-12,0.33
DFF,alfred_fed_funds_initial,2022-04-13,0.33
DFF,alfred_fed_funds_initial,2022-04-14,0.33
DFF,alfred_fed_funds_initial,2022-04-15,0.33
DFF,alfred_fed_funds_initial,2022-04-16,0.33
DFF,alfred_fed_funds_initial,2022-04-17,0.33
DFF,alfred_fed_funds_initial,2022-04-18,0.33
DFF,alfred_fed_funds_initial,2022-04-19,0.33
DFF,alfred_fed_funds_initial,2022-04-20,0.33
DFF,alfred_fed_funds_initial,2022-04-21,0.33
DFF,alfred_fed_funds_initial,2022-04-22,0.33
DFF,alfred_fed_funds_initial,2022-04-23,0.33
DFF,alfred_fed_funds_initial,2022-04-24,0.33
DFF,alfred_fed_funds_initial,2022-04-25,0.33
DFF,alfred_fed_funds_initial,2022-04-26,0.33
DFF,alfred_fed_funds_initial,2022-04-27,0.33
DFF,alfred_fed_funds_initial,2022-04-28,0.33
DFF,alfred_fed_funds_initial,2022-04-29,0.33
DFF,alfred_fed_funds_initial,2022-04-30,0.33
DFF,alfred_fed_funds_initial,2022-05-01,0.33
DFF,alfred_fed_funds_initial,2022-05-02,0.33
DFF,alfred_fed_funds_initial,2022-05-03,0.33
DFF,alfred_fed_funds_initial,2022-05-04,0.33
DFF,alfred_fed_funds_initial,2022-05-05,0.83
DFF,alfred_fed_funds_initial,2022-05-06,0.83
DFF,alfred_fed_funds_initial,2022-05-07,0.83
DFF,alfred_fed_funds_initial,2022-05-08,0.83
DFF,alfred_fed_funds_initial,2022-05-09,0.83
DFF,alfred_fed_funds_initial,2022-05-10,0.83
DFF,alfred_fed_funds_initial,2022-05-11,0.83
DFF,alfred_fed_funds_initial,2022-05-12,0.83
DFF,alfred_fed_funds_initial,2022-05-13,0.83
DFF,alfred_fed_funds_initial,2022-05-14,0.83
DFF,alfred_fed_funds_initial,2022-05-15,0.83
DFF,alfred_fed_funds_initial,2022-05-16,0.83
DFF,alfred_fed_funds_initial,2022-05-17,0.83
DFF,alfred_fed_funds_initial,2022-05-18,0.83
DFF,alfred_fed_funds_initial,2022-05-19,0.83
DFF,alfred_fed_funds_initial,2022-05-20,0.83
DFF,alfred_fed_funds_initial,2022-05-21,0.83
DFF,alfred_fed_funds_initial,2022-05-22,0.83
DFF,alfred_fed_funds_initial,2022-05-23,0.83
DFF,alfred_fed_funds_initial,2022-05-24,0.83
DFF,alfred_fed_funds_initial,2022-05-25,0.83
DFF,alfred_fed_funds_initial,2022-05-26,0.83
DFF,alfred_fed_funds_initial,2022-05-27,0.83
DFF,alfred_fed_funds_initial,2022-05-28,0.83
DFF,alfred_fed_funds_initial,2022-05-29,0.83
DFF,alfred_fed_funds_initial,2022-05-30,0.83
DFF,alfred_fed_funds_initial,2022-05-31,0.83
DFF,alfred_fed_funds_initial,2022-06-01,0.83
DFF,alfred_fed_funds_initial,2022-06-02,0.83
DFF,alfred_fed_funds_initial,2022-06-03,0.83
DFF,alfred_fed_funds_initial,2022-06-04,0.83
DFF,alfred_fed_funds_initial,2022-06-05,0.83
DFF,alfred_fed_funds_initial,2022-06-06,0.83
DFF,alfred_fed_funds_initial,2022-06-07,0.83
DFF,alfred_fed_funds_initial,2022-06-08,0.83
DFF,alfred_fed_funds_initial,2022-06-09,0.83
DFF,alfred_fed_funds_initial,2022-06-10,0.83
DFF,alfred_fed_funds_initial,2022-06-11,0.83
DFF,alfred_fed_funds_initial,2022-06-12,0.83
DFF,alfred_fed_funds_initial,2022-06-13,0.83
DFF,alfred_fed_funds_initial,2022-06-14,0.83
DFF,alfred_fed_funds_initial,2022-06-15,0.83
DFF,alfred_fed_funds_initial,2022-06-16,1.58
DFF,alfred_fed_funds_initial,2022-06-17,1.58
DFF,alfred_fed_funds_initial,2022-06-18,1.58
DFF,alfred_fed_funds_initial,2022-06-19,1.58
DFF,alfred_fed_funds_initial,2022-06-20,1.58
DFF,alfred_fed_funds_initial,2022-06-21,1.58
DFF,alfred_fed_funds_initial,2022-06-22,1.58
DFF,alfred_fed_funds_initial,2022-06-23,1.58
DFF,alfred_fed_funds_initial,2022-06-24,1.58
DFF,alfred_fed_funds_initial,2022-06-25,1.58
DFF,alfred_fed_funds_initial,2022-06-26,1.58
DFF,alfred_fed_funds_initial,2022-06-27,1.58
DFF,alfred_fed_funds_initial,2022-06-28,1.58
DFF,alfred_fed_funds_initial,2022-06-29,1.58
DFF,alfred_fed_funds_initial,2022-06-30,1.58
DFF,alfred_fed_funds_initial,2022-07-01,1.58
DFF,alfred_fed_funds_initial,2022-07-02,1.58
DFF,alfred_fed_funds_initial,2022-07-03,1.58
DFF,alfred_fed_funds_initial,2022-07-04,1.58
DFF,alfred_fed_funds_initial,2022-07-05,1.58
DFF,alfred_fed_funds_initial,2022-07-06,1.58
DFF,alfred_fed_funds_initial,2022-07-07,1.58
DFF,alfred_fed_funds_initial,2022-07-08,1.58
DFF,alfred_fed_funds_initial,2022-07-09,1.58
DFF,alfred_fed_funds_initial,2022-07-10,1.58
DFF,alfred_fed_funds_initial,2022-07-11,1.58
DFF,alfred_fed_funds_initial,2022-07-12,1.58
DFF,alfred_fed_funds_initial,2022-07-13,1.58
DFF,alfred_fed_funds_initial,2022-07-14,1.58
DFF,alfred_fed_funds_initial,2022-07-15,1.58
DFF,alfred_fed_funds_initial,2022-07-16,1.58
DFF,alfred_fed_funds_initial,2022-07-17,1.58
DFF,alfred_fed_funds_initial,2022-07-18,1.58
DFF,alfred_fed_funds_initial,2022-07-19,1.58
DFF,alfred_fed_funds_initial,2022-07-20,1.58
DFF,alfred_fed_funds_initial,2022-07-21,1.58
DFF,alfred_fed_funds_initial,2022-07-22,1.58
DFF,alfred_fed_funds_initial,2022-07-23,1.58
DFF,alfred_fed_funds_initial,2022-07-24,1.58
DFF,alfred_fed_funds_initial,2022-07-25,1.58
DFF,alfred_fed_funds_initial,2022-07-26,1.58
DFF,alfred_fed_funds_initial,2022-07-27,1.58
DFF,alfred_fed_funds_initial,2022-07-28,2.33
DFF,alfred_fed_funds_initial,2022-07-29,2.32
DFF,alfred_fed_funds_initial,2022-07-30,2.32
DFF,alfred_fed_funds_initial,2022-07-31,2.32
DFF,alfred_fed_funds_initial,2022-08-01,2.33
DFF,alfred_fed_funds_initial,2022-08-02,2.33
DFF,alfred_fed_funds_initial,2022-08-03,2.33
DFF,alfred_fed_funds_initial,2022-08-04,2.33
DFF,alfred_fed_funds_initial,2022-08-05,2.33
DFF,alfred_fed_funds_initial,2022-08-06,2.33
DFF,alfred_fed_funds_initial,2022-08-07,2.33
DFF,alfred_fed_funds_initial,2022-08-08,2.33
DFF,alfred_fed_funds_initial,2022-08-09,2.33
DFF,alfred_fed_funds_initial,2022-08-10,2.33
DFF,alfred_fed_funds_initial,2022-08-11,2.33
DFF,alfred_fed_funds_initial,2022-08-12,2.33
DFF,alfred_fed_funds_initial,2022-08-13,2.33
DFF,alfred_fed_funds_initial,2022-08-14,2.33
DFF,alfred_fed_funds_initial,2022-08-15,2.33
DFF,alfred_fed_funds_initial,2022-08-16,2.33
DFF,alfred_fed_funds_initial,2022-08-17,2.33
DFF,alfred_fed_funds_initial,2022-08-18,2.33
DFF,alfred_fed_funds_initial,2022-08-19,2.33
DFF,alfred_fed_funds_initial,2022-08-20,2.33
DFF,alfred_fed_funds_initial,2022-08-21,2.33
DFF,alfred_fed_funds_initial,2022-08-22,2.33
DFF,alfred_fed_funds_initial,2022-08-23,2.33
DFF,alfred_fed_funds_initial,2022-08-24,2.33
DFF,alfred_fed_funds_initial,2022-08-25,2.33
DFF,alfred_fed_funds_initial,2022-08-26,2.33
DFF,alfred_fed_funds_initial,2022-08-27,2.33
DFF,alfred_fed_funds_initial,2022-08-28,2.33
DFF,alfred_fed_funds_initial,2022-08-29,2.33
DFF,alfred_fed_funds_initial,2022-08-30,2.33
DFF,alfred_fed_funds_initial,2022-08-31,2.33
DFF,alfred_fed_funds_initial,2022-09-01,2.33
DFF,alfred_fed_funds_initial,2022-09-02,2.33
DFF,alfred_fed_funds_initial,2022-09-03,2.33
DFF,alfred_fed_funds_initial,2022-09-04,2.33
DFF,alfred_fed_funds_initial,2022-09-05,2.33
DFF,alfred_fed_funds_initial,2022-09-06,2.33
DFF,alfred_fed_funds_initial,2022-09-07,2.33
DFF,alfred_fed_funds_initial,2022-09-08,2.33
DFF,alfred_fed_funds_initial,2022-09-09,2.33
DFF,alfred_fed_funds_initial,2022-09-10,2.33
DFF,alfred_fed_funds_initial,2022-09-11,2.33
DFF,alfred_fed_funds_initial,2022-09-12,2.33
DFF,alfred_fed_funds_initial,2022-09-13,2.33
DFF,alfred_fed_funds_initial,2022-09-14,2.33
DFF,alfred_fed_funds_initial,2022-09-15,2.33
DFF,alfred_fed_funds_initial,2022-09-16,2.33
DFF,alfred_fed_funds_initial,2022-09-17,2.33
DFF,alfred_fed_funds_initial,2022-09-18,2.33
DFF,alfred_fed_funds_initial,2022-09-19,2.33
DFF,alfred_fed_funds_initial,2022-09-20,2.33
DFF,alfred_fed_funds_initial,2022-09-21,2.33
DFF,alfred_fed_funds_initial,2022-09-22,3.08
DFF,alfred_fed_funds_initial,2022-09-23,3.08
DFF,alfred_fed_funds_initial,2022-09-24,3.08
DFF,alfred_fed_funds_initial,2022-09-25,3.08
DFF,alfred_fed_funds_initial,2022-09-26,3.08
DFF,alfred_fed_funds_initial,2022-09-27,3.08
DFF,alfred_fed_funds_initial,2022-09-28,3.08
DFF,alfred_fed_funds_initial,2022-09-29,3.08
DFF,alfred_fed_funds_initial,2022-09-30,3.08
DFF,alfred_fed_funds_initial,2022-10-01,3.08
DFF,alfred_fed_funds_initial,2022-10-02,3.08
DFF,alfred_fed_funds_initial,2022-10-03,3.08
DFF,alfred_fed_funds_initial,2022-10-04,3.08
DFF,alfred_fed_funds_initial,2022-10-05,3.08
DFF,alfred_fed_funds_initial,2022-10-06,3.08
DFF,alfred_fed_funds_initial,2022-10-07,3.08
DFF,alfred_fed_funds_initial,2022-10-08,3.08
DFF,alfred_fed_funds_initial,2022-10-09,3.08
DFF,alfred_fed_funds_initial,2022-10-10,3.08
DFF,alfred_fed_funds_initial,2022-10-11,3.08
DFF,alfred_fed_funds_initial,2022-10-12,3.08
DFF,alfred_fed_funds_initial,2022-10-13,3.08
DFF,alfred_fed_funds_initial,2022-10-14,3.08
DFF,alfred_fed_funds_initial,2022-10-15,3.08
DFF,alfred_fed_funds_initial,2022-10-16,3.08
DFF,alfred_fed_funds_initial,2022-10-17,3.08
DFF,alfred_fed_funds_initial,2022-10-18,3.08
DFF,alfred_fed_funds_initial,2022-10-19,3.08
DFF,alfred_fed_funds_initial,2022-10-20,3.08
DFF,alfred_fed_funds_initial,2022-10-21,3.08
DFF,alfred_fed_funds_initial,2022-10-22,3.08
DFF,alfred_fed_funds_initial,2022-10-23,3.08
DFF,alfred_fed_funds_initial,2022-10-24,3.08
DFF,alfred_fed_funds_initial,2022-10-25,3.08
DFF,alfred_fed_funds_initial,2022-10-26,3.08
DFF,alfred_fed_funds_initial,2022-10-27,3.08
DFF,alfred_fed_funds_initial,2022-10-28,3.08
DFF,alfred_fed_funds_initial,2022-10-29,3.08
DFF,alfred_fed_funds_initial,2022-10-30,3.08
DFF,alfred_fed_funds_initial,2022-10-31,3.08
DFF,alfred_fed_funds_initial,2022-11-01,3.08
DFF,alfred_fed_funds_initial,2022-11-02,3.08
DFF,alfred_fed_funds_initial,2022-11-03,3.83
DFF,alfred_fed_funds_initial,2022-11-04,3.83
DFF,alfred_fed_funds_initial,2022-11-05,3.83
DFF,alfred_fed_funds_initial,2022-11-06,3.83
DFF,alfred_fed_funds_initial,2022-11-07,3.83
DFF,alfred_fed_funds_initial,2022-11-08,3.83
DFF,alfred_fed_funds_initial,2022-11-09,3.83
DFF,alfred_fed_funds_initial,2022-11-10,3.83
DFF,alfred_fed_funds_initial,2022-11-11,3.83
DFF,alfred_fed_funds_initial,2022-11-12,3.83
DFF,alfred_fed_funds_initial,2022-11-13,3.83
DFF,alfred_fed_funds_initial,2022-11-14,3.83
DFF,alfred_fed_funds_initial,2022-11-15,3.83
DFF,alfred_fed_funds_initial,2022-11-16,3.83
DFF,alfred_fed_funds_initial,2022-11-17,3.83
DFF,alfred_fed_funds_initial,2022-11-18,3.83
DFF,alfred_fed_funds_initial,2022-11-19,3.83
DFF,alfred_fed_funds_initial,2022-11-20,3.83
DFF,alfred_fed_funds_initial,2022-11-21,3.83
DFF,alfred_fed_funds_initial,2022-11-22,3.83
DFF,alfred_fed_funds_initial,2022-11-23,3.83
DFF,alfred_fed_funds_initial,2022-11-24,3.83
DFF,alfred_fed_funds_initial,2022-11-25,3.83
DFF,alfred_fed_funds_initial,2022-11-26,3.83
DFF,alfred_fed_funds_initial,2022-11-27,3.83
DFF,alfred_fed_funds_initial,2022-11-28,3.83
DFF,alfred_fed_funds_initial,2022-11-29,3.83
DFF,alfred_fed_funds_initial,2022-11-30,3.83
DFF,alfred_fed_funds_initial,2022-12-01,3.83
DFF,alfred_fed_funds_initial,2022-12-02,3.83
DFF,alfred_fed_funds_initial,2022-12-03,3.83
DFF,alfred_fed_funds_initial,2022-12-04,3.83
DFF,alfred_fed_funds_initial,2022-12-05,3.83
DFF,alfred_fed_funds_initial,2022-12-06,3.83
DFF,alfred_fed_funds_initial,2022-12-07,3.83
DFF,alfred_fed_funds_initial,2022-12-08,3.83
DFF,alfred_fed_funds_initial,2022-12-09,3.83
DFF,alfred_fed_funds_initial,2022-12-10,3.83
DFF,alfred_fed_funds_initial,2022-12-11,3.83
DFF,alfred_fed_funds_initial,2022-12-12,3.83
DFF,alfred_fed_funds_initial,2022-12-13,3.83
DFF,alfred_fed_funds_initial,2022-12-14,3.83
DFF,alfred_fed_funds_initial,2022-12-15,4.33
DFF,alfred_fed_funds_initial,2022-12-16,4.33
DFF,alfred_fed_funds_initial,2022-12-17,4.33
DFF,alfred_fed_funds_initial,2022-12-18,4.33
DFF,alfred_fed_funds_initial,2022-12-19,4.33
DFF,alfred_fed_funds_initial,2022-12-20,4.33
DFF,alfred_fed_funds_initial,2022-12-21,4.33
DFF,alfred_fed_funds_initial,2022-12-22,4.33
DFF,alfred_fed_funds_initial,2022-12-23,4.33
DFF,alfred_fed_funds_initial,2022-12-24,4.33
DFF,alfred_fed_funds_initial,2022-12-25,4.33
DFF,alfred_fed_funds_initial,2022-12-26,4.33
DFF,alfred_fed_funds_initial,2022-12-27,4.33
DFF,alfred_fed_funds_initial,2022-12-28,4.33
DFF,alfred_fed_funds_initial,2022-12-29,4.33
DFF,alfred_fed_funds_initial,2022-12-30,4.33
DFF,alfred_fed_funds_initial,2022-12-31,4.33
DFF,alfred_fed_funds_initial,2023-01-01,4.33
DFF,alfred_fed_funds_initial,2023-01-02,4.33
DFF,alfred_fed_funds_initial,2023-01-03,4.33
DFF,alfred_fed_funds_initial,2023-01-04,4.33
DFF,alfred_fed_funds_initial,2023-01-05,4.33
DFF,alfred_fed_funds_initial,2023-01-06,4.33
DFF,alfred_fed_funds_initial,2023-01-07,4.33
DFF,alfred_fed_funds_initial,2023-01-08,4.33
DFF,alfred_fed_funds_initial,2023-01-09,4.33
DFF,alfred_fed_funds_initial,2023-01-10,4.33
DFF,alfred_fed_funds_initial,2023-01-11,4.33
DFF,alfred_fed_funds_initial,2023-01-12,4.33
DFF,alfred_fed_funds_initial,2023-01-13,4.33
DFF,alfred_fed_funds_initial,2023-01-14,4.33
DFF,alfred_fed_funds_initial,2023-01-15,4.33
DFF,alfred_fed_funds_initial,2023-01-16,4.33
DFF,alfred_fed_funds_initial,2023-01-17,4.33
DFF,alfred_fed_funds_initial,2023-01-18,4.33
DFF,alfred_fed_funds_initial,2023-01-19,4.33
DFF,alfred_fed_funds_initial,2023-01-20,4.33
DFF,alfred_fed_funds_initial,2023-01-21,4.33
DFF,alfred_fed_funds_initial,2023-01-22,4.33
DFF,alfred_fed_funds_initial,2023-01-23,4.33
DFF,alfred_fed_funds_initial,2023-01-24,4.33
DFF,alfred_fed_funds_initial,2023-01-25,4.33
DFF,alfred_fed_funds_initial,2023-01-26,4.33
DFF,alfred_fed_funds_initial,2023-01-27,4.33
DFF,alfred_fed_funds_initial,2023-01-28,4.33
DFF,alfred_fed_funds_initial,2023-01-29,4.33
DFF,alfred_fed_funds_initial,2023-01-30,4.33
DFF,alfred_fed_funds_initial,2023-01-31,4.33
DFF,alfred_fed_funds_initial,2023-02-01,4.33
DFF,alfred_fed_funds_initial,2023-02-02,4.58
DFF,alfred_fed_funds_initial,2023-02-03,4.58
DFF,alfred_fed_funds_initial,2023-02-04,4.58
DFF,alfred_fed_funds_initial,2023-02-05,4.58
DFF,alfred_fed_funds_initial,2023-02-06,4.58
DFF,alfred_fed_funds_initial,2023-02-07,4.58
DFF,alfred_fed_funds_initial,2023-02-08,4.58
DFF,alfred_fed_funds_initial,2023-02-09,4.57
DFF,alfred_fed_funds_initial,2023-02-10,4.58
DFF,alfred_fed_funds_initial,2023-02-11,4.58
DFF,alfred_fed_funds_initial,2023-02-12,4.58
DFF,alfred_fed_funds_initial,2023-02-13,4.58
DFF,alfred_fed_funds_initial,2023-02-14,4.58
DFF,alfred_fed_funds_initial,2023-02-15,4.58
DFF,alfred_fed_funds_initial,2023-02-16,4.58
DFF,alfred_fed_funds_initial,2023-02-17,4.58
DFF,alfred_fed_funds_initial,2023-02-18,4.58
DFF,alfred_fed_funds_initial,2023-02-19,4.58
DFF,alfred_fed_funds_initial,2023-02-20,4.58
DFF,alfred_fed_funds_initial,2023-02-21,4.58
DFF,alfred_fed_funds_initial,2023-02-22,4.58
DFF,alfred_fed_funds_initial,2023-02-23,4.58
DFF,alfred_fed_funds_initial,2023-02-24,4.58
DFF,alfred_fed_funds_initial,2023-02-25,4.58
DFF,alfred_fed_funds_initial,2023-02-26,4.58
DFF,alfred_fed_funds_initial,2023-02-27,4.57
DFF,alfred_fed_funds_initial,2023-02-28,4.57
DFF,alfred_fed_funds_initial,2023-03-01,4.58
DFF,alfred_fed_funds_initial,2023-03-02,4.57
DFF,alfred_fed_funds_initial,2023-03-03,4.57
DFF,alfred_fed_funds_initial,2023-03-04,4.57
DFF,alfred_fed_funds_initial,2023-03-05,4.57
DFF,alfred_fed_funds_initial,2023-03-06,4.57
DFF,alfred_fed_funds_initial,2023-03-07,4.57
DFF,alfred_fed_funds_initial,2023-03-08,4.57
DFF,alfred_fed_funds_initial,2023-03-09,4.57
DFF,alfred_fed_funds_initial,2023-03-10,4.57
DFF,alfred_fed_funds_initial,2023-03-11,4.57
DFF,alfred_fed_funds_initial,2023-03-12,4.57
DFF,alfred_fed_funds_initial,2023-03-13,4.58
DFF,alfred_fed_funds_initial,2023-03-14,4.58
DFF,alfred_fed_funds_initial,2023-03-15,4.58
DFF,alfred_fed_funds_initial,2023-03-16,4.58
DFF,alfred_fed_funds_initial,2023-03-17,4.58
DFF,alfred_fed_funds_initial,2023-03-18,4.58
DFF,alfred_fed_funds_initial,2023-03-19,4.58
DFF,alfred_fed_funds_initial,2023-03-20,4.58
DFF,alfred_fed_funds_initial,2023-03-21,4.58
DFF,alfred_fed_funds_initial,2023-03-22,4.58
DFF,alfred_fed_funds_initial,2023-03-23,4.83
DFF,alfred_fed_funds_initial,2023-03-24,4.83
DFF,alfred_fed_funds_initial,2023-03-25,4.83
DFF,alfred_fed_funds_initial,2023-03-26,4.83
DFF,alfred_fed_funds_initial,2023-03-27,4.83
DFF,alfred_fed_funds_initial,2023-03-28,4.83
DFF,alfred_fed_funds_initial,2023-03-29,4.83
DFF,alfred_fed_funds_initial,2023-03-30,4.83
DFF,alfred_fed_funds_initial,2023-03-31,4.83
DFF,alfred_fed_funds_initial,2023-04-01,4.83
DFF,alfred_fed_funds_initial,2023-04-02,4.83
DFF,alfred_fed_funds_initial,2023-04-03,4.83
DFF,alfred_fed_funds_initial,2023-04-04,4.83
DFF,alfred_fed_funds_initial,2023-04-05,4.83
DFF,alfred_fed_funds_initial,2023-04-06,4.83
DFF,alfred_fed_funds_initial,2023-04-07,4.83
DFF,alfred_fed_funds_initial,2023-04-08,4.83
DFF,alfred_fed_funds_initial,2023-04-09,4.83
DFF,alfred_fed_funds_initial,2023-04-10,4.83
DFF,alfred_fed_funds_initial,2023-04-11,4.83
DFF,alfred_fed_funds_initial,2023-04-12,4.83
DFF,alfred_fed_funds_initial,2023-04-13,4.83
DFF,alfred_fed_funds_initial,2023-04-14,4.83
DFF,alfred_fed_funds_initial,2023-04-15,4.83
DFF,alfred_fed_funds_initial,2023-04-16,4.83
DFF,alfred_fed_funds_initial,2023-04-17,4.83
DFF,alfred_fed_funds_initial,2023-04-18,4.83
DFF,alfred_fed_funds_initial,2023-04-19,4.83
DFF,alfred_fed_funds_initial,2023-04-20,4.83
DFF,alfred_fed_funds_initial,2023-04-21,4.83
DFF,alfred_fed_funds_initial,2023-04-22,4.83
DFF,alfred_fed_funds_initial,2023-04-23,4.83
DFF,alfred_fed_funds_initial,2023-04-24,4.83
DFF,alfred_fed_funds_initial,2023-04-25,4.83
DFF,alfred_fed_funds_initial,2023-04-26,4.83
DFF,alfred_fed_funds_initial,2023-04-27,4.83
DFF,alfred_fed_funds_initial,2023-04-28,4.83
DFF,alfred_fed_funds_initial,2023-04-29,4.83
DFF,alfred_fed_funds_initial,2023-04-30,4.83
DFF,alfred_fed_funds_initial,2023-05-01,4.83
DFF,alfred_fed_funds_initial,2023-05-02,4.83
DFF,alfred_fed_funds_initial,2023-05-03,4.83
DFF,alfred_fed_funds_initial,2023-05-04,5.08
DFF,alfred_fed_funds_initial,2023-05-05,5.08
DFF,alfred_fed_funds_initial,2023-05-06,5.08
DFF,alfred_fed_funds_initial,2023-05-07,5.08
DFF,alfred_fed_funds_initial,2023-05-08,5.08
DFF,alfred_fed_funds_initial,2023-05-09,5.08
DFF,alfred_fed_funds_initial,2023-05-10,5.08
DFF,alfred_fed_funds_initial,2023-05-11,5.08
DFF,alfred_fed_funds_initial,2023-05-12,5.08
DFF,alfred_fed_funds_initial,2023-05-13,5.08
DFF,alfred_fed_funds_initial,2023-05-14,5.08
DFF,alfred_fed_funds_initial,2023-05-15,5.08
DFF,alfred_fed_funds_initial,2023-05-16,5.08
DFF,alfred_fed_funds_initial,2023-05-17,5.08
DFF,alfred_fed_funds_initial,2023-05-18,5.08
DFF,alfred_fed_funds_initial,2023-05-19,5.08
DFF,alfred_fed_funds_initial,2023-05-20,5.08
DFF,alfred_fed_funds_initial,2023-05-21,5.08
DFF,alfred_fed_funds_initial,2023-05-22,5.08
DFF,alfred_fed_funds_initial,2023-05-23,5.08
DFF,alfred_fed_funds_initial,2023-05-24,5.08
DFF,alfred_fed_funds_initial,2023-05-25,5.08
DFF,alfred_fed_funds_initial,2023-05-26,5.08
DFF,alfred_fed_funds_initial,2023-05-27,5.08
DFF,alfred_fed_funds_initial,2023-05-28,5.08
DFF,alfred_fed_funds_initial,2023-05-29,5.08
DFF,alfred_fed_funds_initial,2023-05-30,5.08
DFF,alfred_fed_funds_initial,2023-05-31,5.08
DFF,alfred_fed_funds_initial,2023-06-01,5.08
DFF,alfred_fed_funds_initial,2023-06-02,5.08
DFF,alfred_fed_funds_initial,2023-06-03,5.08
DFF,alfred_fed_funds_initial,2023-06-04,5.08
DFF,alfred_fed_funds_initial,2023-06-05,5.08
DFF,alfred_fed_funds_initial,2023-06-06,5.08
DFF,alfred_fed_funds_initial,2023-06-07,5.08
DFF,alfred_fed_funds_initial,2023-06-08,5.08
DFF,alfred_fed_funds_initial,2023-06-09,5.08
DFF,alfred_fed_funds_initial,2023-06-10,5.08
DFF,alfred_fed_funds_initial,2023-06-11,5.08
DFF,alfred_fed_funds_initial,2023-06-12,5.08
DFF,alfred_fed_funds_initial,2023-06-13,5.08
DFF,alfred_fed_funds_initial,2023-06-14,5.08
DFF,alfred_fed_funds_initial,2023-06-15,5.07
DFF,alfred_fed_funds_initial,2023-06-16,5.08
DFF,alfred_fed_funds_initial,2023-06-17,5.08
DFF,alfred_fed_funds_initial,2023-06-18,5.08
DFF,alfred_fed_funds_initial,2023-06-19,5.08
DFF,alfred_fed_funds_initial,2023-06-20,5.07
DFF,alfred_fed_funds_initial,2023-06-21,5.07
DFF,alfred_fed_funds_initial,2023-06-22,5.07
DFF,alfred_fed_funds_initial,2023-06-23,5.07
DFF,alfred_fed_funds_initial,2023-06-24,5.07
DFF,alfred_fed_funds_initial,2023-06-25,5.07
DFF,alfred_fed_funds_initial,2023-06-26,5.07
DFF,alfred_fed_funds_initial,2023-06-27,5.07
DFF,alfred_fed_funds_initial,2023-06-28,5.07
DFF,alfred_fed_funds_initial,2023-06-29,5.07
DFF,alfred_fed_funds_initial,2023-06-30,5.08
DFF,alfred_fed_funds_initial,2023-07-01,5.08
DFF,alfred_fed_funds_initial,2023-07-02,5.08
DFF,alfred_fed_funds_initial,2023-07-03,5.08
DFF,alfred_fed_funds_initial,2023-07-04,5.08
DFF,alfred_fed_funds_initial,2023-07-05,5.08
DFF,alfred_fed_funds_initial,2023-07-06,5.08
DFF,alfred_fed_funds_initial,2023-07-07,5.08
DFF,alfred_fed_funds_initial,2023-07-08,5.08
DFF,alfred_fed_funds_initial,2023-07-09,5.08
DFF,alfred_fed_funds_initial,2023-07-10,5.07
DFF,alfred_fed_funds_initial,2023-07-11,5.08
DFF,alfred_fed_funds_initial,2023-07-12,5.08
DFF,alfred_fed_funds_initial,2023-07-13,5.08
DFF,alfred_fed_funds_initial,2023-07-14,5.08
DFF,alfred_fed_funds_initial,2023-07-15,5.08
DFF,alfred_fed_funds_initial,2023-07-16,5.08
DFF,alfred_fed_funds_initial,2023-07-17,5.08
DFF,alfred_fed_funds_initial,2023-07-18,5.08
DFF,alfred_fed_funds_initial,2023-07-19,5.08
DFF,alfred_fed_funds_initial,2023-07-20,5.08
DFF,alfred_fed_funds_initial,2023-07-21,5.08
DFF,alfred_fed_funds_initial,2023-07-22,5.08
DFF,alfred_fed_funds_initial,2023-07-23,5.08
DFF,alfred_fed_funds_initial,2023-07-24,5.08
DFF,alfred_fed_funds_initial,2023-07-25,5.08
DFF,alfred_fed_funds_initial,2023-07-26,5.08
DFF,alfred_fed_funds_initial,2023-07-27,5.33
DFF,alfred_fed_funds_initial,2023-07-28,5.33
DFF,alfred_fed_funds_initial,2023-07-29,5.33
DFF,alfred_fed_funds_initial,2023-07-30,5.33
DFF,alfred_fed_funds_initial,2023-07-31,5.33
DFF,alfred_fed_funds_initial,2023-08-01,5.33
DFF,alfred_fed_funds_initial,2023-08-02,5.33
DFF,alfred_fed_funds_initial,2023-08-03,5.33
DFF,alfred_fed_funds_initial,2023-08-04,5.33
DFF,alfred_fed_funds_initial,2023-08-05,5.33
DFF,alfred_fed_funds_initial,2023-08-06,5.33
DFF,alfred_fed_funds_initial,2023-08-07,5.33
DFF,alfred_fed_funds_initial,2023-08-08,5.33
DFF,alfred_fed_funds_initial,2023-08-09,5.33
DFF,alfred_fed_funds_initial,2023-08-10,5.33
DFF,alfred_fed_funds_initial,2023-08-11,5.33
DFF,alfred_fed_funds_initial,2023-08-12,5.33
DFF,alfred_fed_funds_initial,2023-08-13,5.33
DFF,alfred_fed_funds_initial,2023-08-14,5.33
DFF,alfred_fed_funds_initial,2023-08-15,5.33
DFF,alfred_fed_funds_initial,2023-08-16,5.33
DFF,alfred_fed_funds_initial,2023-08-17,5.33
DFF,alfred_fed_funds_initial,2023-08-18,5.33
DFF,alfred_fed_funds_initial,2023-08-19,5.33
DFF,alfred_fed_funds_initial,2023-08-20,5.33
DFF,alfred_fed_funds_initial,2023-08-21,5.33
DFF,alfred_fed_funds_initial,2023-08-22,5.33
DFF,alfred_fed_funds_initial,2023-08-23,5.33
DFF,alfred_fed_funds_initial,2023-08-24,5.33
DFF,alfred_fed_funds_initial,2023-08-25,5.33
DFF,alfred_fed_funds_initial,2023-08-26,5.33
DFF,alfred_fed_funds_initial,2023-08-27,5.33
DFF,alfred_fed_funds_initial,2023-08-28,5.33
DFF,alfred_fed_funds_initial,2023-08-29,5.33
DFF,alfred_fed_funds_initial,2023-08-30,5.33
DFF,alfred_fed_funds_initial,2023-08-31,5.33
DFF,alfred_fed_funds_initial,2023-09-01,5.33
DFF,alfred_fed_funds_initial,2023-09-02,5.33
DFF,alfred_fed_funds_initial,2023-09-03,5.33
DFF,alfred_fed_funds_initial,2023-09-04,5.33
DFF,alfred_fed_funds_initial,2023-09-05,5.33
DFF,alfred_fed_funds_initial,2023-09-06,5.33
DFF,alfred_fed_funds_initial,2023-09-07,5.33
DFF,alfred_fed_funds_initial,2023-09-08,5.33
DFF,alfred_fed_funds_initial,2023-09-09,5.33
DFF,alfred_fed_funds_initial,2023-09-10,5.33
DFF,alfred_fed_funds_initial,2023-09-11,5.33
DFF,alfred_fed_funds_initial,2023-09-12,5.33
DFF,alfred_fed_funds_initial,2023-09-13,5.33
DFF,alfred_fed_funds_initial,2023-09-14,5.33
DFF,alfred_fed_funds_initial,2023-09-15,5.33
DFF,alfred_fed_funds_initial,2023-09-16,5.33
DFF,alfred_fed_funds_initial,2023-09-17,5.33
DFF,alfred_fed_funds_initial,2023-09-18,5.33
DFF,alfred_fed_funds_initial,2023-09-19,5.33
DFF,alfred_fed_funds_initial,2023-09-20,5.33
DFF,alfred_fed_funds_initial,2023-09-21,5.33
DFF,alfred_fed_funds_initial,2023-09-22,5.33
DFF,alfred_fed_funds_initial,2023-09-23,5.33
DFF,alfred_fed_funds_initial,2023-09-24,5.33
DFF,alfred_fed_funds_initial,2023-09-25,5.33
DFF,alfred_fed_funds_initial,2023-09-26,5.33
DFF,alfred_fed_funds_initial,2023-09-27,5.33
DFF,alfred_fed_funds_initial,2023-09-28,5.33
DFF,alfred_fed_funds_initial,2023-09-29,5.33
DFF,alfred_fed_funds_initial,2023-09-30,5.33
DFF,alfred_fed_funds_initial,2023-10-01,5.33
DFF,alfred_fed_funds_initial,2023-10-02,5.33
DFF,alfred_fed_funds_initial,2023-10-03,5.33
DFF,alfred_fed_funds_initial,2023-10-04,5.33
DFF,alfred_fed_funds_initial,2023-10-05,5.33
DFF,alfred_fed_funds_initial,2023-10-06,5.33
DFF,alfred_fed_funds_initial,2023-10-07,5.33
DFF,alfred_fed_funds_initial,2023-10-08,5.33
DFF,alfred_fed_funds_initial,2023-10-09,5.33
DFF,alfred_fed_funds_initial,2023-10-10,5.33
DFF,alfred_fed_funds_initial,2023-10-11,5.33
DFF,alfred_fed_funds_initial,2023-10-12,5.33
DFF,alfred_fed_funds_initial,2023-10-13,5.33
DFF,alfred_fed_funds_initial,2023-10-14,5.33
DFF,alfred_fed_funds_initial,2023-10-15,5.33
DFF,alfred_fed_funds_initial,2023-10-16,5.33
DFF,alfred_fed_funds_initial,2023-10-17,5.33
DFF,alfred_fed_funds_initial,2023-10-18,5.33
DFF,alfred_fed_funds_initial,2023-10-19,5.33
DFF,alfred_fed_funds_initial,2023-10-20,5.33
DFF,alfred_fed_funds_initial,2023-10-21,5.33
DFF,alfred_fed_funds_initial,2023-10-22,5.33
DFF,alfred_fed_funds_initial,2023-10-23,5.33
DFF,alfred_fed_funds_initial,2023-10-24,5.33
DFF,alfred_fed_funds_initial,2023-10-25,5.33
DFF,alfred_fed_funds_initial,2023-10-26,5.33
DFF,alfred_fed_funds_initial,2023-10-27,5.33
DFF,alfred_fed_funds_initial,2023-10-28,5.33
DFF,alfred_fed_funds_initial,2023-10-29,5.33
DFF,alfred_fed_funds_initial,2023-10-30,5.33
DFF,alfred_fed_funds_initial,2023-10-31,5.33
DFF,alfred_fed_funds_initial,2023-11-01,5.33
DFF,alfred_fed_funds_initial,2023-11-02,5.33
DFF,alfred_fed_funds_initial,2023-11-03,5.33
DFF,alfred_fed_funds_initial,2023-11-04,5.33
DFF,alfred_fed_funds_initial,2023-11-05,5.33
DFF,alfred_fed_funds_initial,2023-11-06,5.33
DFF,alfred_fed_funds_initial,2023-11-07,5.33
DFF,alfred_fed_funds_initial,2023-11-08,5.33
DFF,alfred_fed_funds_initial,2023-11-09,5.33
DFF,alfred_fed_funds_initial,2023-11-10,5.33
DFF,alfred_fed_funds_initial,2023-11-11,5.33
DFF,alfred_fed_funds_initial,2023-11-12,5.33
DFF,alfred_fed_funds_initial,2023-11-13,5.33
DFF,alfred_fed_funds_initial,2023-11-14,5.33
DFF,alfred_fed_funds_initial,2023-11-15,5.33
DFF,alfred_fed_funds_initial,2023-11-16,5.33
DFF,alfred_fed_funds_initial,2023-11-17,5.33
DFF,alfred_fed_funds_initial,2023-11-18,5.33
DFF,alfred_fed_funds_initial,2023-11-19,5.33
DFF,alfred_fed_funds_initial,2023-11-20,5.33
DFF,alfred_fed_funds_initial,2023-11-21,5.33
DFF,alfred_fed_funds_initial,2023-11-22,5.33
DFF,alfred_fed_funds_initial,2023-11-23,5.33
DFF,alfred_fed_funds_initial,2023-11-24,5.33
DFF,alfred_fed_funds_initial,2023-11-25,5.33
DFF,alfred_fed_funds_initial,2023-11-26,5.33
DFF,alfred_fed_funds_initial,2023-11-27,5.33
DFF,alfred_fed_funds_initial,2023-11-28,5.33
DFF,alfred_fed_funds_initial,2023-11-29,5.33
DFF,alfred_fed_funds_initial,2023-11-30,5.33
DFF,alfred_fed_funds_initial,2023-12-01,5.33
DFF,alfred_fed_funds_initial,2023-12-02,5.33
DFF,alfred_fed_funds_initial,2023-12-03,5.33
DFF,alfred_fed_funds_initial,2023-12-04,5.33
DFF,alfred_fed_funds_initial,2023-12-05,5.33
DFF,alfred_fed_funds_initial,2023-12-06,5.33
DFF,alfred_fed_funds_initial,2023-12-07,5.33
DFF,alfred_fed_funds_initial,2023-12-08,5.33
DFF,alfred_fed_funds_initial,2023-12-09,5.33
DFF,alfred_fed_funds_initial,2023-12-10,5.33
DFF,alfred_fed_funds_initial,2023-12-11,5.33
DFF,alfred_fed_funds_initial,2023-12-12,5.33
DFF,alfred_fed_funds_initial,2023-12-13,5.33
DFF,alfred_fed_funds_initial,2023-12-14,5.33
DFF,alfred_fed_funds_initial,2023-12-15,5.33
DFF,alfred_fed_funds_initial,2023-12-16,5.33
DFF,alfred_fed_funds_initial,2023-12-17,5.33
DFF,alfred_fed_funds_initial,2023-12-18,5.33
DFF,alfred_fed_funds_initial,2023-12-19,5.33
DFF,alfred_fed_funds_initial,2023-12-20,5.33
DFF,alfred_fed_funds_initial,2023-12-21,5.33
DFF,alfred_fed_funds_initial,2023-12-22,5.33
DFF,alfred_fed_funds_initial,2023-12-23,5.33
DFF,alfred_fed_funds_initial,2023-12-24,5.33
DFF,alfred_fed_funds_initial,2023-12-25,5.33
DFF,alfred_fed_funds_initial,2023-12-26,5.33
DFF,alfred_fed_funds_initial,2023-12-27,5.33
DFF,alfred_fed_funds_initial,2023-12-28,5.33
DFF,alfred_fed_funds_initial,2023-12-29,5.33
DFF,alfred_fed_funds_initial,2023-12-30,5.33
DFF,alfred_fed_funds_initial,2023-12-31,5.33
DFF,alfred_fed_funds_initial,2024-01-01,5.33
DFF,alfred_fed_funds_initial,2024-01-02,5.33
DFF,alfred_fed_funds_initial,2024-01-03,5.33
DFF,alfred_fed_funds_initial,2024-01-04,5.33
DFF,alfred_fed_funds_initial,2024-01-05,5.33
DFF,alfred_fed_funds_initial,2024-01-06,5.33
DFF,alfred_fed_funds_initial,2024-01-07,5.33
DFF,alfred_fed_funds_initial,2024-01-08,5.33
DFF,alfred_fed_funds_initial,2024-01-09,5.33
DFF,alfred_fed_funds_initial,2024-01-10,5.33
DFF,alfred_fed_funds_initial,2024-01-11,5.33
DFF,alfred_fed_funds_initial,2024-01-12,5.33
DFF,alfred_fed_funds_initial,2024-01-13,5.33
DFF,alfred_fed_funds_initial,2024-01-14,5.33
DFF,alfred_fed_funds_initial,2024-01-15,5.33
DFF,alfred_fed_funds_initial,2024-01-16,5.33
DFF,alfred_fed_funds_initial,2024-01-17,5.33
DFF,alfred_fed_funds_initial,2024-01-18,5.33
DFF,alfred_fed_funds_initial,2024-01-19,5.33
DFF,alfred_fed_funds_initial,2024-01-20,5.33
DFF,alfred_fed_funds_initial,2024-01-21,5.33
DFF,alfred_fed_funds_initial,2024-01-22,5.33
DFF,alfred_fed_funds_initial,2024-01-23,5.33
DFF,alfred_fed_funds_initial,2024-01-24,5.33
DFF,alfred_fed_funds_initial,2024-01-25,5.33
DFF,alfred_fed_funds_initial,2024-01-26,5.33
DFF,alfred_fed_funds_initial,2024-01-27,5.33
DFF,alfred_fed_funds_initial,2024-01-28,5.33
DFF,alfred_fed_funds_initial,2024-01-29,5.33
DFF,alfred_fed_funds_initial,2024-01-30,5.33
DFF,alfred_fed_funds_initial,2024-01-31,5.33
DFF,alfred_fed_funds_initial,2024-02-01,5.33
DFF,alfred_fed_funds_initial,2024-02-02,5.33
DFF,alfred_fed_funds_initial,2024-02-03,5.33
DFF,alfred_fed_funds_initial,2024-02-04,5.33
DFF,alfred_fed_funds_initial,2024-02-05,5.33
DFF,alfred_fed_funds_initial,2024-02-06,5.33
DFF,alfred_fed_funds_initial,2024-02-07,5.33
DFF,alfred_fed_funds_initial,2024-02-08,5.33
DFF,alfred_fed_funds_initial,2024-02-09,5.33
DFF,alfred_fed_funds_initial,2024-02-10,5.33
DFF,alfred_fed_funds_initial,2024-02-11,5.33
DFF,alfred_fed_funds_initial,2024-02-12,5.33
DFF,alfred_fed_funds_initial,2024-02-13,5.33
DFF,alfred_fed_funds_initial,2024-02-14,5.33
DFF,alfred_fed_funds_initial,2024-02-15,5.33
DFF,alfred_fed_funds_initial,2024-02-16,5.33
DFF,alfred_fed_funds_initial,2024-02-17,5.33
DFF,alfred_fed_funds_initial,2024-02-18,5.33
DFF,alfred_fed_funds_initial,2024-02-19,5.33
DFF,alfred_fed_funds_initial,2024-02-20,5.33
DFF,alfred_fed_funds_initial,2024-02-21,5.33
DFF,alfred_fed_funds_initial,2024-02-22,5.33
DFF,alfred_fed_funds_initial,2024-02-23,5.33
DFF,alfred_fed_funds_initial,2024-02-24,5.33
DFF,alfred_fed_funds_initial,2024-02-25,5.33
DFF,alfred_fed_funds_initial,2024-02-26,5.33
DFF,alfred_fed_funds_initial,2024-02-27,5.33
DFF,alfred_fed_funds_initial,2024-02-28,5.33
DFF,alfred_fed_funds_initial,2024-02-29,5.33
DFF,alfred_fed_funds_initial,2024-03-01,5.33
DFF,alfred_fed_funds_initial,2024-03-02,5.33
DFF,alfred_fed_funds_initial,2024-03-03,5.33
DFF,alfred_fed_funds_initial,2024-03-04,5.33
DFF,alfred_fed_funds_initial,2024-03-05,5.33
DFF,alfred_fed_funds_initial,2024-03-06,5.33
DFF,alfred_fed_funds_initial,2024-03-07,5.33
DFF,alfred_fed_funds_initial,2024-03-08,5.33
DFF,alfred_fed_funds_initial,2024-03-09,5.33
DFF,alfred_fed_funds_initial,2024-03-10,5.33
DFF,alfred_fed_funds_initial,2024-03-11,5.33
DFF,alfred_fed_funds_initial,2024-03-12,5.33
DFF,alfred_fed_funds_initial,2024-03-13,5.33
DFF,alfred_fed_funds_initial,2024-03-14,5.33
DFF,alfred_fed_funds_initial,2024-03-15,5.33
DFF,alfred_fed_funds_initial,2024-03-16,5.33
DFF,alfred_fed_funds_initial,2024-03-17,5.33
DFF,alfred_fed_funds_initial,2024-03-18,5.33
DFF,alfred_fed_funds_initial,2024-03-19,5.33
DFF,alfred_fed_funds_initial,2024-03-20,5.33
DFF,alfred_fed_funds_initial,2024-03-21,5.33
DFF,alfred_fed_funds_initial,2024-03-22,5.33
DFF,alfred_fed_funds_initial,2024-03-23,5.33
DFF,alfred_fed_funds_initial,2024-03-24,5.33
DFF,alfred_fed_funds_initial,2024-03-25,5.33
DFF,alfred_fed_funds_initial,2024-03-26,5.33
DFF,alfred_fed_funds_initial,2024-03-27,5.33
DFF,alfred_fed_funds_initial,2024-03-28,5.33
DFF,alfred_fed_funds_initial,2024-03-29,5.33
DFF,alfred_fed_funds_initial,2024-03-30,5.33
DFF,alfred_fed_funds_initial,2024-03-31,5.33
DFF,alfred_fed_funds_initial,2024-04-01,5.33
DFF,alfred_fed_funds_initial,2024-04-02,5.33
DFF,alfred_fed_funds_initial,2024-04-03,5.33
DFF,alfred_fed_funds_initial,2024-04-04,5.33
DFF,alfred_fed_funds_initial,2024-04-05,5.33
DFF,alfred_fed_funds_initial,2024-04-06,5.33
DFF,alfred_fed_funds_initial,2024-04-07,5.33
DFF,alfred_fed_funds_initial,2024-04-08,5.33
DFF,alfred_fed_funds_initial,2024-04-09,5.33
DFF,alfred_fed_funds_initial,2024-04-10,5.33
DFF,alfred_fed_funds_initial,2024-04-11,5.33
DFF,alfred_fed_funds_initial,2024-04-12,5.33
DFF,alfred_fed_funds_initial,2024-04-13,5.33
DFF,alfred_fed_funds_initial,2024-04-14,5.33
DFF,alfred_fed_funds_initial,2024-04-15,5.33
DFF,alfred_fed_funds_initial,2024-04-16,5.33
DFF,alfred_fed_funds_initial,2024-04-17,5.33
DFF,alfred_fed_funds_initial,2024-04-18,5.33
DFF,alfred_fed_funds_initial,2024-04-19,5.33
DFF,alfred_fed_funds_initial,2024-04-20,5.33
DFF,alfred_fed_funds_initial,2024-04-21,5.33
DFF,alfred_fed_funds_initial,2024-04-22,5.33
DFF,alfred_fed_funds_initial,2024-04-23,5.33
DFF,alfred_fed_funds_initial,2024-04-24,5.33
DFF,alfred_fed_funds_initial,2024-04-25,5.33
DFF,alfred_fed_funds_initial,2024-04-26,5.33
DFF,alfred_fed_funds_initial,2024-04-27,5.33
DFF,alfred_fed_funds_initial,2024-04-28,5.33
DFF,alfred_fed_funds_initial,2024-04-29,5.33
DFF,alfred_fed_funds_initial,2024-04-30,5.33
DFF,alfred_fed_funds_initial,2024-05-01,5.33
DFF,alfred_fed_funds_initial,2024-05-02,5.33
DFF,alfred_fed_funds_initial,2024-05-03,5.33
DFF,alfred_fed_funds_initial,2024-05-04,5.33
DFF,alfred_fed_funds_initial,2024-05-05,5.33
DFF,alfred_fed_funds_initial,2024-05-06,5.33
DFF,alfred_fed_funds_initial,2024-05-07,5.33
DFF,alfred_fed_funds_initial,2024-05-08,5.33
DFF,alfred_fed_funds_initial,2024-05-09,5.33
DFF,alfred_fed_funds_initial,2024-05-10,5.33
DFF,alfred_fed_funds_initial,2024-05-11,5.33
DFF,alfred_fed_funds_initial,2024-05-12,5.33
DFF,alfred_fed_funds_initial,2024-05-13,5.33
DFF,alfred_fed_funds_initial,2024-05-14,5.33
DFF,alfred_fed_funds_initial,2024-05-15,5.33
DFF,alfred_fed_funds_initial,2024-05-16,5.33
DFF,alfred_fed_funds_initial,2024-05-17,5.33
DFF,alfred_fed_funds_initial,2024-05-18,5.33
DFF,alfred_fed_funds_initial,2024-05-19,5.33
DFF,alfred_fed_funds_initial,2024-05-20,5.33
DFF,alfred_fed_funds_initial,2024-05-21,5.33
DFF,alfred_fed_funds_initial,2024-05-22,5.33
DFF,alfred_fed_funds_initial,2024-05-23,5.33
DFF,alfred_fed_funds_initial,2024-05-24,5.33
DFF,alfred_fed_funds_initial,2024-05-25,5.33
DFF,alfred_fed_funds_initial,2024-05-26,5.33
DFF,alfred_fed_funds_initial,2024-05-27,5.33
DFF,alfred_fed_funds_initial,2024-05-28,5.33
DFF,alfred_fed_funds_initial,2024-05-29,5.33
DFF,alfred_fed_funds_initial,2024-05-30,5.33
DFF,alfred_fed_funds_initial,2024-05-31,5.33
DFF,alfred_fed_funds_initial,2024-06-01,5.33
DFF,alfred_fed_funds_initial,2024-06-02,5.33
DFF,alfred_fed_funds_initial,2024-06-03,5.33
DFF,alfred_fed_funds_initial,2024-06-04,5.33
DFF,alfred_fed_funds_initial,2024-06-05,5.33
DFF,alfred_fed_funds_initial,2024-06-06,5.33
DFF,alfred_fed_funds_initial,2024-06-07,5.33
DFF,alfred_fed_funds_initial,2024-06-08,5.33
DFF,alfred_fed_funds_initial,2024-06-09,5.33
DFF,alfred_fed_funds_initial,2024-06-10,5.33
DFF,alfred_fed_funds_initial,2024-06-11,5.33
DFF,alfred_fed_funds_initial,2024-06-12,5.33
DFF,alfred_fed_funds_initial,2024-06-13,5.33
DFF,alfred_fed_funds_initial,2024-06-14,5.33
DFF,alfred_fed_funds_initial,2024-06-15,5.33
DFF,alfred_fed_funds_initial,2024-06-16,5.33
DFF,alfred_fed_funds_initial,2024-06-17,5.33
DFF,alfred_fed_funds_initial,2024-06-18,5.33
DFF,alfred_fed_funds_initial,2024-06-19,5.33
DFF,alfred_fed_funds_initial,2024-06-20,5.33
DFF,alfred_fed_funds_initial,2024-06-21,5.33
DFF,alfred_fed_funds_initial,2024-06-22,5.33
DFF,alfred_fed_funds_initial,2024-06-23,5.33
DFF,alfred_fed_funds_initial,2024-06-24,5.33
DFF,alfred_fed_funds_initial,2024-06-25,5.33
DFF,alfred_fed_funds_initial,2024-06-26,5.33
DFF,alfred_fed_funds_initial,2024-06-27,5.33
DFF,alfred_fed_funds_initial,2024-06-28,5.33
DFF,alfred_fed_funds_initial,2024-06-29,5.33
DFF,alfred_fed_funds_initial,2024-06-30,5.33
DFF,alfred_fed_funds_initial,2024-07-01,5.33
DFF,alfred_fed_funds_initial,2024-07-02,5.33
DFF,alfred_fed_funds_initial,2024-07-03,5.33
DFF,alfred_fed_funds_initial,2024-07-04,5.33
DFF,alfred_fed_funds_initial,2024-07-05,5.33
DFF,alfred_fed_funds_initial,2024-07-06,5.33
DFF,alfred_fed_funds_initial,2024-07-07,5.33
DFF,alfred_fed_funds_initial,2024-07-08,5.33
DFF,alfred_fed_funds_initial,2024-07-09,5.33
DFF,alfred_fed_funds_initial,2024-07-10,5.33
DFF,alfred_fed_funds_initial,2024-07-11,5.33
DFF,alfred_fed_funds_initial,2024-07-12,5.33
DFF,alfred_fed_funds_initial,2024-07-13,5.33
DFF,alfred_fed_funds_initial,2024-07-14,5.33
DFF,alfred_fed_funds_initial,2024-07-15,5.33
DFF,alfred_fed_funds_initial,2024-07-16,5.33
DFF,alfred_fed_funds_initial,2024-07-17,5.33
DFF,alfred_fed_funds_initial,2024-07-18,5.33
DFF,alfred_fed_funds_initial,2024-07-19,5.33
DFF,alfred_fed_funds_initial,2024-07-20,5.33
DFF,alfred_fed_funds_initial,2024-07-21,5.33
DFF,alfred_fed_funds_initial,2024-07-22,5.33
DFF,alfred_fed_funds_initial,2024-07-23,5.33
DFF,alfred_fed_funds_initial,2024-07-24,5.33
DFF,alfred_fed_funds_initial,2024-07-25,5.33
DFF,alfred_fed_funds_initial,2024-07-26,5.33
DFF,alfred_fed_funds_initial,2024-07-27,5.33
DFF,alfred_fed_funds_initial,2024-07-28,5.33
DFF,alfred_fed_funds_initial,2024-07-29,5.33
DFF,alfred_fed_funds_initial,2024-07-30,5.33
DFF,alfred_fed_funds_initial,2024-07-31,5.33
DFF,alfred_fed_funds_initial,2024-08-01,5.33
DFF,alfred_fed_funds_initial,2024-08-02,5.33
DFF,alfred_fed_funds_initial,2024-08-03,5.33
DFF,alfred_fed_funds_initial,2024-08-04,5.33
DFF,alfred_fed_funds_initial,2024-08-05,5.33
DFF,alfred_fed_funds_initial,2024-08-06,5.33
DFF,alfred_fed_funds_initial,2024-08-07,5.33
DFF,alfred_fed_funds_initial,2024-08-08,5.33
DFF,alfred_fed_funds_initial,2024-08-09,5.33
DFF,alfred_fed_funds_initial,2024-08-10,5.33
DFF,alfred_fed_funds_initial,2024-08-11,5.33
DFF,alfred_fed_funds_initial,2024-08-12,5.33
DFF,alfred_fed_funds_initial,2024-08-13,5.33
DFF,alfred_fed_funds_initial,2024-08-14,5.33
DFF,alfred_fed_funds_initial,2024-08-15,5.33
DFF,alfred_fed_funds_initial,2024-08-16,5.33
DFF,alfred_fed_funds_initial,2024-08-17,5.33
DFF,alfred_fed_funds_initial,2024-08-18,5.33
DFF,alfred_fed_funds_initial,2024-08-19,5.33
DFF,alfred_fed_funds_initial,2024-08-20,5.33
DFF,alfred_fed_funds_initial,2024-08-21,5.33
DFF,alfred_fed_funds_initial,2024-08-22,5.33
DFF,alfred_fed_funds_initial,2024-08-23,5.33
DFF,alfred_fed_funds_initial,2024-08-24,5.33
DFF,alfred_fed_funds_initial,2024-08-25,5.33
DFF,alfred_fed_funds_initial,2024-08-26,5.33
DFF,alfred_fed_funds_initial,2024-08-27,5.33
DFF,alfred_fed_funds_initial,2024-08-28,5.33
DFF,alfred_fed_funds_initial,2024-08-29,5.33
DFF,alfred_fed_funds_initial,2024-08-30,5.33
DFF,alfred_fed_funds_initial,2024-08-31,5.33
DFF,alfred_fed_funds_initial,2024-09-01,5.33
DFF,alfred_fed_funds_initial,2024-09-02,5.33
DFF,alfred_fed_funds_initial,2024-09-03,5.33
DFF,alfred_fed_funds_initial,2024-09-04,5.33
DFF,alfred_fed_funds_initial,2024-09-05,5.33
DFF,alfred_fed_funds_initial,2024-09-06,5.33
DFF,alfred_fed_funds_initial,2024-09-07,5.33
DFF,alfred_fed_funds_initial,2024-09-08,5.33
DFF,alfred_fed_funds_initial,2024-09-09,5.33
DFF,alfred_fed_funds_initial,2024-09-10,5.33
DFF,alfred_fed_funds_initial,2024-09-11,5.33
DFF,alfred_fed_funds_initial,2024-09-12,5.33
DFF,alfred_fed_funds_initial,2024-09-13,5.33
DFF,alfred_fed_funds_initial,2024-09-14,5.33
DFF,alfred_fed_funds_initial,2024-09-15,5.33
DFF,alfred_fed_funds_initial,2024-09-16,5.33
DFF,alfred_fed_funds_initial,2024-09-17,5.33
DFF,alfred_fed_funds_initial,2024-09-18,5.33
DFF,alfred_fed_funds_initial,2024-09-19,4.83
DFF,alfred_fed_funds_initial,2024-09-20,4.83
DFF,alfred_fed_funds_initial,2024-09-21,4.83
DFF,alfred_fed_funds_initial,2024-09-22,4.83
DFF,alfred_fed_funds_initial,2024-09-23,4.83
DFF,alfred_fed_funds_initial,2024-09-24,4.83
DFF,alfred_fed_funds_initial,2024-09-25,4.83
DFF,alfred_fed_funds_initial,2024-09-26,4.83
DFF,alfred_fed_funds_initial,2024-09-27,4.83
DFF,alfred_fed_funds_initial,2024-09-28,4.83
DFF,alfred_fed_funds_initial,2024-09-29,4.83
DFF,alfred_fed_funds_initial,2024-09-30,4.83
DFF,alfred_fed_funds_initial,2024-10-01,4.83
DFF,alfred_fed_funds_initial,2024-10-02,4.83
DFF,alfred_fed_funds_initial,2024-10-03,4.83
DFF,alfred_fed_funds_initial,2024-10-04,4.83
DFF,alfred_fed_funds_initial,2024-10-05,4.83
DFF,alfred_fed_funds_initial,2024-10-06,4.83
DFF,alfred_fed_funds_initial,2024-10-07,4.83
DFF,alfred_fed_funds_initial,2024-10-08,4.83
DFF,alfred_fed_funds_initial,2024-10-09,4.83
DFF,alfred_fed_funds_initial,2024-10-10,4.83
DFF,alfred_fed_funds_initial,2024-10-11,4.83
DFF,alfred_fed_funds_initial,2024-10-12,4.83
DFF,alfred_fed_funds_initial,2024-10-13,4.83
DFF,alfred_fed_funds_initial,2024-10-14,4.83
DFF,alfred_fed_funds_initial,2024-10-15,4.83
DFF,alfred_fed_funds_initial,2024-10-16,4.83
DFF,alfred_fed_funds_initial,2024-10-17,4.83
DFF,alfred_fed_funds_initial,2024-10-18,4.83
DFF,alfred_fed_funds_initial,2024-10-19,4.83
DFF,alfred_fed_funds_initial,2024-10-20,4.83
DFF,alfred_fed_funds_initial,2024-10-21,4.83
DFF,alfred_fed_funds_initial,2024-10-22,4.83
DFF,alfred_fed_funds_initial,2024-10-23,4.83
DFF,alfred_fed_funds_initial,2024-10-24,4.83
DFF,alfred_fed_funds_initial,2024-10-25,4.83
DFF,alfred_fed_funds_initial,2024-10-26,4.83
DFF,alfred_fed_funds_initial,2024-10-27,4.83
DFF,alfred_fed_funds_initial,2024-10-28,4.83
DFF,alfred_fed_funds_initial,2024-10-29,4.83
DFF,alfred_fed_funds_initial,2024-10-30,4.83
DFF,alfred_fed_funds_initial,2024-10-31,4.83
DFF,alfred_fed_funds_initial,2024-11-01,4.83
DFF,alfred_fed_funds_initial,2024-11-02,4.83
DFF,alfred_fed_funds_initial,2024-11-03,4.83
DFF,alfred_fed_funds_initial,2024-11-04,4.83
DFF,alfred_fed_funds_initial,2024-11-05,4.83
DFF,alfred_fed_funds_initial,2024-11-06,4.83
DFF,alfred_fed_funds_initial,2024-11-07,4.83
DFF,alfred_fed_funds_initial,2024-11-08,4.58
DFF,alfred_fed_funds_initial,2024-11-09,4.58
DFF,alfred_fed_funds_initial,2024-11-10,4.58
DFF,alfred_fed_funds_initial,2024-11-11,4.58
DFF,alfred_fed_funds_initial,2024-11-12,4.58
DFF,alfred_fed_funds_initial,2024-11-13,4.58
DFF,alfred_fed_funds_initial,2024-11-14,4.58
DFF,alfred_fed_funds_initial,2024-11-15,4.58
DFF,alfred_fed_funds_initial,2024-11-16,4.58
DFF,alfred_fed_funds_initial,2024-11-17,4.58
DFF,alfred_fed_funds_initial,2024-11-18,4.58
DFF,alfred_fed_funds_initial,2024-11-19,4.58
DFF,alfred_fed_funds_initial,2024-11-20,4.58
DFF,alfred_fed_funds_initial,2024-11-21,4.58
DFF,alfred_fed_funds_initial,2024-11-22,4.58
DFF,alfred_fed_funds_initial,2024-11-23,4.58
DFF,alfred_fed_funds_initial,2024-11-24,4.58
DFF,alfred_fed_funds_initial,2024-11-25,4.58
DFF,alfred_fed_funds_initial,2024-11-26,4.58
DFF,alfred_fed_funds_initial,2024-11-27,4.58
DFF,alfred_fed_funds_initial,2024-11-28,4.58
DFF,alfred_fed_funds_initial,2024-11-29,4.58
DFF,alfred_fed_funds_initial,2024-11-30,4.58
DFF,alfred_fed_funds_initial,2024-12-01,4.58
DFF,alfred_fed_funds_initial,2024-12-02,4.58
DFF,alfred_fed_funds_initial,2024-12-03,4.58
DFF,alfred_fed_funds_initial,2024-12-04,4.58
DFF,alfred_fed_funds_initial,2024-12-05,4.58
DFF,alfred_fed_funds_initial,2024-12-06,4.58
DFF,alfred_fed_funds_initial,2024-12-07,4.58
DFF,alfred_fed_funds_initial,2024-12-08,4.58
DFF,alfred_fed_funds_initial,2024-12-09,4.58
DFF,alfred_fed_funds_initial,2024-12-10,4.58
DFF,alfred_fed_funds_initial,2024-12-11,4.58
DFF,alfred_fed_funds_initial,2024-12-12,4.58
DFF,alfred_fed_funds_initial,2024-12-13,4.58
DFF,alfred_fed_funds_initial,2024-12-14,4.58
DFF,alfred_fed_funds_initial,2024-12-15,4.58
DFF,alfred_fed_funds_initial,2024-12-16,4.58
DFF,alfred_fed_funds_initial,2024-12-17,4.58
DFF,alfred_fed_funds_initial,2024-12-18,4.58
DFF,alfred_fed_funds_initial,2024-12-19,4.33
DFF,alfred_fed_funds_initial,2024-12-20,4.33
DFF,alfred_fed_funds_initial,2024-12-21,4.33
DFF,alfred_fed_funds_initial,2024-12-22,4.33
DFF,alfred_fed_funds_initial,2024-12-23,4.33
DFF,alfred_fed_funds_initial,2024-12-24,4.33
DFF,alfred_fed_funds_initial,2024-12-25,4.33
DFF,alfred_fed_funds_initial,2024-12-26,4.33
DFF,alfred_fed_funds_initial,2024-12-27,4.33
DFF,alfred_fed_funds_initial,2024-12-28,4.33
DFF,alfred_fed_funds_initial,2024-12-29,4.33
DFF,alfred_fed_funds_initial,2024-12-30,4.33
DFF,alfred_fed_funds_initial,2024-12-31,4.33
DFF,alfred_fed_funds_initial,2025-01-01,4.33
DFF,alfred_fed_funds_initial,2025-01-02,4.33
DFF,alfred_fed_funds_initial,2025-01-03,4.33
DFF,alfred_fed_funds_initial,2025-01-04,4.33
DFF,alfred_fed_funds_initial,2025-01-05,4.33
DFF,alfred_fed_funds_initial,2025-01-06,4.33
DFF,alfred_fed_funds_initial,2025-01-07,4.33
DFF,alfred_fed_funds_initial,2025-01-08,4.33
DFF,alfred_fed_funds_initial,2025-01-09,4.33
DFF,alfred_fed_funds_initial,2025-01-10,4.33
DFF,alfred_fed_funds_initial,2025-01-11,4.33
DFF,alfred_fed_funds_initial,2025-01-12,4.33
DFF,alfred_fed_funds_initial,2025-01-13,4.33
DFF,alfred_fed_funds_initial,2025-01-14,4.33
DFF,alfred_fed_funds_initial,2025-01-15,4.33
DFF,alfred_fed_funds_initial,2025-01-16,4.33
DFF,alfred_fed_funds_initial,2025-01-17,4.33
DFF,alfred_fed_funds_initial,2025-01-18,4.33
DFF,alfred_fed_funds_initial,2025-01-19,4.33
DFF,alfred_fed_funds_initial,2025-01-20,4.33
DFF,alfred_fed_funds_initial,2025-01-21,4.33
DFF,alfred_fed_funds_initial,2025-01-22,4.33
DFF,alfred_fed_funds_initial,2025-01-23,4.33
DFF,alfred_fed_funds_initial,2025-01-24,4.33
DFF,alfred_fed_funds_initial,2025-01-25,4.33
DFF,alfred_fed_funds_initial,2025-01-26,4.33
DFF,alfred_fed_funds_initial,2025-01-27,4.33
DFF,alfred_fed_funds_initial,2025-01-28,4.33
DFF,alfred_fed_funds_initial,2025-01-29,4.33
DFF,alfred_fed_funds_initial,2025-01-30,4.33
DFF,alfred_fed_funds_initial,2025-01-31,4.33
DFF,alfred_fed_funds_initial,2025-02-01,4.33
DFF,alfred_fed_funds_initial,2025-02-02,4.33
DFF,alfred_fed_funds_initial,2025-02-03,4.33
DFF,alfred_fed_funds_initial,2025-02-04,4.33
DFF,alfred_fed_funds_initial,2025-02-05,4.33
DFF,alfred_fed_funds_initial,2025-02-06,4.33
DFF,alfred_fed_funds_initial,2025-02-07,4.33
DFF,alfred_fed_funds_initial,2025-02-08,4.33
DFF,alfred_fed_funds_initial,2025-02-09,4.33
DFF,alfred_fed_funds_initial,2025-02-10,4.33
DFF,alfred_fed_funds_initial,2025-02-11,4.33
DFF,alfred_fed_funds_initial,2025-02-12,4.33
DFF,alfred_fed_funds_initial,2025-02-13,4.33
DFF,alfred_fed_funds_initial,2025-02-14,4.33
DFF,alfred_fed_funds_initial,2025-02-15,4.33
DFF,alfred_fed_funds_initial,2025-02-16,4.33
DFF,alfred_fed_funds_initial,2025-02-17,4.33
DFF,alfred_fed_funds_initial,2025-02-18,4.33
DFF,alfred_fed_funds_initial,2025-02-19,4.33
DFF,alfred_fed_funds_initial,2025-02-20,4.33
DFF,alfred_fed_funds_initial,2025-02-21,4.33
DFF,alfred_fed_funds_initial,2025-02-22,4.33
DFF,alfred_fed_funds_initial,2025-02-23,4.33
DFF,alfred_fed_funds_initial,2025-02-24,4.33
DFF,alfred_fed_funds_initial,2025-02-25,4.33
DFF,alfred_fed_funds_initial,2025-02-26,4.33
DFF,alfred_fed_funds_initial,2025-02-27,4.33
DFF,alfred_fed_funds_initial,2025-02-28,4.33
DFF,alfred_fed_funds_initial,2025-03-01,4.33
DFF,alfred_fed_funds_initial,2025-03-02,4.33
DFF,alfred_fed_funds_initial,2025-03-03,4.33
DFF,alfred_fed_funds_initial,2025-03-04,4.33
DFF,alfred_fed_funds_initial,2025-03-05,4.33
DFF,alfred_fed_funds_initial,2025-03-06,4.33
DFF,alfred_fed_funds_initial,2025-03-07,4.33
DFF,alfred_fed_funds_initial,2025-03-08,4.33
DFF,alfred_fed_funds_initial,2025-03-09,4.33
DFF,alfred_fed_funds_initial,2025-03-10,4.33
DFF,alfred_fed_funds_initial,2025-03-11,4.33
DFF,alfred_fed_funds_initial,2025-03-12,4.33
DFF,alfred_fed_funds_initial,2025-03-13,4.33
DFF,alfred_fed_funds_initial,2025-03-14,4.33
DFF,alfred_fed_funds_initial,2025-03-15,4.33
DFF,alfred_fed_funds_initial,2025-03-16,4.33
DFF,alfred_fed_funds_initial,2025-03-17,4.33
DFF,alfred_fed_funds_initial,2025-03-18,4.33
DFF,alfred_fed_funds_initial,2025-03-19,4.33
DFF,alfred_fed_funds_initial,2025-03-20,4.33
DFF,alfred_fed_funds_initial,2025-03-21,4.33
DFF,alfred_fed_funds_initial,2025-03-22,4.33
DFF,alfred_fed_funds_initial,2025-03-23,4.33
DFF,alfred_fed_funds_initial,2025-03-24,4.33
DFF,alfred_fed_funds_initial,2025-03-25,4.33
DFF,alfred_fed_funds_initial,2025-03-26,4.33
DFF,alfred_fed_funds_initial,2025-03-27,4.33
DFF,alfred_fed_funds_initial,2025-03-28,4.33
DFF,alfred_fed_funds_initial,2025-03-29,4.33
DFF,alfred_fed_funds_initial,2025-03-30,4.33
DFF,alfred_fed_funds_initial,2025-03-31,4.33
DFF,alfred_fed_funds_initial,2025-04-01,4.33
DFF,alfred_fed_funds_initial,2025-04-02,4.33
DFF,alfred_fed_funds_initial,2025-04-03,4.33
DFF,alfred_fed_funds_initial,2025-04-04,4.33
DFF,alfred_fed_funds_initial,2025-04-05,4.33
DFF,alfred_fed_funds_initial,2025-04-06,4.33
DFF,alfred_fed_funds_initial,2025-04-07,4.33
DFF,alfred_fed_funds_initial,2025-04-08,4.33
DFF,alfred_fed_funds_initial,2025-04-09,4.33
DFF,alfred_fed_funds_initial,2025-04-10,4.33
DFF,alfred_fed_funds_initial,2025-04-11,4.33
DFF,alfred_fed_funds_initial,2025-04-12,4.33
DFF,alfred_fed_funds_initial,2025-04-13,4.33
DFF,alfred_fed_funds_initial,2025-04-14,4.33
DFF,alfred_fed_funds_initial,2025-04-15,4.33
DFF,alfred_fed_funds_initial,2025-04-16,4.33
DFF,alfred_fed_funds_initial,2025-04-17,4.33
DFF,alfred_fed_funds_initial,2025-04-18,4.33
DFF,alfred_fed_funds_initial,2025-04-19,4.33
DFF,alfred_fed_funds_initial,2025-04-20,4.33
DFF,alfred_fed_funds_initial,2025-04-21,4.33
DFF,alfred_fed_funds_initial,2025-04-22,4.33
DFF,alfred_fed_funds_initial,2025-04-23,4.33
DFF,alfred_fed_funds_initial,2025-04-24,4.33
DFF,alfred_fed_funds_initial,2025-04-25,4.33
DFF,alfred_fed_funds_initial,2025-04-26,4.33
DFF,alfred_fed_funds_initial,2025-04-27,4.33
DFF,alfred_fed_funds_initial,2025-04-28,4.33
DFF,alfred_fed_funds_initial,2025-04-29,4.33
DFF,alfred_fed_funds_initial,2025-04-30,4.33
DFF,alfred_fed_funds_initial,2025-05-01,4.33
DFF,alfred_fed_funds_initial,2025-05-02,4.33
DFF,alfred_fed_funds_initial,2025-05-03,4.33
DFF,alfred_fed_funds_initial,2025-05-04,4.33
DFF,alfred_fed_funds_initial,2025-05-05,4.33
DFF,alfred_fed_funds_initial,2025-05-06,4.33
DFF,alfred_fed_funds_initial,2025-05-07,4.33
DFF,alfred_fed_funds_initial,2025-05-08,4.33
DFF,alfred_fed_funds_initial,2025-05-09,4.33
DFF,alfred_fed_funds_initial,2025-05-10,4.33
DFF,alfred_fed_funds_initial,2025-05-11,4.33
DFF,alfred_fed_funds_initial,2025-05-12,4.33
DFF,alfred_fed_funds_initial,2025-05-13,4.33
DFF,alfred_fed_funds_initial,2025-05-14,4.33
DFF,alfred_fed_funds_initial,2025-05-15,4.33
DFF,alfred_fed_funds_initial,2025-05-16,4.33
DFF,alfred_fed_funds_initial,2025-05-17,4.33
DFF,alfred_fed_funds_initial,2025-05-18,4.33
DFF,alfred_fed_funds_initial,2025-05-19,4.33
DFF,alfred_fed_funds_initial,2025-05-20,4.33
DFF,alfred_fed_funds_initial,2025-05-21,4.33
DFF,alfred_fed_funds_initial,2025-05-22,4.33
DFF,alfred_fed_funds_initial,2025-05-23,4.33
DFF,alfred_fed_funds_initial,2025-05-24,4.33
DFF,alfred_fed_funds_initial,2025-05-25,4.33
DFF,alfred_fed_funds_initial,2025-05-26,4.33
DFF,alfred_fed_funds_initial,2025-05-27,4.33
DFF,alfred_fed_funds_initial,2025-05-28,4.33
DFF,alfred_fed_funds_initial,2025-05-29,4.33
DFF,alfred_fed_funds_initial,2025-05-30,4.33
DFF,alfred_fed_funds_initial,2025-05-31,4.33
DFF,alfred_fed_funds_initial,2025-06-01,4.33
DFF,alfred_fed_funds_initial,2025-06-02,4.33
DFF,alfred_fed_funds_initial,2025-06-03,4.33
DFF,alfred_fed_funds_initial,2025-06-04,4.33
DFF,alfred_fed_funds_initial,2025-06-05,4.33
DFF,alfred_fed_funds_initial,2025-06-06,4.33
DFF,alfred_fed_funds_initial,2025-06-07,4.33
DFF,alfred_fed_funds_initial,2025-06-08,4.33
DFF,alfred_fed_funds_initial,2025-06-09,4.33
DFF,alfred_fed_funds_initial,2025-06-10,4.33
DFF,alfred_fed_funds_initial,2025-06-11,4.33
DFF,alfred_fed_funds_initial,2025-06-12,4.33
DFF,alfred_fed_funds_initial,2025-06-13,4.33
DFF,alfred_fed_funds_initial,2025-06-14,4.33
DFF,alfred_fed_funds_initial,2025-06-15,4.33
DFF,alfred_fed_funds_initial,2025-06-16,4.33
DFF,alfred_fed_funds_initial,2025-06-17,4.33
DFF,alfred_fed_funds_initial,2025-06-18,4.33
DFF,alfred_fed_funds_initial,2025-06-19,4.33
DFF,alfred_fed_funds_initial,2025-06-20,4.33
DFF,alfred_fed_funds_initial,2025-06-21,4.33
DFF,alfred_fed_funds_initial,2025-06-22,4.33
DFF,alfred_fed_funds_initial,2025-06-23,4.33
DFF,alfred_fed_funds_initial,2025-06-24,4.33
DFF,alfred_fed_funds_initial,2025-06-25,4.33
DFF,alfred_fed_funds_initial,2025-06-26,4.33
DFF,alfred_fed_funds_initial,2025-06-27,4.33
DFF,alfred_fed_funds_initial,2025-06-28,4.33
DFF,alfred_fed_funds_initial,2025-06-29,4.33
DFF,alfred_fed_funds_initial,2025-06-30,4.33
DFF,alfred_fed_funds_initial,2025-07-01,4.33
DFF,alfred_fed_funds_initial,2025-07-02,4.33
DFF,alfred_fed_funds_initial,2025-07-03,4.33
DFF,alfred_fed_funds_initial,2025-07-04,4.33
DFF,alfred_fed_funds_initial,2025-07-05,4.33
DFF,alfred_fed_funds_initial,2025-07-06,4.33
DFF,alfred_fed_funds_initial,2025-07-07,4.33
DFF,alfred_fed_funds_initial,2025-07-08,4.33
DFF,alfred_fed_funds_initial,2025-07-09,4.33
DFF,alfred_fed_funds_initial,2025-07-10,4.33
DFF,alfred_fed_funds_initial,2025-07-11,4.33
DFF,alfred_fed_funds_initial,2025-07-12,4.33
DFF,alfred_fed_funds_initial,2025-07-13,4.33
DFF,alfred_fed_funds_initial,2025-07-14,4.33
DFF,alfred_fed_funds_initial,2025-07-15,4.33
DFF,alfred_fed_funds_initial,2025-07-16,4.33
DFF,alfred_fed_funds_initial,2025-07-17,4.33
DFF,alfred_fed_funds_initial,2025-07-18,4.33
DFF,alfred_fed_funds_initial,2025-07-19,4.33
DFF,alfred_fed_funds_initial,2025-07-20,4.33
DFF,alfred_fed_funds_initial,2025-07-21,4.33
DFF,alfred_fed_funds_initial,2025-07-22,4.33
DFF,alfred_fed_funds_initial,2025-07-23,4.33
DFF,alfred_fed_funds_initial,2025-07-24,4.33
DFF,alfred_fed_funds_initial,2025-07-25,4.33
DFF,alfred_fed_funds_initial,2025-07-26,4.33
DFF,alfred_fed_funds_initial,2025-07-27,4.33
DFF,alfred_fed_funds_initial,2025-07-28,4.33
DFF,alfred_fed_funds_initial,2025-07-29,4.33
DFF,alfred_fed_funds_initial,2025-07-30,4.33
DFF,alfred_fed_funds_initial,2025-07-31,4.33
DFF,alfred_fed_funds_initial,2025-08-01,4.33
DFF,alfred_fed_funds_initial,2025-08-02,4.33
DFF,alfred_fed_funds_initial,2025-08-03,4.33
DFF,alfred_fed_funds_initial,2025-08-04,4.33
DFF,alfred_fed_funds_initial,2025-08-05,4.33
DFF,alfred_fed_funds_initial,2025-08-06,4.33
DFF,alfred_fed_funds_initial,2025-08-07,4.33
DFF,alfred_fed_funds_initial,2025-08-08,4.33
DFF,alfred_fed_funds_initial,2025-08-09,4.33
DFF,alfred_fed_funds_initial,2025-08-10,4.33
DFF,alfred_fed_funds_initial,2025-08-11,4.33
DFF,alfred_fed_funds_initial,2025-08-12,4.33
DFF,alfred_fed_funds_initial,2025-08-13,4.33
DFF,alfred_fed_funds_initial,2025-08-14,4.33
DFF,alfred_fed_funds_initial,2025-08-15,4.33
DFF,alfred_fed_funds_initial,2025-08-16,4.33
DFF,alfred_fed_funds_initial,2025-08-17,4.33
DFF,alfred_fed_funds_initial,2025-08-18,4.33
DFF,alfred_fed_funds_initial,2025-08-19,4.33
DFF,alfred_fed_funds_initial,2025-08-20,4.33
DFF,alfred_fed_funds_initial,2025-08-21,4.33
DFF,alfred_fed_funds_initial,2025-08-22,4.33
DFF,alfred_fed_funds_initial,2025-08-23,4.33
DFF,alfred_fed_funds_initial,2025-08-24,4.33
DFF,alfred_fed_funds_initial,2025-08-25,4.33
DFF,alfred_fed_funds_initial,2025-08-26,4.33
DFF,alfred_fed_funds_initial,2025-08-27,4.33
DFF,alfred_fed_funds_initial,2025-08-28,4.33
DFF,alfred_fed_funds_initial,2025-08-29,4.33
DFF,alfred_fed_funds_initial,2025-08-30,4.33
DFF,alfred_fed_funds_initial,2025-08-31,4.33
DFF,alfred_fed_funds_initial,2025-09-01,4.33
DFF,alfred_fed_funds_initial,2025-09-02,4.33
DFF,alfred_fed_funds_initial,2025-09-03,4.33
DFF,alfred_fed_funds_initial,2025-09-04,4.33
DFF,alfred_fed_funds_initial,2025-09-05,4.33
DFF,alfred_fed_funds_initial,2025-09-06,4.33
DFF,alfred_fed_funds_initial,2025-09-07,4.33
DFF,alfred_fed_funds_initial,2025-09-08,4.33
DFF,alfred_fed_funds_initial,2025-09-09,4.33
DFF,alfred_fed_funds_initial,2025-09-10,4.33
DFF,alfred_fed_funds_initial,2025-09-11,4.33
DFF,alfred_fed_funds_initial,2025-09-12,4.33
DFF,alfred_fed_funds_initial,2025-09-13,4.33
DFF,alfred_fed_funds_initial,2025-09-14,4.33
DFF,alfred_fed_funds_initial,2025-09-15,4.33
DFF,alfred_fed_funds_initial,2025-09-16,4.33
DFF,alfred_fed_funds_initial,2025-09-17,4.33
DFF,alfred_fed_funds_initial,2025-09-18,4.08
DFF,alfred_fed_funds_initial,2025-09-19,4.08
DFF,alfred_fed_funds_initial,2025-09-20,4.08
DFF,alfred_fed_funds_initial,2025-09-21,4.08
DFF,alfred_fed_funds_initial,2025-09-22,4.09
DFF,alfred_fed_funds_initial,2025-09-23,4.09
DFF,alfred_fed_funds_initial,2025-09-24,4.09
DFF,alfred_fed_funds_initial,2025-09-25,4.09
DFF,alfred_fed_funds_initial,2025-09-26,4.09
DFF,alfred_fed_funds_initial,2025-09-27,4.09
DFF,alfred_fed_funds_initial,2025-09-28,4.09
DFF,alfred_fed_funds_initial,2025-09-29,4.09
DFF,alfred_fed_funds_initial,2025-09-30,4.09
DFF,alfred_fed_funds_initial,2025-10-01,4.09
DFF,alfred_fed_funds_initial,2025-10-02,4.09
DFF,alfred_fed_funds_initial,2025-10-03,4.09
DFF,alfred_fed_funds_initial,2025-10-04,4.09
DFF,alfred_fed_funds_initial,2025-10-05,4.09
DFF,alfred_fed_funds_initial,2025-10-06,4.09
DFF,alfred_fed_funds_initial,2025-10-07,4.09
DFF,alfred_fed_funds_initial,2025-10-08,4.1
DFF,alfred_fed_funds_initial,2025-10-09,4.1
DFF,alfred_fed_funds_initial,2025-10-10,4.1
DFF,alfred_fed_funds_initial,2025-10-11,4.1
DFF,alfred_fed_funds_initial,2025-10-12,4.1
DFF,alfred_fed_funds_initial,2025-10-13,4.1
DFF,alfred_fed_funds_initial,2025-10-14,4.1
DFF,alfred_fed_funds_initial,2025-10-15,4.1
DFF,alfred_fed_funds_initial,2025-10-16,4.11
DFF,alfred_fed_funds_initial,2025-10-17,4.11
DFF,alfred_fed_funds_initial,2025-10-18,4.11
DFF,alfred_fed_funds_initial,2025-10-19,4.11
DFF,alfred_fed_funds_initial,2025-10-20,4.11
DFF,alfred_fed_funds_initial,2025-10-21,4.11
DFF,alfred_fed_funds_initial,2025-10-22,4.11
DFF,alfred_fed_funds_initial,2025-10-23,4.11
DFF,alfred_fed_funds_initial,2025-10-24,4.11
DFF,alfred_fed_funds_initial,2025-10-25,4.11
DFF,alfred_fed_funds_initial,2025-10-26,4.11
DFF,alfred_fed_funds_initial,2025-10-27,4.12
DFF,alfred_fed_funds_initial,2025-10-28,4.12
DFF,alfred_fed_funds_initial,2025-10-29,4.12
DFF,alfred_fed_funds_initial,2025-10-30,3.87
DFF,alfred_fed_funds_initial,2025-10-31,3.86
DFF,alfred_fed_funds_initial,2025-11-01,3.86
DFF,alfred_fed_funds_initial,2025-11-02,3.86
DFF,alfred_fed_funds_initial,2025-11-03,3.87
DFF,alfred_fed_funds_initial,2025-11-04,3.87
DFF,alfred_fed_funds_initial,2025-11-05,3.87
DFF,alfred_fed_funds_initial,2025-11-06,3.87
DFF,alfred_fed_funds_initial,2025-11-07,3.87
DFF,alfred_fed_funds_initial,2025-11-08,3.87
DFF,alfred_fed_funds_initial,2025-11-09,3.87
DFF,alfred_fed_funds_initial,2025-11-10,3.87
DFF,alfred_fed_funds_initial,2025-11-11,3.87
DFF,alfred_fed_funds_initial,2025-11-12,3.87
DFF,alfred_fed_funds_initial,2025-11-13,3.88
DFF,alfred_fed_funds_initial,2025-11-14,3.88
DFF,alfred_fed_funds_initial,2025-11-15,3.88
DFF,alfred_fed_funds_initial,2025-11-16,3.88
DFF,alfred_fed_funds_initial,2025-11-17,3.88
DFF,alfred_fed_funds_initial,2025-11-18,3.88
DFF,alfred_fed_funds_initial,2025-11-19,3.88
DFF,alfred_fed_funds_initial,2025-11-20,3.88
DFF,alfred_fed_funds_initial,2025-11-21,3.88
DFF,alfred_fed_funds_initial,2025-11-22,3.88
DFF,alfred_fed_funds_initial,2025-11-23,3.88
DFF,alfred_fed_funds_initial,2025-11-24,3.88
DFF,alfred_fed_funds_initial,2025-11-25,3.88
DFF,alfred_fed_funds_initial,2025-11-26,3.88
DFF,alfred_fed_funds_initial,2025-11-27,3.88
DFF,alfred_fed_funds_initial,2025-11-28,3.89
DFF,alfred_fed_funds_initial,2025-11-29,3.89
DFF,alfred_fed_funds_initial,2025-11-30,3.89
DFF,alfred_fed_funds_initial,2025-12-01,3.89
DFF,alfred_fed_funds_initial,2025-12-02,3.89
DFF,alfred_fed_funds_initial,2025-12-03,3.89
DFF,alfred_fed_funds_initial,2025-12-04,3.89
DFF,alfred_fed_funds_initial,2025-12-05,3.89
DFF,alfred_fed_funds_initial,2025-12-06,3.89
DFF,alfred_fed_funds_initial,2025-12-07,3.89
DFF,alfred_fed_funds_initial,2025-12-08,3.89
DFF,alfred_fed_funds_initial,2025-12-09,3.89
DFF,alfred_fed_funds_initial,2025-12-10,3.89
DFF,alfred_fed_funds_initial,2025-12-11,3.64
DFF,alfred_fed_funds_initial,2025-12-12,3.64
DFF,alfred_fed_funds_initial,2025-12-13,3.64
DFF,alfred_fed_funds_initial,2025-12-14,3.64
DFF,alfred_fed_funds_initial,2025-12-15,3.64
DFF,alfred_fed_funds_initial,2025-12-16,3.64
DFF,alfred_fed_funds_initial,2025-12-17,3.64
DFF,alfred_fed_funds_initial,2025-12-18,3.64
DFF,alfred_fed_funds_initial,2025-12-19,3.64
DFF,alfred_fed_funds_initial,2025-12-20,3.64
DFF,alfred_fed_funds_initial,2025-12-21,3.64
DFF,alfred_fed_funds_initial,2025-12-22,3.64
DFF,alfred_fed_funds_initial,2025-12-23,3.64
DFF,alfred_fed_funds_initial,2025-12-24,3.64
DFF,alfred_fed_funds_initial,2025-12-25,3.64
DFF,alfred_fed_funds_initial,2025-12-26,3.64
DFF,alfred_fed_funds_initial,2025-12-27,3.64
DFF,alfred_fed_funds_initial,2025-12-28,3.64
DFF,alfred_fed_funds_initial,2025-12-29,3.64
DFF,alfred_fed_funds_initial,2025-12-30,3.64
DFF,alfred_fed_funds_initial,2025-12-31,3.64
DFF,alfred_fed_funds_initial,2026-01-01,3.64
DFF,alfred_fed_funds_initial,2026-01-02,3.64
DFF,alfred_fed_funds_initial,2026-01-03,3.64
DFF,alfred_fed_funds_initial,2026-01-04,3.64
DFF,alfred_fed_funds_initial,2026-01-05,3.64
DFF,alfred_fed_funds_initial,2026-01-06,3.64
DFF,alfred_fed_funds_initial,2026-01-07,3.64
DFF,alfred_fed_funds_initial,2026-01-08,3.64
DFF,alfred_fed_funds_initial,2026-01-09,3.64
DFF,alfred_fed_funds_initial,2026-01-10,3.64
DFF,alfred_fed_funds_initial,2026-01-11,3.64
DFF,alfred_fed_funds_initial,2026-01-12,3.64
DFF,alfred_fed_funds_initial,2026-01-13,3.64
DFF,alfred_fed_funds_initial,2026-01-14,3.64
DFF,alfred_fed_funds_initial,2026-01-15,3.64
DFF,alfred_fed_funds_initial,2026-01-16,3.64
DFF,alfred_fed_funds_initial,2026-01-17,3.64
DFF,alfred_fed_funds_initial,2026-01-18,3.64
DFF,alfred_fed_funds_initial,2026-01-19,3.64
DFF,alfred_fed_funds_initial,2026-01-20,3.64
DFF,alfred_fed_funds_initial,2026-01-21,3.64
DFF,alfred_fed_funds_initial,2026-01-22,3.64
DFF,alfred_fed_funds_initial,2026-01-23,3.64
DFF,alfred_fed_funds_initial,2026-01-24,3.64
DFF,alfred_fed_funds_initial,2026-01-25,3.64
DFF,alfred_fed_funds_initial,2026-01-26,3.64
DFF,alfred_fed_funds_initial,2026-01-27,3.64
DFF,alfred_fed_funds_initial,2026-01-28,3.64
DFF,alfred_fed_funds_initial,2026-01-29,3.64
DFF,alfred_fed_funds_initial,2026-01-30,3.64
DFF,alfred_fed_funds_initial,2026-01-31,3.64
DFF,alfred_fed_funds_initial,2026-02-01,3.64
DFF,alfred_fed_funds_initial,2026-02-02,3.64
DFF,alfred_fed_funds_initial,2026-02-03,3.64
DFF,alfred_fed_funds_initial,2026-02-04,3.64
DFF,alfred_fed_funds_initial,2026-02-05,3.64
DFF,alfred_fed_funds_initial,2026-02-06,3.64
DFF,alfred_fed_funds_initial,2026-02-07,3.64
DFF,alfred_fed_funds_initial,2026-02-08,3.64
DFF,alfred_fed_funds_initial,2026-02-09,3.64
DFF,alfred_fed_funds_initial,2026-02-10,3.64
DFF,alfred_fed_funds_initial,2026-02-11,3.64
DFF,alfred_fed_funds_initial,2026-02-12,3.64
DFF,alfred_fed_funds_initial,2026-02-13,3.64
DFF,alfred_fed_funds_initial,2026-02-14,3.64
DFF,alfred_fed_funds_initial,2026-02-15,3.64
DFF,alfred_fed_funds_initial,2026-02-16,3.64
DFF,alfred_fed_funds_initial,2026-02-17,3.64
DFF,alfred_fed_funds_initial,2026-02-18,3.64
DFF,alfred_fed_funds_initial,2026-02-19,3.64
DFF,alfred_fed_funds_initial,2026-02-20,3.64
DFF,alfred_fed_funds_initial,2026-02-21,3.64
DFF,alfred_fed_funds_initial,2026-02-22,3.64
DFF,alfred_fed_funds_initial,2026-02-23,3.64
DFF,alfred_fed_funds_initial,2026-02-24,3.64
DFF,alfred_fed_funds_initial,2026-02-25,3.64
DFF,alfred_fed_funds_initial,2026-02-26,3.64
DFF,alfred_fed_funds_initial,2026-02-27,3.64
DFF,alfred_fed_funds_initial,2026-02-28,3.64
DFF,alfred_fed_funds_initial,2026-03-01,3.64
DFF,alfred_fed_funds_initial,2026-03-02,3.64
DFF,alfred_fed_funds_initial,2026-03-03,3.64
DFF,alfred_fed_funds_initial,2026-03-04,3.64
DFF,alfred_fed_funds_initial,2026-03-05,3.64
DFF,alfred_fed_funds_initial,2026-03-06,3.64
DFF,alfred_fed_funds_initial,2026-03-07,3.64
DFF,alfred_fed_funds_initial,2026-03-08,3.64
DFF,alfred_fed_funds_initial,2026-03-09,3.64
DFF,alfred_fed_funds_initial,2026-03-10,3.64
DFF,alfred_fed_funds_initial,2026-03-11,3.64
DFF,alfred_fed_funds_initial,2026-03-12,3.64
DFF,alfred_fed_funds_initial,2026-03-13,3.64
DFF,alfred_fed_funds_initial,2026-03-14,3.64
DFF,alfred_fed_funds_initial,2026-03-15,3.64
DFF,alfred_fed_funds_initial,2026-03-16,3.64
DFF,alfred_fed_funds_initial,2026-03-17,3.64
DFF,alfred_fed_funds_initial,2026-03-18,3.64
DFF,alfred_fed_funds_initial,2026-03-19,3.64
DFF,alfred_fed_funds_initial,2026-03-20,3.64
DFF,alfred_fed_funds_initial,2026-03-21,3.64
DFF,alfred_fed_funds_initial,2026-03-22,3.64
DFF,alfred_fed_funds_initial,2026-03-23,3.64
DFF,alfred_fed_funds_initial,2026-03-24,3.64
DFF,alfred_fed_funds_initial,2026-03-25,3.64
DFF,alfred_fed_funds_initial,2026-03-26,3.64
DFF,alfred_fed_funds_initial,2026-03-27,3.64
DFF,alfred_fed_funds_initial,2026-03-28,3.64
DFF,alfred_fed_funds_initial,2026-03-29,3.64
DFF,alfred_fed_funds_initial,2026-03-30,3.64
DFF,alfred_fed_funds_initial,2026-03-31,3.64
DFF,alfred_fed_funds_initial,2026-04-01,3.64
DFF,alfred_fed_funds_initial,2026-04-02,3.64
DFF,alfred_fed_funds_initial,2026-04-03,3.64
DFF,alfred_fed_funds_initial,2026-04-04,3.64
DFF,alfred_fed_funds_initial,2026-04-05,3.64
DFF,alfred_fed_funds_initial,2026-04-06,3.64
DFF,alfred_fed_funds_initial,2026-04-07,3.64
DFF,alfred_fed_funds_initial,2026-04-08,3.64
DFF,alfred_fed_funds_initial,2026-04-09,3.64
DFF,alfred_fed_funds_initial,2026-04-10,3.64
DFF,alfred_fed_funds_initial,2026-04-11,3.64
DFF,alfred_fed_funds_initial,2026-04-12,3.64
DFF,alfred_fed_funds_initial,2026-04-13,3.64
DFF,alfred_fed_funds_initial,2026-04-14,3.64
DFF,alfred_fed_funds_initial,2026-04-15,3.64
DFF,alfred_fed_funds_initial,2026-04-16,3.64
DFF,alfred_fed_funds_initial,2026-04-17,3.64
DFF,alfred_fed_funds_initial,2026-04-18,3.64
DFF,alfred_fed_funds_initial,2026-04-19,3.64
DFF,alfred_fed_funds_initial,2026-04-20,3.64
DFF,alfred_fed_funds_initial,2026-04-21,3.64
DFF,alfred_fed_funds_initial,2026-04-22,3.64
DFF,alfred_fed_funds_initial,2026-04-23,3.64
DFF,alfred_fed_funds_initial,2026-04-24,3.64
DFF,alfred_fed_funds_initial,2026-04-25,3.64
DFF,alfred_fed_funds_initial,2026-04-26,3.64
DFF,alfred_fed_funds_initial,2026-04-27,3.64
DFF,alfred_fed_funds_initial,2026-04-28,3.64
DFF,alfred_fed_funds_initial,2026-04-29,3.64
DFF,alfred_fed_funds_initial,2026-04-30,3.64
DFF,alfred_fed_funds_initial,2026-05-01,3.64
DFF,alfred_fed_funds_initial,2026-05-02,3.64
DFF,alfred_fed_funds_initial,2026-05-03,3.64
DFF,alfred_fed_funds_initial,2026-05-04,3.64
DFF,alfred_fed_funds_initial,2026-05-05,3.64
DFF,alfred_fed_funds_initial,2026-05-06,3.64
DFF,alfred_fed_funds_initial,2026-05-07,3.63
DFF,alfred_fed_funds_initial,2026-05-08,3.63
DFF,alfred_fed_funds_initial,2026-05-09,3.63
DFF,alfred_fed_funds_initial,2026-05-10,3.63
DFF,alfred_fed_funds_initial,2026-05-11,3.63
DFF,alfred_fed_funds_initial,2026-05-12,3.63
DFF,alfred_fed_funds_initial,2026-05-13,3.63
DFF,alfred_fed_funds_initial,2026-05-14,3.63
DFF,alfred_fed_funds_initial,2026-05-15,3.63
DFF,alfred_fed_funds_initial,2026-05-16,3.63
DFF,alfred_fed_funds_initial,2026-05-17,3.63
DFF,alfred_fed_funds_initial,2026-05-18,3.63
DFF,alfred_fed_funds_initial,2026-05-19,3.62
DFF,alfred_fed_funds_initial,2026-05-20,3.62
DFF,alfred_fed_funds_initial,2026-05-21,3.62
DFF,alfred_fed_funds_initial,2026-05-22,3.62
DFF,alfred_fed_funds_initial,2026-05-23,3.62
DFF,alfred_fed_funds_initial,2026-05-24,3.62
DFF,alfred_fed_funds_initial,2026-05-25,3.62
DFF,alfred_fed_funds_initial,2026-05-26,3.62
DFF,alfred_fed_funds_initial,2026-05-27,3.62
DFF,alfred_fed_funds_initial,2026-05-28,3.62
DFF,alfred_fed_funds_initial,2026-05-29,3.62
DFF,alfred_fed_funds_initial,2026-05-30,3.62
DFF,alfred_fed_funds_initial,2026-05-31,3.62
DFF,alfred_fed_funds_initial,2026-06-01,3.62
DFF,alfred_fed_funds_initial,2026-06-02,3.62
DFF,alfred_fed_funds_initial,2026-06-03,3.62
DFF,alfred_fed_funds_initial,2026-06-04,3.62
DFF,alfred_fed_funds_initial,2026-06-05,3.62
DFF,alfred_fed_funds_initial,2026-06-06,3.62
DFF,alfred_fed_funds_initial,2026-06-07,3.62
DFF,alfred_fed_funds_initial,2026-06-08,3.62
DFF,alfred_fed_funds_initial,2026-06-09,3.62
DFF,alfred_fed_funds_initial,2026-06-10,3.62
DFF,alfred_fed_funds_initial,2026-06-11,3.62
DFF,alfred_fed_funds_initial,2026-06-12,3.62
DFF,alfred_fed_funds_initial,2026-06-13,3.62
DFF,alfred_fed_funds_initial,2026-06-14,3.62
DFF,alfred_fed_funds_initial,2026-06-15,3.63
DFF,alfred_fed_funds_initial,2026-06-16,3.63
DFF,alfred_fed_funds_initial,2026-06-17,3.63
DFF,alfred_fed_funds_initial,2026-06-18,3.63
DFF,alfred_fed_funds_initial,2026-06-19,3.63
DFF,alfred_fed_funds_initial,2026-06-20,3.63
DFF,alfred_fed_funds_initial,2026-06-21,3.63
DFF,alfred_fed_funds_initial,2026-06-22,3.63
DFF,alfred_fed_funds_initial,2026-06-23,3.63
DFF,alfred_fed_funds_initial,2026-06-24,3.63
DFF,alfred_fed_funds_initial,2026-06-25,3.63
DFF,alfred_fed_funds_initial,2026-06-26,3.63
DFF,alfred_fed_funds_initial,2026-06-27,3.63
DFF,alfred_fed_funds_initial,2026-06-28,3.63
DFF,alfred_fed_funds_initial,2026-06-29,3.63
DFF,alfred_fed_funds_initial,2026-06-30,3.63
DFF,alfred_fed_funds_initial,2026-07-01,3.63
DFF,alfred_fed_funds_initial,2026-07-02,3.63
DFF,alfred_fed_funds_initial,2026-07-03,3.63
DFF,alfred_fed_funds_initial,2026-07-04,3.63
DFF,alfred_fed_funds_initial,2026-07-05,3.63
DFF,alfred_fed_funds_initial,2026-07-06,3.63
DFF,alfred_fed_funds_initial,2026-07-07,3.63
DFF,alfred_fed_funds_initial,2026-07-08,3.62
DFF,alfred_fed_funds_initial,2026-07-09,3.62
DFF,alfred_fed_funds_initial,2026-07-10,3.62
DFF,alfred_fed_funds_initial,2026-07-11,3.62
DFF,alfred_fed_funds_initial,2026-07-12,3.62
DFF,alfred_fed_funds_initial,2026-07-13,3.62
DFF,alfred_fed_funds_initial,2026-07-14,3.63
DFF,alfred_fed_funds_initial,2026-07-15,3.63
DFF,alfred_fed_funds_initial,2026-07-16,3.63
DFF,alfred_fed_funds_initial,2026-07-17,3.63
DFF,alfred_fed_funds_initial,2026-07-18,3.63
DFF,alfred_fed_funds_initial,2026-07-19,3.63
DFF,alfred_fed_funds_initial,2026-07-20,3.63
DFF,alfred_fed_funds_initial,2026-07-21,3.63
DFF,alfred_fed_funds_initial,2026-07-22,3.63
DFF,alfred_fed_funds_initial,2026-07-23,3.63
DFF,alfred_fed_funds_initial,2026-07-24,3.63
DFF,alfred_fed_funds_initial,2026-07-25,3.63
DFF,alfred_fed_funds_initial,2026-07-26,3.63
DFF,alfred_fed_funds_initial,2026-07-27,3.63
DFF,alfred_fed_funds_initial,2026-07-28,3.63
DFF,alfred_fed_funds_initial,2026-07-29,3.63
DFF,alfred_fed_funds_initial,2026-07-30,3.63
DFF,alfred_fed_funds_initial,2026-07-31,3.63
DFF,alfred_fed_funds_initial,2026-08-01,3.63
DFF,alfred_fed_funds_initial,2026-08-02,3.63
DFF,alfred_fed_funds_initial,2026-08-03,3.63
DFF,alfred_fed_funds_initial,2026-08-04,3.63
DFF,alfred_fed_funds_initial,2026-08-05,3.63
DFF,alfred_fed_funds_initial,2026-08-06,3.63
DFF,alfred_fed_funds_initial,2026-08-07,3.63
DFF,alfred_fed_funds_initial,2026-08-08,3.63
DFF,alfred_fed_funds_initial,2026-08-09,3.63
DFF,alfred_fed_funds_initial,2026-08-10,3.63
DFF,alfred_fed_funds_initial,2026-08-11,3.63
DFF,alfred_fed_funds_initial,2026-08-12,3.63
DFF,alfred_fed_funds_initial,2026-08-13,3.63
DFF,alfred_fed_funds_initial,2026-08-14,3.63
DFF,alfred_fed_funds_initial,2026-08-15,3.63
DFF,alfred_fed_funds_initial,2026-08-16,3.63
DFF,alfred_fed_funds_initial,2026-08-17,3.63
DFF,alfred_fed_funds_initial,2026-08-18,3.63
DFF,alfred_fed_funds_initial,2026-08-19,3.63
DFF,alfred_fed_funds_initial,2026-08-20,3.63
DFF,alfred_fed_funds_initial,2026-08-21,3.63
DFF,alfred_fed_funds_initial,2026-08-22,3.63
DFF,alfred_fed_funds_initial,2026-08-23,3.63
DFF,alfred_fed_funds_initial,2026-08-24,3.63
DFF,alfred_fed_funds_initial,2026-08-25,3.63
DFF,alfred_fed_funds_initial,2026-08-26,3.63
DFF,alfred_fed_funds_initial,2026-08-27,3.63
DFF,alfred_fed_funds_initial,2026-08-28,3.63
DFF,alfred_fed_funds_initial,2026-08-29,3.63
DFF,alfred_fed_funds_initial,2026-08-30,3.63
DFF,alfred_fed_funds_initial,2026-08-31,3.63
DFF,alfred_fed_funds_initial,2026-09-01,3.63
DFF,alfred_fed_funds_initial,2026-09-02,3.63
DFF,alfred_fed_funds_initial,2026-09-03,3.63
DFF,alfred_fed_funds_initial,2026-09-04,3.63
DFF,alfred_fed_funds_initial,2026-09-05,3.63
DFF,alfred_fed_funds_initial,2026-09-06,3.63
DFF,alfred_fed_funds_initial,2026-09-07,3.63
DFF,alfred_fed_funds_initial,2026-09-08,3.63
DFF,alfred_fed_funds_initial,2026-09-09,3.63
DFF,alfred_fed_funds_initial,2026-09-10,3.63
DFF,alfred_fed_funds_initial,2026-09-11,3.63
DFF,alfred_fed_funds_initial,2026-09-12,3.63
DFF,alfred_fed_funds_initial,2026-09-13,3.63
DFF,alfred_fed_funds_initial,2026-09-14,3.63
DFF,alfred_fed_funds_initial,2026-09-15,3.63
M2SL,alfred_m2_initial,2017-01-01,13318.9
M2SL,alfred_m2_initial,2017-02-01,13395.2
M2SL,alfred_m2_initial,2017-03-01,13464.6
M2SL,alfred_m2_initial,2017-04-01,13520.3
M2SL,alfred_m2_initial,2017-05-01,13567.4
M2SL,alfred_m2_initial,2017-06-01,13577.0
M2SL,alfred_m2_initial,2017-07-01,13638.5
M2SL,alfred_m2_initial,2017-08-01,13695.0
M2SL,alfred_m2_initial,2017-09-01,13743.0
M2SL,alfred_m2_initial,2017-10-01,13801.5
M2SL,alfred_m2_initial,2017-11-01,13849.1
M2SL,alfred_m2_initial,2017-12-01,13887.3
M2SL,alfred_m2_initial,2018-01-01,13902.4
M2SL,alfred_m2_initial,2018-02-01,13949.8
M2SL,alfred_m2_initial,2018-03-01,14014.5
M2SL,alfred_m2_initial,2018-04-01,14034.8
M2SL,alfred_m2_initial,2018-05-01,14091.0
M2SL,alfred_m2_initial,2018-06-01,14133.2
M2SL,alfred_m2_initial,2018-07-01,14170.0
M2SL,alfred_m2_initial,2018-08-01,14221.3
M2SL,alfred_m2_initial,2018-09-01,14243.9
M2SL,alfred_m2_initial,2018-10-01,14257.6
M2SL,alfred_m2_initial,2018-11-01,14288.4
M2SL,alfred_m2_initial,2018-12-01,14392.0
M2SL,alfred_m2_initial,2019-01-01,14460.2
M2SL,alfred_m2_initial,2019-02-01,14506.6
M2SL,alfred_m2_initial,2019-03-01,14559.5
M2SL,alfred_m2_initial,2019-04-01,14594.0
M2SL,alfred_m2_initial,2019-05-01,14703.2
M2SL,alfred_m2_initial,2019-06-01,14798.8
M2SL,alfred_m2_initial,2019-07-01,14882.7
M2SL,alfred_m2_initial,2019-08-01,14974.4
M2SL,alfred_m2_initial,2019-09-01,15047.2
M2SL,alfred_m2_initial,2019-10-01,15185.6
M2SL,alfred_m2_initial,2019-11-01,15301.3
M2SL,alfred_m2_initial,2019-12-01,15351.5
M2SL,alfred_m2_initial,2020-01-01,15425.0
M2SL,alfred_m2_initial,2020-02-01,15492.8
M2SL,alfred_m2_initial,2020-03-01,16034.4
M2SL,alfred_m2_initial,2020-04-01,17064.0
M2SL,alfred_m2_initial,2020-05-01,17931.9
M2SL,alfred_m2_initial,2020-06-01,18180.0
M2SL,alfred_m2_initial,2020-07-01,18331.4
M2SL,alfred_m2_initial,2020-08-01,18413.3
M2SL,alfred_m2_initial,2020-09-01,18605.0
M2SL,alfred_m2_initial,2020-10-01,18759.9
M2SL,alfred_m2_initial,2020-11-01,19002.4
M2SL,alfred_m2_initial,2020-12-01,19119.4
M2SL,alfred_m2_initial,2021-01-01,19375.3
M2SL,alfred_m2_initial,2021-02-01,19641.4
M2SL,alfred_m2_initial,2021-03-01,19874.5
M2SL,alfred_m2_initial,2021-04-01,20174.2
M2SL,alfred_m2_initial,2021-05-01,20457.5
M2SL,alfred_m2_initial,2021-06-01,20472.7
M2SL,alfred_m2_initial,2021-07-01,20630.0
M2SL,alfred_m2_initial,2021-08-01,20844.1
M2SL,alfred_m2_initial,2021-09-01,20985.5
M2SL,alfred_m2_initial,2021-10-01,21164.2
M2SL,alfred_m2_initial,2021-11-01,21341.0
M2SL,alfred_m2_initial,2021-12-01,21502.8
M2SL,alfred_m2_initial,2022-01-01,21647.4
M2SL,alfred_m2_initial,2022-02-01,21725.6
M2SL,alfred_m2_initial,2022-03-01,21788.1
M2SL,alfred_m2_initial,2022-04-01,21768.4
M2SL,alfred_m2_initial,2022-05-01,21718.0
M2SL,alfred_m2_initial,2022-06-01,21647.0
M2SL,alfred_m2_initial,2022-07-01,21649.3
M2SL,alfred_m2_initial,2022-08-01,21641.9
M2SL,alfred_m2_initial,2022-09-01,21541.3
M2SL,alfred_m2_initial,2022-10-01,21464.1
M2SL,alfred_m2_initial,2022-11-01,21409.5
M2SL,alfred_m2_initial,2022-12-01,21293.2
M2SL,alfred_m2_initial,2023-01-01,21274.0
M2SL,alfred_m2_initial,2023-02-01,21240.2
M2SL,alfred_m2_initial,2023-03-01,20942.3
M2SL,alfred_m2_initial,2023-04-01,20758.4
M2SL,alfred_m2_initial,2023-05-01,20829.5
M2SL,alfred_m2_initial,2023-06-01,20798.9
M2SL,alfred_m2_initial,2023-07-01,20792.2
M2SL,alfred_m2_initial,2023-08-01,20782.0
M2SL,alfred_m2_initial,2023-09-01,20753.6
M2SL,alfred_m2_initial,2023-10-01,20737.5
M2SL,alfred_m2_initial,2023-11-01,20749.7
M2SL,alfred_m2_initial,2023-12-01,20779.9
M2SL,alfred_m2_initial,2024-01-01,20835.5
M2SL,alfred_m2_initial,2024-02-01,20921.7
M2SL,alfred_m2_initial,2024-03-01,20965.9
M2SL,alfred_m2_initial,2024-04-01,20955.5
M2SL,alfred_m2_initial,2024-05-01,21021.7
M2SL,alfred_m2_initial,2024-06-01,21070.7
M2SL,alfred_m2_initial,2024-07-01,21098.8
M2SL,alfred_m2_initial,2024-08-01,21191.9
M2SL,alfred_m2_initial,2024-09-01,21275.5
M2SL,alfred_m2_initial,2024-10-01,21336.7
M2SL,alfred_m2_initial,2024-11-01,21454.8
M2SL,alfred_m2_initial,2024-12-01,21487.6
M2SL,alfred_m2_initial,2025-01-01,21539.3
M2SL,alfred_m2_initial,2025-02-01,21607.3
M2SL,alfred_m2_initial,2025-03-01,21684.1
M2SL,alfred_m2_initial,2025-04-01,21770.8
M2SL,alfred_m2_initial,2025-05-01,21836.1
M2SL,alfred_m2_initial,2025-06-01,21942.6
M2SL,alfred_m2_initial,2025-07-01,22025.5
M2SL,alfred_m2_initial,2025-08-01,22092.6
M2SL,alfred_m2_initial,2025-09-01,22176.1
M2SL,alfred_m2_initial,2025-10-01,22249.8
M2SL,alfred_m2_initial,2025-11-01,22279.8
M2SL,alfred_m2_initial,2025-12-01,22355.3
M2SL,alfred_m2_initial,2026-01-01,22413.4
M2SL,alfred_m2_initial,2026-02-01,22598.9
M2SL,alfred_m2_initial,2026-03-01,22640.4
M2SL,alfred_m2_initial,2026-04-01,22756.7
M2SL,alfred_m2_initial,2026-05-01,23013.9
M2SL,alfred_m2_initial,2026-06-01,23115.2
M2SL,alfred_m2_initial,2026-07-01,23218.0
RRPONTSYD,alfred_rrp_initial,2017-01-03,287.236
RRPONTSYD,alfred_rrp_initial,2017-01-04,266.468
RRPONTSYD,alfred_rrp_initial,2017-01-05,233.43
RRPONTSYD,alfred_rrp_initial,2017-01-06,209.205
RRPONTSYD,alfred_rrp_initial,2017-01-09,191.97
RRPONTSYD,alfred_rrp_initial,2017-01-10,180.715
RRPONTSYD,alfred_rrp_initial,2017-01-11,158.82
RRPONTSYD,alfred_rrp_initial,2017-01-12,141.218
RRPONTSYD,alfred_rrp_initial,2017-01-13,88.201
RRPONTSYD,alfred_rrp_initial,2017-01-17,96.798
RRPONTSYD,alfred_rrp_initial,2017-01-18,130.118
RRPONTSYD,alfred_rrp_initial,2017-01-19,138.637
RRPONTSYD,alfred_rrp_initial,2017-01-20,148.785
RRPONTSYD,alfred_rrp_initial,2017-01-23,156.316
RRPONTSYD,alfred_rrp_initial,2017-01-24,110.193
RRPONTSYD,alfred_rrp_initial,2017-01-25,108.36
RRPONTSYD,alfred_rrp_initial,2017-01-26,94.67
RRPONTSYD,alfred_rrp_initial,2017-01-27,108.772
RRPONTSYD,alfred_rrp_initial,2017-01-30,101.514
RRPONTSYD,alfred_rrp_initial,2017-01-31,180.162
RRPONTSYD,alfred_rrp_initial,2017-02-01,133.73
RRPONTSYD,alfred_rrp_initial,2017-02-02,111.12
RRPONTSYD,alfred_rrp_initial,2017-02-03,117.361
RRPONTSYD,alfred_rrp_initial,2017-02-06,125.66
RRPONTSYD,alfred_rrp_initial,2017-02-07,131.659
RRPONTSYD,alfred_rrp_initial,2017-02-08,122.934
RRPONTSYD,alfred_rrp_initial,2017-02-09,83.894
RRPONTSYD,alfred_rrp_initial,2017-02-10,74.169
RRPONTSYD,alfred_rrp_initial,2017-02-13,98.103
RRPONTSYD,alfred_rrp_initial,2017-02-14,87.998
RRPONTSYD,alfred_rrp_initial,2017-02-15,105.123
RRPONTSYD,alfred_rrp_initial,2017-02-16,104.978
RRPONTSYD,alfred_rrp_initial,2017-02-17,147.243
RRPONTSYD,alfred_rrp_initial,2017-02-21,163.259
RRPONTSYD,alfred_rrp_initial,2017-02-22,177.833
RRPONTSYD,alfred_rrp_initial,2017-02-23,187.176
RRPONTSYD,alfred_rrp_initial,2017-02-24,160.882
RRPONTSYD,alfred_rrp_initial,2017-02-27,153.382
RRPONTSYD,alfred_rrp_initial,2017-02-28,204.651
RRPONTSYD,alfred_rrp_initial,2017-03-01,156.01
RRPONTSYD,alfred_rrp_initial,2017-03-02,168.142
RRPONTSYD,alfred_rrp_initial,2017-03-03,193.272
RRPONTSYD,alfred_rrp_initial,2017-03-06,205.21
RRPONTSYD,alfred_rrp_initial,2017-03-07,208.765
RRPONTSYD,alfred_rrp_initial,2017-03-08,212.124
RRPONTSYD,alfred_rrp_initial,2017-03-09,217.831
RRPONTSYD,alfred_rrp_initial,2017-03-10,233.046
RRPONTSYD,alfred_rrp_initial,2017-03-13,232.962
RRPONTSYD,alfred_rrp_initial,2017-03-14,200.798
RRPONTSYD,alfred_rrp_initial,2017-03-15,226.51
RRPONTSYD,alfred_rrp_initial,2017-03-16,209.114
RRPONTSYD,alfred_rrp_initial,2017-03-17,240.669
RRPONTSYD,alfred_rrp_initial,2017-03-20,235.827
RRPONTSYD,alfred_rrp_initial,2017-03-21,237.331
RRPONTSYD,alfred_rrp_initial,2017-03-22,251.013
RRPONTSYD,alfred_rrp_initial,2017-03-23,231.463
RRPONTSYD,alfred_rrp_initial,2017-03-24,200.237
RRPONTSYD,alfred_rrp_initial,2017-03-27,215.473
RRPONTSYD,alfred_rrp_initial,2017-03-28,224.475
RRPONTSYD,alfred_rrp_initial,2017-03-29,260.357
RRPONTSYD,alfred_rrp_initial,2017-03-30,224.134
RRPONTSYD,alfred_rrp_initial,2017-03-31,346.853
RRPONTSYD,alfred_rrp_initial,2017-04-03,233.582
RRPONTSYD,alfred_rrp_initial,2017-04-04,207.711
RRPONTSYD,alfred_rrp_initial,2017-04-05,174.644
RRPONTSYD,alfred_rrp_initial,2017-04-06,117.337
RRPONTSYD,alfred_rrp_initial,2017-04-07,117.774
RRPONTSYD,alfred_rrp_initial,2017-04-10,120.504
RRPONTSYD,alfred_rrp_initial,2017-04-11,114.753
RRPONTSYD,alfred_rrp_initial,2017-04-12,105.528
RRPONTSYD,alfred_rrp_initial,2017-04-17,64.37
RRPONTSYD,alfred_rrp_initial,2017-04-18,109.402
RRPONTSYD,alfred_rrp_initial,2017-04-19,116.567
RRPONTSYD,alfred_rrp_initial,2017-04-20,128.726
RRPONTSYD,alfred_rrp_initial,2017-04-21,136.521
RRPONTSYD,alfred_rrp_initial,2017-04-24,118.667
RRPONTSYD,alfred_rrp_initial,2017-04-25,116.956
RRPONTSYD,alfred_rrp_initial,2017-04-26,122.323
RRPONTSYD,alfred_rrp_initial,2017-04-27,127.826
RRPONTSYD,alfred_rrp_initial,2017-04-28,181.976
RRPONTSYD,alfred_rrp_initial,2017-05-01,162.198
RRPONTSYD,alfred_rrp_initial,2017-05-02,183.851
RRPONTSYD,alfred_rrp_initial,2017-05-03,186.667
RRPONTSYD,alfred_rrp_initial,2017-05-04,152.793
RRPONTSYD,alfred_rrp_initial,2017-05-05,156.789
RRPONTSYD,alfred_rrp_initial,2017-05-08,162.58
RRPONTSYD,alfred_rrp_initial,2017-05-09,167.302
RRPONTSYD,alfred_rrp_initial,2017-05-10,187.269
RRPONTSYD,alfred_rrp_initial,2017-05-11,161.232
RRPONTSYD,alfred_rrp_initial,2017-05-12,167.696
RRPONTSYD,alfred_rrp_initial,2017-05-15,144.99
RRPONTSYD,alfred_rrp_initial,2017-05-16,157.693
RRPONTSYD,alfred_rrp_initial,2017-05-17,167.158
RRPONTSYD,alfred_rrp_initial,2017-05-18,185.287
RRPONTSYD,alfred_rrp_initial,2017-05-19,182.273
RRPONTSYD,alfred_rrp_initial,2017-05-22,185.031
RRPONTSYD,alfred_rrp_initial,2017-05-23,198.865
RRPONTSYD,alfred_rrp_initial,2017-05-24,184.946
RRPONTSYD,alfred_rrp_initial,2017-05-25,153.451
RRPONTSYD,alfred_rrp_initial,2017-05-26,168.041
RRPONTSYD,alfred_rrp_initial,2017-05-30,182.065
RRPONTSYD,alfred_rrp_initial,2017-05-31,256.176
RRPONTSYD,alfred_rrp_initial,2017-06-01,163.755
RRPONTSYD,alfred_rrp_initial,2017-06-02,170.496
RRPONTSYD,alfred_rrp_initial,2017-06-05,164.208
RRPONTSYD,alfred_rrp_initial,2017-06-06,160.949
RRPONTSYD,alfred_rrp_initial,2017-06-07,165.138
RRPONTSYD,alfred_rrp_initial,2017-06-08,151.582
RRPONTSYD,alfred_rrp_initial,2017-06-09,155.344
RRPONTSYD,alfred_rrp_initial,2017-06-12,152.198
RRPONTSYD,alfred_rrp_initial,2017-06-13,172.973
RRPONTSYD,alfred_rrp_initial,2017-06-14,163.056
RRPONTSYD,alfred_rrp_initial,2017-06-15,131.378
RRPONTSYD,alfred_rrp_initial,2017-06-16,158.566
RRPONTSYD,alfred_rrp_initial,2017-06-19,166.745
RRPONTSYD,alfred_rrp_initial,2017-06-20,192.347
RRPONTSYD,alfred_rrp_initial,2017-06-21,198.769
RRPONTSYD,alfred_rrp_initial,2017-06-22,195.144
RRPONTSYD,alfred_rrp_initial,2017-06-23,201.475
RRPONTSYD,alfred_rrp_initial,2017-06-26,185.227
RRPONTSYD,alfred_rrp_initial,2017-06-27,212.664
RRPONTSYD,alfred_rrp_initial,2017-06-28,263.699
RRPONTSYD,alfred_rrp_initial,2017-06-29,269.565
RRPONTSYD,alfred_rrp_initial,2017-06-30,398.875
RRPONTSYD,alfred_rrp_initial,2017-07-03,255.693
RRPONTSYD,alfred_rrp_initial,2017-07-05,240.029
RRPONTSYD,alfred_rrp_initial,2017-07-06,189.992
RRPONTSYD,alfred_rrp_initial,2017-07-07,189.214
RRPONTSYD,alfred_rrp_initial,2017-07-10,189.721
RRPONTSYD,alfred_rrp_initial,2017-07-11,173.774
RRPONTSYD,alfred_rrp_initial,2017-07-12,179.172
RRPONTSYD,alfred_rrp_initial,2017-07-13,162.379
RRPONTSYD,alfred_rrp_initial,2017-07-14,136.231
RRPONTSYD,alfred_rrp_initial,2017-07-17,122.436
RRPONTSYD,alfred_rrp_initial,2017-07-18,157.322
RRPONTSYD,alfred_rrp_initial,2017-07-19,144.731
RRPONTSYD,alfred_rrp_initial,2017-07-20,126.676
RRPONTSYD,alfred_rrp_initial,2017-07-21,122.712
RRPONTSYD,alfred_rrp_initial,2017-07-24,95.123
RRPONTSYD,alfred_rrp_initial,2017-07-25,74.54
RRPONTSYD,alfred_rrp_initial,2017-07-26,103.311
RRPONTSYD,alfred_rrp_initial,2017-07-27,95.636
RRPONTSYD,alfred_rrp_initial,2017-07-28,108.479
RRPONTSYD,alfred_rrp_initial,2017-07-31,204.622
RRPONTSYD,alfred_rrp_initial,2017-08-01,98.069
RRPONTSYD,alfred_rrp_initial,2017-08-02,119.334
RRPONTSYD,alfred_rrp_initial,2017-08-03,87.844
RRPONTSYD,alfred_rrp_initial,2017-08-04,93.778
RRPONTSYD,alfred_rrp_initial,2017-08-07,104.061
RRPONTSYD,alfred_rrp_initial,2017-08-08,103.612
RRPONTSYD,alfred_rrp_initial,2017-08-09,103.95
RRPONTSYD,alfred_rrp_initial,2017-08-10,90.273
RRPONTSYD,alfred_rrp_initial,2017-08-11,95.534
RRPONTSYD,alfred_rrp_initial,2017-08-14,74.682
RRPONTSYD,alfred_rrp_initial,2017-08-15,71.382
RRPONTSYD,alfred_rrp_initial,2017-08-16,92.84
RRPONTSYD,alfred_rrp_initial,2017-08-17,78.582
RRPONTSYD,alfred_rrp_initial,2017-08-18,129.105
RRPONTSYD,alfred_rrp_initial,2017-08-21,144.1
RRPONTSYD,alfred_rrp_initial,2017-08-22,166.094
RRPONTSYD,alfred_rrp_initial,2017-08-23,169.793
RRPONTSYD,alfred_rrp_initial,2017-08-24,130.879
RRPONTSYD,alfred_rrp_initial,2017-08-25,122.167
RRPONTSYD,alfred_rrp_initial,2017-08-28,121.947
RRPONTSYD,alfred_rrp_initial,2017-08-29,127.243
RRPONTSYD,alfred_rrp_initial,2017-08-30,146.086
RRPONTSYD,alfred_rrp_initial,2017-08-31,213.486
RRPONTSYD,alfred_rrp_initial,2017-09-01,124.952
RRPONTSYD,alfred_rrp_initial,2017-09-05,136.131
RRPONTSYD,alfred_rrp_initial,2017-09-06,145.128
RRPONTSYD,alfred_rrp_initial,2017-09-07,126.607
RRPONTSYD,alfred_rrp_initial,2017-09-08,113.842
RRPONTSYD,alfred_rrp_initial,2017-09-11,115.972
RRPONTSYD,alfred_rrp_initial,2017-09-12,127.019
RRPONTSYD,alfred_rrp_initial,2017-09-13,125.668
RRPONTSYD,alfred_rrp_initial,2017-09-14,97.564
RRPONTSYD,alfred_rrp_initial,2017-09-15,109.645
RRPONTSYD,alfred_rrp_initial,2017-09-18,138.909
RRPONTSYD,alfred_rrp_initial,2017-09-19,156.728
RRPONTSYD,alfred_rrp_initial,2017-09-20,168.025
RRPONTSYD,alfred_rrp_initial,2017-09-21,152.866
RRPONTSYD,alfred_rrp_initial,2017-09-22,157.33
RRPONTSYD,alfred_rrp_initial,2017-09-25,158.503
RRPONTSYD,alfred_rrp_initial,2017-09-26,173.715
RRPONTSYD,alfred_rrp_initial,2017-09-27,220.083
RRPONTSYD,alfred_rrp_initial,2017-09-28,208.936
RRPONTSYD,alfred_rrp_initial,2017-09-29,316.09
RRPONTSYD,alfred_rrp_initial,2017-10-02,190.377
RRPONTSYD,alfred_rrp_initial,2017-10-03,181.605
RRPONTSYD,alfred_rrp_initial,2017-10-04,178.738
RRPONTSYD,alfred_rrp_initial,2017-10-05,132.827
RRPONTSYD,alfred_rrp_initial,2017-10-06,119.529
RRPONTSYD,alfred_rrp_initial,2017-10-10,121.913
RRPONTSYD,alfred_rrp_initial,2017-10-11,129.805
RRPONTSYD,alfred_rrp_initial,2017-10-12,102.807
RRPONTSYD,alfred_rrp_initial,2017-10-13,99.961
RRPONTSYD,alfred_rrp_initial,2017-10-16,78.531
RRPONTSYD,alfred_rrp_initial,2017-10-17,91.188
RRPONTSYD,alfred_rrp_initial,2017-10-18,121.457
RRPONTSYD,alfred_rrp_initial,2017-10-19,102.612
RRPONTSYD,alfred_rrp_initial,2017-10-20,102.488
RRPONTSYD,alfred_rrp_initial,2017-10-23,110.26
RRPONTSYD,alfred_rrp_initial,2017-10-24,97.202
RRPONTSYD,alfred_rrp_initial,2017-10-25,112.057
RRPONTSYD,alfred_rrp_initial,2017-10-26,98.412
RRPONTSYD,alfred_rrp_initial,2017-10-27,105.903
RRPONTSYD,alfred_rrp_initial,2017-10-30,102.147
RRPONTSYD,alfred_rrp_initial,2017-10-31,173.605
RRPONTSYD,alfred_rrp_initial,2017-11-01,87.165
RRPONTSYD,alfred_rrp_initial,2017-11-02,58.758
RRPONTSYD,alfred_rrp_initial,2017-11-03,60.915
RRPONTSYD,alfred_rrp_initial,2017-11-06,70.365
RRPONTSYD,alfred_rrp_initial,2017-11-07,58.971
RRPONTSYD,alfred_rrp_initial,2017-11-08,74.546
RRPONTSYD,alfred_rrp_initial,2017-11-09,46.378
RRPONTSYD,alfred_rrp_initial,2017-11-10,39.671
RRPONTSYD,alfred_rrp_initial,2017-11-13,35.243
RRPONTSYD,alfred_rrp_initial,2017-11-14,32.219
RRPONTSYD,alfred_rrp_initial,2017-11-15,35.038
RRPONTSYD,alfred_rrp_initial,2017-11-16,20.709
RRPONTSYD,alfred_rrp_initial,2017-11-17,38.838
RRPONTSYD,alfred_rrp_initial,2017-11-20,34.576
RRPONTSYD,alfred_rrp_initial,2017-11-21,42.899
RRPONTSYD,alfred_rrp_initial,2017-11-22,51.634
RRPONTSYD,alfred_rrp_initial,2017-11-24,40.488
RRPONTSYD,alfred_rrp_initial,2017-11-27,39.381
RRPONTSYD,alfred_rrp_initial,2017-11-28,50.834
RRPONTSYD,alfred_rrp_initial,2017-11-29,67.019
RRPONTSYD,alfred_rrp_initial,2017-11-30,102.719
RRPONTSYD,alfred_rrp_initial,2017-12-01,59.03
RRPONTSYD,alfred_rrp_initial,2017-12-04,72.389
RRPONTSYD,alfred_rrp_initial,2017-12-05,68.297
RRPONTSYD,alfred_rrp_initial,2017-12-06,76.368
RRPONTSYD,alfred_rrp_initial,2017-12-07,63.552
RRPONTSYD,alfred_rrp_initial,2017-12-08,82.714
RRPONTSYD,alfred_rrp_initial,2017-12-11,107.473
RRPONTSYD,alfred_rrp_initial,2017-12-12,119.09
RRPONTSYD,alfred_rrp_initial,2017-12-13,143.392
RRPONTSYD,alfred_rrp_initial,2017-12-14,107.679
RRPONTSYD,alfred_rrp_initial,2017-12-15,80.206
RRPONTSYD,alfred_rrp_initial,2017-12-18,117.276
RRPONTSYD,alfred_rrp_initial,2017-12-19,112.628
RRPONTSYD,alfred_rrp_initial,2017-12-20,127.582
RRPONTSYD,alfred_rrp_initial,2017-12-21,116.978
RRPONTSYD,alfred_rrp_initial,2017-12-22,113.852
RRPONTSYD,alfred_rrp_initial,2017-12-26,119.456
RRPONTSYD,alfred_rrp_initial,2017-12-27,147.749
RRPONTSYD,alfred_rrp_initial,2017-12-28,158.478
RRPONTSYD,alfred_rrp_initial,2017-12-29,319.595
RRPONTSYD,alfred_rrp_initial,2018-01-02,136.967
RRPONTSYD,alfred_rrp_initial,2018-01-03,131.622
RRPONTSYD,alfred_rrp_initial,2018-01-04,76.624
RRPONTSYD,alfred_rrp_initial,2018-01-05,63.804
RRPONTSYD,alfred_rrp_initial,2018-01-08,63.531
RRPONTSYD,alfred_rrp_initial,2018-01-09,56.468
RRPONTSYD,alfred_rrp_initial,2018-01-10,57.954
RRPONTSYD,alfred_rrp_initial,2018-01-11,33.597
RRPONTSYD,alfred_rrp_initial,2018-01-12,21.59
RRPONTSYD,alfred_rrp_initial,2018-01-16,22.003
RRPONTSYD,alfred_rrp_initial,2018-01-17,20.548
RRPONTSYD,alfred_rrp_initial,2018-01-18,22.804
RRPONTSYD,alfred_rrp_initial,2018-01-19,22.196
RRPONTSYD,alfred_rrp_initial,2018-01-22,28.706
RRPONTSYD,alfred_rrp_initial,2018-01-23,31.791
RRPONTSYD,alfred_rrp_initial,2018-01-24,36.371
RRPONTSYD,alfred_rrp_initial,2018-01-25,19.891
RRPONTSYD,alfred_rrp_initial,2018-01-26,21.427
RRPONTSYD,alfred_rrp_initial,2018-01-29,23.98
RRPONTSYD,alfred_rrp_initial,2018-01-30,31.766
RRPONTSYD,alfred_rrp_initial,2018-01-31,65.797
RRPONTSYD,alfred_rrp_initial,2018-02-01,31.825
RRPONTSYD,alfred_rrp_initial,2018-02-02,43.931
RRPONTSYD,alfred_rrp_initial,2018-02-05,59.008
RRPONTSYD,alfred_rrp_initial,2018-02-06,49.214
RRPONTSYD,alfred_rrp_initial,2018-02-07,48.12
RRPONTSYD,alfred_rrp_initial,2018-02-08,33.272
RRPONTSYD,alfred_rrp_initial,2018-02-09,36.567
RRPONTSYD,alfred_rrp_initial,2018-02-12,30.631
RRPONTSYD,alfred_rrp_initial,2018-02-13,43.137
RRPONTSYD,alfred_rrp_initial,2018-02-14,38.518
RRPONTSYD,alfred_rrp_initial,2018-02-15,29.08
RRPONTSYD,alfred_rrp_initial,2018-02-16,29.615
RRPONTSYD,alfred_rrp_initial,2018-02-20,32.495
RRPONTSYD,alfred_rrp_initial,2018-02-21,45.171
RRPONTSYD,alfred_rrp_initial,2018-02-22,36.32
RRPONTSYD,alfred_rrp_initial,2018-02-23,15.875
RRPONTSYD,alfred_rrp_initial,2018-02-26,9.36
RRPONTSYD,alfred_rrp_initial,2018-02-27,19.729
RRPONTSYD,alfred_rrp_initial,2018-02-28,44.51
RRPONTSYD,alfred_rrp_initial,2018-03-01,14.334
RRPONTSYD,alfred_rrp_initial,2018-03-02,15.642
RRPONTSYD,alfred_rrp_initial,2018-03-05,15.23
RRPONTSYD,alfred_rrp_initial,2018-03-06,11.205
RRPONTSYD,alfred_rrp_initial,2018-03-07,14.295
RRPONTSYD,alfred_rrp_initial,2018-03-08,6.963
RRPONTSYD,alfred_rrp_initial,2018-03-09,3.247
RRPONTSYD,alfred_rrp_initial,2018-03-12,1.77
RRPONTSYD,alfred_rrp_initial,2018-03-13,2.145
RRPONTSYD,alfred_rrp_initial,2018-03-14,4.97
RRPONTSYD,alfred_rrp_initial,2018-03-15,3.746
RRPONTSYD,alfred_rrp_initial,2018-03-16,10.28
RRPONTSYD,alfred_rrp_initial,2018-03-19,7.82
RRPONTSYD,alfred_rrp_initial,2018-03-20,11.95
RRPONTSYD,alfred_rrp_initial,2018-03-21,20.586
RRPONTSYD,alfred_rrp_initial,2018-03-22,11.592
RRPONTSYD,alfred_rrp_initial,2018-03-23,10.45
RRPONTSYD,alfred_rrp_initial,2018-03-26,5.921
RRPONTSYD,alfred_rrp_initial,2018-03-27,9.62
RRPONTSYD,alfred_rrp_initial,2018-03-28,17.898
RRPONTSYD,alfred_rrp_initial,2018-04-02,3.823
RRPONTSYD,alfred_rrp_initial,2018-04-03,8.695
RRPONTSYD,alfred_rrp_initial,2018-04-04,4.57
RRPONTSYD,alfred_rrp_initial,2018-04-05,4.645
RRPONTSYD,alfred_rrp_initial,2018-04-06,4.895
RRPONTSYD,alfred_rrp_initial,2018-04-09,4.07
RRPONTSYD,alfred_rrp_initial,2018-04-10,3.99
RRPONTSYD,alfred_rrp_initial,2018-04-11,2.361
RRPONTSYD,alfred_rrp_initial,2018-04-12,4.12
RRPONTSYD,alfred_rrp_initial,2018-04-13,3.471
RRPONTSYD,alfred_rrp_initial,2018-04-16,3.372
RRPONTSYD,alfred_rrp_initial,2018-04-17,3.971
RRPONTSYD,alfred_rrp_initial,2018-04-18,14.021
RRPONTSYD,alfred_rrp_initial,2018-04-19,13.92
RRPONTSYD,alfred_rrp_initial,2018-04-20,12.02
RRPONTSYD,alfred_rrp_initial,2018-04-23,10.821
RRPONTSYD,alfred_rrp_initial,2018-04-24,9.532
RRPONTSYD,alfred_rrp_initial,2018-04-25,3.57
RRPONTSYD,alfred_rrp_initial,2018-04-26,3.795
RRPONTSYD,alfred_rrp_initial,2018-04-27,2.92
RRPONTSYD,alfred_rrp_initial,2018-04-30,13.83
RRPONTSYD,alfred_rrp_initial,2018-05-01,3.82
RRPONTSYD,alfred_rrp_initial,2018-05-02,6.52
RRPONTSYD,alfred_rrp_initial,2018-05-03,5.775
RRPONTSYD,alfred_rrp_initial,2018-05-04,5.415
RRPONTSYD,alfred_rrp_initial,2018-05-07,3.22
RRPONTSYD,alfred_rrp_initial,2018-05-08,3.921
RRPONTSYD,alfred_rrp_initial,2018-05-09,2.72
RRPONTSYD,alfred_rrp_initial,2018-05-10,4.645
RRPONTSYD,alfred_rrp_initial,2018-05-11,3.222
RRPONTSYD,alfred_rrp_initial,2018-05-14,3.859
RRPONTSYD,alfred_rrp_initial,2018-05-15,2.095
RRPONTSYD,alfred_rrp_initial,2018-05-16,2.545
RRPONTSYD,alfred_rrp_initial,2018-05-17,1.896
RRPONTSYD,alfred_rrp_initial,2018-05-18,9.12
RRPONTSYD,alfred_rrp_initial,2018-05-21,5.404
RRPONTSYD,alfred_rrp_initial,2018-05-22,3.951
RRPONTSYD,alfred_rrp_initial,2018-05-23,2.929
RRPONTSYD,alfred_rrp_initial,2018-05-24,6.62
RRPONTSYD,alfred_rrp_initial,2018-05-25,0.02
RRPONTSYD,alfred_rrp_initial,2018-05-29,0.88
RRPONTSYD,alfred_rrp_initial,2018-05-30,3.92
RRPONTSYD,alfred_rrp_initial,2018-05-31,21.475
RRPONTSYD,alfred_rrp_initial,2018-06-01,12.546
RRPONTSYD,alfred_rrp_initial,2018-06-04,11.166
RRPONTSYD,alfred_rrp_initial,2018-06-05,6.635
RRPONTSYD,alfred_rrp_initial,2018-06-06,16.772
RRPONTSYD,alfred_rrp_initial,2018-06-07,5.771
RRPONTSYD,alfred_rrp_initial,2018-06-08,2.771
RRPONTSYD,alfred_rrp_initial,2018-06-11,4.836
RRPONTSYD,alfred_rrp_initial,2018-06-12,1.308
RRPONTSYD,alfred_rrp_initial,2018-06-13,3.025
RRPONTSYD,alfred_rrp_initial,2018-06-14,2.935
RRPONTSYD,alfred_rrp_initial,2018-06-15,0.27
RRPONTSYD,alfred_rrp_initial,2018-06-18,0.37
RRPONTSYD,alfred_rrp_initial,2018-06-19,0.195
RRPONTSYD,alfred_rrp_initial,2018-06-20,0.32
RRPONTSYD,alfred_rrp_initial,2018-06-21,1.37
RRPONTSYD,alfred_rrp_initial,2018-06-22,1.43
RRPONTSYD,alfred_rrp_initial,2018-06-25,12.73
RRPONTSYD,alfred_rrp_initial,2018-06-26,10.385
RRPONTSYD,alfred_rrp_initial,2018-06-27,20.68
RRPONTSYD,alfred_rrp_initial,2018-06-28,20.419
RRPONTSYD,alfred_rrp_initial,2018-06-29,96.97
RRPONTSYD,alfred_rrp_initial,2018-07-02,32.139
RRPONTSYD,alfred_rrp_initial,2018-07-03,4.852
RRPONTSYD,alfred_rrp_initial,2018-07-05,8.205
RRPONTSYD,alfred_rrp_initial,2018-07-06,4.195
RRPONTSYD,alfred_rrp_initial,2018-07-09,3.596
RRPONTSYD,alfred_rrp_initial,2018-07-10,1.955
RRPONTSYD,alfred_rrp_initial,2018-07-11,1.23
RRPONTSYD,alfred_rrp_initial,2018-07-12,2.455
RRPONTSYD,alfred_rrp_initial,2018-07-13,0.871
RRPONTSYD,alfred_rrp_initial,2018-07-16,0.87
RRPONTSYD,alfred_rrp_initial,2018-07-17,1.22
RRPONTSYD,alfred_rrp_initial,2018-07-18,6.021
RRPONTSYD,alfred_rrp_initial,2018-07-19,3.62
RRPONTSYD,alfred_rrp_initial,2018-07-20,1.17
RRPONTSYD,alfred_rrp_initial,2018-07-23,2.27
RRPONTSYD,alfred_rrp_initial,2018-07-24,4.895
RRPONTSYD,alfred_rrp_initial,2018-07-25,0.72
RRPONTSYD,alfred_rrp_initial,2018-07-26,1.571
RRPONTSYD,alfred_rrp_initial,2018-07-27,1.47
RRPONTSYD,alfred_rrp_initial,2018-07-30,1.995
RRPONTSYD,alfred_rrp_initial,2018-07-31,9.045
RRPONTSYD,alfred_rrp_initial,2018-08-01,0.795
RRPONTSYD,alfred_rrp_initial,2018-08-02,1.817
RRPONTSYD,alfred_rrp_initial,2018-08-03,1.673
RRPONTSYD,alfred_rrp_initial,2018-08-06,2.095
RRPONTSYD,alfred_rrp_initial,2018-08-07,2.337
RRPONTSYD,alfred_rrp_initial,2018-08-08,1.659
RRPONTSYD,alfred_rrp_initial,2018-08-09,1.745
RRPONTSYD,alfred_rrp_initial,2018-08-10,2.47
RRPONTSYD,alfred_rrp_initial,2018-08-13,1.383
RRPONTSYD,alfred_rrp_initial,2018-08-14,0.685
RRPONTSYD,alfred_rrp_initial,2018-08-15,0.315
RRPONTSYD,alfred_rrp_initial,2018-08-16,0.532
RRPONTSYD,alfred_rrp_initial,2018-08-17,4.016
RRPONTSYD,alfred_rrp_initial,2018-08-20,1.646
RRPONTSYD,alfred_rrp_initial,2018-08-21,1.466
RRPONTSYD,alfred_rrp_initial,2018-08-22,1.126
RRPONTSYD,alfred_rrp_initial,2018-08-23,2.416
RRPONTSYD,alfred_rrp_initial,2018-08-24,4.665
RRPONTSYD,alfred_rrp_initial,2018-08-27,0.996
RRPONTSYD,alfred_rrp_initial,2018-08-28,1.415
RRPONTSYD,alfred_rrp_initial,2018-08-29,0.84
RRPONTSYD,alfred_rrp_initial,2018-08-30,0.985
RRPONTSYD,alfred_rrp_initial,2018-08-31,0.39
RRPONTSYD,alfred_rrp_initial,2018-09-04,0.595
RRPONTSYD,alfred_rrp_initial,2018-09-05,0.01
RRPONTSYD,alfred_rrp_initial,2018-09-06,0.815
RRPONTSYD,alfred_rrp_initial,2018-09-07,0.015
RRPONTSYD,alfred_rrp_initial,2018-09-10,0.015
RRPONTSYD,alfred_rrp_initial,2018-09-11,1.241
RRPONTSYD,alfred_rrp_initial,2018-09-12,1.315
RRPONTSYD,alfred_rrp_initial,2018-09-13,1.791
RRPONTSYD,alfred_rrp_initial,2018-09-14,1.315
RRPONTSYD,alfred_rrp_initial,2018-09-17,0.715
RRPONTSYD,alfred_rrp_initial,2018-09-18,10.115
RRPONTSYD,alfred_rrp_initial,2018-09-19,8.915
RRPONTSYD,alfred_rrp_initial,2018-09-20,17.868
RRPONTSYD,alfred_rrp_initial,2018-09-21,17.465
RRPONTSYD,alfred_rrp_initial,2018-09-24,9.34
RRPONTSYD,alfred_rrp_initial,2018-09-25,3.44
RRPONTSYD,alfred_rrp_initial,2018-09-26,5.625
RRPONTSYD,alfred_rrp_initial,2018-09-27,30.056
RRPONTSYD,alfred_rrp_initial,2018-09-28,48.43
RRPONTSYD,alfred_rrp_initial,2018-10-01,4.185
RRPONTSYD,alfred_rrp_initial,2018-10-02,3.295
RRPONTSYD,alfred_rrp_initial,2018-10-03,2.954
RRPONTSYD,alfred_rrp_initial,2018-10-04,3.265
RRPONTSYD,alfred_rrp_initial,2018-10-05,1.565
RRPONTSYD,alfred_rrp_initial,2018-10-09,2.39
RRPONTSYD,alfred_rrp_initial,2018-10-10,2.39
RRPONTSYD,alfred_rrp_initial,2018-10-11,2.016
RRPONTSYD,alfred_rrp_initial,2018-10-12,0.96
RRPONTSYD,alfred_rrp_initial,2018-10-15,0.366
RRPONTSYD,alfred_rrp_initial,2018-10-16,0.466
RRPONTSYD,alfred_rrp_initial,2018-10-17,0.174
RRPONTSYD,alfred_rrp_initial,2018-10-18,10.29
RRPONTSYD,alfred_rrp_initial,2018-10-19,3.916
RRPONTSYD,alfred_rrp_initial,2018-10-22,3.189
RRPONTSYD,alfred_rrp_initial,2018-10-23,4.466
RRPONTSYD,alfred_rrp_initial,2018-10-24,6.444
RRPONTSYD,alfred_rrp_initial,2018-10-25,1.944
RRPONTSYD,alfred_rrp_initial,2018-10-26,2.004
RRPONTSYD,alfred_rrp_initial,2018-10-29,1.748
RRPONTSYD,alfred_rrp_initial,2018-10-30,0.715
RRPONTSYD,alfred_rrp_initial,2018-10-31,4.815
RRPONTSYD,alfred_rrp_initial,2018-11-01,4.64
RRPONTSYD,alfred_rrp_initial,2018-11-02,1.51
RRPONTSYD,alfred_rrp_initial,2018-11-05,1.465
RRPONTSYD,alfred_rrp_initial,2018-11-06,2.54
RRPONTSYD,alfred_rrp_initial,2018-11-07,1.875
RRPONTSYD,alfred_rrp_initial,2018-11-08,1.166
RRPONTSYD,alfred_rrp_initial,2018-11-09,0.401
RRPONTSYD,alfred_rrp_initial,2018-11-13,1.065
RRPONTSYD,alfred_rrp_initial,2018-11-14,0.66
RRPONTSYD,alfred_rrp_initial,2018-11-15,0.494
RRPONTSYD,alfred_rrp_initial,2018-11-16,18.565
RRPONTSYD,alfred_rrp_initial,2018-11-19,16.295
RRPONTSYD,alfred_rrp_initial,2018-11-20,15.235
RRPONTSYD,alfred_rrp_initial,2018-11-21,16.205
RRPONTSYD,alfred_rrp_initial,2018-11-23,13.105
RRPONTSYD,alfred_rrp_initial,2018-11-26,0.615
RRPONTSYD,alfred_rrp_initial,2018-11-27,0.44
RRPONTSYD,alfred_rrp_initial,2018-11-28,1.464
RRPONTSYD,alfred_rrp_initial,2018-11-29,1.814
RRPONTSYD,alfred_rrp_initial,2018-11-30,2.49
RRPONTSYD,alfred_rrp_initial,2018-12-03,2.21
RRPONTSYD,alfred_rrp_initial,2018-12-06,3.36
RRPONTSYD,alfred_rrp_initial,2018-12-07,5.635
RRPONTSYD,alfred_rrp_initial,2018-12-10,1.424
RRPONTSYD,alfred_rrp_initial,2018-12-11,0.352
RRPONTSYD,alfred_rrp_initial,2018-12-12,0.461
RRPONTSYD,alfred_rrp_initial,2018-12-13,0.415
RRPONTSYD,alfred_rrp_initial,2018-12-14,0.315
RRPONTSYD,alfred_rrp_initial,2018-12-17,0.415
RRPONTSYD,alfred_rrp_initial,2018-12-18,6.216
RRPONTSYD,alfred_rrp_initial,2018-12-19,5.982
RRPONTSYD,alfred_rrp_initial,2018-12-20,9.521
RRPONTSYD,alfred_rrp_initial,2018-12-21,8.805
RRPONTSYD,alfred_rrp_initial,2018-12-24,7.96
RRPONTSYD,alfred_rrp_initial,2018-12-26,1.005
RRPONTSYD,alfred_rrp_initial,2018-12-27,3.1
RRPONTSYD,alfred_rrp_initial,2018-12-28,3.21
RRPONTSYD,alfred_rrp_initial,2018-12-31,41.848
RRPONTSYD,alfred_rrp_initial,2019-01-02,19.481
RRPONTSYD,alfred_rrp_initial,2019-01-03,7.198
RRPONTSYD,alfred_rrp_initial,2019-01-04,2.86
RRPONTSYD,alfred_rrp_initial,2019-01-07,2.786
RRPONTSYD,alfred_rrp_initial,2019-01-08,2.811
RRPONTSYD,alfred_rrp_initial,2019-01-09,2.537
RRPONTSYD,alfred_rrp_initial,2019-01-10,2.216
RRPONTSYD,alfred_rrp_initial,2019-01-11,2.016
RRPONTSYD,alfred_rrp_initial,2019-01-14,1.205
RRPONTSYD,alfred_rrp_initial,2019-01-15,2.016
RRPONTSYD,alfred_rrp_initial,2019-01-16,1.316
RRPONTSYD,alfred_rrp_initial,2019-01-17,2.065
RRPONTSYD,alfred_rrp_initial,2019-01-18,13.165
RRPONTSYD,alfred_rrp_initial,2019-01-22,10.465
RRPONTSYD,alfred_rrp_initial,2019-01-23,11.415
RRPONTSYD,alfred_rrp_initial,2019-01-24,15.06
RRPONTSYD,alfred_rrp_initial,2019-01-25,1.515
RRPONTSYD,alfred_rrp_initial,2019-01-28,1.265
RRPONTSYD,alfred_rrp_initial,2019-01-29,1.84
RRPONTSYD,alfred_rrp_initial,2019-01-30,0.99
RRPONTSYD,alfred_rrp_initial,2019-01-31,1.051
RRPONTSYD,alfred_rrp_initial,2019-02-01,0.665
RRPONTSYD,alfred_rrp_initial,2019-02-04,4.515
RRPONTSYD,alfred_rrp_initial,2019-02-05,1.686
RRPONTSYD,alfred_rrp_initial,2019-02-06,1.926
RRPONTSYD,alfred_rrp_initial,2019-02-07,2.32
RRPONTSYD,alfred_rrp_initial,2019-02-08,2.016
RRPONTSYD,alfred_rrp_initial,2019-02-11,2.006
RRPONTSYD,alfred_rrp_initial,2019-02-12,1.658
RRPONTSYD,alfred_rrp_initial,2019-02-13,1.697
RRPONTSYD,alfred_rrp_initial,2019-02-14,1.341
RRPONTSYD,alfred_rrp_initial,2019-02-15,5.271
RRPONTSYD,alfred_rrp_initial,2019-02-19,1.967
RRPONTSYD,alfred_rrp_initial,2019-02-20,2.275
RRPONTSYD,alfred_rrp_initial,2019-02-21,1.725
RRPONTSYD,alfred_rrp_initial,2019-02-22,6.665
RRPONTSYD,alfred_rrp_initial,2019-02-25,1.375
RRPONTSYD,alfred_rrp_initial,2019-02-26,1.815
RRPONTSYD,alfred_rrp_initial,2019-02-27,1.915
RRPONTSYD,alfred_rrp_initial,2019-02-28,3.415
RRPONTSYD,alfred_rrp_initial,2019-03-01,2.015
RRPONTSYD,alfred_rrp_initial,2019-03-04,2.917
RRPONTSYD,alfred_rrp_initial,2019-03-05,3.119
RRPONTSYD,alfred_rrp_initial,2019-03-06,2.115
RRPONTSYD,alfred_rrp_initial,2019-03-07,0.717
RRPONTSYD,alfred_rrp_initial,2019-03-08,0.015
RRPONTSYD,alfred_rrp_initial,2019-03-11,0.019
RRPONTSYD,alfred_rrp_initial,2019-03-12,0.027
RRPONTSYD,alfred_rrp_initial,2019-03-13,0.016
RRPONTSYD,alfred_rrp_initial,2019-03-14,0.019
RRPONTSYD,alfred_rrp_initial,2019-03-15,0.015
RRPONTSYD,alfred_rrp_initial,2019-03-18,3.169
RRPONTSYD,alfred_rrp_initial,2019-03-19,2.515
RRPONTSYD,alfred_rrp_initial,2019-03-20,0.617
RRPONTSYD,alfred_rrp_initial,2019-03-21,0.411
RRPONTSYD,alfred_rrp_initial,2019-03-22,5.016
RRPONTSYD,alfred_rrp_initial,2019-03-25,0.129
RRPONTSYD,alfred_rrp_initial,2019-03-26,0.566
RRPONTSYD,alfred_rrp_initial,2019-03-27,0.166
RRPONTSYD,alfred_rrp_initial,2019-03-28,0.515
RRPONTSYD,alfred_rrp_initial,2019-03-29,0.731
RRPONTSYD,alfred_rrp_initial,2019-04-01,0.011
RRPONTSYD,alfred_rrp_initial,2019-04-02,0.019
RRPONTSYD,alfred_rrp_initial,2019-04-03,0.016
RRPONTSYD,alfred_rrp_initial,2019-04-04,0.615
RRPONTSYD,alfred_rrp_initial,2019-04-05,0.015
RRPONTSYD,alfred_rrp_initial,2019-04-08,0.284
RRPONTSYD,alfred_rrp_initial,2019-04-09,0.41
RRPONTSYD,alfred_rrp_initial,2019-04-10,2.731
RRPONTSYD,alfred_rrp_initial,2019-04-11,0.122
RRPONTSYD,alfred_rrp_initial,2019-04-12,0.016
RRPONTSYD,alfred_rrp_initial,2019-04-15,0.018
RRPONTSYD,alfred_rrp_initial,2019-04-16,0.7
RRPONTSYD,alfred_rrp_initial,2019-04-17,0.015
RRPONTSYD,alfred_rrp_initial,2019-04-22,1.117
RRPONTSYD,alfred_rrp_initial,2019-04-23,5.69
RRPONTSYD,alfred_rrp_initial,2019-04-24,9.515
RRPONTSYD,alfred_rrp_initial,2019-04-25,0.61
RRPONTSYD,alfred_rrp_initial,2019-04-26,0.915
RRPONTSYD,alfred_rrp_initial,2019-04-29,0.615
RRPONTSYD,alfred_rrp_initial,2019-04-30,0.015
RRPONTSYD,alfred_rrp_initial,2019-05-01,0.027
RRPONTSYD,alfred_rrp_initial,2019-05-02,0.023
RRPONTSYD,alfred_rrp_initial,2019-05-03,0.01
RRPONTSYD,alfred_rrp_initial,2019-05-06,0.067
RRPONTSYD,alfred_rrp_initial,2019-05-07,0.961
RRPONTSYD,alfred_rrp_initial,2019-05-08,0.021
RRPONTSYD,alfred_rrp_initial,2019-05-09,0.516
RRPONTSYD,alfred_rrp_initial,2019-05-10,0.271
RRPONTSYD,alfred_rrp_initial,2019-05-13,0.111
RRPONTSYD,alfred_rrp_initial,2019-05-14,1.37
RRPONTSYD,alfred_rrp_initial,2019-05-15,0.46
RRPONTSYD,alfred_rrp_initial,2019-05-16,1.75
RRPONTSYD,alfred_rrp_initial,2019-05-17,9.7
RRPONTSYD,alfred_rrp_initial,2019-05-20,8.105
RRPONTSYD,alfred_rrp_initial,2019-05-21,3.705
RRPONTSYD,alfred_rrp_initial,2019-05-22,3.751
RRPONTSYD,alfred_rrp_initial,2019-05-23,4.93
RRPONTSYD,alfred_rrp_initial,2019-05-24,5.956
RRPONTSYD,alfred_rrp_initial,2019-05-28,1.52
RRPONTSYD,alfred_rrp_initial,2019-05-29,2.226
RRPONTSYD,alfred_rrp_initial,2019-05-30,1.026
RRPONTSYD,alfred_rrp_initial,2019-05-31,0.855
RRPONTSYD,alfred_rrp_initial,2019-06-03,1.255
RRPONTSYD,alfred_rrp_initial,2019-06-04,1.891
RRPONTSYD,alfred_rrp_initial,2019-06-05,2.255
RRPONTSYD,alfred_rrp_initial,2019-06-06,2.21
RRPONTSYD,alfred_rrp_initial,2019-06-07,1.91
RRPONTSYD,alfred_rrp_initial,2019-06-10,2.105
RRPONTSYD,alfred_rrp_initial,2019-06-11,1.007
RRPONTSYD,alfred_rrp_initial,2019-06-12,1.705
RRPONTSYD,alfred_rrp_initial,2019-06-13,1.655
RRPONTSYD,alfred_rrp_initial,2019-06-14,1.657
RRPONTSYD,alfred_rrp_initial,2019-06-17,2.269
RRPONTSYD,alfred_rrp_initial,2019-06-18,18.006
RRPONTSYD,alfred_rrp_initial,2019-06-19,22.357
RRPONTSYD,alfred_rrp_initial,2019-06-20,27.43
RRPONTSYD,alfred_rrp_initial,2019-06-21,21.355
RRPONTSYD,alfred_rrp_initial,2019-06-24,11.156
RRPONTSYD,alfred_rrp_initial,2019-06-25,6.4
RRPONTSYD,alfred_rrp_initial,2019-06-26,7.784
RRPONTSYD,alfred_rrp_initial,2019-06-27,16.794
RRPONTSYD,alfred_rrp_initial,2019-06-28,44.307
RRPONTSYD,alfred_rrp_initial,2019-07-01,15.837
RRPONTSYD,alfred_rrp_initial,2019-07-02,8.16
RRPONTSYD,alfred_rrp_initial,2019-07-03,6.849
RRPONTSYD,alfred_rrp_initial,2019-07-05,6.155
RRPONTSYD,alfred_rrp_initial,2019-07-08,6.5
RRPONTSYD,alfred_rrp_initial,2019-07-09,6.576
RRPONTSYD,alfred_rrp_initial,2019-07-10,6.252
RRPONTSYD,alfred_rrp_initial,2019-07-11,4.95
RRPONTSYD,alfred_rrp_initial,2019-07-12,5.15
RRPONTSYD,alfred_rrp_initial,2019-07-15,5.557
RRPONTSYD,alfred_rrp_initial,2019-07-16,3.007
RRPONTSYD,alfred_rrp_initial,2019-07-17,1.96
RRPONTSYD,alfred_rrp_initial,2019-07-18,16.662
RRPONTSYD,alfred_rrp_initial,2019-07-19,14.255
RRPONTSYD,alfred_rrp_initial,2019-07-22,14.16
RRPONTSYD,alfred_rrp_initial,2019-07-23,14.755
RRPONTSYD,alfred_rrp_initial,2019-07-24,8.255
RRPONTSYD,alfred_rrp_initial,2019-07-25,3.355
RRPONTSYD,alfred_rrp_initial,2019-07-26,3.25
RRPONTSYD,alfred_rrp_initial,2019-07-29,3.928
RRPONTSYD,alfred_rrp_initial,2019-07-30,2.306
RRPONTSYD,alfred_rrp_initial,2019-07-31,7.367
RRPONTSYD,alfred_rrp_initial,2019-08-01,6.044
RRPONTSYD,alfred_rrp_initial,2019-08-02,3.335
RRPONTSYD,alfred_rrp_initial,2019-08-05,3.474
RRPONTSYD,alfred_rrp_initial,2019-08-06,3.41
RRPONTSYD,alfred_rrp_initial,2019-08-07,3.622
RRPONTSYD,alfred_rrp_initial,2019-08-08,3.056
RRPONTSYD,alfred_rrp_initial,2019-08-09,2.72
RRPONTSYD,alfred_rrp_initial,2019-08-12,5.43
RRPONTSYD,alfred_rrp_initial,2019-08-13,5.001
RRPONTSYD,alfred_rrp_initial,2019-08-14,2.744
RRPONTSYD,alfred_rrp_initial,2019-08-15,3.51
RRPONTSYD,alfred_rrp_initial,2019-08-16,11.843
RRPONTSYD,alfred_rrp_initial,2019-08-19,13.403
RRPONTSYD,alfred_rrp_initial,2019-08-20,15.98
RRPONTSYD,alfred_rrp_initial,2019-08-21,15.153
RRPONTSYD,alfred_rrp_initial,2019-08-22,14.611
RRPONTSYD,alfred_rrp_initial,2019-08-23,9.046
RRPONTSYD,alfred_rrp_initial,2019-08-26,3.676
RRPONTSYD,alfred_rrp_initial,2019-08-27,1.555
RRPONTSYD,alfred_rrp_initial,2019-08-28,4.255
RRPONTSYD,alfred_rrp_initial,2019-08-29,0.102
RRPONTSYD,alfred_rrp_initial,2019-08-30,12.089
RRPONTSYD,alfred_rrp_initial,2019-09-03,1.754
RRPONTSYD,alfred_rrp_initial,2019-09-04,1.425
RRPONTSYD,alfred_rrp_initial,2019-09-05,1.075
RRPONTSYD,alfred_rrp_initial,2019-09-06,0.88
RRPONTSYD,alfred_rrp_initial,2019-09-09,2.787
RRPONTSYD,alfred_rrp_initial,2019-09-10,3.608
RRPONTSYD,alfred_rrp_initial,2019-09-11,3.612
RRPONTSYD,alfred_rrp_initial,2019-09-12,3.469
RRPONTSYD,alfred_rrp_initial,2019-09-13,2.675
RRPONTSYD,alfred_rrp_initial,2019-09-16,2.202
RRPONTSYD,alfred_rrp_initial,2019-09-17,1.825
RRPONTSYD,alfred_rrp_initial,2019-09-18,18.91
RRPONTSYD,alfred_rrp_initial,2019-09-19,5.004
RRPONTSYD,alfred_rrp_initial,2019-09-20,7.552
RRPONTSYD,alfred_rrp_initial,2019-09-23,7.485
RRPONTSYD,alfred_rrp_initial,2019-09-24,0.101
RRPONTSYD,alfred_rrp_initial,2019-09-25,0.133
RRPONTSYD,alfred_rrp_initial,2019-09-26,5.18
RRPONTSYD,alfred_rrp_initial,2019-09-27,5.33
RRPONTSYD,alfred_rrp_initial,2019-09-30,7.057
RRPONTSYD,alfred_rrp_initial,2019-10-01,2.706
RRPONTSYD,alfred_rrp_initial,2019-10-02,3.054
RRPONTSYD,alfred_rrp_initial,2019-10-03,3.297
RRPONTSYD,alfred_rrp_initial,2019-10-04,5.325
RRPONTSYD,alfred_rrp_initial,2019-10-07,5.65
RRPONTSYD,alfred_rrp_initial,2019-10-08,3.976
RRPONTSYD,alfred_rrp_initial,2019-10-09,1.469
RRPONTSYD,alfred_rrp_initial,2019-10-10,1.1
RRPONTSYD,alfred_rrp_initial,2019-10-11,2.95
RRPONTSYD,alfred_rrp_initial,2019-10-15,1.726
RRPONTSYD,alfred_rrp_initial,2019-10-16,1.803
RRPONTSYD,alfred_rrp_initial,2019-10-17,1.001
RRPONTSYD,alfred_rrp_initial,2019-10-18,20.1
RRPONTSYD,alfred_rrp_initial,2019-10-21,18.758
RRPONTSYD,alfred_rrp_initial,2019-10-22,20.7
RRPONTSYD,alfred_rrp_initial,2019-10-23,18.29
RRPONTSYD,alfred_rrp_initial,2019-10-24,0.425
RRPONTSYD,alfred_rrp_initial,2019-10-25,0.005
RRPONTSYD,alfred_rrp_initial,2019-10-28,0.036
RRPONTSYD,alfred_rrp_initial,2019-10-29,0.081
RRPONTSYD,alfred_rrp_initial,2019-10-30,0.196
RRPONTSYD,alfred_rrp_initial,2019-10-31,2.851
RRPONTSYD,alfred_rrp_initial,2019-11-01,2.1
RRPONTSYD,alfred_rrp_initial,2019-11-04,3.085
RRPONTSYD,alfred_rrp_initial,2019-11-05,1.836
RRPONTSYD,alfred_rrp_initial,2019-11-06,1.65
RRPONTSYD,alfred_rrp_initial,2019-11-07,1.055
RRPONTSYD,alfred_rrp_initial,2019-11-08,0.805
RRPONTSYD,alfred_rrp_initial,2019-11-12,1.301
RRPONTSYD,alfred_rrp_initial,2019-11-13,1.762
RRPONTSYD,alfred_rrp_initial,2019-11-14,1.867
RRPONTSYD,alfred_rrp_initial,2019-11-15,0.002
RRPONTSYD,alfred_rrp_initial,2019-11-18,27.055
RRPONTSYD,alfred_rrp_initial,2019-11-19,26.726
RRPONTSYD,alfred_rrp_initial,2019-11-20,26.026
RRPONTSYD,alfred_rrp_initial,2019-11-21,25.719
RRPONTSYD,alfred_rrp_initial,2019-11-22,0.375
RRPONTSYD,alfred_rrp_initial,2019-11-25,0.0
RRPONTSYD,alfred_rrp_initial,2019-11-26,2.205
RRPONTSYD,alfred_rrp_initial,2019-11-27,0.506
RRPONTSYD,alfred_rrp_initial,2019-11-29,0.75
RRPONTSYD,alfred_rrp_initial,2019-12-02,0.015
RRPONTSYD,alfred_rrp_initial,2019-12-03,0.151
RRPONTSYD,alfred_rrp_initial,2019-12-04,0.0
RRPONTSYD,alfred_rrp_initial,2019-12-05,0.001
RRPONTSYD,alfred_rrp_initial,2019-12-06,1.0
RRPONTSYD,alfred_rrp_initial,2019-12-09,0.115
RRPONTSYD,alfred_rrp_initial,2019-12-10,0.001
RRPONTSYD,alfred_rrp_initial,2019-12-11,0.605
RRPONTSYD,alfred_rrp_initial,2019-12-12,0.6
RRPONTSYD,alfred_rrp_initial,2019-12-13,0.0
RRPONTSYD,alfred_rrp_initial,2019-12-16,1.328
RRPONTSYD,alfred_rrp_initial,2019-12-17,0.826
RRPONTSYD,alfred_rrp_initial,2019-12-18,13.362
RRPONTSYD,alfred_rrp_initial,2019-12-19,8.936
RRPONTSYD,alfred_rrp_initial,2019-12-20,13.051
RRPONTSYD,alfred_rrp_initial,2019-12-23,7.652
RRPONTSYD,alfred_rrp_initial,2019-12-24,4.423
RRPONTSYD,alfred_rrp_initial,2019-12-26,3.192
RRPONTSYD,alfred_rrp_initial,2019-12-27,0.825
RRPONTSYD,alfred_rrp_initial,2019-12-30,6.525
RRPONTSYD,alfred_rrp_initial,2019-12-31,64.087
RRPONTSYD,alfred_rrp_initial,2020-01-02,3.1
RRPONTSYD,alfred_rrp_initial,2020-01-03,4.251
RRPONTSYD,alfred_rrp_initial,2020-01-06,3.825
RRPONTSYD,alfred_rrp_initial,2020-01-07,1.602
RRPONTSYD,alfred_rrp_initial,2020-01-08,0.876
RRPONTSYD,alfred_rrp_initial,2020-01-09,0.401
RRPONTSYD,alfred_rrp_initial,2020-01-10,0.627
RRPONTSYD,alfred_rrp_initial,2020-01-13,1.0
RRPONTSYD,alfred_rrp_initial,2020-01-14,0.656
RRPONTSYD,alfred_rrp_initial,2020-01-15,0.675
RRPONTSYD,alfred_rrp_initial,2020-01-16,0.3
RRPONTSYD,alfred_rrp_initial,2020-01-17,16.15
RRPONTSYD,alfred_rrp_initial,2020-01-21,13.381
RRPONTSYD,alfred_rrp_initial,2020-01-22,15.604
RRPONTSYD,alfred_rrp_initial,2020-01-23,12.904
RRPONTSYD,alfred_rrp_initial,2020-01-24,0.0
RRPONTSYD,alfred_rrp_initial,2020-01-27,0.002
RRPONTSYD,alfred_rrp_initial,2020-01-28,0.002
RRPONTSYD,alfred_rrp_initial,2020-01-29,0.3
RRPONTSYD,alfred_rrp_initial,2020-01-30,4.14
RRPONTSYD,alfred_rrp_initial,2020-01-31,4.5
RRPONTSYD,alfred_rrp_initial,2020-02-03,6.16
RRPONTSYD,alfred_rrp_initial,2020-02-04,2.112
RRPONTSYD,alfred_rrp_initial,2020-02-05,4.112
RRPONTSYD,alfred_rrp_initial,2020-02-06,0.403
RRPONTSYD,alfred_rrp_initial,2020-02-07,1.1
RRPONTSYD,alfred_rrp_initial,2020-02-10,0.83
RRPONTSYD,alfred_rrp_initial,2020-02-11,0.228
RRPONTSYD,alfred_rrp_initial,2020-02-12,0.309
RRPONTSYD,alfred_rrp_initial,2020-02-13,0.45
RRPONTSYD,alfred_rrp_initial,2020-02-14,0.0
RRPONTSYD,alfred_rrp_initial,2020-02-18,9.454
RRPONTSYD,alfred_rrp_initial,2020-02-19,0.095
RRPONTSYD,alfred_rrp_initial,2020-02-20,3.6
RRPONTSYD,alfred_rrp_initial,2020-02-21,4.532
RRPONTSYD,alfred_rrp_initial,2020-02-24,0.592
RRPONTSYD,alfred_rrp_initial,2020-02-25,0.111
RRPONTSYD,alfred_rrp_initial,2020-02-26,2.3
RRPONTSYD,alfred_rrp_initial,2020-02-27,0.275
RRPONTSYD,alfred_rrp_initial,2020-02-28,2.187
RRPONTSYD,alfred_rrp_initial,2020-03-02,2.525
RRPONTSYD,alfred_rrp_initial,2020-03-03,0.627
RRPONTSYD,alfred_rrp_initial,2020-03-04,5.025
RRPONTSYD,alfred_rrp_initial,2020-03-05,0.85
RRPONTSYD,alfred_rrp_initial,2020-03-06,2.93
RRPONTSYD,alfred_rrp_initial,2020-03-09,2.504
RRPONTSYD,alfred_rrp_initial,2020-03-10,0.151
RRPONTSYD,alfred_rrp_initial,2020-03-11,1.325
RRPONTSYD,alfred_rrp_initial,2020-03-12,21.05
RRPONTSYD,alfred_rrp_initial,2020-03-13,15.1
RRPONTSYD,alfred_rrp_initial,2020-03-16,1.425
RRPONTSYD,alfred_rrp_initial,2020-03-17,5.7
RRPONTSYD,alfred_rrp_initial,2020-03-18,0.477
RRPONTSYD,alfred_rrp_initial,2020-03-19,1.195
RRPONTSYD,alfred_rrp_initial,2020-03-20,12.203
RRPONTSYD,alfred_rrp_initial,2020-03-23,26.944
RRPONTSYD,alfred_rrp_initial,2020-03-24,41.516
RRPONTSYD,alfred_rrp_initial,2020-03-25,97.411
RRPONTSYD,alfred_rrp_initial,2020-03-26,138.48
RRPONTSYD,alfred_rrp_initial,2020-03-27,210.794
RRPONTSYD,alfred_rrp_initial,2020-03-30,237.497
RRPONTSYD,alfred_rrp_initial,2020-03-31,284.908
RRPONTSYD,alfred_rrp_initial,2020-04-01,207.828
RRPONTSYD,alfred_rrp_initial,2020-04-02,182.627
RRPONTSYD,alfred_rrp_initial,2020-04-03,148.117
RRPONTSYD,alfred_rrp_initial,2020-04-06,144.294
RRPONTSYD,alfred_rrp_initial,2020-04-07,88.36
RRPONTSYD,alfred_rrp_initial,2020-04-08,53.483
RRPONTSYD,alfred_rrp_initial,2020-04-09,5.525
RRPONTSYD,alfred_rrp_initial,2020-04-13,6.1
RRPONTSYD,alfred_rrp_initial,2020-04-14,9.9
RRPONTSYD,alfred_rrp_initial,2020-04-15,3.15
RRPONTSYD,alfred_rrp_initial,2020-04-16,1.525
RRPONTSYD,alfred_rrp_initial,2020-04-17,1.726
RRPONTSYD,alfred_rrp_initial,2020-04-20,31.0
RRPONTSYD,alfred_rrp_initial,2020-04-21,12.528
RRPONTSYD,alfred_rrp_initial,2020-04-22,10.825
RRPONTSYD,alfred_rrp_initial,2020-04-23,1.45
RRPONTSYD,alfred_rrp_initial,2020-04-24,1.5
RRPONTSYD,alfred_rrp_initial,2020-04-27,16.476
RRPONTSYD,alfred_rrp_initial,2020-04-28,7.131
RRPONTSYD,alfred_rrp_initial,2020-04-29,1.45
RRPONTSYD,alfred_rrp_initial,2020-04-30,1.775
RRPONTSYD,alfred_rrp_initial,2020-05-01,0.251
RRPONTSYD,alfred_rrp_initial,2020-05-04,4.85
RRPONTSYD,alfred_rrp_initial,2020-05-05,1.925
RRPONTSYD,alfred_rrp_initial,2020-05-06,1.175
RRPONTSYD,alfred_rrp_initial,2020-05-07,0.982
RRPONTSYD,alfred_rrp_initial,2020-05-08,0.68
RRPONTSYD,alfred_rrp_initial,2020-05-11,0.123
RRPONTSYD,alfred_rrp_initial,2020-05-12,0.825
RRPONTSYD,alfred_rrp_initial,2020-05-13,13.825
RRPONTSYD,alfred_rrp_initial,2020-05-14,0.133
RRPONTSYD,alfred_rrp_initial,2020-05-15,1.15
RRPONTSYD,alfred_rrp_initial,2020-05-18,0.578
RRPONTSYD,alfred_rrp_initial,2020-05-19,0.09
RRPONTSYD,alfred_rrp_initial,2020-05-20,9.726
RRPONTSYD,alfred_rrp_initial,2020-05-21,0.003
RRPONTSYD,alfred_rrp_initial,2020-05-22,0.001
RRPONTSYD,alfred_rrp_initial,2020-05-26,0.001
RRPONTSYD,alfred_rrp_initial,2020-05-27,4.326
RRPONTSYD,alfred_rrp_initial,2020-05-28,0.0
RRPONTSYD,alfred_rrp_initial,2020-05-29,1.325
RRPONTSYD,alfred_rrp_initial,2020-06-01,0.0
RRPONTSYD,alfred_rrp_initial,2020-06-02,2.013
RRPONTSYD,alfred_rrp_initial,2020-06-03,0.013
RRPONTSYD,alfred_rrp_initial,2020-06-04,0.0
RRPONTSYD,alfred_rrp_initial,2020-06-05,0.0
RRPONTSYD,alfred_rrp_initial,2020-06-08,0.0
RRPONTSYD,alfred_rrp_initial,2020-06-09,1.252
RRPONTSYD,alfred_rrp_initial,2020-06-10,0.012
RRPONTSYD,alfred_rrp_initial,2020-06-11,0.375
RRPONTSYD,alfred_rrp_initial,2020-06-12,0.0
RRPONTSYD,alfred_rrp_initial,2020-06-15,0.003
RRPONTSYD,alfred_rrp_initial,2020-06-16,4.0
RRPONTSYD,alfred_rrp_initial,2020-06-17,0.001
RRPONTSYD,alfred_rrp_initial,2020-06-18,0.001
RRPONTSYD,alfred_rrp_initial,2020-06-19,0.001
RRPONTSYD,alfred_rrp_initial,2020-06-22,0.01
RRPONTSYD,alfred_rrp_initial,2020-06-23,0.011
RRPONTSYD,alfred_rrp_initial,2020-06-24,0.001
RRPONTSYD,alfred_rrp_initial,2020-06-25,0.001
RRPONTSYD,alfred_rrp_initial,2020-06-26,0.2
RRPONTSYD,alfred_rrp_initial,2020-06-29,0.25
RRPONTSYD,alfred_rrp_initial,2020-06-30,0.95
RRPONTSYD,alfred_rrp_initial,2020-07-01,0.002
RRPONTSYD,alfred_rrp_initial,2020-07-02,0.0
RRPONTSYD,alfred_rrp_initial,2020-07-06,0.0
RRPONTSYD,alfred_rrp_initial,2020-07-07,0.003
RRPONTSYD,alfred_rrp_initial,2020-07-08,0.001
RRPONTSYD,alfred_rrp_initial,2020-07-09,0.0
RRPONTSYD,alfred_rrp_initial,2020-07-10,0.0
RRPONTSYD,alfred_rrp_initial,2020-07-13,0.001
RRPONTSYD,alfred_rrp_initial,2020-07-14,0.001
RRPONTSYD,alfred_rrp_initial,2020-07-15,0.001
RRPONTSYD,alfred_rrp_initial,2020-07-16,0.001
RRPONTSYD,alfred_rrp_initial,2020-07-17,0.0
RRPONTSYD,alfred_rrp_initial,2020-07-20,0.003
RRPONTSYD,alfred_rrp_initial,2020-07-21,0.0
RRPONTSYD,alfred_rrp_initial,2020-07-22,0.0
RRPONTSYD,alfred_rrp_initial,2020-07-23,0.0
RRPONTSYD,alfred_rrp_initial,2020-07-24,0.0
RRPONTSYD,alfred_rrp_initial,2020-07-27,0.0
RRPONTSYD,alfred_rrp_initial,2020-07-28,0.0
RRPONTSYD,alfred_rrp_initial,2020-07-29,0.001
RRPONTSYD,alfred_rrp_initial,2020-07-30,0.307
RRPONTSYD,alfred_rrp_initial,2020-07-31,0.15
RRPONTSYD,alfred_rrp_initial,2020-08-03,0.0
RRPONTSYD,alfred_rrp_initial,2020-08-04,0.005
RRPONTSYD,alfred_rrp_initial,2020-08-05,0.0
RRPONTSYD,alfred_rrp_initial,2020-08-06,0.0
RRPONTSYD,alfred_rrp_initial,2020-08-07,0.0
RRPONTSYD,alfred_rrp_initial,2020-08-10,0.008
RRPONTSYD,alfred_rrp_initial,2020-08-11,0.0
RRPONTSYD,alfred_rrp_initial,2020-08-12,0.103
RRPONTSYD,alfred_rrp_initial,2020-08-13,0.126
RRPONTSYD,alfred_rrp_initial,2020-08-14,0.001
RRPONTSYD,alfred_rrp_initial,2020-08-17,0.054
RRPONTSYD,alfred_rrp_initial,2020-08-18,0.002
RRPONTSYD,alfred_rrp_initial,2020-08-19,0.112
RRPONTSYD,alfred_rrp_initial,2020-08-20,0.15
RRPONTSYD,alfred_rrp_initial,2020-08-21,0.0
RRPONTSYD,alfred_rrp_initial,2020-08-24,0.0
RRPONTSYD,alfred_rrp_initial,2020-08-25,0.012
RRPONTSYD,alfred_rrp_initial,2020-08-26,0.009
RRPONTSYD,alfred_rrp_initial,2020-08-27,0.002
RRPONTSYD,alfred_rrp_initial,2020-08-28,0.0
RRPONTSYD,alfred_rrp_initial,2020-08-31,0.011
RRPONTSYD,alfred_rrp_initial,2020-09-01,0.008
RRPONTSYD,alfred_rrp_initial,2020-09-02,0.014
RRPONTSYD,alfred_rrp_initial,2020-09-03,0.0
RRPONTSYD,alfred_rrp_initial,2020-09-04,0.0
RRPONTSYD,alfred_rrp_initial,2020-09-08,0.0
RRPONTSYD,alfred_rrp_initial,2020-09-09,0.001
RRPONTSYD,alfred_rrp_initial,2020-09-10,0.01
RRPONTSYD,alfred_rrp_initial,2020-09-11,0.0
RRPONTSYD,alfred_rrp_initial,2020-09-14,0.001
RRPONTSYD,alfred_rrp_initial,2020-09-15,0.002
RRPONTSYD,alfred_rrp_initial,2020-09-16,0.055
RRPONTSYD,alfred_rrp_initial,2020-09-17,0.001
RRPONTSYD,alfred_rrp_initial,2020-09-18,0.0
RRPONTSYD,alfred_rrp_initial,2020-09-21,0.054
RRPONTSYD,alfred_rrp_initial,2020-09-22,0.0
RRPONTSYD,alfred_rrp_initial,2020-09-23,0.001
RRPONTSYD,alfred_rrp_initial,2020-09-24,0.004
RRPONTSYD,alfred_rrp_initial,2020-09-25,0.0
RRPONTSYD,alfred_rrp_initial,2020-09-28,0.0
RRPONTSYD,alfred_rrp_initial,2020-09-29,1.301
RRPONTSYD,alfred_rrp_initial,2020-09-30,0.85
RRPONTSYD,alfred_rrp_initial,2020-10-01,0.001
RRPONTSYD,alfred_rrp_initial,2020-10-02,0.0
RRPONTSYD,alfred_rrp_initial,2020-10-05,0.0
RRPONTSYD,alfred_rrp_initial,2020-10-06,0.0
RRPONTSYD,alfred_rrp_initial,2020-10-07,0.011
RRPONTSYD,alfred_rrp_initial,2020-10-08,0.212
RRPONTSYD,alfred_rrp_initial,2020-10-09,0.0
RRPONTSYD,alfred_rrp_initial,2020-10-13,0.0
RRPONTSYD,alfred_rrp_initial,2020-10-14,0.0
RRPONTSYD,alfred_rrp_initial,2020-10-15,0.001
RRPONTSYD,alfred_rrp_initial,2020-10-16,0.002
RRPONTSYD,alfred_rrp_initial,2020-10-19,0.004
RRPONTSYD,alfred_rrp_initial,2020-10-20,0.007
RRPONTSYD,alfred_rrp_initial,2020-10-21,0.0
RRPONTSYD,alfred_rrp_initial,2020-10-22,0.001
RRPONTSYD,alfred_rrp_initial,2020-10-23,0.0
RRPONTSYD,alfred_rrp_initial,2020-10-26,0.001
RRPONTSYD,alfred_rrp_initial,2020-10-27,0.0
RRPONTSYD,alfred_rrp_initial,2020-10-28,0.005
RRPONTSYD,alfred_rrp_initial,2020-10-29,0.014
RRPONTSYD,alfred_rrp_initial,2020-10-30,0.001
RRPONTSYD,alfred_rrp_initial,2020-11-02,0.0
RRPONTSYD,alfred_rrp_initial,2020-11-03,0.0
RRPONTSYD,alfred_rrp_initial,2020-11-04,0.0
RRPONTSYD,alfred_rrp_initial,2020-11-05,0.0
RRPONTSYD,alfred_rrp_initial,2020-11-06,0.0
RRPONTSYD,alfred_rrp_initial,2020-11-09,0.0
RRPONTSYD,alfred_rrp_initial,2020-11-10,0.0
RRPONTSYD,alfred_rrp_initial,2020-11-12,0.0
RRPONTSYD,alfred_rrp_initial,2020-11-13,0.003
RRPONTSYD,alfred_rrp_initial,2020-11-16,0.013
RRPONTSYD,alfred_rrp_initial,2020-11-17,0.0
RRPONTSYD,alfred_rrp_initial,2020-11-18,0.103
RRPONTSYD,alfred_rrp_initial,2020-11-19,2.0
RRPONTSYD,alfred_rrp_initial,2020-11-20,0.0
RRPONTSYD,alfred_rrp_initial,2020-11-23,0.485
RRPONTSYD,alfred_rrp_initial,2020-11-24,0.001
RRPONTSYD,alfred_rrp_initial,2020-11-25,0.0
RRPONTSYD,alfred_rrp_initial,2020-11-27,0.0
RRPONTSYD,alfred_rrp_initial,2020-11-30,0.006
RRPONTSYD,alfred_rrp_initial,2020-12-01,0.002
RRPONTSYD,alfred_rrp_initial,2020-12-02,0.001
RRPONTSYD,alfred_rrp_initial,2020-12-03,0.0
RRPONTSYD,alfred_rrp_initial,2020-12-04,0.0
RRPONTSYD,alfred_rrp_initial,2020-12-07,0.001
RRPONTSYD,alfred_rrp_initial,2020-12-08,0.001
RRPONTSYD,alfred_rrp_initial,2020-12-09,0.003
RRPONTSYD,alfred_rrp_initial,2020-12-10,0.001
RRPONTSYD,alfred_rrp_initial,2020-12-11,0.0
RRPONTSYD,alfred_rrp_initial,2020-12-14,0.1
RRPONTSYD,alfred_rrp_initial,2020-12-15,0.001
RRPONTSYD,alfred_rrp_initial,2020-12-16,0.026
RRPONTSYD,alfred_rrp_initial,2020-12-17,0.014
RRPONTSYD,alfred_rrp_initial,2020-12-18,0.032
RRPONTSYD,alfred_rrp_initial,2020-12-21,0.435
RRPONTSYD,alfred_rrp_initial,2020-12-22,0.406
RRPONTSYD,alfred_rrp_initial,2020-12-23,0.857
RRPONTSYD,alfred_rrp_initial,2020-12-24,0.01
RRPONTSYD,alfred_rrp_initial,2020-12-28,0.901
RRPONTSYD,alfred_rrp_initial,2020-12-29,0.257
RRPONTSYD,alfred_rrp_initial,2020-12-30,0.652
RRPONTSYD,alfred_rrp_initial,2020-12-31,9.651
RRPONTSYD,alfred_rrp_initial,2021-01-04,0.001
RRPONTSYD,alfred_rrp_initial,2021-01-05,0.005
RRPONTSYD,alfred_rrp_initial,2021-01-06,0.004
RRPONTSYD,alfred_rrp_initial,2021-01-07,0.001
RRPONTSYD,alfred_rrp_initial,2021-01-08,0.0
RRPONTSYD,alfred_rrp_initial,2021-01-11,0.0
RRPONTSYD,alfred_rrp_initial,2021-01-12,0.0
RRPONTSYD,alfred_rrp_initial,2021-01-13,0.0
RRPONTSYD,alfred_rrp_initial,2021-01-14,0.6
RRPONTSYD,alfred_rrp_initial,2021-01-15,0.0
RRPONTSYD,alfred_rrp_initial,2021-01-19,0.004
RRPONTSYD,alfred_rrp_initial,2021-01-20,1.806
RRPONTSYD,alfred_rrp_initial,2021-01-21,1.201
RRPONTSYD,alfred_rrp_initial,2021-01-22,0.0
RRPONTSYD,alfred_rrp_initial,2021-01-25,2.2
RRPONTSYD,alfred_rrp_initial,2021-01-26,1.631
RRPONTSYD,alfred_rrp_initial,2021-01-27,1.152
RRPONTSYD,alfred_rrp_initial,2021-01-28,2.655
RRPONTSYD,alfred_rrp_initial,2021-01-29,7.1
RRPONTSYD,alfred_rrp_initial,2021-02-01,0.012
RRPONTSYD,alfred_rrp_initial,2021-02-02,0.011
RRPONTSYD,alfred_rrp_initial,2021-02-03,0.178
RRPONTSYD,alfred_rrp_initial,2021-02-04,0.5
RRPONTSYD,alfred_rrp_initial,2021-02-05,0.01
RRPONTSYD,alfred_rrp_initial,2021-02-08,0.002
RRPONTSYD,alfred_rrp_initial,2021-02-09,0.001
RRPONTSYD,alfred_rrp_initial,2021-02-10,0.0
RRPONTSYD,alfred_rrp_initial,2021-02-11,0.108
RRPONTSYD,alfred_rrp_initial,2021-02-12,0.001
RRPONTSYD,alfred_rrp_initial,2021-02-16,0.004
RRPONTSYD,alfred_rrp_initial,2021-02-17,0.05
RRPONTSYD,alfred_rrp_initial,2021-02-18,0.0
RRPONTSYD,alfred_rrp_initial,2021-02-19,0.002
RRPONTSYD,alfred_rrp_initial,2021-02-22,1.1
RRPONTSYD,alfred_rrp_initial,2021-02-23,0.435
RRPONTSYD,alfred_rrp_initial,2021-02-24,0.001
RRPONTSYD,alfred_rrp_initial,2021-02-25,9.976
RRPONTSYD,alfred_rrp_initial,2021-02-26,11.2
RRPONTSYD,alfred_rrp_initial,2021-03-01,0.0
RRPONTSYD,alfred_rrp_initial,2021-03-02,0.005
RRPONTSYD,alfred_rrp_initial,2021-03-03,0.507
RRPONTSYD,alfred_rrp_initial,2021-03-04,2.1
RRPONTSYD,alfred_rrp_initial,2021-03-05,1.0
RRPONTSYD,alfred_rrp_initial,2021-03-08,0.025
RRPONTSYD,alfred_rrp_initial,2021-03-09,0.0
RRPONTSYD,alfred_rrp_initial,2021-03-10,0.1
RRPONTSYD,alfred_rrp_initial,2021-03-11,11.051
RRPONTSYD,alfred_rrp_initial,2021-03-12,6.8
RRPONTSYD,alfred_rrp_initial,2021-03-15,0.003
RRPONTSYD,alfred_rrp_initial,2021-03-16,0.702
RRPONTSYD,alfred_rrp_initial,2021-03-17,0.0
RRPONTSYD,alfred_rrp_initial,2021-03-18,26.57
RRPONTSYD,alfred_rrp_initial,2021-03-19,18.908
RRPONTSYD,alfred_rrp_initial,2021-03-22,22.242
RRPONTSYD,alfred_rrp_initial,2021-03-23,19.526
RRPONTSYD,alfred_rrp_initial,2021-03-24,21.902
RRPONTSYD,alfred_rrp_initial,2021-03-25,10.1
RRPONTSYD,alfred_rrp_initial,2021-03-26,11.45
RRPONTSYD,alfred_rrp_initial,2021-03-29,40.354
RRPONTSYD,alfred_rrp_initial,2021-03-30,104.725
RRPONTSYD,alfred_rrp_initial,2021-03-31,134.307
RRPONTSYD,alfred_rrp_initial,2021-04-01,9.575
RRPONTSYD,alfred_rrp_initial,2021-04-05,3.45
RRPONTSYD,alfred_rrp_initial,2021-04-06,18.951
RRPONTSYD,alfred_rrp_initial,2021-04-07,35.035
RRPONTSYD,alfred_rrp_initial,2021-04-08,27.64
RRPONTSYD,alfred_rrp_initial,2021-04-09,31.265
RRPONTSYD,alfred_rrp_initial,2021-04-12,30.221
RRPONTSYD,alfred_rrp_initial,2021-04-13,37.543
RRPONTSYD,alfred_rrp_initial,2021-04-14,50.856
RRPONTSYD,alfred_rrp_initial,2021-04-15,28.626
RRPONTSYD,alfred_rrp_initial,2021-04-16,39.94
RRPONTSYD,alfred_rrp_initial,2021-04-19,53.798
RRPONTSYD,alfred_rrp_initial,2021-04-20,67.747
RRPONTSYD,alfred_rrp_initial,2021-04-21,81.329
RRPONTSYD,alfred_rrp_initial,2021-04-22,102.644
RRPONTSYD,alfred_rrp_initial,2021-04-23,73.794
RRPONTSYD,alfred_rrp_initial,2021-04-26,100.916
RRPONTSYD,alfred_rrp_initial,2021-04-27,142.172
RRPONTSYD,alfred_rrp_initial,2021-04-28,166.732
RRPONTSYD,alfred_rrp_initial,2021-04-29,173.469
RRPONTSYD,alfred_rrp_initial,2021-04-30,183.234
RRPONTSYD,alfred_rrp_initial,2021-05-03,129.724
RRPONTSYD,alfred_rrp_initial,2021-05-04,147.806
RRPONTSYD,alfred_rrp_initial,2021-05-05,162.8
RRPONTSYD,alfred_rrp_initial,2021-05-06,154.921
RRPONTSYD,alfred_rrp_initial,2021-05-07,161.856
RRPONTSYD,alfred_rrp_initial,2021-05-10,175.548
RRPONTSYD,alfred_rrp_initial,2021-05-11,181.753
RRPONTSYD,alfred_rrp_initial,2021-05-12,209.257
RRPONTSYD,alfred_rrp_initial,2021-05-13,235.217
RRPONTSYD,alfred_rrp_initial,2021-05-14,241.185
RRPONTSYD,alfred_rrp_initial,2021-05-17,208.96
RRPONTSYD,alfred_rrp_initial,2021-05-18,243.47
RRPONTSYD,alfred_rrp_initial,2021-05-19,293.998
RRPONTSYD,alfred_rrp_initial,2021-05-20,351.121
RRPONTSYD,alfred_rrp_initial,2021-05-21,369.046
RRPONTSYD,alfred_rrp_initial,2021-05-24,394.941
RRPONTSYD,alfred_rrp_initial,2021-05-25,432.955
RRPONTSYD,alfred_rrp_initial,2021-05-26,450.283
RRPONTSYD,alfred_rrp_initial,2021-05-27,485.329
RRPONTSYD,alfred_rrp_initial,2021-05-28,479.498
RRPONTSYD,alfred_rrp_initial,2021-06-01,447.985
RRPONTSYD,alfred_rrp_initial,2021-06-02,438.778
RRPONTSYD,alfred_rrp_initial,2021-06-03,479.102
RRPONTSYD,alfred_rrp_initial,2021-06-04,483.349
RRPONTSYD,alfred_rrp_initial,2021-06-07,486.097
RRPONTSYD,alfred_rrp_initial,2021-06-08,497.428
RRPONTSYD,alfred_rrp_initial,2021-06-09,502.904
RRPONTSYD,alfred_rrp_initial,2021-06-10,534.943
RRPONTSYD,alfred_rrp_initial,2021-06-11,547.808
RRPONTSYD,alfred_rrp_initial,2021-06-14,583.892
RRPONTSYD,alfred_rrp_initial,2021-06-15,509.559
RRPONTSYD,alfred_rrp_initial,2021-06-16,520.942
RRPONTSYD,alfred_rrp_initial,2021-06-17,755.8
RRPONTSYD,alfred_rrp_initial,2021-06-18,747.121
RRPONTSYD,alfred_rrp_initial,2021-06-21,765.141
RRPONTSYD,alfred_rrp_initial,2021-06-22,791.605
RRPONTSYD,alfred_rrp_initial,2021-06-23,813.65
RRPONTSYD,alfred_rrp_initial,2021-06-24,813.048
RRPONTSYD,alfred_rrp_initial,2021-06-25,770.83
RRPONTSYD,alfred_rrp_initial,2021-06-28,803.019
RRPONTSYD,alfred_rrp_initial,2021-06-29,841.246
RRPONTSYD,alfred_rrp_initial,2021-06-30,991.939
RRPONTSYD,alfred_rrp_initial,2021-07-01,742.647
RRPONTSYD,alfred_rrp_initial,2021-07-02,731.504
RRPONTSYD,alfred_rrp_initial,2021-07-06,772.581
RRPONTSYD,alfred_rrp_initial,2021-07-07,785.72
RRPONTSYD,alfred_rrp_initial,2021-07-08,793.399
RRPONTSYD,alfred_rrp_initial,2021-07-09,780.596
RRPONTSYD,alfred_rrp_initial,2021-07-12,776.472
RRPONTSYD,alfred_rrp_initial,2021-07-13,798.267
RRPONTSYD,alfred_rrp_initial,2021-07-14,859.975
RRPONTSYD,alfred_rrp_initial,2021-07-15,776.261
RRPONTSYD,alfred_rrp_initial,2021-07-16,817.566
RRPONTSYD,alfred_rrp_initial,2021-07-19,860.468
RRPONTSYD,alfred_rrp_initial,2021-07-20,848.102
RRPONTSYD,alfred_rrp_initial,2021-07-21,886.206
RRPONTSYD,alfred_rrp_initial,2021-07-22,898.197
RRPONTSYD,alfred_rrp_initial,2021-07-23,877.251
RRPONTSYD,alfred_rrp_initial,2021-07-26,891.203
RRPONTSYD,alfred_rrp_initial,2021-07-27,927.419
RRPONTSYD,alfred_rrp_initial,2021-07-28,965.189
RRPONTSYD,alfred_rrp_initial,2021-07-29,987.283
RRPONTSYD,alfred_rrp_initial,2021-07-30,1039.394
RRPONTSYD,alfred_rrp_initial,2021-08-02,921.317
RRPONTSYD,alfred_rrp_initial,2021-08-03,909.442
RRPONTSYD,alfred_rrp_initial,2021-08-04,931.755
RRPONTSYD,alfred_rrp_initial,2021-08-05,944.335
RRPONTSYD,alfred_rrp_initial,2021-08-06,952.134
RRPONTSYD,alfred_rrp_initial,2021-08-09,981.765
RRPONTSYD,alfred_rrp_initial,2021-08-10,998.654
RRPONTSYD,alfred_rrp_initial,2021-08-11,1000.46
RRPONTSYD,alfred_rrp_initial,2021-08-12,1087.342
RRPONTSYD,alfred_rrp_initial,2021-08-13,1050.941
RRPONTSYD,alfred_rrp_initial,2021-08-16,1036.418
RRPONTSYD,alfred_rrp_initial,2021-08-17,1053.454
RRPONTSYD,alfred_rrp_initial,2021-08-18,1115.656
RRPONTSYD,alfred_rrp_initial,2021-08-19,1109.938
RRPONTSYD,alfred_rrp_initial,2021-08-20,1111.905
RRPONTSYD,alfred_rrp_initial,2021-08-23,1135.697
RRPONTSYD,alfred_rrp_initial,2021-08-24,1129.737
RRPONTSYD,alfred_rrp_initial,2021-08-25,1147.089
RRPONTSYD,alfred_rrp_initial,2021-08-26,1091.792
RRPONTSYD,alfred_rrp_initial,2021-08-27,1120.015
RRPONTSYD,alfred_rrp_initial,2021-08-30,1140.711
RRPONTSYD,alfred_rrp_initial,2021-08-31,1189.616
RRPONTSYD,alfred_rrp_initial,2021-09-01,1084.115
RRPONTSYD,alfred_rrp_initial,2021-09-02,1066.987
RRPONTSYD,alfred_rrp_initial,2021-09-03,1074.707
RRPONTSYD,alfred_rrp_initial,2021-09-07,1079.945
RRPONTSYD,alfred_rrp_initial,2021-09-08,1115.229
RRPONTSYD,alfred_rrp_initial,2021-09-09,1107.659
RRPONTSYD,alfred_rrp_initial,2021-09-10,1099.323
RRPONTSYD,alfred_rrp_initial,2021-09-13,1087.108
RRPONTSYD,alfred_rrp_initial,2021-09-14,1169.28
RRPONTSYD,alfred_rrp_initial,2021-09-15,1081.342
RRPONTSYD,alfred_rrp_initial,2021-09-16,1147.494
RRPONTSYD,alfred_rrp_initial,2021-09-17,1218.303
RRPONTSYD,alfred_rrp_initial,2021-09-20,1224.289
RRPONTSYD,alfred_rrp_initial,2021-09-21,1240.494
RRPONTSYD,alfred_rrp_initial,2021-09-22,1283.281
RRPONTSYD,alfred_rrp_initial,2021-09-23,1352.483
RRPONTSYD,alfred_rrp_initial,2021-09-24,1313.657
RRPONTSYD,alfred_rrp_initial,2021-09-27,1297.05
RRPONTSYD,alfred_rrp_initial,2021-09-28,1365.185
RRPONTSYD,alfred_rrp_initial,2021-09-29,1415.84
RRPONTSYD,alfred_rrp_initial,2021-09-30,1604.881
RRPONTSYD,alfred_rrp_initial,2021-10-01,1385.991
RRPONTSYD,alfred_rrp_initial,2021-10-04,1399.173
RRPONTSYD,alfred_rrp_initial,2021-10-05,1431.18
RRPONTSYD,alfred_rrp_initial,2021-10-06,1451.175
RRPONTSYD,alfred_rrp_initial,2021-10-07,1375.863
RRPONTSYD,alfred_rrp_initial,2021-10-08,1371.958
RRPONTSYD,alfred_rrp_initial,2021-10-12,1367.051
RRPONTSYD,alfred_rrp_initial,2021-10-13,1364.701
RRPONTSYD,alfred_rrp_initial,2021-10-14,1445.66
RRPONTSYD,alfred_rrp_initial,2021-10-15,1462.297
RRPONTSYD,alfred_rrp_initial,2021-10-18,1477.114
RRPONTSYD,alfred_rrp_initial,2021-10-19,1470.739
RRPONTSYD,alfred_rrp_initial,2021-10-20,1493.961
RRPONTSYD,alfred_rrp_initial,2021-10-21,1458.605
RRPONTSYD,alfred_rrp_initial,2021-10-22,1403.02
RRPONTSYD,alfred_rrp_initial,2021-10-25,1413.188
RRPONTSYD,alfred_rrp_initial,2021-10-26,1423.198
RRPONTSYD,alfred_rrp_initial,2021-10-27,1433.37
RRPONTSYD,alfred_rrp_initial,2021-10-28,1384.684
RRPONTSYD,alfred_rrp_initial,2021-10-29,1502.296
RRPONTSYD,alfred_rrp_initial,2021-11-01,1358.606
RRPONTSYD,alfred_rrp_initial,2021-11-02,1329.913
RRPONTSYD,alfred_rrp_initial,2021-11-03,1343.985
RRPONTSYD,alfred_rrp_initial,2021-11-04,1348.539
RRPONTSYD,alfred_rrp_initial,2021-11-05,1354.059
RRPONTSYD,alfred_rrp_initial,2021-11-08,1354.382
RRPONTSYD,alfred_rrp_initial,2021-11-09,1377.197
RRPONTSYD,alfred_rrp_initial,2021-11-10,1448.623
RRPONTSYD,alfred_rrp_initial,2021-11-12,1417.643
RRPONTSYD,alfred_rrp_initial,2021-11-15,1391.657
RRPONTSYD,alfred_rrp_initial,2021-11-16,1466.857
RRPONTSYD,alfred_rrp_initial,2021-11-17,1520.0
RRPONTSYD,alfred_rrp_initial,2021-11-18,1584.097
RRPONTSYD,alfred_rrp_initial,2021-11-19,1575.384
RRPONTSYD,alfred_rrp_initial,2021-11-22,1573.769
RRPONTSYD,alfred_rrp_initial,2021-11-23,1571.98
RRPONTSYD,alfred_rrp_initial,2021-11-24,1452.897
RRPONTSYD,alfred_rrp_initial,2021-11-26,1451.108
RRPONTSYD,alfred_rrp_initial,2021-11-29,1459.339
RRPONTSYD,alfred_rrp_initial,2021-11-30,1517.956
RRPONTSYD,alfred_rrp_initial,2021-12-01,1427.347
RRPONTSYD,alfred_rrp_initial,2021-12-02,1448.585
RRPONTSYD,alfred_rrp_initial,2021-12-03,1475.464
RRPONTSYD,alfred_rrp_initial,2021-12-06,1487.996
RRPONTSYD,alfred_rrp_initial,2021-12-07,1455.038
RRPONTSYD,alfred_rrp_initial,2021-12-08,1484.192
RRPONTSYD,alfred_rrp_initial,2021-12-09,1500.027
RRPONTSYD,alfred_rrp_initial,2021-12-10,1507.147
RRPONTSYD,alfred_rrp_initial,2021-12-13,1599.768
RRPONTSYD,alfred_rrp_initial,2021-12-14,1584.488
RRPONTSYD,alfred_rrp_initial,2021-12-15,1621.097
RRPONTSYD,alfred_rrp_initial,2021-12-16,1657.626
RRPONTSYD,alfred_rrp_initial,2021-12-17,1704.586
RRPONTSYD,alfred_rrp_initial,2021-12-20,1758.041
RRPONTSYD,alfred_rrp_initial,2021-12-21,1748.285
RRPONTSYD,alfred_rrp_initial,2021-12-22,1699.277
RRPONTSYD,alfred_rrp_initial,2021-12-23,1577.78
RRPONTSYD,alfred_rrp_initial,2021-12-27,1580.347
RRPONTSYD,alfred_rrp_initial,2021-12-28,1637.064
RRPONTSYD,alfred_rrp_initial,2021-12-29,1642.506
RRPONTSYD,alfred_rrp_initial,2021-12-30,1696.476
RRPONTSYD,alfred_rrp_initial,2021-12-31,1904.582
RRPONTSYD,alfred_rrp_initial,2022-01-03,1579.526
RRPONTSYD,alfred_rrp_initial,2022-01-04,1495.692
RRPONTSYD,alfred_rrp_initial,2022-01-05,1492.787
RRPONTSYD,alfred_rrp_initial,2022-01-06,1510.553
RRPONTSYD,alfred_rrp_initial,2022-01-07,1530.096
RRPONTSYD,alfred_rrp_initial,2022-01-10,1560.421
RRPONTSYD,alfred_rrp_initial,2022-01-11,1527.02
RRPONTSYD,alfred_rrp_initial,2022-01-12,1536.981
RRPONTSYD,alfred_rrp_initial,2022-01-13,1636.742
RRPONTSYD,alfred_rrp_initial,2022-01-14,1598.887
RRPONTSYD,alfred_rrp_initial,2022-01-18,1597.137
RRPONTSYD,alfred_rrp_initial,2022-01-19,1656.576
RRPONTSYD,alfred_rrp_initial,2022-01-20,1678.931
RRPONTSYD,alfred_rrp_initial,2022-01-21,1706.127
RRPONTSYD,alfred_rrp_initial,2022-01-24,1614.002
RRPONTSYD,alfred_rrp_initial,2022-01-25,1599.502
RRPONTSYD,alfred_rrp_initial,2022-01-26,1613.046
RRPONTSYD,alfred_rrp_initial,2022-01-27,1583.895
RRPONTSYD,alfred_rrp_initial,2022-01-28,1615.021
RRPONTSYD,alfred_rrp_initial,2022-01-31,1654.85
RRPONTSYD,alfred_rrp_initial,2022-02-01,1584.109
RRPONTSYD,alfred_rrp_initial,2022-02-02,1626.895
RRPONTSYD,alfred_rrp_initial,2022-02-03,1640.397
RRPONTSYD,alfred_rrp_initial,2022-02-04,1642.892
RRPONTSYD,alfred_rrp_initial,2022-02-07,1679.932
RRPONTSYD,alfred_rrp_initial,2022-02-08,1674.61
RRPONTSYD,alfred_rrp_initial,2022-02-09,1653.153
RRPONTSYD,alfred_rrp_initial,2022-02-10,1634.146
RRPONTSYD,alfred_rrp_initial,2022-02-11,1635.826
RRPONTSYD,alfred_rrp_initial,2022-02-14,1666.232
RRPONTSYD,alfred_rrp_initial,2022-02-15,1608.494
RRPONTSYD,alfred_rrp_initial,2022-02-16,1644.134
RRPONTSYD,alfred_rrp_initial,2022-02-17,1647.202
RRPONTSYD,alfred_rrp_initial,2022-02-18,1674.929
RRPONTSYD,alfred_rrp_initial,2022-02-22,1699.432
RRPONTSYD,alfred_rrp_initial,2022-02-23,1738.322
RRPONTSYD,alfred_rrp_initial,2022-02-24,1650.399
RRPONTSYD,alfred_rrp_initial,2022-02-25,1603.349
RRPONTSYD,alfred_rrp_initial,2022-02-28,1596.052
RRPONTSYD,alfred_rrp_initial,2022-03-01,1552.95
RRPONTSYD,alfred_rrp_initial,2022-03-02,1526.211
RRPONTSYD,alfred_rrp_initial,2022-03-03,1533.992
RRPONTSYD,alfred_rrp_initial,2022-03-04,1483.061
RRPONTSYD,alfred_rrp_initial,2022-03-07,1461.227
RRPONTSYD,alfred_rrp_initial,2022-03-08,1525.099
RRPONTSYD,alfred_rrp_initial,2022-03-09,1542.504
RRPONTSYD,alfred_rrp_initial,2022-03-10,1568.735
RRPONTSYD,alfred_rrp_initial,2022-03-11,1557.823
RRPONTSYD,alfred_rrp_initial,2022-03-14,1608.021
RRPONTSYD,alfred_rrp_initial,2022-03-15,1583.471
RRPONTSYD,alfred_rrp_initial,2022-03-16,1613.637
RRPONTSYD,alfred_rrp_initial,2022-03-17,1659.977
RRPONTSYD,alfred_rrp_initial,2022-03-18,1715.148
RRPONTSYD,alfred_rrp_initial,2022-03-21,1728.893
RRPONTSYD,alfred_rrp_initial,2022-03-22,1763.183
RRPONTSYD,alfred_rrp_initial,2022-03-23,1803.186
RRPONTSYD,alfred_rrp_initial,2022-03-24,1707.655
RRPONTSYD,alfred_rrp_initial,2022-03-25,1676.974
RRPONTSYD,alfred_rrp_initial,2022-03-28,1688.632
RRPONTSYD,alfred_rrp_initial,2022-03-29,1718.87
RRPONTSYD,alfred_rrp_initial,2022-03-30,1785.939
RRPONTSYD,alfred_rrp_initial,2022-03-31,1871.97
RRPONTSYD,alfred_rrp_initial,2022-04-01,1666.063
RRPONTSYD,alfred_rrp_initial,2022-04-04,1692.936
RRPONTSYD,alfred_rrp_initial,2022-04-05,1710.834
RRPONTSYD,alfred_rrp_initial,2022-04-06,1731.472
RRPONTSYD,alfred_rrp_initial,2022-04-07,1734.424
RRPONTSYD,alfred_rrp_initial,2022-04-08,1750.498
RRPONTSYD,alfred_rrp_initial,2022-04-11,1758.958
RRPONTSYD,alfred_rrp_initial,2022-04-12,1710.414
RRPONTSYD,alfred_rrp_initial,2022-04-13,1815.555
RRPONTSYD,alfred_rrp_initial,2022-04-14,1706.935
RRPONTSYD,alfred_rrp_initial,2022-04-18,1738.379
RRPONTSYD,alfred_rrp_initial,2022-04-19,1817.292
RRPONTSYD,alfred_rrp_initial,2022-04-20,1866.56
RRPONTSYD,alfred_rrp_initial,2022-04-21,1854.7
RRPONTSYD,alfred_rrp_initial,2022-04-22,1765.031
RRPONTSYD,alfred_rrp_initial,2022-04-25,1783.609
RRPONTSYD,alfred_rrp_initial,2022-04-26,1819.343
RRPONTSYD,alfred_rrp_initial,2022-04-27,1803.162
RRPONTSYD,alfred_rrp_initial,2022-04-28,1818.416
RRPONTSYD,alfred_rrp_initial,2022-04-29,1906.802
RRPONTSYD,alfred_rrp_initial,2022-05-02,1796.302
RRPONTSYD,alfred_rrp_initial,2022-05-03,1796.252
RRPONTSYD,alfred_rrp_initial,2022-05-04,1815.656
RRPONTSYD,alfred_rrp_initial,2022-05-05,1844.762
RRPONTSYD,alfred_rrp_initial,2022-05-06,1861.866
RRPONTSYD,alfred_rrp_initial,2022-05-09,1858.995
RRPONTSYD,alfred_rrp_initial,2022-05-10,1864.225
RRPONTSYD,alfred_rrp_initial,2022-05-11,1876.119
RRPONTSYD,alfred_rrp_initial,2022-05-12,1900.069
RRPONTSYD,alfred_rrp_initial,2022-05-13,1865.287
RRPONTSYD,alfred_rrp_initial,2022-05-16,1833.152
RRPONTSYD,alfred_rrp_initial,2022-05-17,1877.483
RRPONTSYD,alfred_rrp_initial,2022-05-18,1973.373
RRPONTSYD,alfred_rrp_initial,2022-05-19,1981.005
RRPONTSYD,alfred_rrp_initial,2022-05-20,1987.987
RRPONTSYD,alfred_rrp_initial,2022-05-23,2044.658
RRPONTSYD,alfred_rrp_initial,2022-05-24,1987.865
RRPONTSYD,alfred_rrp_initial,2022-05-25,1995.75
RRPONTSYD,alfred_rrp_initial,2022-05-26,2007.702
RRPONTSYD,alfred_rrp_initial,2022-05-27,2006.688
RRPONTSYD,alfred_rrp_initial,2022-05-31,1978.538
RRPONTSYD,alfred_rrp_initial,2022-06-01,1965.015
RRPONTSYD,alfred_rrp_initial,2022-06-02,1985.239
RRPONTSYD,alfred_rrp_initial,2022-06-03,2031.228
RRPONTSYD,alfred_rrp_initial,2022-06-06,2040.093
RRPONTSYD,alfred_rrp_initial,2022-06-07,2091.395
RRPONTSYD,alfred_rrp_initial,2022-06-08,2140.277
RRPONTSYD,alfred_rrp_initial,2022-06-09,2142.318
RRPONTSYD,alfred_rrp_initial,2022-06-10,2162.885
RRPONTSYD,alfred_rrp_initial,2022-06-13,2212.62
RRPONTSYD,alfred_rrp_initial,2022-06-14,2223.857
RRPONTSYD,alfred_rrp_initial,2022-06-15,2162.924
RRPONTSYD,alfred_rrp_initial,2022-06-16,2178.382
RRPONTSYD,alfred_rrp_initial,2022-06-17,2229.279
RRPONTSYD,alfred_rrp_initial,2022-06-21,2188.627
RRPONTSYD,alfred_rrp_initial,2022-06-22,2259.458
RRPONTSYD,alfred_rrp_initial,2022-06-23,2285.442
RRPONTSYD,alfred_rrp_initial,2022-06-24,2180.984
RRPONTSYD,alfred_rrp_initial,2022-06-27,2155.942
RRPONTSYD,alfred_rrp_initial,2022-06-28,2213.784
RRPONTSYD,alfred_rrp_initial,2022-06-29,2226.976
RRPONTSYD,alfred_rrp_initial,2022-06-30,2329.743
RRPONTSYD,alfred_rrp_initial,2022-07-01,2167.085
RRPONTSYD,alfred_rrp_initial,2022-07-05,2138.28
RRPONTSYD,alfred_rrp_initial,2022-07-06,2168.026
RRPONTSYD,alfred_rrp_initial,2022-07-07,2172.457
RRPONTSYD,alfred_rrp_initial,2022-07-08,2144.921
RRPONTSYD,alfred_rrp_initial,2022-07-11,2164.266
RRPONTSYD,alfred_rrp_initial,2022-07-12,2146.132
RRPONTSYD,alfred_rrp_initial,2022-07-13,2155.29
RRPONTSYD,alfred_rrp_initial,2022-07-14,2207.121
RRPONTSYD,alfred_rrp_initial,2022-07-15,2153.75
RRPONTSYD,alfred_rrp_initial,2022-07-18,2190.375
RRPONTSYD,alfred_rrp_initial,2022-07-19,2211.821
RRPONTSYD,alfred_rrp_initial,2022-07-20,2240.204
RRPONTSYD,alfred_rrp_initial,2022-07-21,2271.756
RRPONTSYD,alfred_rrp_initial,2022-07-22,2228.959
RRPONTSYD,alfred_rrp_initial,2022-07-25,2192.367
RRPONTSYD,alfred_rrp_initial,2022-07-26,2189.474
RRPONTSYD,alfred_rrp_initial,2022-07-27,2188.994
RRPONTSYD,alfred_rrp_initial,2022-07-28,2239.883
RRPONTSYD,alfred_rrp_initial,2022-07-29,2300.2
RRPONTSYD,alfred_rrp_initial,2022-08-01,2161.885
RRPONTSYD,alfred_rrp_initial,2022-08-02,2156.013
RRPONTSYD,alfred_rrp_initial,2022-08-03,2182.238
RRPONTSYD,alfred_rrp_initial,2022-08-04,2191.546
RRPONTSYD,alfred_rrp_initial,2022-08-05,2194.927
RRPONTSYD,alfred_rrp_initial,2022-08-08,2195.692
RRPONTSYD,alfred_rrp_initial,2022-08-09,2186.568
RRPONTSYD,alfred_rrp_initial,2022-08-10,2177.646
RRPONTSYD,alfred_rrp_initial,2022-08-11,2199.247
RRPONTSYD,alfred_rrp_initial,2022-08-12,2213.193
RRPONTSYD,alfred_rrp_initial,2022-08-15,2175.857
RRPONTSYD,alfred_rrp_initial,2022-08-16,2165.332
RRPONTSYD,alfred_rrp_initial,2022-08-17,2199.631
RRPONTSYD,alfred_rrp_initial,2022-08-18,2218.161
RRPONTSYD,alfred_rrp_initial,2022-08-19,2221.68
RRPONTSYD,alfred_rrp_initial,2022-08-22,2235.665
RRPONTSYD,alfred_rrp_initial,2022-08-23,2250.718
RRPONTSYD,alfred_rrp_initial,2022-08-24,2237.072
RRPONTSYD,alfred_rrp_initial,2022-08-25,2187.907
RRPONTSYD,alfred_rrp_initial,2022-08-26,2182.452
RRPONTSYD,alfred_rrp_initial,2022-08-29,2205.188
RRPONTSYD,alfred_rrp_initial,2022-08-30,2188.975
RRPONTSYD,alfred_rrp_initial,2022-08-31,2251.025
RRPONTSYD,alfred_rrp_initial,2022-09-01,2173.156
RRPONTSYD,alfred_rrp_initial,2022-09-02,2173.413
RRPONTSYD,alfred_rrp_initial,2022-09-06,2188.796
RRPONTSYD,alfred_rrp_initial,2022-09-07,2206.987
RRPONTSYD,alfred_rrp_initial,2022-09-08,2210.466
RRPONTSYD,alfred_rrp_initial,2022-09-09,2209.714
RRPONTSYD,alfred_rrp_initial,2022-09-12,2218.546
RRPONTSYD,alfred_rrp_initial,2022-09-13,2202.719
RRPONTSYD,alfred_rrp_initial,2022-09-14,2225.579
RRPONTSYD,alfred_rrp_initial,2022-09-15,2176.188
RRPONTSYD,alfred_rrp_initial,2022-09-16,2186.833
RRPONTSYD,alfred_rrp_initial,2022-09-19,2217.542
RRPONTSYD,alfred_rrp_initial,2022-09-20,2238.87
RRPONTSYD,alfred_rrp_initial,2022-09-21,2315.9
RRPONTSYD,alfred_rrp_initial,2022-09-22,2359.227
RRPONTSYD,alfred_rrp_initial,2022-09-23,2319.361
RRPONTSYD,alfred_rrp_initial,2022-09-26,2299.011
RRPONTSYD,alfred_rrp_initial,2022-09-27,2327.111
RRPONTSYD,alfred_rrp_initial,2022-09-28,2366.798
RRPONTSYD,alfred_rrp_initial,2022-09-29,2371.763
RRPONTSYD,alfred_rrp_initial,2022-09-30,2425.91
RRPONTSYD,alfred_rrp_initial,2022-10-03,2252.523
RRPONTSYD,alfred_rrp_initial,2022-10-04,2233.616
RRPONTSYD,alfred_rrp_initial,2022-10-05,2230.799
RRPONTSYD,alfred_rrp_initial,2022-10-06,2232.801
RRPONTSYD,alfred_rrp_initial,2022-10-07,2226.95
RRPONTSYD,alfred_rrp_initial,2022-10-11,2222.479
RRPONTSYD,alfred_rrp_initial,2022-10-12,2247.206
RRPONTSYD,alfred_rrp_initial,2022-10-13,2244.1
RRPONTSYD,alfred_rrp_initial,2022-10-14,2222.052
RRPONTSYD,alfred_rrp_initial,2022-10-17,2172.301
RRPONTSYD,alfred_rrp_initial,2022-10-18,2226.725
RRPONTSYD,alfred_rrp_initial,2022-10-19,2241.835
RRPONTSYD,alfred_rrp_initial,2022-10-20,2234.071
RRPONTSYD,alfred_rrp_initial,2022-10-21,2265.809
RRPONTSYD,alfred_rrp_initial,2022-10-24,2242.044
RRPONTSYD,alfred_rrp_initial,2022-10-25,2195.616
RRPONTSYD,alfred_rrp_initial,2022-10-26,2186.856
RRPONTSYD,alfred_rrp_initial,2022-10-27,2152.485
RRPONTSYD,alfred_rrp_initial,2022-10-28,2183.29
RRPONTSYD,alfred_rrp_initial,2022-10-31,2275.459
RRPONTSYD,alfred_rrp_initial,2022-11-01,2200.51
RRPONTSYD,alfred_rrp_initial,2022-11-02,2229.861
RRPONTSYD,alfred_rrp_initial,2022-11-03,2219.791
RRPONTSYD,alfred_rrp_initial,2022-11-04,2230.84
RRPONTSYD,alfred_rrp_initial,2022-11-07,2241.317
RRPONTSYD,alfred_rrp_initial,2022-11-08,2232.555
RRPONTSYD,alfred_rrp_initial,2022-11-09,2237.812
RRPONTSYD,alfred_rrp_initial,2022-11-10,2200.586
RRPONTSYD,alfred_rrp_initial,2022-11-14,2165.018
RRPONTSYD,alfred_rrp_initial,2022-11-15,2086.574
RRPONTSYD,alfred_rrp_initial,2022-11-16,2099.07
RRPONTSYD,alfred_rrp_initial,2022-11-17,2114.439
RRPONTSYD,alfred_rrp_initial,2022-11-18,2113.413
RRPONTSYD,alfred_rrp_initial,2022-11-21,2125.426
RRPONTSYD,alfred_rrp_initial,2022-11-22,2103.932
RRPONTSYD,alfred_rrp_initial,2022-11-23,2069.174
RRPONTSYD,alfred_rrp_initial,2022-11-25,2031.066
RRPONTSYD,alfred_rrp_initial,2022-11-28,2054.914
RRPONTSYD,alfred_rrp_initial,2022-11-29,2064.377
RRPONTSYD,alfred_rrp_initial,2022-11-30,2115.913
RRPONTSYD,alfred_rrp_initial,2022-12-01,2050.286
RRPONTSYD,alfred_rrp_initial,2022-12-02,2049.763
RRPONTSYD,alfred_rrp_initial,2022-12-05,2093.647
RRPONTSYD,alfred_rrp_initial,2022-12-06,2111.465
RRPONTSYD,alfred_rrp_initial,2022-12-07,2151.549
RRPONTSYD,alfred_rrp_initial,2022-12-08,2175.973
RRPONTSYD,alfred_rrp_initial,2022-12-09,2146.748
RRPONTSYD,alfred_rrp_initial,2022-12-12,2158.517
RRPONTSYD,alfred_rrp_initial,2022-12-13,2180.676
RRPONTSYD,alfred_rrp_initial,2022-12-14,2192.864
RRPONTSYD,alfred_rrp_initial,2022-12-15,2123.995
RRPONTSYD,alfred_rrp_initial,2022-12-16,2126.54
RRPONTSYD,alfred_rrp_initial,2022-12-19,2134.765
RRPONTSYD,alfred_rrp_initial,2022-12-20,2159.408
RRPONTSYD,alfred_rrp_initial,2022-12-21,2206.965
RRPONTSYD,alfred_rrp_initial,2022-12-22,2222.898
RRPONTSYD,alfred_rrp_initial,2022-12-23,2216.348
RRPONTSYD,alfred_rrp_initial,2022-12-27,2221.259
RRPONTSYD,alfred_rrp_initial,2022-12-28,2293.003
RRPONTSYD,alfred_rrp_initial,2022-12-29,2308.319
RRPONTSYD,alfred_rrp_initial,2022-12-30,2553.716
RRPONTSYD,alfred_rrp_initial,2023-01-03,2188.272
RRPONTSYD,alfred_rrp_initial,2023-01-04,2229.542
RRPONTSYD,alfred_rrp_initial,2023-01-05,2242.486
RRPONTSYD,alfred_rrp_initial,2023-01-06,2208.265
RRPONTSYD,alfred_rrp_initial,2023-01-09,2199.121
RRPONTSYD,alfred_rrp_initial,2023-01-10,2192.942
RRPONTSYD,alfred_rrp_initial,2023-01-11,2199.17
RRPONTSYD,alfred_rrp_initial,2023-01-12,2202.989
RRPONTSYD,alfred_rrp_initial,2023-01-13,2179.781
RRPONTSYD,alfred_rrp_initial,2023-01-17,2093.328
RRPONTSYD,alfred_rrp_initial,2023-01-18,2131.678
RRPONTSYD,alfred_rrp_initial,2023-01-19,2110.145
RRPONTSYD,alfred_rrp_initial,2023-01-20,2090.523
RRPONTSYD,alfred_rrp_initial,2023-01-23,2135.499
RRPONTSYD,alfred_rrp_initial,2023-01-24,2048.386
RRPONTSYD,alfred_rrp_initial,2023-01-25,2031.561
RRPONTSYD,alfred_rrp_initial,2023-01-26,2024.069
RRPONTSYD,alfred_rrp_initial,2023-01-27,2003.634
RRPONTSYD,alfred_rrp_initial,2023-01-30,2048.714
RRPONTSYD,alfred_rrp_initial,2023-01-31,2061.572
RRPONTSYD,alfred_rrp_initial,2023-02-01,2038.262
RRPONTSYD,alfred_rrp_initial,2023-02-02,2050.063
RRPONTSYD,alfred_rrp_initial,2023-02-03,2041.217
RRPONTSYD,alfred_rrp_initial,2023-02-06,2072.261
RRPONTSYD,alfred_rrp_initial,2023-02-07,2057.958
RRPONTSYD,alfred_rrp_initial,2023-02-08,2059.604
RRPONTSYD,alfred_rrp_initial,2023-02-09,2058.942
RRPONTSYD,alfred_rrp_initial,2023-02-10,2042.893
RRPONTSYD,alfred_rrp_initial,2023-02-13,2107.775
RRPONTSYD,alfred_rrp_initial,2023-02-14,2076.548
RRPONTSYD,alfred_rrp_initial,2023-02-15,2011.998
RRPONTSYD,alfred_rrp_initial,2023-02-16,2032.457
RRPONTSYD,alfred_rrp_initial,2023-02-17,2059.662
RRPONTSYD,alfred_rrp_initial,2023-02-21,2046.064
RRPONTSYD,alfred_rrp_initial,2023-02-22,2113.849
RRPONTSYD,alfred_rrp_initial,2023-02-23,2147.417
RRPONTSYD,alfred_rrp_initial,2023-02-24,2142.141
RRPONTSYD,alfred_rrp_initial,2023-02-27,2162.435
RRPONTSYD,alfred_rrp_initial,2023-02-28,2188.035
RRPONTSYD,alfred_rrp_initial,2023-03-01,2133.95
RRPONTSYD,alfred_rrp_initial,2023-03-02,2192.355
RRPONTSYD,alfred_rrp_initial,2023-03-03,2186.15
RRPONTSYD,alfred_rrp_initial,2023-03-06,2190.793
RRPONTSYD,alfred_rrp_initial,2023-03-07,2170.195
RRPONTSYD,alfred_rrp_initial,2023-03-08,2193.237
RRPONTSYD,alfred_rrp_initial,2023-03-09,2229.623
RRPONTSYD,alfred_rrp_initial,2023-03-10,2188.375
RRPONTSYD,alfred_rrp_initial,2023-03-13,2126.677
RRPONTSYD,alfred_rrp_initial,2023-03-14,2042.579
RRPONTSYD,alfred_rrp_initial,2023-03-15,2055.823
RRPONTSYD,alfred_rrp_initial,2023-03-16,2066.319
RRPONTSYD,alfred_rrp_initial,2023-03-17,2106.166
RRPONTSYD,alfred_rrp_initial,2023-03-20,2098.393
RRPONTSYD,alfred_rrp_initial,2023-03-21,2194.631
RRPONTSYD,alfred_rrp_initial,2023-03-22,2279.608
RRPONTSYD,alfred_rrp_initial,2023-03-23,2233.956
RRPONTSYD,alfred_rrp_initial,2023-03-24,2218.458
RRPONTSYD,alfred_rrp_initial,2023-03-27,2220.131
RRPONTSYD,alfred_rrp_initial,2023-03-28,2231.749
RRPONTSYD,alfred_rrp_initial,2023-03-29,2264.862
RRPONTSYD,alfred_rrp_initial,2023-03-30,2271.531
RRPONTSYD,alfred_rrp_initial,2023-03-31,2375.171
RRPONTSYD,alfred_rrp_initial,2023-04-03,2221.01
RRPONTSYD,alfred_rrp_initial,2023-04-04,2219.375
RRPONTSYD,alfred_rrp_initial,2023-04-05,2243.011
RRPONTSYD,alfred_rrp_initial,2023-04-06,2173.663
RRPONTSYD,alfred_rrp_initial,2023-04-10,2239.655
RRPONTSYD,alfred_rrp_initial,2023-04-11,2297.208
RRPONTSYD,alfred_rrp_initial,2023-04-12,2303.862
RRPONTSYD,alfred_rrp_initial,2023-04-13,2321.699
RRPONTSYD,alfred_rrp_initial,2023-04-14,2253.786
RRPONTSYD,alfred_rrp_initial,2023-04-17,2256.845
RRPONTSYD,alfred_rrp_initial,2023-04-18,2238.994
RRPONTSYD,alfred_rrp_initial,2023-04-19,2294.677
RRPONTSYD,alfred_rrp_initial,2023-04-20,2277.259
RRPONTSYD,alfred_rrp_initial,2023-04-21,2290.023
RRPONTSYD,alfred_rrp_initial,2023-04-24,2308.538
RRPONTSYD,alfred_rrp_initial,2023-04-25,2275.402
RRPONTSYD,alfred_rrp_initial,2023-04-26,2279.561
RRPONTSYD,alfred_rrp_initial,2023-04-27,2273.926
RRPONTSYD,alfred_rrp_initial,2023-04-28,2325.479
RRPONTSYD,alfred_rrp_initial,2023-05-01,2239.866
RRPONTSYD,alfred_rrp_initial,2023-05-02,2267.13
RRPONTSYD,alfred_rrp_initial,2023-05-03,2258.222
RRPONTSYD,alfred_rrp_initial,2023-05-04,2242.399
RRPONTSYD,alfred_rrp_initial,2023-05-05,2207.415
RRPONTSYD,alfred_rrp_initial,2023-05-08,2217.601
RRPONTSYD,alfred_rrp_initial,2023-05-09,2222.864
RRPONTSYD,alfred_rrp_initial,2023-05-10,2233.149
RRPONTSYD,alfred_rrp_initial,2023-05-11,2242.243
RRPONTSYD,alfred_rrp_initial,2023-05-12,2229.199
RRPONTSYD,alfred_rrp_initial,2023-05-15,2220.927
RRPONTSYD,alfred_rrp_initial,2023-05-16,2203.214
RRPONTSYD,alfred_rrp_initial,2023-05-17,2213.676
RRPONTSYD,alfred_rrp_initial,2023-05-18,2238.266
RRPONTSYD,alfred_rrp_initial,2023-05-19,2276.72
RRPONTSYD,alfred_rrp_initial,2023-05-22,2275.311
RRPONTSYD,alfred_rrp_initial,2023-05-23,2256.689
RRPONTSYD,alfred_rrp_initial,2023-05-24,2250.709
RRPONTSYD,alfred_rrp_initial,2023-05-25,2197.638
RRPONTSYD,alfred_rrp_initial,2023-05-26,2189.681
RRPONTSYD,alfred_rrp_initial,2023-05-30,2200.479
RRPONTSYD,alfred_rrp_initial,2023-05-31,2254.859
RRPONTSYD,alfred_rrp_initial,2023-06-01,2160.055
RRPONTSYD,alfred_rrp_initial,2023-06-02,2142.102
RRPONTSYD,alfred_rrp_initial,2023-06-05,2131.417
RRPONTSYD,alfred_rrp_initial,2023-06-06,2134.638
RRPONTSYD,alfred_rrp_initial,2023-06-07,2161.556
RRPONTSYD,alfred_rrp_initial,2023-06-08,2141.798
RRPONTSYD,alfred_rrp_initial,2023-06-09,2127.652
RRPONTSYD,alfred_rrp_initial,2023-06-12,2126.87
RRPONTSYD,alfred_rrp_initial,2023-06-13,2074.52
RRPONTSYD,alfred_rrp_initial,2023-06-14,2109.105
RRPONTSYD,alfred_rrp_initial,2023-06-15,1992.14
RRPONTSYD,alfred_rrp_initial,2023-06-16,2011.556
RRPONTSYD,alfred_rrp_initial,2023-06-20,1989.489
RRPONTSYD,alfred_rrp_initial,2023-06-21,2037.102
RRPONTSYD,alfred_rrp_initial,2023-06-22,1994.711
RRPONTSYD,alfred_rrp_initial,2023-06-23,1969.38
RRPONTSYD,alfred_rrp_initial,2023-06-26,1961.027
RRPONTSYD,alfred_rrp_initial,2023-06-27,1951.098
RRPONTSYD,alfred_rrp_initial,2023-06-28,1945.211
RRPONTSYD,alfred_rrp_initial,2023-06-29,1934.684
RRPONTSYD,alfred_rrp_initial,2023-06-30,2034.319
RRPONTSYD,alfred_rrp_initial,2023-07-03,1909.639
RRPONTSYD,alfred_rrp_initial,2023-07-05,1867.061
RRPONTSYD,alfred_rrp_initial,2023-07-06,1854.256
RRPONTSYD,alfred_rrp_initial,2023-07-07,1822.303
RRPONTSYD,alfred_rrp_initial,2023-07-10,1811.981
RRPONTSYD,alfred_rrp_initial,2023-07-11,1775.796
RRPONTSYD,alfred_rrp_initial,2023-07-12,1820.146
RRPONTSYD,alfred_rrp_initial,2023-07-13,1767.432
RRPONTSYD,alfred_rrp_initial,2023-07-14,1740.777
RRPONTSYD,alfred_rrp_initial,2023-07-17,1728.322
RRPONTSYD,alfred_rrp_initial,2023-07-18,1716.862
RRPONTSYD,alfred_rrp_initial,2023-07-19,1732.804
RRPONTSYD,alfred_rrp_initial,2023-07-20,1721.001
RRPONTSYD,alfred_rrp_initial,2023-07-21,1770.752
RRPONTSYD,alfred_rrp_initial,2023-07-24,1770.867
RRPONTSYD,alfred_rrp_initial,2023-07-25,1720.716
RRPONTSYD,alfred_rrp_initial,2023-07-26,1749.733
RRPONTSYD,alfred_rrp_initial,2023-07-27,1735.783
RRPONTSYD,alfred_rrp_initial,2023-07-28,1730.227
RRPONTSYD,alfred_rrp_initial,2023-07-31,1821.124
RRPONTSYD,alfred_rrp_initial,2023-08-01,1739.554
RRPONTSYD,alfred_rrp_initial,2023-08-02,1770.186
RRPONTSYD,alfred_rrp_initial,2023-08-03,1776.774
RRPONTSYD,alfred_rrp_initial,2023-08-04,1793.804
RRPONTSYD,alfred_rrp_initial,2023-08-07,1810.583
RRPONTSYD,alfred_rrp_initial,2023-08-08,1778.351
RRPONTSYD,alfred_rrp_initial,2023-08-09,1796.519
RRPONTSYD,alfred_rrp_initial,2023-08-10,1759.897
RRPONTSYD,alfred_rrp_initial,2023-08-11,1773.236
RRPONTSYD,alfred_rrp_initial,2023-08-14,1799.311
RRPONTSYD,alfred_rrp_initial,2023-08-15,1743.784
RRPONTSYD,alfred_rrp_initial,2023-08-16,1796.725
RRPONTSYD,alfred_rrp_initial,2023-08-17,1794.12
RRPONTSYD,alfred_rrp_initial,2023-08-18,1819.201
RRPONTSYD,alfred_rrp_initial,2023-08-21,1824.788
RRPONTSYD,alfred_rrp_initial,2023-08-22,1812.294
RRPONTSYD,alfred_rrp_initial,2023-08-23,1816.533
RRPONTSYD,alfred_rrp_initial,2023-08-24,1731.623
RRPONTSYD,alfred_rrp_initial,2023-08-25,1687.379
RRPONTSYD,alfred_rrp_initial,2023-08-28,1708.605
RRPONTSYD,alfred_rrp_initial,2023-08-29,1693.278
RRPONTSYD,alfred_rrp_initial,2023-08-30,1696.819
RRPONTSYD,alfred_rrp_initial,2023-08-31,1651.602
RRPONTSYD,alfred_rrp_initial,2023-09-01,1574.065
RRPONTSYD,alfred_rrp_initial,2023-09-05,1568.49
RRPONTSYD,alfred_rrp_initial,2023-09-06,1606.244
RRPONTSYD,alfred_rrp_initial,2023-09-07,1535.289
RRPONTSYD,alfred_rrp_initial,2023-09-08,1525.403
RRPONTSYD,alfred_rrp_initial,2023-09-11,1549.111
RRPONTSYD,alfred_rrp_initial,2023-09-12,1493.781
RRPONTSYD,alfred_rrp_initial,2023-09-13,1546.225
RRPONTSYD,alfred_rrp_initial,2023-09-14,1492.427
RRPONTSYD,alfred_rrp_initial,2023-09-15,1401.403
RRPONTSYD,alfred_rrp_initial,2023-09-18,1452.942
RRPONTSYD,alfred_rrp_initial,2023-09-19,1453.324
RRPONTSYD,alfred_rrp_initial,2023-09-20,1486.984
RRPONTSYD,alfred_rrp_initial,2023-09-21,1454.115
RRPONTSYD,alfred_rrp_initial,2023-09-22,1427.575
RRPONTSYD,alfred_rrp_initial,2023-09-25,1437.31
RRPONTSYD,alfred_rrp_initial,2023-09-26,1438.301
RRPONTSYD,alfred_rrp_initial,2023-09-27,1442.805
RRPONTSYD,alfred_rrp_initial,2023-09-28,1453.366
RRPONTSYD,alfred_rrp_initial,2023-09-29,1557.569
RRPONTSYD,alfred_rrp_initial,2023-10-02,1365.739
RRPONTSYD,alfred_rrp_initial,2023-10-03,1348.465
RRPONTSYD,alfred_rrp_initial,2023-10-04,1342.031
RRPONTSYD,alfred_rrp_initial,2023-10-05,1265.132
RRPONTSYD,alfred_rrp_initial,2023-10-06,1283.461
RRPONTSYD,alfred_rrp_initial,2023-10-10,1222.44
RRPONTSYD,alfred_rrp_initial,2023-10-11,1239.382
RRPONTSYD,alfred_rrp_initial,2023-10-12,1157.319
RRPONTSYD,alfred_rrp_initial,2023-10-13,1151.818
RRPONTSYD,alfred_rrp_initial,2023-10-16,1108.819
RRPONTSYD,alfred_rrp_initial,2023-10-17,1082.502
RRPONTSYD,alfred_rrp_initial,2023-10-18,1150.781
RRPONTSYD,alfred_rrp_initial,2023-10-19,1114.179
RRPONTSYD,alfred_rrp_initial,2023-10-20,1138.756
RRPONTSYD,alfred_rrp_initial,2023-10-23,1157.976
RRPONTSYD,alfred_rrp_initial,2023-10-24,1097.875
RRPONTSYD,alfred_rrp_initial,2023-10-25,1100.617
RRPONTSYD,alfred_rrp_initial,2023-10-26,1089.85
RRPONTSYD,alfred_rrp_initial,2023-10-27,1091.858
RRPONTSYD,alfred_rrp_initial,2023-10-30,1138.035
RRPONTSYD,alfred_rrp_initial,2023-10-31,1137.697
RRPONTSYD,alfred_rrp_initial,2023-11-01,1079.462
RRPONTSYD,alfred_rrp_initial,2023-11-02,1054.986
RRPONTSYD,alfred_rrp_initial,2023-11-03,1071.139
RRPONTSYD,alfred_rrp_initial,2023-11-06,1062.878
RRPONTSYD,alfred_rrp_initial,2023-11-07,1008.685
RRPONTSYD,alfred_rrp_initial,2023-11-08,1024.451
RRPONTSYD,alfred_rrp_initial,2023-11-09,993.314
RRPONTSYD,alfred_rrp_initial,2023-11-10,1032.72
RRPONTSYD,alfred_rrp_initial,2023-11-13,1020.272
RRPONTSYD,alfred_rrp_initial,2023-11-14,988.298
RRPONTSYD,alfred_rrp_initial,2023-11-15,944.241
RRPONTSYD,alfred_rrp_initial,2023-11-16,912.01
RRPONTSYD,alfred_rrp_initial,2023-11-17,935.803
RRPONTSYD,alfred_rrp_initial,2023-11-20,953.088
RRPONTSYD,alfred_rrp_initial,2023-11-21,931.155
RRPONTSYD,alfred_rrp_initial,2023-11-22,931.604
RRPONTSYD,alfred_rrp_initial,2023-11-24,865.907
RRPONTSYD,alfred_rrp_initial,2023-11-27,867.22
RRPONTSYD,alfred_rrp_initial,2023-11-28,873.344
RRPONTSYD,alfred_rrp_initial,2023-11-29,914.187
RRPONTSYD,alfred_rrp_initial,2023-11-30,887.822
RRPONTSYD,alfred_rrp_initial,2023-12-01,768.543
RRPONTSYD,alfred_rrp_initial,2023-12-04,815.847
RRPONTSYD,alfred_rrp_initial,2023-12-05,834.428
RRPONTSYD,alfred_rrp_initial,2023-12-06,846.498
RRPONTSYD,alfred_rrp_initial,2023-12-07,825.734
RRPONTSYD,alfred_rrp_initial,2023-12-08,821.408
RRPONTSYD,alfred_rrp_initial,2023-12-11,838.507
RRPONTSYD,alfred_rrp_initial,2023-12-12,837.803
RRPONTSYD,alfred_rrp_initial,2023-12-13,823.329
RRPONTSYD,alfred_rrp_initial,2023-12-14,769.346
RRPONTSYD,alfred_rrp_initial,2023-12-15,683.254
RRPONTSYD,alfred_rrp_initial,2023-12-18,724.704
RRPONTSYD,alfred_rrp_initial,2023-12-19,773.082
RRPONTSYD,alfred_rrp_initial,2023-12-20,779.143
RRPONTSYD,alfred_rrp_initial,2023-12-21,778.402
RRPONTSYD,alfred_rrp_initial,2023-12-22,772.258
RRPONTSYD,alfred_rrp_initial,2023-12-26,793.937
RRPONTSYD,alfred_rrp_initial,2023-12-27,818.869
RRPONTSYD,alfred_rrp_initial,2023-12-28,829.573
RRPONTSYD,alfred_rrp_initial,2023-12-29,1018.483
RRPONTSYD,alfred_rrp_initial,2024-01-02,704.864
RRPONTSYD,alfred_rrp_initial,2024-01-03,719.897
RRPONTSYD,alfred_rrp_initial,2024-01-04,664.899
RRPONTSYD,alfred_rrp_initial,2024-01-05,694.478
RRPONTSYD,alfred_rrp_initial,2024-01-08,691.485
RRPONTSYD,alfred_rrp_initial,2024-01-09,676.05
RRPONTSYD,alfred_rrp_initial,2024-01-10,679.961
RRPONTSYD,alfred_rrp_initial,2024-01-11,626.37
RRPONTSYD,alfred_rrp_initial,2024-01-12,603.116
RRPONTSYD,alfred_rrp_initial,2024-01-16,583.103
RRPONTSYD,alfred_rrp_initial,2024-01-17,590.191
RRPONTSYD,alfred_rrp_initial,2024-01-18,618.234
RRPONTSYD,alfred_rrp_initial,2024-01-19,625.182
RRPONTSYD,alfred_rrp_initial,2024-01-22,647.103
RRPONTSYD,alfred_rrp_initial,2024-01-23,621.195
RRPONTSYD,alfred_rrp_initial,2024-01-24,639.56
RRPONTSYD,alfred_rrp_initial,2024-01-25,557.687
RRPONTSYD,alfred_rrp_initial,2024-01-26,570.828
RRPONTSYD,alfred_rrp_initial,2024-01-29,581.41
RRPONTSYD,alfred_rrp_initial,2024-01-30,577.755
RRPONTSYD,alfred_rrp_initial,2024-01-31,615.379
RRPONTSYD,alfred_rrp_initial,2024-02-01,503.548
RRPONTSYD,alfred_rrp_initial,2024-02-02,513.422
RRPONTSYD,alfred_rrp_initial,2024-02-05,552.289
RRPONTSYD,alfred_rrp_initial,2024-02-06,532.439
RRPONTSYD,alfred_rrp_initial,2024-02-07,553.055
RRPONTSYD,alfred_rrp_initial,2024-02-08,535.705
RRPONTSYD,alfred_rrp_initial,2024-02-09,569.175
RRPONTSYD,alfred_rrp_initial,2024-02-12,581.568
RRPONTSYD,alfred_rrp_initial,2024-02-13,553.684
RRPONTSYD,alfred_rrp_initial,2024-02-14,575.332
RRPONTSYD,alfred_rrp_initial,2024-02-15,493.065
RRPONTSYD,alfred_rrp_initial,2024-02-16,532.125
RRPONTSYD,alfred_rrp_initial,2024-02-20,530.879
RRPONTSYD,alfred_rrp_initial,2024-02-21,574.882
RRPONTSYD,alfred_rrp_initial,2024-02-22,553.245
RRPONTSYD,alfred_rrp_initial,2024-02-23,520.107
RRPONTSYD,alfred_rrp_initial,2024-02-26,524.959
RRPONTSYD,alfred_rrp_initial,2024-02-27,519.725
RRPONTSYD,alfred_rrp_initial,2024-02-28,569.855
RRPONTSYD,alfred_rrp_initial,2024-02-29,502.074
RRPONTSYD,alfred_rrp_initial,2024-03-01,441.265
RRPONTSYD,alfred_rrp_initial,2024-03-04,439.793
RRPONTSYD,alfred_rrp_initial,2024-03-05,444.474
RRPONTSYD,alfred_rrp_initial,2024-03-06,456.847
RRPONTSYD,alfred_rrp_initial,2024-03-07,436.754
RRPONTSYD,alfred_rrp_initial,2024-03-08,444.803
RRPONTSYD,alfred_rrp_initial,2024-03-11,478.728
RRPONTSYD,alfred_rrp_initial,2024-03-12,476.862
RRPONTSYD,alfred_rrp_initial,2024-03-13,521.738
RRPONTSYD,alfred_rrp_initial,2024-03-14,483.573
RRPONTSYD,alfred_rrp_initial,2024-03-15,413.877
RRPONTSYD,alfred_rrp_initial,2024-03-18,440.596
RRPONTSYD,alfred_rrp_initial,2024-03-19,446.978
RRPONTSYD,alfred_rrp_initial,2024-03-20,496.245
RRPONTSYD,alfred_rrp_initial,2024-03-21,460.631
RRPONTSYD,alfred_rrp_initial,2024-03-22,478.531
RRPONTSYD,alfred_rrp_initial,2024-03-25,473.787
RRPONTSYD,alfred_rrp_initial,2024-03-26,496.062
RRPONTSYD,alfred_rrp_initial,2024-03-27,518.357
RRPONTSYD,alfred_rrp_initial,2024-03-28,594.428
RRPONTSYD,alfred_rrp_initial,2024-04-01,441.903
RRPONTSYD,alfred_rrp_initial,2024-04-02,448.424
RRPONTSYD,alfred_rrp_initial,2024-04-03,436.631
RRPONTSYD,alfred_rrp_initial,2024-04-04,438.764
RRPONTSYD,alfred_rrp_initial,2024-04-05,438.319
RRPONTSYD,alfred_rrp_initial,2024-04-08,448.597
RRPONTSYD,alfred_rrp_initial,2024-04-09,441.792
RRPONTSYD,alfred_rrp_initial,2024-04-10,445.816
RRPONTSYD,alfred_rrp_initial,2024-04-11,455.361
RRPONTSYD,alfred_rrp_initial,2024-04-12,407.322
RRPONTSYD,alfred_rrp_initial,2024-04-15,327.066
RRPONTSYD,alfred_rrp_initial,2024-04-16,371.554
RRPONTSYD,alfred_rrp_initial,2024-04-17,440.508
RRPONTSYD,alfred_rrp_initial,2024-04-18,433.006
RRPONTSYD,alfred_rrp_initial,2024-04-19,397.234
RRPONTSYD,alfred_rrp_initial,2024-04-22,409.816
RRPONTSYD,alfred_rrp_initial,2024-04-23,435.88
RRPONTSYD,alfred_rrp_initial,2024-04-24,441.215
RRPONTSYD,alfred_rrp_initial,2024-04-25,443.928
RRPONTSYD,alfred_rrp_initial,2024-04-26,464.912
RRPONTSYD,alfred_rrp_initial,2024-04-29,505.53
RRPONTSYD,alfred_rrp_initial,2024-04-30,534.234
RRPONTSYD,alfred_rrp_initial,2024-05-01,438.148
RRPONTSYD,alfred_rrp_initial,2024-05-02,428.68
RRPONTSYD,alfred_rrp_initial,2024-05-03,450.165
RRPONTSYD,alfred_rrp_initial,2024-05-06,468.97
RRPONTSYD,alfred_rrp_initial,2024-05-07,475.325
RRPONTSYD,alfred_rrp_initial,2024-05-08,493.427
RRPONTSYD,alfred_rrp_initial,2024-05-09,458.55
RRPONTSYD,alfred_rrp_initial,2024-05-10,486.434
RRPONTSYD,alfred_rrp_initial,2024-05-13,492.068
RRPONTSYD,alfred_rrp_initial,2024-05-14,468.344
RRPONTSYD,alfred_rrp_initial,2024-05-15,443.779
RRPONTSYD,alfred_rrp_initial,2024-05-16,410.121
RRPONTSYD,alfred_rrp_initial,2024-05-17,449.373
RRPONTSYD,alfred_rrp_initial,2024-05-20,489.728
RRPONTSYD,alfred_rrp_initial,2024-05-21,491.72
RRPONTSYD,alfred_rrp_initial,2024-05-22,496.382
RRPONTSYD,alfred_rrp_initial,2024-05-23,467.398
RRPONTSYD,alfred_rrp_initial,2024-05-24,431.239
RRPONTSYD,alfred_rrp_initial,2024-05-28,417.836
RRPONTSYD,alfred_rrp_initial,2024-05-29,459.314
RRPONTSYD,alfred_rrp_initial,2024-05-30,452.034
RRPONTSYD,alfred_rrp_initial,2024-05-31,439.806
RRPONTSYD,alfred_rrp_initial,2024-06-03,387.069
RRPONTSYD,alfred_rrp_initial,2024-06-04,377.825
RRPONTSYD,alfred_rrp_initial,2024-06-05,371.841
RRPONTSYD,alfred_rrp_initial,2024-06-06,378.125
RRPONTSYD,alfred_rrp_initial,2024-06-07,395.462
RRPONTSYD,alfred_rrp_initial,2024-06-10,416.481
RRPONTSYD,alfred_rrp_initial,2024-06-11,410.449
RRPONTSYD,alfred_rrp_initial,2024-06-12,447.574
RRPONTSYD,alfred_rrp_initial,2024-06-13,429.864
RRPONTSYD,alfred_rrp_initial,2024-06-14,386.885
RRPONTSYD,alfred_rrp_initial,2024-06-17,333.429
RRPONTSYD,alfred_rrp_initial,2024-06-18,375.542
RRPONTSYD,alfred_rrp_initial,2024-06-20,388.841
RRPONTSYD,alfred_rrp_initial,2024-06-21,421.04
RRPONTSYD,alfred_rrp_initial,2024-06-24,435.916
RRPONTSYD,alfred_rrp_initial,2024-06-25,466.31
RRPONTSYD,alfred_rrp_initial,2024-06-26,490.156
RRPONTSYD,alfred_rrp_initial,2024-06-27,531.692
RRPONTSYD,alfred_rrp_initial,2024-06-28,664.57
RRPONTSYD,alfred_rrp_initial,2024-07-01,451.783
RRPONTSYD,alfred_rrp_initial,2024-07-02,443.369
RRPONTSYD,alfred_rrp_initial,2024-07-03,425.898
RRPONTSYD,alfred_rrp_initial,2024-07-05,390.632
RRPONTSYD,alfred_rrp_initial,2024-07-08,415.257
RRPONTSYD,alfred_rrp_initial,2024-07-09,423.152
RRPONTSYD,alfred_rrp_initial,2024-07-10,422.147
RRPONTSYD,alfred_rrp_initial,2024-07-11,403.708
RRPONTSYD,alfred_rrp_initial,2024-07-12,406.59
RRPONTSYD,alfred_rrp_initial,2024-07-15,413.28
RRPONTSYD,alfred_rrp_initial,2024-07-16,409.594
RRPONTSYD,alfred_rrp_initial,2024-07-17,399.401
RRPONTSYD,alfred_rrp_initial,2024-07-18,391.652
RRPONTSYD,alfred_rrp_initial,2024-07-19,379.801
RRPONTSYD,alfred_rrp_initial,2024-07-22,395.901
RRPONTSYD,alfred_rrp_initial,2024-07-23,389.837
RRPONTSYD,alfred_rrp_initial,2024-07-24,399.121
RRPONTSYD,alfred_rrp_initial,2024-07-25,377.433
RRPONTSYD,alfred_rrp_initial,2024-07-26,381.257
RRPONTSYD,alfred_rrp_initial,2024-07-29,385.281
RRPONTSYD,alfred_rrp_initial,2024-07-30,367.054
RRPONTSYD,alfred_rrp_initial,2024-07-31,413.2
RRPONTSYD,alfred_rrp_initial,2024-08-01,348.885
RRPONTSYD,alfred_rrp_initial,2024-08-02,338.473
RRPONTSYD,alfred_rrp_initial,2024-08-05,316.246
RRPONTSYD,alfred_rrp_initial,2024-08-06,291.958
RRPONTSYD,alfred_rrp_initial,2024-08-07,286.66
RRPONTSYD,alfred_rrp_initial,2024-08-08,303.159
RRPONTSYD,alfred_rrp_initial,2024-08-09,312.198
RRPONTSYD,alfred_rrp_initial,2024-08-12,328.641
RRPONTSYD,alfred_rrp_initial,2024-08-13,324.494
RRPONTSYD,alfred_rrp_initial,2024-08-14,328.472
RRPONTSYD,alfred_rrp_initial,2024-08-15,307.141
RRPONTSYD,alfred_rrp_initial,2024-08-16,330.317
RRPONTSYD,alfred_rrp_initial,2024-08-19,333.583
RRPONTSYD,alfred_rrp_initial,2024-08-20,310.819
RRPONTSYD,alfred_rrp_initial,2024-08-21,321.329
RRPONTSYD,alfred_rrp_initial,2024-08-22,316.777
RRPONTSYD,alfred_rrp_initial,2024-08-23,312.896
RRPONTSYD,alfred_rrp_initial,2024-08-26,353.557
RRPONTSYD,alfred_rrp_initial,2024-08-27,344.045
RRPONTSYD,alfred_rrp_initial,2024-08-28,388.89
RRPONTSYD,alfred_rrp_initial,2024-08-29,383.434
RRPONTSYD,alfred_rrp_initial,2024-08-30,433.13
RRPONTSYD,alfred_rrp_initial,2024-09-03,349.808
RRPONTSYD,alfred_rrp_initial,2024-09-04,337.312
RRPONTSYD,alfred_rrp_initial,2024-09-05,291.091
RRPONTSYD,alfred_rrp_initial,2024-09-06,299.271
RRPONTSYD,alfred_rrp_initial,2024-09-09,292.158
RRPONTSYD,alfred_rrp_initial,2024-09-10,281.392
RRPONTSYD,alfred_rrp_initial,2024-09-11,279.215
RRPONTSYD,alfred_rrp_initial,2024-09-12,294.464
RRPONTSYD,alfred_rrp_initial,2024-09-13,284.951
RRPONTSYD,alfred_rrp_initial,2024-09-16,239.386
RRPONTSYD,alfred_rrp_initial,2024-09-17,256.337
RRPONTSYD,alfred_rrp_initial,2024-09-18,305.831
RRPONTSYD,alfred_rrp_initial,2024-09-19,311.777
RRPONTSYD,alfred_rrp_initial,2024-09-20,339.316
RRPONTSYD,alfred_rrp_initial,2024-09-23,380.372
RRPONTSYD,alfred_rrp_initial,2024-09-24,388.977
RRPONTSYD,alfred_rrp_initial,2024-09-25,416.193
RRPONTSYD,alfred_rrp_initial,2024-09-26,424.916
RRPONTSYD,alfred_rrp_initial,2024-09-27,436.518
RRPONTSYD,alfred_rrp_initial,2024-09-30,465.638
RRPONTSYD,alfred_rrp_initial,2024-10-01,375.221
RRPONTSYD,alfred_rrp_initial,2024-10-02,383.398
RRPONTSYD,alfred_rrp_initial,2024-10-03,341.248
RRPONTSYD,alfred_rrp_initial,2024-10-04,330.012
RRPONTSYD,alfred_rrp_initial,2024-10-07,322.948
RRPONTSYD,alfred_rrp_initial,2024-10-08,325.355
RRPONTSYD,alfred_rrp_initial,2024-10-09,343.448
RRPONTSYD,alfred_rrp_initial,2024-10-10,322.587
RRPONTSYD,alfred_rrp_initial,2024-10-11,331.735
RRPONTSYD,alfred_rrp_initial,2024-10-15,286.398
RRPONTSYD,alfred_rrp_initial,2024-10-16,272.028
RRPONTSYD,alfred_rrp_initial,2024-10-17,262.21
RRPONTSYD,alfred_rrp_initial,2024-10-18,259.892
RRPONTSYD,alfred_rrp_initial,2024-10-21,261.044
RRPONTSYD,alfred_rrp_initial,2024-10-22,237.76
RRPONTSYD,alfred_rrp_initial,2024-10-23,270.839
RRPONTSYD,alfred_rrp_initial,2024-10-24,202.798
RRPONTSYD,alfred_rrp_initial,2024-10-25,227.0
RRPONTSYD,alfred_rrp_initial,2024-10-28,251.032
RRPONTSYD,alfred_rrp_initial,2024-10-29,244.841
RRPONTSYD,alfred_rrp_initial,2024-10-30,228.946
RRPONTSYD,alfred_rrp_initial,2024-10-31,201.278
RRPONTSYD,alfred_rrp_initial,2024-11-01,155.476
RRPONTSYD,alfred_rrp_initial,2024-11-04,171.885
RRPONTSYD,alfred_rrp_initial,2024-11-05,144.243
RRPONTSYD,alfred_rrp_initial,2024-11-06,177.871
RRPONTSYD,alfred_rrp_initial,2024-11-07,159.002
RRPONTSYD,alfred_rrp_initial,2024-11-08,163.621
RRPONTSYD,alfred_rrp_initial,2024-11-12,178.814
RRPONTSYD,alfred_rrp_initial,2024-11-13,238.106
RRPONTSYD,alfred_rrp_initial,2024-11-14,214.509
RRPONTSYD,alfred_rrp_initial,2024-11-15,172.4
RRPONTSYD,alfred_rrp_initial,2024-11-18,200.03
RRPONTSYD,alfred_rrp_initial,2024-11-19,200.664
RRPONTSYD,alfred_rrp_initial,2024-11-20,217.793
RRPONTSYD,alfred_rrp_initial,2024-11-21,188.567
RRPONTSYD,alfred_rrp_initial,2024-11-22,204.254
RRPONTSYD,alfred_rrp_initial,2024-11-25,186.749
RRPONTSYD,alfred_rrp_initial,2024-11-26,148.823
RRPONTSYD,alfred_rrp_initial,2024-11-27,169.815
RRPONTSYD,alfred_rrp_initial,2024-11-29,197.627
RRPONTSYD,alfred_rrp_initial,2024-12-02,135.858
RRPONTSYD,alfred_rrp_initial,2024-12-03,161.572
RRPONTSYD,alfred_rrp_initial,2024-12-04,162.866
RRPONTSYD,alfred_rrp_initial,2024-12-05,131.964
RRPONTSYD,alfred_rrp_initial,2024-12-06,130.014
RRPONTSYD,alfred_rrp_initial,2024-12-09,153.029
RRPONTSYD,alfred_rrp_initial,2024-12-10,174.842
RRPONTSYD,alfred_rrp_initial,2024-12-11,180.12
RRPONTSYD,alfred_rrp_initial,2024-12-12,165.025
RRPONTSYD,alfred_rrp_initial,2024-12-13,135.777
RRPONTSYD,alfred_rrp_initial,2024-12-16,110.753
RRPONTSYD,alfred_rrp_initial,2024-12-17,118.093
RRPONTSYD,alfred_rrp_initial,2024-12-18,131.651
RRPONTSYD,alfred_rrp_initial,2024-12-19,112.417
RRPONTSYD,alfred_rrp_initial,2024-12-20,98.356
RRPONTSYD,alfred_rrp_initial,2024-12-23,116.004
RRPONTSYD,alfred_rrp_initial,2024-12-24,180.989
RRPONTSYD,alfred_rrp_initial,2024-12-26,196.818
RRPONTSYD,alfred_rrp_initial,2024-12-27,268.739
RRPONTSYD,alfred_rrp_initial,2024-12-30,260.743
RRPONTSYD,alfred_rrp_initial,2024-12-31,473.46
RRPONTSYD,alfred_rrp_initial,2025-01-02,239.858
RRPONTSYD,alfred_rrp_initial,2025-01-03,237.377
RRPONTSYD,alfred_rrp_initial,2025-01-06,231.926
RRPONTSYD,alfred_rrp_initial,2025-01-07,208.296
RRPONTSYD,alfred_rrp_initial,2025-01-08,185.144
RRPONTSYD,alfred_rrp_initial,2025-01-09,168.225
RRPONTSYD,alfred_rrp_initial,2025-01-10,178.8
RRPONTSYD,alfred_rrp_initial,2025-01-13,183.669
RRPONTSYD,alfred_rrp_initial,2025-01-14,160.219
RRPONTSYD,alfred_rrp_initial,2025-01-15,119.977
RRPONTSYD,alfred_rrp_initial,2025-01-16,94.489
RRPONTSYD,alfred_rrp_initial,2025-01-17,118.327
RRPONTSYD,alfred_rrp_initial,2025-01-21,96.015
RRPONTSYD,alfred_rrp_initial,2025-01-22,123.981
RRPONTSYD,alfred_rrp_initial,2025-01-23,132.031
RRPONTSYD,alfred_rrp_initial,2025-01-24,104.972
RRPONTSYD,alfred_rrp_initial,2025-01-27,92.863
RRPONTSYD,alfred_rrp_initial,2025-01-28,112.76
RRPONTSYD,alfred_rrp_initial,2025-01-29,121.842
RRPONTSYD,alfred_rrp_initial,2025-01-30,125.965
RRPONTSYD,alfred_rrp_initial,2025-01-31,187.913
RRPONTSYD,alfred_rrp_initial,2025-02-03,97.781
RRPONTSYD,alfred_rrp_initial,2025-02-04,85.654
RRPONTSYD,alfred_rrp_initial,2025-02-05,78.788
RRPONTSYD,alfred_rrp_initial,2025-02-06,79.983
RRPONTSYD,alfred_rrp_initial,2025-02-07,95.248
RRPONTSYD,alfred_rrp_initial,2025-02-10,99.653
RRPONTSYD,alfred_rrp_initial,2025-02-11,76.446
RRPONTSYD,alfred_rrp_initial,2025-02-12,67.67
RRPONTSYD,alfred_rrp_initial,2025-02-13,67.82
RRPONTSYD,alfred_rrp_initial,2025-02-14,58.77
RRPONTSYD,alfred_rrp_initial,2025-02-18,77.817
RRPONTSYD,alfred_rrp_initial,2025-02-19,73.196
RRPONTSYD,alfred_rrp_initial,2025-02-20,63.207
RRPONTSYD,alfred_rrp_initial,2025-02-21,68.983
RRPONTSYD,alfred_rrp_initial,2025-02-24,76.818
RRPONTSYD,alfred_rrp_initial,2025-02-25,96.0
RRPONTSYD,alfred_rrp_initial,2025-02-26,126.058
RRPONTSYD,alfred_rrp_initial,2025-02-27,182.148
RRPONTSYD,alfred_rrp_initial,2025-02-28,234.422
RRPONTSYD,alfred_rrp_initial,2025-03-03,119.987
RRPONTSYD,alfred_rrp_initial,2025-03-04,135.257
RRPONTSYD,alfred_rrp_initial,2025-03-05,139.493
RRPONTSYD,alfred_rrp_initial,2025-03-06,129.269
RRPONTSYD,alfred_rrp_initial,2025-03-07,136.305
RRPONTSYD,alfred_rrp_initial,2025-03-10,129.054
RRPONTSYD,alfred_rrp_initial,2025-03-11,137.31
RRPONTSYD,alfred_rrp_initial,2025-03-12,131.055
RRPONTSYD,alfred_rrp_initial,2025-03-13,113.435
RRPONTSYD,alfred_rrp_initial,2025-03-14,126.234
RRPONTSYD,alfred_rrp_initial,2025-03-17,89.496
RRPONTSYD,alfred_rrp_initial,2025-03-18,149.503
RRPONTSYD,alfred_rrp_initial,2025-03-19,193.378
RRPONTSYD,alfred_rrp_initial,2025-03-20,192.64
RRPONTSYD,alfred_rrp_initial,2025-03-21,200.85
RRPONTSYD,alfred_rrp_initial,2025-03-24,196.565
RRPONTSYD,alfred_rrp_initial,2025-03-25,214.786
RRPONTSYD,alfred_rrp_initial,2025-03-26,241.371
RRPONTSYD,alfred_rrp_initial,2025-03-27,291.785
RRPONTSYD,alfred_rrp_initial,2025-03-28,286.575
RRPONTSYD,alfred_rrp_initial,2025-03-31,399.167
RRPONTSYD,alfred_rrp_initial,2025-04-01,230.063
RRPONTSYD,alfred_rrp_initial,2025-04-02,233.488
RRPONTSYD,alfred_rrp_initial,2025-04-03,196.265
RRPONTSYD,alfred_rrp_initial,2025-04-04,184.499
RRPONTSYD,alfred_rrp_initial,2025-04-07,148.146
RRPONTSYD,alfred_rrp_initial,2025-04-08,156.911
RRPONTSYD,alfred_rrp_initial,2025-04-09,168.115
RRPONTSYD,alfred_rrp_initial,2025-04-10,129.95
RRPONTSYD,alfred_rrp_initial,2025-04-11,98.531
RRPONTSYD,alfred_rrp_initial,2025-04-14,102.838
RRPONTSYD,alfred_rrp_initial,2025-04-15,88.878
RRPONTSYD,alfred_rrp_initial,2025-04-16,54.772
RRPONTSYD,alfred_rrp_initial,2025-04-17,58.6
RRPONTSYD,alfred_rrp_initial,2025-04-21,114.114
RRPONTSYD,alfred_rrp_initial,2025-04-22,137.951
RRPONTSYD,alfred_rrp_initial,2025-04-23,171.78
RRPONTSYD,alfred_rrp_initial,2025-04-24,130.004
RRPONTSYD,alfred_rrp_initial,2025-04-25,94.021
RRPONTSYD,alfred_rrp_initial,2025-04-28,148.649
RRPONTSYD,alfred_rrp_initial,2025-04-29,157.537
RRPONTSYD,alfred_rrp_initial,2025-04-30,250.601
RRPONTSYD,alfred_rrp_initial,2025-05-01,157.353
RRPONTSYD,alfred_rrp_initial,2025-05-02,147.882
RRPONTSYD,alfred_rrp_initial,2025-05-05,124.69
RRPONTSYD,alfred_rrp_initial,2025-05-06,129.858
RRPONTSYD,alfred_rrp_initial,2025-05-07,154.859
RRPONTSYD,alfred_rrp_initial,2025-05-08,139.768
RRPONTSYD,alfred_rrp_initial,2025-05-09,142.272
RRPONTSYD,alfred_rrp_initial,2025-05-12,147.505
RRPONTSYD,alfred_rrp_initial,2025-05-13,144.214
RRPONTSYD,alfred_rrp_initial,2025-05-14,165.024
RRPONTSYD,alfred_rrp_initial,2025-05-15,109.436
RRPONTSYD,alfred_rrp_initial,2025-05-16,136.799
RRPONTSYD,alfred_rrp_initial,2025-05-19,180.417
RRPONTSYD,alfred_rrp_initial,2025-05-20,136.033
RRPONTSYD,alfred_rrp_initial,2025-05-21,162.802
RRPONTSYD,alfred_rrp_initial,2025-05-22,173.018
RRPONTSYD,alfred_rrp_initial,2025-05-23,154.841
RRPONTSYD,alfred_rrp_initial,2025-05-27,138.066
RRPONTSYD,alfred_rrp_initial,2025-05-28,173.641
RRPONTSYD,alfred_rrp_initial,2025-05-29,165.66
RRPONTSYD,alfred_rrp_initial,2025-05-30,315.657
RRPONTSYD,alfred_rrp_initial,2025-06-02,135.841
RRPONTSYD,alfred_rrp_initial,2025-06-03,153.177
RRPONTSYD,alfred_rrp_initial,2025-06-04,168.882
RRPONTSYD,alfred_rrp_initial,2025-06-05,152.727
RRPONTSYD,alfred_rrp_initial,2025-06-06,149.284
RRPONTSYD,alfred_rrp_initial,2025-06-09,179.315
RRPONTSYD,alfred_rrp_initial,2025-06-10,182.725
RRPONTSYD,alfred_rrp_initial,2025-06-11,204.625
RRPONTSYD,alfred_rrp_initial,2025-06-12,181.417
RRPONTSYD,alfred_rrp_initial,2025-06-13,168.645
RRPONTSYD,alfred_rrp_initial,2025-06-16,140.759
RRPONTSYD,alfred_rrp_initial,2025-06-17,168.939
RRPONTSYD,alfred_rrp_initial,2025-06-18,205.05
RRPONTSYD,alfred_rrp_initial,2025-06-20,138.283
RRPONTSYD,alfred_rrp_initial,2025-06-23,165.319
RRPONTSYD,alfred_rrp_initial,2025-06-24,187.367
RRPONTSYD,alfred_rrp_initial,2025-06-25,210.879
RRPONTSYD,alfred_rrp_initial,2025-06-26,252.432
RRPONTSYD,alfred_rrp_initial,2025-06-27,285.742
RRPONTSYD,alfred_rrp_initial,2025-06-30,460.731
RRPONTSYD,alfred_rrp_initial,2025-07-01,245.53
RRPONTSYD,alfred_rrp_initial,2025-07-02,237.307
RRPONTSYD,alfred_rrp_initial,2025-07-03,214.665
RRPONTSYD,alfred_rrp_initial,2025-07-07,218.03
RRPONTSYD,alfred_rrp_initial,2025-07-08,219.415
RRPONTSYD,alfred_rrp_initial,2025-07-09,227.273
RRPONTSYD,alfred_rrp_initial,2025-07-10,183.339
RRPONTSYD,alfred_rrp_initial,2025-07-11,181.637
RRPONTSYD,alfred_rrp_initial,2025-07-14,217.841
RRPONTSYD,alfred_rrp_initial,2025-07-15,198.277
RRPONTSYD,alfred_rrp_initial,2025-07-16,197.086
RRPONTSYD,alfred_rrp_initial,2025-07-17,193.66
RRPONTSYD,alfred_rrp_initial,2025-07-18,199.298
RRPONTSYD,alfred_rrp_initial,2025-07-21,213.666
RRPONTSYD,alfred_rrp_initial,2025-07-22,196.374
RRPONTSYD,alfred_rrp_initial,2025-07-23,189.632
RRPONTSYD,alfred_rrp_initial,2025-07-24,132.186
RRPONTSYD,alfred_rrp_initial,2025-07-25,150.509
RRPONTSYD,alfred_rrp_initial,2025-07-28,170.463
RRPONTSYD,alfred_rrp_initial,2025-07-29,171.018
RRPONTSYD,alfred_rrp_initial,2025-07-30,155.481
RRPONTSYD,alfred_rrp_initial,2025-07-31,214.445
RRPONTSYD,alfred_rrp_initial,2025-08-01,97.426
RRPONTSYD,alfred_rrp_initial,2025-08-04,125.73
RRPONTSYD,alfred_rrp_initial,2025-08-05,84.356
RRPONTSYD,alfred_rrp_initial,2025-08-06,91.966
RRPONTSYD,alfred_rrp_initial,2025-08-07,77.961
RRPONTSYD,alfred_rrp_initial,2025-08-08,80.303
RRPONTSYD,alfred_rrp_initial,2025-08-11,82.214
RRPONTSYD,alfred_rrp_initial,2025-08-12,57.492
RRPONTSYD,alfred_rrp_initial,2025-08-13,57.202
RRPONTSYD,alfred_rrp_initial,2025-08-14,28.818
RRPONTSYD,alfred_rrp_initial,2025-08-15,33.757
RRPONTSYD,alfred_rrp_initial,2025-08-18,38.24
RRPONTSYD,alfred_rrp_initial,2025-08-19,22.344
RRPONTSYD,alfred_rrp_initial,2025-08-20,34.999
RRPONTSYD,alfred_rrp_initial,2025-08-21,25.358
RRPONTSYD,alfred_rrp_initial,2025-08-22,36.275
RRPONTSYD,alfred_rrp_initial,2025-08-25,47.567
RRPONTSYD,alfred_rrp_initial,2025-08-26,28.574
RRPONTSYD,alfred_rrp_initial,2025-08-27,34.744
RRPONTSYD,alfred_rrp_initial,2025-08-28,31.966
RRPONTSYD,alfred_rrp_initial,2025-08-29,77.898
RRPONTSYD,alfred_rrp_initial,2025-09-02,21.066
RRPONTSYD,alfred_rrp_initial,2025-09-03,17.923
RRPONTSYD,alfred_rrp_initial,2025-09-04,20.128
RRPONTSYD,alfred_rrp_initial,2025-09-05,20.997
RRPONTSYD,alfred_rrp_initial,2025-09-08,19.416
RRPONTSYD,alfred_rrp_initial,2025-09-09,22.915
RRPONTSYD,alfred_rrp_initial,2025-09-10,29.4
RRPONTSYD,alfred_rrp_initial,2025-09-11,26.897
RRPONTSYD,alfred_rrp_initial,2025-09-12,17.331
RRPONTSYD,alfred_rrp_initial,2025-09-15,16.954
RRPONTSYD,alfred_rrp_initial,2025-09-16,18.817
RRPONTSYD,alfred_rrp_initial,2025-09-17,13.963
RRPONTSYD,alfred_rrp_initial,2025-09-18,13.707
RRPONTSYD,alfred_rrp_initial,2025-09-19,11.363
RRPONTSYD,alfred_rrp_initial,2025-09-22,14.173
RRPONTSYD,alfred_rrp_initial,2025-09-23,14.402
RRPONTSYD,alfred_rrp_initial,2025-09-24,29.172
RRPONTSYD,alfred_rrp_initial,2025-09-25,25.369
RRPONTSYD,alfred_rrp_initial,2025-09-26,48.073
RRPONTSYD,alfred_rrp_initial,2025-09-29,56.22
RRPONTSYD,alfred_rrp_initial,2025-09-30,49.071
RRPONTSYD,alfred_rrp_initial,2025-10-01,10.179
RRPONTSYD,alfred_rrp_initial,2025-10-02,8.436
RRPONTSYD,alfred_rrp_initial,2025-10-03,25.392
RRPONTSYD,alfred_rrp_initial,2025-10-06,21.776
RRPONTSYD,alfred_rrp_initial,2025-10-07,4.622
RRPONTSYD,alfred_rrp_initial,2025-10-08,5.231
RRPONTSYD,alfred_rrp_initial,2025-10-09,4.496
RRPONTSYD,alfred_rrp_initial,2025-10-10,4.124
RRPONTSYD,alfred_rrp_initial,2025-10-14,3.516
RRPONTSYD,alfred_rrp_initial,2025-10-15,5.484
RRPONTSYD,alfred_rrp_initial,2025-10-16,6.96
RRPONTSYD,alfred_rrp_initial,2025-10-17,4.102
RRPONTSYD,alfred_rrp_initial,2025-10-20,5.931
RRPONTSYD,alfred_rrp_initial,2025-10-21,4.699
RRPONTSYD,alfred_rrp_initial,2025-10-22,4.005
RRPONTSYD,alfred_rrp_initial,2025-10-23,6.941
RRPONTSYD,alfred_rrp_initial,2025-10-24,2.435
RRPONTSYD,alfred_rrp_initial,2025-10-27,10.642
RRPONTSYD,alfred_rrp_initial,2025-10-28,14.096
RRPONTSYD,alfred_rrp_initial,2025-10-29,19.504
RRPONTSYD,alfred_rrp_initial,2025-10-30,19.166
RRPONTSYD,alfred_rrp_initial,2025-10-31,51.802
RRPONTSYD,alfred_rrp_initial,2025-11-03,23.792
RRPONTSYD,alfred_rrp_initial,2025-11-04,16.983
RRPONTSYD,alfred_rrp_initial,2025-11-05,12.814
RRPONTSYD,alfred_rrp_initial,2025-11-06,10.754
RRPONTSYD,alfred_rrp_initial,2025-11-07,4.903
RRPONTSYD,alfred_rrp_initial,2025-11-10,7.152
RRPONTSYD,alfred_rrp_initial,2025-11-12,5.886
RRPONTSYD,alfred_rrp_initial,2025-11-13,3.761
RRPONTSYD,alfred_rrp_initial,2025-11-14,1.559
RRPONTSYD,alfred_rrp_initial,2025-11-17,3.172
RRPONTSYD,alfred_rrp_initial,2025-11-18,0.905
RRPONTSYD,alfred_rrp_initial,2025-11-19,1.129
RRPONTSYD,alfred_rrp_initial,2025-11-20,6.52
RRPONTSYD,alfred_rrp_initial,2025-11-21,2.503
RRPONTSYD,alfred_rrp_initial,2025-11-24,1.077
RRPONTSYD,alfred_rrp_initial,2025-11-25,2.314
RRPONTSYD,alfred_rrp_initial,2025-11-26,2.217
RRPONTSYD,alfred_rrp_initial,2025-11-28,7.561
RRPONTSYD,alfred_rrp_initial,2025-12-01,3.24
RRPONTSYD,alfred_rrp_initial,2025-12-02,5.62
RRPONTSYD,alfred_rrp_initial,2025-12-03,2.514
RRPONTSYD,alfred_rrp_initial,2025-12-04,2.233
RRPONTSYD,alfred_rrp_initial,2025-12-05,1.485
RRPONTSYD,alfred_rrp_initial,2025-12-08,1.703
RRPONTSYD,alfred_rrp_initial,2025-12-09,3.211
RRPONTSYD,alfred_rrp_initial,2025-12-10,5.045
RRPONTSYD,alfred_rrp_initial,2025-12-11,2.874
RRPONTSYD,alfred_rrp_initial,2025-12-12,0.838
RRPONTSYD,alfred_rrp_initial,2025-12-15,2.601
RRPONTSYD,alfred_rrp_initial,2025-12-16,1.554
RRPONTSYD,alfred_rrp_initial,2025-12-17,10.361
RRPONTSYD,alfred_rrp_initial,2025-12-18,11.708
RRPONTSYD,alfred_rrp_initial,2025-12-19,3.047
RRPONTSYD,alfred_rrp_initial,2025-12-22,1.523
RRPONTSYD,alfred_rrp_initial,2025-12-23,5.893
RRPONTSYD,alfred_rrp_initial,2025-12-24,4.803
RRPONTSYD,alfred_rrp_initial,2025-12-26,20.339
RRPONTSYD,alfred_rrp_initial,2025-12-29,10.551
RRPONTSYD,alfred_rrp_initial,2025-12-30,12.605
RRPONTSYD,alfred_rrp_initial,2025-12-31,105.993
RRPONTSYD,alfred_rrp_initial,2026-01-02,5.667
RRPONTSYD,alfred_rrp_initial,2026-01-05,6.485
RRPONTSYD,alfred_rrp_initial,2026-01-06,2.582
RRPONTSYD,alfred_rrp_initial,2026-01-07,4.582
RRPONTSYD,alfred_rrp_initial,2026-01-08,3.083
RRPONTSYD,alfred_rrp_initial,2026-01-09,3.28
RRPONTSYD,alfred_rrp_initial,2026-01-12,3.402
RRPONTSYD,alfred_rrp_initial,2026-01-13,3.277
RRPONTSYD,alfred_rrp_initial,2026-01-14,3.223
RRPONTSYD,alfred_rrp_initial,2026-01-15,2.003
RRPONTSYD,alfred_rrp_initial,2026-01-16,1.222
RRPONTSYD,alfred_rrp_initial,2026-01-20,3.506
RRPONTSYD,alfred_rrp_initial,2026-01-21,3.344
RRPONTSYD,alfred_rrp_initial,2026-01-22,2.058
RRPONTSYD,alfred_rrp_initial,2026-01-23,0.927
RRPONTSYD,alfred_rrp_initial,2026-01-26,1.489
RRPONTSYD,alfred_rrp_initial,2026-01-27,1.253
RRPONTSYD,alfred_rrp_initial,2026-01-28,1.103
RRPONTSYD,alfred_rrp_initial,2026-01-29,2.852
RRPONTSYD,alfred_rrp_initial,2026-01-30,9.629
RRPONTSYD,alfred_rrp_initial,2026-02-02,10.415
RRPONTSYD,alfred_rrp_initial,2026-02-03,1.785
RRPONTSYD,alfred_rrp_initial,2026-02-04,2.414
RRPONTSYD,alfred_rrp_initial,2026-02-05,1.748
RRPONTSYD,alfred_rrp_initial,2026-02-06,3.111
RRPONTSYD,alfred_rrp_initial,2026-02-09,1.306
RRPONTSYD,alfred_rrp_initial,2026-02-10,1.447
RRPONTSYD,alfred_rrp_initial,2026-02-11,1.048
RRPONTSYD,alfred_rrp_initial,2026-02-12,2.844
RRPONTSYD,alfred_rrp_initial,2026-02-13,0.377
RRPONTSYD,alfred_rrp_initial,2026-02-17,0.441
RRPONTSYD,alfred_rrp_initial,2026-02-18,0.856
RRPONTSYD,alfred_rrp_initial,2026-02-19,0.632
RRPONTSYD,alfred_rrp_initial,2026-02-20,0.496
RRPONTSYD,alfred_rrp_initial,2026-02-23,0.877
RRPONTSYD,alfred_rrp_initial,2026-02-24,0.917
RRPONTSYD,alfred_rrp_initial,2026-02-25,1.159
RRPONTSYD,alfred_rrp_initial,2026-02-26,3.796
RRPONTSYD,alfred_rrp_initial,2026-02-27,16.318
RRPONTSYD,alfred_rrp_initial,2026-03-02,0.627
RRPONTSYD,alfred_rrp_initial,2026-03-03,1.203
RRPONTSYD,alfred_rrp_initial,2026-03-04,0.877
RRPONTSYD,alfred_rrp_initial,2026-03-05,2.793
RRPONTSYD,alfred_rrp_initial,2026-03-06,1.512
RRPONTSYD,alfred_rrp_initial,2026-03-09,0.332
RRPONTSYD,alfred_rrp_initial,2026-03-10,0.278
RRPONTSYD,alfred_rrp_initial,2026-03-11,0.552
RRPONTSYD,alfred_rrp_initial,2026-03-12,0.137
RRPONTSYD,alfred_rrp_initial,2026-03-13,0.427
RRPONTSYD,alfred_rrp_initial,2026-03-16,0.582
RRPONTSYD,alfred_rrp_initial,2026-03-17,0.797
RRPONTSYD,alfred_rrp_initial,2026-03-18,0.698
RRPONTSYD,alfred_rrp_initial,2026-03-19,0.637
RRPONTSYD,alfred_rrp_initial,2026-03-20,0.822
RRPONTSYD,alfred_rrp_initial,2026-03-23,0.857
RRPONTSYD,alfred_rrp_initial,2026-03-24,1.123
RRPONTSYD,alfred_rrp_initial,2026-03-25,0.777
RRPONTSYD,alfred_rrp_initial,2026-03-26,0.885
RRPONTSYD,alfred_rrp_initial,2026-03-27,0.992
RRPONTSYD,alfred_rrp_initial,2026-03-30,0.752
RRPONTSYD,alfred_rrp_initial,2026-03-31,15.782
RRPONTSYD,alfred_rrp_initial,2026-04-01,2.107
RRPONTSYD,alfred_rrp_initial,2026-04-02,0.327
RRPONTSYD,alfred_rrp_initial,2026-04-06,0.227
RRPONTSYD,alfred_rrp_initial,2026-04-07,15.345
RRPONTSYD,alfred_rrp_initial,2026-04-08,0.177
RRPONTSYD,alfred_rrp_initial,2026-04-09,0.402
RRPONTSYD,alfred_rrp_initial,2026-04-10,0.507
RRPONTSYD,alfred_rrp_initial,2026-04-13,0.227
RRPONTSYD,alfred_rrp_initial,2026-04-14,0.306
RRPONTSYD,alfred_rrp_initial,2026-04-15,0.223
RRPONTSYD,alfred_rrp_initial,2026-04-16,0.158
RRPONTSYD,alfred_rrp_initial,2026-04-17,0.137
RRPONTSYD,alfred_rrp_initial,2026-04-20,0.503
RRPONTSYD,alfred_rrp_initial,2026-04-21,0.807
RRPONTSYD,alfred_rrp_initial,2026-04-22,0.538
RRPONTSYD,alfred_rrp_initial,2026-04-23,0.114
RRPONTSYD,alfred_rrp_initial,2026-04-24,0.082
RRPONTSYD,alfred_rrp_initial,2026-04-27,0.363
RRPONTSYD,alfred_rrp_initial,2026-04-28,0.643
RRPONTSYD,alfred_rrp_initial,2026-04-29,0.747
RRPONTSYD,alfred_rrp_initial,2026-04-30,8.261
RRPONTSYD,alfred_rrp_initial,2026-05-01,0.607
RRPONTSYD,alfred_rrp_initial,2026-05-04,0.618
RRPONTSYD,alfred_rrp_initial,2026-05-05,1.122
RRPONTSYD,alfred_rrp_initial,2026-05-06,1.633
RRPONTSYD,alfred_rrp_initial,2026-05-07,0.773
RRPONTSYD,alfred_rrp_initial,2026-05-08,0.787
RRPONTSYD,alfred_rrp_initial,2026-05-11,1.133
RRPONTSYD,alfred_rrp_initial,2026-05-12,1.199
RRPONTSYD,alfred_rrp_initial,2026-05-13,3.719
RRPONTSYD,alfred_rrp_initial,2026-05-14,2.034
RRPONTSYD,alfred_rrp_initial,2026-05-15,0.647
RRPONTSYD,alfred_rrp_initial,2026-05-18,7.193
RRPONTSYD,alfred_rrp_initial,2026-05-19,12.911
RRPONTSYD,alfred_rrp_initial,2026-05-20,24.867
RRPONTSYD,alfred_rrp_initial,2026-05-21,3.281
RRPONTSYD,alfred_rrp_initial,2026-05-22,0.965
RRPONTSYD,alfred_rrp_initial,2026-05-26,1.787
RRPONTSYD,alfred_rrp_initial,2026-05-27,1.853
RRPONTSYD,alfred_rrp_initial,2026-05-28,1.163
RRPONTSYD,alfred_rrp_initial,2026-05-29,11.677
RRPONTSYD,alfred_rrp_initial,2026-06-01,1.302
RRPONTSYD,alfred_rrp_initial,2026-06-02,2.502
RRPONTSYD,alfred_rrp_initial,2026-06-03,2.062
RRPONTSYD,alfred_rrp_initial,2026-06-04,1.122
RRPONTSYD,alfred_rrp_initial,2026-06-05,0.761
RRPONTSYD,alfred_rrp_initial,2026-06-08,1.832
RRPONTSYD,alfred_rrp_initial,2026-06-09,0.577
RRPONTSYD,alfred_rrp_initial,2026-06-10,0.387
RRPONTSYD,alfred_rrp_initial,2026-06-11,0.46
RRPONTSYD,alfred_rrp_initial,2026-06-12,0.454
RRPONTSYD,alfred_rrp_initial,2026-06-15,0.581
RRPONTSYD,alfred_rrp_initial,2026-06-16,10.721
RRPONTSYD,alfred_rrp_initial,2026-06-17,6.828
RRPONTSYD,alfred_rrp_initial,2026-06-18,0.251
RRPONTSYD,alfred_rrp_initial,2026-06-22,3.925
RRPONTSYD,alfred_rrp_initial,2026-06-23,6.484
RRPONTSYD,alfred_rrp_initial,2026-06-24,4.534
RRPONTSYD,alfred_rrp_initial,2026-06-25,5.718
RRPONTSYD,alfred_rrp_initial,2026-06-26,6.426
RRPONTSYD,alfred_rrp_initial,2026-06-29,3.546
RRPONTSYD,alfred_rrp_initial,2026-06-30,26.9
RRPONTSYD,alfred_rrp_initial,2026-07-01,1.001
RRPONTSYD,alfred_rrp_initial,2026-07-02,2.175
RRPONTSYD,alfred_rrp_initial,2026-07-06,2.719
RRPONTSYD,alfred_rrp_initial,2026-07-07,4.484
RRPONTSYD,alfred_rrp_initial,2026-07-08,3.347
RRPONTSYD,alfred_rrp_initial,2026-07-09,5.772
RRPONTSYD,alfred_rrp_initial,2026-07-10,0.545
RRPONTSYD,alfred_rrp_initial,2026-07-13,0.795
RRPONTSYD,alfred_rrp_initial,2026-07-14,0.278
RRPONTSYD,alfred_rrp_initial,2026-07-15,0.151
RRPONTSYD,alfred_rrp_initial,2026-07-16,0.125
RRPONTSYD,alfred_rrp_initial,2026-07-17,0.1
RRPONTSYD,alfred_rrp_initial,2026-07-20,0.03
RRPONTSYD,alfred_rrp_initial,2026-07-21,0.275
RRPONTSYD,alfred_rrp_initial,2026-07-22,0.376
RRPONTSYD,alfred_rrp_initial,2026-07-23,0.904
RRPONTSYD,alfred_rrp_initial,2026-07-24,0.675
RRPONTSYD,alfred_rrp_initial,2026-07-27,1.38
RRPONTSYD,alfred_rrp_initial,2026-07-28,1.126
RRPONTSYD,alfred_rrp_initial,2026-07-29,2.576
RRPONTSYD,alfred_rrp_initial,2026-07-30,1.076
RRPONTSYD,alfred_rrp_initial,2026-07-31,2.151
RRPONTSYD,alfred_rrp_initial,2026-08-03,2.127
RRPONTSYD,alfred_rrp_initial,2026-08-04,2.251
RRPONTSYD,alfred_rrp_initial,2026-08-05,1.65
RRPONTSYD,alfred_rrp_initial,2026-08-06,1.429
RRPONTSYD,alfred_rrp_initial,2026-08-07,1.45
RRPONTSYD,alfred_rrp_initial,2026-08-10,0.975
RRPONTSYD,alfred_rrp_initial,2026-08-11,1.25
RRPONTSYD,alfred_rrp_initial,2026-08-12,0.725
RRPONTSYD,alfred_rrp_initial,2026-08-13,0.45
RRPONTSYD,alfred_rrp_initial,2026-08-14,0.25
RRPONTSYD,alfred_rrp_initial,2026-08-17,0.255
RRPONTSYD,alfred_rrp_initial,2026-08-18,0.155
RRPONTSYD,alfred_rrp_initial,2026-08-19,0.317
RRPONTSYD,alfred_rrp_initial,2026-08-20,0.225
RRPONTSYD,alfred_rrp_initial,2026-08-21,0.2
RRPONTSYD,alfred_rrp_initial,2026-08-24,0.38
RRPONTSYD,alfred_rrp_initial,2026-08-25,0.405
RRPONTSYD,alfred_rrp_initial,2026-08-26,0.702
RRPONTSYD,alfred_rrp_initial,2026-08-27,0.456
RRPONTSYD,alfred_rrp_initial,2026-08-28,0.175
RRPONTSYD,alfred_rrp_initial,2026-08-31,6.726
RRPONTSYD,alfred_rrp_initial,2026-09-01,0.725
RRPONTSYD,alfred_rrp_initial,2026-09-02,0.525
RRPONTSYD,alfred_rrp_initial,2026-09-03,0.702
RRPONTSYD,alfred_rrp_initial,2026-09-04,0.675
RRPONTSYD,alfred_rrp_initial,2026-09-08,0.626
RRPONTSYD,alfred_rrp_initial,2026-09-09,0.432
RRPONTSYD,alfred_rrp_initial,2026-09-10,4.736
RRPONTSYD,alfred_rrp_initial,2026-09-11,5.255
RRPONTSYD,alfred_rrp_initial,2026-09-14,1.42
RRPONTSYD,alfred_rrp_initial,2026-09-15,0.7
RRPONTSYD,alfred_rrp_initial,2026-09-16,5.375
SOFR,alfred_sofr_initial,2018-04-03,1.83
SOFR,alfred_sofr_initial,2018-04-04,1.74
SOFR,alfred_sofr_initial,2018-04-05,1.75
SOFR,alfred_sofr_initial,2018-04-06,1.75
SOFR,alfred_sofr_initial,2018-04-09,1.75
SOFR,alfred_sofr_initial,2018-04-10,1.75
SOFR,alfred_sofr_initial,2018-04-11,1.76
SOFR,alfred_sofr_initial,2018-04-12,1.73
SOFR,alfred_sofr_initial,2018-04-13,1.72
SOFR,alfred_sofr_initial,2018-04-16,1.77
SOFR,alfred_sofr_initial,2018-04-17,1.76
SOFR,alfred_sofr_initial,2018-04-18,1.75
SOFR,alfred_sofr_initial,2018-04-19,1.73
SOFR,alfred_sofr_initial,2018-04-20,1.72
SOFR,alfred_sofr_initial,2018-04-23,1.7
SOFR,alfred_sofr_initial,2018-04-24,1.71
SOFR,alfred_sofr_initial,2018-04-25,1.71
SOFR,alfred_sofr_initial,2018-04-26,1.72
SOFR,alfred_sofr_initial,2018-04-27,1.72
SOFR,alfred_sofr_initial,2018-04-30,1.77
SOFR,alfred_sofr_initial,2018-05-01,1.76
SOFR,alfred_sofr_initial,2018-05-02,1.75
SOFR,alfred_sofr_initial,2018-05-03,1.74
SOFR,alfred_sofr_initial,2018-05-04,1.72
SOFR,alfred_sofr_initial,2018-05-07,1.71
SOFR,alfred_sofr_initial,2018-05-08,1.72
SOFR,alfred_sofr_initial,2018-05-09,1.72
SOFR,alfred_sofr_initial,2018-05-10,1.73
SOFR,alfred_sofr_initial,2018-05-11,1.73
SOFR,alfred_sofr_initial,2018-05-14,1.75
SOFR,alfred_sofr_initial,2018-05-15,1.79
SOFR,alfred_sofr_initial,2018-05-16,1.75
SOFR,alfred_sofr_initial,2018-05-17,1.74
SOFR,alfred_sofr_initial,2018-05-18,1.73
SOFR,alfred_sofr_initial,2018-05-21,1.69
SOFR,alfred_sofr_initial,2018-05-22,1.65
SOFR,alfred_sofr_initial,2018-05-23,1.67
SOFR,alfred_sofr_initial,2018-05-24,1.74
SOFR,alfred_sofr_initial,2018-05-25,1.73
SOFR,alfred_sofr_initial,2018-05-29,1.72
SOFR,alfred_sofr_initial,2018-05-30,1.72
SOFR,alfred_sofr_initial,2018-05-31,1.81
SOFR,alfred_sofr_initial,2018-06-01,1.81
SOFR,alfred_sofr_initial,2018-06-04,1.8
SOFR,alfred_sofr_initial,2018-06-05,1.75
SOFR,alfred_sofr_initial,2018-06-06,1.73
SOFR,alfred_sofr_initial,2018-06-07,1.71
SOFR,alfred_sofr_initial,2018-06-08,1.69
SOFR,alfred_sofr_initial,2018-06-11,1.69
SOFR,alfred_sofr_initial,2018-06-12,1.67
SOFR,alfred_sofr_initial,2018-06-13,1.71
SOFR,alfred_sofr_initial,2018-06-14,1.9
SOFR,alfred_sofr_initial,2018-06-15,1.91
SOFR,alfred_sofr_initial,2018-06-18,1.9
SOFR,alfred_sofr_initial,2018-06-19,1.88
SOFR,alfred_sofr_initial,2018-06-20,1.87
SOFR,alfred_sofr_initial,2018-06-21,1.87
SOFR,alfred_sofr_initial,2018-06-22,1.92
SOFR,alfred_sofr_initial,2018-06-25,1.91
SOFR,alfred_sofr_initial,2018-06-26,1.9
SOFR,alfred_sofr_initial,2018-06-27,1.9
SOFR,alfred_sofr_initial,2018-06-28,1.93
SOFR,alfred_sofr_initial,2018-06-29,2.12
SOFR,alfred_sofr_initial,2018-07-02,2.04
SOFR,alfred_sofr_initial,2018-07-03,2.0
SOFR,alfred_sofr_initial,2018-07-05,1.97
SOFR,alfred_sofr_initial,2018-07-06,1.93
SOFR,alfred_sofr_initial,2018-07-09,1.89
SOFR,alfred_sofr_initial,2018-07-10,1.89
SOFR,alfred_sofr_initial,2018-07-11,1.89
SOFR,alfred_sofr_initial,2018-07-12,1.9
SOFR,alfred_sofr_initial,2018-07-13,1.9
SOFR,alfred_sofr_initial,2018-07-16,1.95
SOFR,alfred_sofr_initial,2018-07-17,1.92
SOFR,alfred_sofr_initial,2018-07-18,1.9
SOFR,alfred_sofr_initial,2018-07-19,1.9
SOFR,alfred_sofr_initial,2018-07-20,1.88
SOFR,alfred_sofr_initial,2018-07-23,1.87
SOFR,alfred_sofr_initial,2018-07-24,1.9
SOFR,alfred_sofr_initial,2018-07-25,1.87
SOFR,alfred_sofr_initial,2018-07-26,1.9
SOFR,alfred_sofr_initial,2018-07-27,1.88
SOFR,alfred_sofr_initial,2018-07-30,1.88
SOFR,alfred_sofr_initial,2018-07-31,1.93
SOFR,alfred_sofr_initial,2018-08-01,1.88
SOFR,alfred_sofr_initial,2018-08-02,1.91
SOFR,alfred_sofr_initial,2018-08-03,1.86
SOFR,alfred_sofr_initial,2018-08-06,1.86
SOFR,alfred_sofr_initial,2018-08-07,1.87
SOFR,alfred_sofr_initial,2018-08-08,1.88
SOFR,alfred_sofr_initial,2018-08-09,1.91
SOFR,alfred_sofr_initial,2018-08-10,1.9
SOFR,alfred_sofr_initial,2018-08-13,1.91
SOFR,alfred_sofr_initial,2018-08-14,1.93
SOFR,alfred_sofr_initial,2018-08-15,1.98
SOFR,alfred_sofr_initial,2018-08-16,1.99
SOFR,alfred_sofr_initial,2018-08-17,1.9
SOFR,alfred_sofr_initial,2018-08-20,1.9
SOFR,alfred_sofr_initial,2018-08-21,1.9
SOFR,alfred_sofr_initial,2018-08-22,1.9
SOFR,alfred_sofr_initial,2018-08-23,1.94
SOFR,alfred_sofr_initial,2018-08-24,1.95
SOFR,alfred_sofr_initial,2018-08-27,1.95
SOFR,alfred_sofr_initial,2018-08-28,1.95
SOFR,alfred_sofr_initial,2018-08-29,1.93
SOFR,alfred_sofr_initial,2018-08-30,1.93
SOFR,alfred_sofr_initial,2018-08-31,1.97
SOFR,alfred_sofr_initial,2018-09-04,1.95
SOFR,alfred_sofr_initial,2018-09-05,1.95
SOFR,alfred_sofr_initial,2018-09-06,1.94
SOFR,alfred_sofr_initial,2018-09-07,1.94
SOFR,alfred_sofr_initial,2018-09-10,1.94
SOFR,alfred_sofr_initial,2018-09-11,1.94
SOFR,alfred_sofr_initial,2018-09-12,1.94
SOFR,alfred_sofr_initial,2018-09-13,1.94
SOFR,alfred_sofr_initial,2018-09-14,1.95
SOFR,alfred_sofr_initial,2018-09-17,2.0
SOFR,alfred_sofr_initial,2018-09-18,1.94
SOFR,alfred_sofr_initial,2018-09-19,1.92
SOFR,alfred_sofr_initial,2018-09-20,1.92
SOFR,alfred_sofr_initial,2018-09-21,1.92
SOFR,alfred_sofr_initial,2018-09-24,1.95
SOFR,alfred_sofr_initial,2018-09-25,1.93
SOFR,alfred_sofr_initial,2018-09-26,1.92
SOFR,alfred_sofr_initial,2018-09-27,2.16
SOFR,alfred_sofr_initial,2018-09-28,2.25
SOFR,alfred_sofr_initial,2018-10-01,2.22
SOFR,alfred_sofr_initial,2018-10-02,2.2
SOFR,alfred_sofr_initial,2018-10-03,2.2
SOFR,alfred_sofr_initial,2018-10-04,2.18
SOFR,alfred_sofr_initial,2018-10-05,2.16
SOFR,alfred_sofr_initial,2018-10-09,2.15
SOFR,alfred_sofr_initial,2018-10-10,2.15
SOFR,alfred_sofr_initial,2018-10-11,2.17
SOFR,alfred_sofr_initial,2018-10-12,2.18
SOFR,alfred_sofr_initial,2018-10-15,2.21
SOFR,alfred_sofr_initial,2018-10-16,2.18
SOFR,alfred_sofr_initial,2018-10-17,2.18
SOFR,alfred_sofr_initial,2018-10-18,2.19
SOFR,alfred_sofr_initial,2018-10-19,2.19
SOFR,alfred_sofr_initial,2018-10-22,2.18
SOFR,alfred_sofr_initial,2018-10-23,2.17
SOFR,alfred_sofr_initial,2018-10-24,2.18
SOFR,alfred_sofr_initial,2018-10-25,2.19
SOFR,alfred_sofr_initial,2018-10-26,2.19
SOFR,alfred_sofr_initial,2018-10-29,2.18
SOFR,alfred_sofr_initial,2018-10-30,2.18
SOFR,alfred_sofr_initial,2018-10-31,2.22
SOFR,alfred_sofr_initial,2018-11-01,2.22
SOFR,alfred_sofr_initial,2018-11-02,2.25
SOFR,alfred_sofr_initial,2018-11-05,2.24
SOFR,alfred_sofr_initial,2018-11-06,2.22
SOFR,alfred_sofr_initial,2018-11-07,2.18
SOFR,alfred_sofr_initial,2018-11-08,2.21
SOFR,alfred_sofr_initial,2018-11-09,2.2
SOFR,alfred_sofr_initial,2018-11-13,2.2
SOFR,alfred_sofr_initial,2018-11-14,2.2
SOFR,alfred_sofr_initial,2018-11-15,2.28
SOFR,alfred_sofr_initial,2018-11-16,2.26
SOFR,alfred_sofr_initial,2018-11-19,2.24
SOFR,alfred_sofr_initial,2018-11-20,2.2
SOFR,alfred_sofr_initial,2018-11-21,2.18
SOFR,alfred_sofr_initial,2018-11-23,2.23
SOFR,alfred_sofr_initial,2018-11-26,2.2
SOFR,alfred_sofr_initial,2018-11-27,2.19
SOFR,alfred_sofr_initial,2018-11-28,2.19
SOFR,alfred_sofr_initial,2018-11-29,2.24
SOFR,alfred_sofr_initial,2018-11-30,2.28
SOFR,alfred_sofr_initial,2018-12-03,2.23
SOFR,alfred_sofr_initial,2018-12-04,2.27
SOFR,alfred_sofr_initial,2018-12-06,2.34
SOFR,alfred_sofr_initial,2018-12-07,2.3
SOFR,alfred_sofr_initial,2018-12-10,2.22
SOFR,alfred_sofr_initial,2018-12-11,2.19
SOFR,alfred_sofr_initial,2018-12-12,2.2
SOFR,alfred_sofr_initial,2018-12-13,2.21
SOFR,alfred_sofr_initial,2018-12-14,2.21
SOFR,alfred_sofr_initial,2018-12-17,2.31
SOFR,alfred_sofr_initial,2018-12-18,2.32
SOFR,alfred_sofr_initial,2018-12-19,2.3
SOFR,alfred_sofr_initial,2018-12-20,2.41
SOFR,alfred_sofr_initial,2018-12-21,2.4
SOFR,alfred_sofr_initial,2018-12-24,2.41
SOFR,alfred_sofr_initial,2018-12-26,2.44
SOFR,alfred_sofr_initial,2018-12-27,2.44
SOFR,alfred_sofr_initial,2018-12-28,2.46
SOFR,alfred_sofr_initial,2018-12-31,3.0
SOFR,alfred_sofr_initial,2019-01-02,3.15
SOFR,alfred_sofr_initial,2019-01-03,2.7
SOFR,alfred_sofr_initial,2019-01-04,2.45
SOFR,alfred_sofr_initial,2019-01-07,2.41
SOFR,alfred_sofr_initial,2019-01-08,2.42
SOFR,alfred_sofr_initial,2019-01-09,2.45
SOFR,alfred_sofr_initial,2019-01-10,2.43
SOFR,alfred_sofr_initial,2019-01-11,2.41
SOFR,alfred_sofr_initial,2019-01-14,2.4
SOFR,alfred_sofr_initial,2019-01-15,2.46
SOFR,alfred_sofr_initial,2019-01-16,2.43
SOFR,alfred_sofr_initial,2019-01-17,2.41
SOFR,alfred_sofr_initial,2019-01-18,2.42
SOFR,alfred_sofr_initial,2019-01-22,2.41
SOFR,alfred_sofr_initial,2019-01-23,2.4
SOFR,alfred_sofr_initial,2019-01-24,2.41
SOFR,alfred_sofr_initial,2019-01-25,2.4
SOFR,alfred_sofr_initial,2019-01-28,2.39
SOFR,alfred_sofr_initial,2019-01-29,2.4
SOFR,alfred_sofr_initial,2019-01-30,2.39
SOFR,alfred_sofr_initial,2019-01-31,2.58
SOFR,alfred_sofr_initial,2019-02-01,2.47
SOFR,alfred_sofr_initial,2019-02-04,2.4
SOFR,alfred_sofr_initial,2019-02-05,2.4
SOFR,alfred_sofr_initial,2019-02-06,2.38
SOFR,alfred_sofr_initial,2019-02-07,2.38
SOFR,alfred_sofr_initial,2019-02-08,2.37
SOFR,alfred_sofr_initial,2019-02-11,2.4
SOFR,alfred_sofr_initial,2019-02-12,2.39
SOFR,alfred_sofr_initial,2019-02-13,2.38
SOFR,alfred_sofr_initial,2019-02-14,2.39
SOFR,alfred_sofr_initial,2019-02-15,2.43
SOFR,alfred_sofr_initial,2019-02-19,2.4
SOFR,alfred_sofr_initial,2019-02-20,2.39
SOFR,alfred_sofr_initial,2019-02-21,2.39
SOFR,alfred_sofr_initial,2019-02-22,2.4
SOFR,alfred_sofr_initial,2019-02-25,2.38
SOFR,alfred_sofr_initial,2019-02-26,2.38
SOFR,alfred_sofr_initial,2019-02-27,2.37
SOFR,alfred_sofr_initial,2019-02-28,2.58
SOFR,alfred_sofr_initial,2019-03-01,2.38
SOFR,alfred_sofr_initial,2019-03-04,2.38
SOFR,alfred_sofr_initial,2019-03-05,2.38
SOFR,alfred_sofr_initial,2019-03-06,2.38
SOFR,alfred_sofr_initial,2019-03-07,2.38
SOFR,alfred_sofr_initial,2019-03-08,2.39
SOFR,alfred_sofr_initial,2019-03-11,2.38
SOFR,alfred_sofr_initial,2019-03-12,2.39
SOFR,alfred_sofr_initial,2019-03-13,2.4
SOFR,alfred_sofr_initial,2019-03-14,2.42
SOFR,alfred_sofr_initial,2019-03-15,2.46
SOFR,alfred_sofr_initial,2019-03-18,2.41
SOFR,alfred_sofr_initial,2019-03-19,2.42
SOFR,alfred_sofr_initial,2019-03-20,2.47
SOFR,alfred_sofr_initial,2019-03-21,2.44
SOFR,alfred_sofr_initial,2019-03-22,2.4
SOFR,alfred_sofr_initial,2019-03-25,2.4
SOFR,alfred_sofr_initial,2019-03-26,2.4
SOFR,alfred_sofr_initial,2019-03-27,2.4
SOFR,alfred_sofr_initial,2019-03-28,2.43
SOFR,alfred_sofr_initial,2019-03-29,2.65
SOFR,alfred_sofr_initial,2019-04-01,2.46
SOFR,alfred_sofr_initial,2019-04-02,2.46
SOFR,alfred_sofr_initial,2019-04-03,2.47
SOFR,alfred_sofr_initial,2019-04-04,2.46
SOFR,alfred_sofr_initial,2019-04-05,2.46
SOFR,alfred_sofr_initial,2019-04-08,2.46
SOFR,alfred_sofr_initial,2019-04-09,2.45
SOFR,alfred_sofr_initial,2019-04-10,2.45
SOFR,alfred_sofr_initial,2019-04-11,2.44
SOFR,alfred_sofr_initial,2019-04-12,2.44
SOFR,alfred_sofr_initial,2019-04-15,2.47
SOFR,alfred_sofr_initial,2019-04-16,2.47
SOFR,alfred_sofr_initial,2019-04-17,2.5
SOFR,alfred_sofr_initial,2019-04-18,2.5
SOFR,alfred_sofr_initial,2019-04-22,2.46
SOFR,alfred_sofr_initial,2019-04-23,2.46
SOFR,alfred_sofr_initial,2019-04-24,2.44
SOFR,alfred_sofr_initial,2019-04-25,2.45
SOFR,alfred_sofr_initial,2019-04-26,2.46
SOFR,alfred_sofr_initial,2019-04-29,2.48
SOFR,alfred_sofr_initial,2019-04-30,2.76
SOFR,alfred_sofr_initial,2019-05-01,2.54
SOFR,alfred_sofr_initial,2019-05-02,2.5
SOFR,alfred_sofr_initial,2019-05-03,2.43
SOFR,alfred_sofr_initial,2019-05-06,2.42
SOFR,alfred_sofr_initial,2019-05-07,2.44
SOFR,alfred_sofr_initial,2019-05-08,2.43
SOFR,alfred_sofr_initial,2019-05-09,2.41
SOFR,alfred_sofr_initial,2019-05-10,2.4
SOFR,alfred_sofr_initial,2019-05-13,2.38
SOFR,alfred_sofr_initial,2019-05-14,2.39
SOFR,alfred_sofr_initial,2019-05-15,2.48
SOFR,alfred_sofr_initial,2019-05-16,2.43
SOFR,alfred_sofr_initial,2019-05-17,2.42
SOFR,alfred_sofr_initial,2019-05-20,2.39
SOFR,alfred_sofr_initial,2019-05-21,2.38
SOFR,alfred_sofr_initial,2019-05-22,2.37
SOFR,alfred_sofr_initial,2019-05-23,2.37
SOFR,alfred_sofr_initial,2019-05-24,2.37
SOFR,alfred_sofr_initial,2019-05-28,2.41
SOFR,alfred_sofr_initial,2019-05-29,2.4
SOFR,alfred_sofr_initial,2019-05-30,2.4
SOFR,alfred_sofr_initial,2019-05-31,2.49
SOFR,alfred_sofr_initial,2019-06-03,2.4
SOFR,alfred_sofr_initial,2019-06-04,2.39
SOFR,alfred_sofr_initial,2019-06-05,2.4
SOFR,alfred_sofr_initial,2019-06-06,2.4
SOFR,alfred_sofr_initial,2019-06-07,2.39
SOFR,alfred_sofr_initial,2019-06-10,2.39
SOFR,alfred_sofr_initial,2019-06-11,2.38
SOFR,alfred_sofr_initial,2019-06-12,2.37
SOFR,alfred_sofr_initial,2019-06-13,2.35
SOFR,alfred_sofr_initial,2019-06-14,2.35
SOFR,alfred_sofr_initial,2019-06-17,2.41
SOFR,alfred_sofr_initial,2019-06-18,2.39
SOFR,alfred_sofr_initial,2019-06-19,2.36
SOFR,alfred_sofr_initial,2019-06-20,2.36
SOFR,alfred_sofr_initial,2019-06-21,2.37
SOFR,alfred_sofr_initial,2019-06-24,2.39
SOFR,alfred_sofr_initial,2019-06-25,2.41
SOFR,alfred_sofr_initial,2019-06-26,2.43
SOFR,alfred_sofr_initial,2019-06-27,2.42
SOFR,alfred_sofr_initial,2019-06-28,2.5
SOFR,alfred_sofr_initial,2019-07-01,2.42
SOFR,alfred_sofr_initial,2019-07-02,2.51
SOFR,alfred_sofr_initial,2019-07-03,2.56
SOFR,alfred_sofr_initial,2019-07-05,2.59
SOFR,alfred_sofr_initial,2019-07-08,2.48
SOFR,alfred_sofr_initial,2019-07-09,2.45
SOFR,alfred_sofr_initial,2019-07-10,2.46
SOFR,alfred_sofr_initial,2019-07-11,2.41
SOFR,alfred_sofr_initial,2019-07-12,2.36
SOFR,alfred_sofr_initial,2019-07-15,2.46
SOFR,alfred_sofr_initial,2019-07-16,2.47
SOFR,alfred_sofr_initial,2019-07-17,2.47
SOFR,alfred_sofr_initial,2019-07-18,2.46
SOFR,alfred_sofr_initial,2019-07-19,2.41
SOFR,alfred_sofr_initial,2019-07-22,2.4
SOFR,alfred_sofr_initial,2019-07-23,2.4
SOFR,alfred_sofr_initial,2019-07-24,2.41
SOFR,alfred_sofr_initial,2019-07-25,2.42
SOFR,alfred_sofr_initial,2019-07-26,2.41
SOFR,alfred_sofr_initial,2019-07-29,2.4
SOFR,alfred_sofr_initial,2019-07-30,2.39
SOFR,alfred_sofr_initial,2019-07-31,2.55
SOFR,alfred_sofr_initial,2019-08-01,2.19
SOFR,alfred_sofr_initial,2019-08-02,2.19
SOFR,alfred_sofr_initial,2019-08-05,2.13
SOFR,alfred_sofr_initial,2019-08-06,2.11
SOFR,alfred_sofr_initial,2019-08-07,2.1
SOFR,alfred_sofr_initial,2019-08-08,2.09
SOFR,alfred_sofr_initial,2019-08-09,2.11
SOFR,alfred_sofr_initial,2019-08-12,2.12
SOFR,alfred_sofr_initial,2019-08-13,2.16
SOFR,alfred_sofr_initial,2019-08-14,2.13
SOFR,alfred_sofr_initial,2019-08-15,2.18
SOFR,alfred_sofr_initial,2019-08-16,2.13
SOFR,alfred_sofr_initial,2019-08-19,2.11
SOFR,alfred_sofr_initial,2019-08-20,2.13
SOFR,alfred_sofr_initial,2019-08-21,2.1
SOFR,alfred_sofr_initial,2019-08-22,2.09
SOFR,alfred_sofr_initial,2019-08-23,2.1
SOFR,alfred_sofr_initial,2019-08-26,2.1
SOFR,alfred_sofr_initial,2019-08-27,2.15
SOFR,alfred_sofr_initial,2019-08-28,2.12
SOFR,alfred_sofr_initial,2019-08-29,2.12
SOFR,alfred_sofr_initial,2019-08-30,2.16
SOFR,alfred_sofr_initial,2019-09-03,2.17
SOFR,alfred_sofr_initial,2019-09-04,2.21
SOFR,alfred_sofr_initial,2019-09-05,2.21
SOFR,alfred_sofr_initial,2019-09-06,2.15
SOFR,alfred_sofr_initial,2019-09-09,2.12
SOFR,alfred_sofr_initial,2019-09-10,2.14
SOFR,alfred_sofr_initial,2019-09-11,2.15
SOFR,alfred_sofr_initial,2019-09-12,2.2
SOFR,alfred_sofr_initial,2019-09-13,2.2
SOFR,alfred_sofr_initial,2019-09-16,2.43
SOFR,alfred_sofr_initial,2019-09-17,5.25
SOFR,alfred_sofr_initial,2019-09-18,2.55
SOFR,alfred_sofr_initial,2019-09-19,1.95
SOFR,alfred_sofr_initial,2019-09-20,1.86
SOFR,alfred_sofr_initial,2019-09-23,1.85
SOFR,alfred_sofr_initial,2019-09-24,1.96
SOFR,alfred_sofr_initial,2019-09-25,2.01
SOFR,alfred_sofr_initial,2019-09-26,1.85
SOFR,alfred_sofr_initial,2019-09-27,1.82
SOFR,alfred_sofr_initial,2019-09-30,2.35
SOFR,alfred_sofr_initial,2019-10-01,1.88
SOFR,alfred_sofr_initial,2019-10-02,1.85
SOFR,alfred_sofr_initial,2019-10-03,1.84
SOFR,alfred_sofr_initial,2019-10-04,1.82
SOFR,alfred_sofr_initial,2019-10-07,1.83
SOFR,alfred_sofr_initial,2019-10-08,1.85
SOFR,alfred_sofr_initial,2019-10-09,1.85
SOFR,alfred_sofr_initial,2019-10-10,1.85
SOFR,alfred_sofr_initial,2019-10-11,1.85
SOFR,alfred_sofr_initial,2019-10-15,2.0
SOFR,alfred_sofr_initial,2019-10-16,2.05
SOFR,alfred_sofr_initial,2019-10-17,1.95
SOFR,alfred_sofr_initial,2019-10-18,1.88
SOFR,alfred_sofr_initial,2019-10-21,1.86
SOFR,alfred_sofr_initial,2019-10-22,1.87
SOFR,alfred_sofr_initial,2019-10-23,1.87
SOFR,alfred_sofr_initial,2019-10-24,1.86
SOFR,alfred_sofr_initial,2019-10-25,1.84
SOFR,alfred_sofr_initial,2019-10-28,1.82
SOFR,alfred_sofr_initial,2019-10-29,1.81
SOFR,alfred_sofr_initial,2019-10-30,1.82
SOFR,alfred_sofr_initial,2019-10-31,1.76
SOFR,alfred_sofr_initial,2019-11-01,1.58
SOFR,alfred_sofr_initial,2019-11-04,1.56
SOFR,alfred_sofr_initial,2019-11-05,1.58
SOFR,alfred_sofr_initial,2019-11-06,1.57
SOFR,alfred_sofr_initial,2019-11-07,1.56
SOFR,alfred_sofr_initial,2019-11-08,1.56
SOFR,alfred_sofr_initial,2019-11-12,1.57
SOFR,alfred_sofr_initial,2019-11-13,1.57
SOFR,alfred_sofr_initial,2019-11-14,1.58
SOFR,alfred_sofr_initial,2019-11-15,1.59
SOFR,alfred_sofr_initial,2019-11-18,1.56
SOFR,alfred_sofr_initial,2019-11-19,1.57
SOFR,alfred_sofr_initial,2019-11-20,1.57
SOFR,alfred_sofr_initial,2019-11-21,1.58
SOFR,alfred_sofr_initial,2019-11-22,1.58
SOFR,alfred_sofr_initial,2019-11-25,1.56
SOFR,alfred_sofr_initial,2019-11-26,1.54
SOFR,alfred_sofr_initial,2019-11-27,1.55
SOFR,alfred_sofr_initial,2019-11-29,1.65
SOFR,alfred_sofr_initial,2019-12-02,1.63
SOFR,alfred_sofr_initial,2019-12-03,1.55
SOFR,alfred_sofr_initial,2019-12-04,1.54
SOFR,alfred_sofr_initial,2019-12-05,1.55
SOFR,alfred_sofr_initial,2019-12-06,1.55
SOFR,alfred_sofr_initial,2019-12-09,1.56
SOFR,alfred_sofr_initial,2019-12-10,1.55
SOFR,alfred_sofr_initial,2019-12-11,1.54
SOFR,alfred_sofr_initial,2019-12-12,1.53
SOFR,alfred_sofr_initial,2019-12-13,1.54
SOFR,alfred_sofr_initial,2019-12-16,1.62
SOFR,alfred_sofr_initial,2019-12-17,1.54
SOFR,alfred_sofr_initial,2019-12-18,1.53
SOFR,alfred_sofr_initial,2019-12-19,1.53
SOFR,alfred_sofr_initial,2019-12-20,1.53
SOFR,alfred_sofr_initial,2019-12-23,1.52
SOFR,alfred_sofr_initial,2019-12-24,1.52
SOFR,alfred_sofr_initial,2019-12-26,1.52
SOFR,alfred_sofr_initial,2019-12-27,1.53
SOFR,alfred_sofr_initial,2019-12-30,1.54
SOFR,alfred_sofr_initial,2019-12-31,1.55
SOFR,alfred_sofr_initial,2020-01-02,1.54
SOFR,alfred_sofr_initial,2020-01-03,1.55
SOFR,alfred_sofr_initial,2020-01-06,1.55
SOFR,alfred_sofr_initial,2020-01-07,1.56
SOFR,alfred_sofr_initial,2020-01-08,1.55
SOFR,alfred_sofr_initial,2020-01-09,1.55
SOFR,alfred_sofr_initial,2020-01-10,1.55
SOFR,alfred_sofr_initial,2020-01-13,1.54
SOFR,alfred_sofr_initial,2020-01-14,1.55
SOFR,alfred_sofr_initial,2020-01-15,1.56
SOFR,alfred_sofr_initial,2020-01-16,1.55
SOFR,alfred_sofr_initial,2020-01-17,1.54
SOFR,alfred_sofr_initial,2020-01-21,1.54
SOFR,alfred_sofr_initial,2020-01-22,1.54
SOFR,alfred_sofr_initial,2020-01-23,1.54
SOFR,alfred_sofr_initial,2020-01-24,1.53
SOFR,alfred_sofr_initial,2020-01-27,1.53
SOFR,alfred_sofr_initial,2020-01-28,1.53
SOFR,alfred_sofr_initial,2020-01-29,1.53
SOFR,alfred_sofr_initial,2020-01-30,1.58
SOFR,alfred_sofr_initial,2020-01-31,1.6
SOFR,alfred_sofr_initial,2020-02-03,1.59
SOFR,alfred_sofr_initial,2020-02-04,1.6
SOFR,alfred_sofr_initial,2020-02-05,1.59
SOFR,alfred_sofr_initial,2020-02-06,1.59
SOFR,alfred_sofr_initial,2020-02-07,1.58
SOFR,alfred_sofr_initial,2020-02-10,1.58
SOFR,alfred_sofr_initial,2020-02-11,1.58
SOFR,alfred_sofr_initial,2020-02-12,1.57
SOFR,alfred_sofr_initial,2020-02-13,1.57
SOFR,alfred_sofr_initial,2020-02-14,1.58
SOFR,alfred_sofr_initial,2020-02-18,1.6
SOFR,alfred_sofr_initial,2020-02-19,1.59
SOFR,alfred_sofr_initial,2020-02-20,1.6
SOFR,alfred_sofr_initial,2020-02-21,1.58
SOFR,alfred_sofr_initial,2020-02-24,1.58
SOFR,alfred_sofr_initial,2020-02-25,1.59
SOFR,alfred_sofr_initial,2020-02-26,1.58
SOFR,alfred_sofr_initial,2020-02-27,1.58
SOFR,alfred_sofr_initial,2020-02-28,1.6
SOFR,alfred_sofr_initial,2020-03-02,1.59
SOFR,alfred_sofr_initial,2020-03-03,1.64
SOFR,alfred_sofr_initial,2020-03-04,1.23
SOFR,alfred_sofr_initial,2020-03-05,1.12
SOFR,alfred_sofr_initial,2020-03-06,1.1
SOFR,alfred_sofr_initial,2020-03-09,1.09
SOFR,alfred_sofr_initial,2020-03-10,1.11
SOFR,alfred_sofr_initial,2020-03-11,1.15
SOFR,alfred_sofr_initial,2020-03-12,1.2
SOFR,alfred_sofr_initial,2020-03-13,1.1
SOFR,alfred_sofr_initial,2020-03-16,0.26
SOFR,alfred_sofr_initial,2020-03-17,0.54
SOFR,alfred_sofr_initial,2020-03-18,0.1
SOFR,alfred_sofr_initial,2020-03-19,0.06
SOFR,alfred_sofr_initial,2020-03-20,0.04
SOFR,alfred_sofr_initial,2020-03-23,0.02
SOFR,alfred_sofr_initial,2020-03-24,0.01
SOFR,alfred_sofr_initial,2020-03-25,0.01
SOFR,alfred_sofr_initial,2020-03-26,0.01
SOFR,alfred_sofr_initial,2020-03-27,0.01
SOFR,alfred_sofr_initial,2020-03-30,0.01
SOFR,alfred_sofr_initial,2020-03-31,0.01
SOFR,alfred_sofr_initial,2020-04-01,0.01
SOFR,alfred_sofr_initial,2020-04-02,0.01
SOFR,alfred_sofr_initial,2020-04-03,0.01
SOFR,alfred_sofr_initial,2020-04-06,0.01
SOFR,alfred_sofr_initial,2020-04-07,0.01
SOFR,alfred_sofr_initial,2020-04-08,0.01
SOFR,alfred_sofr_initial,2020-04-09,0.01
SOFR,alfred_sofr_initial,2020-04-13,0.02
SOFR,alfred_sofr_initial,2020-04-14,0.06
SOFR,alfred_sofr_initial,2020-04-15,0.03
SOFR,alfred_sofr_initial,2020-04-16,0.03
SOFR,alfred_sofr_initial,2020-04-17,0.03
SOFR,alfred_sofr_initial,2020-04-20,0.02
SOFR,alfred_sofr_initial,2020-04-21,0.01
SOFR,alfred_sofr_initial,2020-04-22,0.01
SOFR,alfred_sofr_initial,2020-04-23,0.01
SOFR,alfred_sofr_initial,2020-04-24,0.03
SOFR,alfred_sofr_initial,2020-04-27,0.03
SOFR,alfred_sofr_initial,2020-04-28,0.01
SOFR,alfred_sofr_initial,2020-04-29,0.01
SOFR,alfred_sofr_initial,2020-04-30,0.04
SOFR,alfred_sofr_initial,2020-05-01,0.03
SOFR,alfred_sofr_initial,2020-05-04,0.05
SOFR,alfred_sofr_initial,2020-05-05,0.05
SOFR,alfred_sofr_initial,2020-05-06,0.05
SOFR,alfred_sofr_initial,2020-05-07,0.05
SOFR,alfred_sofr_initial,2020-05-08,0.06
SOFR,alfred_sofr_initial,2020-05-11,0.06
SOFR,alfred_sofr_initial,2020-05-12,0.06
SOFR,alfred_sofr_initial,2020-05-13,0.04
SOFR,alfred_sofr_initial,2020-05-14,0.02
SOFR,alfred_sofr_initial,2020-05-15,0.05
SOFR,alfred_sofr_initial,2020-05-18,0.04
SOFR,alfred_sofr_initial,2020-05-19,0.04
SOFR,alfred_sofr_initial,2020-05-20,0.01
SOFR,alfred_sofr_initial,2020-05-21,0.02
SOFR,alfred_sofr_initial,2020-05-22,0.04
SOFR,alfred_sofr_initial,2020-05-26,0.06
SOFR,alfred_sofr_initial,2020-05-27,0.06
SOFR,alfred_sofr_initial,2020-05-28,0.06
SOFR,alfred_sofr_initial,2020-05-29,0.06
SOFR,alfred_sofr_initial,2020-06-01,0.06
SOFR,alfred_sofr_initial,2020-06-02,0.07
SOFR,alfred_sofr_initial,2020-06-03,0.06
SOFR,alfred_sofr_initial,2020-06-04,0.07
SOFR,alfred_sofr_initial,2020-06-05,0.07
SOFR,alfred_sofr_initial,2020-06-08,0.07
SOFR,alfred_sofr_initial,2020-06-09,0.08
SOFR,alfred_sofr_initial,2020-06-10,0.07
SOFR,alfred_sofr_initial,2020-06-11,0.08
SOFR,alfred_sofr_initial,2020-06-12,0.08
SOFR,alfred_sofr_initial,2020-06-15,0.09
SOFR,alfred_sofr_initial,2020-06-16,0.09
SOFR,alfred_sofr_initial,2020-06-17,0.09
SOFR,alfred_sofr_initial,2020-06-18,0.09
SOFR,alfred_sofr_initial,2020-06-19,0.09
SOFR,alfred_sofr_initial,2020-06-22,0.08
SOFR,alfred_sofr_initial,2020-06-23,0.07
SOFR,alfred_sofr_initial,2020-06-24,0.08
SOFR,alfred_sofr_initial,2020-06-25,0.09
SOFR,alfred_sofr_initial,2020-06-26,0.08
SOFR,alfred_sofr_initial,2020-06-29,0.08
SOFR,alfred_sofr_initial,2020-06-30,0.1
SOFR,alfred_sofr_initial,2020-07-01,0.11
SOFR,alfred_sofr_initial,2020-07-02,0.11
SOFR,alfred_sofr_initial,2020-07-06,0.1
SOFR,alfred_sofr_initial,2020-07-07,0.1
SOFR,alfred_sofr_initial,2020-07-08,0.1
SOFR,alfred_sofr_initial,2020-07-09,0.1
SOFR,alfred_sofr_initial,2020-07-10,0.1
SOFR,alfred_sofr_initial,2020-07-13,0.1
SOFR,alfred_sofr_initial,2020-07-14,0.11
SOFR,alfred_sofr_initial,2020-07-15,0.13
SOFR,alfred_sofr_initial,2020-07-16,0.12
SOFR,alfred_sofr_initial,2020-07-17,0.12
SOFR,alfred_sofr_initial,2020-07-20,0.12
SOFR,alfred_sofr_initial,2020-07-21,0.11
SOFR,alfred_sofr_initial,2020-07-22,0.1
SOFR,alfred_sofr_initial,2020-07-23,0.1
SOFR,alfred_sofr_initial,2020-07-24,0.1
SOFR,alfred_sofr_initial,2020-07-27,0.1
SOFR,alfred_sofr_initial,2020-07-28,0.1
SOFR,alfred_sofr_initial,2020-07-29,0.09
SOFR,alfred_sofr_initial,2020-07-30,0.1
SOFR,alfred_sofr_initial,2020-07-31,0.1
SOFR,alfred_sofr_initial,2020-08-03,0.1
SOFR,alfred_sofr_initial,2020-08-04,0.09
SOFR,alfred_sofr_initial,2020-08-05,0.09
SOFR,alfred_sofr_initial,2020-08-06,0.09
SOFR,alfred_sofr_initial,2020-08-07,0.09
SOFR,alfred_sofr_initial,2020-08-10,0.09
SOFR,alfred_sofr_initial,2020-08-11,0.1
SOFR,alfred_sofr_initial,2020-08-12,0.09
SOFR,alfred_sofr_initial,2020-08-13,0.09
SOFR,alfred_sofr_initial,2020-08-14,0.09
SOFR,alfred_sofr_initial,2020-08-17,0.1
SOFR,alfred_sofr_initial,2020-08-18,0.09
SOFR,alfred_sofr_initial,2020-08-19,0.09
SOFR,alfred_sofr_initial,2020-08-20,0.07
SOFR,alfred_sofr_initial,2020-08-21,0.07
SOFR,alfred_sofr_initial,2020-08-24,0.08
SOFR,alfred_sofr_initial,2020-08-25,0.08
SOFR,alfred_sofr_initial,2020-08-26,0.07
SOFR,alfred_sofr_initial,2020-08-27,0.07
SOFR,alfred_sofr_initial,2020-08-28,0.07
SOFR,alfred_sofr_initial,2020-08-31,0.09
SOFR,alfred_sofr_initial,2020-09-01,0.09
SOFR,alfred_sofr_initial,2020-09-02,0.09
SOFR,alfred_sofr_initial,2020-09-03,0.1
SOFR,alfred_sofr_initial,2020-09-04,0.09
SOFR,alfred_sofr_initial,2020-09-08,0.09
SOFR,alfred_sofr_initial,2020-09-09,0.09
SOFR,alfred_sofr_initial,2020-09-10,0.09
SOFR,alfred_sofr_initial,2020-09-11,0.09
SOFR,alfred_sofr_initial,2020-09-14,0.09
SOFR,alfred_sofr_initial,2020-09-15,0.1
SOFR,alfred_sofr_initial,2020-09-16,0.1
SOFR,alfred_sofr_initial,2020-09-17,0.1
SOFR,alfred_sofr_initial,2020-09-18,0.09
SOFR,alfred_sofr_initial,2020-09-21,0.08
SOFR,alfred_sofr_initial,2020-09-22,0.07
SOFR,alfred_sofr_initial,2020-09-23,0.06
SOFR,alfred_sofr_initial,2020-09-24,0.07
SOFR,alfred_sofr_initial,2020-09-25,0.08
SOFR,alfred_sofr_initial,2020-09-28,0.08
SOFR,alfred_sofr_initial,2020-09-29,0.07
SOFR,alfred_sofr_initial,2020-09-30,0.08
SOFR,alfred_sofr_initial,2020-10-01,0.08
SOFR,alfred_sofr_initial,2020-10-02,0.1
SOFR,alfred_sofr_initial,2020-10-05,0.09
SOFR,alfred_sofr_initial,2020-10-06,0.1
SOFR,alfred_sofr_initial,2020-10-07,0.09
SOFR,alfred_sofr_initial,2020-10-08,0.08
SOFR,alfred_sofr_initial,2020-10-09,0.09
SOFR,alfred_sofr_initial,2020-10-13,0.09
SOFR,alfred_sofr_initial,2020-10-14,0.09
SOFR,alfred_sofr_initial,2020-10-15,0.1
SOFR,alfred_sofr_initial,2020-10-16,0.09
SOFR,alfred_sofr_initial,2020-10-19,0.09
SOFR,alfred_sofr_initial,2020-10-20,0.08
SOFR,alfred_sofr_initial,2020-10-21,0.07
SOFR,alfred_sofr_initial,2020-10-22,0.07
SOFR,alfred_sofr_initial,2020-10-23,0.08
SOFR,alfred_sofr_initial,2020-10-26,0.09
SOFR,alfred_sofr_initial,2020-10-27,0.09
SOFR,alfred_sofr_initial,2020-10-28,0.08
SOFR,alfred_sofr_initial,2020-10-29,0.09
SOFR,alfred_sofr_initial,2020-10-30,0.09
SOFR,alfred_sofr_initial,2020-11-02,0.11
SOFR,alfred_sofr_initial,2020-11-03,0.1
SOFR,alfred_sofr_initial,2020-11-04,0.1
SOFR,alfred_sofr_initial,2020-11-05,0.11
SOFR,alfred_sofr_initial,2020-11-06,0.1
SOFR,alfred_sofr_initial,2020-11-09,0.1
SOFR,alfred_sofr_initial,2020-11-10,0.1
SOFR,alfred_sofr_initial,2020-11-12,0.09
SOFR,alfred_sofr_initial,2020-11-13,0.09
SOFR,alfred_sofr_initial,2020-11-16,0.1
SOFR,alfred_sofr_initial,2020-11-17,0.09
SOFR,alfred_sofr_initial,2020-11-18,0.07
SOFR,alfred_sofr_initial,2020-11-19,0.06
SOFR,alfred_sofr_initial,2020-11-20,0.05
SOFR,alfred_sofr_initial,2020-11-23,0.05
SOFR,alfred_sofr_initial,2020-11-24,0.07
SOFR,alfred_sofr_initial,2020-11-25,0.08
SOFR,alfred_sofr_initial,2020-11-27,0.08
SOFR,alfred_sofr_initial,2020-11-30,0.09
SOFR,alfred_sofr_initial,2020-12-01,0.08
SOFR,alfred_sofr_initial,2020-12-02,0.08
SOFR,alfred_sofr_initial,2020-12-03,0.08
SOFR,alfred_sofr_initial,2020-12-04,0.09
SOFR,alfred_sofr_initial,2020-12-07,0.08
SOFR,alfred_sofr_initial,2020-12-08,0.07
SOFR,alfred_sofr_initial,2020-12-09,0.08
SOFR,alfred_sofr_initial,2020-12-10,0.08
SOFR,alfred_sofr_initial,2020-12-11,0.08
SOFR,alfred_sofr_initial,2020-12-14,0.08
SOFR,alfred_sofr_initial,2020-12-15,0.09
SOFR,alfred_sofr_initial,2020-12-16,0.09
SOFR,alfred_sofr_initial,2020-12-17,0.09
SOFR,alfred_sofr_initial,2020-12-18,0.09
SOFR,alfred_sofr_initial,2020-12-21,0.09
SOFR,alfred_sofr_initial,2020-12-22,0.07
SOFR,alfred_sofr_initial,2020-12-23,0.06
SOFR,alfred_sofr_initial,2020-12-24,0.08
SOFR,alfred_sofr_initial,2020-12-28,0.09
SOFR,alfred_sofr_initial,2020-12-29,0.1
SOFR,alfred_sofr_initial,2020-12-30,0.09
SOFR,alfred_sofr_initial,2020-12-31,0.07
SOFR,alfred_sofr_initial,2021-01-04,0.1
SOFR,alfred_sofr_initial,2021-01-05,0.11
SOFR,alfred_sofr_initial,2021-01-06,0.1
SOFR,alfred_sofr_initial,2021-01-07,0.1
SOFR,alfred_sofr_initial,2021-01-08,0.09
SOFR,alfred_sofr_initial,2021-01-11,0.09
SOFR,alfred_sofr_initial,2021-01-12,0.08
SOFR,alfred_sofr_initial,2021-01-13,0.08
SOFR,alfred_sofr_initial,2021-01-14,0.08
SOFR,alfred_sofr_initial,2021-01-15,0.08
SOFR,alfred_sofr_initial,2021-01-19,0.07
SOFR,alfred_sofr_initial,2021-01-20,0.06
SOFR,alfred_sofr_initial,2021-01-21,0.04
SOFR,alfred_sofr_initial,2021-01-22,0.05
SOFR,alfred_sofr_initial,2021-01-25,0.06
SOFR,alfred_sofr_initial,2021-01-26,0.03
SOFR,alfred_sofr_initial,2021-01-27,0.03
SOFR,alfred_sofr_initial,2021-01-28,0.04
SOFR,alfred_sofr_initial,2021-01-29,0.06
SOFR,alfred_sofr_initial,2021-02-01,0.07
SOFR,alfred_sofr_initial,2021-02-02,0.07
SOFR,alfred_sofr_initial,2021-02-03,0.07
SOFR,alfred_sofr_initial,2021-02-04,0.05
SOFR,alfred_sofr_initial,2021-02-05,0.02
SOFR,alfred_sofr_initial,2021-02-08,0.02
SOFR,alfred_sofr_initial,2021-02-09,0.05
SOFR,alfred_sofr_initial,2021-02-10,0.06
SOFR,alfred_sofr_initial,2021-02-11,0.06
SOFR,alfred_sofr_initial,2021-02-12,0.05
SOFR,alfred_sofr_initial,2021-02-16,0.06
SOFR,alfred_sofr_initial,2021-02-17,0.06
SOFR,alfred_sofr_initial,2021-02-18,0.03
SOFR,alfred_sofr_initial,2021-02-19,0.02
SOFR,alfred_sofr_initial,2021-02-22,0.03
SOFR,alfred_sofr_initial,2021-02-23,0.01
SOFR,alfred_sofr_initial,2021-02-24,0.02
SOFR,alfred_sofr_initial,2021-02-25,0.03
SOFR,alfred_sofr_initial,2021-02-26,0.01
SOFR,alfred_sofr_initial,2021-03-01,0.02
SOFR,alfred_sofr_initial,2021-03-02,0.04
SOFR,alfred_sofr_initial,2021-03-03,0.04
SOFR,alfred_sofr_initial,2021-03-04,0.02
SOFR,alfred_sofr_initial,2021-03-05,0.02
SOFR,alfred_sofr_initial,2021-03-08,0.02
SOFR,alfred_sofr_initial,2021-03-09,0.02
SOFR,alfred_sofr_initial,2021-03-10,0.02
SOFR,alfred_sofr_initial,2021-03-11,0.01
SOFR,alfred_sofr_initial,2021-03-12,0.01
SOFR,alfred_sofr_initial,2021-03-15,0.01
SOFR,alfred_sofr_initial,2021-03-16,0.01
SOFR,alfred_sofr_initial,2021-03-17,0.01
SOFR,alfred_sofr_initial,2021-03-18,0.01
SOFR,alfred_sofr_initial,2021-03-19,0.01
SOFR,alfred_sofr_initial,2021-03-22,0.01
SOFR,alfred_sofr_initial,2021-03-23,0.01
SOFR,alfred_sofr_initial,2021-03-24,0.01
SOFR,alfred_sofr_initial,2021-03-25,0.01
SOFR,alfred_sofr_initial,2021-03-26,0.01
SOFR,alfred_sofr_initial,2021-03-29,0.01
SOFR,alfred_sofr_initial,2021-03-30,0.01
SOFR,alfred_sofr_initial,2021-03-31,0.01
SOFR,alfred_sofr_initial,2021-04-01,0.01
SOFR,alfred_sofr_initial,2021-04-05,0.01
SOFR,alfred_sofr_initial,2021-04-06,0.01
SOFR,alfred_sofr_initial,2021-04-07,0.01
SOFR,alfred_sofr_initial,2021-04-08,0.01
SOFR,alfred_sofr_initial,2021-04-09,0.01
SOFR,alfred_sofr_initial,2021-04-12,0.01
SOFR,alfred_sofr_initial,2021-04-13,0.01
SOFR,alfred_sofr_initial,2021-04-14,0.01
SOFR,alfred_sofr_initial,2021-04-15,0.01
SOFR,alfred_sofr_initial,2021-04-16,0.01
SOFR,alfred_sofr_initial,2021-04-19,0.01
SOFR,alfred_sofr_initial,2021-04-20,0.01
SOFR,alfred_sofr_initial,2021-04-21,0.01
SOFR,alfred_sofr_initial,2021-04-22,0.01
SOFR,alfred_sofr_initial,2021-04-23,0.01
SOFR,alfred_sofr_initial,2021-04-26,0.01
SOFR,alfred_sofr_initial,2021-04-27,0.01
SOFR,alfred_sofr_initial,2021-04-28,0.01
SOFR,alfred_sofr_initial,2021-04-29,0.01
SOFR,alfred_sofr_initial,2021-04-30,0.01
SOFR,alfred_sofr_initial,2021-05-03,0.01
SOFR,alfred_sofr_initial,2021-05-04,0.01
SOFR,alfred_sofr_initial,2021-05-05,0.01
SOFR,alfred_sofr_initial,2021-05-06,0.01
SOFR,alfred_sofr_initial,2021-05-07,0.01
SOFR,alfred_sofr_initial,2021-05-10,0.01
SOFR,alfred_sofr_initial,2021-05-11,0.01
SOFR,alfred_sofr_initial,2021-05-12,0.01
SOFR,alfred_sofr_initial,2021-05-13,0.01
SOFR,alfred_sofr_initial,2021-05-14,0.01
SOFR,alfred_sofr_initial,2021-05-17,0.01
SOFR,alfred_sofr_initial,2021-05-18,0.01
SOFR,alfred_sofr_initial,2021-05-19,0.01
SOFR,alfred_sofr_initial,2021-05-20,0.01
SOFR,alfred_sofr_initial,2021-05-21,0.01
SOFR,alfred_sofr_initial,2021-05-24,0.01
SOFR,alfred_sofr_initial,2021-05-25,0.01
SOFR,alfred_sofr_initial,2021-05-26,0.01
SOFR,alfred_sofr_initial,2021-05-27,0.01
SOFR,alfred_sofr_initial,2021-05-28,0.01
SOFR,alfred_sofr_initial,2021-06-01,0.01
SOFR,alfred_sofr_initial,2021-06-02,0.01
SOFR,alfred_sofr_initial,2021-06-03,0.01
SOFR,alfred_sofr_initial,2021-06-04,0.01
SOFR,alfred_sofr_initial,2021-06-07,0.01
SOFR,alfred_sofr_initial,2021-06-08,0.01
SOFR,alfred_sofr_initial,2021-06-09,0.01
SOFR,alfred_sofr_initial,2021-06-10,0.01
SOFR,alfred_sofr_initial,2021-06-11,0.01
SOFR,alfred_sofr_initial,2021-06-14,0.01
SOFR,alfred_sofr_initial,2021-06-15,0.01
SOFR,alfred_sofr_initial,2021-06-16,0.01
SOFR,alfred_sofr_initial,2021-06-17,0.05
SOFR,alfred_sofr_initial,2021-06-18,0.05
SOFR,alfred_sofr_initial,2021-06-21,0.05
SOFR,alfred_sofr_initial,2021-06-22,0.05
SOFR,alfred_sofr_initial,2021-06-23,0.05
SOFR,alfred_sofr_initial,2021-06-24,0.05
SOFR,alfred_sofr_initial,2021-06-25,0.05
SOFR,alfred_sofr_initial,2021-06-28,0.05
SOFR,alfred_sofr_initial,2021-06-29,0.05
SOFR,alfred_sofr_initial,2021-06-30,0.05
SOFR,alfred_sofr_initial,2021-07-01,0.05
SOFR,alfred_sofr_initial,2021-07-02,0.05
SOFR,alfred_sofr_initial,2021-07-06,0.05
SOFR,alfred_sofr_initial,2021-07-07,0.05
SOFR,alfred_sofr_initial,2021-07-08,0.05
SOFR,alfred_sofr_initial,2021-07-09,0.05
SOFR,alfred_sofr_initial,2021-07-12,0.05
SOFR,alfred_sofr_initial,2021-07-13,0.05
SOFR,alfred_sofr_initial,2021-07-14,0.05
SOFR,alfred_sofr_initial,2021-07-15,0.05
SOFR,alfred_sofr_initial,2021-07-16,0.05
SOFR,alfred_sofr_initial,2021-07-19,0.05
SOFR,alfred_sofr_initial,2021-07-20,0.05
SOFR,alfred_sofr_initial,2021-07-21,0.05
SOFR,alfred_sofr_initial,2021-07-22,0.05
SOFR,alfred_sofr_initial,2021-07-23,0.05
SOFR,alfred_sofr_initial,2021-07-26,0.05
SOFR,alfred_sofr_initial,2021-07-27,0.05
SOFR,alfred_sofr_initial,2021-07-28,0.05
SOFR,alfred_sofr_initial,2021-07-29,0.05
SOFR,alfred_sofr_initial,2021-07-30,0.05
SOFR,alfred_sofr_initial,2021-08-02,0.05
SOFR,alfred_sofr_initial,2021-08-03,0.05
SOFR,alfred_sofr_initial,2021-08-04,0.05
SOFR,alfred_sofr_initial,2021-08-05,0.05
SOFR,alfred_sofr_initial,2021-08-06,0.05
SOFR,alfred_sofr_initial,2021-08-09,0.05
SOFR,alfred_sofr_initial,2021-08-10,0.05
SOFR,alfred_sofr_initial,2021-08-11,0.05
SOFR,alfred_sofr_initial,2021-08-12,0.05
SOFR,alfred_sofr_initial,2021-08-13,0.05
SOFR,alfred_sofr_initial,2021-08-16,0.05
SOFR,alfred_sofr_initial,2021-08-17,0.05
SOFR,alfred_sofr_initial,2021-08-18,0.05
SOFR,alfred_sofr_initial,2021-08-19,0.05
SOFR,alfred_sofr_initial,2021-08-20,0.05
SOFR,alfred_sofr_initial,2021-08-23,0.05
SOFR,alfred_sofr_initial,2021-08-24,0.05
SOFR,alfred_sofr_initial,2021-08-25,0.05
SOFR,alfred_sofr_initial,2021-08-26,0.05
SOFR,alfred_sofr_initial,2021-08-27,0.05
SOFR,alfred_sofr_initial,2021-08-30,0.05
SOFR,alfred_sofr_initial,2021-08-31,0.05
SOFR,alfred_sofr_initial,2021-09-01,0.05
SOFR,alfred_sofr_initial,2021-09-02,0.05
SOFR,alfred_sofr_initial,2021-09-03,0.05
SOFR,alfred_sofr_initial,2021-09-07,0.05
SOFR,alfred_sofr_initial,2021-09-08,0.05
SOFR,alfred_sofr_initial,2021-09-09,0.05
SOFR,alfred_sofr_initial,2021-09-10,0.05
SOFR,alfred_sofr_initial,2021-09-13,0.05
SOFR,alfred_sofr_initial,2021-09-14,0.05
SOFR,alfred_sofr_initial,2021-09-15,0.05
SOFR,alfred_sofr_initial,2021-09-16,0.05
SOFR,alfred_sofr_initial,2021-09-17,0.05
SOFR,alfred_sofr_initial,2021-09-20,0.05
SOFR,alfred_sofr_initial,2021-09-21,0.05
SOFR,alfred_sofr_initial,2021-09-22,0.05
SOFR,alfred_sofr_initial,2021-09-23,0.05
SOFR,alfred_sofr_initial,2021-09-24,0.05
SOFR,alfred_sofr_initial,2021-09-27,0.05
SOFR,alfred_sofr_initial,2021-09-28,0.05
SOFR,alfred_sofr_initial,2021-09-29,0.05
SOFR,alfred_sofr_initial,2021-09-30,0.05
SOFR,alfred_sofr_initial,2021-10-01,0.05
SOFR,alfred_sofr_initial,2021-10-04,0.05
SOFR,alfred_sofr_initial,2021-10-05,0.05
SOFR,alfred_sofr_initial,2021-10-06,0.05
SOFR,alfred_sofr_initial,2021-10-07,0.05
SOFR,alfred_sofr_initial,2021-10-08,0.05
SOFR,alfred_sofr_initial,2021-10-12,0.05
SOFR,alfred_sofr_initial,2021-10-13,0.05
SOFR,alfred_sofr_initial,2021-10-14,0.05
SOFR,alfred_sofr_initial,2021-10-15,0.05
SOFR,alfred_sofr_initial,2021-10-18,0.05
SOFR,alfred_sofr_initial,2021-10-19,0.03
SOFR,alfred_sofr_initial,2021-10-20,0.03
SOFR,alfred_sofr_initial,2021-10-21,0.03
SOFR,alfred_sofr_initial,2021-10-22,0.05
SOFR,alfred_sofr_initial,2021-10-25,0.04
SOFR,alfred_sofr_initial,2021-10-26,0.05
SOFR,alfred_sofr_initial,2021-10-27,0.05
SOFR,alfred_sofr_initial,2021-10-28,0.05
SOFR,alfred_sofr_initial,2021-10-29,0.05
SOFR,alfred_sofr_initial,2021-11-01,0.05
SOFR,alfred_sofr_initial,2021-11-02,0.05
SOFR,alfred_sofr_initial,2021-11-03,0.05
SOFR,alfred_sofr_initial,2021-11-04,0.05
SOFR,alfred_sofr_initial,2021-11-05,0.05
SOFR,alfred_sofr_initial,2021-11-08,0.05
SOFR,alfred_sofr_initial,2021-11-09,0.05
SOFR,alfred_sofr_initial,2021-11-10,0.05
SOFR,alfred_sofr_initial,2021-11-12,0.05
SOFR,alfred_sofr_initial,2021-11-15,0.05
SOFR,alfred_sofr_initial,2021-11-16,0.05
SOFR,alfred_sofr_initial,2021-11-17,0.05
SOFR,alfred_sofr_initial,2021-11-18,0.05
SOFR,alfred_sofr_initial,2021-11-19,0.05
SOFR,alfred_sofr_initial,2021-11-22,0.05
SOFR,alfred_sofr_initial,2021-11-23,0.05
SOFR,alfred_sofr_initial,2021-11-24,0.05
SOFR,alfred_sofr_initial,2021-11-26,0.05
SOFR,alfred_sofr_initial,2021-11-29,0.05
SOFR,alfred_sofr_initial,2021-11-30,0.05
SOFR,alfred_sofr_initial,2021-12-01,0.05
SOFR,alfred_sofr_initial,2021-12-02,0.05
SOFR,alfred_sofr_initial,2021-12-03,0.05
SOFR,alfred_sofr_initial,2021-12-06,0.05
SOFR,alfred_sofr_initial,2021-12-07,0.05
SOFR,alfred_sofr_initial,2021-12-08,0.05
SOFR,alfred_sofr_initial,2021-12-09,0.05
SOFR,alfred_sofr_initial,2021-12-10,0.05
SOFR,alfred_sofr_initial,2021-12-13,0.05
SOFR,alfred_sofr_initial,2021-12-14,0.05
SOFR,alfred_sofr_initial,2021-12-15,0.05
SOFR,alfred_sofr_initial,2021-12-16,0.05
SOFR,alfred_sofr_initial,2021-12-17,0.05
SOFR,alfred_sofr_initial,2021-12-20,0.04
SOFR,alfred_sofr_initial,2021-12-21,0.05
SOFR,alfred_sofr_initial,2021-12-22,0.05
SOFR,alfred_sofr_initial,2021-12-23,0.05
SOFR,alfred_sofr_initial,2021-12-27,0.05
SOFR,alfred_sofr_initial,2021-12-28,0.05
SOFR,alfred_sofr_initial,2021-12-29,0.05
SOFR,alfred_sofr_initial,2021-12-30,0.05
SOFR,alfred_sofr_initial,2021-12-31,0.05
SOFR,alfred_sofr_initial,2022-01-03,0.05
SOFR,alfred_sofr_initial,2022-01-04,0.05
SOFR,alfred_sofr_initial,2022-01-05,0.05
SOFR,alfred_sofr_initial,2022-01-06,0.05
SOFR,alfred_sofr_initial,2022-01-07,0.05
SOFR,alfred_sofr_initial,2022-01-10,0.05
SOFR,alfred_sofr_initial,2022-01-11,0.05
SOFR,alfred_sofr_initial,2022-01-12,0.05
SOFR,alfred_sofr_initial,2022-01-13,0.05
SOFR,alfred_sofr_initial,2022-01-14,0.05
SOFR,alfred_sofr_initial,2022-01-18,0.05
SOFR,alfred_sofr_initial,2022-01-19,0.05
SOFR,alfred_sofr_initial,2022-01-20,0.04
SOFR,alfred_sofr_initial,2022-01-21,0.05
SOFR,alfred_sofr_initial,2022-01-24,0.04
SOFR,alfred_sofr_initial,2022-01-25,0.05
SOFR,alfred_sofr_initial,2022-01-26,0.04
SOFR,alfred_sofr_initial,2022-01-27,0.04
SOFR,alfred_sofr_initial,2022-01-28,0.05
SOFR,alfred_sofr_initial,2022-01-31,0.05
SOFR,alfred_sofr_initial,2022-02-01,0.05
SOFR,alfred_sofr_initial,2022-02-02,0.05
SOFR,alfred_sofr_initial,2022-02-03,0.05
SOFR,alfred_sofr_initial,2022-02-04,0.05
SOFR,alfred_sofr_initial,2022-02-07,0.05
SOFR,alfred_sofr_initial,2022-02-08,0.05
SOFR,alfred_sofr_initial,2022-02-09,0.04
SOFR,alfred_sofr_initial,2022-02-10,0.05
SOFR,alfred_sofr_initial,2022-02-11,0.05
SOFR,alfred_sofr_initial,2022-02-14,0.05
SOFR,alfred_sofr_initial,2022-02-15,0.05
SOFR,alfred_sofr_initial,2022-02-16,0.05
SOFR,alfred_sofr_initial,2022-02-17,0.05
SOFR,alfred_sofr_initial,2022-02-18,0.05
SOFR,alfred_sofr_initial,2022-02-22,0.05
SOFR,alfred_sofr_initial,2022-02-23,0.05
SOFR,alfred_sofr_initial,2022-02-24,0.05
SOFR,alfred_sofr_initial,2022-02-25,0.05
SOFR,alfred_sofr_initial,2022-02-28,0.05
SOFR,alfred_sofr_initial,2022-03-01,0.05
SOFR,alfred_sofr_initial,2022-03-02,0.05
SOFR,alfred_sofr_initial,2022-03-03,0.05
SOFR,alfred_sofr_initial,2022-03-04,0.05
SOFR,alfred_sofr_initial,2022-03-07,0.05
SOFR,alfred_sofr_initial,2022-03-08,0.05
SOFR,alfred_sofr_initial,2022-03-09,0.05
SOFR,alfred_sofr_initial,2022-03-10,0.05
SOFR,alfred_sofr_initial,2022-03-11,0.05
SOFR,alfred_sofr_initial,2022-03-14,0.05
SOFR,alfred_sofr_initial,2022-03-15,0.05
SOFR,alfred_sofr_initial,2022-03-16,0.05
SOFR,alfred_sofr_initial,2022-03-17,0.3
SOFR,alfred_sofr_initial,2022-03-18,0.3
SOFR,alfred_sofr_initial,2022-03-21,0.29
SOFR,alfred_sofr_initial,2022-03-22,0.28
SOFR,alfred_sofr_initial,2022-03-23,0.27
SOFR,alfred_sofr_initial,2022-03-24,0.27
SOFR,alfred_sofr_initial,2022-03-25,0.28
SOFR,alfred_sofr_initial,2022-03-28,0.28
SOFR,alfred_sofr_initial,2022-03-29,0.28
SOFR,alfred_sofr_initial,2022-03-30,0.27
SOFR,alfred_sofr_initial,2022-03-31,0.29
SOFR,alfred_sofr_initial,2022-04-01,0.3
SOFR,alfred_sofr_initial,2022-04-04,0.3
SOFR,alfred_sofr_initial,2022-04-05,0.3
SOFR,alfred_sofr_initial,2022-04-06,0.3
SOFR,alfred_sofr_initial,2022-04-07,0.3
SOFR,alfred_sofr_initial,2022-04-08,0.3
SOFR,alfred_sofr_initial,2022-04-11,0.3
SOFR,alfred_sofr_initial,2022-04-12,0.29
SOFR,alfred_sofr_initial,2022-04-13,0.29
SOFR,alfred_sofr_initial,2022-04-14,0.29
SOFR,alfred_sofr_initial,2022-04-18,0.29
SOFR,alfred_sofr_initial,2022-04-19,0.28
SOFR,alfred_sofr_initial,2022-04-20,0.27
SOFR,alfred_sofr_initial,2022-04-21,0.26
SOFR,alfred_sofr_initial,2022-04-22,0.27
SOFR,alfred_sofr_initial,2022-04-25,0.27
SOFR,alfred_sofr_initial,2022-04-26,0.27
SOFR,alfred_sofr_initial,2022-04-27,0.28
SOFR,alfred_sofr_initial,2022-04-28,0.28
SOFR,alfred_sofr_initial,2022-04-29,0.28
SOFR,alfred_sofr_initial,2022-05-02,0.3
SOFR,alfred_sofr_initial,2022-05-03,0.3
SOFR,alfred_sofr_initial,2022-05-04,0.3
SOFR,alfred_sofr_initial,2022-05-05,0.79
SOFR,alfred_sofr_initial,2022-05-06,0.78
SOFR,alfred_sofr_initial,2022-05-09,0.78
SOFR,alfred_sofr_initial,2022-05-10,0.78
SOFR,alfred_sofr_initial,2022-05-11,0.78
SOFR,alfred_sofr_initial,2022-05-12,0.79
SOFR,alfred_sofr_initial,2022-05-13,0.79
SOFR,alfred_sofr_initial,2022-05-16,0.8
SOFR,alfred_sofr_initial,2022-05-17,0.8
SOFR,alfred_sofr_initial,2022-05-18,0.79
SOFR,alfred_sofr_initial,2022-05-19,0.79
SOFR,alfred_sofr_initial,2022-05-20,0.78
SOFR,alfred_sofr_initial,2022-05-23,0.78
SOFR,alfred_sofr_initial,2022-05-24,0.78
SOFR,alfred_sofr_initial,2022-05-25,0.78
SOFR,alfred_sofr_initial,2022-05-26,0.78
SOFR,alfred_sofr_initial,2022-05-27,0.78
SOFR,alfred_sofr_initial,2022-05-31,0.79
SOFR,alfred_sofr_initial,2022-06-01,0.8
SOFR,alfred_sofr_initial,2022-06-02,0.79
SOFR,alfred_sofr_initial,2022-06-03,0.78
SOFR,alfred_sofr_initial,2022-06-06,0.78
SOFR,alfred_sofr_initial,2022-06-07,0.77
SOFR,alfred_sofr_initial,2022-06-08,0.76
SOFR,alfred_sofr_initial,2022-06-09,0.75
SOFR,alfred_sofr_initial,2022-06-10,0.75
SOFR,alfred_sofr_initial,2022-06-13,0.73
SOFR,alfred_sofr_initial,2022-06-14,0.69
SOFR,alfred_sofr_initial,2022-06-15,0.7
SOFR,alfred_sofr_initial,2022-06-16,1.45
SOFR,alfred_sofr_initial,2022-06-17,1.45
SOFR,alfred_sofr_initial,2022-06-21,1.45
SOFR,alfred_sofr_initial,2022-06-22,1.45
SOFR,alfred_sofr_initial,2022-06-23,1.44
SOFR,alfred_sofr_initial,2022-06-24,1.46
SOFR,alfred_sofr_initial,2022-06-27,1.5
SOFR,alfred_sofr_initial,2022-06-28,1.52
SOFR,alfred_sofr_initial,2022-06-29,1.51
SOFR,alfred_sofr_initial,2022-06-30,1.5
SOFR,alfred_sofr_initial,2022-07-01,1.52
SOFR,alfred_sofr_initial,2022-07-05,1.54
SOFR,alfred_sofr_initial,2022-07-06,1.54
SOFR,alfred_sofr_initial,2022-07-07,1.54
SOFR,alfred_sofr_initial,2022-07-08,1.53
SOFR,alfred_sofr_initial,2022-07-11,1.53
SOFR,alfred_sofr_initial,2022-07-12,1.54
SOFR,alfred_sofr_initial,2022-07-13,1.53
SOFR,alfred_sofr_initial,2022-07-14,1.53
SOFR,alfred_sofr_initial,2022-07-15,1.54
SOFR,alfred_sofr_initial,2022-07-18,1.54
SOFR,alfred_sofr_initial,2022-07-19,1.54
SOFR,alfred_sofr_initial,2022-07-20,1.53
SOFR,alfred_sofr_initial,2022-07-21,1.53
SOFR,alfred_sofr_initial,2022-07-22,1.52
SOFR,alfred_sofr_initial,2022-07-25,1.53
SOFR,alfred_sofr_initial,2022-07-26,1.53
SOFR,alfred_sofr_initial,2022-07-27,1.53
SOFR,alfred_sofr_initial,2022-07-28,2.28
SOFR,alfred_sofr_initial,2022-07-29,2.27
SOFR,alfred_sofr_initial,2022-08-01,2.28
SOFR,alfred_sofr_initial,2022-08-02,2.3
SOFR,alfred_sofr_initial,2022-08-03,2.29
SOFR,alfred_sofr_initial,2022-08-04,2.29
SOFR,alfred_sofr_initial,2022-08-05,2.28
SOFR,alfred_sofr_initial,2022-08-08,2.28
SOFR,alfred_sofr_initial,2022-08-09,2.29
SOFR,alfred_sofr_initial,2022-08-10,2.28
SOFR,alfred_sofr_initial,2022-08-11,2.28
SOFR,alfred_sofr_initial,2022-08-12,2.28
SOFR,alfred_sofr_initial,2022-08-15,2.29
SOFR,alfred_sofr_initial,2022-08-16,2.29
SOFR,alfred_sofr_initial,2022-08-17,2.29
SOFR,alfred_sofr_initial,2022-08-18,2.28
SOFR,alfred_sofr_initial,2022-08-19,2.28
SOFR,alfred_sofr_initial,2022-08-22,2.28
SOFR,alfred_sofr_initial,2022-08-23,2.27
SOFR,alfred_sofr_initial,2022-08-24,2.27
SOFR,alfred_sofr_initial,2022-08-25,2.28
SOFR,alfred_sofr_initial,2022-08-26,2.28
SOFR,alfred_sofr_initial,2022-08-29,2.28
SOFR,alfred_sofr_initial,2022-08-30,2.29
SOFR,alfred_sofr_initial,2022-08-31,2.29
SOFR,alfred_sofr_initial,2022-09-01,2.29
SOFR,alfred_sofr_initial,2022-09-02,2.29
SOFR,alfred_sofr_initial,2022-09-06,2.29
SOFR,alfred_sofr_initial,2022-09-07,2.28
SOFR,alfred_sofr_initial,2022-09-08,2.28
SOFR,alfred_sofr_initial,2022-09-09,2.28
SOFR,alfred_sofr_initial,2022-09-12,2.28
SOFR,alfred_sofr_initial,2022-09-13,2.28
SOFR,alfred_sofr_initial,2022-09-14,2.27
SOFR,alfred_sofr_initial,2022-09-15,2.28
SOFR,alfred_sofr_initial,2022-09-16,2.27
SOFR,alfred_sofr_initial,2022-09-19,2.27
SOFR,alfred_sofr_initial,2022-09-20,2.26
SOFR,alfred_sofr_initial,2022-09-21,2.25
SOFR,alfred_sofr_initial,2022-09-22,2.99
SOFR,alfred_sofr_initial,2022-09-23,2.99
SOFR,alfred_sofr_initial,2022-09-26,2.99
SOFR,alfred_sofr_initial,2022-09-27,2.98
SOFR,alfred_sofr_initial,2022-09-28,2.98
SOFR,alfred_sofr_initial,2022-09-29,2.96
SOFR,alfred_sofr_initial,2022-09-30,2.98
SOFR,alfred_sofr_initial,2022-10-03,3.0
SOFR,alfred_sofr_initial,2022-10-04,3.04
SOFR,alfred_sofr_initial,2022-10-05,3.04
SOFR,alfred_sofr_initial,2022-10-06,3.05
SOFR,alfred_sofr_initial,2022-10-07,3.05
SOFR,alfred_sofr_initial,2022-10-11,3.05
SOFR,alfred_sofr_initial,2022-10-12,3.04
SOFR,alfred_sofr_initial,2022-10-13,3.04
SOFR,alfred_sofr_initial,2022-10-14,3.04
SOFR,alfred_sofr_initial,2022-10-17,3.05
SOFR,alfred_sofr_initial,2022-10-18,3.04
SOFR,alfred_sofr_initial,2022-10-19,3.04
SOFR,alfred_sofr_initial,2022-10-20,3.03
SOFR,alfred_sofr_initial,2022-10-21,3.02
SOFR,alfred_sofr_initial,2022-10-24,3.01
SOFR,alfred_sofr_initial,2022-10-25,3.02
SOFR,alfred_sofr_initial,2022-10-26,3.03
SOFR,alfred_sofr_initial,2022-10-27,3.04
SOFR,alfred_sofr_initial,2022-10-28,3.05
SOFR,alfred_sofr_initial,2022-10-31,3.05
SOFR,alfred_sofr_initial,2022-11-01,3.05
SOFR,alfred_sofr_initial,2022-11-02,3.05
SOFR,alfred_sofr_initial,2022-11-03,3.8
SOFR,alfred_sofr_initial,2022-11-04,3.8
SOFR,alfred_sofr_initial,2022-11-07,3.78
SOFR,alfred_sofr_initial,2022-11-08,3.78
SOFR,alfred_sofr_initial,2022-11-09,3.78
SOFR,alfred_sofr_initial,2022-11-10,3.78
SOFR,alfred_sofr_initial,2022-11-14,3.79
SOFR,alfred_sofr_initial,2022-11-15,3.8
SOFR,alfred_sofr_initial,2022-11-16,3.81
SOFR,alfred_sofr_initial,2022-11-17,3.8
SOFR,alfred_sofr_initial,2022-11-18,3.8
SOFR,alfred_sofr_initial,2022-11-21,3.8
SOFR,alfred_sofr_initial,2022-11-22,3.8
SOFR,alfred_sofr_initial,2022-11-23,3.79
SOFR,alfred_sofr_initial,2022-11-25,3.8
SOFR,alfred_sofr_initial,2022-11-28,3.8
SOFR,alfred_sofr_initial,2022-11-29,3.81
SOFR,alfred_sofr_initial,2022-11-30,3.82
SOFR,alfred_sofr_initial,2022-12-01,3.82
SOFR,alfred_sofr_initial,2022-12-02,3.81
SOFR,alfred_sofr_initial,2022-12-05,3.81
SOFR,alfred_sofr_initial,2022-12-06,3.8
SOFR,alfred_sofr_initial,2022-12-07,3.8
SOFR,alfred_sofr_initial,2022-12-08,3.8
SOFR,alfred_sofr_initial,2022-12-09,3.8
SOFR,alfred_sofr_initial,2022-12-12,3.8
SOFR,alfred_sofr_initial,2022-12-13,3.8
SOFR,alfred_sofr_initial,2022-12-14,3.8
SOFR,alfred_sofr_initial,2022-12-15,4.32
SOFR,alfred_sofr_initial,2022-12-16,4.32
SOFR,alfred_sofr_initial,2022-12-19,4.3
SOFR,alfred_sofr_initial,2022-12-20,4.3
SOFR,alfred_sofr_initial,2022-12-21,4.3
SOFR,alfred_sofr_initial,2022-12-22,4.3
SOFR,alfred_sofr_initial,2022-12-23,4.3
SOFR,alfred_sofr_initial,2022-12-27,4.3
SOFR,alfred_sofr_initial,2022-12-28,4.3
SOFR,alfred_sofr_initial,2022-12-29,4.3
SOFR,alfred_sofr_initial,2022-12-30,4.3
SOFR,alfred_sofr_initial,2023-01-03,4.31
SOFR,alfred_sofr_initial,2023-01-04,4.3
SOFR,alfred_sofr_initial,2023-01-05,4.31
SOFR,alfred_sofr_initial,2023-01-06,4.31
SOFR,alfred_sofr_initial,2023-01-09,4.31
SOFR,alfred_sofr_initial,2023-01-10,4.31
SOFR,alfred_sofr_initial,2023-01-11,4.3
SOFR,alfred_sofr_initial,2023-01-12,4.3
SOFR,alfred_sofr_initial,2023-01-13,4.3
SOFR,alfred_sofr_initial,2023-01-17,4.31
SOFR,alfred_sofr_initial,2023-01-18,4.3
SOFR,alfred_sofr_initial,2023-01-19,4.31
SOFR,alfred_sofr_initial,2023-01-20,4.3
SOFR,alfred_sofr_initial,2023-01-23,4.3
SOFR,alfred_sofr_initial,2023-01-24,4.3
SOFR,alfred_sofr_initial,2023-01-25,4.31
SOFR,alfred_sofr_initial,2023-01-26,4.3
SOFR,alfred_sofr_initial,2023-01-27,4.3
SOFR,alfred_sofr_initial,2023-01-30,4.3
SOFR,alfred_sofr_initial,2023-01-31,4.31
SOFR,alfred_sofr_initial,2023-02-01,4.31
SOFR,alfred_sofr_initial,2023-02-02,4.56
SOFR,alfred_sofr_initial,2023-02-03,4.55
SOFR,alfred_sofr_initial,2023-02-06,4.55
SOFR,alfred_sofr_initial,2023-02-07,4.55
SOFR,alfred_sofr_initial,2023-02-08,4.55
SOFR,alfred_sofr_initial,2023-02-09,4.55
SOFR,alfred_sofr_initial,2023-02-10,4.55
SOFR,alfred_sofr_initial,2023-02-13,4.55
SOFR,alfred_sofr_initial,2023-02-14,4.55
SOFR,alfred_sofr_initial,2023-02-15,4.55
SOFR,alfred_sofr_initial,2023-02-16,4.55
SOFR,alfred_sofr_initial,2023-02-17,4.55
SOFR,alfred_sofr_initial,2023-02-21,4.55
SOFR,alfred_sofr_initial,2023-02-22,4.55
SOFR,alfred_sofr_initial,2023-02-23,4.55
SOFR,alfred_sofr_initial,2023-02-24,4.55
SOFR,alfred_sofr_initial,2023-02-27,4.55
SOFR,alfred_sofr_initial,2023-02-28,4.55
SOFR,alfred_sofr_initial,2023-03-01,4.55
SOFR,alfred_sofr_initial,2023-03-02,4.55
SOFR,alfred_sofr_initial,2023-03-03,4.55
SOFR,alfred_sofr_initial,2023-03-06,4.55
SOFR,alfred_sofr_initial,2023-03-07,4.55
SOFR,alfred_sofr_initial,2023-03-08,4.55
SOFR,alfred_sofr_initial,2023-03-09,4.55
SOFR,alfred_sofr_initial,2023-03-10,4.55
SOFR,alfred_sofr_initial,2023-03-13,4.55
SOFR,alfred_sofr_initial,2023-03-14,4.55
SOFR,alfred_sofr_initial,2023-03-15,4.58
SOFR,alfred_sofr_initial,2023-03-16,4.57
SOFR,alfred_sofr_initial,2023-03-17,4.55
SOFR,alfred_sofr_initial,2023-03-20,4.55
SOFR,alfred_sofr_initial,2023-03-21,4.55
SOFR,alfred_sofr_initial,2023-03-22,4.55
SOFR,alfred_sofr_initial,2023-03-23,4.8
SOFR,alfred_sofr_initial,2023-03-24,4.8
SOFR,alfred_sofr_initial,2023-03-27,4.81
SOFR,alfred_sofr_initial,2023-03-28,4.84
SOFR,alfred_sofr_initial,2023-03-29,4.83
SOFR,alfred_sofr_initial,2023-03-30,4.82
SOFR,alfred_sofr_initial,2023-03-31,4.87
SOFR,alfred_sofr_initial,2023-04-03,4.84
SOFR,alfred_sofr_initial,2023-04-04,4.83
SOFR,alfred_sofr_initial,2023-04-05,4.81
SOFR,alfred_sofr_initial,2023-04-06,4.81
SOFR,alfred_sofr_initial,2023-04-10,4.81
SOFR,alfred_sofr_initial,2023-04-11,4.8
SOFR,alfred_sofr_initial,2023-04-12,4.8
SOFR,alfred_sofr_initial,2023-04-13,4.8
SOFR,alfred_sofr_initial,2023-04-14,4.8
SOFR,alfred_sofr_initial,2023-04-17,4.8
SOFR,alfred_sofr_initial,2023-04-18,4.8
SOFR,alfred_sofr_initial,2023-04-19,4.8
SOFR,alfred_sofr_initial,2023-04-20,4.8
SOFR,alfred_sofr_initial,2023-04-21,4.8
SOFR,alfred_sofr_initial,2023-04-24,4.8
SOFR,alfred_sofr_initial,2023-04-25,4.8
SOFR,alfred_sofr_initial,2023-04-26,4.8
SOFR,alfred_sofr_initial,2023-04-27,4.81
SOFR,alfred_sofr_initial,2023-04-28,4.81
SOFR,alfred_sofr_initial,2023-05-01,4.81
SOFR,alfred_sofr_initial,2023-05-02,4.81
SOFR,alfred_sofr_initial,2023-05-03,4.81
SOFR,alfred_sofr_initial,2023-05-04,5.06
SOFR,alfred_sofr_initial,2023-05-05,5.06
SOFR,alfred_sofr_initial,2023-05-08,5.06
SOFR,alfred_sofr_initial,2023-05-09,5.06
SOFR,alfred_sofr_initial,2023-05-10,5.06
SOFR,alfred_sofr_initial,2023-05-11,5.05
SOFR,alfred_sofr_initial,2023-05-12,5.05
SOFR,alfred_sofr_initial,2023-05-15,5.06
SOFR,alfred_sofr_initial,2023-05-16,5.05
SOFR,alfred_sofr_initial,2023-05-17,5.05
SOFR,alfred_sofr_initial,2023-05-18,5.05
SOFR,alfred_sofr_initial,2023-05-19,5.05
SOFR,alfred_sofr_initial,2023-05-22,5.05
SOFR,alfred_sofr_initial,2023-05-23,5.05
SOFR,alfred_sofr_initial,2023-05-24,5.05
SOFR,alfred_sofr_initial,2023-05-25,5.06
SOFR,alfred_sofr_initial,2023-05-26,5.06
SOFR,alfred_sofr_initial,2023-05-30,5.06
SOFR,alfred_sofr_initial,2023-05-31,5.08
SOFR,alfred_sofr_initial,2023-06-01,5.08
SOFR,alfred_sofr_initial,2023-06-02,5.07
SOFR,alfred_sofr_initial,2023-06-05,5.06
SOFR,alfred_sofr_initial,2023-06-06,5.05
SOFR,alfred_sofr_initial,2023-06-07,5.05
SOFR,alfred_sofr_initial,2023-06-08,5.05
SOFR,alfred_sofr_initial,2023-06-09,5.05
SOFR,alfred_sofr_initial,2023-06-12,5.05
SOFR,alfred_sofr_initial,2023-06-13,5.05
SOFR,alfred_sofr_initial,2023-06-14,5.05
SOFR,alfred_sofr_initial,2023-06-15,5.06
SOFR,alfred_sofr_initial,2023-06-16,5.05
SOFR,alfred_sofr_initial,2023-06-20,5.05
SOFR,alfred_sofr_initial,2023-06-21,5.05
SOFR,alfred_sofr_initial,2023-06-22,5.05
SOFR,alfred_sofr_initial,2023-06-23,5.05
SOFR,alfred_sofr_initial,2023-06-26,5.05
SOFR,alfred_sofr_initial,2023-06-27,5.05
SOFR,alfred_sofr_initial,2023-06-28,5.06
SOFR,alfred_sofr_initial,2023-06-29,5.06
SOFR,alfred_sofr_initial,2023-06-30,5.09
SOFR,alfred_sofr_initial,2023-07-03,5.06
SOFR,alfred_sofr_initial,2023-07-05,5.06
SOFR,alfred_sofr_initial,2023-07-06,5.06
SOFR,alfred_sofr_initial,2023-07-07,5.06
SOFR,alfred_sofr_initial,2023-07-10,5.06
SOFR,alfred_sofr_initial,2023-07-11,5.06
SOFR,alfred_sofr_initial,2023-07-12,5.05
SOFR,alfred_sofr_initial,2023-07-13,5.06
SOFR,alfred_sofr_initial,2023-07-14,5.05
SOFR,alfred_sofr_initial,2023-07-17,5.06
SOFR,alfred_sofr_initial,2023-07-18,5.06
SOFR,alfred_sofr_initial,2023-07-19,5.05
SOFR,alfred_sofr_initial,2023-07-20,5.06
SOFR,alfred_sofr_initial,2023-07-21,5.05
SOFR,alfred_sofr_initial,2023-07-24,5.05
SOFR,alfred_sofr_initial,2023-07-25,5.06
SOFR,alfred_sofr_initial,2023-07-26,5.06
SOFR,alfred_sofr_initial,2023-07-27,5.31
SOFR,alfred_sofr_initial,2023-07-28,5.3
SOFR,alfred_sofr_initial,2023-07-31,5.31
SOFR,alfred_sofr_initial,2023-08-01,5.31
SOFR,alfred_sofr_initial,2023-08-02,5.3
SOFR,alfred_sofr_initial,2023-08-03,5.3
SOFR,alfred_sofr_initial,2023-08-04,5.3
SOFR,alfred_sofr_initial,2023-08-07,5.3
SOFR,alfred_sofr_initial,2023-08-08,5.3
SOFR,alfred_sofr_initial,2023-08-09,5.3
SOFR,alfred_sofr_initial,2023-08-10,5.3
SOFR,alfred_sofr_initial,2023-08-11,5.3
SOFR,alfred_sofr_initial,2023-08-14,5.3
SOFR,alfred_sofr_initial,2023-08-15,5.3
SOFR,alfred_sofr_initial,2023-08-16,5.3
SOFR,alfred_sofr_initial,2023-08-17,5.3
SOFR,alfred_sofr_initial,2023-08-18,5.3
SOFR,alfred_sofr_initial,2023-08-21,5.3
SOFR,alfred_sofr_initial,2023-08-22,5.3
SOFR,alfred_sofr_initial,2023-08-23,5.3
SOFR,alfred_sofr_initial,2023-08-24,5.3
SOFR,alfred_sofr_initial,2023-08-25,5.3
SOFR,alfred_sofr_initial,2023-08-28,5.3
SOFR,alfred_sofr_initial,2023-08-29,5.3
SOFR,alfred_sofr_initial,2023-08-30,5.3
SOFR,alfred_sofr_initial,2023-08-31,5.31
SOFR,alfred_sofr_initial,2023-09-01,5.31
SOFR,alfred_sofr_initial,2023-09-05,5.31
SOFR,alfred_sofr_initial,2023-09-06,5.3
SOFR,alfred_sofr_initial,2023-09-07,5.31
SOFR,alfred_sofr_initial,2023-09-08,5.3
SOFR,alfred_sofr_initial,2023-09-11,5.3
SOFR,alfred_sofr_initial,2023-09-12,5.3
SOFR,alfred_sofr_initial,2023-09-13,5.3
SOFR,alfred_sofr_initial,2023-09-14,5.3
SOFR,alfred_sofr_initial,2023-09-15,5.31
SOFR,alfred_sofr_initial,2023-09-18,5.31
SOFR,alfred_sofr_initial,2023-09-19,5.31
SOFR,alfred_sofr_initial,2023-09-20,5.3
SOFR,alfred_sofr_initial,2023-09-21,5.3
SOFR,alfred_sofr_initial,2023-09-22,5.3
SOFR,alfred_sofr_initial,2023-09-25,5.31
SOFR,alfred_sofr_initial,2023-09-26,5.31
SOFR,alfred_sofr_initial,2023-09-27,5.32
SOFR,alfred_sofr_initial,2023-09-28,5.31
SOFR,alfred_sofr_initial,2023-09-29,5.31
SOFR,alfred_sofr_initial,2023-10-02,5.32
SOFR,alfred_sofr_initial,2023-10-03,5.33
SOFR,alfred_sofr_initial,2023-10-04,5.32
SOFR,alfred_sofr_initial,2023-10-05,5.32
SOFR,alfred_sofr_initial,2023-10-06,5.31
SOFR,alfred_sofr_initial,2023-10-10,5.31
SOFR,alfred_sofr_initial,2023-10-11,5.31
SOFR,alfred_sofr_initial,2023-10-12,5.31
SOFR,alfred_sofr_initial,2023-10-13,5.31
SOFR,alfred_sofr_initial,2023-10-16,5.31
SOFR,alfred_sofr_initial,2023-10-17,5.31
SOFR,alfred_sofr_initial,2023-10-18,5.3
SOFR,alfred_sofr_initial,2023-10-19,5.3
SOFR,alfred_sofr_initial,2023-10-20,5.3
SOFR,alfred_sofr_initial,2023-10-23,5.3
SOFR,alfred_sofr_initial,2023-10-24,5.3
SOFR,alfred_sofr_initial,2023-10-25,5.3
SOFR,alfred_sofr_initial,2023-10-26,5.31
SOFR,alfred_sofr_initial,2023-10-27,5.31
SOFR,alfred_sofr_initial,2023-10-30,5.31
SOFR,alfred_sofr_initial,2023-10-31,5.35
SOFR,alfred_sofr_initial,2023-11-01,5.32
SOFR,alfred_sofr_initial,2023-11-02,5.33
SOFR,alfred_sofr_initial,2023-11-03,5.32
SOFR,alfred_sofr_initial,2023-11-06,5.32
SOFR,alfred_sofr_initial,2023-11-07,5.32
SOFR,alfred_sofr_initial,2023-11-08,5.32
SOFR,alfred_sofr_initial,2023-11-09,5.32
SOFR,alfred_sofr_initial,2023-11-10,5.32
SOFR,alfred_sofr_initial,2023-11-13,5.32
SOFR,alfred_sofr_initial,2023-11-14,5.32
SOFR,alfred_sofr_initial,2023-11-15,5.32
SOFR,alfred_sofr_initial,2023-11-16,5.32
SOFR,alfred_sofr_initial,2023-11-17,5.32
SOFR,alfred_sofr_initial,2023-11-20,5.31
SOFR,alfred_sofr_initial,2023-11-21,5.31
SOFR,alfred_sofr_initial,2023-11-22,5.31
SOFR,alfred_sofr_initial,2023-11-24,5.32
SOFR,alfred_sofr_initial,2023-11-27,5.32
SOFR,alfred_sofr_initial,2023-11-28,5.32
SOFR,alfred_sofr_initial,2023-11-29,5.31
SOFR,alfred_sofr_initial,2023-11-30,5.33
SOFR,alfred_sofr_initial,2023-12-01,5.39
SOFR,alfred_sofr_initial,2023-12-04,5.37
SOFR,alfred_sofr_initial,2023-12-05,5.33
SOFR,alfred_sofr_initial,2023-12-06,5.32
SOFR,alfred_sofr_initial,2023-12-07,5.32
SOFR,alfred_sofr_initial,2023-12-08,5.32
SOFR,alfred_sofr_initial,2023-12-11,5.32
SOFR,alfred_sofr_initial,2023-12-12,5.31
SOFR,alfred_sofr_initial,2023-12-13,5.31
SOFR,alfred_sofr_initial,2023-12-14,5.31
SOFR,alfred_sofr_initial,2023-12-15,5.32
SOFR,alfred_sofr_initial,2023-12-18,5.32
SOFR,alfred_sofr_initial,2023-12-19,5.31
SOFR,alfred_sofr_initial,2023-12-20,5.31
SOFR,alfred_sofr_initial,2023-12-21,5.31
SOFR,alfred_sofr_initial,2023-12-22,5.32
SOFR,alfred_sofr_initial,2023-12-26,5.35
SOFR,alfred_sofr_initial,2023-12-27,5.39
SOFR,alfred_sofr_initial,2023-12-28,5.4
SOFR,alfred_sofr_initial,2023-12-29,5.38
SOFR,alfred_sofr_initial,2024-01-02,5.4
SOFR,alfred_sofr_initial,2024-01-03,5.39
SOFR,alfred_sofr_initial,2024-01-04,5.32
SOFR,alfred_sofr_initial,2024-01-05,5.31
SOFR,alfred_sofr_initial,2024-01-08,5.31
SOFR,alfred_sofr_initial,2024-01-09,5.31
SOFR,alfred_sofr_initial,2024-01-10,5.31
SOFR,alfred_sofr_initial,2024-01-11,5.31
SOFR,alfred_sofr_initial,2024-01-12,5.31
SOFR,alfred_sofr_initial,2024-01-16,5.32
SOFR,alfred_sofr_initial,2024-01-17,5.32
SOFR,alfred_sofr_initial,2024-01-18,5.31
SOFR,alfred_sofr_initial,2024-01-19,5.31
SOFR,alfred_sofr_initial,2024-01-22,5.31
SOFR,alfred_sofr_initial,2024-01-23,5.31
SOFR,alfred_sofr_initial,2024-01-24,5.31
SOFR,alfred_sofr_initial,2024-01-25,5.32
SOFR,alfred_sofr_initial,2024-01-26,5.32
SOFR,alfred_sofr_initial,2024-01-29,5.31
SOFR,alfred_sofr_initial,2024-01-30,5.31
SOFR,alfred_sofr_initial,2024-01-31,5.32
SOFR,alfred_sofr_initial,2024-02-01,5.32
SOFR,alfred_sofr_initial,2024-02-02,5.32
SOFR,alfred_sofr_initial,2024-02-05,5.31
SOFR,alfred_sofr_initial,2024-02-06,5.31
SOFR,alfred_sofr_initial,2024-02-07,5.31
SOFR,alfred_sofr_initial,2024-02-08,5.31
SOFR,alfred_sofr_initial,2024-02-09,5.31
SOFR,alfred_sofr_initial,2024-02-12,5.31
SOFR,alfred_sofr_initial,2024-02-13,5.31
SOFR,alfred_sofr_initial,2024-02-14,5.3
SOFR,alfred_sofr_initial,2024-02-15,5.31
SOFR,alfred_sofr_initial,2024-02-16,5.3
SOFR,alfred_sofr_initial,2024-02-20,5.3
SOFR,alfred_sofr_initial,2024-02-21,5.3
SOFR,alfred_sofr_initial,2024-02-22,5.3
SOFR,alfred_sofr_initial,2024-02-23,5.31
SOFR,alfred_sofr_initial,2024-02-26,5.31
SOFR,alfred_sofr_initial,2024-02-27,5.31
SOFR,alfred_sofr_initial,2024-02-28,5.31
SOFR,alfred_sofr_initial,2024-02-29,5.32
SOFR,alfred_sofr_initial,2024-03-01,5.31
SOFR,alfred_sofr_initial,2024-03-04,5.31
SOFR,alfred_sofr_initial,2024-03-05,5.31
SOFR,alfred_sofr_initial,2024-03-06,5.31
SOFR,alfred_sofr_initial,2024-03-07,5.31
SOFR,alfred_sofr_initial,2024-03-08,5.31
SOFR,alfred_sofr_initial,2024-03-11,5.31
SOFR,alfred_sofr_initial,2024-03-12,5.31
SOFR,alfred_sofr_initial,2024-03-13,5.31
SOFR,alfred_sofr_initial,2024-03-14,5.31
SOFR,alfred_sofr_initial,2024-03-15,5.31
SOFR,alfred_sofr_initial,2024-03-18,5.31
SOFR,alfred_sofr_initial,2024-03-19,5.31
SOFR,alfred_sofr_initial,2024-03-20,5.31
SOFR,alfred_sofr_initial,2024-03-21,5.31
SOFR,alfred_sofr_initial,2024-03-22,5.31
SOFR,alfred_sofr_initial,2024-03-25,5.31
SOFR,alfred_sofr_initial,2024-03-26,5.32
SOFR,alfred_sofr_initial,2024-03-27,5.33
SOFR,alfred_sofr_initial,2024-03-28,5.34
SOFR,alfred_sofr_initial,2024-04-01,5.35
SOFR,alfred_sofr_initial,2024-04-02,5.34
SOFR,alfred_sofr_initial,2024-04-03,5.32
SOFR,alfred_sofr_initial,2024-04-04,5.32
SOFR,alfred_sofr_initial,2024-04-05,5.32
SOFR,alfred_sofr_initial,2024-04-08,5.31
SOFR,alfred_sofr_initial,2024-04-09,5.31
SOFR,alfred_sofr_initial,2024-04-10,5.31
SOFR,alfred_sofr_initial,2024-04-11,5.31
SOFR,alfred_sofr_initial,2024-04-12,5.31
SOFR,alfred_sofr_initial,2024-04-15,5.32
SOFR,alfred_sofr_initial,2024-04-16,5.31
SOFR,alfred_sofr_initial,2024-04-17,5.31
SOFR,alfred_sofr_initial,2024-04-18,5.3
SOFR,alfred_sofr_initial,2024-04-19,5.31
SOFR,alfred_sofr_initial,2024-04-22,5.31
SOFR,alfred_sofr_initial,2024-04-23,5.31
SOFR,alfred_sofr_initial,2024-04-24,5.31
SOFR,alfred_sofr_initial,2024-04-25,5.31
SOFR,alfred_sofr_initial,2024-04-26,5.32
SOFR,alfred_sofr_initial,2024-04-29,5.32
SOFR,alfred_sofr_initial,2024-04-30,5.34
SOFR,alfred_sofr_initial,2024-05-01,5.32
SOFR,alfred_sofr_initial,2024-05-02,5.31
SOFR,alfred_sofr_initial,2024-05-03,5.31
SOFR,alfred_sofr_initial,2024-05-06,5.31
SOFR,alfred_sofr_initial,2024-05-07,5.31
SOFR,alfred_sofr_initial,2024-05-08,5.31
SOFR,alfred_sofr_initial,2024-05-09,5.31
SOFR,alfred_sofr_initial,2024-05-10,5.31
SOFR,alfred_sofr_initial,2024-05-13,5.31
SOFR,alfred_sofr_initial,2024-05-14,5.31
SOFR,alfred_sofr_initial,2024-05-15,5.31
SOFR,alfred_sofr_initial,2024-05-16,5.31
SOFR,alfred_sofr_initial,2024-05-17,5.31
SOFR,alfred_sofr_initial,2024-05-20,5.31
SOFR,alfred_sofr_initial,2024-05-21,5.31
SOFR,alfred_sofr_initial,2024-05-22,5.31
SOFR,alfred_sofr_initial,2024-05-23,5.31
SOFR,alfred_sofr_initial,2024-05-24,5.32
SOFR,alfred_sofr_initial,2024-05-28,5.32
SOFR,alfred_sofr_initial,2024-05-29,5.33
SOFR,alfred_sofr_initial,2024-05-30,5.33
SOFR,alfred_sofr_initial,2024-05-31,5.34
SOFR,alfred_sofr_initial,2024-06-03,5.35
SOFR,alfred_sofr_initial,2024-06-04,5.33
SOFR,alfred_sofr_initial,2024-06-05,5.33
SOFR,alfred_sofr_initial,2024-06-06,5.33
SOFR,alfred_sofr_initial,2024-06-07,5.33
SOFR,alfred_sofr_initial,2024-06-10,5.32
SOFR,alfred_sofr_initial,2024-06-11,5.32
SOFR,alfred_sofr_initial,2024-06-12,5.31
SOFR,alfred_sofr_initial,2024-06-13,5.31
SOFR,alfred_sofr_initial,2024-06-14,5.31
SOFR,alfred_sofr_initial,2024-06-17,5.33
SOFR,alfred_sofr_initial,2024-06-18,5.33
SOFR,alfred_sofr_initial,2024-06-20,5.32
SOFR,alfred_sofr_initial,2024-06-21,5.31
SOFR,alfred_sofr_initial,2024-06-24,5.31
SOFR,alfred_sofr_initial,2024-06-25,5.33
SOFR,alfred_sofr_initial,2024-06-26,5.34
SOFR,alfred_sofr_initial,2024-06-27,5.34
SOFR,alfred_sofr_initial,2024-06-28,5.33
SOFR,alfred_sofr_initial,2024-07-01,5.4
SOFR,alfred_sofr_initial,2024-07-02,5.35
SOFR,alfred_sofr_initial,2024-07-03,5.33
SOFR,alfred_sofr_initial,2024-07-05,5.32
SOFR,alfred_sofr_initial,2024-07-08,5.32
SOFR,alfred_sofr_initial,2024-07-09,5.34
SOFR,alfred_sofr_initial,2024-07-10,5.34
SOFR,alfred_sofr_initial,2024-07-11,5.34
SOFR,alfred_sofr_initial,2024-07-12,5.34
SOFR,alfred_sofr_initial,2024-07-15,5.34
SOFR,alfred_sofr_initial,2024-07-16,5.35
SOFR,alfred_sofr_initial,2024-07-17,5.35
SOFR,alfred_sofr_initial,2024-07-18,5.34
SOFR,alfred_sofr_initial,2024-07-19,5.34
SOFR,alfred_sofr_initial,2024-07-22,5.33
SOFR,alfred_sofr_initial,2024-07-23,5.34
SOFR,alfred_sofr_initial,2024-07-24,5.34
SOFR,alfred_sofr_initial,2024-07-25,5.35
SOFR,alfred_sofr_initial,2024-07-26,5.35
SOFR,alfred_sofr_initial,2024-07-29,5.33
SOFR,alfred_sofr_initial,2024-07-30,5.33
SOFR,alfred_sofr_initial,2024-07-31,5.38
SOFR,alfred_sofr_initial,2024-08-01,5.35
SOFR,alfred_sofr_initial,2024-08-02,5.35
SOFR,alfred_sofr_initial,2024-08-05,5.32
SOFR,alfred_sofr_initial,2024-08-06,5.33
SOFR,alfred_sofr_initial,2024-08-07,5.33
SOFR,alfred_sofr_initial,2024-08-08,5.34
SOFR,alfred_sofr_initial,2024-08-09,5.34
SOFR,alfred_sofr_initial,2024-08-12,5.34
SOFR,alfred_sofr_initial,2024-08-13,5.34
SOFR,alfred_sofr_initial,2024-08-14,5.33
SOFR,alfred_sofr_initial,2024-08-15,5.35
SOFR,alfred_sofr_initial,2024-08-16,5.32
SOFR,alfred_sofr_initial,2024-08-19,5.32
SOFR,alfred_sofr_initial,2024-08-20,5.32
SOFR,alfred_sofr_initial,2024-08-21,5.31
SOFR,alfred_sofr_initial,2024-08-22,5.31
SOFR,alfred_sofr_initial,2024-08-23,5.33
SOFR,alfred_sofr_initial,2024-08-26,5.34
SOFR,alfred_sofr_initial,2024-08-27,5.35
SOFR,alfred_sofr_initial,2024-08-28,5.35
SOFR,alfred_sofr_initial,2024-08-29,5.33
SOFR,alfred_sofr_initial,2024-08-30,5.32
SOFR,alfred_sofr_initial,2024-09-03,5.34
SOFR,alfred_sofr_initial,2024-09-04,5.35
SOFR,alfred_sofr_initial,2024-09-05,5.35
SOFR,alfred_sofr_initial,2024-09-06,5.34
SOFR,alfred_sofr_initial,2024-09-09,5.34
SOFR,alfred_sofr_initial,2024-09-10,5.33
SOFR,alfred_sofr_initial,2024-09-11,5.32
SOFR,alfred_sofr_initial,2024-09-12,5.33
SOFR,alfred_sofr_initial,2024-09-13,5.33
SOFR,alfred_sofr_initial,2024-09-16,5.38
SOFR,alfred_sofr_initial,2024-09-17,5.38
SOFR,alfred_sofr_initial,2024-09-18,5.33
SOFR,alfred_sofr_initial,2024-09-19,4.82
SOFR,alfred_sofr_initial,2024-09-20,4.83
SOFR,alfred_sofr_initial,2024-09-23,4.83
SOFR,alfred_sofr_initial,2024-09-24,4.84
SOFR,alfred_sofr_initial,2024-09-25,4.84
SOFR,alfred_sofr_initial,2024-09-26,4.83
SOFR,alfred_sofr_initial,2024-09-27,4.84
SOFR,alfred_sofr_initial,2024-09-30,4.96
SOFR,alfred_sofr_initial,2024-10-01,5.05
SOFR,alfred_sofr_initial,2024-10-02,4.92
SOFR,alfred_sofr_initial,2024-10-03,4.85
SOFR,alfred_sofr_initial,2024-10-04,4.83
SOFR,alfred_sofr_initial,2024-10-07,4.83
SOFR,alfred_sofr_initial,2024-10-08,4.84
SOFR,alfred_sofr_initial,2024-10-09,4.83
SOFR,alfred_sofr_initial,2024-10-10,4.82
SOFR,alfred_sofr_initial,2024-10-11,4.81
SOFR,alfred_sofr_initial,2024-10-15,4.86
SOFR,alfred_sofr_initial,2024-10-16,4.86
SOFR,alfred_sofr_initial,2024-10-17,4.85
SOFR,alfred_sofr_initial,2024-10-18,4.84
SOFR,alfred_sofr_initial,2024-10-21,4.82
SOFR,alfred_sofr_initial,2024-10-22,4.83
SOFR,alfred_sofr_initial,2024-10-23,4.83
SOFR,alfred_sofr_initial,2024-10-24,4.83
SOFR,alfred_sofr_initial,2024-10-25,4.83
SOFR,alfred_sofr_initial,2024-10-28,4.82
SOFR,alfred_sofr_initial,2024-10-29,4.82
SOFR,alfred_sofr_initial,2024-10-30,4.81
SOFR,alfred_sofr_initial,2024-10-31,4.9
SOFR,alfred_sofr_initial,2024-11-01,4.86
SOFR,alfred_sofr_initial,2024-11-04,4.82
SOFR,alfred_sofr_initial,2024-11-05,4.82
SOFR,alfred_sofr_initial,2024-11-06,4.81
SOFR,alfred_sofr_initial,2024-11-07,4.82
SOFR,alfred_sofr_initial,2024-11-08,4.6
SOFR,alfred_sofr_initial,2024-11-12,4.6
SOFR,alfred_sofr_initial,2024-11-13,4.59
SOFR,alfred_sofr_initial,2024-11-14,4.58
SOFR,alfred_sofr_initial,2024-11-15,4.57
SOFR,alfred_sofr_initial,2024-11-18,4.57
SOFR,alfred_sofr_initial,2024-11-19,4.57
SOFR,alfred_sofr_initial,2024-11-20,4.56
SOFR,alfred_sofr_initial,2024-11-21,4.57
SOFR,alfred_sofr_initial,2024-11-22,4.57
SOFR,alfred_sofr_initial,2024-11-25,4.58
SOFR,alfred_sofr_initial,2024-11-26,4.58
SOFR,alfred_sofr_initial,2024-11-27,4.57
SOFR,alfred_sofr_initial,2024-11-29,4.59
SOFR,alfred_sofr_initial,2024-12-02,4.64
SOFR,alfred_sofr_initial,2024-12-03,4.64
SOFR,alfred_sofr_initial,2024-12-04,4.59
SOFR,alfred_sofr_initial,2024-12-05,4.59
SOFR,alfred_sofr_initial,2024-12-06,4.6
SOFR,alfred_sofr_initial,2024-12-09,4.63
SOFR,alfred_sofr_initial,2024-12-10,4.64
SOFR,alfred_sofr_initial,2024-12-11,4.62
SOFR,alfred_sofr_initial,2024-12-12,4.62
SOFR,alfred_sofr_initial,2024-12-13,4.6
SOFR,alfred_sofr_initial,2024-12-16,4.65
SOFR,alfred_sofr_initial,2024-12-17,4.62
SOFR,alfred_sofr_initial,2024-12-18,4.57
SOFR,alfred_sofr_initial,2024-12-19,4.3
SOFR,alfred_sofr_initial,2024-12-20,4.3
SOFR,alfred_sofr_initial,2024-12-23,4.31
SOFR,alfred_sofr_initial,2024-12-24,4.4
SOFR,alfred_sofr_initial,2024-12-26,4.53
SOFR,alfred_sofr_initial,2024-12-27,4.46
SOFR,alfred_sofr_initial,2024-12-30,4.37
SOFR,alfred_sofr_initial,2024-12-31,4.49
SOFR,alfred_sofr_initial,2025-01-02,4.4
SOFR,alfred_sofr_initial,2025-01-03,4.31
SOFR,alfred_sofr_initial,2025-01-06,4.27
SOFR,alfred_sofr_initial,2025-01-07,4.27
SOFR,alfred_sofr_initial,2025-01-08,4.29
SOFR,alfred_sofr_initial,2025-01-09,4.3
SOFR,alfred_sofr_initial,2025-01-10,4.3
SOFR,alfred_sofr_initial,2025-01-13,4.29
SOFR,alfred_sofr_initial,2025-01-14,4.28
SOFR,alfred_sofr_initial,2025-01-15,4.28
SOFR,alfred_sofr_initial,2025-01-16,4.29
SOFR,alfred_sofr_initial,2025-01-17,4.29
SOFR,alfred_sofr_initial,2025-01-21,4.29
SOFR,alfred_sofr_initial,2025-01-22,4.3
SOFR,alfred_sofr_initial,2025-01-23,4.35
SOFR,alfred_sofr_initial,2025-01-24,4.34
SOFR,alfred_sofr_initial,2025-01-27,4.34
SOFR,alfred_sofr_initial,2025-01-28,4.35
SOFR,alfred_sofr_initial,2025-01-29,4.35
SOFR,alfred_sofr_initial,2025-01-30,4.36
SOFR,alfred_sofr_initial,2025-01-31,4.38
SOFR,alfred_sofr_initial,2025-02-03,4.35
SOFR,alfred_sofr_initial,2025-02-04,4.33
SOFR,alfred_sofr_initial,2025-02-05,4.33
SOFR,alfred_sofr_initial,2025-02-06,4.36
SOFR,alfred_sofr_initial,2025-02-07,4.35
SOFR,alfred_sofr_initial,2025-02-10,4.35
SOFR,alfred_sofr_initial,2025-02-11,4.34
SOFR,alfred_sofr_initial,2025-02-12,4.32
SOFR,alfred_sofr_initial,2025-02-13,4.33
SOFR,alfred_sofr_initial,2025-02-14,4.33
SOFR,alfred_sofr_initial,2025-02-18,4.37
SOFR,alfred_sofr_initial,2025-02-19,4.35
SOFR,alfred_sofr_initial,2025-02-20,4.33
SOFR,alfred_sofr_initial,2025-02-21,4.34
SOFR,alfred_sofr_initial,2025-02-24,4.34
SOFR,alfred_sofr_initial,2025-02-25,4.33
SOFR,alfred_sofr_initial,2025-02-26,4.33
SOFR,alfred_sofr_initial,2025-02-27,4.36
SOFR,alfred_sofr_initial,2025-02-28,4.39
SOFR,alfred_sofr_initial,2025-03-03,4.33
SOFR,alfred_sofr_initial,2025-03-04,4.33
SOFR,alfred_sofr_initial,2025-03-05,4.34
SOFR,alfred_sofr_initial,2025-03-06,4.35
SOFR,alfred_sofr_initial,2025-03-07,4.34
SOFR,alfred_sofr_initial,2025-03-10,4.33
SOFR,alfred_sofr_initial,2025-03-11,4.32
SOFR,alfred_sofr_initial,2025-03-12,4.31
SOFR,alfred_sofr_initial,2025-03-13,4.3
SOFR,alfred_sofr_initial,2025-03-14,4.3
SOFR,alfred_sofr_initial,2025-03-17,4.32
SOFR,alfred_sofr_initial,2025-03-18,4.31
SOFR,alfred_sofr_initial,2025-03-19,4.29
SOFR,alfred_sofr_initial,2025-03-20,4.29
SOFR,alfred_sofr_initial,2025-03-21,4.3
SOFR,alfred_sofr_initial,2025-03-24,4.31
SOFR,alfred_sofr_initial,2025-03-25,4.33
SOFR,alfred_sofr_initial,2025-03-26,4.35
SOFR,alfred_sofr_initial,2025-03-27,4.36
SOFR,alfred_sofr_initial,2025-03-28,4.34
SOFR,alfred_sofr_initial,2025-03-31,4.41
SOFR,alfred_sofr_initial,2025-04-01,4.39
SOFR,alfred_sofr_initial,2025-04-02,4.37
SOFR,alfred_sofr_initial,2025-04-03,4.39
SOFR,alfred_sofr_initial,2025-04-04,4.35
SOFR,alfred_sofr_initial,2025-04-07,4.33
SOFR,alfred_sofr_initial,2025-04-08,4.4
SOFR,alfred_sofr_initial,2025-04-09,4.42
SOFR,alfred_sofr_initial,2025-04-10,4.37
SOFR,alfred_sofr_initial,2025-04-11,4.33
SOFR,alfred_sofr_initial,2025-04-14,4.33
SOFR,alfred_sofr_initial,2025-04-15,4.36
SOFR,alfred_sofr_initial,2025-04-16,4.31
SOFR,alfred_sofr_initial,2025-04-17,4.32
SOFR,alfred_sofr_initial,2025-04-21,4.32
SOFR,alfred_sofr_initial,2025-04-22,4.3
SOFR,alfred_sofr_initial,2025-04-23,4.28
SOFR,alfred_sofr_initial,2025-04-24,4.29
SOFR,alfred_sofr_initial,2025-04-25,4.33
SOFR,alfred_sofr_initial,2025-04-28,4.36
SOFR,alfred_sofr_initial,2025-04-29,4.36
SOFR,alfred_sofr_initial,2025-04-30,4.41
SOFR,alfred_sofr_initial,2025-05-01,4.39
SOFR,alfred_sofr_initial,2025-05-02,4.36
SOFR,alfred_sofr_initial,2025-05-05,4.33
SOFR,alfred_sofr_initial,2025-05-06,4.32
SOFR,alfred_sofr_initial,2025-05-07,4.3
SOFR,alfred_sofr_initial,2025-05-08,4.29
SOFR,alfred_sofr_initial,2025-05-09,4.28
SOFR,alfred_sofr_initial,2025-05-12,4.28
SOFR,alfred_sofr_initial,2025-05-13,4.3
SOFR,alfred_sofr_initial,2025-05-14,4.29
SOFR,alfred_sofr_initial,2025-05-15,4.31
SOFR,alfred_sofr_initial,2025-05-16,4.3
SOFR,alfred_sofr_initial,2025-05-19,4.29
SOFR,alfred_sofr_initial,2025-05-20,4.27
SOFR,alfred_sofr_initial,2025-05-21,4.26
SOFR,alfred_sofr_initial,2025-05-22,4.26
SOFR,alfred_sofr_initial,2025-05-23,4.26
SOFR,alfred_sofr_initial,2025-05-27,4.31
SOFR,alfred_sofr_initial,2025-05-28,4.33
SOFR,alfred_sofr_initial,2025-05-29,4.33
SOFR,alfred_sofr_initial,2025-05-30,4.35
SOFR,alfred_sofr_initial,2025-06-02,4.35
SOFR,alfred_sofr_initial,2025-06-03,4.32
SOFR,alfred_sofr_initial,2025-06-04,4.28
SOFR,alfred_sofr_initial,2025-06-05,4.29
SOFR,alfred_sofr_initial,2025-06-06,4.29
SOFR,alfred_sofr_initial,2025-06-09,4.29
SOFR,alfred_sofr_initial,2025-06-10,4.28
SOFR,alfred_sofr_initial,2025-06-11,4.28
SOFR,alfred_sofr_initial,2025-06-12,4.28
SOFR,alfred_sofr_initial,2025-06-13,4.28
SOFR,alfred_sofr_initial,2025-06-16,4.32
SOFR,alfred_sofr_initial,2025-06-17,4.31
SOFR,alfred_sofr_initial,2025-06-18,4.28
SOFR,alfred_sofr_initial,2025-06-20,4.29
SOFR,alfred_sofr_initial,2025-06-23,4.29
SOFR,alfred_sofr_initial,2025-06-24,4.3
SOFR,alfred_sofr_initial,2025-06-25,4.36
SOFR,alfred_sofr_initial,2025-06-26,4.4
SOFR,alfred_sofr_initial,2025-06-27,4.39
SOFR,alfred_sofr_initial,2025-06-30,4.45
SOFR,alfred_sofr_initial,2025-07-01,4.44
SOFR,alfred_sofr_initial,2025-07-02,4.4
SOFR,alfred_sofr_initial,2025-07-03,4.35
SOFR,alfred_sofr_initial,2025-07-07,4.33
SOFR,alfred_sofr_initial,2025-07-08,4.34
SOFR,alfred_sofr_initial,2025-07-09,4.32
SOFR,alfred_sofr_initial,2025-07-10,4.31
SOFR,alfred_sofr_initial,2025-07-11,4.31
SOFR,alfred_sofr_initial,2025-07-14,4.33
SOFR,alfred_sofr_initial,2025-07-15,4.37
SOFR,alfred_sofr_initial,2025-07-16,4.34
SOFR,alfred_sofr_initial,2025-07-17,4.34
SOFR,alfred_sofr_initial,2025-07-18,4.3
SOFR,alfred_sofr_initial,2025-07-21,4.28
SOFR,alfred_sofr_initial,2025-07-22,4.28
SOFR,alfred_sofr_initial,2025-07-23,4.28
SOFR,alfred_sofr_initial,2025-07-24,4.3
SOFR,alfred_sofr_initial,2025-07-25,4.36
SOFR,alfred_sofr_initial,2025-07-28,4.36
SOFR,alfred_sofr_initial,2025-07-29,4.36
SOFR,alfred_sofr_initial,2025-07-30,4.32
SOFR,alfred_sofr_initial,2025-07-31,4.39
SOFR,alfred_sofr_initial,2025-08-01,4.34
SOFR,alfred_sofr_initial,2025-08-04,4.33
SOFR,alfred_sofr_initial,2025-08-05,4.34
SOFR,alfred_sofr_initial,2025-08-06,4.34
SOFR,alfred_sofr_initial,2025-08-07,4.35
SOFR,alfred_sofr_initial,2025-08-08,4.35
SOFR,alfred_sofr_initial,2025-08-11,4.34
SOFR,alfred_sofr_initial,2025-08-12,4.36
SOFR,alfred_sofr_initial,2025-08-13,4.33
SOFR,alfred_sofr_initial,2025-08-14,4.34
SOFR,alfred_sofr_initial,2025-08-15,4.36
SOFR,alfred_sofr_initial,2025-08-18,4.34
SOFR,alfred_sofr_initial,2025-08-19,4.33
SOFR,alfred_sofr_initial,2025-08-20,4.31
SOFR,alfred_sofr_initial,2025-08-21,4.32
SOFR,alfred_sofr_initial,2025-08-22,4.36
SOFR,alfred_sofr_initial,2025-08-25,4.37
SOFR,alfred_sofr_initial,2025-08-26,4.38
SOFR,alfred_sofr_initial,2025-08-27,4.36
SOFR,alfred_sofr_initial,2025-08-28,4.34
SOFR,alfred_sofr_initial,2025-08-29,4.34
SOFR,alfred_sofr_initial,2025-09-02,4.39
SOFR,alfred_sofr_initial,2025-09-03,4.39
SOFR,alfred_sofr_initial,2025-09-04,4.41
SOFR,alfred_sofr_initial,2025-09-05,4.42
SOFR,alfred_sofr_initial,2025-09-08,4.4
SOFR,alfred_sofr_initial,2025-09-09,4.4
SOFR,alfred_sofr_initial,2025-09-10,4.39
SOFR,alfred_sofr_initial,2025-09-11,4.41
SOFR,alfred_sofr_initial,2025-09-12,4.42
SOFR,alfred_sofr_initial,2025-09-15,4.51
SOFR,alfred_sofr_initial,2025-09-16,4.39
SOFR,alfred_sofr_initial,2025-09-17,4.38
SOFR,alfred_sofr_initial,2025-09-18,4.14
SOFR,alfred_sofr_initial,2025-09-19,4.14
SOFR,alfred_sofr_initial,2025-09-22,4.14
SOFR,alfred_sofr_initial,2025-09-23,4.12
SOFR,alfred_sofr_initial,2025-09-24,4.13
SOFR,alfred_sofr_initial,2025-09-25,4.18
SOFR,alfred_sofr_initial,2025-09-26,4.16
SOFR,alfred_sofr_initial,2025-09-29,4.13
SOFR,alfred_sofr_initial,2025-09-30,4.24
SOFR,alfred_sofr_initial,2025-10-01,4.2
SOFR,alfred_sofr_initial,2025-10-02,4.2
SOFR,alfred_sofr_initial,2025-10-03,4.18
SOFR,alfred_sofr_initial,2025-10-06,4.15
SOFR,alfred_sofr_initial,2025-10-07,4.14
SOFR,alfred_sofr_initial,2025-10-08,4.12
SOFR,alfred_sofr_initial,2025-10-09,4.13
SOFR,alfred_sofr_initial,2025-10-10,4.15
SOFR,alfred_sofr_initial,2025-10-14,4.19
SOFR,alfred_sofr_initial,2025-10-15,4.29
SOFR,alfred_sofr_initial,2025-10-16,4.3
SOFR,alfred_sofr_initial,2025-10-17,4.18
SOFR,alfred_sofr_initial,2025-10-20,4.16
SOFR,alfred_sofr_initial,2025-10-21,4.23
SOFR,alfred_sofr_initial,2025-10-22,4.21
SOFR,alfred_sofr_initial,2025-10-23,4.24
SOFR,alfred_sofr_initial,2025-10-24,4.24
SOFR,alfred_sofr_initial,2025-10-27,4.27
SOFR,alfred_sofr_initial,2025-10-28,4.31
SOFR,alfred_sofr_initial,2025-10-29,4.27
SOFR,alfred_sofr_initial,2025-10-30,4.04
SOFR,alfred_sofr_initial,2025-10-31,4.22
SOFR,alfred_sofr_initial,2025-11-03,4.13
SOFR,alfred_sofr_initial,2025-11-04,4.0
SOFR,alfred_sofr_initial,2025-11-05,3.91
SOFR,alfred_sofr_initial,2025-11-06,3.92
SOFR,alfred_sofr_initial,2025-11-07,3.93
SOFR,alfred_sofr_initial,2025-11-10,3.95
SOFR,alfred_sofr_initial,2025-11-12,3.98
SOFR,alfred_sofr_initial,2025-11-13,4.0
SOFR,alfred_sofr_initial,2025-11-14,3.95
SOFR,alfred_sofr_initial,2025-11-17,4.0
SOFR,alfred_sofr_initial,2025-11-18,3.94
SOFR,alfred_sofr_initial,2025-11-19,3.91
SOFR,alfred_sofr_initial,2025-11-20,3.91
SOFR,alfred_sofr_initial,2025-11-21,3.93
SOFR,alfred_sofr_initial,2025-11-24,3.96
SOFR,alfred_sofr_initial,2025-11-25,4.01
SOFR,alfred_sofr_initial,2025-11-26,4.05
SOFR,alfred_sofr_initial,2025-11-28,4.12
SOFR,alfred_sofr_initial,2025-12-01,4.12
SOFR,alfred_sofr_initial,2025-12-02,4.01
SOFR,alfred_sofr_initial,2025-12-03,3.95
SOFR,alfred_sofr_initial,2025-12-04,3.92
SOFR,alfred_sofr_initial,2025-12-05,3.93
SOFR,alfred_sofr_initial,2025-12-08,3.95
SOFR,alfred_sofr_initial,2025-12-09,3.93
SOFR,alfred_sofr_initial,2025-12-10,3.9
SOFR,alfred_sofr_initial,2025-12-11,3.66
SOFR,alfred_sofr_initial,2025-12-12,3.67
SOFR,alfred_sofr_initial,2025-12-15,3.75
SOFR,alfred_sofr_initial,2025-12-16,3.69
SOFR,alfred_sofr_initial,2025-12-17,3.69
SOFR,alfred_sofr_initial,2025-12-18,3.66
SOFR,alfred_sofr_initial,2025-12-19,3.66
SOFR,alfred_sofr_initial,2025-12-22,3.68
SOFR,alfred_sofr_initial,2025-12-23,3.66
SOFR,alfred_sofr_initial,2025-12-24,3.66
SOFR,alfred_sofr_initial,2025-12-26,3.76
SOFR,alfred_sofr_initial,2025-12-29,3.77
SOFR,alfred_sofr_initial,2025-12-30,3.71
SOFR,alfred_sofr_initial,2025-12-31,3.87
SOFR,alfred_sofr_initial,2026-01-02,3.75
SOFR,alfred_sofr_initial,2026-01-05,3.7
SOFR,alfred_sofr_initial,2026-01-06,3.66
SOFR,alfred_sofr_initial,2026-01-07,3.65
SOFR,alfred_sofr_initial,2026-01-08,3.64
SOFR,alfred_sofr_initial,2026-01-09,3.64
SOFR,alfred_sofr_initial,2026-01-12,3.64
SOFR,alfred_sofr_initial,2026-01-13,3.65
SOFR,alfred_sofr_initial,2026-01-14,3.64
SOFR,alfred_sofr_initial,2026-01-15,3.66
SOFR,alfred_sofr_initial,2026-01-16,3.65
SOFR,alfred_sofr_initial,2026-01-20,3.64
SOFR,alfred_sofr_initial,2026-01-21,3.63
SOFR,alfred_sofr_initial,2026-01-22,3.64
SOFR,alfred_sofr_initial,2026-01-23,3.65
SOFR,alfred_sofr_initial,2026-01-26,3.66
SOFR,alfred_sofr_initial,2026-01-27,3.66
SOFR,alfred_sofr_initial,2026-01-28,3.64
SOFR,alfred_sofr_initial,2026-01-29,3.65
SOFR,alfred_sofr_initial,2026-01-30,3.68
SOFR,alfred_sofr_initial,2026-02-02,3.69
SOFR,alfred_sofr_initial,2026-02-03,3.69
SOFR,alfred_sofr_initial,2026-02-04,3.65
SOFR,alfred_sofr_initial,2026-02-05,3.65
SOFR,alfred_sofr_initial,2026-02-06,3.64
SOFR,alfred_sofr_initial,2026-02-09,3.63
SOFR,alfred_sofr_initial,2026-02-10,3.65
SOFR,alfred_sofr_initial,2026-02-11,3.65
SOFR,alfred_sofr_initial,2026-02-12,3.65
SOFR,alfred_sofr_initial,2026-02-13,3.66
SOFR,alfred_sofr_initial,2026-02-17,3.71
SOFR,alfred_sofr_initial,2026-02-18,3.73
SOFR,alfred_sofr_initial,2026-02-19,3.67
SOFR,alfred_sofr_initial,2026-02-20,3.66
SOFR,alfred_sofr_initial,2026-02-23,3.66
SOFR,alfred_sofr_initial,2026-02-24,3.67
SOFR,alfred_sofr_initial,2026-02-25,3.67
SOFR,alfred_sofr_initial,2026-02-26,3.67
SOFR,alfred_sofr_initial,2026-02-27,3.68
SOFR,alfred_sofr_initial,2026-03-02,3.71
SOFR,alfred_sofr_initial,2026-03-03,3.7
SOFR,alfred_sofr_initial,2026-03-04,3.67
SOFR,alfred_sofr_initial,2026-03-05,3.66
SOFR,alfred_sofr_initial,2026-03-06,3.65
SOFR,alfred_sofr_initial,2026-03-09,3.65
SOFR,alfred_sofr_initial,2026-03-10,3.64
SOFR,alfred_sofr_initial,2026-03-11,3.64
SOFR,alfred_sofr_initial,2026-03-12,3.65
SOFR,alfred_sofr_initial,2026-03-13,3.65
SOFR,alfred_sofr_initial,2026-03-16,3.7
SOFR,alfred_sofr_initial,2026-03-17,3.65
SOFR,alfred_sofr_initial,2026-03-18,3.62
SOFR,alfred_sofr_initial,2026-03-19,3.62
SOFR,alfred_sofr_initial,2026-03-20,3.62
SOFR,alfred_sofr_initial,2026-03-23,3.62
SOFR,alfred_sofr_initial,2026-03-24,3.63
SOFR,alfred_sofr_initial,2026-03-25,3.64
SOFR,alfred_sofr_initial,2026-03-26,3.65
SOFR,alfred_sofr_initial,2026-03-27,3.63
SOFR,alfred_sofr_initial,2026-03-30,3.63
SOFR,alfred_sofr_initial,2026-03-31,3.68
SOFR,alfred_sofr_initial,2026-04-01,3.65
SOFR,alfred_sofr_initial,2026-04-02,3.66
SOFR,alfred_sofr_initial,2026-04-06,3.65
SOFR,alfred_sofr_initial,2026-04-07,3.62
SOFR,alfred_sofr_initial,2026-04-08,3.59
SOFR,alfred_sofr_initial,2026-04-09,3.57
SOFR,alfred_sofr_initial,2026-04-10,3.61
SOFR,alfred_sofr_initial,2026-04-13,3.63
SOFR,alfred_sofr_initial,2026-04-14,3.66
SOFR,alfred_sofr_initial,2026-04-15,3.72
SOFR,alfred_sofr_initial,2026-04-16,3.67
SOFR,alfred_sofr_initial,2026-04-17,3.65
SOFR,alfred_sofr_initial,2026-04-20,3.63
SOFR,alfred_sofr_initial,2026-04-21,3.63
SOFR,alfred_sofr_initial,2026-04-22,3.64
SOFR,alfred_sofr_initial,2026-04-23,3.65
SOFR,alfred_sofr_initial,2026-04-24,3.66
SOFR,alfred_sofr_initial,2026-04-27,3.66
SOFR,alfred_sofr_initial,2026-04-28,3.64
SOFR,alfred_sofr_initial,2026-04-29,3.63
SOFR,alfred_sofr_initial,2026-04-30,3.66
SOFR,alfred_sofr_initial,2026-05-01,3.64
SOFR,alfred_sofr_initial,2026-05-04,3.63
SOFR,alfred_sofr_initial,2026-05-05,3.62
SOFR,alfred_sofr_initial,2026-05-06,3.61
SOFR,alfred_sofr_initial,2026-05-07,3.6
SOFR,alfred_sofr_initial,2026-05-08,3.6
SOFR,alfred_sofr_initial,2026-05-11,3.6
SOFR,alfred_sofr_initial,2026-05-12,3.6
SOFR,alfred_sofr_initial,2026-05-13,3.59
SOFR,alfred_sofr_initial,2026-05-14,3.56
SOFR,alfred_sofr_initial,2026-05-15,3.55
SOFR,alfred_sofr_initial,2026-05-18,3.53
SOFR,alfred_sofr_initial,2026-05-19,3.51
SOFR,alfred_sofr_initial,2026-05-20,3.5
SOFR,alfred_sofr_initial,2026-05-21,3.51
SOFR,alfred_sofr_initial,2026-05-22,3.55
SOFR,alfred_sofr_initial,2026-05-26,3.63
SOFR,alfred_sofr_initial,2026-05-27,3.63
SOFR,alfred_sofr_initial,2026-05-28,3.62
SOFR,alfred_sofr_initial,2026-05-29,3.63
SOFR,alfred_sofr_initial,2026-06-01,3.65
SOFR,alfred_sofr_initial,2026-06-02,3.63
SOFR,alfred_sofr_initial,2026-06-03,3.61
SOFR,alfred_sofr_initial,2026-06-04,3.62
SOFR,alfred_sofr_initial,2026-06-05,3.63
SOFR,alfred_sofr_initial,2026-06-08,3.63
SOFR,alfred_sofr_initial,2026-06-09,3.6
SOFR,alfred_sofr_initial,2026-06-10,3.59
SOFR,alfred_sofr_initial,2026-06-11,3.6
SOFR,alfred_sofr_initial,2026-06-12,3.65
SOFR,alfred_sofr_initial,2026-06-15,3.69
SOFR,alfred_sofr_initial,2026-06-16,3.63
SOFR,alfred_sofr_initial,2026-06-17,3.63
SOFR,alfred_sofr_initial,2026-06-18,3.62
SOFR,alfred_sofr_initial,2026-06-22,3.61
SOFR,alfred_sofr_initial,2026-06-23,3.62
SOFR,alfred_sofr_initial,2026-06-24,3.62
SOFR,alfred_sofr_initial,2026-06-25,3.64
SOFR,alfred_sofr_initial,2026-06-26,3.62
SOFR,alfred_sofr_initial,2026-06-29,3.62
SOFR,alfred_sofr_initial,2026-06-30,3.68
SOFR,alfred_sofr_initial,2026-07-01,3.66
SOFR,alfred_sofr_initial,2026-07-02,3.64
SOFR,alfred_sofr_initial,2026-07-06,3.63
SOFR,alfred_sofr_initial,2026-07-07,3.62
SOFR,alfred_sofr_initial,2026-07-08,3.58
SOFR,alfred_sofr_initial,2026-07-09,3.53
SOFR,alfred_sofr_initial,2026-07-10,3.55
SOFR,alfred_sofr_initial,2026-07-13,3.6
SOFR,alfred_sofr_initial,2026-07-14,3.63
SOFR,alfred_sofr_initial,2026-07-15,3.64
SOFR,alfred_sofr_initial,2026-07-16,3.62
SOFR,alfred_sofr_initial,2026-07-17,3.59
SOFR,alfred_sofr_initial,2026-07-20,3.57
SOFR,alfred_sofr_initial,2026-07-21,3.61
SOFR,alfred_sofr_initial,2026-07-22,3.62
SOFR,alfred_sofr_initial,2026-07-23,3.64
SOFR,alfred_sofr_initial,2026-07-24,3.64
SOFR,alfred_sofr_initial,2026-07-27,3.64
SOFR,alfred_sofr_initial,2026-07-28,3.65
SOFR,alfred_sofr_initial,2026-07-29,3.65
SOFR,alfred_sofr_initial,2026-07-30,3.65
SOFR,alfred_sofr_initial,2026-07-31,3.66
SOFR,alfred_sofr_initial,2026-08-03,3.65
SOFR,alfred_sofr_initial,2026-08-04,3.66
SOFR,alfred_sofr_initial,2026-08-05,3.64
SOFR,alfred_sofr_initial,2026-08-06,3.65
SOFR,alfred_sofr_initial,2026-08-07,3.62
SOFR,alfred_sofr_initial,2026-08-10,3.63
SOFR,alfred_sofr_initial,2026-08-11,3.64
SOFR,alfred_sofr_initial,2026-08-12,3.62
SOFR,alfred_sofr_initial,2026-08-13,3.62
SOFR,alfred_sofr_initial,2026-08-14,3.62
SOFR,alfred_sofr_initial,2026-08-17,3.66
SOFR,alfred_sofr_initial,2026-08-18,3.65
SOFR,alfred_sofr_initial,2026-08-19,3.62
SOFR,alfred_sofr_initial,2026-08-20,3.63
SOFR,alfred_sofr_initial,2026-08-21,3.65
SOFR,alfred_sofr_initial,2026-08-24,3.65
SOFR,alfred_sofr_initial,2026-08-25,3.66
SOFR,alfred_sofr_initial,2026-08-26,3.64
SOFR,alfred_sofr_initial,2026-08-27,3.64
SOFR,alfred_sofr_initial,2026-08-28,3.65
SOFR,alfred_sofr_initial,2026-08-31,3.68
SOFR,alfred_sofr_initial,2026-09-01,3.66
SOFR,alfred_sofr_initial,2026-09-02,3.65
SOFR,alfred_sofr_initial,2026-09-03,3.66
SOFR,alfred_sofr_initial,2026-09-04,3.65
SOFR,alfred_sofr_initial,2026-09-08,3.64
SOFR,alfred_sofr_initial,2026-09-09,3.64
SOFR,alfred_sofr_initial,2026-09-10,3.62
SOFR,alfred_sofr_initial,2026-09-11,3.62
SOFR,alfred_sofr_initial,2026-09-14,3.62
SOFR,alfred_sofr_initial,2026-09-15,3.64
T10Y2Y,alfred_yield_curve_10y_2y_initial,2017-01-03,1.23
T10Y2Y,alfred_yield_curve_10y_2y_initial,2017-01-04,1.22
T10Y2Y,alfred_yield_curve_10y_2y_initial,2017-01-05,1.2
T10Y2Y,alfred_yield_curve_10y_2y_initial,2017-01-06,1.2
T10Y2Y,alfred_yield_curve_10y_2y_initial,2017-01-09,1.17
T10Y2Y,alfred_yield_curve_10y_2y_initial,2017-01-10,1.19
T10Y2Y,alfred_yield_curve_10y_2y_initial,2017-01-11,1.18
T10Y2Y,alfred_yield_curve_10y_2y_initial,2017-01-12,1.18
T10Y2Y,alfred_yield_curve_10y_2y_initial,2017-01-13,1.19
T10Y2Y,alfred_yield_curve_10y_2y_initial,2017-01-17,1.16
T10Y2Y,alfred_yield_curve_10y_2y_initial,2017-01-18,1.19
T10Y2Y,alfred_yield_curve_10y_2y_initial,2017-01-19,1.22
T10Y2Y,alfred_yield_curve_10y_2y_initial,2017-01-20,1.28
T10Y2Y,alfred_yield_curve_10y_2y_initial,2017-01-23,1.25
T10Y2Y,alfred_yield_curve_10y_2y_initial,2017-01-24,1.26
T10Y2Y,alfred_yield_curve_10y_2y_initial,2017-01-25,1.3
T10Y2Y,alfred_yield_curve_10y_2y_initial,2017-01-26,1.3
T10Y2Y,alfred_yield_curve_10y_2y_initial,2017-01-27,1.27
T10Y2Y,alfred_yield_curve_10y_2y_initial,2017-01-30,1.27
T10Y2Y,alfred_yield_curve_10y_2y_initial,2017-01-31,1.26
T10Y2Y,alfred_yield_curve_10y_2y_initial,2017-02-01,1.26
T10Y2Y,alfred_yield_curve_10y_2y_initial,2017-02-02,1.27
T10Y2Y,alfred_yield_curve_10y_2y_initial,2017-02-03,1.28
T10Y2Y,alfred_yield_curve_10y_2y_initial,2017-02-06,1.26
T10Y2Y,alfred_yield_curve_10y_2y_initial,2017-02-07,1.24
T10Y2Y,alfred_yield_curve_10y_2y_initial,2017-02-08,1.19
T10Y2Y,alfred_yield_curve_10y_2y_initial,2017-02-09,1.2
T10Y2Y,alfred_yield_curve_10y_2y_initial,2017-02-10,1.21
T10Y2Y,alfred_yield_curve_10y_2y_initial,2017-02-13,1.23
T10Y2Y,alfred_yield_curve_10y_2y_initial,2017-02-14,1.22
T10Y2Y,alfred_yield_curve_10y_2y_initial,2017-02-15,1.24
T10Y2Y,alfred_yield_curve_10y_2y_initial,2017-02-16,1.23
T10Y2Y,alfred_yield_curve_10y_2y_initial,2017-02-17,1.21
T10Y2Y,alfred_yield_curve_10y_2y_initial,2017-02-21,1.21
T10Y2Y,alfred_yield_curve_10y_2y_initial,2017-02-22,1.2
T10Y2Y,alfred_yield_curve_10y_2y_initial,2017-02-23,1.2
T10Y2Y,alfred_yield_curve_10y_2y_initial,2017-02-24,1.19
T10Y2Y,alfred_yield_curve_10y_2y_initial,2017-02-27,1.16
T10Y2Y,alfred_yield_curve_10y_2y_initial,2017-02-28,1.14
T10Y2Y,alfred_yield_curve_10y_2y_initial,2017-03-01,1.17
T10Y2Y,alfred_yield_curve_10y_2y_initial,2017-03-02,1.17
T10Y2Y,alfred_yield_curve_10y_2y_initial,2017-03-03,1.17
T10Y2Y,alfred_yield_curve_10y_2y_initial,2017-03-06,1.18
T10Y2Y,alfred_yield_curve_10y_2y_initial,2017-03-07,1.2
T10Y2Y,alfred_yield_curve_10y_2y_initial,2017-03-08,1.21
T10Y2Y,alfred_yield_curve_10y_2y_initial,2017-03-09,1.23
T10Y2Y,alfred_yield_curve_10y_2y_initial,2017-03-10,1.22
T10Y2Y,alfred_yield_curve_10y_2y_initial,2017-03-13,1.22
T10Y2Y,alfred_yield_curve_10y_2y_initial,2017-03-14,1.2
T10Y2Y,alfred_yield_curve_10y_2y_initial,2017-03-15,1.18
T10Y2Y,alfred_yield_curve_10y_2y_initial,2017-03-16,1.18
T10Y2Y,alfred_yield_curve_10y_2y_initial,2017-03-17,1.17
T10Y2Y,alfred_yield_curve_10y_2y_initial,2017-03-20,1.17
T10Y2Y,alfred_yield_curve_10y_2y_initial,2017-03-21,1.16
T10Y2Y,alfred_yield_curve_10y_2y_initial,2017-03-22,1.13
T10Y2Y,alfred_yield_curve_10y_2y_initial,2017-03-23,1.15
T10Y2Y,alfred_yield_curve_10y_2y_initial,2017-03-24,1.14
T10Y2Y,alfred_yield_curve_10y_2y_initial,2017-03-27,1.11
T10Y2Y,alfred_yield_curve_10y_2y_initial,2017-03-28,1.12
T10Y2Y,alfred_yield_curve_10y_2y_initial,2017-03-29,1.13
T10Y2Y,alfred_yield_curve_10y_2y_initial,2017-03-30,1.14
T10Y2Y,alfred_yield_curve_10y_2y_initial,2017-03-31,1.13
T10Y2Y,alfred_yield_curve_10y_2y_initial,2017-04-03,1.11
T10Y2Y,alfred_yield_curve_10y_2y_initial,2017-04-04,1.11
T10Y2Y,alfred_yield_curve_10y_2y_initial,2017-04-05,1.1
T10Y2Y,alfred_yield_curve_10y_2y_initial,2017-04-06,1.1
T10Y2Y,alfred_yield_curve_10y_2y_initial,2017-04-07,1.09
T10Y2Y,alfred_yield_curve_10y_2y_initial,2017-04-10,1.08
T10Y2Y,alfred_yield_curve_10y_2y_initial,2017-04-11,1.08
T10Y2Y,alfred_yield_curve_10y_2y_initial,2017-04-12,1.04
T10Y2Y,alfred_yield_curve_10y_2y_initial,2017-04-13,1.03
T10Y2Y,alfred_yield_curve_10y_2y_initial,2017-04-17,1.05
T10Y2Y,alfred_yield_curve_10y_2y_initial,2017-04-18,1.0
T10Y2Y,alfred_yield_curve_10y_2y_initial,2017-04-19,1.02
T10Y2Y,alfred_yield_curve_10y_2y_initial,2017-04-20,1.03
T10Y2Y,alfred_yield_curve_10y_2y_initial,2017-04-21,1.04
T10Y2Y,alfred_yield_curve_10y_2y_initial,2017-04-24,1.03
T10Y2Y,alfred_yield_curve_10y_2y_initial,2017-04-25,1.06
T10Y2Y,alfred_yield_curve_10y_2y_initial,2017-04-26,1.04
T10Y2Y,alfred_yield_curve_10y_2y_initial,2017-04-27,1.05
T10Y2Y,alfred_yield_curve_10y_2y_initial,2017-04-28,1.01
T10Y2Y,alfred_yield_curve_10y_2y_initial,2017-05-01,1.05
T10Y2Y,alfred_yield_curve_10y_2y_initial,2017-05-02,1.02
T10Y2Y,alfred_yield_curve_10y_2y_initial,2017-05-03,1.03
T10Y2Y,alfred_yield_curve_10y_2y_initial,2017-05-04,1.04
T10Y2Y,alfred_yield_curve_10y_2y_initial,2017-05-05,1.04
T10Y2Y,alfred_yield_curve_10y_2y_initial,2017-05-08,1.06
T10Y2Y,alfred_yield_curve_10y_2y_initial,2017-05-09,1.05
T10Y2Y,alfred_yield_curve_10y_2y_initial,2017-05-10,1.06
T10Y2Y,alfred_yield_curve_10y_2y_initial,2017-05-11,1.04
T10Y2Y,alfred_yield_curve_10y_2y_initial,2017-05-12,1.04
T10Y2Y,alfred_yield_curve_10y_2y_initial,2017-05-15,1.03
T10Y2Y,alfred_yield_curve_10y_2y_initial,2017-05-16,1.04
T10Y2Y,alfred_yield_curve_10y_2y_initial,2017-05-17,0.96
T10Y2Y,alfred_yield_curve_10y_2y_initial,2017-05-18,0.96
T10Y2Y,alfred_yield_curve_10y_2y_initial,2017-05-19,0.95
T10Y2Y,alfred_yield_curve_10y_2y_initial,2017-05-22,0.96
T10Y2Y,alfred_yield_curve_10y_2y_initial,2017-05-23,0.98
T10Y2Y,alfred_yield_curve_10y_2y_initial,2017-05-24,0.97
T10Y2Y,alfred_yield_curve_10y_2y_initial,2017-05-25,0.95
T10Y2Y,alfred_yield_curve_10y_2y_initial,2017-05-26,0.95
T10Y2Y,alfred_yield_curve_10y_2y_initial,2017-05-30,0.93
T10Y2Y,alfred_yield_curve_10y_2y_initial,2017-05-31,0.93
T10Y2Y,alfred_yield_curve_10y_2y_initial,2017-06-01,0.93
T10Y2Y,alfred_yield_curve_10y_2y_initial,2017-06-02,0.87
T10Y2Y,alfred_yield_curve_10y_2y_initial,2017-06-05,0.86
T10Y2Y,alfred_yield_curve_10y_2y_initial,2017-06-06,0.84
T10Y2Y,alfred_yield_curve_10y_2y_initial,2017-06-07,0.86
T10Y2Y,alfred_yield_curve_10y_2y_initial,2017-06-08,0.86
T10Y2Y,alfred_yield_curve_10y_2y_initial,2017-06-09,0.86
T10Y2Y,alfred_yield_curve_10y_2y_initial,2017-06-12,0.86
T10Y2Y,alfred_yield_curve_10y_2y_initial,2017-06-13,0.83
T10Y2Y,alfred_yield_curve_10y_2y_initial,2017-06-14,0.8
T10Y2Y,alfred_yield_curve_10y_2y_initial,2017-06-15,0.81
T10Y2Y,alfred_yield_curve_10y_2y_initial,2017-06-16,0.84
T10Y2Y,alfred_yield_curve_10y_2y_initial,2017-06-19,0.83
T10Y2Y,alfred_yield_curve_10y_2y_initial,2017-06-20,0.8
T10Y2Y,alfred_yield_curve_10y_2y_initial,2017-06-21,0.8
T10Y2Y,alfred_yield_curve_10y_2y_initial,2017-06-22,0.81
T10Y2Y,alfred_yield_curve_10y_2y_initial,2017-06-23,0.81
T10Y2Y,alfred_yield_curve_10y_2y_initial,2017-06-26,0.78
T10Y2Y,alfred_yield_curve_10y_2y_initial,2017-06-27,0.83
T10Y2Y,alfred_yield_curve_10y_2y_initial,2017-06-28,0.88
T10Y2Y,alfred_yield_curve_10y_2y_initial,2017-06-29,0.89
T10Y2Y,alfred_yield_curve_10y_2y_initial,2017-06-30,0.93
T10Y2Y,alfred_yield_curve_10y_2y_initial,2017-07-03,0.94
T10Y2Y,alfred_yield_curve_10y_2y_initial,2017-07-05,0.92
T10Y2Y,alfred_yield_curve_10y_2y_initial,2017-07-06,0.97
T10Y2Y,alfred_yield_curve_10y_2y_initial,2017-07-07,0.99
T10Y2Y,alfred_yield_curve_10y_2y_initial,2017-07-10,0.98
T10Y2Y,alfred_yield_curve_10y_2y_initial,2017-07-11,1.0
T10Y2Y,alfred_yield_curve_10y_2y_initial,2017-07-12,0.98
T10Y2Y,alfred_yield_curve_10y_2y_initial,2017-07-13,0.98
T10Y2Y,alfred_yield_curve_10y_2y_initial,2017-07-14,0.98
T10Y2Y,alfred_yield_curve_10y_2y_initial,2017-07-17,0.95
T10Y2Y,alfred_yield_curve_10y_2y_initial,2017-07-18,0.91
T10Y2Y,alfred_yield_curve_10y_2y_initial,2017-07-19,0.9
T10Y2Y,alfred_yield_curve_10y_2y_initial,2017-07-20,0.9
T10Y2Y,alfred_yield_curve_10y_2y_initial,2017-07-21,0.88
T10Y2Y,alfred_yield_curve_10y_2y_initial,2017-07-24,0.89
T10Y2Y,alfred_yield_curve_10y_2y_initial,2017-07-25,0.93
T10Y2Y,alfred_yield_curve_10y_2y_initial,2017-07-26,0.93
T10Y2Y,alfred_yield_curve_10y_2y_initial,2017-07-27,0.96
T10Y2Y,alfred_yield_curve_10y_2y_initial,2017-07-28,0.96
T10Y2Y,alfred_yield_curve_10y_2y_initial,2017-07-31,0.96
T10Y2Y,alfred_yield_curve_10y_2y_initial,2017-08-01,0.92
T10Y2Y,alfred_yield_curve_10y_2y_initial,2017-08-02,0.91
T10Y2Y,alfred_yield_curve_10y_2y_initial,2017-08-03,0.9
T10Y2Y,alfred_yield_curve_10y_2y_initial,2017-08-04,0.91
T10Y2Y,alfred_yield_curve_10y_2y_initial,2017-08-07,0.9
T10Y2Y,alfred_yield_curve_10y_2y_initial,2017-08-08,0.93
T10Y2Y,alfred_yield_curve_10y_2y_initial,2017-08-09,0.91
T10Y2Y,alfred_yield_curve_10y_2y_initial,2017-08-10,0.87
T10Y2Y,alfred_yield_curve_10y_2y_initial,2017-08-11,0.89
T10Y2Y,alfred_yield_curve_10y_2y_initial,2017-08-14,0.89
T10Y2Y,alfred_yield_curve_10y_2y_initial,2017-08-15,0.92
T10Y2Y,alfred_yield_curve_10y_2y_initial,2017-08-16,0.9
T10Y2Y,alfred_yield_curve_10y_2y_initial,2017-08-17,0.87
T10Y2Y,alfred_yield_curve_10y_2y_initial,2017-08-18,0.86
T10Y2Y,alfred_yield_curve_10y_2y_initial,2017-08-21,0.86
T10Y2Y,alfred_yield_curve_10y_2y_initial,2017-08-22,0.89
T10Y2Y,alfred_yield_curve_10y_2y_initial,2017-08-23,0.85
T10Y2Y,alfred_yield_curve_10y_2y_initial,2017-08-24,0.86
T10Y2Y,alfred_yield_curve_10y_2y_initial,2017-08-25,0.82
T10Y2Y,alfred_yield_curve_10y_2y_initial,2017-08-28,0.83
T10Y2Y,alfred_yield_curve_10y_2y_initial,2017-08-29,0.8
T10Y2Y,alfred_yield_curve_10y_2y_initial,2017-08-30,0.82
T10Y2Y,alfred_yield_curve_10y_2y_initial,2017-08-31,0.79
T10Y2Y,alfred_yield_curve_10y_2y_initial,2017-09-01,0.81
T10Y2Y,alfred_yield_curve_10y_2y_initial,2017-09-05,0.77
T10Y2Y,alfred_yield_curve_10y_2y_initial,2017-09-06,0.8
T10Y2Y,alfred_yield_curve_10y_2y_initial,2017-09-07,0.78
T10Y2Y,alfred_yield_curve_10y_2y_initial,2017-09-08,0.79
T10Y2Y,alfred_yield_curve_10y_2y_initial,2017-09-11,0.82
T10Y2Y,alfred_yield_curve_10y_2y_initial,2017-09-12,0.84
T10Y2Y,alfred_yield_curve_10y_2y_initial,2017-09-13,0.85
T10Y2Y,alfred_yield_curve_10y_2y_initial,2017-09-14,0.83
T10Y2Y,alfred_yield_curve_10y_2y_initial,2017-09-15,0.81
T10Y2Y,alfred_yield_curve_10y_2y_initial,2017-09-18,0.83
T10Y2Y,alfred_yield_curve_10y_2y_initial,2017-09-19,0.84
T10Y2Y,alfred_yield_curve_10y_2y_initial,2017-09-20,0.83
T10Y2Y,alfred_yield_curve_10y_2y_initial,2017-09-21,0.82
T10Y2Y,alfred_yield_curve_10y_2y_initial,2017-09-22,0.8
T10Y2Y,alfred_yield_curve_10y_2y_initial,2017-09-25,0.78
T10Y2Y,alfred_yield_curve_10y_2y_initial,2017-09-26,0.79
T10Y2Y,alfred_yield_curve_10y_2y_initial,2017-09-27,0.84
T10Y2Y,alfred_yield_curve_10y_2y_initial,2017-09-28,0.86
T10Y2Y,alfred_yield_curve_10y_2y_initial,2017-09-29,0.86
T10Y2Y,alfred_yield_curve_10y_2y_initial,2017-10-02,0.85
T10Y2Y,alfred_yield_curve_10y_2y_initial,2017-10-03,0.86
T10Y2Y,alfred_yield_curve_10y_2y_initial,2017-10-04,0.86
T10Y2Y,alfred_yield_curve_10y_2y_initial,2017-10-05,0.86
T10Y2Y,alfred_yield_curve_10y_2y_initial,2017-10-06,0.83
T10Y2Y,alfred_yield_curve_10y_2y_initial,2017-10-10,0.84
T10Y2Y,alfred_yield_curve_10y_2y_initial,2017-10-11,0.84
T10Y2Y,alfred_yield_curve_10y_2y_initial,2017-10-12,0.82
T10Y2Y,alfred_yield_curve_10y_2y_initial,2017-10-13,0.77
T10Y2Y,alfred_yield_curve_10y_2y_initial,2017-10-16,0.76
T10Y2Y,alfred_yield_curve_10y_2y_initial,2017-10-17,0.76
T10Y2Y,alfred_yield_curve_10y_2y_initial,2017-10-18,0.75
T10Y2Y,alfred_yield_curve_10y_2y_initial,2017-10-19,0.75
T10Y2Y,alfred_yield_curve_10y_2y_initial,2017-10-20,0.79
T10Y2Y,alfred_yield_curve_10y_2y_initial,2017-10-23,0.8
T10Y2Y,alfred_yield_curve_10y_2y_initial,2017-10-24,0.82
T10Y2Y,alfred_yield_curve_10y_2y_initial,2017-10-25,0.83
T10Y2Y,alfred_yield_curve_10y_2y_initial,2017-10-26,0.83
T10Y2Y,alfred_yield_curve_10y_2y_initial,2017-10-27,0.83
T10Y2Y,alfred_yield_curve_10y_2y_initial,2017-10-30,0.79
T10Y2Y,alfred_yield_curve_10y_2y_initial,2017-10-31,0.78
T10Y2Y,alfred_yield_curve_10y_2y_initial,2017-11-01,0.76
T10Y2Y,alfred_yield_curve_10y_2y_initial,2017-11-02,0.74
T10Y2Y,alfred_yield_curve_10y_2y_initial,2017-11-03,0.71
T10Y2Y,alfred_yield_curve_10y_2y_initial,2017-11-06,0.71
T10Y2Y,alfred_yield_curve_10y_2y_initial,2017-11-07,0.69
T10Y2Y,alfred_yield_curve_10y_2y_initial,2017-11-08,0.67
T10Y2Y,alfred_yield_curve_10y_2y_initial,2017-11-09,0.7
T10Y2Y,alfred_yield_curve_10y_2y_initial,2017-11-10,0.73
T10Y2Y,alfred_yield_curve_10y_2y_initial,2017-11-13,0.7
T10Y2Y,alfred_yield_curve_10y_2y_initial,2017-11-14,0.7
T10Y2Y,alfred_yield_curve_10y_2y_initial,2017-11-15,0.65
T10Y2Y,alfred_yield_curve_10y_2y_initial,2017-11-16,0.65
T10Y2Y,alfred_yield_curve_10y_2y_initial,2017-11-17,0.62
T10Y2Y,alfred_yield_curve_10y_2y_initial,2017-11-20,0.6
T10Y2Y,alfred_yield_curve_10y_2y_initial,2017-11-21,0.59
T10Y2Y,alfred_yield_curve_10y_2y_initial,2017-11-22,0.58
T10Y2Y,alfred_yield_curve_10y_2y_initial,2017-11-24,0.59
T10Y2Y,alfred_yield_curve_10y_2y_initial,2017-11-27,0.58
T10Y2Y,alfred_yield_curve_10y_2y_initial,2017-11-28,0.59
T10Y2Y,alfred_yield_curve_10y_2y_initial,2017-11-29,0.59
T10Y2Y,alfred_yield_curve_10y_2y_initial,2017-11-30,0.64
T10Y2Y,alfred_yield_curve_10y_2y_initial,2017-12-01,0.59
T10Y2Y,alfred_yield_curve_10y_2y_initial,2017-12-04,0.57
T10Y2Y,alfred_yield_curve_10y_2y_initial,2017-12-05,0.53
T10Y2Y,alfred_yield_curve_10y_2y_initial,2017-12-06,0.55
T10Y2Y,alfred_yield_curve_10y_2y_initial,2017-12-07,0.57
T10Y2Y,alfred_yield_curve_10y_2y_initial,2017-12-08,0.58
T10Y2Y,alfred_yield_curve_10y_2y_initial,2017-12-11,0.57
T10Y2Y,alfred_yield_curve_10y_2y_initial,2017-12-12,0.57
T10Y2Y,alfred_yield_curve_10y_2y_initial,2017-12-13,0.57
T10Y2Y,alfred_yield_curve_10y_2y_initial,2017-12-14,0.53
T10Y2Y,alfred_yield_curve_10y_2y_initial,2017-12-15,0.51
T10Y2Y,alfred_yield_curve_10y_2y_initial,2017-12-18,0.55
T10Y2Y,alfred_yield_curve_10y_2y_initial,2017-12-19,0.59
T10Y2Y,alfred_yield_curve_10y_2y_initial,2017-12-20,0.62
T10Y2Y,alfred_yield_curve_10y_2y_initial,2017-12-21,0.59
T10Y2Y,alfred_yield_curve_10y_2y_initial,2017-12-22,0.57
T10Y2Y,alfred_yield_curve_10y_2y_initial,2017-12-26,0.55
T10Y2Y,alfred_yield_curve_10y_2y_initial,2017-12-27,0.53
T10Y2Y,alfred_yield_curve_10y_2y_initial,2017-12-28,0.52
T10Y2Y,alfred_yield_curve_10y_2y_initial,2017-12-29,0.51
T10Y2Y,alfred_yield_curve_10y_2y_initial,2018-01-02,0.54
T10Y2Y,alfred_yield_curve_10y_2y_initial,2018-01-03,0.5
T10Y2Y,alfred_yield_curve_10y_2y_initial,2018-01-04,0.5
T10Y2Y,alfred_yield_curve_10y_2y_initial,2018-01-05,0.51
T10Y2Y,alfred_yield_curve_10y_2y_initial,2018-01-08,0.53
T10Y2Y,alfred_yield_curve_10y_2y_initial,2018-01-09,0.57
T10Y2Y,alfred_yield_curve_10y_2y_initial,2018-01-10,0.57
T10Y2Y,alfred_yield_curve_10y_2y_initial,2018-01-11,0.56
T10Y2Y,alfred_yield_curve_10y_2y_initial,2018-01-12,0.56
T10Y2Y,alfred_yield_curve_10y_2y_initial,2018-01-16,0.51
T10Y2Y,alfred_yield_curve_10y_2y_initial,2018-01-17,0.52
T10Y2Y,alfred_yield_curve_10y_2y_initial,2018-01-18,0.57
T10Y2Y,alfred_yield_curve_10y_2y_initial,2018-01-19,0.58
T10Y2Y,alfred_yield_curve_10y_2y_initial,2018-01-22,0.58
T10Y2Y,alfred_yield_curve_10y_2y_initial,2018-01-23,0.57
T10Y2Y,alfred_yield_curve_10y_2y_initial,2018-01-24,0.57
T10Y2Y,alfred_yield_curve_10y_2y_initial,2018-01-25,0.55
T10Y2Y,alfred_yield_curve_10y_2y_initial,2018-01-26,0.53
T10Y2Y,alfred_yield_curve_10y_2y_initial,2018-01-29,0.59
T10Y2Y,alfred_yield_curve_10y_2y_initial,2018-01-30,0.6
T10Y2Y,alfred_yield_curve_10y_2y_initial,2018-01-31,0.58
T10Y2Y,alfred_yield_curve_10y_2y_initial,2018-02-01,0.62
T10Y2Y,alfred_yield_curve_10y_2y_initial,2018-02-02,0.69
T10Y2Y,alfred_yield_curve_10y_2y_initial,2018-02-05,0.69
T10Y2Y,alfred_yield_curve_10y_2y_initial,2018-02-06,0.69
T10Y2Y,alfred_yield_curve_10y_2y_initial,2018-02-07,0.69
T10Y2Y,alfred_yield_curve_10y_2y_initial,2018-02-08,0.72
T10Y2Y,alfred_yield_curve_10y_2y_initial,2018-02-09,0.78
T10Y2Y,alfred_yield_curve_10y_2y_initial,2018-02-12,0.77
T10Y2Y,alfred_yield_curve_10y_2y_initial,2018-02-13,0.73
T10Y2Y,alfred_yield_curve_10y_2y_initial,2018-02-14,0.74
T10Y2Y,alfred_yield_curve_10y_2y_initial,2018-02-15,0.71
T10Y2Y,alfred_yield_curve_10y_2y_initial,2018-02-16,0.66
T10Y2Y,alfred_yield_curve_10y_2y_initial,2018-02-20,0.63
T10Y2Y,alfred_yield_curve_10y_2y_initial,2018-02-21,0.68
T10Y2Y,alfred_yield_curve_10y_2y_initial,2018-02-22,0.67
T10Y2Y,alfred_yield_curve_10y_2y_initial,2018-02-23,0.63
T10Y2Y,alfred_yield_curve_10y_2y_initial,2018-02-26,0.64
T10Y2Y,alfred_yield_curve_10y_2y_initial,2018-02-27,0.63
T10Y2Y,alfred_yield_curve_10y_2y_initial,2018-02-28,0.62
T10Y2Y,alfred_yield_curve_10y_2y_initial,2018-03-01,0.59
T10Y2Y,alfred_yield_curve_10y_2y_initial,2018-03-02,0.61
T10Y2Y,alfred_yield_curve_10y_2y_initial,2018-03-05,0.64
T10Y2Y,alfred_yield_curve_10y_2y_initial,2018-03-06,0.63
T10Y2Y,alfred_yield_curve_10y_2y_initial,2018-03-07,0.64
T10Y2Y,alfred_yield_curve_10y_2y_initial,2018-03-08,0.61
T10Y2Y,alfred_yield_curve_10y_2y_initial,2018-03-09,0.63
T10Y2Y,alfred_yield_curve_10y_2y_initial,2018-03-12,0.6
T10Y2Y,alfred_yield_curve_10y_2y_initial,2018-03-13,0.58
T10Y2Y,alfred_yield_curve_10y_2y_initial,2018-03-14,0.55
T10Y2Y,alfred_yield_curve_10y_2y_initial,2018-03-15,0.53
T10Y2Y,alfred_yield_curve_10y_2y_initial,2018-03-16,0.54
T10Y2Y,alfred_yield_curve_10y_2y_initial,2018-03-19,0.54
T10Y2Y,alfred_yield_curve_10y_2y_initial,2018-03-20,0.55
T10Y2Y,alfred_yield_curve_10y_2y_initial,2018-03-21,0.58
T10Y2Y,alfred_yield_curve_10y_2y_initial,2018-03-22,0.54
T10Y2Y,alfred_yield_curve_10y_2y_initial,2018-03-23,0.54
T10Y2Y,alfred_yield_curve_10y_2y_initial,2018-03-26,0.52
T10Y2Y,alfred_yield_curve_10y_2y_initial,2018-03-27,0.52
T10Y2Y,alfred_yield_curve_10y_2y_initial,2018-03-28,0.49
T10Y2Y,alfred_yield_curve_10y_2y_initial,2018-03-29,0.47
T10Y2Y,alfred_yield_curve_10y_2y_initial,2018-04-02,0.48
T10Y2Y,alfred_yield_curve_10y_2y_initial,2018-04-03,0.51
T10Y2Y,alfred_yield_curve_10y_2y_initial,2018-04-04,0.51
T10Y2Y,alfred_yield_curve_10y_2y_initial,2018-04-05,0.53
T10Y2Y,alfred_yield_curve_10y_2y_initial,2018-04-06,0.5
T10Y2Y,alfred_yield_curve_10y_2y_initial,2018-04-09,0.49
T10Y2Y,alfred_yield_curve_10y_2y_initial,2018-04-10,0.48
T10Y2Y,alfred_yield_curve_10y_2y_initial,2018-04-11,0.47
T10Y2Y,alfred_yield_curve_10y_2y_initial,2018-04-12,0.49
T10Y2Y,alfred_yield_curve_10y_2y_initial,2018-04-13,0.45
T10Y2Y,alfred_yield_curve_10y_2y_initial,2018-04-16,0.44
T10Y2Y,alfred_yield_curve_10y_2y_initial,2018-04-17,0.41
T10Y2Y,alfred_yield_curve_10y_2y_initial,2018-04-18,0.45
T10Y2Y,alfred_yield_curve_10y_2y_initial,2018-04-19,0.48
T10Y2Y,alfred_yield_curve_10y_2y_initial,2018-04-20,0.5
T10Y2Y,alfred_yield_curve_10y_2y_initial,2018-04-23,0.49
T10Y2Y,alfred_yield_curve_10y_2y_initial,2018-04-24,0.52
T10Y2Y,alfred_yield_curve_10y_2y_initial,2018-04-25,0.54
T10Y2Y,alfred_yield_curve_10y_2y_initial,2018-04-26,0.51
T10Y2Y,alfred_yield_curve_10y_2y_initial,2018-04-27,0.47
T10Y2Y,alfred_yield_curve_10y_2y_initial,2018-04-30,0.46
T10Y2Y,alfred_yield_curve_10y_2y_initial,2018-05-01,0.47
T10Y2Y,alfred_yield_curve_10y_2y_initial,2018-05-02,0.48
T10Y2Y,alfred_yield_curve_10y_2y_initial,2018-05-03,0.45
T10Y2Y,alfred_yield_curve_10y_2y_initial,2018-05-04,0.44
T10Y2Y,alfred_yield_curve_10y_2y_initial,2018-05-07,0.46
T10Y2Y,alfred_yield_curve_10y_2y_initial,2018-05-08,0.46
T10Y2Y,alfred_yield_curve_10y_2y_initial,2018-05-09,0.46
T10Y2Y,alfred_yield_curve_10y_2y_initial,2018-05-10,0.43
T10Y2Y,alfred_yield_curve_10y_2y_initial,2018-05-11,0.43
T10Y2Y,alfred_yield_curve_10y_2y_initial,2018-05-14,0.45
T10Y2Y,alfred_yield_curve_10y_2y_initial,2018-05-15,0.5
T10Y2Y,alfred_yield_curve_10y_2y_initial,2018-05-16,0.51
T10Y2Y,alfred_yield_curve_10y_2y_initial,2018-05-17,0.54
T10Y2Y,alfred_yield_curve_10y_2y_initial,2018-05-18,0.51
T10Y2Y,alfred_yield_curve_10y_2y_initial,2018-05-21,0.48
T10Y2Y,alfred_yield_curve_10y_2y_initial,2018-05-22,0.47
T10Y2Y,alfred_yield_curve_10y_2y_initial,2018-05-23,0.48
T10Y2Y,alfred_yield_curve_10y_2y_initial,2018-05-24,0.48
T10Y2Y,alfred_yield_curve_10y_2y_initial,2018-05-25,0.45
T10Y2Y,alfred_yield_curve_10y_2y_initial,2018-05-29,0.45
T10Y2Y,alfred_yield_curve_10y_2y_initial,2018-05-30,0.42
T10Y2Y,alfred_yield_curve_10y_2y_initial,2018-05-31,0.43
T10Y2Y,alfred_yield_curve_10y_2y_initial,2018-06-01,0.42
T10Y2Y,alfred_yield_curve_10y_2y_initial,2018-06-04,0.42
T10Y2Y,alfred_yield_curve_10y_2y_initial,2018-06-05,0.43
T10Y2Y,alfred_yield_curve_10y_2y_initial,2018-06-06,0.45
T10Y2Y,alfred_yield_curve_10y_2y_initial,2018-06-07,0.43
T10Y2Y,alfred_yield_curve_10y_2y_initial,2018-06-08,0.43
T10Y2Y,alfred_yield_curve_10y_2y_initial,2018-06-11,0.44
T10Y2Y,alfred_yield_curve_10y_2y_initial,2018-06-12,0.42
T10Y2Y,alfred_yield_curve_10y_2y_initial,2018-06-13,0.39
T10Y2Y,alfred_yield_curve_10y_2y_initial,2018-06-14,0.35
T10Y2Y,alfred_yield_curve_10y_2y_initial,2018-06-15,0.38
T10Y2Y,alfred_yield_curve_10y_2y_initial,2018-06-18,0.36
T10Y2Y,alfred_yield_curve_10y_2y_initial,2018-06-19,0.35
T10Y2Y,alfred_yield_curve_10y_2y_initial,2018-06-20,0.37
T10Y2Y,alfred_yield_curve_10y_2y_initial,2018-06-21,0.34
T10Y2Y,alfred_yield_curve_10y_2y_initial,2018-06-22,0.34
T10Y2Y,alfred_yield_curve_10y_2y_initial,2018-06-25,0.33
T10Y2Y,alfred_yield_curve_10y_2y_initial,2018-06-26,0.35
T10Y2Y,alfred_yield_curve_10y_2y_initial,2018-06-27,0.31
T10Y2Y,alfred_yield_curve_10y_2y_initial,2018-06-28,0.32
T10Y2Y,alfred_yield_curve_10y_2y_initial,2018-06-29,0.33
T10Y2Y,alfred_yield_curve_10y_2y_initial,2018-07-02,0.3
T10Y2Y,alfred_yield_curve_10y_2y_initial,2018-07-03,0.3
T10Y2Y,alfred_yield_curve_10y_2y_initial,2018-07-05,0.29
T10Y2Y,alfred_yield_curve_10y_2y_initial,2018-07-06,0.29
T10Y2Y,alfred_yield_curve_10y_2y_initial,2018-07-09,0.29
T10Y2Y,alfred_yield_curve_10y_2y_initial,2018-07-10,0.28
T10Y2Y,alfred_yield_curve_10y_2y_initial,2018-07-11,0.27
T10Y2Y,alfred_yield_curve_10y_2y_initial,2018-07-12,0.25
T10Y2Y,alfred_yield_curve_10y_2y_initial,2018-07-13,0.24
T10Y2Y,alfred_yield_curve_10y_2y_initial,2018-07-16,0.26
T10Y2Y,alfred_yield_curve_10y_2y_initial,2018-07-17,0.24
T10Y2Y,alfred_yield_curve_10y_2y_initial,2018-07-18,0.28
T10Y2Y,alfred_yield_curve_10y_2y_initial,2018-07-19,0.24
T10Y2Y,alfred_yield_curve_10y_2y_initial,2018-07-20,0.29
T10Y2Y,alfred_yield_curve_10y_2y_initial,2018-07-23,0.32
T10Y2Y,alfred_yield_curve_10y_2y_initial,2018-07-24,0.32
T10Y2Y,alfred_yield_curve_10y_2y_initial,2018-07-25,0.28
T10Y2Y,alfred_yield_curve_10y_2y_initial,2018-07-26,0.29
T10Y2Y,alfred_yield_curve_10y_2y_initial,2018-07-27,0.29
T10Y2Y,alfred_yield_curve_10y_2y_initial,2018-07-30,0.32
T10Y2Y,alfred_yield_curve_10y_2y_initial,2018-07-31,0.29
T10Y2Y,alfred_yield_curve_10y_2y_initial,2018-08-01,0.33
T10Y2Y,alfred_yield_curve_10y_2y_initial,2018-08-02,0.32
T10Y2Y,alfred_yield_curve_10y_2y_initial,2018-08-03,0.32
T10Y2Y,alfred_yield_curve_10y_2y_initial,2018-08-06,0.3
T10Y2Y,alfred_yield_curve_10y_2y_initial,2018-08-07,0.3
T10Y2Y,alfred_yield_curve_10y_2y_initial,2018-08-08,0.28
T10Y2Y,alfred_yield_curve_10y_2y_initial,2018-08-09,0.29
T10Y2Y,alfred_yield_curve_10y_2y_initial,2018-08-10,0.26
T10Y2Y,alfred_yield_curve_10y_2y_initial,2018-08-13,0.27
T10Y2Y,alfred_yield_curve_10y_2y_initial,2018-08-14,0.26
T10Y2Y,alfred_yield_curve_10y_2y_initial,2018-08-15,0.25
T10Y2Y,alfred_yield_curve_10y_2y_initial,2018-08-16,0.24
T10Y2Y,alfred_yield_curve_10y_2y_initial,2018-08-17,0.26
T10Y2Y,alfred_yield_curve_10y_2y_initial,2018-08-20,0.22
T10Y2Y,alfred_yield_curve_10y_2y_initial,2018-08-21,0.24
T10Y2Y,alfred_yield_curve_10y_2y_initial,2018-08-22,0.22
T10Y2Y,alfred_yield_curve_10y_2y_initial,2018-08-23,0.21
T10Y2Y,alfred_yield_curve_10y_2y_initial,2018-08-24,0.19
T10Y2Y,alfred_yield_curve_10y_2y_initial,2018-08-27,0.18
T10Y2Y,alfred_yield_curve_10y_2y_initial,2018-08-28,0.21
T10Y2Y,alfred_yield_curve_10y_2y_initial,2018-08-29,0.22
T10Y2Y,alfred_yield_curve_10y_2y_initial,2018-08-30,0.22
T10Y2Y,alfred_yield_curve_10y_2y_initial,2018-08-31,0.24
T10Y2Y,alfred_yield_curve_10y_2y_initial,2018-09-04,0.24
T10Y2Y,alfred_yield_curve_10y_2y_initial,2018-09-05,0.24
T10Y2Y,alfred_yield_curve_10y_2y_initial,2018-09-06,0.24
T10Y2Y,alfred_yield_curve_10y_2y_initial,2018-09-07,0.23
T10Y2Y,alfred_yield_curve_10y_2y_initial,2018-09-10,0.21
T10Y2Y,alfred_yield_curve_10y_2y_initial,2018-09-11,0.22
T10Y2Y,alfred_yield_curve_10y_2y_initial,2018-09-12,0.23
T10Y2Y,alfred_yield_curve_10y_2y_initial,2018-09-13,0.21
T10Y2Y,alfred_yield_curve_10y_2y_initial,2018-09-14,0.21
T10Y2Y,alfred_yield_curve_10y_2y_initial,2018-09-17,0.21
T10Y2Y,alfred_yield_curve_10y_2y_initial,2018-09-18,0.24
T10Y2Y,alfred_yield_curve_10y_2y_initial,2018-09-19,0.27
T10Y2Y,alfred_yield_curve_10y_2y_initial,2018-09-20,0.26
T10Y2Y,alfred_yield_curve_10y_2y_initial,2018-09-21,0.26
T10Y2Y,alfred_yield_curve_10y_2y_initial,2018-09-24,0.25
T10Y2Y,alfred_yield_curve_10y_2y_initial,2018-09-25,0.27
T10Y2Y,alfred_yield_curve_10y_2y_initial,2018-09-26,0.23
T10Y2Y,alfred_yield_curve_10y_2y_initial,2018-09-27,0.23
T10Y2Y,alfred_yield_curve_10y_2y_initial,2018-09-28,0.24
T10Y2Y,alfred_yield_curve_10y_2y_initial,2018-10-01,0.27
T10Y2Y,alfred_yield_curve_10y_2y_initial,2018-10-02,0.23
T10Y2Y,alfred_yield_curve_10y_2y_initial,2018-10-03,0.3
T10Y2Y,alfred_yield_curve_10y_2y_initial,2018-10-04,0.32
T10Y2Y,alfred_yield_curve_10y_2y_initial,2018-10-05,0.35
T10Y2Y,alfred_yield_curve_10y_2y_initial,2018-10-09,0.33
T10Y2Y,alfred_yield_curve_10y_2y_initial,2018-10-10,0.34
T10Y2Y,alfred_yield_curve_10y_2y_initial,2018-10-11,0.29
T10Y2Y,alfred_yield_curve_10y_2y_initial,2018-10-12,0.3
T10Y2Y,alfred_yield_curve_10y_2y_initial,2018-10-15,0.31
T10Y2Y,alfred_yield_curve_10y_2y_initial,2018-10-16,0.29
T10Y2Y,alfred_yield_curve_10y_2y_initial,2018-10-17,0.3
T10Y2Y,alfred_yield_curve_10y_2y_initial,2018-10-18,0.3
T10Y2Y,alfred_yield_curve_10y_2y_initial,2018-10-19,0.28
T10Y2Y,alfred_yield_curve_10y_2y_initial,2018-10-22,0.28
T10Y2Y,alfred_yield_curve_10y_2y_initial,2018-10-23,0.28
T10Y2Y,alfred_yield_curve_10y_2y_initial,2018-10-24,0.26
T10Y2Y,alfred_yield_curve_10y_2y_initial,2018-10-25,0.28
T10Y2Y,alfred_yield_curve_10y_2y_initial,2018-10-26,0.27
T10Y2Y,alfred_yield_curve_10y_2y_initial,2018-10-29,0.27
T10Y2Y,alfred_yield_curve_10y_2y_initial,2018-10-30,0.28
T10Y2Y,alfred_yield_curve_10y_2y_initial,2018-10-31,0.28
T10Y2Y,alfred_yield_curve_10y_2y_initial,2018-11-01,0.3
T10Y2Y,alfred_yield_curve_10y_2y_initial,2018-11-02,0.31
T10Y2Y,alfred_yield_curve_10y_2y_initial,2018-11-05,0.29
T10Y2Y,alfred_yield_curve_10y_2y_initial,2018-11-06,0.29
T10Y2Y,alfred_yield_curve_10y_2y_initial,2018-11-07,0.26
T10Y2Y,alfred_yield_curve_10y_2y_initial,2018-11-08,0.26
T10Y2Y,alfred_yield_curve_10y_2y_initial,2018-11-09,0.25
T10Y2Y,alfred_yield_curve_10y_2y_initial,2018-11-13,0.25
T10Y2Y,alfred_yield_curve_10y_2y_initial,2018-11-14,0.26
T10Y2Y,alfred_yield_curve_10y_2y_initial,2018-11-15,0.25
T10Y2Y,alfred_yield_curve_10y_2y_initial,2018-11-16,0.27
T10Y2Y,alfred_yield_curve_10y_2y_initial,2018-11-19,0.27
T10Y2Y,alfred_yield_curve_10y_2y_initial,2018-11-20,0.27
T10Y2Y,alfred_yield_curve_10y_2y_initial,2018-11-21,0.25
T10Y2Y,alfred_yield_curve_10y_2y_initial,2018-11-23,0.24
T10Y2Y,alfred_yield_curve_10y_2y_initial,2018-11-26,0.23
T10Y2Y,alfred_yield_curve_10y_2y_initial,2018-11-27,0.23
T10Y2Y,alfred_yield_curve_10y_2y_initial,2018-11-28,0.25
T10Y2Y,alfred_yield_curve_10y_2y_initial,2018-11-29,0.22
T10Y2Y,alfred_yield_curve_10y_2y_initial,2018-11-30,0.21
T10Y2Y,alfred_yield_curve_10y_2y_initial,2018-12-03,0.15
T10Y2Y,alfred_yield_curve_10y_2y_initial,2018-12-04,0.11
T10Y2Y,alfred_yield_curve_10y_2y_initial,2018-12-06,0.12
T10Y2Y,alfred_yield_curve_10y_2y_initial,2018-12-07,0.13
T10Y2Y,alfred_yield_curve_10y_2y_initial,2018-12-10,0.13
T10Y2Y,alfred_yield_curve_10y_2y_initial,2018-12-11,0.11
T10Y2Y,alfred_yield_curve_10y_2y_initial,2018-12-12,0.14
T10Y2Y,alfred_yield_curve_10y_2y_initial,2018-12-13,0.16
T10Y2Y,alfred_yield_curve_10y_2y_initial,2018-12-14,0.16
T10Y2Y,alfred_yield_curve_10y_2y_initial,2018-12-17,0.16
T10Y2Y,alfred_yield_curve_10y_2y_initial,2018-12-18,0.17
T10Y2Y,alfred_yield_curve_10y_2y_initial,2018-12-19,0.14
T10Y2Y,alfred_yield_curve_10y_2y_initial,2018-12-20,0.12
T10Y2Y,alfred_yield_curve_10y_2y_initial,2018-12-21,0.16
T10Y2Y,alfred_yield_curve_10y_2y_initial,2018-12-24,0.19
T10Y2Y,alfred_yield_curve_10y_2y_initial,2018-12-26,0.2
T10Y2Y,alfred_yield_curve_10y_2y_initial,2018-12-27,0.21
T10Y2Y,alfred_yield_curve_10y_2y_initial,2018-12-28,0.2
T10Y2Y,alfred_yield_curve_10y_2y_initial,2018-12-31,0.21
T10Y2Y,alfred_yield_curve_10y_2y_initial,2019-01-02,0.16
T10Y2Y,alfred_yield_curve_10y_2y_initial,2019-01-03,0.17
T10Y2Y,alfred_yield_curve_10y_2y_initial,2019-01-04,0.17
T10Y2Y,alfred_yield_curve_10y_2y_initial,2019-01-07,0.17
T10Y2Y,alfred_yield_curve_10y_2y_initial,2019-01-08,0.15
T10Y2Y,alfred_yield_curve_10y_2y_initial,2019-01-09,0.18
T10Y2Y,alfred_yield_curve_10y_2y_initial,2019-01-10,0.18
T10Y2Y,alfred_yield_curve_10y_2y_initial,2019-01-11,0.16
T10Y2Y,alfred_yield_curve_10y_2y_initial,2019-01-14,0.18
T10Y2Y,alfred_yield_curve_10y_2y_initial,2019-01-15,0.19
T10Y2Y,alfred_yield_curve_10y_2y_initial,2019-01-16,0.18
T10Y2Y,alfred_yield_curve_10y_2y_initial,2019-01-17,0.19
T10Y2Y,alfred_yield_curve_10y_2y_initial,2019-01-18,0.17
T10Y2Y,alfred_yield_curve_10y_2y_initial,2019-01-22,0.16
T10Y2Y,alfred_yield_curve_10y_2y_initial,2019-01-23,0.18
T10Y2Y,alfred_yield_curve_10y_2y_initial,2019-01-24,0.16
T10Y2Y,alfred_yield_curve_10y_2y_initial,2019-01-25,0.16
T10Y2Y,alfred_yield_curve_10y_2y_initial,2019-01-28,0.15
T10Y2Y,alfred_yield_curve_10y_2y_initial,2019-01-29,0.16
T10Y2Y,alfred_yield_curve_10y_2y_initial,2019-01-30,0.18
T10Y2Y,alfred_yield_curve_10y_2y_initial,2019-01-31,0.18
T10Y2Y,alfred_yield_curve_10y_2y_initial,2019-02-01,0.18
T10Y2Y,alfred_yield_curve_10y_2y_initial,2019-02-04,0.2
T10Y2Y,alfred_yield_curve_10y_2y_initial,2019-02-05,0.18
T10Y2Y,alfred_yield_curve_10y_2y_initial,2019-02-06,0.18
T10Y2Y,alfred_yield_curve_10y_2y_initial,2019-02-07,0.17
T10Y2Y,alfred_yield_curve_10y_2y_initial,2019-02-08,0.18
T10Y2Y,alfred_yield_curve_10y_2y_initial,2019-02-11,0.17
T10Y2Y,alfred_yield_curve_10y_2y_initial,2019-02-12,0.18
T10Y2Y,alfred_yield_curve_10y_2y_initial,2019-02-13,0.18
T10Y2Y,alfred_yield_curve_10y_2y_initial,2019-02-14,0.16
T10Y2Y,alfred_yield_curve_10y_2y_initial,2019-02-15,0.14
T10Y2Y,alfred_yield_curve_10y_2y_initial,2019-02-19,0.15
T10Y2Y,alfred_yield_curve_10y_2y_initial,2019-02-20,0.15
T10Y2Y,alfred_yield_curve_10y_2y_initial,2019-02-21,0.16
T10Y2Y,alfred_yield_curve_10y_2y_initial,2019-02-22,0.17
T10Y2Y,alfred_yield_curve_10y_2y_initial,2019-02-25,0.16
T10Y2Y,alfred_yield_curve_10y_2y_initial,2019-02-26,0.16
T10Y2Y,alfred_yield_curve_10y_2y_initial,2019-02-27,0.19
T10Y2Y,alfred_yield_curve_10y_2y_initial,2019-02-28,0.21
T10Y2Y,alfred_yield_curve_10y_2y_initial,2019-03-01,0.21
T10Y2Y,alfred_yield_curve_10y_2y_initial,2019-03-04,0.17
T10Y2Y,alfred_yield_curve_10y_2y_initial,2019-03-05,0.17
T10Y2Y,alfred_yield_curve_10y_2y_initial,2019-03-06,0.17
T10Y2Y,alfred_yield_curve_10y_2y_initial,2019-03-07,0.17
T10Y2Y,alfred_yield_curve_10y_2y_initial,2019-03-08,0.17
T10Y2Y,alfred_yield_curve_10y_2y_initial,2019-03-11,0.17
T10Y2Y,alfred_yield_curve_10y_2y_initial,2019-03-12,0.16
T10Y2Y,alfred_yield_curve_10y_2y_initial,2019-03-13,0.16
T10Y2Y,alfred_yield_curve_10y_2y_initial,2019-03-14,0.17
T10Y2Y,alfred_yield_curve_10y_2y_initial,2019-03-15,0.16
T10Y2Y,alfred_yield_curve_10y_2y_initial,2019-03-18,0.15
T10Y2Y,alfred_yield_curve_10y_2y_initial,2019-03-19,0.15
T10Y2Y,alfred_yield_curve_10y_2y_initial,2019-03-20,0.14
T10Y2Y,alfred_yield_curve_10y_2y_initial,2019-03-21,0.13
T10Y2Y,alfred_yield_curve_10y_2y_initial,2019-03-22,0.13
T10Y2Y,alfred_yield_curve_10y_2y_initial,2019-03-25,0.17
T10Y2Y,alfred_yield_curve_10y_2y_initial,2019-03-26,0.17
T10Y2Y,alfred_yield_curve_10y_2y_initial,2019-03-27,0.17
T10Y2Y,alfred_yield_curve_10y_2y_initial,2019-03-28,0.16
T10Y2Y,alfred_yield_curve_10y_2y_initial,2019-03-29,0.14
T10Y2Y,alfred_yield_curve_10y_2y_initial,2019-04-01,0.16
T10Y2Y,alfred_yield_curve_10y_2y_initial,2019-04-02,0.18
T10Y2Y,alfred_yield_curve_10y_2y_initial,2019-04-03,0.19
T10Y2Y,alfred_yield_curve_10y_2y_initial,2019-04-04,0.18
T10Y2Y,alfred_yield_curve_10y_2y_initial,2019-04-05,0.15
T10Y2Y,alfred_yield_curve_10y_2y_initial,2019-04-08,0.16
T10Y2Y,alfred_yield_curve_10y_2y_initial,2019-04-09,0.16
T10Y2Y,alfred_yield_curve_10y_2y_initial,2019-04-10,0.17
T10Y2Y,alfred_yield_curve_10y_2y_initial,2019-04-11,0.16
T10Y2Y,alfred_yield_curve_10y_2y_initial,2019-04-12,0.16
T10Y2Y,alfred_yield_curve_10y_2y_initial,2019-04-15,0.15
T10Y2Y,alfred_yield_curve_10y_2y_initial,2019-04-16,0.19
T10Y2Y,alfred_yield_curve_10y_2y_initial,2019-04-17,0.19
T10Y2Y,alfred_yield_curve_10y_2y_initial,2019-04-18,0.19
T10Y2Y,alfred_yield_curve_10y_2y_initial,2019-04-22,0.21
T10Y2Y,alfred_yield_curve_10y_2y_initial,2019-04-23,0.21
T10Y2Y,alfred_yield_curve_10y_2y_initial,2019-04-24,0.21
T10Y2Y,alfred_yield_curve_10y_2y_initial,2019-04-25,0.21
T10Y2Y,alfred_yield_curve_10y_2y_initial,2019-04-26,0.23
T10Y2Y,alfred_yield_curve_10y_2y_initial,2019-04-29,0.24
T10Y2Y,alfred_yield_curve_10y_2y_initial,2019-04-30,0.24
T10Y2Y,alfred_yield_curve_10y_2y_initial,2019-05-01,0.21
T10Y2Y,alfred_yield_curve_10y_2y_initial,2019-05-02,0.2
T10Y2Y,alfred_yield_curve_10y_2y_initial,2019-05-03,0.21
T10Y2Y,alfred_yield_curve_10y_2y_initial,2019-05-06,0.2
T10Y2Y,alfred_yield_curve_10y_2y_initial,2019-05-07,0.17
T10Y2Y,alfred_yield_curve_10y_2y_initial,2019-05-08,0.19
T10Y2Y,alfred_yield_curve_10y_2y_initial,2019-05-09,0.19
T10Y2Y,alfred_yield_curve_10y_2y_initial,2019-05-10,0.21
T10Y2Y,alfred_yield_curve_10y_2y_initial,2019-05-13,0.22
T10Y2Y,alfred_yield_curve_10y_2y_initial,2019-05-14,0.22
T10Y2Y,alfred_yield_curve_10y_2y_initial,2019-05-15,0.21
T10Y2Y,alfred_yield_curve_10y_2y_initial,2019-05-16,0.2
T10Y2Y,alfred_yield_curve_10y_2y_initial,2019-05-17,0.19
T10Y2Y,alfred_yield_curve_10y_2y_initial,2019-05-20,0.2
T10Y2Y,alfred_yield_curve_10y_2y_initial,2019-05-21,0.17
T10Y2Y,alfred_yield_curve_10y_2y_initial,2019-05-22,0.16
T10Y2Y,alfred_yield_curve_10y_2y_initial,2019-05-23,0.19
T10Y2Y,alfred_yield_curve_10y_2y_initial,2019-05-24,0.16
T10Y2Y,alfred_yield_curve_10y_2y_initial,2019-05-28,0.14
T10Y2Y,alfred_yield_curve_10y_2y_initial,2019-05-29,0.16
T10Y2Y,alfred_yield_curve_10y_2y_initial,2019-05-30,0.16
T10Y2Y,alfred_yield_curve_10y_2y_initial,2019-05-31,0.19
T10Y2Y,alfred_yield_curve_10y_2y_initial,2019-06-03,0.25
T10Y2Y,alfred_yield_curve_10y_2y_initial,2019-06-04,0.24
T10Y2Y,alfred_yield_curve_10y_2y_initial,2019-06-05,0.29
T10Y2Y,alfred_yield_curve_10y_2y_initial,2019-06-06,0.24
T10Y2Y,alfred_yield_curve_10y_2y_initial,2019-06-07,0.24
T10Y2Y,alfred_yield_curve_10y_2y_initial,2019-06-10,0.25
T10Y2Y,alfred_yield_curve_10y_2y_initial,2019-06-11,0.22
T10Y2Y,alfred_yield_curve_10y_2y_initial,2019-06-12,0.25
T10Y2Y,alfred_yield_curve_10y_2y_initial,2019-06-13,0.27
T10Y2Y,alfred_yield_curve_10y_2y_initial,2019-06-14,0.25
T10Y2Y,alfred_yield_curve_10y_2y_initial,2019-06-17,0.23
T10Y2Y,alfred_yield_curve_10y_2y_initial,2019-06-18,0.2
T10Y2Y,alfred_yield_curve_10y_2y_initial,2019-06-19,0.29
T10Y2Y,alfred_yield_curve_10y_2y_initial,2019-06-20,0.29
T10Y2Y,alfred_yield_curve_10y_2y_initial,2019-06-21,0.3
T10Y2Y,alfred_yield_curve_10y_2y_initial,2019-06-24,0.3
T10Y2Y,alfred_yield_curve_10y_2y_initial,2019-06-25,0.29
T10Y2Y,alfred_yield_curve_10y_2y_initial,2019-06-26,0.28
T10Y2Y,alfred_yield_curve_10y_2y_initial,2019-06-27,0.27
T10Y2Y,alfred_yield_curve_10y_2y_initial,2019-06-28,0.25
T10Y2Y,alfred_yield_curve_10y_2y_initial,2019-07-01,0.25
T10Y2Y,alfred_yield_curve_10y_2y_initial,2019-07-02,0.21
T10Y2Y,alfred_yield_curve_10y_2y_initial,2019-07-03,0.19
T10Y2Y,alfred_yield_curve_10y_2y_initial,2019-07-05,0.17
T10Y2Y,alfred_yield_curve_10y_2y_initial,2019-07-08,0.17
T10Y2Y,alfred_yield_curve_10y_2y_initial,2019-07-09,0.15
T10Y2Y,alfred_yield_curve_10y_2y_initial,2019-07-10,0.25
T10Y2Y,alfred_yield_curve_10y_2y_initial,2019-07-11,0.28
T10Y2Y,alfred_yield_curve_10y_2y_initial,2019-07-12,0.28
T10Y2Y,alfred_yield_curve_10y_2y_initial,2019-07-15,0.26
T10Y2Y,alfred_yield_curve_10y_2y_initial,2019-07-16,0.26
T10Y2Y,alfred_yield_curve_10y_2y_initial,2019-07-17,0.23
T10Y2Y,alfred_yield_curve_10y_2y_initial,2019-07-18,0.27
T10Y2Y,alfred_yield_curve_10y_2y_initial,2019-07-19,0.25
T10Y2Y,alfred_yield_curve_10y_2y_initial,2019-07-22,0.25
T10Y2Y,alfred_yield_curve_10y_2y_initial,2019-07-23,0.25
T10Y2Y,alfred_yield_curve_10y_2y_initial,2019-07-24,0.22
T10Y2Y,alfred_yield_curve_10y_2y_initial,2019-07-25,0.22
T10Y2Y,alfred_yield_curve_10y_2y_initial,2019-07-26,0.22
T10Y2Y,alfred_yield_curve_10y_2y_initial,2019-07-29,0.21
T10Y2Y,alfred_yield_curve_10y_2y_initial,2019-07-30,0.21
T10Y2Y,alfred_yield_curve_10y_2y_initial,2019-07-31,0.13
T10Y2Y,alfred_yield_curve_10y_2y_initial,2019-08-01,0.17
T10Y2Y,alfred_yield_curve_10y_2y_initial,2019-08-02,0.14
T10Y2Y,alfred_yield_curve_10y_2y_initial,2019-08-05,0.16
T10Y2Y,alfred_yield_curve_10y_2y_initial,2019-08-06,0.13
T10Y2Y,alfred_yield_curve_10y_2y_initial,2019-08-07,0.12
T10Y2Y,alfred_yield_curve_10y_2y_initial,2019-08-08,0.1
T10Y2Y,alfred_yield_curve_10y_2y_initial,2019-08-09,0.11
T10Y2Y,alfred_yield_curve_10y_2y_initial,2019-08-12,0.07
T10Y2Y,alfred_yield_curve_10y_2y_initial,2019-08-13,0.02
T10Y2Y,alfred_yield_curve_10y_2y_initial,2019-08-14,0.01
T10Y2Y,alfred_yield_curve_10y_2y_initial,2019-08-15,0.04
T10Y2Y,alfred_yield_curve_10y_2y_initial,2019-08-16,0.07
T10Y2Y,alfred_yield_curve_10y_2y_initial,2019-08-19,0.07
T10Y2Y,alfred_yield_curve_10y_2y_initial,2019-08-20,0.05
T10Y2Y,alfred_yield_curve_10y_2y_initial,2019-08-21,0.03
T10Y2Y,alfred_yield_curve_10y_2y_initial,2019-08-22,0.01
T10Y2Y,alfred_yield_curve_10y_2y_initial,2019-08-23,0.01
T10Y2Y,alfred_yield_curve_10y_2y_initial,2019-08-26,0.0
T10Y2Y,alfred_yield_curve_10y_2y_initial,2019-08-27,-0.04
T10Y2Y,alfred_yield_curve_10y_2y_initial,2019-08-28,-0.03
T10Y2Y,alfred_yield_curve_10y_2y_initial,2019-08-29,-0.03
T10Y2Y,alfred_yield_curve_10y_2y_initial,2019-08-30,0.0
T10Y2Y,alfred_yield_curve_10y_2y_initial,2019-09-03,0.0
T10Y2Y,alfred_yield_curve_10y_2y_initial,2019-09-04,0.04
T10Y2Y,alfred_yield_curve_10y_2y_initial,2019-09-05,0.02
T10Y2Y,alfred_yield_curve_10y_2y_initial,2019-09-06,0.02
T10Y2Y,alfred_yield_curve_10y_2y_initial,2019-09-09,0.05
T10Y2Y,alfred_yield_curve_10y_2y_initial,2019-09-10,0.05
T10Y2Y,alfred_yield_curve_10y_2y_initial,2019-09-11,0.07
T10Y2Y,alfred_yield_curve_10y_2y_initial,2019-09-12,0.07
T10Y2Y,alfred_yield_curve_10y_2y_initial,2019-09-13,0.11
T10Y2Y,alfred_yield_curve_10y_2y_initial,2019-09-16,0.1
T10Y2Y,alfred_yield_curve_10y_2y_initial,2019-09-17,0.09
T10Y2Y,alfred_yield_curve_10y_2y_initial,2019-09-18,0.03
T10Y2Y,alfred_yield_curve_10y_2y_initial,2019-09-19,0.05
T10Y2Y,alfred_yield_curve_10y_2y_initial,2019-09-20,0.05
T10Y2Y,alfred_yield_curve_10y_2y_initial,2019-09-23,0.04
T10Y2Y,alfred_yield_curve_10y_2y_initial,2019-09-24,0.04
T10Y2Y,alfred_yield_curve_10y_2y_initial,2019-09-25,0.05
T10Y2Y,alfred_yield_curve_10y_2y_initial,2019-09-26,0.04
T10Y2Y,alfred_yield_curve_10y_2y_initial,2019-09-27,0.06
T10Y2Y,alfred_yield_curve_10y_2y_initial,2019-09-30,0.05
T10Y2Y,alfred_yield_curve_10y_2y_initial,2019-10-01,0.09
T10Y2Y,alfred_yield_curve_10y_2y_initial,2019-10-02,0.12
T10Y2Y,alfred_yield_curve_10y_2y_initial,2019-10-03,0.15
T10Y2Y,alfred_yield_curve_10y_2y_initial,2019-10-04,0.12
T10Y2Y,alfred_yield_curve_10y_2y_initial,2019-10-07,0.1
T10Y2Y,alfred_yield_curve_10y_2y_initial,2019-10-08,0.12
T10Y2Y,alfred_yield_curve_10y_2y_initial,2019-10-09,0.12
T10Y2Y,alfred_yield_curve_10y_2y_initial,2019-10-10,0.14
T10Y2Y,alfred_yield_curve_10y_2y_initial,2019-10-11,0.13
T10Y2Y,alfred_yield_curve_10y_2y_initial,2019-10-15,0.16
T10Y2Y,alfred_yield_curve_10y_2y_initial,2019-10-16,0.17
T10Y2Y,alfred_yield_curve_10y_2y_initial,2019-10-17,0.16
T10Y2Y,alfred_yield_curve_10y_2y_initial,2019-10-18,0.18
T10Y2Y,alfred_yield_curve_10y_2y_initial,2019-10-21,0.18
T10Y2Y,alfred_yield_curve_10y_2y_initial,2019-10-22,0.18
T10Y2Y,alfred_yield_curve_10y_2y_initial,2019-10-23,0.19
T10Y2Y,alfred_yield_curve_10y_2y_initial,2019-10-24,0.19
T10Y2Y,alfred_yield_curve_10y_2y_initial,2019-10-25,0.17
T10Y2Y,alfred_yield_curve_10y_2y_initial,2019-10-28,0.21
T10Y2Y,alfred_yield_curve_10y_2y_initial,2019-10-29,0.2
T10Y2Y,alfred_yield_curve_10y_2y_initial,2019-10-30,0.17
T10Y2Y,alfred_yield_curve_10y_2y_initial,2019-10-31,0.17
T10Y2Y,alfred_yield_curve_10y_2y_initial,2019-11-01,0.17
T10Y2Y,alfred_yield_curve_10y_2y_initial,2019-11-04,0.19
T10Y2Y,alfred_yield_curve_10y_2y_initial,2019-11-05,0.23
T10Y2Y,alfred_yield_curve_10y_2y_initial,2019-11-06,0.2
T10Y2Y,alfred_yield_curve_10y_2y_initial,2019-11-07,0.24
T10Y2Y,alfred_yield_curve_10y_2y_initial,2019-11-08,0.26
T10Y2Y,alfred_yield_curve_10y_2y_initial,2019-11-12,0.26
T10Y2Y,alfred_yield_curve_10y_2y_initial,2019-11-13,0.25
T10Y2Y,alfred_yield_curve_10y_2y_initial,2019-11-14,0.24
T10Y2Y,alfred_yield_curve_10y_2y_initial,2019-11-15,0.23
T10Y2Y,alfred_yield_curve_10y_2y_initial,2019-11-18,0.21
T10Y2Y,alfred_yield_curve_10y_2y_initial,2019-11-19,0.19
T10Y2Y,alfred_yield_curve_10y_2y_initial,2019-11-20,0.17
T10Y2Y,alfred_yield_curve_10y_2y_initial,2019-11-21,0.17
T10Y2Y,alfred_yield_curve_10y_2y_initial,2019-11-22,0.16
T10Y2Y,alfred_yield_curve_10y_2y_initial,2019-11-25,0.15
T10Y2Y,alfred_yield_curve_10y_2y_initial,2019-11-26,0.16
T10Y2Y,alfred_yield_curve_10y_2y_initial,2019-11-27,0.14
T10Y2Y,alfred_yield_curve_10y_2y_initial,2019-11-29,0.17
T10Y2Y,alfred_yield_curve_10y_2y_initial,2019-12-02,0.22
T10Y2Y,alfred_yield_curve_10y_2y_initial,2019-12-03,0.19
T10Y2Y,alfred_yield_curve_10y_2y_initial,2019-12-04,0.19
T10Y2Y,alfred_yield_curve_10y_2y_initial,2019-12-05,0.22
T10Y2Y,alfred_yield_curve_10y_2y_initial,2019-12-06,0.23
T10Y2Y,alfred_yield_curve_10y_2y_initial,2019-12-09,0.2
T10Y2Y,alfred_yield_curve_10y_2y_initial,2019-12-10,0.2
T10Y2Y,alfred_yield_curve_10y_2y_initial,2019-12-11,0.18
T10Y2Y,alfred_yield_curve_10y_2y_initial,2019-12-12,0.24
T10Y2Y,alfred_yield_curve_10y_2y_initial,2019-12-13,0.21
T10Y2Y,alfred_yield_curve_10y_2y_initial,2019-12-16,0.24
T10Y2Y,alfred_yield_curve_10y_2y_initial,2019-12-17,0.26
T10Y2Y,alfred_yield_curve_10y_2y_initial,2019-12-18,0.29
T10Y2Y,alfred_yield_curve_10y_2y_initial,2019-12-19,0.3
T10Y2Y,alfred_yield_curve_10y_2y_initial,2019-12-20,0.29
T10Y2Y,alfred_yield_curve_10y_2y_initial,2019-12-23,0.29
T10Y2Y,alfred_yield_curve_10y_2y_initial,2019-12-24,0.28
T10Y2Y,alfred_yield_curve_10y_2y_initial,2019-12-26,0.26
T10Y2Y,alfred_yield_curve_10y_2y_initial,2019-12-27,0.29
T10Y2Y,alfred_yield_curve_10y_2y_initial,2019-12-30,0.32
T10Y2Y,alfred_yield_curve_10y_2y_initial,2019-12-31,0.34
T10Y2Y,alfred_yield_curve_10y_2y_initial,2020-01-02,0.3
T10Y2Y,alfred_yield_curve_10y_2y_initial,2020-01-03,0.27
T10Y2Y,alfred_yield_curve_10y_2y_initial,2020-01-06,0.27
T10Y2Y,alfred_yield_curve_10y_2y_initial,2020-01-07,0.29
T10Y2Y,alfred_yield_curve_10y_2y_initial,2020-01-08,0.29
T10Y2Y,alfred_yield_curve_10y_2y_initial,2020-01-09,0.27
T10Y2Y,alfred_yield_curve_10y_2y_initial,2020-01-10,0.27
T10Y2Y,alfred_yield_curve_10y_2y_initial,2020-01-13,0.27
T10Y2Y,alfred_yield_curve_10y_2y_initial,2020-01-14,0.24
T10Y2Y,alfred_yield_curve_10y_2y_initial,2020-01-15,0.23
T10Y2Y,alfred_yield_curve_10y_2y_initial,2020-01-16,0.23
T10Y2Y,alfred_yield_curve_10y_2y_initial,2020-01-17,0.26
T10Y2Y,alfred_yield_curve_10y_2y_initial,2020-01-21,0.25
T10Y2Y,alfred_yield_curve_10y_2y_initial,2020-01-22,0.24
T10Y2Y,alfred_yield_curve_10y_2y_initial,2020-01-23,0.23
T10Y2Y,alfred_yield_curve_10y_2y_initial,2020-01-24,0.21
T10Y2Y,alfred_yield_curve_10y_2y_initial,2020-01-27,0.17
T10Y2Y,alfred_yield_curve_10y_2y_initial,2020-01-28,0.2
T10Y2Y,alfred_yield_curve_10y_2y_initial,2020-01-29,0.18
T10Y2Y,alfred_yield_curve_10y_2y_initial,2020-01-30,0.16
T10Y2Y,alfred_yield_curve_10y_2y_initial,2020-01-31,0.18
T10Y2Y,alfred_yield_curve_10y_2y_initial,2020-02-03,0.18
T10Y2Y,alfred_yield_curve_10y_2y_initial,2020-02-04,0.2
T10Y2Y,alfred_yield_curve_10y_2y_initial,2020-02-05,0.22
T10Y2Y,alfred_yield_curve_10y_2y_initial,2020-02-06,0.21
T10Y2Y,alfred_yield_curve_10y_2y_initial,2020-02-07,0.18
T10Y2Y,alfred_yield_curve_10y_2y_initial,2020-02-10,0.19
T10Y2Y,alfred_yield_curve_10y_2y_initial,2020-02-11,0.18
T10Y2Y,alfred_yield_curve_10y_2y_initial,2020-02-12,0.18
T10Y2Y,alfred_yield_curve_10y_2y_initial,2020-02-13,0.17
T10Y2Y,alfred_yield_curve_10y_2y_initial,2020-02-14,0.17
T10Y2Y,alfred_yield_curve_10y_2y_initial,2020-02-18,0.14
T10Y2Y,alfred_yield_curve_10y_2y_initial,2020-02-19,0.14
T10Y2Y,alfred_yield_curve_10y_2y_initial,2020-02-20,0.13
T10Y2Y,alfred_yield_curve_10y_2y_initial,2020-02-21,0.12
T10Y2Y,alfred_yield_curve_10y_2y_initial,2020-02-24,0.12
T10Y2Y,alfred_yield_curve_10y_2y_initial,2020-02-25,0.13
T10Y2Y,alfred_yield_curve_10y_2y_initial,2020-02-26,0.17
T10Y2Y,alfred_yield_curve_10y_2y_initial,2020-02-27,0.19
T10Y2Y,alfred_yield_curve_10y_2y_initial,2020-02-28,0.27
T10Y2Y,alfred_yield_curve_10y_2y_initial,2020-03-02,0.26
T10Y2Y,alfred_yield_curve_10y_2y_initial,2020-03-03,0.31
T10Y2Y,alfred_yield_curve_10y_2y_initial,2020-03-04,0.35
T10Y2Y,alfred_yield_curve_10y_2y_initial,2020-03-05,0.33
T10Y2Y,alfred_yield_curve_10y_2y_initial,2020-03-06,0.25
T10Y2Y,alfred_yield_curve_10y_2y_initial,2020-03-09,0.16
T10Y2Y,alfred_yield_curve_10y_2y_initial,2020-03-10,0.26
T10Y2Y,alfred_yield_curve_10y_2y_initial,2020-03-11,0.32
T10Y2Y,alfred_yield_curve_10y_2y_initial,2020-03-12,0.38
T10Y2Y,alfred_yield_curve_10y_2y_initial,2020-03-13,0.45
T10Y2Y,alfred_yield_curve_10y_2y_initial,2020-03-16,0.37
T10Y2Y,alfred_yield_curve_10y_2y_initial,2020-03-17,0.55
T10Y2Y,alfred_yield_curve_10y_2y_initial,2020-03-18,0.64
T10Y2Y,alfred_yield_curve_10y_2y_initial,2020-03-19,0.68
T10Y2Y,alfred_yield_curve_10y_2y_initial,2020-03-20,0.55
T10Y2Y,alfred_yield_curve_10y_2y_initial,2020-03-23,0.48
T10Y2Y,alfred_yield_curve_10y_2y_initial,2020-03-24,0.46
T10Y2Y,alfred_yield_curve_10y_2y_initial,2020-03-25,0.54
T10Y2Y,alfred_yield_curve_10y_2y_initial,2020-03-26,0.53
T10Y2Y,alfred_yield_curve_10y_2y_initial,2020-03-27,0.47
T10Y2Y,alfred_yield_curve_10y_2y_initial,2020-03-30,0.47
T10Y2Y,alfred_yield_curve_10y_2y_initial,2020-03-31,0.47
T10Y2Y,alfred_yield_curve_10y_2y_initial,2020-04-01,0.39
T10Y2Y,alfred_yield_curve_10y_2y_initial,2020-04-02,0.4
T10Y2Y,alfred_yield_curve_10y_2y_initial,2020-04-03,0.39
T10Y2Y,alfred_yield_curve_10y_2y_initial,2020-04-06,0.4
T10Y2Y,alfred_yield_curve_10y_2y_initial,2020-04-07,0.47
T10Y2Y,alfred_yield_curve_10y_2y_initial,2020-04-08,0.5
T10Y2Y,alfred_yield_curve_10y_2y_initial,2020-04-09,0.5
T10Y2Y,alfred_yield_curve_10y_2y_initial,2020-04-13,0.51
T10Y2Y,alfred_yield_curve_10y_2y_initial,2020-04-14,0.53
T10Y2Y,alfred_yield_curve_10y_2y_initial,2020-04-15,0.43
T10Y2Y,alfred_yield_curve_10y_2y_initial,2020-04-16,0.41
T10Y2Y,alfred_yield_curve_10y_2y_initial,2020-04-17,0.45
T10Y2Y,alfred_yield_curve_10y_2y_initial,2020-04-20,0.43
T10Y2Y,alfred_yield_curve_10y_2y_initial,2020-04-21,0.38
T10Y2Y,alfred_yield_curve_10y_2y_initial,2020-04-22,0.41
T10Y2Y,alfred_yield_curve_10y_2y_initial,2020-04-23,0.39
T10Y2Y,alfred_yield_curve_10y_2y_initial,2020-04-24,0.38
T10Y2Y,alfred_yield_curve_10y_2y_initial,2020-04-27,0.43
T10Y2Y,alfred_yield_curve_10y_2y_initial,2020-04-28,0.42
T10Y2Y,alfred_yield_curve_10y_2y_initial,2020-04-29,0.43
T10Y2Y,alfred_yield_curve_10y_2y_initial,2020-04-30,0.44
T10Y2Y,alfred_yield_curve_10y_2y_initial,2020-05-01,0.44
T10Y2Y,alfred_yield_curve_10y_2y_initial,2020-05-04,0.45
T10Y2Y,alfred_yield_curve_10y_2y_initial,2020-05-05,0.47
T10Y2Y,alfred_yield_curve_10y_2y_initial,2020-05-06,0.55
T10Y2Y,alfred_yield_curve_10y_2y_initial,2020-05-07,0.5
T10Y2Y,alfred_yield_curve_10y_2y_initial,2020-05-08,0.53
T10Y2Y,alfred_yield_curve_10y_2y_initial,2020-05-11,0.56
T10Y2Y,alfred_yield_curve_10y_2y_initial,2020-05-12,0.52
T10Y2Y,alfred_yield_curve_10y_2y_initial,2020-05-13,0.48
T10Y2Y,alfred_yield_curve_10y_2y_initial,2020-05-14,0.47
T10Y2Y,alfred_yield_curve_10y_2y_initial,2020-05-15,0.48
T10Y2Y,alfred_yield_curve_10y_2y_initial,2020-05-18,0.55
T10Y2Y,alfred_yield_curve_10y_2y_initial,2020-05-19,0.53
T10Y2Y,alfred_yield_curve_10y_2y_initial,2020-05-20,0.52
T10Y2Y,alfred_yield_curve_10y_2y_initial,2020-05-21,0.51
T10Y2Y,alfred_yield_curve_10y_2y_initial,2020-05-22,0.49
T10Y2Y,alfred_yield_curve_10y_2y_initial,2020-05-26,0.51
T10Y2Y,alfred_yield_curve_10y_2y_initial,2020-05-27,0.49
T10Y2Y,alfred_yield_curve_10y_2y_initial,2020-05-28,0.53
T10Y2Y,alfred_yield_curve_10y_2y_initial,2020-05-29,0.49
T10Y2Y,alfred_yield_curve_10y_2y_initial,2020-06-01,0.52
T10Y2Y,alfred_yield_curve_10y_2y_initial,2020-06-02,0.51
T10Y2Y,alfred_yield_curve_10y_2y_initial,2020-06-03,0.58
T10Y2Y,alfred_yield_curve_10y_2y_initial,2020-06-04,0.63
T10Y2Y,alfred_yield_curve_10y_2y_initial,2020-06-05,0.69
T10Y2Y,alfred_yield_curve_10y_2y_initial,2020-06-08,0.66
T10Y2Y,alfred_yield_curve_10y_2y_initial,2020-06-09,0.64
T10Y2Y,alfred_yield_curve_10y_2y_initial,2020-06-10,0.58
T10Y2Y,alfred_yield_curve_10y_2y_initial,2020-06-11,0.47
T10Y2Y,alfred_yield_curve_10y_2y_initial,2020-06-12,0.52
T10Y2Y,alfred_yield_curve_10y_2y_initial,2020-06-15,0.52
T10Y2Y,alfred_yield_curve_10y_2y_initial,2020-06-16,0.54
T10Y2Y,alfred_yield_curve_10y_2y_initial,2020-06-17,0.55
T10Y2Y,alfred_yield_curve_10y_2y_initial,2020-06-18,0.52
T10Y2Y,alfred_yield_curve_10y_2y_initial,2020-06-19,0.51
T10Y2Y,alfred_yield_curve_10y_2y_initial,2020-06-22,0.52
T10Y2Y,alfred_yield_curve_10y_2y_initial,2020-06-23,0.54
T10Y2Y,alfred_yield_curve_10y_2y_initial,2020-06-24,0.5
T10Y2Y,alfred_yield_curve_10y_2y_initial,2020-06-25,0.51
T10Y2Y,alfred_yield_curve_10y_2y_initial,2020-06-26,0.47
T10Y2Y,alfred_yield_curve_10y_2y_initial,2020-06-29,0.48
T10Y2Y,alfred_yield_curve_10y_2y_initial,2020-06-30,0.5
T10Y2Y,alfred_yield_curve_10y_2y_initial,2020-07-01,0.52
T10Y2Y,alfred_yield_curve_10y_2y_initial,2020-07-02,0.52
T10Y2Y,alfred_yield_curve_10y_2y_initial,2020-07-06,0.53
T10Y2Y,alfred_yield_curve_10y_2y_initial,2020-07-07,0.49
T10Y2Y,alfred_yield_curve_10y_2y_initial,2020-07-08,0.51
T10Y2Y,alfred_yield_curve_10y_2y_initial,2020-07-09,0.46
T10Y2Y,alfred_yield_curve_10y_2y_initial,2020-07-10,0.49
T10Y2Y,alfred_yield_curve_10y_2y_initial,2020-07-13,0.48
T10Y2Y,alfred_yield_curve_10y_2y_initial,2020-07-14,0.49
T10Y2Y,alfred_yield_curve_10y_2y_initial,2020-07-15,0.48
T10Y2Y,alfred_yield_curve_10y_2y_initial,2020-07-16,0.46
T10Y2Y,alfred_yield_curve_10y_2y_initial,2020-07-17,0.5
T10Y2Y,alfred_yield_curve_10y_2y_initial,2020-07-20,0.46
T10Y2Y,alfred_yield_curve_10y_2y_initial,2020-07-21,0.47
T10Y2Y,alfred_yield_curve_10y_2y_initial,2020-07-22,0.46
T10Y2Y,alfred_yield_curve_10y_2y_initial,2020-07-23,0.43
T10Y2Y,alfred_yield_curve_10y_2y_initial,2020-07-24,0.45
T10Y2Y,alfred_yield_curve_10y_2y_initial,2020-07-27,0.47
T10Y2Y,alfred_yield_curve_10y_2y_initial,2020-07-28,0.45
T10Y2Y,alfred_yield_curve_10y_2y_initial,2020-07-29,0.46
T10Y2Y,alfred_yield_curve_10y_2y_initial,2020-07-30,0.44
T10Y2Y,alfred_yield_curve_10y_2y_initial,2020-07-31,0.44
T10Y2Y,alfred_yield_curve_10y_2y_initial,2020-08-03,0.45
T10Y2Y,alfred_yield_curve_10y_2y_initial,2020-08-04,0.41
T10Y2Y,alfred_yield_curve_10y_2y_initial,2020-08-05,0.44
T10Y2Y,alfred_yield_curve_10y_2y_initial,2020-08-06,0.44
T10Y2Y,alfred_yield_curve_10y_2y_initial,2020-08-07,0.44
T10Y2Y,alfred_yield_curve_10y_2y_initial,2020-08-10,0.45
T10Y2Y,alfred_yield_curve_10y_2y_initial,2020-08-11,0.48
T10Y2Y,alfred_yield_curve_10y_2y_initial,2020-08-12,0.53
T10Y2Y,alfred_yield_curve_10y_2y_initial,2020-08-13,0.55
T10Y2Y,alfred_yield_curve_10y_2y_initial,2020-08-14,0.57
T10Y2Y,alfred_yield_curve_10y_2y_initial,2020-08-17,0.55
T10Y2Y,alfred_yield_curve_10y_2y_initial,2020-08-18,0.53
T10Y2Y,alfred_yield_curve_10y_2y_initial,2020-08-19,0.54
T10Y2Y,alfred_yield_curve_10y_2y_initial,2020-08-20,0.52
T10Y2Y,alfred_yield_curve_10y_2y_initial,2020-08-21,0.48
T10Y2Y,alfred_yield_curve_10y_2y_initial,2020-08-24,0.51
T10Y2Y,alfred_yield_curve_10y_2y_initial,2020-08-25,0.54
T10Y2Y,alfred_yield_curve_10y_2y_initial,2020-08-26,0.53
T10Y2Y,alfred_yield_curve_10y_2y_initial,2020-08-27,0.58
T10Y2Y,alfred_yield_curve_10y_2y_initial,2020-08-28,0.6
T10Y2Y,alfred_yield_curve_10y_2y_initial,2020-08-31,0.58
T10Y2Y,alfred_yield_curve_10y_2y_initial,2020-09-01,0.55
T10Y2Y,alfred_yield_curve_10y_2y_initial,2020-09-02,0.52
T10Y2Y,alfred_yield_curve_10y_2y_initial,2020-09-03,0.5
T10Y2Y,alfred_yield_curve_10y_2y_initial,2020-09-04,0.58
T10Y2Y,alfred_yield_curve_10y_2y_initial,2020-09-08,0.55
T10Y2Y,alfred_yield_curve_10y_2y_initial,2020-09-09,0.57
T10Y2Y,alfred_yield_curve_10y_2y_initial,2020-09-10,0.54
T10Y2Y,alfred_yield_curve_10y_2y_initial,2020-09-11,0.54
T10Y2Y,alfred_yield_curve_10y_2y_initial,2020-09-14,0.54
T10Y2Y,alfred_yield_curve_10y_2y_initial,2020-09-15,0.54
T10Y2Y,alfred_yield_curve_10y_2y_initial,2020-09-16,0.55
T10Y2Y,alfred_yield_curve_10y_2y_initial,2020-09-17,0.56
T10Y2Y,alfred_yield_curve_10y_2y_initial,2020-09-18,0.56
T10Y2Y,alfred_yield_curve_10y_2y_initial,2020-09-21,0.54
T10Y2Y,alfred_yield_curve_10y_2y_initial,2020-09-22,0.55
T10Y2Y,alfred_yield_curve_10y_2y_initial,2020-09-23,0.54
T10Y2Y,alfred_yield_curve_10y_2y_initial,2020-09-24,0.53
T10Y2Y,alfred_yield_curve_10y_2y_initial,2020-09-25,0.54
T10Y2Y,alfred_yield_curve_10y_2y_initial,2020-09-28,0.53
T10Y2Y,alfred_yield_curve_10y_2y_initial,2020-09-29,0.55
T10Y2Y,alfred_yield_curve_10y_2y_initial,2020-09-30,0.56
T10Y2Y,alfred_yield_curve_10y_2y_initial,2020-10-01,0.54
T10Y2Y,alfred_yield_curve_10y_2y_initial,2020-10-02,0.57
T10Y2Y,alfred_yield_curve_10y_2y_initial,2020-10-05,0.64
T10Y2Y,alfred_yield_curve_10y_2y_initial,2020-10-06,0.62
T10Y2Y,alfred_yield_curve_10y_2y_initial,2020-10-07,0.65
T10Y2Y,alfred_yield_curve_10y_2y_initial,2020-10-08,0.65
T10Y2Y,alfred_yield_curve_10y_2y_initial,2020-10-09,0.63
T10Y2Y,alfred_yield_curve_10y_2y_initial,2020-10-13,0.58
T10Y2Y,alfred_yield_curve_10y_2y_initial,2020-10-14,0.59
T10Y2Y,alfred_yield_curve_10y_2y_initial,2020-10-15,0.6
T10Y2Y,alfred_yield_curve_10y_2y_initial,2020-10-16,0.62
T10Y2Y,alfred_yield_curve_10y_2y_initial,2020-10-19,0.62
T10Y2Y,alfred_yield_curve_10y_2y_initial,2020-10-20,0.67
T10Y2Y,alfred_yield_curve_10y_2y_initial,2020-10-21,0.69
T10Y2Y,alfred_yield_curve_10y_2y_initial,2020-10-22,0.71
T10Y2Y,alfred_yield_curve_10y_2y_initial,2020-10-23,0.67
T10Y2Y,alfred_yield_curve_10y_2y_initial,2020-10-26,0.65
T10Y2Y,alfred_yield_curve_10y_2y_initial,2020-10-27,0.63
T10Y2Y,alfred_yield_curve_10y_2y_initial,2020-10-28,0.63
T10Y2Y,alfred_yield_curve_10y_2y_initial,2020-10-29,0.69
T10Y2Y,alfred_yield_curve_10y_2y_initial,2020-10-30,0.74
T10Y2Y,alfred_yield_curve_10y_2y_initial,2020-11-02,0.71
T10Y2Y,alfred_yield_curve_10y_2y_initial,2020-11-03,0.73
T10Y2Y,alfred_yield_curve_10y_2y_initial,2020-11-04,0.64
T10Y2Y,alfred_yield_curve_10y_2y_initial,2020-11-05,0.65
T10Y2Y,alfred_yield_curve_10y_2y_initial,2020-11-06,0.67
T10Y2Y,alfred_yield_curve_10y_2y_initial,2020-11-09,0.79
T10Y2Y,alfred_yield_curve_10y_2y_initial,2020-11-10,0.79
T10Y2Y,alfred_yield_curve_10y_2y_initial,2020-11-12,0.71
T10Y2Y,alfred_yield_curve_10y_2y_initial,2020-11-13,0.72
T10Y2Y,alfred_yield_curve_10y_2y_initial,2020-11-16,0.72
T10Y2Y,alfred_yield_curve_10y_2y_initial,2020-11-17,0.69
T10Y2Y,alfred_yield_curve_10y_2y_initial,2020-11-18,0.72
T10Y2Y,alfred_yield_curve_10y_2y_initial,2020-11-19,0.68
T10Y2Y,alfred_yield_curve_10y_2y_initial,2020-11-20,0.67
T10Y2Y,alfred_yield_curve_10y_2y_initial,2020-11-23,0.7
T10Y2Y,alfred_yield_curve_10y_2y_initial,2020-11-24,0.72
T10Y2Y,alfred_yield_curve_10y_2y_initial,2020-11-25,0.71
T10Y2Y,alfred_yield_curve_10y_2y_initial,2020-11-27,0.68
T10Y2Y,alfred_yield_curve_10y_2y_initial,2020-11-30,0.68
T10Y2Y,alfred_yield_curve_10y_2y_initial,2020-12-01,0.75
T10Y2Y,alfred_yield_curve_10y_2y_initial,2020-12-02,0.79
T10Y2Y,alfred_yield_curve_10y_2y_initial,2020-12-03,0.76
T10Y2Y,alfred_yield_curve_10y_2y_initial,2020-12-04,0.81
T10Y2Y,alfred_yield_curve_10y_2y_initial,2020-12-07,0.8
T10Y2Y,alfred_yield_curve_10y_2y_initial,2020-12-08,0.78
T10Y2Y,alfred_yield_curve_10y_2y_initial,2020-12-09,0.79
T10Y2Y,alfred_yield_curve_10y_2y_initial,2020-12-10,0.78
T10Y2Y,alfred_yield_curve_10y_2y_initial,2020-12-11,0.79
T10Y2Y,alfred_yield_curve_10y_2y_initial,2020-12-14,0.77
T10Y2Y,alfred_yield_curve_10y_2y_initial,2020-12-15,0.81
T10Y2Y,alfred_yield_curve_10y_2y_initial,2020-12-16,0.79
T10Y2Y,alfred_yield_curve_10y_2y_initial,2020-12-17,0.81
T10Y2Y,alfred_yield_curve_10y_2y_initial,2020-12-18,0.82
T10Y2Y,alfred_yield_curve_10y_2y_initial,2020-12-21,0.82
T10Y2Y,alfred_yield_curve_10y_2y_initial,2020-12-22,0.8
T10Y2Y,alfred_yield_curve_10y_2y_initial,2020-12-23,0.83
T10Y2Y,alfred_yield_curve_10y_2y_initial,2020-12-24,0.81
T10Y2Y,alfred_yield_curve_10y_2y_initial,2020-12-28,0.81
T10Y2Y,alfred_yield_curve_10y_2y_initial,2020-12-29,0.82
T10Y2Y,alfred_yield_curve_10y_2y_initial,2020-12-30,0.81
T10Y2Y,alfred_yield_curve_10y_2y_initial,2020-12-31,0.8
T10Y2Y,alfred_yield_curve_10y_2y_initial,2021-01-04,0.82
T10Y2Y,alfred_yield_curve_10y_2y_initial,2021-01-05,0.83
T10Y2Y,alfred_yield_curve_10y_2y_initial,2021-01-06,0.9
T10Y2Y,alfred_yield_curve_10y_2y_initial,2021-01-07,0.94
T10Y2Y,alfred_yield_curve_10y_2y_initial,2021-01-08,0.99
T10Y2Y,alfred_yield_curve_10y_2y_initial,2021-01-11,1.01
T10Y2Y,alfred_yield_curve_10y_2y_initial,2021-01-12,1.01
T10Y2Y,alfred_yield_curve_10y_2y_initial,2021-01-13,0.96
T10Y2Y,alfred_yield_curve_10y_2y_initial,2021-01-14,0.99
T10Y2Y,alfred_yield_curve_10y_2y_initial,2021-01-15,0.98
T10Y2Y,alfred_yield_curve_10y_2y_initial,2021-01-19,0.96
T10Y2Y,alfred_yield_curve_10y_2y_initial,2021-01-20,0.97
T10Y2Y,alfred_yield_curve_10y_2y_initial,2021-01-21,0.99
T10Y2Y,alfred_yield_curve_10y_2y_initial,2021-01-22,0.97
T10Y2Y,alfred_yield_curve_10y_2y_initial,2021-01-25,0.92
T10Y2Y,alfred_yield_curve_10y_2y_initial,2021-01-26,0.94
T10Y2Y,alfred_yield_curve_10y_2y_initial,2021-01-27,0.92
T10Y2Y,alfred_yield_curve_10y_2y_initial,2021-01-28,0.95
T10Y2Y,alfred_yield_curve_10y_2y_initial,2021-01-29,1.0
T10Y2Y,alfred_yield_curve_10y_2y_initial,2021-02-01,0.98
T10Y2Y,alfred_yield_curve_10y_2y_initial,2021-02-02,1.01
T10Y2Y,alfred_yield_curve_10y_2y_initial,2021-02-03,1.04
T10Y2Y,alfred_yield_curve_10y_2y_initial,2021-02-04,1.04
T10Y2Y,alfred_yield_curve_10y_2y_initial,2021-02-05,1.1
T10Y2Y,alfred_yield_curve_10y_2y_initial,2021-02-08,1.08
T10Y2Y,alfred_yield_curve_10y_2y_initial,2021-02-09,1.07
T10Y2Y,alfred_yield_curve_10y_2y_initial,2021-02-10,1.04
T10Y2Y,alfred_yield_curve_10y_2y_initial,2021-02-11,1.05
T10Y2Y,alfred_yield_curve_10y_2y_initial,2021-02-12,1.09
T10Y2Y,alfred_yield_curve_10y_2y_initial,2021-02-16,1.17
T10Y2Y,alfred_yield_curve_10y_2y_initial,2021-02-17,1.18
T10Y2Y,alfred_yield_curve_10y_2y_initial,2021-02-18,1.18
T10Y2Y,alfred_yield_curve_10y_2y_initial,2021-02-19,1.23
T10Y2Y,alfred_yield_curve_10y_2y_initial,2021-02-22,1.26
T10Y2Y,alfred_yield_curve_10y_2y_initial,2021-02-23,1.26
T10Y2Y,alfred_yield_curve_10y_2y_initial,2021-02-24,1.26
T10Y2Y,alfred_yield_curve_10y_2y_initial,2021-02-25,1.37
T10Y2Y,alfred_yield_curve_10y_2y_initial,2021-02-26,1.3
T10Y2Y,alfred_yield_curve_10y_2y_initial,2021-03-01,1.32
T10Y2Y,alfred_yield_curve_10y_2y_initial,2021-03-02,1.29
T10Y2Y,alfred_yield_curve_10y_2y_initial,2021-03-03,1.33
T10Y2Y,alfred_yield_curve_10y_2y_initial,2021-03-04,1.4
T10Y2Y,alfred_yield_curve_10y_2y_initial,2021-03-05,1.42
T10Y2Y,alfred_yield_curve_10y_2y_initial,2021-03-08,1.42
T10Y2Y,alfred_yield_curve_10y_2y_initial,2021-03-09,1.38
T10Y2Y,alfred_yield_curve_10y_2y_initial,2021-03-10,1.37
T10Y2Y,alfred_yield_curve_10y_2y_initial,2021-03-11,1.4
T10Y2Y,alfred_yield_curve_10y_2y_initial,2021-03-12,1.5
T10Y2Y,alfred_yield_curve_10y_2y_initial,2021-03-15,1.48
T10Y2Y,alfred_yield_curve_10y_2y_initial,2021-03-16,1.47
T10Y2Y,alfred_yield_curve_10y_2y_initial,2021-03-17,1.5
T10Y2Y,alfred_yield_curve_10y_2y_initial,2021-03-18,1.55
T10Y2Y,alfred_yield_curve_10y_2y_initial,2021-03-19,1.58
T10Y2Y,alfred_yield_curve_10y_2y_initial,2021-03-22,1.54
T10Y2Y,alfred_yield_curve_10y_2y_initial,2021-03-23,1.48
T10Y2Y,alfred_yield_curve_10y_2y_initial,2021-03-24,1.48
T10Y2Y,alfred_yield_curve_10y_2y_initial,2021-03-25,1.49
T10Y2Y,alfred_yield_curve_10y_2y_initial,2021-03-26,1.53
T10Y2Y,alfred_yield_curve_10y_2y_initial,2021-03-29,1.59
T10Y2Y,alfred_yield_curve_10y_2y_initial,2021-03-30,1.57
T10Y2Y,alfred_yield_curve_10y_2y_initial,2021-03-31,1.58
T10Y2Y,alfred_yield_curve_10y_2y_initial,2021-04-01,1.52
T10Y2Y,alfred_yield_curve_10y_2y_initial,2021-04-02,1.53
T10Y2Y,alfred_yield_curve_10y_2y_initial,2021-04-05,1.56
T10Y2Y,alfred_yield_curve_10y_2y_initial,2021-04-06,1.51
T10Y2Y,alfred_yield_curve_10y_2y_initial,2021-04-07,1.52
T10Y2Y,alfred_yield_curve_10y_2y_initial,2021-04-08,1.5
T10Y2Y,alfred_yield_curve_10y_2y_initial,2021-04-09,1.51
T10Y2Y,alfred_yield_curve_10y_2y_initial,2021-04-12,1.51
T10Y2Y,alfred_yield_curve_10y_2y_initial,2021-04-13,1.48
T10Y2Y,alfred_yield_curve_10y_2y_initial,2021-04-14,1.48
T10Y2Y,alfred_yield_curve_10y_2y_initial,2021-04-15,1.4
T10Y2Y,alfred_yield_curve_10y_2y_initial,2021-04-16,1.43
T10Y2Y,alfred_yield_curve_10y_2y_initial,2021-04-19,1.45
T10Y2Y,alfred_yield_curve_10y_2y_initial,2021-04-20,1.43
T10Y2Y,alfred_yield_curve_10y_2y_initial,2021-04-21,1.42
T10Y2Y,alfred_yield_curve_10y_2y_initial,2021-04-22,1.41
T10Y2Y,alfred_yield_curve_10y_2y_initial,2021-04-23,1.42
T10Y2Y,alfred_yield_curve_10y_2y_initial,2021-04-26,1.4
T10Y2Y,alfred_yield_curve_10y_2y_initial,2021-04-27,1.46
T10Y2Y,alfred_yield_curve_10y_2y_initial,2021-04-28,1.46
T10Y2Y,alfred_yield_curve_10y_2y_initial,2021-04-29,1.49
T10Y2Y,alfred_yield_curve_10y_2y_initial,2021-04-30,1.49
T10Y2Y,alfred_yield_curve_10y_2y_initial,2021-05-03,1.47
T10Y2Y,alfred_yield_curve_10y_2y_initial,2021-05-04,1.45
T10Y2Y,alfred_yield_curve_10y_2y_initial,2021-05-05,1.43
T10Y2Y,alfred_yield_curve_10y_2y_initial,2021-05-06,1.42
T10Y2Y,alfred_yield_curve_10y_2y_initial,2021-05-07,1.46
T10Y2Y,alfred_yield_curve_10y_2y_initial,2021-05-10,1.47
T10Y2Y,alfred_yield_curve_10y_2y_initial,2021-05-11,1.48
T10Y2Y,alfred_yield_curve_10y_2y_initial,2021-05-12,1.53
T10Y2Y,alfred_yield_curve_10y_2y_initial,2021-05-13,1.5
T10Y2Y,alfred_yield_curve_10y_2y_initial,2021-05-14,1.47
T10Y2Y,alfred_yield_curve_10y_2y_initial,2021-05-17,1.48
T10Y2Y,alfred_yield_curve_10y_2y_initial,2021-05-18,1.48
T10Y2Y,alfred_yield_curve_10y_2y_initial,2021-05-19,1.52
T10Y2Y,alfred_yield_curve_10y_2y_initial,2021-05-20,1.48
T10Y2Y,alfred_yield_curve_10y_2y_initial,2021-05-21,1.46
T10Y2Y,alfred_yield_curve_10y_2y_initial,2021-05-24,1.46
T10Y2Y,alfred_yield_curve_10y_2y_initial,2021-05-25,1.41
T10Y2Y,alfred_yield_curve_10y_2y_initial,2021-05-26,1.44
T10Y2Y,alfred_yield_curve_10y_2y_initial,2021-05-27,1.47
T10Y2Y,alfred_yield_curve_10y_2y_initial,2021-05-28,1.44
T10Y2Y,alfred_yield_curve_10y_2y_initial,2021-06-01,1.46
T10Y2Y,alfred_yield_curve_10y_2y_initial,2021-06-02,1.46
T10Y2Y,alfred_yield_curve_10y_2y_initial,2021-06-03,1.47
T10Y2Y,alfred_yield_curve_10y_2y_initial,2021-06-04,1.42
T10Y2Y,alfred_yield_curve_10y_2y_initial,2021-06-07,1.41
T10Y2Y,alfred_yield_curve_10y_2y_initial,2021-06-08,1.39
T10Y2Y,alfred_yield_curve_10y_2y_initial,2021-06-09,1.34
T10Y2Y,alfred_yield_curve_10y_2y_initial,2021-06-10,1.31
T10Y2Y,alfred_yield_curve_10y_2y_initial,2021-06-11,1.31
T10Y2Y,alfred_yield_curve_10y_2y_initial,2021-06-14,1.35
T10Y2Y,alfred_yield_curve_10y_2y_initial,2021-06-15,1.35
T10Y2Y,alfred_yield_curve_10y_2y_initial,2021-06-16,1.36
T10Y2Y,alfred_yield_curve_10y_2y_initial,2021-06-17,1.29
T10Y2Y,alfred_yield_curve_10y_2y_initial,2021-06-18,1.19
T10Y2Y,alfred_yield_curve_10y_2y_initial,2021-06-21,1.23
T10Y2Y,alfred_yield_curve_10y_2y_initial,2021-06-22,1.23
T10Y2Y,alfred_yield_curve_10y_2y_initial,2021-06-23,1.24
T10Y2Y,alfred_yield_curve_10y_2y_initial,2021-06-24,1.23
T10Y2Y,alfred_yield_curve_10y_2y_initial,2021-06-25,1.26
T10Y2Y,alfred_yield_curve_10y_2y_initial,2021-06-28,1.24
T10Y2Y,alfred_yield_curve_10y_2y_initial,2021-06-29,1.22
T10Y2Y,alfred_yield_curve_10y_2y_initial,2021-06-30,1.2
T10Y2Y,alfred_yield_curve_10y_2y_initial,2021-07-01,1.23
T10Y2Y,alfred_yield_curve_10y_2y_initial,2021-07-02,1.2
T10Y2Y,alfred_yield_curve_10y_2y_initial,2021-07-06,1.15
T10Y2Y,alfred_yield_curve_10y_2y_initial,2021-07-07,1.11
T10Y2Y,alfred_yield_curve_10y_2y_initial,2021-07-08,1.11
T10Y2Y,alfred_yield_curve_10y_2y_initial,2021-07-09,1.14
T10Y2Y,alfred_yield_curve_10y_2y_initial,2021-07-12,1.15
T10Y2Y,alfred_yield_curve_10y_2y_initial,2021-07-13,1.16
T10Y2Y,alfred_yield_curve_10y_2y_initial,2021-07-14,1.14
T10Y2Y,alfred_yield_curve_10y_2y_initial,2021-07-15,1.08
T10Y2Y,alfred_yield_curve_10y_2y_initial,2021-07-16,1.06
T10Y2Y,alfred_yield_curve_10y_2y_initial,2021-07-19,0.98
T10Y2Y,alfred_yield_curve_10y_2y_initial,2021-07-20,1.03
T10Y2Y,alfred_yield_curve_10y_2y_initial,2021-07-21,1.08
T10Y2Y,alfred_yield_curve_10y_2y_initial,2021-07-22,1.07
T10Y2Y,alfred_yield_curve_10y_2y_initial,2021-07-23,1.08
T10Y2Y,alfred_yield_curve_10y_2y_initial,2021-07-26,1.07
T10Y2Y,alfred_yield_curve_10y_2y_initial,2021-07-27,1.05
T10Y2Y,alfred_yield_curve_10y_2y_initial,2021-07-28,1.06
T10Y2Y,alfred_yield_curve_10y_2y_initial,2021-07-29,1.08
T10Y2Y,alfred_yield_curve_10y_2y_initial,2021-07-30,1.05
T10Y2Y,alfred_yield_curve_10y_2y_initial,2021-08-02,1.03
T10Y2Y,alfred_yield_curve_10y_2y_initial,2021-08-03,1.02
T10Y2Y,alfred_yield_curve_10y_2y_initial,2021-08-04,1.02
T10Y2Y,alfred_yield_curve_10y_2y_initial,2021-08-05,1.02
T10Y2Y,alfred_yield_curve_10y_2y_initial,2021-08-06,1.1
T10Y2Y,alfred_yield_curve_10y_2y_initial,2021-08-09,1.1
T10Y2Y,alfred_yield_curve_10y_2y_initial,2021-08-10,1.12
T10Y2Y,alfred_yield_curve_10y_2y_initial,2021-08-11,1.12
T10Y2Y,alfred_yield_curve_10y_2y_initial,2021-08-12,1.13
T10Y2Y,alfred_yield_curve_10y_2y_initial,2021-08-13,1.06
T10Y2Y,alfred_yield_curve_10y_2y_initial,2021-08-16,1.05
T10Y2Y,alfred_yield_curve_10y_2y_initial,2021-08-17,1.03
T10Y2Y,alfred_yield_curve_10y_2y_initial,2021-08-18,1.04
T10Y2Y,alfred_yield_curve_10y_2y_initial,2021-08-19,1.02
T10Y2Y,alfred_yield_curve_10y_2y_initial,2021-08-20,1.03
T10Y2Y,alfred_yield_curve_10y_2y_initial,2021-08-23,1.02
T10Y2Y,alfred_yield_curve_10y_2y_initial,2021-08-24,1.05
T10Y2Y,alfred_yield_curve_10y_2y_initial,2021-08-25,1.12
T10Y2Y,alfred_yield_curve_10y_2y_initial,2021-08-26,1.09
T10Y2Y,alfred_yield_curve_10y_2y_initial,2021-08-27,1.09
T10Y2Y,alfred_yield_curve_10y_2y_initial,2021-08-30,1.09
T10Y2Y,alfred_yield_curve_10y_2y_initial,2021-08-31,1.1
T10Y2Y,alfred_yield_curve_10y_2y_initial,2021-09-01,1.11
T10Y2Y,alfred_yield_curve_10y_2y_initial,2021-09-02,1.09
T10Y2Y,alfred_yield_curve_10y_2y_initial,2021-09-03,1.12
T10Y2Y,alfred_yield_curve_10y_2y_initial,2021-09-07,1.16
T10Y2Y,alfred_yield_curve_10y_2y_initial,2021-09-08,1.13
T10Y2Y,alfred_yield_curve_10y_2y_initial,2021-09-09,1.07
T10Y2Y,alfred_yield_curve_10y_2y_initial,2021-09-10,1.12
T10Y2Y,alfred_yield_curve_10y_2y_initial,2021-09-13,1.12
T10Y2Y,alfred_yield_curve_10y_2y_initial,2021-09-14,1.07
T10Y2Y,alfred_yield_curve_10y_2y_initial,2021-09-15,1.1
T10Y2Y,alfred_yield_curve_10y_2y_initial,2021-09-16,1.11
T10Y2Y,alfred_yield_curve_10y_2y_initial,2021-09-17,1.14
T10Y2Y,alfred_yield_curve_10y_2y_initial,2021-09-20,1.08
T10Y2Y,alfred_yield_curve_10y_2y_initial,2021-09-21,1.11
T10Y2Y,alfred_yield_curve_10y_2y_initial,2021-09-22,1.07
T10Y2Y,alfred_yield_curve_10y_2y_initial,2021-09-23,1.14
T10Y2Y,alfred_yield_curve_10y_2y_initial,2021-09-24,1.18
T10Y2Y,alfred_yield_curve_10y_2y_initial,2021-09-27,1.17
T10Y2Y,alfred_yield_curve_10y_2y_initial,2021-09-28,1.23
T10Y2Y,alfred_yield_curve_10y_2y_initial,2021-09-29,1.25
T10Y2Y,alfred_yield_curve_10y_2y_initial,2021-09-30,1.24
T10Y2Y,alfred_yield_curve_10y_2y_initial,2021-10-01,1.21
T10Y2Y,alfred_yield_curve_10y_2y_initial,2021-10-04,1.22
T10Y2Y,alfred_yield_curve_10y_2y_initial,2021-10-05,1.26
T10Y2Y,alfred_yield_curve_10y_2y_initial,2021-10-06,1.23
T10Y2Y,alfred_yield_curve_10y_2y_initial,2021-10-07,1.26
T10Y2Y,alfred_yield_curve_10y_2y_initial,2021-10-08,1.29
T10Y2Y,alfred_yield_curve_10y_2y_initial,2021-10-12,1.24
T10Y2Y,alfred_yield_curve_10y_2y_initial,2021-10-13,1.19
T10Y2Y,alfred_yield_curve_10y_2y_initial,2021-10-14,1.16
T10Y2Y,alfred_yield_curve_10y_2y_initial,2021-10-15,1.18
T10Y2Y,alfred_yield_curve_10y_2y_initial,2021-10-18,1.15
T10Y2Y,alfred_yield_curve_10y_2y_initial,2021-10-19,1.24
T10Y2Y,alfred_yield_curve_10y_2y_initial,2021-10-20,1.25
T10Y2Y,alfred_yield_curve_10y_2y_initial,2021-10-21,1.23
T10Y2Y,alfred_yield_curve_10y_2y_initial,2021-10-22,1.18
T10Y2Y,alfred_yield_curve_10y_2y_initial,2021-10-25,1.17
T10Y2Y,alfred_yield_curve_10y_2y_initial,2021-10-26,1.16
T10Y2Y,alfred_yield_curve_10y_2y_initial,2021-10-27,1.04
T10Y2Y,alfred_yield_curve_10y_2y_initial,2021-10-28,1.07
T10Y2Y,alfred_yield_curve_10y_2y_initial,2021-10-29,1.07
T10Y2Y,alfred_yield_curve_10y_2y_initial,2021-11-01,1.08
T10Y2Y,alfred_yield_curve_10y_2y_initial,2021-11-02,1.1
T10Y2Y,alfred_yield_curve_10y_2y_initial,2021-11-03,1.13
T10Y2Y,alfred_yield_curve_10y_2y_initial,2021-11-04,1.12
T10Y2Y,alfred_yield_curve_10y_2y_initial,2021-11-05,1.06
T10Y2Y,alfred_yield_curve_10y_2y_initial,2021-11-08,1.06
T10Y2Y,alfred_yield_curve_10y_2y_initial,2021-11-09,1.05
T10Y2Y,alfred_yield_curve_10y_2y_initial,2021-11-10,1.05
T10Y2Y,alfred_yield_curve_10y_2y_initial,2021-11-12,1.05
T10Y2Y,alfred_yield_curve_10y_2y_initial,2021-11-15,1.1
T10Y2Y,alfred_yield_curve_10y_2y_initial,2021-11-16,1.09
T10Y2Y,alfred_yield_curve_10y_2y_initial,2021-11-17,1.08
T10Y2Y,alfred_yield_curve_10y_2y_initial,2021-11-18,1.07
T10Y2Y,alfred_yield_curve_10y_2y_initial,2021-11-19,1.02
T10Y2Y,alfred_yield_curve_10y_2y_initial,2021-11-22,1.0
T10Y2Y,alfred_yield_curve_10y_2y_initial,2021-11-23,1.07
T10Y2Y,alfred_yield_curve_10y_2y_initial,2021-11-24,1.0
T10Y2Y,alfred_yield_curve_10y_2y_initial,2021-11-26,0.98
T10Y2Y,alfred_yield_curve_10y_2y_initial,2021-11-29,1.01
T10Y2Y,alfred_yield_curve_10y_2y_initial,2021-11-30,0.91
T10Y2Y,alfred_yield_curve_10y_2y_initial,2021-12-01,0.87
T10Y2Y,alfred_yield_curve_10y_2y_initial,2021-12-02,0.81
T10Y2Y,alfred_yield_curve_10y_2y_initial,2021-12-03,0.75
T10Y2Y,alfred_yield_curve_10y_2y_initial,2021-12-06,0.78
T10Y2Y,alfred_yield_curve_10y_2y_initial,2021-12-07,0.78
T10Y2Y,alfred_yield_curve_10y_2y_initial,2021-12-08,0.84
T10Y2Y,alfred_yield_curve_10y_2y_initial,2021-12-09,0.79
T10Y2Y,alfred_yield_curve_10y_2y_initial,2021-12-10,0.81
T10Y2Y,alfred_yield_curve_10y_2y_initial,2021-12-13,0.76
T10Y2Y,alfred_yield_curve_10y_2y_initial,2021-12-14,0.77
T10Y2Y,alfred_yield_curve_10y_2y_initial,2021-12-15,0.78
T10Y2Y,alfred_yield_curve_10y_2y_initial,2021-12-16,0.8
T10Y2Y,alfred_yield_curve_10y_2y_initial,2021-12-17,0.75
T10Y2Y,alfred_yield_curve_10y_2y_initial,2021-12-20,0.78
T10Y2Y,alfred_yield_curve_10y_2y_initial,2021-12-21,0.78
T10Y2Y,alfred_yield_curve_10y_2y_initial,2021-12-22,0.78
T10Y2Y,alfred_yield_curve_10y_2y_initial,2021-12-23,0.79
T10Y2Y,alfred_yield_curve_10y_2y_initial,2021-12-27,0.72
T10Y2Y,alfred_yield_curve_10y_2y_initial,2021-12-28,0.75
T10Y2Y,alfred_yield_curve_10y_2y_initial,2021-12-29,0.8
T10Y2Y,alfred_yield_curve_10y_2y_initial,2021-12-30,0.79
T10Y2Y,alfred_yield_curve_10y_2y_initial,2021-12-31,0.79
T10Y2Y,alfred_yield_curve_10y_2y_initial,2022-01-03,0.85
T10Y2Y,alfred_yield_curve_10y_2y_initial,2022-01-04,0.89
T10Y2Y,alfred_yield_curve_10y_2y_initial,2022-01-05,0.88
T10Y2Y,alfred_yield_curve_10y_2y_initial,2022-01-06,0.85
T10Y2Y,alfred_yield_curve_10y_2y_initial,2022-01-07,0.89
T10Y2Y,alfred_yield_curve_10y_2y_initial,2022-01-10,0.86
T10Y2Y,alfred_yield_curve_10y_2y_initial,2022-01-11,0.85
T10Y2Y,alfred_yield_curve_10y_2y_initial,2022-01-12,0.82
T10Y2Y,alfred_yield_curve_10y_2y_initial,2022-01-13,0.79
T10Y2Y,alfred_yield_curve_10y_2y_initial,2022-01-14,0.79
T10Y2Y,alfred_yield_curve_10y_2y_initial,2022-01-18,0.81
T10Y2Y,alfred_yield_curve_10y_2y_initial,2022-01-19,0.79
T10Y2Y,alfred_yield_curve_10y_2y_initial,2022-01-20,0.75
T10Y2Y,alfred_yield_curve_10y_2y_initial,2022-01-21,0.74
T10Y2Y,alfred_yield_curve_10y_2y_initial,2022-01-24,0.76
T10Y2Y,alfred_yield_curve_10y_2y_initial,2022-01-25,0.76
T10Y2Y,alfred_yield_curve_10y_2y_initial,2022-01-26,0.72
T10Y2Y,alfred_yield_curve_10y_2y_initial,2022-01-27,0.63
T10Y2Y,alfred_yield_curve_10y_2y_initial,2022-01-28,0.63
T10Y2Y,alfred_yield_curve_10y_2y_initial,2022-01-31,0.61
T10Y2Y,alfred_yield_curve_10y_2y_initial,2022-02-01,0.63
T10Y2Y,alfred_yield_curve_10y_2y_initial,2022-02-02,0.62
T10Y2Y,alfred_yield_curve_10y_2y_initial,2022-02-03,0.63
T10Y2Y,alfred_yield_curve_10y_2y_initial,2022-02-04,0.62
T10Y2Y,alfred_yield_curve_10y_2y_initial,2022-02-07,0.62
T10Y2Y,alfred_yield_curve_10y_2y_initial,2022-02-08,0.61
T10Y2Y,alfred_yield_curve_10y_2y_initial,2022-02-09,0.58
T10Y2Y,alfred_yield_curve_10y_2y_initial,2022-02-10,0.42
T10Y2Y,alfred_yield_curve_10y_2y_initial,2022-02-11,0.42
T10Y2Y,alfred_yield_curve_10y_2y_initial,2022-02-14,0.4
T10Y2Y,alfred_yield_curve_10y_2y_initial,2022-02-15,0.47
T10Y2Y,alfred_yield_curve_10y_2y_initial,2022-02-16,0.51
T10Y2Y,alfred_yield_curve_10y_2y_initial,2022-02-17,0.48
T10Y2Y,alfred_yield_curve_10y_2y_initial,2022-02-18,0.45
T10Y2Y,alfred_yield_curve_10y_2y_initial,2022-02-22,0.38
T10Y2Y,alfred_yield_curve_10y_2y_initial,2022-02-23,0.41
T10Y2Y,alfred_yield_curve_10y_2y_initial,2022-02-24,0.42
T10Y2Y,alfred_yield_curve_10y_2y_initial,2022-02-25,0.42
T10Y2Y,alfred_yield_curve_10y_2y_initial,2022-02-28,0.39
T10Y2Y,alfred_yield_curve_10y_2y_initial,2022-03-01,0.41
T10Y2Y,alfred_yield_curve_10y_2y_initial,2022-03-02,0.36
T10Y2Y,alfred_yield_curve_10y_2y_initial,2022-03-03,0.33
T10Y2Y,alfred_yield_curve_10y_2y_initial,2022-03-04,0.24
T10Y2Y,alfred_yield_curve_10y_2y_initial,2022-03-07,0.23
T10Y2Y,alfred_yield_curve_10y_2y_initial,2022-03-08,0.23
T10Y2Y,alfred_yield_curve_10y_2y_initial,2022-03-09,0.26
T10Y2Y,alfred_yield_curve_10y_2y_initial,2022-03-10,0.26
T10Y2Y,alfred_yield_curve_10y_2y_initial,2022-03-11,0.25
T10Y2Y,alfred_yield_curve_10y_2y_initial,2022-03-14,0.27
T10Y2Y,alfred_yield_curve_10y_2y_initial,2022-03-15,0.3
T10Y2Y,alfred_yield_curve_10y_2y_initial,2022-03-16,0.24
T10Y2Y,alfred_yield_curve_10y_2y_initial,2022-03-17,0.26
T10Y2Y,alfred_yield_curve_10y_2y_initial,2022-03-18,0.17
T10Y2Y,alfred_yield_curve_10y_2y_initial,2022-03-21,0.18
T10Y2Y,alfred_yield_curve_10y_2y_initial,2022-03-22,0.2
T10Y2Y,alfred_yield_curve_10y_2y_initial,2022-03-23,0.19
T10Y2Y,alfred_yield_curve_10y_2y_initial,2022-03-24,0.21
T10Y2Y,alfred_yield_curve_10y_2y_initial,2022-03-25,0.18
T10Y2Y,alfred_yield_curve_10y_2y_initial,2022-03-28,0.11
T10Y2Y,alfred_yield_curve_10y_2y_initial,2022-03-29,0.06
T10Y2Y,alfred_yield_curve_10y_2y_initial,2022-03-30,0.04
T10Y2Y,alfred_yield_curve_10y_2y_initial,2022-03-31,0.04
T10Y2Y,alfred_yield_curve_10y_2y_initial,2022-04-01,-0.05
T10Y2Y,alfred_yield_curve_10y_2y_initial,2022-04-04,-0.01
T10Y2Y,alfred_yield_curve_10y_2y_initial,2022-04-05,0.03
T10Y2Y,alfred_yield_curve_10y_2y_initial,2022-04-06,0.11
T10Y2Y,alfred_yield_curve_10y_2y_initial,2022-04-07,0.19
T10Y2Y,alfred_yield_curve_10y_2y_initial,2022-04-08,0.19
T10Y2Y,alfred_yield_curve_10y_2y_initial,2022-04-11,0.29
T10Y2Y,alfred_yield_curve_10y_2y_initial,2022-04-12,0.33
T10Y2Y,alfred_yield_curve_10y_2y_initial,2022-04-13,0.33
T10Y2Y,alfred_yield_curve_10y_2y_initial,2022-04-14,0.36
T10Y2Y,alfred_yield_curve_10y_2y_initial,2022-04-18,0.39
T10Y2Y,alfred_yield_curve_10y_2y_initial,2022-04-19,0.32
T10Y2Y,alfred_yield_curve_10y_2y_initial,2022-04-20,0.25
T10Y2Y,alfred_yield_curve_10y_2y_initial,2022-04-21,0.22
T10Y2Y,alfred_yield_curve_10y_2y_initial,2022-04-22,0.18
T10Y2Y,alfred_yield_curve_10y_2y_initial,2022-04-25,0.18
T10Y2Y,alfred_yield_curve_10y_2y_initial,2022-04-26,0.23
T10Y2Y,alfred_yield_curve_10y_2y_initial,2022-04-27,0.24
T10Y2Y,alfred_yield_curve_10y_2y_initial,2022-04-28,0.22
T10Y2Y,alfred_yield_curve_10y_2y_initial,2022-04-29,0.19
T10Y2Y,alfred_yield_curve_10y_2y_initial,2022-05-02,0.26
T10Y2Y,alfred_yield_curve_10y_2y_initial,2022-05-03,0.19
T10Y2Y,alfred_yield_curve_10y_2y_initial,2022-05-04,0.27
T10Y2Y,alfred_yield_curve_10y_2y_initial,2022-05-05,0.34
T10Y2Y,alfred_yield_curve_10y_2y_initial,2022-05-06,0.4
T10Y2Y,alfred_yield_curve_10y_2y_initial,2022-05-09,0.44
T10Y2Y,alfred_yield_curve_10y_2y_initial,2022-05-10,0.37
T10Y2Y,alfred_yield_curve_10y_2y_initial,2022-05-11,0.25
T10Y2Y,alfred_yield_curve_10y_2y_initial,2022-05-12,0.28
T10Y2Y,alfred_yield_curve_10y_2y_initial,2022-05-13,0.32
T10Y2Y,alfred_yield_curve_10y_2y_initial,2022-05-16,0.3
T10Y2Y,alfred_yield_curve_10y_2y_initial,2022-05-17,0.27
T10Y2Y,alfred_yield_curve_10y_2y_initial,2022-05-18,0.21
T10Y2Y,alfred_yield_curve_10y_2y_initial,2022-05-19,0.21
T10Y2Y,alfred_yield_curve_10y_2y_initial,2022-05-20,0.18
T10Y2Y,alfred_yield_curve_10y_2y_initial,2022-05-23,0.21
T10Y2Y,alfred_yield_curve_10y_2y_initial,2022-05-24,0.26
T10Y2Y,alfred_yield_curve_10y_2y_initial,2022-05-25,0.27
T10Y2Y,alfred_yield_curve_10y_2y_initial,2022-05-26,0.29
T10Y2Y,alfred_yield_curve_10y_2y_initial,2022-05-27,0.27
T10Y2Y,alfred_yield_curve_10y_2y_initial,2022-05-31,0.32
T10Y2Y,alfred_yield_curve_10y_2y_initial,2022-06-01,0.28
T10Y2Y,alfred_yield_curve_10y_2y_initial,2022-06-02,0.27
T10Y2Y,alfred_yield_curve_10y_2y_initial,2022-06-03,0.3
T10Y2Y,alfred_yield_curve_10y_2y_initial,2022-06-06,0.31
T10Y2Y,alfred_yield_curve_10y_2y_initial,2022-06-07,0.23
T10Y2Y,alfred_yield_curve_10y_2y_initial,2022-06-08,0.25
T10Y2Y,alfred_yield_curve_10y_2y_initial,2022-06-09,0.21
T10Y2Y,alfred_yield_curve_10y_2y_initial,2022-06-10,0.09
T10Y2Y,alfred_yield_curve_10y_2y_initial,2022-06-13,0.03
T10Y2Y,alfred_yield_curve_10y_2y_initial,2022-06-14,0.04
T10Y2Y,alfred_yield_curve_10y_2y_initial,2022-06-15,0.13
T10Y2Y,alfred_yield_curve_10y_2y_initial,2022-06-16,0.14
T10Y2Y,alfred_yield_curve_10y_2y_initial,2022-06-17,0.08
T10Y2Y,alfred_yield_curve_10y_2y_initial,2022-06-21,0.1
T10Y2Y,alfred_yield_curve_10y_2y_initial,2022-06-22,0.1
T10Y2Y,alfred_yield_curve_10y_2y_initial,2022-06-23,0.08
T10Y2Y,alfred_yield_curve_10y_2y_initial,2022-06-24,0.09
T10Y2Y,alfred_yield_curve_10y_2y_initial,2022-06-27,0.12
T10Y2Y,alfred_yield_curve_10y_2y_initial,2022-06-28,0.1
T10Y2Y,alfred_yield_curve_10y_2y_initial,2022-06-29,0.04
T10Y2Y,alfred_yield_curve_10y_2y_initial,2022-06-30,0.06
T10Y2Y,alfred_yield_curve_10y_2y_initial,2022-07-01,0.04
T10Y2Y,alfred_yield_curve_10y_2y_initial,2022-07-05,0.0
T10Y2Y,alfred_yield_curve_10y_2y_initial,2022-07-06,-0.04
T10Y2Y,alfred_yield_curve_10y_2y_initial,2022-07-07,-0.02
T10Y2Y,alfred_yield_curve_10y_2y_initial,2022-07-08,-0.03
T10Y2Y,alfred_yield_curve_10y_2y_initial,2022-07-11,-0.08
T10Y2Y,alfred_yield_curve_10y_2y_initial,2022-07-12,-0.07
T10Y2Y,alfred_yield_curve_10y_2y_initial,2022-07-13,-0.22
T10Y2Y,alfred_yield_curve_10y_2y_initial,2022-07-14,-0.19
T10Y2Y,alfred_yield_curve_10y_2y_initial,2022-07-15,-0.2
T10Y2Y,alfred_yield_curve_10y_2y_initial,2022-07-18,-0.19
T10Y2Y,alfred_yield_curve_10y_2y_initial,2022-07-19,-0.22
T10Y2Y,alfred_yield_curve_10y_2y_initial,2022-07-20,-0.21
T10Y2Y,alfred_yield_curve_10y_2y_initial,2022-07-21,-0.19
T10Y2Y,alfred_yield_curve_10y_2y_initial,2022-07-22,-0.21
T10Y2Y,alfred_yield_curve_10y_2y_initial,2022-07-25,-0.19
T10Y2Y,alfred_yield_curve_10y_2y_initial,2022-07-26,-0.21
T10Y2Y,alfred_yield_curve_10y_2y_initial,2022-07-27,-0.18
T10Y2Y,alfred_yield_curve_10y_2y_initial,2022-07-28,-0.17
T10Y2Y,alfred_yield_curve_10y_2y_initial,2022-07-29,-0.22
T10Y2Y,alfred_yield_curve_10y_2y_initial,2022-08-01,-0.3
T10Y2Y,alfred_yield_curve_10y_2y_initial,2022-08-02,-0.31
T10Y2Y,alfred_yield_curve_10y_2y_initial,2022-08-03,-0.37
T10Y2Y,alfred_yield_curve_10y_2y_initial,2022-08-04,-0.35
T10Y2Y,alfred_yield_curve_10y_2y_initial,2022-08-05,-0.41
T10Y2Y,alfred_yield_curve_10y_2y_initial,2022-08-08,-0.44
T10Y2Y,alfred_yield_curve_10y_2y_initial,2022-08-09,-0.48
T10Y2Y,alfred_yield_curve_10y_2y_initial,2022-08-10,-0.45
T10Y2Y,alfred_yield_curve_10y_2y_initial,2022-08-11,-0.36
T10Y2Y,alfred_yield_curve_10y_2y_initial,2022-08-12,-0.41
T10Y2Y,alfred_yield_curve_10y_2y_initial,2022-08-15,-0.41
T10Y2Y,alfred_yield_curve_10y_2y_initial,2022-08-16,-0.43
T10Y2Y,alfred_yield_curve_10y_2y_initial,2022-08-17,-0.39
T10Y2Y,alfred_yield_curve_10y_2y_initial,2022-08-18,-0.34
T10Y2Y,alfred_yield_curve_10y_2y_initial,2022-08-19,-0.27
T10Y2Y,alfred_yield_curve_10y_2y_initial,2022-08-22,-0.29
T10Y2Y,alfred_yield_curve_10y_2y_initial,2022-08-23,-0.24
T10Y2Y,alfred_yield_curve_10y_2y_initial,2022-08-24,-0.25
T10Y2Y,alfred_yield_curve_10y_2y_initial,2022-08-25,-0.32
T10Y2Y,alfred_yield_curve_10y_2y_initial,2022-08-26,-0.33
T10Y2Y,alfred_yield_curve_10y_2y_initial,2022-08-29,-0.3
T10Y2Y,alfred_yield_curve_10y_2y_initial,2022-08-30,-0.35
T10Y2Y,alfred_yield_curve_10y_2y_initial,2022-08-31,-0.3
T10Y2Y,alfred_yield_curve_10y_2y_initial,2022-09-01,-0.25
T10Y2Y,alfred_yield_curve_10y_2y_initial,2022-09-02,-0.2
T10Y2Y,alfred_yield_curve_10y_2y_initial,2022-09-06,-0.17
T10Y2Y,alfred_yield_curve_10y_2y_initial,2022-09-07,-0.18
T10Y2Y,alfred_yield_curve_10y_2y_initial,2022-09-08,-0.19
T10Y2Y,alfred_yield_curve_10y_2y_initial,2022-09-09,-0.23
T10Y2Y,alfred_yield_curve_10y_2y_initial,2022-09-12,-0.21
T10Y2Y,alfred_yield_curve_10y_2y_initial,2022-09-13,-0.33
T10Y2Y,alfred_yield_curve_10y_2y_initial,2022-09-14,-0.37
T10Y2Y,alfred_yield_curve_10y_2y_initial,2022-09-15,-0.42
T10Y2Y,alfred_yield_curve_10y_2y_initial,2022-09-16,-0.4
T10Y2Y,alfred_yield_curve_10y_2y_initial,2022-09-19,-0.46
T10Y2Y,alfred_yield_curve_10y_2y_initial,2022-09-20,-0.39
T10Y2Y,alfred_yield_curve_10y_2y_initial,2022-09-21,-0.51
T10Y2Y,alfred_yield_curve_10y_2y_initial,2022-09-22,-0.41
T10Y2Y,alfred_yield_curve_10y_2y_initial,2022-09-23,-0.51
T10Y2Y,alfred_yield_curve_10y_2y_initial,2022-09-26,-0.39
T10Y2Y,alfred_yield_curve_10y_2y_initial,2022-09-27,-0.33
T10Y2Y,alfred_yield_curve_10y_2y_initial,2022-09-28,-0.35
T10Y2Y,alfred_yield_curve_10y_2y_initial,2022-09-29,-0.4
T10Y2Y,alfred_yield_curve_10y_2y_initial,2022-09-30,-0.39
T10Y2Y,alfred_yield_curve_10y_2y_initial,2022-10-03,-0.45
T10Y2Y,alfred_yield_curve_10y_2y_initial,2022-10-04,-0.48
T10Y2Y,alfred_yield_curve_10y_2y_initial,2022-10-05,-0.39
T10Y2Y,alfred_yield_curve_10y_2y_initial,2022-10-06,-0.4
T10Y2Y,alfred_yield_curve_10y_2y_initial,2022-10-07,-0.41
T10Y2Y,alfred_yield_curve_10y_2y_initial,2022-10-11,-0.37
T10Y2Y,alfred_yield_curve_10y_2y_initial,2022-10-12,-0.37
T10Y2Y,alfred_yield_curve_10y_2y_initial,2022-10-13,-0.5
T10Y2Y,alfred_yield_curve_10y_2y_initial,2022-10-14,-0.48
T10Y2Y,alfred_yield_curve_10y_2y_initial,2022-10-17,-0.43
T10Y2Y,alfred_yield_curve_10y_2y_initial,2022-10-18,-0.42
T10Y2Y,alfred_yield_curve_10y_2y_initial,2022-10-19,-0.41
T10Y2Y,alfred_yield_curve_10y_2y_initial,2022-10-20,-0.38
T10Y2Y,alfred_yield_curve_10y_2y_initial,2022-10-21,-0.28
T10Y2Y,alfred_yield_curve_10y_2y_initial,2022-10-24,-0.25
T10Y2Y,alfred_yield_curve_10y_2y_initial,2022-10-25,-0.32
T10Y2Y,alfred_yield_curve_10y_2y_initial,2022-10-26,-0.35
T10Y2Y,alfred_yield_curve_10y_2y_initial,2022-10-27,-0.34
T10Y2Y,alfred_yield_curve_10y_2y_initial,2022-10-28,-0.39
T10Y2Y,alfred_yield_curve_10y_2y_initial,2022-10-31,-0.41
T10Y2Y,alfred_yield_curve_10y_2y_initial,2022-11-01,-0.47
T10Y2Y,alfred_yield_curve_10y_2y_initial,2022-11-02,-0.51
T10Y2Y,alfred_yield_curve_10y_2y_initial,2022-11-03,-0.57
T10Y2Y,alfred_yield_curve_10y_2y_initial,2022-11-04,-0.49
T10Y2Y,alfred_yield_curve_10y_2y_initial,2022-11-07,-0.5
T10Y2Y,alfred_yield_curve_10y_2y_initial,2022-11-08,-0.53
T10Y2Y,alfred_yield_curve_10y_2y_initial,2022-11-09,-0.49
T10Y2Y,alfred_yield_curve_10y_2y_initial,2022-11-10,-0.52
T10Y2Y,alfred_yield_curve_10y_2y_initial,2022-11-14,-0.52
T10Y2Y,alfred_yield_curve_10y_2y_initial,2022-11-15,-0.57
T10Y2Y,alfred_yield_curve_10y_2y_initial,2022-11-16,-0.68
T10Y2Y,alfred_yield_curve_10y_2y_initial,2022-11-17,-0.66
T10Y2Y,alfred_yield_curve_10y_2y_initial,2022-11-18,-0.69
T10Y2Y,alfred_yield_curve_10y_2y_initial,2022-11-21,-0.65
T10Y2Y,alfred_yield_curve_10y_2y_initial,2022-11-22,-0.71
T10Y2Y,alfred_yield_curve_10y_2y_initial,2022-11-23,-0.75
T10Y2Y,alfred_yield_curve_10y_2y_initial,2022-11-25,-0.74
T10Y2Y,alfred_yield_curve_10y_2y_initial,2022-11-28,-0.77
T10Y2Y,alfred_yield_curve_10y_2y_initial,2022-11-29,-0.73
T10Y2Y,alfred_yield_curve_10y_2y_initial,2022-11-30,-0.7
T10Y2Y,alfred_yield_curve_10y_2y_initial,2022-12-01,-0.72
T10Y2Y,alfred_yield_curve_10y_2y_initial,2022-12-02,-0.77
T10Y2Y,alfred_yield_curve_10y_2y_initial,2022-12-05,-0.81
T10Y2Y,alfred_yield_curve_10y_2y_initial,2022-12-06,-0.83
T10Y2Y,alfred_yield_curve_10y_2y_initial,2022-12-07,-0.84
T10Y2Y,alfred_yield_curve_10y_2y_initial,2022-12-08,-0.83
T10Y2Y,alfred_yield_curve_10y_2y_initial,2022-12-09,-0.76
T10Y2Y,alfred_yield_curve_10y_2y_initial,2022-12-12,-0.78
T10Y2Y,alfred_yield_curve_10y_2y_initial,2022-12-13,-0.71
T10Y2Y,alfred_yield_curve_10y_2y_initial,2022-12-14,-0.74
T10Y2Y,alfred_yield_curve_10y_2y_initial,2022-12-15,-0.79
T10Y2Y,alfred_yield_curve_10y_2y_initial,2022-12-16,-0.69
T10Y2Y,alfred_yield_curve_10y_2y_initial,2022-12-19,-0.68
T10Y2Y,alfred_yield_curve_10y_2y_initial,2022-12-20,-0.56
T10Y2Y,alfred_yield_curve_10y_2y_initial,2022-12-21,-0.53
T10Y2Y,alfred_yield_curve_10y_2y_initial,2022-12-22,-0.57
T10Y2Y,alfred_yield_curve_10y_2y_initial,2022-12-23,-0.56
T10Y2Y,alfred_yield_curve_10y_2y_initial,2022-12-27,-0.48
T10Y2Y,alfred_yield_curve_10y_2y_initial,2022-12-28,-0.43
T10Y2Y,alfred_yield_curve_10y_2y_initial,2022-12-29,-0.51
T10Y2Y,alfred_yield_curve_10y_2y_initial,2022-12-30,-0.53
T10Y2Y,alfred_yield_curve_10y_2y_initial,2023-01-03,-0.61
T10Y2Y,alfred_yield_curve_10y_2y_initial,2023-01-04,-0.67
T10Y2Y,alfred_yield_curve_10y_2y_initial,2023-01-05,-0.74
T10Y2Y,alfred_yield_curve_10y_2y_initial,2023-01-06,-0.69
T10Y2Y,alfred_yield_curve_10y_2y_initial,2023-01-09,-0.66
T10Y2Y,alfred_yield_curve_10y_2y_initial,2023-01-10,-0.63
T10Y2Y,alfred_yield_curve_10y_2y_initial,2023-01-11,-0.66
T10Y2Y,alfred_yield_curve_10y_2y_initial,2023-01-12,-0.69
T10Y2Y,alfred_yield_curve_10y_2y_initial,2023-01-13,-0.73
T10Y2Y,alfred_yield_curve_10y_2y_initial,2023-01-17,-0.65
T10Y2Y,alfred_yield_curve_10y_2y_initial,2023-01-18,-0.69
T10Y2Y,alfred_yield_curve_10y_2y_initial,2023-01-19,-0.7
T10Y2Y,alfred_yield_curve_10y_2y_initial,2023-01-20,-0.66
T10Y2Y,alfred_yield_curve_10y_2y_initial,2023-01-23,-0.69
T10Y2Y,alfred_yield_curve_10y_2y_initial,2023-01-24,-0.66
T10Y2Y,alfred_yield_curve_10y_2y_initial,2023-01-25,-0.65
T10Y2Y,alfred_yield_curve_10y_2y_initial,2023-01-26,-0.68
T10Y2Y,alfred_yield_curve_10y_2y_initial,2023-01-27,-0.67
T10Y2Y,alfred_yield_curve_10y_2y_initial,2023-01-30,-0.7
T10Y2Y,alfred_yield_curve_10y_2y_initial,2023-01-31,-0.69
T10Y2Y,alfred_yield_curve_10y_2y_initial,2023-02-01,-0.7
T10Y2Y,alfred_yield_curve_10y_2y_initial,2023-02-02,-0.69
T10Y2Y,alfred_yield_curve_10y_2y_initial,2023-02-03,-0.77
T10Y2Y,alfred_yield_curve_10y_2y_initial,2023-02-06,-0.81
T10Y2Y,alfred_yield_curve_10y_2y_initial,2023-02-07,-0.8
T10Y2Y,alfred_yield_curve_10y_2y_initial,2023-02-08,-0.82
T10Y2Y,alfred_yield_curve_10y_2y_initial,2023-02-09,-0.81
T10Y2Y,alfred_yield_curve_10y_2y_initial,2023-02-10,-0.76
T10Y2Y,alfred_yield_curve_10y_2y_initial,2023-02-13,-0.8
T10Y2Y,alfred_yield_curve_10y_2y_initial,2023-02-14,-0.83
T10Y2Y,alfred_yield_curve_10y_2y_initial,2023-02-15,-0.81
T10Y2Y,alfred_yield_curve_10y_2y_initial,2023-02-16,-0.76
T10Y2Y,alfred_yield_curve_10y_2y_initial,2023-02-17,-0.78
T10Y2Y,alfred_yield_curve_10y_2y_initial,2023-02-21,-0.72
T10Y2Y,alfred_yield_curve_10y_2y_initial,2023-02-22,-0.73
T10Y2Y,alfred_yield_curve_10y_2y_initial,2023-02-23,-0.78
T10Y2Y,alfred_yield_curve_10y_2y_initial,2023-02-24,-0.83
T10Y2Y,alfred_yield_curve_10y_2y_initial,2023-02-27,-0.86
T10Y2Y,alfred_yield_curve_10y_2y_initial,2023-02-28,-0.89
T10Y2Y,alfred_yield_curve_10y_2y_initial,2023-03-01,-0.88
T10Y2Y,alfred_yield_curve_10y_2y_initial,2023-03-02,-0.81
T10Y2Y,alfred_yield_curve_10y_2y_initial,2023-03-03,-0.89
T10Y2Y,alfred_yield_curve_10y_2y_initial,2023-03-06,-0.91
T10Y2Y,alfred_yield_curve_10y_2y_initial,2023-03-07,-1.03
T10Y2Y,alfred_yield_curve_10y_2y_initial,2023-03-08,-1.07
T10Y2Y,alfred_yield_curve_10y_2y_initial,2023-03-09,-0.97
T10Y2Y,alfred_yield_curve_10y_2y_initial,2023-03-10,-0.9
T10Y2Y,alfred_yield_curve_10y_2y_initial,2023-03-13,-0.48
T10Y2Y,alfred_yield_curve_10y_2y_initial,2023-03-14,-0.56
T10Y2Y,alfred_yield_curve_10y_2y_initial,2023-03-15,-0.42
T10Y2Y,alfred_yield_curve_10y_2y_initial,2023-03-16,-0.58
T10Y2Y,alfred_yield_curve_10y_2y_initial,2023-03-17,-0.42
T10Y2Y,alfred_yield_curve_10y_2y_initial,2023-03-20,-0.45
T10Y2Y,alfred_yield_curve_10y_2y_initial,2023-03-21,-0.58
T10Y2Y,alfred_yield_curve_10y_2y_initial,2023-03-22,-0.48
T10Y2Y,alfred_yield_curve_10y_2y_initial,2023-03-23,-0.38
T10Y2Y,alfred_yield_curve_10y_2y_initial,2023-03-24,-0.38
T10Y2Y,alfred_yield_curve_10y_2y_initial,2023-03-27,-0.41
T10Y2Y,alfred_yield_curve_10y_2y_initial,2023-03-28,-0.47
T10Y2Y,alfred_yield_curve_10y_2y_initial,2023-03-29,-0.51
T10Y2Y,alfred_yield_curve_10y_2y_initial,2023-03-30,-0.55
T10Y2Y,alfred_yield_curve_10y_2y_initial,2023-03-31,-0.58
T10Y2Y,alfred_yield_curve_10y_2y_initial,2023-04-03,-0.54
T10Y2Y,alfred_yield_curve_10y_2y_initial,2023-04-04,-0.49
T10Y2Y,alfred_yield_curve_10y_2y_initial,2023-04-05,-0.49
T10Y2Y,alfred_yield_curve_10y_2y_initial,2023-04-06,-0.52
T10Y2Y,alfred_yield_curve_10y_2y_initial,2023-04-07,-0.58
T10Y2Y,alfred_yield_curve_10y_2y_initial,2023-04-10,-0.59
T10Y2Y,alfred_yield_curve_10y_2y_initial,2023-04-11,-0.6
T10Y2Y,alfred_yield_curve_10y_2y_initial,2023-04-12,-0.54
T10Y2Y,alfred_yield_curve_10y_2y_initial,2023-04-13,-0.51
T10Y2Y,alfred_yield_curve_10y_2y_initial,2023-04-14,-0.56
T10Y2Y,alfred_yield_curve_10y_2y_initial,2023-04-17,-0.58
T10Y2Y,alfred_yield_curve_10y_2y_initial,2023-04-18,-0.61
T10Y2Y,alfred_yield_curve_10y_2y_initial,2023-04-19,-0.64
T10Y2Y,alfred_yield_curve_10y_2y_initial,2023-04-20,-0.6
T10Y2Y,alfred_yield_curve_10y_2y_initial,2023-04-21,-0.6
T10Y2Y,alfred_yield_curve_10y_2y_initial,2023-04-24,-0.6
T10Y2Y,alfred_yield_curve_10y_2y_initial,2023-04-25,-0.46
T10Y2Y,alfred_yield_curve_10y_2y_initial,2023-04-26,-0.47
T10Y2Y,alfred_yield_curve_10y_2y_initial,2023-04-27,-0.54
T10Y2Y,alfred_yield_curve_10y_2y_initial,2023-04-28,-0.6
T10Y2Y,alfred_yield_curve_10y_2y_initial,2023-05-01,-0.55
T10Y2Y,alfred_yield_curve_10y_2y_initial,2023-05-02,-0.53
T10Y2Y,alfred_yield_curve_10y_2y_initial,2023-05-03,-0.51
T10Y2Y,alfred_yield_curve_10y_2y_initial,2023-05-04,-0.38
T10Y2Y,alfred_yield_curve_10y_2y_initial,2023-05-05,-0.48
T10Y2Y,alfred_yield_curve_10y_2y_initial,2023-05-08,-0.48
T10Y2Y,alfred_yield_curve_10y_2y_initial,2023-05-09,-0.48
T10Y2Y,alfred_yield_curve_10y_2y_initial,2023-05-10,-0.47
T10Y2Y,alfred_yield_curve_10y_2y_initial,2023-05-11,-0.5
T10Y2Y,alfred_yield_curve_10y_2y_initial,2023-05-12,-0.52
T10Y2Y,alfred_yield_curve_10y_2y_initial,2023-05-15,-0.49
T10Y2Y,alfred_yield_curve_10y_2y_initial,2023-05-16,-0.52
T10Y2Y,alfred_yield_curve_10y_2y_initial,2023-05-17,-0.55
T10Y2Y,alfred_yield_curve_10y_2y_initial,2023-05-18,-0.59
T10Y2Y,alfred_yield_curve_10y_2y_initial,2023-05-19,-0.58
T10Y2Y,alfred_yield_curve_10y_2y_initial,2023-05-22,-0.57
T10Y2Y,alfred_yield_curve_10y_2y_initial,2023-05-23,-0.56
T10Y2Y,alfred_yield_curve_10y_2y_initial,2023-05-24,-0.58
T10Y2Y,alfred_yield_curve_10y_2y_initial,2023-05-25,-0.67
T10Y2Y,alfred_yield_curve_10y_2y_initial,2023-05-26,-0.74
T10Y2Y,alfred_yield_curve_10y_2y_initial,2023-05-30,-0.77
T10Y2Y,alfred_yield_curve_10y_2y_initial,2023-05-31,-0.76
T10Y2Y,alfred_yield_curve_10y_2y_initial,2023-06-01,-0.72
T10Y2Y,alfred_yield_curve_10y_2y_initial,2023-06-02,-0.81
T10Y2Y,alfred_yield_curve_10y_2y_initial,2023-06-05,-0.77
T10Y2Y,alfred_yield_curve_10y_2y_initial,2023-06-06,-0.81
T10Y2Y,alfred_yield_curve_10y_2y_initial,2023-06-07,-0.77
T10Y2Y,alfred_yield_curve_10y_2y_initial,2023-06-08,-0.79
T10Y2Y,alfred_yield_curve_10y_2y_initial,2023-06-09,-0.84
T10Y2Y,alfred_yield_curve_10y_2y_initial,2023-06-12,-0.82
T10Y2Y,alfred_yield_curve_10y_2y_initial,2023-06-13,-0.83
T10Y2Y,alfred_yield_curve_10y_2y_initial,2023-06-14,-0.91
T10Y2Y,alfred_yield_curve_10y_2y_initial,2023-06-15,-0.9
T10Y2Y,alfred_yield_curve_10y_2y_initial,2023-06-16,-0.93
T10Y2Y,alfred_yield_curve_10y_2y_initial,2023-06-20,-0.94
T10Y2Y,alfred_yield_curve_10y_2y_initial,2023-06-21,-0.96
T10Y2Y,alfred_yield_curve_10y_2y_initial,2023-06-22,-0.97
T10Y2Y,alfred_yield_curve_10y_2y_initial,2023-06-23,-0.97
T10Y2Y,alfred_yield_curve_10y_2y_initial,2023-06-26,-0.93
T10Y2Y,alfred_yield_curve_10y_2y_initial,2023-06-27,-0.97
T10Y2Y,alfred_yield_curve_10y_2y_initial,2023-06-28,-1.0
T10Y2Y,alfred_yield_curve_10y_2y_initial,2023-06-29,-1.02
T10Y2Y,alfred_yield_curve_10y_2y_initial,2023-06-30,-1.06
T10Y2Y,alfred_yield_curve_10y_2y_initial,2023-07-03,-1.08
T10Y2Y,alfred_yield_curve_10y_2y_initial,2023-07-05,-0.99
T10Y2Y,alfred_yield_curve_10y_2y_initial,2023-07-06,-0.94
T10Y2Y,alfred_yield_curve_10y_2y_initial,2023-07-07,-0.88
T10Y2Y,alfred_yield_curve_10y_2y_initial,2023-07-10,-0.84
T10Y2Y,alfred_yield_curve_10y_2y_initial,2023-07-11,-0.89
T10Y2Y,alfred_yield_curve_10y_2y_initial,2023-07-12,-0.86
T10Y2Y,alfred_yield_curve_10y_2y_initial,2023-07-13,-0.83
T10Y2Y,alfred_yield_curve_10y_2y_initial,2023-07-14,-0.91
T10Y2Y,alfred_yield_curve_10y_2y_initial,2023-07-17,-0.93
T10Y2Y,alfred_yield_curve_10y_2y_initial,2023-07-18,-0.94
T10Y2Y,alfred_yield_curve_10y_2y_initial,2023-07-19,-0.99
T10Y2Y,alfred_yield_curve_10y_2y_initial,2023-07-20,-0.95
T10Y2Y,alfred_yield_curve_10y_2y_initial,2023-07-21,-0.98
T10Y2Y,alfred_yield_curve_10y_2y_initial,2023-07-24,-0.95
T10Y2Y,alfred_yield_curve_10y_2y_initial,2023-07-25,-0.94
T10Y2Y,alfred_yield_curve_10y_2y_initial,2023-07-26,-0.96
T10Y2Y,alfred_yield_curve_10y_2y_initial,2023-07-27,-0.9
T10Y2Y,alfred_yield_curve_10y_2y_initial,2023-07-28,-0.91
T10Y2Y,alfred_yield_curve_10y_2y_initial,2023-07-31,-0.91
T10Y2Y,alfred_yield_curve_10y_2y_initial,2023-08-01,-0.87
T10Y2Y,alfred_yield_curve_10y_2y_initial,2023-08-02,-0.8
T10Y2Y,alfred_yield_curve_10y_2y_initial,2023-08-03,-0.7
T10Y2Y,alfred_yield_curve_10y_2y_initial,2023-08-04,-0.73
T10Y2Y,alfred_yield_curve_10y_2y_initial,2023-08-07,-0.67
T10Y2Y,alfred_yield_curve_10y_2y_initial,2023-08-08,-0.72
T10Y2Y,alfred_yield_curve_10y_2y_initial,2023-08-09,-0.79
T10Y2Y,alfred_yield_curve_10y_2y_initial,2023-08-10,-0.73
T10Y2Y,alfred_yield_curve_10y_2y_initial,2023-08-11,-0.73
T10Y2Y,alfred_yield_curve_10y_2y_initial,2023-08-14,-0.77
T10Y2Y,alfred_yield_curve_10y_2y_initial,2023-08-15,-0.71
T10Y2Y,alfred_yield_curve_10y_2y_initial,2023-08-16,-0.69
T10Y2Y,alfred_yield_curve_10y_2y_initial,2023-08-17,-0.64
T10Y2Y,alfred_yield_curve_10y_2y_initial,2023-08-18,-0.66
T10Y2Y,alfred_yield_curve_10y_2y_initial,2023-08-21,-0.63
T10Y2Y,alfred_yield_curve_10y_2y_initial,2023-08-22,-0.68
T10Y2Y,alfred_yield_curve_10y_2y_initial,2023-08-23,-0.76
T10Y2Y,alfred_yield_curve_10y_2y_initial,2023-08-24,-0.75
T10Y2Y,alfred_yield_curve_10y_2y_initial,2023-08-25,-0.78
T10Y2Y,alfred_yield_curve_10y_2y_initial,2023-08-28,-0.78
T10Y2Y,alfred_yield_curve_10y_2y_initial,2023-08-29,-0.75
T10Y2Y,alfred_yield_curve_10y_2y_initial,2023-08-30,-0.78
T10Y2Y,alfred_yield_curve_10y_2y_initial,2023-08-31,-0.76
T10Y2Y,alfred_yield_curve_10y_2y_initial,2023-09-01,-0.69
T10Y2Y,alfred_yield_curve_10y_2y_initial,2023-09-05,-0.67
T10Y2Y,alfred_yield_curve_10y_2y_initial,2023-09-06,-0.71
T10Y2Y,alfred_yield_curve_10y_2y_initial,2023-09-07,-0.67
T10Y2Y,alfred_yield_curve_10y_2y_initial,2023-09-08,-0.72
T10Y2Y,alfred_yield_curve_10y_2y_initial,2023-09-11,-0.68
T10Y2Y,alfred_yield_curve_10y_2y_initial,2023-09-12,-0.71
T10Y2Y,alfred_yield_curve_10y_2y_initial,2023-09-13,-0.71
T10Y2Y,alfred_yield_curve_10y_2y_initial,2023-09-14,-0.71
T10Y2Y,alfred_yield_curve_10y_2y_initial,2023-09-15,-0.69
T10Y2Y,alfred_yield_curve_10y_2y_initial,2023-09-18,-0.73
T10Y2Y,alfred_yield_curve_10y_2y_initial,2023-09-19,-0.71
T10Y2Y,alfred_yield_curve_10y_2y_initial,2023-09-20,-0.77
T10Y2Y,alfred_yield_curve_10y_2y_initial,2023-09-21,-0.63
T10Y2Y,alfred_yield_curve_10y_2y_initial,2023-09-22,-0.66
T10Y2Y,alfred_yield_curve_10y_2y_initial,2023-09-25,-0.54
T10Y2Y,alfred_yield_curve_10y_2y_initial,2023-09-26,-0.48
T10Y2Y,alfred_yield_curve_10y_2y_initial,2023-09-27,-0.49
T10Y2Y,alfred_yield_curve_10y_2y_initial,2023-09-28,-0.45
T10Y2Y,alfred_yield_curve_10y_2y_initial,2023-09-29,-0.44
T10Y2Y,alfred_yield_curve_10y_2y_initial,2023-10-02,-0.43
T10Y2Y,alfred_yield_curve_10y_2y_initial,2023-10-03,-0.34
T10Y2Y,alfred_yield_curve_10y_2y_initial,2023-10-04,-0.32
T10Y2Y,alfred_yield_curve_10y_2y_initial,2023-10-05,-0.31
T10Y2Y,alfred_yield_curve_10y_2y_initial,2023-10-06,-0.3
T10Y2Y,alfred_yield_curve_10y_2y_initial,2023-10-10,-0.3
T10Y2Y,alfred_yield_curve_10y_2y_initial,2023-10-11,-0.41
T10Y2Y,alfred_yield_curve_10y_2y_initial,2023-10-12,-0.36
T10Y2Y,alfred_yield_curve_10y_2y_initial,2023-10-13,-0.41
T10Y2Y,alfred_yield_curve_10y_2y_initial,2023-10-16,-0.38
T10Y2Y,alfred_yield_curve_10y_2y_initial,2023-10-17,-0.36
T10Y2Y,alfred_yield_curve_10y_2y_initial,2023-10-18,-0.28
T10Y2Y,alfred_yield_curve_10y_2y_initial,2023-10-19,-0.16
T10Y2Y,alfred_yield_curve_10y_2y_initial,2023-10-20,-0.14
T10Y2Y,alfred_yield_curve_10y_2y_initial,2023-10-23,-0.19
T10Y2Y,alfred_yield_curve_10y_2y_initial,2023-10-24,-0.19
T10Y2Y,alfred_yield_curve_10y_2y_initial,2023-10-25,-0.13
T10Y2Y,alfred_yield_curve_10y_2y_initial,2023-10-26,-0.16
T10Y2Y,alfred_yield_curve_10y_2y_initial,2023-10-27,-0.15
T10Y2Y,alfred_yield_curve_10y_2y_initial,2023-10-30,-0.15
T10Y2Y,alfred_yield_curve_10y_2y_initial,2023-10-31,-0.19
T10Y2Y,alfred_yield_curve_10y_2y_initial,2023-11-01,-0.18
T10Y2Y,alfred_yield_curve_10y_2y_initial,2023-11-02,-0.31
T10Y2Y,alfred_yield_curve_10y_2y_initial,2023-11-03,-0.26
T10Y2Y,alfred_yield_curve_10y_2y_initial,2023-11-06,-0.26
T10Y2Y,alfred_yield_curve_10y_2y_initial,2023-11-07,-0.33
T10Y2Y,alfred_yield_curve_10y_2y_initial,2023-11-08,-0.44
T10Y2Y,alfred_yield_curve_10y_2y_initial,2023-11-09,-0.41
T10Y2Y,alfred_yield_curve_10y_2y_initial,2023-11-10,-0.43
T10Y2Y,alfred_yield_curve_10y_2y_initial,2023-11-13,-0.39
T10Y2Y,alfred_yield_curve_10y_2y_initial,2023-11-14,-0.36
T10Y2Y,alfred_yield_curve_10y_2y_initial,2023-11-15,-0.37
T10Y2Y,alfred_yield_curve_10y_2y_initial,2023-11-16,-0.38
T10Y2Y,alfred_yield_curve_10y_2y_initial,2023-11-17,-0.44
T10Y2Y,alfred_yield_curve_10y_2y_initial,2023-11-20,-0.47
T10Y2Y,alfred_yield_curve_10y_2y_initial,2023-11-21,-0.45
T10Y2Y,alfred_yield_curve_10y_2y_initial,2023-11-22,-0.47
T10Y2Y,alfred_yield_curve_10y_2y_initial,2023-11-24,-0.45
T10Y2Y,alfred_yield_curve_10y_2y_initial,2023-11-27,-0.45
T10Y2Y,alfred_yield_curve_10y_2y_initial,2023-11-28,-0.39
T10Y2Y,alfred_yield_curve_10y_2y_initial,2023-11-29,-0.37
T10Y2Y,alfred_yield_curve_10y_2y_initial,2023-11-30,-0.36
T10Y2Y,alfred_yield_curve_10y_2y_initial,2023-12-01,-0.34
T10Y2Y,alfred_yield_curve_10y_2y_initial,2023-12-04,-0.36
T10Y2Y,alfred_yield_curve_10y_2y_initial,2023-12-05,-0.39
T10Y2Y,alfred_yield_curve_10y_2y_initial,2023-12-06,-0.48
T10Y2Y,alfred_yield_curve_10y_2y_initial,2023-12-07,-0.44
T10Y2Y,alfred_yield_curve_10y_2y_initial,2023-12-08,-0.48
T10Y2Y,alfred_yield_curve_10y_2y_initial,2023-12-11,-0.48
T10Y2Y,alfred_yield_curve_10y_2y_initial,2023-12-12,-0.53
T10Y2Y,alfred_yield_curve_10y_2y_initial,2023-12-13,-0.42
T10Y2Y,alfred_yield_curve_10y_2y_initial,2023-12-14,-0.45
T10Y2Y,alfred_yield_curve_10y_2y_initial,2023-12-15,-0.53
T10Y2Y,alfred_yield_curve_10y_2y_initial,2023-12-18,-0.48
T10Y2Y,alfred_yield_curve_10y_2y_initial,2023-12-19,-0.48
T10Y2Y,alfred_yield_curve_10y_2y_initial,2023-12-20,-0.48
T10Y2Y,alfred_yield_curve_10y_2y_initial,2023-12-21,-0.44
T10Y2Y,alfred_yield_curve_10y_2y_initial,2023-12-22,-0.41
T10Y2Y,alfred_yield_curve_10y_2y_initial,2023-12-26,-0.37
T10Y2Y,alfred_yield_curve_10y_2y_initial,2023-12-27,-0.41
T10Y2Y,alfred_yield_curve_10y_2y_initial,2023-12-28,-0.42
T10Y2Y,alfred_yield_curve_10y_2y_initial,2023-12-29,-0.35
T10Y2Y,alfred_yield_curve_10y_2y_initial,2024-01-02,-0.38
T10Y2Y,alfred_yield_curve_10y_2y_initial,2024-01-03,-0.42
T10Y2Y,alfred_yield_curve_10y_2y_initial,2024-01-04,-0.39
T10Y2Y,alfred_yield_curve_10y_2y_initial,2024-01-05,-0.35
T10Y2Y,alfred_yield_curve_10y_2y_initial,2024-01-08,-0.35
T10Y2Y,alfred_yield_curve_10y_2y_initial,2024-01-09,-0.34
T10Y2Y,alfred_yield_curve_10y_2y_initial,2024-01-10,-0.33
T10Y2Y,alfred_yield_curve_10y_2y_initial,2024-01-11,-0.28
T10Y2Y,alfred_yield_curve_10y_2y_initial,2024-01-12,-0.18
T10Y2Y,alfred_yield_curve_10y_2y_initial,2024-01-16,-0.15
T10Y2Y,alfred_yield_curve_10y_2y_initial,2024-01-17,-0.24
T10Y2Y,alfred_yield_curve_10y_2y_initial,2024-01-18,-0.2
T10Y2Y,alfred_yield_curve_10y_2y_initial,2024-01-19,-0.24
T10Y2Y,alfred_yield_curve_10y_2y_initial,2024-01-22,-0.26
T10Y2Y,alfred_yield_curve_10y_2y_initial,2024-01-23,-0.17
T10Y2Y,alfred_yield_curve_10y_2y_initial,2024-01-24,-0.16
T10Y2Y,alfred_yield_curve_10y_2y_initial,2024-01-25,-0.14
T10Y2Y,alfred_yield_curve_10y_2y_initial,2024-01-26,-0.19
T10Y2Y,alfred_yield_curve_10y_2y_initial,2024-01-29,-0.21
T10Y2Y,alfred_yield_curve_10y_2y_initial,2024-01-30,-0.3
T10Y2Y,alfred_yield_curve_10y_2y_initial,2024-01-31,-0.28
T10Y2Y,alfred_yield_curve_10y_2y_initial,2024-02-01,-0.33
T10Y2Y,alfred_yield_curve_10y_2y_initial,2024-02-02,-0.33
T10Y2Y,alfred_yield_curve_10y_2y_initial,2024-02-05,-0.29
T10Y2Y,alfred_yield_curve_10y_2y_initial,2024-02-06,-0.3
T10Y2Y,alfred_yield_curve_10y_2y_initial,2024-02-07,-0.32
T10Y2Y,alfred_yield_curve_10y_2y_initial,2024-02-08,-0.31
T10Y2Y,alfred_yield_curve_10y_2y_initial,2024-02-09,-0.31
T10Y2Y,alfred_yield_curve_10y_2y_initial,2024-02-12,-0.29
T10Y2Y,alfred_yield_curve_10y_2y_initial,2024-02-13,-0.33
T10Y2Y,alfred_yield_curve_10y_2y_initial,2024-02-14,-0.29
T10Y2Y,alfred_yield_curve_10y_2y_initial,2024-02-15,-0.32
T10Y2Y,alfred_yield_curve_10y_2y_initial,2024-02-16,-0.34
T10Y2Y,alfred_yield_curve_10y_2y_initial,2024-02-20,-0.32
T10Y2Y,alfred_yield_curve_10y_2y_initial,2024-02-21,-0.32
T10Y2Y,alfred_yield_curve_10y_2y_initial,2024-02-22,-0.36
T10Y2Y,alfred_yield_curve_10y_2y_initial,2024-02-23,-0.41
T10Y2Y,alfred_yield_curve_10y_2y_initial,2024-02-26,-0.41
T10Y2Y,alfred_yield_curve_10y_2y_initial,2024-02-27,-0.39
T10Y2Y,alfred_yield_curve_10y_2y_initial,2024-02-28,-0.37
T10Y2Y,alfred_yield_curve_10y_2y_initial,2024-02-29,-0.39
T10Y2Y,alfred_yield_curve_10y_2y_initial,2024-03-01,-0.35
T10Y2Y,alfred_yield_curve_10y_2y_initial,2024-03-04,-0.39
T10Y2Y,alfred_yield_curve_10y_2y_initial,2024-03-05,-0.41
T10Y2Y,alfred_yield_curve_10y_2y_initial,2024-03-06,-0.44
T10Y2Y,alfred_yield_curve_10y_2y_initial,2024-03-07,-0.41
T10Y2Y,alfred_yield_curve_10y_2y_initial,2024-03-08,-0.39
T10Y2Y,alfred_yield_curve_10y_2y_initial,2024-03-11,-0.41
T10Y2Y,alfred_yield_curve_10y_2y_initial,2024-03-12,-0.42
T10Y2Y,alfred_yield_curve_10y_2y_initial,2024-03-13,-0.42
T10Y2Y,alfred_yield_curve_10y_2y_initial,2024-03-14,-0.39
T10Y2Y,alfred_yield_curve_10y_2y_initial,2024-03-15,-0.41
T10Y2Y,alfred_yield_curve_10y_2y_initial,2024-03-18,-0.39
T10Y2Y,alfred_yield_curve_10y_2y_initial,2024-03-19,-0.38
T10Y2Y,alfred_yield_curve_10y_2y_initial,2024-03-20,-0.32
T10Y2Y,alfred_yield_curve_10y_2y_initial,2024-03-21,-0.35
T10Y2Y,alfred_yield_curve_10y_2y_initial,2024-03-22,-0.37
T10Y2Y,alfred_yield_curve_10y_2y_initial,2024-03-25,-0.29
T10Y2Y,alfred_yield_curve_10y_2y_initial,2024-03-26,-0.32
T10Y2Y,alfred_yield_curve_10y_2y_initial,2024-03-27,-0.34
T10Y2Y,alfred_yield_curve_10y_2y_initial,2024-03-28,-0.39
T10Y2Y,alfred_yield_curve_10y_2y_initial,2024-04-01,-0.39
T10Y2Y,alfred_yield_curve_10y_2y_initial,2024-04-02,-0.34
T10Y2Y,alfred_yield_curve_10y_2y_initial,2024-04-03,-0.32
T10Y2Y,alfred_yield_curve_10y_2y_initial,2024-04-04,-0.34
T10Y2Y,alfred_yield_curve_10y_2y_initial,2024-04-05,-0.34
T10Y2Y,alfred_yield_curve_10y_2y_initial,2024-04-08,-0.36
T10Y2Y,alfred_yield_curve_10y_2y_initial,2024-04-09,-0.38
T10Y2Y,alfred_yield_curve_10y_2y_initial,2024-04-10,-0.42
T10Y2Y,alfred_yield_curve_10y_2y_initial,2024-04-11,-0.37
T10Y2Y,alfred_yield_curve_10y_2y_initial,2024-04-12,-0.38
T10Y2Y,alfred_yield_curve_10y_2y_initial,2024-04-15,-0.3
T10Y2Y,alfred_yield_curve_10y_2y_initial,2024-04-16,-0.3
T10Y2Y,alfred_yield_curve_10y_2y_initial,2024-04-17,-0.34
T10Y2Y,alfred_yield_curve_10y_2y_initial,2024-04-18,-0.34
T10Y2Y,alfred_yield_curve_10y_2y_initial,2024-04-19,-0.35
T10Y2Y,alfred_yield_curve_10y_2y_initial,2024-04-22,-0.35
T10Y2Y,alfred_yield_curve_10y_2y_initial,2024-04-23,-0.25
T10Y2Y,alfred_yield_curve_10y_2y_initial,2024-04-24,-0.24
T10Y2Y,alfred_yield_curve_10y_2y_initial,2024-04-25,-0.26
T10Y2Y,alfred_yield_curve_10y_2y_initial,2024-04-26,-0.29
T10Y2Y,alfred_yield_curve_10y_2y_initial,2024-04-29,-0.34
T10Y2Y,alfred_yield_curve_10y_2y_initial,2024-04-30,-0.35
T10Y2Y,alfred_yield_curve_10y_2y_initial,2024-05-01,-0.33
T10Y2Y,alfred_yield_curve_10y_2y_initial,2024-05-02,-0.29
T10Y2Y,alfred_yield_curve_10y_2y_initial,2024-05-03,-0.31
T10Y2Y,alfred_yield_curve_10y_2y_initial,2024-05-06,-0.33
T10Y2Y,alfred_yield_curve_10y_2y_initial,2024-05-07,-0.35
T10Y2Y,alfred_yield_curve_10y_2y_initial,2024-05-08,-0.36
T10Y2Y,alfred_yield_curve_10y_2y_initial,2024-05-09,-0.35
T10Y2Y,alfred_yield_curve_10y_2y_initial,2024-05-10,-0.37
T10Y2Y,alfred_yield_curve_10y_2y_initial,2024-05-13,-0.37
T10Y2Y,alfred_yield_curve_10y_2y_initial,2024-05-14,-0.36
T10Y2Y,alfred_yield_curve_10y_2y_initial,2024-05-15,-0.37
T10Y2Y,alfred_yield_curve_10y_2y_initial,2024-05-16,-0.4
T10Y2Y,alfred_yield_curve_10y_2y_initial,2024-05-17,-0.41
T10Y2Y,alfred_yield_curve_10y_2y_initial,2024-05-20,-0.38
T10Y2Y,alfred_yield_curve_10y_2y_initial,2024-05-21,-0.41
T10Y2Y,alfred_yield_curve_10y_2y_initial,2024-05-22,-0.43
T10Y2Y,alfred_yield_curve_10y_2y_initial,2024-05-23,-0.44
T10Y2Y,alfred_yield_curve_10y_2y_initial,2024-05-24,-0.47
T10Y2Y,alfred_yield_curve_10y_2y_initial,2024-05-28,-0.4
T10Y2Y,alfred_yield_curve_10y_2y_initial,2024-05-29,-0.35
T10Y2Y,alfred_yield_curve_10y_2y_initial,2024-05-30,-0.37
T10Y2Y,alfred_yield_curve_10y_2y_initial,2024-05-31,-0.38
T10Y2Y,alfred_yield_curve_10y_2y_initial,2024-06-03,-0.41
T10Y2Y,alfred_yield_curve_10y_2y_initial,2024-06-04,-0.44
T10Y2Y,alfred_yield_curve_10y_2y_initial,2024-06-05,-0.43
T10Y2Y,alfred_yield_curve_10y_2y_initial,2024-06-06,-0.44
T10Y2Y,alfred_yield_curve_10y_2y_initial,2024-06-07,-0.44
T10Y2Y,alfred_yield_curve_10y_2y_initial,2024-06-10,-0.4
T10Y2Y,alfred_yield_curve_10y_2y_initial,2024-06-11,-0.42
T10Y2Y,alfred_yield_curve_10y_2y_initial,2024-06-12,-0.44
T10Y2Y,alfred_yield_curve_10y_2y_initial,2024-06-13,-0.44
T10Y2Y,alfred_yield_curve_10y_2y_initial,2024-06-14,-0.47
T10Y2Y,alfred_yield_curve_10y_2y_initial,2024-06-17,-0.47
T10Y2Y,alfred_yield_curve_10y_2y_initial,2024-06-18,-0.47
T10Y2Y,alfred_yield_curve_10y_2y_initial,2024-06-20,-0.45
T10Y2Y,alfred_yield_curve_10y_2y_initial,2024-06-21,-0.45
T10Y2Y,alfred_yield_curve_10y_2y_initial,2024-06-24,-0.46
T10Y2Y,alfred_yield_curve_10y_2y_initial,2024-06-25,-0.42
T10Y2Y,alfred_yield_curve_10y_2y_initial,2024-06-26,-0.39
T10Y2Y,alfred_yield_curve_10y_2y_initial,2024-06-27,-0.41
T10Y2Y,alfred_yield_curve_10y_2y_initial,2024-06-28,-0.35
T10Y2Y,alfred_yield_curve_10y_2y_initial,2024-07-01,-0.29
T10Y2Y,alfred_yield_curve_10y_2y_initial,2024-07-02,-0.31
T10Y2Y,alfred_yield_curve_10y_2y_initial,2024-07-03,-0.35
T10Y2Y,alfred_yield_curve_10y_2y_initial,2024-07-05,-0.32
T10Y2Y,alfred_yield_curve_10y_2y_initial,2024-07-08,-0.34
T10Y2Y,alfred_yield_curve_10y_2y_initial,2024-07-09,-0.32
T10Y2Y,alfred_yield_curve_10y_2y_initial,2024-07-10,-0.34
T10Y2Y,alfred_yield_curve_10y_2y_initial,2024-07-11,-0.3
T10Y2Y,alfred_yield_curve_10y_2y_initial,2024-07-12,-0.27
T10Y2Y,alfred_yield_curve_10y_2y_initial,2024-07-15,-0.21
T10Y2Y,alfred_yield_curve_10y_2y_initial,2024-07-16,-0.26
T10Y2Y,alfred_yield_curve_10y_2y_initial,2024-07-17,-0.26
T10Y2Y,alfred_yield_curve_10y_2y_initial,2024-07-18,-0.26
T10Y2Y,alfred_yield_curve_10y_2y_initial,2024-07-19,-0.24
T10Y2Y,alfred_yield_curve_10y_2y_initial,2024-07-22,-0.24
T10Y2Y,alfred_yield_curve_10y_2y_initial,2024-07-23,-0.15
T10Y2Y,alfred_yield_curve_10y_2y_initial,2024-07-24,-0.09
T10Y2Y,alfred_yield_curve_10y_2y_initial,2024-07-25,-0.14
T10Y2Y,alfred_yield_curve_10y_2y_initial,2024-07-26,-0.16
T10Y2Y,alfred_yield_curve_10y_2y_initial,2024-07-29,-0.19
T10Y2Y,alfred_yield_curve_10y_2y_initial,2024-07-30,-0.2
T10Y2Y,alfred_yield_curve_10y_2y_initial,2024-07-31,-0.2
T10Y2Y,alfred_yield_curve_10y_2y_initial,2024-08-01,-0.17
T10Y2Y,alfred_yield_curve_10y_2y_initial,2024-08-02,-0.08
T10Y2Y,alfred_yield_curve_10y_2y_initial,2024-08-05,-0.11
T10Y2Y,alfred_yield_curve_10y_2y_initial,2024-08-06,-0.09
T10Y2Y,alfred_yield_curve_10y_2y_initial,2024-08-07,-0.04
T10Y2Y,alfred_yield_curve_10y_2y_initial,2024-08-08,-0.05
T10Y2Y,alfred_yield_curve_10y_2y_initial,2024-08-09,-0.11
T10Y2Y,alfred_yield_curve_10y_2y_initial,2024-08-12,-0.11
T10Y2Y,alfred_yield_curve_10y_2y_initial,2024-08-13,-0.08
T10Y2Y,alfred_yield_curve_10y_2y_initial,2024-08-14,-0.11
T10Y2Y,alfred_yield_curve_10y_2y_initial,2024-08-15,-0.16
T10Y2Y,alfred_yield_curve_10y_2y_initial,2024-08-16,-0.17
T10Y2Y,alfred_yield_curve_10y_2y_initial,2024-08-19,-0.2
T10Y2Y,alfred_yield_curve_10y_2y_initial,2024-08-20,-0.17
T10Y2Y,alfred_yield_curve_10y_2y_initial,2024-08-21,-0.13
T10Y2Y,alfred_yield_curve_10y_2y_initial,2024-08-22,-0.13
T10Y2Y,alfred_yield_curve_10y_2y_initial,2024-08-23,-0.09
T10Y2Y,alfred_yield_curve_10y_2y_initial,2024-08-26,-0.09
T10Y2Y,alfred_yield_curve_10y_2y_initial,2024-08-27,0.0
T10Y2Y,alfred_yield_curve_10y_2y_initial,2024-08-28,0.01
T10Y2Y,alfred_yield_curve_10y_2y_initial,2024-08-29,0.0
T10Y2Y,alfred_yield_curve_10y_2y_initial,2024-08-30,0.0
T10Y2Y,alfred_yield_curve_10y_2y_initial,2024-09-03,-0.04
T10Y2Y,alfred_yield_curve_10y_2y_initial,2024-09-04,0.01
T10Y2Y,alfred_yield_curve_10y_2y_initial,2024-09-05,-0.02
T10Y2Y,alfred_yield_curve_10y_2y_initial,2024-09-06,0.06
T10Y2Y,alfred_yield_curve_10y_2y_initial,2024-09-09,0.02
T10Y2Y,alfred_yield_curve_10y_2y_initial,2024-09-10,0.06
T10Y2Y,alfred_yield_curve_10y_2y_initial,2024-09-11,0.03
T10Y2Y,alfred_yield_curve_10y_2y_initial,2024-09-12,0.04
T10Y2Y,alfred_yield_curve_10y_2y_initial,2024-09-13,0.09
T10Y2Y,alfred_yield_curve_10y_2y_initial,2024-09-16,0.07
T10Y2Y,alfred_yield_curve_10y_2y_initial,2024-09-17,0.06
T10Y2Y,alfred_yield_curve_10y_2y_initial,2024-09-18,0.09
T10Y2Y,alfred_yield_curve_10y_2y_initial,2024-09-19,0.14
T10Y2Y,alfred_yield_curve_10y_2y_initial,2024-09-20,0.18
T10Y2Y,alfred_yield_curve_10y_2y_initial,2024-09-23,0.18
T10Y2Y,alfred_yield_curve_10y_2y_initial,2024-09-24,0.25
T10Y2Y,alfred_yield_curve_10y_2y_initial,2024-09-25,0.26
T10Y2Y,alfred_yield_curve_10y_2y_initial,2024-09-26,0.19
T10Y2Y,alfred_yield_curve_10y_2y_initial,2024-09-27,0.2
T10Y2Y,alfred_yield_curve_10y_2y_initial,2024-09-30,0.15
T10Y2Y,alfred_yield_curve_10y_2y_initial,2024-10-01,0.13
T10Y2Y,alfred_yield_curve_10y_2y_initial,2024-10-02,0.16
T10Y2Y,alfred_yield_curve_10y_2y_initial,2024-10-03,0.15
T10Y2Y,alfred_yield_curve_10y_2y_initial,2024-10-04,0.05
T10Y2Y,alfred_yield_curve_10y_2y_initial,2024-10-07,0.04
T10Y2Y,alfred_yield_curve_10y_2y_initial,2024-10-08,0.06
T10Y2Y,alfred_yield_curve_10y_2y_initial,2024-10-09,0.07
T10Y2Y,alfred_yield_curve_10y_2y_initial,2024-10-10,0.11
T10Y2Y,alfred_yield_curve_10y_2y_initial,2024-10-11,0.13
T10Y2Y,alfred_yield_curve_10y_2y_initial,2024-10-15,0.08
T10Y2Y,alfred_yield_curve_10y_2y_initial,2024-10-16,0.09
T10Y2Y,alfred_yield_curve_10y_2y_initial,2024-10-17,0.13
T10Y2Y,alfred_yield_curve_10y_2y_initial,2024-10-18,0.13
T10Y2Y,alfred_yield_curve_10y_2y_initial,2024-10-21,0.17
T10Y2Y,alfred_yield_curve_10y_2y_initial,2024-10-22,0.17
T10Y2Y,alfred_yield_curve_10y_2y_initial,2024-10-23,0.17
T10Y2Y,alfred_yield_curve_10y_2y_initial,2024-10-24,0.14
T10Y2Y,alfred_yield_curve_10y_2y_initial,2024-10-25,0.14
T10Y2Y,alfred_yield_curve_10y_2y_initial,2024-10-28,0.16
T10Y2Y,alfred_yield_curve_10y_2y_initial,2024-10-29,0.17
T10Y2Y,alfred_yield_curve_10y_2y_initial,2024-10-30,0.14
T10Y2Y,alfred_yield_curve_10y_2y_initial,2024-10-31,0.12
T10Y2Y,alfred_yield_curve_10y_2y_initial,2024-11-01,0.16
T10Y2Y,alfred_yield_curve_10y_2y_initial,2024-11-04,0.14
T10Y2Y,alfred_yield_curve_10y_2y_initial,2024-11-05,0.07
T10Y2Y,alfred_yield_curve_10y_2y_initial,2024-11-06,0.15
T10Y2Y,alfred_yield_curve_10y_2y_initial,2024-11-07,0.1
T10Y2Y,alfred_yield_curve_10y_2y_initial,2024-11-08,0.04
T10Y2Y,alfred_yield_curve_10y_2y_initial,2024-11-12,0.09
T10Y2Y,alfred_yield_curve_10y_2y_initial,2024-11-13,0.17
T10Y2Y,alfred_yield_curve_10y_2y_initial,2024-11-14,0.09
T10Y2Y,alfred_yield_curve_10y_2y_initial,2024-11-15,0.12
T10Y2Y,alfred_yield_curve_10y_2y_initial,2024-11-18,0.13
T10Y2Y,alfred_yield_curve_10y_2y_initial,2024-11-19,0.12
T10Y2Y,alfred_yield_curve_10y_2y_initial,2024-11-20,0.1
T10Y2Y,alfred_yield_curve_10y_2y_initial,2024-11-21,0.09
T10Y2Y,alfred_yield_curve_10y_2y_initial,2024-11-22,0.04
T10Y2Y,alfred_yield_curve_10y_2y_initial,2024-11-25,0.06
T10Y2Y,alfred_yield_curve_10y_2y_initial,2024-11-26,0.09
T10Y2Y,alfred_yield_curve_10y_2y_initial,2024-11-27,0.06
T10Y2Y,alfred_yield_curve_10y_2y_initial,2024-11-29,0.05
T10Y2Y,alfred_yield_curve_10y_2y_initial,2024-12-02,0.02
T10Y2Y,alfred_yield_curve_10y_2y_initial,2024-12-03,0.06
T10Y2Y,alfred_yield_curve_10y_2y_initial,2024-12-04,0.06
T10Y2Y,alfred_yield_curve_10y_2y_initial,2024-12-05,0.02
T10Y2Y,alfred_yield_curve_10y_2y_initial,2024-12-06,0.05
T10Y2Y,alfred_yield_curve_10y_2y_initial,2024-12-09,0.07
T10Y2Y,alfred_yield_curve_10y_2y_initial,2024-12-10,0.07
T10Y2Y,alfred_yield_curve_10y_2y_initial,2024-12-11,0.11
T10Y2Y,alfred_yield_curve_10y_2y_initial,2024-12-12,0.14
T10Y2Y,alfred_yield_curve_10y_2y_initial,2024-12-13,0.15
T10Y2Y,alfred_yield_curve_10y_2y_initial,2024-12-16,0.14
T10Y2Y,alfred_yield_curve_10y_2y_initial,2024-12-17,0.15
T10Y2Y,alfred_yield_curve_10y_2y_initial,2024-12-18,0.15
T10Y2Y,alfred_yield_curve_10y_2y_initial,2024-12-19,0.25
T10Y2Y,alfred_yield_curve_10y_2y_initial,2024-12-20,0.22
T10Y2Y,alfred_yield_curve_10y_2y_initial,2024-12-23,0.29
T10Y2Y,alfred_yield_curve_10y_2y_initial,2024-12-24,0.3
T10Y2Y,alfred_yield_curve_10y_2y_initial,2024-12-26,0.28
T10Y2Y,alfred_yield_curve_10y_2y_initial,2024-12-27,0.31
T10Y2Y,alfred_yield_curve_10y_2y_initial,2024-12-30,0.31
T10Y2Y,alfred_yield_curve_10y_2y_initial,2024-12-31,0.33
T10Y2Y,alfred_yield_curve_10y_2y_initial,2025-01-02,0.32
T10Y2Y,alfred_yield_curve_10y_2y_initial,2025-01-03,0.32
T10Y2Y,alfred_yield_curve_10y_2y_initial,2025-01-06,0.34
T10Y2Y,alfred_yield_curve_10y_2y_initial,2025-01-07,0.37
T10Y2Y,alfred_yield_curve_10y_2y_initial,2025-01-08,0.39
T10Y2Y,alfred_yield_curve_10y_2y_initial,2025-01-09,0.41
T10Y2Y,alfred_yield_curve_10y_2y_initial,2025-01-10,0.37
T10Y2Y,alfred_yield_curve_10y_2y_initial,2025-01-13,0.39
T10Y2Y,alfred_yield_curve_10y_2y_initial,2025-01-14,0.41
T10Y2Y,alfred_yield_curve_10y_2y_initial,2025-01-15,0.39
T10Y2Y,alfred_yield_curve_10y_2y_initial,2025-01-16,0.38
T10Y2Y,alfred_yield_curve_10y_2y_initial,2025-01-17,0.34
T10Y2Y,alfred_yield_curve_10y_2y_initial,2025-01-21,0.28
T10Y2Y,alfred_yield_curve_10y_2y_initial,2025-01-22,0.31
T10Y2Y,alfred_yield_curve_10y_2y_initial,2025-01-23,0.36
T10Y2Y,alfred_yield_curve_10y_2y_initial,2025-01-24,0.36
T10Y2Y,alfred_yield_curve_10y_2y_initial,2025-01-27,0.36
T10Y2Y,alfred_yield_curve_10y_2y_initial,2025-01-28,0.36
T10Y2Y,alfred_yield_curve_10y_2y_initial,2025-01-29,0.34
T10Y2Y,alfred_yield_curve_10y_2y_initial,2025-01-30,0.34
T10Y2Y,alfred_yield_curve_10y_2y_initial,2025-01-31,0.36
T10Y2Y,alfred_yield_curve_10y_2y_initial,2025-02-03,0.28
T10Y2Y,alfred_yield_curve_10y_2y_initial,2025-02-04,0.31
T10Y2Y,alfred_yield_curve_10y_2y_initial,2025-02-05,0.26
T10Y2Y,alfred_yield_curve_10y_2y_initial,2025-02-06,0.24
T10Y2Y,alfred_yield_curve_10y_2y_initial,2025-02-07,0.2
T10Y2Y,alfred_yield_curve_10y_2y_initial,2025-02-10,0.23
T10Y2Y,alfred_yield_curve_10y_2y_initial,2025-02-11,0.25
T10Y2Y,alfred_yield_curve_10y_2y_initial,2025-02-12,0.26
T10Y2Y,alfred_yield_curve_10y_2y_initial,2025-02-13,0.21
T10Y2Y,alfred_yield_curve_10y_2y_initial,2025-02-14,0.21
T10Y2Y,alfred_yield_curve_10y_2y_initial,2025-02-18,0.26
T10Y2Y,alfred_yield_curve_10y_2y_initial,2025-02-19,0.25
T10Y2Y,alfred_yield_curve_10y_2y_initial,2025-02-20,0.22
T10Y2Y,alfred_yield_curve_10y_2y_initial,2025-02-21,0.23
T10Y2Y,alfred_yield_curve_10y_2y_initial,2025-02-24,0.27
T10Y2Y,alfred_yield_curve_10y_2y_initial,2025-02-25,0.23
T10Y2Y,alfred_yield_curve_10y_2y_initial,2025-02-26,0.2
T10Y2Y,alfred_yield_curve_10y_2y_initial,2025-02-27,0.22
T10Y2Y,alfred_yield_curve_10y_2y_initial,2025-02-28,0.25
T10Y2Y,alfred_yield_curve_10y_2y_initial,2025-03-03,0.2
T10Y2Y,alfred_yield_curve_10y_2y_initial,2025-03-04,0.26
T10Y2Y,alfred_yield_curve_10y_2y_initial,2025-03-05,0.29
T10Y2Y,alfred_yield_curve_10y_2y_initial,2025-03-06,0.33
T10Y2Y,alfred_yield_curve_10y_2y_initial,2025-03-07,0.33
T10Y2Y,alfred_yield_curve_10y_2y_initial,2025-03-10,0.33
T10Y2Y,alfred_yield_curve_10y_2y_initial,2025-03-11,0.34
T10Y2Y,alfred_yield_curve_10y_2y_initial,2025-03-12,0.31
T10Y2Y,alfred_yield_curve_10y_2y_initial,2025-03-13,0.33
T10Y2Y,alfred_yield_curve_10y_2y_initial,2025-03-14,0.29
T10Y2Y,alfred_yield_curve_10y_2y_initial,2025-03-17,0.25
T10Y2Y,alfred_yield_curve_10y_2y_initial,2025-03-18,0.25
T10Y2Y,alfred_yield_curve_10y_2y_initial,2025-03-19,0.26
T10Y2Y,alfred_yield_curve_10y_2y_initial,2025-03-20,0.29
T10Y2Y,alfred_yield_curve_10y_2y_initial,2025-03-21,0.31
T10Y2Y,alfred_yield_curve_10y_2y_initial,2025-03-24,0.3
T10Y2Y,alfred_yield_curve_10y_2y_initial,2025-03-25,0.35
T10Y2Y,alfred_yield_curve_10y_2y_initial,2025-03-26,0.37
T10Y2Y,alfred_yield_curve_10y_2y_initial,2025-03-27,0.41
T10Y2Y,alfred_yield_curve_10y_2y_initial,2025-03-28,0.38
T10Y2Y,alfred_yield_curve_10y_2y_initial,2025-03-31,0.34
T10Y2Y,alfred_yield_curve_10y_2y_initial,2025-04-01,0.3
T10Y2Y,alfred_yield_curve_10y_2y_initial,2025-04-02,0.29
T10Y2Y,alfred_yield_curve_10y_2y_initial,2025-04-03,0.35
T10Y2Y,alfred_yield_curve_10y_2y_initial,2025-04-04,0.33
T10Y2Y,alfred_yield_curve_10y_2y_initial,2025-04-07,0.42
T10Y2Y,alfred_yield_curve_10y_2y_initial,2025-04-08,0.55
T10Y2Y,alfred_yield_curve_10y_2y_initial,2025-04-09,0.43
T10Y2Y,alfred_yield_curve_10y_2y_initial,2025-04-10,0.56
T10Y2Y,alfred_yield_curve_10y_2y_initial,2025-04-11,0.52
T10Y2Y,alfred_yield_curve_10y_2y_initial,2025-04-14,0.54
T10Y2Y,alfred_yield_curve_10y_2y_initial,2025-04-15,0.51
T10Y2Y,alfred_yield_curve_10y_2y_initial,2025-04-16,0.52
T10Y2Y,alfred_yield_curve_10y_2y_initial,2025-04-17,0.53
T10Y2Y,alfred_yield_curve_10y_2y_initial,2025-04-21,0.67
T10Y2Y,alfred_yield_curve_10y_2y_initial,2025-04-22,0.65
T10Y2Y,alfred_yield_curve_10y_2y_initial,2025-04-23,0.59
T10Y2Y,alfred_yield_curve_10y_2y_initial,2025-04-24,0.55
T10Y2Y,alfred_yield_curve_10y_2y_initial,2025-04-25,0.55
T10Y2Y,alfred_yield_curve_10y_2y_initial,2025-04-28,0.56
T10Y2Y,alfred_yield_curve_10y_2y_initial,2025-04-29,0.54
T10Y2Y,alfred_yield_curve_10y_2y_initial,2025-04-30,0.57
T10Y2Y,alfred_yield_curve_10y_2y_initial,2025-05-01,0.55
T10Y2Y,alfred_yield_curve_10y_2y_initial,2025-05-02,0.5
T10Y2Y,alfred_yield_curve_10y_2y_initial,2025-05-05,0.53
T10Y2Y,alfred_yield_curve_10y_2y_initial,2025-05-06,0.52
T10Y2Y,alfred_yield_curve_10y_2y_initial,2025-05-07,0.48
T10Y2Y,alfred_yield_curve_10y_2y_initial,2025-05-08,0.47
T10Y2Y,alfred_yield_curve_10y_2y_initial,2025-05-09,0.49
T10Y2Y,alfred_yield_curve_10y_2y_initial,2025-05-12,0.47
T10Y2Y,alfred_yield_curve_10y_2y_initial,2025-05-13,0.47
T10Y2Y,alfred_yield_curve_10y_2y_initial,2025-05-14,0.48
T10Y2Y,alfred_yield_curve_10y_2y_initial,2025-05-15,0.49
T10Y2Y,alfred_yield_curve_10y_2y_initial,2025-05-16,0.45
T10Y2Y,alfred_yield_curve_10y_2y_initial,2025-05-19,0.49
T10Y2Y,alfred_yield_curve_10y_2y_initial,2025-05-20,0.51
T10Y2Y,alfred_yield_curve_10y_2y_initial,2025-05-21,0.58
T10Y2Y,alfred_yield_curve_10y_2y_initial,2025-05-22,0.54
T10Y2Y,alfred_yield_curve_10y_2y_initial,2025-05-23,0.51
T10Y2Y,alfred_yield_curve_10y_2y_initial,2025-05-27,0.51
T10Y2Y,alfred_yield_curve_10y_2y_initial,2025-05-28,0.51
T10Y2Y,alfred_yield_curve_10y_2y_initial,2025-05-29,0.51
T10Y2Y,alfred_yield_curve_10y_2y_initial,2025-05-30,0.52
T10Y2Y,alfred_yield_curve_10y_2y_initial,2025-06-02,0.52
T10Y2Y,alfred_yield_curve_10y_2y_initial,2025-06-03,0.5
T10Y2Y,alfred_yield_curve_10y_2y_initial,2025-06-04,0.5
T10Y2Y,alfred_yield_curve_10y_2y_initial,2025-06-05,0.48
T10Y2Y,alfred_yield_curve_10y_2y_initial,2025-06-06,0.47
T10Y2Y,alfred_yield_curve_10y_2y_initial,2025-06-09,0.48
T10Y2Y,alfred_yield_curve_10y_2y_initial,2025-06-10,0.46
T10Y2Y,alfred_yield_curve_10y_2y_initial,2025-06-11,0.47
T10Y2Y,alfred_yield_curve_10y_2y_initial,2025-06-12,0.46
T10Y2Y,alfred_yield_curve_10y_2y_initial,2025-06-13,0.45
T10Y2Y,alfred_yield_curve_10y_2y_initial,2025-06-16,0.49
T10Y2Y,alfred_yield_curve_10y_2y_initial,2025-06-17,0.45
T10Y2Y,alfred_yield_curve_10y_2y_initial,2025-06-18,0.44
T10Y2Y,alfred_yield_curve_10y_2y_initial,2025-06-20,0.48
T10Y2Y,alfred_yield_curve_10y_2y_initial,2025-06-23,0.5
T10Y2Y,alfred_yield_curve_10y_2y_initial,2025-06-24,0.55
T10Y2Y,alfred_yield_curve_10y_2y_initial,2025-06-25,0.55
T10Y2Y,alfred_yield_curve_10y_2y_initial,2025-06-26,0.56
T10Y2Y,alfred_yield_curve_10y_2y_initial,2025-06-27,0.56
T10Y2Y,alfred_yield_curve_10y_2y_initial,2025-06-30,0.52
T10Y2Y,alfred_yield_curve_10y_2y_initial,2025-07-01,0.48
T10Y2Y,alfred_yield_curve_10y_2y_initial,2025-07-02,0.52
T10Y2Y,alfred_yield_curve_10y_2y_initial,2025-07-03,0.47
T10Y2Y,alfred_yield_curve_10y_2y_initial,2025-07-07,0.5
T10Y2Y,alfred_yield_curve_10y_2y_initial,2025-07-08,0.52
T10Y2Y,alfred_yield_curve_10y_2y_initial,2025-07-09,0.48
T10Y2Y,alfred_yield_curve_10y_2y_initial,2025-07-10,0.49
T10Y2Y,alfred_yield_curve_10y_2y_initial,2025-07-11,0.53
T10Y2Y,alfred_yield_curve_10y_2y_initial,2025-07-14,0.53
T10Y2Y,alfred_yield_curve_10y_2y_initial,2025-07-15,0.55
T10Y2Y,alfred_yield_curve_10y_2y_initial,2025-07-16,0.58
T10Y2Y,alfred_yield_curve_10y_2y_initial,2025-07-17,0.56
T10Y2Y,alfred_yield_curve_10y_2y_initial,2025-07-18,0.56
T10Y2Y,alfred_yield_curve_10y_2y_initial,2025-07-21,0.53
T10Y2Y,alfred_yield_curve_10y_2y_initial,2025-07-22,0.52
T10Y2Y,alfred_yield_curve_10y_2y_initial,2025-07-23,0.52
T10Y2Y,alfred_yield_curve_10y_2y_initial,2025-07-24,0.52
T10Y2Y,alfred_yield_curve_10y_2y_initial,2025-07-25,0.49
T10Y2Y,alfred_yield_curve_10y_2y_initial,2025-07-28,0.51
T10Y2Y,alfred_yield_curve_10y_2y_initial,2025-07-29,0.48
T10Y2Y,alfred_yield_curve_10y_2y_initial,2025-07-30,0.44
T10Y2Y,alfred_yield_curve_10y_2y_initial,2025-07-31,0.43
T10Y2Y,alfred_yield_curve_10y_2y_initial,2025-08-01,0.54
T10Y2Y,alfred_yield_curve_10y_2y_initial,2025-08-04,0.53
T10Y2Y,alfred_yield_curve_10y_2y_initial,2025-08-05,0.5
T10Y2Y,alfred_yield_curve_10y_2y_initial,2025-08-06,0.53
T10Y2Y,alfred_yield_curve_10y_2y_initial,2025-08-07,0.51
T10Y2Y,alfred_yield_curve_10y_2y_initial,2025-08-08,0.51
T10Y2Y,alfred_yield_curve_10y_2y_initial,2025-08-11,0.51
T10Y2Y,alfred_yield_curve_10y_2y_initial,2025-08-12,0.57
T10Y2Y,alfred_yield_curve_10y_2y_initial,2025-08-13,0.57
T10Y2Y,alfred_yield_curve_10y_2y_initial,2025-08-14,0.55
T10Y2Y,alfred_yield_curve_10y_2y_initial,2025-08-15,0.58
T10Y2Y,alfred_yield_curve_10y_2y_initial,2025-08-18,0.57
T10Y2Y,alfred_yield_curve_10y_2y_initial,2025-08-19,0.55
T10Y2Y,alfred_yield_curve_10y_2y_initial,2025-08-20,0.55
T10Y2Y,alfred_yield_curve_10y_2y_initial,2025-08-21,0.54
T10Y2Y,alfred_yield_curve_10y_2y_initial,2025-08-22,0.58
T10Y2Y,alfred_yield_curve_10y_2y_initial,2025-08-25,0.55
T10Y2Y,alfred_yield_curve_10y_2y_initial,2025-08-26,0.65
T10Y2Y,alfred_yield_curve_10y_2y_initial,2025-08-27,0.65
T10Y2Y,alfred_yield_curve_10y_2y_initial,2025-08-28,0.6
T10Y2Y,alfred_yield_curve_10y_2y_initial,2025-08-29,0.64
T10Y2Y,alfred_yield_curve_10y_2y_initial,2025-09-02,0.62
T10Y2Y,alfred_yield_curve_10y_2y_initial,2025-09-03,0.61
T10Y2Y,alfred_yield_curve_10y_2y_initial,2025-09-04,0.58
T10Y2Y,alfred_yield_curve_10y_2y_initial,2025-09-05,0.59
T10Y2Y,alfred_yield_curve_10y_2y_initial,2025-09-08,0.56
T10Y2Y,alfred_yield_curve_10y_2y_initial,2025-09-09,0.54
T10Y2Y,alfred_yield_curve_10y_2y_initial,2025-09-10,0.5
T10Y2Y,alfred_yield_curve_10y_2y_initial,2025-09-11,0.49
T10Y2Y,alfred_yield_curve_10y_2y_initial,2025-09-12,0.5
T10Y2Y,alfred_yield_curve_10y_2y_initial,2025-09-15,0.51
T10Y2Y,alfred_yield_curve_10y_2y_initial,2025-09-16,0.53
T10Y2Y,alfred_yield_curve_10y_2y_initial,2025-09-17,0.54
T10Y2Y,alfred_yield_curve_10y_2y_initial,2025-09-18,0.54
T10Y2Y,alfred_yield_curve_10y_2y_initial,2025-09-19,0.57
T10Y2Y,alfred_yield_curve_10y_2y_initial,2025-09-22,0.54
T10Y2Y,alfred_yield_curve_10y_2y_initial,2025-09-23,0.59
T10Y2Y,alfred_yield_curve_10y_2y_initial,2025-09-24,0.59
T10Y2Y,alfred_yield_curve_10y_2y_initial,2025-09-25,0.54
T10Y2Y,alfred_yield_curve_10y_2y_initial,2025-09-26,0.57
T10Y2Y,alfred_yield_curve_10y_2y_initial,2025-09-29,0.52
T10Y2Y,alfred_yield_curve_10y_2y_initial,2025-09-30,0.56
T10Y2Y,alfred_yield_curve_10y_2y_initial,2025-10-01,0.57
T10Y2Y,alfred_yield_curve_10y_2y_initial,2025-10-02,0.55
T10Y2Y,alfred_yield_curve_10y_2y_initial,2025-10-03,0.55
T10Y2Y,alfred_yield_curve_10y_2y_initial,2025-10-06,0.58
T10Y2Y,alfred_yield_curve_10y_2y_initial,2025-10-07,0.57
T10Y2Y,alfred_yield_curve_10y_2y_initial,2025-10-08,0.55
T10Y2Y,alfred_yield_curve_10y_2y_initial,2025-10-09,0.54
T10Y2Y,alfred_yield_curve_10y_2y_initial,2025-10-10,0.53
T10Y2Y,alfred_yield_curve_10y_2y_initial,2025-10-14,0.55
T10Y2Y,alfred_yield_curve_10y_2y_initial,2025-10-15,0.55
T10Y2Y,alfred_yield_curve_10y_2y_initial,2025-10-16,0.58
T10Y2Y,alfred_yield_curve_10y_2y_initial,2025-10-17,0.56
T10Y2Y,alfred_yield_curve_10y_2y_initial,2025-10-20,0.54
T10Y2Y,alfred_yield_curve_10y_2y_initial,2025-10-21,0.53
T10Y2Y,alfred_yield_curve_10y_2y_initial,2025-10-22,0.52
T10Y2Y,alfred_yield_curve_10y_2y_initial,2025-10-23,0.53
T10Y2Y,alfred_yield_curve_10y_2y_initial,2025-10-24,0.54
T10Y2Y,alfred_yield_curve_10y_2y_initial,2025-10-27,0.53
T10Y2Y,alfred_yield_curve_10y_2y_initial,2025-10-28,0.52
T10Y2Y,alfred_yield_curve_10y_2y_initial,2025-10-29,0.49
T10Y2Y,alfred_yield_curve_10y_2y_initial,2025-10-30,0.5
T10Y2Y,alfred_yield_curve_10y_2y_initial,2025-10-31,0.51
T10Y2Y,alfred_yield_curve_10y_2y_initial,2025-11-03,0.53
T10Y2Y,alfred_yield_curve_10y_2y_initial,2025-11-04,0.52
T10Y2Y,alfred_yield_curve_10y_2y_initial,2025-11-05,0.54
T10Y2Y,alfred_yield_curve_10y_2y_initial,2025-11-06,0.54
T10Y2Y,alfred_yield_curve_10y_2y_initial,2025-11-07,0.56
T10Y2Y,alfred_yield_curve_10y_2y_initial,2025-11-10,0.55
T10Y2Y,alfred_yield_curve_10y_2y_initial,2025-11-12,0.52
T10Y2Y,alfred_yield_curve_10y_2y_initial,2025-11-13,0.53
T10Y2Y,alfred_yield_curve_10y_2y_initial,2025-11-14,0.52
T10Y2Y,alfred_yield_curve_10y_2y_initial,2025-11-17,0.53
T10Y2Y,alfred_yield_curve_10y_2y_initial,2025-11-18,0.54
T10Y2Y,alfred_yield_curve_10y_2y_initial,2025-11-19,0.55
T10Y2Y,alfred_yield_curve_10y_2y_initial,2025-11-20,0.55
T10Y2Y,alfred_yield_curve_10y_2y_initial,2025-11-21,0.55
T10Y2Y,alfred_yield_curve_10y_2y_initial,2025-11-24,0.58
T10Y2Y,alfred_yield_curve_10y_2y_initial,2025-11-25,0.58
T10Y2Y,alfred_yield_curve_10y_2y_initial,2025-11-26,0.55
T10Y2Y,alfred_yield_curve_10y_2y_initial,2025-11-28,0.55
T10Y2Y,alfred_yield_curve_10y_2y_initial,2025-12-01,0.55
T10Y2Y,alfred_yield_curve_10y_2y_initial,2025-12-02,0.58
T10Y2Y,alfred_yield_curve_10y_2y_initial,2025-12-03,0.57
T10Y2Y,alfred_yield_curve_10y_2y_initial,2025-12-04,0.59
T10Y2Y,alfred_yield_curve_10y_2y_initial,2025-12-05,0.58
T10Y2Y,alfred_yield_curve_10y_2y_initial,2025-12-08,0.6
T10Y2Y,alfred_yield_curve_10y_2y_initial,2025-12-09,0.57
T10Y2Y,alfred_yield_curve_10y_2y_initial,2025-12-10,0.59
T10Y2Y,alfred_yield_curve_10y_2y_initial,2025-12-11,0.62
T10Y2Y,alfred_yield_curve_10y_2y_initial,2025-12-12,0.67
T10Y2Y,alfred_yield_curve_10y_2y_initial,2025-12-15,0.67
T10Y2Y,alfred_yield_curve_10y_2y_initial,2025-12-16,0.67
T10Y2Y,alfred_yield_curve_10y_2y_initial,2025-12-17,0.67
T10Y2Y,alfred_yield_curve_10y_2y_initial,2025-12-18,0.66
T10Y2Y,alfred_yield_curve_10y_2y_initial,2025-12-19,0.68
T10Y2Y,alfred_yield_curve_10y_2y_initial,2025-12-22,0.73
T10Y2Y,alfred_yield_curve_10y_2y_initial,2025-12-23,0.7
T10Y2Y,alfred_yield_curve_10y_2y_initial,2025-12-24,0.68
T10Y2Y,alfred_yield_curve_10y_2y_initial,2025-12-26,0.68
T10Y2Y,alfred_yield_curve_10y_2y_initial,2025-12-29,0.67
T10Y2Y,alfred_yield_curve_10y_2y_initial,2025-12-30,0.69
T10Y2Y,alfred_yield_curve_10y_2y_initial,2025-12-31,0.71
T10Y2Y,alfred_yield_curve_10y_2y_initial,2026-01-02,0.72
T10Y2Y,alfred_yield_curve_10y_2y_initial,2026-01-05,0.71
T10Y2Y,alfred_yield_curve_10y_2y_initial,2026-01-06,0.71
T10Y2Y,alfred_yield_curve_10y_2y_initial,2026-01-07,0.68
T10Y2Y,alfred_yield_curve_10y_2y_initial,2026-01-08,0.7
T10Y2Y,alfred_yield_curve_10y_2y_initial,2026-01-09,0.64
T10Y2Y,alfred_yield_curve_10y_2y_initial,2026-01-12,0.65
T10Y2Y,alfred_yield_curve_10y_2y_initial,2026-01-13,0.65
T10Y2Y,alfred_yield_curve_10y_2y_initial,2026-01-14,0.64
T10Y2Y,alfred_yield_curve_10y_2y_initial,2026-01-15,0.61
T10Y2Y,alfred_yield_curve_10y_2y_initial,2026-01-16,0.65
T10Y2Y,alfred_yield_curve_10y_2y_initial,2026-01-20,0.7
T10Y2Y,alfred_yield_curve_10y_2y_initial,2026-01-21,0.66
T10Y2Y,alfred_yield_curve_10y_2y_initial,2026-01-22,0.65
T10Y2Y,alfred_yield_curve_10y_2y_initial,2026-01-23,0.64
T10Y2Y,alfred_yield_curve_10y_2y_initial,2026-01-26,0.66
T10Y2Y,alfred_yield_curve_10y_2y_initial,2026-01-27,0.71
T10Y2Y,alfred_yield_curve_10y_2y_initial,2026-01-28,0.7
T10Y2Y,alfred_yield_curve_10y_2y_initial,2026-01-29,0.71
T10Y2Y,alfred_yield_curve_10y_2y_initial,2026-01-30,0.74
T10Y2Y,alfred_yield_curve_10y_2y_initial,2026-02-02,0.72
T10Y2Y,alfred_yield_curve_10y_2y_initial,2026-02-03,0.71
T10Y2Y,alfred_yield_curve_10y_2y_initial,2026-02-04,0.72
T10Y2Y,alfred_yield_curve_10y_2y_initial,2026-02-05,0.74
T10Y2Y,alfred_yield_curve_10y_2y_initial,2026-02-06,0.72
T10Y2Y,alfred_yield_curve_10y_2y_initial,2026-02-09,0.74
T10Y2Y,alfred_yield_curve_10y_2y_initial,2026-02-10,0.71
T10Y2Y,alfred_yield_curve_10y_2y_initial,2026-02-11,0.66
T10Y2Y,alfred_yield_curve_10y_2y_initial,2026-02-12,0.62
T10Y2Y,alfred_yield_curve_10y_2y_initial,2026-02-13,0.64
T10Y2Y,alfred_yield_curve_10y_2y_initial,2026-02-17,0.62
T10Y2Y,alfred_yield_curve_10y_2y_initial,2026-02-18,0.62
T10Y2Y,alfred_yield_curve_10y_2y_initial,2026-02-19,0.61
T10Y2Y,alfred_yield_curve_10y_2y_initial,2026-02-20,0.6
T10Y2Y,alfred_yield_curve_10y_2y_initial,2026-02-23,0.6
T10Y2Y,alfred_yield_curve_10y_2y_initial,2026-02-24,0.61
T10Y2Y,alfred_yield_curve_10y_2y_initial,2026-02-25,0.6
T10Y2Y,alfred_yield_curve_10y_2y_initial,2026-02-26,0.6
T10Y2Y,alfred_yield_curve_10y_2y_initial,2026-02-27,0.59
T10Y2Y,alfred_yield_curve_10y_2y_initial,2026-03-02,0.58
T10Y2Y,alfred_yield_curve_10y_2y_initial,2026-03-03,0.55
T10Y2Y,alfred_yield_curve_10y_2y_initial,2026-03-04,0.55
T10Y2Y,alfred_yield_curve_10y_2y_initial,2026-03-05,0.56
T10Y2Y,alfred_yield_curve_10y_2y_initial,2026-03-06,0.59
T10Y2Y,alfred_yield_curve_10y_2y_initial,2026-03-09,0.56
T10Y2Y,alfred_yield_curve_10y_2y_initial,2026-03-10,0.58
T10Y2Y,alfred_yield_curve_10y_2y_initial,2026-03-11,0.57
T10Y2Y,alfred_yield_curve_10y_2y_initial,2026-03-12,0.51
T10Y2Y,alfred_yield_curve_10y_2y_initial,2026-03-13,0.55
T10Y2Y,alfred_yield_curve_10y_2y_initial,2026-03-16,0.55
T10Y2Y,alfred_yield_curve_10y_2y_initial,2026-03-17,0.52
T10Y2Y,alfred_yield_curve_10y_2y_initial,2026-03-18,0.5
T10Y2Y,alfred_yield_curve_10y_2y_initial,2026-03-19,0.46
T10Y2Y,alfred_yield_curve_10y_2y_initial,2026-03-20,0.51
T10Y2Y,alfred_yield_curve_10y_2y_initial,2026-03-23,0.51
T10Y2Y,alfred_yield_curve_10y_2y_initial,2026-03-24,0.49
T10Y2Y,alfred_yield_curve_10y_2y_initial,2026-03-25,0.49
T10Y2Y,alfred_yield_curve_10y_2y_initial,2026-03-26,0.46
T10Y2Y,alfred_yield_curve_10y_2y_initial,2026-03-27,0.56
T10Y2Y,alfred_yield_curve_10y_2y_initial,2026-03-30,0.53
T10Y2Y,alfred_yield_curve_10y_2y_initial,2026-03-31,0.51
T10Y2Y,alfred_yield_curve_10y_2y_initial,2026-04-01,0.52
T10Y2Y,alfred_yield_curve_10y_2y_initial,2026-04-02,0.52
T10Y2Y,alfred_yield_curve_10y_2y_initial,2026-04-03,0.51
T10Y2Y,alfred_yield_curve_10y_2y_initial,2026-04-06,0.5
T10Y2Y,alfred_yield_curve_10y_2y_initial,2026-04-07,0.52
T10Y2Y,alfred_yield_curve_10y_2y_initial,2026-04-08,0.5
T10Y2Y,alfred_yield_curve_10y_2y_initial,2026-04-09,0.51
T10Y2Y,alfred_yield_curve_10y_2y_initial,2026-04-10,0.5
T10Y2Y,alfred_yield_curve_10y_2y_initial,2026-04-13,0.52
T10Y2Y,alfred_yield_curve_10y_2y_initial,2026-04-14,0.5
T10Y2Y,alfred_yield_curve_10y_2y_initial,2026-04-15,0.53
T10Y2Y,alfred_yield_curve_10y_2y_initial,2026-04-16,0.54
T10Y2Y,alfred_yield_curve_10y_2y_initial,2026-04-17,0.55
T10Y2Y,alfred_yield_curve_10y_2y_initial,2026-04-20,0.54
T10Y2Y,alfred_yield_curve_10y_2y_initial,2026-04-21,0.52
T10Y2Y,alfred_yield_curve_10y_2y_initial,2026-04-22,0.51
T10Y2Y,alfred_yield_curve_10y_2y_initial,2026-04-23,0.51
T10Y2Y,alfred_yield_curve_10y_2y_initial,2026-04-24,0.53
T10Y2Y,alfred_yield_curve_10y_2y_initial,2026-04-27,0.57
T10Y2Y,alfred_yield_curve_10y_2y_initial,2026-04-28,0.52
T10Y2Y,alfred_yield_curve_10y_2y_initial,2026-04-29,0.5
T10Y2Y,alfred_yield_curve_10y_2y_initial,2026-04-30,0.52
T10Y2Y,alfred_yield_curve_10y_2y_initial,2026-05-01,0.51
T10Y2Y,alfred_yield_curve_10y_2y_initial,2026-05-04,0.5
T10Y2Y,alfred_yield_curve_10y_2y_initial,2026-05-05,0.5
T10Y2Y,alfred_yield_curve_10y_2y_initial,2026-05-06,0.49
T10Y2Y,alfred_yield_curve_10y_2y_initial,2026-05-07,0.49
T10Y2Y,alfred_yield_curve_10y_2y_initial,2026-05-08,0.48
T10Y2Y,alfred_yield_curve_10y_2y_initial,2026-05-11,0.47
T10Y2Y,alfred_yield_curve_10y_2y_initial,2026-05-12,0.46
T10Y2Y,alfred_yield_curve_10y_2y_initial,2026-05-13,0.48
T10Y2Y,alfred_yield_curve_10y_2y_initial,2026-05-14,0.47
T10Y2Y,alfred_yield_curve_10y_2y_initial,2026-05-15,0.5
T10Y2Y,alfred_yield_curve_10y_2y_initial,2026-05-18,0.54
T10Y2Y,alfred_yield_curve_10y_2y_initial,2026-05-19,0.54
T10Y2Y,alfred_yield_curve_10y_2y_initial,2026-05-20,0.53
T10Y2Y,alfred_yield_curve_10y_2y_initial,2026-05-21,0.49
T10Y2Y,alfred_yield_curve_10y_2y_initial,2026-05-22,0.43
T10Y2Y,alfred_yield_curve_10y_2y_initial,2026-05-26,0.49
T10Y2Y,alfred_yield_curve_10y_2y_initial,2026-05-27,0.48
T10Y2Y,alfred_yield_curve_10y_2y_initial,2026-05-28,0.46
T10Y2Y,alfred_yield_curve_10y_2y_initial,2026-05-29,0.47
T10Y2Y,alfred_yield_curve_10y_2y_initial,2026-06-01,0.42
T10Y2Y,alfred_yield_curve_10y_2y_initial,2026-06-02,0.41
T10Y2Y,alfred_yield_curve_10y_2y_initial,2026-06-03,0.41
T10Y2Y,alfred_yield_curve_10y_2y_initial,2026-06-04,0.42
T10Y2Y,alfred_yield_curve_10y_2y_initial,2026-06-05,0.38
T10Y2Y,alfred_yield_curve_10y_2y_initial,2026-06-08,0.41
T10Y2Y,alfred_yield_curve_10y_2y_initial,2026-06-09,0.4
T10Y2Y,alfred_yield_curve_10y_2y_initial,2026-06-10,0.42
T10Y2Y,alfred_yield_curve_10y_2y_initial,2026-06-11,0.4
T10Y2Y,alfred_yield_curve_10y_2y_initial,2026-06-12,0.39
T10Y2Y,alfred_yield_curve_10y_2y_initial,2026-06-15,0.4
T10Y2Y,alfred_yield_curve_10y_2y_initial,2026-06-16,0.38
T10Y2Y,alfred_yield_curve_10y_2y_initial,2026-06-17,0.29
T10Y2Y,alfred_yield_curve_10y_2y_initial,2026-06-18,0.27
T10Y2Y,alfred_yield_curve_10y_2y_initial,2026-06-22,0.27
T10Y2Y,alfred_yield_curve_10y_2y_initial,2026-06-23,0.34
T10Y2Y,alfred_yield_curve_10y_2y_initial,2026-06-24,0.3
T10Y2Y,alfred_yield_curve_10y_2y_initial,2026-06-25,0.31
T10Y2Y,alfred_yield_curve_10y_2y_initial,2026-06-26,0.31
T10Y2Y,alfred_yield_curve_10y_2y_initial,2026-06-29,0.28
T10Y2Y,alfred_yield_curve_10y_2y_initial,2026-06-30,0.3
T10Y2Y,alfred_yield_curve_10y_2y_initial,2026-07-01,0.31
T10Y2Y,alfred_yield_curve_10y_2y_initial,2026-07-02,0.35
T10Y2Y,alfred_yield_curve_10y_2y_initial,2026-07-06,0.35
T10Y2Y,alfred_yield_curve_10y_2y_initial,2026-07-07,0.36
T10Y2Y,alfred_yield_curve_10y_2y_initial,2026-07-08,0.35
T10Y2Y,alfred_yield_curve_10y_2y_initial,2026-07-09,0.38
T10Y2Y,alfred_yield_curve_10y_2y_initial,2026-07-10,0.35
T10Y2Y,alfred_yield_curve_10y_2y_initial,2026-07-13,0.36
T10Y2Y,alfred_yield_curve_10y_2y_initial,2026-07-14,0.4
T10Y2Y,alfred_yield_curve_10y_2y_initial,2026-07-15,0.42
T10Y2Y,alfred_yield_curve_10y_2y_initial,2026-07-16,0.41
T10Y2Y,alfred_yield_curve_10y_2y_initial,2026-07-17,0.37
T10Y2Y,alfred_yield_curve_10y_2y_initial,2026-07-20,0.39
T10Y2Y,alfred_yield_curve_10y_2y_initial,2026-07-21,0.37
T10Y2Y,alfred_yield_curve_10y_2y_initial,2026-07-22,0.36
T10Y2Y,alfred_yield_curve_10y_2y_initial,2026-07-23,0.34
T10Y2Y,alfred_yield_curve_10y_2y_initial,2026-07-24,0.36
T10Y2Y,alfred_yield_curve_10y_2y_initial,2026-07-27,0.34
T10Y2Y,alfred_yield_curve_10y_2y_initial,2026-07-28,0.35
T10Y2Y,alfred_yield_curve_10y_2y_initial,2026-07-29,0.45
T10Y2Y,alfred_yield_curve_10y_2y_initial,2026-07-30,0.45
T10Y2Y,alfred_yield_curve_10y_2y_initial,2026-07-31,0.47
T10Y2Y,alfred_yield_curve_10y_2y_initial,2026-08-03,0.45
T10Y2Y,alfred_yield_curve_10y_2y_initial,2026-08-04,0.43
T10Y2Y,alfred_yield_curve_10y_2y_initial,2026-08-05,0.45
T10Y2Y,alfred_yield_curve_10y_2y_initial,2026-08-06,0.44
T10Y2Y,alfred_yield_curve_10y_2y_initial,2026-08-07,0.46
T10Y2Y,alfred_yield_curve_10y_2y_initial,2026-08-10,0.47
T10Y2Y,alfred_yield_curve_10y_2y_initial,2026-08-11,0.48
T10Y2Y,alfred_yield_curve_10y_2y_initial,2026-08-12,0.48
T10Y2Y,alfred_yield_curve_10y_2y_initial,2026-08-13,0.48
T10Y2Y,alfred_yield_curve_10y_2y_initial,2026-08-14,0.51
T10Y2Y,alfred_yield_curve_10y_2y_initial,2026-08-17,0.53
T10Y2Y,alfred_yield_curve_10y_2y_initial,2026-08-18,0.52
T10Y2Y,alfred_yield_curve_10y_2y_initial,2026-08-19,0.46
T10Y2Y,alfred_yield_curve_10y_2y_initial,2026-08-20,0.5
T10Y2Y,alfred_yield_curve_10y_2y_initial,2026-08-21,0.5
T10Y2Y,alfred_yield_curve_10y_2y_initial,2026-08-24,0.46
T10Y2Y,alfred_yield_curve_10y_2y_initial,2026-08-25,0.47
T10Y2Y,alfred_yield_curve_10y_2y_initial,2026-08-26,0.47
T10Y2Y,alfred_yield_curve_10y_2y_initial,2026-08-27,0.47
T10Y2Y,alfred_yield_curve_10y_2y_initial,2026-08-28,0.39
T10Y2Y,alfred_yield_curve_10y_2y_initial,2026-08-31,0.41
T10Y2Y,alfred_yield_curve_10y_2y_initial,2026-09-01,0.4
T10Y2Y,alfred_yield_curve_10y_2y_initial,2026-09-02,0.4
T10Y2Y,alfred_yield_curve_10y_2y_initial,2026-09-03,0.43
T10Y2Y,alfred_yield_curve_10y_2y_initial,2026-09-04,0.41
T10Y2Y,alfred_yield_curve_10y_2y_initial,2026-09-08,0.41
T10Y2Y,alfred_yield_curve_10y_2y_initial,2026-09-09,0.4
T10Y2Y,alfred_yield_curve_10y_2y_initial,2026-09-10,0.39
T10Y2Y,alfred_yield_curve_10y_2y_initial,2026-09-11,0.33
T10Y2Y,alfred_yield_curve_10y_2y_initial,2026-09-14,0.32
T10Y2Y,alfred_yield_curve_10y_2y_initial,2026-09-15,0.33
T10Y2Y,alfred_yield_curve_10y_2y_initial,2026-09-16,0.27
UNRATE,alfred_unemployment_initial,2017-01-01,4.7
UNRATE,alfred_unemployment_initial,2017-02-01,4.6
UNRATE,alfred_unemployment_initial,2017-03-01,4.4
UNRATE,alfred_unemployment_initial,2017-04-01,4.4
UNRATE,alfred_unemployment_initial,2017-05-01,4.4
UNRATE,alfred_unemployment_initial,2017-06-01,4.3
UNRATE,alfred_unemployment_initial,2017-07-01,4.3
UNRATE,alfred_unemployment_initial,2017-08-01,4.4
UNRATE,alfred_unemployment_initial,2017-09-01,4.3
UNRATE,alfred_unemployment_initial,2017-10-01,4.2
UNRATE,alfred_unemployment_initial,2017-11-01,4.2
UNRATE,alfred_unemployment_initial,2017-12-01,4.1
UNRATE,alfred_unemployment_initial,2018-01-01,4.0
UNRATE,alfred_unemployment_initial,2018-02-01,4.1
UNRATE,alfred_unemployment_initial,2018-03-01,4.0
UNRATE,alfred_unemployment_initial,2018-04-01,4.0
UNRATE,alfred_unemployment_initial,2018-05-01,3.8
UNRATE,alfred_unemployment_initial,2018-06-01,4.0
UNRATE,alfred_unemployment_initial,2018-07-01,3.8
UNRATE,alfred_unemployment_initial,2018-08-01,3.8
UNRATE,alfred_unemployment_initial,2018-09-01,3.7
UNRATE,alfred_unemployment_initial,2018-10-01,3.8
UNRATE,alfred_unemployment_initial,2018-11-01,3.8
UNRATE,alfred_unemployment_initial,2018-12-01,3.9
UNRATE,alfred_unemployment_initial,2019-01-01,4.0
UNRATE,alfred_unemployment_initial,2019-02-01,3.8
UNRATE,alfred_unemployment_initial,2019-03-01,3.8
UNRATE,alfred_unemployment_initial,2019-04-01,3.7
UNRATE,alfred_unemployment_initial,2019-05-01,3.6
UNRATE,alfred_unemployment_initial,2019-06-01,3.6
UNRATE,alfred_unemployment_initial,2019-07-01,3.7
UNRATE,alfred_unemployment_initial,2019-08-01,3.6
UNRATE,alfred_unemployment_initial,2019-09-01,3.5
UNRATE,alfred_unemployment_initial,2019-10-01,3.6
UNRATE,alfred_unemployment_initial,2019-11-01,3.6
UNRATE,alfred_unemployment_initial,2019-12-01,3.6
UNRATE,alfred_unemployment_initial,2020-01-01,3.6
UNRATE,alfred_unemployment_initial,2020-02-01,3.5
UNRATE,alfred_unemployment_initial,2020-03-01,4.4
UNRATE,alfred_unemployment_initial,2020-04-01,14.8
UNRATE,alfred_unemployment_initial,2020-05-01,13.2
UNRATE,alfred_unemployment_initial,2020-06-01,11.0
UNRATE,alfred_unemployment_initial,2020-07-01,10.2
UNRATE,alfred_unemployment_initial,2020-08-01,8.4
UNRATE,alfred_unemployment_initial,2020-09-01,7.8
UNRATE,alfred_unemployment_initial,2020-10-01,6.9
UNRATE,alfred_unemployment_initial,2020-11-01,6.7
UNRATE,alfred_unemployment_initial,2020-12-01,6.7
UNRATE,alfred_unemployment_initial,2021-01-01,6.4
UNRATE,alfred_unemployment_initial,2021-02-01,6.2
UNRATE,alfred_unemployment_initial,2021-03-01,6.1
UNRATE,alfred_unemployment_initial,2021-04-01,6.1
UNRATE,alfred_unemployment_initial,2021-05-01,5.8
UNRATE,alfred_unemployment_initial,2021-06-01,5.9
UNRATE,alfred_unemployment_initial,2021-07-01,5.4
UNRATE,alfred_unemployment_initial,2021-08-01,5.1
UNRATE,alfred_unemployment_initial,2021-09-01,4.7
UNRATE,alfred_unemployment_initial,2021-10-01,4.5
UNRATE,alfred_unemployment_initial,2021-11-01,4.1
UNRATE,alfred_unemployment_initial,2021-12-01,3.9
UNRATE,alfred_unemployment_initial,2022-01-01,4.0
UNRATE,alfred_unemployment_initial,2022-02-01,3.9
UNRATE,alfred_unemployment_initial,2022-03-01,3.7
UNRATE,alfred_unemployment_initial,2022-04-01,3.7
UNRATE,alfred_unemployment_initial,2022-05-01,3.6
UNRATE,alfred_unemployment_initial,2022-06-01,3.6
UNRATE,alfred_unemployment_initial,2022-07-01,3.5
UNRATE,alfred_unemployment_initial,2022-08-01,3.6
UNRATE,alfred_unemployment_initial,2022-09-01,3.5
UNRATE,alfred_unemployment_initial,2022-10-01,3.6
UNRATE,alfred_unemployment_initial,2022-11-01,3.6
UNRATE,alfred_unemployment_initial,2022-12-01,3.5
UNRATE,alfred_unemployment_initial,2023-01-01,3.5
UNRATE,alfred_unemployment_initial,2023-02-01,3.6
UNRATE,alfred_unemployment_initial,2023-03-01,3.5
UNRATE,alfred_unemployment_initial,2023-04-01,3.4
UNRATE,alfred_unemployment_initial,2023-05-01,3.6
UNRATE,alfred_unemployment_initial,2023-06-01,3.6
UNRATE,alfred_unemployment_initial,2023-07-01,3.5
UNRATE,alfred_unemployment_initial,2023-08-01,3.7
UNRATE,alfred_unemployment_initial,2023-09-01,3.7
UNRATE,alfred_unemployment_initial,2023-10-01,3.9
UNRATE,alfred_unemployment_initial,2023-11-01,3.7
UNRATE,alfred_unemployment_initial,2023-12-01,3.8
UNRATE,alfred_unemployment_initial,2024-01-01,3.7
UNRATE,alfred_unemployment_initial,2024-02-01,3.9
UNRATE,alfred_unemployment_initial,2024-03-01,3.9
UNRATE,alfred_unemployment_initial,2024-04-01,3.9
UNRATE,alfred_unemployment_initial,2024-05-01,3.9
UNRATE,alfred_unemployment_initial,2024-06-01,4.1
UNRATE,alfred_unemployment_initial,2024-07-01,4.2
UNRATE,alfred_unemployment_initial,2024-08-01,4.2
UNRATE,alfred_unemployment_initial,2024-09-01,4.1
UNRATE,alfred_unemployment_initial,2024-10-01,4.1
UNRATE,alfred_unemployment_initial,2024-11-01,4.2
UNRATE,alfred_unemployment_initial,2024-12-01,4.1
UNRATE,alfred_unemployment_initial,2025-01-01,4.0
UNRATE,alfred_unemployment_initial,2025-02-01,4.2
UNRATE,alfred_unemployment_initial,2025-03-01,4.2
UNRATE,alfred_unemployment_initial,2025-04-01,4.2
UNRATE,alfred_unemployment_initial,2025-05-01,4.3
UNRATE,alfred_unemployment_initial,2025-06-01,4.1
UNRATE,alfred_unemployment_initial,2025-07-01,4.3
UNRATE,alfred_unemployment_initial,2025-08-01,4.3
UNRATE,alfred_unemployment_initial,2025-09-01,4.4
UNRATE,alfred_unemployment_initial,2025-11-01,4.5
UNRATE,alfred_unemployment_initial,2025-12-01,4.4
UNRATE,alfred_unemployment_initial,2026-01-01,4.3
UNRATE,alfred_unemployment_initial,2026-02-01,4.4
UNRATE,alfred_unemployment_initial,2026-03-01,4.3
UNRATE,alfred_unemployment_initial,2026-04-01,4.3
UNRATE,alfred_unemployment_initial,2026-05-01,4.3
UNRATE,alfred_unemployment_initial,2026-06-01,4.2
UNRATE,alfred_unemployment_initial,2026-07-01,4.1
UNRATE,alfred_unemployment_initial,2026-08-01,4.1
WALCL,alfred_fed_balance_sheet_initial,2017-01-04,4453101.0
WALCL,alfred_fed_balance_sheet_initial,2017-01-11,4452509.0
WALCL,alfred_fed_balance_sheet_initial,2017-01-18,4460758.0
WALCL,alfred_fed_balance_sheet_initial,2017-01-25,4452838.0
WALCL,alfred_fed_balance_sheet_initial,2017-02-01,4453881.0
WALCL,alfred_fed_balance_sheet_initial,2017-02-08,4456236.0
WALCL,alfred_fed_balance_sheet_initial,2017-02-15,4454676.0
WALCL,alfred_fed_balance_sheet_initial,2017-02-22,4468702.0
WALCL,alfred_fed_balance_sheet_initial,2017-03-01,4458018.0
WALCL,alfred_fed_balance_sheet_initial,2017-03-08,4459840.0
WALCL,alfred_fed_balance_sheet_initial,2017-03-15,4469577.0
WALCL,alfred_fed_balance_sheet_initial,2017-03-22,4478236.0
WALCL,alfred_fed_balance_sheet_initial,2017-03-29,4469618.0
WALCL,alfred_fed_balance_sheet_initial,2017-04-05,4474634.0
WALCL,alfred_fed_balance_sheet_initial,2017-04-12,4484492.0
WALCL,alfred_fed_balance_sheet_initial,2017-04-19,4479270.0
WALCL,alfred_fed_balance_sheet_initial,2017-04-26,4470142.0
WALCL,alfred_fed_balance_sheet_initial,2017-05-03,4471246.0
WALCL,alfred_fed_balance_sheet_initial,2017-05-10,4473459.0
WALCL,alfred_fed_balance_sheet_initial,2017-05-17,4467108.0
WALCL,alfred_fed_balance_sheet_initial,2017-05-24,4470852.0
WALCL,alfred_fed_balance_sheet_initial,2017-05-31,4459914.0
WALCL,alfred_fed_balance_sheet_initial,2017-06-07,4462443.0
WALCL,alfred_fed_balance_sheet_initial,2017-06-14,4476269.0
WALCL,alfred_fed_balance_sheet_initial,2017-06-21,4474257.0
WALCL,alfred_fed_balance_sheet_initial,2017-06-28,4463347.0
WALCL,alfred_fed_balance_sheet_initial,2017-07-05,4467272.0
WALCL,alfred_fed_balance_sheet_initial,2017-07-12,4466702.0
WALCL,alfred_fed_balance_sheet_initial,2017-07-19,4476903.0
WALCL,alfred_fed_balance_sheet_initial,2017-07-26,4465284.0
WALCL,alfred_fed_balance_sheet_initial,2017-08-02,4466846.0
WALCL,alfred_fed_balance_sheet_initial,2017-08-09,4469083.0
WALCL,alfred_fed_balance_sheet_initial,2017-08-16,4462871.0
WALCL,alfred_fed_balance_sheet_initial,2017-08-23,4463837.0
WALCL,alfred_fed_balance_sheet_initial,2017-08-30,4452360.0
WALCL,alfred_fed_balance_sheet_initial,2017-09-06,4453474.0
WALCL,alfred_fed_balance_sheet_initial,2017-09-13,4471174.0
WALCL,alfred_fed_balance_sheet_initial,2017-09-20,4458576.0
WALCL,alfred_fed_balance_sheet_initial,2017-09-27,4455661.0
WALCL,alfred_fed_balance_sheet_initial,2017-10-04,4460422.0
WALCL,alfred_fed_balance_sheet_initial,2017-10-11,4459415.0
WALCL,alfred_fed_balance_sheet_initial,2017-10-18,4469723.0
WALCL,alfred_fed_balance_sheet_initial,2017-10-25,4461117.0
WALCL,alfred_fed_balance_sheet_initial,2017-11-01,4455887.0
WALCL,alfred_fed_balance_sheet_initial,2017-11-08,4458552.0
WALCL,alfred_fed_balance_sheet_initial,2017-11-15,4448289.0
WALCL,alfred_fed_balance_sheet_initial,2017-11-22,4450615.0
WALCL,alfred_fed_balance_sheet_initial,2017-11-29,4438592.0
WALCL,alfred_fed_balance_sheet_initial,2017-12-06,4437148.0
WALCL,alfred_fed_balance_sheet_initial,2017-12-13,4452726.0
WALCL,alfred_fed_balance_sheet_initial,2017-12-20,4447470.0
WALCL,alfred_fed_balance_sheet_initial,2017-12-27,4448680.0
WALCL,alfred_fed_balance_sheet_initial,2018-01-03,4443718.0
WALCL,alfred_fed_balance_sheet_initial,2018-01-10,4446062.0
WALCL,alfred_fed_balance_sheet_initial,2018-01-17,4439145.0
WALCL,alfred_fed_balance_sheet_initial,2018-01-24,4441317.0
WALCL,alfred_fed_balance_sheet_initial,2018-01-31,4419225.0
WALCL,alfred_fed_balance_sheet_initial,2018-02-07,4420745.0
WALCL,alfred_fed_balance_sheet_initial,2018-02-14,4434863.0
WALCL,alfred_fed_balance_sheet_initial,2018-02-21,4411660.0
WALCL,alfred_fed_balance_sheet_initial,2018-02-28,4393401.0
WALCL,alfred_fed_balance_sheet_initial,2018-03-07,4396097.0
WALCL,alfred_fed_balance_sheet_initial,2018-03-14,4407258.0
WALCL,alfred_fed_balance_sheet_initial,2018-03-21,4401222.0
WALCL,alfred_fed_balance_sheet_initial,2018-03-28,4392198.0
WALCL,alfred_fed_balance_sheet_initial,2018-04-04,4386104.0
WALCL,alfred_fed_balance_sheet_initial,2018-04-11,4383684.0
WALCL,alfred_fed_balance_sheet_initial,2018-04-18,4385903.0
WALCL,alfred_fed_balance_sheet_initial,2018-04-25,4372886.0
WALCL,alfred_fed_balance_sheet_initial,2018-05-02,4356129.0
WALCL,alfred_fed_balance_sheet_initial,2018-05-09,4358207.0
WALCL,alfred_fed_balance_sheet_initial,2018-05-16,4337609.0
WALCL,alfred_fed_balance_sheet_initial,2018-05-23,4337301.0
WALCL,alfred_fed_balance_sheet_initial,2018-05-30,4327519.0
WALCL,alfred_fed_balance_sheet_initial,2018-06-06,4319191.0
WALCL,alfred_fed_balance_sheet_initial,2018-06-13,4324906.0
WALCL,alfred_fed_balance_sheet_initial,2018-06-20,4315896.0
WALCL,alfred_fed_balance_sheet_initial,2018-06-27,4305491.0
WALCL,alfred_fed_balance_sheet_initial,2018-07-04,4289764.0
WALCL,alfred_fed_balance_sheet_initial,2018-07-11,4291201.0
WALCL,alfred_fed_balance_sheet_initial,2018-07-18,4291615.0
WALCL,alfred_fed_balance_sheet_initial,2018-07-25,4277681.0
WALCL,alfred_fed_balance_sheet_initial,2018-08-01,4255653.0
WALCL,alfred_fed_balance_sheet_initial,2018-08-08,4258030.0
WALCL,alfred_fed_balance_sheet_initial,2018-08-15,4228924.0
WALCL,alfred_fed_balance_sheet_initial,2018-08-22,4228818.0
WALCL,alfred_fed_balance_sheet_initial,2018-08-29,4218914.0
WALCL,alfred_fed_balance_sheet_initial,2018-09-05,4208496.0
WALCL,alfred_fed_balance_sheet_initial,2018-09-12,4210812.0
WALCL,alfred_fed_balance_sheet_initial,2018-09-19,4208059.0
WALCL,alfred_fed_balance_sheet_initial,2018-09-26,4192909.0
WALCL,alfred_fed_balance_sheet_initial,2018-10-03,4174704.0
WALCL,alfred_fed_balance_sheet_initial,2018-10-10,4176906.0
WALCL,alfred_fed_balance_sheet_initial,2018-10-17,4175446.0
WALCL,alfred_fed_balance_sheet_initial,2018-10-24,4173070.0
WALCL,alfred_fed_balance_sheet_initial,2018-10-31,4139731.0
WALCL,alfred_fed_balance_sheet_initial,2018-11-07,4141936.0
WALCL,alfred_fed_balance_sheet_initial,2018-11-14,4145892.0
WALCL,alfred_fed_balance_sheet_initial,2018-11-21,4106198.0
WALCL,alfred_fed_balance_sheet_initial,2018-11-28,4097170.0
WALCL,alfred_fed_balance_sheet_initial,2018-12-05,4086044.0
WALCL,alfred_fed_balance_sheet_initial,2018-12-12,4088314.0
WALCL,alfred_fed_balance_sheet_initial,2018-12-19,4084274.0
WALCL,alfred_fed_balance_sheet_initial,2018-12-26,4075636.0
WALCL,alfred_fed_balance_sheet_initial,2019-01-02,4058378.0
WALCL,alfred_fed_balance_sheet_initial,2019-01-09,4056563.0
WALCL,alfred_fed_balance_sheet_initial,2019-01-16,4050044.0
WALCL,alfred_fed_balance_sheet_initial,2019-01-23,4047052.0
WALCL,alfred_fed_balance_sheet_initial,2019-01-30,4039678.0
WALCL,alfred_fed_balance_sheet_initial,2019-02-06,4026350.0
WALCL,alfred_fed_balance_sheet_initial,2019-02-13,4028431.0
WALCL,alfred_fed_balance_sheet_initial,2019-02-20,3981420.0
WALCL,alfred_fed_balance_sheet_initial,2019-02-27,3974590.0
WALCL,alfred_fed_balance_sheet_initial,2019-03-06,3969134.0
WALCL,alfred_fed_balance_sheet_initial,2019-03-13,3971559.0
WALCL,alfred_fed_balance_sheet_initial,2019-03-20,3962748.0
WALCL,alfred_fed_balance_sheet_initial,2019-03-27,3955617.0
WALCL,alfred_fed_balance_sheet_initial,2019-04-03,3935509.0
WALCL,alfred_fed_balance_sheet_initial,2019-04-10,3936784.0
WALCL,alfred_fed_balance_sheet_initial,2019-04-17,3931827.0
WALCL,alfred_fed_balance_sheet_initial,2019-04-24,3928273.0
WALCL,alfred_fed_balance_sheet_initial,2019-05-01,3889691.0
WALCL,alfred_fed_balance_sheet_initial,2019-05-08,3892216.0
WALCL,alfred_fed_balance_sheet_initial,2019-05-15,3864749.0
WALCL,alfred_fed_balance_sheet_initial,2019-05-22,3860435.0
WALCL,alfred_fed_balance_sheet_initial,2019-05-29,3851444.0
WALCL,alfred_fed_balance_sheet_initial,2019-06-05,3847645.0
WALCL,alfred_fed_balance_sheet_initial,2019-06-12,3849955.0
WALCL,alfred_fed_balance_sheet_initial,2019-06-19,3844016.0
WALCL,alfred_fed_balance_sheet_initial,2019-06-26,3826817.0
WALCL,alfred_fed_balance_sheet_initial,2019-07-03,3813198.0
WALCL,alfred_fed_balance_sheet_initial,2019-07-10,3815038.0
WALCL,alfred_fed_balance_sheet_initial,2019-07-17,3808110.0
WALCL,alfred_fed_balance_sheet_initial,2019-07-24,3803436.0
WALCL,alfred_fed_balance_sheet_initial,2019-07-31,3779102.0
WALCL,alfred_fed_balance_sheet_initial,2019-08-07,3781543.0
WALCL,alfred_fed_balance_sheet_initial,2019-08-14,3786018.0
WALCL,alfred_fed_balance_sheet_initial,2019-08-21,3764866.0
WALCL,alfred_fed_balance_sheet_initial,2019-08-28,3759946.0
WALCL,alfred_fed_balance_sheet_initial,2019-09-04,3761508.0
WALCL,alfred_fed_balance_sheet_initial,2019-09-11,3769673.0
WALCL,alfred_fed_balance_sheet_initial,2019-09-18,3844695.0
WALCL,alfred_fed_balance_sheet_initial,2019-09-25,3857715.0
WALCL,alfred_fed_balance_sheet_initial,2019-10-02,3945831.0
WALCL,alfred_fed_balance_sheet_initial,2019-10-09,3949955.0
WALCL,alfred_fed_balance_sheet_initial,2019-10-16,3966471.0
WALCL,alfred_fed_balance_sheet_initial,2019-10-23,3968700.0
WALCL,alfred_fed_balance_sheet_initial,2019-10-30,4019823.0
WALCL,alfred_fed_balance_sheet_initial,2019-11-06,4039443.0
WALCL,alfred_fed_balance_sheet_initial,2019-11-13,4047882.0
WALCL,alfred_fed_balance_sheet_initial,2019-11-20,4030249.0
WALCL,alfred_fed_balance_sheet_initial,2019-11-27,4052875.0
WALCL,alfred_fed_balance_sheet_initial,2019-12-04,4065696.0
WALCL,alfred_fed_balance_sheet_initial,2019-12-11,4095491.0
WALCL,alfred_fed_balance_sheet_initial,2019-12-18,4137052.0
WALCL,alfred_fed_balance_sheet_initial,2019-12-25,4165591.0
WALCL,alfred_fed_balance_sheet_initial,2020-01-01,4173626.0
WALCL,alfred_fed_balance_sheet_initial,2020-01-08,4149544.0
WALCL,alfred_fed_balance_sheet_initial,2020-01-15,4175850.0
WALCL,alfred_fed_balance_sheet_initial,2020-01-22,4145912.0
WALCL,alfred_fed_balance_sheet_initial,2020-01-29,4151630.0
WALCL,alfred_fed_balance_sheet_initial,2020-02-05,4166707.0
WALCL,alfred_fed_balance_sheet_initial,2020-02-12,4182689.0
WALCL,alfred_fed_balance_sheet_initial,2020-02-19,4171570.0
WALCL,alfred_fed_balance_sheet_initial,2020-02-26,4158637.0
WALCL,alfred_fed_balance_sheet_initial,2020-03-04,4241507.0
WALCL,alfred_fed_balance_sheet_initial,2020-03-11,4311911.0
WALCL,alfred_fed_balance_sheet_initial,2020-03-18,4668212.0
WALCL,alfred_fed_balance_sheet_initial,2020-03-25,5254278.0
WALCL,alfred_fed_balance_sheet_initial,2020-04-01,5811607.0
WALCL,alfred_fed_balance_sheet_initial,2020-04-08,6083141.0
WALCL,alfred_fed_balance_sheet_initial,2020-04-15,6367887.0
WALCL,alfred_fed_balance_sheet_initial,2020-04-22,6573136.0
WALCL,alfred_fed_balance_sheet_initial,2020-04-29,6655929.0
WALCL,alfred_fed_balance_sheet_initial,2020-05-06,6721420.0
WALCL,alfred_fed_balance_sheet_initial,2020-05-13,6934227.0
WALCL,alfred_fed_balance_sheet_initial,2020-05-20,7037258.0
WALCL,alfred_fed_balance_sheet_initial,2020-05-27,7097316.0
WALCL,alfred_fed_balance_sheet_initial,2020-06-03,7165217.0
WALCL,alfred_fed_balance_sheet_initial,2020-06-10,7168936.0
WALCL,alfred_fed_balance_sheet_initial,2020-06-17,7094690.0
WALCL,alfred_fed_balance_sheet_initial,2020-06-24,7082302.0
WALCL,alfred_fed_balance_sheet_initial,2020-07-01,7009040.0
WALCL,alfred_fed_balance_sheet_initial,2020-07-08,6920716.0
WALCL,alfred_fed_balance_sheet_initial,2020-07-15,6958604.0
WALCL,alfred_fed_balance_sheet_initial,2020-07-22,6964755.0
WALCL,alfred_fed_balance_sheet_initial,2020-07-29,6949032.0
WALCL,alfred_fed_balance_sheet_initial,2020-08-05,6945237.0
WALCL,alfred_fed_balance_sheet_initial,2020-08-12,6957277.0
WALCL,alfred_fed_balance_sheet_initial,2020-08-19,7010637.0
WALCL,alfred_fed_balance_sheet_initial,2020-08-26,6990418.0
WALCL,alfred_fed_balance_sheet_initial,2020-09-02,7017492.0
WALCL,alfred_fed_balance_sheet_initial,2020-09-09,7010614.0
WALCL,alfred_fed_balance_sheet_initial,2020-09-16,7064475.0
WALCL,alfred_fed_balance_sheet_initial,2020-09-23,7093161.0
WALCL,alfred_fed_balance_sheet_initial,2020-09-30,7056129.0
WALCL,alfred_fed_balance_sheet_initial,2020-10-07,7074649.0
WALCL,alfred_fed_balance_sheet_initial,2020-10-14,7151426.0
WALCL,alfred_fed_balance_sheet_initial,2020-10-21,7177265.0
WALCL,alfred_fed_balance_sheet_initial,2020-10-28,7146306.0
WALCL,alfred_fed_balance_sheet_initial,2020-11-04,7157479.0
WALCL,alfred_fed_balance_sheet_initial,2020-11-11,7175417.0
WALCL,alfred_fed_balance_sheet_initial,2020-11-18,7243080.0
WALCL,alfred_fed_balance_sheet_initial,2020-11-25,7216480.0
WALCL,alfred_fed_balance_sheet_initial,2020-12-02,7222414.0
WALCL,alfred_fed_balance_sheet_initial,2020-12-09,7242658.0
WALCL,alfred_fed_balance_sheet_initial,2020-12-16,7362592.0
WALCL,alfred_fed_balance_sheet_initial,2020-12-23,7404039.0
WALCL,alfred_fed_balance_sheet_initial,2020-12-30,7363351.0
WALCL,alfred_fed_balance_sheet_initial,2021-01-06,7334809.0
WALCL,alfred_fed_balance_sheet_initial,2021-01-13,7333968.0
WALCL,alfred_fed_balance_sheet_initial,2021-01-20,7414942.0
WALCL,alfred_fed_balance_sheet_initial,2021-01-27,7404926.0
WALCL,alfred_fed_balance_sheet_initial,2021-02-03,7410598.0
WALCL,alfred_fed_balance_sheet_initial,2021-02-10,7442225.0
WALCL,alfred_fed_balance_sheet_initial,2021-02-17,7557402.0
WALCL,alfred_fed_balance_sheet_initial,2021-02-24,7590111.0
WALCL,alfred_fed_balance_sheet_initial,2021-03-03,7557524.0
WALCL,alfred_fed_balance_sheet_initial,2021-03-10,7579901.0
WALCL,alfred_fed_balance_sheet_initial,2021-03-17,7693506.0
WALCL,alfred_fed_balance_sheet_initial,2021-03-24,7719622.0
WALCL,alfred_fed_balance_sheet_initial,2021-03-31,7688988.0
WALCL,alfred_fed_balance_sheet_initial,2021-04-07,7708882.0
WALCL,alfred_fed_balance_sheet_initial,2021-04-14,7793104.0
WALCL,alfred_fed_balance_sheet_initial,2021-04-21,7820948.0
WALCL,alfred_fed_balance_sheet_initial,2021-04-28,7780962.0
WALCL,alfred_fed_balance_sheet_initial,2021-05-05,7810486.0
WALCL,alfred_fed_balance_sheet_initial,2021-05-12,7830663.0
WALCL,alfred_fed_balance_sheet_initial,2021-05-19,7922883.0
WALCL,alfred_fed_balance_sheet_initial,2021-05-26,7903541.0
WALCL,alfred_fed_balance_sheet_initial,2021-06-02,7935703.0
WALCL,alfred_fed_balance_sheet_initial,2021-06-09,7952327.0
WALCL,alfred_fed_balance_sheet_initial,2021-06-16,8064257.0
WALCL,alfred_fed_balance_sheet_initial,2021-06-23,8101945.0
WALCL,alfred_fed_balance_sheet_initial,2021-06-30,8078544.0
WALCL,alfred_fed_balance_sheet_initial,2021-07-07,8097773.0
WALCL,alfred_fed_balance_sheet_initial,2021-07-14,8201651.0
WALCL,alfred_fed_balance_sheet_initial,2021-07-21,8240530.0
WALCL,alfred_fed_balance_sheet_initial,2021-07-28,8221473.0
WALCL,alfred_fed_balance_sheet_initial,2021-08-04,8235073.0
WALCL,alfred_fed_balance_sheet_initial,2021-08-11,8257159.0
WALCL,alfred_fed_balance_sheet_initial,2021-08-18,8342598.0
WALCL,alfred_fed_balance_sheet_initial,2021-08-25,8332743.0
WALCL,alfred_fed_balance_sheet_initial,2021-09-01,8349173.0
WALCL,alfred_fed_balance_sheet_initial,2021-09-08,8357314.0
WALCL,alfred_fed_balance_sheet_initial,2021-09-15,8448770.0
WALCL,alfred_fed_balance_sheet_initial,2021-09-22,8489824.0
WALCL,alfred_fed_balance_sheet_initial,2021-09-29,8447981.0
WALCL,alfred_fed_balance_sheet_initial,2021-10-06,8464032.0
WALCL,alfred_fed_balance_sheet_initial,2021-10-13,8480942.0
WALCL,alfred_fed_balance_sheet_initial,2021-10-20,8564943.0
WALCL,alfred_fed_balance_sheet_initial,2021-10-27,8556181.0
WALCL,alfred_fed_balance_sheet_initial,2021-11-03,8574871.0
WALCL,alfred_fed_balance_sheet_initial,2021-11-10,8663117.0
WALCL,alfred_fed_balance_sheet_initial,2021-11-17,8674970.0
WALCL,alfred_fed_balance_sheet_initial,2021-11-24,8681771.0
WALCL,alfred_fed_balance_sheet_initial,2021-12-01,8650402.0
WALCL,alfred_fed_balance_sheet_initial,2021-12-08,8664524.0
WALCL,alfred_fed_balance_sheet_initial,2021-12-15,8756666.0
WALCL,alfred_fed_balance_sheet_initial,2021-12-22,8790495.0
WALCL,alfred_fed_balance_sheet_initial,2021-12-29,8757460.0
WALCL,alfred_fed_balance_sheet_initial,2022-01-05,8765721.0
WALCL,alfred_fed_balance_sheet_initial,2022-01-12,8788278.0
WALCL,alfred_fed_balance_sheet_initial,2022-01-19,8867834.0
WALCL,alfred_fed_balance_sheet_initial,2022-01-26,8860485.0
WALCL,alfred_fed_balance_sheet_initial,2022-02-02,8873211.0
WALCL,alfred_fed_balance_sheet_initial,2022-02-09,8878009.0
WALCL,alfred_fed_balance_sheet_initial,2022-02-16,8911033.0
WALCL,alfred_fed_balance_sheet_initial,2022-02-23,8928129.0
WALCL,alfred_fed_balance_sheet_initial,2022-03-02,8904455.0
WALCL,alfred_fed_balance_sheet_initial,2022-03-09,8910748.0
WALCL,alfred_fed_balance_sheet_initial,2022-03-16,8954306.0
WALCL,alfred_fed_balance_sheet_initial,2022-03-23,8962474.0
WALCL,alfred_fed_balance_sheet_initial,2022-03-30,8937142.0
WALCL,alfred_fed_balance_sheet_initial,2022-04-06,8937592.0
WALCL,alfred_fed_balance_sheet_initial,2022-04-13,8965487.0
WALCL,alfred_fed_balance_sheet_initial,2022-04-20,8955851.0
WALCL,alfred_fed_balance_sheet_initial,2022-04-27,8939199.0
WALCL,alfred_fed_balance_sheet_initial,2022-05-04,8939972.0
WALCL,alfred_fed_balance_sheet_initial,2022-05-11,8942008.0
WALCL,alfred_fed_balance_sheet_initial,2022-05-18,8945898.0
WALCL,alfred_fed_balance_sheet_initial,2022-05-25,8914281.0
WALCL,alfred_fed_balance_sheet_initial,2022-06-01,8915050.0
WALCL,alfred_fed_balance_sheet_initial,2022-06-08,8918254.0
WALCL,alfred_fed_balance_sheet_initial,2022-06-15,8932420.0
WALCL,alfred_fed_balance_sheet_initial,2022-06-22,8934346.0
WALCL,alfred_fed_balance_sheet_initial,2022-06-29,8913553.0
WALCL,alfred_fed_balance_sheet_initial,2022-07-06,8891851.0
WALCL,alfred_fed_balance_sheet_initial,2022-07-13,8895867.0
WALCL,alfred_fed_balance_sheet_initial,2022-07-20,8899213.0
WALCL,alfred_fed_balance_sheet_initial,2022-07-27,8890004.0
WALCL,alfred_fed_balance_sheet_initial,2022-08-03,8874620.0
WALCL,alfred_fed_balance_sheet_initial,2022-08-10,8879138.0
WALCL,alfred_fed_balance_sheet_initial,2022-08-17,8849762.0
WALCL,alfred_fed_balance_sheet_initial,2022-08-24,8851436.0
WALCL,alfred_fed_balance_sheet_initial,2022-08-31,8826093.0
WALCL,alfred_fed_balance_sheet_initial,2022-09-07,8822401.0
WALCL,alfred_fed_balance_sheet_initial,2022-09-14,8832759.0
WALCL,alfred_fed_balance_sheet_initial,2022-09-21,8816802.0
WALCL,alfred_fed_balance_sheet_initial,2022-09-28,8795567.0
WALCL,alfred_fed_balance_sheet_initial,2022-10-05,8759053.0
WALCL,alfred_fed_balance_sheet_initial,2022-10-12,8758969.0
WALCL,alfred_fed_balance_sheet_initial,2022-10-19,8743922.0
WALCL,alfred_fed_balance_sheet_initial,2022-10-26,8723090.0
WALCL,alfred_fed_balance_sheet_initial,2022-11-02,8676870.0
WALCL,alfred_fed_balance_sheet_initial,2022-11-09,8678886.0
WALCL,alfred_fed_balance_sheet_initial,2022-11-16,8625620.0
WALCL,alfred_fed_balance_sheet_initial,2022-11-23,8621390.0
WALCL,alfred_fed_balance_sheet_initial,2022-11-30,8584576.0
WALCL,alfred_fed_balance_sheet_initial,2022-12-07,8582735.0
WALCL,alfred_fed_balance_sheet_initial,2022-12-14,8583413.0
WALCL,alfred_fed_balance_sheet_initial,2022-12-21,8564411.0
WALCL,alfred_fed_balance_sheet_initial,2022-12-28,8551169.0
WALCL,alfred_fed_balance_sheet_initial,2023-01-04,8507429.0
WALCL,alfred_fed_balance_sheet_initial,2023-01-11,8508587.0
WALCL,alfred_fed_balance_sheet_initial,2023-01-18,8489039.0
WALCL,alfred_fed_balance_sheet_initial,2023-01-25,8470557.0
WALCL,alfred_fed_balance_sheet_initial,2023-02-01,8433610.0
WALCL,alfred_fed_balance_sheet_initial,2023-02-08,8435369.0
WALCL,alfred_fed_balance_sheet_initial,2023-02-15,8384767.0
WALCL,alfred_fed_balance_sheet_initial,2023-02-22,8382190.0
WALCL,alfred_fed_balance_sheet_initial,2023-03-01,8339684.0
WALCL,alfred_fed_balance_sheet_initial,2023-03-08,8342283.0
WALCL,alfred_fed_balance_sheet_initial,2023-03-15,8639300.0
WALCL,alfred_fed_balance_sheet_initial,2023-03-22,8733787.0
WALCL,alfred_fed_balance_sheet_initial,2023-03-29,8705942.0
WALCL,alfred_fed_balance_sheet_initial,2023-04-05,8632384.0
WALCL,alfred_fed_balance_sheet_initial,2023-04-12,8614797.0
WALCL,alfred_fed_balance_sheet_initial,2023-04-19,8593263.0
WALCL,alfred_fed_balance_sheet_initial,2023-04-26,8562768.0
WALCL,alfred_fed_balance_sheet_initial,2023-05-03,8503994.0
WALCL,alfred_fed_balance_sheet_initial,2023-05-10,8503017.0
WALCL,alfred_fed_balance_sheet_initial,2023-05-17,8456760.0
WALCL,alfred_fed_balance_sheet_initial,2023-05-24,8436255.0
WALCL,alfred_fed_balance_sheet_initial,2023-05-31,8385854.0
WALCL,alfred_fed_balance_sheet_initial,2023-06-07,8389325.0
WALCL,alfred_fed_balance_sheet_initial,2023-06-14,8388323.0
WALCL,alfred_fed_balance_sheet_initial,2023-06-21,8362060.0
WALCL,alfred_fed_balance_sheet_initial,2023-06-28,8340914.0
WALCL,alfred_fed_balance_sheet_initial,2023-07-05,8298312.0
WALCL,alfred_fed_balance_sheet_initial,2023-07-12,8296923.0
WALCL,alfred_fed_balance_sheet_initial,2023-07-19,8274552.0
WALCL,alfred_fed_balance_sheet_initial,2023-07-26,8243344.0
WALCL,alfred_fed_balance_sheet_initial,2023-08-02,8206764.0
WALCL,alfred_fed_balance_sheet_initial,2023-08-09,8208241.0
WALCL,alfred_fed_balance_sheet_initial,2023-08-16,8145727.0
WALCL,alfred_fed_balance_sheet_initial,2023-08-23,8139066.0
WALCL,alfred_fed_balance_sheet_initial,2023-08-30,8121316.0
WALCL,alfred_fed_balance_sheet_initial,2023-09-06,8101318.0
WALCL,alfred_fed_balance_sheet_initial,2023-09-13,8098779.0
WALCL,alfred_fed_balance_sheet_initial,2023-09-20,8024090.0
WALCL,alfred_fed_balance_sheet_initial,2023-09-27,8002064.0
WALCL,alfred_fed_balance_sheet_initial,2023-10-04,7955782.0
WALCL,alfred_fed_balance_sheet_initial,2023-10-11,7952054.0
WALCL,alfred_fed_balance_sheet_initial,2023-10-18,7933162.0
WALCL,alfred_fed_balance_sheet_initial,2023-10-25,7907830.0
WALCL,alfred_fed_balance_sheet_initial,2023-11-01,7866664.0
WALCL,alfred_fed_balance_sheet_initial,2023-11-08,7860691.0
WALCL,alfred_fed_balance_sheet_initial,2023-11-15,7814991.0
WALCL,alfred_fed_balance_sheet_initial,2023-11-22,7810814.0
WALCL,alfred_fed_balance_sheet_initial,2023-11-29,7796145.0
WALCL,alfred_fed_balance_sheet_initial,2023-12-06,7737385.0
WALCL,alfred_fed_balance_sheet_initial,2023-12-13,7739566.0
WALCL,alfred_fed_balance_sheet_initial,2023-12-20,7724063.0
WALCL,alfred_fed_balance_sheet_initial,2023-12-27,7712781.0
WALCL,alfred_fed_balance_sheet_initial,2024-01-03,7681024.0
WALCL,alfred_fed_balance_sheet_initial,2024-01-10,7686710.0
WALCL,alfred_fed_balance_sheet_initial,2024-01-17,7673741.0
WALCL,alfred_fed_balance_sheet_initial,2024-01-24,7677230.0
WALCL,alfred_fed_balance_sheet_initial,2024-01-31,7630124.0
WALCL,alfred_fed_balance_sheet_initial,2024-02-07,7631300.0
WALCL,alfred_fed_balance_sheet_initial,2024-02-14,7633874.0
WALCL,alfred_fed_balance_sheet_initial,2024-02-21,7581683.0
WALCL,alfred_fed_balance_sheet_initial,2024-02-28,7567807.0
WALCL,alfred_fed_balance_sheet_initial,2024-03-06,7538857.0
WALCL,alfred_fed_balance_sheet_initial,2024-03-13,7541969.0
WALCL,alfred_fed_balance_sheet_initial,2024-03-20,7514348.0
WALCL,alfred_fed_balance_sheet_initial,2024-03-27,7484739.0
WALCL,alfred_fed_balance_sheet_initial,2024-04-03,7439558.0
WALCL,alfred_fed_balance_sheet_initial,2024-04-10,7438176.0
WALCL,alfred_fed_balance_sheet_initial,2024-04-17,7405506.0
WALCL,alfred_fed_balance_sheet_initial,2024-04-24,7402434.0
WALCL,alfred_fed_balance_sheet_initial,2024-05-01,7362474.0
WALCL,alfred_fed_balance_sheet_initial,2024-05-08,7353408.0
WALCL,alfred_fed_balance_sheet_initial,2024-05-15,7304272.0
WALCL,alfred_fed_balance_sheet_initial,2024-05-22,7299566.0
WALCL,alfred_fed_balance_sheet_initial,2024-05-29,7284319.0
WALCL,alfred_fed_balance_sheet_initial,2024-06-05,7255687.0
WALCL,alfred_fed_balance_sheet_initial,2024-06-12,7258974.0
WALCL,alfred_fed_balance_sheet_initial,2024-06-19,7252542.0
WALCL,alfred_fed_balance_sheet_initial,2024-06-26,7231163.0
WALCL,alfred_fed_balance_sheet_initial,2024-07-03,7221520.0
WALCL,alfred_fed_balance_sheet_initial,2024-07-10,7224079.0
WALCL,alfred_fed_balance_sheet_initial,2024-07-17,7208247.0
WALCL,alfred_fed_balance_sheet_initial,2024-07-24,7205455.0
WALCL,alfred_fed_balance_sheet_initial,2024-07-31,7178391.0
WALCL,alfred_fed_balance_sheet_initial,2024-08-07,7175256.0
WALCL,alfred_fed_balance_sheet_initial,2024-08-14,7177688.0
WALCL,alfred_fed_balance_sheet_initial,2024-08-21,7139952.0
WALCL,alfred_fed_balance_sheet_initial,2024-08-28,7123238.0
WALCL,alfred_fed_balance_sheet_initial,2024-09-04,7112567.0
WALCL,alfred_fed_balance_sheet_initial,2024-09-11,7115001.0
WALCL,alfred_fed_balance_sheet_initial,2024-09-18,7109137.0
WALCL,alfred_fed_balance_sheet_initial,2024-09-25,7080059.0
WALCL,alfred_fed_balance_sheet_initial,2024-10-02,7046925.0
WALCL,alfred_fed_balance_sheet_initial,2024-10-09,7046840.0
WALCL,alfred_fed_balance_sheet_initial,2024-10-16,7039284.0
WALCL,alfred_fed_balance_sheet_initial,2024-10-23,7029408.0
WALCL,alfred_fed_balance_sheet_initial,2024-10-30,7013490.0
WALCL,alfred_fed_balance_sheet_initial,2024-11-06,6994299.0
WALCL,alfred_fed_balance_sheet_initial,2024-11-13,6967108.0
WALCL,alfred_fed_balance_sheet_initial,2024-11-20,6923731.0
WALCL,alfred_fed_balance_sheet_initial,2024-11-27,6905140.0
WALCL,alfred_fed_balance_sheet_initial,2024-12-04,6895827.0
WALCL,alfred_fed_balance_sheet_initial,2024-12-11,6897485.0
WALCL,alfred_fed_balance_sheet_initial,2024-12-18,6889332.0
WALCL,alfred_fed_balance_sheet_initial,2024-12-25,6885963.0
WALCL,alfred_fed_balance_sheet_initial,2025-01-01,6852491.0
WALCL,alfred_fed_balance_sheet_initial,2025-01-08,6853554.0
WALCL,alfred_fed_balance_sheet_initial,2025-01-15,6834070.0
WALCL,alfred_fed_balance_sheet_initial,2025-01-22,6831760.0
WALCL,alfred_fed_balance_sheet_initial,2025-01-29,6818186.0
WALCL,alfred_fed_balance_sheet_initial,2025-02-05,6810935.0
WALCL,alfred_fed_balance_sheet_initial,2025-02-12,6813513.0
WALCL,alfred_fed_balance_sheet_initial,2025-02-19,6782332.0
WALCL,alfred_fed_balance_sheet_initial,2025-02-26,6766101.0
WALCL,alfred_fed_balance_sheet_initial,2025-03-05,6756764.0
WALCL,alfred_fed_balance_sheet_initial,2025-03-12,6759571.0
WALCL,alfred_fed_balance_sheet_initial,2025-03-19,6755982.0
WALCL,alfred_fed_balance_sheet_initial,2025-03-26,6740253.0
WALCL,alfred_fed_balance_sheet_initial,2025-04-02,6723452.0
WALCL,alfred_fed_balance_sheet_initial,2025-04-09,6727416.0
WALCL,alfred_fed_balance_sheet_initial,2025-04-16,6727113.0
WALCL,alfred_fed_balance_sheet_initial,2025-04-23,6726930.0
WALCL,alfred_fed_balance_sheet_initial,2025-04-30,6709277.0
WALCL,alfred_fed_balance_sheet_initial,2025-05-07,6710889.0
WALCL,alfred_fed_balance_sheet_initial,2025-05-14,6713270.0
WALCL,alfred_fed_balance_sheet_initial,2025-05-21,6688726.0
WALCL,alfred_fed_balance_sheet_initial,2025-05-28,6673244.0
WALCL,alfred_fed_balance_sheet_initial,2025-06-04,6672885.0
WALCL,alfred_fed_balance_sheet_initial,2025-06-11,6677155.0
WALCL,alfred_fed_balance_sheet_initial,2025-06-18,6681056.0
WALCL,alfred_fed_balance_sheet_initial,2025-06-25,6662200.0
WALCL,alfred_fed_balance_sheet_initial,2025-07-02,6659598.0
WALCL,alfred_fed_balance_sheet_initial,2025-07-09,6661912.0
WALCL,alfred_fed_balance_sheet_initial,2025-07-16,6659273.0
WALCL,alfred_fed_balance_sheet_initial,2025-07-23,6657715.0
WALCL,alfred_fed_balance_sheet_initial,2025-07-30,6642578.0
WALCL,alfred_fed_balance_sheet_initial,2025-08-06,6640843.0
WALCL,alfred_fed_balance_sheet_initial,2025-08-13,6643615.0
WALCL,alfred_fed_balance_sheet_initial,2025-08-20,6618415.0
WALCL,alfred_fed_balance_sheet_initial,2025-08-27,6603384.0
WALCL,alfred_fed_balance_sheet_initial,2025-09-03,6602071.0
WALCL,alfred_fed_balance_sheet_initial,2025-09-10,6605962.0
WALCL,alfred_fed_balance_sheet_initial,2025-09-17,6608597.0
WALCL,alfred_fed_balance_sheet_initial,2025-09-24,6608395.0
WALCL,alfred_fed_balance_sheet_initial,2025-10-01,6587119.0
WALCL,alfred_fed_balance_sheet_initial,2025-10-08,6590815.0
WALCL,alfred_fed_balance_sheet_initial,2025-10-15,6596454.0
WALCL,alfred_fed_balance_sheet_initial,2025-10-22,6589533.0
WALCL,alfred_fed_balance_sheet_initial,2025-10-29,6587034.0
WALCL,alfred_fed_balance_sheet_initial,2025-11-05,6572732.0
WALCL,alfred_fed_balance_sheet_initial,2025-11-12,6580462.0
WALCL,alfred_fed_balance_sheet_initial,2025-11-19,6555283.0
WALCL,alfred_fed_balance_sheet_initial,2025-11-26,6552419.0
WALCL,alfred_fed_balance_sheet_initial,2025-12-03,6535781.0
WALCL,alfred_fed_balance_sheet_initial,2025-12-10,6539303.0
WALCL,alfred_fed_balance_sheet_initial,2025-12-17,6556861.0
WALCL,alfred_fed_balance_sheet_initial,2025-12-24,6581231.0
WALCL,alfred_fed_balance_sheet_initial,2025-12-31,6640618.0
WALCL,alfred_fed_balance_sheet_initial,2026-01-07,6573602.0
WALCL,alfred_fed_balance_sheet_initial,2026-01-14,6581700.0
WALCL,alfred_fed_balance_sheet_initial,2026-01-21,6584580.0
WALCL,alfred_fed_balance_sheet_initial,2026-01-28,6587568.0
WALCL,alfred_fed_balance_sheet_initial,2026-02-04,6605909.0
WALCL,alfred_fed_balance_sheet_initial,2026-02-11,6622382.0
WALCL,alfred_fed_balance_sheet_initial,2026-02-18,6613395.0
WALCL,alfred_fed_balance_sheet_initial,2026-02-25,6613797.0
WALCL,alfred_fed_balance_sheet_initial,2026-03-04,6628894.0
WALCL,alfred_fed_balance_sheet_initial,2026-03-11,6646344.0
WALCL,alfred_fed_balance_sheet_initial,2026-03-18,6655939.0
WALCL,alfred_fed_balance_sheet_initial,2026-03-25,6657161.0
WALCL,alfred_fed_balance_sheet_initial,2026-04-01,6675344.0
WALCL,alfred_fed_balance_sheet_initial,2026-04-08,6693871.0
WALCL,alfred_fed_balance_sheet_initial,2026-04-15,6705696.0
WALCL,alfred_fed_balance_sheet_initial,2026-04-22,6707419.0
WALCL,alfred_fed_balance_sheet_initial,2026-04-29,6699950.0
WALCL,alfred_fed_balance_sheet_initial,2026-05-06,6709505.0
WALCL,alfred_fed_balance_sheet_initial,2026-05-13,6728502.0
WALCL,alfred_fed_balance_sheet_initial,2026-05-20,6713643.0
WALCL,alfred_fed_balance_sheet_initial,2026-05-27,6704383.0
WALCL,alfred_fed_balance_sheet_initial,2026-06-03,6711495.0
WALCL,alfred_fed_balance_sheet_initial,2026-06-10,6725397.0
WALCL,alfred_fed_balance_sheet_initial,2026-06-17,6736424.0
WALCL,alfred_fed_balance_sheet_initial,2026-06-24,6735645.0
WALCL,alfred_fed_balance_sheet_initial,2026-07-01,6724564.0
WALCL,alfred_fed_balance_sheet_initial,2026-07-08,6735609.0
WALCL,alfred_fed_balance_sheet_initial,2026-07-15,6743028.0
WALCL,alfred_fed_balance_sheet_initial,2026-07-22,6747378.0
WALCL,alfred_fed_balance_sheet_initial,2026-07-29,6738190.0
WALCL,alfred_fed_balance_sheet_initial,2026-08-05,6748567.0
WALCL,alfred_fed_balance_sheet_initial,2026-08-12,6759955.0
WALCL,alfred_fed_balance_sheet_initial,2026-08-19,6745699.0
WALCL,alfred_fed_balance_sheet_initial,2026-08-26,6730912.0
WALCL,alfred_fed_balance_sheet_initial,2026-09-02,6737204.0
WALCL,alfred_fed_balance_sheet_initial,2026-09-09,6740619.0
WTREGEN,alfred_tga_initial,2017-01-04,387989.0
WTREGEN,alfred_tga_initial,2017-01-11,372492.0
WTREGEN,alfred_tga_initial,2017-01-18,366090.0
WTREGEN,alfred_tga_initial,2017-01-25,390842.0
WTREGEN,alfred_tga_initial,2017-02-01,374841.0
WTREGEN,alfred_tga_initial,2017-02-08,305735.0
WTREGEN,alfred_tga_initial,2017-02-15,309919.0
WTREGEN,alfred_tga_initial,2017-02-22,258292.0
WTREGEN,alfred_tga_initial,2017-03-01,175496.0
WTREGEN,alfred_tga_initial,2017-03-08,88220.0
WTREGEN,alfred_tga_initial,2017-03-15,38579.0
WTREGEN,alfred_tga_initial,2017-03-22,70827.0
WTREGEN,alfred_tga_initial,2017-03-29,65187.0
WTREGEN,alfred_tga_initial,2017-04-05,89210.0
WTREGEN,alfred_tga_initial,2017-04-12,122218.0
WTREGEN,alfred_tga_initial,2017-04-19,164543.0
WTREGEN,alfred_tga_initial,2017-04-26,234219.0
WTREGEN,alfred_tga_initial,2017-05-03,244655.0
WTREGEN,alfred_tga_initial,2017-05-10,199013.0
WTREGEN,alfred_tga_initial,2017-05-17,186080.0
WTREGEN,alfred_tga_initial,2017-05-24,167165.0
WTREGEN,alfred_tga_initial,2017-05-31,170984.0
WTREGEN,alfred_tga_initial,2017-06-07,152444.0
WTREGEN,alfred_tga_initial,2017-06-14,153646.0
WTREGEN,alfred_tga_initial,2017-06-21,212275.0
WTREGEN,alfred_tga_initial,2017-06-28,208365.0
WTREGEN,alfred_tga_initial,2017-07-05,177006.0
WTREGEN,alfred_tga_initial,2017-07-12,171033.0
WTREGEN,alfred_tga_initial,2017-07-19,180400.0
WTREGEN,alfred_tga_initial,2017-07-26,191404.0
WTREGEN,alfred_tga_initial,2017-08-02,180348.0
WTREGEN,alfred_tga_initial,2017-08-09,149862.0
WTREGEN,alfred_tga_initial,2017-08-16,130954.0
WTREGEN,alfred_tga_initial,2017-08-23,82077.0
WTREGEN,alfred_tga_initial,2017-08-30,61057.0
WTREGEN,alfred_tga_initial,2017-09-06,37563.0
WTREGEN,alfred_tga_initial,2017-09-13,70232.0
WTREGEN,alfred_tga_initial,2017-09-20,127782.0
WTREGEN,alfred_tga_initial,2017-09-27,164652.0
WTREGEN,alfred_tga_initial,2017-10-04,160433.0
WTREGEN,alfred_tga_initial,2017-10-11,169766.0
WTREGEN,alfred_tga_initial,2017-10-18,178974.0
WTREGEN,alfred_tga_initial,2017-10-25,196332.0
WTREGEN,alfred_tga_initial,2017-11-01,193546.0
WTREGEN,alfred_tga_initial,2017-11-08,177780.0
WTREGEN,alfred_tga_initial,2017-11-15,174631.0
WTREGEN,alfred_tga_initial,2017-11-22,163579.0
WTREGEN,alfred_tga_initial,2017-11-29,172282.0
WTREGEN,alfred_tga_initial,2017-12-06,127586.0
WTREGEN,alfred_tga_initial,2017-12-13,76208.0
WTREGEN,alfred_tga_initial,2017-12-20,155612.0
WTREGEN,alfred_tga_initial,2017-12-27,190283.0
WTREGEN,alfred_tga_initial,2018-01-03,211566.0
WTREGEN,alfred_tga_initial,2018-01-10,206215.0
WTREGEN,alfred_tga_initial,2018-01-17,227665.0
WTREGEN,alfred_tga_initial,2018-01-24,269118.0
WTREGEN,alfred_tga_initial,2018-01-31,270244.0
WTREGEN,alfred_tga_initial,2018-02-07,203936.0
WTREGEN,alfred_tga_initial,2018-02-14,197681.0
WTREGEN,alfred_tga_initial,2018-02-21,214677.0
WTREGEN,alfred_tga_initial,2018-02-28,202620.0
WTREGEN,alfred_tga_initial,2018-03-07,195071.0
WTREGEN,alfred_tga_initial,2018-03-14,249929.0
WTREGEN,alfred_tga_initial,2018-03-21,316454.0
WTREGEN,alfred_tga_initial,2018-03-28,318858.0
WTREGEN,alfred_tga_initial,2018-04-04,303916.0
WTREGEN,alfred_tga_initial,2018-04-11,294083.0
WTREGEN,alfred_tga_initial,2018-04-18,275246.0
WTREGEN,alfred_tga_initial,2018-04-25,359599.0
WTREGEN,alfred_tga_initial,2018-05-02,399984.0
WTREGEN,alfred_tga_initial,2018-05-09,353741.0
WTREGEN,alfred_tga_initial,2018-05-16,337258.0
WTREGEN,alfred_tga_initial,2018-05-23,326445.0
WTREGEN,alfred_tga_initial,2018-05-30,325351.0
WTREGEN,alfred_tga_initial,2018-06-06,294069.0
WTREGEN,alfred_tga_initial,2018-06-13,281188.0
WTREGEN,alfred_tga_initial,2018-06-20,352777.0
WTREGEN,alfred_tga_initial,2018-06-27,373940.0
WTREGEN,alfred_tga_initial,2018-07-04,336026.0
WTREGEN,alfred_tga_initial,2018-07-11,326476.0
WTREGEN,alfred_tga_initial,2018-07-18,324457.0
WTREGEN,alfred_tga_initial,2018-07-25,348886.0
WTREGEN,alfred_tga_initial,2018-08-01,351523.0
WTREGEN,alfred_tga_initial,2018-08-08,326471.0
WTREGEN,alfred_tga_initial,2018-08-15,342799.0
WTREGEN,alfred_tga_initial,2018-08-22,348393.0
WTREGEN,alfred_tga_initial,2018-08-29,342543.0
WTREGEN,alfred_tga_initial,2018-09-05,323764.0
WTREGEN,alfred_tga_initial,2018-09-12,303654.0
WTREGEN,alfred_tga_initial,2018-09-19,335878.0
WTREGEN,alfred_tga_initial,2018-09-26,370031.0
WTREGEN,alfred_tga_initial,2018-10-03,368007.0
WTREGEN,alfred_tga_initial,2018-10-10,324721.0
WTREGEN,alfred_tga_initial,2018-10-17,332923.0
WTREGEN,alfred_tga_initial,2018-10-24,369576.0
WTREGEN,alfred_tga_initial,2018-10-31,373368.0
WTREGEN,alfred_tga_initial,2018-11-07,319984.0
WTREGEN,alfred_tga_initial,2018-11-14,341094.0
WTREGEN,alfred_tga_initial,2018-11-21,330202.0
WTREGEN,alfred_tga_initial,2018-11-28,340596.0
WTREGEN,alfred_tga_initial,2018-12-05,337564.0
WTREGEN,alfred_tga_initial,2018-12-12,334967.0
WTREGEN,alfred_tga_initial,2018-12-19,350714.0
WTREGEN,alfred_tga_initial,2018-12-26,374085.0
WTREGEN,alfred_tga_initial,2019-01-02,379902.0
WTREGEN,alfred_tga_initial,2019-01-09,356698.0
WTREGEN,alfred_tga_initial,2019-01-16,351180.0
WTREGEN,alfred_tga_initial,2019-01-23,389626.0
WTREGEN,alfred_tga_initial,2019-01-30,403276.0
WTREGEN,alfred_tga_initial,2019-02-06,352375.0
WTREGEN,alfred_tga_initial,2019-02-13,359109.0
WTREGEN,alfred_tga_initial,2019-02-20,333896.0
WTREGEN,alfred_tga_initial,2019-02-27,310574.0
WTREGEN,alfred_tga_initial,2019-03-06,220045.0
WTREGEN,alfred_tga_initial,2019-03-13,245972.0
WTREGEN,alfred_tga_initial,2019-03-20,303623.0
WTREGEN,alfred_tga_initial,2019-03-27,310868.0
WTREGEN,alfred_tga_initial,2019-04-03,310188.0
WTREGEN,alfred_tga_initial,2019-04-10,262617.0
WTREGEN,alfred_tga_initial,2019-04-17,285264.0
WTREGEN,alfred_tga_initial,2019-04-24,378602.0
WTREGEN,alfred_tga_initial,2019-05-01,400498.0
WTREGEN,alfred_tga_initial,2019-05-08,348357.0
WTREGEN,alfred_tga_initial,2019-05-15,323786.0
WTREGEN,alfred_tga_initial,2019-05-22,282864.0
WTREGEN,alfred_tga_initial,2019-05-29,247777.0
WTREGEN,alfred_tga_initial,2019-06-05,223638.0
WTREGEN,alfred_tga_initial,2019-06-12,187560.0
WTREGEN,alfred_tga_initial,2019-06-19,198398.0
WTREGEN,alfred_tga_initial,2019-06-26,248302.0
WTREGEN,alfred_tga_initial,2019-07-03,245306.0
WTREGEN,alfred_tga_initial,2019-07-10,211115.0
WTREGEN,alfred_tga_initial,2019-07-17,197005.0
WTREGEN,alfred_tga_initial,2019-07-24,193362.0
WTREGEN,alfred_tga_initial,2019-07-31,163763.0
WTREGEN,alfred_tga_initial,2019-08-07,131704.0
WTREGEN,alfred_tga_initial,2019-08-14,129957.0
WTREGEN,alfred_tga_initial,2019-08-21,125725.0
WTREGEN,alfred_tga_initial,2019-08-28,145957.0
WTREGEN,alfred_tga_initial,2019-09-04,148740.0
WTREGEN,alfred_tga_initial,2019-09-11,185342.0
WTREGEN,alfred_tga_initial,2019-09-18,250226.0
WTREGEN,alfred_tga_initial,2019-09-25,314189.0
WTREGEN,alfred_tga_initial,2019-10-02,335171.0
WTREGEN,alfred_tga_initial,2019-10-09,318191.0
WTREGEN,alfred_tga_initial,2019-10-16,324604.0
WTREGEN,alfred_tga_initial,2019-10-23,377985.0
WTREGEN,alfred_tga_initial,2019-10-30,389872.0
WTREGEN,alfred_tga_initial,2019-11-06,377029.0
WTREGEN,alfred_tga_initial,2019-11-13,381955.0
WTREGEN,alfred_tga_initial,2019-11-20,368813.0
WTREGEN,alfred_tga_initial,2019-11-27,360941.0
WTREGEN,alfred_tga_initial,2019-12-04,346971.0
WTREGEN,alfred_tga_initial,2019-12-11,326865.0
WTREGEN,alfred_tga_initial,2019-12-18,332592.0
WTREGEN,alfred_tga_initial,2019-12-25,367820.0
WTREGEN,alfred_tga_initial,2020-01-01,382553.0
WTREGEN,alfred_tga_initial,2020-01-08,367002.0
WTREGEN,alfred_tga_initial,2020-01-15,350987.0
WTREGEN,alfred_tga_initial,2020-01-22,403941.0
WTREGEN,alfred_tga_initial,2020-01-29,432061.0
WTREGEN,alfred_tga_initial,2020-02-05,413322.0
WTREGEN,alfred_tga_initial,2020-02-12,411237.0
WTREGEN,alfred_tga_initial,2020-02-19,428805.0
WTREGEN,alfred_tga_initial,2020-02-26,439365.0
WTREGEN,alfred_tga_initial,2020-03-04,374515.0
WTREGEN,alfred_tga_initial,2020-03-11,380556.0
WTREGEN,alfred_tga_initial,2020-03-18,362576.0
WTREGEN,alfred_tga_initial,2020-03-25,390252.0
WTREGEN,alfred_tga_initial,2020-04-01,429267.0
WTREGEN,alfred_tga_initial,2020-04-08,698578.0
WTREGEN,alfred_tga_initial,2020-04-15,889815.0
WTREGEN,alfred_tga_initial,2020-04-22,901331.0
WTREGEN,alfred_tga_initial,2020-04-29,997507.0
WTREGEN,alfred_tga_initial,2020-05-06,1127490.0
WTREGEN,alfred_tga_initial,2020-05-13,1177494.0
WTREGEN,alfred_tga_initial,2020-05-20,1194410.0
WTREGEN,alfred_tga_initial,2020-05-27,1310491.0
WTREGEN,alfred_tga_initial,2020-06-03,1434823.0
WTREGEN,alfred_tga_initial,2020-06-10,1506558.0
WTREGEN,alfred_tga_initial,2020-06-17,1560850.0
WTREGEN,alfred_tga_initial,2020-06-24,1623942.0
WTREGEN,alfred_tga_initial,2020-07-01,1657620.0
WTREGEN,alfred_tga_initial,2020-07-08,1653098.0
WTREGEN,alfred_tga_initial,2020-07-15,1655320.0
WTREGEN,alfred_tga_initial,2020-07-22,1804944.0
WTREGEN,alfred_tga_initial,2020-07-29,1816687.0
WTREGEN,alfred_tga_initial,2020-08-05,1745228.0
WTREGEN,alfred_tga_initial,2020-08-12,1669733.0
WTREGEN,alfred_tga_initial,2020-08-19,1643505.0
WTREGEN,alfred_tga_initial,2020-08-26,1622690.0
WTREGEN,alfred_tga_initial,2020-09-02,1639159.0
WTREGEN,alfred_tga_initial,2020-09-09,1611083.0
WTREGEN,alfred_tga_initial,2020-09-16,1614855.0
WTREGEN,alfred_tga_initial,2020-09-23,1680688.0
WTREGEN,alfred_tga_initial,2020-09-30,1679152.0
WTREGEN,alfred_tga_initial,2020-10-07,1697074.0
WTREGEN,alfred_tga_initial,2020-10-14,1680998.0
WTREGEN,alfred_tga_initial,2020-10-21,1724792.0
WTREGEN,alfred_tga_initial,2020-10-28,1680933.0
WTREGEN,alfred_tga_initial,2020-11-04,1621346.0
WTREGEN,alfred_tga_initial,2020-11-11,1600837.0
WTREGEN,alfred_tga_initial,2020-11-18,1556892.0
WTREGEN,alfred_tga_initial,2020-11-25,1517215.0
WTREGEN,alfred_tga_initial,2020-12-02,1531053.0
WTREGEN,alfred_tga_initial,2020-12-09,1534243.0
WTREGEN,alfred_tga_initial,2020-12-16,1529698.0
WTREGEN,alfred_tga_initial,2020-12-23,1602407.0
WTREGEN,alfred_tga_initial,2020-12-30,1591055.0
WTREGEN,alfred_tga_initial,2021-01-06,1669327.0
WTREGEN,alfred_tga_initial,2021-01-13,1589421.0
WTREGEN,alfred_tga_initial,2021-01-20,1626906.0
WTREGEN,alfred_tga_initial,2021-01-27,1633540.0
WTREGEN,alfred_tga_initial,2021-02-03,1625325.0
WTREGEN,alfred_tga_initial,2021-02-10,1608906.0
WTREGEN,alfred_tga_initial,2021-02-17,1567041.0
WTREGEN,alfred_tga_initial,2021-02-24,1529977.0
WTREGEN,alfred_tga_initial,2021-03-03,1429549.0
WTREGEN,alfred_tga_initial,2021-03-10,1360064.0
WTREGEN,alfred_tga_initial,2021-03-17,1272583.0
WTREGEN,alfred_tga_initial,2021-03-24,1061138.0
WTREGEN,alfred_tga_initial,2021-03-31,1025727.0
WTREGEN,alfred_tga_initial,2021-04-07,1010103.0
WTREGEN,alfred_tga_initial,2021-04-14,925094.0
WTREGEN,alfred_tga_initial,2021-04-21,1015902.0
WTREGEN,alfred_tga_initial,2021-04-28,967689.0
WTREGEN,alfred_tga_initial,2021-05-05,953689.0
WTREGEN,alfred_tga_initial,2021-05-12,898779.0
WTREGEN,alfred_tga_initial,2021-05-19,866119.0
WTREGEN,alfred_tga_initial,2021-05-26,812473.0
WTREGEN,alfred_tga_initial,2021-06-02,783235.0
WTREGEN,alfred_tga_initial,2021-06-09,730235.0
WTREGEN,alfred_tga_initial,2021-06-16,653889.0
WTREGEN,alfred_tga_initial,2021-06-23,734689.0
WTREGEN,alfred_tga_initial,2021-06-30,745962.0
WTREGEN,alfred_tga_initial,2021-07-07,753364.0
WTREGEN,alfred_tga_initial,2021-07-14,704918.0
WTREGEN,alfred_tga_initial,2021-07-21,678103.0
WTREGEN,alfred_tga_initial,2021-07-28,578204.0
WTREGEN,alfred_tga_initial,2021-08-04,492668.0
WTREGEN,alfred_tga_initial,2021-08-11,434919.0
WTREGEN,alfred_tga_initial,2021-08-18,338808.0
WTREGEN,alfred_tga_initial,2021-08-25,301430.0
WTREGEN,alfred_tga_initial,2021-09-01,277650.0
WTREGEN,alfred_tga_initial,2021-09-08,253496.0
WTREGEN,alfred_tga_initial,2021-09-15,230328.0
WTREGEN,alfred_tga_initial,2021-09-22,308022.0
WTREGEN,alfred_tga_initial,2021-09-29,197744.0
WTREGEN,alfred_tga_initial,2021-10-06,135582.0
WTREGEN,alfred_tga_initial,2021-10-13,77858.0
WTREGEN,alfred_tga_initial,2021-10-20,83386.0
WTREGEN,alfred_tga_initial,2021-10-27,213291.0
WTREGEN,alfred_tga_initial,2021-11-03,280205.0
WTREGEN,alfred_tga_initial,2021-11-10,259293.0
WTREGEN,alfred_tga_initial,2021-11-17,211453.0
WTREGEN,alfred_tga_initial,2021-11-24,164087.0
WTREGEN,alfred_tga_initial,2021-12-01,152651.0
WTREGEN,alfred_tga_initial,2021-12-08,115117.0
WTREGEN,alfred_tga_initial,2021-12-15,104798.0
WTREGEN,alfred_tga_initial,2021-12-22,84954.0
WTREGEN,alfred_tga_initial,2021-12-29,211849.0
WTREGEN,alfred_tga_initial,2022-01-05,389751.0
WTREGEN,alfred_tga_initial,2022-01-12,456401.0
WTREGEN,alfred_tga_initial,2022-01-19,488697.0
WTREGEN,alfred_tga_initial,2022-01-26,614877.0
WTREGEN,alfred_tga_initial,2022-02-02,675773.0
WTREGEN,alfred_tga_initial,2022-02-09,686384.0
WTREGEN,alfred_tga_initial,2022-02-16,692541.0
WTREGEN,alfred_tga_initial,2022-02-23,697838.0
WTREGEN,alfred_tga_initial,2022-03-02,682903.0
WTREGEN,alfred_tga_initial,2022-03-09,652039.0
WTREGEN,alfred_tga_initial,2022-03-16,570606.0
WTREGEN,alfred_tga_initial,2022-03-23,614616.0
WTREGEN,alfred_tga_initial,2022-03-30,575065.0
WTREGEN,alfred_tga_initial,2022-04-06,574451.0
WTREGEN,alfred_tga_initial,2022-04-13,547308.0
WTREGEN,alfred_tga_initial,2022-04-20,711406.0
WTREGEN,alfred_tga_initial,2022-04-27,944328.0
WTREGEN,alfred_tga_initial,2022-05-04,945478.0
WTREGEN,alfred_tga_initial,2022-05-11,945658.0
WTREGEN,alfred_tga_initial,2022-05-18,886964.0
WTREGEN,alfred_tga_initial,2022-05-25,821535.0
WTREGEN,alfred_tga_initial,2022-06-01,789532.0
WTREGEN,alfred_tga_initial,2022-06-08,723384.0
WTREGEN,alfred_tga_initial,2022-06-15,656870.0
WTREGEN,alfred_tga_initial,2022-06-22,758283.0
WTREGEN,alfred_tga_initial,2022-06-29,756627.0
WTREGEN,alfred_tga_initial,2022-07-06,700457.0
WTREGEN,alfred_tga_initial,2022-07-13,652572.0
WTREGEN,alfred_tga_initial,2022-07-20,613878.0
WTREGEN,alfred_tga_initial,2022-07-27,602945.0
WTREGEN,alfred_tga_initial,2022-08-03,594115.0
WTREGEN,alfred_tga_initial,2022-08-10,557265.0
WTREGEN,alfred_tga_initial,2022-08-17,545321.0
WTREGEN,alfred_tga_initial,2022-08-24,535267.0
WTREGEN,alfred_tga_initial,2022-08-31,612536.0
WTREGEN,alfred_tga_initial,2022-09-07,581295.0
WTREGEN,alfred_tga_initial,2022-09-14,593808.0
WTREGEN,alfred_tga_initial,2022-09-21,692496.0
WTREGEN,alfred_tga_initial,2022-09-28,689569.0
WTREGEN,alfred_tga_initial,2022-10-05,633939.0
WTREGEN,alfred_tga_initial,2022-10-12,608302.0
WTREGEN,alfred_tga_initial,2022-10-19,607199.0
WTREGEN,alfred_tga_initial,2022-10-26,634548.0
WTREGEN,alfred_tga_initial,2022-11-02,598544.0
WTREGEN,alfred_tga_initial,2022-11-09,527479.0
WTREGEN,alfred_tga_initial,2022-11-16,502982.0
WTREGEN,alfred_tga_initial,2022-11-23,479474.0
WTREGEN,alfred_tga_initial,2022-11-30,511474.0
WTREGEN,alfred_tga_initial,2022-12-07,432335.0
WTREGEN,alfred_tga_initial,2022-12-14,355517.0
WTREGEN,alfred_tga_initial,2022-12-21,459780.0
WTREGEN,alfred_tga_initial,2022-12-28,427926.0
WTREGEN,alfred_tga_initial,2023-01-04,423625.0
WTREGEN,alfred_tga_initial,2023-01-11,372340.0
WTREGEN,alfred_tga_initial,2023-01-18,339018.0
WTREGEN,alfred_tga_initial,2023-01-25,491848.0
WTREGEN,alfred_tga_initial,2023-02-01,560089.0
WTREGEN,alfred_tga_initial,2023-02-08,493277.0
WTREGEN,alfred_tga_initial,2023-02-15,490379.0
WTREGEN,alfred_tga_initial,2023-02-22,477333.0
WTREGEN,alfred_tga_initial,2023-03-01,381245.0
WTREGEN,alfred_tga_initial,2023-03-08,333350.0
WTREGEN,alfred_tga_initial,2023-03-15,232866.0
WTREGEN,alfred_tga_initial,2023-03-22,259587.0
WTREGEN,alfred_tga_initial,2023-03-29,183577.0
WTREGEN,alfred_tga_initial,2023-04-05,168793.0
WTREGEN,alfred_tga_initial,2023-04-12,109208.0
WTREGEN,alfred_tga_initial,2023-04-19,166555.0
WTREGEN,alfred_tga_initial,2023-04-26,291702.0
WTREGEN,alfred_tga_initial,2023-05-03,269216.0
WTREGEN,alfred_tga_initial,2023-05-10,197666.0
WTREGEN,alfred_tga_initial,2023-05-17,116220.0
WTREGEN,alfred_tga_initial,2023-05-24,61952.0
WTREGEN,alfred_tga_initial,2023-05-31,48954.0
WTREGEN,alfred_tga_initial,2023-06-07,44756.0
WTREGEN,alfred_tga_initial,2023-06-14,102118.0
WTREGEN,alfred_tga_initial,2023-06-21,276850.0
WTREGEN,alfred_tga_initial,2023-06-28,390571.0
WTREGEN,alfred_tga_initial,2023-07-05,415441.0
WTREGEN,alfred_tga_initial,2023-07-12,514337.0
WTREGEN,alfred_tga_initial,2023-07-19,531135.0
WTREGEN,alfred_tga_initial,2023-07-26,543597.0
WTREGEN,alfred_tga_initial,2023-08-02,517459.0
WTREGEN,alfred_tga_initial,2023-08-09,444594.0
WTREGEN,alfred_tga_initial,2023-08-16,435795.0
WTREGEN,alfred_tga_initial,2023-08-23,413787.0
WTREGEN,alfred_tga_initial,2023-08-30,470800.0
WTREGEN,alfred_tga_initial,2023-09-06,470881.0
WTREGEN,alfred_tga_initial,2023-09-13,521507.0
WTREGEN,alfred_tga_initial,2023-09-20,640296.0
WTREGEN,alfred_tga_initial,2023-09-27,681143.0
WTREGEN,alfred_tga_initial,2023-10-04,668009.0
WTREGEN,alfred_tga_initial,2023-10-11,709160.0
WTREGEN,alfred_tga_initial,2023-10-18,759878.0
WTREGEN,alfred_tga_initial,2023-10-25,834418.0
WTREGEN,alfred_tga_initial,2023-11-01,820487.0
WTREGEN,alfred_tga_initial,2023-11-08,772686.0
WTREGEN,alfred_tga_initial,2023-11-15,738562.0
WTREGEN,alfred_tga_initial,2023-11-22,706017.0
WTREGEN,alfred_tga_initial,2023-11-29,739209.0
WTREGEN,alfred_tga_initial,2023-12-06,682509.0
WTREGEN,alfred_tga_initial,2023-12-13,658440.0
WTREGEN,alfred_tga_initial,2023-12-20,732196.0
WTREGEN,alfred_tga_initial,2023-12-27,731405.0
WTREGEN,alfred_tga_initial,2024-01-03,758448.0
WTREGEN,alfred_tga_initial,2024-01-10,747565.0
WTREGEN,alfred_tga_initial,2024-01-17,748883.0
WTREGEN,alfred_tga_initial,2024-01-24,799358.0
WTREGEN,alfred_tga_initial,2024-01-31,841550.0
WTREGEN,alfred_tga_initial,2024-02-07,802135.0
WTREGEN,alfred_tga_initial,2024-02-14,838005.0
WTREGEN,alfred_tga_initial,2024-02-21,785465.0
WTREGEN,alfred_tga_initial,2024-02-28,785821.0
WTREGEN,alfred_tga_initial,2024-03-06,767733.0
WTREGEN,alfred_tga_initial,2024-03-13,768369.0
WTREGEN,alfred_tga_initial,2024-03-20,809298.0
WTREGEN,alfred_tga_initial,2024-03-27,802233.0
WTREGEN,alfred_tga_initial,2024-04-03,768651.0
WTREGEN,alfred_tga_initial,2024-04-10,704971.0
WTREGEN,alfred_tga_initial,2024-04-17,796535.0
WTREGEN,alfred_tga_initial,2024-04-24,941430.0
WTREGEN,alfred_tga_initial,2024-05-01,917177.0
WTREGEN,alfred_tga_initial,2024-05-08,851591.0
WTREGEN,alfred_tga_initial,2024-05-15,787133.0
WTREGEN,alfred_tga_initial,2024-05-22,725376.0
WTREGEN,alfred_tga_initial,2024-05-29,704335.0
WTREGEN,alfred_tga_initial,2024-06-05,710309.0
WTREGEN,alfred_tga_initial,2024-06-12,673573.0
WTREGEN,alfred_tga_initial,2024-06-19,723410.0
WTREGEN,alfred_tga_initial,2024-06-26,765417.0
WTREGEN,alfred_tga_initial,2024-07-03,761373.0
WTREGEN,alfred_tga_initial,2024-07-10,736402.0
WTREGEN,alfred_tga_initial,2024-07-17,751593.0
WTREGEN,alfred_tga_initial,2024-07-24,774315.0
WTREGEN,alfred_tga_initial,2024-07-31,786486.0
WTREGEN,alfred_tga_initial,2024-08-07,770931.0
WTREGEN,alfred_tga_initial,2024-08-14,794120.0
WTREGEN,alfred_tga_initial,2024-08-21,736494.0
WTREGEN,alfred_tga_initial,2024-08-28,745851.0
WTREGEN,alfred_tga_initial,2024-09-04,733959.0
WTREGEN,alfred_tga_initial,2024-09-11,755958.0
WTREGEN,alfred_tga_initial,2024-09-18,771194.0
WTREGEN,alfred_tga_initial,2024-09-25,806771.0
WTREGEN,alfred_tga_initial,2024-10-02,798277.0
WTREGEN,alfred_tga_initial,2024-10-09,802115.0
WTREGEN,alfred_tga_initial,2024-10-16,791792.0
WTREGEN,alfred_tga_initial,2024-10-23,829991.0
WTREGEN,alfred_tga_initial,2024-10-30,835237.0
WTREGEN,alfred_tga_initial,2024-11-06,842051.0
WTREGEN,alfred_tga_initial,2024-11-13,832186.0
WTREGEN,alfred_tga_initial,2024-11-20,751873.0
WTREGEN,alfred_tga_initial,2024-11-27,775250.0
WTREGEN,alfred_tga_initial,2024-12-04,789516.0
WTREGEN,alfred_tga_initial,2024-12-11,775067.0
WTREGEN,alfred_tga_initial,2024-12-18,767932.0
WTREGEN,alfred_tga_initial,2024-12-25,764770.0
WTREGEN,alfred_tga_initial,2025-01-01,719873.0
WTREGEN,alfred_tga_initial,2025-01-08,652636.0
WTREGEN,alfred_tga_initial,2025-01-15,641225.0
WTREGEN,alfred_tga_initial,2025-01-22,677282.0
WTREGEN,alfred_tga_initial,2025-01-29,784206.0
WTREGEN,alfred_tga_initial,2025-02-05,805593.0
WTREGEN,alfred_tga_initial,2025-02-12,828102.0
WTREGEN,alfred_tga_initial,2025-02-19,790062.0
WTREGEN,alfred_tga_initial,2025-02-26,681161.0
WTREGEN,alfred_tga_initial,2025-03-05,548331.0
WTREGEN,alfred_tga_initial,2025-03-12,512581.0
WTREGEN,alfred_tga_initial,2025-03-19,435936.0
WTREGEN,alfred_tga_initial,2025-03-26,360177.0
WTREGEN,alfred_tga_initial,2025-04-02,313326.0
WTREGEN,alfred_tga_initial,2025-04-09,306049.0
WTREGEN,alfred_tga_initial,2025-04-16,422983.0
WTREGEN,alfred_tga_initial,2025-04-23,606632.0
WTREGEN,alfred_tga_initial,2025-04-30,595741.0
WTREGEN,alfred_tga_initial,2025-05-07,583727.0
WTREGEN,alfred_tga_initial,2025-05-14,575846.0
WTREGEN,alfred_tga_initial,2025-05-21,503055.0
WTREGEN,alfred_tga_initial,2025-05-28,467204.0
WTREGEN,alfred_tga_initial,2025-06-04,378947.0
WTREGEN,alfred_tga_initial,2025-06-11,332907.0
WTREGEN,alfred_tga_initial,2025-06-18,337762.0
WTREGEN,alfred_tga_initial,2025-06-25,364375.0
WTREGEN,alfred_tga_initial,2025-07-02,359516.0
WTREGEN,alfred_tga_initial,2025-07-09,319889.0
WTREGEN,alfred_tga_initial,2025-07-16,296247.0
WTREGEN,alfred_tga_initial,2025-07-23,323176.0
WTREGEN,alfred_tga_initial,2025-07-30,370507.0
WTREGEN,alfred_tga_initial,2025-08-06,421043.0
WTREGEN,alfred_tga_initial,2025-08-13,504304.0
WTREGEN,alfred_tga_initial,2025-08-20,519534.0
WTREGEN,alfred_tga_initial,2025-08-27,589998.0
WTREGEN,alfred_tga_initial,2025-09-03,597513.0
WTREGEN,alfred_tga_initial,2025-09-10,672274.0
WTREGEN,alfred_tga_initial,2025-09-17,756376.0
WTREGEN,alfred_tga_initial,2025-09-24,804856.0
WTREGEN,alfred_tga_initial,2025-10-01,805139.0
WTREGEN,alfred_tga_initial,2025-10-08,807428.0
WTREGEN,alfred_tga_initial,2025-10-15,809593.0
WTREGEN,alfred_tga_initial,2025-10-22,908001.0
WTREGEN,alfred_tga_initial,2025-10-29,957990.0
WTREGEN,alfred_tga_initial,2025-11-05,940979.0
WTREGEN,alfred_tga_initial,2025-11-12,953816.0
WTREGEN,alfred_tga_initial,2025-11-19,941926.0
WTREGEN,alfred_tga_initial,2025-11-26,903394.0
WTREGEN,alfred_tga_initial,2025-12-03,937167.0
WTREGEN,alfred_tga_initial,2025-12-10,858946.0
WTREGEN,alfred_tga_initial,2025-12-17,833093.0
WTREGEN,alfred_tga_initial,2025-12-24,837120.0
WTREGEN,alfred_tga_initial,2025-12-31,837306.0
WTREGEN,alfred_tga_initial,2026-01-07,796148.0
WTREGEN,alfred_tga_initial,2026-01-14,779175.0
WTREGEN,alfred_tga_initial,2026-01-21,869261.0
WTREGEN,alfred_tga_initial,2026-01-28,923042.0
WTREGEN,alfred_tga_initial,2026-02-04,908773.0
WTREGEN,alfred_tga_initial,2026-02-11,915306.0
WTREGEN,alfred_tga_initial,2026-02-18,912727.0
WTREGEN,alfred_tga_initial,2026-02-25,887612.0
WTREGEN,alfred_tga_initial,2026-03-04,832053.0
WTREGEN,alfred_tga_initial,2026-03-11,838186.0
WTREGEN,alfred_tga_initial,2026-03-18,853052.0
WTREGEN,alfred_tga_initial,2026-03-25,874077.0
WTREGEN,alfred_tga_initial,2026-04-01,847718.0
WTREGEN,alfred_tga_initial,2026-04-08,748376.0
WTREGEN,alfred_tga_initial,2026-04-15,751354.0
WTREGEN,alfred_tga_initial,2026-04-22,1005968.0
WTREGEN,alfred_tga_initial,2026-04-29,981929.0
WTREGEN,alfred_tga_initial,2026-05-06,877761.0
WTREGEN,alfred_tga_initial,2026-05-13,838584.0
WTREGEN,alfred_tga_initial,2026-05-20,781293.0
WTREGEN,alfred_tga_initial,2026-05-27,830296.0
WTREGEN,alfred_tga_initial,2026-06-03,875713.0
WTREGEN,alfred_tga_initial,2026-06-10,828122.0
WTREGEN,alfred_tga_initial,2026-06-17,880713.0
WTREGEN,alfred_tga_initial,2026-06-24,918696.0
WTREGEN,alfred_tga_initial,2026-07-01,880237.0
WTREGEN,alfred_tga_initial,2026-07-08,774062.0
WTREGEN,alfred_tga_initial,2026-07-15,756218.0
WTREGEN,alfred_tga_initial,2026-07-22,829623.0
WTREGEN,alfred_tga_initial,2026-07-29,910776.0
WTREGEN,alfred_tga_initial,2026-08-05,907324.0
WTREGEN,alfred_tga_initial,2026-08-12,963950.0
WTREGEN,alfred_tga_initial,2026-08-19,953612.0
WTREGEN,alfred_tga_initial,2026-08-26,950736.0
WTREGEN,alfred_tga_initial,2026-09-02,967935.0
WTREGEN,alfred_tga_initial,2026-09-09,883335.0
