date,hyperliquid_eth_funding_rate_mean,hyperliquid_eth_funding_rate_last,hyperliquid_eth_funding_observations,hyperliquid_eth_premium_mean,hyperliquid_eth_premium_last,hyperliquid_eth_open_interest_native_snapshot,hyperliquid_eth_funding_rate_snapshot,hyperliquid_eth_premium_snapshot,hyperliquid_eth_mark_price,hyperliquid_eth_oracle_price,hyperliquid_eth_mid_price,hyperliquid_eth_day_notional_volume_usd,hyperliquid_eth_funding_7d_mean,hyperliquid_eth_funding_z30,hyperliquid_eth_premium_7d_mean,hyperliquid_eth_oi_log_change_1d
2023-05-12 00:00:00+00:00,8.8763e-05,0.0001,3.0,-0.00019128006666666668,-0.0001401292,,,,,,,,,,,
2023-05-13 00:00:00+00:00,0.0001,0.0001,3.0,6.912256666666667e-05,4.15719e-05,,,,,,,,,,,
2023-05-14 00:00:00+00:00,-0.00036697756666666665,-0.0004147689,3.0,-0.0006669775666666667,-0.0007147689,,,,,,,,,,,
2023-05-15 00:00:00+00:00,-0.0003690676333333333,-0.0003625061,3.0,-0.0006690676333333333,-0.0006625061,,,,,,,,-0.00013682054999999998,,-0.00036455067500000007,
2023-05-16 00:00:00+00:00,-0.0002763092,-0.0001126396,3.0,-0.0005763092000000001,-0.0004126396,,,,,,,,-0.00016471828,,-0.00040690238,
2023-05-17 00:00:00+00:00,-3.7685033333333336e-05,0.0001,3.0,-0.00033114313333333336,-0.0001803743,,,,,,,,-0.00014354607222222222,,-0.0003942758388888889,
2023-05-18 00:00:00+00:00,0.0001,0.0001,3.0,5.423489999999999e-05,3.72203e-05,,,,,,,,-0.00010875377619047618,,-0.0003302028761904763,
2023-05-19 00:00:00+00:00,0.0001,0.0001,3.0,8.430633333333334e-05,5.67869e-05,,,,,,,,-0.00010714849047619049,,-0.0002908333904761905,
2023-05-20 00:00:00+00:00,8.619543333333332e-05,5.87685e-05,3.0,-0.0001906434,-0.0002412315,,,,,,,,-0.00010912057142857142,,-0.00032794281428571434,
2023-05-21 00:00:00+00:00,6.79335e-05,0.0001,3.0,-0.00022862183333333336,-0.000189666,,,,,,,,-4.699041904761904e-05,,-0.0002653205666666667,
2023-05-22 00:00:00+00:00,9.60405e-05,0.0001,3.0,-0.00013443129999999998,-0.0001007577,,,,,,,,1.94536e-05,,-0.00018894394761904767,
2023-05-23 00:00:00+00:00,-0.00039518366666666666,-0.0007369307,3.0,-0.0006951836666666666,-0.0010369307,,,,,,,,2.471533333333334e-06,,-0.0002059260142857143,
2023-05-24 00:00:00+00:00,-0.0006319485666666666,-0.0005566751,3.0,-0.0009319485666666668,-0.0008566751,,,,,,,,-8.242325714285713e-05,,-0.00029175536190476195,
2023-05-25 00:00:00+00:00,-0.0003164924,-0.000165342,3.0,-0.0006164924,-0.000465342,,,,,,,,-0.00014192217142857143,,-0.00038757354761904765,
2023-05-26 00:00:00+00:00,-0.00022687393333333333,-0.0003017605,3.0,-0.0005268739333333333,-0.0006017605,,,,,,,,-0.00018861844761904764,-0.3838838505465076,-0.00047488501428571424,
2023-05-27 00:00:00+00:00,-0.000351601,-0.0003522113,3.0,-0.0006516009999999999,-0.0006522113,,,,,,,,-0.0002511607952380952,-0.8408471818834762,-0.0005407360999999999,
2023-05-28 00:00:00+00:00,-0.0003518114,-0.0003246975,3.0,-0.0006518114,-0.0006246975,,,,,,,,-0.0003111243523809524,-0.8005747004763981,-0.0006011917523809524,
2023-05-29 00:00:00+00:00,-4.2548e-05,1.27672e-05,3.0,-0.00032570790000000004,-0.0002872328,,,,,,,,-0.00033092270952380954,0.46081537238553105,-0.000628516980952381,
2023-05-30 00:00:00+00:00,-0.00012351016666666668,-0.0001256154,3.0,-0.0004235101666666666,-0.0004256154,,,,,,,,-0.0002921122095238095,0.11545566010497935,-0.000589706480952381,
2023-05-31 00:00:00+00:00,-5.0671600000000005e-05,0.0001,3.0,-0.00035049366666666665,-0.0001994662,,,,,,,,-0.00020907264285714285,0.41981972062089884,-0.0005066414952380952,
2023-06-01 00:00:00+00:00,0.0001,0.0001,3.0,0.00012208963333333332,0.0002440231,,,,,,,,-0.00014957372857142857,1.0345023020502655,-0.00040112977619047617,
2023-06-02 00:00:00+00:00,0.0001,0.0001,3.0,0.0001230977,7.19857e-05,,,,,,,,-0.00010287745238095238,0.9869731937927596,-0.00030827668571428577,
2023-06-03 00:00:00+00:00,0.0001,0.0001,3.0,1.69368e-05,-8.52622e-05,,,,,,,,-3.8363023809523816e-05,0.9455288148219004,-0.00021277128571428575,
2023-06-04 00:00:00+00:00,0.0001,0.0001,3.0,-6.38615e-05,-5.32402e-05,,,,,,,,2.6181461904761905e-05,0.9089663720287052,-0.00012877844285714288,
2023-06-05 00:00:00+00:00,0.0001,0.0001,3.0,-4.5663133333333327e-05,3.50596e-05,,,,,,,,4.6545461904761905e-05,0.8763922062997272,-8.877204761904762e-05,
2023-06-06 00:00:00+00:00,0.00034996173333333333,0.0007230584,3.0,0.0005745323,0.0010230584,,,,,,,,0.00011418430476190476,1.8171757262677624,5.3805447619047606e-05,
2023-06-07 00:00:00+00:00,0.00042069983333333335,0.0003570664,3.0,0.0007206998333333333,0.0006570664,,,,,,,,0.00018152308095238095,1.9197691482825745,0.00020683309047619044,
2023-06-08 00:00:00+00:00,8.212344166666666e-05,4.12588e-05,24.0,0.0007743507333333333,0.0006300706,,,,,,,,0.0001789692869047619,0.5555640392955834,0.0003000132476190476,
2023-06-09 00:00:00+00:00,6.064325833333333e-05,8.01733e-05,24.0,0.0007851460791666667,0.0009413867,,,,,,,,0.00017334689523809525,0.4590798996534643,0.0003945915875,
2023-06-10 00:00:00+00:00,4.7710270833333335e-05,1.4406e-05,24.0,0.0006708968750000001,0.000415248,,,,,,,,0.00016587693392857146,0.3983323579742596,0.0004880144553571429,
2023-06-11 00:00:00+00:00,3.2026762500000004e-05,4.58039e-05,24.0,0.0005562140666666666,0.0006664309,,,,,,,,0.00015616647142857143,0.34221300610789884,0.0005765966791666667,
2023-06-12 00:00:00+00:00,4.1526208333333334e-05,4.48308e-05,24.0,0.0006322096458333333,0.0006586463,,,,,,,,0.0001478130726190476,0.39170718044931485,0.0006734356476190477,
2023-06-13 00:00:00+00:00,7.08780625e-05,7.64483e-05,24.0,0.00086702445,0.0009115862,,,,,,,,0.00010794397678571429,0.46661170699668647,0.0007152202404761904,
2023-06-14 00:00:00+00:00,7.356627916666666e-05,3.18099e-05,24.0,0.0008885302708333333,0.0005544793,,,,,,,,5.8353469047619045e-05,0.42917156473400203,0.0007391960172619048,
2023-06-15 00:00:00+00:00,3.68958e-05,1.25e-05,24.0,0.0005885671083333333,0.0003129075,,,,,,,,5.1892377380952385e-05,0.22372456169849458,0.0007126554994047619,
2023-06-16 00:00:00+00:00,3.3562775e-05,5.52898e-05,24.0,0.00039910452916666665,0.0004423181,,,,,,,,4.8023736904761906e-05,0.19755602255925447,0.0006575067065476191,
2023-06-17 00:00:00+00:00,3.63916e-05,6.8608e-06,24.0,0.000291132825,5.48863e-05,,,,,,,,4.6406783928571426e-05,0.22095734150005242,0.0006032546994047619,
2023-06-18 00:00:00+00:00,6.9583e-06,1.25878e-05,24.0,5.566643333333333e-05,0.0001007025,,,,,,,,4.2825575e-05,0.10072149238637997,0.000531747894642857,
2023-06-19 00:00:00+00:00,1.7355575e-05,4.8141e-06,24.0,0.00013884454166666668,3.85128e-05,,,,,,,,3.937262738095238e-05,0.15970421423608347,0.00046126716547619044,
2023-06-20 00:00:00+00:00,6.534879166666667e-06,5.6606e-06,24.0,5.227901666666666e-05,4.5285e-05,,,,,,,,3.0180744047619048e-05,0.1194675901603106,0.0003448749607142857,
2023-06-21 00:00:00+00:00,1.6152375e-05,3.88574e-05,24.0,0.00012921907083333334,0.0003108588,,,,,,,,2.197875773809524e-05,0.17715094415104218,0.0002364019321428571,
2023-06-22 00:00:00+00:00,3.9107191666666666e-05,3.20006e-05,24.0,0.00031285749583333337,0.0002560047,,,,,,,,2.2294670833333334e-05,0.2290701916167547,0.00019701484464285714,
2023-06-23 00:00:00+00:00,3.637750416666667e-05,4.13215e-05,24.0,0.00029102002499999997,0.000330572,,,,,,,,2.2696775e-05,0.13014980708228893,0.0001815742011904762,
2023-06-24 00:00:00+00:00,3.675885e-05,2.56017e-05,24.0,0.00029407072916666667,0.0002048137,,,,,,,,2.2749239285714285e-05,0.06623327342978196,0.00018199390178571428,
2023-06-25 00:00:00+00:00,5.34784625e-05,6.56353e-05,24.0,0.00042782770416666664,0.0005250826,,,,,,,,2.9394976785714287e-05,0.12033882693837053,0.0002351597976190476,
2023-06-26 00:00:00+00:00,5.7918283333333334e-05,5.1152e-05,24.0,0.0004633462041666667,0.0004092157,,,,,,,,3.518964940476191e-05,0.06603720159493617,0.00028151717797619043,
2023-06-27 00:00:00+00:00,6.21712875e-05,6.69585e-05,24.0,0.0004973703333333333,0.0005356684,,,,,,,,4.313770773809524e-05,-0.012244179346778473,0.00034510165178571427,
2023-06-28 00:00:00+00:00,6.12273e-05,4.2783e-05,24.0,0.0004898183875,0.000342264,,,,,,,,4.957698273809524e-05,-0.057180780783939844,0.00039661583988095234,
2023-06-29 00:00:00+00:00,5.2134558333333335e-05,3.71369e-05,24.0,0.00041707639583333334,0.0002970952,,,,,,,,5.1438035119047615e-05,-0.2241519163443131,0.00041150425416666665,
2023-06-30 00:00:00+00:00,7.46259e-05,6.06732e-05,24.0,0.0005970071166666667,0.0004853853,,,,,,,,5.690209166666667e-05,-0.025524784343868092,0.0004552166958333333,
2023-07-01 00:00:00+00:00,5.2102425e-05,4.8733e-05,24.0,0.0004168194208333333,0.0003898643,,,,,,,,5.909403095238095e-05,-0.261145846741092,0.00047275222321428565,
2023-07-02 00:00:00+00:00,6.063697391304348e-05,0.0002001279,23.0,0.00048509584347826087,0.0016010235,,,,,,,,6.0116675439958594e-05,-0.15042690180145243,0.00048093338597308483,
2023-07-03 00:00:00+00:00,9.597827500000001e-05,7.18551e-05,24.0,0.0007678261749999999,0.0005748409,,,,,,,,6.555381710662527e-05,0.2494960526042668,0.0005244305246635611,
2023-07-04 00:00:00+00:00,7.945309166666668e-05,3.22074e-05,24.0,0.0006356246958333333,0.0002576589,,,,,,,,6.802264627329193e-05,0.07099967634220845,0.0005441811478778467,
2023-07-05 00:00:00+00:00,3.50702875e-05,4.0575e-05,24.0,0.0002805623458333333,0.0003245997,,,,,,,,6.428593020186336e-05,-0.40518741504616324,0.0005142874276397515,
2023-07-06 00:00:00+00:00,3.31798e-05,1.67066e-05,24.0,0.0002654384708333333,0.0001336531,,,,,,,,6.157810758281574e-05,-0.38121400206976214,0.0004926248669254658,
2023-07-07 00:00:00+00:00,2.81134875e-05,2.57838e-05,24.0,0.00022490797083333334,0.0002062707,,,,,,,,5.493347722567288e-05,-0.8625946216059693,0.00043946784609213247,
2023-07-08 00:00:00+00:00,1.74690375e-05,2.35649e-05,24.0,0.00013975233333333333,0.0001885194,,,,,,,,4.99858504399586e-05,-1.26323667062027,0.00039988683359213245,
2023-07-09 00:00:00+00:00,2.8346245833333334e-05,3.39504e-05,24.0,0.00022676992083333334,0.0002716031,,,,,,,,4.5372889285714287e-05,-0.7184285901899513,0.0003629831303571428,
2023-07-10 00:00:00+00:00,3.5603620833333335e-05,5.42377e-05,24.0,0.0002848289833333333,0.0004339019,,,,,,,,3.674793869047619e-05,-0.36886229471938115,0.00029398353154761907,
2023-07-11 00:00:00+00:00,2.5933775e-05,2.83615e-05,24.0,0.00020747027499999998,0.0002268923,,,,,,,,2.9102322023809528e-05,-0.7940640513890497,0.00023281861428571423,
2023-07-12 00:00:00+00:00,1.8494329166666668e-05,-4.4761e-06,24.0,0.00014795465,-3.58086e-05,,,,,,,,2.6734327976190476e-05,-1.0727962320450737,0.0002138746577380952,
2023-07-13 00:00:00+00:00,7.367841666666666e-06,-3.76757e-05,24.0,5.894271666666667e-05,-0.0003014055,,,,,,,,2.3046905357142858e-05,-1.4553631222930763,0.00018437526428571427,
2023-07-14 00:00:00+00:00,3.0443566666666668e-05,-1.0255e-05,24.0,0.00024354855,-8.20397e-05,,,,,,,,2.337977380952381e-05,-0.3967772601996196,0.00018703820416666664,
2023-07-15 00:00:00+00:00,1.0927762500000001e-05,1.25e-05,24.0,1.81777625e-05,-0.0001600233,,,,,,,,2.2445305952380953e-05,-1.209742462859944,0.0001696704083333333,
2023-07-16 00:00:00+00:00,1.13752e-05,1.25e-05,24.0,-9.282452916666667e-05,-9.72705e-05,,,,,,,,2.0020870833333336e-05,-1.1314941460437364,0.00012401405833333332,
2023-07-17 00:00:00+00:00,1.25e-05,1.25e-05,24.0,9.006883333333333e-06,0.0002489059,,,,,,,,1.672035357142857e-05,-1.0286397280990165,8.461090119047616e-05,
2023-07-18 00:00:00+00:00,1.25e-05,1.25e-05,24.0,8.520924166666666e-05,-0.0001563155,,,,,,,,1.4801242857142858e-05,-1.0462414581401782,6.714503928571426e-05,
2023-07-19 00:00:00+00:00,8.893920833333334e-06,-1.6697e-06,24.0,-0.0001987773083333333,-0.0003133579,,,,,,,,1.3429755952380954e-05,-1.1735764035700018,1.761190238095235e-05,
2023-07-20 00:00:00+00:00,4.0939625e-06,8.2669e-06,24.0,-0.0002529759625,-0.0002338647,,,,,,,,1.296205892857143e-05,-1.3663503714889114,-2.694790892857146e-05,
2023-07-21 00:00:00+00:00,4.181208333333333e-06,8.6474e-06,24.0,-0.00026639509583333335,-0.000230821,,,,,,,,9.210293452380952e-06,-1.3208915614887662,-9.979700119047622e-05,
2023-07-22 00:00:00+00:00,-2.9038875000000002e-06,-9.3339e-06,24.0,-0.00032323108333333334,-0.0003746715,,,,,,,,7.234343452380953e-06,-1.4925929915090426,-0.00014856969345238097,
2023-07-23 00:00:00+00:00,-5.134729166666667e-06,3.985e-07,24.0,-0.0003396648291666667,-0.0002968121,,,,,,,,4.875782142857143e-06,-1.4665062831985094,-0.000183832593452381,
2023-07-24 00:00:00+00:00,1.3726708333333335e-06,7.2077e-06,24.0,-0.00028003147083333334,-0.0002423383,,,,,,,,3.2861636904761907e-06,-1.146664407838605,-0.00022512378690476195,
2023-07-25 00:00:00+00:00,9.100741666666668e-06,1.25e-05,24.0,-0.000209755275,-0.000169377,,,,,,,,2.8005553571428573e-06,-0.8043823490225336,-0.000267261575,
2023-07-26 00:00:00+00:00,7.030741666666666e-06,1.069e-05,24.0,-0.000236274675,-0.00021448,,,,,,,,2.5343869047619046e-06,-0.8233458781517106,-0.0002726183416666667,
2023-07-27 00:00:00+00:00,5.766279166666667e-06,4.129e-07,24.0,-0.0002516038791666667,-0.0002966968,,,,,,,,2.7732892857142857e-06,-0.8133239160772745,-0.00027242232976190477,
2023-07-28 00:00:00+00:00,4.357454166666667e-06,1.20699e-05,24.0,-0.00026434179583333334,-0.0002034406,,,,,,,,2.7984672619047617e-06,-0.8099602131705018,-0.00027212900119047623,
2023-07-29 00:00:00+00:00,1.9608625e-06,1.06932e-05,24.0,-0.000282594475,-0.0002144543,,,,,,,,3.4934315476190473e-06,-0.8436246873585469,-0.00026632377142857147,
2023-07-30 00:00:00+00:00,-2.8934166666666663e-07,8.79e-06,24.0,-0.0003007643125,-0.0002296799,,,,,,,,4.185629761904762e-06,-0.886958573562471,-0.0002607665547619048,
2023-07-31 00:00:00+00:00,2.959133333333333e-06,5.2e-07,24.0,-0.00027616071666666667,-0.0002958398,,,,,,,,4.412267261904762e-06,-0.6994449273966832,-0.00026021358988095243,
2023-08-01 00:00:00+00:00,9.825666666666668e-06,1.25e-05,24.0,-0.00015461476666666667,-1.67216e-05,,,,,,,,4.515827976190476e-06,-0.35635011195142613,-0.00025233637440476195,
2023-08-02 00:00:00+00:00,1.25e-05,1.25e-05,24.0,-5.3692575e-05,1.4022e-05,,,,,,,,5.297150595238095e-06,-0.1496269521016764,-0.00022625321726190483,
2023-08-03 00:00:00+00:00,1.25e-05,1.25e-05,24.0,-5.7952466666666664e-05,-0.0001830978,,,,,,,,6.259110714285715e-06,-0.024523226540799276,-0.0001985887297619048,
2023-08-04 00:00:00+00:00,6.051491666666667e-06,2.1651e-06,24.0,-0.0002440222375,-0.0002826789,,,,,,,,6.501116071428571e-06,-0.530331419912107,-0.00019568593571428573,
2023-08-05 00:00:00+00:00,9.912116666666668e-06,7.8853e-06,24.0,-0.0001909053833333333,-0.0002369174,,,,,,,,7.637009523809524e-06,-0.11186827727642651,-0.00018258749404761906,
2023-08-06 00:00:00+00:00,7.868529166666667e-06,9.9797e-06,24.0,-0.0002238351666666667,-0.0002201621,,,,,,,,8.802419642857144e-06,-0.2607642629219488,-0.0001715976160714286,
2023-08-07 00:00:00+00:00,9.606433333333333e-06,1.08319e-05,24.0,-0.00019176983333333336,-0.0002133446,,,,,,,,9.75203392857143e-06,-0.05253595542910285,-0.00015954177559523815,
2023-08-08 00:00:00+00:00,1.2220454166666667e-05,1.25e-05,24.0,-0.00013300400833333333,-8.0424e-05,,,,,,,,1.0094146428571429e-05,0.29966200110284613,-0.00015645452440476193,
2023-08-09 00:00:00+00:00,1.0498266666666667e-05,1.07187e-05,24.0,-0.00019055488333333335,-0.0002142506,,,,,,,,9.808184523809523e-06,0.23985864598943596,-0.0001760062827380953,
2023-08-10 00:00:00+00:00,1.2393866666666668e-05,1.25e-05,24.0,-0.00016494970416666666,-0.0001883516,,,,,,,,9.793022619047619e-06,0.6177575146124006,-0.0001912916023809524,
2023-08-11 00:00:00+00:00,1.09371375e-05,1.25e-05,24.0,-0.00018880062083333335,-6.56972e-05,,,,,,,,1.0490972023809524e-05,0.45475392698164185,-0.00018340280000000005,
2023-08-12 00:00:00+00:00,1.1701933333333332e-05,1.25e-05,24.0,-0.0001519822,-0.0001675059,,,,,,,,1.074666011904762e-05,0.5488296265648847,-0.0001778423452380953,
2023-08-13 00:00:00+00:00,1.1637883333333334e-05,1.25e-05,24.0,-0.00014745922916666667,-6.98419e-05,,,,,,,,1.1285139285714284e-05,0.8307020419161415,-0.00016693149702380958,
2023-08-14 00:00:00+00:00,8.208904166666666e-06,9.4012e-06,24.0,-0.00021233985000000002,-0.0002247905,,,,,,,,1.1085492261904761e-05,0.15440384289240605,-0.0001698700708333334,
2023-08-15 00:00:00+00:00,8.421845833333334e-06,1.25e-05,24.0,-0.00022333640416666666,-0.0001762682,,,,,,,,1.0542833928571429e-05,0.2204686927678072,-0.00018277469880952386,
2023-08-16 00:00:00+00:00,9.902229166666667e-06,1.02753e-05,24.0,-0.0001897963875,-0.0002177973,,,,,,,,1.0457685714285714e-05,0.5528283056054988,-0.00018266634226190477,
2023-08-17 00:00:00+00:00,-8.8993125e-06,1.25e-05,24.0,-0.00035446371666666667,-7.17201e-05,,,,,,,,7.4158029761904765e-06,-2.8109944303112737,-0.00020973977261904767,
2023-08-18 00:00:00+00:00,-3.4123058333333334e-05,-4.99741e-05,24.0,-0.0005616870500000001,-0.0006997931,,,,,,,,9.786321428571429e-07,-4.257344818252224,-0.0002630092625,
2023-08-19 00:00:00+00:00,-4.325970416666666e-05,-3.91863e-05,24.0,-0.0006460776124999999,-0.0006134907,,,,,,,,-6.873030357142856e-06,-3.6650342712045085,-0.0003335943214285714,
2023-08-20 00:00:00+00:00,-3.82742e-05,-4.02824e-05,24.0,-0.0006061936416666666,-0.0006222588,,,,,,,,-1.4003327976190475e-05,-2.715969389160198,-0.0003991278089285715,
2023-08-21 00:00:00+00:00,-2.5538058333333334e-05,1.25e-05,24.0,-0.0005035886541666666,-0.0001828198,,,,,,,,-1.8824322619047618e-05,-1.7150576955061798,-0.0004407347809523809,
2023-08-22 00:00:00+00:00,2.4053208333333335e-06,5.892e-06,24.0,-0.00026392753750000003,-0.0002528638,,,,,,,,-1.968382619047619e-05,0.04986638646200884,-0.00044653351428571437,
2023-08-23 00:00:00+00:00,-3.3201086956521744e-06,-8.1413e-06,23.0,-0.00032656097391304346,-0.0003651301,,,,,,,,-2.1572731599378883e-05,-0.305607346586872,-0.0004660713123447205,
2023-08-24 00:00:00+00:00,-1.00125625e-05,-1.6001e-05,24.0,-0.00038010051250000004,-0.0004280082,,,,,,,,-2.1731767313664595e-05,-0.6890701860806496,-0.0004697337117494825,
2023-08-25 00:00:00+00:00,-7.223675000000001e-06,-1.07154e-05,24.0,-0.00035778934999999997,-0.0003857231,,,,,,,,-1.7888998266045546e-05,-0.48100638400686185,-0.00044060546889233956,
2023-08-26 00:00:00+00:00,-9.777154166666666e-06,-9.5049e-06,24.0,-0.0003782172375,-0.0003760393,,,,,,,,-1.3105776837474121e-05,-0.6074112302186524,-0.00040233970103519673,
2023-08-27 00:00:00+00:00,-5.488479166666667e-06,-5.724e-06,24.0,-0.00034390781666666665,-0.0003457921,,,,,,,,-8.422102432712215e-06,-0.31566278477619,-0.0003648702974637682,
2023-08-28 00:00:00+00:00,-3.3491666666666666e-07,-3.5533e-06,24.0,-0.000297141425,-0.0003284263,,,,,,,,-4.8216536231884055e-06,0.014618585583581787,-0.00033537783615424435,
2023-08-29 00:00:00+00:00,2.0238208333333334e-06,1.17989e-05,24.0,-0.0002584069833333333,-0.0002056089,,,,,,,,-4.8761536231884056e-06,0.1586920876542208,-0.00033458918555900625,
2023-08-30 00:00:00+00:00,5.240966666666667e-06,2.3371e-06,24.0,-0.00025799004166666663,-0.0002813034,,,,,,,,-3.653142857142857e-06,0.3565358268421567,-0.00032479333809523815,
2023-08-31 00:00:00+00:00,6.7511875e-06,1.25e-05,24.0,-0.00023932543333333336,-0.0001733054,,,,,,,,-1.2583214285714282e-06,0.4599295221739417,-0.0003046826125,
2023-09-01 00:00:00+00:00,7.107337500000001e-06,2.7915e-06,24.0,-0.0002106645791666667,-0.0002776683,,,,,,,,7.889660714285717e-07,0.4977222462287029,-0.00028366478809523814,
2023-09-02 00:00:00+00:00,9.702754166666667e-06,1.25e-05,24.0,-0.00014608396666666667,-0.0001255614,,,,,,,,3.5718101190476196e-06,0.6723597605507087,-0.00025050289226190476,
2023-09-03 00:00:00+00:00,1.1628970833333334e-05,1.13564e-05,24.0,-0.00015719579166666666,-0.000209149,,,,,,,,6.017160119047619e-06,0.7780514290952287,-0.00022382974583333337,
2023-09-04 00:00:00+00:00,6.057787500000001e-06,1.25e-05,24.0,-0.0002368738,-0.0001399756,,,,,,,,6.930403571428572e-06,0.4338668464829804,-0.00021522008511904765,
2023-09-05 00:00:00+00:00,1.225505e-05,1.25e-05,24.0,-0.00012260815416666667,-1.09297e-05,,,,,,,,8.392007738095238e-06,0.8151936503616148,-0.0001958202523809524,
2023-09-06 00:00:00+00:00,8.212795833333333e-06,1.4629e-06,24.0,-0.00011213506666666666,-0.0002882968,,,,,,,,8.816554761904763e-06,0.5625443967708585,-0.0001749838273809524,
2023-09-07 00:00:00+00:00,7.340570833333334e-06,4.86973e-05,24.0,-3.775715416666667e-05,0.0006895787,,,,,,,,8.90075238095238e-06,0.5211483310078731,-0.00014618835892857147,
2023-09-08 00:00:00+00:00,3.70807625e-05,1.25e-05,24.0,0.0005714411708333333,0.0003213512,,,,,,,,1.318267023809524e-05,2.1799610470095936,-3.445896607142861e-05,
2023-09-09 00:00:00+00:00,1.25e-05,1.25e-05,24.0,0.0002189071,8.58237e-05,,,,,,,,1.3582276785714285e-05,0.7309518436331226,1.7682614880952345e-05,
2023-09-10 00:00:00+00:00,4.899183333333334e-06,1.25e-05,24.0,-0.000207507425,-0.0001482493,,,,,,,,1.262087857142857e-05,0.29662613776960056,1.0495238690476147e-05,
2023-09-11 00:00:00+00:00,4.762208333333334e-07,-2.793e-07,24.0,-0.0002864595166666667,-0.0003022342,,,,,,,,1.1823511904761905e-05,0.057165877057337396,3.4115648809523362e-06,
2023-09-12 00:00:00+00:00,-7.203058333333333e-06,1.25e-05,24.0,-0.00026252460833333334,9.71492e-05,,,,,,,,9.043782142857143e-06,-0.36699010276613003,-1.657650000000004e-05,
2023-09-13 00:00:00+00:00,1.25e-05,1.25e-05,24.0,3.0934320833333336e-05,7.423e-06,,,,,,,,9.656239880952382e-06,0.8058219805092384,3.861983928571387e-06,
2023-09-14 00:00:00+00:00,1.25e-05,1.25e-05,24.0,0.00011606112499999999,6.13025e-05,,,,,,,,1.039330119047619e-05,0.7931622257777065,2.5836023809523768e-05,
2023-09-15 00:00:00+00:00,1.2375883333333335e-05,1.25e-05,24.0,-0.000111841,-0.0001295434,,,,,,,,6.864032738095239e-06,0.7780719198613663,-7.177571488095242e-05,
2023-09-16 00:00:00+00:00,-1.2268208333333332e-05,-1.11619e-05,24.0,-0.0003970236791666667,-0.0003892954,,,,,,,,3.325717261904763e-06,-0.6738149963305126,-0.00015976582619047622,
2023-09-17 00:00:00+00:00,5.848483333333333e-06,1.25e-05,24.0,-7.957737916666667e-05,1.08989e-05,,,,,,,,3.461331547619048e-06,0.34112214811807334,-0.00014149010535714288,
2023-09-18 00:00:00+00:00,2.872233333333334e-06,1.25e-05,24.0,-0.0001242918375,-3.68882e-05,,,,,,,,3.803619047619048e-06,0.06415788300839609,-0.00011832329404761907,
2023-09-19 00:00:00+00:00,1.3210241666666668e-05,1.25e-05,24.0,0.000191556475,0.0003594834,,,,,,,,6.719804761904763e-06,0.8468623328046442,-5.3454567857142886e-05,
2023-09-20 00:00:00+00:00,1.5374041666666667e-05,1.25e-05,24.0,0.00019274671666666667,0.000324078,,,,,,,,7.130382142857143e-06,1.035531666007073,-3.0338511309523838e-05,
2023-09-21 00:00:00+00:00,1.250905e-05,1.25e-05,24.0,0.00030371395,0.0002266358,,,,,,,,7.131675000000001e-06,0.7076238905220372,-3.530964880952403e-06,
2023-09-22 00:00:00+00:00,1.25e-05,1.25e-05,24.0,0.00023371794583333335,0.0002081017,,,,,,,,7.149405952380953e-06,0.6579828296042951,4.5834598809523785e-05,
2023-09-23 00:00:00+00:00,1.25e-05,1.25e-05,24.0,4.508674166666667e-05,3.96587e-05,,,,,,,,1.0687721428571427e-05,0.6072809817884175,0.00010899323035714284,
2023-09-24 00:00:00+00:00,1.25e-05,1.25e-05,24.0,-6.63686e-05,-0.0001575897,,,,,,,,1.1637938095238096e-05,0.5569791460488213,0.0001108801988095238,
2023-09-25 00:00:00+00:00,1.118765e-05,1.25e-05,24.0,0.00019545214166666664,0.0003248741,,,,,,,,1.2825854761904762e-05,0.3610972279041723,0.00015655791011904758,
2023-09-26 00:00:00+00:00,1.25e-05,1.25e-05,24.0,5.015420833333333e-05,0.0002148841,,,,,,,,1.2724391666666666e-05,0.462417355826163,0.00013635758630952378,
2023-09-27 00:00:00+00:00,1.25e-05,1.25e-05,24.0,9.202867083333333e-05,-7.39642e-05,,,,,,,,1.2313814285714287e-05,0.41845155870364875,0.00012196929404761903,
2023-09-28 00:00:00+00:00,9.385804166666667e-06,1.25e-05,24.0,-9.5921175e-05,-0.0001990455,,,,,,,,1.1867636309523811e-05,0.006336402447770445,6.487856190476188e-05,
2023-09-29 00:00:00+00:00,9.454620833333333e-06,1.25e-05,24.0,-9.063324999999999e-05,-0.0001190356,,,,,,,,1.1432582142857143e-05,-0.0025853920789510477,1.8542676785714256e-05,
2023-09-30 00:00:00+00:00,-8.403525e-06,-6.6542e-05,24.0,-0.00032486985,-0.0008323359,,,,,,,,8.446364285714287e-06,-2.0121468531232174,-3.430826488095241e-05,
2023-10-01 00:00:00+00:00,5.2148250000000005e-06,1.25e-05,24.0,-4.721339583333334e-05,0.0002328515,,,,,,,,7.405625e-06,-0.4265846066248767,-3.157180714285717e-05,
2023-10-02 00:00:00+00:00,7.102395833333333e-06,-1.72953e-05,24.0,-0.0001549272625,-0.0004383627,,,,,,,,6.8220172619047615e-06,-0.19837972767982248,-8.162600773809526e-05,
2023-10-03 00:00:00+00:00,3.834920833333333e-06,4.9999e-06,24.0,-0.0002690568125,-0.0002600007,,,,,,,,5.584148809523809e-06,-0.5438155686416711,-0.00012722758214285716,
2023-10-04 00:00:00+00:00,6.574995833333334e-06,1.25e-05,24.0,-0.00013365170416666667,0.0002125398,,,,,,,,4.7377196428571426e-06,-0.23060286273913091,-0.0001594676357142857,
2023-10-05 00:00:00+00:00,1.1340233333333335e-05,2.2369e-06,24.0,8.592185e-05,-0.0002821049,,,,,,,,5.016923809523809e-06,0.3220049389492579,-0.00013349006071428576,
2023-10-06 00:00:00+00:00,8.623225e-06,1.25e-05,24.0,-0.000132159875,-0.0001970634,,,,,,,,4.898152976190477e-06,0.007172256773056441,-0.00013942243571428574,
2023-10-07 00:00:00+00:00,1.25e-05,1.25e-05,24.0,-0.000137685725,-0.0001093003,,,,,,,,7.884370833333334e-06,0.4330227364000796,-0.00011268184642857145,
2023-10-08 00:00:00+00:00,1.2311712500000002e-05,9.2745e-06,24.0,-0.0001296498875,-0.0002258042,,,,,,,,8.898211904761906e-06,0.637680032592723,-0.00012445848809523812,
2023-10-09 00:00:00+00:00,6.711608333333334e-06,1.25e-05,24.0,-0.00018459004166666666,3.89061e-05,,,,,,,,8.84238511904762e-06,-0.14629382189306042,-0.0001286960279761905,
2023-10-10 00:00:00+00:00,1.25e-05,1.25e-05,24.0,-6.996434166666666e-05,-0.0001013128,,,,,,,,1.0080253571428573e-05,0.6580347753076934,-0.00010025424642857146,
2023-10-11 00:00:00+00:00,1.25e-05,1.25e-05,24.0,-1.1155050000000001e-05,8.75805e-05,,,,,,,,1.0926682738095238e-05,0.6088505394235526,-8.275472440476193e-05,
2023-10-12 00:00:00+00:00,1.25e-05,1.25e-05,24.0,5.1027537500000005e-05,-1.8623e-05,,,,,,,,1.1092363690476191e-05,0.5649609317644103,-8.773962619047622e-05,
2023-10-13 00:00:00+00:00,1.270935e-05,1.25e-05,24.0,7.317545000000001e-05,8.81579e-05,,,,,,,,1.1676095833333334e-05,0.5974578766187826,-5.8406008333333355e-05,
2023-10-14 00:00:00+00:00,1.25e-05,1.25e-05,24.0,0.00011548351666666668,0.0001986125,,,,,,,,1.1676095833333336e-05,0.563441907119491,-2.2238973809523832e-05,
2023-10-15 00:00:00+00:00,1.25e-05,1.25e-05,24.0,0.00017496267083333332,0.0002218343,,,,,,,,1.1702994047619047e-05,0.5625533716342328,2.1277105952380932e-05,
2023-10-16 00:00:00+00:00,1.5358125e-05,1.25e-05,24.0,0.00023587623750000002,-7.01318e-05,,,,,,,,1.2938210714285715e-05,1.1321643943863433,8.134371726190475e-05,
2023-10-17 00:00:00+00:00,1.2444675e-05,1.25e-05,24.0,-0.00011284069583333333,-0.0001286805,,,,,,,,1.2930307142857143e-05,0.47976358453491014,7.52185238095238e-05,
2023-10-18 00:00:00+00:00,5.317074999999999e-06,-5.1842e-06,24.0,-0.00025157973749999996,-0.0003414737,,,,,,,,1.1904175000000002e-05,-1.0706115962932563,4.087213988095237e-05,
2023-10-19 00:00:00+00:00,-3.9985375e-06,-4.1121e-06,24.0,-0.0003068269875,-0.0003328967,,,,,,,,9.547241071428572e-06,-2.6011841011646406,-1.0249935119047639e-05,
2023-10-20 00:00:00+00:00,5.5164625e-06,7.1491e-06,24.0,-0.00023822035416666665,-0.0002428071,,,,,,,,8.519685714285715e-06,-0.7384022766263203,-5.4735050000000014e-05,
2023-10-21 00:00:00+00:00,-5.909016666666667e-06,-1.14283e-05,24.0,-0.0003472721958333333,-0.0003914267,,,,,,,,5.88982619047619e-06,-2.499969494006371,-0.00012084300892857145,
2023-10-22 00:00:00+00:00,-1.4883058333333335e-05,4.6354e-06,24.0,-0.00041906446666666665,-0.0002629169,,,,,,,,1.977960714285714e-06,-3.142271473558336,-0.00020570402857142858,
2023-10-23 00:00:00+00:00,-5.642366666666666e-06,1.25e-05,24.0,-0.0003343538875,5.88396e-05,,,,,,,,-1.022109523809524e-06,-1.6987587035531218,-0.00028716547500000003,
2023-10-24 00:00:00+00:00,1.6922629166666667e-05,1.25e-05,24.0,0.00027458352083333334,0.0002536365,,,,,,,,-3.82401785714286e-07,1.236685142593072,-0.00023181915833333334,
2023-10-25 00:00:00+00:00,2.1014766666666664e-05,1.25e-05,24.0,0.0003852103875,0.000302996,,,,,,,,1.8601255952380948e-06,1.645926934362704,-0.00014084914047619051,
2023-10-26 00:00:00+00:00,2.364279166666667e-05,3.85974e-05,24.0,0.0004173448416666667,0.0006087792,,,,,,,,5.808886904761904e-06,1.8191573573381186,-3.739602202380953e-05,
2023-10-27 00:00:00+00:00,3.0357083333333334e-05,4.84779e-05,24.0,0.0005422549708333334,0.0006878234,,,,,,,,9.357547023809524e-06,2.2946628539289144,7.410045297619046e-05,
2023-10-28 00:00:00+00:00,4.18067e-05,3.72503e-05,24.0,0.000634453575,0.000598002,,,,,,,,1.6174077976190478e-05,2.8561211285588644,0.00021434699166666664,
2023-10-29 00:00:00+00:00,4.0305608333333334e-05,8.16617e-05,24.0,0.0006224449,0.0009532935,,,,,,,,2.4058173214285718e-05,2.3559981597148427,0.00036313404404761905,
2023-10-30 00:00:00+00:00,6.39524875e-05,8.37888e-05,24.0,0.0008116199208333333,0.0009703107,,,,,,,,3.4000295238095236e-05,3.3051705056793845,0.000526844588095238,
2023-10-31 00:00:00+00:00,4.9385529166666664e-05,5.67781e-05,24.0,0.0006950841333333333,0.0007542245,,,,,,,,3.863785238095238e-05,2.0877614360691914,0.0005869161041666665,
2023-11-01 00:00:00+00:00,3.569865416666667e-05,6.78277e-05,24.0,0.0005724376291666667,0.0008426213,,,,,,,,4.07355505952381e-05,1.1814833020701665,0.0006136628529761904,
2023-11-02 00:00:00+00:00,2.9370820833333333e-05,1.25e-05,24.0,0.00042522604583333334,0.0001900784,,,,,,,,4.1553840476190476e-05,0.7578912316323634,0.0006147887392857143,
2023-11-03 00:00:00+00:00,2.6131020833333334e-05,5.92894e-05,24.0,0.0004891294666666666,0.0007743149,,,,,,,,4.095011726190476e-05,0.5299040069627473,0.000607199381547619,
2023-11-04 00:00:00+00:00,8.3035275e-05,0.0001201826,24.0,0.0009642820833333333,0.001261461,,,,,,,,4.6839913690476194e-05,3.055875242909709,0.0006543177398809523,
2023-11-05 00:00:00+00:00,5.194322916666667e-05,1.87393e-05,24.0,0.0007117315916666667,0.0004499145,,,,,,,,4.850243095238095e-05,1.4415707160618223,0.000667072981547619,
2023-11-06 00:00:00+00:00,3.8466775e-05,2.67519e-05,24.0,0.0006077341333333334,0.0005140151,,,,,,,,4.4861614880952384e-05,0.7684071762604124,0.0006379464404761904,
2023-11-07 00:00:00+00:00,2.2577975e-05,3.26116e-05,24.0,0.0004690914875,0.0005608931,,,,,,,,4.103196428571429e-05,0.019454176824604524,0.0006056617767857143,
2023-11-08 00:00:00+00:00,3.571334583333333e-05,2.03748e-05,24.0,0.0005857068,0.0004629982,,,,,,,,4.1034063095238094e-05,0.5847332222358902,0.0006075573726190476,
2023-11-09 00:00:00+00:00,0.00011045637916666668,0.0003132841,24.0,0.0011836509291666666,0.0028062727,,,,,,,,5.26177142857143e-05,3.151471531673329,0.0007159037845238095,
2023-11-10 00:00:00+00:00,0.0001182335375,6.1236e-05,24.0,0.0012458683083333333,0.0007898882,,,,,,,,6.577521666666668e-05,2.8170300342574204,0.0008240093333333332,
2023-11-11 00:00:00+00:00,0.00010122611666666667,9.86431e-05,24.0,0.0011098088833333332,0.0010891444,,,,,,,,6.837390833333333e-05,2.0255514731602275,0.0008447988761904761,
2023-11-12 00:00:00+00:00,7.960850416666667e-05,0.0001623518,24.0,0.0009366437958333333,0.0015988142,,,,,,,,7.232609047619048e-05,1.2875089988346806,0.0008769291910714286,
2023-11-13 00:00:00+00:00,8.312318333333333e-05,6.66574e-05,24.0,0.0009649854375,0.000833259,,,,,,,,7.870557738095239e-05,1.2910859613491514,0.0009279650916666665,
2023-11-14 00:00:00+00:00,6.217875e-05,8.10726e-05,24.0,0.0007974299291666666,0.0009485807,,,,,,,,8.436283095238096e-05,0.6529828654791078,0.0009748705833333332,
2023-11-15 00:00:00+00:00,4.753101666666667e-05,1.25e-05,24.0,0.0006691809541666667,0.0002672385,,,,,,,,8.605106964285713e-05,0.20950724419251665,0.0009867954625,
2023-11-16 00:00:00+00:00,5.139652916666667e-05,0.0001211109,24.0,0.0007024827416666667,0.0012688873,,,,,,,,7.76139482142857e-05,0.2855066969617068,0.00091805715,
2023-11-17 00:00:00+00:00,5.263502916666666e-05,6.7543e-05,24.0,0.000721080275,0.0008403444,,,,,,,,6.824273273809524e-05,0.28084992690788135,0.0008430874309523808,
2023-11-18 00:00:00+00:00,2.64759375e-05,1.25e-05,24.0,0.0004899037958333333,0.0003219836,,,,,,,,5.756413571428571e-05,-0.5320064028419548,0.0007545295613095237,
2023-11-19 00:00:00+00:00,3.759118333333333e-05,6.23477e-05,24.0,0.0005990123541666667,0.0007987812,,,,,,,,5.156166130952381e-05,-0.23384710063574365,0.0007062964982142856,
2023-11-20 00:00:00+00:00,9.418547083333335e-05,1.25e-05,24.0,0.0010408654083333333,9.71603e-05,,,,,,,,5.3141988095238095e-05,1.4275944779802574,0.0007171364940476191,
2023-11-21 00:00:00+00:00,1.1738845833333334e-05,1.25e-05,24.0,0.00017211109166666665,-1.97992e-05,,,,,,,,4.59362875e-05,-1.232454807271421,0.000627805231547619,
2023-11-22 00:00:00+00:00,2.3631133333333335e-05,4.68278e-05,24.0,0.000311534125,0.0006746228,,,,,,,,4.252201845238096e-05,-0.9164038310324845,0.0005767128273809523,
2023-11-23 00:00:00+00:00,1.25e-05,1.25e-05,24.0,0.00011075277499999999,-9.03955e-05,,,,,,,,3.696537142857143e-05,-1.2850252376236924,0.0004921799749999999,
2023-11-24 00:00:00+00:00,1.44045e-05,1.25e-05,24.0,0.0001838543625,0.0003371258,,,,,,,,3.150386726190477e-05,-1.2023263585063808,0.0004154334160714285,
2023-11-25 00:00:00+00:00,1.2537004166666666e-05,1.25e-05,24.0,0.0002447217916666667,0.000369811,,,,,,,,2.9512591071428572e-05,-1.2359104553105047,0.0003804074154761905,
2023-11-26 00:00:00+00:00,3.708049583333333e-05,6.14196e-05,24.0,0.0005966438666666667,0.0007913568,,,,,,,,2.9439635714285714e-05,-0.42685919444214476,0.0003800690601190476,
2023-11-27 00:00:00+00:00,1.9869354166666666e-05,2.66949e-05,24.0,0.00031708527083333334,0.0005135596,,,,,,,,1.882304761904762e-05,-0.9634852395187197,0.0002766718976190476,
2023-11-28 00:00:00+00:00,1.3183045833333335e-05,1.25e-05,24.0,0.00014147392083333334,0.0001245634,,,,,,,,1.9029361904761906e-05,-1.1292199259548805,0.0002722951589285714,
2023-11-29 00:00:00+00:00,1.2567100000000002e-05,1.25e-05,24.0,0.00019029103333333334,0.0003410947,,,,,,,,1.7448785714285714e-05,-1.0759851663625553,0.00025497471726190475,
2023-11-30 00:00:00+00:00,3.053680416666667e-05,0.0001027092,24.0,0.0005037236916666667,0.0011216736,,,,,,,,2.0025472023809527e-05,-0.48399236715385496,0.0003111134196428571,
2023-12-01 00:00:00+00:00,4.295628333333333e-05,1.99678e-05,24.0,0.0006436502875,0.0004597427,,,,,,,,2.4104298214285712e-05,-0.09937727135167256,0.0003767985517857143,
2023-12-02 00:00:00+00:00,6.671014583333334e-05,0.0001130912,24.0,0.0007980127333333333,0.0012047298,,,,,,,,3.1843318452380954e-05,0.6119992704452968,0.00045584011488095235,
2023-12-03 00:00:00+00:00,5.710505e-05,0.0001614074,24.0,0.0007553180375,0.0015912589,,,,,,,,3.470396904761905e-05,0.2777457526250771,0.00047850785357142863,
2023-12-04 00:00:00+00:00,6.32884625e-05,1.81359e-05,24.0,0.0007775752958333334,0.0004450868,,,,,,,,4.090669880952381e-05,0.5041701071747163,0.0005442921428571428,
2023-12-05 00:00:00+00:00,5.5036241666666665e-05,0.0001541197,24.0,0.0007400234375,0.0015329575,,,,,,,,4.688572678571429e-05,0.23352767250886577,0.0006297992166666667,
2023-12-06 00:00:00+00:00,5.7811758333333336e-05,2.86276e-05,24.0,0.0007554830874999999,0.0005290205,,,,,,,,5.334924940476191e-05,0.3024620874614626,0.0007105409386904762,
2023-12-07 00:00:00+00:00,5.6005254166666666e-05,0.0001348038,24.0,0.0006310645666666667,0.0013784307,,,,,,,,5.698759940476191e-05,0.21045177692047515,0.0007287324922619048,
2023-12-08 00:00:00+00:00,7.168425e-05,6.24524e-05,24.0,0.0008734740041666666,0.0007996193,,,,,,,,6.109159464285715e-05,0.6813377850835468,0.0007615644517857143,
2023-12-09 00:00:00+00:00,7.302769166666667e-05,9.566e-05,24.0,0.0008842215125,0.0010652801,,,,,,,,6.199410119047618e-05,0.8135509082053579,0.0007738799916666667,
2023-12-10 00:00:00+00:00,4.955348333333333e-05,5.91254e-05,24.0,0.0006964279166666666,0.0007730033,,,,,,,,6.091530595238096e-05,0.08966482149513673,0.0007654671172619048,
2023-12-11 00:00:00+00:00,9.107030416666667e-05,7.5304e-05,24.0,0.0010368957666666667,0.0011024318,,,,,,,,6.488414047619046e-05,1.757316239312316,0.0008025128988095237,
2023-12-12 00:00:00+00:00,4.4705124999999995e-05,2.16997e-05,24.0,0.00083453655,0.0006735978,,,,,,,,6.340826666666667e-05,-0.04236453213361075,0.0008160147720238095,
2023-12-13 00:00:00+00:00,4.60267875e-05,0.0001184887,24.0,0.0008528608416666666,0.0014479099,,,,,,,,6.172469940476191e-05,0.06543645559736413,0.0008299258797619046,
2023-12-14 00:00:00+00:00,6.95436625e-05,6.68979e-05,24.0,0.0010563493000000001,0.001035183,,,,,,,,6.365875773809523e-05,1.052933313928583,0.0008906808416666666,
2023-12-15 00:00:00+00:00,3.523694583333333e-05,6.44012e-05,24.0,0.0007434072083333334,0.0010152093,,,,,,,,5.8451999999999995e-05,-0.3854495341120504,0.0008720998708333334,
2023-12-16 00:00:00+00:00,3.529801666666667e-05,1.25e-05,24.0,0.0007329149791666666,0.0004616172,,,,,,,,5.306204642857143e-05,-0.3598735563071779,0.0008504846517857143,
2023-12-17 00:00:00+00:00,4.7063279166666665e-05,0.0001441959,24.0,0.000822953975,0.0016535674,,,,,,,,5.2706302976190475e-05,0.14630897527987086,0.0008685598029761904,
2023-12-18 00:00:00+00:00,2.4330270833333332e-05,4.00647e-05,24.0,0.0006069797041666666,0.0008205173,,,,,,,,4.3172012500000004e-05,-0.8129979653541172,0.0008071432226190474,
2023-12-19 00:00:00+00:00,1.6617858333333334e-05,1.98666e-05,24.0,0.000500331975,0.0006589325,,,,,,,,3.9159545833333334e-05,-1.0873518490247687,0.0007593997119047618,
2023-12-20 00:00:00+00:00,5.1707941666666665e-05,1.25e-05,24.0,0.0008400741458333334,-0.0002273855,,,,,,,,3.9971139285714284e-05,0.4637314133517244,0.0007575730410714285,
2023-12-21 00:00:00+00:00,6.562548333333334e-05,0.0001034181,24.0,0.0010084598833333333,0.0013273446,,,,,,,,3.941139940476191e-05,1.0247201358105866,0.0007507316958333332,
2023-12-22 00:00:00+00:00,0.00012247307916666666,0.0001173525,24.0,0.0014797845750000001,0.0014388197,,,,,,,,5.187370416666667e-05,2.9343450980500143,0.0008559284624999999,
2023-12-23 00:00:00+00:00,5.755242083333334e-05,6.8351e-05,24.0,0.0009546825833333332,0.0010468081,,,,,,,,5.505290476190476e-05,0.3791758550262994,0.0008876095488095238,
2023-12-24 00:00:00+00:00,4.9480925000000004e-05,4.90601e-05,24.0,0.0008958474333333333,0.0008924812,,,,,,,,5.539828273809523e-05,0.011981494680880226,0.0008980228999999999,
2023-12-25 00:00:00+00:00,5.040350833333333e-05,0.000108733,24.0,0.0008968801916666667,0.0013698643,,,,,,,,5.9123030952380954e-05,-0.0020667222517928865,0.0009394372553571429,
2023-12-26 00:00:00+00:00,3.2373083333333333e-05,5.94221e-05,24.0,0.000540826425,0.0009753768,,,,,,,,6.137377738095239e-05,-0.7650002274970069,0.0009452221767857143,
2023-12-27 00:00:00+00:00,0.00010540639166666667,5.44613e-05,24.0,0.0013432512208333333,0.0009356906,,,,,,,,6.904498452380952e-05,2.110380066443535,0.0010171046160714285,
2023-12-28 00:00:00+00:00,0.00011543255833333333,5.98775e-05,24.0,0.0014234605458333333,0.0009790201,,,,,,,,7.616028095238096e-05,2.2580052859941033,0.001076390425,
2023-12-29 00:00:00+00:00,7.664614583333334e-05,3.77855e-05,24.0,0.0010898659708333334,0.0008022843,,,,,,,,6.961357619047619e-05,0.7197304412280101,0.0010206877672619048,
2023-12-30 00:00:00+00:00,3.16607125e-05,2.22497e-05,24.0,0.0007190139708333334,0.0006779976,,,,,,,,6.591476071428572e-05,-1.0868088522550097,0.0009870208226190477,
2023-12-31 00:00:00+00:00,5.78751e-05,9.06988e-05,24.0,0.0009612911833333333,0.0012255904,,,,,,,,6.711392857142858e-05,-0.054593403585981644,0.0009963699297619048,
2024-01-01 00:00:00+00:00,8.31032625e-05,0.0001002165,24.0,0.0011648261041666667,0.0013017321,,,,,,,,7.178532202380952e-05,0.9303906659371746,0.0010346479172619048,
2024-01-02 00:00:00+00:00,9.134085416666667e-05,1.25e-05,24.0,0.0012294562708333333,0.000574211,,,,,,,,8.02092892857143e-05,1.1829376657252502,0.0011330236095238096,
2024-01-03 00:00:00+00:00,4.740649583333333e-05,0.0001155122,24.0,0.0008184957083333333,0.0014240974,,,,,,,,7.192358988095238e-05,-0.5022925625421595,0.0010580585363095239,
2024-01-04 00:00:00+00:00,1.7643125e-05,3.50077e-05,24.0,0.0005181966375,0.0007800616,,,,,,,,5.795367083333333e-05,-1.5380164495557858,0.0009287351208333332,
2024-01-05 00:00:00+00:00,1.4669366666666667e-05,1.25e-05,24.0,0.0001128432875,0.0001222722,,,,,,,,4.909984523809523e-05,-1.527213659648176,0.0007891604517857142,
2024-01-06 00:00:00+00:00,1.2618733333333333e-05,1.25e-05,24.0,0.000150314075,-2.77232e-05,,,,,,,,4.63795625e-05,-1.4864754982429094,0.0007079176095238095,
2024-01-07 00:00:00+00:00,1.25e-05,1.25e-05,24.0,0.00015414010833333334,9.48472e-05,,,,,,,,3.989740535714286e-05,-1.3808772294175553,0.0005926103130952381,
2024-01-08 00:00:00+00:00,2.3065395833333335e-05,3.37725e-05,24.0,0.00022190509166666666,0.00077018,,,,,,,,3.1320567261904765e-05,-0.9668550928945076,0.0004579073113095238,
2024-01-09 00:00:00+00:00,5.252601666666667e-05,0.0001222152,24.0,0.0009194565541666666,0.0014777213,,,,,,,,2.5775590476190478e-05,-0.006133288691646189,0.00041362163750000003,
2024-01-10 00:00:00+00:00,5.828712916666667e-05,0.0001034096,24.0,0.0009577758208333334,0.0013272771,,,,,,,,2.7329966666666668e-05,0.22436995300314133,0.0004335187964285714,
2024-01-11 00:00:00+00:00,5.670255e-05,7.86931e-05,24.0,0.0009256145208333333,0.0011295448,,,,,,,,3.290988452380953e-05,0.15766144853978967,0.0004917213511904762,
2024-01-12 00:00:00+00:00,4.43665e-05,1.25e-05,24.0,0.0008274686416666666,0.0003924223,,,,,,,,3.715233214285714e-05,-0.2557674499978345,0.0005938106874999999,
2024-01-13 00:00:00+00:00,1.8503066666666666e-05,1.97507e-05,24.0,0.00039934782083333336,0.0006580057,,,,,,,,3.799295119047619e-05,-1.0542420108526904,0.0006293869369047619,
2024-01-14 00:00:00+00:00,2.8549595833333333e-05,1.25e-05,24.0,0.000625211625,0.0002637621,,,,,,,,4.0285750595238095e-05,-0.7100801410143851,0.0006966828678571428,
2024-01-15 00:00:00+00:00,2.6562874999999998e-05,1.25e-05,24.0,0.0006352551625,0.0005747893,,,,,,,,4.0785390476190475e-05,-0.7613682988198686,0.0007557328779761904,
2024-01-16 00:00:00+00:00,2.0996825e-05,1.25e-05,24.0,0.00059421765,0.0001142929,,,,,,,,3.628122023809523e-05,-0.9023357650813215,0.0007092701773809524,
2024-01-17 00:00:00+00:00,1.9042333333333336e-05,1.25e-05,24.0,0.00018559902500000003,0.0005837422,,,,,,,,3.067482083333333e-05,-0.9549496401285962,0.000598959206547619,
2024-01-18 00:00:00+00:00,3.159004583333333e-05,1.25e-05,24.0,0.00043310795,-0.0001126583,,,,,,,,2.7087320238095238e-05,-0.5747494595678829,0.000528601125,
2024-01-19 00:00:00+00:00,4.7162499999999994e-05,9.11867e-05,24.0,0.0006842832083333333,0.0012294937,,,,,,,,2.7486748809523808e-05,-0.061665807030777085,0.0005081460630952381,
2024-01-20 00:00:00+00:00,1.970837083333333e-05,-1.39161e-05,24.0,0.00020920030416666667,-0.0006113287,,,,,,,,2.7658935119047614e-05,-0.8991374910501082,0.0004809821321428571,
2024-01-21 00:00:00+00:00,2.0497066666666667e-05,1.91114e-05,24.0,0.00021399634999999997,0.0006528911,,,,,,,,2.6508573809523806e-05,-0.8478917850764964,0.0004222370928571429,
2024-01-22 00:00:00+00:00,1.8765454166666668e-05,1.25e-05,24.0,0.00046857618333333333,-0.0001028526,,,,,,,,2.5394656547619044e-05,-0.8558331869918094,0.00039842581011904763,
2024-01-23 00:00:00+00:00,9.710029166666666e-06,1.25e-05,24.0,-2.4414883333333332e-05,0.0001556158,,,,,,,,2.378225714285714e-05,-1.106860062868949,0.0003100497339285714,
2024-01-24 00:00:00+00:00,4.5719125e-06,2.35132e-05,24.0,-0.00023910082916666665,0.0006881053,,,,,,,,2.1715054166666664e-05,-1.2024074512122263,0.0002493783261904762,
2024-01-25 00:00:00+00:00,1.4269879166666668e-05,1.25e-05,24.0,0.00034315909166666666,0.0003809012,,,,,,,,1.9240744642857143e-05,-0.8426836718459766,0.00023652848928571428,
2024-01-26 00:00:00+00:00,1.998297916666667e-05,2.92057e-05,24.0,0.0004996162833333333,0.0007336453,,,,,,,,1.5357955952380954e-05,-0.6074458598353127,0.00021014749999999997,
2024-01-27 00:00:00+00:00,2.214468333333333e-05,1.25e-05,24.0,0.0006058417166666666,0.0005906917,,,,,,,,1.5706000595238097e-05,-0.4923582144843626,0.0002668105589285714,
2024-01-28 00:00:00+00:00,1.81160875e-05,1.25e-05,24.0,0.000543114475,0.000121182,,,,,,,,1.5365860714285715e-05,-0.6198756960731353,0.00031382743392857144,
2024-01-29 00:00:00+00:00,1.0921033333333333e-05,6.028e-07,24.0,0.00018928702916666667,-0.0004951779,,,,,,,,1.4245229166666666e-05,-0.9082307056617561,0.0002739289833333333,
2024-01-30 00:00:00+00:00,1.2087554166666667e-05,1.25e-05,24.0,-0.0001200094625,-0.0002248819,,,,,,,,1.4584875595238095e-05,-0.798260982459034,0.00026027261488095234,
2024-01-31 00:00:00+00:00,9.633904166666667e-06,1.25e-05,24.0,3.0889583333333387e-07,0.0003683325,,,,,,,,1.5308017261904762e-05,-0.8933786620860115,0.0002944740041666666,
2024-02-01 00:00:00+00:00,7.410612500000001e-06,1.25e-05,24.0,-0.0001853110208333333,-1.84553e-05,,,,,,,,1.4328122023809525e-05,-1.093083462376149,0.0002189782738095238,
2024-02-02 00:00:00+00:00,6.472650000000001e-06,1.25e-05,24.0,-0.00012107257083333332,0.0002459379,,,,,,,,1.2398074999999999e-05,-1.089432366736123,0.0001303084375,
2024-02-03 00:00:00+00:00,-1.0741920833333334e-05,1.25e-05,24.0,-0.0005063315125,-0.0002682518,,,,,,,,7.69998869047619e-06,-2.0240154154229613,-2.8573452380952365e-05,
2024-02-04 00:00:00+00:00,1.6304070833333334e-05,1.25e-05,24.0,4.941283333333333e-05,0.0004552538,,,,,,,,7.441129166666667e-06,-0.3399800135104012,-9.910225833333332e-05,
2024-02-05 00:00:00+00:00,1.0351816666666666e-05,1.25e-05,24.0,-2.767215416666667e-05,0.0005946373,,,,,,,,7.3598125e-06,-0.7050418651590085,-0.0001300964273809524,
2024-02-06 00:00:00+00:00,-5.329691666666667e-06,-1.90012e-05,24.0,-0.00028832797916666665,-0.0006520098,,,,,,,,4.871634523809525e-06,-1.5793075692239684,-0.00015414192976190476,
2024-02-07 00:00:00+00:00,1.2356958333333334e-05,1.25e-05,24.0,6.948893333333333e-05,0.0002395726,,,,,,,,5.260642261904762e-06,-0.4979744934823859,-0.00014425906726190475,
2024-02-08 00:00:00+00:00,1.6339595833333333e-05,3.26313e-05,24.0,-4.0418925e-05,0.0007610507,,,,,,,,6.536211309523809e-06,-0.20215938799485708,-0.0001235601964285714,
2024-02-09 00:00:00+00:00,3.755421666666667e-05,7.91181e-05,24.0,0.0006206007125,0.0011329445,,,,,,,,1.0976435119047619e-05,1.308382167979438,-1.7606870238095233e-05,
2024-02-10 00:00:00+00:00,5.002635416666667e-05,0.0001122673,24.0,0.0008609619875,0.001398138,,,,,,,,1.9657617261904765e-05,2.2857220476715523,0.00017772077261904762,
2024-02-11 00:00:00+00:00,3.0137466666666667e-05,3.39847e-05,24.0,0.0002484043791666667,0.0007718776,,,,,,,,2.163381666666667e-05,0.9200263075835053,0.0002061481363095238,
2024-02-12 00:00:00+00:00,1.0783179166666666e-05,7.24317e-05,24.0,0.00013701450833333333,0.0010794532,,,,,,,,2.169543988095238e-05,-0.5395708105148368,0.00022967480238095237,
2024-02-13 00:00:00+00:00,5.728074166666667e-05,3.57734e-05,24.0,0.0009234420083333333,0.0007861875,,,,,,,,3.06397875e-05,2.5869349715185694,0.00040278480059523805,
2024-02-14 00:00:00+00:00,6.173460833333334e-05,6.34816e-05,24.0,0.0009938768875,0.0010078532,,,,,,,,3.769373750000001e-05,2.4899041070209558,0.0005348402226190476,
2024-02-15 00:00:00+00:00,3.971051666666666e-05,3.34124e-05,24.0,0.00078734705,0.0007672996,,,,,,,,4.103244047619048e-05,1.1134532638132368,0.0006530925047619048,
2024-02-16 00:00:00+00:00,2.7285708333333334e-05,1.25e-05,24.0,0.0005490060583333334,-2.2066e-06,,,,,,,,3.956551071428571e-05,0.3718925328258525,0.0006428646970238095,
2024-02-17 00:00:00+00:00,2.01743875e-05,2.55287e-05,24.0,0.00041169720416666663,0.0007042296,,,,,,,,3.530094404761905e-05,-0.01990490360070704,0.0005786840136904762,
2024-02-18 00:00:00+00:00,1.2727241666666667e-05,1.25e-05,24.0,8.570979583333333e-05,0.0005309868,,,,,,,,3.281376904761905e-05,-0.4059211612264232,0.0005554419303571428,
2024-02-19 00:00:00+00:00,5.702597916666666e-05,2.25557e-05,24.0,0.0009492574791666666,0.0006804454,,,,,,,,3.9419883333333335e-05,2.0524498746489637,0.0006714766404761905,
2024-02-20 00:00:00+00:00,3.7546729166666665e-05,1.91268e-05,24.0,0.0006774896625,0.000653014,,,,,,,,3.6600738690476194e-05,0.9088462812132405,0.0006363405910714287,
2024-02-21 00:00:00+00:00,2.4583120833333334e-05,1.88637e-05,24.0,0.0005547819208333334,0.0006509095,,,,,,,,3.129338333333333e-05,0.1782305416947708,0.0005736127386904762,
2024-02-22 00:00:00+00:00,2.7199241666666667e-05,1.25e-05,24.0,0.0004919285625,-0.0003698391,,,,,,,,2.9506058333333334e-05,0.29284495966120383,0.0005314100976190477,
2024-02-23 00:00:00+00:00,2.4333616666666667e-05,1.25e-05,24.0,0.00042311306249999994,0.0002396812,,,,,,,,2.9084330952380953e-05,0.09766580025174262,0.0005134253839285714,
2024-02-24 00:00:00+00:00,8.238866666666667e-06,1.25e-05,24.0,-8.496962500000003e-06,0.0001635972,,,,,,,,2.737925654761905e-05,-0.7990639931981394,0.0004533976458333333,
2024-02-25 00:00:00+00:00,6.801200833333333e-05,0.0001358649,24.0,0.0009996654791666667,0.0015869195,,,,,,,,3.527708035714286e-05,2.2467290262817015,0.000583962743452381,
2024-02-26 00:00:00+00:00,5.421984583333333e-05,8.6811e-05,24.0,0.00092281445,0.0011944883,,,,,,,,3.487620416666667e-05,1.4325802974064348,0.0005801851678571429,
2024-02-27 00:00:00+00:00,7.4966625e-05,0.0001265907,24.0,0.0010802629333333334,0.0015127252,,,,,,,,4.022190357142857e-05,2.158938388443747,0.0006377242065476191,
2024-02-28 00:00:00+00:00,0.00010305613333333333,4.067e-05,24.0,0.0013244490791666666,0.00082536,,,,,,,,5.143233392857143e-05,2.810016511773579,0.0007476766577380952,
2024-02-29 00:00:00+00:00,7.49954625e-05,3.982e-05,24.0,0.0010961235083333334,0.0008185599,,,,,,,,5.826036547619047e-05,1.5870122847376436,0.0008339902214285714,
2024-03-01 00:00:00+00:00,3.97526375e-05,3.99408e-05,24.0,0.0008070955791666666,0.0008195262,,,,,,,,6.046308273809524e-05,0.24735184581245087,0.0008888448666666667,
2024-03-02 00:00:00+00:00,4.6242729166666664e-05,1.90037e-05,24.0,0.0008693591625,0.0006520295,,,,,,,,6.589220595238095e-05,0.4479114800850048,0.0010142528845238097,
2024-03-03 00:00:00+00:00,5.2795649999999997e-05,6.71912e-05,24.0,0.00092218635,0.0010375299,,,,,,,,6.371844047619048e-05,0.6464336303044299,0.0010031844375,
2024-03-04 00:00:00+00:00,9.045884583333334e-05,6.27681e-05,24.0,0.0012236708208333334,0.0010021445,,,,,,,,6.889544047619047e-05,1.9435256611259253,0.001046163919047619,
2024-03-05 00:00:00+00:00,0.00011689012916666666,0.0001906423,24.0,0.0014351210916666666,0.0020251385,,,,,,,,7.48845125e-05,2.5169414214742756,0.0010968579416666666,
2024-03-06 00:00:00+00:00,0.000112494175,0.0001159016,24.0,0.0013999534541666667,0.0014272124,,,,,,,,7.623280416666667e-05,2.111337937890482,0.001107644280952381,
2024-03-07 00:00:00+00:00,5.5093583333333334e-05,5.77595e-05,24.0,0.0009324206375,0.0009620756,,,,,,,,7.338967857142856e-05,0.23255985281132668,0.001084258156547619,
2024-03-08 00:00:00+00:00,5.9824712499999994e-05,0.0001109534,24.0,0.0009458845374999999,0.0013876272,,,,,,,,7.625711785714285e-05,0.34599310306684233,0.0011040851505952382,
2024-03-09 00:00:00+00:00,8.673374166666668e-05,0.0001331372,24.0,0.0011938699166666666,0.0015650978,,,,,,,,8.204154821428572e-05,1.1845340629828973,0.0011504438297619047,
2024-03-10 00:00:00+00:00,6.900825416666666e-05,8.1663e-05,24.0,0.0010520660833333334,0.001153304,,,,,,,,8.435763452380953e-05,0.5426478561630471,0.0011689980773809522,
2024-03-11 00:00:00+00:00,4.651735e-05,7.60335e-05,24.0,0.0008159369791666667,0.0011082681,,,,,,,,7.808027797619047e-05,-0.22093438279517522,0.0011107503857142856,
2024-03-12 00:00:00+00:00,6.021155833333333e-05,0.000108787,24.0,0.0009808847625,0.0013702957,,,,,,,,6.998333928571428e-05,0.21416588094892414,0.001045859481547619,
2024-03-13 00:00:00+00:00,8.481231250000001e-05,8.57544e-05,24.0,0.0011784985125,0.0011860349,,,,,,,,6.60287875e-05,0.9996469862516333,0.0010142230613095237,
2024-03-14 00:00:00+00:00,0.00011203521666666667,0.00016197,24.0,0.00139628175,0.0017957597,,,,,,,,7.416330654761905e-05,1.784404347037484,0.0010804889345238094,
2024-03-15 00:00:00+00:00,9.424455833333333e-05,7.86989e-05,24.0,0.0012539565041666666,0.0011295916,,,,,,,,7.908042738095239e-05,1.1312894728786236,0.0011244992154761904,
2024-03-16 00:00:00+00:00,5.941114583333333e-05,5.44197e-05,24.0,0.0009752849916666666,0.0009353578,,,,,,,,7.51771994047619e-05,-0.020214618245143312,0.0010932727976190476,
2024-03-17 00:00:00+00:00,7.280796666666667e-05,8.80956e-05,24.0,0.0010824636791666668,0.0012047651,,,,,,,,7.572001547619048e-05,0.3748089680816309,0.0010976153113095239,
2024-03-18 00:00:00+00:00,5.721652083333334e-05,5.80294e-05,24.0,0.0009523153291666666,0.0009642353,,,,,,,,7.724846845238096e-05,-0.19171478226250088,0.0011170979327380954,
2024-03-19 00:00:00+00:00,3.0398875e-05,7.95652e-05,24.0,0.0006213211458333333,0.0011365215,,,,,,,,7.29895136904762e-05,-1.1715321047121978,0.0010657317017857143,
2024-03-20 00:00:00+00:00,2.4380000000000004e-05,5.51861e-05,24.0,0.0002819052375,0.0009414888,,,,,,,,6.435632619047619e-05,-1.3062785822983518,0.0009376469482142857,
2024-03-21 00:00:00+00:00,2.053335e-05,4.3358e-05,24.0,0.0005827133375,0.0008468641,,,,,,,,5.128463095238096e-05,-1.3877893492848112,0.0008214228892857142,
2024-03-22 00:00:00+00:00,2.382521666666667e-05,1.25e-05,24.0,0.0005565909541666666,8.4931e-06,,,,,,,,4.1224725e-05,-1.2745885959326246,0.0007217992392857141,
2024-03-23 00:00:00+00:00,1.25e-05,1.25e-05,24.0,0.00023467952083333336,0.000304468,,,,,,,,3.452313273809524e-05,-1.6015039635990085,0.0006159984577380952,
2024-03-24 00:00:00+00:00,1.2636404166666667e-05,1.2953e-05,24.0,0.00045684640833333336,0.0006036239,,,,,,,,2.592719523809524e-05,-1.5556071862369143,0.0005266245619047618,
2024-03-25 00:00:00+00:00,3.619037916666667e-05,6.67123e-05,24.0,0.0007844654083333334,0.0010336983,,,,,,,,2.292346071428572e-05,-0.859536790413988,0.0005026460017857143,
2024-03-26 00:00:00+00:00,5.3928383333333334e-05,7.75516e-05,24.0,0.0009314270916666667,0.0011204125,,,,,,,,2.628481904761905e-05,-0.24698334890059073,0.0005469468511904763,
2024-03-27 00:00:00+00:00,6.1005691666666666e-05,0.0001158415,24.0,0.0009880455375,0.0014267318,,,,,,,,3.1517060714285714e-05,-0.01660340249638753,0.000647824036904762,
2024-03-28 00:00:00+00:00,6.002142083333333e-05,0.0001039827,24.0,0.0009801713416666667,0.0013318618,,,,,,,,3.7158213690476195e-05,-0.03308762311380037,0.0007046037517857142,
2024-03-29 00:00:00+00:00,7.224023333333333e-05,8.54532e-05,24.0,0.0010750554708333334,0.0011836258,,,,,,,,4.407464464285714e-05,0.42881186938012417,0.0007786701113095239,
2024-03-30 00:00:00+00:00,4.316370416666667e-05,4.81366e-05,24.0,0.0008453095916666668,0.0008850926,,,,,,,,4.845517380952382e-05,-0.5502691356742366,0.0008659029785714286,
2024-03-31 00:00:00+00:00,6.839366666666666e-05,7.10406e-05,24.0,0.0010471493000000001,0.0010683247,,,,,,,,5.6420497023809525e-05,0.29984688136752885,0.0009502319630952381,
2024-04-01 00:00:00+00:00,3.332392083333333e-05,3.56582e-05,24.0,0.000719777975,0.0007852658,,,,,,,,5.601100297619048e-05,-0.9084028024969792,0.0009409909011904762,
2024-04-02 00:00:00+00:00,4.3530320833333335e-05,6.90112e-05,24.0,0.0008460950666666667,0.0010520893,,,,,,,,5.452556547619048e-05,-0.5402822248841899,0.0009288006119047619,
2024-04-03 00:00:00+00:00,3.1264025e-05,1.77175e-05,24.0,0.0007269302875,0.0006417397,,,,,,,,5.027675595238095e-05,-0.9028642126991737,0.0008914984333333334,
2024-04-04 00:00:00+00:00,2.5223245833333334e-05,5.83479e-05,24.0,0.0006622533083333334,0.0009667832,,,,,,,,4.53055880952381e-05,-1.0725905497057056,0.0008460815714285715,
2024-04-05 00:00:00+00:00,3.5692129166666664e-05,2.26342e-05,24.0,0.0007235270791666667,0.0006810737,,,,,,,,4.008443035714286e-05,-0.6405246729823686,0.0007958632297619048,
2024-04-06 00:00:00+00:00,1.8692433333333334e-05,1.25e-05,24.0,0.0005265983583333334,0.0004430247,,,,,,,,3.658853452380953e-05,-1.2433103517284796,0.0007503330535714286,
2024-04-07 00:00:00+00:00,1.7142295833333334e-05,2.913e-05,24.0,0.0005805164125,0.00073304,,,,,,,,2.926691011904762e-05,-1.2178764494395444,0.0006836712125,
2024-04-08 00:00:00+00:00,2.1476954166666667e-05,3.73218e-05,24.0,0.0006015107541666667,0.0007985746,,,,,,,,2.757448630952381e-05,-0.9890542043041525,0.0006667758952380952,
2024-04-09 00:00:00+00:00,1.96769625e-05,3.99089e-05,24.0,0.000579255075,0.000819271,,,,,,,,2.416686369047619e-05,-0.9911153369317106,0.0006286558964285714,
2024-04-10 00:00:00+00:00,2.8560741666666668e-05,1.25e-05,24.0,0.0006789527208333333,0.000541623,,,,,,,,2.3780680357142856e-05,-0.6170049632712574,0.0006218019583333333,
2024-04-11 00:00:00+00:00,1.6302795833333333e-05,3.97774e-05,24.0,0.0005323654333333333,0.0008182193,,,,,,,,2.250633035714286e-05,-1.0225577077096784,0.0006032465476190475,
2024-04-12 00:00:00+00:00,2.987725e-05,1.25e-05,24.0,0.0005849954125,0.0005430029,,,,,,,,2.1675633333333333e-05,-0.4525118482531206,0.0005834563095238096,
2024-04-13 00:00:00+00:00,1.25e-05,1.25e-05,24.0,0.00036765181250000004,3.84107e-05,,,,,,,,2.0791e-05,-1.1716913783864003,0.0005607496601190476,
2024-04-14 00:00:00+00:00,2.1150291666666665e-05,1.25e-05,24.0,0.0003326400666666667,-0.0003765243,,,,,,,,2.1363570833333336e-05,-0.7499641897198985,0.0005253387535714287,
2024-04-15 00:00:00+00:00,7.290550000000001e-06,1.25e-05,24.0,-0.00014536510833333333,-0.0003636226,,,,,,,,1.9336941666666666e-05,-1.3781034571164417,0.0004186422017857143,
2024-04-16 00:00:00+00:00,1.3610883333333334e-05,1.25e-05,24.0,0.00026188745833333334,-0.0002247972,,,,,,,,1.847035892857143e-05,-1.0058160479450455,0.00037330397083333333,
2024-04-17 00:00:00+00:00,1.4128658333333334e-05,1.25e-05,24.0,0.00019149477916666669,-0.0003722201,,,,,,,,1.640863273809524e-05,-0.9171314825591597,0.00030366712202380955,
2024-04-18 00:00:00+00:00,9.549270833333334e-06,1.25e-05,24.0,-0.00024354400416666666,-0.0001516565,,,,,,,,1.544384345238095e-05,-1.112202349208748,0.0001928229166666667,
2024-04-19 00:00:00+00:00,5.263325e-06,-1.0787e-05,24.0,-0.0003828243458333333,-0.0005862958,,,,,,,,1.192756845238095e-05,-1.277712717433041,5.4562951190476214e-05,
2024-04-20 00:00:00+00:00,2.7095e-06,1.25e-05,24.0,-0.00020512845833333334,0.0001879231,,,,,,,,1.0528925595238096e-05,-1.343096314969865,-2.7262801785714273e-05,
2024-04-21 00:00:00+00:00,1.0975e-05,1.25e-05,24.0,7.866264583333335e-05,0.0003191145,,,,,,,,9.0753125e-06,-0.8765465506721962,-6.354529047619047e-05,
2024-04-22 00:00:00+00:00,9.352758333333333e-06,1.25e-05,24.0,6.292695833333333e-05,0.00050211,,,,,,,,9.36991369047619e-06,-0.9503117179227369,-3.378928095238094e-05,
2024-04-23 00:00:00+00:00,-3.442416666666666e-06,1.25e-05,24.0,-0.00011497860833333333,-3.92966e-05,,,,,,,,6.933727976190476e-06,-1.5301520055161932,-8.762729047619047e-05,
2024-04-24 00:00:00+00:00,1.1218533333333335e-05,-3.02684e-05,24.0,0.00012949000833333335,-0.0007421473,,,,,,,,6.5179958333333334e-06,-0.7537386388775689,-9.648511488095239e-05,
2024-04-25 00:00:00+00:00,5.083170833333334e-06,1.25e-05,24.0,-8.231779999999999e-05,0.000225006,,,,,,,,5.879981547619049e-06,-0.9925258414425758,-7.345279999999998e-05,
2024-04-26 00:00:00+00:00,1.2631658333333333e-05,1.25e-05,24.0,0.00022470537916666666,-0.0001258351,,,,,,,,6.932600595238095e-06,-0.5633601593568459,1.3337160714285714e-05,
2024-04-27 00:00:00+00:00,1.25e-05,1.25e-05,24.0,0.00012854791249999997,0.0004519707,,,,,,,,8.331243452380953e-06,-0.5206394474180241,6.100521369047618e-05,
2024-04-28 00:00:00+00:00,2.0474425e-05,2.696e-07,24.0,0.0003641223458333333,-0.0004978435,,,,,,,,9.688304166666668e-06,0.03831574018648287,0.00010178517083333332,
2024-04-29 00:00:00+00:00,1.1216729166666666e-05,1.25e-05,24.0,7.510991666666666e-05,0.000174011,,,,,,,,9.954585714285715e-06,-0.5402888530378429,0.00010352559345238094,
2024-04-30 00:00:00+00:00,1.20553625e-05,1.25e-05,24.0,-0.000146936,-0.000172098,,,,,,,,1.2168554166666666e-05,-0.462805624950456,9.896025178571428e-05,
2024-05-01 00:00:00+00:00,8.591141666666667e-06,-3.4744e-06,24.0,-0.00023464217916666669,-0.0005277949,,,,,,,,1.17932125e-05,-0.7364738841983002,4.694136785714284e-05,
2024-05-02 00:00:00+00:00,9.707941666666667e-06,1.25e-05,24.0,-0.000252287625,-0.0002598537,,,,,,,,1.2453894047619049e-05,-0.5956700790661397,2.2659964285714264e-05,
2024-05-03 00:00:00+00:00,1.0509458333333338e-06,-4.2545e-05,24.0,-0.00038343059999999997,-0.00084036,,,,,,,,1.0799506547619049e-05,-1.4866085952702042,-6.421660416666667e-05,
2024-05-04 00:00:00+00:00,-1.1091787499999999e-05,-5.9222e-05,24.0,-0.000572613175,-0.0009737763,,,,,,,,7.429251190476192e-06,-2.492773238218868,-0.0001643824738095238,
2024-05-05 00:00:00+00:00,-1.3354687499999999e-05,-6.20621e-05,24.0,-0.0005712381291666667,-0.0009964968,,,,,,,,2.596520833333334e-06,-2.5208831898869097,-0.0002980053988095238,
2024-05-06 00:00:00+00:00,3.173633333333333e-06,1.25e-05,24.0,-6.606174583333333e-05,0.000222328,,,,,,,,1.4475071428571433e-06,-0.7684194269371231,-0.00031817277916666665,
2024-05-07 00:00:00+00:00,1.7961854166666667e-05,1.25e-05,24.0,0.00040298567083333335,8.19335e-05,,,,,,,,2.2912916666666675e-06,0.7479633463046058,-0.0002396125404761905,
2024-05-08 00:00:00+00:00,1.9008479166666667e-05,1.25e-05,24.0,0.0003878987625,-0.0002271717,,,,,,,,3.7794827380952385e-06,0.8713544496696185,-0.00015067812023809523,
2024-05-09 00:00:00+00:00,6.473333333333365e-08,-2.0531e-06,24.0,-0.0003785260416666667,-0.0005164251,,,,,,,,2.401881547619048e-06,-1.0190979774397457,-0.00016871217976190475,
2024-05-10 00:00:00+00:00,1.9810508333333335e-05,8.98764e-05,24.0,7.667828333333334e-05,0.0012190109,,,,,,,,5.0818190476190485e-06,1.1014713426010352,-0.0001029823392857143,
2024-05-11 00:00:00+00:00,1.4472275e-05,2.9393e-06,24.0,6.038500833333334e-05,-0.0004764855,,,,,,,,8.733827976190476e-06,0.5319071185315082,-1.2554027380952396e-05,
2024-05-12 00:00:00+00:00,3.7542083333333338e-06,-2.50909e-05,24.0,-0.0003803191541666667,-0.0007007268,,,,,,,,1.1177955952380953e-05,-0.5901759788448538,1.4720111904761885e-05,
2024-05-13 00:00:00+00:00,4.3420625e-06,1.25e-05,24.0,-0.00020873228333333335,2.5845e-06,,,,,,,,1.1344874404761905e-05,-0.48756159581895053,-5.661393452380978e-06,
2024-05-14 00:00:00+00:00,1.10586125e-05,1.25e-05,24.0,-0.00017319433749999998,0.00019923,,,,,,,,1.0358697023809527e-05,0.36554498181601397,-8.797282321428574e-05,
2024-05-15 00:00:00+00:00,1.2314254166666667e-05,5.9608e-06,24.0,0.00010897444583333334,-0.0004523135,,,,,,,,9.402379166666667e-06,0.4981189367885122,-0.0001278191541666667,
2024-05-16 00:00:00+00:00,1.0751154166666667e-05,1.3244e-05,24.0,-7.59686375e-05,0.0006059524,,,,,,,,1.0929010714285716e-05,0.31909827822157405,-8.459666785714287e-05,
2024-05-17 00:00:00+00:00,3.240045833333333e-05,1.25e-05,24.0,0.0006663672416666666,0.0004437599,,,,,,,,1.2727575e-05,2.5815781886404863,-3.553880952381277e-07,
2024-05-18 00:00:00+00:00,2.3886175e-05,1.25e-05,24.0,0.00046545404583333335,0.0004498671,,,,,,,,1.4072417857142859e-05,1.5304562118343772,5.7511617261904735e-05,
2024-05-19 00:00:00+00:00,1.6624758333333335e-05,1.25e-05,24.0,0.0001065935125,0.0005276548,,,,,,,,1.591106785714286e-05,0.7261224285139783,0.00012707056964285712,
2024-05-20 00:00:00+00:00,1.840285e-05,0.0001489037,24.0,0.00023380669166666668,0.0016912292,,,,,,,,1.7919751785714284e-05,0.8534036847068491,0.0001902904232142857,
2024-05-21 00:00:00+00:00,7.380587083333333e-05,0.0001083067,24.0,0.0010782882,0.0013664532,,,,,,,,2.6883645833333332e-05,4.073780239496733,0.0003690736428571428,
2024-05-22 00:00:00+00:00,5.97606e-05,8.73477e-05,24.0,0.0009678232541666666,0.0011987813,,,,,,,,3.366169523809524e-05,2.6330079133272557,0.0004917663297619048,
2024-05-23 00:00:00+00:00,9.141290000000001e-05,1.25e-05,24.0,0.0012201346500000001,0.0003319553,,,,,,,,4.5184801785714285e-05,3.360318659627359,0.0006769239422619049,
2024-05-24 00:00:00+00:00,2.7367708333333334e-05,1.25e-05,24.0,0.0006189109416666667,0.0001552436,,,,,,,,4.44658375e-05,0.43887374621601494,0.0006701444708333333,
2024-05-25 00:00:00+00:00,3.1363604166666665e-05,1.25e-05,24.0,0.000715525975,0.0005041162,,,,,,,,4.5534041666666667e-05,0.5794940841890979,0.0007058690321428572,
2024-05-26 00:00:00+00:00,4.341617083333333e-05,6.18464e-05,24.0,0.0008471559041666666,0.0009947715,,,,,,,,4.936138630952381e-05,1.0565624080333935,0.0008116636595238096,
2024-05-27 00:00:00+00:00,4.490840833333334e-05,2.46336e-05,24.0,0.0008446265916666667,0.0006970691,,,,,,,,5.314789464285715e-05,1.0550695026223327,0.0008989236452380952,
2024-05-28 00:00:00+00:00,4.0618016666666666e-05,1.25e-05,24.0,0.0007869205291666666,0.000574595,,,,,,,,4.8406772619047615e-05,0.8291409226055246,0.0008572996922619049,
2024-05-29 00:00:00+00:00,1.55532125e-05,1.25e-05,24.0,0.0003494663583333333,0.0004032642,,,,,,,,4.2091431547619045e-05,-0.2531459586563115,0.0007689629928571428,
2024-05-30 00:00:00+00:00,1.4371804166666668e-05,1.25e-05,24.0,0.0004647815458333333,0.0001755436,,,,,,,,3.108556071428572e-05,-0.30764822912980966,0.0006610554065476189,
2024-05-31 00:00:00+00:00,1.93489e-05,2.7377e-05,24.0,0.0003876496708333334,0.0007190162,,,,,,,,2.9940016666666668e-05,-0.10937161953593709,0.0006280180821428571,
2024-06-01 00:00:00+00:00,3.113365e-05,1.25e-05,24.0,0.0007013271041666666,0.0002046259,,,,,,,,2.990716607142857e-05,0.37077871151065656,0.0006259896720238095,
2024-06-02 00:00:00+00:00,2.930498333333333e-05,6.64784e-05,24.0,0.0005809133791666667,0.0010318275,,,,,,,,2.789128214285714e-05,0.25425389984525104,0.0005879550255952381,
2024-06-03 00:00:00+00:00,4.350625416666667e-05,1.9035e-05,24.0,0.0008432890208333333,0.0006522801,,,,,,,,2.7690974404761906e-05,0.8246857241682738,0.0005877639440476191,
2024-06-04 00:00:00+00:00,2.3952750000000002e-05,4.44364e-05,24.0,0.0006729257583333333,0.0008554913,,,,,,,,2.5310222023809524e-05,-0.12721028050403804,0.0005714789767857142,
2024-06-05 00:00:00+00:00,5.8775741666666665e-05,3.25292e-05,24.0,0.0009646265041666668,0.0007602338,,,,,,,,3.148486904761905e-05,1.4381806108969404,0.0006593589976190477,
2024-06-06 00:00:00+00:00,2.7412162500000002e-05,6.75954e-05,24.0,0.0006747855958333333,0.0010407628,,,,,,,,3.334777738095238e-05,-0.06436011625743467,0.0006893595761904761,
2024-06-07 00:00:00+00:00,4.317359583333333e-05,2.96222e-05,24.0,0.0008255329916666667,0.0007369779,,,,,,,,3.675130535714286e-05,0.6456310978257764,0.0007519143363095238,
2024-06-08 00:00:00+00:00,4.303183333333334e-05,2.14775e-05,24.0,0.0008277816958333333,0.0006718198,,,,,,,,3.845104583333333e-05,0.5883439599468405,0.0007699792779761904,
2024-06-09 00:00:00+00:00,2.2628841666666664e-05,1.25e-05,24.0,0.0006288505291666667,0.0005608968,,,,,,,,3.749731130952382e-05,-0.4149821904874291,0.0007768274422619047,
2024-06-10 00:00:00+00:00,1.6629829166666665e-05,2.83087e-05,24.0,0.00030450123333333333,0.0007264694,,,,,,,,3.365782202380952e-05,-0.7145467375298301,0.0006998577583333334,
2024-06-11 00:00:00+00:00,3.7678525e-05,6.30801e-05,24.0,0.0006774583541666666,0.0010046407,,,,,,,,3.561864702380953e-05,0.2731155383856434,0.0007005052720238095,
2024-06-12 00:00:00+00:00,2.921130416666667e-05,1.25e-05,24.0,0.0006712397041666666,1.17819e-05,,,,,,,,3.1395155952380946e-05,-0.2061372831109577,0.0006585928720238094,
2024-06-13 00:00:00+00:00,2.04222625e-05,1.46079e-05,24.0,0.0002836368208333333,0.0006168629,,,,,,,,3.039659880952381e-05,-0.6962964861227406,0.0006027144755952382,
2024-06-14 00:00:00+00:00,2.8244508333333332e-05,4.4961e-05,24.0,0.000551736925,0.0008596881,,,,,,,,2.8263872023809526e-05,-0.31294432247392184,0.0005636007517857143,
2024-06-15 00:00:00+00:00,3.00854875e-05,1.25e-05,24.0,0.0005406238083333334,0.0004587386,,,,,,,,2.6414394047619046e-05,-0.25468336614418935,0.0005225781964285714,
2024-06-16 00:00:00+00:00,1.96120875e-05,1.25e-05,24.0,0.00047332147083333333,0.0004702423,,,,,,,,2.598342916666667e-05,-0.8102476243286298,0.0005003597595238095,
2024-06-17 00:00:00+00:00,3.6740083333333334e-05,1.25e-05,24.0,0.0007210192833333333,0.0005600409,,,,,,,,2.885632261904762e-05,0.11870454660858341,0.0005598623380952381,
2024-06-18 00:00:00+00:00,1.6483116666666668e-05,1.25e-05,24.0,0.0002568951875,-0.0002942236,,,,,,,,2.5828407142857145e-05,-1.0131466753200244,0.0004997818857142858,
2024-06-19 00:00:00+00:00,1.199865e-05,1.62464e-05,24.0,0.00010467762916666666,0.0006299711,,,,,,,,2.336945654761905e-05,-1.2354936090495825,0.00041884444642857144,
2024-06-20 00:00:00+00:00,1.936795e-05,1.25e-05,24.0,0.0004835308625,0.0005007603,,,,,,,,2.3218840476190476e-05,-0.7904508100040644,0.0004474007380952381,
2024-06-21 00:00:00+00:00,1.3971404166666667e-05,2.94132e-05,24.0,0.0003019878458333333,0.0007353059,,,,,,,,2.1179825595238094e-05,-1.052362422822763,0.0004117222982142857,
2024-06-22 00:00:00+00:00,1.7794283333333333e-05,1.63645e-05,24.0,0.0005487602833333334,0.0006309163,,,,,,,,1.9423939285714285e-05,-0.9207141563250494,0.00041288465178571435,
2024-06-23 00:00:00+00:00,2.1544095833333333e-05,1.25e-05,24.0,0.0005526709916666666,0.0001525483,,,,,,,,1.9699940476190475e-05,-0.5813567258297102,0.0004242202976190477,
2024-06-24 00:00:00+00:00,1.9192766666666667e-05,3.66857e-05,24.0,0.00027177056666666667,0.0007934859,,,,,,,,1.7193180952380954e-05,-0.7396229405723006,0.0003600419095238096,
2024-06-25 00:00:00+00:00,1.6499812500000002e-05,3.15667e-05,24.0,0.0004368891791666667,0.0007525335,,,,,,,,1.7195566071428573e-05,-0.9046941378773748,0.00038575533690476184,
2024-06-26 00:00:00+00:00,1.25e-05,1.25e-05,24.0,0.0001858039833333333,0.0001548186,,,,,,,,1.72671875e-05,-1.174304460008966,0.00039734481607142864,
2024-06-27 00:00:00+00:00,2.398389583333333e-05,7.7838e-05,24.0,0.00045012175833333335,0.001122704,,,,,,,,1.7926608333333334e-05,-0.13299630273578353,0.0003925720869047619,
2024-06-28 00:00:00+00:00,2.4202833333333335e-05,1.25e-05,24.0,0.00043820337916666667,0.0003032473,,,,,,,,1.938824107142857e-05,-0.1411414592499899,0.00041203144880952377,
2024-06-29 00:00:00+00:00,1.25e-05,1.25e-05,24.0,2.482708333333333e-05,-0.0002458911,,,,,,,,1.863191488095238e-05,-1.1884321075509081,0.0003371838488095238,
2024-06-30 00:00:00+00:00,1.4001470833333336e-05,1.25e-05,24.0,0.00021664238333333335,0.0005604895,,,,,,,,1.7554397023809525e-05,-1.0235941020963688,0.0002891797619047619,
2024-07-01 00:00:00+00:00,2.7248900000000003e-05,1.98689e-05,24.0,0.0005902681833333333,0.0006589514,,,,,,,,1.8705273214285713e-05,0.16585735460004597,0.0003346794214285714,
2024-07-02 00:00:00+00:00,3.286356666666667e-05,1.25e-05,24.0,0.0007280761583333333,0.0005694205,,,,,,,,2.104295238095238e-05,0.652645609961263,0.0003762775613095238,
2024-07-03 00:00:00+00:00,1.2612875e-05,1.25e-05,24.0,-4.450979583333334e-05,8.95603e-05,,,,,,,,2.105907738095238e-05,-1.0810981283407464,0.0003433755928571429,
2024-07-04 00:00:00+00:00,8.9887375e-06,1.25e-05,24.0,-0.00016909523333333333,0.0003478259,,,,,,,,1.8916911904761907e-05,-1.3225991576688738,0.0002549160226190476,
2024-07-05 00:00:00+00:00,9.542729166666667e-06,1.4553e-06,24.0,-0.00025449906666666664,-0.0004883578,,,,,,,,1.682261130952381e-05,-1.3404676223140415,0.00015595853035714287,
2024-07-06 00:00:00+00:00,-3.4782541666666664e-06,-1.48548e-05,24.0,-0.00029154192083333334,-0.0006188383,,,,,,,,1.4540003571428573e-05,-2.3408741445363104,0.00011076295833333334,
2024-07-07 00:00:00+00:00,-9.545999999999995e-07,-4.91458e-05,24.0,-0.0004850695166666666,-0.0008931662,,,,,,,,1.2403422023809523e-05,-1.9780676805292985,1.0518401190476197e-05,
2024-07-08 00:00:00+00:00,3.837412500000001e-06,1.78177e-05,24.0,-0.00011657514166666667,0.0006425418,,,,,,,,9.05892380952381e-06,-1.4767727018087793,-9.045921666666666e-05,
2024-07-09 00:00:00+00:00,1.2447870833333334e-05,1.25e-05,24.0,5.847609166666667e-05,0.00015552,,,,,,,,6.142395833333334e-06,-0.5756456358257309,-0.00018611636904761905,
2024-07-10 00:00:00+00:00,7.3124250000000006e-06,1.25e-05,24.0,-0.00015381227916666667,-0.00021606,,,,,,,,5.385188690476191e-06,-1.0389913634544077,-0.00020173100952380953,
2024-07-11 00:00:00+00:00,1.0144691666666668e-05,1.25e-05,24.0,-1.22009125e-05,-0.0002594011,,,,,,,,5.550325000000001e-06,-0.714220242361875,-0.00017931753511904762,
2024-07-12 00:00:00+00:00,1.2386795833333334e-05,1.25e-05,24.0,0.000193291825,0.0002466919,,,,,,,,5.956620238095239e-06,-0.4321291773433415,-0.00011534740773809525,
2024-07-13 00:00:00+00:00,1.55154625e-05,2.26822e-05,24.0,0.0005067903208333333,0.0006814577,,,,,,,,8.670008333333333e-06,-0.07817312170896915,-1.2999446428571247e-06,
2024-07-14 00:00:00+00:00,1.5963916666666665e-05,1.25e-05,24.0,0.0002847067541666667,0.0001922065,,,,,,,,1.1086939285714288e-05,0.014869177521208933,0.00010866809404761907,
2024-07-15 00:00:00+00:00,1.1615316666666667e-05,1.25e-05,24.0,0.0001281359125,6.19666e-05,,,,,,,,1.2198068452380953e-05,-0.4186855598898436,0.00014362681607142856,
2024-07-16 00:00:00+00:00,1.9735854166666668e-05,1.25e-05,24.0,0.00011723608333333333,-0.0002443782,,,,,,,,1.3239208928571427e-05,0.5252983735732657,0.0001520211005952381,
2024-07-17 00:00:00+00:00,1.4723900000000001e-05,1.25e-05,24.0,0.0002930175958333333,-0.0003107734,,,,,,,,1.4297991071428572e-05,0.03153557479331205,0.00021585393988095237,
2024-07-18 00:00:00+00:00,1.2863379166666667e-05,1.25e-05,24.0,0.00019510088749999998,0.0005014944,,,,,,,,1.4686374999999999e-05,-0.19817116606916962,0.00024546848273809525,
2024-07-19 00:00:00+00:00,2.156505e-05,1.25e-05,24.0,0.000363076325,0.0002274743,,,,,,,,1.5997554166666667e-05,0.8970804178740653,0.0002697234113095238,
2024-07-20 00:00:00+00:00,1.25e-05,1.25e-05,24.0,0.00014101839166666668,0.000501916,,,,,,,,1.556677380952381e-05,-0.2561508382839286,0.00021747027857142856,
2024-07-21 00:00:00+00:00,2.245215e-05,1.25e-05,24.0,0.0006122553,0.0003373335,,,,,,,,1.6493664285714285e-05,0.9933927457884024,0.0002642629279761905,
2024-07-22 00:00:00+00:00,2.564960416666667e-05,7.75478e-05,24.0,0.0006413409083333334,0.0011203822,,,,,,,,1.8498562500000004e-05,1.3310176263890239,0.0003375779273809524,
2024-07-23 00:00:00+00:00,5.2015483333333334e-05,4.75645e-05,24.0,0.0009104033958333333,0.0008805158,,,,,,,,2.3109938095238095e-05,3.452429843727123,0.00045088754345238094,
2024-07-24 00:00:00+00:00,2.4457383333333334e-05,1.81764e-05,24.0,0.0006495897083333333,0.0006454116,,,,,,,,2.4500435714285716e-05,0.7853626914197026,0.0005018264166666667,
2024-07-25 00:00:00+00:00,1.3754045833333333e-05,1.25e-05,24.0,7.820204166666667e-05,0.0002927695,,,,,,,,2.4627673809523812e-05,-0.22251098708588832,0.00048512658154761904,
2024-07-26 00:00:00+00:00,1.25e-05,1.25e-05,24.0,6.07707e-05,2.82078e-05,,,,,,,,2.3332666666666664e-05,-0.341535418629403,0.0004419400636904762,
2024-07-27 00:00:00+00:00,1.25103375e-05,1.25e-05,24.0,0.00025169567083333335,0.0001064389,,,,,,,,2.3334143452380953e-05,-0.30682440344333783,0.0004577511035714285,
2024-07-28 00:00:00+00:00,1.25e-05,1.25e-05,24.0,0.0001730500375,-5.88734e-05,,,,,,,,2.1912407738095237e-05,-0.27335189996317716,0.00039500749464285717,
2024-07-29 00:00:00+00:00,2.1677658333333336e-05,1.25e-05,24.0,0.0005822476708333334,0.0004121898,,,,,,,,2.1344986904761903e-05,0.582055948240451,0.0003865656035714286,
2024-07-30 00:00:00+00:00,3.587855e-05,1.25e-05,24.0,0.0006381075375,6.27847e-05,,,,,,,,1.9039710714285717e-05,1.7715037761636707,0.0003476661952380952,
2024-07-31 00:00:00+00:00,1.9257129166666667e-05,1.25e-05,24.0,0.00039603638333333334,1.97929e-05,,,,,,,,1.8296817261904763e-05,0.29173263383793463,0.00031144429166666664,
2024-08-01 00:00:00+00:00,1.0588483333333334e-05,1.25e-05,24.0,-0.00022698701666666666,-8.80841e-05,,,,,,,,1.784459404761905e-05,-0.4577661107565255,0.00026784585476190476,
2024-08-02 00:00:00+00:00,9.035308333333335e-06,1.23367e-05,24.0,-0.0003452805875,-0.0004013063,,,,,,,,1.7349638095238096e-05,-0.592550831154187,0.0002098385279761905,
2024-08-03 00:00:00+00:00,1.0437162500000001e-05,1.25e-05,24.0,-0.000384149,-0.0003933107,,,,,,,,1.705347023809524e-05,-0.46431253790089994,0.00011900357499999999,
2024-08-04 00:00:00+00:00,7.050883333333334e-06,-3.3e-09,24.0,-0.00037622640833333336,-0.0005000264,,,,,,,,1.6275025e-05,-0.7766899242779001,4.053551130952381e-05,
2024-08-05 00:00:00+00:00,6.271316666666668e-06,1.25e-05,24.0,-0.0002250176,-0.000154842,,,,,,,,1.4074119047619049e-05,-0.9222125737001999,-7.478809880952381e-05,
2024-08-06 00:00:00+00:00,1.1516933333333333e-05,1.07558e-05,24.0,-0.0002721305291666667,-0.0004139539,,,,,,,,1.0593888095238097e-05,-0.4618768565235834,-0.00020482210833333334,
2024-08-07 00:00:00+00:00,-2.0868875e-05,-5.34104e-05,24.0,-0.0006543790124999999,-0.0009272832,,,,,,,,4.861601785714286e-06,-3.1246610940452797,-0.0003548814505952381,
2024-08-08 00:00:00+00:00,-1.8221708333333334e-05,-1.11281e-05,24.0,-0.0006444184291666666,-0.0005890249,,,,,,,,7.458601190476193e-07,-2.481208114881271,-0.00041451450952380953,
2024-08-09 00:00:00+00:00,-1.6962454166666668e-05,-6.8631e-06,24.0,-0.0006338203124999999,-0.000554905,,,,,,,,-2.9681059523809522e-06,-2.135466865046069,-0.00045573447023809527,
2024-08-10 00:00:00+00:00,6.6147e-06,1.25e-05,24.0,-0.0003578011125,-0.0002371214,,,,,,,,-3.5141720238095242e-06,-0.46119449336791296,-0.0004519704863095238,
2024-08-11 00:00:00+00:00,1.2299075000000002e-05,1.25e-05,24.0,-1.6686470833333336e-05,-0.0001371497,,,,,,,,-2.7644303571428564e-06,-0.060830346604554,-0.0004006076380952381,
2024-08-12 00:00:00+00:00,1.25e-05,1.25e-05,24.0,0.0001244808375,0.000507839,,,,,,,,-1.874618452380952e-06,-0.03962866835777694,-0.0003506792898809523,
2024-08-13 00:00:00+00:00,1.1960475e-05,1.25e-05,24.0,-6.627199999999999e-05,0.0002390386,,,,,,,,-1.8112553571428573e-06,-0.06827290416900787,-0.0003212709285714286,
2024-08-14 00:00:00+00:00,1.2304075000000001e-05,1.25e-05,24.0,-5.122224999999998e-06,3.47881e-05,,,,,,,,2.927737500000001e-06,-0.045681211305403376,-0.00022851995892857142,
2024-08-15 00:00:00+00:00,-4.925430434782608e-06,1.25e-05,23.0,-0.0004506638826086957,-0.000348793,,,,,,,,4.827205771221533e-06,-1.1768563703005417,-0.00020084073799171842,
2024-08-16 00:00:00+00:00,-2.4720041666666665e-06,-1.60358e-05,24.0,-0.00046476280833333334,-0.0006282866,,,,,,,,6.897270056935819e-06,-0.9527584569688213,-0.00017668966596790891,
2024-08-17 00:00:00+00:00,-2.542079166666666e-06,-1.29614e-05,24.0,-0.0004805469625,-0.0006036912,,,,,,,,5.589158747412009e-06,-0.9090692129583069,-0.00019422478739648032,
2024-08-18 00:00:00+00:00,-5.383541666666666e-07,7.7667e-06,24.0,-0.0004278033541666667,-0.0004378662,,,,,,,,3.7552402950310567e-06,-0.7252893637764553,-0.00025295577072981365,
2024-08-19 00:00:00+00:00,7.072483333333334e-06,1.25e-05,24.0,-0.000401211825,-0.0003173824,,,,,,,,2.979880771221533e-06,-0.2041215272688976,-0.0003280547225155279,
2024-08-20 00:00:00+00:00,9.57345e-06,-1.001e-06,24.0,-0.0003005582333333333,-0.0005080078,,,,,,,,2.6388771997929616e-06,-0.008324725961957097,-0.00036152418442028986,
2024-08-21 00:00:00+00:00,-1.4828125000000003e-06,1.25e-05,24.0,-0.00046156239583333334,-0.0001521,,,,,,,,6.693218426501043e-07,-0.7040025699835325,-0.00042672992311076604,
2024-08-22 00:00:00+00:00,1.2109654166666668e-05,1.25e-05,24.0,-0.00010974714166666667,-1.17922e-05,,,,,,,,3.102905357142858e-06,0.38316559239571724,-0.0003780275315476191,
2024-08-23 00:00:00+00:00,1.25e-05,1.25e-05,24.0,0.00011062687083333335,0.0002674112,,,,,,,,5.241763095238096e-06,0.46299315747146713,-0.00029582900595238095,
2024-08-24 00:00:00+00:00,1.2522066666666667e-05,5.1172e-06,24.0,0.00019016929583333332,-0.0004590622,,,,,,,,7.39378392857143e-06,0.469251586074537,-0.00020001239761904761,
2024-08-25 00:00:00+00:00,1.07605625e-05,1.25e-05,24.0,-8.34288333333333e-06,0.0001629167,,,,,,,,9.007914880952382e-06,0.32456388538205805,-0.0001400894732142857,
2024-08-26 00:00:00+00:00,3.522008333333334e-06,1.25e-05,24.0,-0.0003953806958333333,-0.0001942687,,,,,,,,8.500704166666667e-06,-0.2694073811806454,-0.00013925645476190477,
2024-08-27 00:00:00+00:00,8.8015125e-06,1.22519e-05,24.0,-0.00036979773333333335,-0.0004019851,,,,,,,,8.390427380952381e-06,0.19449956902770005,-0.0001491478119047619,
2024-08-28 00:00:00+00:00,1.0524745833333334e-05,8.9704e-06,24.0,-0.00020499295833333332,-0.000428237,,,,,,,,1.0105792857142857e-05,0.38564038695156955,-0.00011249503511904763,
2024-08-29 00:00:00+00:00,1.1788120833333334e-05,1.25e-05,24.0,-0.00016790701666666665,-0.00030017,,,,,,,,1.0059859523809524e-05,0.6502491643578223,-0.0001208035886904762,
2024-08-30 00:00:00+00:00,1.2172420833333335e-05,1.25e-05,24.0,-0.0001683546,-0.0001934931,,,,,,,,1.00130625e-05,0.7325407997274646,-0.00016065808452380952,
2024-08-31 00:00:00+00:00,2.92815e-06,-1.1864e-06,24.0,-0.00045421440416666664,-0.0005094914,,,,,,,,8.642502976190477e-06,-0.2035481199418237,-0.0002527128988095238,
2024-09-01 00:00:00+00:00,-7.701708333333333e-06,-8.5205e-06,24.0,-0.0005533945333333334,-0.0005681643,,,,,,,,6.005035714285716e-06,-1.2265361840295275,-0.0003305774202380952,
2024-09-02 00:00:00+00:00,6.787375e-06,1.25e-05,24.0,-0.0003634402083333333,-0.0002095532,,,,,,,,6.471516666666668e-06,0.26602809302308517,-0.0003260144934523809,
2024-09-03 00:00:00+00:00,-9.573258333333334e-06,-1.46271e-05,24.0,-0.0005619300458333333,-0.000617017,,,,,,,,3.846549404761905e-06,-1.3157967514020863,-0.0003534619666666667,
2024-09-04 00:00:00+00:00,2.2537333333333335e-06,4.6276e-06,24.0,-0.0004444672708333333,-0.0004629795,,,,,,,,2.6649761904761915e-06,-0.12495033540820563,-0.00038767258273809523,
2024-09-05 00:00:00+00:00,-5.915095833333334e-06,-6.7671e-06,24.0,-0.000547320725,-0.0005541366,,,,,,,,1.3594523809523864e-07,-0.8790088885274446,-0.0004418745410714286,
2024-09-06 00:00:00+00:00,2.3751125e-06,8.9261e-06,24.0,-0.0004771615875,-0.0004285908,,,,,,,,-1.263670238095238e-06,-0.14730498117902266,-0.00048598982500000005,
2024-09-07 00:00:00+00:00,7.820433333333332e-06,1.25e-05,24.0,-0.00043415865416666666,-0.0003581255,,,,,,,,-5.647726190476191e-07,0.4055462522201278,-0.00048312471785714285,
2024-09-08 00:00:00+00:00,1.25e-05,1.25e-05,24.0,-0.00016262379583333332,-0.0002954313,,,,,,,,2.321185714285714e-06,0.9880999630516503,-0.0004273003267857143,
2024-09-09 00:00:00+00:00,1.0536383333333333e-05,-2.42779e-05,24.0,-0.0003119646291666667,-0.0006942231,,,,,,,,2.856758333333333e-06,0.6847677208049269,-0.0004199466726190477,
2024-09-10 00:00:00+00:00,1.1253933333333333e-05,1.25e-05,24.0,-0.00017085297083333333,-0.0003999812,,,,,,,,5.832071428571428e-06,0.7943912093044595,-0.00036407851904761906,
2024-09-11 00:00:00+00:00,9.103991666666666e-06,1.5331e-06,24.0,-0.00039868507500000005,-0.0004877349,,,,,,,,6.810679761904761e-06,0.5121281765436302,-0.0003575382053571429,
2024-09-12 00:00:00+00:00,1.25e-05,1.25e-05,24.0,-0.00019892265833333333,-0.000144579,,,,,,,,9.441407738095237e-06,0.9941755779895796,-0.00030776705297619057,
2024-09-13 00:00:00+00:00,1.0817720833333334e-05,1.25e-05,24.0,-0.00027949700833333334,3.3143e-06,,,,,,,,1.0647494642857142e-05,0.7654131983566629,-0.00027952925595238097,
2024-09-14 00:00:00+00:00,1.25e-05,1.25e-05,24.0,-1.3415929166666664e-05,0.000149445,,,,,,,,1.1316004166666667e-05,0.9480163317498719,-0.00021942315238095237,
2024-09-15 00:00:00+00:00,1.1715370833333334e-05,6.9699e-06,24.0,-9.93792375e-05,-0.0004442405,,,,,,,,1.1203914285714286e-05,0.7764338615613964,-0.00021038821547619048,
2024-09-16 00:00:00+00:00,1.25e-05,1.25e-05,24.0,-2.2763500000000007e-06,0.0003147346,,,,,,,,1.148443095238095e-05,0.8372346362320559,-0.00016614703273809523,
2024-09-17 00:00:00+00:00,1.25e-05,1.25e-05,24.0,0.00017863378333333332,-2.54568e-05,,,,,,,,1.1662440476190476e-05,0.7812073703155245,-0.00011622035357142857,
2024-09-18 00:00:00+00:00,4.3663958333333336e-06,1.25e-05,24.0,-0.00039718450416666666,-0.0003389712,,,,,,,,1.0985641071428571e-05,-0.4717040418344618,-0.00011600598630952381,
2024-09-19 00:00:00+00:00,9.928441666666668e-06,1.25e-05,24.0,-0.00022507444999999998,-0.0001511466,,,,,,,,1.0618275595238095e-05,0.3904734343103546,-0.00011974195654761904,
2024-09-20 00:00:00+00:00,1.2659233333333334e-05,1.63216e-05,24.0,0.00031342479583333334,0.0006305726,,,,,,,,1.0881348809523811e-05,0.7599666267928418,-3.5038841666666666e-05,
2024-09-21 00:00:00+00:00,1.53679625e-05,1.89981e-05,24.0,0.0005801864625,0.0006519849,,,,,,,,1.1291057738095239e-05,1.1549614031695155,4.976150000000001e-05,
2024-09-22 00:00:00+00:00,1.3303541666666666e-05,1.25e-05,24.0,9.534100833333334e-05,-2.32329e-05,,,,,,,,1.1517939285714286e-05,0.8246896169520361,7.757867797619048e-05,
2024-09-23 00:00:00+00:00,1.21769125e-05,1.25e-05,24.0,0.00010676576666666667,1.11723e-05,,,,,,,,1.147178392857143e-05,0.6514322438465927,9.315612321428571e-05,
2024-09-24 00:00:00+00:00,1.2833879166666668e-05,1.25e-05,24.0,0.00044591297916666666,0.0005971946,,,,,,,,1.1519480952380953e-05,0.7384895855542059,0.0001313388654761905,
2024-09-25 00:00:00+00:00,1.2832270833333335e-05,1.25e-05,24.0,-3.295609583333333e-05,-0.0001679902,,,,,,,,1.2728891666666666e-05,0.6903484861812776,0.00018337149523809526,
2024-09-26 00:00:00+00:00,1.25e-05,1.25e-05,24.0,0.00011422390833333333,0.0002330623,,,,,,,,1.3096257142857144e-05,0.6154215089464895,0.0002318426892857143,
2024-09-27 00:00:00+00:00,1.25e-05,1.25e-05,24.0,0.00022606937083333333,0.000562217,,,,,,,,1.3073509523809524e-05,0.6023688646034837,0.00021936334285714286,
2024-09-28 00:00:00+00:00,1.304315e-05,1.25e-05,24.0,0.00011922709166666666,-0.0002581739,,,,,,,,1.2741393452380953e-05,0.6767273939601196,0.00015351200416666668,
2024-09-29 00:00:00+00:00,1.25e-05,1.25e-05,24.0,-9.680147083333334e-05,9.02708e-05,,,,,,,,1.2626601785714285e-05,0.5913854158365068,0.0001260630785714286,
2024-09-30 00:00:00+00:00,1.3072670833333333e-05,1.25e-05,24.0,0.000445791675,0.000475131,,,,,,,,1.2754567261904762e-05,0.6313633663984143,0.0001744953511904762,
2024-10-01 00:00:00+00:00,2.23265625e-05,1.25e-05,24.0,0.0006117862666666666,7.72692e-05,,,,,,,,1.4110664880952382e-05,2.0101931748760467,0.00019819153511904764,
2024-10-02 00:00:00+00:00,1.1683958333333334e-05,1.25e-05,24.0,0.00027616545416666666,-0.0003091174,,,,,,,,1.394662023809524e-05,0.2532651996912265,0.00024235175654761906,
2024-10-03 00:00:00+00:00,1.2336016666666667e-05,1.25e-05,24.0,-0.00021718194583333333,-0.0003206443,,,,,,,,1.3923194047619048e-05,0.3023193603724938,0.0001950080630952381,
2024-10-04 00:00:00+00:00,7.546495833333334e-06,-1.11659e-05,24.0,-0.0003472080041666667,-0.0005893275,,,,,,,,1.3215550595238095e-05,-0.7528228394390658,0.00011311129523809522,
2024-10-05 00:00:00+00:00,1.0819312499999999e-05,1.25e-05,24.0,-0.00034300391249999997,-0.0002880946,,,,,,,,1.2897859523809525e-05,-0.23148572139265153,4.707829464285714e-05,
2024-10-06 00:00:00+00:00,5.4093041666666676e-06,-2.63927e-05,24.0,-0.00038724750416666665,-0.0007111413,,,,,,,,1.1884902976190477e-05,-2.0221348187543926,5.586004166666671e-06,
2024-10-07 00:00:00+00:00,7.5003e-06,-1.35519e-05,24.0,-0.0003520302958333334,-0.0006084151,,,,,,,,1.108885e-05,-1.3402382016380943,-0.0001083885630952381,
2024-10-08 00:00:00+00:00,-6.073129166666666e-06,1.25e-05,24.0,-0.0004829140125,-0.0001542491,,,,,,,,7.03175119047619e-06,-3.8120736354152043,-0.00026477431726190475,
2024-10-09 00:00:00+00:00,7.811279166666667e-06,-3.02774e-05,24.0,-0.00036407795416666666,-0.0007422195,,,,,,,,6.4785113095238096e-06,-0.6982211474162591,-0.0003562376613095238,
2024-10-10 00:00:00+00:00,-3.3286916666666662e-06,-1.1515e-05,24.0,-0.0005095509374999999,-0.0005921199,,,,,,,,4.240695833333333e-06,-2.641283237189042,-0.0003980046601190476,
2024-10-11 00:00:00+00:00,5.5273500000000005e-06,1.25e-05,24.0,-0.00041517248750000006,-0.0003776597,,,,,,,,3.952246428571429e-06,-0.9132523618563818,-0.0004077138720238095,
2024-10-12 00:00:00+00:00,2.651025e-06,1.25e-05,24.0,-0.000440431475,-0.0002596613,,,,,,,,2.785348214285715e-06,-1.3512551194981575,-0.0004216320952380952,
2024-10-13 00:00:00+00:00,9.961929166666666e-06,1.25e-05,24.0,-0.00030586315833333334,-0.000321012,,,,,,,,3.4357232142857145e-06,-0.009834458187550833,-0.00041000576011904764,
2024-10-14 00:00:00+00:00,5.055504166666667e-06,1.25e-05,24.0,-0.00044105930833333336,-0.000337505,,,,,,,,3.086466666666667e-06,-0.8534085091150968,-0.00042272419047619046,
2024-10-15 00:00:00+00:00,3.418025e-06,-1.03564e-05,24.0,-0.00033219200416666667,-0.0005828512,,,,,,,,4.442345833333334e-06,-1.079191370359358,-0.00040119247500000003,
2024-10-16 00:00:00+00:00,1.1136125e-05,1.25e-05,24.0,-0.0001419537625,-0.0002377113,,,,,,,,4.91732380952381e-06,0.30148022687462317,-0.0003694604476190476,
2024-10-17 00:00:00+00:00,9.384912500000001e-06,1.25e-05,24.0,-0.0003580391958333333,-0.0003287008,,,,,,,,6.733552976190477e-06,0.007748647857575549,-0.00034781591309523805,
2024-10-18 00:00:00+00:00,1.25e-05,1.25e-05,24.0,-2.65348875e-05,-6.9683e-05,,,,,,,,7.729645833333334e-06,0.5225527486097659,-0.0002922962559523809,
2024-10-19 00:00:00+00:00,1.25e-05,1.25e-05,24.0,5.502410833333333e-05,8.09567e-05,,,,,,,,9.136642261904764e-06,0.5047585323431237,-0.00022151688690476184,
2024-10-20 00:00:00+00:00,1.2222595833333335e-05,1.25e-05,24.0,-0.000137170775,6.3962e-06,,,,,,,,9.459594642857145e-06,0.4580152483534801,-0.00019741797499999995,
2024-10-21 00:00:00+00:00,1.25e-05,1.25e-05,24.0,-6.174820833333333e-06,-0.0001946113,,,,,,,,1.0523094047619048e-05,0.5327342532891884,-0.0001352916196428571,
2024-10-22 00:00:00+00:00,1.1495370833333333e-05,5.0007e-06,24.0,-0.00023675665833333334,-0.0004599941,,,,,,,,1.1677000595238096e-05,0.3621009334052395,-0.00012165799880952378,
2024-10-23 00:00:00+00:00,1.2256995833333334e-05,1.25e-05,24.0,-0.00026842532083333335,-0.0002409313,,,,,,,,1.1837125000000002e-05,0.5016704299811404,-0.00013972536428571425,
2024-10-24 00:00:00+00:00,1.25e-05,1.25e-05,24.0,-0.0001747888833333333,-0.000281783,,,,,,,,1.22821375e-05,0.5491082115292877,-0.0001135467482142857,
2024-10-25 00:00:00+00:00,9.1627875e-06,1.25e-05,24.0,-0.00036478479583333337,-0.0002276042,,,,,,,,1.1805392857142857e-05,-0.04350091528096508,-0.00016186816369047617,
2024-10-26 00:00:00+00:00,1.25e-05,1.25e-05,24.0,-0.00020538874166666667,-0.0002161853,,,,,,,,1.1805392857142857e-05,0.5754608073916806,-0.00019906999940476187,
2024-10-27 00:00:00+00:00,1.25e-05,1.25e-05,24.0,-0.0001747683916666667,-0.0001639263,,,,,,,,1.1845022023809523e-05,0.5754608073916803,-0.00020444108749999998,
2024-10-28 00:00:00+00:00,1.2197225e-05,1.25e-05,24.0,-0.00023756769166666667,-0.0001583092,,,,,,,,1.1801768452380954e-05,0.526246275569429,-0.0002374972119047619,
2024-10-29 00:00:00+00:00,1.25e-05,1.25e-05,24.0,4.719820416666667e-05,0.0004977433,,,,,,,,1.1945286904761906e-05,0.5825860601365508,-0.00019693223154761903,
2024-10-30 00:00:00+00:00,1.4018445833333334e-05,1.25e-05,24.0,0.0005070609041666667,0.0003486048,,,,,,,,1.219692261904762e-05,0.8552603549347306,-8.614848511904758e-05,
2024-10-31 00:00:00+00:00,1.25e-05,1.25e-05,24.0,0.00025430580833333335,0.000201575,,,,,,,,1.2196922619047621e-05,0.7052492003540073,-2.484924345238091e-05,
2024-11-01 00:00:00+00:00,1.25e-05,1.25e-05,24.0,0.0001390592625,-7.04309e-05,,,,,,,,1.2673667261904763e-05,0.6971586856063897,4.7128479166666706e-05,
2024-11-02 00:00:00+00:00,1.2161645833333333e-05,1.25e-05,24.0,-0.0001906282708333333,-0.0002326747,,,,,,,,1.2625330952380952e-05,0.6294677388960961,4.923711785714291e-05,
2024-11-03 00:00:00+00:00,6.043441666666666e-06,-8.374e-07,24.0,-0.0004424180625,-0.0005066994,,,,,,,,1.1702965476190478e-05,-0.6128458046851748,1.1001450595238132e-05,
2024-11-04 00:00:00+00:00,4.32975e-07,-1.20505e-05,24.0,-0.0004965362374999999,-0.0005964042,,,,,,,,1.0022358333333332e-05,-1.611588708631605,-2.59940559523809e-05,
2024-11-05 00:00:00+00:00,8.404354166666668e-06,1.25e-05,24.0,0.00010922277083333333,4.57746e-05,,,,,,,,9.437266071428571e-06,-0.07731898561018671,-1.7133403571428517e-05,
2024-11-06 00:00:00+00:00,5.969324166666667e-05,0.0001128549,24.0,0.0009401635291666667,0.0014028392,,,,,,,,1.5962236904761905e-05,4.643623117669107,4.4738400000000046e-05,
2024-11-07 00:00:00+00:00,4.590822916666667e-05,3.77647e-05,24.0,0.0008643608333333334,0.0008021177,,,,,,,,2.0734841071428573e-05,2.8171231956149203,0.0001318891178571429,
2024-11-08 00:00:00+00:00,3.09096125e-05,1.25e-05,24.0,0.0007179626375000001,0.0004848729,,,,,,,,2.3364785714285713e-05,1.4434327177980502,0.00021458960000000007,
2024-11-09 00:00:00+00:00,4.340281666666667e-05,2.09524e-05,24.0,0.0008419140833333333,0.0006676191,,,,,,,,2.782781011904762e-05,2.188116533966493,0.00036209565059523816,
2024-11-10 00:00:00+00:00,5.0760345833333333e-05,7.52506e-05,24.0,0.0009060827833333333,0.0011020049,,,,,,,,3.421593928571429e-05,2.3733751346780285,0.0005547386285714287,
2024-11-11 00:00:00+00:00,7.494249166666666e-05,5.26072e-05,24.0,0.0010995399166666667,0.0009208572,,,,,,,,4.486015595238096e-05,3.1527829169839263,0.0007827495077380954,
2024-11-12 00:00:00+00:00,7.985637500000001e-05,3.77225e-05,24.0,0.0011388510416666666,0.0008017804,,,,,,,,5.50675875e-05,2.80708804403129,0.0009298392607142859,
2024-11-13 00:00:00+00:00,2.6417358333333334e-05,7.39475e-05,24.0,0.000677069475,0.0010915803,,,,,,,,5.0313889880952384e-05,0.23331287023168013,0.0008922543958333334,
2024-11-14 00:00:00+00:00,5.840289583333334e-05,1.80826e-05,24.0,0.0009672232916666666,0.000644661,,,,,,,,5.2098842261904774e-05,1.622151843146834,0.0009069490327380952,
2024-11-15 00:00:00+00:00,2.3915720833333335e-05,3.99404e-05,24.0,0.000620348125,0.0008195229,,,,,,,,5.109971488095238e-05,0.004631634230273016,0.0008930041023809525,
2024-11-16 00:00:00+00:00,5.035429583333333e-05,4.90904e-05,24.0,0.0008904781125,0.0008927235,,,,,,,,5.209278333333333e-05,1.1541503084523004,0.0008999418208333334,
2024-11-17 00:00:00+00:00,1.6651529166666666e-05,1.7219e-05,24.0,0.0004776065333333334,0.0006377521,,,,,,,,4.7220095238095234e-05,-0.3987487261265617,0.0008387309279761906,
2024-11-18 00:00:00+00:00,7.033009583333333e-05,0.0001134975,24.0,0.0010626406875,0.0014079798,,,,,,,,4.6561181547619044e-05,1.8661314159108577,0.0008334596095238096,
2024-11-19 00:00:00+00:00,6.65382125e-05,2.02393e-05,24.0,0.001032305725,0.0006619145,,,,,,,,4.465858690476191e-05,1.562965310310371,0.0008182388500000001,
2024-11-20 00:00:00+00:00,3.7689841666666665e-05,4.58019e-05,24.0,0.0008015187708333332,0.0008664154,,,,,,,,4.626894166666666e-05,0.3270972701464071,0.0008360173208333334,
2024-11-21 00:00:00+00:00,4.0451608333333336e-05,6.98487e-05,24.0,0.0008174514458333333,0.00105879,,,,,,,,4.3704472023809525e-05,0.4056764281653114,0.0008146213428571428,
2024-11-22 00:00:00+00:00,7.277126666666667e-05,7.06613e-05,24.0,0.0010821701166666667,0.0010652907,,,,,,,,5.068383571428572e-05,1.6244342327723458,0.0008805959130952382,
2024-11-23 00:00:00+00:00,6.885366250000001e-05,6.1675e-05,24.0,0.0010508293291666667,0.0009934,,,,,,,,5.332660238095239e-05,1.3587083606894261,0.0009035032297619049,
2024-11-24 00:00:00+00:00,4.722240416666667e-05,6.33515e-05,24.0,0.0008729998666666667,0.0010068117,,,,,,,,5.769387023809524e-05,0.4529722360203964,0.0009599879916666668,
2024-11-25 00:00:00+00:00,5.38851875e-05,6.66324e-05,24.0,0.0009310815,0.0010330588,,,,,,,,5.5344597619047616e-05,0.6723092613172869,0.0009411938220238095,
2024-11-26 00:00:00+00:00,4.4999925000000004e-05,9.45558e-05,24.0,0.0008599994,0.0012564462,,,,,,,,5.226769940476191e-05,0.2702653625108713,0.0009165786327380952,
2024-11-27 00:00:00+00:00,6.035397083333334e-05,4.80922e-05,24.0,0.00098283175,0.0008847378,,,,,,,,5.550543214285715e-05,0.848465259791639,0.0009424804869047619,
2024-11-28 00:00:00+00:00,2.6402175e-05,2.73657e-05,24.0,0.0006936599,0.0007189258,,,,,,,,5.349837023809524e-05,-0.6036199812110612,0.0009247959803571429,
2024-11-29 00:00:00+00:00,4.1722029166666666e-05,6.35313e-05,24.0,0.0007750395291666667,0.0010082507,,,,,,,,4.906276488095238e-05,0.010450585226644434,0.0008809201821428573,
2024-11-30 00:00:00+00:00,8.062282083333334e-05,6.02891e-05,24.0,0.0011449825375,0.0009823125,,,,,,,,5.074407321428572e-05,1.5815434365318317,0.0008943706404761905,
2024-12-01 00:00:00+00:00,4.2314774999999995e-05,9.3265e-05,24.0,0.0008286535208333333,0.00124612,,,,,,,,5.004298333333334e-05,-0.10783202988539034,0.0008880354482142858,
2024-12-02 00:00:00+00:00,4.275142083333333e-05,2.85783e-05,24.0,0.00080085415,0.000728626,,,,,,,,4.845244523809524e-05,-0.13890168698495708,0.0008694315410714286,
2024-12-03 00:00:00+00:00,4.6678254166666666e-05,8.29193e-05,24.0,0.0008671655416666667,0.0011633546,,,,,,,,4.869220654761905e-05,-0.021749752142030756,0.0008704552755952382,
2024-12-04 00:00:00+00:00,7.425110416666667e-05,7.15792e-05,24.0,0.0010940088166666666,0.0010726333,,,,,,,,5.067751130952381e-05,1.3020794667412903,0.0008863377136904762,
2024-12-05 00:00:00+00:00,0.00010242972083333332,0.0001013962,24.0,0.0013194377916666668,0.0013111694,,,,,,,,6.153858928571428e-05,2.5283064042372128,0.000975734555357143,
2024-12-06 00:00:00+00:00,9.882013333333333e-05,7.80877e-05,24.0,0.0012905610958333332,0.0011247014,,,,,,,,6.969546130952381e-05,2.0968306729736415,0.0010493804934523809,
2024-12-07 00:00:00+00:00,6.57380375e-05,4.29318e-05,24.0,0.0010259043666666667,0.0008434541,,,,,,,,6.756906369047618e-05,0.516365548723123,0.001032369326190476,
2024-12-08 00:00:00+00:00,3.9035333333333336e-05,5.24442e-05,24.0,0.000790634225,0.0009195535,,,,,,,,6.710057202380952e-05,-0.7525247982405705,0.0010269379982142859,
2024-12-09 00:00:00+00:00,4.924215416666667e-05,2.48398e-05,24.0,0.0008881719291666668,0.0006987184,,,,,,,,6.802781964285714e-05,-0.28026745481732934,0.0010394119666666667,
2024-12-10 00:00:00+00:00,3.82445125e-05,4.20624e-05,24.0,0.0007679581249999999,0.0008364995,,,,,,,,6.68229994047619e-05,-0.7746503588300422,0.0010252394785714286,
2024-12-11 00:00:00+00:00,2.3647483333333333e-05,2.33284e-05,24.0,0.0006297947208333334,0.0006866275,,,,,,,,5.959391071428571e-05,-1.3561853394266195,0.0009589231791666668,
2024-12-12 00:00:00+00:00,2.8634170833333333e-05,4.96124e-05,24.0,0.0006506163291666666,0.0008968992,,,,,,,,4.905168928571428e-05,-1.0553996001669184,0.0008633772559523811,
2024-12-13 00:00:00+00:00,3.17479125e-05,1.25e-05,24.0,0.0007260994458333334,0.0005705989,,,,,,,,3.946994345238096e-05,-0.9270350168133709,0.0007827398773809525,
2024-12-14 00:00:00+00:00,1.4323770833333334e-05,1.25e-05,24.0,0.0003327362666666667,0.0003618977,,,,,,,,3.2125048214285715e-05,-1.6007911053627757,0.0006837158630952382,
2024-12-15 00:00:00+00:00,4.503595416666667e-05,0.0001121601,24.0,0.0007184099916666666,0.0013972807,,,,,,,,3.298227976190476e-05,-0.2612645958010473,0.0006733981154761905,
2024-12-16 00:00:00+00:00,7.912737083333334e-05,4.37729e-05,24.0,0.0011231106541666667,0.0008501831,,,,,,,,3.725159642857143e-05,1.2261102279504177,0.0007069607904761904,
2024-12-17 00:00:00+00:00,3.84461875e-05,1.25e-05,24.0,0.00078051365,0.0001878451,,,,,,,,3.728040714285714e-05,-0.6481627198799159,0.000708754436904762,
2024-12-18 00:00:00+00:00,3.225292916666667e-05,1.25e-05,24.0,0.0005865287416666667,0.0003177154,,,,,,,,3.8509756547619047e-05,-0.8755177131134481,0.0007025735827380953,
2024-12-19 00:00:00+00:00,1.7849004166666667e-05,7.198e-06,24.0,0.00024700170416666666,-0.0004424164,,,,,,,,3.696901845238095e-05,-1.4266732565709417,0.0006449143505952382,
2024-12-20 00:00:00+00:00,5.5188625e-06,3.0312e-06,24.0,-0.0003699141541666667,-0.0004757507,,,,,,,,3.3222011309523814e-05,-1.8246315463609397,0.0004883409791666668,
2024-12-21 00:00:00+00:00,8.074708333333333e-07,1.25e-05,24.0,-0.0004887793041666666,-0.0003637295,,,,,,,,3.129111130952381e-05,-1.848634027688289,0.000370981611904762,
2024-12-22 00:00:00+00:00,7.902591666666668e-06,1.25e-05,24.0,-0.0003338352125,-0.0003951803,,,,,,,,2.598634523809524e-05,-1.4499563125684192,0.00022066086845238102,
2024-12-23 00:00:00+00:00,1.0035608333333334e-05,1.25e-05,24.0,-0.00021446094166666668,0.0002967318,,,,,,,,1.611609345238095e-05,-1.2719993273512848,2.9579211904761973e-05,
2024-12-24 00:00:00+00:00,1.7763608333333336e-05,1.25e-05,24.0,0.0004294413875,0.0003376144,,,,,,,,1.3161439285714287e-05,-0.92205703593494,-2.0573968452380896e-05,
2024-12-25 00:00:00+00:00,1.3725362500000002e-05,1.25e-05,24.0,0.00046286225,0.0004736036,,,,,,,,1.0514644047619048e-05,-1.0095493143351242,-3.824061011904756e-05,
2024-12-26 00:00:00+00:00,1.25e-05,1.25e-05,24.0,-1.5879708333333335e-05,4.77552e-05,,,,,,,,9.750500595238095e-06,-0.9971728461251309,-7.579509761904755e-05,
2024-12-27 00:00:00+00:00,1.25e-05,1.25e-05,24.0,5.3083750000000005e-05,0.0001941035,,,,,,,,1.0747805952380953e-05,-0.9335357309094979,-1.5366825595238036e-05,
2024-12-28 00:00:00+00:00,1.3050033333333334e-05,1.25e-05,24.0,0.00039116233333333334,0.0002879423,,,,,,,,1.2496743452380954e-05,-0.8872806617006029,0.00011033912261904768,
2024-12-29 00:00:00+00:00,1.25e-05,1.25e-05,24.0,0.00015492952083333332,7.11137e-05,,,,,,,,1.3153516071428571e-05,-0.8606803397083772,0.000180162655952381,
2024-12-30 00:00:00+00:00,2.13502625e-05,1.25e-05,24.0,0.0005685927125,0.0003978054,,,,,,,,1.476989523809524e-05,-0.4940480629005769,0.0002920274636904763,
2024-12-31 00:00:00+00:00,1.25e-05,1.25e-05,24.0,2.286733333333333e-05,-0.0002580937,,,,,,,,1.4017951190476191e-05,-0.779404862662199,0.00023394545595238102,
2025-01-01 00:00:00+00:00,1.4136108333333333e-05,2.8249e-05,24.0,0.0002949393833333333,0.000725992,,,,,,,,1.4076629166666666e-05,-0.679522904630653,0.00020995647500000007,
2025-01-02 00:00:00+00:00,2.0060833333333333e-05,1.25e-05,24.0,0.0005303995333333333,0.0001372458,,,,,,,,1.5156748214285715e-05,-0.4302459188436004,0.0002879963666666667,
2025-01-03 00:00:00+00:00,1.62481375e-05,1.25e-05,24.0,0.0004954346875000001,0.0005323966,,,,,,,,1.569219642857143e-05,-0.519966832788844,0.00035118935773809535,
2025-01-04 00:00:00+00:00,1.4098104166666667e-05,1.25e-05,24.0,0.0003358785666666667,0.00041841,,,,,,,,1.5841920833333334e-05,-0.5716675793084299,0.0003432916767857143,
2025-01-05 00:00:00+00:00,1.25e-05,1.25e-05,24.0,0.00012950147083333333,6.11095e-05,,,,,,,,1.5841920833333334e-05,-0.6425695285344566,0.00033965909821428574,
2025-01-06 00:00:00+00:00,1.25e-05,1.25e-05,24.0,2.5511583333333305e-06,-0.0002403146,,,,,,,,1.457759761904762e-05,-0.6012651902469845,0.0002587960190476191,
2025-01-07 00:00:00+00:00,1.25e-05,1.25e-05,24.0,-2.6585895833333337e-05,0.0005277267,,,,,,,,1.457759761904762e-05,-0.5543969258835916,0.0002517312720238096,
2025-01-08 00:00:00+00:00,1.6982858333333335e-05,5.9757e-05,24.0,0.00027232359583333334,0.000978056,,,,,,,,1.498427619047619e-05,-0.21857588652866927,0.0002485004452380953,
2025-01-09 00:00:00+00:00,8.644583333333334e-06,-9.4063e-06,24.0,-7.547245416666668e-05,-0.0005752504,,,,,,,,1.3353383333333335e-05,-0.7173308027658357,0.00016194730416666677,
2025-01-10 00:00:00+00:00,2.286929166666667e-06,1.25e-05,24.0,-0.0004687666375,-0.0003052624,,,,,,,,1.1358925e-05,-1.0762661969612648,2.4204257738095298e-05,
2025-01-11 00:00:00+00:00,1.25e-05,1.25e-05,24.0,3.175157916666667e-05,0.0001965934,,,,,,,,1.1130624404761906e-05,-0.36830356049696034,-1.92424547619047e-05,
2025-01-12 00:00:00+00:00,1.25e-05,1.25e-05,24.0,0.0003320883125,0.000150298,,,,,,,,1.1130624404761904e-05,-0.32997464544270544,9.69852261904768e-06,
2025-01-13 00:00:00+00:00,1.25e-05,1.25e-05,24.0,6.135291666666667e-06,3.88571e-05,,,,,,,,1.1130624404761904e-05,-0.32551792564749743,1.0210541666666731e-05,
2025-01-14 00:00:00+00:00,6.6342708333333334e-06,1.25e-05,24.0,-0.0003805728875,-0.0003643953,,,,,,,,1.0292663095238095e-05,-0.67138795346114,-4.0359028571428505e-05,
2025-01-15 00:00:00+00:00,6.280566666666666e-06,1.25e-05,24.0,-0.0003658958916666667,-0.0003661658,,,,,,,,8.763764285714287e-06,-0.9714117157399127,-0.0001315332410714285,
2025-01-16 00:00:00+00:00,1.1753054166666668e-05,1.25e-05,24.0,-3.1338658333333334e-05,5.03153e-05,,,,,,,,9.207831547619048e-06,-0.1668754325515085,-0.00012522841309523804,
2025-01-17 00:00:00+00:00,1.5268691666666667e-05,1.25e-05,24.0,0.0003195858375,0.0002907715,,,,,,,,1.1062369047619048e-05,0.6559370833103568,-1.2606630952380889e-05,
2025-01-18 00:00:00+00:00,1.0268883333333334e-05,1.25e-05,24.0,-4.865998333333333e-05,0.0004162911,,,,,,,,1.0743638095238096e-05,-0.3607984329822763,-2.4093997023809458e-05,
2025-01-19 00:00:00+00:00,4.6444504166666665e-05,4.1813e-06,24.0,0.0006512085375,-0.0004665494,,,,,,,,1.5592852976190476e-05,4.320961913949065,2.1494606547619115e-05,
2025-01-20 00:00:00+00:00,4.04639125e-05,2.24156e-05,24.0,0.0006400325583333334,0.0006793248,,,,,,,,1.958769761904762e-05,2.943133563645104,0.00011205135892857149,
2025-01-21 00:00:00+00:00,1.4036429166666668e-05,2.95477e-05,24.0,0.00027768505416666666,0.0007363812,,,,,,,,2.064514880952381e-05,-0.08988344988685466,0.0002060882077380953,
2025-01-22 00:00:00+00:00,1.4424937499999999e-05,1.25e-05,24.0,0.00031563305833333334,-0.0002437319,,,,,,,,2.1808630357142862e-05,-0.06235446129507175,0.00030344948630952386,
2025-01-23 00:00:00+00:00,9.391795833333333e-06,1.25e-05,24.0,-0.00024722742916666665,0.0005850152,,,,,,,,2.147130773809524e-05,-0.6092718658373388,0.00027260823333333337,
2025-01-24 00:00:00+00:00,1.2953495833333333e-05,1.25e-05,24.0,0.00029660134166666665,-6.7609e-06,,,,,,,,2.1140565476190478e-05,-0.1962509524357971,0.0002693247339285715,
2025-01-25 00:00:00+00:00,1.1929637500000001e-05,1.25e-05,24.0,-0.00026204797083333333,-0.0001450169,,,,,,,,2.1377816071428575e-05,-0.31166131854766993,0.00023884073571428578,
2025-01-26 00:00:00+00:00,1.2236691666666668e-05,6.1806e-06,24.0,-0.0001348695625,-0.0004505553,,,,,,,,1.6490985714285714e-05,-0.2752729536445526,0.00012654386428571435,
2025-01-27 00:00:00+00:00,-4.0610291666666665e-06,1.25e-05,24.0,-0.000459604925,-0.0001065932,,,,,,,,1.0130279761904762e-05,-1.9394344125240928,-3.05472047619047e-05,
2025-01-28 00:00:00+00:00,7.062029166666668e-06,-2.08873e-05,24.0,-0.00027927097500000004,-0.0006670986,,,,,,,,9.133936904761906e-06,-0.7231667426422427,-0.00011011235178571423,
2025-01-29 00:00:00+00:00,1.0047616666666667e-05,1.25e-05,24.0,-0.00019840216666666666,-0.0002280085,,,,,,,,8.508605357142857e-06,-0.3697927914116958,-0.0001835459553571428,
2025-01-30 00:00:00+00:00,1.2313633333333335e-05,1.25e-05,24.0,0.000152498775,0.0003508902,,,,,,,,8.926010714285715e-06,-0.12661733810052148,-0.00012644221190476182,
2025-01-31 00:00:00+00:00,1.34528375e-05,1.25e-05,24.0,0.00041586950000000003,0.0005946829,,,,,,,,8.99734523809524e-06,-0.002276880009108918,-0.00010940390357142852,
2025-02-01 00:00:00+00:00,1.0316566666666667e-05,-1.65547e-05,24.0,3.730024583333333e-05,-0.0006324373,,,,,,,,8.766906547619049e-06,-0.3053633363775637,-6.663987261904756e-05,
2025-02-02 00:00:00+00:00,4.4708333333335016e-09,5.9224e-06,24.0,-0.00048476613333333333,-0.0004526205,,,,,,,,7.019446428571428e-06,-1.318447995344301,-0.00011662509702380947,
2025-02-03 00:00:00+00:00,1.1708770833333333e-05,1.25e-05,24.0,-0.00014397082083333334,-5.5895e-06,,,,,,,,9.272275000000001e-06,-0.08574745939369373,-7.153451071428566e-05,
2025-02-04 00:00:00+00:00,7.815537500000001e-06,1.25e-05,24.0,-0.000203268825,-0.0001925993,,,,,,,,9.379919047619047e-06,-0.4748830842779988,-6.0677060714285645e-05,
2025-02-05 00:00:00+00:00,1.25e-05,1.25e-05,24.0,-6.914242083333333e-05,-0.0001134543,,,,,,,,9.730259523809525e-06,0.013334418087943193,-4.221138273809518e-05,
2025-02-06 00:00:00+00:00,1.25e-05,1.25e-05,24.0,0.00011268249166666667,0.0003573208,,,,,,,,9.756883333333335e-06,0.01333441808794337,-4.7899423214285655e-05,
2025-02-07 00:00:00+00:00,1.0974779166666666e-05,3.8385e-06,24.0,-0.00012853665833333333,-0.0004692922,,,,,,,,9.402875000000001e-06,-0.12523479097636225,-0.000125671731547619,
2025-02-08 00:00:00+00:00,1.2103616666666667e-05,6.6309e-06,24.0,-0.00026936954166666664,-0.0004469529,,,,,,,,9.658167857142858e-06,-0.01924199528502507,-0.00016948170119047612,
2025-02-09 00:00:00+00:00,9.1207625e-06,-1.5209e-06,24.0,-0.00035210551250000003,-0.0005121673,,,,,,,,1.0960495238095238e-05,-0.3623119962664256,-0.00015053018392857139,
2025-02-10 00:00:00+00:00,8.620795833333333e-06,-2.62569e-05,24.0,-0.0003061982083333333,-0.0007100552,,,,,,,,1.0519355952380954e-05,-0.40072615230159975,-0.00017370552499999995,
2025-02-11 00:00:00+00:00,1.11368625e-05,1.25e-05,24.0,-0.0002735728583333333,-0.0001554126,,,,,,,,1.0993830952380952e-05,-0.12804042645119332,-0.00018374895833333328,
2025-02-12 00:00:00+00:00,1.25e-05,1.25e-05,24.0,-0.000129429725,7.46825e-05,,,,,,,,1.0993830952380954e-05,0.017010976559458286,-0.0001923614303571428,
2025-02-13 00:00:00+00:00,1.1385737500000001e-05,1.25e-05,24.0,-0.00017587353333333334,-0.0003313699,,,,,,,,1.0834650595238095e-05,-0.11916722895417507,-0.0002335837196428571,
2025-02-14 00:00:00+00:00,1.1186050000000001e-05,1.25e-05,24.0,-0.00027091444583333333,-0.0002640266,,,,,,,,1.0864832142857142e-05,-0.159255450019798,-0.0002539234035714285,
2025-02-15 00:00:00+00:00,-1.6465041666666667e-06,-2.0097e-06,24.0,-0.000511645075,-0.0005160775,,,,,,,,8.900529166666666e-06,-1.4395680769226935,-0.000288534194047619,
2025-02-16 00:00:00+00:00,1.232975e-06,-8.5751e-06,24.0,-0.000489679875,-0.0005686006,,,,,,,,7.77370238095238e-06,-1.0712824842660034,-0.0003081876744047619,
2025-02-17 00:00:00+00:00,4.069791666666667e-06,1.25e-05,24.0,-0.0004272876666666667,-0.0003088487,,,,,,,,7.123558928571429e-06,-0.7537503909905885,-0.0003254861684523809,
2025-02-18 00:00:00+00:00,8.503633333333333e-06,1.25e-05,24.0,-0.00032240953333333334,2.4952e-05,,,,,,,,6.747383333333334e-06,-0.23922921620004078,-0.00033246283630952375,
2025-02-19 00:00:00+00:00,1.25e-05,1.25e-05,24.0,-0.00013818604166666667,-0.0002153737,,,,,,,,6.747383333333333e-06,0.6616955375472849,-0.00033371373869047616,
2025-02-20 00:00:00+00:00,1.1045408333333334e-05,7.0062e-06,24.0,-0.00015004965,-0.0004439507,,,,,,,,6.698764880952381e-06,0.38330425675667473,-0.00033002461249999993,
2025-02-21 00:00:00+00:00,9.922950000000001e-06,1.25e-05,24.0,-0.00019505102916666668,0.0005232385,,,,,,,,6.518322023809524e-06,0.18020484488383087,-0.000319186981547619,
2025-02-22 00:00:00+00:00,1.2541620833333333e-05,1.25e-05,24.0,0.00022339358750000002,-5.43602e-05,,,,,,,,8.545197023809524e-06,0.7201462386385388,-0.00021418145833333326,
2025-02-23 00:00:00+00:00,5.760416666666667e-06,-2.15919e-05,24.0,-0.0003592863083333333,-0.0006727354,,,,,,,,9.191974404761905e-06,-0.6915003363609303,-0.00019555380595238093,
2025-02-24 00:00:00+00:00,-4.847245833333333e-06,-1.38292e-05,24.0,-0.0005312147375,-0.0006106336,,,,,,,,7.918111904761905e-06,-2.5331935170386366,-0.0002104005303571428,
2025-02-25 00:00:00+00:00,2.9365833333333376e-07,-1.29782e-05,24.0,-0.00046456310833333333,-0.0006038259,,,,,,,,6.745258333333334e-06,-1.4328434357728668,-0.0002307081839285714,
2025-02-26 00:00:00+00:00,-5.409354166666666e-06,1.25e-05,24.0,-0.0005235176,3.3405e-05,,,,,,,,4.186779166666667e-06,-2.435307951619843,-0.0002857555494047619,
2025-02-27 00:00:00+00:00,8.463575000000001e-06,8.5653e-06,24.0,-0.0003046325083333333,-0.0004314774,,,,,,,,3.817945833333334e-06,0.08376715534158222,-0.00030783881488095227,
2025-02-28 00:00:00+00:00,-4.785308333333333e-06,-3.83356e-05,24.0,-0.0005135726083333334,-0.0008066846,,,,,,,,1.7167660714285714e-06,-2.0679605351939596,-0.00035334189761904763,
2025-03-01 00:00:00+00:00,-1.0539220833333333e-05,1.25e-05,24.0,-0.0005305134291666666,-2.00925e-05,,,,,,,,-1.5804970238095234e-06,-2.571722951728029,-0.0004610428999999999,
2025-03-02 00:00:00+00:00,1.25e-05,1.25e-05,24.0,1.9489333333333322e-06,0.0001112839,,,,,,,,-6.176994047619043e-07,0.8643968384749959,-0.00040943786547619046,
2025-03-03 00:00:00+00:00,1.1603320833333334e-05,1.25e-05,24.0,-0.00017757863333333333,-0.0003810305,,,,,,,,1.732381547619048e-06,0.720970671504516,-0.00035891842202380957,
2025-03-04 00:00:00+00:00,-6.7520625e-06,1.25e-05,24.0,-0.0005342802916666667,-0.0003010209,,,,,,,,7.258500000000003e-07,-1.882317101778566,-0.0003688780196428571,
2025-03-05 00:00:00+00:00,8.527029166666667e-06,2.8122e-06,24.0,-0.00038663724166666666,-0.0004775027,,,,,,,,2.7167619047619056e-06,0.2998536523447398,-0.0003493236827380952,
2025-03-06 00:00:00+00:00,-3.2264625e-06,-2.3893e-06,24.0,-0.0005258116875,-0.0005191142,,,,,,,,1.0467565476190478e-06,-1.2874034369335894,-0.0003809207083333333,
2025-03-07 00:00:00+00:00,1.2314583333333334e-06,-1.17451e-05,24.0,-0.00048361368333333336,-0.0005939608,,,,,,,,1.906294642857143e-06,-0.6219214233922027,-0.00037664086190476183,
2025-03-08 00:00:00+00:00,-6.669525e-06,-9.7142e-06,24.0,-0.0005533562208333334,-0.0005777139,,,,,,,,2.4591083333333332e-06,-1.5869167636428334,-0.0003799041178571428,
2025-03-09 00:00:00+00:00,-8.455375e-06,-8.7589e-06,24.0,-0.0005676430750000001,-0.0005700715,,,,,,,,-5.345166666666669e-07,-1.6714195172874535,-0.0004612744047619047,
2025-03-10 00:00:00+00:00,4.845595833333334e-06,9.9325e-06,24.0,-0.00043390393333333333,-0.0004205396,,,,,,,,-1.4999059523809527e-06,0.09140124971691067,-0.0004978923047619047,
2025-03-11 00:00:00+00:00,3.039458333333336e-07,1.25e-05,24.0,-0.000486718125,-0.0003878091,,,,,,,,-4.919047619047621e-07,-0.4728599756021393,-0.0004910977095238095,
2025-03-12 00:00:00+00:00,-3.9965416666666637e-07,2.3627e-06,24.0,-0.00043349839166666664,-0.0004810987,,,,,,,,-1.7671452380952385e-06,-0.5275747418150948,-0.0004977921595238095,
2025-03-13 00:00:00+00:00,7.157708333333336e-07,1.25e-05,24.0,-0.00045931284166666667,-5.61112e-05,,,,,,,,-1.203969047619048e-06,-0.3382355266525933,-0.0004882923244047619,
2025-03-14 00:00:00+00:00,7.766104166666668e-06,-4.941e-06,24.0,-0.000421467425,-0.0005395283,,,,,,,,-2.704482142857145e-07,0.6517055966853829,-0.0004794142875,
2025-03-15 00:00:00+00:00,3.3765958333333333e-06,7.052e-06,24.0,-0.00047149567916666664,-0.0004435843,,,,,,,,1.1647119047619045e-06,0.08333290537383364,-0.0004677199244047619,
2025-03-16 00:00:00+00:00,-1.1077116666666666e-05,-1.1914e-05,24.0,-0.0005886169291666667,-0.0005953124,,,,,,,,7.901773809523805e-07,-1.7957640038846627,-0.00047071618928571426,
2025-03-17 00:00:00+00:00,-1.2221795833333333e-05,-1.19992e-05,24.0,-0.0005977742875,-0.0005959932,,,,,,,,-1.6480214285714287e-06,-1.7990768053312156,-0.0004941262398809523,
2025-03-18 00:00:00+00:00,1.5733583333333335e-06,1.25e-05,24.0,-0.0004481026125,-0.0001329134,,,,,,,,-1.4666767857142858e-06,-0.017067890506833376,-0.000488609738095238,
2025-03-19 00:00:00+00:00,1.2483729166666666e-05,1.25e-05,24.0,-0.0001771403,-0.0002978486,,,,,,,,3.7380654761904747e-07,1.3168253945808914,-0.0004519871535714285,
2025-03-20 00:00:00+00:00,8.064916666666666e-06,1.25e-05,24.0,-0.0004065309083333333,-0.0003623704,,,,,,,,1.4236845238095237e-06,0.7655266539314045,-0.0004444468773809524,
2025-03-21 00:00:00+00:00,7.338716666666667e-06,1.06782e-05,24.0,-0.00041651646249999996,-0.0004145743,,,,,,,,1.3626291666666666e-06,0.7121666400726034,-0.0004437395970238095,
2025-03-22 00:00:00+00:00,9.9400625e-06,1.0157e-06,24.0,-0.00036841414999999996,-0.0004918742,,,,,,,,2.300267261904762e-06,1.0571514301637788,-0.0004290136642857143,
2025-03-23 00:00:00+00:00,8.560670833333333e-06,5.4288e-06,24.0,-0.00034141859583333337,-0.0004565695,,,,,,,,5.105665476190476e-06,0.8899618498041111,-0.00039369961666666664,
2025-03-24 00:00:00+00:00,6.541408333333333e-06,4.6119e-06,24.0,-0.000438105875,-0.0004631052,,,,,,,,7.786123214285713e-06,0.6722923102781846,-0.0003708898434523809,
2025-03-25 00:00:00+00:00,1.1452474999999999e-05,7.7164e-06,24.0,-0.0003425403208333333,-0.0004382689,,,,,,,,9.197425595238093e-06,1.2731030937817027,-0.00035580951607142855,
2025-03-26 00:00:00+00:00,8.048929166666666e-06,-2.7757e-06,24.0,-0.0004273349125,-0.0005222057,,,,,,,,8.563882738095237e-06,0.7742283860106283,-0.0003915516035714285,
2025-03-27 00:00:00+00:00,9.92845e-06,6.5764e-06,24.0,-0.00041652314583333333,-0.0004473885,,,,,,,,8.830101785714284e-06,0.9629791022304046,-0.00039297906607142855,
2025-03-28 00:00:00+00:00,-3.5152e-06,1.0562e-05,24.0,-0.0005246492458333333,-0.0004155043,,,,,,,,7.279542261904761e-06,-0.7839757351032581,-0.00040842660654761897,
2025-03-29 00:00:00+00:00,2.908283333333334e-06,-1.26138e-05,24.0,-0.0004429622458333333,-0.0006009105,,,,,,,,6.27500238095238e-06,0.07517268166461082,-0.00041907633452380953,
2025-03-30 00:00:00+00:00,-1.1526891666666666e-05,3.3259e-06,24.0,-0.0005922151666666667,-0.0004733927,,,,,,,,3.405350595238095e-06,-1.7201713199714068,-0.00045490441607142857,
2025-03-31 00:00:00+00:00,-8.179958333333333e-07,-4.1057e-06,24.0,-0.0005065439708333334,-0.0005328459,,,,,,,,2.3540071428571424e-06,-0.42889394877977804,-0.0004646812869047619,
2025-04-01 00:00:00+00:00,7.718291666666667e-06,1.25e-05,24.0,-0.00041854559166666665,-0.0003751184,,,,,,,,1.8205523809523808e-06,0.7341110467112002,-0.00047553918273809525,
2025-04-02 00:00:00+00:00,7.7739625e-06,-8.9498e-06,24.0,-0.00042019095416666666,-0.0005715984,,,,,,,,1.7812714285714284e-06,0.7728449399869295,-0.0004745186172619048,
2025-04-03 00:00:00+00:00,-9.2901e-06,-2.487e-07,24.0,-0.0005743208375,-0.0005019892,,,,,,,,-9.642357142857144e-07,-1.5341643101241884,-0.0004970611446428571,
2025-04-04 00:00:00+00:00,-9.069679166666666e-06,-1.25862e-05,24.0,-0.0005725573833333333,-0.0006006897,,,,,,,,-1.7577327380952381e-06,-1.3939402977322894,-0.0005039051642857143,
2025-04-05 00:00:00+00:00,-7.761054166666667e-06,-1.5329e-05,24.0,-0.0005620884666666667,-0.000622632,,,,,,,,-3.2819238095238096e-06,-1.178998852289837,-0.0005209231958333333,
2025-04-06 00:00:00+00:00,-1.0539258333333332e-05,-9.7826e-06,24.0,-0.0005843140541666667,-0.0005782611,,,,,,,,-3.1408333333333335e-06,-1.4330099288549412,-0.0005197944654761904,
2025-04-07 00:00:00+00:00,-1.3753579166666667e-05,-3.9582e-06,24.0,-0.00059952525,-0.0005316658,,,,,,,,-4.98877380952381e-06,-1.733622991996047,-0.0005330775053571428,
2025-04-08 00:00:00+00:00,-1.5417454166666665e-05,-3.4562e-05,24.0,-0.0006151786583333333,-0.0007764957,,,,,,,,-8.293880357142857e-06,-1.8279729747456568,-0.0005611679434523809,
2025-04-09 00:00:00+00:00,-1.3639679166666667e-05,7.6049e-06,24.0,-0.0006022870416666667,-0.0004391611,,,,,,,,-1.1352972023809525e-05,-1.4959859977595318,-0.0005871816702380952,
2025-04-10 00:00:00+00:00,-1.3779925e-05,-6.0027e-06,24.0,-0.0006102394541666667,-0.0005480215,,,,,,,,-1.1994375595238094e-05,-1.4070571954572497,-0.0005923129011904761,
2025-04-11 00:00:00+00:00,-7.543241666666667e-06,-8.8452e-06,24.0,-0.0005603458916666667,-0.0005707616,,,,,,,,-1.1776313095238094e-05,-0.708323468194407,-0.0005905684023809523,
2025-04-12 00:00:00+00:00,-1.49079375e-05,1.25e-05,24.0,-0.0005927763041666667,-0.0003457045,,,,,,,,-1.2797296428571428e-05,-1.3843545872170326,-0.0005949523791666666,
2025-04-13 00:00:00+00:00,-3.5523791666666663e-06,-5.9835e-06,24.0,-0.0005216941541666667,-0.0005478678,,,,,,,,-1.1799170833333333e-05,-0.18656556318060813,-0.0005860066791666666,
2025-04-14 00:00:00+00:00,7.4263875000000006e-06,-1.5083e-06,24.0,-0.0004059250958333333,-0.0005120667,,,,,,,,-8.773461309523811e-06,0.9302288133002601,-0.0005583495142857143,
2025-04-15 00:00:00+00:00,-2.2016833333333333e-06,-5.1194e-06,24.0,-0.0005176135291666666,-0.0005409548,,,,,,,,-6.885494047619047e-06,-0.09157697339695743,-0.0005444116386904761,
2025-04-16 00:00:00+00:00,-1.1371395833333333e-05,-4.7558e-06,24.0,-0.0005909711916666666,-0.0005380465,,,,,,,,-6.561453571428571e-06,-1.0569832952824993,-0.0005427950886904762,
2025-04-17 00:00:00+00:00,-2.3599083333333334e-06,-3.3379e-06,24.0,-0.0005188792625,-0.0005267028,,,,,,,,-4.9300226190476196e-06,-0.09784759999449566,-0.0005297436327380953,
2025-04-18 00:00:00+00:00,-1.0170395833333333e-05,-1.58137e-05,24.0,-0.0005813630958333333,-0.0006265098,,,,,,,,-5.305330357142857e-06,-0.8615019830082064,-0.0005327460904761904,
2025-04-19 00:00:00+00:00,6.042458333333333e-06,6.405e-07,24.0,-0.000408845575,-0.0004948764,,,,,,,,-2.3124166666666664e-06,0.9014424175777264,-0.0005064702720238095,
2025-04-20 00:00:00+00:00,2.28015e-06,-1.02853e-05,24.0,-0.00048070198333333337,-0.0005822822,,,,,,,,-1.4791982142857142e-06,0.5185365812456842,-0.0005006142476190476,
2025-04-21 00:00:00+00:00,-1.0774583333333327e-07,1.25e-05,24.0,-0.00047550576249999997,-0.0002975168,,,,,,,,-2.5555029761904762e-06,0.3017445469014109,-0.0005105543428571428,
2025-04-22 00:00:00+00:00,5.413329166666666e-06,-2.6149e-06,24.0,-0.0003543173833333334,-0.0005209194,,,,,,,,-1.4676440476190478e-06,0.9563672454045389,-0.0004872263220238095,
2025-04-23 00:00:00+00:00,1.0063883333333334e-05,6.962e-06,24.0,-0.0003538239541666667,-0.000444304,,,,,,,,1.5945386904761904e-06,1.4544186346345254,-0.0004533481452380952,
2025-04-24 00:00:00+00:00,-1.2460999999999998e-06,3.7047e-06,24.0,-0.0005003946708333334,-0.0004703625,,,,,,,,1.7536541666666668e-06,0.22865218061163467,-0.0004507074892857143,
2025-04-25 00:00:00+00:00,6.3842166666666665e-06,-1.33214e-05,24.0,-0.00044079917916666666,-0.000606571,,,,,,,,4.1185988095238095e-06,1.1540265792106288,-0.0004306269297619047,
2025-04-26 00:00:00+00:00,-1.1453875e-06,-2.496e-07,24.0,-0.0005091631083333333,-0.0005019967,,,,,,,,3.0917636904761905e-06,0.30723281063170543,-0.0004449580059523809,
2025-04-27 00:00:00+00:00,-1.4105608333333333e-05,-9.7016e-06,24.0,-0.0006128448166666667,-0.0005776126,,,,,,,,7.509410714285712e-07,-1.241478224845409,-0.0004638355535714285,
2025-04-28 00:00:00+00:00,-2.1813625e-06,-5.1783e-06,24.0,-0.0005166681416666666,-0.0005414268,,,,,,,,4.547101190476189e-07,0.2387223891355195,-0.0004697158934523809,
2025-04-29 00:00:00+00:00,2.507325e-06,-3.1339e-06,24.0,-0.00044540700000000004,-0.0005250708,,,,,,,,3.956666666666672e-08,0.7639681655767322,-0.0004827286958333333,
2025-04-30 00:00:00+00:00,7.7450375e-06,1.25e-05,24.0,-0.0003318913625,1.17605e-05,,,,,,,,-2.916970238095237e-07,1.337157370862441,-0.0004795954684523809,
2025-05-01 00:00:00+00:00,1.03047125e-05,3.2993e-06,24.0,-0.00021599519583333335,-0.0004736055,,,,,,,,1.3584190476190478e-06,1.609538472646572,-0.0004389669720238095,
2025-05-02 00:00:00+00:00,-2.9663291666666666e-06,-2.25033e-05,24.0,-0.0005232560500000001,-0.0006800265,,,,,,,,2.262678571428596e-08,0.08135812050859241,-0.00045074652499999993,
2025-05-03 00:00:00+00:00,-2.5521625e-06,1.25e-05,24.0,-0.0005117521041666667,-0.0003007588,,,,,,,,-1.7834107142857116e-07,0.10543141411009227,-0.000451116381547619,
2025-05-04 00:00:00+00:00,6.324125e-06,-1.5769e-05,24.0,-0.0003588013208333333,-0.0006261524,,,,,,,,2.7401922619047623e-06,1.1211290632974928,-0.0004148244535714285,
2025-05-05 00:00:00+00:00,1.0567145833333333e-05,3.2079e-06,24.0,-0.00032696359166666666,-0.0004743366,,,,,,,,4.561407738095239e-06,1.5076394082164708,-0.00038772380357142856,
2025-05-06 00:00:00+00:00,7.234170833333334e-06,1.25e-05,24.0,-0.00038568282083333336,-0.000244094,,,,,,,,5.236671428571429e-06,1.0441437488531569,-0.0003791917779761905,
2025-05-07 00:00:00+00:00,1.20731e-05,1.25e-05,24.0,-0.0002905654625,-0.0001104313,,,,,,,,5.854966071428572e-06,1.5019017799167373,-0.0003732880779761905,
2025-05-08 00:00:00+00:00,1.9916195833333335e-05,3.63136e-05,24.0,0.00045019563333333334,0.0007905086,,,,,,,,7.228035119047619e-06,2.1895424978846765,-0.0002781179595238095,
2025-05-09 00:00:00+00:00,3.0670154166666666e-05,1.25e-05,24.0,0.0007385001291666666,0.0005708397,,,,,,,,1.2033247023809524e-05,2.848126355648615,-9.786707678571426e-05,
2025-05-10 00:00:00+00:00,2.2579033333333332e-05,4.56233e-05,24.0,0.0006686094041666667,0.0008649867,,,,,,,,1.5623417857142858e-05,1.8847312767093196,7.075599583333337e-05,
2025-05-11 00:00:00+00:00,2.1120325e-05,3.57905e-05,24.0,0.000635781825,0.0007863238,,,,,,,,1.7737160714285714e-05,1.6043148319958611,0.00021283930238095243,
2025-05-12 00:00:00+00:00,2.8236175e-05,1.81727e-05,24.0,0.00072588935,0.0006453813,,,,,,,,2.0261307738095238e-05,2.0836994397209474,0.0003632468654761905,
2025-05-13 00:00:00+00:00,1.2571779166666666e-05,1.25e-05,24.0,0.0002894439333333333,-9.6105e-05,,,,,,,,2.1023823214285715e-05,0.6067073492795231,0.00045969354464285713,
2025-05-14 00:00:00+00:00,1.25e-05,1.25e-05,24.0,5.000587500000001e-06,2.11908e-05,,,,,,,,2.1084808928571426e-05,0.5812270262895273,0.0005019172660714286,
2025-05-15 00:00:00+00:00,1.2458741666666668e-05,1.25e-05,24.0,-0.000179830025,-0.0002606605,,,,,,,,2.0019458333333335e-05,0.5356557569790841,0.0004119136005952382,
2025-05-16 00:00:00+00:00,1.2044362500000002e-05,1.5647e-06,24.0,-0.00010737365416666667,-0.0004874827,,,,,,,,1.7358630952380955e-05,0.4467240565822955,0.00029107448869047627,
2025-05-17 00:00:00+00:00,-4.125883333333333e-06,1.1823e-06,24.0,-0.0005214832958333333,-0.0004905415,,,,,,,,1.354364285714286e-05,-1.0986405999642397,0.00012106124583333337,
2025-05-18 00:00:00+00:00,1.2798279166666667e-05,1.25e-05,24.0,-6.159120833333325e-06,0.0003143864,,,,,,,,1.2354779166666668e-05,0.4710698877797312,2.9355396428571457e-05,
2025-05-19 00:00:00+00:00,1.4029641666666669e-05,1.25e-05,24.0,0.00046606295833333337,0.0005286423,,,,,,,,1.0325274404761909e-05,0.5653055425660759,-7.762659523809481e-06,
2025-05-20 00:00:00+00:00,1.5226304166666668e-05,1.25e-05,24.0,0.00041527264166666664,0.0005780812,,,,,,,,1.0704492261904765e-05,0.6414082195212363,1.0212870238095278e-05,
2025-05-21 00:00:00+00:00,2.9784875e-05,1.25e-05,24.0,0.0006360491375,0.0004578863,,,,,,,,1.3173760119047623e-05,1.8924993929529919,0.00010036266309523813,
2025-05-22 00:00:00+00:00,2.1040383333333336e-05,1.25e-05,24.0,0.0005073653375,0.0004999524,,,,,,,,1.4399708928571431e-05,0.9996068606995009,0.0001985334291666667,
2025-05-23 00:00:00+00:00,3.7534045833333334e-05,1.25e-05,24.0,0.0007649409416666666,0.0004319789,,,,,,,,1.8041092261904766e-05,2.2259886252511594,0.0003231498,
2025-05-24 00:00:00+00:00,1.25e-05,1.25e-05,24.0,6.558180416666667e-05,6.3194e-06,,,,,,,,2.0416218452380953e-05,0.06891278896690518,0.0004070162428571429,
2025-05-25 00:00:00+00:00,2.9905583333333335e-06,1.25e-05,24.0,-0.0004278581625,-0.0001976258,,,,,,,,1.901511547619048e-05,-0.7385022151173158,0.0003467735226190477,
2025-05-26 00:00:00+00:00,1.25e-05,1.25e-05,24.0,5.713929583333333e-05,0.0001714496,,,,,,,,1.8796595238095237e-05,0.040010576263956044,0.0002883558565476191,
2025-05-27 00:00:00+00:00,1.3560958333333334e-05,1.25e-05,24.0,0.0003190000375,0.0001776925,,,,,,,,1.8558688690476193e-05,0.05790994964769597,0.0002746026273809524,
2025-05-28 00:00:00+00:00,1.25e-05,1.25e-05,24.0,0.00022133423333333335,0.0002460263,,,,,,,,1.6089420833333335e-05,-0.09691311151705881,0.0002153576410714286,
2025-05-29 00:00:00+00:00,1.2554675e-05,1.25e-05,24.0,0.0003579684125,0.0002849346,,,,,,,,1.4877176785714287e-05,-0.1281402571175119,0.00019401522321428572,
2025-05-30 00:00:00+00:00,1.2251520833333334e-05,1.25e-05,24.0,-0.00015381939166666665,-4.3841e-05,,,,,,,,1.1265387500000001e-05,-0.17628489738828626,6.276374702380956e-05,
2025-05-31 00:00:00+00:00,1.25e-05,1.25e-05,24.0,0.00013971335,0.000296877,,,,,,,,1.1265387500000001e-05,-0.1583286134116892,7.335396785714289e-05,
2025-06-01 00:00:00+00:00,1.3027283333333333e-05,1.32058e-05,24.0,0.00044325192083333333,0.0006056468,,,,,,,,1.2699205357142857e-05,-0.16862394180339613,0.0001977982654761905,
2025-06-02 00:00:00+00:00,1.98529625e-05,3.35079e-05,24.0,0.0006533993458333333,0.0007680631,,,,,,,,1.3749628571428573e-05,0.5389378640325679,0.00028297827261904764,
2025-06-03 00:00:00+00:00,2.1014925e-05,1.25e-05,24.0,0.0004729668083333334,-0.0001631691,,,,,,,,1.4814480952380951e-05,0.6267608595797909,0.0003049735255952381,
2025-06-04 00:00:00+00:00,1.3067708333333334e-05,1.25e-05,24.0,7.947897500000001e-05,0.0003604949,,,,,,,,1.4895582142857144e-05,-0.3370742920028742,0.00028470848869047627,
2025-06-05 00:00:00+00:00,1.25e-05,1.25e-05,24.0,0.000265685125,-0.0002197531,,,,,,,,1.488777142857143e-05,-0.4335735476103935,0.00027152516190476195,
2025-06-06 00:00:00+00:00,1.1252208333333334e-05,1.25e-05,24.0,-0.0002633519833333333,-0.0003979519,,,,,,,,1.4745012500000001e-05,-0.5818636311203284,0.0002558776488095238,
2025-06-07 00:00:00+00:00,1.15238625e-05,1.25e-05,24.0,-0.00031204125416666665,-0.0002481645,,,,,,,,1.4605564285714287e-05,-0.5141586103869362,0.0001913412767857143,
2025-06-08 00:00:00+00:00,1.25e-05,1.25e-05,24.0,-0.00017883989583333335,-0.0001702907,,,,,,,,1.4530238095238098e-05,-0.3412539590539838,0.0001024710172619048,
2025-06-09 00:00:00+00:00,1.2868370833333333e-05,1.25e-05,24.0,6.961038749999999e-05,0.0003709854,,,,,,,,1.3532439285714287e-05,-0.25545066306059383,1.9072594642857168e-05,
2025-06-10 00:00:00+00:00,2.32087875e-05,3.38579e-05,24.0,0.000666237525,0.0007708633,,,,,,,,1.3845848214285715e-05,1.0885910041402354,4.6682697023809545e-05,
2025-06-11 00:00:00+00:00,1.5551491666666667e-05,1.25e-05,24.0,0.00039920155416666667,-0.0002337205,,,,,,,,1.4200674404761905e-05,0.15194527694081053,9.23573511904762e-05,
2025-06-12 00:00:00+00:00,1.1221454166666668e-05,1.25e-05,24.0,-0.00026550657916666665,-0.0002956559,,,,,,,,1.4018025e-05,-0.439736861671797,1.647282202380955e-05,
2025-06-13 00:00:00+00:00,6.136604166666667e-06,1.25e-05,24.0,-0.0003874421416666667,-0.0001631562,,,,,,,,1.3287224404761908e-05,-1.0897195258725416,-1.2543434523809292e-06,
2025-06-14 00:00:00+00:00,6.374425e-06,1.6812e-06,24.0,-0.000360156575,-0.0004865505,,,,,,,,1.2551590476190479e-05,-1.012138793794014,-8.127960714285696e-06,
2025-06-15 00:00:00+00:00,5.295479166666667e-06,1.25e-05,24.0,-0.00044313822916666664,-0.0003363762,,,,,,,,1.1522373214285717e-05,-1.102248639129942,-4.5884865476190453e-05,
2025-06-16 00:00:00+00:00,1.2083954166666666e-05,1.25e-05,24.0,-9.457515833333334e-05,-0.0002203194,,,,,,,,1.1410313690476192e-05,-0.3216063305917415,-6.933994345238092e-05,
2025-06-17 00:00:00+00:00,6.491108333333334e-06,-6.271e-06,24.0,-0.00039031024583333334,-0.0005501678,,,,,,,,9.022073809523812e-06,-1.0777198451837804,-0.00022027533928571427,
2025-06-18 00:00:00+00:00,7.025254166666667e-06,6.1569e-06,24.0,-0.00042138224999999996,-0.000450745,,,,,,,,7.804039880952382e-06,-0.9531385584915045,-0.00033750159702380944,
2025-06-19 00:00:00+00:00,5.331329166666668e-06,-5.9651e-06,24.0,-0.0003926233625,-0.0005477206,,,,,,,,6.9625934523809535e-06,-1.1181717740198258,-0.0003556611375,
2025-06-20 00:00:00+00:00,-5.687225e-06,-1.42526e-05,24.0,-0.0005454978041666667,-0.0006140208,,,,,,,,5.273475000000001e-06,-2.4103600592125387,-0.00037824051785714287,
2025-06-21 00:00:00+00:00,-7.876745833333333e-06,-2.49763e-05,24.0,-0.0005630140166666667,-0.0006998107,,,,,,,,3.2375934523809536e-06,-2.3613844362641045,-0.00040722015238095233,
2025-06-22 00:00:00+00:00,2.523691666666667e-06,9.977e-06,24.0,-0.0004777691416666667,-0.000420184,,,,,,,,2.84162380952381e-06,-1.1566906617621489,-0.00041216742559523805,
2025-06-23 00:00:00+00:00,6.000341666666667e-06,1.5143e-06,24.0,-0.00041038402916666666,-0.0004878853,,,,,,,,1.9725363095238107e-06,-0.5991143786907295,-0.0004572829785714285,
2025-06-24 00:00:00+00:00,-8.080833333333321e-08,-1.56014e-05,24.0,-0.0004989167666666666,-0.0006248114,,,,,,,,1.0336910714285725e-06,-1.4643900226272406,-0.0004727981958333333,
2025-06-25 00:00:00+00:00,-4.251679166666667e-06,-2.929e-06,24.0,-0.00053401345,-0.0005234322,,,,,,,,-5.772994047619038e-07,-1.8705331547562145,-0.0004888883672619047,
2025-06-26 00:00:00+00:00,-3.090733333333333e-06,3.441e-06,24.0,-0.0005233494,-0.0004724722,,,,,,,,-1.7804511904761893e-06,-1.570354611313359,-0.0005075635154761904,
2025-06-27 00:00:00+00:00,3.540775e-06,8.6695e-06,24.0,-0.0004688371833333333,-0.0004306439,,,,,,,,-4.621654761904753e-07,-0.6520983454594775,-0.0004966119982142857,
2025-06-28 00:00:00+00:00,8.115695833333333e-06,1.25e-05,24.0,-0.0003892839875,-0.0002456833,,,,,,,,1.8224690476190485e-06,-0.030021420621831538,-0.00047179342261904764,
2025-06-29 00:00:00+00:00,1.25e-05,1.25e-05,24.0,-0.0001790561875,-6.08413e-05,,,,,,,,3.247655952380953e-06,0.5491396673250246,-0.0004291201434523809,
2025-06-30 00:00:00+00:00,1.25e-05,1.25e-05,24.0,-0.0001171924,-0.0001147754,,,,,,,,4.176178571428573e-06,0.5491396673250246,-0.00038723562499999993,
2025-07-01 00:00:00+00:00,7.2993000000000006e-06,-1.38734e-05,24.0,-0.00032403225,-0.0006109869,,,,,,,,5.230479761904762e-06,-0.11463532336955254,-0.0003622521226190476,
2025-07-02 00:00:00+00:00,-5.496733333333334e-06,1.25e-05,24.0,-0.0005312445041666667,-0.0003949061,,,,,,,,5.052614880952382e-06,-1.6922195155919704,-0.00036185655892857137,
2025-07-03 00:00:00+00:00,1.25e-05,1.25e-05,24.0,-0.00018672805416666667,-0.00022626,,,,,,,,7.279862500000001e-06,0.7607021931368807,-0.0003137677952380952,
2025-07-04 00:00:00+00:00,1.2278270833333333e-05,1.25e-05,24.0,-0.00022898035416666666,6.07539e-05,,,,,,,,8.528076190476192e-06,0.7357161168087318,-0.00027950253392857144,
2025-07-05 00:00:00+00:00,1.25e-05,1.25e-05,24.0,1.1595545833333334e-05,5.82783e-05,,,,,,,,9.154405357142859e-06,0.7666490704773886,-0.00022223402916666664,
2025-07-06 00:00:00+00:00,1.25e-05,1.25e-05,24.0,4.3821995833333336e-05,-3.94961e-05,,,,,,,,9.154405357142859e-06,0.757774624517543,-0.00019039428869047615,
2025-07-07 00:00:00+00:00,1.25e-05,1.25e-05,24.0,0.00014307833333333334,0.0001800027,,,,,,,,9.154405357142859e-06,0.7508426114784551,-0.00015321275535714286,
2025-07-08 00:00:00+00:00,1.25e-05,1.25e-05,24.0,5.758692916666666e-05,1.6652e-05,,,,,,,,9.897362500000002e-06,0.7508426114784551,-9.869572976190473e-05,
2025-07-09 00:00:00+00:00,1.2702495833333335e-05,1.25e-05,24.0,0.0002516681291666667,0.0005864245,,,,,,,,1.2497252380952382e-05,0.7801428997213644,1.314893214285718e-05,
2025-07-10 00:00:00+00:00,1.7608729166666667e-05,2.47533e-05,24.0,0.0005643558541666667,0.0006980267,,,,,,,,1.3227070833333335e-05,1.5659916833593275,0.00012044663333333336,
2025-07-11 00:00:00+00:00,3.100855416666666e-05,2.46185e-05,24.0,0.0007282751416666667,0.0006969478,,,,,,,,1.5902825595238097e-05,2.9489839093169414,0.000257197418452381,
2025-07-12 00:00:00+00:00,1.4776200000000001e-05,1.25e-05,24.0,0.00044587989166666665,0.0001874681,,,,,,,,1.6227997023809523e-05,0.8969663102231255,0.0003192380392857143,
2025-07-13 00:00:00+00:00,1.2607083333333333e-05,1.25e-05,24.0,0.0004833052125,0.0004905972,,,,,,,,1.6243294642857144e-05,0.5986125416167841,0.000382021355952381,
2025-07-14 00:00:00+00:00,4.315830416666666e-05,3.37319e-05,24.0,0.0008369179875,0.0007698552,,,,,,,,2.062305238095238e-05,3.292599745897904,0.0004811413065476191,
2025-07-15 00:00:00+00:00,4.2991800000000004e-05,3.0389e-05,24.0,0.0008439343416666666,0.0007431119,,,,,,,,2.497902380952381e-05,2.7151245350823547,0.0005934766511904762,
2025-07-16 00:00:00+00:00,3.372470833333334e-05,1.25e-05,24.0,0.0007510660416666666,0.0004143696,,,,,,,,2.7982197023809527e-05,1.778678264480691,0.0006648192101190477,
2025-07-17 00:00:00+00:00,3.9130075000000005e-05,7.57047e-05,24.0,0.0007748202125,0.0011056379,,,,,,,,3.1056675e-05,1.9683206231800627,0.0006948855470238095,
2025-07-18 00:00:00+00:00,5.5762266666666666e-05,1.25e-05,24.0,0.0008066499875000001,-8.23286e-05,,,,,,,,3.4592919642857143e-05,2.6529207115965323,0.0007060819535714285,
2025-07-19 00:00:00+00:00,1.25e-05,1.25e-05,24.0,0.00021135853333333334,0.0002916734,,,,,,,,3.426774821428572e-05,-0.08808409331612377,0.0006725789023809524,
2025-07-20 00:00:00+00:00,4.05140875e-05,0.0001266021,24.0,0.0007621286416666667,0.0015128166,,,,,,,,3.82544630952381e-05,1.5606081852100826,0.0007124108208333334,
2025-07-21 00:00:00+00:00,7.301004583333334e-05,4.79999e-05,24.0,0.001081433975,0.000883999,,,,,,,,4.251899761904762e-05,2.948849807506583,0.0007473416761904762,
2025-07-22 00:00:00+00:00,3.519695e-05,1.25e-05,24.0,0.0007668857874999999,0.0005732509,,,,,,,,4.140544761904762e-05,0.8580927426220933,0.0007363347398809525,
2025-07-23 00:00:00+00:00,3.74206875e-05,4.47763e-05,24.0,0.0007992045916666667,0.0008582103,,,,,,,,4.193344464285715e-05,0.9156442087971277,0.0007432116755952381,
2025-07-24 00:00:00+00:00,1.5448666666666667e-05,1.25e-05,24.0,0.00039561941249999997,0.0003729629,,,,,,,,3.8550386309523814e-05,-0.29037627429458457,0.0006890401327380953,
2025-07-25 00:00:00+00:00,2.4244316666666664e-05,7.35263e-05,24.0,0.0005942018583333333,0.0010882104,,,,,,,,3.404782202380952e-05,0.14152454406895032,0.0006586904,
2025-07-26 00:00:00+00:00,4.818690416666667e-05,5.15098e-05,24.0,0.0008854951583333333,0.0009120786,,,,,,,,3.914595119047619e-05,1.3941378261250512,0.0007549956321428571,
2025-07-27 00:00:00+00:00,4.4947270833333335e-05,1.59169e-05,24.0,0.0008569928166666667,0.0006273355,,,,,,,,3.9779263095238093e-05,1.1332845310930766,0.0007685476571428571,
2025-07-28 00:00:00+00:00,2.6503262499999998e-05,1.25e-05,24.0,0.0005907996749999999,3.60606e-05,,,,,,,,3.313543690476191e-05,0.06117244737250546,0.0006984570428571428,
2025-07-29 00:00:00+00:00,7.374558333333334e-06,1.25e-05,24.0,-3.225829166666667e-05,-2.30123e-05,,,,,,,,2.9160809523809527e-05,-1.0145090421810592,0.0005842936029761904,
2025-07-30 00:00:00+00:00,1.25e-05,1.25e-05,24.0,-7.5456975e-05,0.0001177497,,,,,,,,2.5600711309523813e-05,-0.7238335659768537,0.0004593419505952381,
2025-07-31 00:00:00+00:00,1.25e-05,1.25e-05,24.0,6.122195e-05,-0.0001474391,,,,,,,,2.5179473214285717e-05,-0.7402918462918393,0.00041157088452380955,
2025-08-01 00:00:00+00:00,-7.4003375e-06,-5.99471e-05,24.0,-0.00055202605,-0.0009795772,,,,,,,,2.0658808333333335e-05,-1.8627374911090362,0.0002478240404761905,
2025-08-02 00:00:00+00:00,-4.154866666666666e-06,2.836e-06,24.0,-0.0005327586875,-0.000477312,,,,,,,,1.3181412500000003e-05,-1.5862971740603,4.521634821428575e-05,
2025-08-03 00:00:00+00:00,-4.528645833333334e-06,-1.32162e-05,24.0,-0.0005362292125,-0.0006057298,,,,,,,,6.113424404761906e-06,-1.5223852759281242,-0.0001538153702380952,
2025-08-04 00:00:00+00:00,1.9581458333333334e-06,9.618e-06,24.0,-0.00048044885,-0.0004230562,,,,,,,,2.606979166666669e-06,-1.1413523391817733,-0.00030685087380952377,
2025-08-05 00:00:00+00:00,8.7887125e-06,-1.76599e-05,24.0,-0.00037101816666666666,-0.0006412789,,,,,,,,2.809001190476193e-06,-0.7761782198666177,-0.00035524514166666664,
2025-08-06 00:00:00+00:00,5.746379166666667e-06,5.2366e-06,24.0,-0.0004187274375,-0.0004581071,,,,,,,,1.8441982142857164e-06,-0.9137563245408944,-0.0004042837791666666,
2025-08-07 00:00:00+00:00,1.0292383333333333e-05,1.25e-05,24.0,-0.0001628381,0.0002029368,,,,,,,,1.5288244047619069e-06,-0.6751219653041638,-0.0004362923577380952,
2025-08-08 00:00:00+00:00,1.5627095833333336e-05,2.17355e-05,24.0,0.0005601095208333333,0.0006738842,,,,,,,,4.8184577380952416e-06,-0.40810089361529306,-0.0002774158476190476,
2025-08-09 00:00:00+00:00,2.674975e-05,3.50625e-05,24.0,0.0007071468791666666,0.0007804998,,,,,,,,9.233402976190478e-06,0.1471081968999902,-0.00010028648095238092,
2025-08-10 00:00:00+00:00,1.6651495833333332e-05,3.70501e-05,24.0,0.0004937417833333333,0.0007964005,,,,,,,,1.2259137500000002e-05,-0.34715433604754276,4.685223273809526e-05,
2025-08-11 00:00:00+00:00,1.8003108333333332e-05,1.25e-05,24.0,0.0005141400208333334,-3.59731e-05,,,,,,,,1.4551275000000002e-05,-0.2838204380477153,0.00018893635714285718,
2025-08-12 00:00:00+00:00,1.6470375e-05,1.25e-05,24.0,0.0004662488083333333,0.0002193794,,,,,,,,1.5648655357142862e-05,-0.3705585300213867,0.000308545925,
2025-08-13 00:00:00+00:00,3.939990416666667e-05,1.25e-05,24.0,0.0007997865208333333,0.0005194628,,,,,,,,2.0456301785714286e-05,0.8254347655668779,0.00048261934761904764,
2025-08-14 00:00:00+00:00,4.346206666666667e-05,1.25e-05,24.0,0.0008294255458333333,0.0002959731,,,,,,,,2.519482797619048e-05,1.0348597114057354,0.0006243712970238096,
2025-08-15 00:00:00+00:00,1.25e-05,1.25e-05,24.0,0.00010184172083333333,0.0001173367,,,,,,,,2.4748100000000005e-05,-0.5362055962267447,0.000558904468452381,
2025-08-16 00:00:00+00:00,1.25e-05,1.25e-05,24.0,-7.965740416666666e-05,3.90149e-05,,,,,,,,2.271242142857143e-05,-0.4943328967156605,0.00044650385654761913,
2025-08-17 00:00:00+00:00,1.25e-05,1.25e-05,24.0,0.00010070097916666666,0.0004727416,,,,,,,,2.2119350595238096e-05,-0.4428618966287983,0.00039035517023809527,
2025-08-18 00:00:00+00:00,1.2360733333333333e-05,1.25e-05,24.0,3.9237720833333335e-05,-9.97656e-05,,,,,,,,2.131329702380953e-05,-0.45026365181818084,0.0003225119845238095,
2025-08-19 00:00:00+00:00,1.0002083333333334e-05,1.05111e-05,24.0,-0.00034430482500000004,-0.0004159108,,,,,,,,2.0389255357142862e-05,-0.5337079199000307,0.00020671860833333336,
2025-08-20 00:00:00+00:00,8.44285e-06,1.25e-05,24.0,-0.0002739644291666667,0.0004578279,,,,,,,,1.596681904761905e-05,-0.6047313386472815,5.3325615476190496e-05,
2025-08-21 00:00:00+00:00,1.2856866666666667e-05,1.25e-05,24.0,0.00021383645416666667,0.0003759679,,,,,,,,1.159464761904762e-05,-0.26009397475461454,-3.461568333333331e-05,
2025-08-22 00:00:00+00:00,2.8162754166666667e-05,3.71743e-05,24.0,0.0006905766958333333,0.0007973945,,,,,,,,1.3832183928571432e-05,0.8532291171642203,4.9489313095238104e-05,
2025-08-23 00:00:00+00:00,3.069865833333333e-05,4.28201e-05,24.0,0.0007455892625,0.000842561,,,,,,,,1.6431992261904765e-05,0.9814457498256698,0.00016738169404761907,
2025-08-24 00:00:00+00:00,2.5327441666666666e-05,1.25e-05,24.0,0.0006611870375000001,0.0001977526,,,,,,,,1.8264483928571433e-05,0.5993207120248242,0.000247451130952381,
2025-08-25 00:00:00+00:00,4.836266666666667e-06,1.25e-05,24.0,-0.00025002950000000004,-0.0003210644,,,,,,,,1.718956011904762e-05,-0.8063755924508142,0.00020612724226190475,
2025-08-26 00:00:00+00:00,1.21633375e-05,1.25e-05,24.0,-8.469279166666666e-05,-0.0003872741,,,,,,,,1.7498310714285716e-05,-0.1788669191292806,0.0002432146755952381,
2025-08-27 00:00:00+00:00,1.1025825e-05,1.25e-05,24.0,-0.00023792758333333333,-0.0001781317,,,,,,,,1.7867307142857148e-05,-0.23580100007551158,0.00024836279642857144,
2025-08-28 00:00:00+00:00,1.1536395833333334e-05,2.869e-06,24.0,-0.00022767544583333332,-0.0004770476,,,,,,,,1.7678668452380957e-05,-0.20469673794186286,0.00018528966785714287,
2025-08-29 00:00:00+00:00,2.75415e-06,9.7106e-06,24.0,-0.00045877026250000004,-0.0004223155,,,,,,,,1.404886785714286e-05,-0.9232378980691528,2.1097245238095264e-05,
2025-08-30 00:00:00+00:00,7.947087500000001e-06,4.8335e-06,24.0,-0.0004146648375,-0.0004613322,,,,,,,,1.0798643452380954e-05,-0.46546342058374385,-0.00014465334047619044,
2025-08-31 00:00:00+00:00,4.702733333333334e-06,1.25e-05,24.0,-0.00043079302083333333,-0.0003741672,,,,,,,,7.852256547619051e-06,-0.8131391029069239,-0.00030065049166666665,
2025-09-01 00:00:00+00:00,-1.2582500000000006e-07,-2.55095e-05,24.0,-0.00047013650416666665,-0.0007040757,,,,,,,,7.143386309523812e-06,-1.2782874170319571,-0.00033209434940476186,
2025-09-02 00:00:00+00:00,2.937491666666667e-06,1.25e-05,24.0,-0.0004529927833333333,-0.0003809809,,,,,,,,5.825408333333336e-06,-1.0567668043613792,-0.00038470863392857146,
2025-09-03 00:00:00+00:00,8.825204166666667e-06,1.25e-05,24.0,-0.00037898977916666667,-0.0002977964,,,,,,,,5.511033928571432e-06,-0.5362993566877572,-0.0004048603761904762,
2025-09-04 00:00:00+00:00,1.2341216666666666e-05,1.25e-05,24.0,-0.00020757285416666668,-0.0003250197,,,,,,,,5.626008333333335e-06,-0.21260839493583392,-0.0004019885773809524,
2025-09-05 00:00:00+00:00,1.045295e-05,1.71e-06,24.0,-0.00031985355416666665,-0.00048632,,,,,,,,6.725836904761908e-06,-0.41293415592277966,-0.00038214333333333336,
2025-09-06 00:00:00+00:00,5.0400958333333336e-06,6.0321e-06,24.0,-0.0004556485083333333,-0.0004517433,,,,,,,,6.310552380952383e-06,-0.9098735478541783,-0.00038799814345238096,
2025-09-07 00:00:00+00:00,-1.1771833333333332e-06,1.09409e-05,24.0,-0.0005094175,-0.0004124732,,,,,,,,5.470564285714287e-06,-1.4003616513450852,-0.0003992302119047619,
2025-09-08 00:00:00+00:00,8.077908333333333e-06,1.25e-05,24.0,-0.0003479006875,-0.0002716528,,,,,,,,6.642526190476192e-06,-0.4980486506427489,-0.00038176795238095235,
2025-09-09 00:00:00+00:00,1.25e-05,1.25e-05,24.0,-4.99127375e-05,0.0001828152,,,,,,,,8.008598809523812e-06,-0.06781603326593777,-0.0003241850886904762,
2025-09-10 00:00:00+00:00,1.25e-05,1.25e-05,24.0,0.00015599375,7.783e-06,,,,,,,,8.533569642857145e-06,-0.050660601006193386,-0.00024775887023809523,
2025-09-11 00:00:00+00:00,1.25e-05,1.25e-05,24.0,0.00028172851666666667,0.0004042366,,,,,,,,8.556252976190478e-06,-0.03817746805197423,-0.00017785867440476186,
2025-09-12 00:00:00+00:00,1.25e-05,1.25e-05,24.0,0.0002935061208333333,0.0002677348,,,,,,,,8.848688690476194e-06,0.05347516137194393,-9.023586369047617e-05,
2025-09-13 00:00:00+00:00,1.5045079166666667e-05,1.25e-05,24.0,0.0004188991333333333,0.0005664196,,,,,,,,1.0277972023809526e-05,0.5586548177107296,3.46995136904762e-05,
2025-09-14 00:00:00+00:00,1.6970733333333333e-05,1.70616e-05,24.0,0.0005652747208333334,0.000636493,,,,,,,,1.2870531547619052e-05,0.798913019119244,0.00018822697380952382,
2025-09-15 00:00:00+00:00,1.5732795833333334e-05,1.25e-05,24.0,0.0005605727041666667,0.0005845744,,,,,,,,1.3964086904761906e-05,0.6086797272510648,0.000318008886904762,
2025-09-16 00:00:00+00:00,1.25250375e-05,1.25e-05,24.0,0.00043632092916666665,0.0003241946,,,,,,,,1.3967663690476192e-05,0.16664075363727449,0.0003874708392857143,
2025-09-17 00:00:00+00:00,1.25e-05,1.25e-05,24.0,0.00012521251666666665,0.0001721285,,,,,,,,1.3967663690476194e-05,0.16253548954923971,0.0003830735202380952,
2025-09-18 00:00:00+00:00,1.25e-05,1.25e-05,24.0,0.00017939624166666667,0.0001959747,,,,,,,,1.3967663690476192e-05,0.15109325538537646,0.00036845462380952383,
2025-09-19 00:00:00+00:00,1.2997254166666667e-05,1.25e-05,24.0,0.00041311614166666667,0.0005627431,,,,,,,,1.4038700000000002e-05,0.1991373554836557,0.0003855417696428572,
2025-09-20 00:00:00+00:00,1.25e-05,1.25e-05,24.0,0.0001773019625,0.0002284401,,,,,,,,1.3675117261904766e-05,0.13215049974308357,0.00035102788809523815,
2025-09-21 00:00:00+00:00,1.25e-05,1.25e-05,24.0,8.2377375e-05,-1.7896e-05,,,,,,,,1.3036441071428572e-05,0.22646920142905844,0.0002820425529761905,
2025-09-22 00:00:00+00:00,6.1836500000000005e-06,-1.1005e-05,24.0,-0.00035377772083333334,-0.00058804,,,,,,,,1.1672277380952384e-05,-0.7413958695997787,0.00015142106369047623,
2025-09-23 00:00:00+00:00,2.037e-06,5.0581e-06,24.0,-0.00048370404166666665,-0.0004595352,,,,,,,,1.0173986309523812e-05,-1.5345674331486048,1.9988925000000023e-05,
2025-09-24 00:00:00+00:00,4.62935e-06,1.25e-05,24.0,-0.0004605046166666667,-0.000397372,,,,,,,,9.04960773809524e-06,-0.9934359355299546,-6.368495119047616e-05,
2025-09-25 00:00:00+00:00,6.948195833333333e-06,3.8764e-06,24.0,-0.00043309875,-0.0004689884,,,,,,,,8.25649285714286e-06,-0.4774286996662754,-0.0001511842357142857,
2025-09-26 00:00:00+00:00,-3.131683333333333e-06,5.382e-07,24.0,-0.0005250534833333334,-0.0004956946,,,,,,,,5.9523589285714305e-06,-2.245092802202685,-0.00028520846785714285,
2025-09-27 00:00:00+00:00,1.2020320833333333e-05,1.25e-05,24.0,-0.0003477122416666667,-0.000170373,,,,,,,,5.883833333333335e-06,0.6078112686691625,-0.00036021049702380945,
2025-09-28 00:00:00+00:00,1.0376354166666667e-05,1.25e-05,24.0,-0.0003594746,-0.0002956764,,,,,,,,5.58045535714286e-06,0.25623260443148377,-0.0004233322077380952,
2025-09-29 00:00:00+00:00,7.674166666666667e-07,7.9852e-06,24.0,-0.000492493775,-0.0004361183,,,,,,,,4.80670773809524e-06,-1.4862757648992762,-0.0004431487869047619,
2025-09-30 00:00:00+00:00,1.0393616666666667e-05,1.05251e-05,24.0,-0.00040376116666666667,-0.0004157994,,,,,,,,6.0005101190476206e-06,0.26087153944281694,-0.00043172837619047616,
2025-10-01 00:00:00+00:00,1.2427308333333334e-05,1.25e-05,24.0,-0.00026902634166666665,-0.0002963193,,,,,,,,7.114504166666669e-06,0.590089696164707,-0.0004043743369047619,
2025-10-02 00:00:00+00:00,1.25e-05,1.25e-05,24.0,-0.00010111544583333334,-0.0001967139,,,,,,,,7.90761904761905e-06,0.5550786039528367,-0.0003569481505952381,
2025-10-03 00:00:00+00:00,1.25e-05,1.25e-05,24.0,2.3245416666666673e-05,0.0001405031,,,,,,,,1.0140716666666668e-05,0.528173909437639,-0.0002786197363095238,
2025-10-04 00:00:00+00:00,1.25e-05,1.25e-05,24.0,1.9530841666666668e-05,-2.74175e-05,,,,,,,,1.0209242261904763e-05,0.5268221719341069,-0.00022615643869047618,
2025-10-05 00:00:00+00:00,1.25e-05,1.25e-05,24.0,0.00014048932500000002,0.000334291,,,,,,,,1.051262023809524e-05,0.5109351175500124,-0.0001547330208333333,
2025-10-06 00:00:00+00:00,1.4368725e-05,1.25e-05,24.0,0.0005215144208333334,0.0003329748,,,,,,,,1.2455664285714288e-05,0.8244714744630807,-9.874707142857099e-06,
2025-10-07 00:00:00+00:00,1.4354654166666667e-05,2.73543e-05,24.0,0.0004352213291666667,0.0007188344,,,,,,,,1.3021526785714287e-05,0.7869897654303556,0.00010997993511904768,
2025-10-08 00:00:00+00:00,1.6004283333333332e-05,1.25e-05,24.0,0.0005322041666666667,0.0005824412,,,,,,,,1.3532523214285716e-05,1.0740293715418043,0.00022444143630952386,
2025-10-09 00:00:00+00:00,1.25611875e-05,1.25e-05,24.0,0.0002755560625,0.0002757589,,,,,,,,1.3541264285714288e-05,0.33136277749185533,0.0002782516517857143,
2025-10-10 00:00:00+00:00,-2.0684083333333334e-05,-0.0002295805,24.0,-0.000502665925,-0.0023366437,,,,,,,,8.800680952380955e-06,-4.131743638210118,0.00020312146011904772,
2025-10-11 00:00:00+00:00,-1.4291104166666667e-05,-9.4227e-06,24.0,-0.0006143288291666667,-0.0005753816,,,,,,,,4.973380357142859e-06,-2.7102075487055344,0.00011257007857142863,
2025-10-12 00:00:00+00:00,1.2650375e-06,8.279e-06,24.0,-0.000486314,-0.0004337683,,,,,,,,3.3683857142857164e-06,-0.8497803307857964,2.302674642857148e-05,
2025-10-13 00:00:00+00:00,9.9495625e-06,7.4129e-06,24.0,-0.00037170903333333334,-0.000440697,,,,,,,,2.737076785714287e-06,0.17064704675383177,-0.00010457660416666663,
2025-10-14 00:00:00+00:00,9.879829166666667e-06,1.25e-05,24.0,-0.00032958632083333336,-8.82091e-05,,,,,,,,2.0978160714285733e-06,0.19325312928217284,-0.00021383483988095234,
2025-10-15 00:00:00+00:00,9.619220833333334e-06,8.787e-07,24.0,-0.00026908475,-0.0004929701,,,,,,,,1.1856642857142877e-06,0.18907984279677612,-0.00032830468511904756,
2025-10-16 00:00:00+00:00,2.5155833333333334e-06,-5.9272e-06,24.0,-0.000457585375,-0.0005474173,,,,,,,,-2.494220238095217e-07,-0.6204267436420816,-0.0004330391761904762,
2025-10-17 00:00:00+00:00,8.224491666666667e-06,1.25e-05,24.0,-0.00029046792083333334,-6.07197e-05,,,,,,,,3.880374404761907e-06,0.07941745134071179,-0.00040272517559523805,
2025-10-18 00:00:00+00:00,1.2175491666666667e-05,1.25e-05,24.0,-0.00033589316666666666,-0.0003482403,,,,,,,,7.661316666666669e-06,0.5561238722694452,-0.00036294865238095236,
2025-10-19 00:00:00+00:00,-9.435583333333333e-07,-1.40248e-05,24.0,-0.0004946576916666667,-0.0006121984,,,,,,,,7.345802976190479e-06,-0.9577339612311416,-0.00036414060833333324,
2025-10-20 00:00:00+00:00,8.819683333333335e-06,1.25e-05,24.0,-0.0003582914541666667,-0.000325434,,,,,,,,7.1843916666666685e-06,0.22253620128714197,-0.0003622238113095238,
2025-10-21 00:00:00+00:00,1.0920195833333333e-05,-9.0437e-06,24.0,-0.00022167245416666666,-0.0005723496,,,,,,,,7.333015476190479e-06,0.48279347670203454,-0.00034680754464285705,
2025-10-22 00:00:00+00:00,1.0952083333333328e-07,-9.5086e-06,24.0,-0.0004929776083333334,-0.0005760687,,,,,,,,5.974486904761907e-06,-0.7865907046795835,-0.00037879223869047616,
2025-10-23 00:00:00+00:00,1.01993125e-05,1.25e-05,24.0,-0.0002271453875,-0.0002883672,,,,,,,,7.072162500000003e-06,0.3844263217718958,-0.0003458722404761904,
2025-10-24 00:00:00+00:00,1.25e-05,1.25e-05,24.0,0.00015817517916666667,0.0003332077,,,,,,,,7.682949404761907e-06,0.6245253002524138,-0.000281780369047619,
2025-10-25 00:00:00+00:00,1.25e-05,1.25e-05,24.0,0.00011071040833333333,0.0001198571,,,,,,,,7.72930773809524e-06,0.598681139304354,-0.0002179798583333333,
2025-10-26 00:00:00+00:00,1.25e-05,1.25e-05,24.0,2.2747045833333332e-05,0.0003167121,,,,,,,,9.649816071428575e-06,0.549717951327891,-0.00014406489583333328,
2025-10-27 00:00:00+00:00,1.25e-05,1.25e-05,24.0,0.00029727420416666663,-0.00011027,,,,,,,,1.0175575595238099e-05,0.5472174629224286,-5.041265892857137e-05,
2025-10-28 00:00:00+00:00,1.2414879166666666e-05,1.25e-05,24.0,-0.000190955825,-0.0003561879,,,,,,,,1.0389101785714287e-05,0.5269093448249955,-4.6024569047618995e-05,
2025-10-29 00:00:00+00:00,4.3963666666666665e-06,1.25e-05,24.0,-0.0004292649583333334,-0.0003744364,,,,,,,,1.1001508333333336e-05,-0.45688279152628497,-3.692276190476184e-05,
2025-10-30 00:00:00+00:00,1.25e-05,1.25e-05,24.0,-0.000298344825,-0.0003105773,,,,,,,,1.1330177976190478e-05,0.5175583894401653,-4.709411011904755e-05,
2025-10-31 00:00:00+00:00,9.9186e-06,5.2802e-06,24.0,-0.00035300616249999995,-0.0004577588,,,,,,,,1.096140654761905e-05,0.21589569342341375,-0.00012012001607142851,
2025-11-01 00:00:00+00:00,4.1876625000000005e-06,7.2258e-06,24.0,-0.000466498775,-0.0004421933,,,,,,,,9.773929761904763e-06,-0.44773457384271803,-0.00020257847083333326,
2025-11-02 00:00:00+00:00,6.250729166666666e-06,2.3434e-06,24.0,-0.00044796389166666667,-0.0004812529,,,,,,,,8.881176785714289e-06,-0.1721114142995318,-0.0002698228904761904,
2025-11-03 00:00:00+00:00,-2.9318750000000003e-07,-3.2333e-06,24.0,-0.000502345625,-0.0005258666,,,,,,,,7.053578571428573e-06,-0.9126622838561612,-0.0003840542946428571,
2025-11-04 00:00:00+00:00,1.2826625000000001e-06,1.25e-05,24.0,-0.00048068101249999995,-0.0002776872,,,,,,,,5.463261904761907e-06,-0.6755685788019995,-0.00042544360714285705,
2025-11-05 00:00:00+00:00,6.386158333333334e-06,1.25e-05,24.0,-0.00040160638333333333,-0.0002778379,,,,,,,,5.747517857142859e-06,-0.025173022164048486,-0.00042149238214285705,
2025-11-06 00:00:00+00:00,9.006408333333334e-06,7.7968e-06,24.0,-0.00030040915,-0.0004376258,,,,,,,,5.248433333333336e-06,0.3238359682906859,-0.0004217872857142857,
2025-11-07 00:00:00+00:00,6.860866666666667e-06,1.25e-05,24.0,-0.00039099842083333334,-0.000214292,,,,,,,,4.811614285714288e-06,0.09651188728660963,-0.0004272147511904761,
2025-11-08 00:00:00+00:00,1.25e-05,1.25e-05,24.0,-0.0001251376375,-7.60142e-05,,,,,,,,5.9990910714285735e-06,0.8195790653844711,-0.00037844887440476185,
2025-11-09 00:00:00+00:00,1.25e-05,1.25e-05,24.0,-0.00018552749166666666,-0.0001716171,,,,,,,,6.891844047619051e-06,0.8781168193370379,-0.00034095796011904755,
2025-11-10 00:00:00+00:00,1.25e-05,1.25e-05,24.0,2.9309104166666666e-05,0.0001007775,,,,,,,,8.719442261904764e-06,0.9716251379935222,-0.00026500728452380945,
2025-11-11 00:00:00+00:00,5.138975e-06,-1.12154e-05,24.0,-0.00032103145,-0.0005897228,,,,,,,,9.270344047619051e-06,-0.7075350615001823,-0.0002422002041666666,
2025-11-12 00:00:00+00:00,-2.5182583333333333e-06,8.1248e-06,24.0,-0.0005201460583333334,-0.0004350018,,,,,,,,7.998284523809527e-06,-2.1628115753419674,-0.0002591344434523809,
2025-11-13 00:00:00+00:00,1.0588241666666666e-05,1.25e-05,24.0,-0.0003431218041666667,-3.32214e-05,,,,,,,,8.224260714285718e-06,0.5731442167975717,-0.0002652362511904761,
2025-11-14 00:00:00+00:00,1.25e-05,1.25e-05,24.0,3.9233429166666664e-05,0.0002249024,,,,,,,,9.029851190476193e-06,0.9392957012237777,-0.00020377455833333325,
2025-11-15 00:00:00+00:00,1.25e-05,1.25e-05,24.0,0.00017027984583333335,0.0001047197,,,,,,,,9.029851190476193e-06,0.8784539063698112,-0.00016157206071428567,
2025-11-16 00:00:00+00:00,1.25e-05,1.25e-05,24.0,0.00013065267916666665,0.0002663891,,,,,,,,9.029851190476193e-06,0.8381493134956023,-0.0001164034648809523,
2025-11-17 00:00:00+00:00,1.25e-05,1.25e-05,24.0,0.00028044179166666666,0.0004055003,,,,,,,,9.029851190476193e-06,0.834393079711458,-8.052736666666659e-05,
2025-11-18 00:00:00+00:00,1.3211587500000002e-05,1.25e-05,24.0,0.00046377545833333335,0.0003427215,,,,,,,,1.0183081547619049e-05,0.9330005580089538,3.158790595238102e-05,
2025-11-19 00:00:00+00:00,1.25e-05,1.25e-05,24.0,0.0002224088375,7.68823e-05,,,,,,,,1.2328547023809528e-05,0.7451503474925051,0.00013766717678571436,
2025-11-20 00:00:00+00:00,1.25e-05,1.25e-05,24.0,-1.6790312500000002e-05,0.0002165783,,,,,,,,1.260165535714286e-05,0.729045602313603,0.0001842859613095239,
2025-11-21 00:00:00+00:00,1.1175275e-05,9.3202e-06,24.0,-0.000197722925,-0.0004254384,,,,,,,,1.241240892857143e-05,0.3943335002930658,0.00015043505357142866,
2025-11-22 00:00:00+00:00,1.1513725e-05,1.25e-05,24.0,-0.0003492879916666667,-0.0003330874,,,,,,,,1.2271512500000004e-05,0.4597977801003699,7.621107678571436e-05,
2025-11-23 00:00:00+00:00,1.066345e-05,1.05861e-05,24.0,-0.0003465537083333333,-0.0004153112,,,,,,,,1.2009148214285717e-05,0.2830135021578283,8.03873571428579e-06,
2025-11-24 00:00:00+00:00,1.1220379166666668e-05,1.14302e-05,24.0,-0.000388587675,-0.000408558,,,,,,,,1.1826345238095241e-05,0.422179434856287,-8.75369023809523e-05,
2025-11-25 00:00:00+00:00,1.25e-05,1.25e-05,24.0,-0.00021025587499999999,-0.0002186149,,,,,,,,1.1724689880952385e-05,0.715746026397297,-0.0001838270928571428,
2025-11-26 00:00:00+00:00,1.1992145833333334e-05,1.25e-05,24.0,-0.0002818941958333333,-0.0003795062,,,,,,,,1.1652139285714288e-05,0.6047236391304303,-0.0002558703833333333,
2025-11-27 00:00:00+00:00,1.207495e-05,1.25e-05,24.0,-0.0003331015625,-0.0003960125,,,,,,,,1.1591417857142858e-05,0.6275020144422236,-0.0003010577047619047,
2025-11-28 00:00:00+00:00,7.031154166666667e-06,8.6858e-06,24.0,-0.0004405598083333333,-0.000430514,,,,,,,,1.0999400595238099e-05,-0.5651602299284743,-0.00033574868809523804,
2025-11-29 00:00:00+00:00,3.2799e-06,9.0254e-06,24.0,-0.00047086919583333334,-0.0004277966,,,,,,,,9.823139880952384e-06,-1.3408836411015737,-0.00035311743154761894,
2025-11-30 00:00:00+00:00,1.1577216666666667e-05,1.25e-05,24.0,-0.0003856723666666667,-0.0003908071,,,,,,,,9.953677976190479e-06,0.5448869099142809,-0.00035870581130952376,
2025-12-01 00:00:00+00:00,1.0448004166666666e-05,1.25e-05,24.0,-0.0003650122125,-0.000191725,,,,,,,,9.843338690476193e-06,0.24530631675672757,-0.0003553378880952381,
2025-12-02 00:00:00+00:00,1.0027850000000001e-05,1.2266e-05,24.0,-0.00040568421666666666,-0.0004018723,,,,,,,,9.490174404761907e-06,0.11905348061670087,-0.00038325622261904755,
2025-12-03 00:00:00+00:00,1.01344625e-05,1.25e-05,24.0,-0.00040820034166666664,-0.0003531299,,,,,,,,9.224791071428573e-06,0.069252102028803,-0.0004012999577380952,
2025-12-04 00:00:00+00:00,8.333408333333334e-06,7.2352e-06,24.0,-0.00043085452499999995,-0.0004421185,,,,,,,,8.690285119047622e-06,-0.5096187504548083,-0.00041526466666666663,
2025-12-05 00:00:00+00:00,3.278225e-06,-2.7309e-06,24.0,-0.0004737741708333333,-0.0005218475,,,,,,,,8.154152380952383e-06,-1.8503232021447102,-0.00042000957559523803,
2025-12-06 00:00:00+00:00,5.241454166666667e-06,1.25e-05,24.0,-0.0004425289083333334,-0.0003122955,,,,,,,,8.434374404761908e-06,-1.2415596588236595,-0.00041596096309523805,
2025-12-07 00:00:00+00:00,1.1995341666666667e-05,1.25e-05,24.0,-0.00024960692083333334,-4.2791e-05,,,,,,,,8.49410654761905e-06,0.5255680952685752,-0.0003965230422619047,
2025-12-08 00:00:00+00:00,1.25e-05,1.25e-05,24.0,0.00014345829166666666,0.0001852286,,,,,,,,8.787248809523813e-06,0.6616945883550642,-0.0003238843988095237,
2025-12-09 00:00:00+00:00,1.25e-05,1.25e-05,24.0,7.674780416666666e-05,-0.0001511011,,,,,,,,9.140413095238098e-06,0.6616945883550638,-0.00025496553869047613,
2025-12-10 00:00:00+00:00,1.25e-05,1.25e-05,24.0,3.881530416666667e-05,9.3e-09,,,,,,,,9.478347023809528e-06,0.6616945883550642,-0.0001911061607142856,
2025-12-11 00:00:00+00:00,1.3116054166666669e-05,2.01537e-05,24.0,0.00015525630833333333,0.00066123,,,,,,,,1.0161582142857145e-05,0.7725917574752861,-0.00010737604166666659,
2025-12-12 00:00:00+00:00,1.5190154166666666e-05,1.25e-05,24.0,0.0005672704583333333,0.0004952224,,,,,,,,1.1863286309523812e-05,1.5206851132755572,4.1344619642857216e-05,
2025-12-13 00:00:00+00:00,1.25e-05,1.25e-05,24.0,0.00051224515,0.0005658466,,,,,,,,1.2900221428571432e-05,0.5411139634124247,0.0001777409136904763,
2025-12-14 00:00:00+00:00,1.25e-05,1.25e-05,24.0,0.0003548860208333333,0.0001805202,,,,,,,,1.297231547619048e-05,0.5411139634124241,0.0002640970482142858,
2025-12-15 00:00:00+00:00,1.25e-05,1.25e-05,24.0,0.00010481299583333334,-5.84778e-05,,,,,,,,1.297231547619048e-05,0.5411139634124247,0.00025857629166666673,
2025-12-16 00:00:00+00:00,1.2359745833333334e-05,1.25e-05,24.0,-0.00018928272083333335,-0.000299078,,,,,,,,1.2952279166666669e-05,0.4936991721130939,0.00022057193095238105,
2025-12-17 00:00:00+00:00,1.1684983333333332e-05,1.25e-05,24.0,-0.0003345911458333334,-0.0003604998,,,,,,,,1.2835848214285715e-05,0.2660062364902257,0.00016722815238095243,
2025-12-18 00:00:00+00:00,8.901820833333334e-06,1.08915e-05,24.0,-0.00042415137916666665,-0.0004128683,,,,,,,,1.2233814880952383e-05,-0.6725963877629216,8.445562559523817e-05,
2025-12-19 00:00:00+00:00,1.0229654166666665e-05,1.25e-05,24.0,-0.00039509924999999997,-0.0002447642,,,,,,,,1.1525172023809526e-05,-0.1740544498660159,-5.302576130952374e-05,
2025-12-20 00:00:00+00:00,1.1328308333333335e-05,1.25e-05,24.0,-0.00036535460833333333,-0.0003476348,,,,,,,,1.1357787500000002e-05,0.23489650902693113,-0.0001783971553571428,
2025-12-21 00:00:00+00:00,1.2081483333333334e-05,1.25e-05,24.0,-0.00036313579583333337,-0.0003876402,,,,,,,,1.1297999404761909e-05,0.49359950029172067,-0.00028097170059523805,
2025-12-22 00:00:00+00:00,1.0740950000000001e-05,7.6182e-06,24.0,-0.00037389145833333337,-0.0004390545,,,,,,,,1.104670654761905e-05,0.02154481754375201,-0.00034935805119047615,
2025-12-23 00:00:00+00:00,8.377216666666667e-06,3.6036e-06,24.0,-0.000429363725,-0.0004711713,,,,,,,,1.0477773809523812e-05,-0.7920339278922939,-0.00038365533749999995,
2025-12-24 00:00:00+00:00,1.1363587500000002e-05,1.25e-05,24.0,-0.0003208126875,-0.000198356,,,,,,,,1.0431860119047623e-05,0.2679670721036385,-0.0003816869863095237,
2025-12-25 00:00:00+00:00,1.2494675e-05,1.25e-05,24.0,-0.0002935275625,-0.0003905799,,,,,,,,1.0945125000000001e-05,0.6700491224118565,-0.0003630264410714285,
2025-12-26 00:00:00+00:00,9.308066666666666e-06,6.2412e-06,24.0,-0.0004046282166666666,-0.0004500705,,,,,,,,1.0813469642857145e-05,-0.4311561702289041,-0.0003643877220238095,
2025-12-27 00:00:00+00:00,2.7920125e-06,-1.20663e-05,24.0,-0.0004776638958333334,-0.0005965301,,,,,,,,9.59399880952381e-06,-2.3724875008911743,-0.0003804319059523809,
2025-12-28 00:00:00+00:00,-1.1199583333333335e-06,7.1611e-06,24.0,-0.0005089597416666667,-0.0004427109,,,,,,,,7.708078571428575e-06,-2.979146562696143,-0.0004012638982142857,
2025-12-29 00:00:00+00:00,9.043666666666668e-06,1.25e-05,24.0,-0.0004032793,-0.0003730396,,,,,,,,7.465609523809526e-06,-0.3107800745916435,-0.0004054621613095237,
2025-12-30 00:00:00+00:00,1.04567e-05,1.25e-05,24.0,-0.0003093993791666667,-0.0002819725,,,,,,,,7.762678571428575e-06,0.10408482367423497,-0.00038832439761904755,
2025-12-31 00:00:00+00:00,1.25e-05,1.25e-05,24.0,-0.00016745606666666664,0.0001323142,,,,,,,,7.925023214285718e-06,0.6650101319330284,-0.0003664163089285714,
2026-01-01 00:00:00+00:00,1.25e-05,1.25e-05,24.0,0.00011197180833333332,-0.0001977323,,,,,,,,7.925783928571432e-06,0.6369287162102316,-0.0003084878273809523,
2026-01-02 00:00:00+00:00,7.967829166666668e-06,3.5529e-06,24.0,-0.0003905557375,-0.0004715766,,,,,,,,7.734321428571431e-06,-0.6182100965046614,-0.00030647747321428567,
2026-01-03 00:00:00+00:00,8.391183333333334e-06,1.25e-05,24.0,-0.00037684218333333333,-0.0003354259,,,,,,,,8.53420297619048e-06,-0.5001624421106219,-0.00029207437142857135,
2026-01-04 00:00:00+00:00,8.873191666666667e-06,5.819e-06,24.0,-0.0003945785166666667,-0.000453448,,,,,,,,9.961795833333336e-06,-0.4466563805063202,-0.00027573419642857135,
2026-01-05 00:00:00+00:00,5.8269125e-06,3.9065e-06,24.0,-0.0004493708625,-0.0004687478,,,,,,,,9.502259523809527e-06,-1.379485578704717,-0.00028231870535714275,
2026-01-06 00:00:00+00:00,1.0156366666666666e-05,1.25e-05,24.0,-0.0003525971125,-0.0002671909,,,,,,,,9.459354761904764e-06,-0.049427976254718196,-0.00028848981011904754,
2026-01-07 00:00:00+00:00,1.25e-05,1.25e-05,24.0,-0.0002677276458333333,-0.0002225106,,,,,,,,9.459354761904764e-06,0.6636442109085371,-0.00030281432142857136,
2026-01-08 00:00:00+00:00,1.2481712500000002e-05,1.25e-05,24.0,-8.572612916666667e-05,0.0004440691,,,,,,,,9.456742261904766e-06,0.658349034825669,-0.00033105688392857127,
2026-01-09 00:00:00+00:00,1.25e-05,1.25e-05,24.0,0.00017006846666666668,-0.0001068794,,,,,,,,1.0104195238095241e-05,0.6639138821350464,-0.0002509677119047618,
2026-01-10 00:00:00+00:00,1.25e-05,1.25e-05,24.0,-0.00022020442083333334,-0.0002466945,,,,,,,,1.0691169047619051e-05,0.6734829389086217,-0.0002285908886904761,
2026-01-11 00:00:00+00:00,1.1760683333333334e-05,1.25e-05,24.0,-0.000293428375,-0.0002946502,,,,,,,,1.110366785714286e-05,0.5005954013984282,-0.00021414086845238087,
2026-01-12 00:00:00+00:00,1.1768175e-05,7.139e-06,24.0,-0.00022932070833333335,-0.000442888,,,,,,,,1.1952419642857146e-05,0.513282385007329,-0.00018270513214285706,
2026-01-13 00:00:00+00:00,1.1629012499999999e-05,1.25e-05,24.0,-0.00020239615,4.5749e-06,,,,,,,,1.216279761904762e-05,0.48098510510866777,-0.0001612478517857142,
2026-01-14 00:00:00+00:00,1.2251704166666667e-05,1.25e-05,24.0,-0.00020589861666666666,-4.54448e-05,,,,,,,,1.2127326785714288e-05,0.6847929636890201,-0.00015241513333333326,
2026-01-15 00:00:00+00:00,1.25e-05,1.25e-05,24.0,-7.098069583333334e-05,-5.57015e-05,,,,,,,,1.2129939285714288e-05,0.7622369371295054,-0.00015030864285714277,
2026-01-16 00:00:00+00:00,1.25e-05,1.25e-05,24.0,-9.740567916666667e-05,2.90108e-05,,,,,,,,1.2129939285714288e-05,0.7492849014234885,-0.00018851923511904755,
2026-01-17 00:00:00+00:00,1.25e-05,1.25e-05,24.0,-6.993747916666668e-05,-0.0002619921,,,,,,,,1.2129939285714288e-05,0.7066415140358189,-0.0001670525291666666,
2026-01-18 00:00:00+00:00,1.25e-05,1.25e-05,24.0,-0.0002559358375,-0.0001097733,,,,,,,,1.2235555952380956e-05,0.6770223221955372,-0.00016169645238095232,
2026-01-19 00:00:00+00:00,1.16738125e-05,1.25e-05,24.0,-0.00016599819999999998,-0.0001457163,,,,,,,,1.2222075595238098e-05,0.41278449440033677,-0.00015265037976190467,
2026-01-20 00:00:00+00:00,6.463766666666667e-06,1.25e-05,24.0,-0.0003826905,-0.0001827737,,,,,,,,1.1484183333333336e-05,-1.144497255717559,-0.00017840671547619038,
2026-01-21 00:00:00+00:00,8.930879166666667e-06,1.25e-05,24.0,-0.0003526225416666667,-0.0003431031,,,,,,,,1.1009779761904764e-05,-0.3640589486884544,-0.0001993672761904761,
2026-01-22 00:00:00+00:00,1.1501075e-05,1.25e-05,24.0,-0.00030257392916666667,-0.0002489077,,,,,,,,1.086707619047619e-05,0.39630855849886093,-0.00023245202380952373,
2026-01-23 00:00:00+00:00,-9.31045833333333e-07,-7.945e-07,24.0,-0.0004960579666666667,-0.0005063561,,,,,,,,8.948355357142861e-06,-2.8140335979130215,-0.000289402350595238,
2026-01-24 00:00:00+00:00,-3.1905916666666666e-06,6.8233e-06,24.0,-0.0005255247291666667,-0.0004454133,,,,,,,,6.706842261904765e-06,-2.7996210010060274,-0.00035448624345238086,
2026-01-25 00:00:00+00:00,-3.966733333333333e-06,-1.96801e-05,24.0,-0.0005314080041666666,-0.0006574412,,,,,,,,4.354451785714288e-06,-2.526211167640912,-0.00039383941011904755,
2026-01-26 00:00:00+00:00,2.850604166666667e-06,-5.5317e-06,24.0,-0.000471054925,-0.0005442538,,,,,,,,3.093993452380955e-06,-1.1826033491361279,-0.0004374189422619047,
2026-01-27 00:00:00+00:00,1.21255125e-05,1.25e-05,24.0,-0.0003482662208333333,-0.0003807723,,,,,,,,3.902814285714289e-06,0.5996617836585699,-0.00043250118809523796,
2026-01-28 00:00:00+00:00,1.2259454166666668e-05,1.25e-05,24.0,-0.00025427444583333333,-0.0003331577,,,,,,,,4.378325000000003e-06,0.6014198985815795,-0.0004184514601190476,
2026-01-29 00:00:00+00:00,1.2162691666666666e-05,4.5751e-06,24.0,-0.00029234141250000003,-0.0004633989,,,,,,,,4.472841666666669e-06,0.5664272761757548,-0.00041698967202380947,
2026-01-30 00:00:00+00:00,5.0740625e-06,1.25e-05,24.0,-0.00043466205,-0.0003087137,,,,,,,,5.330714285714288e-06,-0.856659715360852,-0.00040821882678571423,
2026-01-31 00:00:00+00:00,-4.294870833333333e-06,-1.36923e-05,24.0,-0.0004718029333333333,-0.0006095385,,,,,,,,5.172960119047622e-06,-2.4106049977538277,-0.0004005442845238095,
2026-02-01 00:00:00+00:00,-2.29236e-05,-2.493e-05,24.0,-0.0006833888166666666,-0.0006994402,,,,,,,,2.4648363095238124e-06,-3.8765921951860474,-0.0004222558291666666,
2026-02-02 00:00:00+00:00,-2.7035974999999998e-05,-3.35106e-05,24.0,-0.0007162878125,-0.000768085,,,,,,,,-1.8046749999999968e-06,-3.314084432608995,-0.0004572890988095237,
2026-02-03 00:00:00+00:00,-1.4438495833333333e-05,-3.51955e-05,24.0,-0.0006155079708333333,-0.0007815643,,,,,,,,-5.59953333333333e-06,-1.8642200738919525,-0.0004954664916666667,
2026-02-04 00:00:00+00:00,9.895141666666666e-06,1.25e-05,24.0,-0.00033874476249999997,-0.0002655343,,,,,,,,-5.93729226190476e-06,0.3798831447689837,-0.0005075336797619047,
2026-02-05 00:00:00+00:00,7.2664125000000005e-06,-2.1627e-06,24.0,-0.0003475800416666667,-0.0005173016,,,,,,,,-6.636760714285712e-06,0.1459030582570408,-0.0005154249124999999,
2026-02-06 00:00:00+00:00,-2.399775e-06,-9.9833e-06,24.0,-0.0005141428833333333,-0.0005798662,,,,,,,,-7.704451785714284e-06,-0.7035828014786775,-0.0005267793172619047,
2026-02-07 00:00:00+00:00,-2.9777583333333338e-06,-4.068e-07,24.0,-0.0005238220083333333,-0.0005032541,,,,,,,,-7.516292857142854e-06,-0.7087793728364737,-0.0005342106136904762,
2026-02-08 00:00:00+00:00,-3.925095833333333e-06,-5.2018e-06,24.0,-0.0005314007166666667,-0.0005416143,,,,,,,,-4.80222083333333e-06,-0.7453423125499138,-0.0005124980279761904,
2026-02-09 00:00:00+00:00,3.438725e-06,1.25e-05,24.0,-0.000455595775,-0.000347504,,,,,,,,-4.4869226190475943e-07,-0.03678847041448933,-0.0004752563083333333,
2026-02-10 00:00:00+00:00,1.1836304166666666e-05,1.25e-05,24.0,-0.0003559320625,-0.0003237565,,,,,,,,3.3048505952380975e-06,0.7478652690315961,-0.00043817403571428564,
2026-02-11 00:00:00+00:00,3.4739125e-06,-7.3074e-06,24.0,-0.00047216050416666665,-0.0005584588,,,,,,,,2.387532142857145e-06,-0.007966208161802853,-0.00045723342738095233,
2026-02-12 00:00:00+00:00,6.3716125e-06,8.6397e-06,24.0,-0.00044168131666666666,-0.0004308824,,,,,,,,2.259703571428574e-06,0.284660364280055,-0.0004706764666666666,
2026-02-13 00:00:00+00:00,8.231858333333333e-06,1.10707e-05,24.0,-0.00042826616666666664,-0.0004114345,,,,,,,,3.778508333333336e-06,0.4788007102219768,-0.00045840836428571427,
2026-02-14 00:00:00+00:00,6.413158333333333e-06,3.0757e-06,24.0,-0.0004456328916666667,-0.0004753946,,,,,,,,5.120067857142861e-06,0.32756662644190354,-0.00044723849047619045,
2026-02-15 00:00:00+00:00,1.3090416666666677e-07,1.10964e-05,24.0,-0.0004973382041666667,-0.0004112287,,,,,,,,5.699496428571431e-06,-0.24699729095025363,-0.0004423724172619047,
2026-02-16 00:00:00+00:00,6.252741666666667e-06,1.25e-05,24.0,-0.0004463811,-0.0003733817,,,,,,,,6.101498809523812e-06,0.38321209348013463,-0.00044105603511904754,
2026-02-17 00:00:00+00:00,9.1142375e-06,1.22906e-05,24.0,-0.000413003625,-0.0004016751,,,,,,,,5.712632142857145e-06,0.6878642920097012,-0.00044920911547619046,
2026-02-18 00:00:00+00:00,8.377866666666666e-06,1.88e-08,24.0,-0.000423972225,-0.0004998497,,,,,,,,6.413197023809526e-06,0.6302197198876792,-0.000442325075595238,
2026-02-19 00:00:00+00:00,7.398495833333334e-06,1.25e-05,24.0,-0.00043261665,-0.0003802231,,,,,,,,6.559894642857146e-06,0.5262527745517046,-0.0004410301232142857,
2026-02-20 00:00:00+00:00,6.510008333333333e-06,5.1134e-06,24.0,-0.0004350582375,-0.0004590927,,,,,,,,6.3139160714285734e-06,0.4460814602883797,-0.00044200041904761904,
2026-02-21 00:00:00+00:00,8.327208333333334e-06,2.366e-06,24.0,-0.0004305243458333333,-0.0004810719,,,,,,,,6.587351785714288e-06,0.6488221659894233,-0.0004398420553571428,
2026-02-22 00:00:00+00:00,8.570729166666667e-06,2.4491e-06,24.0,-0.0004176891875,-0.0004804073,,,,,,,,7.793041071428574e-06,0.6376689401294563,-0.00042846362440476186,
2026-02-23 00:00:00+00:00,2.6294166666666666e-07,1.25e-05,24.0,-0.0004639198333333333,-0.0002993726,,,,,,,,6.937355357142859e-06,-0.22884745719981128,-0.0004309691577380952,
2026-02-24 00:00:00+00:00,8.620795833333333e-06,4.8082e-06,24.0,-0.0004204572625,-0.0004615342,,,,,,,,6.866863690476192e-06,0.5917612942404223,-0.00043203396309523807,
2026-02-25 00:00:00+00:00,9.224991666666667e-06,1.25e-05,24.0,-0.0004092743083333333,-0.0003428326,,,,,,,,6.9878815476190495e-06,0.6278131016184035,-0.00042993426071428564,
2026-02-26 00:00:00+00:00,8.195483333333335e-06,1.25e-05,24.0,-0.000413769275,-0.0003918741,,,,,,,,7.101736904761907e-06,0.5410727581435533,-0.0004272417785714285,
2026-02-27 00:00:00+00:00,4.00815e-06,-4.6068e-06,24.0,-0.000462652175,-0.0005368548,,,,,,,,6.744328571428575e-06,0.13740618313397426,-0.00043118376964285706,
2026-02-28 00:00:00+00:00,1.0530874999999999e-06,1.23853e-05,24.0,-0.0004915753166666667,-0.000400918,,,,,,,,5.705168452380955e-06,-0.13764197210313486,-0.00043990533690476183,
2026-03-01 00:00:00+00:00,1.0408829166666667e-05,2.8261e-06,24.0,-0.0003640976083333334,-0.0004773908,,,,,,,,5.967754166666669e-06,0.8383293040445835,-0.0004322493970238095,
2026-03-02 00:00:00+00:00,9.173133333333334e-06,1.25e-05,24.0,-0.0003933126625,-0.0002881095,,,,,,,,7.240638690476193e-06,0.6604996628071218,-0.0004221626583333333,
2026-03-03 00:00:00+00:00,7.460679166666666e-06,1.8057e-06,24.0,-0.00040969628333333333,-0.0004855543,,,,,,,,7.074907738095241e-06,0.4325036255541022,-0.000420625375595238,
2026-03-04 00:00:00+00:00,6.3854958333333334e-06,1.23911e-05,24.0,-0.00041525717083333336,-0.0004008714,,,,,,,,6.669265476190479e-06,0.23396475868221234,-0.00042148007023809524,
2026-03-05 00:00:00+00:00,8.729316666666666e-06,1.25e-05,24.0,-0.00038678585,-0.0003491859,,,,,,,,6.745527380952383e-06,0.6873996799996468,-0.00041762529523809523,
2026-03-06 00:00:00+00:00,4.181129166666666e-06,-2.106e-07,24.0,-0.0004646044125,-0.0005016849,,,,,,,,6.770238690476193e-06,-0.36218769701110093,-0.0004179041863095237,
2026-03-07 00:00:00+00:00,-4.419495833333334e-06,-1.13123e-05,24.0,-0.0005353559583333333,-0.0005904986,,,,,,,,5.988441071428573e-06,-2.159608744847885,-0.00042415856369047613,
2026-03-08 00:00:00+00:00,-1.7493529166666665e-05,-4.53258e-05,24.0,-0.0006399482291666666,-0.0008626067,,,,,,,,2.0023898809523837e-06,-3.72405264304937,-0.00046356579523809514,
2026-03-09 00:00:00+00:00,3.912795833333333e-06,3.0117e-06,24.0,-0.0004612397791666667,-0.0004759068,,,,,,,,1.2509130952380973e-06,-0.18868743647654043,-0.00047326966904761897,
2026-03-10 00:00:00+00:00,8.936520833333334e-06,-5.1022e-06,24.0,-0.00040737267083333336,-0.0005408173,,,,,,,,1.4617476190476214e-06,0.6261117231057345,-0.00047293772440476186,
2026-03-11 00:00:00+00:00,-4.980499999999999e-07,1.3685e-06,24.0,-0.0005039844375,-0.0004890517,,,,,,,,4.783839285714311e-07,-1.0208844042641347,-0.0004856130482142856,
2026-03-12 00:00:00+00:00,-3.025566666666667e-06,2.4993e-06,24.0,-0.0005242045166666667,-0.0004800057,,,,,,,,-1.2008851190476167e-06,-1.3643408013168503,-0.0005052442863095238,
2026-03-13 00:00:00+00:00,6.230870833333334e-06,2.3774e-06,24.0,-0.00044903222083333337,-0.0004809811,,,,,,,,-9.080648809523782e-07,0.23147648436483445,-0.0005030196874999999,
2026-03-14 00:00:00+00:00,5.032775e-06,6.8609e-06,24.0,-0.00045973780833333337,-0.0004451128,,,,,,,,4.422595238095265e-07,0.03065735479439026,-0.0004922170946428571,
2026-03-15 00:00:00+00:00,8.676666666666666e-06,4.4634e-06,24.0,-0.00041038813749999997,-0.0004642926,,,,,,,,4.1808589285714315e-06,0.6622118578590348,-0.0004594227958333333,
2026-03-16 00:00:00+00:00,-1.1011666666666672e-07,-3.10959e-05,24.0,-0.0005008809416666666,-0.000748767,,,,,,,,3.6061571428571453e-06,-0.8202465223511901,-0.000465085819047619,
2026-03-17 00:00:00+00:00,-2.6190624999999995e-06,1.20158e-05,24.0,-0.000519920275,-0.0004038739,,,,,,,,1.9553595238095257e-06,-1.2165581173190048,-0.00048116404821428566,
2026-03-18 00:00:00+00:00,7.91765e-06,-3.33e-06,24.0,-0.0004106933791666667,-0.00052664,,,,,,,,3.1576023809523833e-06,0.5566447333025276,-0.00046783675416666663,
2026-03-19 00:00:00+00:00,-2.9444583333333316e-07,1.25e-05,24.0,-0.0004912211333333333,-0.000356003,,,,,,,,3.547762500000002e-06,-0.7754989483870687,-0.00046312484226190473,
2026-03-20 00:00:00+00:00,5.234041666666667e-06,6.171e-07,24.0,-0.00044658887916666665,-0.0004950632,,,,,,,,3.4053583333333354e-06,0.17580227138818835,-0.0004627757934523809,
2026-03-21 00:00:00+00:00,2.4787916666666666e-07,-2.0737e-06,24.0,-0.0004980168833333333,-0.0005165895,,,,,,,,2.7218017857142876e-06,-0.630020671284518,-0.00046824423273809517,
2026-03-22 00:00:00+00:00,-8.457304166666667e-06,-2.41231e-05,24.0,-0.0005676585041666666,-0.0006929849,,,,,,,,2.740916666666689e-07,-1.894688898978771,-0.0004907114279761904,
2026-03-23 00:00:00+00:00,-1.4351666666666666e-06,3.4976e-06,24.0,-0.0005114813041666666,-0.000472019,,,,,,,,8.47988095238118e-08,-0.7276749308173749,-0.0004922257654761904,
2026-03-24 00:00:00+00:00,4.62345e-06,1.25e-05,24.0,-0.00045883112083333334,-0.00037243,,,,,,,,1.1194434523809547e-06,0.26069365271365225,-0.0004834987434523809,
2026-03-25 00:00:00+00:00,1.13786375e-05,1.02973e-05,24.0,-0.00037154388333333335,-0.0004176219,,,,,,,,1.6138702380952403e-06,1.25693077676505,-0.00047790595833333325,
2026-03-26 00:00:00+00:00,-1.5878250000000001e-06,5.2931e-06,24.0,-0.0005127026208333333,-0.0004576555,,,,,,,,1.4291017857142879e-06,-0.7281579278061038,-0.00048097474226190467,
2026-03-27 00:00:00+00:00,-4.677870833333333e-06,-7.9186e-06,24.0,-0.0005374229666666666,-0.000563349,,,,,,,,1.311428571428797e-08,-1.1346889431569864,-0.0004939510404761904,
2026-03-28 00:00:00+00:00,7.259291666666668e-06,1.25e-05,24.0,-0.000369454275,-0.0002309477,,,,,,,,1.0147446428571452e-06,0.7414672688397268,-0.0004755849535714285,
2026-03-29 00:00:00+00:00,1.1602983333333334e-05,1.6359e-06,24.0,-0.00037483390416666665,-0.0004869125,,,,,,,,3.880500000000003e-06,1.3404648959778744,-0.000448038582142857,
2026-03-30 00:00:00+00:00,5.893691666666667e-06,7.0518e-06,24.0,-0.0004469312291666666,-0.0004435856,,,,,,,,4.927479761904765e-06,0.44607384555743074,-0.0004388171428571427,
2026-03-31 00:00:00+00:00,2.3822458333333333e-06,-9.9798e-06,24.0,-0.00048092925000000003,-0.0005798382,,,,,,,,4.607307738095241e-06,-0.047520876571001645,-0.0004419740184523809,
2026-04-01 00:00:00+00:00,-2.968658333333333e-06,-3.51929e-05,24.0,-0.0005186349416666666,-0.0007815433,,,,,,,,2.5576940476190504e-06,-0.8213329962417147,-0.00046298702678571415,
2026-04-02 00:00:00+00:00,-5.5450375e-06,1.2464e-06,24.0,-0.0005443603625,-0.000490029,,,,,,,,1.992377976190479e-06,-1.142634010799781,-0.0004675095613095238,
2026-04-03 00:00:00+00:00,2.2425833333333334e-07,8.967e-07,24.0,-0.0004982059291666667,-0.0004928262,,,,,,,,2.692682142857145e-06,-0.22119306199029903,-0.0004619071273809523,
2026-04-04 00:00:00+00:00,9.017008333333334e-06,1.25e-05,24.0,-0.000421600575,-0.0003699163,,,,,,,,2.9437845238095263e-06,1.144830236674883,-0.00046935659880952376,
2026-04-05 00:00:00+00:00,3.743495833333333e-06,4.4833e-06,24.0,-0.0004700520041666667,-0.0004641336,,,,,,,,1.8210005952380977e-06,0.32742899708174333,-0.0004829591845238095,
2026-04-06 00:00:00+00:00,7.2104500000000006e-06,-4.9994e-06,24.0,-0.00043536102500000006,-0.0005399953,,,,,,,,2.009108928571431e-06,0.8100649679839136,-0.00048130629821428565,
2026-04-07 00:00:00+00:00,6.622875e-06,1.25e-05,24.0,-0.0004353616958333333,-0.0003484151,,,,,,,,2.614913095238098e-06,0.7183574039572471,-0.0004747966476190475,
2026-04-08 00:00:00+00:00,1.20937125e-05,5.6475e-06,24.0,-0.00028656154583333335,-0.0004548197,,,,,,,,4.76668035714286e-06,1.622402189194213,-0.00044164330535714286,
2026-04-09 00:00:00+00:00,6.627483333333334e-06,1.25e-05,24.0,-0.00042211114166666665,-0.0003700983,,,,,,,,6.505611904761908e-06,0.6579202853272706,-0.00042417913095238083,
2026-04-10 00:00:00+00:00,1.0562825e-05,7.1493e-06,24.0,-0.00039860263333333333,-0.0004428057,,,,,,,,7.982550000000002e-06,1.2802445888627794,-0.0004099500886904761,
2026-04-11 00:00:00+00:00,9.351895833333334e-06,1.25e-05,24.0,-0.0003907308,-0.0001883903,,,,,,,,8.030391071428575e-06,0.9962207219447389,-0.00040554012083333327,
2026-04-12 00:00:00+00:00,1.2098208333333334e-06,2.7015e-06,24.0,-0.0004779624708333334,-0.0004783883,,,,,,,,7.668437500000004e-06,-0.4367883054992061,-0.00040667018749999994,
2026-04-13 00:00:00+00:00,6.221004166666666e-06,9.8188e-06,24.0,-0.0004502319166666666,-0.0004214496,,,,,,,,7.527088095238098e-06,0.45537848166501504,-0.00040879460059523807,
2026-04-14 00:00:00+00:00,-7.976083333333333e-06,-1.82824e-05,24.0,-0.0005638086875,-0.0006462592,,,,,,,,5.4415226190476205e-06,-1.886251992126894,-0.0004271441708333333,
2026-04-15 00:00:00+00:00,-1.46200875e-05,-2.6429e-05,24.0,-0.0006169606791666666,-0.0007114317,,,,,,,,1.6252654761904785e-06,-2.576279560356546,-0.00047434404702380946,
2026-04-16 00:00:00+00:00,-1.8694654166666668e-05,-3.1485e-06,24.0,-0.000649557225,-0.0005251883,,,,,,,,-1.9921827380952357e-06,-2.7002227726612014,-0.0005068363446428571,
2026-04-17 00:00:00+00:00,-1.1555300000000001e-05,-3.07241e-05,24.0,-0.00059244235,-0.0007457925,,,,,,,,-5.151914880952379e-06,-1.6242782559705118,-0.0005345277327380952,
2026-04-18 00:00:00+00:00,-1.6985208333333333e-05,-1.50714e-05,24.0,-0.0006358817333333333,-0.0006205716,,,,,,,,-8.914358333333332e-06,-2.0587168594507874,-0.000569549294642857,
2026-04-19 00:00:00+00:00,-1.8455475e-05,-1.42032e-05,24.0,-0.0006476437833333334,-0.0006136252,,,,,,,,-1.1723686309523807e-05,-1.9893304189113878,-0.0005937894821428571,
2026-04-20 00:00:00+00:00,-1.5949583333333332e-06,-1.91799e-05,24.0,-0.0005127596291666667,-0.000653439,,,,,,,,-1.2840252380952379e-05,-0.17605774734217502,-0.0006027220124999999,
2026-04-21 00:00:00+00:00,-5.099658333333334e-06,2.865e-06,24.0,-0.0005407972250000001,-0.0004770799,,,,,,,,-1.2429334523809521e-05,-0.568584568897275,-0.0005994346607142856,
2026-04-22 00:00:00+00:00,6.010558333333334e-06,1.0823e-06,24.0,-0.0004487119041666667,-0.0004913413,,,,,,,,-9.482099404761903e-06,0.6018115750961565,-0.0005753991214285714,
2026-04-23 00:00:00+00:00,-2.6024000000000003e-06,-1.536e-07,24.0,-0.0005208192291666667,-0.0005012287,,,,,,,,-7.18320595238095e-06,-0.29830281947071174,-0.0005570079791666667,
2026-04-24 00:00:00+00:00,-1.99185e-06,-1.168e-07,24.0,-0.0005159347958333334,-0.000500934,,,,,,,,-5.816998809523807e-06,-0.18945511076602728,-0.0005460783285714286,
2026-04-25 00:00:00+00:00,5.153316666666667e-06,3.3018e-06,24.0,-0.00045877342916666666,-0.0004735858,,,,,,,,-2.6543523809523784e-06,0.5721273901717127,-0.0005207771422619048,
2026-04-26 00:00:00+00:00,-3.789641666666667e-06,-4.617e-07,24.0,-0.0005303171583333333,-0.0005036935,,,,,,,,-5.592333333333304e-07,-0.4145820019703438,-0.0005040161958333333,
2026-04-27 00:00:00+00:00,9.533958333333334e-07,-5.3462e-06,24.0,-0.0004923728666666666,-0.0005427693,,,,,,,,-1.9518273809523518e-07,0.13209635933785294,-0.0005011038011904762,
2026-04-28 00:00:00+00:00,3.330000000000001e-07,1.25e-05,24.0,-0.0004878347,-0.0003584339,,,,,,,,5.809113095238125e-07,0.10823667954629347,-0.0004935377261904761,
2026-04-29 00:00:00+00:00,9.314783333333333e-06,7.2034e-06,24.0,-0.00039399120416666665,-0.000442373,,,,,,,,1.0529434523809552e-06,1.1131684409020504,-0.0004857204833333333,
2026-04-30 00:00:00+00:00,3.2037416666666667e-06,1.25e-05,24.0,-0.000471070075,-0.0003867599,,,,,,,,1.8823922619047648e-06,0.4161045823186512,-0.0004786134613095237,
2026-05-01 00:00:00+00:00,9.1518625e-06,-7.516e-07,24.0,-0.00041821148333333336,-0.0005060131,,,,,,,,3.4743511904761934e-06,1.026148094190572,-0.000464652988095238,
2026-05-02 00:00:00+00:00,9.720325e-06,1.25e-05,24.0,-0.00038474983750000005,-0.0003001971,,,,,,,,4.126780952380955e-06,1.0202336946399162,-0.00045407818928571423,
2026-05-03 00:00:00+00:00,1.0667791666666666e-05,9.0067e-06,24.0,-0.00040442310833333335,-0.0004279462,,,,,,,,6.192128571428574e-06,1.0640140919343226,-0.0004360933249999999,
2026-05-04 00:00:00+00:00,6.5313666666666664e-06,-5.339e-07,24.0,-0.000444229875,-0.0005042714,,,,,,,,6.98898154761905e-06,0.6316489160656115,-0.0004292157547619047,
2026-05-05 00:00:00+00:00,6.778833333333334e-06,2.456e-07,24.0,-0.0004383635541666667,-0.0004980351,,,,,,,,7.909814880952385e-06,0.6439618687772442,-0.0004221484482142857,
2026-05-06 00:00:00+00:00,5.471554166666667e-06,7.7159e-06,24.0,-0.0004122704458333333,-0.0004382727,,,,,,,,7.360782142857146e-06,0.5111238191116753,-0.0004247597684523809,
2026-05-07 00:00:00+00:00,6.65935e-06,1.25e-05,24.0,-0.00038010623333333335,-0.0001944329,,,,,,,,7.85444047619048e-06,0.6396236508678967,-0.00041176493392857137,
2026-05-08 00:00:00+00:00,1.1283908333333334e-05,1.25e-05,24.0,-0.0003444675375,-0.000251269,,,,,,,,8.159018452380955e-06,1.1476589385628186,-0.00040123008452380953,
2026-05-09 00:00:00+00:00,1.1887333333333332e-05,1.25e-05,24.0,-0.0003049321416666667,-0.0002357001,,,,,,,,8.468591071428575e-06,1.173158936416556,-0.000389827556547619,
2026-05-10 00:00:00+00:00,1.25e-05,1.25e-05,24.0,-0.0001903598125,-0.0001629959,,,,,,,,8.73033511904762e-06,1.2218728956215585,-0.00035924708571428564,
2026-05-11 00:00:00+00:00,1.2170962500000002e-05,1.25e-05,24.0,-0.0002826088625,-0.0002380956,,,,,,,,9.53599166666667e-06,1.1647301031842985,-0.0003361583696428571,
2026-05-12 00:00:00+00:00,9.581254166666667e-06,1.14694e-05,24.0,-0.0003966014125,-0.000408245,,,,,,,,9.936337500000003e-06,0.8526811251204254,-0.0003301923494047619,
2026-05-13 00:00:00+00:00,1.2265550000000002e-05,1.25e-05,24.0,-0.0002518890708333333,-0.0003091382,,,,,,,,1.0906908333333337e-05,1.0907659022557714,-0.00030728072440476187,
2026-05-14 00:00:00+00:00,1.0403333333333334e-05,6.9058e-06,24.0,-0.0003814017166666667,-0.0004447534,,,,,,,,1.14417630952381e-05,0.8425365345484441,-0.0003074657934523809,
2026-05-15 00:00:00+00:00,6.634183333333334e-06,3.8604e-06,24.0,-0.00044058551249999997,-0.0004691165,,,,,,,,1.077751666666667e-05,0.4058681738880706,-0.0003211969327380952,
2026-05-16 00:00:00+00:00,4.373408333333334e-06,-4.8663e-06,24.0,-0.00045916528750000003,-0.0005389307,,,,,,,,9.704098809523813e-06,0.08871327850152666,-0.00034323023928571427,
2026-05-17 00:00:00+00:00,-1.5381125e-06,1.25e-05,24.0,-0.0005103753,-0.000353689,,,,,,,,7.69865416666667e-06,-0.6957085794278608,-0.00038894673749999997,
2026-05-18 00:00:00+00:00,5.039470833333333e-06,1.25e-05,24.0,-0.00043598761666666666,-0.0002238925,,,,,,,,6.679869642857146e-06,0.049461314967371356,-0.00041085798809523805,
2026-05-19 00:00:00+00:00,1.2149808333333333e-05,1.25e-05,24.0,-0.00034978136666666666,-0.0003808116,,,,,,,,7.046805952380956e-06,1.1878414524159864,-0.00040416941011904757,
2026-05-20 00:00:00+00:00,1.2284141666666667e-05,1.25e-05,24.0,-0.0003211335583333333,-0.0002482329,,,,,,,,7.049461904761908e-06,1.1385399192583174,-0.00041406147976190465,
2026-05-21 00:00:00+00:00,1.2261316666666667e-05,1.25e-05,24.0,-0.00027240041666666667,-0.0002572662,,,,,,,,7.314888095238097e-06,1.09438844506869,-0.0003984898654761904,
2026-05-22 00:00:00+00:00,1.15546375e-05,4.9229e-06,24.0,-0.0003065403666666667,-0.0004606168,,,,,,,,8.017810119047623e-06,0.9038767278092686,-0.0003793405589285714,
2026-05-23 00:00:00+00:00,1.3943291666666669e-06,3.9715e-06,24.0,-0.0004809793333333333,-0.0004682279,,,,,,,,7.592227380952383e-06,-1.1633346969783822,-0.0003824568511904761,
2026-05-24 00:00:00+00:00,1.0479983333333333e-05,3.7898e-06,24.0,-0.00037440463749999995,-0.0004696818,,,,,,,,9.309098214285717e-06,0.647056713260218,-0.00036303247083333326,
2026-05-25 00:00:00+00:00,2.9247708333333336e-06,-3.0391e-06,24.0,-0.00046925282916666667,-0.0005243126,,,,,,,,9.006998214285717e-06,-0.9632167775831013,-0.00036778464404761896,
2026-05-26 00:00:00+00:00,8.1953375e-06,-5.15e-07,24.0,-0.0004032264041666667,-0.0005041203,,,,,,,,8.442073809523812e-06,0.08994411610081124,-0.00037541964940476184,
2026-05-27 00:00:00+00:00,7.240966666666667e-06,3.1739e-06,24.0,-0.0004174241708333333,-0.0004746089,,,,,,,,7.721620238095243e-06,-0.1995745924298359,-0.00038917545119047616,
2026-05-28 00:00:00+00:00,4.3300833333333336e-06,1.25e-05,24.0,-0.0004137294666666667,-0.0002309548,,,,,,,,6.5885869047619085e-06,-1.0221906773629088,-0.0004093653154761904,
2026-05-29 00:00:00+00:00,1.2484183333333335e-05,1.25e-05,24.0,-0.00026546643333333336,-0.0003938877,,,,,,,,6.7213791666666706e-06,1.101025319253593,-0.0004034976107142856,
2026-05-30 00:00:00+00:00,1.2066375e-05,1.25e-05,24.0,-0.0003200299708333333,-0.0003425558,,,,,,,,8.245957142857147e-06,0.930000450283237,-0.00038050484464285705,
2026-05-31 00:00:00+00:00,1.2433154166666669e-05,1.25e-05,24.0,-0.0002675294625,-9.85239e-05,,,,,,,,8.52498154761905e-06,0.9814899766007564,-0.0003652369624999999,
2026-06-01 00:00:00+00:00,1.25e-05,1.25e-05,24.0,-0.00020107895416666665,1.98483e-05,,,,,,,,9.892871428571431e-06,0.9598763556485296,-0.0003269264089285714,
2026-06-02 00:00:00+00:00,1.25e-05,1.25e-05,24.0,-0.000183761125,-0.0003253562,,,,,,,,1.0507823214285718e-05,0.9333711506929842,-0.00029557422619047607,
2026-06-03 00:00:00+00:00,6.800791666666667e-06,1.25e-05,24.0,-0.0003996433833333333,-0.000281117,,,,,,,,1.0444941071428575e-05,-0.5182648402885327,-0.0002930341136904761,
2026-06-04 00:00:00+00:00,9.956766666666668e-06,1.25e-05,24.0,-0.00039403286666666665,-0.0003607735,,,,,,,,1.1248752976190481e-05,0.2589963046625036,-0.00029022031369047615,
2026-06-05 00:00:00+00:00,1.4788791666666668e-06,1.25e-05,24.0,-0.00048143652916666667,-0.0003863722,,,,,,,,9.67656666666667e-06,-1.788074364824896,-0.00032107318452380943,
2026-06-06 00:00:00+00:00,1.4077625000000002e-06,-4.2415e-06,24.0,-0.00048761999166666665,-0.0005339323,,,,,,,,8.153907738095241e-06,-1.6799085717451607,-0.0003450146160714285,
2026-06-07 00:00:00+00:00,5.464166666666668e-07,4.6584e-06,24.0,-0.0004949516374999999,-0.0004627324,,,,,,,,6.455802380952384e-06,-1.712016059574747,-0.00037750349821428564,
2026-06-08 00:00:00+00:00,-6.495666666666666e-07,-7.8944e-06,24.0,-0.0005021722958333334,-0.0005631554,,,,,,,,4.577292857142861e-06,-1.7935017991950464,-0.0004205168327380952,
2026-06-09 00:00:00+00:00,3.0520500000000003e-06,-8.6468e-06,24.0,-0.0004724804541666667,-0.0005691744,,,,,,,,3.2275857142857176e-06,-0.9478857066352938,-0.0004617624511904761,
2026-06-10 00:00:00+00:00,-4.6687125e-06,-2.5598e-06,24.0,-0.0005373497541666666,-0.0005204785,,,,,,,,1.5890851190476226e-06,-2.2617985643839615,-0.00048143478988095224,
2026-06-11 00:00:00+00:00,2.0898083333333332e-06,2.4414e-06,24.0,-0.00048328155416666667,-0.0004804685,,,,,,,,4.6523392857143167e-07,-0.8925113720145496,-0.0004941846023809522,
2026-06-12 00:00:00+00:00,1.0692916666666678e-07,6.677e-06,24.0,-0.0004944992708333333,-0.0004465839,,,,,,,,2.692410714285745e-07,-1.1894283542590318,-0.0004960507083333332,
2026-06-13 00:00:00+00:00,1.08241625e-05,7.3841e-06,24.0,-0.0003926988375,-0.0004409276,,,,,,,,1.6144410714285743e-06,0.8550984783689864,-0.00048249054345238083,
2026-06-14 00:00:00+00:00,1.1976366666666668e-05,1.25e-05,24.0,-0.0003290692333333333,-0.0003639034,,,,,,,,3.2472910714285747e-06,1.0214348036660597,-0.0004587930571428571,
2026-06-15 00:00:00+00:00,1.2498295833333334e-05,1.25e-05,24.0,-0.00023367737916666666,-0.0003639443,,,,,,,,5.125557142857146e-06,1.0502377329040726,-0.0004204366404761904,
2026-06-16 00:00:00+00:00,1.1360125000000002e-05,1.25e-05,24.0,-0.00026883067083333334,-0.0002113077,,,,,,,,6.312425000000003e-06,0.7869216341461421,-0.0003913438142857142,
2026-06-17 00:00:00+00:00,1.1360933333333335e-05,1.25e-05,24.0,-0.00026466944166666666,-0.0003663508,,,,,,,,8.602374404761909e-06,0.7419262820431274,-0.00035238948392857136,
2026-06-18 00:00:00+00:00,1.1931691666666668e-05,1.25e-05,24.0,-0.0002729251,-0.0001743943,,,,,,,,1.0008357738095242e-05,0.8521154044884991,-0.00032233856190476184,
2026-06-19 00:00:00+00:00,1.25e-05,1.25e-05,24.0,-0.00014762972499999998,-1.5752e-05,,,,,,,,1.1778796428571433e-05,0.9569246615187351,-0.0002727857696428571,
2026-06-20 00:00:00+00:00,1.2440695833333333e-05,1.25e-05,24.0,-0.00016759424166666665,-0.000228352,,,,,,,,1.2009729761904766e-05,0.9435775924179984,-0.00024062797023809517,
2026-06-21 00:00:00+00:00,2.4208875e-06,1.25e-05,24.0,-0.0004757943333333333,-0.0003931535,,,,,,,,1.0644661309523813e-05,-0.8856496591559277,-0.00026158869880952375,
2026-06-22 00:00:00+00:00,9.428325000000001e-06,1.25e-05,24.0,-0.00037953982916666667,-0.0003854653,,,,,,,,1.0206094047619051e-05,0.3882508619379926,-0.0002824261916666666,
2026-06-23 00:00:00+00:00,-7.618874999999998e-07,6.5466e-06,24.0,-0.0004784787375,-0.000447627,,,,,,,,8.47437797619048e-06,-1.4435991033678506,-0.0003123759154761904,
2026-06-24 00:00:00+00:00,4.434208333333335e-07,-2.1975e-06,24.0,-0.0004894889083333333,-0.0005175803,,,,,,,,6.914733333333336e-06,-1.1864931904903908,-0.00034449298214285707,
2026-06-25 00:00:00+00:00,-8.372125e-06,-1.96542e-05,24.0,-0.0005669769416666667,-0.0006572336,,,,,,,,4.014188095238098e-06,-2.4034910121882844,-0.00038650038809523804,
2026-06-26 00:00:00+00:00,-1.4185470833333334e-05,-1.12022e-05,24.0,-0.0006134838416666667,-0.0005896178,,,,,,,,2.019779761904792e-07,-2.7603612436716283,-0.00045305097619047615,
2026-06-27 00:00:00+00:00,-8.3544125e-06,-9.1201e-06,24.0,-0.0005668352416666666,-0.0005729608,,,,,,,,-2.768751785714283e-06,-1.7820019977454873,-0.0005100854047619047,
2026-06-28 00:00:00+00:00,-1.07279375e-05,-1.42056e-05,24.0,-0.000585823525,-0.000613645,,,,,,,,-4.6471553571428545e-06,-1.8906698757814708,-0.0005258038607142856,
2026-06-29 00:00:00+00:00,-1.8790041666666666e-06,1.11745e-05,24.0,-0.0005148488958333333,-0.0004106044,,,,,,,,-6.262488095238093e-06,-0.7374298594631882,-0.0005451337273809523,
2026-06-30 00:00:00+00:00,5.7976749999999995e-06,9.982e-06,24.0,-0.0004476444625,-0.0004201442,,,,,,,,-5.325407738095236e-06,0.25547956140735917,-0.0005407288309523809,
2026-07-01 00:00:00+00:00,9.159e-06,9.1878e-06,24.0,-0.0004162758375,-0.0004264974,,,,,,,,-4.080324999999998e-06,0.7077521580603562,-0.0005302698208333333,
2026-07-02 00:00:00+00:00,1.2281770833333334e-05,1.25e-05,24.0,-0.00011409284166666668,7.67177e-05,,,,,,,,-1.1297684523809496e-06,1.1134985028115232,-0.0004655720922619047,
2026-07-03 00:00:00+00:00,1.25e-05,1.25e-05,24.0,0.00021794425833333332,0.0002865655,,,,,,,,2.6824416666666697e-06,1.096152028835586,-0.0003467966494047618,
2026-07-04 00:00:00+00:00,1.25e-05,1.25e-05,24.0,0.0002960625416666667,0.0001111641,,,,,,,,5.661643452380955e-06,1.074331340322523,-0.0002235255374999999,
2026-07-05 00:00:00+00:00,1.25e-05,1.25e-05,24.0,0.00026729529583333333,0.000330783,,,,,,,,8.97992023809524e-06,1.0109917367386618,-0.00010165142023809518,
2026-07-06 00:00:00+00:00,1.25e-05,1.25e-05,24.0,0.00023663797083333334,0.0004079687,,,,,,,,1.1034063690476194e-05,0.9517798036884679,5.703846428571489e-06,
2026-07-07 00:00:00+00:00,1.25e-05,1.25e-05,24.0,0.00023029667083333336,0.0001077664,,,,,,,,1.1991538690476192e-05,0.8943284438842466,0.00010255257976190483,
2026-07-08 00:00:00+00:00,1.25e-05,1.25e-05,24.0,-3.8215375e-05,6.687e-06,,,,,,,,1.2468824404761908e-05,0.8380344999763017,0.00015656121726190483,
2026-07-09 00:00:00+00:00,1.25e-05,1.25e-05,24.0,-0.00015584824166666667,-0.0002393541,,,,,,,,1.25e-05,0.792435312241773,0.00015059616011904768,
2026-07-10 00:00:00+00:00,1.25e-05,1.25e-05,24.0,-0.00015046837916666666,-0.0002414037,,,,,,,,1.25e-05,0.7381463619579496,9.796578333333341e-05,
2026-07-11 00:00:00+00:00,1.2454800000000001e-05,1.25e-05,24.0,-0.00021833317916666666,-9.26308e-05,,,,,,,,1.249354285714286e-05,0.6882969591684966,2.4480680357142927e-05,
2026-07-12 00:00:00+00:00,1.25e-05,1.25e-05,24.0,-0.00010930970416666667,-0.0001212905,,,,,,,,1.249354285714286e-05,0.6465215697504757,-2.932003392857136e-05,
2026-07-13 00:00:00+00:00,1.25e-05,1.25e-05,24.0,-7.743238750000001e-05,-0.0001205489,,,,,,,,1.249354285714286e-05,0.6373313215105738,-7.41872279761904e-05,
2026-07-14 00:00:00+00:00,1.25e-05,1.25e-05,24.0,3.561758333333333e-05,4.7749e-06,,,,,,,,1.249354285714286e-05,0.6343857764359184,-0.00010199852619047613,
2026-07-15 00:00:00+00:00,1.25e-05,1.25e-05,24.0,3.711916666666667e-05,7.60601e-05,,,,,,,,1.249354285714286e-05,0.6343760676806081,-9.123644880952376e-05,
2026-07-16 00:00:00+00:00,1.25e-05,1.25e-05,24.0,0.00012902997916666668,0.000285327,,,,,,,,1.249354285714286e-05,0.6281146861527582,-5.053956011904755e-05,
2026-07-17 00:00:00+00:00,1.25e-05,1.25e-05,24.0,-3.8428795833333335e-05,-1.5599e-06,,,,,,,,1.249354285714286e-05,0.6219085520798315,-3.4533905357142794e-05,
2026-07-18 00:00:00+00:00,1.25e-05,1.25e-05,24.0,2.243377916666667e-05,8.09259e-05,,,,,,,,1.25e-05,0.6187811362757352,-1.3862559523803148e-07,
2026-07-19 00:00:00+00:00,1.25e-05,1.25e-05,24.0,5.3360904166666665e-05,-4.17524e-05,,,,,,,,1.25e-05,0.618781136275735,2.31000327380953e-05,
2026-07-20 00:00:00+00:00,1.25e-05,1.25e-05,24.0,-0.00013009130416666666,-0.0002911046,,,,,,,,1.25e-05,0.6184509136944868,1.5577330357142924e-05,
2026-07-21 00:00:00+00:00,1.25e-05,1.25e-05,24.0,-0.00017548529583333335,-0.0002067292,,,,,,,,1.25e-05,0.578319706291006,-1.4580223809523746e-05,
2026-07-22 00:00:00+00:00,1.0997695833333334e-05,6.0959e-06,24.0,-0.0002258097375,-0.000451233,,,,,,,,1.2285385119047623e-05,0.39117776567117074,-5.214149583333327e-05,
2026-07-23 00:00:00+00:00,1.2052408333333333e-05,1.24277e-05,24.0,-0.0003658710916666667,-0.0004005781,,,,,,,,1.2221443452380955e-05,0.4731950747469061,-0.00012284164880952376,
2026-07-24 00:00:00+00:00,1.1184541666666666e-05,8.3743e-06,24.0,-0.000376677425,-0.0004330057,,,,,,,,1.2033520833333337e-05,0.3288912696303217,-0.000171162881547619,
2026-07-25 00:00:00+00:00,7.539558333333333e-06,1.16233e-05,24.0,-0.0004175784625,-0.0004070137,,,,,,,,1.1324886309523812e-05,-0.20129485740722047,-0.00023402177321428565,
2026-07-26 00:00:00+00:00,1.2312716666666667e-05,1.25e-05,24.0,-0.0003317978041666667,-0.0002017795,,,,,,,,1.1298131547619051e-05,0.3931522602279727,-0.00028904444583333327,
2026-07-27 00:00:00+00:00,1.07399875e-05,-4.2306e-06,24.0,-0.0003286563625,-0.000533845,,,,,,,,1.1046701190476195e-05,0.03531875066001658,-0.00031741088273809514,
2026-07-28 00:00:00+00:00,3.275654166666667e-06,-6.967e-07,24.0,-0.00047179202916666665,-0.0005055737,,,,,,,,9.728937500000004e-06,-2.3525197274708995,-0.0003597404160714285,
2026-07-29 00:00:00+00:00,5.0566583333333335e-06,5.5537e-06,24.0,-0.0004567910916666667,-0.0004555708,,,,,,,,8.88021785714286e-06,-2.4731596081032086,-0.00039273775238095234,
2026-07-30 00:00:00+00:00,5.0818374999999994e-06,1.25e-05,24.0,-0.0004562425708333333,-0.0003513863,,,,,,,,7.884422023809527e-06,-2.3995542133998176,-0.00040564796369047613,
2026-07-31 00:00:00+00:00,3.9035708333333335e-06,1.12919e-05,24.0,-0.00046515909166666664,-0.0004096647,,,,,,,,6.844283333333336e-06,-2.491599294213556,-0.0004182882017857142,
2026-08-01 00:00:00+00:00,6.270695833333334e-06,-3.1988e-06,24.0,-0.0004437876375,-0.0005255908,,,,,,,,6.663017261904764e-06,-1.5343905772099564,-0.0004220323696428571,
2026-08-02 00:00:00+00:00,6.2998749999999995e-06,1.25e-05,24.0,-0.0004206446333333334,-0.0002898548,,,,,,,,5.804039880952383e-06,-1.4105280484121412,-0.0004347247738095237,
2026-08-03 00:00:00+00:00,8.211166666666667e-06,1.0579e-06,24.0,-0.00040993778333333334,-0.0004915366,,,,,,,,5.4427797619047646e-06,-0.7426747811720353,-0.0004463364053571428,
2026-08-04 00:00:00+00:00,7.8569375e-06,1.14991e-05,24.0,-0.00043123045833333337,-0.0004080069,,,,,,,,6.097248809523812e-06,-0.8036041692856092,-0.00044054189523809516,
2026-08-05 00:00:00+00:00,1.01637625e-05,1.22358e-05,24.0,-0.00039105566249999997,-0.0004021134,,,,,,,,6.826835119047622e-06,-0.03768747976257758,-0.00043115111964285704,
2026-08-06 00:00:00+00:00,1.1430829166666667e-05,1.25e-05,24.0,-0.00037506889166666666,-0.000370727,,,,,,,,7.733833928571431e-06,0.387020974216492,-0.0004195548797619047,
2026-08-07 00:00:00+00:00,-6.662208333333331e-07,-1.6076e-06,24.0,-0.0005053297125,-0.0005128611,,,,,,,,7.08100654761905e-06,-2.890219286521022,-0.0004252935398809523,
2026-08-08 00:00:00+00:00,9.414591666666666e-06,1.25e-05,24.0,-0.0003926152125,-0.0002936159,,,,,,,,7.5301345238095264e-06,-0.08030575182366545,-0.00041798319345238093,
2026-08-09 00:00:00+00:00,1.2252204166666669e-05,1.25e-05,24.0,-0.0003164388166666667,-0.0002900398,,,,,,,,8.380467261904766e-06,0.7142017441182545,-0.00040309664821428566,
2026-08-10 00:00:00+00:00,8.694433333333334e-06,-5.9911e-06,24.0,-0.0003961419125,-0.0005479291,,,,,,,,8.449505357142861e-06,-0.24659346837955853,-0.0004011258095238095,
2026-08-11 00:00:00+00:00,7.299795833333334e-06,1.25e-05,24.0,-0.0004230261291666667,-0.0003825898,,,,,,,,8.369913690476195e-06,-0.5944610048203575,-0.0003999537624999999,
2026-08-12 00:00:00+00:00,1.25e-05,1.25e-05,24.0,-0.00024768635416666664,-0.0003468293,,,,,,,,8.703661904761908e-06,0.880432297108079,-0.00037947243273809525,
2026-08-13 00:00:00+00:00,1.1674779166666668e-05,1.14114e-05,24.0,-0.0003552662958333333,-0.0004087091,,,,,,,,8.738511904761908e-06,0.658272255426347,-0.0003766434904761904,
2026-08-14 00:00:00+00:00,1.0769316666666667e-05,3.1234e-06,24.0,-0.00038831460416666663,-0.0004750124,,,,,,,,1.0372160119047622e-05,0.42104607080971157,-0.00035992704642857134,
2026-08-15 00:00:00+00:00,5.552383333333334e-06,1.736e-06,24.0,-0.00044653480416666664,-0.0004861121,,,,,,,,9.820416071428575e-06,-1.0144842542131545,-0.00036762984523809513,
2026-08-16 00:00:00+00:00,9.762608333333334e-06,1.22124e-05,24.0,-0.0004021307416666666,-0.0004023012,,,,,,,,9.464759523809527e-06,0.2266534538740176,-0.0003798715488095237,
2026-08-17 00:00:00+00:00,1.0011375e-05,4.5859e-06,24.0,-0.00040890776666666664,-0.0004633127,,,,,,,,9.652894047619051e-06,0.3293139676432283,-0.00038169524226190464,
2026-08-18 00:00:00+00:00,4.585483333333334e-06,5.3131e-06,24.0,-0.0004606576083333333,-0.000457495,,,,,,,,9.265135119047622e-06,-1.2002108371314173,-0.00038707116785714274,
2026-08-19 00:00:00+00:00,5.7284333333333335e-06,1.25e-05,24.0,-0.000351442425,0.0003243664,,,,,,,,8.297768452380956e-06,-0.8048617081213646,-0.00040189346369047605,
2026-08-20 00:00:00+00:00,1.25e-05,1.25e-05,24.0,6.504659166666666e-05,0.0002484072,,,,,,,,8.415657142857145e-06,1.223636639730831,-0.00034184876547619037,
2026-08-21 00:00:00+00:00,1.4515133333333334e-05,4.66322e-05,24.0,0.00037074871666666667,0.0008730578,,,,,,,,8.950773809523813e-06,1.7140531412612576,-0.00023341114821428564,
2026-08-22 00:00:00+00:00,1.6922045833333333e-05,1.25e-05,24.0,0.0002308921375,0.0001592316,,,,,,,,1.0575011309523811e-05,2.1867408947137026,-0.00013663587083333323,
2026-08-23 00:00:00+00:00,1.2764345833333333e-05,1.25e-05,24.0,0.0003197312375,0.000496517,,,,,,,,1.1003830952380954e-05,1.0545361769793637,-3.3512730952380885e-05,
2026-08-24 00:00:00+00:00,1.2863700000000002e-05,1.25e-05,24.0,0.0002030623375,-0.0002036866,,,,,,,,1.1411305952380955e-05,1.0166135998112782,5.3911569642857216e-05,
2026-08-25 00:00:00+00:00,8.565104166666668e-06,-1.606e-07,24.0,-0.00031799552083333334,-0.000501285,,,,,,,,1.1979823214285718e-05,-0.061471928040493055,7.429186785714292e-05,
2026-08-26 00:00:00+00:00,1.0976720833333334e-05,1.25e-05,24.0,-0.00036499515,-0.0002928621,,,,,,,,1.2729578571428574e-05,0.5668857171808821,7.235576428571437e-05,
2026-08-27 00:00:00+00:00,8.5078625e-06,1.10683e-05,24.0,-0.00040441064166666665,-0.000411454,,,,,,,,1.2159273214285717e-05,-0.12887522755286213,5.290445238095318e-06,
2026-08-28 00:00:00+00:00,1.2469166666666667e-05,1.25e-05,24.0,-0.0002783579,-0.0002602638,,,,,,,,1.1866992261904764e-05,0.8857650303808555,-8.743907142857134e-05,
2026-08-29 00:00:00+00:00,1.25e-05,1.25e-05,24.0,-0.00026757385833333334,-0.0002818779,,,,,,,,1.1235271428571432e-05,0.8356199980193257,-0.00015864849940476182,
2026-08-30 00:00:00+00:00,1.25e-05,1.25e-05,24.0,2.8157316666666666e-05,0.0001547509,,,,,,,,1.1197507738095242e-05,0.7819489604029922,-0.0002003019166666666,
2026-08-31 00:00:00+00:00,1.25e-05,1.25e-05,24.0,0.00014508132083333332,0.0001986612,,,,,,,,1.1145550595238098e-05,0.7288036106801407,-0.00020858491904761898,
2026-09-01 00:00:00+00:00,1.25e-05,1.25e-05,24.0,6.151915833333333e-05,7.64916e-05,,,,,,,,1.1707678571428577e-05,0.6774066556285053,-0.00015436853630952372,
2026-09-02 00:00:00+00:00,1.25e-05,1.25e-05,24.0,1.987833333333333e-06,-0.0001838655,,,,,,,,1.1925289880952382e-05,0.6348577485464406,-0.00010194239583333325,
2026-09-03 00:00:00+00:00,1.25e-05,1.25e-05,24.0,-6.2215e-05,-0.0001794167,,,,,,,,1.2495595238095243e-05,0.5915416843805081,-5.305730416666659e-05,
2026-09-04 00:00:00+00:00,1.25e-05,1.25e-05,24.0,-0.00014990729999999998,-0.0001934299,,,,,,,,1.25e-05,0.5656187183618204,-3.470721845238088e-05,
2026-09-05 00:00:00+00:00,1.25e-05,1.25e-05,24.0,-0.00020188310416666667,-2.17971e-05,,,,,,,,1.25e-05,0.5528706244523541,-2.532282499999992e-05,
2026-09-06 00:00:00+00:00,1.25e-05,1.25e-05,24.0,-6.29216625e-05,-6.26098e-05,,,,,,,,1.25e-05,0.5373098993596016,-3.8334107738095154e-05,
2026-09-07 00:00:00+00:00,1.25e-05,1.25e-05,24.0,-0.00010355905416666666,-0.0003425049,,,,,,,,1.25e-05,0.5006422036259697,-7.385416130952374e-05,
2026-09-08 00:00:00+00:00,1.2347770833333335e-05,1.25e-05,24.0,-0.00030353854583333335,-0.000262682,,,,,,,,1.247825297619048e-05,0.4435999660527615,-0.00012600526190476182,
2026-09-09 00:00:00+00:00,8.809125e-06,-1.72706e-05,24.0,-0.00022721820416666668,-0.0006381644,,,,,,,,1.1950985119047621e-05,-0.8518088987409753,-0.00015874898154761896,
2026-09-10 00:00:00+00:00,4.648641666666667e-06,1.25e-05,24.0,-0.00042545579166666667,-0.0002794372,,,,,,,,1.0829362500000004e-05,-2.2073632938337218,-0.00021064052321428562,
2026-09-11 00:00:00+00:00,1.0001966666666667e-05,-2.585e-06,24.0,-0.0002909126541666667,-0.0005206798,,,,,,,,1.0472500595238099e-05,-0.33325600666311456,-0.00023078414523809514,
2026-09-12 00:00:00+00:00,6.547625e-06,1.25e-05,24.0,-0.00043039472500000004,-0.0002365587,,,,,,,,9.622161309523814e-06,-1.4164572701614881,-0.0002634286624999999,
2026-09-13 00:00:00+00:00,1.1458925000000001e-05,1.25e-05,24.0,-0.00030121784583333333,-0.0003864455,,,,,,,,9.473436309523813e-06,0.21358798170171547,-0.00029747097440476183,
2026-09-14 00:00:00+00:00,1.25e-05,1.25e-05,24.0,-0.00019996537916666668,-9.14434e-05,,,,,,,,9.473436309523813e-06,0.5098930873503938,-0.00031124330654761894,
2026-09-15 00:00:00+00:00,3.0205125e-06,-9.5231e-06,24.0,-0.0004482554625,-0.0005761848,,,,,,,,8.140970833333336e-06,-2.442946827156526,-0.00033191715178571425,
2026-09-16 00:00:00+00:00,7.3694333333333335e-06,9.3647e-06,24.0,-0.0004212026125,-0.0004250824,969297.3734000002,9.871e-06,-0.00063057,2377.6,2378.8,2377.25,1603377981.2585392,7.935300595238099e-06,-1.0349189671235144,-0.0003596292101190475,
2026-09-17 00:00:00+00:00,1.0896862500000001e-05,8.1046e-06,24.0,-0.00033547602500000003,-0.0004351636,984293.27,1.25e-05,-0.0003237687,2470.11,2470.9,2470.05,1490178803.8319294,8.827903571428574e-06,-0.01653389294042002,-0.00034677495773809515,
2026-09-18 00:00:00+00:00,1.2262095833333333e-05,1.25e-05,24.0,8.998350000000002e-06,0.0003837138,1097708.8275999983,1.25e-05,0.0001311728,2593.1,2592.0,2592.55,1531458898.6326272,9.15077916666667e-06,0.3806528434523283,-0.0003039305285714285,
2026-09-19 00:00:00+00:00,1.3207225e-05,1.25e-05,24.0,0.00038949821666666665,-8.31583e-05,1118143.2375999994,1.25e-05,0.0001434287,2650.6,2649.4,2650.05,1174890526.3179798,1.0102150595238098e-05,0.6969483915955712,-0.0001868029654761904,
2026-09-20 00:00:00+00:00,1.25e-05,1.25e-05,10.0,-0.00022111168999999997,-0.0003083163,1035302.1699999998,1.25e-05,-0.0003255007,2579.7,2580.64,2579.75,1002279682.54129,1.02508755952381e-05,0.4855323796305033,-0.00017535922892857137,
