data_as_of,horizon_hours,period,market_state,period_start,period_end_exclusive,first_origin,last_origin,common_origins,nonoverlap_origins,model,event_brier,event_skill_vs_frequency,terminal_balanced_accuracy,up_recall,up_false_positive_rate,down_recall,down_false_positive_rate,price_mae_skill_vs_no_change,coverage80,selected_brier_difference_low95,selected_brier_difference_high95
2026-09-27T12:00:00+00:00,6,all,all,2018-05-01T00:00:00+00:00,2026-09-28T00:00:00+00:00,2018-05-01T00:00:00+00:00,2026-09-27T00:00:00+00:00,2653,2653,catboost,0.15720608404847725,0.06323601150604863,0.3333333333333333,0.16117216117216118,0.04888467014712862,0.13604240282685512,0.041207474844274075,0.005497795759189739,0.8130418394270637,,
2026-09-27T12:00:00+00:00,6,all,all,2018-05-01T00:00:00+00:00,2026-09-28T00:00:00+00:00,2018-05-01T00:00:00+00:00,2026-09-27T00:00:00+00:00,2653,2653,catboost_calibrated,0.1609819700734684,0.040736156781733035,0.3333333333333333,0.1684981684981685,0.04983388704318937,0.13780918727915195,0.039770004791566844,0.002889700727946143,0.8292499057670562,,
2026-09-27T12:00:00+00:00,6,all,all,2018-05-01T00:00:00+00:00,2026-09-28T00:00:00+00:00,2018-05-01T00:00:00+00:00,2026-09-27T00:00:00+00:00,2653,2653,climatology,0.16781824021781588,0.0,0.3333333333333333,0.5018315018315018,0.4878974845752254,0.6201413427561837,0.5534259702922856,-0.002851030519041675,0.8318884281944968,,
2026-09-27T12:00:00+00:00,6,all,all,2018-05-01T00:00:00+00:00,2026-09-28T00:00:00+00:00,2018-05-01T00:00:00+00:00,2026-09-27T00:00:00+00:00,2653,2653,logistic,0.15732605192590068,0.06252114357948879,0.34829713211007807,0.11904761904761904,0.034171808258187,0.11130742049469965,0.03114518447532343,-0.002851030519041675,0.8318884281944968,,
2026-09-27T12:00:00+00:00,6,all,all,2018-05-01T00:00:00+00:00,2026-09-28T00:00:00+00:00,2018-05-01T00:00:00+00:00,2026-09-27T00:00:00+00:00,2653,2653,selected,0.15713119876552084,0.06368224001410117,0.3405385640005401,0.14285714285714285,0.03891789273849074,0.12014134275618374,0.03641590800191662,0.004479389778650811,0.8254805880135695,-0.012818037070364626,-0.008646824831314535
2026-09-27T12:00:00+00:00,6,all,trend_up,2018-05-01T00:00:00+00:00,2026-09-28T00:00:00+00:00,2018-05-04T00:00:00+00:00,2026-09-22T00:00:00+00:00,367,367,catboost,0.1785719194504749,0.06435703850658336,0.3333333333333333,0.23157894736842105,0.1213235294117647,0.2777777777777778,0.04693140794223827,0.0116625547996011,0.8337874659400545,,
2026-09-27T12:00:00+00:00,6,all,trend_up,2018-05-01T00:00:00+00:00,2026-09-28T00:00:00+00:00,2018-05-04T00:00:00+00:00,2026-09-22T00:00:00+00:00,367,367,catboost_calibrated,0.1831108892655997,0.0405747149866168,0.3333333333333333,0.22105263157894736,0.1213235294117647,0.26666666666666666,0.04693140794223827,0.005525567109165408,0.8337874659400545,,
2026-09-27T12:00:00+00:00,6,all,trend_up,2018-05-01T00:00:00+00:00,2026-09-28T00:00:00+00:00,2018-05-04T00:00:00+00:00,2026-09-22T00:00:00+00:00,367,367,climatology,0.19085476704217302,0.0,0.3333333333333333,0.4631578947368421,0.5257352941176471,0.5555555555555556,0.5451263537906137,-0.003842092166082667,0.8174386920980926,,
2026-09-27T12:00:00+00:00,6,all,trend_up,2018-05-01T00:00:00+00:00,2026-09-28T00:00:00+00:00,2018-05-04T00:00:00+00:00,2026-09-22T00:00:00+00:00,367,367,logistic,0.1792850227973561,0.06062067206453581,0.3453528887448343,0.21052631578947367,0.09191176470588236,0.16666666666666666,0.021660649819494584,-0.003842092166082667,0.8174386920980926,,
2026-09-27T12:00:00+00:00,6,all,trend_up,2018-05-01T00:00:00+00:00,2026-09-28T00:00:00+00:00,2018-05-04T00:00:00+00:00,2026-09-22T00:00:00+00:00,367,367,selected,0.17793307400143676,0.06770432429325157,0.34108527131782945,0.22105263157894736,0.10294117647058823,0.2,0.039711191335740074,0.004046477625071043,0.8365122615803815,-0.021249946262952586,-0.005516880158927455
2026-09-27T12:00:00+00:00,6,all,trend_down,2018-05-01T00:00:00+00:00,2026-09-28T00:00:00+00:00,2018-07-11T00:00:00+00:00,2026-09-24T00:00:00+00:00,303,303,catboost,0.20014037815829583,0.12839503953370623,0.3333333333333333,0.49056603773584906,0.2131979695431472,0.3645833333333333,0.22705314009661837,0.006658395507753712,0.7920792079207921,,
2026-09-27T12:00:00+00:00,6,all,trend_down,2018-05-01T00:00:00+00:00,2026-09-28T00:00:00+00:00,2018-07-11T00:00:00+00:00,2026-09-24T00:00:00+00:00,303,303,catboost_calibrated,0.2107105621296705,0.08236222562943418,0.3333333333333333,0.5094339622641509,0.20304568527918782,0.3541666666666667,0.22705314009661837,0.006105675297766067,0.7623762376237624,,
2026-09-27T12:00:00+00:00,6,all,trend_down,2018-05-01T00:00:00+00:00,2026-09-28T00:00:00+00:00,2018-07-11T00:00:00+00:00,2026-09-24T00:00:00+00:00,303,303,climatology,0.22962280762058093,0.0,0.3333333333333333,0.4811320754716981,0.43147208121827413,0.625,0.5845410628019324,0.002460774098679064,0.7227722772277227,,
2026-09-27T12:00:00+00:00,6,all,trend_down,2018-05-01T00:00:00+00:00,2026-09-28T00:00:00+00:00,2018-07-11T00:00:00+00:00,2026-09-24T00:00:00+00:00,303,303,logistic,0.20966932493757032,0.08689678037549697,0.3881711385345586,0.2830188679245283,0.1218274111675127,0.25,0.13526570048309178,0.002460774098679064,0.7227722772277227,,
2026-09-27T12:00:00+00:00,6,all,trend_down,2018-05-01T00:00:00+00:00,2026-09-28T00:00:00+00:00,2018-07-11T00:00:00+00:00,2026-09-24T00:00:00+00:00,303,303,selected,0.20450758417929749,0.10937599666833964,0.3598023442083175,0.41509433962264153,0.17258883248730963,0.28125,0.15942028985507245,0.010639828986687916,0.7623762376237624,-0.03547856230591868,-0.01587665636317661
2026-09-27T12:00:00+00:00,6,all,trend_range,2018-05-01T00:00:00+00:00,2026-09-28T00:00:00+00:00,2018-05-01T00:00:00+00:00,2026-09-27T00:00:00+00:00,1983,1983,catboost,0.1466915340193254,0.048144484580991076,0.3333333333333333,0.04057971014492753,0.017094017094017096,0.04473684210526316,0.016219588271990017,0.003964181645333187,0.8124054462934948,,
2026-09-27T12:00:00+00:00,6,all,trend_range,2018-05-01T00:00:00+00:00,2026-09-28T00:00:00+00:00,2018-05-01T00:00:00+00:00,2026-09-27T00:00:00+00:00,1983,1983,catboost_calibrated,0.14928803324213133,0.0312962586589457,0.3333333333333333,0.04927536231884058,0.019536019536019536,0.05263157894736842,0.014348097317529632,0.001574410470418841,0.8386283408976298,,
2026-09-27T12:00:00+00:00,6,all,trend_range,2018-05-01T00:00:00+00:00,2026-09-28T00:00:00+00:00,2018-05-01T00:00:00+00:00,2026-09-27T00:00:00+00:00,1983,1983,climatology,0.15411113519130207,0.0,0.3333333333333333,0.518840579710145,0.4884004884004884,0.6342105263157894,0.5508421709295072,-0.003937895217754894,0.8512355017650025,,
2026-09-27T12:00:00+00:00,6,all,trend_range,2018-05-01T00:00:00+00:00,2026-09-28T00:00:00+00:00,2018-05-01T00:00:00+00:00,2026-09-27T00:00:00+00:00,1983,1983,logistic,0.14526404787529046,0.057407190629213734,0.33841613747415394,0.043478260869565216,0.014041514041514042,0.06315789473684211,0.01933873986275733,-0.003937895217754894,0.8512355017650025,,
2026-09-27T12:00:00+00:00,6,all,trend_range,2018-05-01T00:00:00+00:00,2026-09-28T00:00:00+00:00,2018-05-01T00:00:00+00:00,2026-09-27T00:00:00+00:00,1983,1983,selected,0.14604227642968853,0.05235740267306088,0.3351749539594844,0.03768115942028986,0.01221001221001221,0.060526315789473685,0.019962570180910792,0.0030733541524109453,0.8330811901159859,-0.010039434312320777,-0.006266315183251047
2026-09-27T12:00:00+00:00,6,all,vol_high,2018-05-01T00:00:00+00:00,2026-09-28T00:00:00+00:00,2018-05-08T00:00:00+00:00,2026-09-12T00:00:00+00:00,232,232,catboost,0.2177414156644763,0.16201771201201853,0.3333333333333333,0.5454545454545454,0.37593984962406013,0.5662650602409639,0.21476510067114093,0.002837472986217504,0.7413793103448276,,
2026-09-27T12:00:00+00:00,6,all,vol_high,2018-05-01T00:00:00+00:00,2026-09-28T00:00:00+00:00,2018-05-08T00:00:00+00:00,2026-09-12T00:00:00+00:00,232,232,catboost_calibrated,0.2338546702901272,0.10000552229179371,0.3333333333333333,0.5555555555555556,0.3684210526315789,0.5662650602409639,0.21476510067114093,0.0037043639509085624,0.7025862068965517,,
2026-09-27T12:00:00+00:00,6,all,vol_high,2018-05-01T00:00:00+00:00,2026-09-28T00:00:00+00:00,2018-05-08T00:00:00+00:00,2026-09-12T00:00:00+00:00,232,232,climatology,0.25984011689230263,0.0,0.3333333333333333,0.48484848484848486,0.39097744360902253,0.6265060240963856,0.4899328859060403,0.0010627250358751228,0.6594827586206896,,
2026-09-27T12:00:00+00:00,6,all,vol_high,2018-05-01T00:00:00+00:00,2026-09-28T00:00:00+00:00,2018-05-08T00:00:00+00:00,2026-09-12T00:00:00+00:00,232,232,logistic,0.22153496340881984,0.14741816599227953,0.4090008613264427,0.48484848484848486,0.3007518796992481,0.46987951807228917,0.19463087248322147,0.0010627250358751228,0.6594827586206896,,
2026-09-27T12:00:00+00:00,6,all,vol_high,2018-05-01T00:00:00+00:00,2026-09-28T00:00:00+00:00,2018-05-08T00:00:00+00:00,2026-09-12T00:00:00+00:00,232,232,selected,0.2167784181440965,0.16572382764919302,0.3694336778639104,0.5353535353535354,0.3233082706766917,0.5180722891566265,0.174496644295302,0.010131197702216488,0.7068965517241379,-0.0585169854856841,-0.028760478803745264
2026-09-27T12:00:00+00:00,6,all,vol_normal,2018-05-01T00:00:00+00:00,2026-09-28T00:00:00+00:00,2018-05-01T00:00:00+00:00,2026-09-27T00:00:00+00:00,2421,2421,catboost,0.1514050939886211,0.0477664179643037,0.3333333333333333,0.07606263982102908,0.02684903748733536,0.062111801242236024,0.02786377708978328,0.0059747444972710895,0.8199091284593143,,
2026-09-27T12:00:00+00:00,6,all,vol_normal,2018-05-01T00:00:00+00:00,2026-09-28T00:00:00+00:00,2018-05-01T00:00:00+00:00,2026-09-27T00:00:00+00:00,2421,2421,catboost_calibrated,0.15399871255580427,0.031454346596026306,0.3333333333333333,0.08277404921700224,0.028368794326241134,0.06418219461697723,0.02631578947368421,0.002743646046123316,0.8413878562577447,,
2026-09-27T12:00:00+00:00,6,all,vol_normal,2018-05-01T00:00:00+00:00,2026-09-28T00:00:00+00:00,2018-05-01T00:00:00+00:00,2026-09-27T00:00:00+00:00,2421,2421,climatology,0.1589999521597899,0.0,0.3333333333333333,0.5055928411633109,0.49442755825734547,0.6190476190476191,0.5583075335397317,-0.0035526975468334054,0.8484097480380008,,
2026-09-27T12:00:00+00:00,6,all,vol_normal,2018-05-01T00:00:00+00:00,2026-09-28T00:00:00+00:00,2018-05-01T00:00:00+00:00,2026-09-27T00:00:00+00:00,2421,2421,logistic,0.15117302942939626,0.049225943933164484,0.33599758294880244,0.03803131991051454,0.016210739614994935,0.049689440993788817,0.018575851393188854,-0.0035526975468334054,0.8484097480380008,,
2026-09-27T12:00:00+00:00,6,all,vol_normal,2018-05-01T00:00:00+00:00,2026-09-28T00:00:00+00:00,2018-05-01T00:00:00+00:00,2026-09-27T00:00:00+00:00,2421,2421,selected,0.15141531487628934,0.0477021356325833,0.33483483483483484,0.05592841163310962,0.019756838905775075,0.051759834368530024,0.025799793601651185,0.003466120755654445,0.8368442792234614,-0.00934769173138867,-0.005941910058791207
2026-09-27T12:00:00+00:00,6,recent_30,all,2026-08-29T00:00:00+00:00,2026-09-28T00:00:00+00:00,2026-08-29T00:00:00+00:00,2026-09-27T00:00:00+00:00,30,30,catboost,0.10310608947298908,0.09209330817475136,0.3333333333333333,0.0,0.0,0.0,0.0,-0.00677605821500582,0.9,,
2026-09-27T12:00:00+00:00,6,recent_30,all,2026-08-29T00:00:00+00:00,2026-09-28T00:00:00+00:00,2026-08-29T00:00:00+00:00,2026-09-27T00:00:00+00:00,30,30,catboost_calibrated,0.10702481351877137,0.057586754752275704,0.3333333333333333,0.0,0.0,0.0,0.0,0.0030076616141615498,0.9333333333333333,,
2026-09-27T12:00:00+00:00,6,recent_30,all,2026-08-29T00:00:00+00:00,2026-09-28T00:00:00+00:00,2026-08-29T00:00:00+00:00,2026-09-27T00:00:00+00:00,30,30,climatology,0.11356463213824913,0.0,0.3333333333333333,1.0,1.0,0.0,0.0,0.012304584318165834,0.9666666666666667,,
2026-09-27T12:00:00+00:00,6,recent_30,all,2026-08-29T00:00:00+00:00,2026-09-28T00:00:00+00:00,2026-08-29T00:00:00+00:00,2026-09-27T00:00:00+00:00,30,30,logistic,0.09708016756164578,0.14515491545409853,0.3333333333333333,0.0,0.0,0.0,0.0,0.012304584318165834,0.9666666666666667,,
2026-09-27T12:00:00+00:00,6,recent_30,all,2026-08-29T00:00:00+00:00,2026-09-28T00:00:00+00:00,2026-08-29T00:00:00+00:00,2026-09-27T00:00:00+00:00,30,30,selected,0.10310608947298908,0.09209330817475136,0.3333333333333333,0.0,0.0,0.0,0.0,-0.00677605821500582,0.9,,
2026-09-27T12:00:00+00:00,6,recent_30,trend_up,2026-08-29T00:00:00+00:00,2026-09-28T00:00:00+00:00,2026-09-04T00:00:00+00:00,2026-09-22T00:00:00+00:00,4,4,catboost,0.12952132394093607,-0.05524811863432744,,,0.0,0.0,0.0,-0.13483978327860546,0.75,,
2026-09-27T12:00:00+00:00,6,recent_30,trend_up,2026-08-29T00:00:00+00:00,2026-09-28T00:00:00+00:00,2026-09-04T00:00:00+00:00,2026-09-22T00:00:00+00:00,4,4,catboost_calibrated,0.12537719578465278,-0.021484694147625216,,,0.0,0.0,0.0,-0.06554159582063512,0.75,,
2026-09-27T12:00:00+00:00,6,recent_30,trend_up,2026-08-29T00:00:00+00:00,2026-09-28T00:00:00+00:00,2026-09-04T00:00:00+00:00,2026-09-22T00:00:00+00:00,4,4,climatology,0.12274016096665394,0.0,,,1.0,0.0,0.0,0.0037675498349801773,1.0,,
2026-09-27T12:00:00+00:00,6,recent_30,trend_up,2026-08-29T00:00:00+00:00,2026-09-28T00:00:00+00:00,2026-09-04T00:00:00+00:00,2026-09-22T00:00:00+00:00,4,4,logistic,0.12730099021771313,-0.03715841021504174,,,0.0,0.0,0.0,0.0037675498349801773,1.0,,
2026-09-27T12:00:00+00:00,6,recent_30,trend_up,2026-08-29T00:00:00+00:00,2026-09-28T00:00:00+00:00,2026-09-04T00:00:00+00:00,2026-09-22T00:00:00+00:00,4,4,selected,0.12952132394093607,-0.05524811863432744,,,0.0,0.0,0.0,-0.13483978327860546,0.75,,
2026-09-27T12:00:00+00:00,6,recent_30,trend_down,2026-08-29T00:00:00+00:00,2026-09-28T00:00:00+00:00,2026-08-29T00:00:00+00:00,2026-09-24T00:00:00+00:00,3,3,catboost,0.047258447867151075,0.2544379227057957,,,0.0,,0.0,-0.09447190649488402,1.0,,
2026-09-27T12:00:00+00:00,6,recent_30,trend_down,2026-08-29T00:00:00+00:00,2026-09-28T00:00:00+00:00,2026-08-29T00:00:00+00:00,2026-09-24T00:00:00+00:00,3,3,catboost_calibrated,0.054519419870221755,0.13988686116855642,,,0.0,,0.0,-0.0184453531019515,1.0,,
2026-09-27T12:00:00+00:00,6,recent_30,trend_down,2026-08-29T00:00:00+00:00,2026-09-28T00:00:00+00:00,2026-08-29T00:00:00+00:00,2026-09-24T00:00:00+00:00,3,3,climatology,0.0633863353654756,0.0,,,1.0,,0.0,0.05756551002462751,1.0,,
2026-09-27T12:00:00+00:00,6,recent_30,trend_down,2026-08-29T00:00:00+00:00,2026-09-28T00:00:00+00:00,2026-08-29T00:00:00+00:00,2026-09-24T00:00:00+00:00,3,3,logistic,0.028176199262192544,0.5554846466555761,,,0.0,,0.0,0.05756551002462751,1.0,,
2026-09-27T12:00:00+00:00,6,recent_30,trend_down,2026-08-29T00:00:00+00:00,2026-09-28T00:00:00+00:00,2026-08-29T00:00:00+00:00,2026-09-24T00:00:00+00:00,3,3,selected,0.047258447867151075,0.2544379227057957,,,0.0,,0.0,-0.09447190649488402,1.0,,
2026-09-27T12:00:00+00:00,6,recent_30,trend_range,2026-08-29T00:00:00+00:00,2026-09-28T00:00:00+00:00,2026-08-30T00:00:00+00:00,2026-09-27T00:00:00+00:00,23,23,catboost,0.1057966106445424,0.107306184176581,0.3333333333333333,0.0,0.0,0.0,0.0,0.014744133711856788,0.9130434782608695,,
2026-09-27T12:00:00+00:00,6,recent_30,trend_range,2026-08-29T00:00:00+00:00,2026-09-28T00:00:00+00:00,2026-08-30T00:00:00+00:00,2026-09-27T00:00:00+00:00,23,23,catboost_calibrated,0.11068162447016805,0.06608726793927833,0.3333333333333333,0.0,0.0,0.0,0.0,0.013441724091979967,0.9565217391304348,,
2026-09-27T12:00:00+00:00,6,recent_30,trend_range,2026-08-29T00:00:00+00:00,2026-09-28T00:00:00+00:00,2026-08-30T00:00:00+00:00,2026-09-27T00:00:00+00:00,23,23,climatology,0.11851388322541007,0.0,0.3333333333333333,1.0,1.0,0.0,0.0,0.011563327714380955,0.9565217391304348,,
2026-09-27T12:00:00+00:00,6,recent_30,trend_range,2026-08-29T00:00:00+00:00,2026-09-28T00:00:00+00:00,2026-08-30T00:00:00+00:00,2026-09-27T00:00:00+00:00,23,23,logistic,0.10081184644312799,0.14936677712781798,0.3333333333333333,0.0,0.0,0.0,0.0,0.011563327714380955,0.9565217391304348,,
2026-09-27T12:00:00+00:00,6,recent_30,trend_range,2026-08-29T00:00:00+00:00,2026-09-28T00:00:00+00:00,2026-08-30T00:00:00+00:00,2026-09-27T00:00:00+00:00,23,23,selected,0.1057966106445424,0.107306184176581,0.3333333333333333,0.0,0.0,0.0,0.0,0.014744133711856788,0.9130434782608695,,
2026-09-27T12:00:00+00:00,6,recent_30,vol_high,2026-08-29T00:00:00+00:00,2026-09-28T00:00:00+00:00,2026-09-12T00:00:00+00:00,2026-09-12T00:00:00+00:00,1,1,catboost,0.05341210952891605,0.14991755110905658,,,0.0,,0.0,-1.0451471096438048,1.0,,
2026-09-27T12:00:00+00:00,6,recent_30,vol_high,2026-08-29T00:00:00+00:00,2026-09-28T00:00:00+00:00,2026-09-12T00:00:00+00:00,2026-09-12T00:00:00+00:00,1,1,catboost_calibrated,0.05802189143064336,0.07655039294145005,,,0.0,,0.0,-0.37425896618362864,1.0,,
2026-09-27T12:00:00+00:00,6,recent_30,vol_high,2026-08-29T00:00:00+00:00,2026-09-28T00:00:00+00:00,2026-09-12T00:00:00+00:00,2026-09-12T00:00:00+00:00,1,1,climatology,0.06283168132526432,0.0,,,1.0,,0.0,0.2971234273843232,1.0,,
2026-09-27T12:00:00+00:00,6,recent_30,vol_high,2026-08-29T00:00:00+00:00,2026-09-28T00:00:00+00:00,2026-09-12T00:00:00+00:00,2026-09-12T00:00:00+00:00,1,1,logistic,0.04356703241654049,0.3066072481650687,,,0.0,,0.0,0.2971234273843232,1.0,,
2026-09-27T12:00:00+00:00,6,recent_30,vol_high,2026-08-29T00:00:00+00:00,2026-09-28T00:00:00+00:00,2026-09-12T00:00:00+00:00,2026-09-12T00:00:00+00:00,1,1,selected,0.05341210952891605,0.14991755110905658,,,0.0,,0.0,-1.0451471096438048,1.0,,
2026-09-27T12:00:00+00:00,6,recent_30,vol_normal,2026-08-29T00:00:00+00:00,2026-09-28T00:00:00+00:00,2026-08-29T00:00:00+00:00,2026-09-27T00:00:00+00:00,29,29,catboost,0.10481967498830196,0.0910068614499151,0.3333333333333333,0.0,0.0,0.0,0.0,-0.0009946846833577272,0.896551724137931,,
2026-09-27T12:00:00+00:00,6,recent_30,vol_normal,2026-08-29T00:00:00+00:00,2026-09-28T00:00:00+00:00,2026-08-29T00:00:00+00:00,2026-09-27T00:00:00+00:00,29,29,catboost_calibrated,0.10871456945284477,0.05723045120974546,0.3333333333333333,0.0,0.0,0.0,0.0,0.0051081817445362,0.9310344827586207,,
2026-09-27T12:00:00+00:00,6,recent_30,vol_normal,2026-08-29T00:00:00+00:00,2026-09-28T00:00:00+00:00,2026-08-29T00:00:00+00:00,2026-09-27T00:00:00+00:00,29,29,climatology,0.1153140442352486,0.0,0.3333333333333333,1.0,1.0,0.0,0.0,0.01071878883749322,0.9655172413793104,,
2026-09-27T12:00:00+00:00,6,recent_30,vol_normal,2026-08-29T00:00:00+00:00,2026-09-28T00:00:00+00:00,2026-08-29T00:00:00+00:00,2026-09-27T00:00:00+00:00,29,29,logistic,0.09892544808389081,0.14212142380440607,0.3333333333333333,0.0,0.0,0.0,0.0,0.01071878883749322,0.9655172413793104,,
2026-09-27T12:00:00+00:00,6,recent_30,vol_normal,2026-08-29T00:00:00+00:00,2026-09-28T00:00:00+00:00,2026-08-29T00:00:00+00:00,2026-09-27T00:00:00+00:00,29,29,selected,0.10481967498830196,0.0910068614499151,0.3333333333333333,0.0,0.0,0.0,0.0,-0.0009946846833577272,0.896551724137931,,
2026-09-27T12:00:00+00:00,6,recent_90,all,2026-06-30T00:00:00+00:00,2026-09-28T00:00:00+00:00,2026-06-30T00:00:00+00:00,2026-09-27T00:00:00+00:00,90,90,catboost,0.12176974249231287,0.08172396604424803,0.3333333333333333,0.08333333333333333,0.02564102564102564,0.0,0.0,0.002360087884691331,0.9111111111111111,,
2026-09-27T12:00:00+00:00,6,recent_90,all,2026-06-30T00:00:00+00:00,2026-09-28T00:00:00+00:00,2026-06-30T00:00:00+00:00,2026-09-27T00:00:00+00:00,90,90,catboost_calibrated,0.12582202221251598,0.051165378387036275,0.3333333333333333,0.16666666666666666,0.02564102564102564,0.0,0.0,0.0033127160600275873,0.9333333333333333,,
2026-09-27T12:00:00+00:00,6,recent_90,all,2026-06-30T00:00:00+00:00,2026-09-28T00:00:00+00:00,2026-06-30T00:00:00+00:00,2026-09-27T00:00:00+00:00,90,90,climatology,0.1326069046665117,0.0,0.3333333333333333,1.0,1.0,0.0,0.0,0.004112170245733737,0.9666666666666667,,
2026-09-27T12:00:00+00:00,6,recent_90,all,2026-06-30T00:00:00+00:00,2026-09-28T00:00:00+00:00,2026-06-30T00:00:00+00:00,2026-09-27T00:00:00+00:00,90,90,logistic,0.12035091869935584,0.09242343751238291,0.3333333333333333,0.08333333333333333,0.038461538461538464,0.0,0.0,0.004112170245733737,0.9666666666666667,,
2026-09-27T12:00:00+00:00,6,recent_90,all,2026-06-30T00:00:00+00:00,2026-09-28T00:00:00+00:00,2026-06-30T00:00:00+00:00,2026-09-27T00:00:00+00:00,90,90,selected,0.12176974249231287,0.08172396604424803,0.3333333333333333,0.08333333333333333,0.02564102564102564,0.0,0.0,0.002360087884691331,0.9111111111111111,-0.018181533640417292,-0.0024323231215075797
2026-09-27T12:00:00+00:00,6,recent_90,trend_up,2026-06-30T00:00:00+00:00,2026-09-28T00:00:00+00:00,2026-07-03T00:00:00+00:00,2026-09-22T00:00:00+00:00,11,11,catboost,0.11986538502158742,0.08466807463957282,0.3333333333333333,1.0,0.2,0.0,0.0,-0.03834531043637757,0.8181818181818182,,
2026-09-27T12:00:00+00:00,6,recent_90,trend_up,2026-06-30T00:00:00+00:00,2026-09-28T00:00:00+00:00,2026-07-03T00:00:00+00:00,2026-09-22T00:00:00+00:00,11,11,catboost_calibrated,0.12402274537295672,0.05292108901773851,0.3333333333333333,1.0,0.2,0.0,0.0,-0.01799982187577087,0.8181818181818182,,
2026-09-27T12:00:00+00:00,6,recent_90,trend_up,2026-06-30T00:00:00+00:00,2026-09-28T00:00:00+00:00,2026-07-03T00:00:00+00:00,2026-09-22T00:00:00+00:00,11,11,climatology,0.1309529163143615,0.0,0.3333333333333333,1.0,1.0,0.0,0.0,0.0023510289300704423,0.9090909090909091,,
2026-09-27T12:00:00+00:00,6,recent_90,trend_up,2026-06-30T00:00:00+00:00,2026-09-28T00:00:00+00:00,2026-07-03T00:00:00+00:00,2026-09-22T00:00:00+00:00,11,11,logistic,0.11932588439916891,0.08878788073173649,0.3333333333333333,1.0,0.2,0.0,0.0,0.0023510289300704423,0.9090909090909091,,
2026-09-27T12:00:00+00:00,6,recent_90,trend_up,2026-06-30T00:00:00+00:00,2026-09-28T00:00:00+00:00,2026-07-03T00:00:00+00:00,2026-09-22T00:00:00+00:00,11,11,selected,0.11986538502158742,0.08466807463957282,0.3333333333333333,1.0,0.2,0.0,0.0,-0.03834531043637757,0.8181818181818182,,
2026-09-27T12:00:00+00:00,6,recent_90,trend_down,2026-06-30T00:00:00+00:00,2026-09-28T00:00:00+00:00,2026-07-24T00:00:00+00:00,2026-09-24T00:00:00+00:00,7,7,catboost,0.07685694495027172,0.21500867626360642,,,0.0,0.0,0.0,0.013658724765717278,1.0,,
2026-09-27T12:00:00+00:00,6,recent_90,trend_down,2026-06-30T00:00:00+00:00,2026-09-28T00:00:00+00:00,2026-07-24T00:00:00+00:00,2026-09-24T00:00:00+00:00,7,7,catboost_calibrated,0.08653702592420492,0.11613954241343971,,,0.0,0.0,0.0,0.013206500656597231,1.0,,
2026-09-27T12:00:00+00:00,6,recent_90,trend_down,2026-06-30T00:00:00+00:00,2026-09-28T00:00:00+00:00,2026-07-24T00:00:00+00:00,2026-09-24T00:00:00+00:00,7,7,climatology,0.09790801837713164,0.0,,,1.0,0.0,0.0,0.012760772673817589,1.0,,
2026-09-27T12:00:00+00:00,6,recent_90,trend_down,2026-06-30T00:00:00+00:00,2026-09-28T00:00:00+00:00,2026-07-24T00:00:00+00:00,2026-09-24T00:00:00+00:00,7,7,logistic,0.07577851272023409,0.22602342508513418,,,0.14285714285714285,0.0,0.0,0.012760772673817589,1.0,,
2026-09-27T12:00:00+00:00,6,recent_90,trend_down,2026-06-30T00:00:00+00:00,2026-09-28T00:00:00+00:00,2026-07-24T00:00:00+00:00,2026-09-24T00:00:00+00:00,7,7,selected,0.07685694495027172,0.21500867626360642,,,0.0,0.0,0.0,0.013658724765717278,1.0,,
2026-09-27T12:00:00+00:00,6,recent_90,trend_range,2026-06-30T00:00:00+00:00,2026-09-28T00:00:00+00:00,2026-06-30T00:00:00+00:00,2026-09-27T00:00:00+00:00,72,72,catboost,0.1264272079780388,0.07197877883707993,0.3333333333333333,0.0,0.0,0.0,0.0,0.010737433628932314,0.9166666666666666,,
2026-09-27T12:00:00+00:00,6,recent_90,trend_range,2026-06-30T00:00:00+00:00,2026-09-28T00:00:00+00:00,2026-06-30T00:00:00+00:00,2026-09-27T00:00:00+00:00,72,72,catboost_calibrated,0.12991628636881222,0.046367687358249254,0.3333333333333333,0.09090909090909091,0.0,0.0,0.0,0.007433118082005308,0.9444444444444444,,
2026-09-27T12:00:00+00:00,6,recent_90,trend_range,2026-06-30T00:00:00+00:00,2026-09-28T00:00:00+00:00,2026-06-30T00:00:00+00:00,2026-09-27T00:00:00+00:00,72,72,climatology,0.13623310016511325,0.0,0.3333333333333333,1.0,1.0,0.0,0.0,0.003929391687602313,0.9722222222222222,,
2026-09-27T12:00:00+00:00,6,recent_90,trend_range,2026-06-30T00:00:00+00:00,2026-09-28T00:00:00+00:00,2026-06-30T00:00:00+00:00,2026-09-27T00:00:00+00:00,72,72,logistic,0.12484094952096568,0.0836224869751947,0.3333333333333333,0.0,0.0,0.0,0.0,0.003929391687602313,0.9722222222222222,,
2026-09-27T12:00:00+00:00,6,recent_90,trend_range,2026-06-30T00:00:00+00:00,2026-09-28T00:00:00+00:00,2026-06-30T00:00:00+00:00,2026-09-27T00:00:00+00:00,72,72,selected,0.1264272079780388,0.07197877883707993,0.3333333333333333,0.0,0.0,0.0,0.0,0.010737433628932314,0.9166666666666666,-0.017278397026409948,-0.00145864589691592
2026-09-27T12:00:00+00:00,6,recent_90,vol_high,2026-06-30T00:00:00+00:00,2026-09-28T00:00:00+00:00,2026-08-20T00:00:00+00:00,2026-09-12T00:00:00+00:00,3,3,catboost,0.13917024789380264,0.01873014589222488,,,0.6666666666666666,0.0,0.0,-0.03185155147997154,0.6666666666666666,,
2026-09-27T12:00:00+00:00,6,recent_90,vol_high,2026-06-30T00:00:00+00:00,2026-09-28T00:00:00+00:00,2026-08-20T00:00:00+00:00,2026-09-12T00:00:00+00:00,3,3,catboost_calibrated,0.1383999918460447,0.02416111300658841,,,0.6666666666666666,0.0,0.0,-0.011452992208222046,0.6666666666666666,,
2026-09-27T12:00:00+00:00,6,recent_90,vol_high,2026-06-30T00:00:00+00:00,2026-09-28T00:00:00+00:00,2026-08-20T00:00:00+00:00,2026-09-12T00:00:00+00:00,3,3,climatology,0.14182668234554494,0.0,,,1.0,0.0,0.0,0.008960238072600268,0.6666666666666666,,
2026-09-27T12:00:00+00:00,6,recent_90,vol_high,2026-06-30T00:00:00+00:00,2026-09-28T00:00:00+00:00,2026-08-20T00:00:00+00:00,2026-09-12T00:00:00+00:00,3,3,logistic,0.17772099887592313,-0.2530857800292168,,,0.6666666666666666,0.0,0.0,0.008960238072600268,0.6666666666666666,,
2026-09-27T12:00:00+00:00,6,recent_90,vol_high,2026-06-30T00:00:00+00:00,2026-09-28T00:00:00+00:00,2026-08-20T00:00:00+00:00,2026-09-12T00:00:00+00:00,3,3,selected,0.13917024789380264,0.01873014589222488,,,0.6666666666666666,0.0,0.0,-0.03185155147997154,0.6666666666666666,,
2026-09-27T12:00:00+00:00,6,recent_90,vol_normal,2026-06-30T00:00:00+00:00,2026-09-28T00:00:00+00:00,2026-06-30T00:00:00+00:00,2026-09-27T00:00:00+00:00,87,87,catboost,0.1211697250646753,0.08405277691664681,0.3333333333333333,0.08333333333333333,0.0,0.0,0.0,0.004483919129067093,0.9195402298850575,,
2026-09-27T12:00:00+00:00,6,recent_90,vol_normal,2026-06-30T00:00:00+00:00,2026-09-28T00:00:00+00:00,2026-06-30T00:00:00+00:00,2026-09-27T00:00:00+00:00,87,87,catboost_calibrated,0.12538829912170465,0.05216369578812996,0.3333333333333333,0.16666666666666666,0.0,0.0,0.0,0.004229359434850366,0.9425287356321839,,
2026-09-27T12:00:00+00:00,6,recent_90,vol_normal,2026-06-30T00:00:00+00:00,2026-09-28T00:00:00+00:00,2026-06-30T00:00:00+00:00,2026-09-27T00:00:00+00:00,87,87,climatology,0.1322889812982692,0.0,0.3333333333333333,1.0,1.0,0.0,0.0,0.0038112060675544734,0.9770114942528736,,
2026-09-27T12:00:00+00:00,6,recent_90,vol_normal,2026-06-30T00:00:00+00:00,2026-09-28T00:00:00+00:00,2026-06-30T00:00:00+00:00,2026-09-27T00:00:00+00:00,87,87,logistic,0.11837264007257767,0.1051965257356895,0.3333333333333333,0.08333333333333333,0.013333333333333334,0.0,0.0,0.0038112060675544734,0.9770114942528736,,
2026-09-27T12:00:00+00:00,6,recent_90,vol_normal,2026-06-30T00:00:00+00:00,2026-09-28T00:00:00+00:00,2026-06-30T00:00:00+00:00,2026-09-27T00:00:00+00:00,87,87,selected,0.1211697250646753,0.08405277691664681,0.3333333333333333,0.08333333333333333,0.0,0.0,0.0,0.004483919129067093,0.9195402298850575,-0.01907030930496511,-0.0024281709512393728
2026-09-27T12:00:00+00:00,6,recent_365,all,2025-09-28T00:00:00+00:00,2026-09-28T00:00:00+00:00,2025-09-28T00:00:00+00:00,2026-09-27T00:00:00+00:00,304,304,catboost,0.14607982804039865,0.060629804623785755,0.3333333333333333,0.10526315789473684,0.02834008097165992,0.05454545454545454,0.012048192771084338,-0.002182242940949042,0.8289473684210527,,
2026-09-27T12:00:00+00:00,6,recent_365,all,2025-09-28T00:00:00+00:00,2026-09-28T00:00:00+00:00,2025-09-28T00:00:00+00:00,2026-09-27T00:00:00+00:00,304,304,catboost_calibrated,0.14936909441483892,0.03947809026149984,0.3333333333333333,0.12280701754385964,0.02834008097165992,0.05454545454545454,0.012048192771084338,-0.00037369542344078965,0.8486842105263158,,
2026-09-27T12:00:00+00:00,6,recent_365,all,2025-09-28T00:00:00+00:00,2026-09-28T00:00:00+00:00,2025-09-28T00:00:00+00:00,2026-09-27T00:00:00+00:00,304,304,climatology,0.15550826368500464,0.0,0.3333333333333333,0.631578947368421,0.7206477732793523,0.6181818181818182,0.606425702811245,2.176254956653967e-05,0.8651315789473685,,
2026-09-27T12:00:00+00:00,6,recent_365,all,2025-09-28T00:00:00+00:00,2026-09-28T00:00:00+00:00,2025-09-28T00:00:00+00:00,2026-09-27T00:00:00+00:00,304,304,logistic,0.14636820418491658,0.05877539420414357,0.3440860215053763,0.07017543859649122,0.04048582995951417,0.05454545454545454,0.012048192771084338,2.176254956653967e-05,0.8651315789473685,,
2026-09-27T12:00:00+00:00,6,recent_365,all,2025-09-28T00:00:00+00:00,2026-09-28T00:00:00+00:00,2025-09-28T00:00:00+00:00,2026-09-27T00:00:00+00:00,304,304,selected,0.14607982804039865,0.060629804623785755,0.3333333333333333,0.10526315789473684,0.02834008097165992,0.05454545454545454,0.012048192771084338,-0.002182242940949042,0.8289473684210527,-0.013223209097991408,-0.005442702435607712
2026-09-27T12:00:00+00:00,6,recent_365,trend_up,2025-09-28T00:00:00+00:00,2026-09-28T00:00:00+00:00,2025-09-29T00:00:00+00:00,2026-09-22T00:00:00+00:00,39,39,catboost,0.14281591805559973,0.07177519897081241,0.3333333333333333,0.25,0.0967741935483871,0.0,0.0,-0.00658222203954284,0.8717948717948718,,
2026-09-27T12:00:00+00:00,6,recent_365,trend_up,2025-09-28T00:00:00+00:00,2026-09-28T00:00:00+00:00,2025-09-29T00:00:00+00:00,2026-09-22T00:00:00+00:00,39,39,catboost_calibrated,0.14732882607433478,0.0424437826638252,0.3333333333333333,0.25,0.06451612903225806,0.0,0.0,-0.0023037103114889046,0.8717948717948718,,
2026-09-27T12:00:00+00:00,6,recent_365,trend_up,2025-09-28T00:00:00+00:00,2026-09-28T00:00:00+00:00,2025-09-29T00:00:00+00:00,2026-09-22T00:00:00+00:00,39,39,climatology,0.15385919218841143,0.0,0.3333333333333333,0.75,0.6774193548387096,0.3333333333333333,0.696969696969697,0.0014394143483553723,0.8974358974358975,,
2026-09-27T12:00:00+00:00,6,recent_365,trend_up,2025-09-28T00:00:00+00:00,2026-09-28T00:00:00+00:00,2025-09-29T00:00:00+00:00,2026-09-22T00:00:00+00:00,39,39,logistic,0.14544846769060493,0.05466507641289953,0.3333333333333333,0.125,0.12903225806451613,0.0,0.030303030303030304,0.0014394143483553723,0.8974358974358975,,
2026-09-27T12:00:00+00:00,6,recent_365,trend_up,2025-09-28T00:00:00+00:00,2026-09-28T00:00:00+00:00,2025-09-29T00:00:00+00:00,2026-09-22T00:00:00+00:00,39,39,selected,0.14281591805559973,0.07177519897081241,0.3333333333333333,0.25,0.0967741935483871,0.0,0.0,-0.00658222203954284,0.8717948717948718,,
2026-09-27T12:00:00+00:00,6,recent_365,trend_down,2025-09-28T00:00:00+00:00,2026-09-28T00:00:00+00:00,2025-10-08T00:00:00+00:00,2026-09-24T00:00:00+00:00,37,37,catboost,0.14239341530834215,0.12534392246914505,0.3333333333333333,0.6,0.09375,0.3,0.07407407407407407,-0.038212028166188405,0.8378378378378378,,
2026-09-27T12:00:00+00:00,6,recent_365,trend_down,2025-09-28T00:00:00+00:00,2026-09-28T00:00:00+00:00,2025-10-08T00:00:00+00:00,2026-09-24T00:00:00+00:00,37,37,catboost_calibrated,0.15028754949554063,0.07685395241873405,0.3333333333333333,0.6,0.09375,0.3,0.07407407407407407,-0.017781745754090084,0.8108108108108109,,
2026-09-27T12:00:00+00:00,6,recent_365,trend_down,2025-09-28T00:00:00+00:00,2026-09-28T00:00:00+00:00,2025-10-08T00:00:00+00:00,2026-09-24T00:00:00+00:00,37,37,climatology,0.16279932074595227,0.0,0.3333333333333333,0.0,0.625,0.9,0.7037037037037037,-0.0020863845627283606,0.8108108108108109,,
2026-09-27T12:00:00+00:00,6,recent_365,trend_down,2025-09-28T00:00:00+00:00,2026-09-28T00:00:00+00:00,2025-10-08T00:00:00+00:00,2026-09-24T00:00:00+00:00,37,37,logistic,0.13990246492529584,0.14064466433730938,0.4444444444444444,0.6,0.125,0.3,0.07407407407407407,-0.0020863845627283606,0.8108108108108109,,
2026-09-27T12:00:00+00:00,6,recent_365,trend_down,2025-09-28T00:00:00+00:00,2026-09-28T00:00:00+00:00,2025-10-08T00:00:00+00:00,2026-09-24T00:00:00+00:00,37,37,selected,0.14239341530834215,0.12534392246914505,0.3333333333333333,0.6,0.09375,0.3,0.07407407407407407,-0.038212028166188405,0.8378378378378378,,
2026-09-27T12:00:00+00:00,6,recent_365,trend_range,2025-09-28T00:00:00+00:00,2026-09-28T00:00:00+00:00,2025-09-28T00:00:00+00:00,2026-09-27T00:00:00+00:00,228,228,catboost,0.14723636207764979,0.04767426385797702,0.3333333333333333,0.022727272727272728,0.005434782608695652,0.0,0.005291005291005291,0.006130739391785434,0.8201754385964912,,
2026-09-27T12:00:00+00:00,6,recent_365,trend_range,2025-09-28T00:00:00+00:00,2026-09-28T00:00:00+00:00,2025-09-28T00:00:00+00:00,2026-09-27T00:00:00+00:00,228,228,catboost_calibrated,0.1495690401485832,0.032586487104076745,0.3333333333333333,0.045454545454545456,0.010869565217391304,0.0,0.005291005291005291,0.003611002402953978,0.8508771929824561,,
2026-09-27T12:00:00+00:00,6,recent_365,trend_range,2025-09-28T00:00:00+00:00,2026-09-28T00:00:00+00:00,2025-09-28T00:00:00+00:00,2026-09-27T00:00:00+00:00,228,228,climatology,0.1546071438477769,0.0,0.3333333333333333,0.6818181818181818,0.7445652173913043,0.5897435897435898,0.5767195767195767,0.00023637947792409797,0.868421052631579,,
2026-09-27T12:00:00+00:00,6,recent_365,trend_range,2025-09-28T00:00:00+00:00,2026-09-28T00:00:00+00:00,2025-09-28T00:00:00+00:00,2026-09-27T00:00:00+00:00,228,228,logistic,0.1475747922370399,0.04548529541209889,0.3333333333333333,0.0,0.010869565217391304,0.0,0.0,0.00023637947792409797,0.868421052631579,,
2026-09-27T12:00:00+00:00,6,recent_365,trend_range,2025-09-28T00:00:00+00:00,2026-09-28T00:00:00+00:00,2025-09-28T00:00:00+00:00,2026-09-27T00:00:00+00:00,228,228,selected,0.14723636207764979,0.04767426385797702,0.3333333333333333,0.022727272727272728,0.005434782608695652,0.0,0.005291005291005291,0.006130739391785434,0.8201754385964912,-0.011729787193808598,-0.003048608512131623
2026-09-27T12:00:00+00:00,6,recent_365,vol_high,2025-09-28T00:00:00+00:00,2026-09-28T00:00:00+00:00,2025-10-02T00:00:00+00:00,2026-09-12T00:00:00+00:00,22,22,catboost,0.19290230195360816,0.13603722991979528,0.3333333333333333,0.625,0.2857142857142857,0.5,0.125,0.007256057388096093,0.8636363636363636,,
2026-09-27T12:00:00+00:00,6,recent_365,vol_high,2025-09-28T00:00:00+00:00,2026-09-28T00:00:00+00:00,2025-10-02T00:00:00+00:00,2026-09-12T00:00:00+00:00,22,22,catboost_calibrated,0.2042381748326221,0.08526659610856524,0.3333333333333333,0.625,0.2857142857142857,0.5,0.125,0.007468911320318572,0.8181818181818182,,
2026-09-27T12:00:00+00:00,6,recent_365,vol_high,2025-09-28T00:00:00+00:00,2026-09-28T00:00:00+00:00,2025-10-02T00:00:00+00:00,2026-09-12T00:00:00+00:00,22,22,climatology,0.22327617419868723,0.0,0.3333333333333333,0.375,0.7142857142857143,0.6666666666666666,0.875,0.006341395497162061,0.8181818181818182,,
2026-09-27T12:00:00+00:00,6,recent_365,vol_high,2025-09-28T00:00:00+00:00,2026-09-28T00:00:00+00:00,2025-10-02T00:00:00+00:00,2026-09-12T00:00:00+00:00,22,22,logistic,0.2044352883623358,0.08438377226754812,0.4444444444444444,0.375,0.35714285714285715,0.3333333333333333,0.1875,0.006341395497162061,0.8181818181818182,,
2026-09-27T12:00:00+00:00,6,recent_365,vol_high,2025-09-28T00:00:00+00:00,2026-09-28T00:00:00+00:00,2025-10-02T00:00:00+00:00,2026-09-12T00:00:00+00:00,22,22,selected,0.19290230195360816,0.13603722991979528,0.3333333333333333,0.625,0.2857142857142857,0.5,0.125,0.007256057388096093,0.8636363636363636,,
2026-09-27T12:00:00+00:00,6,recent_365,vol_normal,2025-09-28T00:00:00+00:00,2026-09-28T00:00:00+00:00,2025-09-28T00:00:00+00:00,2026-09-27T00:00:00+00:00,282,282,catboost,0.1424270109266022,0.051886044267062115,0.3333333333333333,0.02040816326530612,0.012875536480686695,0.0,0.004291845493562232,-0.0031554716664425886,0.8262411347517731,,
2026-09-27T12:00:00+00:00,6,recent_365,vol_normal,2025-09-28T00:00:00+00:00,2026-09-28T00:00:00+00:00,2025-09-28T00:00:00+00:00,2026-09-27T00:00:00+00:00,282,282,catboost_calibrated,0.1450885278574232,0.034168749428716505,0.3333333333333333,0.04081632653061224,0.012875536480686695,0.0,0.004291845493562232,-0.001182384477580234,0.851063829787234,,
2026-09-27T12:00:00+00:00,6,recent_365,vol_normal,2025-09-28T00:00:00+00:00,2026-09-28T00:00:00+00:00,2025-09-28T00:00:00+00:00,2026-09-27T00:00:00+00:00,282,282,climatology,0.1502214054179798,0.0,0.3333333333333333,0.673469387755102,0.721030042918455,0.6122448979591837,0.5879828326180258,-0.0006298853218462686,0.8687943262411347,,
2026-09-27T12:00:00+00:00,6,recent_365,vol_normal,2025-09-28T00:00:00+00:00,2026-09-28T00:00:00+00:00,2025-09-28T00:00:00+00:00,2026-09-27T00:00:00+00:00,282,282,logistic,0.14183814797249378,0.055806011281549606,0.3333333333333333,0.02040816326530612,0.02145922746781116,0.02040816326530612,0.0,-0.0006298853218462686,0.8687943262411347,,
2026-09-27T12:00:00+00:00,6,recent_365,vol_normal,2025-09-28T00:00:00+00:00,2026-09-28T00:00:00+00:00,2025-09-28T00:00:00+00:00,2026-09-27T00:00:00+00:00,282,282,selected,0.1424270109266022,0.051886044267062115,0.3333333333333333,0.02040816326530612,0.012875536480686695,0.0,0.004291845493562232,-0.0031554716664425886,0.8262411347517731,-0.011546997884359374,-0.00392702068126821
2026-09-27T12:00:00+00:00,6,year_2018,all,2018-01-01T00:00:00+00:00,2019-01-01T00:00:00+00:00,2018-05-01T00:00:00+00:00,2018-12-26T00:00:00+00:00,154,154,catboost,0.16094306233330852,0.05878690843894341,0.3333333333333333,0.13793103448275862,0.104,0.23684210526315788,0.05172413793103448,-0.04007251667402789,0.8376623376623377,,
2026-09-27T12:00:00+00:00,6,year_2018,all,2018-01-01T00:00:00+00:00,2019-01-01T00:00:00+00:00,2018-05-01T00:00:00+00:00,2018-12-26T00:00:00+00:00,154,154,catboost_calibrated,0.16407222836363403,0.04048719429959724,0.3333333333333333,0.13793103448275862,0.096,0.23684210526315788,0.04310344827586207,-0.027039646091553404,0.8831168831168831,,
2026-09-27T12:00:00+00:00,6,year_2018,all,2018-01-01T00:00:00+00:00,2019-01-01T00:00:00+00:00,2018-05-01T00:00:00+00:00,2018-12-26T00:00:00+00:00,154,154,climatology,0.1709953503370582,0.0,0.3333333333333333,0.3793103448275862,0.448,0.34210526315789475,0.45689655172413796,-0.02093916566562637,0.8961038961038961,,
2026-09-27T12:00:00+00:00,6,year_2018,all,2018-01-01T00:00:00+00:00,2019-01-01T00:00:00+00:00,2018-05-01T00:00:00+00:00,2018-12-26T00:00:00+00:00,154,154,logistic,0.15522253139777484,0.09224121537920593,0.3333333333333333,0.13793103448275862,0.08,0.2631578947368421,0.04310344827586207,-0.02093916566562637,0.8961038961038961,,
2026-09-27T12:00:00+00:00,6,year_2018,all,2018-01-01T00:00:00+00:00,2019-01-01T00:00:00+00:00,2018-05-01T00:00:00+00:00,2018-12-26T00:00:00+00:00,154,154,selected,0.1596129929539903,0.06656530344615519,0.3333333333333333,0.13793103448275862,0.064,0.21052631578947367,0.034482758620689655,-0.016197053161723485,0.8701298701298701,-0.02551594623372522,-0.0011071785154528689
2026-09-27T12:00:00+00:00,6,year_2018,trend_up,2018-01-01T00:00:00+00:00,2019-01-01T00:00:00+00:00,2018-05-04T00:00:00+00:00,2018-12-24T00:00:00+00:00,20,20,catboost,0.19070729498804123,-0.011568254406644884,0.3333333333333333,0.0,0.14285714285714285,0.0,0.0,-0.027491292951772328,0.85,,
2026-09-27T12:00:00+00:00,6,year_2018,trend_up,2018-01-01T00:00:00+00:00,2019-01-01T00:00:00+00:00,2018-05-04T00:00:00+00:00,2018-12-24T00:00:00+00:00,20,20,catboost_calibrated,0.18850583036665053,0.00010896918534120115,0.3333333333333333,0.0,0.14285714285714285,0.0,0.0,-0.021191156901922303,0.85,,
2026-09-27T12:00:00+00:00,6,year_2018,trend_up,2018-01-01T00:00:00+00:00,2019-01-01T00:00:00+00:00,2018-05-04T00:00:00+00:00,2018-12-24T00:00:00+00:00,20,20,climatology,0.18852637393203323,0.0,0.3333333333333333,0.16666666666666666,0.2857142857142857,0.25,0.375,-0.017452660423837862,0.85,,
2026-09-27T12:00:00+00:00,6,year_2018,trend_up,2018-01-01T00:00:00+00:00,2019-01-01T00:00:00+00:00,2018-05-04T00:00:00+00:00,2018-12-24T00:00:00+00:00,20,20,logistic,0.19078786241623635,-0.011995608025741955,0.3333333333333333,0.0,0.07142857142857142,0.0,0.0,-0.017452660423837862,0.85,,
2026-09-27T12:00:00+00:00,6,year_2018,trend_up,2018-01-01T00:00:00+00:00,2019-01-01T00:00:00+00:00,2018-05-04T00:00:00+00:00,2018-12-24T00:00:00+00:00,20,20,selected,0.19193746678419585,-0.018093451759658707,0.3333333333333333,0.0,0.07142857142857142,0.0,0.0,-0.014553840202719437,0.85,,
2026-09-27T12:00:00+00:00,6,year_2018,trend_down,2018-01-01T00:00:00+00:00,2019-01-01T00:00:00+00:00,2018-07-11T00:00:00+00:00,2018-12-26T00:00:00+00:00,21,21,catboost,0.22726211137717164,0.22357727005457595,0.3333333333333333,0.42857142857142855,0.42857142857142855,0.75,0.5555555555555556,-0.09552791926919735,0.7619047619047619,,
2026-09-27T12:00:00+00:00,6,year_2018,trend_down,2018-01-01T00:00:00+00:00,2019-01-01T00:00:00+00:00,2018-07-11T00:00:00+00:00,2018-12-26T00:00:00+00:00,21,21,catboost_calibrated,0.25170201796568537,0.1400802943463273,0.3333333333333333,0.42857142857142855,0.35714285714285715,0.75,0.4444444444444444,-0.04933567060009669,0.7619047619047619,,
2026-09-27T12:00:00+00:00,6,year_2018,trend_down,2018-01-01T00:00:00+00:00,2019-01-01T00:00:00+00:00,2018-07-11T00:00:00+00:00,2018-12-26T00:00:00+00:00,21,21,climatology,0.29270409354598137,0.0,0.3333333333333333,0.2857142857142857,0.14285714285714285,0.16666666666666666,0.4444444444444444,-0.009286814819595257,0.7619047619047619,,
2026-09-27T12:00:00+00:00,6,year_2018,trend_down,2018-01-01T00:00:00+00:00,2019-01-01T00:00:00+00:00,2018-07-11T00:00:00+00:00,2018-12-26T00:00:00+00:00,21,21,logistic,0.21358273621158974,0.27031175538364083,0.3333333333333333,0.42857142857142855,0.2857142857142857,0.6666666666666666,0.1111111111111111,-0.009286814819595257,0.7619047619047619,,
2026-09-27T12:00:00+00:00,6,year_2018,trend_down,2018-01-01T00:00:00+00:00,2019-01-01T00:00:00+00:00,2018-07-11T00:00:00+00:00,2018-12-26T00:00:00+00:00,21,21,selected,0.22582218321080966,0.22849666885395004,0.3333333333333333,0.42857142857142855,0.21428571428571427,0.5833333333333334,0.2222222222222222,-0.014711702352649958,0.7142857142857143,,
2026-09-27T12:00:00+00:00,6,year_2018,trend_range,2018-01-01T00:00:00+00:00,2019-01-01T00:00:00+00:00,2018-05-01T00:00:00+00:00,2018-12-25T00:00:00+00:00,113,113,catboost,0.14335027752785917,0.01324254012493864,0.3333333333333333,0.0625,0.05154639175257732,0.0,0.01098901098901099,-0.024900228431997906,0.8495575221238938,,
2026-09-27T12:00:00+00:00,6,year_2018,trend_range,2018-01-01T00:00:00+00:00,2019-01-01T00:00:00+00:00,2018-05-01T00:00:00+00:00,2018-12-25T00:00:00+00:00,113,113,catboost_calibrated,0.1434625148972322,0.01246994963250625,0.3333333333333333,0.0625,0.05154639175257732,0.0,0.01098901098901099,-0.02115357412196084,0.911504424778761,,
2026-09-27T12:00:00+00:00,6,year_2018,trend_range,2018-01-01T00:00:00+00:00,2019-01-01T00:00:00+00:00,2018-05-01T00:00:00+00:00,2018-12-25T00:00:00+00:00,113,113,climatology,0.14527407529912115,0.0,0.3333333333333333,0.5,0.5154639175257731,0.45454545454545453,0.4725274725274725,-0.025787353841476346,0.9292035398230089,,
2026-09-27T12:00:00+00:00,6,year_2018,trend_range,2018-01-01T00:00:00+00:00,2019-01-01T00:00:00+00:00,2018-05-01T00:00:00+00:00,2018-12-25T00:00:00+00:00,113,113,logistic,0.13808208076539125,0.04950638659321349,0.3333333333333333,0.0625,0.05154639175257732,0.09090909090909091,0.04395604395604396,-0.025787353841476346,0.9292035398230089,,
2026-09-27T12:00:00+00:00,6,year_2018,trend_range,2018-01-01T00:00:00+00:00,2019-01-01T00:00:00+00:00,2018-05-01T00:00:00+00:00,2018-12-25T00:00:00+00:00,113,113,selected,0.14158748435224416,0.025376798573911064,0.3333333333333333,0.0625,0.041237113402061855,0.045454545454545456,0.02197802197802198,-0.017139720058917396,0.9026548672566371,-0.008140179939800327,0.0010437346998115324
2026-09-27T12:00:00+00:00,6,year_2018,vol_high,2018-01-01T00:00:00+00:00,2019-01-01T00:00:00+00:00,2018-05-08T00:00:00+00:00,2018-12-25T00:00:00+00:00,20,20,catboost,0.23376424202863005,0.16550876076178955,0.3333333333333333,0.4,0.7,0.5714285714285714,0.23076923076923078,-0.09050943637682485,0.85,,
2026-09-27T12:00:00+00:00,6,year_2018,vol_high,2018-01-01T00:00:00+00:00,2019-01-01T00:00:00+00:00,2018-05-08T00:00:00+00:00,2018-12-25T00:00:00+00:00,20,20,catboost_calibrated,0.2500304049905664,0.10744183671061469,0.3333333333333333,0.4,0.7,0.5714285714285714,0.23076923076923078,-0.03878228709561804,0.85,,
2026-09-27T12:00:00+00:00,6,year_2018,vol_high,2018-01-01T00:00:00+00:00,2019-01-01T00:00:00+00:00,2018-05-08T00:00:00+00:00,2018-12-25T00:00:00+00:00,20,20,climatology,0.28012785639550697,0.0,0.3333333333333333,0.3,0.1,0.2857142857142857,0.38461538461538464,-0.003330845336211974,0.85,,
2026-09-27T12:00:00+00:00,6,year_2018,vol_high,2018-01-01T00:00:00+00:00,2019-01-01T00:00:00+00:00,2018-05-08T00:00:00+00:00,2018-12-25T00:00:00+00:00,20,20,logistic,0.21558972763000966,0.23038811489842415,0.3333333333333333,0.4,0.4,0.7142857142857143,0.23076923076923078,-0.003330845336211974,0.85,,
2026-09-27T12:00:00+00:00,6,year_2018,vol_high,2018-01-01T00:00:00+00:00,2019-01-01T00:00:00+00:00,2018-05-08T00:00:00+00:00,2018-12-25T00:00:00+00:00,20,20,selected,0.22599719625228554,0.1932355490801151,0.3333333333333333,0.4,0.4,0.7142857142857143,0.15384615384615385,0.011298792537898894,0.85,,
2026-09-27T12:00:00+00:00,6,year_2018,vol_normal,2018-01-01T00:00:00+00:00,2019-01-01T00:00:00+00:00,2018-05-01T00:00:00+00:00,2018-12-26T00:00:00+00:00,134,134,catboost,0.150074229542962,0.029944925255651733,0.3333333333333333,0.0,0.05217391304347826,0.16129032258064516,0.02912621359223301,-0.03093527239835403,0.835820895522388,,
2026-09-27T12:00:00+00:00,6,year_2018,vol_normal,2018-01-01T00:00:00+00:00,2019-01-01T00:00:00+00:00,2018-05-01T00:00:00+00:00,2018-12-26T00:00:00+00:00,134,134,catboost_calibrated,0.15124264976259932,0.022392449611133403,0.3333333333333333,0.0,0.043478260869565216,0.16129032258064516,0.019417475728155338,-0.024912327850710847,0.8880597014925373,,
2026-09-27T12:00:00+00:00,6,year_2018,vol_normal,2018-01-01T00:00:00+00:00,2019-01-01T00:00:00+00:00,2018-05-01T00:00:00+00:00,2018-12-26T00:00:00+00:00,134,134,climatology,0.15470691659699126,0.0,0.3333333333333333,0.42105263157894735,0.4782608695652174,0.3548387096774194,0.46601941747572817,-0.024129121061043257,0.9029850746268657,,
2026-09-27T12:00:00+00:00,6,year_2018,vol_normal,2018-01-01T00:00:00+00:00,2019-01-01T00:00:00+00:00,2018-05-01T00:00:00+00:00,2018-12-26T00:00:00+00:00,134,134,logistic,0.14621250210938158,0.054906494644563764,0.3333333333333333,0.0,0.05217391304347826,0.16129032258064516,0.019417475728155338,-0.024129121061043257,0.9029850746268657,,
2026-09-27T12:00:00+00:00,6,year_2018,vol_normal,2018-01-01T00:00:00+00:00,2019-01-01T00:00:00+00:00,2018-05-01T00:00:00+00:00,2018-12-26T00:00:00+00:00,134,134,selected,0.14970490290946864,0.03233219171805213,0.3333333333333333,0.0,0.034782608695652174,0.0967741935483871,0.019417475728155338,-0.02117825066950374,0.8731343283582089,-0.010589604871261407,0.0001461198202068999
2026-09-27T12:00:00+00:00,6,year_2019,all,2019-01-01T00:00:00+00:00,2020-01-01T00:00:00+00:00,2019-01-26T00:00:00+00:00,2019-12-31T00:00:00+00:00,250,250,catboost,0.15602693416768518,0.0584350140374128,0.3333333333333333,0.21739130434782608,0.05392156862745098,0.1206896551724138,0.06770833333333333,0.014296217147552581,0.82,,
2026-09-27T12:00:00+00:00,6,year_2019,all,2019-01-01T00:00:00+00:00,2020-01-01T00:00:00+00:00,2019-01-26T00:00:00+00:00,2019-12-31T00:00:00+00:00,250,250,catboost_calibrated,0.1593242701336508,0.03853680794197212,0.3333333333333333,0.1956521739130435,0.058823529411764705,0.1206896551724138,0.0625,0.00812285610598562,0.888,,
2026-09-27T12:00:00+00:00,6,year_2019,all,2019-01-01T00:00:00+00:00,2020-01-01T00:00:00+00:00,2019-01-26T00:00:00+00:00,2019-12-31T00:00:00+00:00,250,250,climatology,0.16571021277747988,0.0,0.3333333333333333,0.5869565217391305,0.553921568627451,0.7413793103448276,0.7239583333333334,-0.003198536324463319,0.9,,
2026-09-27T12:00:00+00:00,6,year_2019,all,2019-01-01T00:00:00+00:00,2020-01-01T00:00:00+00:00,2019-01-26T00:00:00+00:00,2019-12-31T00:00:00+00:00,250,250,logistic,0.15539475856877202,0.06224996055348575,0.3461538461538462,0.17391304347826086,0.0196078431372549,0.08620689655172414,0.057291666666666664,-0.003198536324463319,0.9,,
2026-09-27T12:00:00+00:00,6,year_2019,all,2019-01-01T00:00:00+00:00,2020-01-01T00:00:00+00:00,2019-01-26T00:00:00+00:00,2019-12-31T00:00:00+00:00,250,250,selected,0.15560735430404432,0.060967023722321545,0.3461538461538462,0.21739130434782608,0.03431372549019608,0.08620689655172414,0.03125,0.005888227341342422,0.892,-0.01858687654712566,-0.0037305367968399603
2026-09-27T12:00:00+00:00,6,year_2019,trend_up,2019-01-01T00:00:00+00:00,2020-01-01T00:00:00+00:00,2019-02-09T00:00:00+00:00,2019-12-30T00:00:00+00:00,37,37,catboost,0.21251390270982395,0.09696824769153578,0.3333333333333333,0.4375,0.23809523809523808,0.2222222222222222,0.10714285714285714,0.050610670961427795,0.7027027027027027,,
2026-09-27T12:00:00+00:00,6,year_2019,trend_up,2019-01-01T00:00:00+00:00,2020-01-01T00:00:00+00:00,2019-02-09T00:00:00+00:00,2019-12-30T00:00:00+00:00,37,37,catboost_calibrated,0.22225757521818718,0.05556462398997786,0.3333333333333333,0.375,0.23809523809523808,0.2222222222222222,0.10714285714285714,0.026703427470219365,0.7297297297297297,,
2026-09-27T12:00:00+00:00,6,year_2019,trend_up,2019-01-01T00:00:00+00:00,2020-01-01T00:00:00+00:00,2019-02-09T00:00:00+00:00,2019-12-30T00:00:00+00:00,37,37,climatology,0.23533380987608052,0.0,0.3333333333333333,0.75,0.6666666666666666,0.5555555555555556,0.6785714285714286,0.0028339678728978024,0.7297297297297297,,
2026-09-27T12:00:00+00:00,6,year_2019,trend_up,2019-01-01T00:00:00+00:00,2020-01-01T00:00:00+00:00,2019-02-09T00:00:00+00:00,2019-12-30T00:00:00+00:00,37,37,logistic,0.1970589343900376,0.1626407846207788,0.3636363636363636,0.375,0.09523809523809523,0.2222222222222222,0.07142857142857142,0.0028339678728978024,0.7297297297297297,,
2026-09-27T12:00:00+00:00,6,year_2019,trend_up,2019-01-01T00:00:00+00:00,2020-01-01T00:00:00+00:00,2019-02-09T00:00:00+00:00,2019-12-30T00:00:00+00:00,37,37,selected,0.20239141261484234,0.13998157459221272,0.3636363636363636,0.4375,0.14285714285714285,0.2222222222222222,0.03571428571428571,0.01591089390437228,0.7297297297297297,,
2026-09-27T12:00:00+00:00,6,year_2019,trend_down,2019-01-01T00:00:00+00:00,2020-01-01T00:00:00+00:00,2019-01-29T00:00:00+00:00,2019-12-24T00:00:00+00:00,15,15,catboost,0.17823064591571253,0.09333787080367806,0.3333333333333333,0.6666666666666666,0.16666666666666666,0.4,0.6,0.009645369427003336,0.9333333333333333,,
2026-09-27T12:00:00+00:00,6,year_2019,trend_down,2019-01-01T00:00:00+00:00,2020-01-01T00:00:00+00:00,2019-01-29T00:00:00+00:00,2019-12-24T00:00:00+00:00,15,15,catboost_calibrated,0.1812576624856917,0.07793938939017431,0.3333333333333333,0.6666666666666666,0.16666666666666666,0.4,0.6,0.001049550387526188,0.8666666666666667,,
2026-09-27T12:00:00+00:00,6,year_2019,trend_down,2019-01-01T00:00:00+00:00,2020-01-01T00:00:00+00:00,2019-01-29T00:00:00+00:00,2019-12-24T00:00:00+00:00,15,15,climatology,0.1965789020808652,0.0,0.3333333333333333,0.6666666666666666,0.5,0.8,0.9,-0.01361594279005307,0.8666666666666667,,
2026-09-27T12:00:00+00:00,6,year_2019,trend_down,2019-01-01T00:00:00+00:00,2020-01-01T00:00:00+00:00,2019-01-29T00:00:00+00:00,2019-12-24T00:00:00+00:00,15,15,logistic,0.22954748286845564,-0.16771169458474433,0.3333333333333333,0.3333333333333333,0.16666666666666666,0.2,0.3,-0.01361594279005307,0.8666666666666667,,
2026-09-27T12:00:00+00:00,6,year_2019,trend_down,2019-01-01T00:00:00+00:00,2020-01-01T00:00:00+00:00,2019-01-29T00:00:00+00:00,2019-12-24T00:00:00+00:00,15,15,selected,0.19844106111965,-0.009472832633986128,0.3333333333333333,0.6666666666666666,0.16666666666666666,0.2,0.3,0.017228993401665504,0.9333333333333333,,
2026-09-27T12:00:00+00:00,6,year_2019,trend_range,2019-01-01T00:00:00+00:00,2020-01-01T00:00:00+00:00,2019-01-26T00:00:00+00:00,2019-12-31T00:00:00+00:00,198,198,catboost,0.14378918915617234,0.043708191645546735,0.3333333333333333,0.037037037037037035,0.023391812865497075,0.06818181818181818,0.025974025974025976,0.0010788239490340246,0.8333333333333334,,
2026-09-27T12:00:00+00:00,6,year_2019,trend_range,2019-01-01T00:00:00+00:00,2020-01-01T00:00:00+00:00,2019-01-26T00:00:00+00:00,2019-12-31T00:00:00+00:00,198,198,catboost_calibrated,0.14590238541946665,0.029654059426755697,0.3333333333333333,0.037037037037037035,0.029239766081871343,0.06818181818181818,0.01948051948051948,0.0018818498958326213,0.9191919191919192,,
2026-09-27T12:00:00+00:00,6,year_2019,trend_range,2019-01-01T00:00:00+00:00,2020-01-01T00:00:00+00:00,2019-01-26T00:00:00+00:00,2019-12-31T00:00:00+00:00,198,198,climatology,0.15036120554415155,0.0,0.3333333333333333,0.48148148148148145,0.543859649122807,0.7727272727272727,0.7207792207792207,-0.004322015973856397,0.9343434343434344,,
2026-09-27T12:00:00+00:00,6,year_2019,trend_range,2019-01-01T00:00:00+00:00,2020-01-01T00:00:00+00:00,2019-01-26T00:00:00+00:00,2019-12-31T00:00:00+00:00,198,198,logistic,0.14199139811482214,0.05566467360406824,0.3333333333333333,0.037037037037037035,0.0,0.045454545454545456,0.03896103896103896,-0.004322015973856397,0.9343434343434344,,
2026-09-27T12:00:00+00:00,6,year_2019,trend_range,2019-01-01T00:00:00+00:00,2020-01-01T00:00:00+00:00,2019-01-26T00:00:00+00:00,2019-12-31T00:00:00+00:00,198,198,selected,0.1436199009720564,0.04483406838684634,0.3333333333333333,0.037037037037037035,0.011695906432748537,0.045454545454545456,0.012987012987012988,0.0008368704411345629,0.9191919191919192,-0.011516023365905006,-0.0025378219837395052
2026-09-27T12:00:00+00:00,6,year_2019,vol_high,2019-01-01T00:00:00+00:00,2020-01-01T00:00:00+00:00,2019-02-09T00:00:00+00:00,2019-12-19T00:00:00+00:00,25,25,catboost,0.24104365445319753,0.16609097773702175,0.3333333333333333,0.6153846153846154,0.3333333333333333,0.5555555555555556,0.4375,0.04218803296283202,0.68,,
2026-09-27T12:00:00+00:00,6,year_2019,vol_high,2019-01-01T00:00:00+00:00,2020-01-01T00:00:00+00:00,2019-02-09T00:00:00+00:00,2019-12-19T00:00:00+00:00,25,25,catboost_calibrated,0.26027902001054115,0.09954475431046839,0.3333333333333333,0.6153846153846154,0.3333333333333333,0.5555555555555556,0.4375,0.023144284501791068,0.64,,
2026-09-27T12:00:00+00:00,6,year_2019,vol_high,2019-01-01T00:00:00+00:00,2020-01-01T00:00:00+00:00,2019-02-09T00:00:00+00:00,2019-12-19T00:00:00+00:00,25,25,climatology,0.2890527000164569,0.0,0.3333333333333333,0.7692307692307693,0.5833333333333334,0.4444444444444444,0.5,0.0041654826964775404,0.68,,
2026-09-27T12:00:00+00:00,6,year_2019,vol_high,2019-01-01T00:00:00+00:00,2020-01-01T00:00:00+00:00,2019-02-09T00:00:00+00:00,2019-12-19T00:00:00+00:00,25,25,logistic,0.24015874454104325,0.16915239149341943,0.3703703703703704,0.5384615384615384,0.25,0.4444444444444444,0.3125,0.0041654826964775404,0.68,,
2026-09-27T12:00:00+00:00,6,year_2019,vol_high,2019-01-01T00:00:00+00:00,2020-01-01T00:00:00+00:00,2019-02-09T00:00:00+00:00,2019-12-19T00:00:00+00:00,25,25,selected,0.234793020740094,0.18771552479279274,0.3703703703703704,0.6153846153846154,0.25,0.4444444444444444,0.1875,0.016982054226685972,0.68,,
2026-09-27T12:00:00+00:00,6,year_2019,vol_normal,2019-01-01T00:00:00+00:00,2020-01-01T00:00:00+00:00,2019-01-26T00:00:00+00:00,2019-12-31T00:00:00+00:00,225,225,catboost,0.14658063191373938,0.03568857933348868,0.3333333333333333,0.06060606060606061,0.036458333333333336,0.04081632653061224,0.03409090909090909,0.006965975922893053,0.8355555555555556,,
2026-09-27T12:00:00+00:00,6,year_2019,vol_normal,2019-01-01T00:00:00+00:00,2020-01-01T00:00:00+00:00,2019-01-26T00:00:00+00:00,2019-12-31T00:00:00+00:00,225,225,catboost_calibrated,0.14810707570288523,0.025646548816489423,0.3333333333333333,0.030303030303030304,0.041666666666666664,0.04081632653061224,0.028409090909090908,0.004175078219832873,0.9155555555555556,,
2026-09-27T12:00:00+00:00,6,year_2019,vol_normal,2019-01-01T00:00:00+00:00,2020-01-01T00:00:00+00:00,2019-01-26T00:00:00+00:00,2019-12-31T00:00:00+00:00,225,225,climatology,0.15200549197314908,0.0,0.3333333333333333,0.5151515151515151,0.5520833333333334,0.7959183673469388,0.7443181818181818,-0.005133872344318835,0.9244444444444444,,
2026-09-27T12:00:00+00:00,6,year_2019,vol_normal,2019-01-01T00:00:00+00:00,2020-01-01T00:00:00+00:00,2019-01-26T00:00:00+00:00,2019-12-31T00:00:00+00:00,225,225,logistic,0.14597653790518633,0.039662738429396605,0.3333333333333333,0.030303030303030304,0.005208333333333333,0.02040816326530612,0.03409090909090909,-0.005133872344318835,0.9244444444444444,,
2026-09-27T12:00:00+00:00,6,year_2019,vol_normal,2019-01-01T00:00:00+00:00,2020-01-01T00:00:00+00:00,2019-01-26T00:00:00+00:00,2019-12-31T00:00:00+00:00,225,225,selected,0.14680894692226104,0.03418656117902619,0.3333333333333333,0.06060606060606061,0.020833333333333332,0.02040816326530612,0.017045454545454544,0.0029726614379695926,0.9155555555555556,-0.009656190647493663,-0.0010514780722810778
2026-09-27T12:00:00+00:00,6,year_2020,all,2020-01-01T00:00:00+00:00,2021-01-01T00:00:00+00:00,2020-01-01T00:00:00+00:00,2020-11-30T00:00:00+00:00,244,244,catboost,0.17424641517767614,0.03429126870712784,0.3333333333333333,0.29310344827586204,0.10752688172043011,0.2807017543859649,0.13368983957219252,0.03972002736913827,0.8032786885245902,,
2026-09-27T12:00:00+00:00,6,year_2020,all,2020-01-01T00:00:00+00:00,2021-01-01T00:00:00+00:00,2020-01-01T00:00:00+00:00,2020-11-30T00:00:00+00:00,244,244,catboost_calibrated,0.17557157305295049,0.02694697683639391,0.3333333333333333,0.29310344827586204,0.11290322580645161,0.2807017543859649,0.11764705882352941,0.020873458447962068,0.8155737704918032,,
2026-09-27T12:00:00+00:00,6,year_2020,all,2020-01-01T00:00:00+00:00,2021-01-01T00:00:00+00:00,2020-01-01T00:00:00+00:00,2020-11-30T00:00:00+00:00,244,244,climatology,0.18043371622455812,0.0,0.3333333333333333,0.5172413793103449,0.4946236559139785,0.2631578947368421,0.13903743315508021,-0.00047376723134018306,0.8155737704918032,,
2026-09-27T12:00:00+00:00,6,year_2020,all,2020-01-01T00:00:00+00:00,2021-01-01T00:00:00+00:00,2020-01-01T00:00:00+00:00,2020-11-30T00:00:00+00:00,244,244,logistic,0.17586791357260545,0.025304597984726507,0.3522927689594357,0.22413793103448276,0.06989247311827956,0.17543859649122806,0.058823529411764705,-0.00047376723134018306,0.8155737704918032,,
2026-09-27T12:00:00+00:00,6,year_2020,all,2020-01-01T00:00:00+00:00,2021-01-01T00:00:00+00:00,2020-01-01T00:00:00+00:00,2020-11-30T00:00:00+00:00,244,244,selected,0.17374005076857735,0.03709764225911183,0.3333333333333333,0.25862068965517243,0.08602150537634409,0.22807017543859648,0.12299465240641712,0.034377669002143896,0.8278688524590164,-0.015223585157747596,0.001728372095666683
2026-09-27T12:00:00+00:00,6,year_2020,trend_up,2020-01-01T00:00:00+00:00,2021-01-01T00:00:00+00:00,2020-01-04T00:00:00+00:00,2020-11-30T00:00:00+00:00,43,43,catboost,0.22363554318820772,0.03813976826483645,0.3333333333333333,0.5555555555555556,0.3235294117647059,0.55,0.21739130434782608,0.061050771122179825,0.8837209302325582,,
2026-09-27T12:00:00+00:00,6,year_2020,trend_up,2020-01-01T00:00:00+00:00,2021-01-01T00:00:00+00:00,2020-01-04T00:00:00+00:00,2020-11-30T00:00:00+00:00,43,43,catboost_calibrated,0.2246835512377366,0.03363226802131836,0.3333333333333333,0.5555555555555556,0.3235294117647059,0.5,0.21739130434782608,0.03170635666592192,0.9069767441860465,,
2026-09-27T12:00:00+00:00,6,year_2020,trend_up,2020-01-01T00:00:00+00:00,2021-01-01T00:00:00+00:00,2020-01-04T00:00:00+00:00,2020-11-30T00:00:00+00:00,43,43,climatology,0.23250315982476655,0.0,0.3333333333333333,0.5555555555555556,0.47058823529411764,0.25,0.2608695652173913,0.0019816732395184777,0.813953488372093,,
2026-09-27T12:00:00+00:00,6,year_2020,trend_up,2020-01-01T00:00:00+00:00,2021-01-01T00:00:00+00:00,2020-01-04T00:00:00+00:00,2020-11-30T00:00:00+00:00,43,43,logistic,0.23111381328857242,0.005975602814349945,0.3235294117647059,0.4444444444444444,0.23529411764705882,0.2,0.043478260869565216,0.0019816732395184777,0.813953488372093,,
2026-09-27T12:00:00+00:00,6,year_2020,trend_up,2020-01-01T00:00:00+00:00,2021-01-01T00:00:00+00:00,2020-01-04T00:00:00+00:00,2020-11-30T00:00:00+00:00,43,43,selected,0.2222937057149727,0.043911033800523525,0.3333333333333333,0.5555555555555556,0.23529411764705882,0.3,0.21739130434782608,0.049601204939331955,0.8837209302325582,,
2026-09-27T12:00:00+00:00,6,year_2020,trend_down,2020-01-01T00:00:00+00:00,2021-01-01T00:00:00+00:00,2020-01-20T00:00:00+00:00,2020-11-27T00:00:00+00:00,22,22,catboost,0.21500552656780497,0.03357425232327915,0.3333333333333333,0.5555555555555556,0.23076923076923078,0.2,0.4117647058823529,0.08994864496777144,0.7727272727272727,,
2026-09-27T12:00:00+00:00,6,year_2020,trend_down,2020-01-01T00:00:00+00:00,2021-01-01T00:00:00+00:00,2020-01-20T00:00:00+00:00,2020-11-27T00:00:00+00:00,22,22,catboost_calibrated,0.2137789461269769,0.0390875939500539,0.3333333333333333,0.5555555555555556,0.23076923076923078,0.2,0.4117647058823529,0.0452169797022377,0.6818181818181818,,
2026-09-27T12:00:00+00:00,6,year_2020,trend_down,2020-01-01T00:00:00+00:00,2021-01-01T00:00:00+00:00,2020-01-20T00:00:00+00:00,2020-11-27T00:00:00+00:00,22,22,climatology,0.22247495690659774,0.0,0.3333333333333333,0.6666666666666666,0.46153846153846156,0.2,0.11764705882352941,-0.001099858559600042,0.6818181818181818,,
2026-09-27T12:00:00+00:00,6,year_2020,trend_down,2020-01-01T00:00:00+00:00,2021-01-01T00:00:00+00:00,2020-01-20T00:00:00+00:00,2020-11-27T00:00:00+00:00,22,22,logistic,0.22374956542060787,-0.0057292224335399045,0.39999999999999997,0.2222222222222222,0.23076923076923078,0.4,0.29411764705882354,-0.001099858559600042,0.6818181818181818,,
2026-09-27T12:00:00+00:00,6,year_2020,trend_down,2020-01-01T00:00:00+00:00,2021-01-01T00:00:00+00:00,2020-01-20T00:00:00+00:00,2020-11-27T00:00:00+00:00,22,22,selected,0.20825720064623096,0.0639072211005568,0.3333333333333333,0.5555555555555556,0.23076923076923078,0.4,0.29411764705882354,0.09303714868363333,0.7727272727272727,,
2026-09-27T12:00:00+00:00,6,year_2020,trend_range,2020-01-01T00:00:00+00:00,2021-01-01T00:00:00+00:00,2020-01-01T00:00:00+00:00,2020-11-29T00:00:00+00:00,179,179,catboost,0.1573724880545717,0.03309106252448446,0.3333333333333333,0.175,0.04316546762589928,0.125,0.08843537414965986,0.02606561480049141,0.7877094972067039,,
2026-09-27T12:00:00+00:00,6,year_2020,trend_range,2020-01-01T00:00:00+00:00,2021-01-01T00:00:00+00:00,2020-01-01T00:00:00+00:00,2020-11-29T00:00:00+00:00,179,179,catboost_calibrated,0.1590778452899651,0.022613213614078864,0.3333333333333333,0.175,0.050359712230215826,0.15625,0.06802721088435375,0.014156482194731534,0.8100558659217877,,
2026-09-27T12:00:00+00:00,6,year_2020,trend_range,2020-01-01T00:00:00+00:00,2021-01-01T00:00:00+00:00,2020-01-01T00:00:00+00:00,2020-11-29T00:00:00+00:00,179,179,climatology,0.16275833427029085,0.0,0.3333333333333333,0.475,0.5035971223021583,0.28125,0.12244897959183673,-0.0008496639963657682,0.8324022346368715,,
2026-09-27T12:00:00+00:00,6,year_2020,trend_range,2020-01-01T00:00:00+00:00,2021-01-01T00:00:00+00:00,2020-01-01T00:00:00+00:00,2020-11-29T00:00:00+00:00,179,179,logistic,0.15671165643046786,0.03715126397018376,0.3461152882205514,0.175,0.014388489208633094,0.125,0.034013605442176874,-0.0008496639963657682,0.8324022346368715,,
2026-09-27T12:00:00+00:00,6,year_2020,trend_range,2020-01-01T00:00:00+00:00,2021-01-01T00:00:00+00:00,2020-01-01T00:00:00+00:00,2020-11-29T00:00:00+00:00,179,179,selected,0.1578339923328043,0.030255543960709064,0.3333333333333333,0.125,0.03597122302158273,0.15625,0.08843537414965986,0.02037540105591462,0.8212290502793296,-0.013171340621338845,0.0026965942869675193
2026-09-27T12:00:00+00:00,6,year_2020,vol_high,2020-01-01T00:00:00+00:00,2021-01-01T00:00:00+00:00,2020-01-04T00:00:00+00:00,2020-11-27T00:00:00+00:00,22,22,catboost,0.2417699250953661,0.17223218837834164,0.3333333333333333,0.7,0.6666666666666666,0.9,0.5,0.05451393842622332,0.6363636363636364,,
2026-09-27T12:00:00+00:00,6,year_2020,vol_high,2020-01-01T00:00:00+00:00,2021-01-01T00:00:00+00:00,2020-01-04T00:00:00+00:00,2020-11-27T00:00:00+00:00,22,22,catboost_calibrated,0.26014626330548646,0.10931559004705338,0.3333333333333333,0.7,0.6666666666666666,0.9,0.5,0.029157025561328265,0.5909090909090909,,
2026-09-27T12:00:00+00:00,6,year_2020,vol_high,2020-01-01T00:00:00+00:00,2021-01-01T00:00:00+00:00,2020-01-04T00:00:00+00:00,2020-11-27T00:00:00+00:00,22,22,climatology,0.29207456692683054,0.0,0.3333333333333333,0.5,0.25,0.3,0.3333333333333333,0.002221823133220391,0.5454545454545454,,
2026-09-27T12:00:00+00:00,6,year_2020,vol_high,2020-01-01T00:00:00+00:00,2021-01-01T00:00:00+00:00,2020-01-04T00:00:00+00:00,2020-11-27T00:00:00+00:00,22,22,logistic,0.27398432897312297,0.06193705307535202,0.37435897435897436,0.6,0.6666666666666666,0.6,0.3333333333333333,0.002221823133220391,0.5454545454545454,,
2026-09-27T12:00:00+00:00,6,year_2020,vol_high,2020-01-01T00:00:00+00:00,2021-01-01T00:00:00+00:00,2020-01-04T00:00:00+00:00,2020-11-27T00:00:00+00:00,22,22,selected,0.23846927623951364,0.18353289453218946,0.3333333333333333,0.6,0.5833333333333334,0.7,0.3333333333333333,0.06031247789003846,0.6363636363636364,,
2026-09-27T12:00:00+00:00,6,year_2020,vol_normal,2020-01-01T00:00:00+00:00,2021-01-01T00:00:00+00:00,2020-01-01T00:00:00+00:00,2020-11-30T00:00:00+00:00,222,222,catboost,0.16755489617682398,0.010718014322517733,0.3333333333333333,0.20833333333333334,0.06896551724137931,0.14893617021276595,0.10857142857142857,0.03720065693715813,0.8198198198198198,,
2026-09-27T12:00:00+00:00,6,year_2020,vol_normal,2020-01-01T00:00:00+00:00,2021-01-01T00:00:00+00:00,2020-01-01T00:00:00+00:00,2020-11-30T00:00:00+00:00,222,222,catboost_calibrated,0.16719029744233882,0.01287068767469679,0.3333333333333333,0.20833333333333334,0.07471264367816093,0.14893617021276595,0.09142857142857143,0.019462785234082958,0.8378378378378378,,
2026-09-27T12:00:00+00:00,6,year_2020,vol_normal,2020-01-01T00:00:00+00:00,2021-01-01T00:00:00+00:00,2020-01-01T00:00:00+00:00,2020-11-30T00:00:00+00:00,222,222,climatology,0.1693702084973059,0.0,0.3333333333333333,0.5208333333333334,0.5114942528735632,0.2553191489361702,0.12571428571428572,-0.0009328203265630552,0.8423423423423423,,
2026-09-27T12:00:00+00:00,6,year_2020,vol_normal,2020-01-01T00:00:00+00:00,2021-01-01T00:00:00+00:00,2020-01-01T00:00:00+00:00,2020-11-30T00:00:00+00:00,222,222,logistic,0.1661446651995812,0.019044336818986762,0.344038208168643,0.14583333333333334,0.028735632183908046,0.0851063829787234,0.04,-0.0009328203265630552,0.8423423423423423,,
2026-09-27T12:00:00+00:00,6,year_2020,vol_normal,2020-01-01T00:00:00+00:00,2021-01-01T00:00:00+00:00,2020-01-01T00:00:00+00:00,2020-11-30T00:00:00+00:00,222,222,selected,0.16732544283902512,0.012072758700732877,0.3333333333333333,0.1875,0.05172413793103448,0.1276595744680851,0.10857142857142857,0.02996102823560831,0.8468468468468469,-0.008316046112878102,0.004753332956265183
2026-09-27T12:00:00+00:00,6,year_2021,all,2021-01-01T00:00:00+00:00,2022-01-01T00:00:00+00:00,2021-01-01T00:00:00+00:00,2021-12-31T00:00:00+00:00,365,365,catboost,0.18652373616398338,0.059854155841456924,0.3333333333333333,0.21052631578947367,0.037037037037037035,0.10679611650485436,0.030534351145038167,0.007790031520941709,0.7534246575342466,,
2026-09-27T12:00:00+00:00,6,year_2021,all,2021-01-01T00:00:00+00:00,2022-01-01T00:00:00+00:00,2021-01-01T00:00:00+00:00,2021-12-31T00:00:00+00:00,365,365,catboost_calibrated,0.19110745227036757,0.03675059949605397,0.3333333333333333,0.24210526315789474,0.040740740740740744,0.11650485436893204,0.030534351145038167,0.004280264370381537,0.7315068493150685,,
2026-09-27T12:00:00+00:00,6,year_2021,all,2021-01-01T00:00:00+00:00,2022-01-01T00:00:00+00:00,2021-01-01T00:00:00+00:00,2021-12-31T00:00:00+00:00,365,365,climatology,0.19839872432869962,0.0,0.3333333333333333,1.0,1.0,0.912621359223301,0.9198473282442748,-0.0015844911674711692,0.7287671232876712,,
2026-09-27T12:00:00+00:00,6,year_2021,all,2021-01-01T00:00:00+00:00,2022-01-01T00:00:00+00:00,2021-01-01T00:00:00+00:00,2021-12-31T00:00:00+00:00,365,365,logistic,0.1857106004762047,0.06395264836216241,0.3504628617246155,0.10526315789473684,0.014814814814814815,0.11650485436893204,0.026717557251908396,-0.0015844911674711692,0.7287671232876712,,
2026-09-27T12:00:00+00:00,6,year_2021,all,2021-01-01T00:00:00+00:00,2022-01-01T00:00:00+00:00,2021-01-01T00:00:00+00:00,2021-12-31T00:00:00+00:00,365,365,selected,0.18773986391390537,0.0537244402697622,0.3398692810457516,0.14736842105263157,0.022222222222222223,0.10679611650485436,0.03816793893129771,0.00046556342768933057,0.7424657534246575,-0.017804895984527468,-0.0041396077723562475
2026-09-27T12:00:00+00:00,6,year_2021,trend_up,2021-01-01T00:00:00+00:00,2022-01-01T00:00:00+00:00,2021-01-03T00:00:00+00:00,2021-12-12T00:00:00+00:00,56,56,catboost,0.17763573296886,0.10132663492218008,0.3333333333333333,0.25,0.06818181818181818,0.3888888888888889,0.10526315789473684,-0.004596982498522584,0.8928571428571429,,
2026-09-27T12:00:00+00:00,6,year_2021,trend_up,2021-01-01T00:00:00+00:00,2022-01-01T00:00:00+00:00,2021-01-03T00:00:00+00:00,2021-12-12T00:00:00+00:00,56,56,catboost_calibrated,0.18514305608681525,0.06334648748009952,0.3333333333333333,0.3333333333333333,0.06818181818181818,0.3888888888888889,0.10526315789473684,0.0006451220075672781,0.8571428571428571,,
2026-09-27T12:00:00+00:00,6,year_2021,trend_up,2021-01-01T00:00:00+00:00,2022-01-01T00:00:00+00:00,2021-01-03T00:00:00+00:00,2021-12-12T00:00:00+00:00,56,56,climatology,0.19766440162992677,0.0,0.3333333333333333,1.0,1.0,0.8888888888888888,0.8947368421052632,-0.0066892162963876345,0.8571428571428571,,
2026-09-27T12:00:00+00:00,6,year_2021,trend_up,2021-01-01T00:00:00+00:00,2022-01-01T00:00:00+00:00,2021-01-03T00:00:00+00:00,2021-12-12T00:00:00+00:00,56,56,logistic,0.16490663810713196,0.16572414280303682,0.3863945578231292,0.25,0.022727272727272728,0.2777777777777778,0.05263157894736842,-0.0066892162963876345,0.8571428571428571,,
2026-09-27T12:00:00+00:00,6,year_2021,trend_up,2021-01-01T00:00:00+00:00,2022-01-01T00:00:00+00:00,2021-01-03T00:00:00+00:00,2021-12-12T00:00:00+00:00,56,56,selected,0.17791026355826484,0.09993776273709731,0.3333333333333333,0.16666666666666666,0.022727272727272728,0.2777777777777778,0.10526315789473684,-0.006564716470826237,0.8928571428571429,,
2026-09-27T12:00:00+00:00,6,year_2021,trend_down,2021-01-01T00:00:00+00:00,2022-01-01T00:00:00+00:00,2021-01-12T00:00:00+00:00,2021-12-30T00:00:00+00:00,45,45,catboost,0.23114248769117696,0.1669910062757064,0.3333333333333333,0.64,0.25,0.13333333333333333,0.06666666666666667,0.03246636061034569,0.6888888888888889,,
2026-09-27T12:00:00+00:00,6,year_2021,trend_down,2021-01-01T00:00:00+00:00,2022-01-01T00:00:00+00:00,2021-01-12T00:00:00+00:00,2021-12-30T00:00:00+00:00,45,45,catboost_calibrated,0.25070958700834756,0.09647359567278424,0.3333333333333333,0.68,0.3,0.13333333333333333,0.06666666666666667,0.02121590979639476,0.6222222222222222,,
2026-09-27T12:00:00+00:00,6,year_2021,trend_down,2021-01-01T00:00:00+00:00,2022-01-01T00:00:00+00:00,2021-01-12T00:00:00+00:00,2021-12-30T00:00:00+00:00,45,45,climatology,0.27747898213891276,0.0,0.3333333333333333,1.0,1.0,0.8666666666666667,0.9,0.009012480041509341,0.6,,
2026-09-27T12:00:00+00:00,6,year_2021,trend_down,2021-01-01T00:00:00+00:00,2022-01-01T00:00:00+00:00,2021-01-12T00:00:00+00:00,2021-12-30T00:00:00+00:00,45,45,logistic,0.2527019763343016,0.089293270479878,0.3888888888888889,0.24,0.0,0.06666666666666667,0.06666666666666667,0.009012480041509341,0.6,,
2026-09-27T12:00:00+00:00,6,year_2021,trend_down,2021-01-01T00:00:00+00:00,2022-01-01T00:00:00+00:00,2021-01-12T00:00:00+00:00,2021-12-30T00:00:00+00:00,45,45,selected,0.24480824185646236,0.11774131514614905,0.3611111111111111,0.4,0.2,0.06666666666666667,0.06666666666666667,0.009067478586206157,0.6444444444444445,,
2026-09-27T12:00:00+00:00,6,year_2021,trend_range,2021-01-01T00:00:00+00:00,2022-01-01T00:00:00+00:00,2021-01-01T00:00:00+00:00,2021-12-31T00:00:00+00:00,264,264,catboost,0.18080360116475308,0.02307875988234187,0.3333333333333333,0.017241379310344827,0.009708737864077669,0.02857142857142857,0.010309278350515464,0.003706895537751831,0.7348484848484849,,
2026-09-27T12:00:00+00:00,6,year_2021,trend_range,2021-01-01T00:00:00+00:00,2022-01-01T00:00:00+00:00,2021-01-01T00:00:00+00:00,2021-12-31T00:00:00+00:00,264,264,catboost_calibrated,0.18221317243351087,0.015462539281435372,0.3333333333333333,0.034482758620689655,0.009708737864077669,0.04285714285714286,0.010309278350515464,0.0007041364034159336,0.7234848484848485,,
2026-09-27T12:00:00+00:00,6,year_2021,trend_range,2021-01-01T00:00:00+00:00,2022-01-01T00:00:00+00:00,2021-01-01T00:00:00+00:00,2021-12-31T00:00:00+00:00,264,264,climatology,0.1850749003501833,0.0,0.3333333333333333,1.0,1.0,0.9285714285714286,0.9278350515463918,-0.0033720956032730065,0.7234848484848485,,
2026-09-27T12:00:00+00:00,6,year_2021,trend_range,2021-01-01T00:00:00+00:00,2022-01-01T00:00:00+00:00,2021-01-01T00:00:00+00:00,2021-12-31T00:00:00+00:00,264,264,logistic,0.17870457766959,0.034420241040464816,0.3333333333333333,0.017241379310344827,0.014563106796116505,0.08571428571428572,0.015463917525773196,-0.0033720956032730065,0.7234848484848485,,
2026-09-27T12:00:00+00:00,6,year_2021,trend_range,2021-01-01T00:00:00+00:00,2022-01-01T00:00:00+00:00,2021-01-01T00:00:00+00:00,2021-12-31T00:00:00+00:00,264,264,selected,0.1800973662339842,0.026894701046879077,0.3333333333333333,0.034482758620689655,0.0048543689320388345,0.07142857142857142,0.020618556701030927,-0.0005264662660218189,0.7272727272727273,-0.010623521257342368,0.0010296420784777728
2026-09-27T12:00:00+00:00,6,year_2021,vol_high,2021-01-01T00:00:00+00:00,2022-01-01T00:00:00+00:00,2021-01-04T00:00:00+00:00,2021-12-16T00:00:00+00:00,31,31,catboost,0.2435131741078712,0.2077684023325641,0.3333333333333333,0.5555555555555556,0.23076923076923078,0.46153846153846156,0.1111111111111111,0.016429983596449094,0.6129032258064516,,
2026-09-27T12:00:00+00:00,6,year_2021,vol_high,2021-01-01T00:00:00+00:00,2022-01-01T00:00:00+00:00,2021-01-04T00:00:00+00:00,2021-12-16T00:00:00+00:00,31,31,catboost_calibrated,0.2706836740486413,0.11937347808931154,0.3333333333333333,0.6111111111111112,0.3076923076923077,0.46153846153846156,0.1111111111111111,0.014602859828930947,0.5161290322580645,,
2026-09-27T12:00:00+00:00,6,year_2021,vol_high,2021-01-01T00:00:00+00:00,2022-01-01T00:00:00+00:00,2021-01-04T00:00:00+00:00,2021-12-16T00:00:00+00:00,31,31,climatology,0.3073762455636029,0.0,0.3333333333333333,1.0,1.0,0.9230769230769231,0.9444444444444444,0.0058886127764608,0.4838709677419355,,
2026-09-27T12:00:00+00:00,6,year_2021,vol_high,2021-01-01T00:00:00+00:00,2022-01-01T00:00:00+00:00,2021-01-04T00:00:00+00:00,2021-12-16T00:00:00+00:00,31,31,logistic,0.2252002085573803,0.2673467393537363,0.3941176470588235,0.4444444444444444,0.07692307692307693,0.46153846153846156,0.2222222222222222,0.0058886127764608,0.4838709677419355,,
2026-09-27T12:00:00+00:00,6,year_2021,vol_high,2021-01-01T00:00:00+00:00,2022-01-01T00:00:00+00:00,2021-01-04T00:00:00+00:00,2021-12-16T00:00:00+00:00,31,31,selected,0.2526003650319589,0.17820466390044987,0.3666666666666667,0.4444444444444444,0.07692307692307693,0.46153846153846156,0.2777777777777778,-0.0007639648591284409,0.5483870967741935,,
2026-09-27T12:00:00+00:00,6,year_2021,vol_normal,2021-01-01T00:00:00+00:00,2022-01-01T00:00:00+00:00,2021-01-01T00:00:00+00:00,2021-12-31T00:00:00+00:00,334,334,catboost,0.18123429731290397,0.03744208347874223,0.3333333333333333,0.12987012987012986,0.027237354085603113,0.05555555555555555,0.02459016393442623,0.006388180632118989,0.7664670658682635,,
2026-09-27T12:00:00+00:00,6,year_2021,vol_normal,2021-01-01T00:00:00+00:00,2022-01-01T00:00:00+00:00,2021-01-01T00:00:00+00:00,2021-12-31T00:00:00+00:00,334,334,catboost_calibrated,0.1837216352789709,0.02423152186982136,0.3333333333333333,0.15584415584415584,0.027237354085603113,0.06666666666666667,0.02459016393442623,0.0026054009577071158,0.7514970059880239,,
2026-09-27T12:00:00+00:00,6,year_2021,vol_normal,2021-01-01T00:00:00+00:00,2022-01-01T00:00:00+00:00,2021-01-01T00:00:00+00:00,2021-12-31T00:00:00+00:00,334,334,climatology,0.18828404421408285,0.0,0.3333333333333333,1.0,1.0,0.9111111111111111,0.9180327868852459,-0.002797018426246467,0.7514970059880239,,
2026-09-27T12:00:00+00:00,6,year_2021,vol_normal,2021-01-01T00:00:00+00:00,2022-01-01T00:00:00+00:00,2021-01-01T00:00:00+00:00,2021-12-31T00:00:00+00:00,334,334,logistic,0.1820453973309459,0.03313423030176399,0.3333333333333333,0.025974025974025976,0.011673151750972763,0.06666666666666667,0.012295081967213115,-0.002797018426246467,0.7514970059880239,,
2026-09-27T12:00:00+00:00,6,year_2021,vol_normal,2021-01-01T00:00:00+00:00,2022-01-01T00:00:00+00:00,2021-01-01T00:00:00+00:00,2021-12-31T00:00:00+00:00,334,334,selected,0.18171987728318786,0.034863107802333926,0.3333333333333333,0.07792207792207792,0.019455252918287938,0.05555555555555555,0.020491803278688523,0.0006650570483305307,0.7604790419161677,-0.011784518482690716,-0.0017719430872944163
2026-09-27T12:00:00+00:00,6,year_2022,all,2022-01-01T00:00:00+00:00,2023-01-01T00:00:00+00:00,2022-01-01T00:00:00+00:00,2022-12-31T00:00:00+00:00,365,365,catboost,0.15700598140246366,0.08777843066012703,0.3333333333333333,0.17333333333333334,0.06896551724137931,0.27848101265822783,0.04195804195804196,-0.004131846128628158,0.8547945205479452,,
2026-09-27T12:00:00+00:00,6,year_2022,all,2022-01-01T00:00:00+00:00,2023-01-01T00:00:00+00:00,2022-01-01T00:00:00+00:00,2022-12-31T00:00:00+00:00,365,365,catboost_calibrated,0.16278460256170563,0.05420402275911962,0.3333333333333333,0.17333333333333334,0.06896551724137931,0.2911392405063291,0.05244755244755245,-0.002487436306564783,0.8575342465753425,,
2026-09-27T12:00:00+00:00,6,year_2022,all,2022-01-01T00:00:00+00:00,2023-01-01T00:00:00+00:00,2022-01-01T00:00:00+00:00,2022-12-31T00:00:00+00:00,365,365,climatology,0.1721138664985533,0.0,0.3333333333333333,0.3466666666666667,0.33448275862068966,0.8607594936708861,0.8251748251748252,-0.005554029396246163,0.8410958904109589,,
2026-09-27T12:00:00+00:00,6,year_2022,all,2022-01-01T00:00:00+00:00,2023-01-01T00:00:00+00:00,2022-01-01T00:00:00+00:00,2022-12-31T00:00:00+00:00,365,365,logistic,0.15220620388141076,0.11566565217631586,0.363417004460244,0.13333333333333333,0.041379310344827586,0.25316455696202533,0.04195804195804196,-0.005554029396246163,0.8410958904109589,,
2026-09-27T12:00:00+00:00,6,year_2022,all,2022-01-01T00:00:00+00:00,2023-01-01T00:00:00+00:00,2022-01-01T00:00:00+00:00,2022-12-31T00:00:00+00:00,365,365,selected,0.15467406915430673,0.10132709060018208,0.363417004460244,0.13333333333333333,0.04482758620689655,0.26582278481012656,0.045454545454545456,-0.0036427898736746123,0.8465753424657534,-0.023763135211240283,-0.011231442707607021
2026-09-27T12:00:00+00:00,6,year_2022,trend_up,2022-01-01T00:00:00+00:00,2023-01-01T00:00:00+00:00,2022-01-12T00:00:00+00:00,2022-12-21T00:00:00+00:00,41,41,catboost,0.14491898793505112,0.12332341339402209,0.3333333333333333,0.125,0.06060606060606061,0.625,0.030303030303030304,0.002237178823210728,0.9512195121951219,,
2026-09-27T12:00:00+00:00,6,year_2022,trend_up,2022-01-01T00:00:00+00:00,2023-01-01T00:00:00+00:00,2022-01-12T00:00:00+00:00,2022-12-21T00:00:00+00:00,41,41,catboost_calibrated,0.15367540528577445,0.07035212106502853,0.3333333333333333,0.125,0.06060606060606061,0.625,0.030303030303030304,-0.004272059798747119,0.926829268292683,,
2026-09-27T12:00:00+00:00,6,year_2022,trend_up,2022-01-01T00:00:00+00:00,2023-01-01T00:00:00+00:00,2022-01-12T00:00:00+00:00,2022-12-21T00:00:00+00:00,41,41,climatology,0.1653049598325647,0.0,0.3333333333333333,0.375,0.3939393939393939,0.875,0.8787878787878788,-0.01619039929546795,0.9024390243902439,,
2026-09-27T12:00:00+00:00,6,year_2022,trend_up,2022-01-01T00:00:00+00:00,2023-01-01T00:00:00+00:00,2022-01-12T00:00:00+00:00,2022-12-21T00:00:00+00:00,41,41,logistic,0.13621260421712544,0.1759920310008033,0.3333333333333333,0.125,0.09090909090909091,0.5,0.0,-0.01619039929546795,0.9024390243902439,,
2026-09-27T12:00:00+00:00,6,year_2022,trend_up,2022-01-01T00:00:00+00:00,2023-01-01T00:00:00+00:00,2022-01-12T00:00:00+00:00,2022-12-21T00:00:00+00:00,41,41,selected,0.14114393707769207,0.14616030141712044,0.3333333333333333,0.125,0.09090909090909091,0.625,0.030303030303030304,-0.020233332191544662,0.926829268292683,,
2026-09-27T12:00:00+00:00,6,year_2022,trend_down,2022-01-01T00:00:00+00:00,2023-01-01T00:00:00+00:00,2022-01-06T00:00:00+00:00,2022-12-17T00:00:00+00:00,52,52,catboost,0.21770722734643716,0.13403504603625316,0.3333333333333333,0.4,0.3333333333333333,0.5625,0.25,-0.004339634102959566,0.8269230769230769,,
2026-09-27T12:00:00+00:00,6,year_2022,trend_down,2022-01-01T00:00:00+00:00,2023-01-01T00:00:00+00:00,2022-01-06T00:00:00+00:00,2022-12-17T00:00:00+00:00,52,52,catboost_calibrated,0.2284085162476472,0.09146897570574164,0.3333333333333333,0.4,0.3333333333333333,0.5625,0.2777777777777778,0.003136510986840424,0.8269230769230769,,
2026-09-27T12:00:00+00:00,6,year_2022,trend_down,2022-01-01T00:00:00+00:00,2023-01-01T00:00:00+00:00,2022-01-06T00:00:00+00:00,2022-12-17T00:00:00+00:00,52,52,climatology,0.2514042010013622,0.0,0.3333333333333333,0.28,0.2962962962962963,0.875,0.8611111111111112,0.00856956239762896,0.7115384615384616,,
2026-09-27T12:00:00+00:00,6,year_2022,trend_down,2022-01-01T00:00:00+00:00,2023-01-01T00:00:00+00:00,2022-01-06T00:00:00+00:00,2022-12-17T00:00:00+00:00,52,52,logistic,0.22205381566708826,0.1167458030429448,0.41111111111111115,0.32,0.14814814814814814,0.375,0.16666666666666666,0.00856956239762896,0.7115384615384616,,
2026-09-27T12:00:00+00:00,6,year_2022,trend_down,2022-01-01T00:00:00+00:00,2023-01-01T00:00:00+00:00,2022-01-06T00:00:00+00:00,2022-12-17T00:00:00+00:00,52,52,selected,0.22370642974376068,0.11017226898866117,0.41111111111111115,0.32,0.18518518518518517,0.375,0.16666666666666666,0.0057283992611145695,0.7307692307692307,,
2026-09-27T12:00:00+00:00,6,year_2022,trend_range,2022-01-01T00:00:00+00:00,2023-01-01T00:00:00+00:00,2022-01-01T00:00:00+00:00,2022-12-31T00:00:00+00:00,272,272,catboost,0.1472232679578949,0.0680995996031648,0.3333333333333333,0.047619047619047616,0.0391304347826087,0.14545454545454545,0.009216589861751152,-0.004929822566797748,0.8455882352941176,,
2026-09-27T12:00:00+00:00,6,year_2022,trend_range,2022-01-01T00:00:00+00:00,2023-01-01T00:00:00+00:00,2022-01-01T00:00:00+00:00,2022-12-31T00:00:00+00:00,272,272,catboost_calibrated,0.15161193188760352,0.04032003914352145,0.3333333333333333,0.047619047619047616,0.0391304347826087,0.16363636363636364,0.018433179723502304,-0.004086852950751174,0.8529411764705882,,
2026-09-27T12:00:00+00:00,6,year_2022,trend_range,2022-01-01T00:00:00+00:00,2023-01-01T00:00:00+00:00,2022-01-01T00:00:00+00:00,2022-12-31T00:00:00+00:00,272,272,climatology,0.1579817627454631,0.0,0.3333333333333333,0.38095238095238093,0.33043478260869563,0.8545454545454545,0.8110599078341014,-0.008733815773001918,0.8566176470588235,,
2026-09-27T12:00:00+00:00,6,year_2022,trend_range,2022-01-01T00:00:00+00:00,2023-01-01T00:00:00+00:00,2022-01-01T00:00:00+00:00,2022-12-31T00:00:00+00:00,272,272,logistic,0.14126378393060368,0.10582220709737922,0.3444444444444445,0.023809523809523808,0.021739130434782608,0.18181818181818182,0.027649769585253458,-0.008733815773001918,0.8566176470588235,,
2026-09-27T12:00:00+00:00,6,year_2022,trend_range,2022-01-01T00:00:00+00:00,2023-01-01T00:00:00+00:00,2022-01-01T00:00:00+00:00,2022-12-31T00:00:00+00:00,272,272,selected,0.1435161745384597,0.09156492468254118,0.3444444444444445,0.023809523809523808,0.021739130434782608,0.18181818181818182,0.027649769585253458,-0.004456335564754665,0.8566176470588235,-0.01975002515990337,-0.008877260884344432
2026-09-27T12:00:00+00:00,6,year_2022,vol_high,2022-01-01T00:00:00+00:00,2023-01-01T00:00:00+00:00,2022-01-08T00:00:00+00:00,2022-12-17T00:00:00+00:00,31,31,catboost,0.238072972779853,0.20144440495594096,0.3333333333333333,0.5714285714285714,0.7058823529411765,0.8823529411764706,0.35714285714285715,-0.032185004909161874,0.7096774193548387,,
2026-09-27T12:00:00+00:00,6,year_2022,vol_high,2022-01-01T00:00:00+00:00,2023-01-01T00:00:00+00:00,2022-01-08T00:00:00+00:00,2022-12-17T00:00:00+00:00,31,31,catboost_calibrated,0.25876747822129487,0.13202991865801705,0.3333333333333333,0.5714285714285714,0.7058823529411765,0.8823529411764706,0.35714285714285715,-0.01951011921095236,0.6774193548387096,,
2026-09-27T12:00:00+00:00,6,year_2022,vol_high,2022-01-01T00:00:00+00:00,2023-01-01T00:00:00+00:00,2022-01-08T00:00:00+00:00,2022-12-17T00:00:00+00:00,31,31,climatology,0.2981294906170155,0.0,0.3333333333333333,0.2857142857142857,0.35294117647058826,0.8823529411764706,0.7142857142857143,-0.0069435555513632785,0.5483870967741935,,
2026-09-27T12:00:00+00:00,6,year_2022,vol_high,2022-01-01T00:00:00+00:00,2023-01-01T00:00:00+00:00,2022-01-08T00:00:00+00:00,2022-12-17T00:00:00+00:00,31,31,logistic,0.23213848704300516,0.2213501369402734,0.4585858585858586,0.5714285714285714,0.5882352941176471,0.8235294117647058,0.2857142857142857,-0.0069435555513632785,0.5483870967741935,,
2026-09-27T12:00:00+00:00,6,year_2022,vol_high,2022-01-01T00:00:00+00:00,2023-01-01T00:00:00+00:00,2022-01-08T00:00:00+00:00,2022-12-17T00:00:00+00:00,31,31,selected,0.23167214930201485,0.22291434898794826,0.4585858585858586,0.5714285714285714,0.5882352941176471,0.8235294117647058,0.2857142857142857,-0.00711571858814275,0.5483870967741935,,
2026-09-27T12:00:00+00:00,6,year_2022,vol_normal,2022-01-01T00:00:00+00:00,2023-01-01T00:00:00+00:00,2022-01-01T00:00:00+00:00,2022-12-31T00:00:00+00:00,334,334,catboost,0.1494817995680353,0.06817202099219777,0.3333333333333333,0.08196721311475409,0.029304029304029304,0.11290322580645161,0.025735294117647058,0.0025740087860133265,0.8682634730538922,,
2026-09-27T12:00:00+00:00,6,year_2022,vol_normal,2022-01-01T00:00:00+00:00,2023-01-01T00:00:00+00:00,2022-01-01T00:00:00+00:00,2022-12-31T00:00:00+00:00,334,334,catboost_calibrated,0.1538760123058755,0.040779720480266124,0.3333333333333333,0.08196721311475409,0.029304029304029304,0.12903225806451613,0.03676470588235294,0.0015816827080818996,0.874251497005988,,
2026-09-27T12:00:00+00:00,6,year_2022,vol_normal,2022-01-01T00:00:00+00:00,2023-01-01T00:00:00+00:00,2022-01-01T00:00:00+00:00,2022-12-31T00:00:00+00:00,334,334,climatology,0.16041780557737867,0.0,0.3333333333333333,0.36065573770491804,0.3333333333333333,0.8548387096774194,0.8308823529411765,-0.005221875685171851,0.8682634730538922,,
2026-09-27T12:00:00+00:00,6,year_2022,vol_normal,2022-01-01T00:00:00+00:00,2023-01-01T00:00:00+00:00,2022-01-01T00:00:00+00:00,2022-12-31T00:00:00+00:00,334,334,logistic,0.14478733927659213,0.097435981277322,0.34375,0.03278688524590164,0.007326007326007326,0.0967741935483871,0.029411764705882353,-0.005221875685171851,0.8682634730538922,,
2026-09-27T12:00:00+00:00,6,year_2022,vol_normal,2022-01-01T00:00:00+00:00,2023-01-01T00:00:00+00:00,2022-01-01T00:00:00+00:00,2022-12-31T00:00:00+00:00,334,334,selected,0.14752754075736374,0.0803543270874455,0.34375,0.03278688524590164,0.01098901098901099,0.11290322580645161,0.03308823529411765,-0.0028126175472598103,0.874251497005988,-0.018072564917184362,-0.007530326707018582
2026-09-27T12:00:00+00:00,6,year_2023,all,2023-01-01T00:00:00+00:00,2024-01-01T00:00:00+00:00,2023-01-01T00:00:00+00:00,2023-12-31T00:00:00+00:00,335,335,catboost,0.11205324862122636,0.11921197346702328,0.3333333333333333,0.041666666666666664,0.010452961672473868,0.0,0.006734006734006734,0.0076775759327005755,0.8925373134328358,,
2026-09-27T12:00:00+00:00,6,year_2023,all,2023-01-01T00:00:00+00:00,2024-01-01T00:00:00+00:00,2023-01-01T00:00:00+00:00,2023-12-31T00:00:00+00:00,335,335,catboost_calibrated,0.11775305212583134,0.0744090003964526,0.3333333333333333,0.020833333333333332,0.006968641114982578,0.0,0.006734006734006734,0.005323298858186054,0.9432835820895522,,
2026-09-27T12:00:00+00:00,6,year_2023,all,2023-01-01T00:00:00+00:00,2024-01-01T00:00:00+00:00,2023-01-01T00:00:00+00:00,2023-12-31T00:00:00+00:00,335,335,climatology,0.12721931412067292,0.0,0.3333333333333333,0.0,0.0,0.0,0.0,3.715966975459395e-05,0.9611940298507463,,
2026-09-27T12:00:00+00:00,6,year_2023,all,2023-01-01T00:00:00+00:00,2024-01-01T00:00:00+00:00,2023-01-01T00:00:00+00:00,2023-12-31T00:00:00+00:00,335,335,logistic,0.11178895216452,0.12128946035282473,0.3333333333333333,0.041666666666666664,0.003484320557491289,0.0,0.006734006734006734,3.715966975459395e-05,0.9611940298507463,,
2026-09-27T12:00:00+00:00,6,year_2023,all,2023-01-01T00:00:00+00:00,2024-01-01T00:00:00+00:00,2023-01-01T00:00:00+00:00,2023-12-31T00:00:00+00:00,335,335,selected,0.11265420375045701,0.11448820071770138,0.3333333333333333,0.041666666666666664,0.010452961672473868,0.0,0.003367003367003367,0.0021144593139290624,0.9283582089552239,-0.019057911459257015,-0.009811414433547301
2026-09-27T12:00:00+00:00,6,year_2023,trend_up,2023-01-01T00:00:00+00:00,2024-01-01T00:00:00+00:00,2023-01-05T00:00:00+00:00,2023-12-28T00:00:00+00:00,47,47,catboost,0.15156500850077853,0.053241672823665875,0.3333333333333333,0.07142857142857142,0.030303030303030304,0.0,0.0,0.002119976138994728,0.8723404255319149,,
2026-09-27T12:00:00+00:00,6,year_2023,trend_up,2023-01-01T00:00:00+00:00,2024-01-01T00:00:00+00:00,2023-01-05T00:00:00+00:00,2023-12-28T00:00:00+00:00,47,47,catboost_calibrated,0.15475052423637442,0.03334319111697848,0.3333333333333333,0.0,0.030303030303030304,0.0,0.0,0.0018444883748434115,0.9361702127659575,,
2026-09-27T12:00:00+00:00,6,year_2023,trend_up,2023-01-01T00:00:00+00:00,2024-01-01T00:00:00+00:00,2023-01-05T00:00:00+00:00,2023-12-28T00:00:00+00:00,47,47,climatology,0.16008838174448872,0.0,0.3333333333333333,0.0,0.0,0.0,0.0,0.0005234680777818079,0.9361702127659575,,
2026-09-27T12:00:00+00:00,6,year_2023,trend_up,2023-01-01T00:00:00+00:00,2024-01-01T00:00:00+00:00,2023-01-05T00:00:00+00:00,2023-12-28T00:00:00+00:00,47,47,logistic,0.15384285079745014,0.03901301817771419,0.3333333333333333,0.07142857142857142,0.0,0.0,0.0,0.0005234680777818079,0.9361702127659575,,
2026-09-27T12:00:00+00:00,6,year_2023,trend_up,2023-01-01T00:00:00+00:00,2024-01-01T00:00:00+00:00,2023-01-05T00:00:00+00:00,2023-12-28T00:00:00+00:00,47,47,selected,0.15543986820253175,0.029037169913906036,0.3333333333333333,0.07142857142857142,0.030303030303030304,0.0,0.0,-0.007284431122492441,0.9148936170212766,,
2026-09-27T12:00:00+00:00,6,year_2023,trend_down,2023-01-01T00:00:00+00:00,2024-01-01T00:00:00+00:00,2023-01-19T00:00:00+00:00,2023-12-16T00:00:00+00:00,36,36,catboost,0.11420692869811827,0.049516057795979895,,0.16666666666666666,0.06666666666666667,0.0,0.058823529411764705,0.04869604301191188,0.9166666666666666,,
2026-09-27T12:00:00+00:00,6,year_2023,trend_down,2023-01-01T00:00:00+00:00,2024-01-01T00:00:00+00:00,2023-01-19T00:00:00+00:00,2023-12-16T00:00:00+00:00,36,36,catboost_calibrated,0.1157041226813245,0.037055703108012095,,0.16666666666666666,0.03333333333333333,0.0,0.058823529411764705,0.028304691749876265,0.9444444444444444,,
2026-09-27T12:00:00+00:00,6,year_2023,trend_down,2023-01-01T00:00:00+00:00,2024-01-01T00:00:00+00:00,2023-01-19T00:00:00+00:00,2023-12-16T00:00:00+00:00,36,36,climatology,0.12015661036133939,0.0,,0.0,0.0,0.0,0.0,0.0031849171322217984,0.9722222222222222,,
2026-09-27T12:00:00+00:00,6,year_2023,trend_down,2023-01-01T00:00:00+00:00,2024-01-01T00:00:00+00:00,2023-01-19T00:00:00+00:00,2023-12-16T00:00:00+00:00,36,36,logistic,0.11106852854835644,0.0756353045051198,,0.16666666666666666,0.03333333333333333,0.0,0.058823529411764705,0.0031849171322217984,0.9722222222222222,,
2026-09-27T12:00:00+00:00,6,year_2023,trend_down,2023-01-01T00:00:00+00:00,2024-01-01T00:00:00+00:00,2023-01-19T00:00:00+00:00,2023-12-16T00:00:00+00:00,36,36,selected,0.11302664520843322,0.05933893384196398,,0.16666666666666666,0.06666666666666667,0.0,0.029411764705882353,0.0320885633096456,0.9444444444444444,,
2026-09-27T12:00:00+00:00,6,year_2023,trend_range,2023-01-01T00:00:00+00:00,2024-01-01T00:00:00+00:00,2023-01-01T00:00:00+00:00,2023-12-31T00:00:00+00:00,252,252,catboost,0.10437632323588086,0.14514256394774228,0.3333333333333333,0.0,0.0,0.0,0.0,0.003873382802543013,0.8928571428571429,,
2026-09-27T12:00:00+00:00,6,year_2023,trend_range,2023-01-01T00:00:00+00:00,2024-01-01T00:00:00+00:00,2023-01-01T00:00:00+00:00,2023-12-31T00:00:00+00:00,252,252,catboost_calibrated,0.11114543415284214,0.08970255012631623,0.3333333333333333,0.0,0.0,0.0,0.0,0.0032870277884445853,0.9444444444444444,,
2026-09-27T12:00:00+00:00,6,year_2023,trend_range,2023-01-01T00:00:00+00:00,2024-01-01T00:00:00+00:00,2023-01-01T00:00:00+00:00,2023-12-31T00:00:00+00:00,252,252,climatology,0.12209792982312001,0.0,0.3333333333333333,0.0,0.0,0.0,0.0,-0.0004925697078712599,0.9642857142857143,,
2026-09-27T12:00:00+00:00,6,year_2023,trend_range,2023-01-01T00:00:00+00:00,2024-01-01T00:00:00+00:00,2023-01-01T00:00:00+00:00,2023-12-31T00:00:00+00:00,252,252,logistic,0.10404848396783023,0.14782761576250747,0.3333333333333333,0.0,0.0,0.0,0.0,-0.0004925697078712599,0.9642857142857143,,
2026-09-27T12:00:00+00:00,6,year_2023,trend_range,2023-01-01T00:00:00+00:00,2024-01-01T00:00:00+00:00,2023-01-01T00:00:00+00:00,2023-12-31T00:00:00+00:00,252,252,selected,0.10462113183881158,0.14313754549013724,0.3333333333333333,0.0,0.0,0.0,0.0,0.0007250947515187178,0.9285714285714286,-0.02210222079630801,-0.012812050284766731
2026-09-27T12:00:00+00:00,6,year_2023,vol_high,2023-01-01T00:00:00+00:00,2024-01-01T00:00:00+00:00,2023-01-12T00:00:00+00:00,2023-12-12T00:00:00+00:00,26,26,catboost,0.12031343990925879,0.008280389834080859,0.3333333333333333,0.5,0.13636363636363635,0.0,0.08333333333333333,0.008286393763651922,0.9615384615384616,,
2026-09-27T12:00:00+00:00,6,year_2023,vol_high,2023-01-01T00:00:00+00:00,2024-01-01T00:00:00+00:00,2023-01-12T00:00:00+00:00,2023-12-12T00:00:00+00:00,26,26,catboost_calibrated,0.12006698516007122,0.01031186701545117,0.3333333333333333,0.25,0.09090909090909091,0.0,0.08333333333333333,0.007319425422259163,0.9615384615384616,,
2026-09-27T12:00:00+00:00,6,year_2023,vol_high,2023-01-01T00:00:00+00:00,2024-01-01T00:00:00+00:00,2023-01-12T00:00:00+00:00,2023-12-12T00:00:00+00:00,26,26,climatology,0.12131800024518,0.0,0.3333333333333333,0.0,0.0,0.0,0.0,0.004315319269055817,0.9615384615384616,,
2026-09-27T12:00:00+00:00,6,year_2023,vol_high,2023-01-01T00:00:00+00:00,2024-01-01T00:00:00+00:00,2023-01-12T00:00:00+00:00,2023-12-12T00:00:00+00:00,26,26,logistic,0.1174435892516662,0.03193599454065943,0.3333333333333333,0.5,0.045454545454545456,0.0,0.08333333333333333,0.004315319269055817,0.9615384615384616,,
2026-09-27T12:00:00+00:00,6,year_2023,vol_high,2023-01-01T00:00:00+00:00,2024-01-01T00:00:00+00:00,2023-01-12T00:00:00+00:00,2023-12-12T00:00:00+00:00,26,26,selected,0.11973268544595576,0.013067432664735312,0.3333333333333333,0.5,0.13636363636363635,0.0,0.041666666666666664,0.005693635116814866,0.9615384615384616,,
2026-09-27T12:00:00+00:00,6,year_2023,vol_normal,2023-01-01T00:00:00+00:00,2024-01-01T00:00:00+00:00,2023-01-01T00:00:00+00:00,2023-12-31T00:00:00+00:00,309,309,catboost,0.11135821634456344,0.12807843789377948,0.3333333333333333,0.0,0.0,0.0,0.0,0.007632279157932409,0.8867313915857605,,
2026-09-27T12:00:00+00:00,6,year_2023,vol_normal,2023-01-01T00:00:00+00:00,2024-01-01T00:00:00+00:00,2023-01-01T00:00:00+00:00,2023-12-31T00:00:00+00:00,309,309,catboost_calibrated,0.11755835225887265,0.0795321126280436,0.3333333333333333,0.0,0.0,0.0,0.0,0.005174784654454978,0.941747572815534,,
2026-09-27T12:00:00+00:00,6,year_2023,vol_normal,2023-01-01T00:00:00+00:00,2024-01-01T00:00:00+00:00,2023-01-01T00:00:00+00:00,2023-12-31T00:00:00+00:00,309,309,climatology,0.1277158648027532,0.0,0.3333333333333333,0.0,0.0,0.0,0.0,-0.00028114052110495,0.9611650485436893,,
2026-09-27T12:00:00+00:00,6,year_2023,vol_normal,2023-01-01T00:00:00+00:00,2024-01-01T00:00:00+00:00,2023-01-01T00:00:00+00:00,2023-12-31T00:00:00+00:00,309,309,logistic,0.1113131574581582,0.12843124360413372,0.3333333333333333,0.0,0.0,0.0,0.0,-0.00028114052110495,0.9611650485436893,,
2026-09-27T12:00:00+00:00,6,year_2023,vol_normal,2023-01-01T00:00:00+00:00,2024-01-01T00:00:00+00:00,2023-01-01T00:00:00+00:00,2023-12-31T00:00:00+00:00,309,309,selected,0.11205860334889405,0.12259449112324872,0.3333333333333333,0.0,0.0,0.0,0.0,0.0018481643535059877,0.9255663430420712,-0.02052304051488699,-0.01080100693600764
2026-09-27T12:00:00+00:00,6,year_2024,all,2024-01-01T00:00:00+00:00,2025-01-01T00:00:00+00:00,2024-01-01T00:00:00+00:00,2024-12-31T00:00:00+00:00,366,366,catboost,0.16224553319103663,0.043908068968874114,0.3333333333333333,0.12345679012345678,0.031578947368421054,0.09090909090909091,0.03460207612456748,0.005768812876004503,0.7814207650273224,,
2026-09-27T12:00:00+00:00,6,year_2024,all,2024-01-01T00:00:00+00:00,2025-01-01T00:00:00+00:00,2024-01-01T00:00:00+00:00,2024-12-31T00:00:00+00:00,366,366,catboost_calibrated,0.16492272317909618,0.028131734822237298,0.3333333333333333,0.12345679012345678,0.028070175438596492,0.06493506493506493,0.02422145328719723,0.004456136153249468,0.7868852459016393,,
2026-09-27T12:00:00+00:00,6,year_2024,all,2024-01-01T00:00:00+00:00,2025-01-01T00:00:00+00:00,2024-01-01T00:00:00+00:00,2024-12-31T00:00:00+00:00,366,366,climatology,0.16969658243643798,0.0,0.3333333333333333,0.09876543209876543,0.18947368421052632,0.2987012987012987,0.3460207612456747,0.0009998271032173323,0.7814207650273224,,
2026-09-27T12:00:00+00:00,6,year_2024,all,2024-01-01T00:00:00+00:00,2025-01-01T00:00:00+00:00,2024-01-01T00:00:00+00:00,2024-12-31T00:00:00+00:00,366,366,logistic,0.16698428531013704,0.0159832159691069,0.34074074074074073,0.08641975308641975,0.03508771929824561,0.025974025974025976,0.02768166089965398,0.0009998271032173323,0.7814207650273224,,
2026-09-27T12:00:00+00:00,6,year_2024,all,2024-01-01T00:00:00+00:00,2025-01-01T00:00:00+00:00,2024-01-01T00:00:00+00:00,2024-12-31T00:00:00+00:00,366,366,selected,0.16344921975941218,0.03681489978954544,0.3333333333333333,0.13580246913580246,0.042105263157894736,0.06493506493506493,0.031141868512110725,0.009611644027668786,0.7786885245901639,-0.011154743225766955,-0.0008185072768857509
2026-09-27T12:00:00+00:00,6,year_2024,trend_up,2024-01-01T00:00:00+00:00,2025-01-01T00:00:00+00:00,2024-01-02T00:00:00+00:00,2024-12-24T00:00:00+00:00,48,48,catboost,0.18459812304091325,0.030643343511940646,0.3333333333333333,0.13333333333333333,0.12121212121212122,0.0,0.0,-0.010987369281824755,0.7708333333333334,,
2026-09-27T12:00:00+00:00,6,year_2024,trend_up,2024-01-01T00:00:00+00:00,2025-01-01T00:00:00+00:00,2024-01-02T00:00:00+00:00,2024-12-24T00:00:00+00:00,48,48,catboost_calibrated,0.1865920793561738,0.020172734195312736,0.3333333333333333,0.13333333333333333,0.12121212121212122,0.0,0.0,-0.005909785672064016,0.75,,
2026-09-27T12:00:00+00:00,6,year_2024,trend_up,2024-01-01T00:00:00+00:00,2025-01-01T00:00:00+00:00,2024-01-02T00:00:00+00:00,2024-12-24T00:00:00+00:00,48,48,climatology,0.19043364669275076,0.0,0.3333333333333333,0.06666666666666667,0.24242424242424243,0.2222222222222222,0.2564102564102564,-0.0008216674966230464,0.7291666666666666,,
2026-09-27T12:00:00+00:00,6,year_2024,trend_up,2024-01-01T00:00:00+00:00,2025-01-01T00:00:00+00:00,2024-01-02T00:00:00+00:00,2024-12-24T00:00:00+00:00,48,48,logistic,0.19896145318002212,-0.04478098610919479,0.3333333333333333,0.13333333333333333,0.15151515151515152,0.0,0.0,-0.0008216674966230464,0.7291666666666666,,
2026-09-27T12:00:00+00:00,6,year_2024,trend_up,2024-01-01T00:00:00+00:00,2025-01-01T00:00:00+00:00,2024-01-02T00:00:00+00:00,2024-12-24T00:00:00+00:00,48,48,selected,0.18731596460978805,0.016371487586922195,0.3333333333333333,0.13333333333333333,0.18181818181818182,0.0,0.0,0.006846107371924148,0.75,,
2026-09-27T12:00:00+00:00,6,year_2024,trend_down,2024-01-01T00:00:00+00:00,2025-01-01T00:00:00+00:00,2024-01-04T00:00:00+00:00,2024-12-27T00:00:00+00:00,45,45,catboost,0.23363618180120405,0.13206410987316797,0.3333333333333333,0.4666666666666667,0.16666666666666666,0.35,0.36,0.005882387962043989,0.7111111111111111,,
2026-09-27T12:00:00+00:00,6,year_2024,trend_down,2024-01-01T00:00:00+00:00,2025-01-01T00:00:00+00:00,2024-01-04T00:00:00+00:00,2024-12-27T00:00:00+00:00,45,45,catboost_calibrated,0.2483590592403382,0.0773700396446273,0.3333333333333333,0.4666666666666667,0.13333333333333333,0.25,0.28,0.0062290292695675875,0.7111111111111111,,
2026-09-27T12:00:00+00:00,6,year_2024,trend_down,2024-01-01T00:00:00+00:00,2025-01-01T00:00:00+00:00,2024-01-04T00:00:00+00:00,2024-12-27T00:00:00+00:00,45,45,climatology,0.2691859899549293,0.0,0.3333333333333333,0.06666666666666667,0.2,0.3,0.4,0.0006492541071476676,0.6222222222222222,,
2026-09-27T12:00:00+00:00,6,year_2024,trend_down,2024-01-01T00:00:00+00:00,2025-01-01T00:00:00+00:00,2024-01-04T00:00:00+00:00,2024-12-27T00:00:00+00:00,45,45,logistic,0.25140868287930723,0.06604098184529805,0.375,0.2,0.1,0.1,0.16,0.0006492541071476676,0.6222222222222222,,
2026-09-27T12:00:00+00:00,6,year_2024,trend_down,2024-01-01T00:00:00+00:00,2025-01-01T00:00:00+00:00,2024-01-04T00:00:00+00:00,2024-12-27T00:00:00+00:00,45,45,selected,0.24062243961459642,0.10611083565350254,0.3333333333333333,0.4666666666666667,0.16666666666666666,0.25,0.28,0.0037626434744316706,0.6666666666666666,,
2026-09-27T12:00:00+00:00,6,year_2024,trend_range,2024-01-01T00:00:00+00:00,2025-01-01T00:00:00+00:00,2024-01-01T00:00:00+00:00,2024-12-31T00:00:00+00:00,273,273,catboost,0.14654771817179993,0.020737789833543907,0.3333333333333333,0.0196078431372549,0.0,0.0,0.0044444444444444444,0.009154351131894334,0.7948717948717948,,
2026-09-27T12:00:00+00:00,6,year_2024,trend_range,2024-01-01T00:00:00+00:00,2025-01-01T00:00:00+00:00,2024-01-01T00:00:00+00:00,2024-12-31T00:00:00+00:00,273,273,catboost_calibrated,0.14735948428072396,0.015313400536460131,0.3333333333333333,0.0196078431372549,0.0,0.0,0.0,0.0059924912607633996,0.8058608058608059,,
2026-09-27T12:00:00+00:00,6,year_2024,trend_range,2024-01-01T00:00:00+00:00,2025-01-01T00:00:00+00:00,2024-01-01T00:00:00+00:00,2024-12-31T00:00:00+00:00,273,273,climatology,0.14965115231689538,0.0,0.3333333333333333,0.11764705882352941,0.18018018018018017,0.3125,0.35555555555555557,0.0014868041574843671,0.8168498168498168,,
2026-09-27T12:00:00+00:00,6,year_2024,trend_range,2024-01-01T00:00:00+00:00,2025-01-01T00:00:00+00:00,2024-01-01T00:00:00+00:00,2024-12-31T00:00:00+00:00,273,273,logistic,0.14744581663479955,0.01473650986279007,0.3333333333333333,0.0392156862745098,0.009009009009009009,0.0,0.017777777777777778,0.0014868041574843671,0.8168498168498168,,
2026-09-27T12:00:00+00:00,6,year_2024,trend_range,2024-01-01T00:00:00+00:00,2025-01-01T00:00:00+00:00,2024-01-01T00:00:00+00:00,2024-12-31T00:00:00+00:00,273,273,selected,0.14653200860079926,0.02084276444120614,0.3333333333333333,0.0392156862745098,0.0045045045045045045,0.0,0.008888888888888889,0.01209360735874876,0.8021978021978022,-0.008056993017040959,0.0014254944667177044
2026-09-27T12:00:00+00:00,6,year_2024,vol_high,2024-01-01T00:00:00+00:00,2025-01-01T00:00:00+00:00,2024-01-04T00:00:00+00:00,2024-12-21T00:00:00+00:00,36,36,catboost,0.2037086603442903,0.11416008384368537,0.3333333333333333,0.5,0.2727272727272727,0.4444444444444444,0.14814814814814814,-0.006946879601859024,0.75,,
2026-09-27T12:00:00+00:00,6,year_2024,vol_high,2024-01-01T00:00:00+00:00,2025-01-01T00:00:00+00:00,2024-01-04T00:00:00+00:00,2024-12-21T00:00:00+00:00,36,36,catboost_calibrated,0.21353969833888478,0.07140919707165316,0.3333333333333333,0.5,0.22727272727272727,0.3333333333333333,0.1111111111111111,0.0002615236606694493,0.7222222222222222,,
2026-09-27T12:00:00+00:00,6,year_2024,vol_high,2024-01-01T00:00:00+00:00,2025-01-01T00:00:00+00:00,2024-01-04T00:00:00+00:00,2024-12-21T00:00:00+00:00,36,36,climatology,0.2299610309142403,0.0,0.3333333333333333,0.0,0.18181818181818182,0.2222222222222222,0.2222222222222222,0.0021851956153191576,0.6388888888888888,,
2026-09-27T12:00:00+00:00,6,year_2024,vol_high,2024-01-01T00:00:00+00:00,2025-01-01T00:00:00+00:00,2024-01-04T00:00:00+00:00,2024-12-21T00:00:00+00:00,36,36,logistic,0.21605736241772755,0.060460976545621214,0.38095238095238093,0.5,0.2727272727272727,0.2222222222222222,0.1111111111111111,0.0021851956153191576,0.6388888888888888,,
2026-09-27T12:00:00+00:00,6,year_2024,vol_high,2024-01-01T00:00:00+00:00,2025-01-01T00:00:00+00:00,2024-01-04T00:00:00+00:00,2024-12-21T00:00:00+00:00,36,36,selected,0.20628165572393664,0.10297125167756982,0.3333333333333333,0.6428571428571429,0.36363636363636365,0.3333333333333333,0.14814814814814814,0.0001888068042910085,0.7222222222222222,,
2026-09-27T12:00:00+00:00,6,year_2024,vol_normal,2024-01-01T00:00:00+00:00,2025-01-01T00:00:00+00:00,2024-01-01T00:00:00+00:00,2024-12-31T00:00:00+00:00,330,330,catboost,0.15772228295613622,0.03310397601248072,0.3333333333333333,0.04477611940298507,0.011406844106463879,0.04411764705882353,0.022900763358778626,0.008363337767449464,0.7848484848484848,,
2026-09-27T12:00:00+00:00,6,year_2024,vol_normal,2024-01-01T00:00:00+00:00,2025-01-01T00:00:00+00:00,2024-01-01T00:00:00+00:00,2024-12-31T00:00:00+00:00,330,330,catboost_calibrated,0.1596190531616647,0.02147607197907586,0.3333333333333333,0.04477611940298507,0.011406844106463879,0.029411764705882353,0.015267175572519083,0.005312009833814413,0.793939393939394,,
2026-09-27T12:00:00+00:00,6,year_2024,vol_normal,2024-01-01T00:00:00+00:00,2025-01-01T00:00:00+00:00,2024-01-01T00:00:00+00:00,2024-12-31T00:00:00+00:00,330,330,climatology,0.16312227896613224,0.0,0.3333333333333333,0.11940298507462686,0.19011406844106463,0.3088235294117647,0.35877862595419846,0.0007579631138564524,0.796969696969697,,
2026-09-27T12:00:00+00:00,6,year_2024,vol_normal,2024-01-01T00:00:00+00:00,2025-01-01T00:00:00+00:00,2024-01-01T00:00:00+00:00,2024-12-31T00:00:00+00:00,330,330,logistic,0.16163085871658173,0.009142958638164722,0.3333333333333333,0.0,0.015209125475285171,0.0,0.019083969465648856,0.0007579631138564524,0.796969696969697,,
2026-09-27T12:00:00+00:00,6,year_2024,vol_normal,2024-01-01T00:00:00+00:00,2025-01-01T00:00:00+00:00,2024-01-01T00:00:00+00:00,2024-12-31T00:00:00+00:00,330,330,selected,0.15877659038146405,0.026640680918701753,0.3333333333333333,0.029850746268656716,0.015209125475285171,0.029411764705882353,0.019083969465648856,0.01153429084903923,0.7848484848484848,-0.008719259549158788,0.00018626037653439638
2026-09-27T12:00:00+00:00,6,year_2025,all,2025-01-01T00:00:00+00:00,2026-01-01T00:00:00+00:00,2025-01-01T00:00:00+00:00,2025-12-31T00:00:00+00:00,335,335,catboost,0.15916066280201324,0.04995477916494995,0.3333333333333333,0.09859154929577464,0.045454545454545456,0.04285714285714286,0.03018867924528302,0.007248112986149358,0.7522388059701492,,
2026-09-27T12:00:00+00:00,6,year_2025,all,2025-01-01T00:00:00+00:00,2026-01-01T00:00:00+00:00,2025-01-01T00:00:00+00:00,2025-12-31T00:00:00+00:00,335,335,catboost_calibrated,0.16197513727878632,0.033154911793533914,0.3333333333333333,0.1267605633802817,0.056818181818181816,0.05714285714285714,0.03773584905660377,0.0045971076240596265,0.7492537313432835,,
2026-09-27T12:00:00+00:00,6,year_2025,all,2025-01-01T00:00:00+00:00,2026-01-01T00:00:00+00:00,2025-01-01T00:00:00+00:00,2025-12-31T00:00:00+00:00,335,335,climatology,0.1675295652370291,0.0,0.3333333333333333,0.7746478873239436,0.8295454545454546,1.0,1.0,0.001098833322022763,0.746268656716418,,
2026-09-27T12:00:00+00:00,6,year_2025,all,2025-01-01T00:00:00+00:00,2026-01-01T00:00:00+00:00,2025-01-01T00:00:00+00:00,2025-12-31T00:00:00+00:00,335,335,logistic,0.161985675585377,0.03309200763344877,0.34259259259259256,0.09859154929577464,0.03787878787878788,0.02857142857142857,0.022641509433962263,0.001098833322022763,0.746268656716418,,
2026-09-27T12:00:00+00:00,6,year_2025,all,2025-01-01T00:00:00+00:00,2026-01-01T00:00:00+00:00,2025-01-01T00:00:00+00:00,2025-12-31T00:00:00+00:00,335,335,selected,0.15916066280201324,0.04995477916494995,0.3333333333333333,0.09859154929577464,0.045454545454545456,0.04285714285714286,0.03018867924528302,0.007248112986149358,0.7522388059701492,-0.013368593608471159,-0.0037068955630074362
2026-09-27T12:00:00+00:00,6,year_2025,trend_up,2025-01-01T00:00:00+00:00,2026-01-01T00:00:00+00:00,2025-01-04T00:00:00+00:00,2025-12-20T00:00:00+00:00,46,46,catboost,0.18049882978664336,0.05018452244438121,0.3333333333333333,0.09090909090909091,0.05714285714285714,0.0,0.0,0.0013934372793353855,0.717391304347826,,
2026-09-27T12:00:00+00:00,6,year_2025,trend_up,2025-01-01T00:00:00+00:00,2026-01-01T00:00:00+00:00,2025-01-04T00:00:00+00:00,2025-12-20T00:00:00+00:00,46,46,catboost_calibrated,0.18456535496510829,0.0287857767630868,0.3333333333333333,0.09090909090909091,0.08571428571428572,0.0,0.0,0.0012588586128511325,0.6956521739130435,,
2026-09-27T12:00:00+00:00,6,year_2025,trend_up,2025-01-01T00:00:00+00:00,2026-01-01T00:00:00+00:00,2025-01-04T00:00:00+00:00,2025-12-20T00:00:00+00:00,46,46,climatology,0.1900356796155428,0.0,0.3333333333333333,0.7272727272727273,0.8285714285714286,1.0,1.0,-0.00014485382811568748,0.6739130434782609,,
2026-09-27T12:00:00+00:00,6,year_2025,trend_up,2025-01-01T00:00:00+00:00,2026-01-01T00:00:00+00:00,2025-01-04T00:00:00+00:00,2025-12-20T00:00:00+00:00,46,46,logistic,0.19498189239359665,-0.026027811135574286,0.3333333333333333,0.18181818181818182,0.02857142857142857,0.0,0.0,-0.00014485382811568748,0.6739130434782609,,
2026-09-27T12:00:00+00:00,6,year_2025,trend_up,2025-01-01T00:00:00+00:00,2026-01-01T00:00:00+00:00,2025-01-04T00:00:00+00:00,2025-12-20T00:00:00+00:00,46,46,selected,0.18049882978664336,0.05018452244438121,0.3333333333333333,0.09090909090909091,0.05714285714285714,0.0,0.0,0.0013934372793353855,0.717391304347826,,
2026-09-27T12:00:00+00:00,6,year_2025,trend_down,2025-01-01T00:00:00+00:00,2026-01-01T00:00:00+00:00,2025-01-08T00:00:00+00:00,2025-12-18T00:00:00+00:00,37,37,catboost,0.2030943170057779,0.08866047641979058,0.3333333333333333,0.45454545454545453,0.3076923076923077,0.25,0.2,0.014226649607097297,0.8108108108108109,,
2026-09-27T12:00:00+00:00,6,year_2025,trend_down,2025-01-01T00:00:00+00:00,2026-01-01T00:00:00+00:00,2025-01-08T00:00:00+00:00,2025-12-18T00:00:00+00:00,37,37,catboost_calibrated,0.2089197984931508,0.06251995411666433,0.3333333333333333,0.5454545454545454,0.3076923076923077,0.3333333333333333,0.28,0.008726346226012205,0.7297297297297297,,
2026-09-27T12:00:00+00:00,6,year_2025,trend_down,2025-01-01T00:00:00+00:00,2026-01-01T00:00:00+00:00,2025-01-08T00:00:00+00:00,2025-12-18T00:00:00+00:00,37,37,climatology,0.22285252833973357,0.0,0.3333333333333333,0.7272727272727273,0.9230769230769231,1.0,1.0,0.0018103744651463138,0.6756756756756757,,
2026-09-27T12:00:00+00:00,6,year_2025,trend_down,2025-01-01T00:00:00+00:00,2026-01-01T00:00:00+00:00,2025-01-08T00:00:00+00:00,2025-12-18T00:00:00+00:00,37,37,logistic,0.20941495458871195,0.06029805383467013,0.3333333333333333,0.2727272727272727,0.15384615384615385,0.16666666666666666,0.12,0.0018103744651463138,0.6756756756756757,,
2026-09-27T12:00:00+00:00,6,year_2025,trend_down,2025-01-01T00:00:00+00:00,2026-01-01T00:00:00+00:00,2025-01-08T00:00:00+00:00,2025-12-18T00:00:00+00:00,37,37,selected,0.2030943170057779,0.08866047641979058,0.3333333333333333,0.45454545454545453,0.3076923076923077,0.25,0.2,0.014226649607097297,0.8108108108108109,,
2026-09-27T12:00:00+00:00,6,year_2025,trend_range,2025-01-01T00:00:00+00:00,2026-01-01T00:00:00+00:00,2025-01-01T00:00:00+00:00,2025-12-31T00:00:00+00:00,252,252,catboost,0.14881502436220265,0.041748415450377,0.3333333333333333,0.02040816326530612,0.009852216748768473,0.0,0.014563106796116505,0.006884106781866572,0.75,,
2026-09-27T12:00:00+00:00,6,year_2025,trend_range,2025-01-01T00:00:00+00:00,2026-01-01T00:00:00+00:00,2025-01-01T00:00:00+00:00,2025-12-31T00:00:00+00:00,252,252,catboost_calibrated,0.1509588576021899,0.0279438173727804,0.3333333333333333,0.04081632653061224,0.019704433497536946,0.0,0.014563106796116505,0.004358650334036707,0.7619047619047619,,
2026-09-27T12:00:00+00:00,6,year_2025,trend_range,2025-01-01T00:00:00+00:00,2026-01-01T00:00:00+00:00,2025-01-01T00:00:00+00:00,2025-12-31T00:00:00+00:00,252,252,climatology,0.15529849025206205,0.0,0.3333333333333333,0.7959183673469388,0.8177339901477833,1.0,1.0,0.0011801523416196114,0.7698412698412699,,
2026-09-27T12:00:00+00:00,6,year_2025,trend_range,2025-01-01T00:00:00+00:00,2026-01-01T00:00:00+00:00,2025-01-01T00:00:00+00:00,2025-12-31T00:00:00+00:00,252,252,logistic,0.14899873393338695,0.04056547045917891,0.3440860215053763,0.04081632653061224,0.024630541871921183,0.0,0.014563106796116505,0.0011801523416196114,0.7698412698412699,,
2026-09-27T12:00:00+00:00,6,year_2025,trend_range,2025-01-01T00:00:00+00:00,2026-01-01T00:00:00+00:00,2025-01-01T00:00:00+00:00,2025-12-31T00:00:00+00:00,252,252,selected,0.14881502436220265,0.041748415450377,0.3333333333333333,0.02040816326530612,0.009852216748768473,0.0,0.014563106796116505,0.006884106781866572,0.75,-0.009960804148075009,-0.002685983041626446
2026-09-27T12:00:00+00:00,6,year_2025,vol_high,2025-01-01T00:00:00+00:00,2026-01-01T00:00:00+00:00,2025-01-20T00:00:00+00:00,2025-12-02T00:00:00+00:00,26,26,catboost,0.23920403422456593,0.15732060831182437,0.3333333333333333,0.36363636363636365,0.26666666666666666,0.18181818181818182,0.06666666666666667,0.016061544449178178,0.7307692307692307,,
2026-09-27T12:00:00+00:00,6,year_2025,vol_high,2025-01-01T00:00:00+00:00,2026-01-01T00:00:00+00:00,2025-01-20T00:00:00+00:00,2025-12-02T00:00:00+00:00,26,26,catboost_calibrated,0.25773632086878784,0.09203418416530385,0.3333333333333333,0.45454545454545453,0.26666666666666666,0.2727272727272727,0.13333333333333333,0.00922039148617615,0.6538461538461539,,
2026-09-27T12:00:00+00:00,6,year_2025,vol_high,2025-01-01T00:00:00+00:00,2026-01-01T00:00:00+00:00,2025-01-20T00:00:00+00:00,2025-12-02T00:00:00+00:00,26,26,climatology,0.28386126038440107,0.0,0.3333333333333333,0.7272727272727273,0.8,1.0,1.0,0.0023839205015596665,0.5769230769230769,,
2026-09-27T12:00:00+00:00,6,year_2025,vol_high,2025-01-01T00:00:00+00:00,2026-01-01T00:00:00+00:00,2025-01-20T00:00:00+00:00,2025-12-02T00:00:00+00:00,26,26,logistic,0.26394795669716936,0.07015153691724396,0.4444444444444444,0.2727272727272727,0.2,0.09090909090909091,0.06666666666666667,0.0023839205015596665,0.5769230769230769,,
2026-09-27T12:00:00+00:00,6,year_2025,vol_high,2025-01-01T00:00:00+00:00,2026-01-01T00:00:00+00:00,2025-01-20T00:00:00+00:00,2025-12-02T00:00:00+00:00,26,26,selected,0.23920403422456593,0.15732060831182437,0.3333333333333333,0.36363636363636365,0.26666666666666666,0.18181818181818182,0.06666666666666667,0.016061544449178178,0.7307692307692307,,
2026-09-27T12:00:00+00:00,6,year_2025,vol_normal,2025-01-01T00:00:00+00:00,2026-01-01T00:00:00+00:00,2025-01-01T00:00:00+00:00,2025-12-31T00:00:00+00:00,309,309,catboost,0.1524256218408923,0.033697715424201635,0.3333333333333333,0.05,0.0321285140562249,0.01694915254237288,0.028,0.00583023860243892,0.7540453074433657,,
2026-09-27T12:00:00+00:00,6,year_2025,vol_normal,2025-01-01T00:00:00+00:00,2026-01-01T00:00:00+00:00,2025-01-01T00:00:00+00:00,2025-12-31T00:00:00+00:00,309,309,catboost_calibrated,0.15391756196053374,0.024239560498222956,0.3333333333333333,0.06666666666666667,0.04417670682730924,0.01694915254237288,0.032,0.0038533297000793443,0.7572815533980582,,
2026-09-27T12:00:00+00:00,6,year_2025,vol_normal,2025-01-01T00:00:00+00:00,2026-01-01T00:00:00+00:00,2025-01-01T00:00:00+00:00,2025-12-31T00:00:00+00:00,309,309,climatology,0.15774113781362564,0.0,0.3333333333333333,0.7833333333333333,0.8313253012048193,1.0,1.0,0.000892092939421385,0.7605177993527508,,
2026-09-27T12:00:00+00:00,6,year_2025,vol_normal,2025-01-01T00:00:00+00:00,2026-01-01T00:00:00+00:00,2025-01-01T00:00:00+00:00,2025-12-31T00:00:00+00:00,309,309,logistic,0.15340632507111615,0.02748054694287272,0.3333333333333333,0.06666666666666667,0.028112449799196786,0.01694915254237288,0.02,0.000892092939421385,0.7605177993527508,,
2026-09-27T12:00:00+00:00,6,year_2025,vol_normal,2025-01-01T00:00:00+00:00,2026-01-01T00:00:00+00:00,2025-01-01T00:00:00+00:00,2025-12-31T00:00:00+00:00,309,309,selected,0.1524256218408923,0.033697715424201635,0.3333333333333333,0.05,0.0321285140562249,0.01694915254237288,0.028,0.00583023860243892,0.7540453074433657,-0.009107874508074801,-0.00097903224408533
2026-09-27T12:00:00+00:00,6,year_2026,all,2026-01-01T00:00:00+00:00,2026-09-28T00:00:00+00:00,2026-01-01T00:00:00+00:00,2026-09-27T00:00:00+00:00,239,239,catboost,0.14699907175543314,0.05931823651797363,0.3333333333333333,0.11627906976744186,0.025510204081632654,0.043478260869565216,0.010362694300518135,-0.0012704236383478396,0.8493723849372385,,
2026-09-27T12:00:00+00:00,6,year_2026,all,2026-01-01T00:00:00+00:00,2026-09-28T00:00:00+00:00,2026-01-01T00:00:00+00:00,2026-09-27T00:00:00+00:00,239,239,catboost_calibrated,0.15023536372709856,0.03860844017236209,0.3333333333333333,0.13953488372093023,0.02040816326530612,0.043478260869565216,0.010362694300518135,0.00029626841574870166,0.8702928870292888,,
2026-09-27T12:00:00+00:00,6,year_2026,all,2026-01-01T00:00:00+00:00,2026-09-28T00:00:00+00:00,2026-01-01T00:00:00+00:00,2026-09-27T00:00:00+00:00,239,239,climatology,0.15626865265390238,0.0,0.3333333333333333,0.5116279069767442,0.6479591836734694,0.5434782608695652,0.49222797927461137,0.00012801605069723276,0.895397489539749,,
2026-09-27T12:00:00+00:00,6,year_2026,all,2026-01-01T00:00:00+00:00,2026-09-28T00:00:00+00:00,2026-01-01T00:00:00+00:00,2026-09-27T00:00:00+00:00,239,239,logistic,0.14874854836817197,0.048122922659259326,0.35000000000000003,0.09302325581395349,0.04081632653061224,0.043478260869565216,0.015544041450777202,0.00012801605069723276,0.895397489539749,,
2026-09-27T12:00:00+00:00,6,year_2026,all,2026-01-01T00:00:00+00:00,2026-09-28T00:00:00+00:00,2026-01-01T00:00:00+00:00,2026-09-27T00:00:00+00:00,239,239,selected,0.14699907175543314,0.05931823651797363,0.3333333333333333,0.11627906976744186,0.025510204081632654,0.043478260869565216,0.010362694300518135,-0.0012704236383478396,0.8493723849372385,-0.0137921377073296,-0.005093739049899752
2026-09-27T12:00:00+00:00,6,year_2026,trend_up,2026-01-01T00:00:00+00:00,2026-09-28T00:00:00+00:00,2026-01-03T00:00:00+00:00,2026-09-22T00:00:00+00:00,29,29,catboost,0.1402039570319918,0.05769597389642567,0.3333333333333333,0.5,0.12,0.0,0.0,0.004873618636671129,0.8620689655172413,,
2026-09-27T12:00:00+00:00,6,year_2026,trend_up,2026-01-01T00:00:00+00:00,2026-09-28T00:00:00+00:00,2026-01-03T00:00:00+00:00,2026-09-22T00:00:00+00:00,29,29,catboost_calibrated,0.14338804250576384,0.03629588915624471,0.3333333333333333,0.5,0.08,0.0,0.0,0.001521301958313015,0.8620689655172413,,
2026-09-27T12:00:00+00:00,6,year_2026,trend_up,2026-01-01T00:00:00+00:00,2026-09-28T00:00:00+00:00,2026-01-03T00:00:00+00:00,2026-09-22T00:00:00+00:00,29,29,climatology,0.14878845165475407,0.0,0.3333333333333333,0.5,0.6,0.3333333333333333,0.5652173913043478,-0.0018337567081390116,0.896551724137931,,
2026-09-27T12:00:00+00:00,6,year_2026,trend_up,2026-01-01T00:00:00+00:00,2026-09-28T00:00:00+00:00,2026-01-03T00:00:00+00:00,2026-09-22T00:00:00+00:00,29,29,logistic,0.1442535268047157,0.030479010968950226,0.3333333333333333,0.25,0.16,0.0,0.043478260869565216,-0.0018337567081390116,0.896551724137931,,
2026-09-27T12:00:00+00:00,6,year_2026,trend_up,2026-01-01T00:00:00+00:00,2026-09-28T00:00:00+00:00,2026-01-03T00:00:00+00:00,2026-09-22T00:00:00+00:00,29,29,selected,0.1402039570319918,0.05769597389642567,0.3333333333333333,0.5,0.12,0.0,0.0,0.004873618636671129,0.8620689655172413,,
2026-09-27T12:00:00+00:00,6,year_2026,trend_down,2026-01-01T00:00:00+00:00,2026-09-28T00:00:00+00:00,2026-01-08T00:00:00+00:00,2026-09-24T00:00:00+00:00,30,30,catboost,0.15348979527659073,0.13796711514989723,0.3333333333333333,0.6,0.08,0.2222222222222222,0.09523809523809523,-0.043839282569939186,0.8,,
2026-09-27T12:00:00+00:00,6,year_2026,trend_down,2026-01-01T00:00:00+00:00,2026-09-28T00:00:00+00:00,2026-01-08T00:00:00+00:00,2026-09-24T00:00:00+00:00,30,30,catboost_calibrated,0.16356144363630387,0.08140249419204082,0.3333333333333333,0.6,0.08,0.2222222222222222,0.09523809523809523,-0.02103068269957964,0.7666666666666667,,
2026-09-27T12:00:00+00:00,6,year_2026,trend_down,2026-01-01T00:00:00+00:00,2026-09-28T00:00:00+00:00,2026-01-08T00:00:00+00:00,2026-09-24T00:00:00+00:00,30,30,climatology,0.17805561478467352,0.0,0.3333333333333333,0.0,0.52,0.8888888888888888,0.6190476190476191,-0.003508825935831128,0.7666666666666667,,
2026-09-27T12:00:00+00:00,6,year_2026,trend_down,2026-01-01T00:00:00+00:00,2026-09-28T00:00:00+00:00,2026-01-08T00:00:00+00:00,2026-09-24T00:00:00+00:00,30,30,logistic,0.15667556288453527,0.12007513453587859,0.4444444444444444,0.6,0.12,0.2222222222222222,0.09523809523809523,-0.003508825935831128,0.7666666666666667,,
2026-09-27T12:00:00+00:00,6,year_2026,trend_down,2026-01-01T00:00:00+00:00,2026-09-28T00:00:00+00:00,2026-01-08T00:00:00+00:00,2026-09-24T00:00:00+00:00,30,30,selected,0.15348979527659073,0.13796711514989723,0.3333333333333333,0.6,0.08,0.2222222222222222,0.09523809523809523,-0.043839282569939186,0.8,,
2026-09-27T12:00:00+00:00,6,year_2026,trend_range,2026-01-01T00:00:00+00:00,2026-09-28T00:00:00+00:00,2026-01-01T00:00:00+00:00,2026-09-27T00:00:00+00:00,180,180,catboost,0.14701205298512798,0.04439980355731998,0.3333333333333333,0.0,0.0,0.0,0.0,0.008987785867726417,0.8555555555555555,,
2026-09-27T12:00:00+00:00,6,year_2026,trend_range,2026-01-01T00:00:00+00:00,2026-09-28T00:00:00+00:00,2026-01-01T00:00:00+00:00,2026-09-27T00:00:00+00:00,180,180,catboost_calibrated,0.14911752993900157,0.030713890396644183,0.3333333333333333,0.029411764705882353,0.0,0.0,0.0,0.00576842058952054,0.8888888888888888,,
2026-09-27T12:00:00+00:00,6,year_2026,trend_range,2026-01-01T00:00:00+00:00,2026-09-28T00:00:00+00:00,2026-01-01T00:00:00+00:00,2026-09-27T00:00:00+00:00,180,180,climatology,0.1538426357930811,0.0,0.3333333333333333,0.5882352941176471,0.678082191780822,0.4838709677419355,0.46308724832214765,0.001451000241892264,0.9166666666666666,,
2026-09-27T12:00:00+00:00,6,year_2026,trend_range,2026-01-01T00:00:00+00:00,2026-09-28T00:00:00+00:00,2026-01-01T00:00:00+00:00,2026-09-27T00:00:00+00:00,180,180,logistic,0.14815157720066824,0.036992726776128304,0.3333333333333333,0.0,0.00684931506849315,0.0,0.0,0.001451000241892264,0.9166666666666666,,
2026-09-27T12:00:00+00:00,6,year_2026,trend_range,2026-01-01T00:00:00+00:00,2026-09-28T00:00:00+00:00,2026-01-01T00:00:00+00:00,2026-09-27T00:00:00+00:00,180,180,selected,0.14701205298512798,0.04439980355731998,0.3333333333333333,0.0,0.0,0.0,0.0,0.008987785867726417,0.8555555555555555,-0.01163897660454644,-0.002545970108492568
2026-09-27T12:00:00+00:00,6,year_2026,vol_high,2026-01-01T00:00:00+00:00,2026-09-28T00:00:00+00:00,2026-01-14T00:00:00+00:00,2026-09-12T00:00:00+00:00,15,15,catboost,0.19237048178430405,0.16226046457685583,0.3333333333333333,0.8,0.3,0.4,0.2,0.01781147019380669,0.8,,
2026-09-27T12:00:00+00:00,6,year_2026,vol_high,2026-01-01T00:00:00+00:00,2026-09-28T00:00:00+00:00,2026-01-14T00:00:00+00:00,2026-09-12T00:00:00+00:00,15,15,catboost_calibrated,0.20667875314638245,0.09995046518195982,0.3333333333333333,0.8,0.3,0.4,0.2,0.011380267009838518,0.8,,
2026-09-27T12:00:00+00:00,6,year_2026,vol_high,2026-01-01T00:00:00+00:00,2026-09-28T00:00:00+00:00,2026-01-14T00:00:00+00:00,2026-09-12T00:00:00+00:00,15,15,climatology,0.22963042049476307,0.0,0.3333333333333333,0.0,0.6,0.6,0.8,0.0031640342048968595,0.8,,
2026-09-27T12:00:00+00:00,6,year_2026,vol_high,2026-01-01T00:00:00+00:00,2026-09-28T00:00:00+00:00,2026-01-14T00:00:00+00:00,2026-09-12T00:00:00+00:00,15,15,logistic,0.21206322013275675,0.07650206067713472,0.5,0.6,0.4,0.2,0.3,0.0031640342048968595,0.8,,
2026-09-27T12:00:00+00:00,6,year_2026,vol_high,2026-01-01T00:00:00+00:00,2026-09-28T00:00:00+00:00,2026-01-14T00:00:00+00:00,2026-09-12T00:00:00+00:00,15,15,selected,0.19237048178430405,0.16226046457685583,0.3333333333333333,0.8,0.3,0.4,0.2,0.01781147019380669,0.8,,
2026-09-27T12:00:00+00:00,6,year_2026,vol_normal,2026-01-01T00:00:00+00:00,2026-09-28T00:00:00+00:00,2026-01-01T00:00:00+00:00,2026-09-27T00:00:00+00:00,224,224,catboost,0.14396080769099984,0.048859806721856525,0.3333333333333333,0.02631578947368421,0.010752688172043012,0.0,0.0,-0.003243483778795353,0.8526785714285714,,
2026-09-27T12:00:00+00:00,6,year_2026,vol_normal,2026-01-01T00:00:00+00:00,2026-09-28T00:00:00+00:00,2026-01-01T00:00:00+00:00,2026-09-27T00:00:00+00:00,224,224,catboost_calibrated,0.14645567247134295,0.03237638871775805,0.3333333333333333,0.05263157894736842,0.005376344086021506,0.0,0.0,-0.0008498125767950615,0.875,,
2026-09-27T12:00:00+00:00,6,year_2026,vol_normal,2026-01-01T00:00:00+00:00,2026-09-28T00:00:00+00:00,2026-01-01T00:00:00+00:00,2026-09-27T00:00:00+00:00,224,224,climatology,0.15135603427170188,0.0,0.3333333333333333,0.5789473684210527,0.6505376344086021,0.5365853658536586,0.47540983606557374,-0.00018590700423737339,0.9017857142857143,,
2026-09-27T12:00:00+00:00,6,year_2026,vol_normal,2026-01-01T00:00:00+00:00,2026-09-28T00:00:00+00:00,2026-01-01T00:00:00+00:00,2026-09-27T00:00:00+00:00,224,224,logistic,0.14450872659822206,0.04523974023518684,0.3333333333333333,0.02631578947368421,0.021505376344086023,0.024390243902439025,0.0,-0.00018590700423737339,0.9017857142857143,,
2026-09-27T12:00:00+00:00,6,year_2026,vol_normal,2026-01-01T00:00:00+00:00,2026-09-28T00:00:00+00:00,2026-01-01T00:00:00+00:00,2026-09-27T00:00:00+00:00,224,224,selected,0.14396080769099984,0.048859806721856525,0.3333333333333333,0.02631578947368421,0.010752688172043012,0.0,0.0,-0.003243483778795353,0.8526785714285714,-0.011429607576106863,-0.003333812188057797
2026-09-27T12:00:00+00:00,24,all,all,2018-07-05T00:00:00+00:00,2026-09-28T00:00:00+00:00,2018-07-05T00:00:00+00:00,2026-09-26T00:00:00+00:00,2637,1322,catboost,0.18559800793051234,0.0314540298354673,0.3333333333333333,0.15749235474006115,0.0827029752899647,0.16402877697841728,0.06694129763130793,-0.00029987637235762143,0.7789154342055365,,
2026-09-27T12:00:00+00:00,24,all,all,2018-07-05T00:00:00+00:00,2026-09-28T00:00:00+00:00,2018-07-05T00:00:00+00:00,2026-09-26T00:00:00+00:00,2637,1322,catboost_calibrated,0.1873814456723999,0.022147133402660613,0.3333333333333333,0.15749235474006115,0.08673726676752395,0.17553956834532375,0.07157569515962925,0.002033041356202303,0.8039438756162306,,
2026-09-27T12:00:00+00:00,24,all,all,2018-07-05T00:00:00+00:00,2026-09-28T00:00:00+00:00,2018-07-05T00:00:00+00:00,2026-09-26T00:00:00+00:00,2637,1322,climatology,0.19162539894619943,0.0,0.3333333333333333,0.5122324159021406,0.4952092788703984,0.5798561151079137,0.525231719876416,-0.0018023842358934061,0.8175957527493364,,
2026-09-27T12:00:00+00:00,24,all,all,2018-07-05T00:00:00+00:00,2026-09-28T00:00:00+00:00,2018-07-05T00:00:00+00:00,2026-09-26T00:00:00+00:00,2637,1322,logistic,0.1878721062448008,0.01958661389376881,0.3339291527560149,0.1529051987767584,0.07766011094301563,0.1410071942446043,0.07157569515962925,-0.0018023842358934061,0.8175957527493364,,
2026-09-27T12:00:00+00:00,24,all,all,2018-07-05T00:00:00+00:00,2026-09-28T00:00:00+00:00,2018-07-05T00:00:00+00:00,2026-09-26T00:00:00+00:00,2637,1322,selected,0.18702593557972091,0.024002368119112716,0.33341716633355545,0.172782874617737,0.11497730711043873,0.20287769784172663,0.12564366632337795,0.002179623815093401,0.7959802806219188,-0.006455751578313389,-0.002939909455290185
2026-09-27T12:00:00+00:00,24,all,trend_up,2018-07-05T00:00:00+00:00,2026-09-28T00:00:00+00:00,2018-07-17T00:00:00+00:00,2026-09-22T00:00:00+00:00,366,324,catboost,0.19715825452052727,0.06436438181451354,0.3333333333333333,0.3584905660377358,0.17692307692307693,0.23148148148148148,0.10465116279069768,-0.003571937371002143,0.7896174863387978,,
2026-09-27T12:00:00+00:00,24,all,trend_up,2018-07-05T00:00:00+00:00,2026-09-28T00:00:00+00:00,2018-07-17T00:00:00+00:00,2026-09-22T00:00:00+00:00,366,324,catboost_calibrated,0.20222558174041164,0.04031683763506844,0.3333333333333333,0.37735849056603776,0.17692307692307693,0.24074074074074073,0.11627906976744186,-0.002196887132367875,0.8142076502732241,,
2026-09-27T12:00:00+00:00,24,all,trend_up,2018-07-05T00:00:00+00:00,2026-09-28T00:00:00+00:00,2018-07-17T00:00:00+00:00,2026-09-22T00:00:00+00:00,366,324,climatology,0.21072119390119384,0.0,0.3333333333333333,0.5471698113207547,0.5,0.5277777777777778,0.5310077519379846,-0.007291397617848583,0.8224043715846995,,
2026-09-27T12:00:00+00:00,24,all,trend_up,2018-07-05T00:00:00+00:00,2026-09-28T00:00:00+00:00,2018-07-17T00:00:00+00:00,2026-09-22T00:00:00+00:00,366,324,logistic,0.19685135947620952,0.0658207851246696,0.3369433465085639,0.27358490566037735,0.12692307692307692,0.2037037037037037,0.08914728682170543,-0.007291397617848583,0.8224043715846995,,
2026-09-27T12:00:00+00:00,24,all,trend_up,2018-07-05T00:00:00+00:00,2026-09-28T00:00:00+00:00,2018-07-17T00:00:00+00:00,2026-09-22T00:00:00+00:00,366,324,selected,0.198996925073716,0.05563877372949633,0.3309090909090909,0.33962264150943394,0.2076923076923077,0.25925925925925924,0.13565891472868216,-0.0004992911711998449,0.8005464480874317,-0.01787130076252853,-0.005926323059565229
2026-09-27T12:00:00+00:00,24,all,trend_down,2018-07-05T00:00:00+00:00,2026-09-28T00:00:00+00:00,2018-07-11T00:00:00+00:00,2026-09-24T00:00:00+00:00,301,261,catboost,0.21339458944792317,0.09416354350505596,0.3333333333333333,0.38461538461538464,0.22857142857142856,0.452991452991453,0.2717391304347826,0.013121924811437813,0.760797342192691,,
2026-09-27T12:00:00+00:00,24,all,trend_down,2018-07-05T00:00:00+00:00,2026-09-28T00:00:00+00:00,2018-07-11T00:00:00+00:00,2026-09-24T00:00:00+00:00,301,261,catboost_calibrated,0.22110329109364768,0.06144095667187899,0.3333333333333333,0.37362637362637363,0.23809523809523808,0.48717948717948717,0.29347826086956524,0.01833756344472348,0.7674418604651163,,
2026-09-27T12:00:00+00:00,24,all,trend_down,2018-07-05T00:00:00+00:00,2026-09-28T00:00:00+00:00,2018-07-11T00:00:00+00:00,2026-09-24T00:00:00+00:00,301,261,climatology,0.23557739139097483,0.0,0.3333333333333333,0.45054945054945056,0.4666666666666667,0.6581196581196581,0.5271739130434783,0.0062987947056902804,0.7674418604651163,,
2026-09-27T12:00:00+00:00,24,all,trend_down,2018-07-05T00:00:00+00:00,2026-09-28T00:00:00+00:00,2018-07-11T00:00:00+00:00,2026-09-24T00:00:00+00:00,301,261,logistic,0.22352577309619687,0.051157788205475785,0.3324890239783857,0.3956043956043956,0.20476190476190476,0.29914529914529914,0.23369565217391305,0.0062987947056902804,0.7674418604651163,,
2026-09-27T12:00:00+00:00,24,all,trend_down,2018-07-05T00:00:00+00:00,2026-09-28T00:00:00+00:00,2018-07-11T00:00:00+00:00,2026-09-24T00:00:00+00:00,301,261,selected,0.22418494860634408,0.048359660990232034,0.33015873015873015,0.3516483516483517,0.22857142857142856,0.4188034188034188,0.28804347826086957,0.012438661162824993,0.7740863787375415,-0.019212348893053233,-0.003943084579041213
2026-09-27T12:00:00+00:00,24,all,trend_range,2018-07-05T00:00:00+00:00,2026-09-28T00:00:00+00:00,2018-07-05T00:00:00+00:00,2026-09-26T00:00:00+00:00,1970,1126,catboost,0.1792031747890473,0.01190419316897351,0.3333333333333333,0.06564551422319474,0.046265697290152015,0.07659574468085106,0.035333333333333335,-0.0022641530026721313,0.7796954314720812,,
2026-09-27T12:00:00+00:00,24,all,trend_range,2018-07-05T00:00:00+00:00,2026-09-28T00:00:00+00:00,2018-07-05T00:00:00+00:00,2026-09-26T00:00:00+00:00,1970,1126,catboost_calibrated,0.1794711770060609,0.010426474556207266,0.3333333333333333,0.06345733041575492,0.05023132848645076,0.08297872340425531,0.03666666666666667,-0.0003047846487627126,0.8076142131979696,,
2026-09-27T12:00:00+00:00,24,all,trend_range,2018-07-05T00:00:00+00:00,2026-09-28T00:00:00+00:00,2018-07-05T00:00:00+00:00,2026-09-26T00:00:00+00:00,1970,1126,climatology,0.181362144794217,0.0,0.3333333333333333,0.5164113785557987,0.4983476536682089,0.5723404255319149,0.524,-0.0023221456599746837,0.8243654822335026,,
2026-09-27T12:00:00+00:00,24,all,trend_range,2018-07-05T00:00:00+00:00,2026-09-28T00:00:00+00:00,2018-07-05T00:00:00+00:00,2026-09-26T00:00:00+00:00,1970,1126,logistic,0.18075628878035116,0.003340586948578861,0.3335414390510379,0.07658643326039387,0.051553205551883675,0.08723404255319149,0.048666666666666664,-0.0023221456599746837,0.8243654822335026,,
2026-09-27T12:00:00+00:00,24,all,trend_range,2018-07-05T00:00:00+00:00,2026-09-28T00:00:00+00:00,2018-07-05T00:00:00+00:00,2026-09-26T00:00:00+00:00,1970,1126,selected,0.17912428833311397,0.012339159661142185,0.3344362936371677,0.09846827133479212,0.08327825512227363,0.13617021276595745,0.104,0.0007119243054729552,0.7984771573604061,-0.0038821604114333973,-0.0007133365439467215
2026-09-27T12:00:00+00:00,24,all,vol_high,2018-07-05T00:00:00+00:00,2026-09-28T00:00:00+00:00,2018-07-18T00:00:00+00:00,2026-09-12T00:00:00+00:00,229,175,catboost,0.23922378681176984,0.12095338689584889,0.3333333333333333,0.5360824742268041,0.4015151515151515,0.4631578947368421,0.373134328358209,0.007898026760288612,0.7161572052401747,,
2026-09-27T12:00:00+00:00,24,all,vol_high,2018-07-05T00:00:00+00:00,2026-09-28T00:00:00+00:00,2018-07-18T00:00:00+00:00,2026-09-12T00:00:00+00:00,229,175,catboost_calibrated,0.2515139283400666,0.07579229556373723,0.3333333333333333,0.5154639175257731,0.38636363636363635,0.5157894736842106,0.39552238805970147,0.013375226677828422,0.7336244541484717,,
2026-09-27T12:00:00+00:00,24,all,vol_high,2018-07-05T00:00:00+00:00,2026-09-28T00:00:00+00:00,2018-07-18T00:00:00+00:00,2026-09-12T00:00:00+00:00,229,175,climatology,0.2721400472348173,0.0,0.3333333333333333,0.5567010309278351,0.3939393939393939,0.5789473684210527,0.5,0.0010855856832474586,0.7205240174672489,,
2026-09-27T12:00:00+00:00,24,all,vol_high,2018-07-05T00:00:00+00:00,2026-09-28T00:00:00+00:00,2018-07-18T00:00:00+00:00,2026-09-12T00:00:00+00:00,229,175,logistic,0.24203163713294784,0.11063572012938716,0.3417156889695237,0.5567010309278351,0.4090909090909091,0.47368421052631576,0.2835820895522388,0.0010855856832474586,0.7205240174672489,,
2026-09-27T12:00:00+00:00,24,all,vol_high,2018-07-05T00:00:00+00:00,2026-09-28T00:00:00+00:00,2018-07-18T00:00:00+00:00,2026-09-12T00:00:00+00:00,229,175,selected,0.25160314032910824,0.0754644790958997,0.3292649403485623,0.4742268041237113,0.42424242424242425,0.4421052631578947,0.3656716417910448,0.015445556008977679,0.7161572052401747,-0.03181421330558227,-0.010623026849980297
2026-09-27T12:00:00+00:00,24,all,vol_normal,2018-07-05T00:00:00+00:00,2026-09-28T00:00:00+00:00,2018-07-05T00:00:00+00:00,2026-09-26T00:00:00+00:00,2408,1249,catboost,0.18049821417477815,0.01886338582767144,0.3333333333333333,0.09156193895870736,0.059967585089141004,0.11666666666666667,0.04424778761061947,-0.001476745321406181,0.7848837209302325,,
2026-09-27T12:00:00+00:00,24,all,vol_normal,2018-07-05T00:00:00+00:00,2026-09-28T00:00:00+00:00,2018-07-05T00:00:00+00:00,2026-09-26T00:00:00+00:00,2408,1249,catboost_calibrated,0.18128246787717744,0.01460040723953382,0.3333333333333333,0.09515260323159784,0.06537007023230686,0.12166666666666667,0.04756637168141593,0.00040478770360419247,0.8106312292358804,,
2026-09-27T12:00:00+00:00,24,all,vol_normal,2018-07-05T00:00:00+00:00,2026-09-28T00:00:00+00:00,2018-07-05T00:00:00+00:00,2026-09-26T00:00:00+00:00,2408,1249,climatology,0.18396848264300442,0.0,0.3333333333333333,0.5044883303411131,0.5024311183144247,0.58,0.5271017699115044,-0.002216973438599279,0.8268272425249169,,
2026-09-27T12:00:00+00:00,24,all,vol_normal,2018-07-05T00:00:00+00:00,2026-09-28T00:00:00+00:00,2018-07-05T00:00:00+00:00,2026-09-26T00:00:00+00:00,2408,1249,logistic,0.18272155285053765,0.006777953345880827,0.33187931661214104,0.08258527827648116,0.05402485143165856,0.08833333333333333,0.055862831858407076,-0.002216973438599279,0.8268272425249169,,
2026-09-27T12:00:00+00:00,24,all,vol_normal,2018-07-05T00:00:00+00:00,2026-09-28T00:00:00+00:00,2018-07-05T00:00:00+00:00,2026-09-26T00:00:00+00:00,2408,1249,selected,0.18088466486227506,0.016762750534359716,0.3331515812431843,0.12028725314183124,0.09292274446245273,0.165,0.10785398230088496,0.00027520222989640963,0.8035714285714286,-0.004730862409640115,-0.0015040275474306267
2026-09-27T12:00:00+00:00,24,recent_30,all,2026-08-29T00:00:00+00:00,2026-09-28T00:00:00+00:00,2026-08-29T00:00:00+00:00,2026-09-26T00:00:00+00:00,29,15,catboost,0.15834965441194718,0.009552724151156933,0.3333333333333333,0.0,0.0,0.0,0.0,0.0017078764296175608,0.8620689655172413,,
2026-09-27T12:00:00+00:00,24,recent_30,all,2026-08-29T00:00:00+00:00,2026-09-28T00:00:00+00:00,2026-08-29T00:00:00+00:00,2026-09-26T00:00:00+00:00,29,15,catboost_calibrated,0.15887201782050625,0.006285439376006785,0.3333333333333333,0.0,0.0,0.0,0.0,0.005144341109659778,0.896551724137931,,
2026-09-27T12:00:00+00:00,24,recent_30,all,2026-08-29T00:00:00+00:00,2026-09-28T00:00:00+00:00,2026-08-29T00:00:00+00:00,2026-09-26T00:00:00+00:00,29,15,climatology,0.15987691447405594,0.0,0.3333333333333333,1.0,1.0,0.0,0.12,0.008586767512345217,0.896551724137931,,
2026-09-27T12:00:00+00:00,24,recent_30,all,2026-08-29T00:00:00+00:00,2026-09-28T00:00:00+00:00,2026-08-29T00:00:00+00:00,2026-09-26T00:00:00+00:00,29,15,logistic,0.1560451575806769,0.02396691796301098,0.3333333333333333,0.14285714285714285,0.0,0.0,0.0,0.008586767512345217,0.896551724137931,,
2026-09-27T12:00:00+00:00,24,recent_30,all,2026-08-29T00:00:00+00:00,2026-09-28T00:00:00+00:00,2026-08-29T00:00:00+00:00,2026-09-26T00:00:00+00:00,29,15,selected,0.15887201782050625,0.006285439376006785,0.3333333333333333,0.0,0.0,0.0,0.0,0.005144341109659778,0.896551724137931,,
2026-09-27T12:00:00+00:00,24,recent_30,trend_up,2026-08-29T00:00:00+00:00,2026-09-28T00:00:00+00:00,2026-09-04T00:00:00+00:00,2026-09-22T00:00:00+00:00,4,4,catboost,0.13940921995689,-0.09493246812166878,,,0.0,0.0,0.0,-0.14168755473848949,1.0,,
2026-09-27T12:00:00+00:00,24,recent_30,trend_up,2026-08-29T00:00:00+00:00,2026-09-28T00:00:00+00:00,2026-09-04T00:00:00+00:00,2026-09-22T00:00:00+00:00,4,4,catboost_calibrated,0.13303237572226034,-0.044848163806576524,,,0.0,0.0,0.0,-0.07082371358031114,1.0,,
2026-09-27T12:00:00+00:00,24,recent_30,trend_up,2026-08-29T00:00:00+00:00,2026-09-28T00:00:00+00:00,2026-09-04T00:00:00+00:00,2026-09-22T00:00:00+00:00,4,4,climatology,0.1273222084609869,0.0,,,1.0,0.0,0.0,0.0,1.0,,
2026-09-27T12:00:00+00:00,24,recent_30,trend_up,2026-08-29T00:00:00+00:00,2026-09-28T00:00:00+00:00,2026-09-04T00:00:00+00:00,2026-09-22T00:00:00+00:00,4,4,logistic,0.1467586698665968,-0.15265570429973696,,,0.0,0.0,0.0,0.0,1.0,,
2026-09-27T12:00:00+00:00,24,recent_30,trend_up,2026-08-29T00:00:00+00:00,2026-09-28T00:00:00+00:00,2026-09-04T00:00:00+00:00,2026-09-22T00:00:00+00:00,4,4,selected,0.13303237572226034,-0.044848163806576524,,,0.0,0.0,0.0,-0.07082371358031114,1.0,,
2026-09-27T12:00:00+00:00,24,recent_30,trend_down,2026-08-29T00:00:00+00:00,2026-09-28T00:00:00+00:00,2026-08-29T00:00:00+00:00,2026-09-24T00:00:00+00:00,3,3,catboost,0.07395727814112163,-0.06333729675553457,,,0.0,,0.0,0.1808587751453562,1.0,,
2026-09-27T12:00:00+00:00,24,recent_30,trend_down,2026-08-29T00:00:00+00:00,2026-09-28T00:00:00+00:00,2026-08-29T00:00:00+00:00,2026-09-24T00:00:00+00:00,3,3,catboost_calibrated,0.0714947994491495,-0.02793245897008556,,,0.0,,0.0,0.17913762652123133,1.0,,
2026-09-27T12:00:00+00:00,24,recent_30,trend_down,2026-08-29T00:00:00+00:00,2026-09-28T00:00:00+00:00,2026-08-29T00:00:00+00:00,2026-09-24T00:00:00+00:00,3,3,climatology,0.06955203994704297,0.0,,,1.0,,0.3333333333333333,0.17749383161666232,1.0,,
2026-09-27T12:00:00+00:00,24,recent_30,trend_down,2026-08-29T00:00:00+00:00,2026-09-28T00:00:00+00:00,2026-08-29T00:00:00+00:00,2026-09-24T00:00:00+00:00,3,3,logistic,0.07287167174315036,-0.04772874812349093,,,0.0,,0.0,0.17749383161666232,1.0,,
2026-09-27T12:00:00+00:00,24,recent_30,trend_down,2026-08-29T00:00:00+00:00,2026-09-28T00:00:00+00:00,2026-08-29T00:00:00+00:00,2026-09-24T00:00:00+00:00,3,3,selected,0.0714947994491495,-0.02793245897008556,,,0.0,,0.0,0.17913762652123133,1.0,,
2026-09-27T12:00:00+00:00,24,recent_30,trend_range,2026-08-29T00:00:00+00:00,2026-09-28T00:00:00+00:00,2026-08-30T00:00:00+00:00,2026-09-26T00:00:00+00:00,22,13,catboost,0.17330142107707017,0.0270140850546422,0.3333333333333333,0.0,0.0,0.0,0.0,0.006386716908510892,0.8181818181818182,,
2026-09-27T12:00:00+00:00,24,recent_30,trend_range,2026-08-29T00:00:00+00:00,2026-09-28T00:00:00+00:00,2026-08-30T00:00:00+00:00,2026-09-26T00:00:00+00:00,22,13,catboost_calibrated,0.1754852097980996,0.014753391209360811,0.3333333333333333,0.0,0.0,0.0,0.0,0.004613894124355311,0.8636363636363636,,
2026-09-27T12:00:00+00:00,24,recent_30,trend_range,2026-08-29T00:00:00+00:00,2026-09-28T00:00:00+00:00,2026-08-30T00:00:00+00:00,2026-09-26T00:00:00+00:00,22,13,climatology,0.17811298027557024,0.0,0.3333333333333333,1.0,1.0,0.0,0.10526315789473684,0.002848011403700834,0.8636363636363636,,
2026-09-27T12:00:00+00:00,24,recent_30,trend_range,2026-08-29T00:00:00+00:00,2026-09-28T00:00:00+00:00,2026-08-30T00:00:00+00:00,2026-09-26T00:00:00+00:00,22,13,logistic,0.1690754488701724,0.05074044233842634,0.3333333333333333,0.14285714285714285,0.0,0.0,0.0,0.002848011403700834,0.8636363636363636,,
2026-09-27T12:00:00+00:00,24,recent_30,trend_range,2026-08-29T00:00:00+00:00,2026-09-28T00:00:00+00:00,2026-08-30T00:00:00+00:00,2026-09-26T00:00:00+00:00,22,13,selected,0.1754852097980996,0.014753391209360811,0.3333333333333333,0.0,0.0,0.0,0.0,0.004613894124355311,0.8636363636363636,,
2026-09-27T12:00:00+00:00,24,recent_30,vol_high,2026-08-29T00:00:00+00:00,2026-09-28T00:00:00+00:00,2026-09-12T00:00:00+00:00,2026-09-12T00:00:00+00:00,1,1,catboost,0.059440563390875854,0.13668385043367914,,,0.0,,0.0,-0.10636862598981489,1.0,,
2026-09-27T12:00:00+00:00,24,recent_30,vol_high,2026-08-29T00:00:00+00:00,2026-09-28T00:00:00+00:00,2026-09-12T00:00:00+00:00,2026-09-12T00:00:00+00:00,1,1,catboost_calibrated,0.06403114918726191,0.07001007367404988,,,0.0,,0.0,0.12378119748583993,1.0,,
2026-09-27T12:00:00+00:00,24,recent_30,vol_high,2026-08-29T00:00:00+00:00,2026-09-28T00:00:00+00:00,2026-09-12T00:00:00+00:00,2026-09-12T00:00:00+00:00,1,1,climatology,0.06885144384329575,0.0,,,1.0,,0.0,0.3541022196472593,1.0,,
2026-09-27T12:00:00+00:00,24,recent_30,vol_high,2026-08-29T00:00:00+00:00,2026-09-28T00:00:00+00:00,2026-09-12T00:00:00+00:00,2026-09-12T00:00:00+00:00,1,1,logistic,0.09110029693172932,-0.32314286885648213,,,0.0,,0.0,0.3541022196472593,1.0,,
2026-09-27T12:00:00+00:00,24,recent_30,vol_high,2026-08-29T00:00:00+00:00,2026-09-28T00:00:00+00:00,2026-09-12T00:00:00+00:00,2026-09-12T00:00:00+00:00,1,1,selected,0.06403114918726191,0.07001007367404988,,,0.0,,0.0,0.12378119748583993,1.0,,
2026-09-27T12:00:00+00:00,24,recent_30,vol_normal,2026-08-29T00:00:00+00:00,2026-09-28T00:00:00+00:00,2026-08-29T00:00:00+00:00,2026-09-26T00:00:00+00:00,28,14,catboost,0.161882121948414,0.007636356321171767,0.3333333333333333,0.0,0.0,0.0,0.0,0.002396120998002571,0.8571428571428571,,
2026-09-27T12:00:00+00:00,24,recent_30,vol_normal,2026-08-29T00:00:00+00:00,2026-09-28T00:00:00+00:00,2026-08-29T00:00:00+00:00,2026-09-26T00:00:00+00:00,28,14,catboost_calibrated,0.16225919170026495,0.0053248576308647655,0.3333333333333333,0.0,0.0,0.0,0.0,0.00438884689784369,0.8928571428571429,,
2026-09-27T12:00:00+00:00,24,recent_30,vol_normal,2026-08-29T00:00:00+00:00,2026-09-28T00:00:00+00:00,2026-08-29T00:00:00+00:00,2026-09-26T00:00:00+00:00,28,14,climatology,0.16312782413944021,0.0,0.3333333333333333,1.0,1.0,0.0,0.125,0.006386482270858362,0.8928571428571429,,
2026-09-27T12:00:00+00:00,24,recent_30,vol_normal,2026-08-29T00:00:00+00:00,2026-09-28T00:00:00+00:00,2026-08-29T00:00:00+00:00,2026-09-26T00:00:00+00:00,28,14,logistic,0.15836461688956788,0.0291992324117607,0.3333333333333333,0.14285714285714285,0.0,0.0,0.0,0.006386482270858362,0.8928571428571429,,
2026-09-27T12:00:00+00:00,24,recent_30,vol_normal,2026-08-29T00:00:00+00:00,2026-09-28T00:00:00+00:00,2026-08-29T00:00:00+00:00,2026-09-26T00:00:00+00:00,28,14,selected,0.16225919170026495,0.0053248576308647655,0.3333333333333333,0.0,0.0,0.0,0.0,0.00438884689784369,0.8928571428571429,,
2026-09-27T12:00:00+00:00,24,recent_90,all,2026-06-30T00:00:00+00:00,2026-09-28T00:00:00+00:00,2026-06-30T00:00:00+00:00,2026-09-26T00:00:00+00:00,89,45,catboost,0.16376384482033313,-0.02177841495475774,0.3333333333333333,0.1111111111111111,0.1267605633802817,0.0,0.0,0.002612827912153226,0.8876404494382022,,
2026-09-27T12:00:00+00:00,24,recent_90,all,2026-06-30T00:00:00+00:00,2026-09-28T00:00:00+00:00,2026-06-30T00:00:00+00:00,2026-09-26T00:00:00+00:00,89,45,catboost_calibrated,0.16142685850336258,-0.007197161214990588,0.3333333333333333,0.1111111111111111,0.1267605633802817,0.0,0.0,0.00624535353208433,0.9101123595505618,,
2026-09-27T12:00:00+00:00,24,recent_90,all,2026-06-30T00:00:00+00:00,2026-09-28T00:00:00+00:00,2026-06-30T00:00:00+00:00,2026-09-26T00:00:00+00:00,89,45,climatology,0.1602733453980668,0.0,0.3333333333333333,1.0,1.0,0.6875,0.6986301369863014,0.006336153968320546,0.9213483146067416,,
2026-09-27T12:00:00+00:00,24,recent_90,all,2026-06-30T00:00:00+00:00,2026-09-28T00:00:00+00:00,2026-06-30T00:00:00+00:00,2026-09-26T00:00:00+00:00,89,45,logistic,0.16319193483900435,-0.018210073756735445,0.3333333333333333,0.16666666666666666,0.11267605633802817,0.0625,0.0547945205479452,0.006336153968320546,0.9213483146067416,,
2026-09-27T12:00:00+00:00,24,recent_90,all,2026-06-30T00:00:00+00:00,2026-09-28T00:00:00+00:00,2026-06-30T00:00:00+00:00,2026-09-26T00:00:00+00:00,89,45,selected,0.16131770964285486,-0.00651614429207914,0.3333333333333333,0.1111111111111111,0.14084507042253522,0.0,0.0,0.00587064850621366,0.9101123595505618,-0.0004345390698225354,0.002316239761631824
2026-09-27T12:00:00+00:00,24,recent_90,trend_up,2026-06-30T00:00:00+00:00,2026-09-28T00:00:00+00:00,2026-07-03T00:00:00+00:00,2026-09-22T00:00:00+00:00,11,10,catboost,0.18916153779529382,0.047965868397672584,0.3333333333333333,0.6666666666666666,0.25,0.0,0.0,0.006175477356798242,0.8181818181818182,,
2026-09-27T12:00:00+00:00,24,recent_90,trend_up,2026-06-30T00:00:00+00:00,2026-09-28T00:00:00+00:00,2026-07-03T00:00:00+00:00,2026-09-22T00:00:00+00:00,11,10,catboost_calibrated,0.19258826996534045,0.030719413205102852,0.3333333333333333,0.6666666666666666,0.25,0.0,0.0,0.00484339694799929,0.8181818181818182,,
2026-09-27T12:00:00+00:00,24,recent_90,trend_up,2026-06-30T00:00:00+00:00,2026-09-28T00:00:00+00:00,2026-07-03T00:00:00+00:00,2026-09-22T00:00:00+00:00,11,10,climatology,0.19869197071424763,0.0,0.3333333333333333,1.0,1.0,0.6666666666666666,0.625,0.0035084446135099645,0.9090909090909091,,
2026-09-27T12:00:00+00:00,24,recent_90,trend_up,2026-06-30T00:00:00+00:00,2026-09-28T00:00:00+00:00,2026-07-03T00:00:00+00:00,2026-09-22T00:00:00+00:00,11,10,logistic,0.18194932170292422,0.0842643462196172,0.3333333333333333,0.6666666666666666,0.125,0.3333333333333333,0.125,0.0035084446135099645,0.9090909090909091,,
2026-09-27T12:00:00+00:00,24,recent_90,trend_up,2026-06-30T00:00:00+00:00,2026-09-28T00:00:00+00:00,2026-07-03T00:00:00+00:00,2026-09-22T00:00:00+00:00,11,10,selected,0.19258826996534045,0.030719413205102852,0.3333333333333333,0.6666666666666666,0.25,0.0,0.0,0.00484339694799929,0.8181818181818182,,
2026-09-27T12:00:00+00:00,24,recent_90,trend_down,2026-06-30T00:00:00+00:00,2026-09-28T00:00:00+00:00,2026-07-24T00:00:00+00:00,2026-09-24T00:00:00+00:00,7,7,catboost,0.08578716790299215,-0.20877200675220986,,,0.14285714285714285,,0.0,0.0023047501241554302,1.0,,
2026-09-27T12:00:00+00:00,24,recent_90,trend_down,2026-06-30T00:00:00+00:00,2026-09-28T00:00:00+00:00,2026-07-24T00:00:00+00:00,2026-09-24T00:00:00+00:00,7,7,catboost_calibrated,0.07733351913588313,-0.08965705944270308,,,0.14285714285714285,,0.0,0.0243505150043255,1.0,,
2026-09-27T12:00:00+00:00,24,recent_90,trend_down,2026-06-30T00:00:00+00:00,2026-09-28T00:00:00+00:00,2026-07-24T00:00:00+00:00,2026-09-24T00:00:00+00:00,7,7,climatology,0.07097051174562644,0.0,,,1.0,,0.7142857142857143,0.04646661557150089,1.0,,
2026-09-27T12:00:00+00:00,24,recent_90,trend_down,2026-06-30T00:00:00+00:00,2026-09-28T00:00:00+00:00,2026-07-24T00:00:00+00:00,2026-09-24T00:00:00+00:00,7,7,logistic,0.10592306895187475,-0.4924940844660357,,,0.2857142857142857,,0.2857142857142857,0.04646661557150089,1.0,,
2026-09-27T12:00:00+00:00,24,recent_90,trend_down,2026-06-30T00:00:00+00:00,2026-09-28T00:00:00+00:00,2026-07-24T00:00:00+00:00,2026-09-24T00:00:00+00:00,7,7,selected,0.07733351913588313,-0.08965705944270308,,,0.14285714285714285,,0.0,0.0243505150043255,1.0,,
2026-09-27T12:00:00+00:00,24,recent_90,trend_range,2026-06-30T00:00:00+00:00,2026-09-28T00:00:00+00:00,2026-06-30T00:00:00+00:00,2026-09-26T00:00:00+00:00,71,40,catboost,0.16751683236535875,-0.026918900391324385,0.3333333333333333,0.0,0.10714285714285714,0.0,0.0,0.0018839905272425295,0.8873239436619719,,
2026-09-27T12:00:00+00:00,24,recent_90,trend_range,2026-06-30T00:00:00+00:00,2026-09-28T00:00:00+00:00,2026-06-30T00:00:00+00:00,2026-09-26T00:00:00+00:00,71,40,catboost_calibrated,0.16488992680604714,-0.010815330795902689,0.3333333333333333,0.0,0.10714285714285714,0.0,0.0,0.005639495375756365,0.9154929577464789,,
2026-09-27T12:00:00+00:00,24,recent_90,trend_range,2026-06-30T00:00:00+00:00,2026-09-28T00:00:00+00:00,2026-06-30T00:00:00+00:00,2026-09-26T00:00:00+00:00,71,40,climatology,0.16312566873734985,0.0,0.3333333333333333,1.0,1.0,0.6923076923076923,0.7068965517241379,0.004934824366817803,0.9154929577464789,,
2026-09-27T12:00:00+00:00,24,recent_90,trend_range,2026-06-30T00:00:00+00:00,2026-09-28T00:00:00+00:00,2026-06-30T00:00:00+00:00,2026-09-26T00:00:00+00:00,71,40,logistic,0.1659320870320577,-0.01720402629721307,0.3333333333333333,0.06666666666666667,0.08928571428571429,0.0,0.017241379310344827,0.004934824366817803,0.9154929577464789,,
2026-09-27T12:00:00+00:00,24,recent_90,trend_range,2026-06-30T00:00:00+00:00,2026-09-28T00:00:00+00:00,2026-06-30T00:00:00+00:00,2026-09-26T00:00:00+00:00,71,40,selected,0.16475310640343885,-0.009976588471243941,0.3333333333333333,0.0,0.125,0.0,0.0,0.005167926632932418,0.9154929577464789,-0.0011320957961641176,0.0047790388155347484
2026-09-27T12:00:00+00:00,24,recent_90,vol_high,2026-06-30T00:00:00+00:00,2026-09-28T00:00:00+00:00,2026-08-20T00:00:00+00:00,2026-09-12T00:00:00+00:00,3,3,catboost,0.19185528778741145,0.15173841739416272,0.3333333333333333,1.0,0.5,0.0,0.0,0.05728147658818372,1.0,,
2026-09-27T12:00:00+00:00,24,recent_90,vol_high,2026-06-30T00:00:00+00:00,2026-09-28T00:00:00+00:00,2026-08-20T00:00:00+00:00,2026-09-12T00:00:00+00:00,3,3,catboost_calibrated,0.2062709771464858,0.08800144349520889,0.3333333333333333,1.0,0.5,0.0,0.0,0.03612919291473271,1.0,,
2026-09-27T12:00:00+00:00,24,recent_90,vol_high,2026-06-30T00:00:00+00:00,2026-09-28T00:00:00+00:00,2026-08-20T00:00:00+00:00,2026-09-12T00:00:00+00:00,3,3,climatology,0.22617467503129995,0.0,0.3333333333333333,1.0,1.0,1.0,0.5,0.014988470086529149,1.0,,
2026-09-27T12:00:00+00:00,24,recent_90,vol_high,2026-06-30T00:00:00+00:00,2026-09-28T00:00:00+00:00,2026-08-20T00:00:00+00:00,2026-09-12T00:00:00+00:00,3,3,logistic,0.17243954465281036,0.23758243654402633,0.3333333333333333,1.0,0.5,1.0,0.0,0.014988470086529149,1.0,,
2026-09-27T12:00:00+00:00,24,recent_90,vol_high,2026-06-30T00:00:00+00:00,2026-09-28T00:00:00+00:00,2026-08-20T00:00:00+00:00,2026-09-12T00:00:00+00:00,3,3,selected,0.2062709771464858,0.08800144349520889,0.3333333333333333,1.0,0.5,0.0,0.0,0.03612919291473271,1.0,,
2026-09-27T12:00:00+00:00,24,recent_90,vol_normal,2026-06-30T00:00:00+00:00,2026-09-28T00:00:00+00:00,2026-06-30T00:00:00+00:00,2026-09-26T00:00:00+00:00,86,44,catboost,0.16278391076334198,-0.030444471227456527,0.3333333333333333,0.058823529411764705,0.11594202898550725,0.0,0.0,1.512455789465239e-05,0.8837209302325582,,
2026-09-27T12:00:00+00:00,24,recent_90,vol_normal,2026-06-30T00:00:00+00:00,2026-09-28T00:00:00+00:00,2026-06-30T00:00:00+00:00,2026-09-26T00:00:00+00:00,86,44,catboost_calibrated,0.15986252878325363,-0.011951722800359166,0.3333333333333333,0.058823529411764705,0.11594202898550725,0.0,0.0,0.004825355934147235,0.9069767441860465,,
2026-09-27T12:00:00+00:00,24,recent_90,vol_normal,2026-06-30T00:00:00+00:00,2026-09-28T00:00:00+00:00,2026-06-30T00:00:00+00:00,2026-09-26T00:00:00+00:00,86,44,climatology,0.1579744618062099,0.0,0.3333333333333333,1.0,1.0,0.6666666666666666,0.704225352112676,0.005925019778127316,0.9186046511627907,,
2026-09-27T12:00:00+00:00,24,recent_90,vol_normal,2026-06-30T00:00:00+00:00,2026-09-28T00:00:00+00:00,2026-06-30T00:00:00+00:00,2026-09-26T00:00:00+00:00,86,44,logistic,0.16286934379898788,-0.030985274055135736,0.3333333333333333,0.11764705882352941,0.10144927536231885,0.0,0.056338028169014086,0.005925019778127316,0.9186046511627907,,
2026-09-27T12:00:00+00:00,24,recent_90,vol_normal,2026-06-30T00:00:00+00:00,2026-09-28T00:00:00+00:00,2026-06-30T00:00:00+00:00,2026-09-26T00:00:00+00:00,86,44,selected,0.1597495724043561,-0.01123669343671363,0.3333333333333333,0.058823529411764705,0.13043478260869565,0.0,0.0,0.0044328459592586356,0.9069767441860465,-0.0003583532790833313,0.0039852499653125996
2026-09-27T12:00:00+00:00,24,recent_365,all,2025-09-28T00:00:00+00:00,2026-09-28T00:00:00+00:00,2025-09-28T00:00:00+00:00,2026-09-26T00:00:00+00:00,302,152,catboost,0.18764434255252554,-0.0017294203113376039,0.3333333333333333,0.08450704225352113,0.07792207792207792,0.08860759493670886,0.04035874439461883,-0.006658602952670956,0.8245033112582781,,
2026-09-27T12:00:00+00:00,24,recent_365,all,2025-09-28T00:00:00+00:00,2026-09-28T00:00:00+00:00,2025-09-28T00:00:00+00:00,2026-09-26T00:00:00+00:00,302,152,catboost_calibrated,0.18649604851626417,0.004400686803237797,0.3333333333333333,0.09859154929577464,0.09090909090909091,0.08860759493670886,0.04932735426008968,0.0004695092618015595,0.8410596026490066,,
2026-09-27T12:00:00+00:00,24,recent_365,all,2025-09-28T00:00:00+00:00,2026-09-28T00:00:00+00:00,2025-09-28T00:00:00+00:00,2026-09-26T00:00:00+00:00,302,152,climatology,0.18732038687074365,0.0,0.3333333333333333,0.5492957746478874,0.6190476190476191,0.8481012658227848,0.8340807174887892,0.0002386243229904883,0.847682119205298,,
2026-09-27T12:00:00+00:00,24,recent_365,all,2025-09-28T00:00:00+00:00,2026-09-28T00:00:00+00:00,2025-09-28T00:00:00+00:00,2026-09-26T00:00:00+00:00,302,152,logistic,0.18909445945432923,-0.009470792865753364,0.3333333333333333,0.14084507042253522,0.09956709956709957,0.13924050632911392,0.07623318385650224,0.0002386243229904883,0.847682119205298,,
2026-09-27T12:00:00+00:00,24,recent_365,all,2025-09-28T00:00:00+00:00,2026-09-28T00:00:00+00:00,2025-09-28T00:00:00+00:00,2026-09-26T00:00:00+00:00,302,152,selected,0.18803730241748878,-0.0038272158130860934,0.3333333333333333,0.14084507042253522,0.15584415584415584,0.0759493670886076,0.04035874439461883,-0.0008840598099590924,0.8344370860927153,-0.002173574977252141,0.0038552017199837882
2026-09-27T12:00:00+00:00,24,recent_365,trend_up,2025-09-28T00:00:00+00:00,2026-09-28T00:00:00+00:00,2025-09-29T00:00:00+00:00,2026-09-22T00:00:00+00:00,39,34,catboost,0.15857095699778126,-0.02005831733067298,0.3333333333333333,0.3333333333333333,0.16666666666666666,0.0,0.058823529411764705,0.012572692375634409,0.8205128205128205,,
2026-09-27T12:00:00+00:00,24,recent_365,trend_up,2025-09-28T00:00:00+00:00,2026-09-28T00:00:00+00:00,2025-09-29T00:00:00+00:00,2026-09-22T00:00:00+00:00,39,34,catboost_calibrated,0.1558308836259522,-0.0024319203791201005,0.3333333333333333,0.3333333333333333,0.2,0.0,0.08823529411764706,0.01383530413749201,0.8461538461538461,,
2026-09-27T12:00:00+00:00,24,recent_365,trend_up,2025-09-28T00:00:00+00:00,2026-09-28T00:00:00+00:00,2025-09-29T00:00:00+00:00,2026-09-22T00:00:00+00:00,39,34,climatology,0.15545283470923085,0.0,0.3333333333333333,0.7777777777777778,0.5666666666666667,0.8,0.8235294117647058,0.002325393822225963,0.8717948717948718,,
2026-09-27T12:00:00+00:00,24,recent_365,trend_up,2025-09-28T00:00:00+00:00,2026-09-28T00:00:00+00:00,2025-09-29T00:00:00+00:00,2026-09-22T00:00:00+00:00,39,34,logistic,0.15419882836778856,0.008066796233004436,0.3333333333333333,0.3333333333333333,0.13333333333333333,0.2,0.08823529411764706,0.002325393822225963,0.8717948717948718,,
2026-09-27T12:00:00+00:00,24,recent_365,trend_up,2025-09-28T00:00:00+00:00,2026-09-28T00:00:00+00:00,2025-09-29T00:00:00+00:00,2026-09-22T00:00:00+00:00,39,34,selected,0.15793977133310932,-0.015998013986237014,0.3333333333333333,0.3333333333333333,0.26666666666666666,0.0,0.029411764705882353,0.007298004336377506,0.8461538461538461,,
2026-09-27T12:00:00+00:00,24,recent_365,trend_down,2025-09-28T00:00:00+00:00,2026-09-28T00:00:00+00:00,2025-10-08T00:00:00+00:00,2026-09-24T00:00:00+00:00,37,32,catboost,0.2001533431825933,0.07195008423687732,0.3333333333333333,0.25,0.1724137931034483,0.4,0.18181818181818182,-0.02832897451464289,0.7567567567567568,,
2026-09-27T12:00:00+00:00,24,recent_365,trend_down,2025-09-28T00:00:00+00:00,2026-09-28T00:00:00+00:00,2025-10-08T00:00:00+00:00,2026-09-24T00:00:00+00:00,37,32,catboost_calibrated,0.20488298834426985,0.05002016428605682,0.3333333333333333,0.25,0.20689655172413793,0.4,0.22727272727272727,-0.009701178223221252,0.7567567567567568,,
2026-09-27T12:00:00+00:00,24,recent_365,trend_down,2025-09-28T00:00:00+00:00,2026-09-28T00:00:00+00:00,2025-10-08T00:00:00+00:00,2026-09-24T00:00:00+00:00,37,32,climatology,0.2156708812564354,0.0,0.3333333333333333,0.25,0.4827586206896552,0.9333333333333333,0.8636363636363636,-0.002800413793743628,0.7567567567567568,,
2026-09-27T12:00:00+00:00,24,recent_365,trend_down,2025-09-28T00:00:00+00:00,2026-09-28T00:00:00+00:00,2025-10-08T00:00:00+00:00,2026-09-24T00:00:00+00:00,37,32,logistic,0.206684722230865,0.041666074591153235,0.3333333333333333,0.375,0.27586206896551724,0.4,0.22727272727272727,-0.002800413793743628,0.7567567567567568,,
2026-09-27T12:00:00+00:00,24,recent_365,trend_down,2025-09-28T00:00:00+00:00,2026-09-28T00:00:00+00:00,2025-10-08T00:00:00+00:00,2026-09-24T00:00:00+00:00,37,32,selected,0.20473957957989647,0.05068510692243833,0.3333333333333333,0.25,0.2413793103448276,0.4,0.22727272727272727,-0.011405631700649232,0.7567567567567568,,
2026-09-27T12:00:00+00:00,24,recent_365,trend_range,2025-09-28T00:00:00+00:00,2026-09-28T00:00:00+00:00,2025-09-28T00:00:00+00:00,2026-09-26T00:00:00+00:00,226,129,catboost,0.19061349747873135,-0.012941431848025653,0.3333333333333333,0.018518518518518517,0.046511627906976744,0.01694915254237288,0.017964071856287425,-0.004341958151060421,0.8362831858407079,,
2026-09-27T12:00:00+00:00,24,recent_365,trend_range,2025-09-28T00:00:00+00:00,2026-09-28T00:00:00+00:00,2025-09-28T00:00:00+00:00,2026-09-26T00:00:00+00:00,226,129,catboost_calibrated,0.18877757354761798,-0.0031851268636235996,0.3333333333333333,0.037037037037037035,0.05232558139534884,0.01694915254237288,0.017964071856287425,0.000797612663881897,0.8539823008849557,,
2026-09-27T12:00:00+00:00,24,recent_365,trend_range,2025-09-28T00:00:00+00:00,2026-09-28T00:00:00+00:00,2025-09-28T00:00:00+00:00,2026-09-26T00:00:00+00:00,226,129,climatology,0.18817820210095781,0.0,0.3333333333333333,0.5555555555555556,0.6511627906976745,0.8305084745762712,0.8323353293413174,0.0006702553269374301,0.8584070796460177,,
2026-09-27T12:00:00+00:00,24,recent_365,trend_range,2025-09-28T00:00:00+00:00,2026-09-28T00:00:00+00:00,2025-09-28T00:00:00+00:00,2026-09-26T00:00:00+00:00,226,129,logistic,0.19223645011646756,-0.021565983574083125,0.3333333333333333,0.07407407407407407,0.06395348837209303,0.06779661016949153,0.05389221556886228,0.0006702553269374301,0.8584070796460177,,
2026-09-27T12:00:00+00:00,24,recent_365,trend_range,2025-09-28T00:00:00+00:00,2026-09-28T00:00:00+00:00,2025-09-28T00:00:00+00:00,2026-09-26T00:00:00+00:00,226,129,selected,0.19049668054705393,-0.012320653615620403,0.3333333333333333,0.09259259259259259,0.12209302325581395,0.0,0.017964071856287425,0.0004428300246921424,0.8451327433628318,-0.0005076049532194535,0.005536518278939559
2026-09-27T12:00:00+00:00,24,recent_365,vol_high,2025-09-28T00:00:00+00:00,2026-09-28T00:00:00+00:00,2025-10-02T00:00:00+00:00,2026-09-12T00:00:00+00:00,22,18,catboost,0.20237633476127495,0.12029310869191212,0.3333333333333333,0.7142857142857143,0.4,0.5,0.21428571428571427,0.05197895012740428,0.7272727272727273,,
2026-09-27T12:00:00+00:00,24,recent_365,vol_high,2025-09-28T00:00:00+00:00,2026-09-28T00:00:00+00:00,2025-10-02T00:00:00+00:00,2026-09-12T00:00:00+00:00,22,18,catboost_calibrated,0.21153360958828776,0.08048747736437645,0.3333333333333333,0.7142857142857143,0.4,0.5,0.2857142857142857,0.0412294434445275,0.7272727272727273,,
2026-09-27T12:00:00+00:00,24,recent_365,vol_high,2025-09-28T00:00:00+00:00,2026-09-28T00:00:00+00:00,2025-10-02T00:00:00+00:00,2026-09-12T00:00:00+00:00,22,18,climatology,0.2300497322015401,0.0,0.3333333333333333,0.7142857142857143,0.4,0.875,0.9285714285714286,0.005566529452620039,0.7272727272727273,,
2026-09-27T12:00:00+00:00,24,recent_365,vol_high,2025-09-28T00:00:00+00:00,2026-09-28T00:00:00+00:00,2025-10-02T00:00:00+00:00,2026-09-12T00:00:00+00:00,22,18,logistic,0.2289384470328515,0.004830630133987879,0.3333333333333333,0.7142857142857143,0.3333333333333333,0.625,0.21428571428571427,0.005566529452620039,0.7272727272727273,,
2026-09-27T12:00:00+00:00,24,recent_365,vol_high,2025-09-28T00:00:00+00:00,2026-09-28T00:00:00+00:00,2025-10-02T00:00:00+00:00,2026-09-12T00:00:00+00:00,22,18,selected,0.2120397524306755,0.0782873320412587,0.3333333333333333,0.7142857142857143,0.4,0.5,0.21428571428571427,0.045125536859856874,0.7272727272727273,,
2026-09-27T12:00:00+00:00,24,recent_365,vol_normal,2025-09-28T00:00:00+00:00,2026-09-28T00:00:00+00:00,2025-09-28T00:00:00+00:00,2026-09-26T00:00:00+00:00,280,146,catboost,0.18648682887898094,-0.013718772792895795,0.3333333333333333,0.015625,0.05555555555555555,0.04225352112676056,0.028708133971291867,-0.014895195957485008,0.8321428571428572,,
2026-09-27T12:00:00+00:00,24,recent_365,vol_normal,2025-09-28T00:00:00+00:00,2026-09-28T00:00:00+00:00,2025-09-28T00:00:00+00:00,2026-09-26T00:00:00+00:00,280,146,catboost_calibrated,0.18452881157489093,-0.0030752388203307834,0.3333333333333333,0.03125,0.06944444444444445,0.04225352112676056,0.03349282296650718,-0.005255882933668632,0.85,,
2026-09-27T12:00:00+00:00,24,recent_365,vol_normal,2025-09-28T00:00:00+00:00,2026-09-28T00:00:00+00:00,2025-09-28T00:00:00+00:00,2026-09-26T00:00:00+00:00,280,146,climatology,0.18396308116618104,0.0,0.3333333333333333,0.53125,0.6342592592592593,0.8450704225352113,0.8277511961722488,-0.0005097661506212603,0.8571428571428571,,
2026-09-27T12:00:00+00:00,24,recent_365,vol_normal,2025-09-28T00:00:00+00:00,2026-09-28T00:00:00+00:00,2025-09-28T00:00:00+00:00,2026-09-26T00:00:00+00:00,280,146,logistic,0.1859638604303025,-0.010875982569100717,0.3333333333333333,0.078125,0.08333333333333333,0.08450704225352113,0.06698564593301436,-0.0005097661506212603,0.8571428571428571,,
2026-09-27T12:00:00+00:00,24,recent_365,vol_normal,2025-09-28T00:00:00+00:00,2026-09-28T00:00:00+00:00,2025-09-28T00:00:00+00:00,2026-09-26T00:00:00+00:00,280,146,selected,0.1861513956307384,-0.011895400156842095,0.3333333333333333,0.078125,0.1388888888888889,0.028169014084507043,0.028708133971291867,-0.007346852034038287,0.8428571428571429,5.3916219509264264e-05,0.004421988348984495
2026-09-27T12:00:00+00:00,24,year_2018,all,2018-01-01T00:00:00+00:00,2019-01-01T00:00:00+00:00,2018-07-05T00:00:00+00:00,2018-12-26T00:00:00+00:00,145,73,catboost,0.19544612652614346,0.002632637307866892,0.3333333333333333,0.22580645161290322,0.22807017543859648,0.2608695652173913,0.010101010101010102,-0.03697456196112703,0.7724137931034483,,
2026-09-27T12:00:00+00:00,24,year_2018,all,2018-01-01T00:00:00+00:00,2019-01-01T00:00:00+00:00,2018-07-05T00:00:00+00:00,2018-12-26T00:00:00+00:00,145,73,catboost_calibrated,0.19356454867838271,0.01223438470023619,0.3333333333333333,0.22580645161290322,0.22807017543859648,0.2608695652173913,0.04040404040404041,-0.01269088952247599,0.8206896551724138,,
2026-09-27T12:00:00+00:00,24,year_2018,all,2018-01-01T00:00:00+00:00,2019-01-01T00:00:00+00:00,2018-07-05T00:00:00+00:00,2018-12-26T00:00:00+00:00,145,73,climatology,0.19596202346002942,0.0,0.3333333333333333,0.16129032258064516,0.19298245614035087,0.5434782608695652,0.6363636363636364,-0.009736631145276453,0.8344827586206897,,
2026-09-27T12:00:00+00:00,24,year_2018,all,2018-01-01T00:00:00+00:00,2019-01-01T00:00:00+00:00,2018-07-05T00:00:00+00:00,2018-12-26T00:00:00+00:00,145,73,logistic,0.19634498605321693,-0.001954269436627021,0.3333333333333333,0.0967741935483871,0.07894736842105263,0.21739130434782608,0.04040404040404041,-0.009736631145276453,0.8344827586206897,,
2026-09-27T12:00:00+00:00,24,year_2018,all,2018-01-01T00:00:00+00:00,2019-01-01T00:00:00+00:00,2018-07-05T00:00:00+00:00,2018-12-26T00:00:00+00:00,145,73,selected,0.19671794719589983,-0.0038575011756019073,0.3333333333333333,0.16129032258064516,0.21052631578947367,0.43478260869565216,0.4444444444444444,-0.009736631145276453,0.8344827586206897,-0.003915070039492365,0.0052410880228609645
2026-09-27T12:00:00+00:00,24,year_2018,trend_up,2018-01-01T00:00:00+00:00,2019-01-01T00:00:00+00:00,2018-07-17T00:00:00+00:00,2018-12-24T00:00:00+00:00,19,15,catboost,0.23858047963700102,0.027154899562452872,0.3333333333333333,0.16666666666666666,0.3076923076923077,0.125,0.0,-0.033584822242215484,0.7368421052631579,,
2026-09-27T12:00:00+00:00,24,year_2018,trend_up,2018-01-01T00:00:00+00:00,2019-01-01T00:00:00+00:00,2018-07-17T00:00:00+00:00,2018-12-24T00:00:00+00:00,19,15,catboost_calibrated,0.2409101542813721,0.017655327062479964,0.3333333333333333,0.16666666666666666,0.23076923076923078,0.125,0.0,-0.02667080231382246,0.7894736842105263,,
2026-09-27T12:00:00+00:00,24,year_2018,trend_up,2018-01-01T00:00:00+00:00,2019-01-01T00:00:00+00:00,2018-07-17T00:00:00+00:00,2018-12-24T00:00:00+00:00,19,15,climatology,0.2452399457320564,0.0,0.3333333333333333,0.16666666666666666,0.15384615384615385,0.625,0.6363636363636364,-0.019915266275567278,0.7894736842105263,,
2026-09-27T12:00:00+00:00,24,year_2018,trend_up,2018-01-01T00:00:00+00:00,2019-01-01T00:00:00+00:00,2018-07-17T00:00:00+00:00,2018-12-24T00:00:00+00:00,19,15,logistic,0.26428299731185567,-0.0776506923574567,0.3333333333333333,0.0,0.0,0.0,0.0,-0.019915266275567278,0.7894736842105263,,
2026-09-27T12:00:00+00:00,24,year_2018,trend_up,2018-01-01T00:00:00+00:00,2019-01-01T00:00:00+00:00,2018-07-17T00:00:00+00:00,2018-12-24T00:00:00+00:00,19,15,selected,0.24628645005821315,-0.004267266994505636,0.3333333333333333,0.16666666666666666,0.15384615384615385,0.5,0.2727272727272727,-0.019915266275567278,0.7894736842105263,,
2026-09-27T12:00:00+00:00,24,year_2018,trend_down,2018-01-01T00:00:00+00:00,2019-01-01T00:00:00+00:00,2018-07-11T00:00:00+00:00,2018-12-26T00:00:00+00:00,21,18,catboost,0.21313787255332572,0.22305868376312699,0.3333333333333333,0.42857142857142855,0.35714285714285715,0.7272727272727273,0.1,0.07411198427849186,0.8095238095238095,,
2026-09-27T12:00:00+00:00,24,year_2018,trend_down,2018-01-01T00:00:00+00:00,2019-01-01T00:00:00+00:00,2018-07-11T00:00:00+00:00,2018-12-26T00:00:00+00:00,21,18,catboost_calibrated,0.2364776713067043,0.13797922910348281,0.3333333333333333,0.42857142857142855,0.35714285714285715,0.7272727272727273,0.3,0.11055748802845944,0.8571428571428571,,
2026-09-27T12:00:00+00:00,24,year_2018,trend_down,2018-01-01T00:00:00+00:00,2019-01-01T00:00:00+00:00,2018-07-11T00:00:00+00:00,2018-12-26T00:00:00+00:00,21,18,climatology,0.27432943531135945,0.0,0.3333333333333333,0.14285714285714285,0.07142857142857142,0.5454545454545454,0.6,0.037760172926505686,0.8571428571428571,,
2026-09-27T12:00:00+00:00,24,year_2018,trend_down,2018-01-01T00:00:00+00:00,2019-01-01T00:00:00+00:00,2018-07-11T00:00:00+00:00,2018-12-26T00:00:00+00:00,21,18,logistic,0.21904232739835752,0.2015354562672137,0.3333333333333333,0.42857142857142855,0.2857142857142857,0.5454545454545454,0.2,0.037760172926505686,0.8571428571428571,,
2026-09-27T12:00:00+00:00,24,year_2018,trend_down,2018-01-01T00:00:00+00:00,2019-01-01T00:00:00+00:00,2018-07-11T00:00:00+00:00,2018-12-26T00:00:00+00:00,21,18,selected,0.2622851937659525,0.043904298974468126,0.3333333333333333,0.14285714285714285,0.14285714285714285,0.45454545454545453,0.4,0.037760172926505686,0.8571428571428571,,
2026-09-27T12:00:00+00:00,24,year_2018,trend_range,2018-01-01T00:00:00+00:00,2019-01-01T00:00:00+00:00,2018-07-05T00:00:00+00:00,2018-12-25T00:00:00+00:00,105,63,catboost,0.18410251342445655,-0.0742884521539986,0.3333333333333333,0.16666666666666666,0.19540229885057472,0.1111111111111111,0.0,-0.06360651974863751,0.7714285714285715,,
2026-09-27T12:00:00+00:00,24,year_2018,trend_range,2018-01-01T00:00:00+00:00,2019-01-01T00:00:00+00:00,2018-07-05T00:00:00+00:00,2018-12-25T00:00:00+00:00,105,63,catboost_calibrated,0.1764146240912251,-0.029427518001041486,0.3333333333333333,0.16666666666666666,0.20689655172413793,0.1111111111111111,0.01282051282051282,-0.03829571093020756,0.819047619047619,,
2026-09-27T12:00:00+00:00,24,year_2018,trend_range,2018-01-01T00:00:00+00:00,2019-01-01T00:00:00+00:00,2018-07-05T00:00:00+00:00,2018-12-25T00:00:00+00:00,105,63,climatology,0.17137158372625377,0.0,0.3333333333333333,0.16666666666666666,0.21839080459770116,0.5185185185185185,0.6410256410256411,-0.01853926929987626,0.8380952380952381,,
2026-09-27T12:00:00+00:00,24,year_2018,trend_range,2018-01-01T00:00:00+00:00,2019-01-01T00:00:00+00:00,2018-07-05T00:00:00+00:00,2018-12-25T00:00:00+00:00,105,63,logistic,0.17951197288976842,-0.0475013942598439,0.3333333333333333,0.0,0.05747126436781609,0.14814814814814814,0.02564102564102564,-0.01853926929987626,0.8380952380952381,,
2026-09-27T12:00:00+00:00,24,year_2018,trend_range,2018-01-01T00:00:00+00:00,2019-01-01T00:00:00+00:00,2018-07-05T00:00:00+00:00,2018-12-25T00:00:00+00:00,105,63,selected,0.17463495926870878,-0.01904268765857875,0.3333333333333333,0.16666666666666666,0.22988505747126436,0.4074074074074074,0.47435897435897434,-0.01853926929987626,0.8380952380952381,0.00036053600325862927,0.007130150352625359
2026-09-27T12:00:00+00:00,24,year_2018,vol_high,2018-01-01T00:00:00+00:00,2019-01-01T00:00:00+00:00,2018-07-18T00:00:00+00:00,2018-12-25T00:00:00+00:00,19,15,catboost,0.24802491557714162,0.12626776927890715,0.3333333333333333,0.3333333333333333,0.3076923076923077,0.5454545454545454,0.125,-0.02896099265015395,0.7368421052631579,,
2026-09-27T12:00:00+00:00,24,year_2018,vol_high,2018-01-01T00:00:00+00:00,2019-01-01T00:00:00+00:00,2018-07-18T00:00:00+00:00,2018-12-25T00:00:00+00:00,19,15,catboost_calibrated,0.2606068784660434,0.08194453475148322,0.3333333333333333,0.3333333333333333,0.23076923076923078,0.5454545454545454,0.25,0.04216548237082196,0.7894736842105263,,
2026-09-27T12:00:00+00:00,24,year_2018,vol_high,2018-01-01T00:00:00+00:00,2019-01-01T00:00:00+00:00,2018-07-18T00:00:00+00:00,2018-12-25T00:00:00+00:00,19,15,climatology,0.28386833729648064,0.0,0.3333333333333333,0.0,0.07692307692307693,0.36363636363636365,0.75,-0.009770279991328845,0.7894736842105263,,
2026-09-27T12:00:00+00:00,24,year_2018,vol_high,2018-01-01T00:00:00+00:00,2019-01-01T00:00:00+00:00,2018-07-18T00:00:00+00:00,2018-12-25T00:00:00+00:00,19,15,logistic,0.25362290347778693,0.10654740189323919,0.3333333333333333,0.5,0.23076923076923078,0.45454545454545453,0.375,-0.009770279991328845,0.7894736842105263,,
2026-09-27T12:00:00+00:00,24,year_2018,vol_high,2018-01-01T00:00:00+00:00,2019-01-01T00:00:00+00:00,2018-07-18T00:00:00+00:00,2018-12-25T00:00:00+00:00,19,15,selected,0.2845280319175303,-0.0023239457677191044,0.3333333333333333,0.0,0.15384615384615385,0.18181818181818182,0.625,-0.009770279991328845,0.7894736842105263,,
2026-09-27T12:00:00+00:00,24,year_2018,vol_normal,2018-01-01T00:00:00+00:00,2019-01-01T00:00:00+00:00,2018-07-05T00:00:00+00:00,2018-12-26T00:00:00+00:00,126,68,catboost,0.1875175789708342,-0.026333351683384354,0.3333333333333333,0.2,0.21782178217821782,0.17142857142857143,0.0,-0.03836655562377378,0.7777777777777778,,
2026-09-27T12:00:00+00:00,24,year_2018,vol_normal,2018-01-01T00:00:00+00:00,2019-01-01T00:00:00+00:00,2018-07-05T00:00:00+00:00,2018-12-26T00:00:00+00:00,126,68,catboost_calibrated,0.18345499101198948,-0.004097732286025391,0.3333333333333333,0.2,0.22772277227722773,0.17142857142857143,0.02197802197802198,-0.02221969236526422,0.8253968253968254,,
2026-09-27T12:00:00+00:00,24,year_2018,vol_normal,2018-01-01T00:00:00+00:00,2019-01-01T00:00:00+00:00,2018-07-05T00:00:00+00:00,2018-12-26T00:00:00+00:00,126,68,climatology,0.18270630946881855,0.0,0.3333333333333333,0.2,0.2079207920792079,0.6,0.6263736263736264,-0.009730786186726625,0.8412698412698413,,
2026-09-27T12:00:00+00:00,24,year_2018,vol_normal,2018-01-01T00:00:00+00:00,2019-01-01T00:00:00+00:00,2018-07-05T00:00:00+00:00,2018-12-26T00:00:00+00:00,126,68,logistic,0.18770783977490874,-0.02737469943228077,0.3333333333333333,0.0,0.0594059405940594,0.14285714285714285,0.01098901098901099,-0.009730786186726625,0.8412698412698413,,
2026-09-27T12:00:00+00:00,24,year_2018,vol_normal,2018-01-01T00:00:00+00:00,2019-01-01T00:00:00+00:00,2018-07-05T00:00:00+00:00,2018-12-26T00:00:00+00:00,126,68,selected,0.18347674394422545,-0.004216791842858392,0.3333333333333333,0.2,0.21782178217821782,0.5142857142857142,0.42857142857142855,-0.009730786186726625,0.8412698412698413,-0.006993027899267962,0.008321567694921081
2026-09-27T12:00:00+00:00,24,year_2019,all,2019-01-01T00:00:00+00:00,2020-01-01T00:00:00+00:00,2019-01-26T00:00:00+00:00,2019-12-31T00:00:00+00:00,249,126,catboost,0.18349439499969944,0.03432138554207709,0.3333333333333333,0.14516129032258066,0.03208556149732621,0.15384615384615385,0.059782608695652176,0.0064365170445482844,0.8072289156626506,,
2026-09-27T12:00:00+00:00,24,year_2019,all,2019-01-01T00:00:00+00:00,2020-01-01T00:00:00+00:00,2019-01-26T00:00:00+00:00,2019-12-31T00:00:00+00:00,249,126,catboost_calibrated,0.18561504648135257,0.023161002225985605,0.3333333333333333,0.14516129032258066,0.026737967914438502,0.15384615384615385,0.05434782608695652,0.004887122329014781,0.8755020080321285,,
2026-09-27T12:00:00+00:00,24,year_2019,all,2019-01-01T00:00:00+00:00,2020-01-01T00:00:00+00:00,2019-01-26T00:00:00+00:00,2019-12-31T00:00:00+00:00,249,126,climatology,0.19001600765768512,0.0,0.3333333333333333,0.5161290322580645,0.5775401069518716,0.4153846153846154,0.3967391304347826,-0.0011064150647168702,0.8995983935742972,,
2026-09-27T12:00:00+00:00,24,year_2019,all,2019-01-01T00:00:00+00:00,2020-01-01T00:00:00+00:00,2019-01-26T00:00:00+00:00,2019-12-31T00:00:00+00:00,249,126,logistic,0.18461214824473487,0.028438969324549368,0.3333333333333333,0.22580645161290322,0.0374331550802139,0.12307692307692308,0.06521739130434782,-0.0011064150647168702,0.8995983935742972,,
2026-09-27T12:00:00+00:00,24,year_2019,all,2019-01-01T00:00:00+00:00,2020-01-01T00:00:00+00:00,2019-01-26T00:00:00+00:00,2019-12-31T00:00:00+00:00,249,126,selected,0.18510659201745647,0.02583685290911375,0.3333333333333333,0.0967741935483871,0.0213903743315508,0.24615384615384617,0.15760869565217392,0.007369154241159248,0.8473895582329317,-0.010052337662171399,-0.0007714809019015557
2026-09-27T12:00:00+00:00,24,year_2019,trend_up,2019-01-01T00:00:00+00:00,2020-01-01T00:00:00+00:00,2019-02-09T00:00:00+00:00,2019-12-30T00:00:00+00:00,37,32,catboost,0.22843028482675437,0.09131771268523003,0.3333333333333333,0.5,0.08695652173913043,0.14285714285714285,0.17391304347826086,-0.023777724589382432,0.7567567567567568,,
2026-09-27T12:00:00+00:00,24,year_2019,trend_up,2019-01-01T00:00:00+00:00,2020-01-01T00:00:00+00:00,2019-02-09T00:00:00+00:00,2019-12-30T00:00:00+00:00,37,32,catboost_calibrated,0.23817655285314576,0.05254762959523662,0.3333333333333333,0.5,0.08695652173913043,0.14285714285714285,0.17391304347826086,-0.013415289243039474,0.8378378378378378,,
2026-09-27T12:00:00+00:00,24,year_2019,trend_up,2019-01-01T00:00:00+00:00,2020-01-01T00:00:00+00:00,2019-02-09T00:00:00+00:00,2019-12-30T00:00:00+00:00,37,32,climatology,0.2513863074208087,0.0,0.3333333333333333,0.5,0.6521739130434783,0.42857142857142855,0.4782608695652174,-0.010729298961542177,0.8378378378378378,,
2026-09-27T12:00:00+00:00,24,year_2019,trend_up,2019-01-01T00:00:00+00:00,2020-01-01T00:00:00+00:00,2019-02-09T00:00:00+00:00,2019-12-30T00:00:00+00:00,37,32,logistic,0.21299104111344613,0.15273411945659676,0.3333333333333333,0.5,0.17391304347826086,0.21428571428571427,0.08695652173913043,-0.010729298961542177,0.8378378378378378,,
2026-09-27T12:00:00+00:00,24,year_2019,trend_up,2019-01-01T00:00:00+00:00,2020-01-01T00:00:00+00:00,2019-02-09T00:00:00+00:00,2019-12-30T00:00:00+00:00,37,32,selected,0.23351694413879903,0.07108328001372488,0.3333333333333333,0.35714285714285715,0.043478260869565216,0.21428571428571427,0.391304347826087,-0.015256923531296485,0.7837837837837838,,
2026-09-27T12:00:00+00:00,24,year_2019,trend_down,2019-01-01T00:00:00+00:00,2020-01-01T00:00:00+00:00,2019-01-29T00:00:00+00:00,2019-12-24T00:00:00+00:00,15,13,catboost,0.1980006543997728,0.19034503563076088,0.3333333333333333,0.5,0.09090909090909091,0.5714285714285714,0.25,0.029990337671930045,0.8,,
2026-09-27T12:00:00+00:00,24,year_2019,trend_down,2019-01-01T00:00:00+00:00,2020-01-01T00:00:00+00:00,2019-01-29T00:00:00+00:00,2019-12-24T00:00:00+00:00,15,13,catboost_calibrated,0.21603299982907298,0.11660801672891519,0.3333333333333333,0.5,0.0,0.5714285714285714,0.25,0.010305318837353306,0.8,,
2026-09-27T12:00:00+00:00,24,year_2019,trend_down,2019-01-01T00:00:00+00:00,2020-01-01T00:00:00+00:00,2019-01-29T00:00:00+00:00,2019-12-24T00:00:00+00:00,15,13,climatology,0.24454942304222763,0.0,0.3333333333333333,0.25,0.45454545454545453,0.14285714285714285,0.625,-0.009615506704657717,0.8,,
2026-09-27T12:00:00+00:00,24,year_2019,trend_down,2019-01-01T00:00:00+00:00,2020-01-01T00:00:00+00:00,2019-01-29T00:00:00+00:00,2019-12-24T00:00:00+00:00,15,13,logistic,0.21742405197617004,0.1109197917075998,0.3333333333333333,0.5,0.09090909090909091,0.2857142857142857,0.25,-0.009615506704657717,0.8,,
2026-09-27T12:00:00+00:00,24,year_2019,trend_down,2019-01-01T00:00:00+00:00,2020-01-01T00:00:00+00:00,2019-01-29T00:00:00+00:00,2019-12-24T00:00:00+00:00,15,13,selected,0.20842908333948856,0.14770159444008168,0.3333333333333333,0.25,0.09090909090909091,0.7142857142857143,0.25,0.012023685075906676,0.8,,
2026-09-27T12:00:00+00:00,24,year_2019,trend_range,2019-01-01T00:00:00+00:00,2020-01-01T00:00:00+00:00,2019-01-26T00:00:00+00:00,2019-12-31T00:00:00+00:00,197,111,catboost,0.17395012182913025,0.0022209464290827707,0.3333333333333333,0.0,0.0196078431372549,0.09090909090909091,0.032679738562091505,0.011849224582798135,0.817258883248731,,
2026-09-27T12:00:00+00:00,24,year_2019,trend_range,2019-01-01T00:00:00+00:00,2020-01-01T00:00:00+00:00,2019-01-26T00:00:00+00:00,2019-12-31T00:00:00+00:00,197,111,catboost_calibrated,0.17342700061347366,0.005221573194802542,0.3333333333333333,0.0,0.0196078431372549,0.09090909090909091,0.026143790849673203,0.00902406427472724,0.8883248730964467,,
2026-09-27T12:00:00+00:00,24,year_2019,trend_range,2019-01-01T00:00:00+00:00,2020-01-01T00:00:00+00:00,2019-01-26T00:00:00+00:00,2019-12-31T00:00:00+00:00,197,111,climatology,0.17433731566781857,0.0,0.3333333333333333,0.5454545454545454,0.5751633986928104,0.45454545454545453,0.37254901960784315,0.0021700658178863685,0.9187817258883249,,
2026-09-27T12:00:00+00:00,24,year_2019,trend_range,2019-01-01T00:00:00+00:00,2020-01-01T00:00:00+00:00,2019-01-26T00:00:00+00:00,2019-12-31T00:00:00+00:00,197,111,logistic,0.17678373407156817,-0.014032672204331575,0.3333333333333333,0.11363636363636363,0.013071895424836602,0.06818181818181818,0.05228758169934641,0.0021700658178863685,0.9187817258883249,,
2026-09-27T12:00:00+00:00,24,year_2019,trend_range,2019-01-01T00:00:00+00:00,2020-01-01T00:00:00+00:00,2019-01-26T00:00:00+00:00,2019-12-31T00:00:00+00:00,197,111,selected,0.17423846816811556,0.0005669899144905566,0.3333333333333333,0.0,0.013071895424836602,0.18181818181818182,0.11764705882352941,0.012681561641596839,0.8629441624365483,-0.003327473166283077,0.002543769446508758
2026-09-27T12:00:00+00:00,24,year_2019,vol_high,2019-01-01T00:00:00+00:00,2020-01-01T00:00:00+00:00,2019-02-09T00:00:00+00:00,2019-12-19T00:00:00+00:00,25,17,catboost,0.2854676739651371,0.1399858018093625,0.3333333333333333,0.4666666666666667,0.2,0.3333333333333333,0.46153846153846156,0.0014676647803298914,0.72,,
2026-09-27T12:00:00+00:00,24,year_2019,vol_high,2019-01-01T00:00:00+00:00,2020-01-01T00:00:00+00:00,2019-02-09T00:00:00+00:00,2019-12-19T00:00:00+00:00,25,17,catboost_calibrated,0.3046176149578183,0.08229373139220542,0.3333333333333333,0.4666666666666667,0.2,0.3333333333333333,0.46153846153846156,-0.0013433915881793101,0.76,,
2026-09-27T12:00:00+00:00,24,year_2019,vol_high,2019-01-01T00:00:00+00:00,2020-01-01T00:00:00+00:00,2019-02-09T00:00:00+00:00,2019-12-19T00:00:00+00:00,25,17,climatology,0.33193367570643073,0.0,0.3333333333333333,0.7333333333333333,0.4,0.3333333333333333,0.38461538461538464,-0.004213694721417749,0.76,,
2026-09-27T12:00:00+00:00,24,year_2019,vol_high,2019-01-01T00:00:00+00:00,2020-01-01T00:00:00+00:00,2019-02-09T00:00:00+00:00,2019-12-19T00:00:00+00:00,25,17,logistic,0.29221842710972606,0.11964814510664379,0.3333333333333333,0.6,0.4,0.25,0.38461538461538464,-0.004213694721417749,0.76,,
2026-09-27T12:00:00+00:00,24,year_2019,vol_high,2019-01-01T00:00:00+00:00,2020-01-01T00:00:00+00:00,2019-02-09T00:00:00+00:00,2019-12-19T00:00:00+00:00,25,17,selected,0.29162969660414856,0.1214217840853481,0.3333333333333333,0.4,0.1,0.4166666666666667,0.46153846153846156,-0.01769418455773719,0.76,,
2026-09-27T12:00:00+00:00,24,year_2019,vol_normal,2019-01-01T00:00:00+00:00,2020-01-01T00:00:00+00:00,2019-01-26T00:00:00+00:00,2019-12-31T00:00:00+00:00,224,115,catboost,0.17211344868659256,0.011847337650994771,0.3333333333333333,0.0425531914893617,0.022598870056497175,0.11320754716981132,0.029239766081871343,0.0074101401897403996,0.8169642857142857,,
2026-09-27T12:00:00+00:00,24,year_2019,vol_normal,2019-01-01T00:00:00+00:00,2020-01-01T00:00:00+00:00,2019-01-26T00:00:00+00:00,2019-12-31T00:00:00+00:00,224,115,catboost_calibrated,0.17233350982103277,0.010583903575761111,0.3333333333333333,0.0425531914893617,0.01694915254237288,0.11320754716981132,0.023391812865497075,0.006107962119303201,0.8883928571428571,,
2026-09-27T12:00:00+00:00,24,year_2019,vol_normal,2019-01-01T00:00:00+00:00,2020-01-01T00:00:00+00:00,2019-01-26T00:00:00+00:00,2019-12-31T00:00:00+00:00,224,115,climatology,0.17417698220581618,0.0,0.3333333333333333,0.44680851063829785,0.5875706214689266,0.4339622641509434,0.39766081871345027,-0.0004975582842214887,0.9151785714285714,,
2026-09-27T12:00:00+00:00,24,year_2019,vol_normal,2019-01-01T00:00:00+00:00,2020-01-01T00:00:00+00:00,2019-01-26T00:00:00+00:00,2019-12-31T00:00:00+00:00,224,115,logistic,0.17260251890712425,0.009039445274298452,0.3333333333333333,0.10638297872340426,0.01694915254237288,0.09433962264150944,0.04093567251461988,-0.0004975582842214887,0.9151785714285714,,
2026-09-27T12:00:00+00:00,24,year_2019,vol_normal,2019-01-01T00:00:00+00:00,2020-01-01T00:00:00+00:00,2019-01-26T00:00:00+00:00,2019-12-31T00:00:00+00:00,224,115,selected,0.17321785266626316,0.0055066377164558755,0.3333333333333333,0.0,0.01694915254237288,0.20754716981132076,0.13450292397660818,0.012280197164718398,0.8571428571428571,-0.003816558314965104,0.0020375332977365292
2026-09-27T12:00:00+00:00,24,year_2020,all,2020-01-01T00:00:00+00:00,2021-01-01T00:00:00+00:00,2020-01-01T00:00:00+00:00,2020-11-30T00:00:00+00:00,241,122,catboost,0.18930677263304338,0.049877603925590264,0.3333333333333333,0.2714285714285714,0.1111111111111111,0.2903225806451613,0.12290502793296089,0.02104313005752456,0.7385892116182573,,
2026-09-27T12:00:00+00:00,24,year_2020,all,2020-01-01T00:00:00+00:00,2021-01-01T00:00:00+00:00,2020-01-01T00:00:00+00:00,2020-11-30T00:00:00+00:00,241,122,catboost_calibrated,0.19244311416902685,0.034136443196741806,0.3333333333333333,0.2714285714285714,0.10526315789473684,0.2903225806451613,0.12290502793296089,0.0135916053265418,0.7634854771784232,,
2026-09-27T12:00:00+00:00,24,year_2020,all,2020-01-01T00:00:00+00:00,2021-01-01T00:00:00+00:00,2020-01-01T00:00:00+00:00,2020-11-30T00:00:00+00:00,241,122,climatology,0.19924461670959037,0.0,0.3333333333333333,0.6714285714285714,0.783625730994152,0.24193548387096775,0.13966480446927373,0.0011915301010045898,0.8008298755186722,,
2026-09-27T12:00:00+00:00,24,year_2020,all,2020-01-01T00:00:00+00:00,2021-01-01T00:00:00+00:00,2020-01-01T00:00:00+00:00,2020-11-30T00:00:00+00:00,241,122,logistic,0.19716027401070463,0.010461224665978208,0.33215242766952807,0.22857142857142856,0.08771929824561403,0.16129032258064516,0.09497206703910614,0.0011915301010045898,0.8008298755186722,,
2026-09-27T12:00:00+00:00,24,year_2020,all,2020-01-01T00:00:00+00:00,2021-01-01T00:00:00+00:00,2020-01-01T00:00:00+00:00,2020-11-30T00:00:00+00:00,241,122,selected,0.18959412031065132,0.04843541852377964,0.33147113594040967,0.2714285714285714,0.0935672514619883,0.2903225806451613,0.1340782122905028,0.02051537584672114,0.7427385892116183,-0.01805509540262823,-0.002205750329479215
2026-09-27T12:00:00+00:00,24,year_2020,trend_up,2020-01-01T00:00:00+00:00,2021-01-01T00:00:00+00:00,2020-01-04T00:00:00+00:00,2020-11-30T00:00:00+00:00,43,40,catboost,0.21328899701794818,0.1395556701923103,0.3333333333333333,0.5625,0.4074074074074074,0.4375,0.25925925925925924,0.04419545481718945,0.813953488372093,,
2026-09-27T12:00:00+00:00,24,year_2020,trend_up,2020-01-01T00:00:00+00:00,2021-01-01T00:00:00+00:00,2020-01-04T00:00:00+00:00,2020-11-30T00:00:00+00:00,43,40,catboost_calibrated,0.22623915837835692,0.0873125021505915,0.3333333333333333,0.625,0.37037037037037035,0.4375,0.2962962962962963,0.02389972106349958,0.813953488372093,,
2026-09-27T12:00:00+00:00,24,year_2020,trend_up,2020-01-01T00:00:00+00:00,2021-01-01T00:00:00+00:00,2020-01-04T00:00:00+00:00,2020-11-30T00:00:00+00:00,43,40,climatology,0.24788239009677537,0.0,0.3333333333333333,0.625,0.6666666666666666,0.1875,0.2962962962962963,0.0012044264393606952,0.8837209302325582,,
2026-09-27T12:00:00+00:00,24,year_2020,trend_up,2020-01-01T00:00:00+00:00,2021-01-01T00:00:00+00:00,2020-01-04T00:00:00+00:00,2020-11-30T00:00:00+00:00,43,40,logistic,0.20975712074863667,0.15380386373253174,0.32323232323232326,0.375,0.2222222222222222,0.3125,0.25925925925925924,0.0012044264393606952,0.8837209302325582,,
2026-09-27T12:00:00+00:00,24,year_2020,trend_up,2020-01-01T00:00:00+00:00,2021-01-01T00:00:00+00:00,2020-01-04T00:00:00+00:00,2020-11-30T00:00:00+00:00,43,40,selected,0.20867152945111062,0.15818332488385523,0.32323232323232326,0.5625,0.3333333333333333,0.375,0.25925925925925924,0.045235880703598186,0.8372093023255814,,
2026-09-27T12:00:00+00:00,24,year_2020,trend_down,2020-01-01T00:00:00+00:00,2021-01-01T00:00:00+00:00,2020-01-20T00:00:00+00:00,2020-11-27T00:00:00+00:00,21,20,catboost,0.1930113958712053,0.11243217853957643,0.3333333333333333,0.5,0.06666666666666667,0.42857142857142855,0.21428571428571427,0.04004797571727081,0.7142857142857143,,
2026-09-27T12:00:00+00:00,24,year_2020,trend_down,2020-01-01T00:00:00+00:00,2021-01-01T00:00:00+00:00,2020-01-20T00:00:00+00:00,2020-11-27T00:00:00+00:00,21,20,catboost_calibrated,0.20167370924155015,0.07259830980752047,0.3333333333333333,0.5,0.06666666666666667,0.42857142857142855,0.21428571428571427,0.02457281565501601,0.7142857142857143,,
2026-09-27T12:00:00+00:00,24,year_2020,trend_down,2020-01-01T00:00:00+00:00,2021-01-01T00:00:00+00:00,2020-01-20T00:00:00+00:00,2020-11-27T00:00:00+00:00,21,20,climatology,0.21746101109616628,0.0,0.3333333333333333,1.0,0.9333333333333333,0.42857142857142855,0.0,0.006127699659919217,0.7619047619047619,,
2026-09-27T12:00:00+00:00,24,year_2020,trend_down,2020-01-01T00:00:00+00:00,2021-01-01T00:00:00+00:00,2020-01-20T00:00:00+00:00,2020-11-27T00:00:00+00:00,21,20,logistic,0.2352025839400712,-0.08158507474270493,0.37222222222222223,0.5,0.2,0.14285714285714285,0.14285714285714285,0.006127699659919217,0.7619047619047619,,
2026-09-27T12:00:00+00:00,24,year_2020,trend_down,2020-01-01T00:00:00+00:00,2021-01-01T00:00:00+00:00,2020-01-20T00:00:00+00:00,2020-11-27T00:00:00+00:00,21,20,selected,0.1887415065534584,0.13206737335552743,0.3333333333333333,0.5,0.06666666666666667,0.5714285714285714,0.21428571428571427,0.04805702370381848,0.7142857142857143,,
2026-09-27T12:00:00+00:00,24,year_2020,trend_range,2020-01-01T00:00:00+00:00,2021-01-01T00:00:00+00:00,2020-01-01T00:00:00+00:00,2020-11-29T00:00:00+00:00,177,104,catboost,0.1830410509576066,0.012016914227182651,0.3333333333333333,0.14583333333333334,0.05426356589147287,0.20512820512820512,0.08695652173913043,0.013983926964665438,0.7231638418079096,,
2026-09-27T12:00:00+00:00,24,year_2020,trend_range,2020-01-01T00:00:00+00:00,2021-01-01T00:00:00+00:00,2020-01-01T00:00:00+00:00,2020-11-29T00:00:00+00:00,177,104,catboost_calibrated,0.1831376203977038,0.011495670643191902,0.3333333333333333,0.125,0.05426356589147287,0.20512820512820512,0.07971014492753623,0.01011861281733828,0.7570621468926554,,
2026-09-27T12:00:00+00:00,24,year_2020,trend_range,2020-01-01T00:00:00+00:00,2021-01-01T00:00:00+00:00,2020-01-01T00:00:00+00:00,2020-11-29T00:00:00+00:00,177,104,climatology,0.18526739333237546,0.0,0.3333333333333333,0.6458333333333334,0.7906976744186046,0.23076923076923078,0.12318840579710146,0.0005424563332609988,0.7853107344632768,,
2026-09-27T12:00:00+00:00,24,year_2020,trend_range,2020-01-01T00:00:00+00:00,2021-01-01T00:00:00+00:00,2020-01-01T00:00:00+00:00,2020-11-29T00:00:00+00:00,177,104,logistic,0.18958652870986975,-0.023312981846436598,0.3282442748091603,0.14583333333333334,0.046511627906976744,0.10256410256410256,0.057971014492753624,0.0005424563332609988,0.7853107344632768,,
2026-09-27T12:00:00+00:00,24,year_2020,trend_range,2020-01-01T00:00:00+00:00,2021-01-01T00:00:00+00:00,2020-01-01T00:00:00+00:00,2020-11-29T00:00:00+00:00,177,104,selected,0.1850606530556304,0.0011159021186969431,0.3333333333333333,0.14583333333333334,0.046511627906976744,0.20512820512820512,0.10144927536231885,0.012028501960983817,0.7231638418079096,-0.005647545531854634,0.0047938218747040255
2026-09-27T12:00:00+00:00,24,year_2020,vol_high,2020-01-01T00:00:00+00:00,2021-01-01T00:00:00+00:00,2020-01-04T00:00:00+00:00,2020-11-27T00:00:00+00:00,21,17,catboost,0.24405797726843725,0.22113295498334828,0.3333333333333333,0.8181818181818182,0.4,0.6,0.5454545454545454,0.05404171302254268,0.7619047619047619,,
2026-09-27T12:00:00+00:00,24,year_2020,vol_high,2020-01-01T00:00:00+00:00,2021-01-01T00:00:00+00:00,2020-01-04T00:00:00+00:00,2020-11-27T00:00:00+00:00,21,17,catboost_calibrated,0.27217773958139524,0.13139380191655514,0.3333333333333333,0.8181818181818182,0.4,0.6,0.6363636363636364,0.02823122621323415,0.7619047619047619,,
2026-09-27T12:00:00+00:00,24,year_2020,vol_high,2020-01-01T00:00:00+00:00,2021-01-01T00:00:00+00:00,2020-01-04T00:00:00+00:00,2020-11-27T00:00:00+00:00,21,17,climatology,0.3133499855077569,0.0,0.3333333333333333,0.5454545454545454,0.5,0.4,0.2727272727272727,0.0022469229862577267,0.7619047619047619,,
2026-09-27T12:00:00+00:00,24,year_2020,vol_high,2020-01-01T00:00:00+00:00,2021-01-01T00:00:00+00:00,2020-01-04T00:00:00+00:00,2020-11-27T00:00:00+00:00,21,17,logistic,0.2378387739151451,0.24098042152531873,0.3632478632478633,0.8181818181818182,0.5,0.3,0.5454545454545454,0.0022469229862577267,0.7619047619047619,,
2026-09-27T12:00:00+00:00,24,year_2020,vol_high,2020-01-01T00:00:00+00:00,2021-01-01T00:00:00+00:00,2020-01-04T00:00:00+00:00,2020-11-27T00:00:00+00:00,21,17,selected,0.24237332018679558,0.2265092344138765,0.3076923076923077,0.8181818181818182,0.4,0.6,0.5454545454545454,0.05538367103109931,0.7619047619047619,,
2026-09-27T12:00:00+00:00,24,year_2020,vol_normal,2020-01-01T00:00:00+00:00,2021-01-01T00:00:00+00:00,2020-01-01T00:00:00+00:00,2020-11-30T00:00:00+00:00,220,115,catboost,0.18408052128148306,0.022682013025205117,0.3333333333333333,0.1694915254237288,0.09316770186335403,0.23076923076923078,0.09523809523809523,0.016925206922004832,0.7363636363636363,,
2026-09-27T12:00:00+00:00,24,year_2020,vol_normal,2020-01-01T00:00:00+00:00,2021-01-01T00:00:00+00:00,2020-01-01T00:00:00+00:00,2020-11-30T00:00:00+00:00,220,115,catboost_calibrated,0.1848320817433008,0.01869183767954541,0.3333333333333333,0.1694915254237288,0.08695652173913043,0.23076923076923078,0.08928571428571429,0.011764713741273858,0.7636363636363637,,
2026-09-27T12:00:00+00:00,24,year_2020,vol_normal,2020-01-01T00:00:00+00:00,2021-01-01T00:00:00+00:00,2020-01-01T00:00:00+00:00,2020-11-30T00:00:00+00:00,220,115,climatology,0.18835274059703816,0.0,0.3333333333333333,0.6949152542372882,0.8012422360248447,0.21153846153846154,0.13095238095238096,0.0010598266644096244,0.8045454545454546,,
2026-09-27T12:00:00+00:00,24,year_2020,vol_normal,2020-01-01T00:00:00+00:00,2021-01-01T00:00:00+00:00,2020-01-01T00:00:00+00:00,2020-11-30T00:00:00+00:00,220,115,logistic,0.19327732629255345,-0.02614554839980232,0.3253012048192771,0.11864406779661017,0.062111801242236024,0.1346153846153846,0.06547619047619048,0.0010598266644096244,0.8045454545454546,,
2026-09-27T12:00:00+00:00,24,year_2020,vol_normal,2020-01-01T00:00:00+00:00,2021-01-01T00:00:00+00:00,2020-01-01T00:00:00+00:00,2020-11-30T00:00:00+00:00,220,115,selected,0.18455610577701936,0.020157045806630025,0.3333333333333333,0.1694915254237288,0.07453416149068323,0.23076923076923078,0.10714285714285714,0.016164129625388157,0.740909090909091,-0.008491419472821374,0.00034570069856205683
2026-09-27T12:00:00+00:00,24,year_2021,all,2021-01-01T00:00:00+00:00,2022-01-01T00:00:00+00:00,2021-01-01T00:00:00+00:00,2021-12-31T00:00:00+00:00,365,183,catboost,0.20472171209163,0.015353029149449138,0.3333333333333333,0.1188118811881188,0.06439393939393939,0.13513513513513514,0.07480314960629922,0.00905479315598623,0.7068493150684931,,
2026-09-27T12:00:00+00:00,24,year_2021,all,2021-01-01T00:00:00+00:00,2022-01-01T00:00:00+00:00,2021-01-01T00:00:00+00:00,2021-12-31T00:00:00+00:00,365,183,catboost_calibrated,0.20523431536535403,0.012887568815205253,0.3333333333333333,0.1188118811881188,0.07954545454545454,0.15315315315315314,0.09055118110236221,0.007015649070541863,0.7068493150684931,,
2026-09-27T12:00:00+00:00,24,year_2021,all,2021-01-01T00:00:00+00:00,2022-01-01T00:00:00+00:00,2021-01-01T00:00:00+00:00,2021-12-31T00:00:00+00:00,365,183,climatology,0.20791381901554903,0.0,0.3333333333333333,0.9108910891089109,0.9166666666666666,0.7297297297297297,0.7677165354330708,0.002322041385633966,0.7095890410958904,,
2026-09-27T12:00:00+00:00,24,year_2021,all,2021-01-01T00:00:00+00:00,2022-01-01T00:00:00+00:00,2021-01-01T00:00:00+00:00,2021-12-31T00:00:00+00:00,365,183,logistic,0.201987768371516,0.02850243755846671,0.33717453717453716,0.12871287128712872,0.07575757575757576,0.18018018018018017,0.11023622047244094,0.002322041385633966,0.7095890410958904,,
2026-09-27T12:00:00+00:00,24,year_2021,all,2021-01-01T00:00:00+00:00,2022-01-01T00:00:00+00:00,2021-01-01T00:00:00+00:00,2021-12-31T00:00:00+00:00,365,183,selected,0.2038259935599963,0.019661153236029016,0.3333333333333333,0.2376237623762376,0.24242424242424243,0.22522522522522523,0.14960629921259844,0.006552396731227095,0.726027397260274,-0.009037925711780373,0.0005342968181166236
2026-09-27T12:00:00+00:00,24,year_2021,trend_up,2021-01-01T00:00:00+00:00,2022-01-01T00:00:00+00:00,2021-01-03T00:00:00+00:00,2021-12-12T00:00:00+00:00,56,51,catboost,0.18841073753430948,0.07197648966884296,0.3333333333333333,0.4,0.0975609756097561,0.3125,0.1,0.0048278235007405135,0.7857142857142857,,
2026-09-27T12:00:00+00:00,24,year_2021,trend_up,2021-01-01T00:00:00+00:00,2022-01-01T00:00:00+00:00,2021-01-03T00:00:00+00:00,2021-12-12T00:00:00+00:00,56,51,catboost_calibrated,0.1935725684959289,0.04655171530922986,0.3333333333333333,0.4,0.12195121951219512,0.375,0.15,0.0012341050737763037,0.7857142857142857,,
2026-09-27T12:00:00+00:00,24,year_2021,trend_up,2021-01-01T00:00:00+00:00,2022-01-01T00:00:00+00:00,2021-01-03T00:00:00+00:00,2021-12-12T00:00:00+00:00,56,51,climatology,0.20302366851360992,0.0,0.3333333333333333,1.0,0.8536585365853658,0.5625,0.725,-0.006053384148625884,0.7678571428571429,,
2026-09-27T12:00:00+00:00,24,year_2021,trend_up,2021-01-01T00:00:00+00:00,2022-01-01T00:00:00+00:00,2021-01-03T00:00:00+00:00,2021-12-12T00:00:00+00:00,56,51,logistic,0.17590043595199403,0.1335964065677281,0.3585365853658537,0.3333333333333333,0.12195121951219512,0.375,0.175,-0.006053384148625884,0.7678571428571429,,
2026-09-27T12:00:00+00:00,24,year_2021,trend_up,2021-01-01T00:00:00+00:00,2022-01-01T00:00:00+00:00,2021-01-03T00:00:00+00:00,2021-12-12T00:00:00+00:00,56,51,selected,0.18572875151777546,0.08518670321768462,0.3333333333333333,0.4666666666666667,0.2926829268292683,0.3125,0.2,0.002948431507651561,0.7857142857142857,,
2026-09-27T12:00:00+00:00,24,year_2021,trend_down,2021-01-01T00:00:00+00:00,2022-01-01T00:00:00+00:00,2021-01-12T00:00:00+00:00,2021-12-30T00:00:00+00:00,45,39,catboost,0.24116892809163287,0.050219059972307134,0.3333333333333333,0.35294117647058826,0.39285714285714285,0.3888888888888889,0.2962962962962963,0.05068710141151189,0.6444444444444445,,
2026-09-27T12:00:00+00:00,24,year_2021,trend_down,2021-01-01T00:00:00+00:00,2022-01-01T00:00:00+00:00,2021-01-12T00:00:00+00:00,2021-12-30T00:00:00+00:00,45,39,catboost_calibrated,0.2450239902132028,0.035036902989386554,0.3333333333333333,0.35294117647058826,0.42857142857142855,0.4444444444444444,0.2962962962962963,0.04048469654622533,0.6444444444444445,,
2026-09-27T12:00:00+00:00,24,year_2021,trend_down,2021-01-01T00:00:00+00:00,2022-01-01T00:00:00+00:00,2021-01-12T00:00:00+00:00,2021-12-30T00:00:00+00:00,45,39,climatology,0.2539205809758628,0.0,0.3333333333333333,0.8235294117647058,0.9642857142857143,0.7777777777777778,0.7407407407407407,0.02146646767585625,0.6666666666666666,,
2026-09-27T12:00:00+00:00,24,year_2021,trend_down,2021-01-01T00:00:00+00:00,2022-01-01T00:00:00+00:00,2021-01-12T00:00:00+00:00,2021-12-30T00:00:00+00:00,45,39,logistic,0.2401174236098681,0.054360136200644504,0.3333333333333333,0.35294117647058826,0.25,0.3888888888888889,0.25925925925925924,0.02146646767585625,0.6666666666666666,,
2026-09-27T12:00:00+00:00,24,year_2021,trend_down,2021-01-01T00:00:00+00:00,2022-01-01T00:00:00+00:00,2021-01-12T00:00:00+00:00,2021-12-30T00:00:00+00:00,45,39,selected,0.24538855294158185,0.03360116774107402,0.3333333333333333,0.47058823529411764,0.5714285714285714,0.4444444444444444,0.2222222222222222,0.042239070323327965,0.6666666666666666,,
2026-09-27T12:00:00+00:00,24,year_2021,trend_range,2021-01-01T00:00:00+00:00,2022-01-01T00:00:00+00:00,2021-01-01T00:00:00+00:00,2021-12-31T00:00:00+00:00,264,152,catboost,0.20196902214924295,-0.004276088661175237,0.3333333333333333,0.0,0.010256410256410256,0.03896103896103896,0.0374331550802139,0.002001616541044804,0.7007575757575758,,
2026-09-27T12:00:00+00:00,24,year_2021,trend_range,2021-01-01T00:00:00+00:00,2022-01-01T00:00:00+00:00,2021-01-01T00:00:00+00:00,2021-12-31T00:00:00+00:00,264,152,catboost_calibrated,0.200925688306773,0.0009118120343547531,0.3333333333333333,0.0,0.020512820512820513,0.03896103896103896,0.0481283422459893,0.0017951244715470605,0.7007575757575758,,
2026-09-27T12:00:00+00:00,24,year_2021,trend_range,2021-01-01T00:00:00+00:00,2022-01-01T00:00:00+00:00,2021-01-01T00:00:00+00:00,2021-12-31T00:00:00+00:00,264,152,climatology,0.20110906196969475,0.0,0.3333333333333333,0.9130434782608695,0.9230769230769231,0.7532467532467533,0.7807486631016043,0.0002921065119992905,0.7045454545454546,,
2026-09-27T12:00:00+00:00,24,year_2021,trend_range,2021-01-01T00:00:00+00:00,2022-01-01T00:00:00+00:00,2021-01-01T00:00:00+00:00,2021-12-31T00:00:00+00:00,264,152,logistic,0.2010220718933622,0.0004325517481935659,0.3333333333333333,0.028985507246376812,0.041025641025641026,0.09090909090909091,0.0748663101604278,0.0002921065119992905,0.7045454545454546,,
2026-09-27T12:00:00+00:00,24,year_2021,trend_range,2021-01-01T00:00:00+00:00,2022-01-01T00:00:00+00:00,2021-01-01T00:00:00+00:00,2021-12-31T00:00:00+00:00,264,152,selected,0.20058027531072745,0.0026293527193069766,0.3333333333333333,0.13043478260869565,0.18461538461538463,0.15584415584415584,0.12834224598930483,0.0005028569373014546,0.7234848484848485,-0.0030923501438075538,0.0024714624482675977
2026-09-27T12:00:00+00:00,24,year_2021,vol_high,2021-01-01T00:00:00+00:00,2022-01-01T00:00:00+00:00,2021-01-04T00:00:00+00:00,2021-12-16T00:00:00+00:00,31,25,catboost,0.24758683297062073,0.10618843145387313,0.3333333333333333,0.4,0.1875,0.4166666666666667,0.42105263157894735,0.03843169782600775,0.6451612903225806,,
2026-09-27T12:00:00+00:00,24,year_2021,vol_high,2021-01-01T00:00:00+00:00,2022-01-01T00:00:00+00:00,2021-01-04T00:00:00+00:00,2021-12-16T00:00:00+00:00,31,25,catboost_calibrated,0.2587429064020394,0.06591396542952144,0.3333333333333333,0.4,0.25,0.5833333333333334,0.47368421052631576,0.030224917043810695,0.6129032258064516,,
2026-09-27T12:00:00+00:00,24,year_2021,vol_high,2021-01-01T00:00:00+00:00,2022-01-01T00:00:00+00:00,2021-01-04T00:00:00+00:00,2021-12-16T00:00:00+00:00,31,25,climatology,0.2770011506713269,0.0,0.3333333333333333,1.0,0.9375,0.6666666666666666,0.7894736842105263,0.014161589679453357,0.5806451612903226,,
2026-09-27T12:00:00+00:00,24,year_2021,vol_high,2021-01-01T00:00:00+00:00,2022-01-01T00:00:00+00:00,2021-01-04T00:00:00+00:00,2021-12-16T00:00:00+00:00,31,25,logistic,0.22990780011705955,0.1700113896282891,0.3634085213032581,0.5333333333333333,0.5,0.6666666666666666,0.47368421052631576,0.014161589679453357,0.5806451612903226,,
2026-09-27T12:00:00+00:00,24,year_2021,vol_high,2021-01-01T00:00:00+00:00,2022-01-01T00:00:00+00:00,2021-01-04T00:00:00+00:00,2021-12-16T00:00:00+00:00,31,25,selected,0.25702563812631635,0.07211346413759967,0.3333333333333333,0.3333333333333333,0.5,0.5,0.5263157894736842,0.0176640530536446,0.6129032258064516,,
2026-09-27T12:00:00+00:00,24,year_2021,vol_normal,2021-01-01T00:00:00+00:00,2022-01-01T00:00:00+00:00,2021-01-01T00:00:00+00:00,2021-12-31T00:00:00+00:00,334,174,catboost,0.20074321284837038,0.0037632912696842213,0.3333333333333333,0.06976744186046512,0.056451612903225805,0.10101010101010101,0.04680851063829787,0.005173152528085478,0.7125748502994012,,
2026-09-27T12:00:00+00:00,24,year_2021,vol_normal,2021-01-01T00:00:00+00:00,2022-01-01T00:00:00+00:00,2021-01-01T00:00:00+00:00,2021-12-31T00:00:00+00:00,334,174,catboost_calibrated,0.20026794913141016,0.006121902325296968,0.3333333333333333,0.06976744186046512,0.06854838709677419,0.10101010101010101,0.059574468085106386,0.0039489530206748835,0.7155688622754491,,
2026-09-27T12:00:00+00:00,24,year_2021,vol_normal,2021-01-01T00:00:00+00:00,2022-01-01T00:00:00+00:00,2021-01-01T00:00:00+00:00,2021-12-31T00:00:00+00:00,334,174,climatology,0.20150152176606068,0.0,0.3333333333333333,0.8953488372093024,0.9153225806451613,0.7373737373737373,0.7659574468085106,0.0007576535718226696,0.7215568862275449,,
2026-09-27T12:00:00+00:00,24,year_2021,vol_normal,2021-01-01T00:00:00+00:00,2022-01-01T00:00:00+00:00,2021-01-01T00:00:00+00:00,2021-12-31T00:00:00+00:00,334,174,logistic,0.1993963881795644,0.01044723418486282,0.3333333333333333,0.05813953488372093,0.04838709677419355,0.12121212121212122,0.08085106382978724,0.0007576535718226696,0.7215568862275449,,
2026-09-27T12:00:00+00:00,24,year_2021,vol_normal,2021-01-01T00:00:00+00:00,2022-01-01T00:00:00+00:00,2021-01-01T00:00:00+00:00,2021-12-31T00:00:00+00:00,334,174,selected,0.19888830199845164,0.012968734651259473,0.3333333333333333,0.22093023255813954,0.22580645161290322,0.1919191919191919,0.11914893617021277,0.005084187023334241,0.7365269461077845,-0.006648728375324388,0.0018889229110028295
2026-09-27T12:00:00+00:00,24,year_2022,all,2022-01-01T00:00:00+00:00,2023-01-01T00:00:00+00:00,2022-01-01T00:00:00+00:00,2022-12-31T00:00:00+00:00,365,183,catboost,0.18308037589794823,0.0333890053284297,0.3333333333333333,0.14814814814814814,0.07042253521126761,0.21782178217821782,0.08333333333333333,-0.0035824890877300675,0.8273972602739726,,
2026-09-27T12:00:00+00:00,24,year_2022,all,2022-01-01T00:00:00+00:00,2023-01-01T00:00:00+00:00,2022-01-01T00:00:00+00:00,2022-12-31T00:00:00+00:00,365,183,catboost_calibrated,0.1850101695821153,0.023200257444257688,0.3333333333333333,0.13580246913580246,0.07042253521126761,0.26732673267326734,0.09090909090909091,-0.0045787730450912445,0.8383561643835616,,
2026-09-27T12:00:00+00:00,24,year_2022,all,2022-01-01T00:00:00+00:00,2023-01-01T00:00:00+00:00,2022-01-01T00:00:00+00:00,2022-12-31T00:00:00+00:00,365,183,climatology,0.18940440043324178,0.0,0.3333333333333333,0.25925925925925924,0.25,0.8910891089108911,0.8106060606060606,-0.010561191685527715,0.8465753424657534,,
2026-09-27T12:00:00+00:00,24,year_2022,all,2022-01-01T00:00:00+00:00,2023-01-01T00:00:00+00:00,2022-01-01T00:00:00+00:00,2022-12-31T00:00:00+00:00,365,183,logistic,0.1850266958517214,0.023113003560143563,0.3348235405430977,0.12345679012345678,0.0880281690140845,0.19801980198019803,0.07954545454545454,-0.010561191685527715,0.8465753424657534,,
2026-09-27T12:00:00+00:00,24,year_2022,all,2022-01-01T00:00:00+00:00,2023-01-01T00:00:00+00:00,2022-01-01T00:00:00+00:00,2022-12-31T00:00:00+00:00,365,183,selected,0.18610489478842035,0.017420427599750377,0.3348235405430977,0.13580246913580246,0.09154929577464789,0.2376237623762376,0.09848484848484848,-0.005481326173564449,0.8356164383561644,-0.008846703810221684,0.0031437134095085363
2026-09-27T12:00:00+00:00,24,year_2022,trend_up,2022-01-01T00:00:00+00:00,2023-01-01T00:00:00+00:00,2022-01-12T00:00:00+00:00,2022-12-21T00:00:00+00:00,41,36,catboost,0.180849871461466,0.08197923730482992,0.3333333333333333,0.1111111111111111,0.0625,0.23076923076923078,0.0,-0.01885981586123675,0.8780487804878049,,
2026-09-27T12:00:00+00:00,24,year_2022,trend_up,2022-01-01T00:00:00+00:00,2023-01-01T00:00:00+00:00,2022-01-12T00:00:00+00:00,2022-12-21T00:00:00+00:00,41,36,catboost_calibrated,0.18796404844393155,0.045866620101322475,0.3333333333333333,0.1111111111111111,0.0625,0.23076923076923078,0.03571428571428571,-0.016973698123116554,0.9024390243902439,,
2026-09-27T12:00:00+00:00,24,year_2022,trend_up,2022-01-01T00:00:00+00:00,2023-01-01T00:00:00+00:00,2022-01-12T00:00:00+00:00,2022-12-21T00:00:00+00:00,41,36,climatology,0.1969997616726207,0.0,0.3333333333333333,0.2222222222222222,0.21875,0.9230769230769231,0.8571428571428571,-0.025709243277824756,0.8780487804878049,,
2026-09-27T12:00:00+00:00,24,year_2022,trend_up,2022-01-01T00:00:00+00:00,2023-01-01T00:00:00+00:00,2022-01-12T00:00:00+00:00,2022-12-21T00:00:00+00:00,41,36,logistic,0.1872578926177984,0.049451171778631786,0.32323232323232326,0.1111111111111111,0.125,0.3076923076923077,0.0,-0.025709243277824756,0.8780487804878049,,
2026-09-27T12:00:00+00:00,24,year_2022,trend_up,2022-01-01T00:00:00+00:00,2023-01-01T00:00:00+00:00,2022-01-12T00:00:00+00:00,2022-12-21T00:00:00+00:00,41,36,selected,0.1838743756049125,0.06662640582032953,0.32323232323232326,0.1111111111111111,0.09375,0.3076923076923077,0.0,-0.020268155106307528,0.8536585365853658,,
2026-09-27T12:00:00+00:00,24,year_2022,trend_down,2022-01-01T00:00:00+00:00,2023-01-01T00:00:00+00:00,2022-01-06T00:00:00+00:00,2022-12-17T00:00:00+00:00,52,42,catboost,0.22729906391147175,0.06344874171490333,0.3333333333333333,0.4117647058823529,0.2857142857142857,0.45454545454545453,0.36666666666666664,-0.017765346337069943,0.7692307692307693,,
2026-09-27T12:00:00+00:00,24,year_2022,trend_down,2022-01-01T00:00:00+00:00,2023-01-01T00:00:00+00:00,2022-01-06T00:00:00+00:00,2022-12-17T00:00:00+00:00,52,42,catboost_calibrated,0.23089172995999138,0.04864570711177929,0.3333333333333333,0.4117647058823529,0.2857142857142857,0.5,0.4,-0.008275038541291968,0.7692307692307693,,
2026-09-27T12:00:00+00:00,24,year_2022,trend_down,2022-01-01T00:00:00+00:00,2023-01-01T00:00:00+00:00,2022-01-06T00:00:00+00:00,2022-12-17T00:00:00+00:00,52,42,climatology,0.2426979430124041,0.0,0.3333333333333333,0.23529411764705882,0.2857142857142857,0.8636363636363636,0.8666666666666667,-0.004681791067508545,0.7692307692307693,,
2026-09-27T12:00:00+00:00,24,year_2022,trend_down,2022-01-01T00:00:00+00:00,2023-01-01T00:00:00+00:00,2022-01-06T00:00:00+00:00,2022-12-17T00:00:00+00:00,52,42,logistic,0.23964468557515123,0.012580483375159157,0.32323232323232326,0.47058823529411764,0.22857142857142856,0.36363636363636365,0.3333333333333333,-0.004681791067508545,0.7692307692307693,,
2026-09-27T12:00:00+00:00,24,year_2022,trend_down,2022-01-01T00:00:00+00:00,2023-01-01T00:00:00+00:00,2022-01-06T00:00:00+00:00,2022-12-17T00:00:00+00:00,52,42,selected,0.24208015691859816,0.0025454937365265717,0.32323232323232326,0.47058823529411764,0.2571428571428571,0.36363636363636365,0.4,-0.012778954068506376,0.7692307692307693,,
2026-09-27T12:00:00+00:00,24,year_2022,trend_range,2022-01-01T00:00:00+00:00,2023-01-01T00:00:00+00:00,2022-01-01T00:00:00+00:00,2022-12-31T00:00:00+00:00,272,154,catboost,0.17496301893174437,0.017453826938357064,0.3333333333333333,0.07272727272727272,0.03686635944700461,0.13636363636363635,0.05339805825242718,0.0023993627088880753,0.8308823529411765,,
2026-09-27T12:00:00+00:00,24,year_2022,trend_range,2022-01-01T00:00:00+00:00,2023-01-01T00:00:00+00:00,2022-01-01T00:00:00+00:00,2022-12-31T00:00:00+00:00,272,154,catboost_calibrated,0.17579344100496813,0.012790395574097002,0.3333333333333333,0.05454545454545454,0.03686635944700461,0.19696969696969696,0.05339805825242718,-0.001975047880061309,0.8419117647058824,,
2026-09-27T12:00:00+00:00,24,year_2022,trend_range,2022-01-01T00:00:00+00:00,2023-01-01T00:00:00+00:00,2022-01-01T00:00:00+00:00,2022-12-31T00:00:00+00:00,272,154,climatology,0.1780710400474661,0.0,0.3333333333333333,0.2727272727272727,0.2488479262672811,0.8939393939393939,0.7961165048543689,-0.010373431315058745,0.8566176470588235,,
2026-09-27T12:00:00+00:00,24,year_2022,trend_range,2022-01-01T00:00:00+00:00,2023-01-01T00:00:00+00:00,2022-01-01T00:00:00+00:00,2022-12-31T00:00:00+00:00,272,154,logistic,0.17424870124500264,0.02146524668719063,0.33934056007226737,0.01818181818181818,0.059907834101382486,0.12121212121212122,0.05339805825242718,-0.010373431315058745,0.8566176470588235,,
2026-09-27T12:00:00+00:00,24,year_2022,trend_range,2022-01-01T00:00:00+00:00,2023-01-01T00:00:00+00:00,2022-01-01T00:00:00+00:00,2022-12-31T00:00:00+00:00,272,154,selected,0.17573995969928274,0.013090732482732625,0.33934056007226737,0.03636363636363636,0.06451612903225806,0.18181818181818182,0.06796116504854369,-0.0015433666827560089,0.8455882352941176,-0.008378703965666912,0.003974321088659013
2026-09-27T12:00:00+00:00,24,year_2022,vol_high,2022-01-01T00:00:00+00:00,2023-01-01T00:00:00+00:00,2022-01-08T00:00:00+00:00,2022-12-17T00:00:00+00:00,31,22,catboost,0.23970238321479825,0.1713984787171613,0.3333333333333333,0.6666666666666666,0.5263157894736842,0.6111111111111112,0.5384615384615384,-0.03857231298838126,0.6774193548387096,,
2026-09-27T12:00:00+00:00,24,year_2022,vol_high,2022-01-01T00:00:00+00:00,2023-01-01T00:00:00+00:00,2022-01-08T00:00:00+00:00,2022-12-17T00:00:00+00:00,31,22,catboost_calibrated,0.25819222375025963,0.10748292731343811,0.3333333333333333,0.6666666666666666,0.5263157894736842,0.7777777777777778,0.5384615384615384,-0.025609549088171812,0.6774193548387096,,
2026-09-27T12:00:00+00:00,24,year_2022,vol_high,2022-01-01T00:00:00+00:00,2023-01-01T00:00:00+00:00,2022-01-08T00:00:00+00:00,2022-12-17T00:00:00+00:00,31,22,climatology,0.2892854732437513,0.0,0.3333333333333333,0.25,0.3684210526315789,0.8888888888888888,0.6923076923076923,-0.012908230971171886,0.6129032258064516,,
2026-09-27T12:00:00+00:00,24,year_2022,vol_high,2022-01-01T00:00:00+00:00,2023-01-01T00:00:00+00:00,2022-01-08T00:00:00+00:00,2022-12-17T00:00:00+00:00,31,22,logistic,0.24972908954808323,0.13673823041345035,0.30370370370370375,0.6666666666666666,0.631578947368421,0.7222222222222222,0.23076923076923078,-0.012908230971171886,0.6129032258064516,,
2026-09-27T12:00:00+00:00,24,year_2022,vol_high,2022-01-01T00:00:00+00:00,2023-01-01T00:00:00+00:00,2022-01-08T00:00:00+00:00,2022-12-17T00:00:00+00:00,31,22,selected,0.253981916834882,0.12203708680222114,0.30370370370370375,0.6666666666666666,0.631578947368421,0.7222222222222222,0.38461538461538464,-0.0033220288666808706,0.6129032258064516,,
2026-09-27T12:00:00+00:00,24,year_2022,vol_normal,2022-01-01T00:00:00+00:00,2023-01-01T00:00:00+00:00,2022-01-01T00:00:00+00:00,2022-12-31T00:00:00+00:00,334,172,catboost,0.17782503988949808,0.012818021870392382,0.3333333333333333,0.057971014492753624,0.03773584905660377,0.13253012048192772,0.05976095617529881,0.0031841202834103077,0.8413173652694611,,
2026-09-27T12:00:00+00:00,24,year_2022,vol_normal,2022-01-01T00:00:00+00:00,2023-01-01T00:00:00+00:00,2022-01-01T00:00:00+00:00,2022-12-31T00:00:00+00:00,334,172,catboost_calibrated,0.17821782323716778,0.010637515444694934,0.3333333333333333,0.043478260869565216,0.03773584905660377,0.1566265060240964,0.06772908366533864,-0.0005116749465263748,0.8532934131736527,,
2026-09-27T12:00:00+00:00,24,year_2022,vol_normal,2022-01-01T00:00:00+00:00,2023-01-01T00:00:00+00:00,2022-01-01T00:00:00+00:00,2022-12-31T00:00:00+00:00,334,172,climatology,0.18013400145981123,0.0,0.3333333333333333,0.2608695652173913,0.24150943396226415,0.891566265060241,0.8167330677290837,-0.010107302632820225,0.8682634730538922,,
2026-09-27T12:00:00+00:00,24,year_2022,vol_normal,2022-01-01T00:00:00+00:00,2023-01-01T00:00:00+00:00,2022-01-01T00:00:00+00:00,2022-12-31T00:00:00+00:00,334,172,logistic,0.17902138386193933,0.006176610683464645,0.33203125,0.028985507246376812,0.04905660377358491,0.08433734939759036,0.07171314741035857,-0.010107302632820225,0.8682634730538922,,
2026-09-27T12:00:00+00:00,24,year_2022,vol_normal,2022-01-01T00:00:00+00:00,2023-01-01T00:00:00+00:00,2022-01-01T00:00:00+00:00,2022-12-31T00:00:00+00:00,334,172,selected,0.17980493166434758,0.001826805560287692,0.33203125,0.043478260869565216,0.052830188679245285,0.13253012048192772,0.08366533864541832,-0.005898908194935437,0.8562874251497006,-0.005556181211247767,0.005890401881294724
2026-09-27T12:00:00+00:00,24,year_2023,all,2023-01-01T00:00:00+00:00,2024-01-01T00:00:00+00:00,2023-01-01T00:00:00+00:00,2023-12-31T00:00:00+00:00,334,167,catboost,0.14773478912210805,0.05378971638357655,0.3333333333333333,0.04477611940298507,0.0299625468164794,0.05357142857142857,0.017985611510791366,-0.011520523306382202,0.8473053892215568,,
2026-09-27T12:00:00+00:00,24,year_2023,all,2023-01-01T00:00:00+00:00,2024-01-01T00:00:00+00:00,2023-01-01T00:00:00+00:00,2023-12-31T00:00:00+00:00,334,167,catboost_calibrated,0.15085482945685746,0.03380651359443654,0.3333333333333333,0.029850746268656716,0.0149812734082397,0.017857142857142856,0.014388489208633094,-0.002720097825372747,0.907185628742515,,
2026-09-27T12:00:00+00:00,24,year_2023,all,2023-01-01T00:00:00+00:00,2024-01-01T00:00:00+00:00,2023-01-01T00:00:00+00:00,2023-12-31T00:00:00+00:00,334,167,climatology,0.15613314680692802,0.0,0.3333333333333333,0.0,0.0,0.125,0.08633093525179857,0.00036159884687692045,0.9431137724550899,,
2026-09-27T12:00:00+00:00,24,year_2023,all,2023-01-01T00:00:00+00:00,2024-01-01T00:00:00+00:00,2023-01-01T00:00:00+00:00,2023-12-31T00:00:00+00:00,334,167,logistic,0.15083506878693403,0.033933076533361084,0.3333333333333333,0.07462686567164178,0.03745318352059925,0.0,0.02158273381294964,0.00036159884687692045,0.9431137724550899,,
2026-09-27T12:00:00+00:00,24,year_2023,all,2023-01-01T00:00:00+00:00,2024-01-01T00:00:00+00:00,2023-01-01T00:00:00+00:00,2023-12-31T00:00:00+00:00,334,167,selected,0.14939584186486837,0.04315102257172143,0.3333333333333333,0.04477611940298507,0.0299625468164794,0.17857142857142858,0.10431654676258993,-0.001494607406637316,0.8772455089820359,-0.01099905792111344,-0.0030277123232213985
2026-09-27T12:00:00+00:00,24,year_2023,trend_up,2023-01-01T00:00:00+00:00,2024-01-01T00:00:00+00:00,2023-01-05T00:00:00+00:00,2023-12-28T00:00:00+00:00,47,40,catboost,0.1724189408717536,-0.009403413932377536,0.3333333333333333,0.07692307692307693,0.08823529411764706,0.14285714285714285,0.0,-0.011231068893813312,0.8085106382978723,,
2026-09-27T12:00:00+00:00,24,year_2023,trend_up,2023-01-01T00:00:00+00:00,2024-01-01T00:00:00+00:00,2023-01-05T00:00:00+00:00,2023-12-28T00:00:00+00:00,47,40,catboost_calibrated,0.17110296425448465,-0.0016992064745988689,0.3333333333333333,0.07692307692307693,0.029411764705882353,0.0,0.0,-0.005774701085128342,0.8723404255319149,,
2026-09-27T12:00:00+00:00,24,year_2023,trend_up,2023-01-01T00:00:00+00:00,2024-01-01T00:00:00+00:00,2023-01-05T00:00:00+00:00,2023-12-28T00:00:00+00:00,47,40,climatology,0.17081271817781307,0.0,0.3333333333333333,0.0,0.0,0.14285714285714285,0.025,-0.0019012476745632334,0.9148936170212766,,
2026-09-27T12:00:00+00:00,24,year_2023,trend_up,2023-01-01T00:00:00+00:00,2024-01-01T00:00:00+00:00,2023-01-05T00:00:00+00:00,2023-12-28T00:00:00+00:00,47,40,logistic,0.17068275365560293,0.0007608597509399795,0.3333333333333333,0.15384615384615385,0.029411764705882353,0.0,0.0,-0.0019012476745632334,0.9148936170212766,,
2026-09-27T12:00:00+00:00,24,year_2023,trend_up,2023-01-01T00:00:00+00:00,2024-01-01T00:00:00+00:00,2023-01-05T00:00:00+00:00,2023-12-28T00:00:00+00:00,47,40,selected,0.17532194819956706,-0.026398678446530877,0.3333333333333333,0.07692307692307693,0.08823529411764706,0.2857142857142857,0.025,0.0023272593428560473,0.851063829787234,,
2026-09-27T12:00:00+00:00,24,year_2023,trend_down,2023-01-01T00:00:00+00:00,2024-01-01T00:00:00+00:00,2023-01-19T00:00:00+00:00,2023-12-16T00:00:00+00:00,35,34,catboost,0.14788313085769678,-0.01495991563259147,0.3333333333333333,0.1111111111111111,0.07692307692307693,0.0,0.12121212121212122,0.0178438187821377,0.8285714285714286,,
2026-09-27T12:00:00+00:00,24,year_2023,trend_down,2023-01-01T00:00:00+00:00,2024-01-01T00:00:00+00:00,2023-01-19T00:00:00+00:00,2023-12-16T00:00:00+00:00,35,34,catboost_calibrated,0.1456891848519334,9.76993908203827e-05,0.3333333333333333,0.1111111111111111,0.07692307692307693,0.0,0.09090909090909091,0.0234121905434701,0.8857142857142857,,
2026-09-27T12:00:00+00:00,24,year_2023,trend_down,2023-01-01T00:00:00+00:00,2024-01-01T00:00:00+00:00,2023-01-19T00:00:00+00:00,2023-12-16T00:00:00+00:00,35,34,climatology,0.14570341998730663,0.0,0.3333333333333333,0.0,0.0,0.0,0.06060606060606061,0.009901091735351586,0.8857142857142857,,
2026-09-27T12:00:00+00:00,24,year_2023,trend_down,2023-01-01T00:00:00+00:00,2024-01-01T00:00:00+00:00,2023-01-19T00:00:00+00:00,2023-12-16T00:00:00+00:00,35,34,logistic,0.15765882626375882,-0.08205302440734563,0.3333333333333333,0.1111111111111111,0.15384615384615385,0.0,0.12121212121212122,0.009901091735351586,0.8857142857142857,,
2026-09-27T12:00:00+00:00,24,year_2023,trend_down,2023-01-01T00:00:00+00:00,2024-01-01T00:00:00+00:00,2023-01-19T00:00:00+00:00,2023-12-16T00:00:00+00:00,35,34,selected,0.14915007802510338,-0.02365529949878331,0.3333333333333333,0.1111111111111111,0.07692307692307693,0.0,0.18181818181818182,0.02303056098966605,0.8571428571428571,,
2026-09-27T12:00:00+00:00,24,year_2023,trend_range,2023-01-01T00:00:00+00:00,2024-01-01T00:00:00+00:00,2023-01-01T00:00:00+00:00,2023-12-31T00:00:00+00:00,252,143,catboost,0.1431103958960011,0.0757761221958233,0.3333333333333333,0.022222222222222223,0.014492753623188406,0.0425531914893617,0.004878048780487805,-0.015902536438779924,0.8571428571428571,,
2026-09-27T12:00:00+00:00,24,year_2023,trend_range,2023-01-01T00:00:00+00:00,2024-01-01T00:00:00+00:00,2023-01-01T00:00:00+00:00,2023-12-31T00:00:00+00:00,252,143,catboost_calibrated,0.14779584225719025,0.04551695494197394,0.3333333333333333,0.0,0.004830917874396135,0.02127659574468085,0.004878048780487805,-0.005814666332290663,0.9166666666666666,,
2026-09-27T12:00:00+00:00,24,year_2023,trend_range,2023-01-01T00:00:00+00:00,2024-01-01T00:00:00+00:00,2023-01-01T00:00:00+00:00,2023-12-31T00:00:00+00:00,252,143,climatology,0.15484386341111514,0.0,0.3333333333333333,0.0,0.0,0.1276595744680851,0.1024390243902439,-0.0004890607710994477,0.9563492063492064,,
2026-09-27T12:00:00+00:00,24,year_2023,trend_range,2023-01-01T00:00:00+00:00,2024-01-01T00:00:00+00:00,2023-01-01T00:00:00+00:00,2023-12-31T00:00:00+00:00,252,143,logistic,0.14618557394361542,0.05591625833121783,0.3333333333333333,0.044444444444444446,0.024154589371980676,0.0,0.00975609756097561,-0.0004890607710994477,0.9563492063492064,,
2026-09-27T12:00:00+00:00,24,year_2023,trend_range,2023-01-01T00:00:00+00:00,2024-01-01T00:00:00+00:00,2023-01-01T00:00:00+00:00,2023-12-31T00:00:00+00:00,252,143,selected,0.14459455113733238,0.06619127195612862,0.3333333333333333,0.022222222222222223,0.014492753623188406,0.1702127659574468,0.1073170731707317,-0.006024728332071572,0.8849206349206349,-0.014493303672784206,-0.006225504366585543
2026-09-27T12:00:00+00:00,24,year_2023,vol_high,2023-01-01T00:00:00+00:00,2024-01-01T00:00:00+00:00,2023-01-12T00:00:00+00:00,2023-12-12T00:00:00+00:00,25,21,catboost,0.17668585969824221,-0.06484802362668418,0.3333333333333333,0.2857142857142857,0.2777777777777778,0.0,0.09090909090909091,-0.007898094948252998,0.84,,
2026-09-27T12:00:00+00:00,24,year_2023,vol_high,2023-01-01T00:00:00+00:00,2024-01-01T00:00:00+00:00,2023-01-12T00:00:00+00:00,2023-12-12T00:00:00+00:00,25,21,catboost_calibrated,0.17075966067661152,-0.02913208503046949,0.3333333333333333,0.2857142857142857,0.16666666666666666,0.0,0.09090909090909091,0.009047708459119508,0.92,,
2026-09-27T12:00:00+00:00,24,year_2023,vol_high,2023-01-01T00:00:00+00:00,2024-01-01T00:00:00+00:00,2023-01-12T00:00:00+00:00,2023-12-12T00:00:00+00:00,25,21,climatology,0.16592589344015626,0.0,0.3333333333333333,0.0,0.0,0.0,0.0,0.02000995228208191,0.96,,
2026-09-27T12:00:00+00:00,24,year_2023,vol_high,2023-01-01T00:00:00+00:00,2024-01-01T00:00:00+00:00,2023-01-12T00:00:00+00:00,2023-12-12T00:00:00+00:00,25,21,logistic,0.17797639422119504,-0.07262580017617903,0.3333333333333333,0.14285714285714285,0.16666666666666666,0.0,0.09090909090909091,0.02000995228208191,0.96,,
2026-09-27T12:00:00+00:00,24,year_2023,vol_high,2023-01-01T00:00:00+00:00,2024-01-01T00:00:00+00:00,2023-01-12T00:00:00+00:00,2023-12-12T00:00:00+00:00,25,21,selected,0.17724705355036602,-0.06823021937979146,0.3333333333333333,0.2857142857142857,0.2777777777777778,0.0,0.09090909090909091,0.05586991312587275,0.84,,
2026-09-27T12:00:00+00:00,24,year_2023,vol_normal,2023-01-01T00:00:00+00:00,2024-01-01T00:00:00+00:00,2023-01-01T00:00:00+00:00,2023-12-31T00:00:00+00:00,309,161,catboost,0.14539246949620724,0.0640422894344248,0.3333333333333333,0.016666666666666666,0.012048192771084338,0.05660377358490566,0.01171875,-0.01183394093742729,0.8478964401294499,,
2026-09-27T12:00:00+00:00,24,year_2023,vol_normal,2023-01-01T00:00:00+00:00,2024-01-01T00:00:00+00:00,2023-01-01T00:00:00+00:00,2023-12-31T00:00:00+00:00,309,161,catboost_calibrated,0.14924440621901325,0.039245614002654694,0.3333333333333333,0.0,0.004016064257028112,0.018867924528301886,0.0078125,-0.003738265088779169,0.9061488673139159,,
2026-09-27T12:00:00+00:00,24,year_2023,vol_normal,2023-01-01T00:00:00+00:00,2024-01-01T00:00:00+00:00,2023-01-01T00:00:00+00:00,2023-12-31T00:00:00+00:00,309,161,climatology,0.15534085339000017,0.0,0.3333333333333333,0.0,0.0,0.1320754716981132,0.09375,-0.0013384045151705326,0.941747572815534,,
2026-09-27T12:00:00+00:00,24,year_2023,vol_normal,2023-01-01T00:00:00+00:00,2024-01-01T00:00:00+00:00,2023-01-01T00:00:00+00:00,2023-12-31T00:00:00+00:00,309,161,logistic,0.14863916867089355,0.04314180444394311,0.3333333333333333,0.06666666666666667,0.028112449799196786,0.0,0.015625,-0.0013384045151705326,0.941747572815534,,
2026-09-27T12:00:00+00:00,24,year_2023,vol_normal,2023-01-01T00:00:00+00:00,2024-01-01T00:00:00+00:00,2023-01-01T00:00:00+00:00,2023-12-31T00:00:00+00:00,309,161,selected,0.14714250758610642,0.05277649520381422,0.3333333333333333,0.016666666666666666,0.012048192771084338,0.18867924528301888,0.10546875,-0.006457866953504254,0.8802588996763754,-0.012321532880547164,-0.004565122577240927
2026-09-27T12:00:00+00:00,24,year_2024,all,2024-01-01T00:00:00+00:00,2025-01-01T00:00:00+00:00,2024-01-01T00:00:00+00:00,2024-12-31T00:00:00+00:00,366,183,catboost,0.1943110299730388,0.03667734135674372,0.3333333333333333,0.23,0.10150375939849623,0.1717171717171717,0.10486891385767791,-0.0005275225933407679,0.7622950819672131,,
2026-09-27T12:00:00+00:00,24,year_2024,all,2024-01-01T00:00:00+00:00,2025-01-01T00:00:00+00:00,2024-01-01T00:00:00+00:00,2024-12-31T00:00:00+00:00,366,183,catboost_calibrated,0.19696223610452535,0.023533635929680274,0.3333333333333333,0.21,0.12030075187969924,0.1717171717171717,0.0898876404494382,0.001697251818561507,0.7786885245901639,,
2026-09-27T12:00:00+00:00,24,year_2024,all,2024-01-01T00:00:00+00:00,2025-01-01T00:00:00+00:00,2024-01-01T00:00:00+00:00,2024-12-31T00:00:00+00:00,366,183,climatology,0.2017091866672237,0.0,0.3333333333333333,0.5,0.5,0.15151515151515152,0.17228464419475656,-0.0003619299960371247,0.7814207650273224,,
2026-09-27T12:00:00+00:00,24,year_2024,all,2024-01-01T00:00:00+00:00,2025-01-01T00:00:00+00:00,2024-01-01T00:00:00+00:00,2024-12-31T00:00:00+00:00,366,183,logistic,0.197078992586956,0.02295480020900842,0.33212996389891697,0.18,0.08270676691729323,0.09090909090909091,0.10112359550561797,-0.0003619299960371247,0.7814207650273224,,
2026-09-27T12:00:00+00:00,24,year_2024,all,2024-01-01T00:00:00+00:00,2025-01-01T00:00:00+00:00,2024-01-01T00:00:00+00:00,2024-12-31T00:00:00+00:00,366,183,selected,0.19884618226770137,0.014193723383782553,0.33212996389891697,0.23,0.10150375939849623,0.12121212121212122,0.1198501872659176,-0.00025267954855623387,0.76775956284153,-0.006867272506762214,0.001755989851256608
2026-09-27T12:00:00+00:00,24,year_2024,trend_up,2024-01-01T00:00:00+00:00,2025-01-01T00:00:00+00:00,2024-01-02T00:00:00+00:00,2024-12-24T00:00:00+00:00,48,45,catboost,0.21339762043453148,0.07625749454255326,0.3333333333333333,0.4666666666666667,0.2727272727272727,0.375,0.28125,-0.019042704329404136,0.8333333333333334,,
2026-09-27T12:00:00+00:00,24,year_2024,trend_up,2024-01-01T00:00:00+00:00,2025-01-01T00:00:00+00:00,2024-01-02T00:00:00+00:00,2024-12-24T00:00:00+00:00,48,45,catboost_calibrated,0.22071064236257443,0.04460133462605531,0.3333333333333333,0.4,0.2727272727272727,0.375,0.21875,-0.00277323610539959,0.8333333333333334,,
2026-09-27T12:00:00+00:00,24,year_2024,trend_up,2024-01-01T00:00:00+00:00,2025-01-01T00:00:00+00:00,2024-01-02T00:00:00+00:00,2024-12-24T00:00:00+00:00,48,45,climatology,0.231014183253216,0.0,0.3333333333333333,0.6,0.5454545454545454,0.25,0.1875,-0.003643475643686278,0.8125,,
2026-09-27T12:00:00+00:00,24,year_2024,trend_up,2024-01-01T00:00:00+00:00,2025-01-01T00:00:00+00:00,2024-01-02T00:00:00+00:00,2024-12-24T00:00:00+00:00,48,45,logistic,0.21924611177245087,0.050940904645088714,0.3333333333333333,0.26666666666666666,0.21212121212121213,0.1875,0.125,-0.003643475643686278,0.8125,,
2026-09-27T12:00:00+00:00,24,year_2024,trend_up,2024-01-01T00:00:00+00:00,2025-01-01T00:00:00+00:00,2024-01-02T00:00:00+00:00,2024-12-24T00:00:00+00:00,48,45,selected,0.22279858166061411,0.035563191302400265,0.3333333333333333,0.4,0.30303030303030304,0.25,0.15625,-0.014428401150451187,0.8125,,
2026-09-27T12:00:00+00:00,24,year_2024,trend_down,2024-01-01T00:00:00+00:00,2025-01-01T00:00:00+00:00,2024-01-04T00:00:00+00:00,2024-12-27T00:00:00+00:00,45,37,catboost,0.20697942392220636,0.07693523709179628,0.3333333333333333,0.6363636363636364,0.17647058823529413,0.4117647058823529,0.39285714285714285,-0.012845462040008693,0.8,,
2026-09-27T12:00:00+00:00,24,year_2024,trend_down,2024-01-01T00:00:00+00:00,2025-01-01T00:00:00+00:00,2024-01-04T00:00:00+00:00,2024-12-27T00:00:00+00:00,45,37,catboost_calibrated,0.2127713408227474,0.05110506373798818,0.3333333333333333,0.5454545454545454,0.20588235294117646,0.4117647058823529,0.39285714285714285,-0.004471172724428207,0.8222222222222222,,
2026-09-27T12:00:00+00:00,24,year_2024,trend_down,2024-01-01T00:00:00+00:00,2025-01-01T00:00:00+00:00,2024-01-04T00:00:00+00:00,2024-12-27T00:00:00+00:00,45,37,climatology,0.22423066315531093,0.0,0.3333333333333333,0.45454545454545453,0.4117647058823529,0.11764705882352941,0.25,-0.0005072907462122522,0.8,,
2026-09-27T12:00:00+00:00,24,year_2024,trend_down,2024-01-01T00:00:00+00:00,2025-01-01T00:00:00+00:00,2024-01-04T00:00:00+00:00,2024-12-27T00:00:00+00:00,45,37,logistic,0.22375989323183923,0.002099489502671692,0.3235294117647059,0.45454545454545453,0.08823529411764706,0.058823529411764705,0.2857142857142857,-0.0005072907462122522,0.8,,
2026-09-27T12:00:00+00:00,24,year_2024,trend_down,2024-01-01T00:00:00+00:00,2025-01-01T00:00:00+00:00,2024-01-04T00:00:00+00:00,2024-12-27T00:00:00+00:00,45,37,selected,0.2286796850470676,-0.019841273397452674,0.3235294117647059,0.36363636363636365,0.08823529411764706,0.29411764705882354,0.32142857142857145,-0.004612599102705284,0.8222222222222222,,
2026-09-27T12:00:00+00:00,24,year_2024,trend_range,2024-01-01T00:00:00+00:00,2025-01-01T00:00:00+00:00,2024-01-01T00:00:00+00:00,2024-12-31T00:00:00+00:00,273,157,catboost,0.18886694913104543,0.020624819021072827,0.3333333333333333,0.12162162162162163,0.06030150753768844,0.06060606060606061,0.03864734299516908,0.004227592593896157,0.7435897435897436,,
2026-09-27T12:00:00+00:00,24,year_2024,trend_range,2024-01-01T00:00:00+00:00,2025-01-01T00:00:00+00:00,2024-01-01T00:00:00+00:00,2024-12-31T00:00:00+00:00,273,157,catboost_calibrated,0.1901807957649417,0.013811828231679035,0.3333333333333333,0.12162162162162163,0.08040201005025126,0.06060606060606061,0.028985507246376812,0.0034145919709489547,0.7619047619047619,,
2026-09-27T12:00:00+00:00,24,year_2024,trend_range,2024-01-01T00:00:00+00:00,2025-01-01T00:00:00+00:00,2024-01-01T00:00:00+00:00,2024-12-31T00:00:00+00:00,273,157,climatology,0.19284432850571614,0.0,0.3333333333333333,0.4864864864864865,0.507537688442211,0.13636363636363635,0.15942028985507245,0.00011770550986045514,0.7728937728937729,,
2026-09-27T12:00:00+00:00,24,year_2024,trend_range,2024-01-01T00:00:00+00:00,2025-01-01T00:00:00+00:00,2024-01-01T00:00:00+00:00,2024-12-31T00:00:00+00:00,273,157,logistic,0.1887835264700201,0.0210574097105255,0.3333333333333333,0.12162162162162163,0.06030150753768844,0.07575757575757576,0.07246376811594203,0.00011770550986045514,0.7728937728937729,,
2026-09-27T12:00:00+00:00,24,year_2024,trend_range,2024-01-01T00:00:00+00:00,2025-01-01T00:00:00+00:00,2024-01-01T00:00:00+00:00,2024-12-31T00:00:00+00:00,273,157,selected,0.18971716103718378,0.016216019899385703,0.3333333333333333,0.17567567567567569,0.07035175879396985,0.045454545454545456,0.08695652173913043,0.0024843058622094905,0.7509157509157509,-0.009336798253088087,0.0020325076368104765
2026-09-27T12:00:00+00:00,24,year_2024,vol_high,2024-01-01T00:00:00+00:00,2025-01-01T00:00:00+00:00,2024-01-04T00:00:00+00:00,2024-12-21T00:00:00+00:00,36,26,catboost,0.24868318450699523,0.07348046691826526,0.3333333333333333,0.625,0.65,0.3333333333333333,0.5416666666666666,-0.0005776702603856876,0.7222222222222222,,
2026-09-27T12:00:00+00:00,24,year_2024,vol_high,2024-01-01T00:00:00+00:00,2025-01-01T00:00:00+00:00,2024-01-04T00:00:00+00:00,2024-12-21T00:00:00+00:00,36,26,catboost_calibrated,0.2552522176587597,0.049006204451998325,0.3333333333333333,0.5,0.65,0.3333333333333333,0.4583333333333333,0.004078255333243019,0.75,,
2026-09-27T12:00:00+00:00,24,year_2024,vol_high,2024-01-01T00:00:00+00:00,2025-01-01T00:00:00+00:00,2024-01-04T00:00:00+00:00,2024-12-21T00:00:00+00:00,36,26,climatology,0.268405765477863,0.0,0.3333333333333333,0.625,0.4,0.25,0.25,0.0027478117662461665,0.7222222222222222,,
2026-09-27T12:00:00+00:00,24,year_2024,vol_high,2024-01-01T00:00:00+00:00,2025-01-01T00:00:00+00:00,2024-01-04T00:00:00+00:00,2024-12-21T00:00:00+00:00,36,26,logistic,0.25344928331943833,0.05572340121605246,0.32051282051282054,0.5,0.5,0.3333333333333333,0.20833333333333334,0.0027478117662461665,0.7222222222222222,,
2026-09-27T12:00:00+00:00,24,year_2024,vol_high,2024-01-01T00:00:00+00:00,2025-01-01T00:00:00+00:00,2024-01-04T00:00:00+00:00,2024-12-21T00:00:00+00:00,36,26,selected,0.2781483634143072,-0.036298020346540394,0.32051282051282054,0.5,0.6,0.16666666666666666,0.3333333333333333,0.027000825286091823,0.75,,
2026-09-27T12:00:00+00:00,24,year_2024,vol_normal,2024-01-01T00:00:00+00:00,2025-01-01T00:00:00+00:00,2024-01-01T00:00:00+00:00,2024-12-31T00:00:00+00:00,330,170,catboost,0.1883795222056981,0.031134981898813585,0.3333333333333333,0.15476190476190477,0.056910569105691054,0.14942528735632185,0.06172839506172839,-0.0005210245610374198,0.7666666666666667,,
2026-09-27T12:00:00+00:00,24,year_2024,vol_normal,2024-01-01T00:00:00+00:00,2025-01-01T00:00:00+00:00,2024-01-01T00:00:00+00:00,2024-12-31T00:00:00+00:00,330,170,catboost_calibrated,0.19060332902588162,0.019697599481323436,0.3333333333333333,0.15476190476190477,0.07723577235772358,0.14942528735632185,0.053497942386831275,0.0013887262447098703,0.7818181818181819,,
2026-09-27T12:00:00+00:00,24,year_2024,vol_normal,2024-01-01T00:00:00+00:00,2025-01-01T00:00:00+00:00,2024-01-01T00:00:00+00:00,2024-12-31T00:00:00+00:00,330,170,climatology,0.19443319625151756,0.0,0.3333333333333333,0.47619047619047616,0.508130081300813,0.13793103448275862,0.1646090534979424,-0.0007648839840606048,0.7878787878787878,,
2026-09-27T12:00:00+00:00,24,year_2024,vol_normal,2024-01-01T00:00:00+00:00,2025-01-01T00:00:00+00:00,2024-01-01T00:00:00+00:00,2024-12-31T00:00:00+00:00,330,170,logistic,0.19092950632523065,0.01802001918311602,0.3333333333333333,0.11904761904761904,0.04878048780487805,0.05747126436781609,0.09053497942386832,-0.0007648839840606048,0.7878787878787878,,
2026-09-27T12:00:00+00:00,24,year_2024,vol_normal,2024-01-01T00:00:00+00:00,2025-01-01T00:00:00+00:00,2024-01-01T00:00:00+00:00,2024-12-31T00:00:00+00:00,330,170,selected,0.19019503523352616,0.02179751760347004,0.3333333333333333,0.17857142857142858,0.06097560975609756,0.11494252873563218,0.09876543209876543,-0.0037841330582764066,0.7696969696969697,-0.009227094926893043,8.433244162867427e-05
2026-09-27T12:00:00+00:00,24,year_2025,all,2025-01-01T00:00:00+00:00,2026-01-01T00:00:00+00:00,2025-01-01T00:00:00+00:00,2025-12-31T00:00:00+00:00,334,168,catboost,0.1915026653057591,0.04184130281712184,0.3333333333333333,0.16279069767441862,0.10483870967741936,0.11458333333333333,0.06722689075630252,-0.003917709645460787,0.7245508982035929,,
2026-09-27T12:00:00+00:00,24,year_2025,all,2025-01-01T00:00:00+00:00,2026-01-01T00:00:00+00:00,2025-01-01T00:00:00+00:00,2025-12-31T00:00:00+00:00,334,168,catboost_calibrated,0.1945300211734845,0.026694321183746705,0.3333333333333333,0.19767441860465115,0.12096774193548387,0.14583333333333334,0.08823529411764706,0.0018219833207068215,0.7305389221556886,,
2026-09-27T12:00:00+00:00,24,year_2025,all,2025-01-01T00:00:00+00:00,2026-01-01T00:00:00+00:00,2025-01-01T00:00:00+00:00,2025-12-31T00:00:00+00:00,334,168,climatology,0.19986528940227122,0.0,0.3333333333333333,0.7441860465116279,0.717741935483871,1.0,1.0,-0.00038923140102187226,0.7275449101796407,,
2026-09-27T12:00:00+00:00,24,year_2025,all,2025-01-01T00:00:00+00:00,2026-01-01T00:00:00+00:00,2025-01-01T00:00:00+00:00,2025-12-31T00:00:00+00:00,334,168,logistic,0.19623187497393368,0.018179316874900264,0.3292181069958848,0.1744186046511628,0.13709677419354838,0.125,0.03361344537815126,-0.00038923140102187226,0.7275449101796407,,
2026-09-27T12:00:00+00:00,24,year_2025,all,2025-01-01T00:00:00+00:00,2026-01-01T00:00:00+00:00,2025-01-01T00:00:00+00:00,2025-12-31T00:00:00+00:00,334,168,selected,0.1915026653057591,0.04184130281712184,0.3333333333333333,0.16279069767441862,0.10483870967741936,0.11458333333333333,0.06722689075630252,-0.003917709645460787,0.7245508982035929,-0.014694756670358388,-0.0028476887161232155
2026-09-27T12:00:00+00:00,24,year_2025,trend_up,2025-01-01T00:00:00+00:00,2026-01-01T00:00:00+00:00,2025-01-04T00:00:00+00:00,2025-12-20T00:00:00+00:00,46,39,catboost,0.20712207777134,0.024554361897692445,0.3333333333333333,0.3076923076923077,0.21212121212121213,0.0,0.03125,-0.005129658076390431,0.6521739130434783,,
2026-09-27T12:00:00+00:00,24,year_2025,trend_up,2025-01-01T00:00:00+00:00,2026-01-01T00:00:00+00:00,2025-01-04T00:00:00+00:00,2025-12-20T00:00:00+00:00,46,39,catboost_calibrated,0.2082617801270672,0.019186910471986285,0.3333333333333333,0.46153846153846156,0.30303030303030304,0.07142857142857142,0.0625,0.000237806258897022,0.6521739130434783,,
2026-09-27T12:00:00+00:00,24,year_2025,trend_up,2025-01-01T00:00:00+00:00,2026-01-01T00:00:00+00:00,2025-01-04T00:00:00+00:00,2025-12-20T00:00:00+00:00,46,39,climatology,0.21233584905283717,0.0,0.3333333333333333,0.8461538461538461,0.7272727272727273,1.0,1.0,-0.0026918720358692916,0.6521739130434783,,
2026-09-27T12:00:00+00:00,24,year_2025,trend_up,2025-01-01T00:00:00+00:00,2026-01-01T00:00:00+00:00,2025-01-04T00:00:00+00:00,2025-12-20T00:00:00+00:00,46,39,logistic,0.21936378624552993,-0.03309821315638484,0.3333333333333333,0.15384615384615385,0.12121212121212122,0.0,0.0,-0.0026918720358692916,0.6521739130434783,,
2026-09-27T12:00:00+00:00,24,year_2025,trend_up,2025-01-01T00:00:00+00:00,2026-01-01T00:00:00+00:00,2025-01-04T00:00:00+00:00,2025-12-20T00:00:00+00:00,46,39,selected,0.20712207777134,0.024554361897692445,0.3333333333333333,0.3076923076923077,0.21212121212121213,0.0,0.03125,-0.005129658076390431,0.6521739130434783,,
2026-09-27T12:00:00+00:00,24,year_2025,trend_down,2025-01-01T00:00:00+00:00,2026-01-01T00:00:00+00:00,2025-01-08T00:00:00+00:00,2025-12-18T00:00:00+00:00,37,32,catboost,0.26612717207312364,0.13479565227431145,0.3333333333333333,0.2857142857142857,0.34782608695652173,0.42857142857142855,0.5,-0.006491263515753909,0.7567567567567568,,
2026-09-27T12:00:00+00:00,24,year_2025,trend_down,2025-01-01T00:00:00+00:00,2026-01-01T00:00:00+00:00,2025-01-08T00:00:00+00:00,2025-12-18T00:00:00+00:00,37,32,catboost_calibrated,0.28357877067013426,0.07805887164693404,0.3333333333333333,0.2857142857142857,0.34782608695652173,0.5238095238095238,0.5625,0.004040381211864896,0.7027027027027027,,
2026-09-27T12:00:00+00:00,24,year_2025,trend_down,2025-01-01T00:00:00+00:00,2026-01-01T00:00:00+00:00,2025-01-08T00:00:00+00:00,2025-12-18T00:00:00+00:00,37,32,climatology,0.3075888057805955,0.0,0.3333333333333333,0.7142857142857143,0.782608695652174,1.0,1.0,-0.0027331061835158543,0.6756756756756757,,
2026-09-27T12:00:00+00:00,24,year_2025,trend_down,2025-01-01T00:00:00+00:00,2026-01-01T00:00:00+00:00,2025-01-08T00:00:00+00:00,2025-12-18T00:00:00+00:00,37,32,logistic,0.26838514439386196,0.12745477289800233,0.3194444444444445,0.35714285714285715,0.391304347826087,0.23809523809523808,0.1875,-0.0027331061835158543,0.6756756756756757,,
2026-09-27T12:00:00+00:00,24,year_2025,trend_down,2025-01-01T00:00:00+00:00,2026-01-01T00:00:00+00:00,2025-01-08T00:00:00+00:00,2025-12-18T00:00:00+00:00,37,32,selected,0.26612717207312364,0.13479565227431145,0.3333333333333333,0.2857142857142857,0.34782608695652173,0.42857142857142855,0.5,-0.006491263515753909,0.7567567567567568,,
2026-09-27T12:00:00+00:00,24,year_2025,trend_range,2025-01-01T00:00:00+00:00,2026-01-01T00:00:00+00:00,2025-01-01T00:00:00+00:00,2025-12-31T00:00:00+00:00,251,143,catboost,0.1776397181989495,0.022347613788620935,0.3333333333333333,0.1016949152542373,0.057291666666666664,0.03278688524590164,0.03684210526315789,-0.003139428826070212,0.7330677290836654,,
2026-09-27T12:00:00+00:00,24,year_2025,trend_range,2025-01-01T00:00:00+00:00,2026-01-01T00:00:00+00:00,2025-01-01T00:00:00+00:00,2025-12-31T00:00:00+00:00,251,143,catboost_calibrated,0.17888673574224606,0.015484567116333725,0.3333333333333333,0.11864406779661017,0.0625,0.03278688524590164,0.05263157894736842,0.0017341376464408143,0.749003984063745,,
2026-09-27T12:00:00+00:00,24,year_2025,trend_range,2025-01-01T00:00:00+00:00,2026-01-01T00:00:00+00:00,2025-01-01T00:00:00+00:00,2025-12-31T00:00:00+00:00,251,143,climatology,0.1817002860161197,0.0,0.3333333333333333,0.7288135593220338,0.7083333333333334,1.0,1.0,0.0005854723755543967,0.749003984063745,,
2026-09-27T12:00:00+00:00,24,year_2025,trend_range,2025-01-01T00:00:00+00:00,2026-01-01T00:00:00+00:00,2025-01-01T00:00:00+00:00,2025-12-31T00:00:00+00:00,251,143,logistic,0.18135642124074333,0.0018924834017369774,0.3298059964726631,0.13559322033898305,0.109375,0.11475409836065574,0.02631578947368421,0.0005854723755543967,0.749003984063745,,
2026-09-27T12:00:00+00:00,24,year_2025,trend_range,2025-01-01T00:00:00+00:00,2026-01-01T00:00:00+00:00,2025-01-01T00:00:00+00:00,2025-12-31T00:00:00+00:00,251,143,selected,0.1776397181989495,0.022347613788620935,0.3333333333333333,0.1016949152542373,0.057291666666666664,0.03278688524590164,0.03684210526315789,-0.003139428826070212,0.7330677290836654,-0.008388100119614661,0.00022737428448263474
2026-09-27T12:00:00+00:00,24,year_2025,vol_high,2025-01-01T00:00:00+00:00,2026-01-01T00:00:00+00:00,2025-01-20T00:00:00+00:00,2025-12-02T00:00:00+00:00,26,19,catboost,0.25818369255020185,0.10999291416155921,0.3333333333333333,0.4166666666666667,0.5,0.45454545454545453,0.3333333333333333,0.0207042217157839,0.6153846153846154,,
2026-09-27T12:00:00+00:00,24,year_2025,vol_high,2025-01-01T00:00:00+00:00,2026-01-01T00:00:00+00:00,2025-01-20T00:00:00+00:00,2025-12-02T00:00:00+00:00,26,19,catboost_calibrated,0.27058535540333306,0.06724208158014056,0.3333333333333333,0.4166666666666667,0.5,0.45454545454545453,0.4666666666666667,0.02476095270830292,0.6153846153846154,,
2026-09-27T12:00:00+00:00,24,year_2025,vol_high,2025-01-01T00:00:00+00:00,2026-01-01T00:00:00+00:00,2025-01-20T00:00:00+00:00,2025-12-02T00:00:00+00:00,26,19,climatology,0.2900917269742601,0.0,0.3333333333333333,0.6666666666666666,0.6428571428571429,1.0,1.0,0.005964426634866293,0.6153846153846154,,
2026-09-27T12:00:00+00:00,24,year_2025,vol_high,2025-01-01T00:00:00+00:00,2026-01-01T00:00:00+00:00,2025-01-20T00:00:00+00:00,2025-12-02T00:00:00+00:00,26,19,logistic,0.2668933701254445,0.07996903976125458,0.3333333333333333,0.4166666666666667,0.5,0.45454545454545453,0.13333333333333333,0.005964426634866293,0.6153846153846154,,
2026-09-27T12:00:00+00:00,24,year_2025,vol_high,2025-01-01T00:00:00+00:00,2026-01-01T00:00:00+00:00,2025-01-20T00:00:00+00:00,2025-12-02T00:00:00+00:00,26,19,selected,0.25818369255020185,0.10999291416155921,0.3333333333333333,0.4166666666666667,0.5,0.45454545454545453,0.3333333333333333,0.0207042217157839,0.6153846153846154,,
2026-09-27T12:00:00+00:00,24,year_2025,vol_normal,2025-01-01T00:00:00+00:00,2026-01-01T00:00:00+00:00,2025-01-01T00:00:00+00:00,2025-12-31T00:00:00+00:00,308,161,catboost,0.185873747421488,0.03316028736576182,0.3333333333333333,0.12162162162162163,0.0811965811965812,0.07058823529411765,0.04932735426008968,-0.007476277041089441,0.7337662337662337,,
2026-09-27T12:00:00+00:00,24,year_2025,vol_normal,2025-01-01T00:00:00+00:00,2026-01-01T00:00:00+00:00,2025-01-01T00:00:00+00:00,2025-12-31T00:00:00+00:00,308,161,catboost_calibrated,0.18810976568654925,0.02152942885654774,0.3333333333333333,0.16216216216216217,0.09829059829059829,0.10588235294117647,0.06278026905829596,-0.0014933483384704793,0.7402597402597403,,
2026-09-27T12:00:00+00:00,24,year_2025,vol_normal,2025-01-01T00:00:00+00:00,2026-01-01T00:00:00+00:00,2025-01-01T00:00:00+00:00,2025-12-31T00:00:00+00:00,308,161,climatology,0.19224877194489554,0.0,0.3333333333333333,0.7567567567567568,0.7222222222222222,1.0,1.0,-0.0013075151862282919,0.737012987012987,,
2026-09-27T12:00:00+00:00,24,year_2025,vol_normal,2025-01-01T00:00:00+00:00,2026-01-01T00:00:00+00:00,2025-01-01T00:00:00+00:00,2025-12-31T00:00:00+00:00,308,161,logistic,0.1902669435650399,0.010308666005022338,0.32896652110625907,0.13513513513513514,0.11538461538461539,0.08235294117647059,0.026905829596412557,-0.0013075151862282919,0.737012987012987,,
2026-09-27T12:00:00+00:00,24,year_2025,vol_normal,2025-01-01T00:00:00+00:00,2026-01-01T00:00:00+00:00,2025-01-01T00:00:00+00:00,2025-12-31T00:00:00+00:00,308,161,selected,0.185873747421488,0.03316028736576182,0.3333333333333333,0.12162162162162163,0.0811965811965812,0.07058823529411765,0.04932735426008968,-0.007476277041089441,0.7337662337662337,-0.011221617447616261,-0.0015943643140948326
2026-09-27T12:00:00+00:00,24,year_2026,all,2026-01-01T00:00:00+00:00,2026-09-28T00:00:00+00:00,2026-01-01T00:00:00+00:00,2026-09-26T00:00:00+00:00,238,120,catboost,0.1840265258056546,0.0004847568860770757,0.3333333333333333,0.07142857142857142,0.08241758241758242,0.1016949152542373,0.0335195530726257,-0.006991810204843185,0.8361344537815126,,
2026-09-27T12:00:00+00:00,24,year_2026,all,2026-01-01T00:00:00+00:00,2026-09-28T00:00:00+00:00,2026-01-01T00:00:00+00:00,2026-09-26T00:00:00+00:00,238,120,catboost_calibrated,0.18308873975018475,0.005578215305281797,0.3333333333333333,0.08928571428571429,0.08791208791208792,0.1016949152542373,0.03910614525139665,0.0007764820347500034,0.8529411764705882,,
2026-09-27T12:00:00+00:00,24,year_2026,all,2026-01-01T00:00:00+00:00,2026-09-28T00:00:00+00:00,2026-01-01T00:00:00+00:00,2026-09-26T00:00:00+00:00,238,120,climatology,0.18411577719648603,0.0,0.3333333333333333,0.42857142857142855,0.5164835164835165,0.7966101694915254,0.7932960893854749,0.0005545782239573249,0.865546218487395,,
2026-09-27T12:00:00+00:00,24,year_2026,all,2026-01-01T00:00:00+00:00,2026-09-28T00:00:00+00:00,2026-01-01T00:00:00+00:00,2026-09-26T00:00:00+00:00,238,120,logistic,0.18551731216750877,-0.007612248077616179,0.3333333333333333,0.10714285714285714,0.06593406593406594,0.15254237288135594,0.0893854748603352,0.0005545782239573249,0.865546218487395,,
2026-09-27T12:00:00+00:00,24,year_2026,all,2026-01-01T00:00:00+00:00,2026-09-28T00:00:00+00:00,2026-01-01T00:00:00+00:00,2026-09-26T00:00:00+00:00,238,120,selected,0.18452515555027182,-0.002223483288718464,0.3333333333333333,0.14285714285714285,0.1813186813186813,0.0847457627118644,0.0335195530726257,0.0004825474497065496,0.8487394957983193,-0.002501967431940703,0.0030551055542618446
2026-09-27T12:00:00+00:00,24,year_2026,trend_up,2026-01-01T00:00:00+00:00,2026-09-28T00:00:00+00:00,2026-01-03T00:00:00+00:00,2026-09-22T00:00:00+00:00,29,26,catboost,0.14356231103087153,0.002446750344823001,0.3333333333333333,0.4,0.16666666666666666,0.0,0.08,0.020050057489261475,0.8275862068965517,,
2026-09-27T12:00:00+00:00,24,year_2026,trend_up,2026-01-01T00:00:00+00:00,2026-09-28T00:00:00+00:00,2026-01-03T00:00:00+00:00,2026-09-22T00:00:00+00:00,29,26,catboost_calibrated,0.14254730546986843,0.009499590944323844,0.3333333333333333,0.4,0.16666666666666666,0.0,0.08,0.01624059538887146,0.8620689655172413,,
2026-09-27T12:00:00+00:00,24,year_2026,trend_up,2026-01-01T00:00:00+00:00,2026-09-28T00:00:00+00:00,2026-01-03T00:00:00+00:00,2026-09-22T00:00:00+00:00,29,26,climatology,0.14391443372120388,0.0,0.3333333333333333,0.6,0.4583333333333333,0.75,0.76,0.0013669220132308535,0.896551724137931,,
2026-09-27T12:00:00+00:00,24,year_2026,trend_up,2026-01-01T00:00:00+00:00,2026-09-28T00:00:00+00:00,2026-01-03T00:00:00+00:00,2026-09-22T00:00:00+00:00,29,26,logistic,0.1365986531431649,0.050834238018205746,0.3333333333333333,0.4,0.08333333333333333,0.25,0.12,0.0013669220132308535,0.896551724137931,,
2026-09-27T12:00:00+00:00,24,year_2026,trend_up,2026-01-01T00:00:00+00:00,2026-09-28T00:00:00+00:00,2026-01-03T00:00:00+00:00,2026-09-22T00:00:00+00:00,29,26,selected,0.14271347513700242,0.008344948822353704,0.3333333333333333,0.4,0.2916666666666667,0.0,0.04,0.013039290730207154,0.8620689655172413,,
2026-09-27T12:00:00+00:00,24,year_2026,trend_down,2026-01-01T00:00:00+00:00,2026-09-28T00:00:00+00:00,2026-01-08T00:00:00+00:00,2026-09-24T00:00:00+00:00,30,26,catboost,0.19079282867229552,0.09080601592779314,0.3333333333333333,0.3333333333333333,0.16666666666666666,0.4166666666666667,0.1111111111111111,-0.027677726818758464,0.7666666666666667,,
2026-09-27T12:00:00+00:00,24,year_2026,trend_down,2026-01-01T00:00:00+00:00,2026-09-28T00:00:00+00:00,2026-01-08T00:00:00+00:00,2026-09-24T00:00:00+00:00,30,26,catboost_calibrated,0.1970573597029523,0.060953353405085564,0.3333333333333333,0.3333333333333333,0.20833333333333334,0.4166666666666667,0.16666666666666666,-0.0075810648829433,0.7666666666666667,,
2026-09-27T12:00:00+00:00,24,year_2026,trend_down,2026-01-01T00:00:00+00:00,2026-09-28T00:00:00+00:00,2026-01-08T00:00:00+00:00,2026-09-24T00:00:00+00:00,30,26,climatology,0.20984831841687926,0.0,0.3333333333333333,0.0,0.375,0.9166666666666666,0.8333333333333334,-0.0024089331380274803,0.7666666666666667,,
2026-09-27T12:00:00+00:00,24,year_2026,trend_down,2026-01-01T00:00:00+00:00,2026-09-28T00:00:00+00:00,2026-01-08T00:00:00+00:00,2026-09-24T00:00:00+00:00,30,26,logistic,0.18988138715388508,0.09514935079598008,0.3333333333333333,0.5,0.16666666666666666,0.4166666666666667,0.2777777777777778,-0.0024089331380274803,0.7666666666666667,,
2026-09-27T12:00:00+00:00,24,year_2026,trend_down,2026-01-01T00:00:00+00:00,2026-09-28T00:00:00+00:00,2026-01-08T00:00:00+00:00,2026-09-24T00:00:00+00:00,30,26,selected,0.19644918689563606,0.0638515077096059,0.3333333333333333,0.3333333333333333,0.25,0.4166666666666667,0.16666666666666666,-0.0061219331481559,0.7666666666666667,,
2026-09-27T12:00:00+00:00,24,year_2026,trend_range,2026-01-01T00:00:00+00:00,2026-09-28T00:00:00+00:00,2026-01-01T00:00:00+00:00,2026-09-26T00:00:00+00:00,179,102,catboost,0.1894481634730818,-0.016810331464017336,0.3333333333333333,0.0,0.05223880597014925,0.023255813953488372,0.014705882352941176,-0.006088269368747623,0.8491620111731844,,
2026-09-27T12:00:00+00:00,24,year_2026,trend_range,2026-01-01T00:00:00+00:00,2026-09-28T00:00:00+00:00,2026-01-01T00:00:00+00:00,2026-09-26T00:00:00+00:00,179,102,catboost_calibrated,0.1873157955912247,-0.005365439874648992,0.3333333333333333,0.022222222222222223,0.05223880597014925,0.023255813953488372,0.014705882352941176,0.00036860299641316985,0.8659217877094972,,
2026-09-27T12:00:00+00:00,24,year_2026,trend_range,2026-01-01T00:00:00+00:00,2026-09-28T00:00:00+00:00,2026-01-01T00:00:00+00:00,2026-09-26T00:00:00+00:00,179,102,climatology,0.18631612761085126,0.0,0.3333333333333333,0.4666666666666667,0.5522388059701493,0.7674418604651163,0.7941176470588235,0.0012054352674940594,0.8770949720670391,,
2026-09-27T12:00:00+00:00,24,year_2026,trend_range,2026-01-01T00:00:00+00:00,2026-09-28T00:00:00+00:00,2026-01-01T00:00:00+00:00,2026-09-26T00:00:00+00:00,179,102,logistic,0.19271127229105453,-0.034324160566284734,0.3333333333333333,0.022222222222222223,0.04477611940298507,0.06976744186046512,0.058823529411764705,0.0012054352674940594,0.8770949720670391,,
2026-09-27T12:00:00+00:00,24,year_2026,trend_range,2026-01-01T00:00:00+00:00,2026-09-28T00:00:00+00:00,2026-01-01T00:00:00+00:00,2026-09-26T00:00:00+00:00,179,102,selected,0.18930067393923208,-0.01601872240826352,0.3333333333333333,0.08888888888888889,0.14925373134328357,0.0,0.014705882352941176,0.00010294257465903733,0.8603351955307262,0.00013967810915796694,0.0062429826676315275
2026-09-27T12:00:00+00:00,24,year_2026,vol_high,2026-01-01T00:00:00+00:00,2026-09-28T00:00:00+00:00,2026-01-14T00:00:00+00:00,2026-09-12T00:00:00+00:00,15,13,catboost,0.17462543796019175,0.16576370601211554,0.3333333333333333,1.0,0.4166666666666667,0.5,0.2222222222222222,0.06784234451354654,0.8,,
2026-09-27T12:00:00+00:00,24,year_2026,vol_high,2026-01-01T00:00:00+00:00,2026-09-28T00:00:00+00:00,2026-01-14T00:00:00+00:00,2026-09-12T00:00:00+00:00,15,13,catboost_calibrated,0.18638042440180647,0.10960673117797948,0.3333333333333333,1.0,0.4166666666666667,0.5,0.2222222222222222,0.05871652934837557,0.8,,
2026-09-27T12:00:00+00:00,24,year_2026,vol_high,2026-01-01T00:00:00+00:00,2026-09-28T00:00:00+00:00,2026-01-14T00:00:00+00:00,2026-09-12T00:00:00+00:00,15,13,climatology,0.20932371226074686,0.0,0.3333333333333333,0.3333333333333333,0.25,0.8333333333333334,0.8888888888888888,0.0026497279328372425,0.8,,
2026-09-27T12:00:00+00:00,24,year_2026,vol_high,2026-01-01T00:00:00+00:00,2026-09-28T00:00:00+00:00,2026-01-14T00:00:00+00:00,2026-09-12T00:00:00+00:00,15,13,logistic,0.19498530329968455,0.06849873244748061,0.3333333333333333,1.0,0.16666666666666666,0.6666666666666666,0.3333333333333333,0.0026497279328372425,0.8,,
2026-09-27T12:00:00+00:00,24,year_2026,vol_high,2026-01-01T00:00:00+00:00,2026-09-28T00:00:00+00:00,2026-01-14T00:00:00+00:00,2026-09-12T00:00:00+00:00,15,13,selected,0.1887984505419792,0.09805511997226624,0.3333333333333333,1.0,0.4166666666666667,0.5,0.2222222222222222,0.054951748377033205,0.8,,
2026-09-27T12:00:00+00:00,24,year_2026,vol_normal,2026-01-01T00:00:00+00:00,2026-09-28T00:00:00+00:00,2026-01-01T00:00:00+00:00,2026-09-26T00:00:00+00:00,223,116,catboost,0.18465888597463187,-0.012272270744814628,0.3333333333333333,0.018867924528301886,0.058823529411764705,0.05660377358490566,0.023529411764705882,-0.013921971262847554,0.8385650224215246,,
2026-09-27T12:00:00+00:00,24,year_2026,vol_normal,2026-01-01T00:00:00+00:00,2026-09-28T00:00:00+00:00,2026-01-01T00:00:00+00:00,2026-09-26T00:00:00+00:00,223,116,catboost_calibrated,0.1828673259843806,-0.002451208032693941,0.3333333333333333,0.03773584905660377,0.06470588235294118,0.05660377358490566,0.029411764705882353,-0.004589167662274463,0.8565022421524664,,
2026-09-27T12:00:00+00:00,24,year_2026,vol_normal,2026-01-01T00:00:00+00:00,2026-09-28T00:00:00+00:00,2026-01-01T00:00:00+00:00,2026-09-26T00:00:00+00:00,223,116,climatology,0.18242017618319492,0.0,0.3333333333333333,0.4339622641509434,0.5352941176470588,0.7924528301886793,0.788235294117647,0.0003605528490757681,0.8699551569506726,,
2026-09-27T12:00:00+00:00,24,year_2026,vol_normal,2026-01-01T00:00:00+00:00,2026-09-28T00:00:00+00:00,2026-01-01T00:00:00+00:00,2026-09-26T00:00:00+00:00,223,116,logistic,0.18488045177745216,-0.013486861189008659,0.3333333333333333,0.05660377358490566,0.058823529411764705,0.09433962264150944,0.07647058823529412,0.0003605528490757681,0.8699551569506726,,
2026-09-27T12:00:00+00:00,24,year_2026,vol_normal,2026-01-01T00:00:00+00:00,2026-09-28T00:00:00+00:00,2026-01-01T00:00:00+00:00,2026-09-26T00:00:00+00:00,223,116,selected,0.18423771418311663,-0.009963470258336216,0.3333333333333333,0.09433962264150944,0.16470588235294117,0.03773584905660377,0.023529411764705882,-0.004561677831486088,0.852017937219731,-9.824805976859888e-05,0.004003283143061351
2026-09-27T12:00:00+00:00,72,all,all,2018-07-05T00:00:00+00:00,2026-09-28T00:00:00+00:00,2018-07-05T00:00:00+00:00,2026-09-24T00:00:00+00:00,2611,658,catboost,0.19924774704576034,-0.0024101112816057313,0.3328176035757263,0.18373071528751753,0.13487881981032665,0.13428571428571429,0.08320251177394035,-0.049755407128662776,0.731520490233627,,
2026-09-27T12:00:00+00:00,72,all,all,2018-07-05T00:00:00+00:00,2026-09-28T00:00:00+00:00,2018-07-05T00:00:00+00:00,2026-09-24T00:00:00+00:00,2611,658,catboost_calibrated,0.19728336750565717,0.007472629891582483,0.3333333333333333,0.19915848527349228,0.14805057955742887,0.13857142857142857,0.08895866038723181,-0.01903753717494161,0.783224818077365,,
2026-09-27T12:00:00+00:00,72,all,all,2018-07-05T00:00:00+00:00,2026-09-28T00:00:00+00:00,2018-07-05T00:00:00+00:00,2026-09-24T00:00:00+00:00,2611,658,climatology,0.1987686923778305,0.0,0.3333333333333333,0.4642356241234222,0.4541622760800843,0.5657142857142857,0.522239665096808,-0.00297386792363441,0.8173113749521256,,
2026-09-27T12:00:00+00:00,72,all,all,2018-07-05T00:00:00+00:00,2026-09-28T00:00:00+00:00,2018-07-05T00:00:00+00:00,2026-09-24T00:00:00+00:00,2611,658,logistic,0.20326524265737878,-0.022622024755291736,0.33634277022981673,0.15007012622720897,0.11064278187565858,0.12571428571428572,0.08006279434850863,-0.00297386792363441,0.8173113749521256,,
2026-09-27T12:00:00+00:00,72,all,all,2018-07-05T00:00:00+00:00,2026-09-28T00:00:00+00:00,2018-07-05T00:00:00+00:00,2026-09-24T00:00:00+00:00,2611,658,selected,0.20005168531876516,-0.006454703331729261,0.3323018738181193,0.2805049088359046,0.24499473129610116,0.27,0.23390894819466249,-0.010919894321179235,0.7939486786671773,-0.000509588878472376,0.003274915669311678
2026-09-27T12:00:00+00:00,72,all,trend_up,2018-07-05T00:00:00+00:00,2026-09-28T00:00:00+00:00,2018-07-17T00:00:00+00:00,2026-09-22T00:00:00+00:00,363,263,catboost,0.2188183546180493,0.009735178002659883,0.3333333333333333,0.3103448275862069,0.21052631578947367,0.19130434782608696,0.0846774193548387,-0.05175566496427075,0.7024793388429752,,
2026-09-27T12:00:00+00:00,72,all,trend_up,2018-07-05T00:00:00+00:00,2026-09-28T00:00:00+00:00,2018-07-17T00:00:00+00:00,2026-09-22T00:00:00+00:00,363,263,catboost_calibrated,0.21771962566767114,0.014707487708437217,0.3333333333333333,0.33620689655172414,0.23076923076923078,0.17391304347826086,0.08870967741935484,-0.018243498898187216,0.7520661157024794,,
2026-09-27T12:00:00+00:00,72,all,trend_up,2018-07-05T00:00:00+00:00,2026-09-28T00:00:00+00:00,2018-07-17T00:00:00+00:00,2026-09-22T00:00:00+00:00,363,263,climatology,0.2209695323486277,0.0,0.3333333333333333,0.47413793103448276,0.4574898785425101,0.5043478260869565,0.5241935483870968,0.0020773146450816515,0.7851239669421488,,
2026-09-27T12:00:00+00:00,72,all,trend_up,2018-07-05T00:00:00+00:00,2026-09-28T00:00:00+00:00,2018-07-17T00:00:00+00:00,2026-09-22T00:00:00+00:00,363,263,logistic,0.21805349160619558,0.01319657380562056,0.34929610197264765,0.28448275862068967,0.15789473684210525,0.1391304347826087,0.0846774193548387,0.0020773146450816515,0.7851239669421488,,
2026-09-27T12:00:00+00:00,72,all,trend_up,2018-07-05T00:00:00+00:00,2026-09-28T00:00:00+00:00,2018-07-17T00:00:00+00:00,2026-09-22T00:00:00+00:00,363,263,selected,0.22207718673922938,-0.0050127018816970015,0.3333333333333333,0.3017241379310345,0.32388663967611336,0.28695652173913044,0.20967741935483872,-0.012690542032584462,0.7575757575757576,-0.0026857951429429894,0.004754626354329366
2026-09-27T12:00:00+00:00,72,all,trend_down,2018-07-05T00:00:00+00:00,2026-09-28T00:00:00+00:00,2018-07-11T00:00:00+00:00,2026-09-24T00:00:00+00:00,297,213,catboost,0.2125812748154418,0.02935826719432666,0.3333333333333333,0.18823529411764706,0.18396226415094338,0.24271844660194175,0.14432989690721648,-0.05762080854203311,0.7138047138047138,,
2026-09-27T12:00:00+00:00,72,all,trend_down,2018-07-05T00:00:00+00:00,2026-09-28T00:00:00+00:00,2018-07-11T00:00:00+00:00,2026-09-24T00:00:00+00:00,297,213,catboost_calibrated,0.21333215807855352,0.02592974964368966,0.3333333333333333,0.18823529411764706,0.16981132075471697,0.2815533980582524,0.17010309278350516,-0.02274661293274116,0.7609427609427609,,
2026-09-27T12:00:00+00:00,72,all,trend_down,2018-07-05T00:00:00+00:00,2026-09-28T00:00:00+00:00,2018-07-11T00:00:00+00:00,2026-09-24T00:00:00+00:00,297,213,climatology,0.2190110600344458,0.0,0.3333333333333333,0.4117647058823529,0.41509433962264153,0.6990291262135923,0.5154639175257731,0.0004398787635986334,0.7946127946127947,,
2026-09-27T12:00:00+00:00,72,all,trend_down,2018-07-05T00:00:00+00:00,2026-09-28T00:00:00+00:00,2018-07-11T00:00:00+00:00,2026-09-24T00:00:00+00:00,297,213,logistic,0.2243249501956529,-0.024263113289216376,0.3380768417613254,0.27058823529411763,0.2169811320754717,0.2524271844660194,0.17525773195876287,0.0004398787635986334,0.7946127946127947,,
2026-09-27T12:00:00+00:00,72,all,trend_down,2018-07-05T00:00:00+00:00,2026-09-28T00:00:00+00:00,2018-07-11T00:00:00+00:00,2026-09-24T00:00:00+00:00,297,213,selected,0.21830551369003803,0.0032215101113924893,0.33170731707317075,0.3058823529411765,0.32075471698113206,0.3883495145631068,0.25773195876288657,-0.015603946224589604,0.7744107744107744,-0.005580785947463097,0.00441034714542238
2026-09-27T12:00:00+00:00,72,all,trend_range,2018-07-05T00:00:00+00:00,2026-09-28T00:00:00+00:00,2018-07-05T00:00:00+00:00,2026-09-23T00:00:00+00:00,1951,599,catboost,0.1935767125525075,-0.010546032931473492,0.3326558265582656,0.154296875,0.11466296038915914,0.0975103734439834,0.07488087134104833,-0.04799274530173969,0.7396207073295745,,
2026-09-27T12:00:00+00:00,72,all,trend_range,2018-07-05T00:00:00+00:00,2026-09-28T00:00:00+00:00,2018-07-05T00:00:00+00:00,2026-09-23T00:00:00+00:00,1951,599,catboost_calibrated,0.191037927980818,0.002707413950431392,0.3333333333333333,0.169921875,0.13064628214037527,0.0995850622406639,0.07828454731109598,-0.01857372476307062,0.7924141465914916,,
2026-09-27T12:00:00+00:00,72,all,trend_range,2018-07-05T00:00:00+00:00,2026-09-28T00:00:00+00:00,2018-07-05T00:00:00+00:00,2026-09-23T00:00:00+00:00,1951,599,climatology,0.19155655085890994,0.0,0.3333333333333333,0.470703125,0.4593467685892981,0.5518672199170125,0.5228046289993192,-0.004623526318242144,0.8267555099948745,,
2026-09-27T12:00:00+00:00,72,all,trend_range,2018-07-05T00:00:00+00:00,2026-09-28T00:00:00+00:00,2018-07-05T00:00:00+00:00,2026-09-23T00:00:00+00:00,1951,599,logistic,0.1973078528535408,-0.030024042345943913,0.3329487070912376,0.099609375,0.08686587908269632,0.0954356846473029,0.06671204901293397,-0.004623526318242144,0.8267555099948745,,
2026-09-27T12:00:00+00:00,72,all,trend_range,2018-07-05T00:00:00+00:00,2026-09-28T00:00:00+00:00,2018-07-05T00:00:00+00:00,2026-09-23T00:00:00+00:00,1951,599,selected,0.19317488160687563,-0.008448318476759642,0.33220415537488707,0.271484375,0.22029186935371786,0.24066390041493776,0.23485364193328795,-0.009747642839577297,0.8036904151717068,-0.00030985490042734773,0.004029494344950347
2026-09-27T12:00:00+00:00,72,all,vol_high,2018-07-05T00:00:00+00:00,2026-09-28T00:00:00+00:00,2018-07-18T00:00:00+00:00,2026-09-12T00:00:00+00:00,226,142,catboost,0.23250391777348245,0.07736614053251067,0.3333333333333333,0.42528735632183906,0.33093525179856115,0.35555555555555557,0.15441176470588236,-0.0606497623864688,0.6902654867256637,,
2026-09-27T12:00:00+00:00,72,all,vol_high,2018-07-05T00:00:00+00:00,2026-09-28T00:00:00+00:00,2018-07-18T00:00:00+00:00,2026-09-12T00:00:00+00:00,226,142,catboost_calibrated,0.23883786997906253,0.052231429577616506,0.3333333333333333,0.4482758620689655,0.3381294964028777,0.36666666666666664,0.15441176470588236,-0.02965207526515501,0.7300884955752213,,
2026-09-27T12:00:00+00:00,72,all,vol_high,2018-07-05T00:00:00+00:00,2026-09-28T00:00:00+00:00,2018-07-18T00:00:00+00:00,2026-09-12T00:00:00+00:00,226,142,climatology,0.25200020071632234,0.0,0.3333333333333333,0.41379310344827586,0.41007194244604317,0.6111111111111112,0.4852941176470588,-0.01190851682414773,0.7654867256637168,,
2026-09-27T12:00:00+00:00,72,all,vol_high,2018-07-05T00:00:00+00:00,2026-09-28T00:00:00+00:00,2018-07-18T00:00:00+00:00,2026-09-12T00:00:00+00:00,226,142,logistic,0.24584894537586455,0.02440972397233243,0.3535650623885918,0.4942528735632184,0.3237410071942446,0.34444444444444444,0.23529411764705882,-0.01190851682414773,0.7654867256637168,,
2026-09-27T12:00:00+00:00,72,all,vol_high,2018-07-05T00:00:00+00:00,2026-09-28T00:00:00+00:00,2018-07-18T00:00:00+00:00,2026-09-12T00:00:00+00:00,226,142,selected,0.250154627228107,0.007323698485037777,0.32897603485838783,0.39080459770114945,0.4028776978417266,0.4222222222222222,0.2647058823529412,-0.029026456528677524,0.7522123893805309,-0.010211757866705166,0.0067188933732774386
2026-09-27T12:00:00+00:00,72,all,vol_normal,2018-07-05T00:00:00+00:00,2026-09-28T00:00:00+00:00,2018-07-05T00:00:00+00:00,2026-09-24T00:00:00+00:00,2385,638,catboost,0.19609642856170784,-0.012243652629280177,0.33277342291899964,0.1501597444089457,0.11938601478112564,0.10163934426229508,0.07774647887323943,-0.04851030374835341,0.7354297693920335,,
2026-09-27T12:00:00+00:00,72,all,vol_normal,2018-07-05T00:00:00+00:00,2026-09-28T00:00:00+00:00,2018-07-05T00:00:00+00:00,2026-09-24T00:00:00+00:00,2385,638,catboost_calibrated,0.19334570815178315,0.0019554803968875323,0.3333333333333333,0.1645367412140575,0.13303013075611142,0.10491803278688525,0.08394366197183098,-0.017824413778118497,0.7882599580712788,,
2026-09-27T12:00:00+00:00,72,all,vol_normal,2018-07-05T00:00:00+00:00,2026-09-28T00:00:00+00:00,2018-07-05T00:00:00+00:00,2026-09-24T00:00:00+00:00,2385,638,climatology,0.19372453267783085,0.0,0.3333333333333333,0.4712460063897764,0.45764638999431495,0.559016393442623,0.5250704225352113,-0.0019527371375844815,0.8222222222222222,,
2026-09-27T12:00:00+00:00,72,all,vol_normal,2018-07-05T00:00:00+00:00,2026-09-28T00:00:00+00:00,2018-07-05T00:00:00+00:00,2026-09-24T00:00:00+00:00,2385,638,logistic,0.19923005741026023,-0.028419347081792834,0.33417315913339324,0.10223642172523961,0.0938032973280273,0.09344262295081968,0.06816901408450704,-0.0019527371375844815,0.8222222222222222,,
2026-09-27T12:00:00+00:00,72,all,vol_normal,2018-07-05T00:00:00+00:00,2026-09-28T00:00:00+00:00,2018-07-05T00:00:00+00:00,2026-09-24T00:00:00+00:00,2385,638,selected,0.19530398516299527,-0.008153084502679375,0.3325867861142217,0.26517571884984026,0.23251847640704945,0.24754098360655738,0.2315492957746479,-0.008850516071907899,0.7979035639412998,-0.00022364064649220167,0.003598803384277097
2026-09-27T12:00:00+00:00,72,recent_30,all,2026-08-29T00:00:00+00:00,2026-09-28T00:00:00+00:00,2026-08-29T00:00:00+00:00,2026-09-24T00:00:00+00:00,27,7,catboost,0.1893197007414976,0.04925280040626645,,0.16666666666666666,0.2,0.0,0.0,0.041648475366864224,0.8518518518518519,,
2026-09-27T12:00:00+00:00,72,recent_30,all,2026-08-29T00:00:00+00:00,2026-09-28T00:00:00+00:00,2026-08-29T00:00:00+00:00,2026-09-24T00:00:00+00:00,27,7,catboost_calibrated,0.19324471889767947,0.029541697939229228,,0.16666666666666666,0.2,0.0,0.0,0.038222951009683315,0.8888888888888888,,
2026-09-27T12:00:00+00:00,72,recent_30,all,2026-08-29T00:00:00+00:00,2026-09-28T00:00:00+00:00,2026-08-29T00:00:00+00:00,2026-09-24T00:00:00+00:00,27,7,climatology,0.19912727675915987,0.0,,1.0,1.0,0.0,0.0,0.024365307252260382,0.8888888888888888,,
2026-09-27T12:00:00+00:00,72,recent_30,all,2026-08-29T00:00:00+00:00,2026-09-28T00:00:00+00:00,2026-08-29T00:00:00+00:00,2026-09-24T00:00:00+00:00,27,7,logistic,0.19502187694001885,0.020616963612204664,,0.0,0.13333333333333333,0.0,0.0,0.024365307252260382,0.8888888888888888,,
2026-09-27T12:00:00+00:00,72,recent_30,all,2026-08-29T00:00:00+00:00,2026-09-28T00:00:00+00:00,2026-08-29T00:00:00+00:00,2026-09-24T00:00:00+00:00,27,7,selected,0.19912727675915987,0.0,,1.0,1.0,0.0,0.0,0.024365307252260382,0.8888888888888888,,
2026-09-27T12:00:00+00:00,72,recent_30,trend_up,2026-08-29T00:00:00+00:00,2026-09-28T00:00:00+00:00,2026-09-04T00:00:00+00:00,2026-09-22T00:00:00+00:00,4,3,catboost,0.2078641748824671,-0.10680824975114822,,0.0,0.0,0.0,0.0,-0.05128404664053554,1.0,,
2026-09-27T12:00:00+00:00,72,recent_30,trend_up,2026-08-29T00:00:00+00:00,2026-09-28T00:00:00+00:00,2026-09-04T00:00:00+00:00,2026-09-22T00:00:00+00:00,4,3,catboost_calibrated,0.19713284562862543,-0.049667456944192834,,0.0,0.0,0.0,0.0,-0.017724358636589166,1.0,,
2026-09-27T12:00:00+00:00,72,recent_30,trend_up,2026-08-29T00:00:00+00:00,2026-09-28T00:00:00+00:00,2026-09-04T00:00:00+00:00,2026-09-22T00:00:00+00:00,4,3,climatology,0.1878050465644819,0.0,,1.0,1.0,0.0,0.0,-0.016821450931878257,1.0,,
2026-09-27T12:00:00+00:00,72,recent_30,trend_up,2026-08-29T00:00:00+00:00,2026-09-28T00:00:00+00:00,2026-09-04T00:00:00+00:00,2026-09-22T00:00:00+00:00,4,3,logistic,0.21036367123245373,-0.12011724434799165,,0.0,0.0,0.0,0.0,-0.016821450931878257,1.0,,
2026-09-27T12:00:00+00:00,72,recent_30,trend_up,2026-08-29T00:00:00+00:00,2026-09-28T00:00:00+00:00,2026-09-04T00:00:00+00:00,2026-09-22T00:00:00+00:00,4,3,selected,0.1878050465644819,0.0,,1.0,1.0,0.0,0.0,-0.016821450931878257,1.0,,
2026-09-27T12:00:00+00:00,72,recent_30,trend_down,2026-08-29T00:00:00+00:00,2026-09-28T00:00:00+00:00,2026-08-29T00:00:00+00:00,2026-09-24T00:00:00+00:00,3,3,catboost,0.14648832689008548,0.009080735058522582,,0.0,0.0,,0.0,0.10082711717153614,0.6666666666666666,,
2026-09-27T12:00:00+00:00,72,recent_30,trend_down,2026-08-29T00:00:00+00:00,2026-09-28T00:00:00+00:00,2026-08-29T00:00:00+00:00,2026-09-24T00:00:00+00:00,3,3,catboost_calibrated,0.14678753942276518,0.007056713969342376,,0.0,0.0,,0.0,0.08418135715476194,0.6666666666666666,,
2026-09-27T12:00:00+00:00,72,recent_30,trend_down,2026-08-29T00:00:00+00:00,2026-09-28T00:00:00+00:00,2026-08-29T00:00:00+00:00,2026-09-24T00:00:00+00:00,3,3,climatology,0.1478307386613751,0.0,,1.0,1.0,,0.0,0.06774215095004621,0.6666666666666666,,
2026-09-27T12:00:00+00:00,72,recent_30,trend_down,2026-08-29T00:00:00+00:00,2026-09-28T00:00:00+00:00,2026-08-29T00:00:00+00:00,2026-09-24T00:00:00+00:00,3,3,logistic,0.1425335558249331,0.03583275632935767,,0.0,0.5,,0.0,0.06774215095004621,0.6666666666666666,,
2026-09-27T12:00:00+00:00,72,recent_30,trend_down,2026-08-29T00:00:00+00:00,2026-09-28T00:00:00+00:00,2026-08-29T00:00:00+00:00,2026-09-24T00:00:00+00:00,3,3,selected,0.1478307386613751,0.0,,1.0,1.0,,0.0,0.06774215095004621,0.6666666666666666,,
2026-09-27T12:00:00+00:00,72,recent_30,trend_range,2026-08-29T00:00:00+00:00,2026-09-28T00:00:00+00:00,2026-08-30T00:00:00+00:00,2026-09-23T00:00:00+00:00,20,6,catboost,0.19203551199101548,0.08154862078552605,,0.2,0.3,0.0,0.0,0.04435283922059874,0.85,,
2026-09-27T12:00:00+00:00,72,recent_30,trend_range,2026-08-29T00:00:00+00:00,2026-09-28T00:00:00+00:00,2026-08-30T00:00:00+00:00,2026-09-23T00:00:00+00:00,20,6,catboost_calibrated,0.19943567047272742,0.046155761967559106,,0.2,0.3,0.0,0.0,0.0379029084092084,0.9,,
2026-09-27T12:00:00+00:00,72,recent_30,trend_range,2026-08-29T00:00:00+00:00,2026-09-28T00:00:00+00:00,2026-08-30T00:00:00+00:00,2026-09-23T00:00:00+00:00,20,6,climatology,0.20908620351276314,0.0,,1.0,1.0,0.0,0.0,0.022330162574212165,0.9,,
2026-09-27T12:00:00+00:00,72,recent_30,trend_range,2026-08-29T00:00:00+00:00,2026-09-28T00:00:00+00:00,2026-08-30T00:00:00+00:00,2026-09-23T00:00:00+00:00,20,6,logistic,0.19982676624879475,0.04428526181261483,,0.0,0.1,0.0,0.0,0.022330162574212165,0.9,,
2026-09-27T12:00:00+00:00,72,recent_30,trend_range,2026-08-29T00:00:00+00:00,2026-09-28T00:00:00+00:00,2026-08-30T00:00:00+00:00,2026-09-23T00:00:00+00:00,20,6,selected,0.20908620351276314,0.0,,1.0,1.0,0.0,0.0,0.022330162574212165,0.9,,
2026-09-27T12:00:00+00:00,72,recent_30,vol_high,2026-08-29T00:00:00+00:00,2026-09-28T00:00:00+00:00,2026-09-12T00:00:00+00:00,2026-09-12T00:00:00+00:00,1,1,catboost,0.07839320435294872,-0.10364436121180676,,,0.0,,0.0,-1.7676501687950945,1.0,,
2026-09-27T12:00:00+00:00,72,recent_30,vol_high,2026-08-29T00:00:00+00:00,2026-09-28T00:00:00+00:00,2026-09-12T00:00:00+00:00,2026-09-12T00:00:00+00:00,1,1,catboost_calibrated,0.07466521067002169,-0.05116048533563333,,,0.0,,0.0,-3.6549504506875987,1.0,,
2026-09-27T12:00:00+00:00,72,recent_30,vol_high,2026-08-29T00:00:00+00:00,2026-09-28T00:00:00+00:00,2026-09-12T00:00:00+00:00,2026-09-12T00:00:00+00:00,1,1,climatology,0.07103121903044257,0.0,,,1.0,,0.0,-11.091577522567325,1.0,,
2026-09-27T12:00:00+00:00,72,recent_30,vol_high,2026-08-29T00:00:00+00:00,2026-09-28T00:00:00+00:00,2026-09-12T00:00:00+00:00,2026-09-12T00:00:00+00:00,1,1,logistic,0.1114130913601314,-0.5685087892463447,,,0.0,,0.0,-11.091577522567325,1.0,,
2026-09-27T12:00:00+00:00,72,recent_30,vol_high,2026-08-29T00:00:00+00:00,2026-09-28T00:00:00+00:00,2026-09-12T00:00:00+00:00,2026-09-12T00:00:00+00:00,1,1,selected,0.07103121903044257,0.0,,,1.0,,0.0,-11.091577522567325,1.0,,
2026-09-27T12:00:00+00:00,72,recent_30,vol_normal,2026-08-29T00:00:00+00:00,2026-09-28T00:00:00+00:00,2026-08-29T00:00:00+00:00,2026-09-24T00:00:00+00:00,26,7,catboost,0.1935861044487494,0.05129985831365824,,0.16666666666666666,0.21428571428571427,0.0,0.0,0.04223247776509398,0.8461538461538461,,
2026-09-27T12:00:00+00:00,72,recent_30,vol_normal,2026-08-29T00:00:00+00:00,2026-09-28T00:00:00+00:00,2026-08-29T00:00:00+00:00,2026-09-24T00:00:00+00:00,26,7,catboost_calibrated,0.19780546921412784,0.03062217608982576,,0.16666666666666666,0.21428571428571427,0.0,0.0,0.03941502735961555,0.8846153846153846,,
2026-09-27T12:00:00+00:00,72,recent_30,vol_normal,2026-08-29T00:00:00+00:00,2026-09-28T00:00:00+00:00,2026-08-29T00:00:00+00:00,2026-09-24T00:00:00+00:00,26,7,climatology,0.20405404821026435,0.0,,1.0,1.0,0.0,0.0,0.027953292736108692,0.8846153846153846,,
2026-09-27T12:00:00+00:00,72,recent_30,vol_normal,2026-08-29T00:00:00+00:00,2026-09-28T00:00:00+00:00,2026-08-29T00:00:00+00:00,2026-09-24T00:00:00+00:00,26,7,logistic,0.19823759946232222,0.028504451634052685,,0.0,0.14285714285714285,0.0,0.0,0.027953292736108692,0.8846153846153846,,
2026-09-27T12:00:00+00:00,72,recent_30,vol_normal,2026-08-29T00:00:00+00:00,2026-09-28T00:00:00+00:00,2026-08-29T00:00:00+00:00,2026-09-24T00:00:00+00:00,26,7,selected,0.20405404821026435,0.0,,1.0,1.0,0.0,0.0,0.027953292736108692,0.8846153846153846,,
2026-09-27T12:00:00+00:00,72,recent_90,all,2026-06-30T00:00:00+00:00,2026-09-28T00:00:00+00:00,2026-06-30T00:00:00+00:00,2026-09-24T00:00:00+00:00,87,22,catboost,0.16973556219613606,-0.019448855569198065,,0.18518518518518517,0.23333333333333334,0.0,0.0759493670886076,-0.014342767285068447,0.8505747126436781,,
2026-09-27T12:00:00+00:00,72,recent_90,all,2026-06-30T00:00:00+00:00,2026-09-28T00:00:00+00:00,2026-06-30T00:00:00+00:00,2026-09-24T00:00:00+00:00,87,22,catboost_calibrated,0.1667626433258268,-0.001593205870199066,,0.25925925925925924,0.35,0.0,0.06329113924050633,0.005239879186599072,0.896551724137931,,
2026-09-27T12:00:00+00:00,72,recent_90,all,2026-06-30T00:00:00+00:00,2026-09-28T00:00:00+00:00,2026-06-30T00:00:00+00:00,2026-09-24T00:00:00+00:00,87,22,climatology,0.16649737872466988,0.0,,1.0,1.0,0.0,0.0,0.013550333538011494,0.896551724137931,,
2026-09-27T12:00:00+00:00,72,recent_90,all,2026-06-30T00:00:00+00:00,2026-09-28T00:00:00+00:00,2026-06-30T00:00:00+00:00,2026-09-24T00:00:00+00:00,87,22,logistic,0.17308548699466697,-0.03956884078572531,,0.18518518518518517,0.15,0.125,0.02531645569620253,0.013550333538011494,0.896551724137931,,
2026-09-27T12:00:00+00:00,72,recent_90,all,2026-06-30T00:00:00+00:00,2026-09-28T00:00:00+00:00,2026-06-30T00:00:00+00:00,2026-09-24T00:00:00+00:00,87,22,selected,0.16649737872466988,0.0,,1.0,1.0,0.0,0.0,0.013550333538011494,0.896551724137931,0.0,0.0
2026-09-27T12:00:00+00:00,72,recent_90,trend_up,2026-06-30T00:00:00+00:00,2026-09-28T00:00:00+00:00,2026-07-03T00:00:00+00:00,2026-09-22T00:00:00+00:00,11,8,catboost,0.21516692713816504,0.015503946326008267,,0.5,0.14285714285714285,0.0,0.0,-0.031750824523507415,0.7272727272727273,,
2026-09-27T12:00:00+00:00,72,recent_90,trend_up,2026-06-30T00:00:00+00:00,2026-09-28T00:00:00+00:00,2026-07-03T00:00:00+00:00,2026-09-22T00:00:00+00:00,11,8,catboost_calibrated,0.21539251303756993,0.014471778275450986,,0.75,0.2857142857142857,0.0,0.0,-0.012551945611654958,0.8181818181818182,,
2026-09-27T12:00:00+00:00,72,recent_90,trend_up,2026-06-30T00:00:00+00:00,2026-09-28T00:00:00+00:00,2026-07-03T00:00:00+00:00,2026-09-22T00:00:00+00:00,11,8,climatology,0.21855539830270962,0.0,,1.0,1.0,0.0,0.0,0.0016040686990316244,0.8181818181818182,,
2026-09-27T12:00:00+00:00,72,recent_90,trend_up,2026-06-30T00:00:00+00:00,2026-09-28T00:00:00+00:00,2026-07-03T00:00:00+00:00,2026-09-22T00:00:00+00:00,11,8,logistic,0.1836469488327887,0.15972357462235298,,0.75,0.14285714285714285,0.3333333333333333,0.0,0.0016040686990316244,0.8181818181818182,,
2026-09-27T12:00:00+00:00,72,recent_90,trend_up,2026-06-30T00:00:00+00:00,2026-09-28T00:00:00+00:00,2026-07-03T00:00:00+00:00,2026-09-22T00:00:00+00:00,11,8,selected,0.21855539830270962,0.0,,1.0,1.0,0.0,0.0,0.0016040686990316244,0.8181818181818182,,
2026-09-27T12:00:00+00:00,72,recent_90,trend_down,2026-06-30T00:00:00+00:00,2026-09-28T00:00:00+00:00,2026-07-24T00:00:00+00:00,2026-09-24T00:00:00+00:00,7,7,catboost,0.12117302234413488,-0.13796890568735654,,0.0,0.16666666666666666,,0.14285714285714285,0.006212068358147027,0.8571428571428571,,
2026-09-27T12:00:00+00:00,72,recent_90,trend_down,2026-06-30T00:00:00+00:00,2026-09-28T00:00:00+00:00,2026-07-24T00:00:00+00:00,2026-09-24T00:00:00+00:00,7,7,catboost_calibrated,0.11234322654009278,-0.05504588475261496,,0.0,0.16666666666666666,,0.14285714285714285,0.03239935825215068,0.8571428571428571,,
2026-09-27T12:00:00+00:00,72,recent_90,trend_down,2026-06-30T00:00:00+00:00,2026-09-28T00:00:00+00:00,2026-07-24T00:00:00+00:00,2026-09-24T00:00:00+00:00,7,7,climatology,0.10648183947604781,0.0,,1.0,1.0,,0.0,0.05890423585599758,0.8571428571428571,,
2026-09-27T12:00:00+00:00,72,recent_90,trend_down,2026-06-30T00:00:00+00:00,2026-09-28T00:00:00+00:00,2026-07-24T00:00:00+00:00,2026-09-24T00:00:00+00:00,7,7,logistic,0.13710994861363043,-0.28763692746378755,,0.0,0.5,,0.14285714285714285,0.05890423585599758,0.8571428571428571,,
2026-09-27T12:00:00+00:00,72,recent_90,trend_down,2026-06-30T00:00:00+00:00,2026-09-28T00:00:00+00:00,2026-07-24T00:00:00+00:00,2026-09-24T00:00:00+00:00,7,7,selected,0.10648183947604781,0.0,,1.0,1.0,,0.0,0.05890423585599758,0.8571428571428571,,
2026-09-27T12:00:00+00:00,72,recent_90,trend_range,2026-06-30T00:00:00+00:00,2026-09-28T00:00:00+00:00,2026-06-30T00:00:00+00:00,2026-09-23T00:00:00+00:00,69,21,catboost,0.16741951530630547,-0.019068531671439848,,0.13636363636363635,0.2553191489361702,0.0,0.078125,-0.011615881767460534,0.8695652173913043,,
2026-09-27T12:00:00+00:00,72,recent_90,trend_range,2026-06-30T00:00:00+00:00,2026-09-28T00:00:00+00:00,2026-06-30T00:00:00+00:00,2026-09-23T00:00:00+00:00,69,21,catboost_calibrated,0.16453086579931903,-0.0014855646785396637,,0.18181818181818182,0.3829787234042553,0.0,0.0625,0.00756653840313537,0.9130434782608695,,
2026-09-27T12:00:00+00:00,72,recent_90,trend_range,2026-06-30T00:00:00+00:00,2026-09-28T00:00:00+00:00,2026-06-30T00:00:00+00:00,2026-09-23T00:00:00+00:00,69,21,climatology,0.16428680712150925,0.0,,1.0,1.0,0.0,0.0,0.013083231717416766,0.9130434782608695,,
2026-09-27T12:00:00+00:00,72,recent_90,trend_range,2026-06-30T00:00:00+00:00,2026-09-28T00:00:00+00:00,2026-06-30T00:00:00+00:00,2026-09-23T00:00:00+00:00,69,21,logistic,0.17505146798666574,-0.0655235867916939,,0.09090909090909091,0.10638297872340426,0.0,0.015625,0.013083231717416766,0.9130434782608695,,
2026-09-27T12:00:00+00:00,72,recent_90,trend_range,2026-06-30T00:00:00+00:00,2026-09-28T00:00:00+00:00,2026-06-30T00:00:00+00:00,2026-09-23T00:00:00+00:00,69,21,selected,0.16428680712150925,0.0,,1.0,1.0,0.0,0.0,0.013083231717416766,0.9130434782608695,0.0,0.0
2026-09-27T12:00:00+00:00,72,recent_90,vol_high,2026-06-30T00:00:00+00:00,2026-09-28T00:00:00+00:00,2026-08-20T00:00:00+00:00,2026-09-12T00:00:00+00:00,3,2,catboost,0.2463033532690703,-0.09402736735820327,,0.0,0.5,0.0,0.0,-0.246853918500322,0.6666666666666666,,
2026-09-27T12:00:00+00:00,72,recent_90,vol_high,2026-06-30T00:00:00+00:00,2026-09-28T00:00:00+00:00,2026-08-20T00:00:00+00:00,2026-09-12T00:00:00+00:00,3,2,catboost_calibrated,0.23341724652218532,-0.03679000841575131,,1.0,0.5,0.0,0.0,-0.13075050112808317,0.6666666666666666,,
2026-09-27T12:00:00+00:00,72,recent_90,vol_high,2026-06-30T00:00:00+00:00,2026-09-28T00:00:00+00:00,2026-08-20T00:00:00+00:00,2026-09-12T00:00:00+00:00,3,2,climatology,0.22513454472700256,0.0,,1.0,1.0,0.0,0.0,-0.0318117559707316,0.6666666666666666,,
2026-09-27T12:00:00+00:00,72,recent_90,vol_high,2026-06-30T00:00:00+00:00,2026-09-28T00:00:00+00:00,2026-08-20T00:00:00+00:00,2026-09-12T00:00:00+00:00,3,2,logistic,0.17132575062246203,0.23900727527083376,,1.0,0.5,1.0,0.0,-0.0318117559707316,0.6666666666666666,,
2026-09-27T12:00:00+00:00,72,recent_90,vol_high,2026-06-30T00:00:00+00:00,2026-09-28T00:00:00+00:00,2026-08-20T00:00:00+00:00,2026-09-12T00:00:00+00:00,3,2,selected,0.22513454472700256,0.0,,1.0,1.0,0.0,0.0,-0.0318117559707316,0.6666666666666666,,
2026-09-27T12:00:00+00:00,72,recent_90,vol_normal,2026-06-30T00:00:00+00:00,2026-09-28T00:00:00+00:00,2026-06-30T00:00:00+00:00,2026-09-24T00:00:00+00:00,84,22,catboost,0.16700099822924552,-0.01580142050713551,,0.19230769230769232,0.22413793103448276,0.0,0.07792207792207792,-0.007441554988757648,0.8571428571428571,,
2026-09-27T12:00:00+00:00,72,recent_90,vol_normal,2026-06-30T00:00:00+00:00,2026-09-28T00:00:00+00:00,2026-06-30T00:00:00+00:00,2026-09-24T00:00:00+00:00,84,22,catboost_calibrated,0.16438212178309972,0.00012817537752984887,,0.23076923076923078,0.3448275862068966,0.0,0.06493506493506493,0.009276238216703647,0.9047619047619048,,
2026-09-27T12:00:00+00:00,72,recent_90,vol_normal,2026-06-30T00:00:00+00:00,2026-09-28T00:00:00+00:00,2026-06-30T00:00:00+00:00,2026-09-24T00:00:00+00:00,84,22,climatology,0.16440319422458657,0.0,,1.0,1.0,0.0,0.0,0.014896735240759518,0.9047619047619048,,
2026-09-27T12:00:00+00:00,72,recent_90,vol_normal,2026-06-30T00:00:00+00:00,2026-09-28T00:00:00+00:00,2026-06-30T00:00:00+00:00,2026-09-24T00:00:00+00:00,84,22,logistic,0.17314833472224572,-0.05319325174249756,,0.15384615384615385,0.13793103448275862,0.0,0.025974025974025976,0.014896735240759518,0.9047619047619048,,
2026-09-27T12:00:00+00:00,72,recent_90,vol_normal,2026-06-30T00:00:00+00:00,2026-09-28T00:00:00+00:00,2026-06-30T00:00:00+00:00,2026-09-24T00:00:00+00:00,84,22,selected,0.16440319422458657,0.0,,1.0,1.0,0.0,0.0,0.014896735240759518,0.9047619047619048,0.0,0.0
2026-09-27T12:00:00+00:00,72,recent_365,all,2025-09-28T00:00:00+00:00,2026-09-28T00:00:00+00:00,2025-09-28T00:00:00+00:00,2026-09-24T00:00:00+00:00,296,76,catboost,0.20158103878653183,-0.016458951890446327,0.3333333333333333,0.17045454545454544,0.15865384615384615,0.08333333333333333,0.049107142857142856,-0.013756805779613357,0.7736486486486487,,
2026-09-27T12:00:00+00:00,72,recent_365,all,2025-09-28T00:00:00+00:00,2026-09-28T00:00:00+00:00,2025-09-28T00:00:00+00:00,2026-09-24T00:00:00+00:00,296,76,catboost_calibrated,0.1982411430472505,0.00038224975733525124,0.3333333333333333,0.2159090909090909,0.21634615384615385,0.125,0.08482142857142858,-0.0006602445895433906,0.8141891891891891,,
2026-09-27T12:00:00+00:00,72,recent_365,all,2025-09-28T00:00:00+00:00,2026-09-28T00:00:00+00:00,2025-09-28T00:00:00+00:00,2026-09-24T00:00:00+00:00,296,76,climatology,0.19831694965313088,0.0,0.3333333333333333,0.5340909090909091,0.5961538461538461,0.7638888888888888,0.5669642857142857,0.0008164057704852512,0.8412162162162162,,
2026-09-27T12:00:00+00:00,72,recent_365,all,2025-09-28T00:00:00+00:00,2026-09-28T00:00:00+00:00,2025-09-28T00:00:00+00:00,2026-09-24T00:00:00+00:00,296,76,logistic,0.20426071022936035,-0.029971016529981354,0.34142036124794745,0.17045454545454544,0.10576923076923077,0.1527777777777778,0.07589285714285714,0.0008164057704852512,0.8412162162162162,,
2026-09-27T12:00:00+00:00,72,recent_365,all,2025-09-28T00:00:00+00:00,2026-09-28T00:00:00+00:00,2025-09-28T00:00:00+00:00,2026-09-24T00:00:00+00:00,296,76,selected,0.1994767780852968,-0.005848357561945905,0.3333333333333333,0.4659090909090909,0.47115384615384615,0.08333333333333333,0.044642857142857144,0.0006954799117746546,0.8175675675675675,-0.002996177924282684,0.004657097103357242
2026-09-27T12:00:00+00:00,72,recent_365,trend_up,2025-09-28T00:00:00+00:00,2026-09-28T00:00:00+00:00,2025-09-29T00:00:00+00:00,2026-09-22T00:00:00+00:00,39,32,catboost,0.20123671560743472,-0.0070471365386555185,0.3333333333333333,0.5,0.16129032258064516,0.14285714285714285,0.0,-0.011331953636185332,0.7948717948717948,,
2026-09-27T12:00:00+00:00,72,recent_365,trend_up,2025-09-28T00:00:00+00:00,2026-09-28T00:00:00+00:00,2025-09-29T00:00:00+00:00,2026-09-22T00:00:00+00:00,39,32,catboost_calibrated,0.19811388301653826,0.008580427293616077,0.3333333333333333,0.625,0.22580645161290322,0.14285714285714285,0.0,-0.0004233423750330534,0.8205128205128205,,
2026-09-27T12:00:00+00:00,72,recent_365,trend_up,2025-09-28T00:00:00+00:00,2026-09-28T00:00:00+00:00,2025-09-29T00:00:00+00:00,2026-09-22T00:00:00+00:00,39,32,climatology,0.19982849690542787,0.0,0.3333333333333333,0.875,0.5483870967741935,0.6428571428571429,0.64,-0.007458087357563814,0.8205128205128205,,
2026-09-27T12:00:00+00:00,72,recent_365,trend_up,2025-09-28T00:00:00+00:00,2026-09-28T00:00:00+00:00,2025-09-29T00:00:00+00:00,2026-09-22T00:00:00+00:00,39,32,logistic,0.19161099080193245,0.041122793949576075,0.3333333333333333,0.625,0.12903225806451613,0.21428571428571427,0.12,-0.007458087357563814,0.8205128205128205,,
2026-09-27T12:00:00+00:00,72,recent_365,trend_up,2025-09-28T00:00:00+00:00,2026-09-28T00:00:00+00:00,2025-09-29T00:00:00+00:00,2026-09-22T00:00:00+00:00,39,32,selected,0.20095070742260362,-0.005615868279822189,0.3333333333333333,0.75,0.4838709677419355,0.07142857142857142,0.0,0.0050971842627955954,0.8205128205128205,,
2026-09-27T12:00:00+00:00,72,recent_365,trend_down,2025-09-28T00:00:00+00:00,2026-09-28T00:00:00+00:00,2025-10-08T00:00:00+00:00,2026-09-24T00:00:00+00:00,37,29,catboost,0.2142985207440609,0.0039457220828676975,0.3333333333333333,0.3,0.25925925925925924,0.15384615384615385,0.08333333333333333,-0.07096323912578262,0.5675675675675675,,
2026-09-27T12:00:00+00:00,72,recent_365,trend_down,2025-09-28T00:00:00+00:00,2026-09-28T00:00:00+00:00,2025-10-08T00:00:00+00:00,2026-09-24T00:00:00+00:00,37,29,catboost_calibrated,0.21044157537836627,0.021872709716072136,0.3333333333333333,0.3,0.25925925925925924,0.23076923076923078,0.20833333333333334,-0.037020840258982446,0.6486486486486487,,
2026-09-27T12:00:00+00:00,72,recent_365,trend_down,2025-09-28T00:00:00+00:00,2026-09-28T00:00:00+00:00,2025-10-08T00:00:00+00:00,2026-09-24T00:00:00+00:00,37,29,climatology,0.21514743272041814,0.0,0.3333333333333333,0.3,0.48148148148148145,0.9230769230769231,0.6666666666666666,-0.0037432444606873005,0.6756756756756757,,
2026-09-27T12:00:00+00:00,72,recent_365,trend_down,2025-09-28T00:00:00+00:00,2026-09-28T00:00:00+00:00,2025-10-08T00:00:00+00:00,2026-09-24T00:00:00+00:00,37,29,logistic,0.21838278311621556,-0.015037829431140404,0.36507936507936506,0.3,0.25925925925925924,0.38461538461538464,0.125,-0.0037432444606873005,0.6756756756756757,,
2026-09-27T12:00:00+00:00,72,recent_365,trend_down,2025-09-28T00:00:00+00:00,2026-09-28T00:00:00+00:00,2025-10-08T00:00:00+00:00,2026-09-24T00:00:00+00:00,37,29,selected,0.2090510099962368,0.028336023568097057,0.3333333333333333,0.4,0.48148148148148145,0.23076923076923078,0.08333333333333333,-0.03376763081839984,0.6486486486486487,,
2026-09-27T12:00:00+00:00,72,recent_365,trend_range,2025-09-28T00:00:00+00:00,2026-09-28T00:00:00+00:00,2025-09-28T00:00:00+00:00,2026-09-23T00:00:00+00:00,220,68,catboost,0.19950322865724188,-0.021948833106693044,0.3333333333333333,0.11428571428571428,0.14,0.044444444444444446,0.05142857142857143,0.0002257599331406679,0.8045454545454546,,
2026-09-27T12:00:00+00:00,72,recent_365,trend_range,2025-09-28T00:00:00+00:00,2026-09-28T00:00:00+00:00,2025-09-28T00:00:00+00:00,2026-09-23T00:00:00+00:00,220,68,catboost_calibrated,0.19621181188791637,-0.005088657212201975,0.3333333333333333,0.15714285714285714,0.20666666666666667,0.08888888888888889,0.08,0.008503159196904586,0.8409090909090909,,
2026-09-27T12:00:00+00:00,72,recent_365,trend_range,2025-09-28T00:00:00+00:00,2026-09-28T00:00:00+00:00,2025-09-28T00:00:00+00:00,2026-09-23T00:00:00+00:00,220,68,climatology,0.19521841230617992,0.0,0.3333333333333333,0.5285714285714286,0.6266666666666667,0.7555555555555555,0.5428571428571428,0.003722932538011592,0.8727272727272727,,
2026-09-27T12:00:00+00:00,72,recent_365,trend_range,2025-09-28T00:00:00+00:00,2026-09-28T00:00:00+00:00,2025-09-28T00:00:00+00:00,2026-09-23T00:00:00+00:00,220,68,logistic,0.20412808459688786,-0.045639508002626394,0.3333333333333333,0.1,0.07333333333333333,0.06666666666666667,0.06285714285714286,0.003722932538011592,0.8727272727272727,,
2026-09-27T12:00:00+00:00,72,recent_365,trend_range,2025-09-28T00:00:00+00:00,2026-09-28T00:00:00+00:00,2025-09-28T00:00:00+00:00,2026-09-23T00:00:00+00:00,220,68,selected,0.19760527888138885,-0.01222664679531027,0.3333333333333333,0.44285714285714284,0.4666666666666667,0.044444444444444446,0.045714285714285714,0.00849667122252229,0.8454545454545455,-0.0015458190519610695,0.007166031135126423
2026-09-27T12:00:00+00:00,72,recent_365,vol_high,2025-09-28T00:00:00+00:00,2026-09-28T00:00:00+00:00,2025-10-02T00:00:00+00:00,2026-09-12T00:00:00+00:00,22,14,catboost,0.2238785616616381,0.06082470366490611,0.3333333333333333,0.7142857142857143,0.4666666666666667,0.2222222222222222,0.0,-0.08686436466603764,0.5,,
2026-09-27T12:00:00+00:00,72,recent_365,vol_high,2025-09-28T00:00:00+00:00,2026-09-28T00:00:00+00:00,2025-10-02T00:00:00+00:00,2026-09-12T00:00:00+00:00,22,14,catboost_calibrated,0.22457182210872223,0.05791646144200113,0.3333333333333333,0.8571428571428571,0.5333333333333333,0.2222222222222222,0.0,-0.035616758025849515,0.5454545454545454,,
2026-09-27T12:00:00+00:00,72,recent_365,vol_high,2025-09-28T00:00:00+00:00,2026-09-28T00:00:00+00:00,2025-10-02T00:00:00+00:00,2026-09-12T00:00:00+00:00,22,14,climatology,0.23837782204799302,0.0,0.3333333333333333,0.7142857142857143,0.4,0.8888888888888888,0.7692307692307693,-0.011051390352411428,0.5909090909090909,,
2026-09-27T12:00:00+00:00,72,recent_365,vol_high,2025-09-28T00:00:00+00:00,2026-09-28T00:00:00+00:00,2025-10-02T00:00:00+00:00,2026-09-12T00:00:00+00:00,22,14,logistic,0.22920624222619523,0.038474971131967406,0.3333333333333333,0.7142857142857143,0.26666666666666666,0.4444444444444444,0.3076923076923077,-0.011051390352411428,0.5909090909090909,,
2026-09-27T12:00:00+00:00,72,recent_365,vol_high,2025-09-28T00:00:00+00:00,2026-09-28T00:00:00+00:00,2025-10-02T00:00:00+00:00,2026-09-12T00:00:00+00:00,22,14,selected,0.22570841285954657,0.05314843922810775,0.3333333333333333,0.8571428571428571,0.6,0.2222222222222222,0.0,-0.03675480451015223,0.5454545454545454,,
2026-09-27T12:00:00+00:00,72,recent_365,vol_normal,2025-09-28T00:00:00+00:00,2026-09-28T00:00:00+00:00,2025-09-28T00:00:00+00:00,2026-09-24T00:00:00+00:00,274,73,catboost,0.19979072673086634,-0.024040667661004322,0.3333333333333333,0.12345679012345678,0.13471502590673576,0.06349206349206349,0.052132701421800945,-0.00483612138493128,0.7956204379562044,,
2026-09-27T12:00:00+00:00,72,recent_365,vol_normal,2025-09-28T00:00:00+00:00,2026-09-28T00:00:00+00:00,2025-09-28T00:00:00+00:00,2026-09-24T00:00:00+00:00,274,73,catboost_calibrated,0.19612700093282576,-0.005261997230487703,0.3333333333333333,0.16049382716049382,0.19170984455958548,0.1111111111111111,0.09004739336492891,0.003605197023521689,0.8357664233576643,,
2026-09-27T12:00:00+00:00,72,recent_365,vol_normal,2025-09-28T00:00:00+00:00,2026-09-28T00:00:00+00:00,2025-09-28T00:00:00+00:00,2026-09-24T00:00:00+00:00,274,73,climatology,0.19510038325646314,0.0,0.3333333333333333,0.5185185185185185,0.6113989637305699,0.746031746031746,0.5545023696682464,0.0022645304963742063,0.8613138686131386,,
2026-09-27T12:00:00+00:00,72,recent_365,vol_normal,2025-09-28T00:00:00+00:00,2026-09-28T00:00:00+00:00,2025-09-28T00:00:00+00:00,2026-09-24T00:00:00+00:00,274,73,logistic,0.2022577843026072,-0.03668573544899467,0.3429361488185018,0.12345679012345678,0.09326424870466321,0.1111111111111111,0.061611374407582936,0.0022645304963742063,0.8613138686131386,,
2026-09-27T12:00:00+00:00,72,recent_365,vol_normal,2025-09-28T00:00:00+00:00,2026-09-28T00:00:00+00:00,2025-09-28T00:00:00+00:00,2026-09-24T00:00:00+00:00,274,73,selected,0.19737058843188987,-0.011636087728451594,0.3333333333333333,0.43209876543209874,0.46113989637305697,0.06349206349206349,0.04739336492890995,0.00526521487362841,0.8394160583941606,-0.0019120812282612891,0.006093447387566797
2026-09-27T12:00:00+00:00,72,year_2018,all,2018-01-01T00:00:00+00:00,2019-01-01T00:00:00+00:00,2018-07-05T00:00:00+00:00,2018-12-26T00:00:00+00:00,135,34,catboost,0.21572938838038314,-0.03697858320055869,0.32269503546099293,0.18181818181818182,0.23529411764705882,0.3333333333333333,0.03333333333333333,-0.3134425388749673,0.5777777777777777,,
2026-09-27T12:00:00+00:00,72,year_2018,all,2018-01-01T00:00:00+00:00,2019-01-01T00:00:00+00:00,2018-07-05T00:00:00+00:00,2018-12-26T00:00:00+00:00,135,34,catboost_calibrated,0.2092708685327338,-0.005933453876875383,0.3333333333333333,0.18181818181818182,0.21568627450980393,0.35555555555555557,0.044444444444444446,-0.142153279099537,0.7185185185185186,,
2026-09-27T12:00:00+00:00,72,year_2018,all,2018-01-01T00:00:00+00:00,2019-01-01T00:00:00+00:00,2018-07-05T00:00:00+00:00,2018-12-26T00:00:00+00:00,135,34,climatology,0.20803649359329113,0.0,0.3333333333333333,0.15151515151515152,0.21568627450980393,0.8222222222222222,0.7888888888888889,-0.028383594233977183,0.8296296296296296,,
2026-09-27T12:00:00+00:00,72,year_2018,all,2018-01-01T00:00:00+00:00,2019-01-01T00:00:00+00:00,2018-07-05T00:00:00+00:00,2018-12-26T00:00:00+00:00,135,34,logistic,0.22380420394616632,-0.07579300189370075,0.30141843971631205,0.12121212121212122,0.2549019607843137,0.24444444444444444,0.1,-0.028383594233977183,0.8296296296296296,,
2026-09-27T12:00:00+00:00,72,year_2018,all,2018-01-01T00:00:00+00:00,2019-01-01T00:00:00+00:00,2018-07-05T00:00:00+00:00,2018-12-26T00:00:00+00:00,135,34,selected,0.20868179567845055,-0.003101869648029165,0.3333333333333333,0.15151515151515152,0.21568627450980393,0.6888888888888889,0.5888888888888889,-0.02097469708431099,0.8296296296296296,-0.0011110031694501904,0.0027565698295385042
2026-09-27T12:00:00+00:00,72,year_2018,trend_up,2018-01-01T00:00:00+00:00,2019-01-01T00:00:00+00:00,2018-07-17T00:00:00+00:00,2018-12-24T00:00:00+00:00,19,11,catboost,0.2429803744339477,0.0499432594522321,0.3333333333333333,0.1111111111111111,0.2,0.5,0.0,-0.29012873342558065,0.47368421052631576,,
2026-09-27T12:00:00+00:00,72,year_2018,trend_up,2018-01-01T00:00:00+00:00,2019-01-01T00:00:00+00:00,2018-07-17T00:00:00+00:00,2018-12-24T00:00:00+00:00,19,11,catboost_calibrated,0.24765052503766408,0.031682903772188964,0.3333333333333333,0.1111111111111111,0.2,0.5,0.0,-0.14820945367426508,0.631578947368421,,
2026-09-27T12:00:00+00:00,72,year_2018,trend_up,2018-01-01T00:00:00+00:00,2019-01-01T00:00:00+00:00,2018-07-17T00:00:00+00:00,2018-12-24T00:00:00+00:00,19,11,climatology,0.2557535398294781,0.0,0.3333333333333333,0.1111111111111111,0.2,0.8333333333333334,0.8461538461538461,-0.02750187479198929,0.7894736842105263,,
2026-09-27T12:00:00+00:00,72,year_2018,trend_up,2018-01-01T00:00:00+00:00,2019-01-01T00:00:00+00:00,2018-07-17T00:00:00+00:00,2018-12-24T00:00:00+00:00,19,11,logistic,0.27070303801499707,-0.05845275179958964,0.3333333333333333,0.1111111111111111,0.1,0.0,0.0,-0.02750187479198929,0.7894736842105263,,
2026-09-27T12:00:00+00:00,72,year_2018,trend_up,2018-01-01T00:00:00+00:00,2019-01-01T00:00:00+00:00,2018-07-17T00:00:00+00:00,2018-12-24T00:00:00+00:00,19,11,selected,0.25733966152374016,-0.006201758518453282,0.3333333333333333,0.1111111111111111,0.2,0.8333333333333334,0.46153846153846156,-0.03994681839610914,0.7894736842105263,,
2026-09-27T12:00:00+00:00,72,year_2018,trend_down,2018-01-01T00:00:00+00:00,2019-01-01T00:00:00+00:00,2018-07-11T00:00:00+00:00,2018-12-26T00:00:00+00:00,18,12,catboost,0.22379885122660492,0.15277623401162388,0.3333333333333333,0.25,0.2857142857142857,0.6363636363636364,0.2857142857142857,-0.32893045164406787,0.6111111111111112,,
2026-09-27T12:00:00+00:00,72,year_2018,trend_down,2018-01-01T00:00:00+00:00,2019-01-01T00:00:00+00:00,2018-07-11T00:00:00+00:00,2018-12-26T00:00:00+00:00,18,12,catboost_calibrated,0.23857965761724642,0.0968212977552948,0.3333333333333333,0.25,0.14285714285714285,0.7272727272727273,0.2857142857142857,-0.15091022566845247,0.7222222222222222,,
2026-09-27T12:00:00+00:00,72,year_2018,trend_down,2018-01-01T00:00:00+00:00,2019-01-01T00:00:00+00:00,2018-07-11T00:00:00+00:00,2018-12-26T00:00:00+00:00,18,12,climatology,0.26415553978885364,0.0,0.3333333333333333,0.0,0.14285714285714285,1.0,0.7142857142857143,-0.018784476211871848,0.8333333333333334,,
2026-09-27T12:00:00+00:00,72,year_2018,trend_down,2018-01-01T00:00:00+00:00,2019-01-01T00:00:00+00:00,2018-07-11T00:00:00+00:00,2018-12-26T00:00:00+00:00,18,12,logistic,0.25386474397568626,0.0389573348391371,0.2777777777777778,0.25,0.35714285714285715,0.45454545454545453,0.42857142857142855,-0.018784476211871848,0.8333333333333334,,
2026-09-27T12:00:00+00:00,72,year_2018,trend_down,2018-01-01T00:00:00+00:00,2019-01-01T00:00:00+00:00,2018-07-11T00:00:00+00:00,2018-12-26T00:00:00+00:00,18,12,selected,0.25866768951275176,0.020775071688780233,0.3333333333333333,0.0,0.14285714285714285,0.8181818181818182,0.7142857142857143,-0.004241436194174719,0.8333333333333334,,
2026-09-27T12:00:00+00:00,72,year_2018,trend_range,2018-01-01T00:00:00+00:00,2019-01-01T00:00:00+00:00,2018-07-05T00:00:00+00:00,2018-12-25T00:00:00+00:00,98,32,catboost,0.20896388770436558,-0.10869319589214643,0.3186274509803922,0.2,0.23076923076923078,0.17857142857142858,0.014285714285714285,-0.31650878767440327,0.5918367346938775,,
2026-09-27T12:00:00+00:00,72,year_2018,trend_range,2018-01-01T00:00:00+00:00,2019-01-01T00:00:00+00:00,2018-07-05T00:00:00+00:00,2018-12-25T00:00:00+00:00,98,32,catboost_calibrated,0.19644666774584701,-0.042280971502788534,0.3333333333333333,0.2,0.23076923076923078,0.17857142857142858,0.02857142857142857,-0.13884492393581116,0.7346938775510204,,
2026-09-27T12:00:00+00:00,72,year_2018,trend_range,2018-01-01T00:00:00+00:00,2019-01-01T00:00:00+00:00,2018-07-05T00:00:00+00:00,2018-12-25T00:00:00+00:00,98,32,climatology,0.18847764961362096,0.0,0.3333333333333333,0.2,0.23076923076923078,0.75,0.7857142857142857,-0.030501308602981947,0.8367346938775511,,
2026-09-27T12:00:00+00:00,72,year_2018,trend_range,2018-01-01T00:00:00+00:00,2019-01-01T00:00:00+00:00,2018-07-05T00:00:00+00:00,2018-12-25T00:00:00+00:00,98,32,logistic,0.2091902491722975,-0.10989419488802721,0.29901960784313725,0.1,0.2564102564102564,0.21428571428571427,0.08571428571428572,-0.030501308602981947,0.8367346938775511,,
2026-09-27T12:00:00+00:00,72,year_2018,trend_range,2018-01-01T00:00:00+00:00,2019-01-01T00:00:00+00:00,2018-07-05T00:00:00+00:00,2018-12-25T00:00:00+00:00,98,32,selected,0.1900670452694921,-0.008432807068261994,0.3333333333333333,0.2,0.23076923076923078,0.6071428571428571,0.6,-0.019291114301176027,0.8367346938775511,-0.00024325386173276769,0.004436785679107915
2026-09-27T12:00:00+00:00,72,year_2018,vol_high,2018-01-01T00:00:00+00:00,2019-01-01T00:00:00+00:00,2018-07-18T00:00:00+00:00,2018-12-25T00:00:00+00:00,17,12,catboost,0.20855019135776526,0.21550974021378555,0.3333333333333333,0.25,0.23076923076923078,0.8,0.0,-0.2749010317034235,0.6470588235294118,,
2026-09-27T12:00:00+00:00,72,year_2018,vol_high,2018-01-01T00:00:00+00:00,2019-01-01T00:00:00+00:00,2018-07-18T00:00:00+00:00,2018-12-25T00:00:00+00:00,17,12,catboost_calibrated,0.23308348668221934,0.12322437189457647,0.3333333333333333,0.25,0.07692307692307693,0.8,0.0,-0.14423271227845835,0.7058823529411765,,
2026-09-27T12:00:00+00:00,72,year_2018,vol_high,2018-01-01T00:00:00+00:00,2019-01-01T00:00:00+00:00,2018-07-18T00:00:00+00:00,2018-12-25T00:00:00+00:00,17,12,climatology,0.2658416580144645,0.0,0.3333333333333333,0.0,0.07692307692307693,0.9,1.0,-0.05652878764008773,0.7647058823529411,,
2026-09-27T12:00:00+00:00,72,year_2018,vol_high,2018-01-01T00:00:00+00:00,2019-01-01T00:00:00+00:00,2018-07-18T00:00:00+00:00,2018-12-25T00:00:00+00:00,17,12,logistic,0.22021192364958891,0.1716425285099331,0.3333333333333333,0.25,0.3076923076923077,0.6,0.0,-0.05652878764008773,0.7647058823529411,,
2026-09-27T12:00:00+00:00,72,year_2018,vol_high,2018-01-01T00:00:00+00:00,2019-01-01T00:00:00+00:00,2018-07-18T00:00:00+00:00,2018-12-25T00:00:00+00:00,17,12,selected,0.2679885362115809,-0.00807577793921066,0.3333333333333333,0.0,0.07692307692307693,0.8,0.5714285714285714,-0.06221781194998233,0.7647058823529411,,
2026-09-27T12:00:00+00:00,72,year_2018,vol_normal,2018-01-01T00:00:00+00:00,2019-01-01T00:00:00+00:00,2018-07-05T00:00:00+00:00,2018-12-26T00:00:00+00:00,118,33,catboost,0.21676367947686198,-0.08539965686831574,0.3211382113821138,0.1724137931034483,0.23595505617977527,0.2,0.03614457831325301,-0.3194893167785291,0.5677966101694916,,
2026-09-27T12:00:00+00:00,72,year_2018,vol_normal,2018-01-01T00:00:00+00:00,2019-01-01T00:00:00+00:00,2018-07-05T00:00:00+00:00,2018-12-26T00:00:00+00:00,118,33,catboost_calibrated,0.20584023710441812,-0.030702760084290848,0.3333333333333333,0.1724137931034483,0.23595505617977527,0.22857142857142856,0.04819277108433735,-0.1418270367825909,0.7203389830508474,,
2026-09-27T12:00:00+00:00,72,year_2018,vol_normal,2018-01-01T00:00:00+00:00,2019-01-01T00:00:00+00:00,2018-07-05T00:00:00+00:00,2018-12-26T00:00:00+00:00,118,33,climatology,0.19970863092244415,0.0,0.3333333333333333,0.1724137931034483,0.23595505617977527,0.8,0.7710843373493976,-0.02396789422458112,0.8389830508474576,,
2026-09-27T12:00:00+00:00,72,year_2018,vol_normal,2018-01-01T00:00:00+00:00,2019-01-01T00:00:00+00:00,2018-07-05T00:00:00+00:00,2018-12-26T00:00:00+00:00,118,33,logistic,0.22432173585330034,-0.12324507367142568,0.2967479674796748,0.10344827586206896,0.24719101123595505,0.14285714285714285,0.10843373493975904,-0.02396789422458112,0.8389830508474576,,
2026-09-27T12:00:00+00:00,72,year_2018,vol_normal,2018-01-01T00:00:00+00:00,2019-01-01T00:00:00+00:00,2018-07-05T00:00:00+00:00,2018-12-26T00:00:00+00:00,118,33,selected,0.20013760424571145,-0.0021479959142771676,0.3333333333333333,0.1724137931034483,0.23595505617977527,0.6571428571428571,0.5903614457831325,-0.014504063890497854,0.8389830508474576,-0.0015406470201494462,0.0027900729251913417
2026-09-27T12:00:00+00:00,72,year_2019,all,2019-01-01T00:00:00+00:00,2020-01-01T00:00:00+00:00,2019-01-26T00:00:00+00:00,2019-12-31T00:00:00+00:00,247,63,catboost,0.19046641613435916,-0.012653711799696321,0.3333333333333333,0.25396825396825395,0.11413043478260869,0.06666666666666667,0.053475935828877004,-0.061909253462233194,0.8178137651821862,,
2026-09-27T12:00:00+00:00,72,year_2019,all,2019-01-01T00:00:00+00:00,2020-01-01T00:00:00+00:00,2019-01-26T00:00:00+00:00,2019-12-31T00:00:00+00:00,247,63,catboost_calibrated,0.18796766240340534,0.0006314241937206422,0.3333333333333333,0.23809523809523808,0.13043478260869565,0.05,0.053475935828877004,-0.02475866128784987,0.8744939271255061,,
2026-09-27T12:00:00+00:00,72,year_2019,all,2019-01-01T00:00:00+00:00,2020-01-01T00:00:00+00:00,2019-01-26T00:00:00+00:00,2019-12-31T00:00:00+00:00,247,63,climatology,0.18808642472248555,0.0,0.3333333333333333,0.42857142857142855,0.375,0.6,0.5080213903743316,0.0007000418302034461,0.9230769230769231,,
2026-09-27T12:00:00+00:00,72,year_2019,all,2019-01-01T00:00:00+00:00,2020-01-01T00:00:00+00:00,2019-01-26T00:00:00+00:00,2019-12-31T00:00:00+00:00,247,63,logistic,0.19190804905448494,-0.0203184484879122,0.324468085106383,0.15873015873015872,0.043478260869565216,0.0,0.0374331550802139,0.0007000418302034461,0.9230769230769231,,
2026-09-27T12:00:00+00:00,72,year_2019,all,2019-01-01T00:00:00+00:00,2020-01-01T00:00:00+00:00,2019-01-26T00:00:00+00:00,2019-12-31T00:00:00+00:00,247,63,selected,0.19011724492964055,-0.010797271574231937,0.33156028368794327,0.14285714285714285,0.10326086956521739,0.4666666666666667,0.37433155080213903,-0.015971324225361627,0.8906882591093117,-0.00173931369370178,0.006101381852303074
2026-09-27T12:00:00+00:00,72,year_2019,trend_up,2019-01-01T00:00:00+00:00,2020-01-01T00:00:00+00:00,2019-02-09T00:00:00+00:00,2019-12-30T00:00:00+00:00,37,24,catboost,0.21047571102418705,0.04704378901418049,0.3333333333333333,0.6153846153846154,0.3333333333333333,0.09090909090909091,0.0,-0.01587952739808851,0.8108108108108109,,
2026-09-27T12:00:00+00:00,72,year_2019,trend_up,2019-01-01T00:00:00+00:00,2020-01-01T00:00:00+00:00,2019-02-09T00:00:00+00:00,2019-12-30T00:00:00+00:00,37,24,catboost_calibrated,0.21384316879450405,0.03179718510990737,0.3333333333333333,0.5384615384615384,0.375,0.0,0.038461538461538464,0.002958739207972738,0.8648648648648649,,
2026-09-27T12:00:00+00:00,72,year_2019,trend_up,2019-01-01T00:00:00+00:00,2020-01-01T00:00:00+00:00,2019-02-09T00:00:00+00:00,2019-12-30T00:00:00+00:00,37,24,climatology,0.2208660887014451,0.0,0.3333333333333333,0.38461538461538464,0.5,0.5454545454545454,0.5,0.00034125437047449747,0.918918918918919,,
2026-09-27T12:00:00+00:00,72,year_2019,trend_up,2019-01-01T00:00:00+00:00,2020-01-01T00:00:00+00:00,2019-02-09T00:00:00+00:00,2019-12-30T00:00:00+00:00,37,24,logistic,0.19063494486288834,0.13687544347028124,0.3333333333333333,0.5384615384615384,0.125,0.0,0.07692307692307693,0.00034125437047449747,0.918918918918919,,
2026-09-27T12:00:00+00:00,72,year_2019,trend_up,2019-01-01T00:00:00+00:00,2020-01-01T00:00:00+00:00,2019-02-09T00:00:00+00:00,2019-12-30T00:00:00+00:00,37,24,selected,0.21948629795264335,0.00624718243037703,0.3333333333333333,0.3076923076923077,0.25,0.45454545454545453,0.34615384615384615,0.003244721256002503,0.8648648648648649,,
2026-09-27T12:00:00+00:00,72,year_2019,trend_down,2019-01-01T00:00:00+00:00,2020-01-01T00:00:00+00:00,2019-01-29T00:00:00+00:00,2019-12-24T00:00:00+00:00,15,13,catboost,0.16377830260011783,0.003913152899209127,0.3333333333333333,0.0,0.07692307692307693,0.5,0.18181818181818182,0.019117348498246645,0.8666666666666667,,
2026-09-27T12:00:00+00:00,72,year_2019,trend_down,2019-01-01T00:00:00+00:00,2020-01-01T00:00:00+00:00,2019-01-29T00:00:00+00:00,2019-12-24T00:00:00+00:00,15,13,catboost_calibrated,0.16171862957742877,0.01643992338502942,0.3333333333333333,0.0,0.07692307692307693,0.5,0.09090909090909091,0.025137719355440846,0.8666666666666667,,
2026-09-27T12:00:00+00:00,72,year_2019,trend_down,2019-01-01T00:00:00+00:00,2020-01-01T00:00:00+00:00,2019-01-29T00:00:00+00:00,2019-12-24T00:00:00+00:00,15,13,climatology,0.1644217098908702,0.0,0.3333333333333333,0.0,0.23076923076923078,0.75,0.5454545454545454,0.0055646843756028685,0.9333333333333333,,
2026-09-27T12:00:00+00:00,72,year_2019,trend_down,2019-01-01T00:00:00+00:00,2020-01-01T00:00:00+00:00,2019-01-29T00:00:00+00:00,2019-12-24T00:00:00+00:00,15,13,logistic,0.19250392752670398,-0.1707938547438319,0.3333333333333333,0.0,0.07692307692307693,0.0,0.09090909090909091,0.0055646843756028685,0.9333333333333333,,
2026-09-27T12:00:00+00:00,72,year_2019,trend_down,2019-01-01T00:00:00+00:00,2020-01-01T00:00:00+00:00,2019-01-29T00:00:00+00:00,2019-12-24T00:00:00+00:00,15,13,selected,0.17233715338863576,-0.048141109242928914,0.3333333333333333,0.0,0.07692307692307693,0.75,0.5454545454545454,0.009498145830489801,0.9333333333333333,,
2026-09-27T12:00:00+00:00,72,year_2019,trend_range,2019-01-01T00:00:00+00:00,2020-01-01T00:00:00+00:00,2019-01-26T00:00:00+00:00,2019-12-31T00:00:00+00:00,195,57,catboost,0.18872271250405143,-0.027414322587189677,0.3333333333333333,0.16666666666666666,0.08163265306122448,0.022222222222222223,0.05333333333333334,-0.07651848297210861,0.8153846153846154,,
2026-09-27T12:00:00+00:00,72,year_2019,trend_range,2019-01-01T00:00:00+00:00,2020-01-01T00:00:00+00:00,2019-01-26T00:00:00+00:00,2019-12-31T00:00:00+00:00,195,57,catboost_calibrated,0.18507710730555404,-0.007567495749354114,0.3333333333333333,0.16666666666666666,0.09523809523809523,0.022222222222222223,0.05333333333333334,-0.033621513339806564,0.8769230769230769,,
2026-09-27T12:00:00+00:00,72,year_2019,trend_range,2019-01-01T00:00:00+00:00,2020-01-01T00:00:00+00:00,2019-01-26T00:00:00+00:00,2019-12-31T00:00:00+00:00,195,57,climatology,0.18368705628788412,0.0,0.3333333333333333,0.4583333333333333,0.3673469387755102,0.6,0.5066666666666667,0.0004871046128059886,0.9230769230769231,,
2026-09-27T12:00:00+00:00,72,year_2019,trend_range,2019-01-01T00:00:00+00:00,2020-01-01T00:00:00+00:00,2019-01-26T00:00:00+00:00,2019-12-31T00:00:00+00:00,195,57,logistic,0.19210377560836078,-0.04582097122448037,0.3219954648526077,0.0625,0.027210884353741496,0.0,0.02666666666666667,0.0004871046128059886,0.9230769230769231,,
2026-09-27T12:00:00+00:00,72,year_2019,trend_range,2019-01-01T00:00:00+00:00,2020-01-01T00:00:00+00:00,2019-01-26T00:00:00+00:00,2019-12-31T00:00:00+00:00,195,57,selected,0.1859123547309942,-0.01211461758972554,0.3310657596371882,0.10416666666666667,0.08163265306122448,0.4444444444444444,0.36666666666666664,-0.021573343168997283,0.8923076923076924,-0.0014991176484924476,0.006393678182431269
2026-09-27T12:00:00+00:00,72,year_2019,vol_high,2019-01-01T00:00:00+00:00,2020-01-01T00:00:00+00:00,2019-02-09T00:00:00+00:00,2019-12-19T00:00:00+00:00,25,13,catboost,0.21862433530227965,0.09824715373648496,0.3333333333333333,0.6363636363636364,0.2857142857142857,0.25,0.058823529411764705,0.05189737301121988,0.76,,
2026-09-27T12:00:00+00:00,72,year_2019,vol_high,2019-01-01T00:00:00+00:00,2020-01-01T00:00:00+00:00,2019-02-09T00:00:00+00:00,2019-12-19T00:00:00+00:00,25,13,catboost_calibrated,0.2285338223138928,0.057373807659167886,0.3333333333333333,0.6363636363636364,0.42857142857142855,0.125,0.0,0.03591641470301343,0.8,,
2026-09-27T12:00:00+00:00,72,year_2019,vol_high,2019-01-01T00:00:00+00:00,2020-01-01T00:00:00+00:00,2019-02-09T00:00:00+00:00,2019-12-19T00:00:00+00:00,25,13,climatology,0.24244374299251403,0.0,0.3333333333333333,0.45454545454545453,0.5714285714285714,0.375,0.4117647058823529,0.010878418051923466,0.84,,
2026-09-27T12:00:00+00:00,72,year_2019,vol_high,2019-01-01T00:00:00+00:00,2020-01-01T00:00:00+00:00,2019-02-09T00:00:00+00:00,2019-12-19T00:00:00+00:00,25,13,logistic,0.22862649812069252,0.05699155070480888,0.3333333333333333,0.6363636363636364,0.21428571428571427,0.0,0.058823529411764705,0.010878418051923466,0.84,,
2026-09-27T12:00:00+00:00,72,year_2019,vol_high,2019-01-01T00:00:00+00:00,2020-01-01T00:00:00+00:00,2019-02-09T00:00:00+00:00,2019-12-19T00:00:00+00:00,25,13,selected,0.2395133314080686,0.012086975511411358,0.3333333333333333,0.45454545454545453,0.21428571428571427,0.25,0.17647058823529413,0.019755587594096014,0.8,,
2026-09-27T12:00:00+00:00,72,year_2019,vol_normal,2019-01-01T00:00:00+00:00,2020-01-01T00:00:00+00:00,2019-01-26T00:00:00+00:00,2019-12-31T00:00:00+00:00,222,60,catboost,0.18729547929112483,-0.02929338672261883,0.3333333333333333,0.17307692307692307,0.1,0.038461538461538464,0.052941176470588235,-0.08374731557666193,0.8243243243243243,,
2026-09-27T12:00:00+00:00,72,year_2019,vol_normal,2019-01-01T00:00:00+00:00,2020-01-01T00:00:00+00:00,2019-01-26T00:00:00+00:00,2019-12-31T00:00:00+00:00,222,60,catboost_calibrated,0.1833994011522243,-0.007882258820852472,0.3333333333333333,0.15384615384615385,0.10588235294117647,0.038461538461538464,0.058823529411764705,-0.03640144624110753,0.8828828828828829,,
2026-09-27T12:00:00+00:00,72,year_2019,vol_normal,2019-01-01T00:00:00+00:00,2020-01-01T00:00:00+00:00,2019-01-26T00:00:00+00:00,2019-12-31T00:00:00+00:00,222,60,climatology,0.18196510509748232,0.0,0.3333333333333333,0.4230769230769231,0.3588235294117647,0.6346153846153846,0.5176470588235295,-0.0012530607178788955,0.9324324324324325,,
2026-09-27T12:00:00+00:00,72,year_2019,vol_normal,2019-01-01T00:00:00+00:00,2020-01-01T00:00:00+00:00,2019-01-26T00:00:00+00:00,2019-12-31T00:00:00+00:00,222,60,logistic,0.18777308857405617,-0.03191811679202128,0.3235867446393762,0.057692307692307696,0.029411764705882353,0.0,0.03529411764705882,-0.0012530607178788955,0.9324324324324325,,
2026-09-27T12:00:00+00:00,72,year_2019,vol_normal,2019-01-01T00:00:00+00:00,2020-01-01T00:00:00+00:00,2019-01-26T00:00:00+00:00,2019-12-31T00:00:00+00:00,222,60,selected,0.18455462257846617,-0.014230846510909778,0.3313840155945419,0.07692307692307693,0.09411764705882353,0.5,0.3941176470588235,-0.022826869843805886,0.9009009009009009,-0.0008613701826649014,0.006883599907274559
2026-09-27T12:00:00+00:00,72,year_2020,all,2020-01-01T00:00:00+00:00,2021-01-01T00:00:00+00:00,2020-01-01T00:00:00+00:00,2020-11-30T00:00:00+00:00,235,60,catboost,0.19629460450555963,0.06340318408155654,0.3333333333333333,0.3058823529411765,0.14,0.2909090909090909,0.07222222222222222,0.0021796497622850186,0.6978723404255319,,
2026-09-27T12:00:00+00:00,72,year_2020,all,2020-01-01T00:00:00+00:00,2021-01-01T00:00:00+00:00,2020-01-01T00:00:00+00:00,2020-11-30T00:00:00+00:00,235,60,catboost_calibrated,0.20012442523163954,0.04512964107399364,0.3333333333333333,0.2823529411764706,0.13333333333333333,0.23636363636363636,0.07222222222222222,0.008666936097569966,0.7702127659574468,,
2026-09-27T12:00:00+00:00,72,year_2020,all,2020-01-01T00:00:00+00:00,2021-01-01T00:00:00+00:00,2020-01-01T00:00:00+00:00,2020-11-30T00:00:00+00:00,235,60,climatology,0.20958282279987217,0.0,0.3333333333333333,0.6705882352941176,0.8,0.0,0.17222222222222222,0.0014980620486600982,0.8170212765957446,,
2026-09-27T12:00:00+00:00,72,year_2020,all,2020-01-01T00:00:00+00:00,2021-01-01T00:00:00+00:00,2020-01-01T00:00:00+00:00,2020-11-30T00:00:00+00:00,235,60,logistic,0.2149774114016517,-0.02573965046234128,0.33971193415637857,0.18823529411764706,0.06666666666666667,0.18181818181818182,0.12777777777777777,0.0014980620486600982,0.8170212765957446,,
2026-09-27T12:00:00+00:00,72,year_2020,all,2020-01-01T00:00:00+00:00,2021-01-01T00:00:00+00:00,2020-01-01T00:00:00+00:00,2020-11-30T00:00:00+00:00,235,60,selected,0.208939095287685,0.0030714707607590874,0.3333333333333333,0.18823529411764706,0.19333333333333333,0.2,0.2222222222222222,0.0026846431910493296,0.7404255319148936,-0.004895061813778443,0.003381072904129972
2026-09-27T12:00:00+00:00,72,year_2020,trend_up,2020-01-01T00:00:00+00:00,2021-01-01T00:00:00+00:00,2020-01-04T00:00:00+00:00,2020-11-30T00:00:00+00:00,41,29,catboost,0.21794326630368305,0.13706686694439485,0.3333333333333333,0.47368421052631576,0.2727272727272727,0.38461538461538464,0.10714285714285714,0.02459225432733103,0.6829268292682927,,
2026-09-27T12:00:00+00:00,72,year_2020,trend_up,2020-01-01T00:00:00+00:00,2021-01-01T00:00:00+00:00,2020-01-04T00:00:00+00:00,2020-11-30T00:00:00+00:00,41,29,catboost_calibrated,0.23040781856407255,0.08771422890874347,0.3333333333333333,0.47368421052631576,0.2727272727272727,0.3076923076923077,0.10714285714285714,0.018204418327943728,0.7317073170731707,,
2026-09-27T12:00:00+00:00,72,year_2020,trend_up,2020-01-01T00:00:00+00:00,2021-01-01T00:00:00+00:00,2020-01-04T00:00:00+00:00,2020-11-30T00:00:00+00:00,41,29,climatology,0.25256101307868006,0.0,0.3333333333333333,0.5263157894736842,0.7727272727272727,0.0,0.2857142857142857,0.008863153797486811,0.7560975609756098,,
2026-09-27T12:00:00+00:00,72,year_2020,trend_up,2020-01-01T00:00:00+00:00,2021-01-01T00:00:00+00:00,2020-01-04T00:00:00+00:00,2020-11-30T00:00:00+00:00,41,29,logistic,0.22010404754515478,0.1285113847853231,0.37654320987654316,0.47368421052631576,0.22727272727272727,0.23076923076923078,0.17857142857142858,0.008863153797486811,0.7560975609756098,,
2026-09-27T12:00:00+00:00,72,year_2020,trend_up,2020-01-01T00:00:00+00:00,2021-01-01T00:00:00+00:00,2020-01-04T00:00:00+00:00,2020-11-30T00:00:00+00:00,41,29,selected,0.24629337950736443,0.024816314659630745,0.3333333333333333,0.15789473684210525,0.3181818181818182,0.15384615384615385,0.32142857142857145,-0.0002799993524964517,0.7317073170731707,,
2026-09-27T12:00:00+00:00,72,year_2020,trend_down,2020-01-01T00:00:00+00:00,2021-01-01T00:00:00+00:00,2020-01-20T00:00:00+00:00,2020-11-27T00:00:00+00:00,20,16,catboost,0.1974730153294827,0.04755922121905598,0.3333333333333333,0.0,0.0,0.0,0.06666666666666667,0.049884466633906,0.8,,
2026-09-27T12:00:00+00:00,72,year_2020,trend_down,2020-01-01T00:00:00+00:00,2021-01-01T00:00:00+00:00,2020-01-20T00:00:00+00:00,2020-11-27T00:00:00+00:00,20,16,catboost_calibrated,0.20111589815881725,0.02998907294745501,0.3333333333333333,0.0,0.0,0.0,0.06666666666666667,0.03835344652928052,0.8,,
2026-09-27T12:00:00+00:00,72,year_2020,trend_down,2020-01-01T00:00:00+00:00,2021-01-01T00:00:00+00:00,2020-01-20T00:00:00+00:00,2020-11-27T00:00:00+00:00,20,16,climatology,0.20733364186929712,0.0,0.3333333333333333,1.0,0.9230769230769231,0.0,0.0,0.021441916573441855,0.85,,
2026-09-27T12:00:00+00:00,72,year_2020,trend_down,2020-01-01T00:00:00+00:00,2021-01-01T00:00:00+00:00,2020-01-20T00:00:00+00:00,2020-11-27T00:00:00+00:00,20,16,logistic,0.24429612098019618,-0.17827535742704104,0.30952380952380953,0.0,0.0,0.4,0.4,0.021441916573441855,0.85,,
2026-09-27T12:00:00+00:00,72,year_2020,trend_down,2020-01-01T00:00:00+00:00,2021-01-01T00:00:00+00:00,2020-01-20T00:00:00+00:00,2020-11-27T00:00:00+00:00,20,16,selected,0.20807574397468365,-0.003579265278397692,0.3333333333333333,0.42857142857142855,0.23076923076923078,0.0,0.06666666666666667,0.04697319591084004,0.85,,
2026-09-27T12:00:00+00:00,72,year_2020,trend_range,2020-01-01T00:00:00+00:00,2021-01-01T00:00:00+00:00,2020-01-01T00:00:00+00:00,2020-11-29T00:00:00+00:00,174,56,catboost,0.19105803352738995,0.0433432697860513,0.3333333333333333,0.288135593220339,0.13043478260869565,0.2972972972972973,0.06569343065693431,-0.008658915530620037,0.6896551724137931,,
2026-09-27T12:00:00+00:00,72,year_2020,trend_range,2020-01-01T00:00:00+00:00,2021-01-01T00:00:00+00:00,2020-01-01T00:00:00+00:00,2020-11-29T00:00:00+00:00,174,56,catboost_calibrated,0.1928747207191493,0.03424683978201848,0.3333333333333333,0.2542372881355932,0.12173913043478261,0.24324324324324326,0.06569343065693431,0.0029774202242068837,0.7758620689655172,,
2026-09-27T12:00:00+00:00,72,year_2020,trend_range,2020-01-01T00:00:00+00:00,2021-01-01T00:00:00+00:00,2020-01-01T00:00:00+00:00,2020-11-29T00:00:00+00:00,174,56,climatology,0.19971430450780536,0.0,0.3333333333333333,0.6779661016949152,0.7913043478260869,0.0,0.1678832116788321,-0.0025534148412929003,0.8275862068965517,,
2026-09-27T12:00:00+00:00,72,year_2020,trend_range,2020-01-01T00:00:00+00:00,2021-01-01T00:00:00+00:00,2020-01-01T00:00:00+00:00,2020-11-29T00:00:00+00:00,174,56,logistic,0.21039944431283258,-0.05350212560567802,0.325068870523416,0.11864406779661017,0.043478260869565216,0.13513513513513514,0.08759124087591241,-0.0025534148412929003,0.8275862068965517,,
2026-09-27T12:00:00+00:00,72,year_2020,trend_range,2020-01-01T00:00:00+00:00,2021-01-01T00:00:00+00:00,2020-01-01T00:00:00+00:00,2020-11-29T00:00:00+00:00,174,56,selected,0.20023645950178365,-0.002614509738123827,0.3333333333333333,0.1694915254237288,0.16521739130434782,0.24324324324324326,0.21897810218978103,-0.0016889653248124414,0.7298850574712644,-0.0034837025501177595,0.004942640479946747
2026-09-27T12:00:00+00:00,72,year_2020,vol_high,2020-01-01T00:00:00+00:00,2021-01-01T00:00:00+00:00,2020-01-04T00:00:00+00:00,2020-11-27T00:00:00+00:00,20,14,catboost,0.17080342380440955,0.3315200873278972,0.3333333333333333,0.6923076923076923,0.14285714285714285,0.3333333333333333,0.11764705882352941,0.14169479351671455,0.75,,
2026-09-27T12:00:00+00:00,72,year_2020,vol_high,2020-01-01T00:00:00+00:00,2021-01-01T00:00:00+00:00,2020-01-04T00:00:00+00:00,2020-11-27T00:00:00+00:00,20,14,catboost_calibrated,0.2073126728950419,0.18863243847269962,0.3333333333333333,0.6923076923076923,0.14285714285714285,0.3333333333333333,0.11764705882352941,0.09144307614940306,0.75,,
2026-09-27T12:00:00+00:00,72,year_2020,vol_high,2020-01-01T00:00:00+00:00,2021-01-01T00:00:00+00:00,2020-01-04T00:00:00+00:00,2020-11-27T00:00:00+00:00,20,14,climatology,0.2555101814827316,0.0,0.3333333333333333,0.38461538461538464,0.7142857142857143,0.0,0.29411764705882354,0.020068901028531094,0.8,,
2026-09-27T12:00:00+00:00,72,year_2020,vol_high,2020-01-01T00:00:00+00:00,2021-01-01T00:00:00+00:00,2020-01-04T00:00:00+00:00,2020-11-27T00:00:00+00:00,20,14,logistic,0.20672876344805566,0.1909177072772451,0.6666666666666666,0.6153846153846154,0.14285714285714285,0.6666666666666666,0.35294117647058826,0.020068901028531094,0.8,,
2026-09-27T12:00:00+00:00,72,year_2020,vol_high,2020-01-01T00:00:00+00:00,2021-01-01T00:00:00+00:00,2020-01-04T00:00:00+00:00,2020-11-27T00:00:00+00:00,20,14,selected,0.24611257671144346,0.03677976633554714,0.3333333333333333,0.23076923076923078,0.14285714285714285,0.3333333333333333,0.29411764705882354,0.0158585384221247,0.8,,
2026-09-27T12:00:00+00:00,72,year_2020,vol_normal,2020-01-01T00:00:00+00:00,2021-01-01T00:00:00+00:00,2020-01-01T00:00:00+00:00,2020-11-30T00:00:00+00:00,215,58,catboost,0.19866587712892242,0.03236382406115579,0.3333333333333333,0.2361111111111111,0.13986013986013987,0.28846153846153844,0.06748466257668712,-0.009375734941924785,0.6930232558139535,,
2026-09-27T12:00:00+00:00,72,year_2020,vol_normal,2020-01-01T00:00:00+00:00,2021-01-01T00:00:00+00:00,2020-01-01T00:00:00+00:00,2020-11-30T00:00:00+00:00,215,58,catboost_calibrated,0.19945575103039287,0.0285166079587309,0.3333333333333333,0.20833333333333334,0.13286713286713286,0.23076923076923078,0.06748466257668712,0.0018109768311541652,0.772093023255814,,
2026-09-27T12:00:00+00:00,72,year_2020,vol_normal,2020-01-01T00:00:00+00:00,2021-01-01T00:00:00+00:00,2020-01-01T00:00:00+00:00,2020-11-30T00:00:00+00:00,215,58,climatology,0.20531051036425735,0.0,0.3333333333333333,0.7222222222222222,0.8041958041958042,0.0,0.15950920245398773,-4.007340328815445e-05,0.8186046511627907,,
2026-09-27T12:00:00+00:00,72,year_2020,vol_normal,2020-01-01T00:00:00+00:00,2021-01-01T00:00:00+00:00,2020-01-01T00:00:00+00:00,2020-11-30T00:00:00+00:00,215,58,logistic,0.21574472749035828,-0.05082164136453016,0.32214765100671144,0.1111111111111111,0.06293706293706294,0.15384615384615385,0.10429447852760736,-4.007340328815445e-05,0.8186046511627907,,
2026-09-27T12:00:00+00:00,72,year_2020,vol_normal,2020-01-01T00:00:00+00:00,2021-01-01T00:00:00+00:00,2020-01-01T00:00:00+00:00,2020-11-30T00:00:00+00:00,215,58,selected,0.20548109701570744,-0.0008308714987237398,0.3333333333333333,0.18055555555555555,0.1958041958041958,0.19230769230769232,0.2147239263803681,0.0015935112654998917,0.7348837209302326,-0.003795350461739275,0.00438024740914844
2026-09-27T12:00:00+00:00,72,year_2021,all,2021-01-01T00:00:00+00:00,2022-01-01T00:00:00+00:00,2021-01-01T00:00:00+00:00,2021-12-31T00:00:00+00:00,365,92,catboost,0.210475123980031,0.0036322985879010394,0.3333333333333333,0.14414414414414414,0.11811023622047244,0.1308411214953271,0.08139534883720931,-0.014977871152437983,0.6958904109589041,,
2026-09-27T12:00:00+00:00,72,year_2021,all,2021-01-01T00:00:00+00:00,2022-01-01T00:00:00+00:00,2021-01-01T00:00:00+00:00,2021-12-31T00:00:00+00:00,365,92,catboost_calibrated,0.2092868405516708,0.009257510754321574,0.3333333333333333,0.15315315315315314,0.12992125984251968,0.1308411214953271,0.07751937984496124,0.0004097224996897353,0.726027397260274,,
2026-09-27T12:00:00+00:00,72,year_2021,all,2021-01-01T00:00:00+00:00,2022-01-01T00:00:00+00:00,2021-01-01T00:00:00+00:00,2021-12-31T00:00:00+00:00,365,92,climatology,0.21124241952216616,0.0,0.3333333333333333,0.6486486486486487,0.6692913385826772,0.5514018691588785,0.6046511627906976,0.009456030619835354,0.7534246575342466,,
2026-09-27T12:00:00+00:00,72,year_2021,all,2021-01-01T00:00:00+00:00,2022-01-01T00:00:00+00:00,2021-01-01T00:00:00+00:00,2021-12-31T00:00:00+00:00,365,92,logistic,0.21153954978381057,-0.001406584256687271,0.3550826817074734,0.16216216216216217,0.1220472440944882,0.11214953271028037,0.06201550387596899,0.009456030619835354,0.7534246575342466,,
2026-09-27T12:00:00+00:00,72,year_2021,all,2021-01-01T00:00:00+00:00,2022-01-01T00:00:00+00:00,2021-01-01T00:00:00+00:00,2021-12-31T00:00:00+00:00,365,92,selected,0.20855652732455054,0.012714738846918872,0.3333333333333333,0.3333333333333333,0.24015748031496062,0.35514018691588783,0.18992248062015504,0.0026966990324701623,0.726027397260274,-0.007430036636748698,0.00211692221271081
2026-09-27T12:00:00+00:00,72,year_2021,trend_up,2021-01-01T00:00:00+00:00,2022-01-01T00:00:00+00:00,2021-01-03T00:00:00+00:00,2021-12-12T00:00:00+00:00,56,42,catboost,0.22446694691879276,-0.01051488724130567,0.3333333333333333,0.16666666666666666,0.2631578947368421,0.2222222222222222,0.13157894736842105,-0.03479873520130816,0.6964285714285714,,
2026-09-27T12:00:00+00:00,72,year_2021,trend_up,2021-01-01T00:00:00+00:00,2022-01-01T00:00:00+00:00,2021-01-03T00:00:00+00:00,2021-12-12T00:00:00+00:00,56,42,catboost_calibrated,0.22132074163726664,0.0036488340501394934,0.3333333333333333,0.2222222222222222,0.2631578947368421,0.2222222222222222,0.13157894736842105,-0.004055890080957303,0.7321428571428571,,
2026-09-27T12:00:00+00:00,72,year_2021,trend_up,2021-01-01T00:00:00+00:00,2022-01-01T00:00:00+00:00,2021-01-03T00:00:00+00:00,2021-12-12T00:00:00+00:00,56,42,climatology,0.22213126174873588,0.0,0.3333333333333333,0.6111111111111112,0.6578947368421053,0.5,0.5263157894736842,0.012833980897093977,0.7321428571428571,,
2026-09-27T12:00:00+00:00,72,year_2021,trend_up,2021-01-01T00:00:00+00:00,2022-01-01T00:00:00+00:00,2021-01-03T00:00:00+00:00,2021-12-12T00:00:00+00:00,56,42,logistic,0.22593847945199969,-0.017139495239397506,0.39206349206349206,0.3333333333333333,0.2894736842105263,0.2222222222222222,0.13157894736842105,0.012833980897093977,0.7321428571428571,,
2026-09-27T12:00:00+00:00,72,year_2021,trend_up,2021-01-01T00:00:00+00:00,2022-01-01T00:00:00+00:00,2021-01-03T00:00:00+00:00,2021-12-12T00:00:00+00:00,56,42,selected,0.2213792967618916,0.003385228089573644,0.3333333333333333,0.2777777777777778,0.42105263157894735,0.3333333333333333,0.18421052631578946,-0.013677804292890894,0.7142857142857143,,
2026-09-27T12:00:00+00:00,72,year_2021,trend_down,2021-01-01T00:00:00+00:00,2022-01-01T00:00:00+00:00,2021-01-12T00:00:00+00:00,2021-12-30T00:00:00+00:00,45,32,catboost,0.23170649703762664,-0.007156616208056965,0.3333333333333333,0.11764705882352941,0.14285714285714285,0.14285714285714285,0.0967741935483871,-0.0021535910120089596,0.6888888888888889,,
2026-09-27T12:00:00+00:00,72,year_2021,trend_down,2021-01-01T00:00:00+00:00,2022-01-01T00:00:00+00:00,2021-01-12T00:00:00+00:00,2021-12-30T00:00:00+00:00,45,32,catboost_calibrated,0.22947016901202702,0.002564011378093145,0.3333333333333333,0.11764705882352941,0.10714285714285714,0.14285714285714285,0.12903225806451613,0.02246048684402724,0.7555555555555555,,
2026-09-27T12:00:00+00:00,72,year_2021,trend_down,2021-01-01T00:00:00+00:00,2022-01-01T00:00:00+00:00,2021-01-12T00:00:00+00:00,2021-12-30T00:00:00+00:00,45,32,climatology,0.23006004558655557,0.0,0.3333333333333333,0.7058823529411765,0.5,0.5,0.6451612903225806,0.045281888647375146,0.7777777777777778,,
2026-09-27T12:00:00+00:00,72,year_2021,trend_down,2021-01-01T00:00:00+00:00,2022-01-01T00:00:00+00:00,2021-01-12T00:00:00+00:00,2021-12-30T00:00:00+00:00,45,32,logistic,0.23659077885084617,-0.028387081501440203,0.3333333333333333,0.17647058823529413,0.14285714285714285,0.07142857142857142,0.12903225806451613,0.045281888647375146,0.7777777777777778,,
2026-09-27T12:00:00+00:00,72,year_2021,trend_down,2021-01-01T00:00:00+00:00,2022-01-01T00:00:00+00:00,2021-01-12T00:00:00+00:00,2021-12-30T00:00:00+00:00,45,32,selected,0.23095072615688114,-0.0038715134914222293,0.3333333333333333,0.29411764705882354,0.07142857142857142,0.42857142857142855,0.3548387096774194,0.025287887365091244,0.7111111111111111,,
2026-09-27T12:00:00+00:00,72,year_2021,trend_range,2021-01-01T00:00:00+00:00,2022-01-01T00:00:00+00:00,2021-01-01T00:00:00+00:00,2021-12-31T00:00:00+00:00,264,82,catboost,0.2038881774945671,0.008929088296585896,0.3333333333333333,0.14473684210526316,0.0851063829787234,0.10666666666666667,0.06878306878306878,-0.01295856999331324,0.696969696969697,,
2026-09-27T12:00:00+00:00,72,year_2021,trend_range,2021-01-01T00:00:00+00:00,2022-01-01T00:00:00+00:00,2021-01-01T00:00:00+00:00,2021-12-31T00:00:00+00:00,264,82,catboost_calibrated,0.20329385478837766,0.01181800492484364,0.3333333333333333,0.14473684210526316,0.10638297872340426,0.10666666666666667,0.0582010582010582,-0.002503401760258539,0.7196969696969697,,
2026-09-27T12:00:00+00:00,72,year_2021,trend_range,2021-01-01T00:00:00+00:00,2022-01-01T00:00:00+00:00,2021-01-01T00:00:00+00:00,2021-12-31T00:00:00+00:00,264,82,climatology,0.20572511521313047,0.0,0.3333333333333333,0.6447368421052632,0.6968085106382979,0.5733333333333334,0.6137566137566137,0.002430510516453155,0.7537878787878788,,
2026-09-27T12:00:00+00:00,72,year_2021,trend_range,2021-01-01T00:00:00+00:00,2022-01-01T00:00:00+00:00,2021-01-01T00:00:00+00:00,2021-12-31T00:00:00+00:00,264,82,logistic,0.2042151355056469,0.00733979274197627,0.35000000000000003,0.11842105263157894,0.0851063829787234,0.09333333333333334,0.037037037037037035,0.002430510516453155,0.7537878787878788,,
2026-09-27T12:00:00+00:00,72,year_2021,trend_range,2021-01-01T00:00:00+00:00,2022-01-01T00:00:00+00:00,2021-01-01T00:00:00+00:00,2021-12-31T00:00:00+00:00,264,82,selected,0.20201935294596735,0.01801317385737744,0.3333333333333333,0.35526315789473684,0.22872340425531915,0.3466666666666667,0.164021164021164,0.0022561909650572476,0.7310606060606061,-0.010037944434270306,0.002630702400858536
2026-09-27T12:00:00+00:00,72,year_2021,vol_high,2021-01-01T00:00:00+00:00,2022-01-01T00:00:00+00:00,2021-01-04T00:00:00+00:00,2021-12-16T00:00:00+00:00,31,19,catboost,0.3057189295038104,0.031332330609617376,0.3333333333333333,0.375,0.4,0.23529411764705882,0.35714285714285715,-0.09325799296645476,0.6451612903225806,,
2026-09-27T12:00:00+00:00,72,year_2021,vol_high,2021-01-01T00:00:00+00:00,2022-01-01T00:00:00+00:00,2021-01-04T00:00:00+00:00,2021-12-16T00:00:00+00:00,31,19,catboost_calibrated,0.3076302765948692,0.025276244599186204,0.3333333333333333,0.375,0.4,0.23529411764705882,0.35714285714285715,-0.04635737004612284,0.6774193548387096,,
2026-09-27T12:00:00+00:00,72,year_2021,vol_high,2021-01-01T00:00:00+00:00,2022-01-01T00:00:00+00:00,2021-01-04T00:00:00+00:00,2021-12-16T00:00:00+00:00,31,19,climatology,0.3156076528250502,0.0,0.3333333333333333,0.5,0.5333333333333333,0.5882352941176471,0.5,-0.001797937096699176,0.7741935483870968,,
2026-09-27T12:00:00+00:00,72,year_2021,vol_high,2021-01-01T00:00:00+00:00,2022-01-01T00:00:00+00:00,2021-01-04T00:00:00+00:00,2021-12-16T00:00:00+00:00,31,19,logistic,0.2936821090930156,0.06947088746351948,0.3888888888888889,0.5,0.4,0.29411764705882354,0.2857142857142857,-0.001797937096699176,0.7741935483870968,,
2026-09-27T12:00:00+00:00,72,year_2021,vol_high,2021-01-01T00:00:00+00:00,2022-01-01T00:00:00+00:00,2021-01-04T00:00:00+00:00,2021-12-16T00:00:00+00:00,31,19,selected,0.3161552025838132,-0.0017349064696681182,0.3333333333333333,0.375,0.3333333333333333,0.47058823529411764,0.5714285714285714,-0.014455148167867193,0.7096774193548387,,
2026-09-27T12:00:00+00:00,72,year_2021,vol_normal,2021-01-01T00:00:00+00:00,2022-01-01T00:00:00+00:00,2021-01-01T00:00:00+00:00,2021-12-31T00:00:00+00:00,334,89,catboost,0.20163513005417122,-0.00039345943861834876,0.3333333333333333,0.10526315789473684,0.100418410041841,0.1111111111111111,0.06557377049180328,-0.006540754020634809,0.7005988023952096,,
2026-09-27T12:00:00+00:00,72,year_2021,vol_normal,2021-01-01T00:00:00+00:00,2022-01-01T00:00:00+00:00,2021-01-01T00:00:00+00:00,2021-12-31T00:00:00+00:00,334,89,catboost_calibrated,0.20015915636802067,0.006929443180244799,0.3333333333333333,0.11578947368421053,0.11297071129707113,0.1111111111111111,0.06147540983606557,0.00545033087610991,0.7305389221556886,,
2026-09-27T12:00:00+00:00,72,year_2021,vol_normal,2021-01-01T00:00:00+00:00,2022-01-01T00:00:00+00:00,2021-01-01T00:00:00+00:00,2021-12-31T00:00:00+00:00,334,89,climatology,0.20155582601201827,0.0,0.3333333333333333,0.6736842105263158,0.6778242677824268,0.5444444444444444,0.610655737704918,0.01066899556702261,0.7514970059880239,,
2026-09-27T12:00:00+00:00,72,year_2021,vol_normal,2021-01-01T00:00:00+00:00,2022-01-01T00:00:00+00:00,2021-01-01T00:00:00+00:00,2021-12-31T00:00:00+00:00,334,89,logistic,0.203915539788046,-0.011707494755755832,0.351209089013967,0.10526315789473684,0.10460251046025104,0.07777777777777778,0.04918032786885246,0.01066899556702261,0.7514970059880239,,
2026-09-27T12:00:00+00:00,72,year_2021,vol_normal,2021-01-01T00:00:00+00:00,2022-01-01T00:00:00+00:00,2021-01-01T00:00:00+00:00,2021-12-31T00:00:00+00:00,334,89,selected,0.1985698239322238,0.0148147644197415,0.3333333333333333,0.3263157894736842,0.23430962343096234,0.3333333333333333,0.1680327868852459,0.004545343880007269,0.7275449101796407,-0.00815117998117699,0.001742200491517715
2026-09-27T12:00:00+00:00,72,year_2022,all,2022-01-01T00:00:00+00:00,2023-01-01T00:00:00+00:00,2022-01-01T00:00:00+00:00,2022-12-31T00:00:00+00:00,365,92,catboost,0.1962871196532575,-0.0007239466338175848,0.3333333333333333,0.11392405063291139,0.1048951048951049,0.18584070796460178,0.09523809523809523,-0.06474590929804758,0.7561643835616438,,
2026-09-27T12:00:00+00:00,72,year_2022,all,2022-01-01T00:00:00+00:00,2023-01-01T00:00:00+00:00,2022-01-01T00:00:00+00:00,2022-12-31T00:00:00+00:00,365,92,catboost_calibrated,0.19417248001031848,0.010057048741368146,0.3333333333333333,0.10126582278481013,0.10139860139860139,0.22123893805309736,0.10714285714285714,-0.033169329343067044,0.8082191780821918,,
2026-09-27T12:00:00+00:00,72,year_2022,all,2022-01-01T00:00:00+00:00,2023-01-01T00:00:00+00:00,2022-01-01T00:00:00+00:00,2022-12-31T00:00:00+00:00,365,92,climatology,0.19614512105313137,0.0,0.3333333333333333,0.0759493670886076,0.08741258741258741,0.9203539823008849,0.9166666666666666,-0.020584373455890148,0.821917808219178,,
2026-09-27T12:00:00+00:00,72,year_2022,all,2022-01-01T00:00:00+00:00,2023-01-01T00:00:00+00:00,2022-01-01T00:00:00+00:00,2022-12-31T00:00:00+00:00,365,92,logistic,0.19853774298781818,-0.01219822303935203,0.33210332103321033,0.0759493670886076,0.0979020979020979,0.19469026548672566,0.09523809523809523,-0.020584373455890148,0.821917808219178,,
2026-09-27T12:00:00+00:00,72,year_2022,all,2022-01-01T00:00:00+00:00,2023-01-01T00:00:00+00:00,2022-01-01T00:00:00+00:00,2022-12-31T00:00:00+00:00,365,92,selected,0.19706001064286482,-0.004664350481017765,0.33210332103321033,0.1518987341772152,0.16083916083916083,0.2831858407079646,0.25793650793650796,-0.03651988314063326,0.8054794520547945,-0.006022157561809886,0.008425333806231993
2026-09-27T12:00:00+00:00,72,year_2022,trend_up,2022-01-01T00:00:00+00:00,2023-01-01T00:00:00+00:00,2022-01-12T00:00:00+00:00,2022-12-21T00:00:00+00:00,41,31,catboost,0.19143436163125938,-0.038148736302634934,0.3333333333333333,0.0,0.15625,0.2,0.12903225806451613,-0.03658215375564322,0.7317073170731707,,
2026-09-27T12:00:00+00:00,72,year_2022,trend_up,2022-01-01T00:00:00+00:00,2023-01-01T00:00:00+00:00,2022-01-12T00:00:00+00:00,2022-12-21T00:00:00+00:00,41,31,catboost_calibrated,0.1859516077660745,-0.008415756559093213,0.3333333333333333,0.0,0.15625,0.3,0.12903225806451613,-0.014167731667249273,0.8048780487804879,,
2026-09-27T12:00:00+00:00,72,year_2022,trend_up,2022-01-01T00:00:00+00:00,2023-01-01T00:00:00+00:00,2022-01-12T00:00:00+00:00,2022-12-21T00:00:00+00:00,41,31,climatology,0.18439974440758128,0.0,0.3333333333333333,0.0,0.09375,0.8,1.0,0.0026371962663689352,0.7804878048780488,,
2026-09-27T12:00:00+00:00,72,year_2022,trend_up,2022-01-01T00:00:00+00:00,2023-01-01T00:00:00+00:00,2022-01-12T00:00:00+00:00,2022-12-21T00:00:00+00:00,41,31,logistic,0.18686027758341073,-0.013343473895445879,0.3333333333333333,0.1111111111111111,0.15625,0.3,0.03225806451612903,0.0026371962663689352,0.7804878048780488,,
2026-09-27T12:00:00+00:00,72,year_2022,trend_up,2022-01-01T00:00:00+00:00,2023-01-01T00:00:00+00:00,2022-01-12T00:00:00+00:00,2022-12-21T00:00:00+00:00,41,31,selected,0.18294398335206408,0.007894593673077543,0.3333333333333333,0.1111111111111111,0.15625,0.4,0.16129032258064516,-0.0369794462882127,0.7317073170731707,,
2026-09-27T12:00:00+00:00,72,year_2022,trend_down,2022-01-01T00:00:00+00:00,2023-01-01T00:00:00+00:00,2022-01-06T00:00:00+00:00,2022-12-17T00:00:00+00:00,52,31,catboost,0.21746152687910908,0.07411413070801809,0.3333333333333333,0.35714285714285715,0.23684210526315788,0.43478260869565216,0.20689655172413793,-0.07538229210356895,0.6923076923076923,,
2026-09-27T12:00:00+00:00,72,year_2022,trend_down,2022-01-01T00:00:00+00:00,2023-01-01T00:00:00+00:00,2022-01-06T00:00:00+00:00,2022-12-17T00:00:00+00:00,52,31,catboost_calibrated,0.2225081384192337,0.05262717446400711,0.3333333333333333,0.2857142857142857,0.21052631578947367,0.5217391304347826,0.27586206896551724,-0.04635742394978837,0.7307692307692307,,
2026-09-27T12:00:00+00:00,72,year_2022,trend_down,2022-01-01T00:00:00+00:00,2023-01-01T00:00:00+00:00,2022-01-06T00:00:00+00:00,2022-12-17T00:00:00+00:00,52,31,climatology,0.23486860971903623,0.0,0.3333333333333333,0.0,0.18421052631578946,0.9130434782608695,0.896551724137931,-0.037232110069653324,0.75,,
2026-09-27T12:00:00+00:00,72,year_2022,trend_down,2022-01-01T00:00:00+00:00,2023-01-01T00:00:00+00:00,2022-01-06T00:00:00+00:00,2022-12-17T00:00:00+00:00,52,31,logistic,0.23039937497310153,0.019028659263070735,0.3218390804597701,0.35714285714285715,0.2631578947368421,0.391304347826087,0.20689655172413793,-0.037232110069653324,0.75,,
2026-09-27T12:00:00+00:00,72,year_2022,trend_down,2022-01-01T00:00:00+00:00,2023-01-01T00:00:00+00:00,2022-01-06T00:00:00+00:00,2022-12-17T00:00:00+00:00,52,31,selected,0.2251824228182892,0.041240874684506434,0.3218390804597701,0.35714285714285715,0.42105263157894735,0.5652173913043478,0.3103448275862069,-0.06748004507460625,0.7307692307692307,,
2026-09-27T12:00:00+00:00,72,year_2022,trend_range,2022-01-01T00:00:00+00:00,2023-01-01T00:00:00+00:00,2022-01-01T00:00:00+00:00,2022-12-31T00:00:00+00:00,272,85,catboost,0.1929705531207489,-0.012902085633267779,0.3333333333333333,0.07142857142857142,0.07407407407407407,0.1125,0.07291666666666667,-0.06665175437919335,0.7720588235294118,,
2026-09-27T12:00:00+00:00,72,year_2022,trend_range,2022-01-01T00:00:00+00:00,2023-01-01T00:00:00+00:00,2022-01-01T00:00:00+00:00,2022-12-31T00:00:00+00:00,272,85,catboost_calibrated,0.1899945444395479,0.002718978572134323,0.3333333333333333,0.07142857142857142,0.07407407407407407,0.125,0.078125,-0.03289363974584392,0.8235294117647058,,
2026-09-27T12:00:00+00:00,72,year_2022,trend_range,2022-01-01T00:00:00+00:00,2023-01-01T00:00:00+00:00,2022-01-01T00:00:00+00:00,2022-12-31T00:00:00+00:00,272,85,climatology,0.19051254396430967,0.0,0.3333333333333333,0.10714285714285714,0.06944444444444445,0.9375,0.90625,-0.020109597380632893,0.8419117647058824,,
2026-09-27T12:00:00+00:00,72,year_2022,trend_range,2022-01-01T00:00:00+00:00,2023-01-01T00:00:00+00:00,2022-01-01T00:00:00+00:00,2022-12-31T00:00:00+00:00,272,85,logistic,0.1942067548199725,-0.01939090612508365,0.3333333333333333,0.0,0.06018518518518518,0.125,0.08854166666666667,-0.020109597380632893,0.8419117647058824,,
2026-09-27T12:00:00+00:00,72,year_2022,trend_range,2022-01-01T00:00:00+00:00,2023-01-01T00:00:00+00:00,2022-01-01T00:00:00+00:00,2022-12-31T00:00:00+00:00,272,85,selected,0.1938114506641912,-0.017315955323653265,0.3333333333333333,0.10714285714285714,0.11574074074074074,0.1875,0.265625,-0.028402130542811932,0.8308823529411765,-0.004425981068966888,0.012359149091433722
2026-09-27T12:00:00+00:00,72,year_2022,vol_high,2022-01-01T00:00:00+00:00,2023-01-01T00:00:00+00:00,2022-01-08T00:00:00+00:00,2022-12-17T00:00:00+00:00,31,15,catboost,0.24387839534488231,0.1263010648652808,0.3333333333333333,0.4,0.47619047619047616,0.5263157894736842,0.25,-0.09771749248823713,0.6451612903225806,,
2026-09-27T12:00:00+00:00,72,year_2022,vol_high,2022-01-01T00:00:00+00:00,2023-01-01T00:00:00+00:00,2022-01-08T00:00:00+00:00,2022-12-17T00:00:00+00:00,31,15,catboost_calibrated,0.2558817375482445,0.08329886581314883,0.3333333333333333,0.4,0.47619047619047616,0.631578947368421,0.3333333333333333,-0.07537071098457204,0.6774193548387096,,
2026-09-27T12:00:00+00:00,72,year_2022,vol_high,2022-01-01T00:00:00+00:00,2023-01-01T00:00:00+00:00,2022-01-08T00:00:00+00:00,2022-12-17T00:00:00+00:00,31,15,climatology,0.2791332180200926,0.0,0.3333333333333333,0.1,0.2857142857142857,0.8421052631578947,0.8333333333333334,-0.0585308059274654,0.6451612903225806,,
2026-09-27T12:00:00+00:00,72,year_2022,vol_high,2022-01-01T00:00:00+00:00,2023-01-01T00:00:00+00:00,2022-01-08T00:00:00+00:00,2022-12-17T00:00:00+00:00,31,15,logistic,0.2790194636460174,0.00040752718319270187,0.3125,0.4,0.5238095238095238,0.631578947368421,0.6666666666666666,-0.0585308059274654,0.6451612903225806,,
2026-09-27T12:00:00+00:00,72,year_2022,vol_high,2022-01-01T00:00:00+00:00,2023-01-01T00:00:00+00:00,2022-01-08T00:00:00+00:00,2022-12-17T00:00:00+00:00,31,15,selected,0.25295405995081355,0.09378732583305305,0.3125,0.5,0.6190476190476191,0.631578947368421,0.5,-0.11862346136416502,0.6774193548387096,,
2026-09-27T12:00:00+00:00,72,year_2022,vol_normal,2022-01-01T00:00:00+00:00,2023-01-01T00:00:00+00:00,2022-01-01T00:00:00+00:00,2022-12-31T00:00:00+00:00,334,88,catboost,0.19186996532259776,-0.01818766940655525,0.3333333333333333,0.07246376811594203,0.07547169811320754,0.11702127659574468,0.0875,-0.06041621359436311,0.7664670658682635,,
2026-09-27T12:00:00+00:00,72,year_2022,vol_normal,2022-01-01T00:00:00+00:00,2023-01-01T00:00:00+00:00,2022-01-01T00:00:00+00:00,2022-12-31T00:00:00+00:00,334,88,catboost_calibrated,0.18844497407116964,-1.242319662275726e-05,0.3333333333333333,0.057971014492753624,0.07169811320754717,0.13829787234042554,0.09583333333333334,-0.02762761362596633,0.8203592814371258,,
2026-09-27T12:00:00+00:00,72,year_2022,vol_normal,2022-01-01T00:00:00+00:00,2023-01-01T00:00:00+00:00,2022-01-01T00:00:00+00:00,2022-12-31T00:00:00+00:00,334,88,climatology,0.18844263301128764,0.0,0.3333333333333333,0.07246376811594203,0.07169811320754717,0.9361702127659575,0.9208333333333333,-0.01560140055177972,0.8383233532934131,,
2026-09-27T12:00:00+00:00,72,year_2022,vol_normal,2022-01-01T00:00:00+00:00,2023-01-01T00:00:00+00:00,2022-01-01T00:00:00+00:00,2022-12-31T00:00:00+00:00,334,88,logistic,0.19106788268720687,-0.013931293752205143,0.3333333333333333,0.028985507246376812,0.06415094339622641,0.10638297872340426,0.06666666666666667,-0.01560140055177972,0.8383233532934131,,
2026-09-27T12:00:00+00:00,72,year_2022,vol_normal,2022-01-01T00:00:00+00:00,2023-01-01T00:00:00+00:00,2022-01-01T00:00:00+00:00,2022-12-31T00:00:00+00:00,334,88,selected,0.19187223959931277,-0.018199738207965277,0.3333333333333333,0.10144927536231885,0.12452830188679245,0.2127659574468085,0.24583333333333332,-0.025738371441876406,0.8173652694610778,-0.0030968787690930093,0.011204814753874213
2026-09-27T12:00:00+00:00,72,year_2023,all,2023-01-01T00:00:00+00:00,2024-01-01T00:00:00+00:00,2023-01-01T00:00:00+00:00,2023-12-31T00:00:00+00:00,332,83,catboost,0.1829470814994483,-0.020270204646143597,0.3333333333333333,0.12790697674418605,0.08943089430894309,0.015625,0.022388059701492536,-0.06457596322833714,0.7951807228915663,,
2026-09-27T12:00:00+00:00,72,year_2023,all,2023-01-01T00:00:00+00:00,2024-01-01T00:00:00+00:00,2023-01-01T00:00:00+00:00,2023-12-31T00:00:00+00:00,332,83,catboost_calibrated,0.1795086510873801,-0.001094560676152545,0.3333333333333333,0.12790697674418605,0.08536585365853659,0.015625,0.018656716417910446,-0.02123493718658076,0.8885542168674698,,
2026-09-27T12:00:00+00:00,72,year_2023,all,2023-01-01T00:00:00+00:00,2024-01-01T00:00:00+00:00,2023-01-01T00:00:00+00:00,2023-12-31T00:00:00+00:00,332,83,climatology,0.17931238280441517,0.0,0.3333333333333333,0.09302325581395349,0.07723577235772358,0.0625,0.10074626865671642,0.002657528746307425,0.9487951807228916,,
2026-09-27T12:00:00+00:00,72,year_2023,all,2023-01-01T00:00:00+00:00,2024-01-01T00:00:00+00:00,2023-01-01T00:00:00+00:00,2023-12-31T00:00:00+00:00,332,83,logistic,0.18226502041880993,-0.01646644569781519,0.33209417596034696,0.023255813953488372,0.08943089430894309,0.046875,0.014925373134328358,0.002657528746307425,0.9487951807228916,,
2026-09-27T12:00:00+00:00,72,year_2023,all,2023-01-01T00:00:00+00:00,2024-01-01T00:00:00+00:00,2023-01-01T00:00:00+00:00,2023-12-31T00:00:00+00:00,332,83,selected,0.18070468125507638,-0.007764653109204822,0.3333333333333333,0.10465116279069768,0.12195121951219512,0.0625,0.11567164179104478,-0.008854733047612973,0.927710843373494,-0.0016695098496961026,0.004645110593056839
2026-09-27T12:00:00+00:00,72,year_2023,trend_up,2023-01-01T00:00:00+00:00,2024-01-01T00:00:00+00:00,2023-01-05T00:00:00+00:00,2023-12-28T00:00:00+00:00,46,34,catboost,0.2145175054326819,-0.09895458505727661,0.3333333333333333,0.15384615384615385,0.15151515151515152,0.0,0.0,-0.16713826980098068,0.6956521739130435,,
2026-09-27T12:00:00+00:00,72,year_2023,trend_up,2023-01-01T00:00:00+00:00,2024-01-01T00:00:00+00:00,2023-01-05T00:00:00+00:00,2023-12-28T00:00:00+00:00,46,34,catboost_calibrated,0.20279596622836749,-0.038906155785604524,0.3333333333333333,0.15384615384615385,0.15151515151515152,0.0,0.0,-0.06372701560539507,0.8478260869565217,,
2026-09-27T12:00:00+00:00,72,year_2023,trend_up,2023-01-01T00:00:00+00:00,2024-01-01T00:00:00+00:00,2023-01-05T00:00:00+00:00,2023-12-28T00:00:00+00:00,46,34,climatology,0.19520142902129248,0.0,0.3333333333333333,0.07692307692307693,0.030303030303030304,0.09090909090909091,0.02857142857142857,0.02374648025234183,0.9565217391304348,,
2026-09-27T12:00:00+00:00,72,year_2023,trend_up,2023-01-01T00:00:00+00:00,2024-01-01T00:00:00+00:00,2023-01-05T00:00:00+00:00,2023-12-28T00:00:00+00:00,46,34,logistic,0.19984727783664424,-0.023800280759445736,0.3333333333333333,0.0,0.06060606060606061,0.0,0.0,0.02374648025234183,0.9565217391304348,,
2026-09-27T12:00:00+00:00,72,year_2023,trend_up,2023-01-01T00:00:00+00:00,2024-01-01T00:00:00+00:00,2023-01-05T00:00:00+00:00,2023-12-28T00:00:00+00:00,46,34,selected,0.19902970652454577,-0.01961193379806514,0.3333333333333333,0.07692307692307693,0.12121212121212122,0.09090909090909091,0.02857142857142857,-0.016351893194641143,0.9130434782608695,,
2026-09-27T12:00:00+00:00,72,year_2023,trend_down,2023-01-01T00:00:00+00:00,2024-01-01T00:00:00+00:00,2023-01-19T00:00:00+00:00,2023-12-16T00:00:00+00:00,35,29,catboost,0.1717867725637675,-0.05720757042998259,0.3333333333333333,0.0,0.04,0.0,0.125,-0.08152048624244834,0.8285714285714286,,
2026-09-27T12:00:00+00:00,72,year_2023,trend_down,2023-01-01T00:00:00+00:00,2024-01-01T00:00:00+00:00,2023-01-19T00:00:00+00:00,2023-12-16T00:00:00+00:00,35,29,catboost_calibrated,0.16591446708019209,-0.021068316397435227,0.3333333333333333,0.0,0.04,0.0,0.125,-0.03313707986612924,0.9142857142857143,,
2026-09-27T12:00:00+00:00,72,year_2023,trend_down,2023-01-01T00:00:00+00:00,2024-01-01T00:00:00+00:00,2023-01-19T00:00:00+00:00,2023-12-16T00:00:00+00:00,35,29,climatology,0.16249105413982154,0.0,0.3333333333333333,0.0,0.08,0.0,0.0625,0.0019209632363109685,0.9714285714285714,,
2026-09-27T12:00:00+00:00,72,year_2023,trend_down,2023-01-01T00:00:00+00:00,2024-01-01T00:00:00+00:00,2023-01-19T00:00:00+00:00,2023-12-16T00:00:00+00:00,35,29,logistic,0.17775833243980582,-0.09395765435090953,0.32142857142857145,0.1,0.24,0.0,0.09375,0.0019209632363109685,0.9714285714285714,,
2026-09-27T12:00:00+00:00,72,year_2023,trend_down,2023-01-01T00:00:00+00:00,2024-01-01T00:00:00+00:00,2023-01-19T00:00:00+00:00,2023-12-16T00:00:00+00:00,35,29,selected,0.1634913939487198,-0.006156276197442079,0.3333333333333333,0.0,0.16,0.0,0.15625,-0.002004751568125851,0.9714285714285714,,
2026-09-27T12:00:00+00:00,72,year_2023,trend_range,2023-01-01T00:00:00+00:00,2024-01-01T00:00:00+00:00,2023-01-01T00:00:00+00:00,2023-12-31T00:00:00+00:00,251,76,catboost,0.17871748513219765,0.00015980500852819102,0.3333333333333333,0.14285714285714285,0.0851063829787234,0.02,0.009950248756218905,-0.035922686387644065,0.8087649402390438,,
2026-09-27T12:00:00+00:00,72,year_2023,trend_range,2023-01-01T00:00:00+00:00,2024-01-01T00:00:00+00:00,2023-01-01T00:00:00+00:00,2023-12-31T00:00:00+00:00,251,76,catboost_calibrated,0.17713645962828115,0.009004898408052409,0.3333333333333333,0.14285714285714285,0.0797872340425532,0.02,0.004975124378109453,-0.008677289305301539,0.8924302788844621,,
2026-09-27T12:00:00+00:00,72,year_2023,trend_range,2023-01-01T00:00:00+00:00,2024-01-01T00:00:00+00:00,2023-01-01T00:00:00+00:00,2023-12-31T00:00:00+00:00,251,76,climatology,0.17874604964618573,0.0,0.3333333333333333,0.1111111111111111,0.0851063829787234,0.06,0.11940298507462686,-0.0026407072925878072,0.9442231075697212,,
2026-09-27T12:00:00+00:00,72,year_2023,trend_range,2023-01-01T00:00:00+00:00,2024-01-01T00:00:00+00:00,2023-01-01T00:00:00+00:00,2023-12-31T00:00:00+00:00,251,76,logistic,0.17967119666600023,-0.005175762047025634,0.3333333333333333,0.015873015873015872,0.07446808510638298,0.06,0.004975124378109453,-0.0026407072925878072,0.9442231075697212,,
2026-09-27T12:00:00+00:00,72,year_2023,trend_range,2023-01-01T00:00:00+00:00,2024-01-01T00:00:00+00:00,2023-01-01T00:00:00+00:00,2023-12-31T00:00:00+00:00,251,76,selected,0.17974656927629903,-0.0055974363186976905,0.3333333333333333,0.12698412698412698,0.11702127659574468,0.06,0.12437810945273632,-0.00789755993919905,0.9243027888446215,-0.002457047938726124,0.004812992592455204
2026-09-27T12:00:00+00:00,72,year_2023,vol_high,2023-01-01T00:00:00+00:00,2024-01-01T00:00:00+00:00,2023-01-12T00:00:00+00:00,2023-12-12T00:00:00+00:00,25,19,catboost,0.18444308640805074,-0.12215417190820754,0.3333333333333333,0.0,0.15,0.0,0.05,-0.1208686388308089,0.84,,
2026-09-27T12:00:00+00:00,72,year_2023,vol_high,2023-01-01T00:00:00+00:00,2024-01-01T00:00:00+00:00,2023-01-12T00:00:00+00:00,2023-12-12T00:00:00+00:00,25,19,catboost_calibrated,0.17299394992591882,-0.05249747445006969,0.3333333333333333,0.0,0.15,0.0,0.05,-0.05027106263136605,0.88,,
2026-09-27T12:00:00+00:00,72,year_2023,vol_high,2023-01-01T00:00:00+00:00,2024-01-01T00:00:00+00:00,2023-01-12T00:00:00+00:00,2023-12-12T00:00:00+00:00,25,19,climatology,0.16436519243555262,0.0,0.3333333333333333,0.0,0.15,0.0,0.0,0.010013206575255396,1.0,,
2026-09-27T12:00:00+00:00,72,year_2023,vol_high,2023-01-01T00:00:00+00:00,2024-01-01T00:00:00+00:00,2023-01-12T00:00:00+00:00,2023-12-12T00:00:00+00:00,25,19,logistic,0.196427067620557,-0.19506487176459708,0.31666666666666665,0.0,0.25,0.0,0.05,0.010013206575255396,1.0,,
2026-09-27T12:00:00+00:00,72,year_2023,vol_high,2023-01-01T00:00:00+00:00,2024-01-01T00:00:00+00:00,2023-01-12T00:00:00+00:00,2023-12-12T00:00:00+00:00,25,19,selected,0.16466052214554147,-0.0017967898532085247,0.3333333333333333,0.0,0.2,0.0,0.0,0.023610615534779056,1.0,,
2026-09-27T12:00:00+00:00,72,year_2023,vol_normal,2023-01-01T00:00:00+00:00,2024-01-01T00:00:00+00:00,2023-01-01T00:00:00+00:00,2023-12-31T00:00:00+00:00,307,82,catboost,0.18282525699549043,-0.012716344153580916,0.3333333333333333,0.13580246913580246,0.084070796460177,0.01694915254237288,0.020161290322580645,-0.05976190583240282,0.7915309446254072,,
2026-09-27T12:00:00+00:00,72,year_2023,vol_normal,2023-01-01T00:00:00+00:00,2024-01-01T00:00:00+00:00,2023-01-01T00:00:00+00:00,2023-12-31T00:00:00+00:00,307,82,catboost_calibrated,0.18003916421127758,0.002716543759549772,0.3333333333333333,0.13580246913580246,0.07964601769911504,0.01694915254237288,0.016129032258064516,-0.018751815307033626,0.8892508143322475,,
2026-09-27T12:00:00+00:00,72,year_2023,vol_normal,2023-01-01T00:00:00+00:00,2024-01-01T00:00:00+00:00,2023-01-01T00:00:00+00:00,2023-12-31T00:00:00+00:00,307,82,climatology,0.180529580717189,0.0,0.3333333333333333,0.09876543209876543,0.07079646017699115,0.06779661016949153,0.10887096774193548,0.0020284832288296473,0.9446254071661238,,
2026-09-27T12:00:00+00:00,72,year_2023,vol_normal,2023-01-01T00:00:00+00:00,2024-01-01T00:00:00+00:00,2023-01-01T00:00:00+00:00,2023-12-31T00:00:00+00:00,307,82,logistic,0.18111175924602924,-0.003224837317670648,0.3333333333333333,0.024691358024691357,0.0752212389380531,0.05084745762711865,0.012096774193548387,0.0020284832288296473,0.9446254071661238,,
2026-09-27T12:00:00+00:00,72,year_2023,vol_normal,2023-01-01T00:00:00+00:00,2024-01-01T00:00:00+00:00,2023-01-01T00:00:00+00:00,2023-12-31T00:00:00+00:00,307,82,selected,0.18201120886985933,-0.00820712121960443,0.3333333333333333,0.1111111111111111,0.11504424778761062,0.06779661016949153,0.125,-0.01163111647195647,0.9218241042345277,-0.0018279876331442652,0.005064797391464865
2026-09-27T12:00:00+00:00,72,year_2024,all,2024-01-01T00:00:00+00:00,2025-01-01T00:00:00+00:00,2024-01-01T00:00:00+00:00,2024-12-31T00:00:00+00:00,366,92,catboost,0.20247409319548357,-0.013013341313532267,0.3333333333333333,0.11702127659574468,0.10661764705882353,0.05714285714285714,0.15708812260536398,-0.01687898631451401,0.7076502732240437,,
2026-09-27T12:00:00+00:00,72,year_2024,all,2024-01-01T00:00:00+00:00,2025-01-01T00:00:00+00:00,2024-01-01T00:00:00+00:00,2024-12-31T00:00:00+00:00,366,92,catboost_calibrated,0.19977820159314116,0.00047467642151344247,0.3333333333333333,0.13829787234042554,0.11764705882352941,0.047619047619047616,0.14942528735632185,-0.004865461957212158,0.73224043715847,,
2026-09-27T12:00:00+00:00,72,year_2024,all,2024-01-01T00:00:00+00:00,2025-01-01T00:00:00+00:00,2024-01-01T00:00:00+00:00,2024-12-31T00:00:00+00:00,366,92,climatology,0.19987307662991274,0.0,0.3333333333333333,0.6170212765957447,0.6838235294117647,0.20952380952380953,0.26436781609195403,0.00066696467004701,0.7459016393442623,,
2026-09-27T12:00:00+00:00,72,year_2024,all,2024-01-01T00:00:00+00:00,2025-01-01T00:00:00+00:00,2024-01-01T00:00:00+00:00,2024-12-31T00:00:00+00:00,366,92,logistic,0.20441140151876608,-0.022706034076097836,0.3340727297170128,0.20212765957446807,0.10294117647058823,0.06666666666666667,0.11877394636015326,0.00066696467004701,0.7459016393442623,,
2026-09-27T12:00:00+00:00,72,year_2024,all,2024-01-01T00:00:00+00:00,2025-01-01T00:00:00+00:00,2024-01-01T00:00:00+00:00,2024-12-31T00:00:00+00:00,366,92,selected,0.20692019622935204,-0.035257973301165535,0.3282247765006386,0.3723404255319149,0.31985294117647056,0.12380952380952381,0.210727969348659,-0.008256912218152168,0.7431693989071039,0.0006106648354010839,0.017526886326027297
2026-09-27T12:00:00+00:00,72,year_2024,trend_up,2024-01-01T00:00:00+00:00,2025-01-01T00:00:00+00:00,2024-01-02T00:00:00+00:00,2024-12-24T00:00:00+00:00,48,35,catboost,0.2378991298334418,-0.005257930370339725,0.3333333333333333,0.125,0.125,0.17647058823529413,0.1935483870967742,-0.024635977708985735,0.6875,,
2026-09-27T12:00:00+00:00,72,year_2024,trend_up,2024-01-01T00:00:00+00:00,2025-01-01T00:00:00+00:00,2024-01-02T00:00:00+00:00,2024-12-24T00:00:00+00:00,48,35,catboost_calibrated,0.23581036169349878,0.00356829248660262,0.3333333333333333,0.1875,0.125,0.11764705882352941,0.1935483870967742,-0.009613695496284436,0.6666666666666666,,
2026-09-27T12:00:00+00:00,72,year_2024,trend_up,2024-01-01T00:00:00+00:00,2025-01-01T00:00:00+00:00,2024-01-02T00:00:00+00:00,2024-12-24T00:00:00+00:00,48,35,climatology,0.2366548152928265,0.0,0.3333333333333333,0.6875,0.625,0.29411764705882354,0.2903225806451613,-0.002625299275654136,0.6875,,
2026-09-27T12:00:00+00:00,72,year_2024,trend_up,2024-01-01T00:00:00+00:00,2025-01-01T00:00:00+00:00,2024-01-02T00:00:00+00:00,2024-12-24T00:00:00+00:00,48,35,logistic,0.2507070273737003,-0.05937851745584055,0.3333333333333333,0.125,0.15625,0.058823529411764705,0.0967741935483871,-0.002625299275654136,0.6875,,
2026-09-27T12:00:00+00:00,72,year_2024,trend_up,2024-01-01T00:00:00+00:00,2025-01-01T00:00:00+00:00,2024-01-02T00:00:00+00:00,2024-12-24T00:00:00+00:00,48,35,selected,0.2497184870308574,-0.05520137725432073,0.3333333333333333,0.375,0.46875,0.23529411764705882,0.16129032258064516,-0.013247034964537274,0.6458333333333334,,
2026-09-27T12:00:00+00:00,72,year_2024,trend_down,2024-01-01T00:00:00+00:00,2025-01-01T00:00:00+00:00,2024-01-04T00:00:00+00:00,2024-12-27T00:00:00+00:00,45,30,catboost,0.22034693672163352,0.023464723663453646,0.3333333333333333,0.18181818181818182,0.11764705882352941,0.0,0.18518518518518517,-0.023834498246582125,0.7333333333333333,,
2026-09-27T12:00:00+00:00,72,year_2024,trend_down,2024-01-01T00:00:00+00:00,2025-01-01T00:00:00+00:00,2024-01-04T00:00:00+00:00,2024-12-27T00:00:00+00:00,45,30,catboost_calibrated,0.22139634805645975,0.01881393430784828,0.3333333333333333,0.18181818181818182,0.11764705882352941,0.0,0.18518518518518517,-0.009149045349197804,0.7333333333333333,,
2026-09-27T12:00:00+00:00,72,year_2024,trend_down,2024-01-01T00:00:00+00:00,2025-01-01T00:00:00+00:00,2024-01-04T00:00:00+00:00,2024-12-27T00:00:00+00:00,45,30,climatology,0.22564155341961725,0.0,0.3333333333333333,0.5454545454545454,0.6176470588235294,0.3333333333333333,0.25925925925925924,-0.0010513328268644262,0.7333333333333333,,
2026-09-27T12:00:00+00:00,72,year_2024,trend_down,2024-01-01T00:00:00+00:00,2025-01-01T00:00:00+00:00,2024-01-04T00:00:00+00:00,2024-12-27T00:00:00+00:00,45,30,logistic,0.23707832928246253,-0.05068559265578498,0.3333333333333333,0.45454545454545453,0.17647058823529413,0.1111111111111111,0.2222222222222222,-0.0010513328268644262,0.7333333333333333,,
2026-09-27T12:00:00+00:00,72,year_2024,trend_down,2024-01-01T00:00:00+00:00,2025-01-01T00:00:00+00:00,2024-01-04T00:00:00+00:00,2024-12-27T00:00:00+00:00,45,30,selected,0.23719757971787486,-0.05121408766747537,0.3333333333333333,0.36363636363636365,0.38235294117647056,0.1111111111111111,0.2222222222222222,-0.02093129943933647,0.7333333333333333,,
2026-09-27T12:00:00+00:00,72,year_2024,trend_range,2024-01-01T00:00:00+00:00,2025-01-01T00:00:00+00:00,2024-01-01T00:00:00+00:00,2024-12-31T00:00:00+00:00,273,85,catboost,0.1932994422163673,-0.021891892965848037,0.3333333333333333,0.1044776119402985,0.10194174757281553,0.04285714285714286,0.1477832512315271,-0.014223216409458894,0.706959706959707,,
2026-09-27T12:00:00+00:00,72,year_2024,trend_range,2024-01-01T00:00:00+00:00,2025-01-01T00:00:00+00:00,2024-01-01T00:00:00+00:00,2024-12-31T00:00:00+00:00,273,85,catboost_calibrated,0.18987944600461917,-0.0038118283640713457,0.3333333333333333,0.11940298507462686,0.11650485436893204,0.04285714285714286,0.13793103448275862,-0.003235450537389717,0.7435897435897436,,
2026-09-27T12:00:00+00:00,72,year_2024,trend_range,2024-01-01T00:00:00+00:00,2025-01-01T00:00:00+00:00,2024-01-01T00:00:00+00:00,2024-12-31T00:00:00+00:00,273,85,climatology,0.18915840662494365,0.0,0.3333333333333333,0.6119402985074627,0.7038834951456311,0.15714285714285714,0.26108374384236455,0.0015871917273700964,0.7582417582417582,,
2026-09-27T12:00:00+00:00,72,year_2024,trend_range,2024-01-01T00:00:00+00:00,2025-01-01T00:00:00+00:00,2024-01-01T00:00:00+00:00,2024-12-31T00:00:00+00:00,273,85,logistic,0.19088685283597057,-0.009137559582292454,0.3342476644802226,0.1791044776119403,0.0825242718446602,0.05714285714285714,0.10837438423645321,0.0015871917273700964,0.7582417582417582,,
2026-09-27T12:00:00+00:00,72,year_2024,trend_range,2024-01-01T00:00:00+00:00,2025-01-01T00:00:00+00:00,2024-01-01T00:00:00+00:00,2024-12-31T00:00:00+00:00,273,85,selected,0.19440444452438582,-0.027733569937728575,0.3264957264957265,0.373134328358209,0.28640776699029125,0.1,0.21674876847290642,-0.005173048316091666,0.7619047619047619,-0.0013883006398787458,0.013374162362721513
2026-09-27T12:00:00+00:00,72,year_2024,vol_high,2024-01-01T00:00:00+00:00,2025-01-01T00:00:00+00:00,2024-01-04T00:00:00+00:00,2024-12-21T00:00:00+00:00,36,24,catboost,0.23933356823885224,-0.008706492374878971,0.3333333333333333,0.15384615384615385,0.2608695652173913,0.16666666666666666,0.20833333333333334,-0.031055002876214877,0.7222222222222222,,
2026-09-27T12:00:00+00:00,72,year_2024,vol_high,2024-01-01T00:00:00+00:00,2025-01-01T00:00:00+00:00,2024-01-04T00:00:00+00:00,2024-12-21T00:00:00+00:00,36,24,catboost_calibrated,0.2367043306461732,0.002374815814554232,0.3333333333333333,0.23076923076923078,0.2608695652173913,0.16666666666666666,0.20833333333333334,-0.007134387228501682,0.7777777777777778,,
2026-09-27T12:00:00+00:00,72,year_2024,vol_high,2024-01-01T00:00:00+00:00,2025-01-01T00:00:00+00:00,2024-01-04T00:00:00+00:00,2024-12-21T00:00:00+00:00,36,24,climatology,0.23726779796506509,0.0,0.3333333333333333,0.6153846153846154,0.6086956521739131,0.16666666666666666,0.3333333333333333,0.005228529002706095,0.75,,
2026-09-27T12:00:00+00:00,72,year_2024,vol_high,2024-01-01T00:00:00+00:00,2025-01-01T00:00:00+00:00,2024-01-04T00:00:00+00:00,2024-12-21T00:00:00+00:00,36,24,logistic,0.2551749554455604,-0.07547234658085356,0.37654320987654316,0.46153846153846156,0.34782608695652173,0.16666666666666666,0.16666666666666666,0.005228529002706095,0.75,,
2026-09-27T12:00:00+00:00,72,year_2024,vol_high,2024-01-01T00:00:00+00:00,2025-01-01T00:00:00+00:00,2024-01-04T00:00:00+00:00,2024-12-21T00:00:00+00:00,36,24,selected,0.26212981326797075,-0.10478461685966467,0.32098765432098764,0.38461538461538464,0.5652173913043478,0.16666666666666666,0.16666666666666666,-0.008450232608886887,0.7777777777777778,,
2026-09-27T12:00:00+00:00,72,year_2024,vol_normal,2024-01-01T00:00:00+00:00,2025-01-01T00:00:00+00:00,2024-01-01T00:00:00+00:00,2024-12-31T00:00:00+00:00,330,89,catboost,0.1984530595543888,-0.013582703199956248,0.3333333333333333,0.1111111111111111,0.09236947791164658,0.043010752688172046,0.1518987341772152,-0.0153261978967687,0.706060606060606,,
2026-09-27T12:00:00+00:00,72,year_2024,vol_normal,2024-01-01T00:00:00+00:00,2025-01-01T00:00:00+00:00,2024-01-01T00:00:00+00:00,2024-12-31T00:00:00+00:00,330,89,catboost_calibrated,0.19574989660553765,0.0002234795570075221,0.3333333333333333,0.12345679012345678,0.10441767068273092,0.03225806451612903,0.14345991561181434,-0.004616932275643748,0.7272727272727273,,
2026-09-27T12:00:00+00:00,72,year_2024,vol_normal,2024-01-01T00:00:00+00:00,2025-01-01T00:00:00+00:00,2024-01-01T00:00:00+00:00,2024-12-31T00:00:00+00:00,330,89,climatology,0.19579365248425973,0.0,0.3333333333333333,0.6172839506172839,0.6907630522088354,0.21505376344086022,0.25738396624472576,0.0001673077860609995,0.7454545454545455,,
2026-09-27T12:00:00+00:00,72,year_2024,vol_normal,2024-01-01T00:00:00+00:00,2025-01-01T00:00:00+00:00,2024-01-01T00:00:00+00:00,2024-12-31T00:00:00+00:00,330,89,logistic,0.19887355927220673,-0.01573037097407748,0.32905982905982906,0.16049382716049382,0.08032128514056225,0.053763440860215055,0.11392405063291139,0.0001673077860609995,0.7454545454545455,,
2026-09-27T12:00:00+00:00,72,year_2024,vol_normal,2024-01-01T00:00:00+00:00,2025-01-01T00:00:00+00:00,2024-01-01T00:00:00+00:00,2024-12-31T00:00:00+00:00,330,89,selected,0.20089732891604822,-0.026066608222647947,0.32905982905982906,0.37037037037037035,0.2971887550200803,0.11827956989247312,0.21518987341772153,-0.008235736617634215,0.7393939393939394,-0.00033674492429405057,0.012310336239939445
2026-09-27T12:00:00+00:00,72,year_2025,all,2025-01-01T00:00:00+00:00,2026-01-01T00:00:00+00:00,2025-01-01T00:00:00+00:00,2025-12-31T00:00:00+00:00,332,84,catboost,0.20304782584181802,0.010966124953479373,0.3333333333333333,0.31868131868131866,0.22821576763485477,0.12121212121212122,0.14163090128755365,-0.010499770726171143,0.6987951807228916,,
2026-09-27T12:00:00+00:00,72,year_2025,all,2025-01-01T00:00:00+00:00,2026-01-01T00:00:00+00:00,2025-01-01T00:00:00+00:00,2025-12-31T00:00:00+00:00,332,84,catboost_calibrated,0.20299957848600741,0.011201134952134928,0.3333333333333333,0.42857142857142855,0.2821576763485477,0.13131313131313133,0.16738197424892703,-0.0022031622304536924,0.7078313253012049,,
2026-09-27T12:00:00+00:00,72,year_2025,all,2025-01-01T00:00:00+00:00,2026-01-01T00:00:00+00:00,2025-01-01T00:00:00+00:00,2025-12-31T00:00:00+00:00,332,84,climatology,0.20529916210632054,0.0,0.3333333333333333,0.7472527472527473,0.7136929460580913,1.0,1.0,-0.0022456827251962075,0.7228915662650602,,
2026-09-27T12:00:00+00:00,72,year_2025,all,2025-01-01T00:00:00+00:00,2026-01-01T00:00:00+00:00,2025-01-01T00:00:00+00:00,2025-12-31T00:00:00+00:00,332,84,logistic,0.2089718746462464,-0.01788956419619403,0.34057971014492755,0.27472527472527475,0.17842323651452283,0.12121212121212122,0.0944206008583691,-0.0022456827251962075,0.7228915662650602,,
2026-09-27T12:00:00+00:00,72,year_2025,all,2025-01-01T00:00:00+00:00,2026-01-01T00:00:00+00:00,2025-01-01T00:00:00+00:00,2025-12-31T00:00:00+00:00,332,84,selected,0.20476619107374955,0.0025960701792585583,0.3333333333333333,0.4945054945054945,0.35684647302904565,0.2727272727272727,0.33047210300429186,-0.006254583223564314,0.7048192771084337,-0.0061499044971380125,0.005101587359142002
2026-09-27T12:00:00+00:00,72,year_2025,trend_up,2025-01-01T00:00:00+00:00,2026-01-01T00:00:00+00:00,2025-01-04T00:00:00+00:00,2025-12-20T00:00:00+00:00,46,33,catboost,0.22767642890897505,0.03078110556977276,0.3333333333333333,0.6428571428571429,0.28125,0.1111111111111111,0.10714285714285714,-0.010134618614354718,0.6956521739130435,,
2026-09-27T12:00:00+00:00,72,year_2025,trend_up,2025-01-01T00:00:00+00:00,2026-01-01T00:00:00+00:00,2025-01-04T00:00:00+00:00,2025-12-20T00:00:00+00:00,46,33,catboost_calibrated,0.2298424913328279,0.02156017462943005,0.3333333333333333,0.7142857142857143,0.375,0.1111111111111111,0.10714285714285714,0.0006534392957557866,0.6739130434782609,,
2026-09-27T12:00:00+00:00,72,year_2025,trend_up,2025-01-01T00:00:00+00:00,2026-01-01T00:00:00+00:00,2025-01-04T00:00:00+00:00,2025-12-20T00:00:00+00:00,46,33,climatology,0.23490713007903002,0.0,0.3333333333333333,0.8571428571428571,0.71875,1.0,1.0,-0.0045730419134564215,0.6956521739130435,,
2026-09-27T12:00:00+00:00,72,year_2025,trend_up,2025-01-01T00:00:00+00:00,2026-01-01T00:00:00+00:00,2025-01-04T00:00:00+00:00,2025-12-20T00:00:00+00:00,46,33,logistic,0.23724524354558996,-0.009953352483482725,0.3333333333333333,0.2857142857142857,0.1875,0.1111111111111111,0.07142857142857142,-0.0045730419134564215,0.6956521739130435,,
2026-09-27T12:00:00+00:00,72,year_2025,trend_up,2025-01-01T00:00:00+00:00,2026-01-01T00:00:00+00:00,2025-01-04T00:00:00+00:00,2025-12-20T00:00:00+00:00,46,33,selected,0.2297630460847904,0.021898373167766327,0.3333333333333333,0.7142857142857143,0.40625,0.2777777777777778,0.35714285714285715,0.001924977500904257,0.6956521739130435,,
2026-09-27T12:00:00+00:00,72,year_2025,trend_down,2025-01-01T00:00:00+00:00,2026-01-01T00:00:00+00:00,2025-01-08T00:00:00+00:00,2025-12-18T00:00:00+00:00,37,26,catboost,0.23870524391530157,0.04021794060318906,0.3333333333333333,0.3333333333333333,0.44,0.125,0.19047619047619047,-0.020557635951190978,0.6756756756756757,,
2026-09-27T12:00:00+00:00,72,year_2025,trend_down,2025-01-01T00:00:00+00:00,2026-01-01T00:00:00+00:00,2025-01-08T00:00:00+00:00,2025-12-18T00:00:00+00:00,37,26,catboost_calibrated,0.24223941795118023,0.026007792645040606,0.3333333333333333,0.4166666666666667,0.48,0.125,0.23809523809523808,-0.010061200585172791,0.7297297297297297,,
2026-09-27T12:00:00+00:00,72,year_2025,trend_down,2025-01-01T00:00:00+00:00,2026-01-01T00:00:00+00:00,2025-01-08T00:00:00+00:00,2025-12-18T00:00:00+00:00,37,26,climatology,0.2487077577437938,0.0,0.3333333333333333,0.75,0.76,1.0,1.0,-0.003248256728758392,0.7567567567567568,,
2026-09-27T12:00:00+00:00,72,year_2025,trend_down,2025-01-01T00:00:00+00:00,2026-01-01T00:00:00+00:00,2025-01-08T00:00:00+00:00,2025-12-18T00:00:00+00:00,37,26,logistic,0.23294153988530997,0.06339254553822726,0.39999999999999997,0.5,0.36,0.125,0.09523809523809523,-0.003248256728758392,0.7567567567567568,,
2026-09-27T12:00:00+00:00,72,year_2025,trend_down,2025-01-01T00:00:00+00:00,2026-01-01T00:00:00+00:00,2025-01-08T00:00:00+00:00,2025-12-18T00:00:00+00:00,37,26,selected,0.2438471165891455,0.019543584803074276,0.3333333333333333,0.5,0.64,0.25,0.2857142857142857,-0.00904653543836531,0.7297297297297297,,
2026-09-27T12:00:00+00:00,72,year_2025,trend_range,2025-01-01T00:00:00+00:00,2026-01-01T00:00:00+00:00,2025-01-01T00:00:00+00:00,2025-12-31T00:00:00+00:00,249,76,catboost,0.19319947158556056,0.0009291187384143917,0.3333333333333333,0.24615384615384617,0.19021739130434784,0.12307692307692308,0.14130434782608695,-0.00894617255321739,0.7028112449799196,,
2026-09-27T12:00:00+00:00,72,year_2025,trend_range,2025-01-01T00:00:00+00:00,2026-01-01T00:00:00+00:00,2025-01-01T00:00:00+00:00,2025-12-31T00:00:00+00:00,249,76,catboost_calibrated,0.19220982727650893,0.006046755985894325,0.3333333333333333,0.36923076923076925,0.2391304347826087,0.13846153846153847,0.16847826086956522,-0.0014996910181557244,0.7108433734939759,,
2026-09-27T12:00:00+00:00,72,year_2025,trend_range,2025-01-01T00:00:00+00:00,2026-01-01T00:00:00+00:00,2025-01-01T00:00:00+00:00,2025-12-31T00:00:00+00:00,249,76,climatology,0.19337914377165732,0.0,0.3333333333333333,0.7230769230769231,0.7065217391304348,1.0,1.0,-0.0016216843683285465,0.7228915662650602,,
2026-09-27T12:00:00+00:00,72,year_2025,trend_range,2025-01-01T00:00:00+00:00,2026-01-01T00:00:00+00:00,2025-01-01T00:00:00+00:00,2025-12-31T00:00:00+00:00,249,76,logistic,0.20018692451285214,-0.03520431732407214,0.3333333333333333,0.23076923076923078,0.15217391304347827,0.12307692307692308,0.09782608695652174,-0.0016216843683285465,0.7228915662650602,,
2026-09-27T12:00:00+00:00,72,year_2025,trend_range,2025-01-01T00:00:00+00:00,2026-01-01T00:00:00+00:00,2025-01-01T00:00:00+00:00,2025-12-31T00:00:00+00:00,249,76,selected,0.1943410923806671,-0.0049744175625561216,0.3333333333333333,0.4461538461538462,0.30978260869565216,0.27692307692307694,0.33152173913043476,-0.007426600786555548,0.7028112449799196,-0.004945782957616346,0.0070404332743384855
2026-09-27T12:00:00+00:00,72,year_2025,vol_high,2025-01-01T00:00:00+00:00,2026-01-01T00:00:00+00:00,2025-01-20T00:00:00+00:00,2025-12-02T00:00:00+00:00,26,16,catboost,0.2640555949773401,0.05490150603625621,0.3333333333333333,0.5,0.5714285714285714,0.2727272727272727,0.26666666666666666,0.010107697891449496,0.5769230769230769,,
2026-09-27T12:00:00+00:00,72,year_2025,vol_high,2025-01-01T00:00:00+00:00,2026-01-01T00:00:00+00:00,2025-01-20T00:00:00+00:00,2025-12-02T00:00:00+00:00,26,16,catboost_calibrated,0.2699651378469595,0.03375027814210463,0.3333333333333333,0.5,0.6428571428571429,0.2727272727272727,0.26666666666666666,0.011047052086616382,0.6538461538461539,,
2026-09-27T12:00:00+00:00,72,year_2025,vol_high,2025-01-01T00:00:00+00:00,2026-01-01T00:00:00+00:00,2025-01-20T00:00:00+00:00,2025-12-02T00:00:00+00:00,26,16,climatology,0.2793947897111662,0.0,0.3333333333333333,0.6666666666666666,0.6428571428571429,1.0,1.0,0.007045056669971239,0.6538461538461539,,
2026-09-27T12:00:00+00:00,72,year_2025,vol_high,2025-01-01T00:00:00+00:00,2026-01-01T00:00:00+00:00,2025-01-20T00:00:00+00:00,2025-12-02T00:00:00+00:00,26,16,logistic,0.2754491364875593,0.014122143178424529,0.3333333333333333,0.5833333333333334,0.42857142857142855,0.0,0.26666666666666666,0.007045056669971239,0.6538461538461539,,
2026-09-27T12:00:00+00:00,72,year_2025,vol_high,2025-01-01T00:00:00+00:00,2026-01-01T00:00:00+00:00,2025-01-20T00:00:00+00:00,2025-12-02T00:00:00+00:00,26,16,selected,0.27098997694975874,0.030082210087368666,0.3333333333333333,0.5833333333333334,0.7142857142857143,0.2727272727272727,0.4,0.009477158054190693,0.6153846153846154,,
2026-09-27T12:00:00+00:00,72,year_2025,vol_normal,2025-01-01T00:00:00+00:00,2026-01-01T00:00:00+00:00,2025-01-01T00:00:00+00:00,2025-12-31T00:00:00+00:00,306,82,catboost,0.1978641591832442,0.005725006137910271,0.3333333333333333,0.2911392405063291,0.20704845814977973,0.10227272727272728,0.13302752293577982,-0.012452996749717116,0.7091503267973857,,
2026-09-27T12:00:00+00:00,72,year_2025,vol_normal,2025-01-01T00:00:00+00:00,2026-01-01T00:00:00+00:00,2025-01-01T00:00:00+00:00,2025-12-31T00:00:00+00:00,306,82,catboost_calibrated,0.19730969435729911,0.008511213168475806,0.3333333333333333,0.4177215189873418,0.2599118942731278,0.11363636363636363,0.16055045871559634,-0.0034590497876250126,0.7124183006535948,,
2026-09-27T12:00:00+00:00,72,year_2025,vol_normal,2025-01-01T00:00:00+00:00,2026-01-01T00:00:00+00:00,2025-01-01T00:00:00+00:00,2025-12-31T00:00:00+00:00,306,82,climatology,0.19900345518564738,0.0,0.3333333333333333,0.759493670886076,0.7180616740088106,1.0,1.0,-0.0031262816139461247,0.7287581699346405,,
2026-09-27T12:00:00+00:00,72,year_2025,vol_normal,2025-01-01T00:00:00+00:00,2026-01-01T00:00:00+00:00,2025-01-01T00:00:00+00:00,2025-12-31T00:00:00+00:00,306,82,logistic,0.2033234798492721,-0.02170828973594774,0.3412698412698412,0.22784810126582278,0.16299559471365638,0.13636363636363635,0.08256880733944955,-0.0031262816139461247,0.7287581699346405,,
2026-09-27T12:00:00+00:00,72,year_2025,vol_normal,2025-01-01T00:00:00+00:00,2026-01-01T00:00:00+00:00,2025-01-01T00:00:00+00:00,2025-12-31T00:00:00+00:00,306,82,selected,0.19913933345029777,-0.0006827934948347991,0.3333333333333333,0.4810126582278481,0.33480176211453744,0.2727272727272727,0.3256880733944954,-0.007745675944827779,0.7124183006535948,-0.005178142305771886,0.006041137574540104
2026-09-27T12:00:00+00:00,72,year_2026,all,2026-01-01T00:00:00+00:00,2026-09-28T00:00:00+00:00,2026-01-01T00:00:00+00:00,2026-09-24T00:00:00+00:00,234,60,catboost,0.20176887601768195,-0.03426367212574477,0.3333333333333333,0.09859154929577464,0.147239263803681,0.09615384615384616,0.04395604395604396,-0.031328428534727726,0.7735042735042735,,
2026-09-27T12:00:00+00:00,72,year_2026,all,2026-01-01T00:00:00+00:00,2026-09-28T00:00:00+00:00,2026-01-01T00:00:00+00:00,2026-09-24T00:00:00+00:00,234,60,catboost_calibrated,0.19668310579356854,-0.008194104353962395,0.3333333333333333,0.1267605633802817,0.19631901840490798,0.1346153846153846,0.07142857142857142,-0.009193399557453796,0.8247863247863247,,
2026-09-27T12:00:00+00:00,72,year_2026,all,2026-01-01T00:00:00+00:00,2026-09-28T00:00:00+00:00,2026-01-01T00:00:00+00:00,2026-09-24T00:00:00+00:00,234,60,climatology,0.19508456253034778,0.0,0.3333333333333333,0.4225352112676056,0.48466257668711654,0.6730769230769231,0.46703296703296704,0.0008893076882088291,0.8504273504273504,,
2026-09-27T12:00:00+00:00,72,year_2026,all,2026-01-01T00:00:00+00:00,2026-09-28T00:00:00+00:00,2026-01-01T00:00:00+00:00,2026-09-24T00:00:00+00:00,234,60,logistic,0.20601524474669247,-0.05603048275357159,0.34344598054275477,0.09859154929577464,0.08588957055214724,0.21153846153846154,0.09340659340659341,0.0008893076882088291,0.8504273504273504,,
2026-09-27T12:00:00+00:00,72,year_2026,all,2026-01-01T00:00:00+00:00,2026-09-28T00:00:00+00:00,2026-01-01T00:00:00+00:00,2026-09-24T00:00:00+00:00,234,60,selected,0.19805172337289823,-0.015209613739113115,0.3333333333333333,0.4507042253521127,0.5214723926380368,0.09615384615384616,0.038461538461538464,-0.012188041861830534,0.8290598290598291,0.0007309849734258592,0.005745522213483035
2026-09-27T12:00:00+00:00,72,year_2026,trend_up,2026-01-01T00:00:00+00:00,2026-09-28T00:00:00+00:00,2026-01-03T00:00:00+00:00,2026-09-22T00:00:00+00:00,29,24,catboost,0.20386632136915533,-0.0406082534547596,0.3333333333333333,0.4,0.125,0.18181818181818182,0.0,-0.01284637970586,0.7586206896551724,,
2026-09-27T12:00:00+00:00,72,year_2026,trend_up,2026-01-01T00:00:00+00:00,2026-09-28T00:00:00+00:00,2026-01-03T00:00:00+00:00,2026-09-22T00:00:00+00:00,29,24,catboost_calibrated,0.19757594744574056,-0.00849988470576446,0.3333333333333333,0.6,0.16666666666666666,0.18181818181818182,0.0,-0.0020144463803426493,0.7931034482758621,,
2026-09-27T12:00:00+00:00,72,year_2026,trend_up,2026-01-01T00:00:00+00:00,2026-09-28T00:00:00+00:00,2026-01-03T00:00:00+00:00,2026-09-22T00:00:00+00:00,29,24,climatology,0.19591072883799532,0.0,0.3333333333333333,0.8,0.4166666666666667,0.5454545454545454,0.5,-0.013395553376137626,0.7931034482758621,,
2026-09-27T12:00:00+00:00,72,year_2026,trend_up,2026-01-01T00:00:00+00:00,2026-09-28T00:00:00+00:00,2026-01-03T00:00:00+00:00,2026-09-22T00:00:00+00:00,29,24,logistic,0.188906251508056,0.03575341366695406,0.3333333333333333,0.6,0.041666666666666664,0.2727272727272727,0.16666666666666666,-0.013395553376137626,0.7931034482758621,,
2026-09-27T12:00:00+00:00,72,year_2026,trend_up,2026-01-01T00:00:00+00:00,2026-09-28T00:00:00+00:00,2026-01-03T00:00:00+00:00,2026-09-22T00:00:00+00:00,29,24,selected,0.20333261033545796,-0.03788399717301871,0.3333333333333333,0.8,0.5,0.09090909090909091,0.0,-0.0015094082834425926,0.7931034482758621,,
2026-09-27T12:00:00+00:00,72,year_2026,trend_down,2026-01-01T00:00:00+00:00,2026-09-28T00:00:00+00:00,2026-01-08T00:00:00+00:00,2026-09-24T00:00:00+00:00,30,24,catboost,0.20690298236791704,-0.02269038894394293,0.3333333333333333,0.25,0.22727272727272727,0.2222222222222222,0.047619047619047616,-0.10718097119839332,0.6,,
2026-09-27T12:00:00+00:00,72,year_2026,trend_down,2026-01-01T00:00:00+00:00,2026-09-28T00:00:00+00:00,2026-01-08T00:00:00+00:00,2026-09-24T00:00:00+00:00,30,24,catboost_calibrated,0.19959461424999103,0.013433777791249657,0.3333333333333333,0.25,0.22727272727272727,0.3333333333333333,0.14285714285714285,-0.05400144143262775,0.6666666666666666,,
2026-09-27T12:00:00+00:00,72,year_2026,trend_down,2026-01-01T00:00:00+00:00,2026-09-28T00:00:00+00:00,2026-01-08T00:00:00+00:00,2026-09-24T00:00:00+00:00,30,24,climatology,0.20231243454000825,0.0,0.3333333333333333,0.125,0.36363636363636365,0.8888888888888888,0.6190476190476191,-0.0017367625604505221,0.7,,
2026-09-27T12:00:00+00:00,72,year_2026,trend_down,2026-01-01T00:00:00+00:00,2026-09-28T00:00:00+00:00,2026-01-08T00:00:00+00:00,2026-09-24T00:00:00+00:00,30,24,logistic,0.20484025027640748,-0.012494613799426846,0.3814814814814815,0.25,0.22727272727272727,0.5555555555555556,0.14285714285714285,-0.0017367625604505221,0.7,,
2026-09-27T12:00:00+00:00,72,year_2026,trend_down,2026-01-01T00:00:00+00:00,2026-09-28T00:00:00+00:00,2026-01-08T00:00:00+00:00,2026-09-24T00:00:00+00:00,30,24,selected,0.19711483738233065,0.025690942672383033,0.3333333333333333,0.375,0.5,0.3333333333333333,0.047619047619047616,-0.05555401956163819,0.6666666666666666,,
2026-09-27T12:00:00+00:00,72,year_2026,trend_range,2026-01-01T00:00:00+00:00,2026-09-28T00:00:00+00:00,2026-01-01T00:00:00+00:00,2026-09-23T00:00:00+00:00,175,54,catboost,0.20054116684225465,-0.03527244507999594,0.3333333333333333,0.05172413793103448,0.13675213675213677,0.03125,0.04895104895104895,-0.01715547834193032,0.8057142857142857,,
2026-09-27T12:00:00+00:00,72,year_2026,trend_range,2026-01-01T00:00:00+00:00,2026-09-28T00:00:00+00:00,2026-01-01T00:00:00+00:00,2026-09-23T00:00:00+00:00,175,54,catboost_calibrated,0.1960360334415362,-0.012015173046458383,0.3333333333333333,0.06896551724137931,0.19658119658119658,0.0625,0.06993006993006994,-8.237552655110392e-06,0.8571428571428571,,
2026-09-27T12:00:00+00:00,72,year_2026,trend_range,2026-01-01T00:00:00+00:00,2026-09-28T00:00:00+00:00,2026-01-01T00:00:00+00:00,2026-09-23T00:00:00+00:00,175,54,climatology,0.19370859119771006,0.0,0.3333333333333333,0.43103448275862066,0.5213675213675214,0.65625,0.4405594405594406,0.004624649241348422,0.8857142857142857,,
2026-09-27T12:00:00+00:00,72,year_2026,trend_range,2026-01-01T00:00:00+00:00,2026-09-28T00:00:00+00:00,2026-01-01T00:00:00+00:00,2026-09-23T00:00:00+00:00,175,54,logistic,0.20905187696400107,-0.07920808091898612,0.3333333333333333,0.034482758620689655,0.06837606837606838,0.09375,0.07692307692307693,0.004624649241348422,0.8857142857142857,,
2026-09-27T12:00:00+00:00,72,year_2026,trend_range,2026-01-01T00:00:00+00:00,2026-09-28T00:00:00+00:00,2026-01-01T00:00:00+00:00,2026-09-23T00:00:00+00:00,175,54,selected,0.19733721398891413,-0.018732379234024155,0.3333333333333333,0.43103448275862066,0.5299145299145299,0.03125,0.04195804195804196,-0.004109553491663753,0.8628571428571429,0.0007130617555234962,0.007333885101870475
2026-09-27T12:00:00+00:00,72,year_2026,vol_high,2026-01-01T00:00:00+00:00,2026-09-28T00:00:00+00:00,2026-01-14T00:00:00+00:00,2026-09-12T00:00:00+00:00,15,10,catboost,0.1992538099039715,-0.02727992357993725,0.3333333333333333,0.6666666666666666,0.4166666666666667,0.4,0.0,-0.21771356922283447,0.6,,
2026-09-27T12:00:00+00:00,72,year_2026,vol_high,2026-01-01T00:00:00+00:00,2026-09-28T00:00:00+00:00,2026-01-14T00:00:00+00:00,2026-09-12T00:00:00+00:00,15,10,catboost_calibrated,0.1880779768036383,0.03033859311886733,0.3333333333333333,1.0,0.4166666666666667,0.4,0.0,-0.09742067911084784,0.6,,
2026-09-27T12:00:00+00:00,72,year_2026,vol_high,2026-01-01T00:00:00+00:00,2026-09-28T00:00:00+00:00,2026-01-14T00:00:00+00:00,2026-09-12T00:00:00+00:00,15,10,climatology,0.19396252699030447,0.0,0.3333333333333333,0.3333333333333333,0.25,0.8,0.7,-0.025418108323557398,0.6666666666666666,,
2026-09-27T12:00:00+00:00,72,year_2026,vol_high,2026-01-01T00:00:00+00:00,2026-09-28T00:00:00+00:00,2026-01-14T00:00:00+00:00,2026-09-12T00:00:00+00:00,15,10,logistic,0.1970413227188853,-0.015873147129779053,0.3333333333333333,0.6666666666666666,0.08333333333333333,0.8,0.4,-0.025418108323557398,0.6666666666666666,,
2026-09-27T12:00:00+00:00,72,year_2026,vol_high,2026-01-01T00:00:00+00:00,2026-09-28T00:00:00+00:00,2026-01-14T00:00:00+00:00,2026-09-12T00:00:00+00:00,15,10,selected,0.18851619653147134,0.028079292136183542,0.3333333333333333,1.0,0.5,0.4,0.0,-0.10321387534317905,0.6,,
2026-09-27T12:00:00+00:00,72,year_2026,vol_normal,2026-01-01T00:00:00+00:00,2026-09-28T00:00:00+00:00,2026-01-01T00:00:00+00:00,2026-09-24T00:00:00+00:00,219,58,catboost,0.20194114081999087,-0.034739072604842436,0.3333333333333333,0.07352941176470588,0.12582781456953643,0.06382978723404255,0.046511627906976744,-0.01564459819274533,0.7853881278538812,,
2026-09-27T12:00:00+00:00,72,year_2026,vol_normal,2026-01-01T00:00:00+00:00,2026-09-28T00:00:00+00:00,2026-01-01T00:00:00+00:00,2026-09-24T00:00:00+00:00,219,58,catboost_calibrated,0.19727249819013912,-0.010817117298853596,0.3333333333333333,0.08823529411764706,0.17880794701986755,0.10638297872340426,0.0755813953488372,-0.001769300839382426,0.8401826484018264,,
2026-09-27T12:00:00+00:00,72,year_2026,vol_normal,2026-01-01T00:00:00+00:00,2026-09-28T00:00:00+00:00,2026-01-01T00:00:00+00:00,2026-09-24T00:00:00+00:00,219,58,climatology,0.19516141427966582,0.0,0.3333333333333333,0.4264705882352941,0.5033112582781457,0.6595744680851063,0.45348837209302323,0.003103009102072618,0.863013698630137,,
2026-09-27T12:00:00+00:00,72,year_2026,vol_normal,2026-01-01T00:00:00+00:00,2026-09-28T00:00:00+00:00,2026-01-01T00:00:00+00:00,2026-09-24T00:00:00+00:00,219,58,logistic,0.2066298969403779,-0.058764088705965944,0.3442706069824714,0.07352941176470588,0.08609271523178808,0.14893617021276595,0.0755813953488372,0.003103009102072618,0.863013698630137,,
2026-09-27T12:00:00+00:00,72,year_2026,vol_normal,2026-01-01T00:00:00+00:00,2026-09-28T00:00:00+00:00,2026-01-01T00:00:00+00:00,2026-09-24T00:00:00+00:00,219,58,selected,0.19870484164970825,-0.018156393173933028,0.3333333333333333,0.4264705882352941,0.5231788079470199,0.06382978723404255,0.040697674418604654,-0.004528452026565821,0.8447488584474886,0.0011230988662979944,0.006748990243565458
2026-09-27T12:00:00+00:00,168,all,all,2018-09-10T00:00:00+00:00,2026-09-28T00:00:00+00:00,2018-09-10T00:00:00+00:00,2026-09-20T00:00:00+00:00,2552,325,catboost,0.21228174494323676,-0.04208900408348093,0.34602107047309955,0.19475138121546962,0.14989059080962802,0.15597667638483964,0.1414790996784566,-0.06230105230411165,0.6712382445141066,,
2026-09-27T12:00:00+00:00,168,all,all,2018-09-10T00:00:00+00:00,2026-09-28T00:00:00+00:00,2018-09-10T00:00:00+00:00,2026-09-20T00:00:00+00:00,2552,325,catboost_calibrated,0.20436713117405805,-0.0032362427090431023,0.3333333333333333,0.20303867403314918,0.15426695842450766,0.15306122448979592,0.14630225080385853,-0.020960613769972714,0.768025078369906,,
2026-09-27T12:00:00+00:00,168,all,all,2018-09-10T00:00:00+00:00,2026-09-28T00:00:00+00:00,2018-09-10T00:00:00+00:00,2026-09-20T00:00:00+00:00,2552,325,climatology,0.20370788302285076,0.0,0.3333333333333333,0.4447513812154696,0.3823851203501094,0.5860058309037901,0.5359056806002144,-0.009398252697854437,0.8217084639498433,,
2026-09-27T12:00:00+00:00,168,all,all,2018-09-10T00:00:00+00:00,2026-09-28T00:00:00+00:00,2018-09-10T00:00:00+00:00,2026-09-20T00:00:00+00:00,2552,325,logistic,0.21938461688977035,-0.07695693281128979,0.32825293637719144,0.15331491712707182,0.09901531728665208,0.141399416909621,0.15434083601286175,-0.009398252697854437,0.8217084639498433,,
2026-09-27T12:00:00+00:00,168,all,all,2018-09-10T00:00:00+00:00,2026-09-28T00:00:00+00:00,2018-09-10T00:00:00+00:00,2026-09-20T00:00:00+00:00,2552,325,selected,0.20677268484999206,-0.015045082112985941,0.3468490741253236,0.35773480662983426,0.26258205689277897,0.4198250728862974,0.3762057877813505,-0.01865099603256115,0.7731191222570533,-0.000986624118554955,0.007314494546984704
2026-09-27T12:00:00+00:00,168,all,trend_up,2018-09-10T00:00:00+00:00,2026-09-28T00:00:00+00:00,2018-09-14T00:00:00+00:00,2026-09-19T00:00:00+00:00,356,177,catboost,0.2234412781533489,-0.03958963132605531,0.3407498212279089,0.3,0.1991869918699187,0.2,0.16334661354581673,-0.07196581555746517,0.6432584269662921,,
2026-09-27T12:00:00+00:00,168,all,trend_up,2018-09-10T00:00:00+00:00,2026-09-28T00:00:00+00:00,2018-09-14T00:00:00+00:00,2026-09-19T00:00:00+00:00,356,177,catboost_calibrated,0.21456127224308832,0.0017257520566218432,0.3333333333333333,0.3181818181818182,0.18699186991869918,0.17142857142857143,0.19123505976095617,-0.027492233253783693,0.7556179775280899,,
2026-09-27T12:00:00+00:00,168,all,trend_up,2018-09-10T00:00:00+00:00,2026-09-28T00:00:00+00:00,2018-09-14T00:00:00+00:00,2026-09-19T00:00:00+00:00,356,177,climatology,0.21493219191532043,0.0,0.3333333333333333,0.5,0.3861788617886179,0.5428571428571428,0.4940239043824701,-0.01345625339824763,0.8061797752808989,,
2026-09-27T12:00:00+00:00,168,all,trend_up,2018-09-10T00:00:00+00:00,2026-09-28T00:00:00+00:00,2018-09-14T00:00:00+00:00,2026-09-19T00:00:00+00:00,356,177,logistic,0.2279882779944158,-0.06074513995669495,0.32632546736132395,0.22727272727272727,0.12195121951219512,0.17142857142857143,0.1593625498007968,-0.01345625339824763,0.8061797752808989,,
2026-09-27T12:00:00+00:00,168,all,trend_up,2018-09-10T00:00:00+00:00,2026-09-28T00:00:00+00:00,2018-09-14T00:00:00+00:00,2026-09-19T00:00:00+00:00,356,177,selected,0.21773196548909135,-0.0130263109905564,0.3293492695883134,0.45454545454545453,0.33739837398373984,0.37142857142857144,0.3346613545816733,-0.02947999165775128,0.7471910112359551,-0.00353371888359056,0.009392073886353417
2026-09-27T12:00:00+00:00,168,all,trend_down,2018-09-10T00:00:00+00:00,2026-09-28T00:00:00+00:00,2018-09-12T00:00:00+00:00,2026-09-16T00:00:00+00:00,293,158,catboost,0.23041772667761962,-0.06880971897018728,0.3609135451240714,0.12643678160919541,0.18446601941747573,0.09782608695652174,0.14925373134328357,-0.07391622426934608,0.6723549488054608,,
2026-09-27T12:00:00+00:00,168,all,trend_down,2018-09-10T00:00:00+00:00,2026-09-28T00:00:00+00:00,2018-09-12T00:00:00+00:00,2026-09-16T00:00:00+00:00,293,158,catboost_calibrated,0.21999207367202056,-0.020449554065924413,0.3333333333333333,0.09195402298850575,0.1796116504854369,0.09782608695652174,0.13432835820895522,-0.03149764873857808,0.7679180887372014,,
2026-09-27T12:00:00+00:00,168,all,trend_down,2018-09-10T00:00:00+00:00,2026-09-28T00:00:00+00:00,2018-09-12T00:00:00+00:00,2026-09-16T00:00:00+00:00,293,158,climatology,0.21558348748889583,0.0,0.3333333333333333,0.3793103448275862,0.3300970873786408,0.7065217391304348,0.5522388059701493,-0.01045998408116433,0.825938566552901,,
2026-09-27T12:00:00+00:00,168,all,trend_down,2018-09-10T00:00:00+00:00,2026-09-28T00:00:00+00:00,2018-09-12T00:00:00+00:00,2026-09-16T00:00:00+00:00,293,158,logistic,0.24218083099250745,-0.1233737509927868,0.31381381381381385,0.1839080459770115,0.15048543689320387,0.17391304347826086,0.24875621890547264,-0.01045998408116433,0.825938566552901,,
2026-09-27T12:00:00+00:00,168,all,trend_down,2018-09-10T00:00:00+00:00,2026-09-28T00:00:00+00:00,2018-09-12T00:00:00+00:00,2026-09-16T00:00:00+00:00,293,158,selected,0.21940802790592573,-0.01774041445185781,0.35964912280701755,0.3563218390804598,0.21844660194174756,0.40217391304347827,0.39303482587064675,-0.010931613368509119,0.7815699658703071,-0.004353202174987861,0.010816416202547223
2026-09-27T12:00:00+00:00,168,all,trend_range,2018-09-10T00:00:00+00:00,2026-09-28T00:00:00+00:00,2018-09-10T00:00:00+00:00,2026-09-20T00:00:00+00:00,1903,308,catboost,0.2074017467976907,-0.03815246017594376,0.3437801029881468,0.1840607210626186,0.13590116279069767,0.1574642126789366,0.1364922206506365,-0.058671696022191355,0.6763005780346821,,
2026-09-27T12:00:00+00:00,168,all,trend_range,2018-09-10T00:00:00+00:00,2026-09-28T00:00:00+00:00,2018-09-10T00:00:00+00:00,2026-09-20T00:00:00+00:00,1903,308,catboost_calibrated,0.20005435010601927,-0.0013749591706715414,0.3333333333333333,0.19734345351043645,0.14462209302325582,0.15950920245398773,0.14002828854314003,-0.018102807602503157,0.7703625853914872,,
2026-09-27T12:00:00+00:00,168,all,trend_range,2018-09-10T00:00:00+00:00,2026-09-28T00:00:00+00:00,2018-09-10T00:00:00+00:00,2026-09-20T00:00:00+00:00,1903,308,climatology,0.1997796612286992,0.0,0.3333333333333333,0.444022770398482,0.38953488372093026,0.5725971370143149,0.541018387553041,-0.008449391037241183,0.8239621650026274,,
2026-09-27T12:00:00+00:00,168,all,trend_range,2018-09-10T00:00:00+00:00,2026-09-28T00:00:00+00:00,2018-09-10T00:00:00+00:00,2026-09-20T00:00:00+00:00,1903,308,logistic,0.21426522956168015,-0.07250772297785857,0.33060781882785084,0.13282732447817835,0.0872093023255814,0.12883435582822086,0.14002828854314003,-0.008449391037241183,0.8239621650026274,,
2026-09-27T12:00:00+00:00,168,all,trend_range,2018-09-10T00:00:00+00:00,2026-09-28T00:00:00+00:00,2018-09-10T00:00:00+00:00,2026-09-20T00:00:00+00:00,1903,308,selected,0.20277706770710824,-0.015003561723822001,0.34786271647654576,0.3377609108159393,0.2558139534883721,0.4335378323108384,0.3811881188118812,-0.017709379671797754,0.7766684182869154,-0.0015512678040291601,0.006790696816588841
2026-09-27T12:00:00+00:00,168,all,vol_high,2018-09-10T00:00:00+00:00,2026-09-28T00:00:00+00:00,2018-09-10T00:00:00+00:00,2026-09-12T00:00:00+00:00,225,109,catboost,0.25066481604860785,-0.05120166101956958,0.37095831426372455,0.3253012048192771,0.2323943661971831,0.14814814814814814,0.16666666666666666,-0.0490456764421392,0.6222222222222222,,
2026-09-27T12:00:00+00:00,168,all,vol_high,2018-09-10T00:00:00+00:00,2026-09-28T00:00:00+00:00,2018-09-10T00:00:00+00:00,2026-09-12T00:00:00+00:00,225,109,catboost_calibrated,0.239871089017957,-0.005936497914222683,0.3333333333333333,0.3373493975903614,0.2323943661971831,0.14814814814814814,0.1736111111111111,-0.006760064452046022,0.7377777777777778,,
2026-09-27T12:00:00+00:00,168,all,vol_high,2018-09-10T00:00:00+00:00,2026-09-28T00:00:00+00:00,2018-09-10T00:00:00+00:00,2026-09-12T00:00:00+00:00,225,109,climatology,0.2384554984487809,0.0,0.3333333333333333,0.4819277108433735,0.31690140845070425,0.691358024691358,0.4930555555555556,0.00795004887720141,0.7911111111111111,,
2026-09-27T12:00:00+00:00,168,all,vol_high,2018-09-10T00:00:00+00:00,2026-09-28T00:00:00+00:00,2018-09-10T00:00:00+00:00,2026-09-12T00:00:00+00:00,225,109,logistic,0.2527053045616521,-0.05975876507595812,0.31531962378447315,0.3855421686746988,0.2323943661971831,0.2962962962962963,0.2777777777777778,0.00795004887720141,0.7911111111111111,,
2026-09-27T12:00:00+00:00,168,all,vol_high,2018-09-10T00:00:00+00:00,2026-09-28T00:00:00+00:00,2018-09-10T00:00:00+00:00,2026-09-12T00:00:00+00:00,225,109,selected,0.24129533330772568,-0.01190928654368939,0.3634127486119896,0.5060240963855421,0.2605633802816901,0.3950617283950617,0.3541666666666667,0.02284591924689161,0.7377777777777778,-0.007843020729479016,0.012377749086081183
2026-09-27T12:00:00+00:00,168,all,vol_normal,2018-09-10T00:00:00+00:00,2026-09-28T00:00:00+00:00,2018-09-11T00:00:00+00:00,2026-09-20T00:00:00+00:00,2327,320,catboost,0.20857044670571698,-0.04104029925652619,0.3430227805227805,0.17784711388455537,0.14294187425860025,0.15702479338842976,0.13937282229965156,-0.06371261080983204,0.6759776536312849,,
2026-09-27T12:00:00+00:00,168,all,vol_normal,2018-09-10T00:00:00+00:00,2026-09-28T00:00:00+00:00,2018-09-11T00:00:00+00:00,2026-09-20T00:00:00+00:00,2327,320,catboost_calibrated,0.20093421733010564,-0.00292549133460418,0.3333333333333333,0.1856474258970359,0.14768683274021352,0.1537190082644628,0.1440185830429733,-0.022472823335687897,0.770949720670391,,
2026-09-27T12:00:00+00:00,168,all,vol_normal,2018-09-10T00:00:00+00:00,2026-09-28T00:00:00+00:00,2018-09-11T00:00:00+00:00,2026-09-20T00:00:00+00:00,2327,320,climatology,0.2003481006976104,0.0,0.3333333333333333,0.43993759750390016,0.3879003558718861,0.571900826446281,0.5394889663182346,-0.011245664865043636,0.8246669531585733,,
2026-09-27T12:00:00+00:00,168,all,vol_normal,2018-09-10T00:00:00+00:00,2026-09-28T00:00:00+00:00,2018-09-11T00:00:00+00:00,2026-09-20T00:00:00+00:00,2327,320,logistic,0.21616280566236454,-0.07893613620337536,0.329521642021642,0.12324492979719189,0.08778173190984578,0.1206611570247934,0.1440185830429733,-0.011245664865043636,0.8246669531585733,,
2026-09-27T12:00:00+00:00,168,all,vol_normal,2018-09-10T00:00:00+00:00,2026-09-28T00:00:00+00:00,2018-09-11T00:00:00+00:00,2026-09-20T00:00:00+00:00,2327,320,selected,0.2034346548100307,-0.015405956441178814,0.34484359484359484,0.33853354134165364,0.2627520759193357,0.4231404958677686,0.3780487804878049,-0.023069982286426205,0.776536312849162,-0.001281990226950803,0.006804805973946735
2026-09-27T12:00:00+00:00,168,recent_30,all,2026-08-29T00:00:00+00:00,2026-09-28T00:00:00+00:00,2026-08-29T00:00:00+00:00,2026-09-20T00:00:00+00:00,23,3,catboost,0.1583039304399638,0.014741432671589005,,0.2222222222222222,0.5,,0.0,0.018285731513787096,0.9130434782608695,,
2026-09-27T12:00:00+00:00,168,recent_30,all,2026-08-29T00:00:00+00:00,2026-09-28T00:00:00+00:00,2026-08-29T00:00:00+00:00,2026-09-20T00:00:00+00:00,23,3,catboost_calibrated,0.15430321649547454,0.03964124203376507,,0.2222222222222222,0.6428571428571429,,0.0,0.10789941515991164,0.9565217391304348,,
2026-09-27T12:00:00+00:00,168,recent_30,all,2026-08-29T00:00:00+00:00,2026-09-28T00:00:00+00:00,2026-08-29T00:00:00+00:00,2026-09-20T00:00:00+00:00,23,3,climatology,0.16067247288111852,0.0,,1.0,1.0,,0.0,0.10173850732566969,0.9565217391304348,,
2026-09-27T12:00:00+00:00,168,recent_30,all,2026-08-29T00:00:00+00:00,2026-09-28T00:00:00+00:00,2026-08-29T00:00:00+00:00,2026-09-20T00:00:00+00:00,23,3,logistic,0.18608202532654422,-0.15814502627482563,,0.3333333333333333,0.8571428571428571,,0.0,0.10173850732566969,0.9565217391304348,,
2026-09-27T12:00:00+00:00,168,recent_30,all,2026-08-29T00:00:00+00:00,2026-09-28T00:00:00+00:00,2026-08-29T00:00:00+00:00,2026-09-20T00:00:00+00:00,23,3,selected,0.16067247288111852,0.0,,1.0,1.0,,0.0,0.10173850732566969,0.9565217391304348,,
2026-09-27T12:00:00+00:00,168,recent_30,trend_up,2026-08-29T00:00:00+00:00,2026-09-28T00:00:00+00:00,2026-09-04T00:00:00+00:00,2026-09-19T00:00:00+00:00,3,2,catboost,0.16098624111554763,-0.0810243195751279,,0.0,0.5,,0.0,-0.13387658899874633,1.0,,
2026-09-27T12:00:00+00:00,168,recent_30,trend_up,2026-08-29T00:00:00+00:00,2026-09-28T00:00:00+00:00,2026-09-04T00:00:00+00:00,2026-09-19T00:00:00+00:00,3,2,catboost_calibrated,0.15297106490182744,-0.02720232613847995,,0.0,0.5,,0.0,-0.02476720438457858,1.0,,
2026-09-27T12:00:00+00:00,168,recent_30,trend_up,2026-08-29T00:00:00+00:00,2026-09-28T00:00:00+00:00,2026-09-04T00:00:00+00:00,2026-09-19T00:00:00+00:00,3,2,climatology,0.14892009199091805,0.0,,1.0,1.0,,0.0,0.08239710864386374,1.0,,
2026-09-27T12:00:00+00:00,168,recent_30,trend_up,2026-08-29T00:00:00+00:00,2026-09-28T00:00:00+00:00,2026-09-04T00:00:00+00:00,2026-09-19T00:00:00+00:00,3,2,logistic,0.1950274103583224,-0.3096111327289284,,0.0,1.0,,0.0,0.08239710864386374,1.0,,
2026-09-27T12:00:00+00:00,168,recent_30,trend_up,2026-08-29T00:00:00+00:00,2026-09-28T00:00:00+00:00,2026-09-04T00:00:00+00:00,2026-09-19T00:00:00+00:00,3,2,selected,0.14892009199091805,0.0,,1.0,1.0,,0.0,0.08239710864386374,1.0,,
2026-09-27T12:00:00+00:00,168,recent_30,trend_down,2026-08-29T00:00:00+00:00,2026-09-28T00:00:00+00:00,2026-08-29T00:00:00+00:00,2026-09-16T00:00:00+00:00,2,2,catboost,0.22604604032316514,-0.23686630779468887,,0.0,1.0,,0.0,-0.21575665702940694,0.5,,
2026-09-27T12:00:00+00:00,168,recent_30,trend_down,2026-08-29T00:00:00+00:00,2026-09-28T00:00:00+00:00,2026-08-29T00:00:00+00:00,2026-09-16T00:00:00+00:00,2,2,catboost_calibrated,0.1979036109795285,-0.08287810864343115,,0.0,1.0,,0.0,-0.07149057611924148,0.5,,
2026-09-27T12:00:00+00:00,168,recent_30,trend_down,2026-08-29T00:00:00+00:00,2026-09-28T00:00:00+00:00,2026-08-29T00:00:00+00:00,2026-09-16T00:00:00+00:00,2,2,climatology,0.18275705215562166,0.0,,1.0,1.0,,0.0,0.06788536844901405,0.5,,
2026-09-27T12:00:00+00:00,168,recent_30,trend_down,2026-08-29T00:00:00+00:00,2026-09-28T00:00:00+00:00,2026-08-29T00:00:00+00:00,2026-09-16T00:00:00+00:00,2,2,logistic,0.23856768576792142,-0.3053815595842275,,0.0,1.0,,0.0,0.06788536844901405,0.5,,
2026-09-27T12:00:00+00:00,168,recent_30,trend_down,2026-08-29T00:00:00+00:00,2026-09-28T00:00:00+00:00,2026-08-29T00:00:00+00:00,2026-09-16T00:00:00+00:00,2,2,selected,0.18275705215562166,0.0,,1.0,1.0,,0.0,0.06788536844901405,0.5,,
2026-09-27T12:00:00+00:00,168,recent_30,trend_range,2026-08-29T00:00:00+00:00,2026-09-28T00:00:00+00:00,2026-08-30T00:00:00+00:00,2026-09-20T00:00:00+00:00,18,3,catboost,0.15032997756256633,0.06147799708225177,,0.2857142857142857,0.45454545454545453,,0.0,0.09019797804762353,0.9444444444444444,,
2026-09-27T12:00:00+00:00,168,recent_30,trend_range,2026-08-29T00:00:00+00:00,2026-09-28T00:00:00+00:00,2026-08-30T00:00:00+00:00,2026-09-20T00:00:00+00:00,18,3,catboost_calibrated,0.1496807534850764,0.06553115461894254,,0.2857142857142857,0.6363636363636364,,0.0,0.1651406441526273,1.0,,
2026-09-27T12:00:00+00:00,168,recent_30,trend_range,2026-08-29T00:00:00+00:00,2026-09-28T00:00:00+00:00,2026-08-30T00:00:00+00:00,2026-09-20T00:00:00+00:00,18,3,climatology,0.16017736088787382,0.0,,1.0,1.0,,0.0,0.11178728882422728,1.0,,
2026-09-27T12:00:00+00:00,168,recent_30,trend_range,2026-08-29T00:00:00+00:00,2026-09-28T00:00:00+00:00,2026-08-30T00:00:00+00:00,2026-09-20T00:00:00+00:00,18,3,logistic,0.17875938777220593,-0.11600907132774996,,0.42857142857142855,0.8181818181818182,,0.0,0.11178728882422728,1.0,,
2026-09-27T12:00:00+00:00,168,recent_30,trend_range,2026-08-29T00:00:00+00:00,2026-09-28T00:00:00+00:00,2026-08-30T00:00:00+00:00,2026-09-20T00:00:00+00:00,18,3,selected,0.16017736088787382,0.0,,1.0,1.0,,0.0,0.11178728882422728,1.0,,
2026-09-27T12:00:00+00:00,168,recent_30,vol_high,2026-08-29T00:00:00+00:00,2026-09-28T00:00:00+00:00,2026-09-12T00:00:00+00:00,2026-09-12T00:00:00+00:00,1,1,catboost,0.08088446778033978,0.00921915150453434,,,0.0,,0.0,0.3710739550446467,1.0,,
2026-09-27T12:00:00+00:00,168,recent_30,vol_high,2026-08-29T00:00:00+00:00,2026-09-28T00:00:00+00:00,2026-09-12T00:00:00+00:00,2026-09-12T00:00:00+00:00,1,1,catboost_calibrated,0.08026950005599484,0.01675209646225473,,,0.0,,0.0,0.27311718510937333,1.0,,
2026-09-27T12:00:00+00:00,168,recent_30,vol_high,2026-08-29T00:00:00+00:00,2026-09-28T00:00:00+00:00,2026-09-12T00:00:00+00:00,2026-09-12T00:00:00+00:00,1,1,climatology,0.08163709250452872,0.0,,,1.0,,0.0,0.17557285699754366,1.0,,
2026-09-27T12:00:00+00:00,168,recent_30,vol_high,2026-08-29T00:00:00+00:00,2026-09-28T00:00:00+00:00,2026-09-12T00:00:00+00:00,2026-09-12T00:00:00+00:00,1,1,logistic,0.12175224141087951,-0.49138385108614013,,,1.0,,0.0,0.17557285699754366,1.0,,
2026-09-27T12:00:00+00:00,168,recent_30,vol_high,2026-08-29T00:00:00+00:00,2026-09-28T00:00:00+00:00,2026-09-12T00:00:00+00:00,2026-09-12T00:00:00+00:00,1,1,selected,0.08163709250452872,0.0,,,1.0,,0.0,0.17557285699754366,1.0,,
2026-09-27T12:00:00+00:00,168,recent_30,vol_normal,2026-08-29T00:00:00+00:00,2026-09-28T00:00:00+00:00,2026-08-29T00:00:00+00:00,2026-09-20T00:00:00+00:00,22,3,catboost,0.16182299692449215,0.014866182038727804,,0.2222222222222222,0.5384615384615384,,0.0,0.0013253307625864519,0.9090909090909091,,
2026-09-27T12:00:00+00:00,168,recent_30,vol_normal,2026-08-29T00:00:00+00:00,2026-09-28T00:00:00+00:00,2026-08-29T00:00:00+00:00,2026-09-20T00:00:00+00:00,22,3,catboost_calibrated,0.1576683854245418,0.04015831212455012,,0.2222222222222222,0.6923076923076923,,0.0,0.0999565208038663,0.9545454545454546,,
2026-09-27T12:00:00+00:00,168,recent_30,vol_normal,2026-08-29T00:00:00+00:00,2026-09-28T00:00:00+00:00,2026-08-29T00:00:00+00:00,2026-09-20T00:00:00+00:00,22,3,climatology,0.16426499017096352,0.0,,1.0,1.0,,0.0,0.098188898591268,0.9545454545454546,,
2026-09-27T12:00:00+00:00,168,recent_30,vol_normal,2026-08-29T00:00:00+00:00,2026-09-28T00:00:00+00:00,2026-08-29T00:00:00+00:00,2026-09-20T00:00:00+00:00,22,3,logistic,0.18900610641361992,-0.15061709873118057,,0.3333333333333333,0.8461538461538461,,0.0,0.098188898591268,0.9545454545454546,,
2026-09-27T12:00:00+00:00,168,recent_30,vol_normal,2026-08-29T00:00:00+00:00,2026-09-28T00:00:00+00:00,2026-08-29T00:00:00+00:00,2026-09-20T00:00:00+00:00,22,3,selected,0.16426499017096352,0.0,,1.0,1.0,,0.0,0.098188898591268,0.9545454545454546,,
2026-09-27T12:00:00+00:00,168,recent_90,all,2026-06-30T00:00:00+00:00,2026-09-28T00:00:00+00:00,2026-06-30T00:00:00+00:00,2026-09-20T00:00:00+00:00,83,11,catboost,0.17191004981354474,-0.14596787296538194,,0.24,0.3620689655172414,1.0,0.2926829268292683,-0.10987946510768665,0.8072289156626506,,
2026-09-27T12:00:00+00:00,168,recent_90,all,2026-06-30T00:00:00+00:00,2026-09-28T00:00:00+00:00,2026-06-30T00:00:00+00:00,2026-09-20T00:00:00+00:00,83,11,catboost_calibrated,0.15677430572594533,-0.04507163986773999,,0.4,0.43103448275862066,0.0,0.25609756097560976,-0.0009704349946793034,0.8554216867469879,,
2026-09-27T12:00:00+00:00,168,recent_90,all,2026-06-30T00:00:00+00:00,2026-09-28T00:00:00+00:00,2026-06-30T00:00:00+00:00,2026-09-20T00:00:00+00:00,83,11,climatology,0.1500129749437905,0.0,,1.0,1.0,0.0,0.0,0.032568720982540156,0.8674698795180723,,
2026-09-27T12:00:00+00:00,168,recent_90,all,2026-06-30T00:00:00+00:00,2026-09-28T00:00:00+00:00,2026-06-30T00:00:00+00:00,2026-09-20T00:00:00+00:00,83,11,logistic,0.18088889857283025,-0.2058216873614358,,0.44,0.5172413793103449,0.0,0.13414634146341464,0.032568720982540156,0.8674698795180723,,
2026-09-27T12:00:00+00:00,168,recent_90,all,2026-06-30T00:00:00+00:00,2026-09-28T00:00:00+00:00,2026-06-30T00:00:00+00:00,2026-09-20T00:00:00+00:00,83,11,selected,0.1500129749437905,0.0,,1.0,1.0,0.0,0.0,0.032568720982540156,0.8674698795180723,0.0,0.0
2026-09-27T12:00:00+00:00,168,recent_90,trend_up,2026-06-30T00:00:00+00:00,2026-09-28T00:00:00+00:00,2026-07-03T00:00:00+00:00,2026-09-19T00:00:00+00:00,10,6,catboost,0.20747611409994185,-0.11110666368153699,,0.25,0.3333333333333333,1.0,0.3333333333333333,-0.18991364985455172,0.7,,
2026-09-27T12:00:00+00:00,168,recent_90,trend_up,2026-06-30T00:00:00+00:00,2026-09-28T00:00:00+00:00,2026-07-03T00:00:00+00:00,2026-09-19T00:00:00+00:00,10,6,catboost_calibrated,0.19306932557445014,-0.03395330652345141,,0.5,0.3333333333333333,0.0,0.3333333333333333,-0.08206965508827668,0.7,,
2026-09-27T12:00:00+00:00,168,recent_90,trend_up,2026-06-30T00:00:00+00:00,2026-09-28T00:00:00+00:00,2026-07-03T00:00:00+00:00,2026-09-19T00:00:00+00:00,10,6,climatology,0.18672925010861802,0.0,,1.0,1.0,0.0,0.0,0.027905868584083393,0.8,,
2026-09-27T12:00:00+00:00,168,recent_90,trend_up,2026-06-30T00:00:00+00:00,2026-09-28T00:00:00+00:00,2026-07-03T00:00:00+00:00,2026-09-19T00:00:00+00:00,10,6,logistic,0.1806745153270169,0.032425208038264874,,0.5,0.3333333333333333,0.0,0.0,0.027905868584083393,0.8,,
2026-09-27T12:00:00+00:00,168,recent_90,trend_up,2026-06-30T00:00:00+00:00,2026-09-28T00:00:00+00:00,2026-07-03T00:00:00+00:00,2026-09-19T00:00:00+00:00,10,6,selected,0.18672925010861802,0.0,,1.0,1.0,0.0,0.0,0.027905868584083393,0.8,,
2026-09-27T12:00:00+00:00,168,recent_90,trend_down,2026-06-30T00:00:00+00:00,2026-09-28T00:00:00+00:00,2026-07-24T00:00:00+00:00,2026-09-16T00:00:00+00:00,6,4,catboost,0.17433313089746985,-0.4794832543007017,,0.0,0.6,,0.3333333333333333,-0.16126329753393698,0.8333333333333334,,
2026-09-27T12:00:00+00:00,168,recent_90,trend_down,2026-06-30T00:00:00+00:00,2026-09-28T00:00:00+00:00,2026-07-24T00:00:00+00:00,2026-09-16T00:00:00+00:00,6,4,catboost_calibrated,0.14148434534341933,-0.20071106738968303,,0.0,0.6,,0.3333333333333333,0.04711255287123273,0.8333333333333334,,
2026-09-27T12:00:00+00:00,168,recent_90,trend_down,2026-06-30T00:00:00+00:00,2026-09-28T00:00:00+00:00,2026-07-24T00:00:00+00:00,2026-09-16T00:00:00+00:00,6,4,climatology,0.11783379797689622,0.0,,1.0,1.0,,0.0,0.08533638913520292,0.8333333333333334,,
2026-09-27T12:00:00+00:00,168,recent_90,trend_down,2026-06-30T00:00:00+00:00,2026-09-28T00:00:00+00:00,2026-07-24T00:00:00+00:00,2026-09-16T00:00:00+00:00,6,4,logistic,0.19638204626473782,-0.666602024516282,,0.0,0.6,,0.16666666666666666,0.08533638913520292,0.8333333333333334,,
2026-09-27T12:00:00+00:00,168,recent_90,trend_down,2026-06-30T00:00:00+00:00,2026-09-28T00:00:00+00:00,2026-07-24T00:00:00+00:00,2026-09-16T00:00:00+00:00,6,4,selected,0.11783379797689622,0.0,,1.0,1.0,,0.0,0.08533638913520292,0.8333333333333334,,
2026-09-27T12:00:00+00:00,168,recent_90,trend_range,2026-06-30T00:00:00+00:00,2026-09-28T00:00:00+00:00,2026-06-30T00:00:00+00:00,2026-09-20T00:00:00+00:00,67,10,catboost,0.16638468967373105,-0.12868489192004495,,0.25,0.3404255319148936,,0.2835820895522388,-0.09074952577638307,0.8208955223880597,,
2026-09-27T12:00:00+00:00,168,recent_90,trend_range,2026-06-30T00:00:00+00:00,2026-09-28T00:00:00+00:00,2026-06-30T00:00:00+00:00,2026-09-20T00:00:00+00:00,67,10,catboost_calibrated,0.15272638876788724,-0.036032629792121185,,0.4,0.425531914893617,,0.23880597014925373,0.011701730307716596,0.8805970149253731,,
2026-09-27T12:00:00+00:00,168,recent_90,trend_range,2026-06-30T00:00:00+00:00,2026-09-28T00:00:00+00:00,2026-06-30T00:00:00+00:00,2026-09-20T00:00:00+00:00,67,10,climatology,0.14741465121473213,0.0,,1.0,1.0,,0.0,0.029945983447522417,0.8805970149253731,,
2026-09-27T12:00:00+00:00,168,recent_90,trend_range,2026-06-30T00:00:00+00:00,2026-09-28T00:00:00+00:00,2026-06-30T00:00:00+00:00,2026-09-20T00:00:00+00:00,67,10,logistic,0.17953345001024348,-0.21788064165159127,,0.45,0.5319148936170213,,0.14925373134328357,0.029945983447522417,0.8805970149253731,,
2026-09-27T12:00:00+00:00,168,recent_90,trend_range,2026-06-30T00:00:00+00:00,2026-09-28T00:00:00+00:00,2026-06-30T00:00:00+00:00,2026-09-20T00:00:00+00:00,67,10,selected,0.14741465121473213,0.0,,1.0,1.0,,0.0,0.029945983447522417,0.8805970149253731,0.0,0.0
2026-09-27T12:00:00+00:00,168,recent_90,vol_high,2026-06-30T00:00:00+00:00,2026-09-28T00:00:00+00:00,2026-08-20T00:00:00+00:00,2026-09-12T00:00:00+00:00,3,2,catboost,0.24904143456410738,-0.6314797642493235,,0.0,0.5,,0.3333333333333333,-0.32157813990106154,0.6666666666666666,,
2026-09-27T12:00:00+00:00,168,recent_90,vol_high,2026-06-30T00:00:00+00:00,2026-09-28T00:00:00+00:00,2026-08-20T00:00:00+00:00,2026-09-12T00:00:00+00:00,3,2,catboost_calibrated,0.19387951464957517,-0.27011196111560554,,0.0,0.5,,0.3333333333333333,-0.14235453958222943,0.6666666666666666,,
2026-09-27T12:00:00+00:00,168,recent_90,vol_high,2026-06-30T00:00:00+00:00,2026-09-28T00:00:00+00:00,2026-08-20T00:00:00+00:00,2026-09-12T00:00:00+00:00,3,2,climatology,0.15264757799720324,0.0,,1.0,1.0,,0.0,0.04271340520384459,0.6666666666666666,,
2026-09-27T12:00:00+00:00,168,recent_90,vol_high,2026-06-30T00:00:00+00:00,2026-09-28T00:00:00+00:00,2026-08-20T00:00:00+00:00,2026-09-12T00:00:00+00:00,3,2,logistic,0.16027545695829148,-0.04997052073258579,,0.0,0.5,,0.0,0.04271340520384459,0.6666666666666666,,
2026-09-27T12:00:00+00:00,168,recent_90,vol_high,2026-06-30T00:00:00+00:00,2026-09-28T00:00:00+00:00,2026-08-20T00:00:00+00:00,2026-09-12T00:00:00+00:00,3,2,selected,0.15264757799720324,0.0,,1.0,1.0,,0.0,0.04271340520384459,0.6666666666666666,,
2026-09-27T12:00:00+00:00,168,recent_90,vol_normal,2026-06-30T00:00:00+00:00,2026-09-28T00:00:00+00:00,2026-06-30T00:00:00+00:00,2026-09-20T00:00:00+00:00,80,11,catboost,0.16901762288539868,-0.1274292124763512,,0.25,0.35714285714285715,1.0,0.2911392405063291,-0.10119042056750094,0.8125,,
2026-09-27T12:00:00+00:00,168,recent_90,vol_normal,2026-06-30T00:00:00+00:00,2026-09-28T00:00:00+00:00,2026-06-30T00:00:00+00:00,2026-09-20T00:00:00+00:00,80,11,catboost_calibrated,0.1553828603913092,-0.03647875844330395,,0.4166666666666667,0.42857142857142855,0.0,0.25316455696202533,0.004832590382000568,0.8625,,
2026-09-27T12:00:00+00:00,168,recent_90,vol_normal,2026-06-30T00:00:00+00:00,2026-09-28T00:00:00+00:00,2026-06-30T00:00:00+00:00,2026-09-20T00:00:00+00:00,80,11,climatology,0.1499141773292875,0.0,,1.0,1.0,0.0,0.0,0.032152338531723834,0.875,,
2026-09-27T12:00:00+00:00,168,recent_90,vol_normal,2026-06-30T00:00:00+00:00,2026-09-28T00:00:00+00:00,2026-06-30T00:00:00+00:00,2026-09-20T00:00:00+00:00,80,11,logistic,0.18166190263337545,-0.21177266800026429,,0.4583333333333333,0.5178571428571429,0.0,0.13924050632911392,0.032152338531723834,0.875,,
2026-09-27T12:00:00+00:00,168,recent_90,vol_normal,2026-06-30T00:00:00+00:00,2026-09-28T00:00:00+00:00,2026-06-30T00:00:00+00:00,2026-09-20T00:00:00+00:00,80,11,selected,0.1499141773292875,0.0,,1.0,1.0,0.0,0.0,0.032152338531723834,0.875,0.0,0.0
2026-09-27T12:00:00+00:00,168,recent_365,all,2025-09-28T00:00:00+00:00,2026-09-28T00:00:00+00:00,2025-09-28T00:00:00+00:00,2026-09-20T00:00:00+00:00,284,37,catboost,0.1935553510399901,-0.03740453524601972,0.3090909090909091,0.24096385542168675,0.22388059701492538,0.19230769230769232,0.19827586206896552,-0.07987667087905459,0.7852112676056338,,
2026-09-27T12:00:00+00:00,168,recent_365,all,2025-09-28T00:00:00+00:00,2026-09-28T00:00:00+00:00,2025-09-28T00:00:00+00:00,2026-09-20T00:00:00+00:00,284,37,catboost_calibrated,0.18670416126070977,-0.0006840038286881622,0.3333333333333333,0.2891566265060241,0.2537313432835821,0.17307692307692307,0.1939655172413793,-0.016982699774974686,0.8274647887323944,,
2026-09-27T12:00:00+00:00,168,recent_365,all,2025-09-28T00:00:00+00:00,2026-09-28T00:00:00+00:00,2025-09-28T00:00:00+00:00,2026-09-20T00:00:00+00:00,284,37,climatology,0.18657654219150738,0.0,0.3333333333333333,0.5060240963855421,0.44776119402985076,0.8269230769230769,0.5818965517241379,0.004940511195187458,0.8556338028169014,,
2026-09-27T12:00:00+00:00,168,recent_365,all,2025-09-28T00:00:00+00:00,2026-09-28T00:00:00+00:00,2025-09-28T00:00:00+00:00,2026-09-20T00:00:00+00:00,284,37,logistic,0.20940281349626405,-0.12234266449920139,0.305050505050505,0.2289156626506024,0.20398009950248755,0.09615384615384616,0.16379310344827586,0.004940511195187458,0.8556338028169014,,
2026-09-27T12:00:00+00:00,168,recent_365,all,2025-09-28T00:00:00+00:00,2026-09-28T00:00:00+00:00,2025-09-28T00:00:00+00:00,2026-09-20T00:00:00+00:00,284,37,selected,0.18664129549790537,-0.00034706027691044916,0.3333333333333333,0.5301204819277109,0.4925373134328358,0.46153846153846156,0.41810344827586204,-0.01421996275182269,0.8380281690140845,-0.005709164593640179,0.007616088572101798
2026-09-27T12:00:00+00:00,168,recent_365,trend_up,2025-09-28T00:00:00+00:00,2026-09-28T00:00:00+00:00,2025-09-29T00:00:00+00:00,2026-09-19T00:00:00+00:00,38,22,catboost,0.18746457226654573,-0.03813764791082752,0.32142857142857145,0.375,0.23333333333333334,0.3,0.14285714285714285,-0.12301332229521655,0.7368421052631579,,
2026-09-27T12:00:00+00:00,168,recent_365,trend_up,2025-09-28T00:00:00+00:00,2026-09-28T00:00:00+00:00,2025-09-29T00:00:00+00:00,2026-09-19T00:00:00+00:00,38,22,catboost_calibrated,0.18034226827436856,0.0013041080687059559,0.3333333333333333,0.5,0.23333333333333334,0.2,0.21428571428571427,-0.04584118929675207,0.7631578947368421,,
2026-09-27T12:00:00+00:00,168,recent_365,trend_up,2025-09-28T00:00:00+00:00,2026-09-28T00:00:00+00:00,2025-09-29T00:00:00+00:00,2026-09-19T00:00:00+00:00,38,22,climatology,0.18057776118976498,0.0,0.3333333333333333,0.875,0.4,0.9,0.5714285714285714,-0.002023203551127173,0.8157894736842105,,
2026-09-27T12:00:00+00:00,168,recent_365,trend_up,2025-09-28T00:00:00+00:00,2026-09-28T00:00:00+00:00,2025-09-29T00:00:00+00:00,2026-09-19T00:00:00+00:00,38,22,logistic,0.19301307675610047,-0.06886404773435806,0.2976190476190476,0.5,0.13333333333333333,0.0,0.0,-0.002023203551127173,0.8157894736842105,,
2026-09-27T12:00:00+00:00,168,recent_365,trend_up,2025-09-28T00:00:00+00:00,2026-09-28T00:00:00+00:00,2025-09-29T00:00:00+00:00,2026-09-19T00:00:00+00:00,38,22,selected,0.18371005421447484,-0.017345951151859662,0.3333333333333333,0.875,0.4666666666666667,0.5,0.4642857142857143,-0.017976014350528757,0.8157894736842105,,
2026-09-27T12:00:00+00:00,168,recent_365,trend_down,2025-09-28T00:00:00+00:00,2026-09-28T00:00:00+00:00,2025-10-08T00:00:00+00:00,2026-09-16T00:00:00+00:00,36,20,catboost,0.2599922748154022,-0.22080410605175493,0.32,0.2727272727272727,0.48,0.0,0.24,-0.1515297572010874,0.5833333333333334,,
2026-09-27T12:00:00+00:00,168,recent_365,trend_down,2025-09-28T00:00:00+00:00,2026-09-28T00:00:00+00:00,2025-10-08T00:00:00+00:00,2026-09-16T00:00:00+00:00,36,20,catboost_calibrated,0.23208289400006255,-0.0897544942087869,0.3333333333333333,0.2727272727272727,0.44,0.0,0.24,-0.06221117073652893,0.6944444444444444,,
2026-09-27T12:00:00+00:00,168,recent_365,trend_down,2025-09-28T00:00:00+00:00,2026-09-28T00:00:00+00:00,2025-10-08T00:00:00+00:00,2026-09-16T00:00:00+00:00,36,20,climatology,0.21296805402813745,0.0,0.3333333333333333,0.2727272727272727,0.36,0.9090909090909091,0.72,-0.004613821034670673,0.8333333333333334,,
2026-09-27T12:00:00+00:00,168,recent_365,trend_down,2025-09-28T00:00:00+00:00,2026-09-28T00:00:00+00:00,2025-10-08T00:00:00+00:00,2026-09-16T00:00:00+00:00,36,20,logistic,0.27018522171100007,-0.26866549513244387,0.27999999999999997,0.09090909090909091,0.24,0.18181818181818182,0.16,-0.004613821034670673,0.8333333333333334,,
2026-09-27T12:00:00+00:00,168,recent_365,trend_down,2025-09-28T00:00:00+00:00,2026-09-28T00:00:00+00:00,2025-10-08T00:00:00+00:00,2026-09-16T00:00:00+00:00,36,20,selected,0.22624020086293267,-0.062319895325904984,0.3333333333333333,0.45454545454545453,0.56,0.18181818181818182,0.52,-0.06104423634987888,0.7222222222222222,,
2026-09-27T12:00:00+00:00,168,recent_365,trend_range,2025-09-28T00:00:00+00:00,2026-09-28T00:00:00+00:00,2025-09-28T00:00:00+00:00,2026-09-20T00:00:00+00:00,210,35,catboost,0.1832683050279713,-0.0007127328163254454,0.30538922155688625,0.21875,0.1780821917808219,0.22580645161290322,0.2011173184357542,-0.05358394746575246,0.8285714285714286,,
2026-09-27T12:00:00+00:00,168,recent_365,trend_range,2025-09-28T00:00:00+00:00,2026-09-28T00:00:00+00:00,2025-09-28T00:00:00+00:00,2026-09-20T00:00:00+00:00,210,35,catboost_calibrated,0.1800761496172063,0.0167176164423396,0.3333333333333333,0.265625,0.22602739726027396,0.22580645161290322,0.18435754189944134,-2.0569827457128653e-05,0.861904761904762,,
2026-09-27T12:00:00+00:00,168,recent_365,trend_range,2025-09-28T00:00:00+00:00,2026-09-28T00:00:00+00:00,2025-09-28T00:00:00+00:00,2026-09-20T00:00:00+00:00,210,35,climatology,0.18313777672459083,0.0,0.3333333333333333,0.5,0.4726027397260274,0.7741935483870968,0.5642458100558659,0.008718357729473492,0.8666666666666667,,
2026-09-27T12:00:00+00:00,168,recent_365,trend_range,2025-09-28T00:00:00+00:00,2026-09-28T00:00:00+00:00,2025-09-28T00:00:00+00:00,2026-09-20T00:00:00+00:00,210,35,logistic,0.20194873397433893,-0.10271478438900505,0.3081244917572263,0.21875,0.21232876712328766,0.0967741935483871,0.18994413407821228,0.008718357729473492,0.8666666666666667,,
2026-09-27T12:00:00+00:00,168,recent_365,trend_range,2025-09-28T00:00:00+00:00,2026-09-28T00:00:00+00:00,2025-09-28T00:00:00+00:00,2026-09-20T00:00:00+00:00,210,35,selected,0.1803833268104262,0.015040315348519684,0.3333333333333333,0.5,0.4863013698630137,0.5483870967741935,0.39664804469273746,-0.0025209367016401085,0.861904761904762,-0.009077898463050323,0.0034857813463259396
2026-09-27T12:00:00+00:00,168,recent_365,vol_high,2025-09-28T00:00:00+00:00,2026-09-28T00:00:00+00:00,2025-10-02T00:00:00+00:00,2026-09-12T00:00:00+00:00,22,12,catboost,0.27736213705674273,-0.15823156878979594,0.3333333333333333,0.7142857142857143,0.5333333333333333,0.1,0.08333333333333333,-0.15311856921059652,0.5909090909090909,,
2026-09-27T12:00:00+00:00,168,recent_365,vol_high,2025-09-28T00:00:00+00:00,2026-09-28T00:00:00+00:00,2025-10-02T00:00:00+00:00,2026-09-12T00:00:00+00:00,22,12,catboost_calibrated,0.25262375076516536,-0.05492698559082876,0.3333333333333333,0.7142857142857143,0.4666666666666667,0.1,0.08333333333333333,-0.057109633981885066,0.6363636363636364,,
2026-09-27T12:00:00+00:00,168,recent_365,vol_high,2025-09-28T00:00:00+00:00,2026-09-28T00:00:00+00:00,2025-10-02T00:00:00+00:00,2026-09-12T00:00:00+00:00,22,12,climatology,0.2394703654525241,0.0,0.3333333333333333,0.7142857142857143,0.3333333333333333,1.0,0.6666666666666666,-0.006897951914212941,0.7727272727272727,,
2026-09-27T12:00:00+00:00,168,recent_365,vol_high,2025-09-28T00:00:00+00:00,2026-09-28T00:00:00+00:00,2025-10-02T00:00:00+00:00,2026-09-12T00:00:00+00:00,22,12,logistic,0.2749509515925215,-0.14816274269657614,0.2857142857142857,0.42857142857142855,0.26666666666666666,0.1,0.0,-0.006897951914212941,0.7727272727272727,,
2026-09-27T12:00:00+00:00,168,recent_365,vol_high,2025-09-28T00:00:00+00:00,2026-09-28T00:00:00+00:00,2025-10-02T00:00:00+00:00,2026-09-12T00:00:00+00:00,22,12,selected,0.2493610887727764,-0.041302493949771035,0.3333333333333333,0.8571428571428571,0.5333333333333333,0.4,0.5,-0.0654438093584302,0.6818181818181818,,
2026-09-27T12:00:00+00:00,168,recent_365,vol_normal,2025-09-28T00:00:00+00:00,2026-09-28T00:00:00+00:00,2025-09-28T00:00:00+00:00,2026-09-20T00:00:00+00:00,262,36,catboost,0.18651814000041544,-0.024064908186413048,0.3074433656957929,0.19736842105263158,0.1989247311827957,0.21428571428571427,0.20454545454545456,-0.07175900671476643,0.8015267175572519,,
2026-09-27T12:00:00+00:00,168,recent_365,vol_normal,2025-09-28T00:00:00+00:00,2026-09-28T00:00:00+00:00,2025-09-28T00:00:00+00:00,2026-09-20T00:00:00+00:00,262,36,catboost_calibrated,0.18116892855422878,0.0053045661633560615,0.3333333333333333,0.25,0.23655913978494625,0.19047619047619047,0.2,-0.01253528670602777,0.8435114503816794,,
2026-09-27T12:00:00+00:00,168,recent_365,vol_normal,2025-09-28T00:00:00+00:00,2026-09-28T00:00:00+00:00,2025-09-28T00:00:00+00:00,2026-09-20T00:00:00+00:00,262,36,climatology,0.18213507611615481,0.0,0.3333333333333333,0.4868421052631579,0.45698924731182794,0.7857142857142857,0.5772727272727273,0.00625261082576245,0.8625954198473282,,
2026-09-27T12:00:00+00:00,168,recent_365,vol_normal,2025-09-28T00:00:00+00:00,2026-09-28T00:00:00+00:00,2025-09-28T00:00:00+00:00,2026-09-20T00:00:00+00:00,262,36,logistic,0.20389877136604398,-0.11949205893767312,0.3056229773462783,0.21052631578947367,0.1989247311827957,0.09523809523809523,0.17272727272727273,0.00625261082576245,0.8625954198473282,,
2026-09-27T12:00:00+00:00,168,recent_365,vol_normal,2025-09-28T00:00:00+00:00,2026-09-28T00:00:00+00:00,2025-09-28T00:00:00+00:00,2026-09-20T00:00:00+00:00,262,36,selected,0.18137474797100778,0.004174528934021149,0.3333333333333333,0.5,0.489247311827957,0.47619047619047616,0.41363636363636364,-0.00854263879616557,0.851145038167939,-0.006381407315898851,0.005220003034459837
2026-09-27T12:00:00+00:00,168,year_2018,all,2018-01-01T00:00:00+00:00,2019-01-01T00:00:00+00:00,2018-09-10T00:00:00+00:00,2018-12-26T00:00:00+00:00,108,14,catboost,0.20670561431871454,0.0669236565334792,0.4738930659983292,0.26666666666666666,0.05128205128205128,0.5384615384615384,0.14492753623188406,0.009785479384683438,0.5648148148148148,,
2026-09-27T12:00:00+00:00,168,year_2018,all,2018-01-01T00:00:00+00:00,2019-01-01T00:00:00+00:00,2018-09-10T00:00:00+00:00,2018-12-26T00:00:00+00:00,108,14,catboost_calibrated,0.20404702150258336,0.07892463711554099,0.3333333333333333,0.26666666666666666,0.02564102564102564,0.5384615384615384,0.15942028985507245,0.007263785199053463,0.75,,
2026-09-27T12:00:00+00:00,168,year_2018,all,2018-01-01T00:00:00+00:00,2019-01-01T00:00:00+00:00,2018-09-10T00:00:00+00:00,2018-12-26T00:00:00+00:00,108,14,climatology,0.2215312988761152,0.0,0.3333333333333333,0.0,0.0,1.0,1.0,-0.07774701500632575,0.7870370370370371,,
2026-09-27T12:00:00+00:00,168,year_2018,all,2018-01-01T00:00:00+00:00,2019-01-01T00:00:00+00:00,2018-09-10T00:00:00+00:00,2018-12-26T00:00:00+00:00,108,14,logistic,0.2387634267188261,-0.07778642534997937,0.3289473684210526,0.03333333333333333,0.01282051282051282,0.5128205128205128,0.2753623188405797,-0.07774701500632575,0.7870370370370371,,
2026-09-27T12:00:00+00:00,168,year_2018,all,2018-01-01T00:00:00+00:00,2019-01-01T00:00:00+00:00,2018-09-10T00:00:00+00:00,2018-12-26T00:00:00+00:00,108,14,selected,0.21786659999694713,0.016542578397544805,0.5133667502088555,0.03333333333333333,0.01282051282051282,0.717948717948718,0.5507246376811594,0.006864254463762709,0.7222222222222222,-0.047401191869371286,0.040442462319675694
2026-09-27T12:00:00+00:00,168,year_2018,trend_up,2018-01-01T00:00:00+00:00,2019-01-01T00:00:00+00:00,2018-09-14T00:00:00+00:00,2018-12-24T00:00:00+00:00,16,6,catboost,0.17217966544512583,0.17864940757325465,0.28205128205128205,0.8333333333333334,0.0,0.6666666666666666,0.15384615384615385,0.02729667805421243,0.75,,
2026-09-27T12:00:00+00:00,168,year_2018,trend_up,2018-01-01T00:00:00+00:00,2019-01-01T00:00:00+00:00,2018-09-14T00:00:00+00:00,2018-12-24T00:00:00+00:00,16,6,catboost_calibrated,0.1819095175964745,0.13223498454557248,0.3333333333333333,0.8333333333333334,0.0,0.6666666666666666,0.15384615384615385,0.055706819763923776,0.8125,,
2026-09-27T12:00:00+00:00,168,year_2018,trend_up,2018-01-01T00:00:00+00:00,2019-01-01T00:00:00+00:00,2018-09-14T00:00:00+00:00,2018-12-24T00:00:00+00:00,16,6,climatology,0.20962992786844822,0.0,0.3333333333333333,0.0,0.0,1.0,1.0,-0.03490964998251478,0.8125,,
2026-09-27T12:00:00+00:00,168,year_2018,trend_up,2018-01-01T00:00:00+00:00,2019-01-01T00:00:00+00:00,2018-09-14T00:00:00+00:00,2018-12-24T00:00:00+00:00,16,6,logistic,0.22571309227287725,-0.07672169984489008,0.3333333333333333,0.16666666666666666,0.0,0.0,0.23076923076923078,-0.03490964998251478,0.8125,,
2026-09-27T12:00:00+00:00,168,year_2018,trend_up,2018-01-01T00:00:00+00:00,2019-01-01T00:00:00+00:00,2018-09-14T00:00:00+00:00,2018-12-24T00:00:00+00:00,16,6,selected,0.22265787079550006,-0.0621473425074468,0.28205128205128205,0.16666666666666666,0.0,0.6666666666666666,0.23076923076923078,0.006390293071404152,0.8125,,
2026-09-27T12:00:00+00:00,168,year_2018,trend_down,2018-01-01T00:00:00+00:00,2019-01-01T00:00:00+00:00,2018-09-12T00:00:00+00:00,2018-12-26T00:00:00+00:00,16,8,catboost,0.2171301123188951,0.11201805742845594,,0.0,0.1,0.8571428571428571,0.2222222222222222,0.12280158086820536,0.5625,,
2026-09-27T12:00:00+00:00,168,year_2018,trend_down,2018-01-01T00:00:00+00:00,2019-01-01T00:00:00+00:00,2018-09-12T00:00:00+00:00,2018-12-26T00:00:00+00:00,16,8,catboost_calibrated,0.2191851245701105,0.10361381652721002,,0.0,0.1,0.8571428571428571,0.2222222222222222,0.08568162191062778,0.75,,
2026-09-27T12:00:00+00:00,168,year_2018,trend_down,2018-01-01T00:00:00+00:00,2019-01-01T00:00:00+00:00,2018-09-12T00:00:00+00:00,2018-12-26T00:00:00+00:00,16,8,climatology,0.24452086456859576,0.0,,0.0,0.0,1.0,1.0,0.0058157814791087725,0.8125,,
2026-09-27T12:00:00+00:00,168,year_2018,trend_down,2018-01-01T00:00:00+00:00,2019-01-01T00:00:00+00:00,2018-09-12T00:00:00+00:00,2018-12-26T00:00:00+00:00,16,8,logistic,0.2680042333887641,-0.09603830275015457,,0.0,0.0,0.7142857142857143,0.7777777777777778,0.0058157814791087725,0.8125,,
2026-09-27T12:00:00+00:00,168,year_2018,trend_down,2018-01-01T00:00:00+00:00,2019-01-01T00:00:00+00:00,2018-09-12T00:00:00+00:00,2018-12-26T00:00:00+00:00,16,8,selected,0.2317878787545974,0.052073207889490214,,0.0,0.0,0.7142857142857143,0.6666666666666666,0.15922813434158478,0.75,,
2026-09-27T12:00:00+00:00,168,year_2018,trend_range,2018-01-01T00:00:00+00:00,2019-01-01T00:00:00+00:00,2018-09-10T00:00:00+00:00,2018-12-25T00:00:00+00:00,76,13,catboost,0.21177960397627416,0.033838693428006716,0.4914529914529915,0.16666666666666666,0.05172413793103448,0.4482758620689655,0.1276595744680851,-0.0166842608022999,0.5263157894736842,,
2026-09-27T12:00:00+00:00,168,year_2018,trend_range,2018-01-01T00:00:00+00:00,2019-01-01T00:00:00+00:00,2018-09-10T00:00:00+00:00,2018-12-25T00:00:00+00:00,76,13,catboost_calibrated,0.20552057957386372,0.06239303521049644,0.3333333333333333,0.16666666666666666,0.017241379310344827,0.4482758620689655,0.14893617021276595,-0.017310527511915863,0.7368421052631579,,
2026-09-27T12:00:00+00:00,168,year_2018,trend_range,2018-01-01T00:00:00+00:00,2019-01-01T00:00:00+00:00,2018-09-10T00:00:00+00:00,2018-12-25T00:00:00+00:00,76,13,climatology,0.21919694210036494,0.0,0.3333333333333333,0.0,0.0,1.0,1.0,-0.10243112314642078,0.7763157894736842,,
2026-09-27T12:00:00+00:00,168,year_2018,trend_range,2018-01-01T00:00:00+00:00,2019-01-01T00:00:00+00:00,2018-09-10T00:00:00+00:00,2018-12-25T00:00:00+00:00,76,13,logistic,0.23535490625061783,-0.07371436843701296,0.3333333333333333,0.0,0.017241379310344827,0.5172413793103449,0.19148936170212766,-0.10243112314642078,0.7763157894736842,,
2026-09-27T12:00:00+00:00,168,year_2018,trend_range,2018-01-01T00:00:00+00:00,2019-01-01T00:00:00+00:00,2018-09-10T00:00:00+00:00,2018-12-25T00:00:00+00:00,76,13,selected,0.21392711587985172,0.024041513398942893,0.5299145299145299,0.0,0.017241379310344827,0.7241379310344828,0.6170212765957447,-0.02470197494125692,0.6973684210526315,-0.059159236180429266,0.05023700373301647
2026-09-27T12:00:00+00:00,168,year_2018,vol_high,2018-01-01T00:00:00+00:00,2019-01-01T00:00:00+00:00,2018-09-10T00:00:00+00:00,2018-12-25T00:00:00+00:00,16,7,catboost,0.19541626214493868,0.21387690046670438,0.5530303030303031,0.2,0.09090909090909091,0.75,0.25,-0.015671331109428976,0.5625,,
2026-09-27T12:00:00+00:00,168,year_2018,vol_high,2018-01-01T00:00:00+00:00,2019-01-01T00:00:00+00:00,2018-09-10T00:00:00+00:00,2018-12-25T00:00:00+00:00,16,7,catboost_calibrated,0.21128376844721986,0.15004488823139894,0.3333333333333333,0.2,0.09090909090909091,0.75,0.25,-0.007911570129035317,0.75,,
2026-09-27T12:00:00+00:00,168,year_2018,vol_high,2018-01-01T00:00:00+00:00,2019-01-01T00:00:00+00:00,2018-09-10T00:00:00+00:00,2018-12-25T00:00:00+00:00,16,7,climatology,0.24858226690063312,0.0,0.3333333333333333,0.0,0.0,1.0,1.0,-0.05209149116915035,0.8125,,
2026-09-27T12:00:00+00:00,168,year_2018,vol_high,2018-01-01T00:00:00+00:00,2019-01-01T00:00:00+00:00,2018-09-10T00:00:00+00:00,2018-12-25T00:00:00+00:00,16,7,logistic,0.23006672524480434,0.07448456354784982,0.3333333333333333,0.0,0.09090909090909091,0.875,0.375,-0.05209149116915035,0.8125,,
2026-09-27T12:00:00+00:00,168,year_2018,vol_high,2018-01-01T00:00:00+00:00,2019-01-01T00:00:00+00:00,2018-09-10T00:00:00+00:00,2018-12-25T00:00:00+00:00,16,7,selected,0.20674590840564794,0.16829985105779333,0.5530303030303031,0.0,0.09090909090909091,0.875,0.5,0.09458049156116843,0.6875,,
2026-09-27T12:00:00+00:00,168,year_2018,vol_normal,2018-01-01T00:00:00+00:00,2019-01-01T00:00:00+00:00,2018-09-11T00:00:00+00:00,2018-12-26T00:00:00+00:00,92,14,catboost,0.20866897991415384,0.03762359373818225,0.45761689291101054,0.28,0.04477611940298507,0.4838709677419355,0.13114754098360656,0.013941769694629902,0.5652173913043478,,
2026-09-27T12:00:00+00:00,168,year_2018,vol_normal,2018-01-01T00:00:00+00:00,2019-01-01T00:00:00+00:00,2018-09-11T00:00:00+00:00,2018-12-26T00:00:00+00:00,92,14,catboost_calibrated,0.20278845681655966,0.06474442735672259,0.3333333333333333,0.28,0.014925373134328358,0.4838709677419355,0.14754098360655737,0.009741439747124714,0.75,,
2026-09-27T12:00:00+00:00,168,year_2018,vol_normal,2018-01-01T00:00:00+00:00,2019-01-01T00:00:00+00:00,2018-09-11T00:00:00+00:00,2018-12-26T00:00:00+00:00,92,14,climatology,0.2168267826979382,0.0,0.3333333333333333,0.0,0.0,1.0,1.0,-0.08193574890705158,0.782608695652174,,
2026-09-27T12:00:00+00:00,168,year_2018,vol_normal,2018-01-01T00:00:00+00:00,2019-01-01T00:00:00+00:00,2018-09-11T00:00:00+00:00,2018-12-26T00:00:00+00:00,92,14,logistic,0.2402758965403951,-0.10814675913502758,0.3282051282051282,0.04,0.0,0.41935483870967744,0.26229508196721313,-0.08193574890705158,0.782608695652174,,
2026-09-27T12:00:00+00:00,168,year_2018,vol_normal,2018-01-01T00:00:00+00:00,2019-01-01T00:00:00+00:00,2018-09-11T00:00:00+00:00,2018-12-26T00:00:00+00:00,92,14,selected,0.2198006333171731,-0.013715328808700633,0.5037707390648567,0.04,0.0,0.6774193548387096,0.5573770491803278,-0.007457026922105703,0.7282608695652174,-0.04159450369539991,0.049159713945220986
2026-09-27T12:00:00+00:00,168,year_2019,all,2019-01-01T00:00:00+00:00,2020-01-01T00:00:00+00:00,2019-01-26T00:00:00+00:00,2019-12-31T00:00:00+00:00,243,32,catboost,0.20590609829624423,-0.11767994697902018,0.3675438596491228,0.19672131147540983,0.14285714285714285,0.0,0.046875,-0.19486286509381734,0.7283950617283951,,
2026-09-27T12:00:00+00:00,168,year_2019,all,2019-01-01T00:00:00+00:00,2020-01-01T00:00:00+00:00,2019-01-26T00:00:00+00:00,2019-12-31T00:00:00+00:00,243,32,catboost_calibrated,0.19148119061164331,-0.03938003168022175,0.3333333333333333,0.22950819672131148,0.13736263736263737,0.0,0.041666666666666664,-0.0779466296008644,0.8683127572016461,,
2026-09-27T12:00:00+00:00,168,year_2019,all,2019-01-01T00:00:00+00:00,2020-01-01T00:00:00+00:00,2019-01-26T00:00:00+00:00,2019-12-31T00:00:00+00:00,243,32,climatology,0.18422635107016844,0.0,0.3333333333333333,0.6229508196721312,0.2857142857142857,0.4117647058823529,0.3854166666666667,0.01140002510694571,0.9506172839506173,,
2026-09-27T12:00:00+00:00,168,year_2019,all,2019-01-01T00:00:00+00:00,2020-01-01T00:00:00+00:00,2019-01-26T00:00:00+00:00,2019-12-31T00:00:00+00:00,243,32,logistic,0.20721256116819325,-0.1247715647870038,0.35877192982456146,0.14754098360655737,0.07692307692307693,0.11764705882352941,0.046875,0.01140002510694571,0.9506172839506173,,
2026-09-27T12:00:00+00:00,168,year_2019,all,2019-01-01T00:00:00+00:00,2020-01-01T00:00:00+00:00,2019-01-26T00:00:00+00:00,2019-12-31T00:00:00+00:00,243,32,selected,0.18977535250945804,-0.030120563139070633,0.3333333333333333,0.2459016393442623,0.12637362637362637,0.29411764705882354,0.25,-0.07164124162333008,0.8600823045267489,-0.0025720774681057368,0.01664295300068162
2026-09-27T12:00:00+00:00,168,year_2019,trend_up,2019-01-01T00:00:00+00:00,2020-01-01T00:00:00+00:00,2019-02-09T00:00:00+00:00,2019-12-30T00:00:00+00:00,37,16,catboost,0.21061977224199274,-0.059408072235591636,0.32098765432098764,0.38461538461538464,0.3333333333333333,0.0,0.0,-0.2255255382541692,0.7297297297297297,,
2026-09-27T12:00:00+00:00,168,year_2019,trend_up,2019-01-01T00:00:00+00:00,2020-01-01T00:00:00+00:00,2019-02-09T00:00:00+00:00,2019-12-30T00:00:00+00:00,37,16,catboost_calibrated,0.20039254424450065,-0.007965570984150405,0.3333333333333333,0.46153846153846156,0.2916666666666667,0.0,0.0,-0.09073561890632575,0.8378378378378378,,
2026-09-27T12:00:00+00:00,168,year_2019,trend_up,2019-01-01T00:00:00+00:00,2020-01-01T00:00:00+00:00,2019-02-09T00:00:00+00:00,2019-12-30T00:00:00+00:00,37,16,climatology,0.1988089176982928,0.0,0.3333333333333333,0.7692307692307693,0.3333333333333333,0.625,0.41379310344827586,0.01364533125923928,0.918918918918919,,
2026-09-27T12:00:00+00:00,168,year_2019,trend_up,2019-01-01T00:00:00+00:00,2020-01-01T00:00:00+00:00,2019-02-09T00:00:00+00:00,2019-12-30T00:00:00+00:00,37,16,logistic,0.20319049459122196,-0.02203913659234602,0.2839506172839506,0.38461538461538464,0.25,0.25,0.034482758620689655,0.01364533125923928,0.918918918918919,,
2026-09-27T12:00:00+00:00,168,year_2019,trend_up,2019-01-01T00:00:00+00:00,2020-01-01T00:00:00+00:00,2019-02-09T00:00:00+00:00,2019-12-30T00:00:00+00:00,37,16,selected,0.20843968118409262,-0.04844231132737842,0.3333333333333333,0.46153846153846156,0.25,0.375,0.3103448275862069,-0.08845560846358191,0.8378378378378378,,
2026-09-27T12:00:00+00:00,168,year_2019,trend_down,2019-01-01T00:00:00+00:00,2020-01-01T00:00:00+00:00,2019-01-29T00:00:00+00:00,2019-12-24T00:00:00+00:00,15,10,catboost,0.16804086793936462,-0.03850019249677761,0.6410256410256411,0.0,0.07692307692307693,0.0,0.0,-0.4156579998277199,0.9333333333333333,,
2026-09-27T12:00:00+00:00,168,year_2019,trend_down,2019-01-01T00:00:00+00:00,2020-01-01T00:00:00+00:00,2019-01-29T00:00:00+00:00,2019-12-24T00:00:00+00:00,15,10,catboost_calibrated,0.16144980489336463,0.002232876345138024,0.3333333333333333,0.0,0.07692307692307693,0.0,0.0,-0.19259898505039574,1.0,,
2026-09-27T12:00:00+00:00,168,year_2019,trend_down,2019-01-01T00:00:00+00:00,2020-01-01T00:00:00+00:00,2019-01-29T00:00:00+00:00,2019-12-24T00:00:00+00:00,15,10,climatology,0.161811109091235,0.0,0.3333333333333333,0.0,0.15384615384615385,0.3333333333333333,0.5,-0.009716522969298147,1.0,,
2026-09-27T12:00:00+00:00,168,year_2019,trend_down,2019-01-01T00:00:00+00:00,2020-01-01T00:00:00+00:00,2019-01-29T00:00:00+00:00,2019-12-24T00:00:00+00:00,15,10,logistic,0.2302887481754698,-0.42319491825264355,0.23076923076923075,0.0,0.07692307692307693,0.0,0.25,-0.009716522969298147,1.0,,
2026-09-27T12:00:00+00:00,168,year_2019,trend_down,2019-01-01T00:00:00+00:00,2020-01-01T00:00:00+00:00,2019-01-29T00:00:00+00:00,2019-12-24T00:00:00+00:00,15,10,selected,0.16214966508983414,-0.0020922914409309268,0.3333333333333333,0.0,0.07692307692307693,0.3333333333333333,0.3333333333333333,-0.22040773080239062,1.0,,
2026-09-27T12:00:00+00:00,168,year_2019,trend_range,2019-01-01T00:00:00+00:00,2020-01-01T00:00:00+00:00,2019-01-26T00:00:00+00:00,2019-12-31T00:00:00+00:00,191,31,catboost,0.20796668740284374,-0.1354260006800614,0.35944444444444446,0.15217391304347827,0.11724137931034483,0.0,0.059602649006622516,-0.17926489776369858,0.7120418848167539,,
2026-09-27T12:00:00+00:00,168,year_2019,trend_range,2019-01-01T00:00:00+00:00,2020-01-01T00:00:00+00:00,2019-01-26T00:00:00+00:00,2019-12-31T00:00:00+00:00,191,31,catboost_calibrated,0.19211339323655668,-0.04887251166879314,0.3333333333333333,0.17391304347826086,0.11724137931034483,0.0,0.052980132450331126,-0.07045106895268027,0.8638743455497382,,
2026-09-27T12:00:00+00:00,168,year_2019,trend_range,2019-01-01T00:00:00+00:00,2020-01-01T00:00:00+00:00,2019-01-26T00:00:00+00:00,2019-12-31T00:00:00+00:00,191,31,climatology,0.183161815281914,0.0,0.3333333333333333,0.6086956521739131,0.2896551724137931,0.375,0.3708609271523179,0.01189364681911187,0.9528795811518325,,
2026-09-27T12:00:00+00:00,168,year_2019,trend_range,2019-01-01T00:00:00+00:00,2020-01-01T00:00:00+00:00,2019-01-26T00:00:00+00:00,2019-12-31T00:00:00+00:00,191,31,logistic,0.2061794389600194,-0.1256682439114165,0.3819444444444445,0.08695652173913043,0.04827586206896552,0.1,0.033112582781456956,0.01189364681911187,0.9528795811518325,,
2026-09-27T12:00:00+00:00,168,year_2019,trend_range,2019-01-01T00:00:00+00:00,2020-01-01T00:00:00+00:00,2019-01-26T00:00:00+00:00,2019-12-31T00:00:00+00:00,191,31,selected,0.1883293061761223,-0.02821270845265844,0.3333333333333333,0.1956521739130435,0.1103448275862069,0.275,0.23178807947019867,-0.06187299385227618,0.8534031413612565,-0.0036045261753769498,0.015616179388157965
2026-09-27T12:00:00+00:00,168,year_2019,vol_high,2019-01-01T00:00:00+00:00,2020-01-01T00:00:00+00:00,2019-02-09T00:00:00+00:00,2019-12-19T00:00:00+00:00,25,9,catboost,0.22902369302088527,0.03985600225127128,0.2549019607843137,0.6666666666666666,0.23076923076923078,0.0,0.0,-0.09356804364179006,0.72,,
2026-09-27T12:00:00+00:00,168,year_2019,vol_high,2019-01-01T00:00:00+00:00,2020-01-01T00:00:00+00:00,2019-02-09T00:00:00+00:00,2019-12-19T00:00:00+00:00,25,9,catboost_calibrated,0.2292463002955597,0.03892275802743295,0.3333333333333333,0.75,0.3076923076923077,0.0,0.0,-0.027954357212762515,0.84,,
2026-09-27T12:00:00+00:00,168,year_2019,vol_high,2019-01-01T00:00:00+00:00,2020-01-01T00:00:00+00:00,2019-02-09T00:00:00+00:00,2019-12-19T00:00:00+00:00,25,9,climatology,0.23853056787094673,0.0,0.3333333333333333,0.9166666666666666,0.5384615384615384,0.5,0.29411764705882354,0.012599900708933909,0.88,,
2026-09-27T12:00:00+00:00,168,year_2019,vol_high,2019-01-01T00:00:00+00:00,2020-01-01T00:00:00+00:00,2019-02-09T00:00:00+00:00,2019-12-19T00:00:00+00:00,25,9,logistic,0.22914682075837198,0.039339809552843885,0.2745098039215686,0.5833333333333334,0.3076923076923077,0.25,0.17647058823529413,0.012599900708933909,0.88,,
2026-09-27T12:00:00+00:00,168,year_2019,vol_high,2019-01-01T00:00:00+00:00,2020-01-01T00:00:00+00:00,2019-02-09T00:00:00+00:00,2019-12-19T00:00:00+00:00,25,9,selected,0.23978861490863096,-0.005274154373224205,0.3333333333333333,0.75,0.3076923076923077,0.125,0.17647058823529413,0.03649883223889672,0.84,,
2026-09-27T12:00:00+00:00,168,year_2019,vol_normal,2019-01-01T00:00:00+00:00,2020-01-01T00:00:00+00:00,2019-01-26T00:00:00+00:00,2019-12-31T00:00:00+00:00,218,31,catboost,0.2032549979837854,-0.14188968828790127,0.38252295137708264,0.08163265306122448,0.13609467455621302,0.0,0.05142857142857143,-0.20962062206881882,0.7293577981651376,,
2026-09-27T12:00:00+00:00,168,year_2019,vol_normal,2019-01-01T00:00:00+00:00,2020-01-01T00:00:00+00:00,2019-01-26T00:00:00+00:00,2019-12-31T00:00:00+00:00,218,31,catboost_calibrated,0.18715032940935933,-0.05141341385012144,0.3333333333333333,0.10204081632653061,0.1242603550295858,0.0,0.045714285714285714,-0.08523006024377344,0.8715596330275229,,
2026-09-27T12:00:00+00:00,168,year_2019,vol_normal,2019-01-01T00:00:00+00:00,2020-01-01T00:00:00+00:00,2019-01-26T00:00:00+00:00,2019-12-31T00:00:00+00:00,218,31,climatology,0.17799880327191406,0.0,0.3333333333333333,0.5510204081632653,0.26627218934911245,0.3953488372093023,0.3942857142857143,0.01122521387493447,0.9587155963302753,,
2026-09-27T12:00:00+00:00,168,year_2019,vol_normal,2019-01-01T00:00:00+00:00,2020-01-01T00:00:00+00:00,2019-01-26T00:00:00+00:00,2019-12-31T00:00:00+00:00,218,31,logistic,0.20469716442620028,-0.1499918014252115,0.37356908081151535,0.04081632653061224,0.05917159763313609,0.09302325581395349,0.03428571428571429,0.01122521387493447,0.9587155963302753,,
2026-09-27T12:00:00+00:00,168,year_2019,vol_normal,2019-01-01T00:00:00+00:00,2020-01-01T00:00:00+00:00,2019-01-26T00:00:00+00:00,2019-12-31T00:00:00+00:00,218,31,selected,0.18403988663799328,-0.03393889877366618,0.3333333333333333,0.12244897959183673,0.11242603550295859,0.32558139534883723,0.2571428571428571,-0.08739629115538605,0.8623853211009175,-0.0024376472580970674,0.01676887943175417
2026-09-27T12:00:00+00:00,168,year_2020,all,2020-01-01T00:00:00+00:00,2021-01-01T00:00:00+00:00,2020-01-01T00:00:00+00:00,2020-11-30T00:00:00+00:00,223,29,catboost,0.2075387953929086,-0.01394468023565687,0.3523388006595505,0.2159090909090909,0.13333333333333333,0.23809523809523808,0.12154696132596685,0.03167969311918972,0.6681614349775785,,
2026-09-27T12:00:00+00:00,168,year_2020,all,2020-01-01T00:00:00+00:00,2021-01-01T00:00:00+00:00,2020-01-01T00:00:00+00:00,2020-11-30T00:00:00+00:00,223,29,catboost_calibrated,0.1999091840818667,0.02333029664975428,0.3333333333333333,0.1590909090909091,0.11851851851851852,0.19047619047619047,0.08839779005524862,0.04632884415633487,0.7668161434977578,,
2026-09-27T12:00:00+00:00,168,year_2020,all,2020-01-01T00:00:00+00:00,2021-01-01T00:00:00+00:00,2020-01-01T00:00:00+00:00,2020-11-30T00:00:00+00:00,223,29,climatology,0.20468453500310618,0.0,0.3333333333333333,0.48863636363636365,0.48148148148148145,0.07142857142857142,0.11049723756906077,0.018212453574419474,0.8071748878923767,,
2026-09-27T12:00:00+00:00,168,year_2020,all,2020-01-01T00:00:00+00:00,2021-01-01T00:00:00+00:00,2020-01-01T00:00:00+00:00,2020-11-30T00:00:00+00:00,223,29,logistic,0.22798096768500642,-0.11381628163332769,0.3153692614770459,0.06818181818181818,0.014814814814814815,0.09523809523809523,0.1270718232044199,0.018212453574419474,0.8071748878923767,,
2026-09-27T12:00:00+00:00,168,year_2020,all,2020-01-01T00:00:00+00:00,2021-01-01T00:00:00+00:00,2020-01-01T00:00:00+00:00,2020-11-30T00:00:00+00:00,223,29,selected,0.20505420557314188,-0.0018060503204606615,0.3333333333333333,0.4431818181818182,0.37037037037037035,0.09523809523809523,0.08839779005524862,0.015460270448525937,0.7802690582959642,-0.0059598342295002675,0.006490442319200144
2026-09-27T12:00:00+00:00,168,year_2020,trend_up,2020-01-01T00:00:00+00:00,2021-01-01T00:00:00+00:00,2020-01-04T00:00:00+00:00,2020-11-30T00:00:00+00:00,39,19,catboost,0.19953380240408392,0.04214946187209101,0.4444444444444444,0.35714285714285715,0.2,0.3333333333333333,0.16666666666666666,0.06490047111260422,0.6410256410256411,,
2026-09-27T12:00:00+00:00,168,year_2020,trend_up,2020-01-01T00:00:00+00:00,2021-01-01T00:00:00+00:00,2020-01-04T00:00:00+00:00,2020-11-30T00:00:00+00:00,39,19,catboost_calibrated,0.19488073339317497,0.06448625194147228,0.3333333333333333,0.42857142857142855,0.16,0.2222222222222222,0.16666666666666666,0.046415988382382034,0.7435897435897436,,
2026-09-27T12:00:00+00:00,168,year_2020,trend_up,2020-01-01T00:00:00+00:00,2021-01-01T00:00:00+00:00,2020-01-04T00:00:00+00:00,2020-11-30T00:00:00+00:00,39,19,climatology,0.20831413092283366,0.0,0.3333333333333333,0.35714285714285715,0.56,0.1111111111111111,0.13333333333333333,0.005823716465124806,0.7692307692307693,,
2026-09-27T12:00:00+00:00,168,year_2020,trend_up,2020-01-01T00:00:00+00:00,2021-01-01T00:00:00+00:00,2020-01-04T00:00:00+00:00,2020-11-30T00:00:00+00:00,39,19,logistic,0.22547450619289938,-0.08237739415009959,0.2976190476190476,0.2857142857142857,0.0,0.2222222222222222,0.2,0.005823716465124806,0.7692307692307693,,
2026-09-27T12:00:00+00:00,168,year_2020,trend_up,2020-01-01T00:00:00+00:00,2021-01-01T00:00:00+00:00,2020-01-04T00:00:00+00:00,2020-11-30T00:00:00+00:00,39,19,selected,0.20801933227342426,0.001415163955049259,0.3333333333333333,0.5,0.56,0.1111111111111111,0.16666666666666666,0.017329744178169904,0.7692307692307693,,
2026-09-27T12:00:00+00:00,168,year_2020,trend_down,2020-01-01T00:00:00+00:00,2021-01-01T00:00:00+00:00,2020-01-20T00:00:00+00:00,2020-11-27T00:00:00+00:00,19,13,catboost,0.23512606259776153,-0.11500113133499057,0.3333333333333333,0.0,0.09090909090909091,0.0,0.2,0.015548348448402916,0.631578947368421,,
2026-09-27T12:00:00+00:00,168,year_2020,trend_down,2020-01-01T00:00:00+00:00,2021-01-01T00:00:00+00:00,2020-01-20T00:00:00+00:00,2020-11-27T00:00:00+00:00,19,13,catboost_calibrated,0.22089176632631574,-0.04750007989446603,0.3333333333333333,0.0,0.09090909090909091,0.0,0.06666666666666667,0.03631205260384529,0.7368421052631579,,
2026-09-27T12:00:00+00:00,168,year_2020,trend_down,2020-01-01T00:00:00+00:00,2021-01-01T00:00:00+00:00,2020-01-20T00:00:00+00:00,2020-11-27T00:00:00+00:00,19,13,climatology,0.21087517849981474,0.0,0.3333333333333333,0.875,0.36363636363636365,0.0,0.06666666666666667,0.05743393560975352,0.7368421052631579,,
2026-09-27T12:00:00+00:00,168,year_2020,trend_down,2020-01-01T00:00:00+00:00,2021-01-01T00:00:00+00:00,2020-01-20T00:00:00+00:00,2020-11-27T00:00:00+00:00,19,13,logistic,0.3035548079200267,-0.4394999453209396,0.28205128205128205,0.0,0.0,0.25,0.13333333333333333,0.05743393560975352,0.7368421052631579,,
2026-09-27T12:00:00+00:00,168,year_2020,trend_down,2020-01-01T00:00:00+00:00,2021-01-01T00:00:00+00:00,2020-01-20T00:00:00+00:00,2020-11-27T00:00:00+00:00,19,13,selected,0.21476724428446098,-0.018456727872548706,0.3333333333333333,0.625,0.2727272727272727,0.0,0.06666666666666667,0.05800851490722758,0.7368421052631579,,
2026-09-27T12:00:00+00:00,168,year_2020,trend_range,2020-01-01T00:00:00+00:00,2021-01-01T00:00:00+00:00,2020-01-01T00:00:00+00:00,2020-11-29T00:00:00+00:00,165,27,catboost,0.20625416902728408,-0.015461288101547233,0.3305224867724868,0.21212121212121213,0.12121212121212122,0.2413793103448276,0.10294117647058823,0.026488454620425372,0.6787878787878788,,
2026-09-27T12:00:00+00:00,168,year_2020,trend_range,2020-01-01T00:00:00+00:00,2021-01-01T00:00:00+00:00,2020-01-01T00:00:00+00:00,2020-11-29T00:00:00+00:00,165,27,catboost_calibrated,0.19868155083468153,0.021821355252654162,0.3333333333333333,0.12121212121212122,0.1111111111111111,0.20689655172413793,0.07352941176470588,0.0475988469347961,0.7757575757575758,,
2026-09-27T12:00:00+00:00,168,year_2020,trend_range,2020-01-01T00:00:00+00:00,2021-01-01T00:00:00+00:00,2020-01-01T00:00:00+00:00,2020-11-29T00:00:00+00:00,165,27,climatology,0.20311376853457996,0.0,0.3333333333333333,0.4696969696969697,0.47474747474747475,0.06896551724137931,0.11029411764705882,0.015875111288037758,0.8242424242424242,,
2026-09-27T12:00:00+00:00,168,year_2020,trend_range,2020-01-01T00:00:00+00:00,2021-01-01T00:00:00+00:00,2020-01-01T00:00:00+00:00,2020-11-29T00:00:00+00:00,165,27,logistic,0.21987096182880514,-0.082501513388898,0.32275132275132273,0.030303030303030304,0.020202020202020204,0.034482758620689655,0.11029411764705882,0.015875111288037758,0.8242424242424242,,
2026-09-27T12:00:00+00:00,168,year_2020,trend_range,2020-01-01T00:00:00+00:00,2021-01-01T00:00:00+00:00,2020-01-01T00:00:00+00:00,2020-11-29T00:00:00+00:00,165,27,selected,0.2032348863196505,-0.0005963051443749201,0.3333333333333333,0.4090909090909091,0.3333333333333333,0.10344827586206896,0.07352941176470588,0.009575759920205429,0.7878787878787878,-0.004705896907513401,0.005253891301494502
2026-09-27T12:00:00+00:00,168,year_2020,vol_high,2020-01-01T00:00:00+00:00,2021-01-01T00:00:00+00:00,2020-01-04T00:00:00+00:00,2020-11-27T00:00:00+00:00,20,10,catboost,0.21484431267730986,0.11389242926357801,,0.5,0.3,0.2,0.13333333333333333,0.12122066483732441,0.6,,
2026-09-27T12:00:00+00:00,168,year_2020,vol_high,2020-01-01T00:00:00+00:00,2021-01-01T00:00:00+00:00,2020-01-04T00:00:00+00:00,2020-11-27T00:00:00+00:00,20,10,catboost_calibrated,0.21762728002993323,0.10241431094831344,,0.5,0.3,0.2,0.13333333333333333,0.08961829130810683,0.6,,
2026-09-27T12:00:00+00:00,168,year_2020,vol_high,2020-01-01T00:00:00+00:00,2021-01-01T00:00:00+00:00,2020-01-04T00:00:00+00:00,2020-11-27T00:00:00+00:00,20,10,climatology,0.24245850026849233,0.0,,0.3,0.3,0.2,0.26666666666666666,0.04755162609848529,0.65,,
2026-09-27T12:00:00+00:00,168,year_2020,vol_high,2020-01-01T00:00:00+00:00,2021-01-01T00:00:00+00:00,2020-01-04T00:00:00+00:00,2020-11-27T00:00:00+00:00,20,10,logistic,0.23711608011782917,0.02203436936526082,,0.4,0.0,0.4,0.26666666666666666,0.04755162609848529,0.65,,
2026-09-27T12:00:00+00:00,168,year_2020,vol_high,2020-01-01T00:00:00+00:00,2021-01-01T00:00:00+00:00,2020-01-04T00:00:00+00:00,2020-11-27T00:00:00+00:00,20,10,selected,0.22156105392047082,0.08618978639594077,,0.8,0.4,0.2,0.2,0.041220586491620415,0.6,,
2026-09-27T12:00:00+00:00,168,year_2020,vol_normal,2020-01-01T00:00:00+00:00,2021-01-01T00:00:00+00:00,2020-01-01T00:00:00+00:00,2020-11-30T00:00:00+00:00,203,29,catboost,0.20681903999543066,-0.029140085638361457,0.3401245048104131,0.1794871794871795,0.12,0.24324324324324326,0.12048192771084337,0.02151562289027198,0.6748768472906403,,
2026-09-27T12:00:00+00:00,168,year_2020,vol_normal,2020-01-01T00:00:00+00:00,2021-01-01T00:00:00+00:00,2020-01-01T00:00:00+00:00,2020-11-30T00:00:00+00:00,203,29,catboost_calibrated,0.1981635588653084,0.013929945978128133,0.3333333333333333,0.11538461538461539,0.104,0.1891891891891892,0.08433734939759036,0.04141492628634924,0.7832512315270936,,
2026-09-27T12:00:00+00:00,168,year_2020,vol_normal,2020-01-01T00:00:00+00:00,2021-01-01T00:00:00+00:00,2020-01-01T00:00:00+00:00,2020-11-30T00:00:00+00:00,203,29,climatology,0.20096296207055586,0.0,0.3333333333333333,0.5128205128205128,0.496,0.05405405405405406,0.0963855421686747,0.014882074148432678,0.8226600985221675,,
2026-09-27T12:00:00+00:00,168,year_2020,vol_normal,2020-01-01T00:00:00+00:00,2021-01-01T00:00:00+00:00,2020-01-01T00:00:00+00:00,2020-11-30T00:00:00+00:00,203,29,logistic,0.227080956607881,-0.12996421961652516,0.31827956989247314,0.02564102564102564,0.016,0.05405405405405406,0.1144578313253012,0.014882074148432678,0.8226600985221675,,
2026-09-27T12:00:00+00:00,168,year_2020,vol_normal,2020-01-01T00:00:00+00:00,2021-01-01T00:00:00+00:00,2020-01-01T00:00:00+00:00,2020-11-30T00:00:00+00:00,203,29,selected,0.20342791509557256,-0.012265708066898862,0.3333333333333333,0.3974358974358974,0.368,0.08108108108108109,0.0783132530120482,0.012536137994331176,0.7980295566502463,-0.002345965284551343,0.008304934885414937
2026-09-27T12:00:00+00:00,168,year_2021,all,2021-01-01T00:00:00+00:00,2022-01-01T00:00:00+00:00,2021-01-01T00:00:00+00:00,2021-12-31T00:00:00+00:00,365,46,catboost,0.22195917540075516,-0.04046800271757878,0.3333333333333333,0.2894736842105263,0.1553784860557769,0.09900990099009901,0.11742424242424243,-0.015516050313483465,0.6164383561643836,,
2026-09-27T12:00:00+00:00,168,year_2021,all,2021-01-01T00:00:00+00:00,2022-01-01T00:00:00+00:00,2021-01-01T00:00:00+00:00,2021-12-31T00:00:00+00:00,365,46,catboost_calibrated,0.21558520064295883,-0.010589009097952795,0.3333333333333333,0.2543859649122807,0.1752988047808765,0.06930693069306931,0.14772727272727273,0.0017528784822387067,0.6904109589041096,,
2026-09-27T12:00:00+00:00,168,year_2021,all,2021-01-01T00:00:00+00:00,2022-01-01T00:00:00+00:00,2021-01-01T00:00:00+00:00,2021-12-31T00:00:00+00:00,365,46,climatology,0.21332628665276027,0.0,0.3333333333333333,0.6228070175438597,0.6812749003984063,0.5247524752475248,0.6136363636363636,0.010596883906191068,0.7589041095890411,,
2026-09-27T12:00:00+00:00,168,year_2021,all,2021-01-01T00:00:00+00:00,2022-01-01T00:00:00+00:00,2021-01-01T00:00:00+00:00,2021-12-31T00:00:00+00:00,365,46,logistic,0.22579443567920152,-0.05844637912221362,0.35084041142529476,0.21052631578947367,0.11155378486055777,0.04950495049504951,0.0946969696969697,0.010596883906191068,0.7589041095890411,,
2026-09-27T12:00:00+00:00,168,year_2021,all,2021-01-01T00:00:00+00:00,2022-01-01T00:00:00+00:00,2021-01-01T00:00:00+00:00,2021-12-31T00:00:00+00:00,365,46,selected,0.21564476760548854,-0.010868238458123791,0.3333333333333333,0.5964912280701754,0.5258964143426295,0.45544554455445546,0.4015151515151515,0.014991116167439866,0.7205479452054795,-0.0015823558849093378,0.006407159077464108
2026-09-27T12:00:00+00:00,168,year_2021,trend_up,2021-01-01T00:00:00+00:00,2022-01-01T00:00:00+00:00,2021-01-03T00:00:00+00:00,2021-12-12T00:00:00+00:00,56,25,catboost,0.25637873182676474,-0.05727553832486221,0.3333333333333333,0.2857142857142857,0.2,0.15789473684210525,0.24324324324324326,-0.02348648131847475,0.6785714285714286,,
2026-09-27T12:00:00+00:00,168,year_2021,trend_up,2021-01-01T00:00:00+00:00,2022-01-01T00:00:00+00:00,2021-01-03T00:00:00+00:00,2021-12-12T00:00:00+00:00,56,25,catboost_calibrated,0.24677633751945793,-0.01767640099343426,0.3333333333333333,0.23809523809523808,0.2,0.10526315789473684,0.2972972972972973,-0.010433845888558224,0.7678571428571429,,
2026-09-27T12:00:00+00:00,168,year_2021,trend_up,2021-01-01T00:00:00+00:00,2022-01-01T00:00:00+00:00,2021-01-03T00:00:00+00:00,2021-12-12T00:00:00+00:00,56,25,climatology,0.24248998726762266,0.0,0.3333333333333333,0.5238095238095238,0.7142857142857143,0.42105263157894735,0.5675675675675675,-0.004869818774794643,0.8214285714285714,,
2026-09-27T12:00:00+00:00,168,year_2021,trend_up,2021-01-01T00:00:00+00:00,2022-01-01T00:00:00+00:00,2021-01-03T00:00:00+00:00,2021-12-12T00:00:00+00:00,56,25,logistic,0.2576133610501585,-0.06236700307895604,0.3590909090909091,0.23809523809523808,0.2,0.15789473684210525,0.1891891891891892,-0.004869818774794643,0.8214285714285714,,
2026-09-27T12:00:00+00:00,168,year_2021,trend_up,2021-01-01T00:00:00+00:00,2022-01-01T00:00:00+00:00,2021-01-03T00:00:00+00:00,2021-12-12T00:00:00+00:00,56,25,selected,0.2477840513172149,-0.021832093395878882,0.3333333333333333,0.5238095238095238,0.6,0.2631578947368421,0.3783783783783784,0.00041812294010279416,0.75,,
2026-09-27T12:00:00+00:00,168,year_2021,trend_down,2021-01-01T00:00:00+00:00,2022-01-01T00:00:00+00:00,2021-01-12T00:00:00+00:00,2021-12-30T00:00:00+00:00,45,22,catboost,0.22860515456319522,-0.09793586956324485,0.3333333333333333,0.21428571428571427,0.2903225806451613,0.0,0.06060606060606061,-0.027744573126160743,0.6888888888888889,,
2026-09-27T12:00:00+00:00,168,year_2021,trend_down,2021-01-01T00:00:00+00:00,2022-01-01T00:00:00+00:00,2021-01-12T00:00:00+00:00,2021-12-30T00:00:00+00:00,45,22,catboost_calibrated,0.2170295677676683,-0.04234109534069619,0.3333333333333333,0.07142857142857142,0.2903225806451613,0.0,0.09090909090909091,0.010304584921021154,0.7555555555555555,,
2026-09-27T12:00:00+00:00,168,year_2021,trend_down,2021-01-01T00:00:00+00:00,2022-01-01T00:00:00+00:00,2021-01-12T00:00:00+00:00,2021-12-30T00:00:00+00:00,45,22,climatology,0.20821357685866804,0.0,0.3333333333333333,0.7142857142857143,0.5161290322580645,0.75,0.5454545454545454,0.03650489025326853,0.7777777777777778,,
2026-09-27T12:00:00+00:00,168,year_2021,trend_down,2021-01-01T00:00:00+00:00,2022-01-01T00:00:00+00:00,2021-01-12T00:00:00+00:00,2021-12-30T00:00:00+00:00,45,22,logistic,0.22413694956672017,-0.07647614986634932,0.3333333333333333,0.2857142857142857,0.0967741935483871,0.0,0.09090909090909091,0.03650489025326853,0.7777777777777778,,
2026-09-27T12:00:00+00:00,168,year_2021,trend_down,2021-01-01T00:00:00+00:00,2022-01-01T00:00:00+00:00,2021-01-12T00:00:00+00:00,2021-12-30T00:00:00+00:00,45,22,selected,0.21151230573874097,-0.015843005676388078,0.3333333333333333,0.7142857142857143,0.3225806451612903,0.5833333333333334,0.3333333333333333,0.03368462894968782,0.7555555555555555,,
2026-09-27T12:00:00+00:00,168,year_2021,trend_range,2021-01-01T00:00:00+00:00,2022-01-01T00:00:00+00:00,2021-01-01T00:00:00+00:00,2021-12-31T00:00:00+00:00,264,44,catboost,0.21352522001376145,-0.026506647083087476,0.3333333333333333,0.3037974683544304,0.12432432432432433,0.1,0.10309278350515463,-0.01174238186610288,0.5909090909090909,,
2026-09-27T12:00:00+00:00,168,year_2021,trend_range,2021-01-01T00:00:00+00:00,2022-01-01T00:00:00+00:00,2021-01-01T00:00:00+00:00,2021-12-31T00:00:00+00:00,264,44,catboost_calibrated,0.20872269993956535,-0.0034188882759800254,0.3333333333333333,0.2911392405063291,0.15135135135135136,0.07142857142857142,0.12886597938144329,0.002744502935883353,0.6628787878787878,,
2026-09-27T12:00:00+00:00,168,year_2021,trend_range,2021-01-01T00:00:00+00:00,2022-01-01T00:00:00+00:00,2021-01-01T00:00:00+00:00,2021-12-31T00:00:00+00:00,264,44,climatology,0.20801153175238846,0.0,0.3333333333333333,0.6329113924050633,0.7027027027027027,0.5142857142857142,0.634020618556701,0.009215469352428451,0.7424242424242424,,
2026-09-27T12:00:00+00:00,168,year_2021,trend_range,2021-01-01T00:00:00+00:00,2022-01-01T00:00:00+00:00,2021-01-01T00:00:00+00:00,2021-12-31T00:00:00+00:00,264,44,logistic,0.21932749270301993,-0.05440064238410458,0.3522012578616352,0.189873417721519,0.0972972972972973,0.02857142857142857,0.07731958762886598,0.009215469352428451,0.7424242424242424,,
2026-09-27T12:00:00+00:00,168,year_2021,trend_range,2021-01-01T00:00:00+00:00,2022-01-01T00:00:00+00:00,2021-01-01T00:00:00+00:00,2021-12-31T00:00:00+00:00,264,44,selected,0.2095317406969543,-0.007308291669018807,0.3333333333333333,0.5949367088607594,0.5459459459459459,0.4857142857142857,0.4175257731958763,0.014692114955273339,0.7083333333333334,-0.0030784849466486785,0.006195657751360109
2026-09-27T12:00:00+00:00,168,year_2021,vol_high,2021-01-01T00:00:00+00:00,2022-01-01T00:00:00+00:00,2021-01-04T00:00:00+00:00,2021-12-16T00:00:00+00:00,31,15,catboost,0.32186517011344645,-0.09836128933982868,0.3333333333333333,0.38461538461538464,0.2222222222222222,0.06666666666666667,0.125,0.006966859120773217,0.7096774193548387,,
2026-09-27T12:00:00+00:00,168,year_2021,vol_high,2021-01-01T00:00:00+00:00,2022-01-01T00:00:00+00:00,2021-01-04T00:00:00+00:00,2021-12-16T00:00:00+00:00,31,15,catboost_calibrated,0.3061173699145371,-0.04462209747683965,0.3333333333333333,0.3076923076923077,0.2777777777777778,0.06666666666666667,0.25,0.033651699680878666,0.7741935483870968,,
2026-09-27T12:00:00+00:00,168,year_2021,vol_high,2021-01-01T00:00:00+00:00,2022-01-01T00:00:00+00:00,2021-01-04T00:00:00+00:00,2021-12-16T00:00:00+00:00,31,15,climatology,0.2930412544918657,0.0,0.3333333333333333,0.46153846153846156,0.5555555555555556,0.6,0.5,0.0501287691164779,0.7741935483870968,,
2026-09-27T12:00:00+00:00,168,year_2021,vol_high,2021-01-01T00:00:00+00:00,2022-01-01T00:00:00+00:00,2021-01-04T00:00:00+00:00,2021-12-16T00:00:00+00:00,31,15,logistic,0.28336209582184474,0.033030020591485076,0.3333333333333333,0.46153846153846156,0.2777777777777778,0.2,0.25,0.0501287691164779,0.7741935483870968,,
2026-09-27T12:00:00+00:00,168,year_2021,vol_high,2021-01-01T00:00:00+00:00,2022-01-01T00:00:00+00:00,2021-01-04T00:00:00+00:00,2021-12-16T00:00:00+00:00,31,15,selected,0.3033643615956511,-0.03522748741191983,0.3333333333333333,0.6923076923076923,0.3333333333333333,0.4,0.375,0.06851780354284842,0.7741935483870968,,
2026-09-27T12:00:00+00:00,168,year_2021,vol_normal,2021-01-01T00:00:00+00:00,2022-01-01T00:00:00+00:00,2021-01-01T00:00:00+00:00,2021-12-31T00:00:00+00:00,334,46,catboost,0.2126864633166431,-0.032821591399943006,0.3333333333333333,0.27722772277227725,0.15021459227467812,0.10465116279069768,0.11693548387096774,-0.01761528002311752,0.6077844311377245,,
2026-09-27T12:00:00+00:00,168,year_2021,vol_normal,2021-01-01T00:00:00+00:00,2022-01-01T00:00:00+00:00,2021-01-01T00:00:00+00:00,2021-12-31T00:00:00+00:00,334,46,catboost_calibrated,0.20718251427344103,-0.006093997545880692,0.3333333333333333,0.24752475247524752,0.16738197424892703,0.06976744186046512,0.14112903225806453,-0.001225515099708474,0.6826347305389222,,
2026-09-27T12:00:00+00:00,168,year_2021,vol_normal,2021-01-01T00:00:00+00:00,2022-01-01T00:00:00+00:00,2021-01-01T00:00:00+00:00,2021-12-31T00:00:00+00:00,334,46,climatology,0.20592759203296304,0.0,0.3333333333333333,0.6435643564356436,0.6909871244635193,0.5116279069767442,0.6209677419354839,0.006905790982744686,0.7574850299401198,,
2026-09-27T12:00:00+00:00,168,year_2021,vol_normal,2021-01-01T00:00:00+00:00,2022-01-01T00:00:00+00:00,2021-01-01T00:00:00+00:00,2021-12-31T00:00:00+00:00,334,46,logistic,0.2204513294982975,-0.07052837029731118,0.3524630279817002,0.1782178217821782,0.09871244635193133,0.023255813953488372,0.0846774193548387,0.006905790982744686,0.7574850299401198,,
2026-09-27T12:00:00+00:00,168,year_2021,vol_normal,2021-01-01T00:00:00+00:00,2022-01-01T00:00:00+00:00,2021-01-01T00:00:00+00:00,2021-12-31T00:00:00+00:00,334,46,selected,0.20750312864232975,-0.0076509252296530494,0.3333333333333333,0.5841584158415841,0.5407725321888412,0.46511627906976744,0.4032258064516129,0.009993328282143499,0.7155688622754491,-0.0027265391322814124,0.006169066211409185
2026-09-27T12:00:00+00:00,168,year_2022,all,2022-01-01T00:00:00+00:00,2023-01-01T00:00:00+00:00,2022-01-01T00:00:00+00:00,2022-12-31T00:00:00+00:00,365,46,catboost,0.21234157861397102,-0.047604099792944776,0.3333333333333333,0.028985507246376812,0.0777027027027027,0.2222222222222222,0.25523012552301255,-0.11658010637697291,0.6767123287671233,,
2026-09-27T12:00:00+00:00,168,year_2022,all,2022-01-01T00:00:00+00:00,2023-01-01T00:00:00+00:00,2022-01-01T00:00:00+00:00,2022-12-31T00:00:00+00:00,365,46,catboost_calibrated,0.20438148976898798,-0.008332367129223917,0.3333333333333333,0.0,0.05405405405405406,0.2698412698412698,0.2928870292887029,-0.06630824651564282,0.7753424657534247,,
2026-09-27T12:00:00+00:00,168,year_2022,all,2022-01-01T00:00:00+00:00,2023-01-01T00:00:00+00:00,2022-01-01T00:00:00+00:00,2022-12-31T00:00:00+00:00,365,46,climatology,0.20269258077162888,0.0,0.3333333333333333,0.0,0.0,1.0,1.0,-0.052782985521800274,0.8191780821917808,,
2026-09-27T12:00:00+00:00,168,year_2022,all,2022-01-01T00:00:00+00:00,2023-01-01T00:00:00+00:00,2022-01-01T00:00:00+00:00,2022-12-31T00:00:00+00:00,365,46,logistic,0.21414407120142187,-0.05649684061547,0.3172839506172839,0.028985507246376812,0.07432432432432433,0.24603174603174602,0.29707112970711297,-0.052782985521800274,0.8191780821917808,,
2026-09-27T12:00:00+00:00,168,year_2022,all,2022-01-01T00:00:00+00:00,2023-01-01T00:00:00+00:00,2022-01-01T00:00:00+00:00,2022-12-31T00:00:00+00:00,365,46,selected,0.20541585199764098,-0.013435475613586378,0.3333333333333333,0.0,0.0,0.8095238095238095,0.8326359832635983,-0.06473005065980897,0.7890410958904109,-0.0035222780263138094,0.008837747835780159
2026-09-27T12:00:00+00:00,168,year_2022,trend_up,2022-01-01T00:00:00+00:00,2023-01-01T00:00:00+00:00,2022-01-12T00:00:00+00:00,2022-12-21T00:00:00+00:00,41,22,catboost,0.1950238322171245,-0.008292919196443815,0.3333333333333333,0.0,0.05555555555555555,0.35714285714285715,0.25925925925925924,-0.10701763216352811,0.6829268292682927,,
2026-09-27T12:00:00+00:00,168,year_2022,trend_up,2022-01-01T00:00:00+00:00,2023-01-01T00:00:00+00:00,2022-01-12T00:00:00+00:00,2022-12-21T00:00:00+00:00,41,22,catboost_calibrated,0.19050319358390833,0.015079239335663575,0.3333333333333333,0.0,0.0,0.35714285714285715,0.3333333333333333,-0.08436256467214687,0.7317073170731707,,
2026-09-27T12:00:00+00:00,168,year_2022,trend_up,2022-01-01T00:00:00+00:00,2023-01-01T00:00:00+00:00,2022-01-12T00:00:00+00:00,2022-12-21T00:00:00+00:00,41,22,climatology,0.19341981730125427,0.0,0.3333333333333333,0.0,0.0,1.0,1.0,-0.09473162067432139,0.7804878048780488,,
2026-09-27T12:00:00+00:00,168,year_2022,trend_up,2022-01-01T00:00:00+00:00,2023-01-01T00:00:00+00:00,2022-01-12T00:00:00+00:00,2022-12-21T00:00:00+00:00,41,22,logistic,0.21377783490177765,-0.10525300811765037,0.3218390804597701,0.0,0.1111111111111111,0.42857142857142855,0.5185185185185185,-0.09473162067432139,0.7804878048780488,,
2026-09-27T12:00:00+00:00,168,year_2022,trend_up,2022-01-01T00:00:00+00:00,2023-01-01T00:00:00+00:00,2022-01-12T00:00:00+00:00,2022-12-21T00:00:00+00:00,41,22,selected,0.19706705531303856,-0.018856589064520035,0.3333333333333333,0.0,0.0,0.9285714285714286,0.6666666666666666,-0.13395568463088137,0.7317073170731707,,
2026-09-27T12:00:00+00:00,168,year_2022,trend_down,2022-01-01T00:00:00+00:00,2023-01-01T00:00:00+00:00,2022-01-06T00:00:00+00:00,2022-12-17T00:00:00+00:00,52,23,catboost,0.22886681135237158,-0.0076307046917338806,0.3333333333333333,0.0,0.07317073170731707,0.13636363636363635,0.26666666666666666,-0.15978050699340995,0.6538461538461539,,
2026-09-27T12:00:00+00:00,168,year_2022,trend_down,2022-01-01T00:00:00+00:00,2023-01-01T00:00:00+00:00,2022-01-06T00:00:00+00:00,2022-12-17T00:00:00+00:00,52,23,catboost_calibrated,0.2254372480771496,0.0074686154734613375,0.3333333333333333,0.0,0.04878048780487805,0.13636363636363635,0.3,-0.12454187963203078,0.75,,
2026-09-27T12:00:00+00:00,168,year_2022,trend_down,2022-01-01T00:00:00+00:00,2023-01-01T00:00:00+00:00,2022-01-06T00:00:00+00:00,2022-12-17T00:00:00+00:00,52,23,climatology,0.2271336217591634,0.0,0.3333333333333333,0.0,0.0,1.0,1.0,-0.11383158607760935,0.7884615384615384,,
2026-09-27T12:00:00+00:00,168,year_2022,trend_down,2022-01-01T00:00:00+00:00,2023-01-01T00:00:00+00:00,2022-01-06T00:00:00+00:00,2022-12-17T00:00:00+00:00,52,23,logistic,0.23967591006974157,-0.055219866673358986,0.31666666666666665,0.18181818181818182,0.1951219512195122,0.3181818181818182,0.5333333333333333,-0.11383158607760935,0.7884615384615384,,
2026-09-27T12:00:00+00:00,168,year_2022,trend_down,2022-01-01T00:00:00+00:00,2023-01-01T00:00:00+00:00,2022-01-06T00:00:00+00:00,2022-12-17T00:00:00+00:00,52,23,selected,0.22659937286643958,0.0023521347856210184,0.3333333333333333,0.0,0.0,0.7727272727272727,0.8666666666666667,-0.10854939924166751,0.7884615384615384,,
2026-09-27T12:00:00+00:00,168,year_2022,trend_range,2022-01-01T00:00:00+00:00,2023-01-01T00:00:00+00:00,2022-01-01T00:00:00+00:00,2022-12-31T00:00:00+00:00,272,44,catboost,0.21179273853997793,-0.06205554057397222,0.3333333333333333,0.03773584905660377,0.0821917808219178,0.2222222222222222,0.25274725274725274,-0.10997796419276828,0.6801470588235294,,
2026-09-27T12:00:00+00:00,168,year_2022,trend_range,2022-01-01T00:00:00+00:00,2023-01-01T00:00:00+00:00,2022-01-01T00:00:00+00:00,2022-12-31T00:00:00+00:00,272,44,catboost_calibrated,0.20244807326738457,-0.015195796486506152,0.3333333333333333,0.0,0.0639269406392694,0.28888888888888886,0.2857142857142857,-0.05252159944716239,0.7867647058823529,,
2026-09-27T12:00:00+00:00,168,year_2022,trend_range,2022-01-01T00:00:00+00:00,2023-01-01T00:00:00+00:00,2022-01-01T00:00:00+00:00,2022-12-31T00:00:00+00:00,272,44,climatology,0.1994177615471199,0.0,0.3333333333333333,0.0,0.0,1.0,1.0,-0.03469411547551049,0.8308823529411765,,
2026-09-27T12:00:00+00:00,168,year_2022,trend_range,2022-01-01T00:00:00+00:00,2023-01-01T00:00:00+00:00,2022-01-01T00:00:00+00:00,2022-12-31T00:00:00+00:00,272,44,logistic,0.20931818909529243,-0.049646668738848376,0.3167495854063018,0.0,0.045662100456621,0.2,0.22527472527472528,-0.03469411547551049,0.8308823529411765,,
2026-09-27T12:00:00+00:00,168,year_2022,trend_range,2022-01-01T00:00:00+00:00,2023-01-01T00:00:00+00:00,2022-01-01T00:00:00+00:00,2022-12-31T00:00:00+00:00,272,44,selected,0.20262451956709382,-0.016080603829344398,0.3333333333333333,0.0,0.0,0.8,0.8516483516483516,-0.045568713727808685,0.7977941176470589,-0.003691100112387073,0.009980769791005994
2026-09-27T12:00:00+00:00,168,year_2022,vol_high,2022-01-01T00:00:00+00:00,2023-01-01T00:00:00+00:00,2022-01-08T00:00:00+00:00,2022-12-17T00:00:00+00:00,31,11,catboost,0.2515555466958681,0.01222576633260386,0.3333333333333333,0.0,0.13043478260869565,0.1875,0.3333333333333333,-0.18287853773142837,0.5483870967741935,,
2026-09-27T12:00:00+00:00,168,year_2022,vol_high,2022-01-01T00:00:00+00:00,2023-01-01T00:00:00+00:00,2022-01-08T00:00:00+00:00,2022-12-17T00:00:00+00:00,31,11,catboost_calibrated,0.24945769882633345,0.020463311077286717,0.3333333333333333,0.0,0.08695652173913043,0.1875,0.3333333333333333,-0.07084207336519821,0.7096774193548387,,
2026-09-27T12:00:00+00:00,168,year_2022,vol_high,2022-01-01T00:00:00+00:00,2023-01-01T00:00:00+00:00,2022-01-08T00:00:00+00:00,2022-12-17T00:00:00+00:00,31,11,climatology,0.25466907125315036,0.0,0.3333333333333333,0.0,0.0,1.0,1.0,-0.02819461154954217,0.7741935483870968,,
2026-09-27T12:00:00+00:00,168,year_2022,vol_high,2022-01-01T00:00:00+00:00,2023-01-01T00:00:00+00:00,2022-01-08T00:00:00+00:00,2022-12-17T00:00:00+00:00,31,11,logistic,0.28258084519627014,-0.10960017172785963,0.27272727272727276,0.25,0.391304347826087,0.5,0.6666666666666666,-0.02819461154954217,0.7741935483870968,,
2026-09-27T12:00:00+00:00,168,year_2022,vol_high,2022-01-01T00:00:00+00:00,2023-01-01T00:00:00+00:00,2022-01-08T00:00:00+00:00,2022-12-17T00:00:00+00:00,31,11,selected,0.25448865306657015,0.0007084416874512112,0.3333333333333333,0.0,0.0,0.6875,0.8666666666666667,-0.04440588793280931,0.7741935483870968,,
2026-09-27T12:00:00+00:00,168,year_2022,vol_normal,2022-01-01T00:00:00+00:00,2023-01-01T00:00:00+00:00,2022-01-01T00:00:00+00:00,2022-12-31T00:00:00+00:00,334,45,catboost,0.20870195882193868,-0.054751251268861045,0.3333333333333333,0.03278688524590164,0.07326007326007326,0.22727272727272727,0.25,-0.10989825225017169,0.688622754491018,,
2026-09-27T12:00:00+00:00,168,year_2022,vol_normal,2022-01-01T00:00:00+00:00,2023-01-01T00:00:00+00:00,2022-01-01T00:00:00+00:00,2022-12-31T00:00:00+00:00,334,45,catboost_calibrated,0.20019776976665957,-0.011772239007957985,0.3333333333333333,0.0,0.05128205128205128,0.2818181818181818,0.29017857142857145,-0.06585130705228037,0.781437125748503,,
2026-09-27T12:00:00+00:00,168,year_2022,vol_normal,2022-01-01T00:00:00+00:00,2023-01-01T00:00:00+00:00,2022-01-01T00:00:00+00:00,2022-12-31T00:00:00+00:00,334,45,climatology,0.1978684154874158,0.0,0.3333333333333333,0.0,0.0,1.0,1.0,-0.055261112450919914,0.8233532934131736,,
2026-09-27T12:00:00+00:00,168,year_2022,vol_normal,2022-01-01T00:00:00+00:00,2023-01-01T00:00:00+00:00,2022-01-01T00:00:00+00:00,2022-12-31T00:00:00+00:00,334,45,logistic,0.20779215505219945,-0.05015322703392644,0.32123655913978494,0.0,0.047619047619047616,0.20909090909090908,0.27232142857142855,-0.055261112450919914,0.8233532934131736,,
2026-09-27T12:00:00+00:00,168,year_2022,vol_normal,2022-01-01T00:00:00+00:00,2023-01-01T00:00:00+00:00,2022-01-01T00:00:00+00:00,2022-12-31T00:00:00+00:00,334,45,selected,0.20086119082058468,-0.015125078582130858,0.3333333333333333,0.0,0.0,0.8272727272727273,0.8303571428571429,-0.0667784111989167,0.7904191616766467,-0.0033534664557996873,0.009474916002753396
2026-09-27T12:00:00+00:00,168,year_2023,all,2023-01-01T00:00:00+00:00,2024-01-01T00:00:00+00:00,2023-01-01T00:00:00+00:00,2023-12-31T00:00:00+00:00,328,41,catboost,0.20187136197579766,-0.059968068113534834,0.3253652058432935,0.13978494623655913,0.16595744680851063,0.14492753623188406,0.06177606177606178,-0.18164783543273288,0.7347560975609756,,
2026-09-27T12:00:00+00:00,168,year_2023,all,2023-01-01T00:00:00+00:00,2024-01-01T00:00:00+00:00,2023-01-01T00:00:00+00:00,2023-12-31T00:00:00+00:00,328,41,catboost_calibrated,0.19249455396913123,-0.010733164407434437,0.3333333333333333,0.13978494623655913,0.1574468085106383,0.14492753623188406,0.05791505791505792,-0.06422628379848416,0.8810975609756098,,
2026-09-27T12:00:00+00:00,168,year_2023,all,2023-01-01T00:00:00+00:00,2024-01-01T00:00:00+00:00,2023-01-01T00:00:00+00:00,2023-12-31T00:00:00+00:00,328,41,climatology,0.19045041831786097,0.0,0.3333333333333333,0.07526881720430108,0.0851063829787234,0.15942028985507245,0.2972972972972973,-0.004106864167411128,0.9603658536585366,,
2026-09-27T12:00:00+00:00,168,year_2023,all,2023-01-01T00:00:00+00:00,2024-01-01T00:00:00+00:00,2023-01-01T00:00:00+00:00,2023-12-31T00:00:00+00:00,328,41,logistic,0.19959729408632915,-0.04802759610221541,0.33067729083665337,0.12903225806451613,0.09361702127659574,0.08695652173913043,0.10424710424710425,-0.004106864167411128,0.9603658536585366,,
2026-09-27T12:00:00+00:00,168,year_2023,all,2023-01-01T00:00:00+00:00,2024-01-01T00:00:00+00:00,2023-01-01T00:00:00+00:00,2023-12-31T00:00:00+00:00,328,41,selected,0.19343746540855503,-0.01568411934758096,0.33067729083665337,0.13978494623655913,0.17446808510638298,0.2028985507246377,0.1891891891891892,-0.027640978740706368,0.9085365853658537,-0.007412743272428217,0.015079229559929972
2026-09-27T12:00:00+00:00,168,year_2023,trend_up,2023-01-01T00:00:00+00:00,2024-01-01T00:00:00+00:00,2023-01-05T00:00:00+00:00,2023-12-28T00:00:00+00:00,45,23,catboost,0.25879113168103574,-0.16738618286289397,0.3111111111111111,0.07142857142857142,0.22580645161290322,0.2,0.1,-0.222846601881999,0.6222222222222222,,
2026-09-27T12:00:00+00:00,168,year_2023,trend_up,2023-01-01T00:00:00+00:00,2024-01-01T00:00:00+00:00,2023-01-05T00:00:00+00:00,2023-12-28T00:00:00+00:00,45,23,catboost_calibrated,0.23389924576050952,-0.05510086805992498,0.3333333333333333,0.07142857142857142,0.22580645161290322,0.2,0.1,-0.07249399230413589,0.8666666666666667,,
2026-09-27T12:00:00+00:00,168,year_2023,trend_up,2023-01-01T00:00:00+00:00,2024-01-01T00:00:00+00:00,2023-01-05T00:00:00+00:00,2023-12-28T00:00:00+00:00,45,23,climatology,0.22168425109022383,0.0,0.3333333333333333,0.0,0.06451612903225806,0.13333333333333333,0.13333333333333333,0.013456257202573374,0.9555555555555556,,
2026-09-27T12:00:00+00:00,168,year_2023,trend_up,2023-01-01T00:00:00+00:00,2024-01-01T00:00:00+00:00,2023-01-05T00:00:00+00:00,2023-12-28T00:00:00+00:00,45,23,logistic,0.24117703274488045,-0.08793038548653231,0.3333333333333333,0.0,0.12903225806451613,0.13333333333333333,0.13333333333333333,0.013456257202573374,0.9555555555555556,,
2026-09-27T12:00:00+00:00,168,year_2023,trend_up,2023-01-01T00:00:00+00:00,2024-01-01T00:00:00+00:00,2023-01-05T00:00:00+00:00,2023-12-28T00:00:00+00:00,45,23,selected,0.22675636492319096,-0.022879901517689705,0.32222222222222224,0.07142857142857142,0.22580645161290322,0.2,0.1,-0.025580217761750568,0.8666666666666667,,
2026-09-27T12:00:00+00:00,168,year_2023,trend_down,2023-01-01T00:00:00+00:00,2024-01-01T00:00:00+00:00,2023-01-19T00:00:00+00:00,2023-12-16T00:00:00+00:00,35,23,catboost,0.21201201585130333,-0.07638070529923624,0.3333333333333333,0.0,0.17391304347826086,0.0,0.10344827586206896,-0.1926077684391576,0.7142857142857143,,
2026-09-27T12:00:00+00:00,168,year_2023,trend_down,2023-01-01T00:00:00+00:00,2024-01-01T00:00:00+00:00,2023-01-19T00:00:00+00:00,2023-12-16T00:00:00+00:00,35,23,catboost_calibrated,0.2020418110227567,-0.025762177560432642,0.3333333333333333,0.0,0.13043478260869565,0.0,0.06896551724137931,-0.09356260320886212,0.8571428571428571,,
2026-09-27T12:00:00+00:00,168,year_2023,trend_down,2023-01-01T00:00:00+00:00,2024-01-01T00:00:00+00:00,2023-01-19T00:00:00+00:00,2023-12-16T00:00:00+00:00,35,23,climatology,0.1969674993313481,0.0,0.3333333333333333,0.0,0.08695652173913043,0.3333333333333333,0.1724137931034483,-0.01578509134354622,0.9142857142857143,,
2026-09-27T12:00:00+00:00,168,year_2023,trend_down,2023-01-01T00:00:00+00:00,2024-01-01T00:00:00+00:00,2023-01-19T00:00:00+00:00,2023-12-16T00:00:00+00:00,35,23,logistic,0.20888162187117243,-0.06048775854021393,0.3333333333333333,0.16666666666666666,0.21739130434782608,0.0,0.1724137931034483,-0.01578509134354622,0.9142857142857143,,
2026-09-27T12:00:00+00:00,168,year_2023,trend_down,2023-01-01T00:00:00+00:00,2024-01-01T00:00:00+00:00,2023-01-19T00:00:00+00:00,2023-12-16T00:00:00+00:00,35,23,selected,0.20302686494796268,-0.030763276363788394,0.3333333333333333,0.0,0.17391304347826086,0.16666666666666666,0.13793103448275862,-0.03553920134564814,0.8571428571428571,,
2026-09-27T12:00:00+00:00,168,year_2023,trend_range,2023-01-01T00:00:00+00:00,2024-01-01T00:00:00+00:00,2023-01-01T00:00:00+00:00,2023-12-31T00:00:00+00:00,248,40,catboost,0.190112037288788,-0.03398611736190449,0.32642487046632124,0.1791044776119403,0.15469613259668508,0.14583333333333334,0.05,-0.16987492604162413,0.7580645161290323,,
2026-09-27T12:00:00+00:00,168,year_2023,trend_range,2023-01-01T00:00:00+00:00,2024-01-01T00:00:00+00:00,2023-01-01T00:00:00+00:00,2023-12-31T00:00:00+00:00,248,40,catboost_calibrated,0.1836342107131275,0.0012456483139137164,0.3333333333333333,0.1791044776119403,0.14917127071823205,0.14583333333333334,0.05,-0.057702494240679414,0.8870967741935484,,
2026-09-27T12:00:00+00:00,168,year_2023,trend_range,2023-01-01T00:00:00+00:00,2024-01-01T00:00:00+00:00,2023-01-01T00:00:00+00:00,2023-12-31T00:00:00+00:00,248,40,climatology,0.18386323964758522,0.0,0.3333333333333333,0.1044776119402985,0.08839779005524862,0.14583333333333334,0.34,-0.006618470646907237,0.967741935483871,,
2026-09-27T12:00:00+00:00,168,year_2023,trend_range,2023-01-01T00:00:00+00:00,2024-01-01T00:00:00+00:00,2023-01-01T00:00:00+00:00,2023-12-31T00:00:00+00:00,248,40,logistic,0.19074229524719882,-0.03741398015611419,0.3298791018998273,0.14925373134328357,0.0718232044198895,0.08333333333333333,0.09,-0.006618470646907237,0.967741935483871,,
2026-09-27T12:00:00+00:00,168,year_2023,trend_range,2023-01-01T00:00:00+00:00,2024-01-01T00:00:00+00:00,2023-01-01T00:00:00+00:00,2023-12-31T00:00:00+00:00,248,40,selected,0.18603835467453134,-0.011830070171259921,0.3316062176165803,0.1791044776119403,0.16574585635359115,0.20833333333333334,0.21,-0.02693466765776864,0.9233870967741935,-0.007969147118779635,0.012475473592666101
2026-09-27T12:00:00+00:00,168,year_2023,vol_high,2023-01-01T00:00:00+00:00,2024-01-01T00:00:00+00:00,2023-01-12T00:00:00+00:00,2023-12-12T00:00:00+00:00,25,15,catboost,0.22481556623682247,-0.1993680361128547,0.3333333333333333,0.0,0.25,0.0,0.17647058823529413,-0.09425204967361789,0.68,,
2026-09-27T12:00:00+00:00,168,year_2023,vol_high,2023-01-01T00:00:00+00:00,2024-01-01T00:00:00+00:00,2023-01-12T00:00:00+00:00,2023-12-12T00:00:00+00:00,25,15,catboost_calibrated,0.20218037678518055,-0.0786116170886475,0.3333333333333333,0.0,0.2,0.0,0.17647058823529413,-0.033654671575632955,0.96,,
2026-09-27T12:00:00+00:00,168,year_2023,vol_high,2023-01-01T00:00:00+00:00,2024-01-01T00:00:00+00:00,2023-01-12T00:00:00+00:00,2023-12-12T00:00:00+00:00,25,15,climatology,0.187445020600556,0.0,0.3333333333333333,0.0,0.15,0.25,0.058823529411764705,0.024450165929712386,0.96,,
2026-09-27T12:00:00+00:00,168,year_2023,vol_high,2023-01-01T00:00:00+00:00,2024-01-01T00:00:00+00:00,2023-01-12T00:00:00+00:00,2023-12-12T00:00:00+00:00,25,15,logistic,0.22756545337571626,-0.21403840254928186,0.3333333333333333,0.0,0.2,0.125,0.4117647058823529,0.024450165929712386,0.96,,
2026-09-27T12:00:00+00:00,168,year_2023,vol_high,2023-01-01T00:00:00+00:00,2024-01-01T00:00:00+00:00,2023-01-12T00:00:00+00:00,2023-12-12T00:00:00+00:00,25,15,selected,0.19260919211730837,-0.027550326491505794,0.3333333333333333,0.0,0.25,0.25,0.058823529411764705,0.025148650311458853,0.92,,
2026-09-27T12:00:00+00:00,168,year_2023,vol_normal,2023-01-01T00:00:00+00:00,2024-01-01T00:00:00+00:00,2023-01-01T00:00:00+00:00,2023-12-31T00:00:00+00:00,303,41,catboost,0.19997827581564714,-0.04866264191148084,0.32471264367816094,0.14772727272727273,0.15813953488372093,0.16393442622950818,0.05371900826446281,-0.18960105227778468,0.7392739273927392,,
2026-09-27T12:00:00+00:00,168,year_2023,vol_normal,2023-01-01T00:00:00+00:00,2024-01-01T00:00:00+00:00,2023-01-01T00:00:00+00:00,2023-12-31T00:00:00+00:00,303,41,catboost_calibrated,0.19169539367077731,-0.005228178656642601,0.3333333333333333,0.14772727272727273,0.15348837209302327,0.16393442622950818,0.049586776859504134,-0.06700837059133402,0.8745874587458746,,
2026-09-27T12:00:00+00:00,168,year_2023,vol_normal,2023-01-01T00:00:00+00:00,2024-01-01T00:00:00+00:00,2023-01-01T00:00:00+00:00,2023-12-31T00:00:00+00:00,303,41,climatology,0.1906983884265495,0.0,0.3333333333333333,0.07954545454545454,0.07906976744186046,0.14754098360655737,0.3140495867768595,-0.0067056193687098364,0.9603960396039604,,
2026-09-27T12:00:00+00:00,168,year_2023,vol_normal,2023-01-01T00:00:00+00:00,2024-01-01T00:00:00+00:00,2023-01-01T00:00:00+00:00,2023-12-31T00:00:00+00:00,303,41,logistic,0.19728969018456452,-0.03456401395103437,0.33045977011494254,0.13636363636363635,0.08372093023255814,0.08196721311475409,0.08264462809917356,-0.0067056193687098364,0.9603960396039604,,
2026-09-27T12:00:00+00:00,168,year_2023,vol_normal,2023-01-01T00:00:00+00:00,2024-01-01T00:00:00+00:00,2023-01-01T00:00:00+00:00,2023-12-31T00:00:00+00:00,303,41,selected,0.19350580478902096,-0.01472176238947509,0.33045977011494254,0.14772727272727273,0.16744186046511628,0.19672131147540983,0.19834710743801653,-0.03244495599630204,0.9075907590759076,-0.008083563167538312,0.014865128449359635
2026-09-27T12:00:00+00:00,168,year_2024,all,2024-01-01T00:00:00+00:00,2025-01-01T00:00:00+00:00,2024-01-01T00:00:00+00:00,2024-12-31T00:00:00+00:00,366,46,catboost,0.22299100098755353,-0.010192023700706043,0.3333333333333333,0.21739130434782608,0.1394422310756972,0.08771929824561403,0.14682539682539683,-0.022502449510374056,0.6284153005464481,,
2026-09-27T12:00:00+00:00,168,year_2024,all,2024-01-01T00:00:00+00:00,2025-01-01T00:00:00+00:00,2024-01-01T00:00:00+00:00,2024-12-31T00:00:00+00:00,366,46,catboost_calibrated,0.21897871609895886,0.007984396752689027,0.3333333333333333,0.25217391304347825,0.1752988047808765,0.07017543859649122,0.1388888888888889,-0.007436854665256121,0.7021857923497268,,
2026-09-27T12:00:00+00:00,168,year_2024,all,2024-01-01T00:00:00+00:00,2025-01-01T00:00:00+00:00,2024-01-01T00:00:00+00:00,2024-12-31T00:00:00+00:00,366,46,climatology,0.220741201430848,0.0,0.3333333333333333,0.6,0.6972111553784861,0.20175438596491227,0.2698412698412698,-0.007635820186607356,0.7540983606557377,,
2026-09-27T12:00:00+00:00,168,year_2024,all,2024-01-01T00:00:00+00:00,2025-01-01T00:00:00+00:00,2024-01-01T00:00:00+00:00,2024-12-31T00:00:00+00:00,366,46,logistic,0.22221631903937597,-0.006682565823535658,0.3364547119733842,0.2,0.099601593625498,0.14912280701754385,0.17857142857142858,-0.007635820186607356,0.7540983606557377,,
2026-09-27T12:00:00+00:00,168,year_2024,all,2024-01-01T00:00:00+00:00,2025-01-01T00:00:00+00:00,2024-01-01T00:00:00+00:00,2024-12-31T00:00:00+00:00,366,46,selected,0.22791866503905178,-0.03251528741204335,0.3333333333333333,0.25217391304347825,0.20318725099601595,0.20175438596491227,0.21031746031746032,-0.008907877293224509,0.674863387978142,-0.007025744866464497,0.025752495101828077
2026-09-27T12:00:00+00:00,168,year_2024,trend_up,2024-01-01T00:00:00+00:00,2025-01-01T00:00:00+00:00,2024-01-02T00:00:00+00:00,2024-12-24T00:00:00+00:00,48,24,catboost,0.24367348470049172,-0.048814436836070785,0.3333333333333333,0.2222222222222222,0.16666666666666666,0.07142857142857142,0.23529411764705882,-0.09500328543432479,0.5416666666666666,,
2026-09-27T12:00:00+00:00,168,year_2024,trend_up,2024-01-01T00:00:00+00:00,2025-01-01T00:00:00+00:00,2024-01-02T00:00:00+00:00,2024-12-24T00:00:00+00:00,48,24,catboost_calibrated,0.23449980435441842,-0.009329269224555237,0.3333333333333333,0.2777777777777778,0.2,0.07142857142857142,0.23529411764705882,-0.041512688020114874,0.6875,,
2026-09-27T12:00:00+00:00,168,year_2024,trend_up,2024-01-01T00:00:00+00:00,2025-01-01T00:00:00+00:00,2024-01-02T00:00:00+00:00,2024-12-24T00:00:00+00:00,48,24,climatology,0.23233231365080625,0.0,0.3333333333333333,0.7222222222222222,0.6,0.35714285714285715,0.2647058823529412,-0.008027915206784142,0.7291666666666666,,
2026-09-27T12:00:00+00:00,168,year_2024,trend_up,2024-01-01T00:00:00+00:00,2025-01-01T00:00:00+00:00,2024-01-02T00:00:00+00:00,2024-12-24T00:00:00+00:00,48,24,logistic,0.22759057434382945,0.02040929749489606,0.3611111111111111,0.2222222222222222,0.13333333333333333,0.21428571428571427,0.11764705882352941,-0.008027915206784142,0.7291666666666666,,
2026-09-27T12:00:00+00:00,168,year_2024,trend_up,2024-01-01T00:00:00+00:00,2025-01-01T00:00:00+00:00,2024-01-02T00:00:00+00:00,2024-12-24T00:00:00+00:00,48,24,selected,0.22922772318374285,0.013362714890058691,0.3333333333333333,0.3333333333333333,0.26666666666666666,0.2857142857142857,0.17647058823529413,-0.04228588091117658,0.6041666666666666,,
2026-09-27T12:00:00+00:00,168,year_2024,trend_down,2024-01-01T00:00:00+00:00,2025-01-01T00:00:00+00:00,2024-01-04T00:00:00+00:00,2024-12-27T00:00:00+00:00,45,24,catboost,0.2337297225206377,-0.04016459231747027,0.3333333333333333,0.21428571428571427,0.12903225806451613,0.0,0.16666666666666666,-0.03504722297129281,0.7111111111111111,,
2026-09-27T12:00:00+00:00,168,year_2024,trend_down,2024-01-01T00:00:00+00:00,2025-01-01T00:00:00+00:00,2024-01-04T00:00:00+00:00,2024-12-27T00:00:00+00:00,45,24,catboost_calibrated,0.22711513757227184,-0.010727783930557733,0.3333333333333333,0.14285714285714285,0.1935483870967742,0.0,0.1,-0.0015684003409910385,0.7555555555555555,,
2026-09-27T12:00:00+00:00,168,year_2024,trend_down,2024-01-01T00:00:00+00:00,2025-01-01T00:00:00+00:00,2024-01-04T00:00:00+00:00,2024-12-27T00:00:00+00:00,45,24,climatology,0.22470455565103556,0.0,0.3333333333333333,0.35714285714285715,0.7096774193548387,0.2,0.3333333333333333,6.735026031723379e-05,0.8222222222222222,,
2026-09-27T12:00:00+00:00,168,year_2024,trend_down,2024-01-01T00:00:00+00:00,2025-01-01T00:00:00+00:00,2024-01-04T00:00:00+00:00,2024-12-27T00:00:00+00:00,45,24,logistic,0.23425161149754914,-0.04248714859764613,0.3333333333333333,0.2857142857142857,0.0967741935483871,0.0,0.3,6.735026031723379e-05,0.8222222222222222,,
2026-09-27T12:00:00+00:00,168,year_2024,trend_down,2024-01-01T00:00:00+00:00,2025-01-01T00:00:00+00:00,2024-01-04T00:00:00+00:00,2024-12-27T00:00:00+00:00,45,24,selected,0.23562265477066824,-0.04858868609939715,0.3333333333333333,0.21428571428571427,0.1935483870967742,0.13333333333333333,0.26666666666666666,-0.011784544406433284,0.7555555555555555,,
2026-09-27T12:00:00+00:00,168,year_2024,trend_range,2024-01-01T00:00:00+00:00,2025-01-01T00:00:00+00:00,2024-01-01T00:00:00+00:00,2024-12-31T00:00:00+00:00,273,44,catboost,0.21758440140070437,0.002134842178141305,0.3333333333333333,0.21686746987951808,0.1368421052631579,0.10588235294117647,0.1276595744680851,-0.008651462541835908,0.63003663003663,,
2026-09-27T12:00:00+00:00,168,year_2024,trend_range,2024-01-01T00:00:00+00:00,2025-01-01T00:00:00+00:00,2024-01-01T00:00:00+00:00,2024-12-31T00:00:00+00:00,273,44,catboost_calibrated,0.2149085651738265,0.014406511110518605,0.3333333333333333,0.26506024096385544,0.16842105263157894,0.08235294117647059,0.1276595744680851,-0.002399445157429181,0.6959706959706959,,
2026-09-27T12:00:00+00:00,168,year_2024,trend_range,2024-01-01T00:00:00+00:00,2025-01-01T00:00:00+00:00,2024-01-01T00:00:00+00:00,2024-12-31T00:00:00+00:00,273,44,climatology,0.2180499035317035,0.0,0.3333333333333333,0.6144578313253012,0.7105263157894737,0.17647058823529413,0.26063829787234044,-0.008533654027710336,0.7472527472527473,,
2026-09-27T12:00:00+00:00,168,year_2024,trend_range,2024-01-01T00:00:00+00:00,2025-01-01T00:00:00+00:00,2024-01-01T00:00:00+00:00,2024-12-31T00:00:00+00:00,273,44,logistic,0.21928755561361934,-0.005676003804036878,0.33141762452107276,0.18072289156626506,0.09473684210526316,0.16470588235294117,0.1702127659574468,-0.008533654027710336,0.7472527472527473,,
2026-09-27T12:00:00+00:00,168,year_2024,trend_range,2024-01-01T00:00:00+00:00,2025-01-01T00:00:00+00:00,2024-01-01T00:00:00+00:00,2024-12-31T00:00:00+00:00,273,44,selected,0.22641861255235612,-0.03837978776925177,0.3333333333333333,0.24096385542168675,0.19473684210526315,0.2,0.2074468085106383,-0.0028939944573596055,0.673992673992674,-0.00851019238223599,0.02999559248792701
2026-09-27T12:00:00+00:00,168,year_2024,vol_high,2024-01-01T00:00:00+00:00,2025-01-01T00:00:00+00:00,2024-01-04T00:00:00+00:00,2024-12-21T00:00:00+00:00,36,19,catboost,0.2424636561564043,-0.1526928933115419,0.3333333333333333,0.058823529411764705,0.10526315789473684,0.0,0.21875,-0.059907779146450846,0.6111111111111112,,
2026-09-27T12:00:00+00:00,168,year_2024,vol_high,2024-01-01T00:00:00+00:00,2025-01-01T00:00:00+00:00,2024-01-04T00:00:00+00:00,2024-12-21T00:00:00+00:00,36,19,catboost_calibrated,0.22303323950151838,-0.06031903593754606,0.3333333333333333,0.11764705882352941,0.21052631578947367,0.0,0.1875,-0.019170013184510504,0.6666666666666666,,
2026-09-27T12:00:00+00:00,168,year_2024,vol_high,2024-01-01T00:00:00+00:00,2025-01-01T00:00:00+00:00,2024-01-04T00:00:00+00:00,2024-12-21T00:00:00+00:00,36,19,climatology,0.21034540731819443,0.0,0.3333333333333333,0.5882352941176471,0.631578947368421,0.0,0.3125,0.0047563433324917526,0.7777777777777778,,
2026-09-27T12:00:00+00:00,168,year_2024,vol_high,2024-01-01T00:00:00+00:00,2025-01-01T00:00:00+00:00,2024-01-04T00:00:00+00:00,2024-12-21T00:00:00+00:00,36,19,logistic,0.22878878861761331,-0.08768140714153616,0.34974747474747475,0.35294117647058826,0.2631578947368421,0.0,0.21875,0.0047563433324917526,0.7777777777777778,,
2026-09-27T12:00:00+00:00,168,year_2024,vol_high,2024-01-01T00:00:00+00:00,2025-01-01T00:00:00+00:00,2024-01-04T00:00:00+00:00,2024-12-21T00:00:00+00:00,36,19,selected,0.23209862816105686,-0.10341666652106096,0.3333333333333333,0.23529411764705882,0.2631578947368421,0.0,0.25,-0.002943407188390479,0.6944444444444444,,
2026-09-27T12:00:00+00:00,168,year_2024,vol_normal,2024-01-01T00:00:00+00:00,2025-01-01T00:00:00+00:00,2024-01-01T00:00:00+00:00,2024-12-31T00:00:00+00:00,330,46,catboost,0.22086671133276978,0.004545692029798154,0.3333333333333333,0.24489795918367346,0.14224137931034483,0.09090909090909091,0.13636363636363635,-0.01841814292213595,0.6303030303030303,,
2026-09-27T12:00:00+00:00,168,year_2024,vol_normal,2024-01-01T00:00:00+00:00,2025-01-01T00:00:00+00:00,2024-01-01T00:00:00+00:00,2024-12-31T00:00:00+00:00,330,46,catboost_calibrated,0.2185364044550433,0.01504846995557807,0.3333333333333333,0.2755102040816326,0.1724137931034483,0.07272727272727272,0.1318181818181818,-0.006155705237961495,0.706060606060606,,
2026-09-27T12:00:00+00:00,168,year_2024,vol_normal,2024-01-01T00:00:00+00:00,2025-01-01T00:00:00+00:00,2024-01-01T00:00:00+00:00,2024-12-31T00:00:00+00:00,330,46,climatology,0.2218752880613193,0.0,0.3333333333333333,0.6020408163265306,0.7025862068965517,0.20909090909090908,0.2636363636363636,-0.008988926698326294,0.7515151515151515,,
2026-09-27T12:00:00+00:00,168,year_2024,vol_normal,2024-01-01T00:00:00+00:00,2025-01-01T00:00:00+00:00,2024-01-01T00:00:00+00:00,2024-12-31T00:00:00+00:00,330,46,logistic,0.2214993223581137,0.0016944911102568794,0.3333333333333333,0.17346938775510204,0.08620689655172414,0.15454545454545454,0.17272727272727273,-0.008988926698326294,0.7515151515151515,,
2026-09-27T12:00:00+00:00,168,year_2024,vol_normal,2024-01-01T00:00:00+00:00,2025-01-01T00:00:00+00:00,2024-01-01T00:00:00+00:00,2024-12-31T00:00:00+00:00,330,46,selected,0.22746266906210577,-0.025182529562473466,0.3333333333333333,0.25510204081632654,0.19827586206896552,0.20909090909090908,0.20454545454545456,-0.009559140757054774,0.6727272727272727,-0.009981189111281647,0.025869824548960477
2026-09-27T12:00:00+00:00,168,year_2025,all,2025-01-01T00:00:00+00:00,2026-01-01T00:00:00+00:00,2025-01-01T00:00:00+00:00,2025-12-31T00:00:00+00:00,328,42,catboost,0.22247764817655244,-0.06098730820104481,0.3333333333333333,0.18604651162790697,0.2396694214876033,0.07476635514018691,0.14479638009049775,-0.042629897376307735,0.6280487804878049,,
2026-09-27T12:00:00+00:00,168,year_2025,all,2025-01-01T00:00:00+00:00,2026-01-01T00:00:00+00:00,2025-01-01T00:00:00+00:00,2025-12-31T00:00:00+00:00,328,42,catboost_calibrated,0.21323733004519962,-0.016920588054285313,0.3333333333333333,0.26744186046511625,0.25206611570247933,0.07476635514018691,0.15384615384615385,-0.01768875779531487,0.698170731707317,,
2026-09-27T12:00:00+00:00,168,year_2025,all,2025-01-01T00:00:00+00:00,2026-01-01T00:00:00+00:00,2025-01-01T00:00:00+00:00,2025-12-31T00:00:00+00:00,328,42,climatology,0.20968926438316593,0.0,0.3333333333333333,0.686046511627907,0.6033057851239669,0.9158878504672897,0.9004524886877828,-0.003109335151656234,0.7378048780487805,,
2026-09-27T12:00:00+00:00,168,year_2025,all,2025-01-01T00:00:00+00:00,2026-01-01T00:00:00+00:00,2025-01-01T00:00:00+00:00,2025-12-31T00:00:00+00:00,328,42,logistic,0.23753021674782043,-0.13277242612564377,0.33538726561982374,0.2558139534883721,0.14049586776859505,0.028037383177570093,0.1583710407239819,-0.003109335151656234,0.7378048780487805,,
2026-09-27T12:00:00+00:00,168,year_2025,all,2025-01-01T00:00:00+00:00,2026-01-01T00:00:00+00:00,2025-01-01T00:00:00+00:00,2025-12-31T00:00:00+00:00,328,42,selected,0.2137166584207939,-0.01920648655750301,0.3333333333333333,0.6627906976744186,0.4256198347107438,0.4392523364485981,0.6289592760180995,-0.024068277982034036,0.698170731707317,-0.0067949910484036685,0.01612619452517653
2026-09-27T12:00:00+00:00,168,year_2025,trend_up,2025-01-01T00:00:00+00:00,2026-01-01T00:00:00+00:00,2025-01-04T00:00:00+00:00,2025-12-20T00:00:00+00:00,46,25,catboost,0.22273704404904296,0.004147650675650816,0.3333333333333333,0.42857142857142855,0.34375,0.0625,0.1,-0.013360988890336989,0.5217391304347826,,
2026-09-27T12:00:00+00:00,168,year_2025,trend_up,2025-01-01T00:00:00+00:00,2026-01-01T00:00:00+00:00,2025-01-04T00:00:00+00:00,2025-12-20T00:00:00+00:00,46,25,catboost_calibrated,0.22032242661179152,0.014943351309430142,0.3333333333333333,0.35714285714285715,0.34375,0.0625,0.13333333333333333,0.002677321043121017,0.6521739130434783,,
2026-09-27T12:00:00+00:00,168,year_2025,trend_up,2025-01-01T00:00:00+00:00,2026-01-01T00:00:00+00:00,2025-01-04T00:00:00+00:00,2025-12-20T00:00:00+00:00,46,25,climatology,0.223664727205958,0.0,0.3333333333333333,0.7857142857142857,0.625,0.8125,0.8333333333333334,-0.00582756477159152,0.6956521739130435,,
2026-09-27T12:00:00+00:00,168,year_2025,trend_up,2025-01-01T00:00:00+00:00,2026-01-01T00:00:00+00:00,2025-01-04T00:00:00+00:00,2025-12-20T00:00:00+00:00,46,25,logistic,0.24088912803466722,-0.07700991141463454,0.2962962962962963,0.2857142857142857,0.09375,0.0,0.03333333333333333,-0.00582756477159152,0.6956521739130435,,
2026-09-27T12:00:00+00:00,168,year_2025,trend_up,2025-01-01T00:00:00+00:00,2026-01-01T00:00:00+00:00,2025-01-04T00:00:00+00:00,2025-12-20T00:00:00+00:00,46,25,selected,0.21929896510852798,0.019519224832487247,0.3333333333333333,0.9285714285714286,0.53125,0.375,0.6666666666666666,0.01583308805190231,0.6521739130434783,,
2026-09-27T12:00:00+00:00,168,year_2025,trend_down,2025-01-01T00:00:00+00:00,2026-01-01T00:00:00+00:00,2025-01-08T00:00:00+00:00,2025-12-18T00:00:00+00:00,37,19,catboost,0.24928088394157755,-0.09589437693889202,0.3333333333333333,0.2727272727272727,0.23076923076923078,0.0,0.043478260869565216,-0.02797923242033673,0.6216216216216216,,
2026-09-27T12:00:00+00:00,168,year_2025,trend_down,2025-01-01T00:00:00+00:00,2026-01-01T00:00:00+00:00,2025-01-08T00:00:00+00:00,2025-12-18T00:00:00+00:00,37,19,catboost_calibrated,0.2361504669501875,-0.038170134629563535,0.3333333333333333,0.2727272727272727,0.23076923076923078,0.0,0.043478260869565216,-0.014381843557994323,0.7297297297297297,,
2026-09-27T12:00:00+00:00,168,year_2025,trend_down,2025-01-01T00:00:00+00:00,2026-01-01T00:00:00+00:00,2025-01-08T00:00:00+00:00,2025-12-18T00:00:00+00:00,37,19,climatology,0.22746798339989807,0.0,0.3333333333333333,0.8181818181818182,0.6153846153846154,0.9285714285714286,0.8260869565217391,-0.006757376203689214,0.8378378378378378,,
2026-09-27T12:00:00+00:00,168,year_2025,trend_down,2025-01-01T00:00:00+00:00,2026-01-01T00:00:00+00:00,2025-01-08T00:00:00+00:00,2025-12-18T00:00:00+00:00,37,19,logistic,0.2447118274051714,-0.07580778511126951,0.3333333333333333,0.36363636363636365,0.2692307692307692,0.07142857142857142,0.043478260869565216,-0.006757376203689214,0.8378378378378378,,
2026-09-27T12:00:00+00:00,168,year_2025,trend_down,2025-01-01T00:00:00+00:00,2026-01-01T00:00:00+00:00,2025-01-08T00:00:00+00:00,2025-12-18T00:00:00+00:00,37,19,selected,0.22593931110603932,0.006720384429536597,0.3333333333333333,0.8181818181818182,0.38461538461538464,0.2857142857142857,0.4782608695652174,0.007028317984218657,0.7837837837837838,,
2026-09-27T12:00:00+00:00,168,year_2025,trend_range,2025-01-01T00:00:00+00:00,2026-01-01T00:00:00+00:00,2025-01-01T00:00:00+00:00,2025-12-31T00:00:00+00:00,245,39,catboost,0.2183811096727137,-0.06850345008202963,0.3333333333333333,0.11475409836065574,0.22282608695652173,0.09090909090909091,0.16666666666666666,-0.050435018012792376,0.6489795918367347,,
2026-09-27T12:00:00+00:00,168,year_2025,trend_range,2025-01-01T00:00:00+00:00,2026-01-01T00:00:00+00:00,2025-01-01T00:00:00+00:00,2025-12-31T00:00:00+00:00,245,39,catboost_calibrated,0.20844671572867812,-0.019896067238410087,0.3333333333333333,0.2459016393442623,0.2391304347826087,0.09090909090909091,0.17261904761904762,-0.02230090895915482,0.7020408163265306,,
2026-09-27T12:00:00+00:00,168,year_2025,trend_range,2025-01-01T00:00:00+00:00,2026-01-01T00:00:00+00:00,2025-01-01T00:00:00+00:00,2025-12-31T00:00:00+00:00,245,39,climatology,0.2043803505322781,0.0,0.3333333333333333,0.639344262295082,0.5978260869565217,0.935064935064935,0.9226190476190477,-0.0021125104919073046,0.7306122448979592,,
2026-09-27T12:00:00+00:00,168,year_2025,trend_range,2025-01-01T00:00:00+00:00,2026-01-01T00:00:00+00:00,2025-01-01T00:00:00+00:00,2025-12-31T00:00:00+00:00,245,39,logistic,0.23581499424366967,-0.15380462764411917,0.34187734082397,0.22950819672131148,0.13043478260869565,0.025974025974025976,0.19642857142857142,-0.0021125104919073046,0.7306122448979592,,
2026-09-27T12:00:00+00:00,168,year_2025,trend_range,2025-01-01T00:00:00+00:00,2026-01-01T00:00:00+00:00,2025-01-01T00:00:00+00:00,2025-12-31T00:00:00+00:00,245,39,selected,0.21082268186165165,-0.03152128525367259,0.3333333333333333,0.5737704918032787,0.41304347826086957,0.4805194805194805,0.6428571428571429,-0.03603128212163664,0.6938775510204082,-0.006535766701866649,0.021714961757865688
2026-09-27T12:00:00+00:00,168,year_2025,vol_high,2025-01-01T00:00:00+00:00,2026-01-01T00:00:00+00:00,2025-01-20T00:00:00+00:00,2025-12-02T00:00:00+00:00,26,14,catboost,0.272332083198193,-0.10719064814989632,0.3333333333333333,0.5,0.4375,0.0,0.125,0.018130741335887435,0.5384615384615384,,
2026-09-27T12:00:00+00:00,168,year_2025,vol_high,2025-01-01T00:00:00+00:00,2026-01-01T00:00:00+00:00,2025-01-20T00:00:00+00:00,2025-12-02T00:00:00+00:00,26,14,catboost_calibrated,0.25644631996496076,-0.04260564485537843,0.3333333333333333,0.5,0.375,0.0,0.125,0.021217500614727824,0.6923076923076923,,
2026-09-27T12:00:00+00:00,168,year_2025,vol_high,2025-01-01T00:00:00+00:00,2026-01-01T00:00:00+00:00,2025-01-20T00:00:00+00:00,2025-12-02T00:00:00+00:00,26,14,climatology,0.24596674805125657,0.0,0.3333333333333333,0.8,0.5,0.9,1.0,-0.007121941532949538,0.7307692307692307,,
2026-09-27T12:00:00+00:00,168,year_2025,vol_high,2025-01-01T00:00:00+00:00,2026-01-01T00:00:00+00:00,2025-01-20T00:00:00+00:00,2025-12-02T00:00:00+00:00,26,14,logistic,0.28227826388802185,-0.14762774287359526,0.3148148148148148,0.7,0.1875,0.0,0.125,-0.007121941532949538,0.7307692307692307,,
2026-09-27T12:00:00+00:00,168,year_2025,vol_high,2025-01-01T00:00:00+00:00,2026-01-01T00:00:00+00:00,2025-01-20T00:00:00+00:00,2025-12-02T00:00:00+00:00,26,14,selected,0.25560531814586795,-0.03918647610287063,0.3333333333333333,0.9,0.4375,0.3,0.6875,0.0427556773031289,0.6538461538461539,,
2026-09-27T12:00:00+00:00,168,year_2025,vol_normal,2025-01-01T00:00:00+00:00,2026-01-01T00:00:00+00:00,2025-01-01T00:00:00+00:00,2025-12-31T00:00:00+00:00,302,41,catboost,0.21818554449919264,-0.056250811304554116,0.3333333333333333,0.14473684210526316,0.22566371681415928,0.08247422680412371,0.14634146341463414,-0.04775176226361877,0.6357615894039735,,
2026-09-27T12:00:00+00:00,168,year_2025,vol_normal,2025-01-01T00:00:00+00:00,2026-01-01T00:00:00+00:00,2025-01-01T00:00:00+00:00,2025-12-31T00:00:00+00:00,302,41,catboost_calibrated,0.20951735078058442,-0.014287505858079586,0.3333333333333333,0.23684210526315788,0.24336283185840707,0.08247422680412371,0.15609756097560976,-0.02096839084510793,0.6986754966887417,,
2026-09-27T12:00:00+00:00,168,year_2025,vol_normal,2025-01-01T00:00:00+00:00,2026-01-01T00:00:00+00:00,2025-01-01T00:00:00+00:00,2025-12-31T00:00:00+00:00,302,41,climatology,0.20656603731240317,0.0,0.3333333333333333,0.6710526315789473,0.6106194690265486,0.9175257731958762,0.8926829268292683,-0.002771089402984872,0.7384105960264901,,
2026-09-27T12:00:00+00:00,168,year_2025,vol_normal,2025-01-01T00:00:00+00:00,2026-01-01T00:00:00+00:00,2025-01-01T00:00:00+00:00,2025-12-31T00:00:00+00:00,302,41,logistic,0.2336777358682004,-0.1312495457072378,0.337037037037037,0.19736842105263158,0.13716814159292035,0.030927835051546393,0.16097560975609757,-0.002771089402984872,0.7384105960264901,,
2026-09-27T12:00:00+00:00,168,year_2025,vol_normal,2025-01-01T00:00:00+00:00,2026-01-01T00:00:00+00:00,2025-01-01T00:00:00+00:00,2025-12-31T00:00:00+00:00,302,41,selected,0.21011034996764183,-0.017158254577340548,0.3333333333333333,0.631578947368421,0.4247787610619469,0.4536082474226804,0.624390243902439,-0.029701254814742395,0.7019867549668874,-0.00857848240609036,0.01702833872625907
2026-09-27T12:00:00+00:00,168,year_2026,all,2026-01-01T00:00:00+00:00,2026-09-28T00:00:00+00:00,2026-01-01T00:00:00+00:00,2026-09-20T00:00:00+00:00,226,30,catboost,0.19372352470496707,-0.05139143033833582,0.30337078651685395,0.19117647058823528,0.20253164556962025,0.2702702702702703,0.24338624338624337,-0.09980682695354282,0.7831858407079646,,
2026-09-27T12:00:00+00:00,168,year_2026,all,2026-01-01T00:00:00+00:00,2026-09-28T00:00:00+00:00,2026-01-01T00:00:00+00:00,2026-09-20T00:00:00+00:00,226,30,catboost_calibrated,0.18532766821128976,-0.0058247828119373235,0.3333333333333333,0.25,0.23417721518987342,0.24324324324324326,0.23809523809523808,-0.025233391329370747,0.827433628318584,,
2026-09-27T12:00:00+00:00,168,year_2026,all,2026-01-01T00:00:00+00:00,2026-09-28T00:00:00+00:00,2026-01-01T00:00:00+00:00,2026-09-20T00:00:00+00:00,226,30,climatology,0.1842544261965567,0.0,0.3333333333333333,0.5147058823529411,0.4430379746835443,0.7567567567567568,0.48677248677248675,0.006332910964669924,0.8495575221238938,,
2026-09-27T12:00:00+00:00,168,year_2026,all,2026-01-01T00:00:00+00:00,2026-09-28T00:00:00+00:00,2026-01-01T00:00:00+00:00,2026-09-20T00:00:00+00:00,226,30,logistic,0.21063775542474866,-0.1431896631891334,0.28949923706478015,0.17647058823529413,0.2088607594936709,0.13513513513513514,0.17989417989417988,0.006332910964669924,0.8495575221238938,,
2026-09-27T12:00:00+00:00,168,year_2026,all,2026-01-01T00:00:00+00:00,2026-09-28T00:00:00+00:00,2026-01-01T00:00:00+00:00,2026-09-20T00:00:00+00:00,226,30,selected,0.1843357976081365,-0.00044162527467861423,0.3333333333333333,0.5441176470588235,0.5,0.24324324324324326,0.2857142857142857,-0.017491711321403258,0.827433628318584,-0.007298907015002162,0.008370360631105482
2026-09-27T12:00:00+00:00,168,year_2026,trend_up,2026-01-01T00:00:00+00:00,2026-09-28T00:00:00+00:00,2026-01-03T00:00:00+00:00,2026-09-19T00:00:00+00:00,28,17,catboost,0.18837329242964584,-0.10909669265800859,0.31746031746031744,0.2,0.17391304347826086,0.42857142857142855,0.19047619047619047,-0.13591592201241487,0.75,,
2026-09-27T12:00:00+00:00,168,year_2026,trend_up,2026-01-01T00:00:00+00:00,2026-09-28T00:00:00+00:00,2026-01-03T00:00:00+00:00,2026-09-19T00:00:00+00:00,28,17,catboost_calibrated,0.17542834882886377,-0.03287997451770219,0.3333333333333333,0.4,0.17391304347826086,0.2857142857142857,0.2857142857142857,-0.054648892831441254,0.75,,
2026-09-27T12:00:00+00:00,168,year_2026,trend_up,2026-01-01T00:00:00+00:00,2026-09-28T00:00:00+00:00,2026-01-03T00:00:00+00:00,2026-09-19T00:00:00+00:00,28,17,climatology,0.16984388617930085,0.0,0.3333333333333333,1.0,0.34782608695652173,0.8571428571428571,0.42857142857142855,0.0022024612992762593,0.7857142857142857,,
2026-09-27T12:00:00+00:00,168,year_2026,trend_up,2026-01-01T00:00:00+00:00,2026-09-28T00:00:00+00:00,2026-01-03T00:00:00+00:00,2026-09-19T00:00:00+00:00,28,17,logistic,0.18540750238742204,-0.09163483336509959,0.31746031746031744,0.4,0.08695652173913043,0.0,0.0,0.0022024612992762593,0.7857142857142857,,
2026-09-27T12:00:00+00:00,168,year_2026,trend_up,2026-01-01T00:00:00+00:00,2026-09-28T00:00:00+00:00,2026-01-03T00:00:00+00:00,2026-09-19T00:00:00+00:00,28,17,selected,0.1740948552842642,-0.025028684874035978,0.3333333333333333,1.0,0.43478260869565216,0.2857142857142857,0.2857142857142857,-0.018790704905281563,0.7857142857142857,,
2026-09-27T12:00:00+00:00,168,year_2026,trend_down,2026-01-01T00:00:00+00:00,2026-09-28T00:00:00+00:00,2026-01-08T00:00:00+00:00,2026-09-16T00:00:00+00:00,29,16,catboost,0.2655292065952586,-0.23851744542984088,0.31666666666666665,0.2222222222222222,0.45,0.0,0.3,-0.16371427741032818,0.5862068965517241,,
2026-09-27T12:00:00+00:00,168,year_2026,trend_down,2026-01-01T00:00:00+00:00,2026-09-28T00:00:00+00:00,2026-01-08T00:00:00+00:00,2026-09-16T00:00:00+00:00,29,16,catboost_calibrated,0.2349567467557681,-0.0959172194643847,0.3333333333333333,0.2222222222222222,0.4,0.0,0.3,-0.06185300462455179,0.6896551724137931,,
2026-09-27T12:00:00+00:00,168,year_2026,trend_down,2026-01-01T00:00:00+00:00,2026-09-28T00:00:00+00:00,2026-01-08T00:00:00+00:00,2026-09-16T00:00:00+00:00,29,16,climatology,0.21439278677508156,0.0,0.3333333333333333,0.2222222222222222,0.3,0.8888888888888888,0.65,0.002466273790258211,0.8275862068965517,,
2026-09-27T12:00:00+00:00,168,year_2026,trend_down,2026-01-01T00:00:00+00:00,2026-09-28T00:00:00+00:00,2026-01-08T00:00:00+00:00,2026-09-16T00:00:00+00:00,29,16,logistic,0.275628145602443,-0.28562229050925647,0.26666666666666666,0.0,0.2,0.2222222222222222,0.2,0.002466273790258211,0.8275862068965517,,
2026-09-27T12:00:00+00:00,168,year_2026,trend_down,2026-01-01T00:00:00+00:00,2026-09-28T00:00:00+00:00,2026-01-08T00:00:00+00:00,2026-09-16T00:00:00+00:00,29,16,selected,0.23086855525965494,-0.0768485205701348,0.3333333333333333,0.4444444444444444,0.55,0.0,0.4,-0.06442836707306387,0.6896551724137931,,
2026-09-27T12:00:00+00:00,168,year_2026,trend_range,2026-01-01T00:00:00+00:00,2026-09-28T00:00:00+00:00,2026-01-01T00:00:00+00:00,2026-09-20T00:00:00+00:00,169,28,catboost,0.18228826866289927,-0.00450745227646232,0.29927007299270075,0.18518518518518517,0.16521739130434782,0.3333333333333333,0.24324324324324326,-0.07663249595567767,0.8224852071005917,,
2026-09-27T12:00:00+00:00,168,year_2026,trend_range,2026-01-01T00:00:00+00:00,2026-09-28T00:00:00+00:00,2026-01-01T00:00:00+00:00,2026-09-20T00:00:00+00:00,169,28,catboost_calibrated,0.17845155971968057,0.016634899636517986,0.3333333333333333,0.24074074074074073,0.21739130434782608,0.3333333333333333,0.22297297297297297,-0.010106227313457783,0.863905325443787,,
2026-09-27T12:00:00+00:00,168,year_2026,trend_range,2026-01-01T00:00:00+00:00,2026-09-28T00:00:00+00:00,2026-01-01T00:00:00+00:00,2026-09-20T00:00:00+00:00,169,28,climatology,0.18147029994629602,0.0,0.3333333333333333,0.5185185185185185,0.48695652173913045,0.6666666666666666,0.47297297297297297,0.008147182677384346,0.863905325443787,,
2026-09-27T12:00:00+00:00,168,year_2026,trend_range,2026-01-01T00:00:00+00:00,2026-09-28T00:00:00+00:00,2026-01-01T00:00:00+00:00,2026-09-20T00:00:00+00:00,169,28,logistic,0.20366571856020435,-0.12230882199719084,0.28765759787657597,0.18518518518518517,0.23478260869565218,0.14285714285714285,0.20270270270270271,0.008147182677384346,0.863905325443787,,
2026-09-27T12:00:00+00:00,168,year_2026,trend_range,2026-01-01T00:00:00+00:00,2026-09-28T00:00:00+00:00,2026-01-01T00:00:00+00:00,2026-09-20T00:00:00+00:00,169,28,selected,0.17804761070384295,0.01886087830055916,0.3333333333333333,0.5185185185185185,0.5043478260869565,0.3333333333333333,0.2702702702702703,-0.005813714572950213,0.8579881656804734,-0.010510149967820962,0.00407419941805638
2026-09-27T12:00:00+00:00,168,year_2026,vol_high,2026-01-01T00:00:00+00:00,2026-09-28T00:00:00+00:00,2026-01-14T00:00:00+00:00,2026-09-12T00:00:00+00:00,15,9,catboost,0.2696458450504362,-0.25221716366722213,0.3333333333333333,0.6666666666666666,0.4166666666666667,0.14285714285714285,0.125,-0.19504464673750022,0.6,,
2026-09-27T12:00:00+00:00,168,year_2026,vol_high,2026-01-01T00:00:00+00:00,2026-09-28T00:00:00+00:00,2026-01-14T00:00:00+00:00,2026-09-12T00:00:00+00:00,15,9,catboost_calibrated,0.23550760894380057,-0.09368149187870523,0.3333333333333333,0.6666666666666666,0.3333333333333333,0.14285714285714285,0.125,-0.09059214802681415,0.6,,
2026-09-27T12:00:00+00:00,168,year_2026,vol_high,2026-01-01T00:00:00+00:00,2026-09-28T00:00:00+00:00,2026-01-14T00:00:00+00:00,2026-09-12T00:00:00+00:00,15,9,climatology,0.2153347301683327,0.0,0.3333333333333333,0.6666666666666666,0.16666666666666666,1.0,0.5,-0.004554597278212391,0.7333333333333333,,
2026-09-27T12:00:00+00:00,168,year_2026,vol_high,2026-01-01T00:00:00+00:00,2026-09-28T00:00:00+00:00,2026-01-14T00:00:00+00:00,2026-09-12T00:00:00+00:00,15,9,logistic,0.259842336257456,-0.20669032837541135,0.2962962962962963,0.0,0.16666666666666666,0.14285714285714285,0.0,-0.004554597278212391,0.7333333333333333,,
2026-09-27T12:00:00+00:00,168,year_2026,vol_high,2026-01-01T00:00:00+00:00,2026-09-28T00:00:00+00:00,2026-01-14T00:00:00+00:00,2026-09-12T00:00:00+00:00,15,9,selected,0.2298411243713694,-0.06736671874386757,0.3333333333333333,1.0,0.4166666666666667,0.14285714285714285,0.25,-0.08282996317428193,0.6,,
2026-09-27T12:00:00+00:00,168,year_2026,vol_normal,2026-01-01T00:00:00+00:00,2026-09-28T00:00:00+00:00,2026-01-01T00:00:00+00:00,2026-09-20T00:00:00+00:00,211,28,catboost,0.18832620335339345,-0.03450399623964695,0.30177514792899407,0.16923076923076924,0.18493150684931506,0.3,0.24861878453038674,-0.09006554363146635,0.7962085308056872,,
2026-09-27T12:00:00+00:00,168,year_2026,vol_normal,2026-01-01T00:00:00+00:00,2026-09-28T00:00:00+00:00,2026-01-01T00:00:00+00:00,2026-09-20T00:00:00+00:00,211,28,catboost_calibrated,0.1817603738464193,0.0015630870586187395,0.3333333333333333,0.23076923076923078,0.22602739726027396,0.26666666666666666,0.2430939226519337,-0.018548251245182223,0.8436018957345972,,
2026-09-27T12:00:00+00:00,168,year_2026,vol_normal,2026-01-01T00:00:00+00:00,2026-09-28T00:00:00+00:00,2026-01-01T00:00:00+00:00,2026-09-20T00:00:00+00:00,211,28,climatology,0.182044925914203,0.0,0.3333333333333333,0.5076923076923077,0.4657534246575342,0.7,0.4861878453038674,0.007446526361430839,0.8578199052132701,,
2026-09-27T12:00:00+00:00,168,year_2026,vol_normal,2026-01-01T00:00:00+00:00,2026-09-28T00:00:00+00:00,2026-01-01T00:00:00+00:00,2026-09-20T00:00:00+00:00,211,28,logistic,0.20713979944138083,-0.13784989282813065,0.28895463510848124,0.18461538461538463,0.21232876712328766,0.13333333333333333,0.1878453038674033,0.007446526361430839,0.8578199052132701,,
2026-09-27T12:00:00+00:00,168,year_2026,vol_normal,2026-01-01T00:00:00+00:00,2026-09-28T00:00:00+00:00,2026-01-01T00:00:00+00:00,2026-09-20T00:00:00+00:00,211,28,selected,0.1811008217718877,0.005186105229652238,0.3333333333333333,0.5230769230769231,0.5068493150684932,0.26666666666666666,0.287292817679558,-0.010808668550034595,0.8436018957345972,-0.007720151345960409,0.005904871644556152
2026-09-27T12:00:00+00:00,336,all,all,2019-09-01T00:00:00+00:00,2026-09-28T00:00:00+00:00,2019-09-01T00:00:00+00:00,2026-09-13T00:00:00+00:00,2275,157,catboost,0.22171197561459527,-0.07288485007600976,0.3482070342287829,0.14119359534206696,0.10390428211586902,0.07894736842105263,0.07678464307138572,-0.09211369083153964,0.650989010989011,,
2026-09-27T12:00:00+00:00,336,all,all,2019-09-01T00:00:00+00:00,2026-09-28T00:00:00+00:00,2019-09-01T00:00:00+00:00,2026-09-13T00:00:00+00:00,2275,157,catboost_calibrated,0.20977380692348496,-0.015114942560464417,0.3333333333333333,0.14847161572052403,0.11397984886649874,0.08552631578947369,0.08818236352729454,-0.028465547948388625,0.7595604395604396,,
2026-09-27T12:00:00+00:00,336,all,all,2019-09-01T00:00:00+00:00,2026-09-28T00:00:00+00:00,2019-09-01T00:00:00+00:00,2026-09-13T00:00:00+00:00,2275,157,climatology,0.2066502995161949,0.0,0.3333333333333333,0.3173216885007278,0.3721662468513854,0.4144736842105263,0.46430713857228556,-0.0096835243818989,0.821098901098901,,
2026-09-27T12:00:00+00:00,336,all,all,2019-09-01T00:00:00+00:00,2026-09-28T00:00:00+00:00,2019-09-01T00:00:00+00:00,2026-09-13T00:00:00+00:00,2275,157,logistic,0.22254490876792787,-0.07691549099587602,0.3246583952738225,0.046579330422125184,0.0743073047858942,0.1118421052631579,0.1247750449910018,-0.0096835243818989,0.821098901098901,,
2026-09-27T12:00:00+00:00,336,all,all,2019-09-01T00:00:00+00:00,2026-09-28T00:00:00+00:00,2019-09-01T00:00:00+00:00,2026-09-13T00:00:00+00:00,2275,157,selected,0.20884405182960458,-0.0106157712742041,0.3333333333333333,0.22852983988355166,0.3035264483627204,0.3190789473684211,0.35452909418116374,-0.02457055085724491,0.8026373626373626,-0.00014629090616126127,0.004645498468774402
2026-09-27T12:00:00+00:00,336,all,trend_up,2019-09-01T00:00:00+00:00,2026-09-28T00:00:00+00:00,2019-09-03T00:00:00+00:00,2026-09-12T00:00:00+00:00,319,112,catboost,0.23126094399505284,-0.03134600522128239,0.3598111969306881,0.1650485436893204,0.14351851851851852,0.14423076923076922,0.11162790697674418,-0.06554683913923376,0.6520376175548589,,
2026-09-27T12:00:00+00:00,336,all,trend_up,2019-09-01T00:00:00+00:00,2026-09-28T00:00:00+00:00,2019-09-03T00:00:00+00:00,2026-09-12T00:00:00+00:00,319,112,catboost_calibrated,0.22277990845659967,0.006476559936587467,0.3333333333333333,0.17475728155339806,0.14814814814814814,0.1346153846153846,0.12093023255813953,-0.005962398676917724,0.7492163009404389,,
2026-09-27T12:00:00+00:00,336,all,trend_up,2019-09-01T00:00:00+00:00,2026-09-28T00:00:00+00:00,2019-09-03T00:00:00+00:00,2026-09-12T00:00:00+00:00,319,112,climatology,0.22423216149020153,0.0,0.3333333333333333,0.24271844660194175,0.37962962962962965,0.41346153846153844,0.4186046511627907,-0.005449594496846899,0.8181818181818182,,
2026-09-27T12:00:00+00:00,336,all,trend_up,2019-09-01T00:00:00+00:00,2026-09-28T00:00:00+00:00,2019-09-03T00:00:00+00:00,2026-09-12T00:00:00+00:00,319,112,logistic,0.23959263655680607,-0.0685025509477406,0.317434912505335,0.06796116504854369,0.125,0.15384615384615385,0.14418604651162792,-0.005449594496846899,0.8181818181818182,,
2026-09-27T12:00:00+00:00,336,all,trend_up,2019-09-01T00:00:00+00:00,2026-09-28T00:00:00+00:00,2019-09-03T00:00:00+00:00,2026-09-12T00:00:00+00:00,319,112,selected,0.22603684471489432,-0.00804828001790292,0.3333333333333333,0.1553398058252427,0.3055555555555556,0.3173076923076923,0.33488372093023255,-0.01772114304329353,0.8025078369905956,-0.0030840378701822166,0.006010650512089083
2026-09-27T12:00:00+00:00,336,all,trend_down,2019-09-01T00:00:00+00:00,2026-09-28T00:00:00+00:00,2019-09-24T00:00:00+00:00,2026-08-29T00:00:00+00:00,269,95,catboost,0.23585024981310498,-0.10198300754252987,0.3310846560846561,0.16455696202531644,0.1368421052631579,0.07317073170731707,0.0855614973262032,-0.09352807952668352,0.6840148698884758,,
2026-09-27T12:00:00+00:00,336,all,trend_down,2019-09-01T00:00:00+00:00,2026-09-28T00:00:00+00:00,2019-09-24T00:00:00+00:00,2026-08-29T00:00:00+00:00,269,95,catboost_calibrated,0.22113116788107884,-0.03320980001541263,0.3333333333333333,0.17721518987341772,0.14736842105263157,0.07317073170731707,0.0855614973262032,-0.03619882701667243,0.7769516728624535,,
2026-09-27T12:00:00+00:00,336,all,trend_down,2019-09-01T00:00:00+00:00,2026-09-28T00:00:00+00:00,2019-09-24T00:00:00+00:00,2026-08-29T00:00:00+00:00,269,95,climatology,0.21402349056094916,0.0,0.3333333333333333,0.34177215189873417,0.4052631578947368,0.4024390243902439,0.47058823529411764,-0.01425074581366359,0.8364312267657993,,
2026-09-27T12:00:00+00:00,336,all,trend_down,2019-09-01T00:00:00+00:00,2026-09-28T00:00:00+00:00,2019-09-24T00:00:00+00:00,2026-08-29T00:00:00+00:00,269,95,logistic,0.23930977139024545,-0.11814722189149296,0.3310846560846561,0.10126582278481013,0.09473684210526316,0.15853658536585366,0.11229946524064172,-0.01425074581366359,0.8364312267657993,,
2026-09-27T12:00:00+00:00,336,all,trend_down,2019-09-01T00:00:00+00:00,2026-09-28T00:00:00+00:00,2019-09-24T00:00:00+00:00,2026-08-29T00:00:00+00:00,269,95,selected,0.21743130828166374,-0.015922634061255492,0.3333333333333333,0.2911392405063291,0.3368421052631579,0.2804878048780488,0.39572192513368987,-0.03043309078678491,0.8141263940520446,-0.0008309336016786746,0.0072527517447675115
2026-09-27T12:00:00+00:00,336,all,trend_range,2019-09-01T00:00:00+00:00,2026-09-28T00:00:00+00:00,2019-09-01T00:00:00+00:00,2026-09-13T00:00:00+00:00,1687,153,catboost,0.21765191831005165,-0.07668521614876811,0.3477929563024744,0.13267326732673268,0.09137055837563451,0.06398104265402843,0.06956521739130435,-0.09715604413685663,0.6455245998814464,,
2026-09-27T12:00:00+00:00,336,all,trend_range,2019-09-01T00:00:00+00:00,2026-09-28T00:00:00+00:00,2019-09-01T00:00:00+00:00,2026-09-13T00:00:00+00:00,1687,153,catboost_calibrated,0.20550345927282912,-0.016588956276923472,0.3333333333333333,0.13861386138613863,0.10236886632825719,0.07582938388625593,0.08300395256916997,-0.031771723387399975,0.7587433313574392,,
2026-09-27T12:00:00+00:00,336,all,trend_range,2019-09-01T00:00:00+00:00,2026-09-28T00:00:00+00:00,2019-09-01T00:00:00+00:00,2026-09-13T00:00:00+00:00,1687,153,climatology,0.20215000173270528,0.0,0.3333333333333333,0.3287128712871287,0.36548223350253806,0.41706161137440756,0.47114624505928854,-0.009846073572719494,0.8192056905749852,,
2026-09-27T12:00:00+00:00,336,all,trend_range,2019-09-01T00:00:00+00:00,2026-09-28T00:00:00+00:00,2019-09-01T00:00:00+00:00,2026-09-13T00:00:00+00:00,1687,153,logistic,0.21664806631976213,-0.07171933941522823,0.3251266240916098,0.033663366336633666,0.06175972927241963,0.0924170616113744,0.1233201581027668,-0.009846073572719494,0.8192056905749852,,
2026-09-27T12:00:00+00:00,336,all,trend_range,2019-09-01T00:00:00+00:00,2026-09-28T00:00:00+00:00,2019-09-01T00:00:00+00:00,2026-09-13T00:00:00+00:00,1687,153,selected,0.2042237359339251,-0.010258393190428094,0.3333333333333333,0.23366336633663368,0.29780033840947545,0.32701421800947866,0.35177865612648224,-0.0250588262896696,0.8008298755186722,-0.0003049627168903292,0.004723196664964906
2026-09-27T12:00:00+00:00,336,all,vol_high,2019-09-01T00:00:00+00:00,2026-09-28T00:00:00+00:00,2019-09-20T00:00:00+00:00,2026-09-12T00:00:00+00:00,188,73,catboost,0.24972145138067747,-0.07820506836264696,0.35887611749680715,0.16176470588235295,0.13333333333333333,0.14516129032258066,0.1111111111111111,-0.09099860429320605,0.6329787234042553,,
2026-09-27T12:00:00+00:00,336,all,vol_high,2019-09-01T00:00:00+00:00,2026-09-28T00:00:00+00:00,2019-09-20T00:00:00+00:00,2026-09-12T00:00:00+00:00,188,73,catboost_calibrated,0.2360788583876015,-0.019301386562720513,0.3333333333333333,0.14705882352941177,0.13333333333333333,0.14516129032258066,0.12698412698412698,-0.03045160969728511,0.75,,
2026-09-27T12:00:00+00:00,336,all,vol_high,2019-09-01T00:00:00+00:00,2026-09-28T00:00:00+00:00,2019-09-20T00:00:00+00:00,2026-09-12T00:00:00+00:00,188,73,climatology,0.23160849332669373,0.0,0.3333333333333333,0.29411764705882354,0.3333333333333333,0.5,0.42857142857142855,-0.0033319310161663562,0.851063829787234,,
2026-09-27T12:00:00+00:00,336,all,vol_high,2019-09-01T00:00:00+00:00,2026-09-28T00:00:00+00:00,2019-09-20T00:00:00+00:00,2026-09-12T00:00:00+00:00,188,73,logistic,0.25207776688076566,-0.08837876910325204,0.3074712643678161,0.08823529411764706,0.15,0.2903225806451613,0.15873015873015872,-0.0033319310161663562,0.851063829787234,,
2026-09-27T12:00:00+00:00,336,all,vol_high,2019-09-01T00:00:00+00:00,2026-09-28T00:00:00+00:00,2019-09-20T00:00:00+00:00,2026-09-12T00:00:00+00:00,188,73,selected,0.23728024476957615,-0.02448852959326575,0.3333333333333333,0.20588235294117646,0.26666666666666666,0.3225806451612903,0.35714285714285715,-0.017092566371561313,0.8351063829787234,0.0008564964048749611,0.011225705807459217
2026-09-27T12:00:00+00:00,336,all,vol_normal,2019-09-01T00:00:00+00:00,2026-09-28T00:00:00+00:00,2019-09-01T00:00:00+00:00,2026-09-13T00:00:00+00:00,2087,156,catboost,0.2191888412379669,-0.07234180718771177,0.34706530318732415,0.13893376413570274,0.10149863760217984,0.07142857142857142,0.07397793640493186,-0.09221795597664939,0.6526114039290848,,
2026-09-27T12:00:00+00:00,336,all,vol_normal,2019-09-01T00:00:00+00:00,2026-09-28T00:00:00+00:00,2019-09-01T00:00:00+00:00,2026-09-13T00:00:00+00:00,2087,156,catboost_calibrated,0.20740420957070396,-0.014687625762506373,0.3333333333333333,0.14862681744749595,0.11239782016348773,0.07875457875457875,0.08500973393900065,-0.02827984306421505,0.7604216578821275,,
2026-09-27T12:00:00+00:00,336,all,vol_normal,2019-09-01T00:00:00+00:00,2026-09-28T00:00:00+00:00,2019-09-01T00:00:00+00:00,2026-09-13T00:00:00+00:00,2087,156,climatology,0.20440202906273358,0.0,0.3333333333333333,0.3198707592891761,0.3753405994550409,0.40476190476190477,0.4672290720311486,-0.010277424300145332,0.8183996166746527,,
2026-09-27T12:00:00+00:00,336,all,vol_normal,2019-09-01T00:00:00+00:00,2026-09-28T00:00:00+00:00,2019-09-01T00:00:00+00:00,2026-09-13T00:00:00+00:00,2087,156,logistic,0.21988454589048967,-0.0757454165144531,0.32615647140230186,0.0420032310177706,0.0681198910081744,0.09157509157509157,0.12199870214146658,-0.010277424300145332,0.8183996166746527,,
2026-09-27T12:00:00+00:00,336,all,vol_normal,2019-09-01T00:00:00+00:00,2026-09-28T00:00:00+00:00,2019-09-01T00:00:00+00:00,2026-09-13T00:00:00+00:00,2087,156,selected,0.20628247814838052,-0.009199757430342403,0.3333333333333333,0.2310177705977383,0.3065395095367847,0.31868131868131866,0.35431537962362103,-0.02526977294514743,0.7997125059894585,-0.0004984393086544898,0.004405936569870813
2026-09-27T12:00:00+00:00,336,recent_30,all,2026-08-29T00:00:00+00:00,2026-09-28T00:00:00+00:00,2026-08-29T00:00:00+00:00,2026-09-13T00:00:00+00:00,16,2,catboost,0.18002524088522265,-0.25221038612334046,,0.0,0.09090909090909091,,0.0,0.08355886194858486,1.0,,
2026-09-27T12:00:00+00:00,336,recent_30,all,2026-08-29T00:00:00+00:00,2026-09-28T00:00:00+00:00,2026-08-29T00:00:00+00:00,2026-09-13T00:00:00+00:00,16,2,catboost_calibrated,0.1598772940512258,-0.11206632543200068,,0.0,0.09090909090909091,,0.0,0.19688091503467142,1.0,,
2026-09-27T12:00:00+00:00,336,recent_30,all,2026-08-29T00:00:00+00:00,2026-09-28T00:00:00+00:00,2026-08-29T00:00:00+00:00,2026-09-13T00:00:00+00:00,16,2,climatology,0.1437659700639877,0.0,,1.0,1.0,,1.0,0.10705864734983428,1.0,,
2026-09-27T12:00:00+00:00,336,recent_30,all,2026-08-29T00:00:00+00:00,2026-09-28T00:00:00+00:00,2026-08-29T00:00:00+00:00,2026-09-13T00:00:00+00:00,16,2,logistic,0.16253028866942282,-0.13051989004827402,,0.4,0.8181818181818182,,0.0,0.10705864734983428,1.0,,
2026-09-27T12:00:00+00:00,336,recent_30,all,2026-08-29T00:00:00+00:00,2026-09-28T00:00:00+00:00,2026-08-29T00:00:00+00:00,2026-09-13T00:00:00+00:00,16,2,selected,0.1545810954751125,-0.07522729757474034,,0.0,0.36363636363636365,,0.1875,0.12230052832953031,1.0,,
2026-09-27T12:00:00+00:00,336,recent_30,trend_up,2026-08-29T00:00:00+00:00,2026-09-28T00:00:00+00:00,2026-09-04T00:00:00+00:00,2026-09-12T00:00:00+00:00,2,1,catboost,0.08880215969329004,-0.029093100300456642,,,0.0,,0.0,-0.6474429499736558,1.0,,
2026-09-27T12:00:00+00:00,336,recent_30,trend_up,2026-08-29T00:00:00+00:00,2026-09-28T00:00:00+00:00,2026-09-04T00:00:00+00:00,2026-09-12T00:00:00+00:00,2,1,catboost_calibrated,0.085660668507419,0.0073123983405731785,,,0.0,,0.0,-0.3178666916266262,1.0,,
2026-09-27T12:00:00+00:00,336,recent_30,trend_up,2026-08-29T00:00:00+00:00,2026-09-28T00:00:00+00:00,2026-09-04T00:00:00+00:00,2026-09-12T00:00:00+00:00,2,1,climatology,0.0862916675540465,0.0,,,1.0,,1.0,0.0,1.0,,
2026-09-27T12:00:00+00:00,336,recent_30,trend_up,2026-08-29T00:00:00+00:00,2026-09-28T00:00:00+00:00,2026-09-04T00:00:00+00:00,2026-09-12T00:00:00+00:00,2,1,logistic,0.13130114099345863,-0.5215969828282856,,,0.5,,0.0,0.0,1.0,,
2026-09-27T12:00:00+00:00,336,recent_30,trend_up,2026-08-29T00:00:00+00:00,2026-09-28T00:00:00+00:00,2026-09-04T00:00:00+00:00,2026-09-12T00:00:00+00:00,2,1,selected,0.085660668507419,0.0073123983405731785,,,0.0,,0.0,-0.3178666916266262,1.0,,
2026-09-27T12:00:00+00:00,336,recent_30,trend_down,2026-08-29T00:00:00+00:00,2026-09-28T00:00:00+00:00,2026-08-29T00:00:00+00:00,2026-08-29T00:00:00+00:00,1,1,catboost,0.16173555169101564,-0.8605254002893878,,,0.0,,0.0,-0.08016544317211172,1.0,,
2026-09-27T12:00:00+00:00,336,recent_30,trend_down,2026-08-29T00:00:00+00:00,2026-09-28T00:00:00+00:00,2026-08-29T00:00:00+00:00,2026-08-29T00:00:00+00:00,1,1,catboost_calibrated,0.12078217078071438,-0.3894180610885001,,,0.0,,0.0,0.9245612593250053,1.0,,
2026-09-27T12:00:00+00:00,336,recent_30,trend_down,2026-08-29T00:00:00+00:00,2026-09-28T00:00:00+00:00,2026-08-29T00:00:00+00:00,2026-08-29T00:00:00+00:00,1,1,climatology,0.08693004226970465,0.0,,,1.0,,1.0,0.09708631658621891,1.0,,
2026-09-27T12:00:00+00:00,336,recent_30,trend_down,2026-08-29T00:00:00+00:00,2026-09-28T00:00:00+00:00,2026-08-29T00:00:00+00:00,2026-08-29T00:00:00+00:00,1,1,logistic,0.24680236028149857,-1.8390916861144775,,,1.0,,0.0,0.09708631658621891,1.0,,
2026-09-27T12:00:00+00:00,336,recent_30,trend_down,2026-08-29T00:00:00+00:00,2026-09-28T00:00:00+00:00,2026-08-29T00:00:00+00:00,2026-08-29T00:00:00+00:00,1,1,selected,0.08693004226970465,0.0,,,1.0,,1.0,0.09708631658621891,1.0,,
2026-09-27T12:00:00+00:00,336,recent_30,trend_range,2026-08-29T00:00:00+00:00,2026-09-28T00:00:00+00:00,2026-08-30T00:00:00+00:00,2026-09-13T00:00:00+00:00,13,1,catboost,0.19546646023738207,-0.24516661303719767,,0.0,0.125,,0.0,0.17766238934817447,1.0,,
2026-09-27T12:00:00+00:00,336,recent_30,trend_range,2026-08-29T00:00:00+00:00,2026-09-28T00:00:00+00:00,2026-08-30T00:00:00+00:00,2026-09-13T00:00:00+00:00,13,1,catboost_calibrated,0.17430255361723543,-0.1103476272488435,,0.0,0.125,,0.0,0.2326634623864794,1.0,,
2026-09-27T12:00:00+00:00,336,recent_30,trend_range,2026-08-29T00:00:00+00:00,2026-09-28T00:00:00+00:00,2026-08-30T00:00:00+00:00,2026-09-13T00:00:00+00:00,13,1,climatology,0.15698016489584657,0.0,,1.0,1.0,,1.0,0.12033409375715987,1.0,,
2026-09-27T12:00:00+00:00,336,recent_30,trend_range,2026-08-29T00:00:00+00:00,2026-09-28T00:00:00+00:00,2026-08-30T00:00:00+00:00,2026-09-13T00:00:00+00:00,13,1,logistic,0.16085230588018076,-0.024666434685574945,,0.4,0.875,,0.0,0.12033409375715987,1.0,,
2026-09-27T12:00:00+00:00,336,recent_30,trend_range,2026-08-29T00:00:00+00:00,2026-09-28T00:00:00+00:00,2026-08-30T00:00:00+00:00,2026-09-13T00:00:00+00:00,13,1,selected,0.17038816525517364,-0.08541206698453285,,0.0,0.375,,0.15384615384615385,0.17631112989822917,1.0,,
2026-09-27T12:00:00+00:00,336,recent_30,vol_high,2026-08-29T00:00:00+00:00,2026-09-28T00:00:00+00:00,2026-09-12T00:00:00+00:00,2026-09-12T00:00:00+00:00,1,1,catboost,0.056932117806793456,0.34023620796138254,,,0.0,,0.0,0.258830161699079,1.0,,
2026-09-27T12:00:00+00:00,336,recent_30,vol_high,2026-08-29T00:00:00+00:00,2026-09-28T00:00:00+00:00,2026-09-12T00:00:00+00:00,2026-09-12T00:00:00+00:00,1,1,catboost_calibrated,0.07056331449522495,0.18226966177204218,,,0.0,,0.0,0.2003189023512456,1.0,,
2026-09-27T12:00:00+00:00,336,recent_30,vol_high,2026-08-29T00:00:00+00:00,2026-09-28T00:00:00+00:00,2026-09-12T00:00:00+00:00,2026-09-12T00:00:00+00:00,1,1,climatology,0.0862916675540465,0.0,,,1.0,,1.0,0.14203551536931303,1.0,,
2026-09-27T12:00:00+00:00,336,recent_30,vol_high,2026-08-29T00:00:00+00:00,2026-09-28T00:00:00+00:00,2026-09-12T00:00:00+00:00,2026-09-12T00:00:00+00:00,1,1,logistic,0.09427098736140467,-0.09246918078574073,,,0.0,,0.0,0.14203551536931303,1.0,,
2026-09-27T12:00:00+00:00,336,recent_30,vol_high,2026-08-29T00:00:00+00:00,2026-09-28T00:00:00+00:00,2026-09-12T00:00:00+00:00,2026-09-12T00:00:00+00:00,1,1,selected,0.07056331449522495,0.18226966177204218,,,0.0,,0.0,0.2003189023512456,1.0,,
2026-09-27T12:00:00+00:00,336,recent_30,vol_normal,2026-08-29T00:00:00+00:00,2026-09-28T00:00:00+00:00,2026-08-29T00:00:00+00:00,2026-09-13T00:00:00+00:00,15,2,catboost,0.18823144909045125,-0.2753016414119782,,0.0,0.1,,0.0,0.06901374778271374,1.0,,
2026-09-27T12:00:00+00:00,336,recent_30,vol_normal,2026-08-29T00:00:00+00:00,2026-09-28T00:00:00+00:00,2026-08-29T00:00:00+00:00,2026-09-13T00:00:00+00:00,15,2,catboost_calibrated,0.1658315593549592,-0.12353839310699821,,0.0,0.1,,0.0,0.19659560923679353,1.0,,
2026-09-27T12:00:00+00:00,336,recent_30,vol_normal,2026-08-29T00:00:00+00:00,2026-09-28T00:00:00+00:00,2026-08-29T00:00:00+00:00,2026-09-13T00:00:00+00:00,15,2,climatology,0.1475975902313171,0.0,,1.0,1.0,,1.0,0.1041560469855296,1.0,,
2026-09-27T12:00:00+00:00,336,recent_30,vol_normal,2026-08-29T00:00:00+00:00,2026-09-28T00:00:00+00:00,2026-08-29T00:00:00+00:00,2026-09-13T00:00:00+00:00,15,2,logistic,0.167080908756624,-0.13200295814296403,,0.4,0.9,,0.0,0.1041560469855296,1.0,,
2026-09-27T12:00:00+00:00,336,recent_30,vol_normal,2026-08-29T00:00:00+00:00,2026-09-28T00:00:00+00:00,2026-08-29T00:00:00+00:00,2026-09-13T00:00:00+00:00,15,2,selected,0.16018228087377165,-0.08526352376574464,,0.0,0.4,,0.2,0.11582607324876737,1.0,,
2026-09-27T12:00:00+00:00,336,recent_90,all,2026-06-30T00:00:00+00:00,2026-09-28T00:00:00+00:00,2026-06-30T00:00:00+00:00,2026-09-13T00:00:00+00:00,76,6,catboost,0.19548507604894577,-0.33406754232668345,,0.0,0.25,,0.10526315789473684,-0.0991859190684532,0.7894736842105263,,
2026-09-27T12:00:00+00:00,336,recent_90,all,2026-06-30T00:00:00+00:00,2026-09-28T00:00:00+00:00,2026-06-30T00:00:00+00:00,2026-09-13T00:00:00+00:00,76,6,catboost_calibrated,0.16675876878955165,-0.13802785019148556,,0.0,0.25,,0.13157894736842105,-0.0143729129225183,0.7894736842105263,,
2026-09-27T12:00:00+00:00,336,recent_90,all,2026-06-30T00:00:00+00:00,2026-09-28T00:00:00+00:00,2026-06-30T00:00:00+00:00,2026-09-13T00:00:00+00:00,76,6,climatology,0.14653311758714224,0.0,,1.0,1.0,,1.0,0.01658807443964405,0.8026315789473685,,
2026-09-27T12:00:00+00:00,336,recent_90,all,2026-06-30T00:00:00+00:00,2026-09-28T00:00:00+00:00,2026-06-30T00:00:00+00:00,2026-09-13T00:00:00+00:00,76,6,logistic,0.14067691578869523,0.03996503926809836,,0.16666666666666666,0.36538461538461536,,0.0,0.01658807443964405,0.8026315789473685,,
2026-09-27T12:00:00+00:00,336,recent_90,all,2026-06-30T00:00:00+00:00,2026-09-28T00:00:00+00:00,2026-06-30T00:00:00+00:00,2026-09-13T00:00:00+00:00,76,6,selected,0.14880998609474747,-0.015538252001300545,,0.7916666666666666,0.8653846153846154,,0.8289473684210527,0.018548504088918727,0.8026315789473685,,
2026-09-27T12:00:00+00:00,336,recent_90,trend_up,2026-06-30T00:00:00+00:00,2026-09-28T00:00:00+00:00,2026-07-03T00:00:00+00:00,2026-09-12T00:00:00+00:00,9,4,catboost,0.1895190456858899,-0.25676216050891565,,0.0,0.0,,0.2222222222222222,-0.24232014671602609,0.8888888888888888,,
2026-09-27T12:00:00+00:00,336,recent_90,trend_up,2026-06-30T00:00:00+00:00,2026-09-28T00:00:00+00:00,2026-07-03T00:00:00+00:00,2026-09-12T00:00:00+00:00,9,4,catboost_calibrated,0.1648338273528584,-0.09306648436946618,,0.0,0.0,,0.3333333333333333,-0.12020668277376378,0.8888888888888888,,
2026-09-27T12:00:00+00:00,336,recent_90,trend_up,2026-06-30T00:00:00+00:00,2026-09-28T00:00:00+00:00,2026-07-03T00:00:00+00:00,2026-09-12T00:00:00+00:00,9,4,climatology,0.15079945246692159,0.0,,1.0,1.0,,1.0,0.0035403656695588426,0.8888888888888888,,
2026-09-27T12:00:00+00:00,336,recent_90,trend_up,2026-06-30T00:00:00+00:00,2026-09-28T00:00:00+00:00,2026-07-03T00:00:00+00:00,2026-09-12T00:00:00+00:00,9,4,logistic,0.11920634017653212,0.20950415783054344,,0.3333333333333333,0.3333333333333333,,0.0,0.0035403656695588426,0.8888888888888888,,
2026-09-27T12:00:00+00:00,336,recent_90,trend_up,2026-06-30T00:00:00+00:00,2026-09-28T00:00:00+00:00,2026-07-03T00:00:00+00:00,2026-09-12T00:00:00+00:00,9,4,selected,0.1506592304565599,0.0009298575562960432,,1.0,0.6666666666666666,,0.7777777777777778,-0.03998532046757797,0.8888888888888888,,
2026-09-27T12:00:00+00:00,336,recent_90,trend_down,2026-06-30T00:00:00+00:00,2026-09-28T00:00:00+00:00,2026-07-24T00:00:00+00:00,2026-08-29T00:00:00+00:00,5,2,catboost,0.11325076965108297,-0.32619707222091887,,,0.2,,0.0,-0.3178450733976048,1.0,,
2026-09-27T12:00:00+00:00,336,recent_90,trend_down,2026-06-30T00:00:00+00:00,2026-09-28T00:00:00+00:00,2026-07-24T00:00:00+00:00,2026-08-29T00:00:00+00:00,5,2,catboost_calibrated,0.09777229684684502,-0.14493997896958666,,,0.2,,0.0,0.5265216806587919,1.0,,
2026-09-27T12:00:00+00:00,336,recent_90,trend_down,2026-06-30T00:00:00+00:00,2026-09-28T00:00:00+00:00,2026-07-24T00:00:00+00:00,2026-08-29T00:00:00+00:00,5,2,climatology,0.0853951286903592,0.0,,,1.0,,1.0,0.09019041966745367,1.0,,
2026-09-27T12:00:00+00:00,336,recent_90,trend_down,2026-06-30T00:00:00+00:00,2026-09-28T00:00:00+00:00,2026-07-24T00:00:00+00:00,2026-08-29T00:00:00+00:00,5,2,logistic,0.1310727036712592,-0.5348967286708572,,,0.6,,0.0,0.09019041966745367,1.0,,
2026-09-27T12:00:00+00:00,336,recent_90,trend_down,2026-06-30T00:00:00+00:00,2026-09-28T00:00:00+00:00,2026-07-24T00:00:00+00:00,2026-08-29T00:00:00+00:00,5,2,selected,0.0853951286903592,0.0,,,1.0,,1.0,0.09019041966745367,1.0,,
2026-09-27T12:00:00+00:00,336,recent_90,trend_range,2026-06-30T00:00:00+00:00,2026-09-28T00:00:00+00:00,2026-06-30T00:00:00+00:00,2026-09-13T00:00:00+00:00,62,5,catboost,0.20298291161760407,-0.34564527691190405,,0.0,0.2926829268292683,,0.0967741935483871,-0.08022246050863036,0.7580645161290323,,
2026-09-27T12:00:00+00:00,336,recent_90,trend_range,2026-06-30T00:00:00+00:00,2026-09-28T00:00:00+00:00,2026-06-30T00:00:00+00:00,2026-09-13T00:00:00+00:00,62,5,catboost_calibrated,0.1726016209289673,-0.14423699088500253,,0.0,0.2926829268292683,,0.11290322580645161,-0.010611755255059308,0.7580645161290323,,
2026-09-27T12:00:00+00:00,336,recent_90,trend_range,2026-06-30T00:00:00+00:00,2026-09-28T00:00:00+00:00,2026-06-30T00:00:00+00:00,2026-09-13T00:00:00+00:00,62,5,climatology,0.15084429388659226,0.0,,1.0,1.0,,1.0,0.016950734112067822,0.7741935483870968,,
2026-09-27T12:00:00+00:00,336,recent_90,trend_range,2026-06-30T00:00:00+00:00,2026-09-28T00:00:00+00:00,2026-06-30T00:00:00+00:00,2026-09-13T00:00:00+00:00,62,5,logistic,0.14456814548380248,0.04160680023805419,,0.14285714285714285,0.34146341463414637,,0.0,0.016950734112067822,0.7741935483870968,,
2026-09-27T12:00:00+00:00,336,recent_90,trend_range,2026-06-30T00:00:00+00:00,2026-09-28T00:00:00+00:00,2026-06-30T00:00:00+00:00,2026-09-13T00:00:00+00:00,62,5,selected,0.15365564880064472,-0.018637462787727932,,0.7619047619047619,0.8780487804878049,,0.8225806451612904,0.02395132633177588,0.7741935483870968,,
2026-09-27T12:00:00+00:00,336,recent_90,vol_high,2026-06-30T00:00:00+00:00,2026-09-28T00:00:00+00:00,2026-08-20T00:00:00+00:00,2026-09-12T00:00:00+00:00,3,2,catboost,0.18824248864724613,-0.23837537136043951,,0.0,0.0,,0.3333333333333333,-0.399742973071197,1.0,,
2026-09-27T12:00:00+00:00,336,recent_90,vol_high,2026-06-30T00:00:00+00:00,2026-09-28T00:00:00+00:00,2026-08-20T00:00:00+00:00,2026-09-12T00:00:00+00:00,3,2,catboost_calibrated,0.1664147928435895,-0.09477930497263243,,0.0,0.0,,0.6666666666666666,-0.16515774226617652,1.0,,
2026-09-27T12:00:00+00:00,336,recent_90,vol_high,2026-06-30T00:00:00+00:00,2026-09-28T00:00:00+00:00,2026-08-20T00:00:00+00:00,2026-09-12T00:00:00+00:00,3,2,climatology,0.1520076165924141,0.0,,1.0,1.0,,1.0,0.06440951742529188,1.0,,
2026-09-27T12:00:00+00:00,336,recent_90,vol_high,2026-06-30T00:00:00+00:00,2026-09-28T00:00:00+00:00,2026-08-20T00:00:00+00:00,2026-09-12T00:00:00+00:00,3,2,logistic,0.10238815472563201,0.32642747106435677,,1.0,0.0,,0.0,0.06440951742529188,1.0,,
2026-09-27T12:00:00+00:00,336,recent_90,vol_high,2026-06-30T00:00:00+00:00,2026-09-28T00:00:00+00:00,2026-08-20T00:00:00+00:00,2026-09-12T00:00:00+00:00,3,2,selected,0.1467648322394736,0.03449027404329519,,1.0,0.5,,0.6666666666666666,0.09083956078210209,1.0,,
2026-09-27T12:00:00+00:00,336,recent_90,vol_normal,2026-06-30T00:00:00+00:00,2026-09-28T00:00:00+00:00,2026-06-30T00:00:00+00:00,2026-09-13T00:00:00+00:00,73,6,catboost,0.19578271662709776,-0.3381532911834839,,0.0,0.26,,0.0958904109589041,-0.09250843268069753,0.7808219178082192,,
2026-09-27T12:00:00+00:00,336,recent_90,vol_normal,2026-06-30T00:00:00+00:00,2026-09-28T00:00:00+00:00,2026-06-30T00:00:00+00:00,2026-09-13T00:00:00+00:00,73,6,catboost_calibrated,0.1667729047873309,-0.1398744243929273,,0.0,0.26,,0.1095890410958904,-0.011022921192119117,0.7808219178082192,,
2026-09-27T12:00:00+00:00,336,recent_90,vol_normal,2026-06-30T00:00:00+00:00,2026-09-28T00:00:00+00:00,2026-06-30T00:00:00+00:00,2026-09-13T00:00:00+00:00,73,6,climatology,0.1463081381759667,0.0,,1.0,1.0,,1.0,0.015525623798985477,0.7945205479452054,,
2026-09-27T12:00:00+00:00,336,recent_90,vol_normal,2026-06-30T00:00:00+00:00,2026-09-28T00:00:00+00:00,2026-06-30T00:00:00+00:00,2026-09-13T00:00:00+00:00,73,6,logistic,0.1422504265173143,0.027734011991678464,,0.13043478260869565,0.38,,0.0,0.015525623798985477,0.7945205479452054,,
2026-09-27T12:00:00+00:00,336,recent_90,vol_normal,2026-06-30T00:00:00+00:00,2026-09-28T00:00:00+00:00,2026-06-30T00:00:00+00:00,2026-09-13T00:00:00+00:00,73,6,selected,0.14889403351345737,-0.017674309643531894,,0.782608695652174,0.88,,0.8356164383561644,0.016942411200408736,0.7945205479452054,,
2026-09-27T12:00:00+00:00,336,recent_365,all,2025-09-28T00:00:00+00:00,2026-09-28T00:00:00+00:00,2025-09-28T00:00:00+00:00,2026-09-13T00:00:00+00:00,263,19,catboost,0.2047706256989902,-0.12756376955391957,0.3253588516746411,0.10144927536231885,0.28865979381443296,0.0,0.037914691943127965,-0.10807243721057236,0.7110266159695817,,
2026-09-27T12:00:00+00:00,336,recent_365,all,2025-09-28T00:00:00+00:00,2026-09-28T00:00:00+00:00,2025-09-28T00:00:00+00:00,2026-09-13T00:00:00+00:00,263,19,catboost_calibrated,0.18881437087629854,-0.03970109503982844,0.3333333333333333,0.13043478260869565,0.32989690721649484,0.0,0.04739336492890995,-0.04039149838982725,0.779467680608365,,
2026-09-27T12:00:00+00:00,336,recent_365,all,2025-09-28T00:00:00+00:00,2026-09-28T00:00:00+00:00,2025-09-28T00:00:00+00:00,2026-09-13T00:00:00+00:00,263,19,climatology,0.18160447437930755,0.0,0.3333333333333333,1.0,1.0,0.28846153846153844,0.6729857819905213,0.0014786648804090419,0.8326996197718631,,
2026-09-27T12:00:00+00:00,336,recent_365,all,2025-09-28T00:00:00+00:00,2026-09-28T00:00:00+00:00,2025-09-28T00:00:00+00:00,2026-09-13T00:00:00+00:00,263,19,logistic,0.19632580834693963,-0.0810626170855484,0.3269537480063796,0.18840579710144928,0.24742268041237114,0.0,0.0,0.0014786648804090419,0.8326996197718631,,
2026-09-27T12:00:00+00:00,336,recent_365,all,2025-09-28T00:00:00+00:00,2026-09-28T00:00:00+00:00,2025-09-28T00:00:00+00:00,2026-09-13T00:00:00+00:00,263,19,selected,0.18195604595167297,-0.0019359191097412243,0.3333333333333333,0.8695652173913043,0.8350515463917526,0.28846153846153844,0.6113744075829384,-0.00607736690595595,0.8250950570342205,-0.004672704510251187,0.005798036352702122
2026-09-27T12:00:00+00:00,336,recent_365,trend_up,2025-09-28T00:00:00+00:00,2026-09-28T00:00:00+00:00,2025-09-29T00:00:00+00:00,2026-09-12T00:00:00+00:00,36,14,catboost,0.2073518086165469,-0.14456215263211902,0.32142857142857145,0.2,0.25806451612903225,0.0,0.08,-0.17712247159301464,0.6666666666666666,,
2026-09-27T12:00:00+00:00,336,recent_365,trend_up,2025-09-28T00:00:00+00:00,2026-09-28T00:00:00+00:00,2025-09-29T00:00:00+00:00,2026-09-12T00:00:00+00:00,36,14,catboost_calibrated,0.18889258854528596,-0.042669023261139305,0.3333333333333333,0.2,0.3548387096774194,0.0,0.12,-0.07843531032666218,0.7777777777777778,,
2026-09-27T12:00:00+00:00,336,recent_365,trend_up,2025-09-28T00:00:00+00:00,2026-09-28T00:00:00+00:00,2025-09-29T00:00:00+00:00,2026-09-12T00:00:00+00:00,36,14,climatology,0.18116255909712328,0.0,0.3333333333333333,1.0,1.0,0.2727272727272727,0.68,0.003052186984116023,0.8055555555555556,,
2026-09-27T12:00:00+00:00,336,recent_365,trend_up,2025-09-28T00:00:00+00:00,2026-09-28T00:00:00+00:00,2025-09-29T00:00:00+00:00,2026-09-12T00:00:00+00:00,36,14,logistic,0.19140221322631823,-0.05652191148230212,0.3333333333333333,0.4,0.25806451612903225,0.0,0.0,0.003052186984116023,0.8055555555555556,,
2026-09-27T12:00:00+00:00,336,recent_365,trend_up,2025-09-28T00:00:00+00:00,2026-09-28T00:00:00+00:00,2025-09-29T00:00:00+00:00,2026-09-12T00:00:00+00:00,36,14,selected,0.18362194616804797,-0.013575581418046712,0.3333333333333333,1.0,0.8064516129032258,0.2727272727272727,0.6,-0.03151060733355693,0.7777777777777778,,
2026-09-27T12:00:00+00:00,336,recent_365,trend_down,2025-09-28T00:00:00+00:00,2026-09-28T00:00:00+00:00,2025-10-08T00:00:00+00:00,2026-08-29T00:00:00+00:00,33,12,catboost,0.2506984652260462,-0.2027762421124628,0.3333333333333333,0.25,0.44,0.0,0.0,-0.13963090313118287,0.6060606060606061,,
2026-09-27T12:00:00+00:00,336,recent_365,trend_down,2025-09-28T00:00:00+00:00,2026-09-28T00:00:00+00:00,2025-10-08T00:00:00+00:00,2026-08-29T00:00:00+00:00,33,12,catboost_calibrated,0.2255501573927819,-0.08212218400361992,0.3333333333333333,0.25,0.44,0.0,0.0,-0.03942457171160618,0.6666666666666666,,
2026-09-27T12:00:00+00:00,336,recent_365,trend_down,2025-09-28T00:00:00+00:00,2026-09-28T00:00:00+00:00,2025-10-08T00:00:00+00:00,2026-08-29T00:00:00+00:00,33,12,climatology,0.2084331702343396,0.0,0.3333333333333333,1.0,1.0,0.36363636363636365,0.6363636363636364,-0.0023867616951631643,0.7575757575757576,,
2026-09-27T12:00:00+00:00,336,recent_365,trend_down,2025-09-28T00:00:00+00:00,2026-09-28T00:00:00+00:00,2025-10-08T00:00:00+00:00,2026-08-29T00:00:00+00:00,33,12,logistic,0.2593664705388421,-0.2443627386525793,0.31884057971014496,0.25,0.28,0.0,0.0,-0.0023867616951631643,0.7575757575757576,,
2026-09-27T12:00:00+00:00,336,recent_365,trend_down,2025-09-28T00:00:00+00:00,2026-09-28T00:00:00+00:00,2025-10-08T00:00:00+00:00,2026-08-29T00:00:00+00:00,33,12,selected,0.21045104357823885,-0.009681152676565663,0.3333333333333333,0.875,0.92,0.36363636363636365,0.6363636363636364,-0.00463602680596753,0.7272727272727273,,
2026-09-27T12:00:00+00:00,336,recent_365,trend_range,2025-09-28T00:00:00+00:00,2026-09-28T00:00:00+00:00,2025-09-28T00:00:00+00:00,2026-09-13T00:00:00+00:00,194,18,catboost,0.19647917575350107,-0.10928201664011272,0.32489451476793246,0.07142857142857142,0.26811594202898553,0.0,0.036585365853658534,-0.08951034155530979,0.7371134020618557,,
2026-09-27T12:00:00+00:00,336,recent_365,trend_range,2025-09-28T00:00:00+00:00,2026-09-28T00:00:00+00:00,2025-09-28T00:00:00+00:00,2026-09-13T00:00:00+00:00,194,18,catboost_calibrated,0.1825509853550228,-0.03064624735759547,0.3333333333333333,0.10714285714285714,0.30434782608695654,0.0,0.042682926829268296,-0.0336242510290381,0.7989690721649485,,
2026-09-27T12:00:00+00:00,336,recent_365,trend_range,2025-09-28T00:00:00+00:00,2026-09-28T00:00:00+00:00,2025-09-28T00:00:00+00:00,2026-09-13T00:00:00+00:00,194,18,climatology,0.17712283513674354,0.0,0.3333333333333333,1.0,1.0,0.26666666666666666,0.676829268292683,0.0019198448780027855,0.8505154639175257,,
2026-09-27T12:00:00+00:00,336,recent_365,trend_range,2025-09-28T00:00:00+00:00,2026-09-28T00:00:00+00:00,2025-09-28T00:00:00+00:00,2026-09-13T00:00:00+00:00,194,18,logistic,0.1865160535634839,-0.05303222715178735,0.3270042194092827,0.16071428571428573,0.2391304347826087,0.0,0.0,0.0019198448780027855,0.8505154639175257,,
2026-09-27T12:00:00+00:00,336,recent_365,trend_range,2025-09-28T00:00:00+00:00,2026-09-28T00:00:00+00:00,2025-09-28T00:00:00+00:00,2026-09-13T00:00:00+00:00,194,18,selected,0.1767998226039092,0.001823663970740852,0.3333333333333333,0.8571428571428571,0.8260869565217391,0.26666666666666666,0.6097560975609756,-0.0017031328833556625,0.8505154639175257,-0.004693147613393793,0.003636041578912831
2026-09-27T12:00:00+00:00,336,recent_365,vol_high,2025-09-28T00:00:00+00:00,2026-09-28T00:00:00+00:00,2025-10-02T00:00:00+00:00,2026-09-12T00:00:00+00:00,20,9,catboost,0.3055116083736131,-0.2971109590931571,,0.2,0.4666666666666667,0.0,0.09090909090909091,-0.16350845230990418,0.55,,
2026-09-27T12:00:00+00:00,336,recent_365,vol_high,2025-09-28T00:00:00+00:00,2026-09-28T00:00:00+00:00,2025-10-02T00:00:00+00:00,2026-09-12T00:00:00+00:00,20,9,catboost_calibrated,0.265680190746994,-0.12799866710940577,,0.2,0.5333333333333333,0.0,0.18181818181818182,-0.06773958352449028,0.65,,
2026-09-27T12:00:00+00:00,336,recent_365,vol_high,2025-09-28T00:00:00+00:00,2026-09-28T00:00:00+00:00,2025-10-02T00:00:00+00:00,2026-09-12T00:00:00+00:00,20,9,climatology,0.23553236231016345,0.0,,1.0,1.0,0.3333333333333333,0.6363636363636364,0.007413118703893273,0.75,,
2026-09-27T12:00:00+00:00,336,recent_365,vol_high,2025-09-28T00:00:00+00:00,2026-09-28T00:00:00+00:00,2025-10-02T00:00:00+00:00,2026-09-12T00:00:00+00:00,20,9,logistic,0.28822417891816887,-0.2237137015533246,,0.4,0.4,0.0,0.0,0.007413118703893273,0.75,,
2026-09-27T12:00:00+00:00,336,recent_365,vol_high,2025-09-28T00:00:00+00:00,2026-09-28T00:00:00+00:00,2025-10-02T00:00:00+00:00,2026-09-12T00:00:00+00:00,20,9,selected,0.24448979020777215,-0.038030561107407435,,0.8,0.9333333333333333,0.3333333333333333,0.5454545454545454,0.0011117217029564808,0.7,,
2026-09-27T12:00:00+00:00,336,recent_365,vol_normal,2025-09-28T00:00:00+00:00,2026-09-28T00:00:00+00:00,2025-09-28T00:00:00+00:00,2026-09-13T00:00:00+00:00,243,19,catboost,0.19647918679572907,-0.10901203118737368,0.3247863247863248,0.09375,0.2737430167597765,0.0,0.035,-0.1028526826354077,0.7242798353909465,,
2026-09-27T12:00:00+00:00,336,recent_365,vol_normal,2025-09-28T00:00:00+00:00,2026-09-28T00:00:00+00:00,2025-09-28T00:00:00+00:00,2026-09-13T00:00:00+00:00,243,19,catboost_calibrated,0.18248796594866928,-0.03003963465297299,0.3333333333333333,0.125,0.3128491620111732,0.0,0.04,-0.037816452325497796,0.7901234567901234,,
2026-09-27T12:00:00+00:00,336,recent_365,vol_normal,2025-09-28T00:00:00+00:00,2026-09-28T00:00:00+00:00,2025-09-28T00:00:00+00:00,2026-09-13T00:00:00+00:00,243,19,climatology,0.17716596508458693,0.0,0.3333333333333333,1.0,1.0,0.27906976744186046,0.675,0.0009198874783765687,0.8395061728395061,,
2026-09-27T12:00:00+00:00,336,recent_365,vol_normal,2025-09-28T00:00:00+00:00,2026-09-28T00:00:00+00:00,2025-09-28T00:00:00+00:00,2026-09-13T00:00:00+00:00,243,19,logistic,0.18876215644807304,-0.06545383227500601,0.3264957264957265,0.171875,0.2346368715083799,0.0,0.0,0.0009198874783765687,0.8395061728395061,,
2026-09-27T12:00:00+00:00,336,recent_365,vol_normal,2025-09-28T00:00:00+00:00,2026-09-28T00:00:00+00:00,2025-09-28T00:00:00+00:00,2026-09-13T00:00:00+00:00,243,19,selected,0.17680923572483354,0.0020135321114475024,0.3333333333333333,0.875,0.8268156424581006,0.27906976744186046,0.615,-0.006754278442443473,0.8353909465020576,-0.005353346952869974,0.004438263684103253
2026-09-27T12:00:00+00:00,336,year_2019,all,2019-01-01T00:00:00+00:00,2020-01-01T00:00:00+00:00,2019-09-01T00:00:00+00:00,2019-12-31T00:00:00+00:00,92,8,catboost,0.20143955792302498,0.054734130622450916,0.3333333333333333,0.0,0.014705882352941176,0.0,0.0,-0.06515082522036364,0.7717391304347826,,
2026-09-27T12:00:00+00:00,336,year_2019,all,2019-01-01T00:00:00+00:00,2020-01-01T00:00:00+00:00,2019-09-01T00:00:00+00:00,2019-12-31T00:00:00+00:00,92,8,catboost_calibrated,0.1987767955512268,0.0672292850711389,0.3333333333333333,0.0,0.014705882352941176,0.0,0.0,0.031820525819879264,0.9782608695652174,,
2026-09-27T12:00:00+00:00,336,year_2019,all,2019-01-01T00:00:00+00:00,2020-01-01T00:00:00+00:00,2019-09-01T00:00:00+00:00,2019-12-31T00:00:00+00:00,92,8,climatology,0.21310359809740248,0.0,0.3333333333333333,0.0,0.0,0.0,0.0,0.012734406612218141,1.0,,
2026-09-27T12:00:00+00:00,336,year_2019,all,2019-01-01T00:00:00+00:00,2020-01-01T00:00:00+00:00,2019-09-01T00:00:00+00:00,2019-12-31T00:00:00+00:00,92,8,logistic,0.23373496821694634,-0.09681380466468692,0.25396825396825395,0.0,0.0,0.0,0.03278688524590164,0.012734406612218141,1.0,,
2026-09-27T12:00:00+00:00,336,year_2019,all,2019-01-01T00:00:00+00:00,2020-01-01T00:00:00+00:00,2019-09-01T00:00:00+00:00,2019-12-31T00:00:00+00:00,92,8,selected,0.2084444614502171,0.021863247213009696,0.3333333333333333,0.0,0.0,0.0,0.0,-0.002307817344840979,0.9782608695652174,,
2026-09-27T12:00:00+00:00,336,year_2019,trend_up,2019-01-01T00:00:00+00:00,2020-01-01T00:00:00+00:00,2019-09-03T00:00:00+00:00,2019-12-30T00:00:00+00:00,15,5,catboost,0.21190261182522763,-0.038446512296120394,0.3333333333333333,0.0,0.08333333333333333,0.0,0.0,-0.10429420680182555,0.9333333333333333,,
2026-09-27T12:00:00+00:00,336,year_2019,trend_up,2019-01-01T00:00:00+00:00,2020-01-01T00:00:00+00:00,2019-09-03T00:00:00+00:00,2019-12-30T00:00:00+00:00,15,5,catboost_calibrated,0.20055685487536412,0.017154320711368465,0.3333333333333333,0.0,0.08333333333333333,0.0,0.0,0.03116484884137183,1.0,,
2026-09-27T12:00:00+00:00,336,year_2019,trend_up,2019-01-01T00:00:00+00:00,2020-01-01T00:00:00+00:00,2019-09-03T00:00:00+00:00,2019-12-30T00:00:00+00:00,15,5,climatology,0.20405731957892317,0.0,0.3333333333333333,0.0,0.0,0.0,0.0,-0.0405910851707989,1.0,,
2026-09-27T12:00:00+00:00,336,year_2019,trend_up,2019-01-01T00:00:00+00:00,2020-01-01T00:00:00+00:00,2019-09-03T00:00:00+00:00,2019-12-30T00:00:00+00:00,15,5,logistic,0.24977510805647601,-0.22404385479478273,0.1818181818181818,0.0,0.0,0.0,0.0,-0.0405910851707989,1.0,,
2026-09-27T12:00:00+00:00,336,year_2019,trend_up,2019-01-01T00:00:00+00:00,2020-01-01T00:00:00+00:00,2019-09-03T00:00:00+00:00,2019-12-30T00:00:00+00:00,15,5,selected,0.1917500816482628,0.06031265115143447,0.3333333333333333,0.0,0.0,0.0,0.0,0.07712785341007722,1.0,,
2026-09-27T12:00:00+00:00,336,year_2019,trend_down,2019-01-01T00:00:00+00:00,2020-01-01T00:00:00+00:00,2019-09-24T00:00:00+00:00,2019-12-24T00:00:00+00:00,8,4,catboost,0.18757101452040115,0.03779616277407383,,0.0,0.0,0.0,0.0,-0.509954878821228,0.75,,
2026-09-27T12:00:00+00:00,336,year_2019,trend_down,2019-01-01T00:00:00+00:00,2020-01-01T00:00:00+00:00,2019-09-24T00:00:00+00:00,2019-12-24T00:00:00+00:00,8,4,catboost_calibrated,0.1841798454441556,0.05519221890880488,,0.0,0.0,0.0,0.0,-0.03163641427528674,1.0,,
2026-09-27T12:00:00+00:00,336,year_2019,trend_down,2019-01-01T00:00:00+00:00,2020-01-01T00:00:00+00:00,2019-09-24T00:00:00+00:00,2019-12-24T00:00:00+00:00,8,4,climatology,0.19493895915149975,0.0,,0.0,0.0,0.0,0.0,0.14870359575457937,1.0,,
2026-09-27T12:00:00+00:00,336,year_2019,trend_down,2019-01-01T00:00:00+00:00,2020-01-01T00:00:00+00:00,2019-09-24T00:00:00+00:00,2019-12-24T00:00:00+00:00,8,4,logistic,0.22356871883726764,-0.14686525366906178,,0.0,0.0,0.0,0.0,0.14870359575457937,1.0,,
2026-09-27T12:00:00+00:00,336,year_2019,trend_down,2019-01-01T00:00:00+00:00,2020-01-01T00:00:00+00:00,2019-09-24T00:00:00+00:00,2019-12-24T00:00:00+00:00,8,4,selected,0.18217949918702278,0.06545361696817498,,0.0,0.0,0.0,0.0,0.07611132583037183,1.0,,
2026-09-27T12:00:00+00:00,336,year_2019,trend_range,2019-01-01T00:00:00+00:00,2020-01-01T00:00:00+00:00,2019-09-01T00:00:00+00:00,2019-12-31T00:00:00+00:00,69,7,catboost,0.20077292804893732,0.07552989464695725,0.3333333333333333,0.0,0.0,0.0,0.0,-0.016725634496326247,0.7391304347826086,,
2026-09-27T12:00:00+00:00,336,year_2019,trend_range,2019-01-01T00:00:00+00:00,2020-01-01T00:00:00+00:00,2019-09-01T00:00:00+00:00,2019-12-31T00:00:00+00:00,69,7,catboost_calibrated,0.2000822261453502,0.07871026994845742,0.3333333333333333,0.0,0.0,0.0,0.0,0.03778276940015346,0.9710144927536232,,
2026-09-27T12:00:00+00:00,336,year_2019,trend_range,2019-01-01T00:00:00+00:00,2020-01-01T00:00:00+00:00,2019-09-01T00:00:00+00:00,2019-12-31T00:00:00+00:00,69,7,climatology,0.21717622547920554,0.0,0.3333333333333333,0.0,0.0,0.0,0.0,0.01046655187428469,1.0,,
2026-09-27T12:00:00+00:00,336,year_2019,trend_range,2019-01-01T00:00:00+00:00,2020-01-01T00:00:00+00:00,2019-09-01T00:00:00+00:00,2019-12-31T00:00:00+00:00,69,7,logistic,0.231426676875562,-0.06561699543728805,0.26666666666666666,0.0,0.0,0.0,0.044444444444444446,0.01046655187428469,1.0,,
2026-09-27T12:00:00+00:00,336,year_2019,trend_range,2019-01-01T00:00:00+00:00,2020-01-01T00:00:00+00:00,2019-09-01T00:00:00+00:00,2019-12-31T00:00:00+00:00,69,7,selected,0.21511888746666444,0.009473127217316413,0.3333333333333333,0.0,0.0,0.0,0.0,-0.02477080452982161,0.9710144927536232,,
2026-09-27T12:00:00+00:00,336,year_2019,vol_high,2019-01-01T00:00:00+00:00,2020-01-01T00:00:00+00:00,2019-09-20T00:00:00+00:00,2019-12-19T00:00:00+00:00,6,3,catboost,0.13115464663350385,0.24387484104707802,,,0.0,0.0,0.0,-0.21310099359538337,0.8333333333333334,,
2026-09-27T12:00:00+00:00,336,year_2019,vol_high,2019-01-01T00:00:00+00:00,2020-01-01T00:00:00+00:00,2019-09-20T00:00:00+00:00,2019-12-19T00:00:00+00:00,6,3,catboost_calibrated,0.14784309357128816,0.14766357505380645,,,0.0,0.0,0.0,-0.0201309518992121,1.0,,
2026-09-27T12:00:00+00:00,336,year_2019,vol_high,2019-01-01T00:00:00+00:00,2020-01-01T00:00:00+00:00,2019-09-20T00:00:00+00:00,2019-12-19T00:00:00+00:00,6,3,climatology,0.17345626591122307,0.0,,,0.0,0.0,0.0,-0.044063742538419826,1.0,,
2026-09-27T12:00:00+00:00,336,year_2019,vol_high,2019-01-01T00:00:00+00:00,2020-01-01T00:00:00+00:00,2019-09-20T00:00:00+00:00,2019-12-19T00:00:00+00:00,6,3,logistic,0.23068315010025808,-0.32992111232421206,,,0.0,0.0,0.25,-0.044063742538419826,1.0,,
2026-09-27T12:00:00+00:00,336,year_2019,vol_high,2019-01-01T00:00:00+00:00,2020-01-01T00:00:00+00:00,2019-09-20T00:00:00+00:00,2019-12-19T00:00:00+00:00,6,3,selected,0.16624893249779052,0.04155130041321975,,,0.0,0.0,0.0,-0.13352048494356117,1.0,,
2026-09-27T12:00:00+00:00,336,year_2019,vol_normal,2019-01-01T00:00:00+00:00,2020-01-01T00:00:00+00:00,2019-09-01T00:00:00+00:00,2019-12-31T00:00:00+00:00,86,8,catboost,0.2063431563850846,0.044130950526755086,0.3333333333333333,0.0,0.016129032258064516,0.0,0.0,-0.05832384809316693,0.7674418604651163,,
2026-09-27T12:00:00+00:00,336,year_2019,vol_normal,2019-01-01T00:00:00+00:00,2020-01-01T00:00:00+00:00,2019-09-01T00:00:00+00:00,2019-12-31T00:00:00+00:00,86,8,catboost_calibrated,0.20233030964285045,0.06272015924285501,0.3333333333333333,0.0,0.016129032258064516,0.0,0.0,0.03421776236247798,0.9767441860465116,,
2026-09-27T12:00:00+00:00,336,year_2019,vol_normal,2019-01-01T00:00:00+00:00,2020-01-01T00:00:00+00:00,2019-09-01T00:00:00+00:00,2019-12-31T00:00:00+00:00,86,8,climatology,0.2158696910406243,0.0,0.3333333333333333,0.0,0.0,0.0,0.0,0.015355286800306955,1.0,,
2026-09-27T12:00:00+00:00,336,year_2019,vol_normal,2019-01-01T00:00:00+00:00,2020-01-01T00:00:00+00:00,2019-09-01T00:00:00+00:00,2019-12-31T00:00:00+00:00,86,8,logistic,0.23394788575997105,-0.08374586831619935,0.25862068965517243,0.0,0.0,0.0,0.017543859649122806,0.015355286800306955,1.0,,
2026-09-27T12:00:00+00:00,336,year_2019,vol_normal,2019-01-01T00:00:00+00:00,2020-01-01T00:00:00+00:00,2019-09-01T00:00:00+00:00,2019-12-31T00:00:00+00:00,86,8,selected,0.2113883355631771,0.0207595399606324,0.3333333333333333,0.0,0.0,0.0,0.0,0.0037468285560972037,0.9767441860465116,,
2026-09-27T12:00:00+00:00,336,year_2020,all,2020-01-01T00:00:00+00:00,2021-01-01T00:00:00+00:00,2020-01-01T00:00:00+00:00,2020-12-31T00:00:00+00:00,233,18,catboost,0.20291589850636307,-0.04926054923677636,0.36997950819672126,0.36666666666666664,0.0979020979020979,0.0,0.0,0.003178806286368241,0.6523605150214592,,
2026-09-27T12:00:00+00:00,336,year_2020,all,2020-01-01T00:00:00+00:00,2021-01-01T00:00:00+00:00,2020-01-01T00:00:00+00:00,2020-12-31T00:00:00+00:00,233,18,catboost_calibrated,0.19304201899543322,0.0017964271509617324,0.3333333333333333,0.28888888888888886,0.06993006993006994,0.0,0.0,0.0339586029128045,0.7639484978540773,,
2026-09-27T12:00:00+00:00,336,year_2020,all,2020-01-01T00:00:00+00:00,2021-01-01T00:00:00+00:00,2020-01-01T00:00:00+00:00,2020-12-31T00:00:00+00:00,233,18,climatology,0.1933894290164273,0.0,0.3333333333333333,0.0,0.0,0.1,0.2857142857142857,0.05163692143167997,0.8326180257510729,,
2026-09-27T12:00:00+00:00,336,year_2020,all,2020-01-01T00:00:00+00:00,2021-01-01T00:00:00+00:00,2020-01-01T00:00:00+00:00,2020-12-31T00:00:00+00:00,233,18,logistic,0.23151350190085201,-0.19713628132790184,0.3125,0.011111111111111112,0.06993006993006994,0.0,0.0,0.05163692143167997,0.8326180257510729,,
2026-09-27T12:00:00+00:00,336,year_2020,all,2020-01-01T00:00:00+00:00,2021-01-01T00:00:00+00:00,2020-01-01T00:00:00+00:00,2020-12-31T00:00:00+00:00,233,18,selected,0.1933304465096195,0.0003049934378925867,0.3333333333333333,0.0,0.0,0.1,0.2857142857142857,0.051681783545876825,0.8326180257510729,-0.00020900388665518347,0.0
2026-09-27T12:00:00+00:00,336,year_2020,trend_up,2020-01-01T00:00:00+00:00,2021-01-01T00:00:00+00:00,2020-01-04T00:00:00+00:00,2020-12-29T00:00:00+00:00,42,14,catboost,0.20929638252097355,0.04386411701476689,0.39707419017763845,0.47368421052631576,0.17391304347826086,0.0,0.0,-0.06445568200716312,0.6428571428571429,,
2026-09-27T12:00:00+00:00,336,year_2020,trend_up,2020-01-01T00:00:00+00:00,2021-01-01T00:00:00+00:00,2020-01-04T00:00:00+00:00,2020-12-29T00:00:00+00:00,42,14,catboost_calibrated,0.20689389262204289,0.05483949448287473,0.3333333333333333,0.42105263157894735,0.17391304347826086,0.0,0.0,-0.00992696192285658,0.7142857142857143,,
2026-09-27T12:00:00+00:00,336,year_2020,trend_up,2020-01-01T00:00:00+00:00,2021-01-01T00:00:00+00:00,2020-01-04T00:00:00+00:00,2020-12-29T00:00:00+00:00,42,14,climatology,0.21889815688907263,0.0,0.3333333333333333,0.0,0.0,0.125,0.2647058823529412,0.03712366570703096,0.8095238095238095,,
2026-09-27T12:00:00+00:00,336,year_2020,trend_up,2020-01-01T00:00:00+00:00,2021-01-01T00:00:00+00:00,2020-01-04T00:00:00+00:00,2020-12-29T00:00:00+00:00,42,14,logistic,0.24054269214481255,-0.09887947693734289,0.28735632183908044,0.05263157894736842,0.17391304347826086,0.0,0.0,0.03712366570703096,0.8095238095238095,,
2026-09-27T12:00:00+00:00,336,year_2020,trend_up,2020-01-01T00:00:00+00:00,2021-01-01T00:00:00+00:00,2020-01-04T00:00:00+00:00,2020-12-29T00:00:00+00:00,42,14,selected,0.21889815688907263,0.0,0.3333333333333333,0.0,0.0,0.125,0.2647058823529412,0.03712366570703096,0.8095238095238095,,
2026-09-27T12:00:00+00:00,336,year_2020,trend_down,2020-01-01T00:00:00+00:00,2021-01-01T00:00:00+00:00,2020-03-09T00:00:00+00:00,2020-12-24T00:00:00+00:00,21,8,catboost,0.21113991666785528,-0.09325602283640189,0.26666666666666666,0.1111111111111111,0.0,0.0,0.0,0.07743514458810052,0.8095238095238095,,
2026-09-27T12:00:00+00:00,336,year_2020,trend_down,2020-01-01T00:00:00+00:00,2021-01-01T00:00:00+00:00,2020-03-09T00:00:00+00:00,2020-12-24T00:00:00+00:00,21,8,catboost_calibrated,0.19898586791297934,-0.030323881852288626,0.3333333333333333,0.1111111111111111,0.0,0.0,0.0,0.0838851036794982,0.8571428571428571,,
2026-09-27T12:00:00+00:00,336,year_2020,trend_down,2020-01-01T00:00:00+00:00,2021-01-01T00:00:00+00:00,2020-03-09T00:00:00+00:00,2020-12-24T00:00:00+00:00,21,8,climatology,0.19312943378081066,0.0,0.3333333333333333,0.0,0.0,0.0,0.2631578947368421,0.050557541767001446,0.8571428571428571,,
2026-09-27T12:00:00+00:00,336,year_2020,trend_down,2020-01-01T00:00:00+00:00,2021-01-01T00:00:00+00:00,2020-03-09T00:00:00+00:00,2020-12-24T00:00:00+00:00,21,8,logistic,0.2662464647439181,-0.3785908213560576,0.3111111111111111,0.0,0.08333333333333333,0.0,0.0,0.050557541767001446,0.8571428571428571,,
2026-09-27T12:00:00+00:00,336,year_2020,trend_down,2020-01-01T00:00:00+00:00,2021-01-01T00:00:00+00:00,2020-03-09T00:00:00+00:00,2020-12-24T00:00:00+00:00,21,8,selected,0.19312943378081066,0.0,0.3333333333333333,0.0,0.0,0.0,0.2631578947368421,0.050557541767001446,0.8571428571428571,,
2026-09-27T12:00:00+00:00,336,year_2020,trend_range,2020-01-01T00:00:00+00:00,2021-01-01T00:00:00+00:00,2020-01-01T00:00:00+00:00,2020-12-31T00:00:00+00:00,170,18,catboost,0.20032363550633375,-0.0705658870792234,0.37503192848020434,0.3709677419354839,0.09259259259259259,0.0,0.0,0.010522297091442256,0.6352941176470588,,
2026-09-27T12:00:00+00:00,336,year_2020,trend_range,2020-01-01T00:00:00+00:00,2021-01-01T00:00:00+00:00,2020-01-01T00:00:00+00:00,2020-12-31T00:00:00+00:00,170,18,catboost_calibrated,0.1888855512331622,-0.009438687558088299,0.3333333333333333,0.27419354838709675,0.05555555555555555,0.0,0.0,0.03849042774570155,0.7647058823529411,,
2026-09-27T12:00:00+00:00,336,year_2020,trend_range,2020-01-01T00:00:00+00:00,2021-01-01T00:00:00+00:00,2020-01-01T00:00:00+00:00,2020-12-31T00:00:00+00:00,170,18,climatology,0.187119389776997,0.0,0.3333333333333333,0.0,0.0,0.1,0.29333333333333333,0.055486381806752805,0.8352941176470589,,
2026-09-27T12:00:00+00:00,336,year_2020,trend_range,2020-01-01T00:00:00+00:00,2021-01-01T00:00:00+00:00,2020-01-01T00:00:00+00:00,2020-12-31T00:00:00+00:00,170,18,logistic,0.22499221831290658,-0.202399273432033,0.3189655172413793,0.0,0.046296296296296294,0.0,0.0,0.055486381806752805,0.8352941176470589,,
2026-09-27T12:00:00+00:00,336,year_2020,trend_range,2020-01-01T00:00:00+00:00,2021-01-01T00:00:00+00:00,2020-01-01T00:00:00+00:00,2020-12-31T00:00:00+00:00,170,18,selected,0.18703854904707803,0.0004320275414284591,0.3333333333333333,0.0,0.0,0.1,0.29333333333333333,0.055548692457294435,0.8352941176470589,-0.00028341129347863393,0.0
2026-09-27T12:00:00+00:00,336,year_2020,vol_high,2020-01-01T00:00:00+00:00,2021-01-01T00:00:00+00:00,2020-01-04T00:00:00+00:00,2020-12-28T00:00:00+00:00,20,7,catboost,0.181112750862983,0.20958180124244463,,0.6666666666666666,0.125,0.0,0.0,-0.06352261483579658,0.6,,
2026-09-27T12:00:00+00:00,336,year_2020,vol_high,2020-01-01T00:00:00+00:00,2021-01-01T00:00:00+00:00,2020-01-04T00:00:00+00:00,2020-12-28T00:00:00+00:00,20,7,catboost_calibrated,0.19601924563873102,0.14452638855452538,,0.6666666666666666,0.125,0.0,0.0,-0.0009399186141725302,0.65,,
2026-09-27T12:00:00+00:00,336,year_2020,vol_high,2020-01-01T00:00:00+00:00,2021-01-01T00:00:00+00:00,2020-01-04T00:00:00+00:00,2020-12-28T00:00:00+00:00,20,7,climatology,0.22913535030907814,0.0,,0.0,0.0,0.0,0.3888888888888889,0.06108478379100213,0.8,,
2026-09-27T12:00:00+00:00,336,year_2020,vol_high,2020-01-01T00:00:00+00:00,2021-01-01T00:00:00+00:00,2020-01-04T00:00:00+00:00,2020-12-28T00:00:00+00:00,20,7,logistic,0.25404226857679957,-0.10869958840538896,,0.0,0.125,0.0,0.0,0.06108478379100213,0.8,,
2026-09-27T12:00:00+00:00,336,year_2020,vol_high,2020-01-01T00:00:00+00:00,2021-01-01T00:00:00+00:00,2020-01-04T00:00:00+00:00,2020-12-28T00:00:00+00:00,20,7,selected,0.22913535030907814,0.0,,0.0,0.0,0.0,0.3888888888888889,0.06108478379100213,0.8,,
2026-09-27T12:00:00+00:00,336,year_2020,vol_normal,2020-01-01T00:00:00+00:00,2021-01-01T00:00:00+00:00,2020-01-01T00:00:00+00:00,2020-12-31T00:00:00+00:00,213,17,catboost,0.2049631424165396,-0.0785660258087173,0.3671485114438135,0.32051282051282054,0.0962962962962963,0.0,0.0,0.010020254788779326,0.6572769953051644,,
2026-09-27T12:00:00+00:00,336,year_2020,vol_normal,2020-01-01T00:00:00+00:00,2021-01-01T00:00:00+00:00,2020-01-01T00:00:00+00:00,2020-12-31T00:00:00+00:00,213,17,catboost_calibrated,0.19276246719794046,-0.014363098260093299,0.3333333333333333,0.23076923076923078,0.06666666666666667,0.0,0.0,0.03753808343691212,0.7746478873239436,,
2026-09-27T12:00:00+00:00,336,year_2020,vol_normal,2020-01-01T00:00:00+00:00,2021-01-01T00:00:00+00:00,2020-01-01T00:00:00+00:00,2020-12-31T00:00:00+00:00,213,17,climatology,0.19003300448190608,0.0,0.3333333333333333,0.0,0.0,0.10714285714285714,0.2756756756756757,0.05066787065732237,0.8356807511737089,,
2026-09-27T12:00:00+00:00,336,year_2020,vol_normal,2020-01-01T00:00:00+00:00,2021-01-01T00:00:00+00:00,2020-01-01T00:00:00+00:00,2020-12-31T00:00:00+00:00,213,17,logistic,0.22939812474818091,-0.20714886013404565,0.3131991051454139,0.01282051282051282,0.06666666666666667,0.0,0.0,0.05066787065732237,0.8356807511737089,,
2026-09-27T12:00:00+00:00,336,year_2020,vol_normal,2020-01-01T00:00:00+00:00,2021-01-01T00:00:00+00:00,2020-01-01T00:00:00+00:00,2020-12-31T00:00:00+00:00,213,17,selected,0.18996848371154823,0.00033952402391235204,0.3333333333333333,0.0,0.0,0.10714285714285714,0.2756756756756757,0.05071733420037683,0.8356807511737089,-0.0002241369231784927,0.0
2026-09-27T12:00:00+00:00,336,year_2021,all,2021-01-01T00:00:00+00:00,2022-01-01T00:00:00+00:00,2021-01-01T00:00:00+00:00,2021-12-31T00:00:00+00:00,365,25,catboost,0.2307618865320684,-0.047400911005486934,0.3295165394402036,0.09448818897637795,0.13025210084033614,0.057692307692307696,0.02681992337164751,-0.06670986223012387,0.5808219178082191,,
2026-09-27T12:00:00+00:00,336,year_2021,all,2021-01-01T00:00:00+00:00,2022-01-01T00:00:00+00:00,2021-01-01T00:00:00+00:00,2021-12-31T00:00:00+00:00,365,25,catboost_calibrated,0.2230244567962266,-0.012281632532109565,0.3333333333333333,0.1889763779527559,0.2184873949579832,0.019230769230769232,0.011494252873563218,-0.019256848883853817,0.6904109589041096,,
2026-09-27T12:00:00+00:00,336,year_2021,all,2021-01-01T00:00:00+00:00,2022-01-01T00:00:00+00:00,2021-01-01T00:00:00+00:00,2021-12-31T00:00:00+00:00,365,25,climatology,0.220318584896533,0.0,0.3333333333333333,0.5511811023622047,0.7352941176470589,0.0,0.0,0.006636296953864029,0.7808219178082192,,
2026-09-27T12:00:00+00:00,336,year_2021,all,2021-01-01T00:00:00+00:00,2022-01-01T00:00:00+00:00,2021-01-01T00:00:00+00:00,2021-12-31T00:00:00+00:00,365,25,logistic,0.23103051820947124,-0.0486201984184349,0.3333333333333333,0.07086614173228346,0.08403361344537816,0.009615384615384616,0.022988505747126436,0.006636296953864029,0.7808219178082192,,
2026-09-27T12:00:00+00:00,336,year_2021,all,2021-01-01T00:00:00+00:00,2022-01-01T00:00:00+00:00,2021-01-01T00:00:00+00:00,2021-12-31T00:00:00+00:00,365,25,selected,0.2224916763686879,-0.009863405182887641,0.3333333333333333,0.3543307086614173,0.5798319327731093,0.0,0.0,-0.010819509647206571,0.7643835616438356,-0.0007062551669067944,0.005168415637932617
2026-09-27T12:00:00+00:00,336,year_2021,trend_up,2021-01-01T00:00:00+00:00,2022-01-01T00:00:00+00:00,2021-01-03T00:00:00+00:00,2021-12-12T00:00:00+00:00,56,18,catboost,0.21150818700370042,0.015693875669170576,0.3333333333333333,0.05,0.19444444444444445,0.14285714285714285,0.047619047619047616,0.017203208257186575,0.6607142857142857,,
2026-09-27T12:00:00+00:00,336,year_2021,trend_up,2021-01-01T00:00:00+00:00,2022-01-01T00:00:00+00:00,2021-01-03T00:00:00+00:00,2021-12-12T00:00:00+00:00,56,18,catboost_calibrated,0.21072245800495115,0.019350461622128057,0.3333333333333333,0.1,0.25,0.07142857142857142,0.0,0.03863069068625147,0.75,,
2026-09-27T12:00:00+00:00,336,year_2021,trend_up,2021-01-01T00:00:00+00:00,2022-01-01T00:00:00+00:00,2021-01-03T00:00:00+00:00,2021-12-12T00:00:00+00:00,56,18,climatology,0.21488049477238813,0.0,0.3333333333333333,0.4,0.6944444444444444,0.0,0.0,0.02271362180950176,0.8214285714285714,,
2026-09-27T12:00:00+00:00,336,year_2021,trend_up,2021-01-01T00:00:00+00:00,2022-01-01T00:00:00+00:00,2021-01-03T00:00:00+00:00,2021-12-12T00:00:00+00:00,56,18,logistic,0.23149952986466826,-0.07734082662962871,0.3333333333333333,0.15,0.2222222222222222,0.0,0.023809523809523808,0.02271362180950176,0.8214285714285714,,
2026-09-27T12:00:00+00:00,336,year_2021,trend_up,2021-01-01T00:00:00+00:00,2022-01-01T00:00:00+00:00,2021-01-03T00:00:00+00:00,2021-12-12T00:00:00+00:00,56,18,selected,0.2185520888422999,-0.017086679150664086,0.3333333333333333,0.2,0.5833333333333334,0.0,0.0,-0.009632471923813446,0.8035714285714286,,
2026-09-27T12:00:00+00:00,336,year_2021,trend_down,2021-01-01T00:00:00+00:00,2022-01-01T00:00:00+00:00,2021-01-12T00:00:00+00:00,2021-12-30T00:00:00+00:00,45,17,catboost,0.291391761835359,-0.14162246436893877,0.3333333333333333,0.15,0.08,0.125,0.10344827586206896,-0.01876363710312834,0.6666666666666666,,
2026-09-27T12:00:00+00:00,336,year_2021,trend_down,2021-01-01T00:00:00+00:00,2022-01-01T00:00:00+00:00,2021-01-12T00:00:00+00:00,2021-12-30T00:00:00+00:00,45,17,catboost_calibrated,0.2705580924031319,-0.05999975517064171,0.3333333333333333,0.15,0.24,0.0625,0.06896551724137931,0.03576822486196585,0.7333333333333333,,
2026-09-27T12:00:00+00:00,336,year_2021,trend_down,2021-01-01T00:00:00+00:00,2022-01-01T00:00:00+00:00,2021-01-12T00:00:00+00:00,2021-12-30T00:00:00+00:00,45,17,climatology,0.2552435423530609,0.0,0.3333333333333333,0.5,0.92,0.0,0.0,0.05552735719164614,0.8222222222222222,,
2026-09-27T12:00:00+00:00,336,year_2021,trend_down,2021-01-01T00:00:00+00:00,2022-01-01T00:00:00+00:00,2021-01-12T00:00:00+00:00,2021-12-30T00:00:00+00:00,45,17,logistic,0.2835892276948349,-0.11105348672275261,0.3333333333333333,0.1,0.08,0.0,0.0,0.05552735719164614,0.8222222222222222,,
2026-09-27T12:00:00+00:00,336,year_2021,trend_down,2021-01-01T00:00:00+00:00,2022-01-01T00:00:00+00:00,2021-01-12T00:00:00+00:00,2021-12-30T00:00:00+00:00,45,17,selected,0.2646222728364549,-0.0367442419774171,0.3333333333333333,0.45,0.6,0.0,0.0,0.02344626743077005,0.8,,
2026-09-27T12:00:00+00:00,336,year_2021,trend_range,2021-01-01T00:00:00+00:00,2022-01-01T00:00:00+00:00,2021-01-01T00:00:00+00:00,2021-12-31T00:00:00+00:00,264,24,catboost,0.22451136677805522,-0.04172423453111751,0.3280977312390925,0.09195402298850575,0.12429378531073447,0.02702702702702703,0.010526315789473684,-0.09036849359926524,0.5492424242424242,,
2026-09-27T12:00:00+00:00,336,year_2021,trend_range,2021-01-01T00:00:00+00:00,2022-01-01T00:00:00+00:00,2021-01-01T00:00:00+00:00,2021-12-31T00:00:00+00:00,264,24,catboost_calibrated,0.21753164744016862,-0.00933860128302566,0.3333333333333333,0.21839080459770116,0.20903954802259886,0.0,0.005263157894736842,-0.03904958474286602,0.6704545454545454,,
2026-09-27T12:00:00+00:00,336,year_2021,trend_range,2021-01-01T00:00:00+00:00,2022-01-01T00:00:00+00:00,2021-01-01T00:00:00+00:00,2021-12-31T00:00:00+00:00,264,24,climatology,0.21551900141701924,0.0,0.3333333333333333,0.5977011494252874,0.7175141242937854,0.0,0.0,-0.0041768255351670724,0.7651515151515151,,
2026-09-27T12:00:00+00:00,336,year_2021,trend_range,2021-01-01T00:00:00+00:00,2022-01-01T00:00:00+00:00,2021-01-01T00:00:00+00:00,2021-12-31T00:00:00+00:00,264,24,logistic,0.2219721599536667,-0.029942411083099252,0.3333333333333333,0.04597701149425287,0.05649717514124294,0.013513513513513514,0.02631578947368421,-0.0041768255351670724,0.7651515151515151,,
2026-09-27T12:00:00+00:00,336,year_2021,trend_range,2021-01-01T00:00:00+00:00,2022-01-01T00:00:00+00:00,2021-01-01T00:00:00+00:00,2021-12-31T00:00:00+00:00,264,24,selected,0.2161459947794009,-0.002909225443043173,0.3333333333333333,0.367816091954023,0.576271186440678,0.0,0.0,-0.01646684184838909,0.75,-0.002214190734834285,0.0034850785673511556
2026-09-27T12:00:00+00:00,336,year_2021,vol_high,2021-01-01T00:00:00+00:00,2022-01-01T00:00:00+00:00,2021-01-04T00:00:00+00:00,2021-12-16T00:00:00+00:00,31,11,catboost,0.28373643797818765,-0.14736267799657798,0.3333333333333333,0.0,0.058823529411764705,0.0,0.09523809523809523,0.01872139274242257,0.5483870967741935,,
2026-09-27T12:00:00+00:00,336,year_2021,vol_high,2021-01-01T00:00:00+00:00,2022-01-01T00:00:00+00:00,2021-01-04T00:00:00+00:00,2021-12-16T00:00:00+00:00,31,11,catboost_calibrated,0.26325519364926186,-0.06454139670684444,0.3333333333333333,0.0,0.11764705882352941,0.0,0.047619047619047616,0.05350001968012286,0.6129032258064516,,
2026-09-27T12:00:00+00:00,336,year_2021,vol_high,2021-01-01T00:00:00+00:00,2022-01-01T00:00:00+00:00,2021-01-04T00:00:00+00:00,2021-12-16T00:00:00+00:00,31,11,climatology,0.24729446357242751,0.0,0.3333333333333333,0.35714285714285715,0.8823529411764706,0.0,0.0,0.04768444187731702,0.6774193548387096,,
2026-09-27T12:00:00+00:00,336,year_2021,vol_high,2021-01-01T00:00:00+00:00,2022-01-01T00:00:00+00:00,2021-01-04T00:00:00+00:00,2021-12-16T00:00:00+00:00,31,11,logistic,0.2590368351208806,-0.047483358013043375,0.3333333333333333,0.21428571428571427,0.11764705882352941,0.0,0.0,0.04768444187731702,0.6774193548387096,,
2026-09-27T12:00:00+00:00,336,year_2021,vol_high,2021-01-01T00:00:00+00:00,2022-01-01T00:00:00+00:00,2021-01-04T00:00:00+00:00,2021-12-16T00:00:00+00:00,31,11,selected,0.2597287073806604,-0.05028112489300085,0.3333333333333333,0.2857142857142857,0.47058823529411764,0.0,0.0,0.04643714391886633,0.7096774193548387,,
2026-09-27T12:00:00+00:00,336,year_2021,vol_normal,2021-01-01T00:00:00+00:00,2022-01-01T00:00:00+00:00,2021-01-01T00:00:00+00:00,2021-12-31T00:00:00+00:00,334,25,catboost,0.22584508684694954,-0.03686732882008559,0.3292181069958848,0.10619469026548672,0.13574660633484162,0.06382978723404255,0.020833333333333332,-0.07666080893630012,0.5838323353293413,,
2026-09-27T12:00:00+00:00,336,year_2021,vol_normal,2021-01-01T00:00:00+00:00,2022-01-01T00:00:00+00:00,2021-01-01T00:00:00+00:00,2021-12-31T00:00:00+00:00,334,25,catboost_calibrated,0.21929046624998677,-0.006774701857571452,0.3333333333333333,0.21238938053097345,0.22624434389140272,0.02127659574468085,0.008333333333333333,-0.02773149580108658,0.6976047904191617,,
2026-09-27T12:00:00+00:00,336,year_2021,vol_normal,2021-01-01T00:00:00+00:00,2022-01-01T00:00:00+00:00,2021-01-01T00:00:00+00:00,2021-12-31T00:00:00+00:00,334,25,climatology,0.21781483567811166,0.0,0.3333333333333333,0.5752212389380531,0.7239819004524887,0.0,0.0,0.00185505029358779,0.7904191616766467,,
2026-09-27T12:00:00+00:00,336,year_2021,vol_normal,2021-01-01T00:00:00+00:00,2022-01-01T00:00:00+00:00,2021-01-01T00:00:00+00:00,2021-12-31T00:00:00+00:00,334,25,logistic,0.22843112951410088,-0.04873999423840014,0.3333333333333333,0.05309734513274336,0.08144796380090498,0.010638297872340425,0.025,0.00185505029358779,0.7904191616766467,,
2026-09-27T12:00:00+00:00,336,year_2021,vol_normal,2021-01-01T00:00:00+00:00,2022-01-01T00:00:00+00:00,2021-01-01T00:00:00+00:00,2021-12-31T00:00:00+00:00,334,25,selected,0.21903554474781622,-0.005604343092169062,0.3333333333333333,0.36283185840707965,0.5882352941176471,0.0,0.0,-0.01748870710185102,0.7694610778443114,-0.00189004138104516,0.004434338403303126
2026-09-27T12:00:00+00:00,336,year_2022,all,2022-01-01T00:00:00+00:00,2023-01-01T00:00:00+00:00,2022-01-01T00:00:00+00:00,2022-12-31T00:00:00+00:00,365,25,catboost,0.2308508021827459,-0.09559698894740754,0.3438003220611916,0.0945945945945946,0.07903780068728522,0.19696969696969696,0.22746781115879827,-0.18438730751440024,0.5808219178082191,,
2026-09-27T12:00:00+00:00,336,year_2022,all,2022-01-01T00:00:00+00:00,2023-01-01T00:00:00+00:00,2022-01-01T00:00:00+00:00,2022-12-31T00:00:00+00:00,365,25,catboost_calibrated,0.21606916943912105,-0.025444699362458634,0.3333333333333333,0.08108108108108109,0.041237113402061855,0.20454545454545456,0.296137339055794,-0.10672703592250699,0.6767123287671233,,
2026-09-27T12:00:00+00:00,336,year_2022,all,2022-01-01T00:00:00+00:00,2023-01-01T00:00:00+00:00,2022-01-01T00:00:00+00:00,2022-12-31T00:00:00+00:00,365,25,climatology,0.2107077734893515,0.0,0.3333333333333333,0.3783783783783784,0.3161512027491409,0.7045454545454546,0.7811158798283262,-0.08883779405984327,0.7616438356164383,,
2026-09-27T12:00:00+00:00,336,year_2022,all,2022-01-01T00:00:00+00:00,2023-01-01T00:00:00+00:00,2022-01-01T00:00:00+00:00,2022-12-31T00:00:00+00:00,365,25,logistic,0.22055796323261134,-0.04674810796079942,0.3365510306686777,0.0,0.041237113402061855,0.2878787878787879,0.3261802575107296,-0.08883779405984327,0.7616438356164383,,
2026-09-27T12:00:00+00:00,336,year_2022,all,2022-01-01T00:00:00+00:00,2023-01-01T00:00:00+00:00,2022-01-01T00:00:00+00:00,2022-12-31T00:00:00+00:00,365,25,selected,0.214164542982761,-0.016405514785548192,0.3333333333333333,0.4594594594594595,0.3230240549828179,0.4318181818181818,0.39914163090128757,-0.10419875497879971,0.7123287671232876,-0.003598231161636062,0.009857858712084638
2026-09-27T12:00:00+00:00,336,year_2022,trend_up,2022-01-01T00:00:00+00:00,2023-01-01T00:00:00+00:00,2022-01-12T00:00:00+00:00,2022-12-21T00:00:00+00:00,41,17,catboost,0.2468145164396231,-0.02966564825464668,0.30158730158730157,0.0,0.09090909090909091,0.3,0.19047619047619047,-0.11442809664461229,0.5609756097560976,,
2026-09-27T12:00:00+00:00,336,year_2022,trend_up,2022-01-01T00:00:00+00:00,2023-01-01T00:00:00+00:00,2022-01-12T00:00:00+00:00,2022-12-21T00:00:00+00:00,41,17,catboost_calibrated,0.2390184308224631,0.0028582148739851876,0.3333333333333333,0.0,0.0,0.3,0.2857142857142857,-0.09773573755764375,0.6097560975609756,,
2026-09-27T12:00:00+00:00,336,year_2022,trend_up,2022-01-01T00:00:00+00:00,2023-01-01T00:00:00+00:00,2022-01-12T00:00:00+00:00,2022-12-21T00:00:00+00:00,41,17,climatology,0.23970355508896551,0.0,0.3333333333333333,0.25,0.30303030303030304,0.75,0.7619047619047619,-0.08719278345316095,0.6341463414634146,,
2026-09-27T12:00:00+00:00,336,year_2022,trend_up,2022-01-01T00:00:00+00:00,2023-01-01T00:00:00+00:00,2022-01-12T00:00:00+00:00,2022-12-21T00:00:00+00:00,41,17,logistic,0.23346067447155422,0.026044171998593324,0.358974358974359,0.0,0.0,0.45,0.23809523809523808,-0.08719278345316095,0.6341463414634146,,
2026-09-27T12:00:00+00:00,336,year_2022,trend_up,2022-01-01T00:00:00+00:00,2023-01-01T00:00:00+00:00,2022-01-12T00:00:00+00:00,2022-12-21T00:00:00+00:00,41,17,selected,0.24149495547873623,-0.0074733993373850005,0.3333333333333333,0.25,0.30303030303030304,0.5,0.2857142857142857,-0.10931538556757103,0.6097560975609756,,
2026-09-27T12:00:00+00:00,336,year_2022,trend_down,2022-01-01T00:00:00+00:00,2023-01-01T00:00:00+00:00,2022-01-06T00:00:00+00:00,2022-12-17T00:00:00+00:00,52,15,catboost,0.25886184469812545,-0.11528553848380518,0.3111111111111111,0.16666666666666666,0.10869565217391304,0.1111111111111111,0.32,-0.25765084510876357,0.5384615384615384,,
2026-09-27T12:00:00+00:00,336,year_2022,trend_down,2022-01-01T00:00:00+00:00,2023-01-01T00:00:00+00:00,2022-01-06T00:00:00+00:00,2022-12-17T00:00:00+00:00,52,15,catboost_calibrated,0.24077809706462094,-0.03737315923471951,0.3333333333333333,0.16666666666666666,0.08695652173913043,0.1111111111111111,0.32,-0.2064399576339797,0.6346153846153846,,
2026-09-27T12:00:00+00:00,336,year_2022,trend_down,2022-01-01T00:00:00+00:00,2023-01-01T00:00:00+00:00,2022-01-06T00:00:00+00:00,2022-12-17T00:00:00+00:00,52,15,climatology,0.2321036503800092,0.0,0.3333333333333333,0.3333333333333333,0.3695652173913043,0.7037037037037037,0.84,-0.17053916525839408,0.7307692307692307,,
2026-09-27T12:00:00+00:00,336,year_2022,trend_down,2022-01-01T00:00:00+00:00,2023-01-01T00:00:00+00:00,2022-01-06T00:00:00+00:00,2022-12-17T00:00:00+00:00,52,15,logistic,0.24219791433767252,-0.043490328312960846,0.32222222222222224,0.0,0.13043478260869565,0.3333333333333333,0.36,-0.17053916525839408,0.7307692307692307,,
2026-09-27T12:00:00+00:00,336,year_2022,trend_down,2022-01-01T00:00:00+00:00,2023-01-01T00:00:00+00:00,2022-01-06T00:00:00+00:00,2022-12-17T00:00:00+00:00,52,15,selected,0.23574735169617853,-0.015698595477510624,0.3333333333333333,0.5,0.3695652173913043,0.4074074074074074,0.64,-0.19345719516083903,0.6730769230769231,,
2026-09-27T12:00:00+00:00,336,year_2022,trend_range,2022-01-01T00:00:00+00:00,2023-01-01T00:00:00+00:00,2022-01-01T00:00:00+00:00,2022-12-31T00:00:00+00:00,272,24,catboost,0.2230894547734381,-0.10305610637336593,0.3550351288056206,0.1,0.07075471698113207,0.2,0.2192513368983957,-0.18411231701267994,0.5919117647058824,,
2026-09-27T12:00:00+00:00,336,year_2022,trend_range,2022-01-01T00:00:00+00:00,2023-01-01T00:00:00+00:00,2022-01-01T00:00:00+00:00,2022-12-31T00:00:00+00:00,272,24,catboost_calibrated,0.207886140199257,-0.027883978693925338,0.3333333333333333,0.08333333333333333,0.03773584905660377,0.21176470588235294,0.29411764705882354,-0.09002477776636164,0.6948529411764706,,
2026-09-27T12:00:00+00:00,336,year_2022,trend_range,2022-01-01T00:00:00+00:00,2023-01-01T00:00:00+00:00,2022-01-01T00:00:00+00:00,2022-12-31T00:00:00+00:00,272,24,climatology,0.20224669759266634,0.0,0.3333333333333333,0.4,0.30660377358490565,0.6941176470588235,0.7754010695187166,-0.07406894978188117,0.7867647058823529,,
2026-09-27T12:00:00+00:00,336,year_2022,trend_range,2022-01-01T00:00:00+00:00,2023-01-01T00:00:00+00:00,2022-01-01T00:00:00+00:00,2022-12-31T00:00:00+00:00,272,24,logistic,0.21447601978312666,-0.06046735168497386,0.3365715442218174,0.0,0.02830188679245283,0.23529411764705882,0.3315508021390374,-0.07406894978188117,0.7867647058823529,,
2026-09-27T12:00:00+00:00,336,year_2022,trend_range,2022-01-01T00:00:00+00:00,2023-01-01T00:00:00+00:00,2022-01-01T00:00:00+00:00,2022-12-31T00:00:00+00:00,272,24,selected,0.20591876002161136,-0.018156352972154455,0.3333333333333333,0.48333333333333334,0.3160377358490566,0.4235294117647059,0.37967914438502676,-0.08675460782653599,0.7352941176470589,-0.004616358714661221,0.01143340637853575
2026-09-27T12:00:00+00:00,336,year_2022,vol_high,2022-01-01T00:00:00+00:00,2023-01-01T00:00:00+00:00,2022-01-08T00:00:00+00:00,2022-12-17T00:00:00+00:00,31,9,catboost,0.28054534572908085,-0.006736666482517251,0.3125,0.0,0.17391304347826086,0.25,0.2727272727272727,-0.1427435797590102,0.6451612903225806,,
2026-09-27T12:00:00+00:00,336,year_2022,vol_high,2022-01-01T00:00:00+00:00,2023-01-01T00:00:00+00:00,2022-01-08T00:00:00+00:00,2022-12-17T00:00:00+00:00,31,9,catboost_calibrated,0.2756973996072098,0.010660182876489621,0.3333333333333333,0.0,0.08695652173913043,0.25,0.2727272727272727,-0.12119367886781451,0.7419354838709677,,
2026-09-27T12:00:00+00:00,336,year_2022,vol_high,2022-01-01T00:00:00+00:00,2023-01-01T00:00:00+00:00,2022-01-08T00:00:00+00:00,2022-12-17T00:00:00+00:00,31,9,climatology,0.27866805200340117,0.0,0.3333333333333333,0.625,0.17391304347826086,0.8,0.5454545454545454,-0.10211789422098616,0.7741935483870968,,
2026-09-27T12:00:00+00:00,336,year_2022,vol_high,2022-01-01T00:00:00+00:00,2023-01-01T00:00:00+00:00,2022-01-08T00:00:00+00:00,2022-12-17T00:00:00+00:00,31,9,logistic,0.27352983289152766,0.01843849366633099,0.3125,0.0,0.17391304347826086,0.6,0.2727272727272727,-0.10211789422098616,0.7741935483870968,,
2026-09-27T12:00:00+00:00,336,year_2022,vol_high,2022-01-01T00:00:00+00:00,2023-01-01T00:00:00+00:00,2022-01-08T00:00:00+00:00,2022-12-17T00:00:00+00:00,31,9,selected,0.2801753790910936,-0.005409041606513343,0.3333333333333333,0.625,0.17391304347826086,0.35,0.36363636363636365,-0.12080646164558773,0.7419354838709677,,
2026-09-27T12:00:00+00:00,336,year_2022,vol_normal,2022-01-01T00:00:00+00:00,2023-01-01T00:00:00+00:00,2022-01-01T00:00:00+00:00,2022-12-31T00:00:00+00:00,334,25,catboost,0.22623843436856506,-0.10684120614244019,0.34750503468337435,0.10606060606060606,0.0708955223880597,0.1875,0.22522522522522523,-0.18819397047292896,0.5748502994011976,,
2026-09-27T12:00:00+00:00,336,year_2022,vol_normal,2022-01-01T00:00:00+00:00,2023-01-01T00:00:00+00:00,2022-01-01T00:00:00+00:00,2022-12-31T00:00:00+00:00,334,25,catboost_calibrated,0.21053481274687325,-0.030013342896879625,0.3333333333333333,0.09090909090909091,0.03731343283582089,0.19642857142857142,0.2972972972972973,-0.10540463668491595,0.6706586826347305,,
2026-09-27T12:00:00+00:00,336,year_2022,vol_normal,2022-01-01T00:00:00+00:00,2023-01-01T00:00:00+00:00,2022-01-01T00:00:00+00:00,2022-12-31T00:00:00+00:00,334,25,climatology,0.20440008296858642,0.0,0.3333333333333333,0.3484848484848485,0.3283582089552239,0.6875,0.7927927927927928,-0.08762385697750696,0.7604790419161677,,
2026-09-27T12:00:00+00:00,336,year_2022,vol_normal,2022-01-01T00:00:00+00:00,2023-01-01T00:00:00+00:00,2022-01-01T00:00:00+00:00,2022-12-31T00:00:00+00:00,334,25,logistic,0.21564141245588558,-0.05499669728131584,0.33902140672782877,0.0,0.029850746268656716,0.23214285714285715,0.32882882882882886,-0.08762385697750696,0.7604790419161677,,
2026-09-27T12:00:00+00:00,336,year_2022,vol_normal,2022-01-01T00:00:00+00:00,2023-01-01T00:00:00+00:00,2022-01-01T00:00:00+00:00,2022-12-31T00:00:00+00:00,334,25,selected,0.2080377887331852,-0.017796987710410272,0.3333333333333333,0.4393939393939394,0.3358208955223881,0.44642857142857145,0.4009009009009009,-0.10268064060234594,0.7095808383233533,-0.003622201631523578,0.010134824547471609
2026-09-27T12:00:00+00:00,336,year_2023,all,2023-01-01T00:00:00+00:00,2024-01-01T00:00:00+00:00,2023-01-01T00:00:00+00:00,2023-12-31T00:00:00+00:00,321,23,catboost,0.21686037664334465,-0.18341714601251025,0.4060165556228548,0.02,0.027149321266968326,0.0196078431372549,0.07407407407407407,-0.2897132806697562,0.778816199376947,,
2026-09-27T12:00:00+00:00,336,year_2023,all,2023-01-01T00:00:00+00:00,2024-01-01T00:00:00+00:00,2023-01-01T00:00:00+00:00,2023-12-31T00:00:00+00:00,321,23,catboost_calibrated,0.19571237863310914,-0.06801153878942978,0.3333333333333333,0.02,0.027149321266968326,0.0196078431372549,0.08148148148148149,-0.043779357183039824,0.9439252336448598,,
2026-09-27T12:00:00+00:00,336,year_2023,all,2023-01-01T00:00:00+00:00,2024-01-01T00:00:00+00:00,2023-01-01T00:00:00+00:00,2023-12-31T00:00:00+00:00,321,23,climatology,0.18324931100926617,0.0,0.3333333333333333,0.0,0.14027149321266968,0.3137254901960784,0.44814814814814813,-0.036769815146750595,0.9844236760124611,,
2026-09-27T12:00:00+00:00,336,year_2023,all,2023-01-01T00:00:00+00:00,2024-01-01T00:00:00+00:00,2023-01-01T00:00:00+00:00,2023-12-31T00:00:00+00:00,321,23,logistic,0.1957668378161791,-0.06830872508044505,0.33070866141732286,0.0,0.04524886877828054,0.0392156862745098,0.15925925925925927,-0.036769815146750595,0.9844236760124611,,
2026-09-27T12:00:00+00:00,336,year_2023,all,2023-01-01T00:00:00+00:00,2024-01-01T00:00:00+00:00,2023-01-01T00:00:00+00:00,2023-12-31T00:00:00+00:00,321,23,selected,0.18827116393359247,-0.027404484615346725,0.3333333333333333,0.0,0.15384615384615385,0.13725490196078433,0.31851851851851853,-0.057389747282025505,0.9750778816199377,-0.0011810123389007071,0.013518301807653592
2026-09-27T12:00:00+00:00,336,year_2023,trend_up,2023-01-01T00:00:00+00:00,2024-01-01T00:00:00+00:00,2023-01-05T00:00:00+00:00,2023-12-28T00:00:00+00:00,45,16,catboost,0.2427032072488925,-0.07221823921010317,0.48726851851851855,0.06666666666666667,0.0,0.06666666666666667,0.23333333333333334,-0.06976395906749167,0.7555555555555555,,
2026-09-27T12:00:00+00:00,336,year_2023,trend_up,2023-01-01T00:00:00+00:00,2024-01-01T00:00:00+00:00,2023-01-05T00:00:00+00:00,2023-12-28T00:00:00+00:00,45,16,catboost_calibrated,0.229926289664931,-0.015772161592518152,0.3333333333333333,0.06666666666666667,0.0,0.06666666666666667,0.26666666666666666,0.17170449484693484,0.9555555555555556,,
2026-09-27T12:00:00+00:00,336,year_2023,trend_up,2023-01-01T00:00:00+00:00,2024-01-01T00:00:00+00:00,2023-01-05T00:00:00+00:00,2023-12-28T00:00:00+00:00,45,16,climatology,0.22635616367400213,0.0,0.3333333333333333,0.0,0.06666666666666667,0.4,0.5,-0.011854797686529084,1.0,,
2026-09-27T12:00:00+00:00,336,year_2023,trend_up,2023-01-01T00:00:00+00:00,2024-01-01T00:00:00+00:00,2023-01-05T00:00:00+00:00,2023-12-28T00:00:00+00:00,45,16,logistic,0.24563431314318618,-0.08516732726107001,0.3125,0.0,0.13333333333333333,0.13333333333333333,0.43333333333333335,-0.011854797686529084,1.0,,
2026-09-27T12:00:00+00:00,336,year_2023,trend_up,2023-01-01T00:00:00+00:00,2024-01-01T00:00:00+00:00,2023-01-05T00:00:00+00:00,2023-12-28T00:00:00+00:00,45,16,selected,0.23306351979251055,-0.029631868687120644,0.3333333333333333,0.0,0.06666666666666667,0.2,0.4666666666666667,-0.01909897038849273,0.9777777777777777,,
2026-09-27T12:00:00+00:00,336,year_2023,trend_down,2023-01-01T00:00:00+00:00,2024-01-01T00:00:00+00:00,2023-01-19T00:00:00+00:00,2023-12-16T00:00:00+00:00,35,16,catboost,0.2243650857624294,-0.29623099762012184,,0.0,0.043478260869565216,0.0,0.0625,-0.2735303612972453,0.8,,
2026-09-27T12:00:00+00:00,336,year_2023,trend_down,2023-01-01T00:00:00+00:00,2024-01-01T00:00:00+00:00,2023-01-19T00:00:00+00:00,2023-12-16T00:00:00+00:00,35,16,catboost_calibrated,0.19485806956210108,-0.12575924656236714,,0.0,0.043478260869565216,0.0,0.09375,-0.10510115603664105,0.9428571428571428,,
2026-09-27T12:00:00+00:00,336,year_2023,trend_down,2023-01-01T00:00:00+00:00,2024-01-01T00:00:00+00:00,2023-01-19T00:00:00+00:00,2023-12-16T00:00:00+00:00,35,16,climatology,0.1730903567144771,0.0,,0.0,0.13043478260869565,0.0,0.34375,0.030323755777425854,1.0,,
2026-09-27T12:00:00+00:00,336,year_2023,trend_down,2023-01-01T00:00:00+00:00,2024-01-01T00:00:00+00:00,2023-01-19T00:00:00+00:00,2023-12-16T00:00:00+00:00,35,16,logistic,0.19558480721856428,-0.1299578493629956,,0.0,0.0,0.0,0.1875,0.030323755777425854,1.0,,
2026-09-27T12:00:00+00:00,336,year_2023,trend_down,2023-01-01T00:00:00+00:00,2024-01-01T00:00:00+00:00,2023-01-19T00:00:00+00:00,2023-12-16T00:00:00+00:00,35,16,selected,0.18102277258888064,-0.0458281791370303,,0.0,0.13043478260869565,0.0,0.25,0.020492633428446094,1.0,,
2026-09-27T12:00:00+00:00,336,year_2023,trend_range,2023-01-01T00:00:00+00:00,2024-01-01T00:00:00+00:00,2023-01-01T00:00:00+00:00,2023-12-31T00:00:00+00:00,241,22,catboost,0.21094505632625912,-0.1939677029278457,0.3988703729636372,0.0136986301369863,0.02976190476190476,0.0,0.052884615384615384,-0.34661831327366,0.7800829875518672,,
2026-09-27T12:00:00+00:00,336,year_2023,trend_range,2023-01-01T00:00:00+00:00,2024-01-01T00:00:00+00:00,2023-01-01T00:00:00+00:00,2023-12-31T00:00:00+00:00,241,22,catboost_calibrated,0.18944795880345477,-0.07229222687771797,0.3333333333333333,0.0136986301369863,0.02976190476190476,0.0,0.052884615384615384,-0.08844522419413225,0.941908713692946,,
2026-09-27T12:00:00+00:00,336,year_2023,trend_range,2023-01-01T00:00:00+00:00,2024-01-01T00:00:00+00:00,2023-01-01T00:00:00+00:00,2023-12-31T00:00:00+00:00,241,22,climatology,0.17667568043003173,0.0,0.3333333333333333,0.0,0.15476190476190477,0.30303030303030304,0.4567307692307692,-0.05258835319126809,0.979253112033195,,
2026-09-27T12:00:00+00:00,336,year_2023,trend_range,2023-01-01T00:00:00+00:00,2024-01-01T00:00:00+00:00,2023-01-01T00:00:00+00:00,2023-12-31T00:00:00+00:00,241,22,logistic,0.18648191948091442,-0.05550418159994708,0.3333333333333333,0.0,0.03571428571428571,0.0,0.11538461538461539,-0.05258835319126809,0.979253112033195,,
2026-09-27T12:00:00+00:00,336,year_2023,trend_range,2023-01-01T00:00:00+00:00,2024-01-01T00:00:00+00:00,2023-01-01T00:00:00+00:00,2023-12-31T00:00:00+00:00,241,22,selected,0.18096011697680242,-0.024250290341841563,0.3333333333333333,0.0,0.17261904761904762,0.12121212121212122,0.3076923076923077,-0.07807697182495521,0.970954356846473,-0.0006238514881119486,0.01188800829248006
2026-09-27T12:00:00+00:00,336,year_2023,vol_high,2023-01-01T00:00:00+00:00,2024-01-01T00:00:00+00:00,2023-01-12T00:00:00+00:00,2023-12-12T00:00:00+00:00,25,10,catboost,0.20269962736006547,-0.09831670434221085,0.4481481481481482,0.0,0.0,0.0,0.10526315789473684,0.02914509890565309,0.88,,
2026-09-27T12:00:00+00:00,336,year_2023,vol_high,2023-01-01T00:00:00+00:00,2024-01-01T00:00:00+00:00,2023-01-12T00:00:00+00:00,2023-12-12T00:00:00+00:00,25,10,catboost_calibrated,0.19031722407545282,-0.031223337943298235,0.3333333333333333,0.0,0.0,0.0,0.21052631578947367,0.12499443143469002,1.0,,
2026-09-27T12:00:00+00:00,336,year_2023,vol_high,2023-01-01T00:00:00+00:00,2024-01-01T00:00:00+00:00,2023-01-12T00:00:00+00:00,2023-12-12T00:00:00+00:00,25,10,climatology,0.18455480696841775,0.0,0.3333333333333333,0.0,0.15789473684210525,0.3333333333333333,0.3684210526315789,-0.025311590261058337,1.0,,
2026-09-27T12:00:00+00:00,336,year_2023,vol_high,2023-01-01T00:00:00+00:00,2024-01-01T00:00:00+00:00,2023-01-12T00:00:00+00:00,2023-12-12T00:00:00+00:00,25,10,logistic,0.2305370833497699,-0.2491524178463742,0.3148148148148148,0.0,0.15789473684210525,0.16666666666666666,0.3684210526315789,-0.025311590261058337,1.0,,
2026-09-27T12:00:00+00:00,336,year_2023,vol_high,2023-01-01T00:00:00+00:00,2024-01-01T00:00:00+00:00,2023-01-12T00:00:00+00:00,2023-12-12T00:00:00+00:00,25,10,selected,0.18992260822252705,-0.02908513379999822,0.3333333333333333,0.0,0.15789473684210525,0.16666666666666666,0.3684210526315789,-0.03926154555618244,1.0,,
2026-09-27T12:00:00+00:00,336,year_2023,vol_normal,2023-01-01T00:00:00+00:00,2024-01-01T00:00:00+00:00,2023-01-01T00:00:00+00:00,2023-12-31T00:00:00+00:00,296,23,catboost,0.21805638587335135,-0.19066024661289216,0.4014905637696839,0.02127659574468085,0.0297029702970297,0.022222222222222223,0.07171314741035857,-0.3172150954764774,0.7702702702702703,,
2026-09-27T12:00:00+00:00,336,year_2023,vol_normal,2023-01-01T00:00:00+00:00,2024-01-01T00:00:00+00:00,2023-01-01T00:00:00+00:00,2023-12-31T00:00:00+00:00,296,23,catboost_calibrated,0.19616805047074903,-0.07114266989058082,0.3333333333333333,0.02127659574468085,0.0297029702970297,0.022222222222222223,0.07171314741035857,-0.058336244428638384,0.9391891891891891,,
2026-09-27T12:00:00+00:00,336,year_2023,vol_normal,2023-01-01T00:00:00+00:00,2024-01-01T00:00:00+00:00,2023-01-01T00:00:00+00:00,2023-12-31T00:00:00+00:00,296,23,climatology,0.18313904952622972,0.0,0.3333333333333333,0.0,0.13861386138613863,0.3111111111111111,0.4541832669322709,-0.037758097089473086,0.9831081081081081,,
2026-09-27T12:00:00+00:00,336,year_2023,vol_normal,2023-01-01T00:00:00+00:00,2024-01-01T00:00:00+00:00,2023-01-01T00:00:00+00:00,2023-12-31T00:00:00+00:00,296,23,logistic,0.19283016167313935,-0.05291668910579128,0.3319209039548023,0.0,0.034653465346534656,0.022222222222222223,0.14342629482071714,-0.037758097089473086,0.9831081081081081,,
2026-09-27T12:00:00+00:00,336,year_2023,vol_normal,2023-01-01T00:00:00+00:00,2024-01-01T00:00:00+00:00,2023-01-01T00:00:00+00:00,2023-12-31T00:00:00+00:00,296,23,selected,0.18813168384162166,-0.027261440573747686,0.3333333333333333,0.0,0.15346534653465346,0.13333333333333333,0.3147410358565737,-0.058953320575306556,0.972972972972973,-0.0011158997759436987,0.013361207435167364
2026-09-27T12:00:00+00:00,336,year_2024,all,2024-01-01T00:00:00+00:00,2025-01-01T00:00:00+00:00,2024-01-01T00:00:00+00:00,2024-12-31T00:00:00+00:00,366,25,catboost,0.23296059139701203,-0.019421214800075637,0.3333333333333333,0.16279069767441862,0.029535864978902954,0.12931034482758622,0.16,-0.026381118974022177,0.6584699453551912,,
2026-09-27T12:00:00+00:00,336,year_2024,all,2024-01-01T00:00:00+00:00,2025-01-01T00:00:00+00:00,2024-01-01T00:00:00+00:00,2024-12-31T00:00:00+00:00,366,25,catboost_calibrated,0.2265778913770846,0.00850908778458015,0.3333333333333333,0.13178294573643412,0.02109704641350211,0.1896551724137931,0.172,-0.008504963844346625,0.7295081967213115,,
2026-09-27T12:00:00+00:00,336,year_2024,all,2024-01-01T00:00:00+00:00,2025-01-01T00:00:00+00:00,2024-01-01T00:00:00+00:00,2024-12-31T00:00:00+00:00,366,25,climatology,0.22852240861271386,0.0,0.3333333333333333,0.0,0.0,0.7155172413793104,0.884,-0.007156994112531789,0.7978142076502732,,
2026-09-27T12:00:00+00:00,336,year_2024,all,2024-01-01T00:00:00+00:00,2025-01-01T00:00:00+00:00,2024-01-01T00:00:00+00:00,2024-12-31T00:00:00+00:00,366,25,logistic,0.2287098331386594,-0.0008201581940401326,0.3276353276353276,0.031007751937984496,0.012658227848101266,0.12931034482758622,0.096,-0.007156994112531789,0.7978142076502732,,
2026-09-27T12:00:00+00:00,336,year_2024,all,2024-01-01T00:00:00+00:00,2025-01-01T00:00:00+00:00,2024-01-01T00:00:00+00:00,2024-12-31T00:00:00+00:00,366,25,selected,0.22964146658832918,-0.004896928850036009,0.3333333333333333,0.0,0.004219409282700422,0.6379310344827587,0.796,-0.007156994112531789,0.7978142076502732,-0.00014315472409514126,0.0030457858067278955
2026-09-27T12:00:00+00:00,336,year_2024,trend_up,2024-01-01T00:00:00+00:00,2025-01-01T00:00:00+00:00,2024-01-02T00:00:00+00:00,2024-12-24T00:00:00+00:00,48,17,catboost,0.26364176691455476,-0.0584800721659009,0.3333333333333333,0.047619047619047616,0.07407407407407407,0.375,0.28125,-0.10115414126901912,0.5833333333333334,,
2026-09-27T12:00:00+00:00,336,year_2024,trend_up,2024-01-01T00:00:00+00:00,2025-01-01T00:00:00+00:00,2024-01-02T00:00:00+00:00,2024-12-24T00:00:00+00:00,48,17,catboost_calibrated,0.2506802463582764,-0.006441613410480107,0.3333333333333333,0.047619047619047616,0.037037037037037035,0.375,0.28125,-0.05017947340745921,0.6458333333333334,,
2026-09-27T12:00:00+00:00,336,year_2024,trend_up,2024-01-01T00:00:00+00:00,2025-01-01T00:00:00+00:00,2024-01-02T00:00:00+00:00,2024-12-24T00:00:00+00:00,48,17,climatology,0.24907579636816524,0.0,0.3333333333333333,0.0,0.0,0.75,0.90625,-0.009349177568299671,0.8333333333333334,,
2026-09-27T12:00:00+00:00,336,year_2024,trend_up,2024-01-01T00:00:00+00:00,2025-01-01T00:00:00+00:00,2024-01-02T00:00:00+00:00,2024-12-24T00:00:00+00:00,48,17,logistic,0.2586161670728634,-0.0383030822095467,0.30952380952380953,0.0,0.07407407407407407,0.0625,0.15625,-0.009349177568299671,0.8333333333333334,,
2026-09-27T12:00:00+00:00,336,year_2024,trend_up,2024-01-01T00:00:00+00:00,2025-01-01T00:00:00+00:00,2024-01-02T00:00:00+00:00,2024-12-24T00:00:00+00:00,48,17,selected,0.25061684701828046,-0.00618707506945948,0.3333333333333333,0.0,0.0,0.6875,0.84375,-0.009349177568299671,0.8333333333333334,,
2026-09-27T12:00:00+00:00,336,year_2024,trend_down,2024-01-01T00:00:00+00:00,2025-01-01T00:00:00+00:00,2024-01-04T00:00:00+00:00,2024-12-27T00:00:00+00:00,45,15,catboost,0.1963171313242006,0.03689032490627775,0.3333333333333333,0.23076923076923078,0.09375,0.08333333333333333,0.09090909090909091,0.015435414065477993,0.7555555555555555,,
2026-09-27T12:00:00+00:00,336,year_2024,trend_down,2024-01-01T00:00:00+00:00,2025-01-01T00:00:00+00:00,2024-01-04T00:00:00+00:00,2024-12-27T00:00:00+00:00,45,15,catboost_calibrated,0.19707934433571372,0.03315099395273846,0.3333333333333333,0.23076923076923078,0.0625,0.16666666666666666,0.09090909090909091,0.005112859053683305,0.8444444444444444,,
2026-09-27T12:00:00+00:00,336,year_2024,trend_down,2024-01-01T00:00:00+00:00,2025-01-01T00:00:00+00:00,2024-01-04T00:00:00+00:00,2024-12-27T00:00:00+00:00,45,15,climatology,0.20383673469493135,0.0,0.3333333333333333,0.0,0.0,0.5833333333333334,0.8484848484848485,-0.021208438597819956,0.8888888888888888,,
2026-09-27T12:00:00+00:00,336,year_2024,trend_down,2024-01-01T00:00:00+00:00,2025-01-01T00:00:00+00:00,2024-01-04T00:00:00+00:00,2024-12-27T00:00:00+00:00,45,15,logistic,0.21109498184120873,-0.035608140785517994,0.3333333333333333,0.15384615384615385,0.0,0.16666666666666666,0.0,-0.021208438597819956,0.8888888888888888,,
2026-09-27T12:00:00+00:00,336,year_2024,trend_down,2024-01-01T00:00:00+00:00,2025-01-01T00:00:00+00:00,2024-01-04T00:00:00+00:00,2024-12-27T00:00:00+00:00,45,15,selected,0.20678128068377302,-0.014445610077342463,0.3333333333333333,0.0,0.0,0.4166666666666667,0.7575757575757576,-0.021208438597819956,0.8888888888888888,,
2026-09-27T12:00:00+00:00,336,year_2024,trend_range,2024-01-01T00:00:00+00:00,2025-01-01T00:00:00+00:00,2024-01-01T00:00:00+00:00,2024-12-31T00:00:00+00:00,273,25,catboost,0.23360622977955586,-0.02021391880467549,0.3333333333333333,0.17894736842105263,0.011235955056179775,0.09090909090909091,0.15135135135135136,-0.01865631615647101,0.6556776556776557,,
2026-09-27T12:00:00+00:00,336,year_2024,trend_range,2024-01-01T00:00:00+00:00,2025-01-01T00:00:00+00:00,2024-01-01T00:00:00+00:00,2024-12-31T00:00:00+00:00,273,25,catboost_calibrated,0.22720251254105706,0.007752636132540847,0.3333333333333333,0.1368421052631579,0.011235955056179775,0.1590909090909091,0.16756756756756758,-0.002898364192527758,0.7252747252747253,,
2026-09-27T12:00:00+00:00,336,year_2024,trend_range,2024-01-01T00:00:00+00:00,2025-01-01T00:00:00+00:00,2024-01-01T00:00:00+00:00,2024-12-31T00:00:00+00:00,273,25,climatology,0.22897769327952172,0.0,0.3333333333333333,0.0,0.0,0.7272727272727273,0.8864864864864865,-0.004878698558853589,0.7765567765567766,,
2026-09-27T12:00:00+00:00,336,year_2024,trend_range,2024-01-01T00:00:00+00:00,2025-01-01T00:00:00+00:00,2024-01-01T00:00:00+00:00,2024-12-31T00:00:00+00:00,273,25,logistic,0.2263551235399176,0.011453385271038785,0.3295238095238095,0.021052631578947368,0.0056179775280898875,0.13636363636363635,0.10270270270270271,-0.004878698558853589,0.7765567765567766,,
2026-09-27T12:00:00+00:00,336,year_2024,trend_range,2024-01-01T00:00:00+00:00,2025-01-01T00:00:00+00:00,2024-01-01T00:00:00+00:00,2024-12-31T00:00:00+00:00,273,25,selected,0.22972165012337448,-0.0032490363283752544,0.3333333333333333,0.0,0.0056179775280898875,0.6590909090909091,0.7945945945945946,-0.004878698558853589,0.7765567765567766,-0.0004004579151642133,0.0025699859718831563
2026-09-27T12:00:00+00:00,336,year_2024,vol_high,2024-01-01T00:00:00+00:00,2025-01-01T00:00:00+00:00,2024-01-04T00:00:00+00:00,2024-12-21T00:00:00+00:00,36,14,catboost,0.27044667743482914,-0.12812867075503243,0.3333333333333333,0.058823529411764705,0.05263157894736842,0.4444444444444444,0.2222222222222222,-0.21140264630173844,0.5833333333333334,,
2026-09-27T12:00:00+00:00,336,year_2024,vol_high,2024-01-01T00:00:00+00:00,2025-01-01T00:00:00+00:00,2024-01-04T00:00:00+00:00,2024-12-21T00:00:00+00:00,36,14,catboost_calibrated,0.24961804169784224,-0.04124507000060995,0.3333333333333333,0.0,0.05263157894736842,0.4444444444444444,0.2222222222222222,-0.12001164670232667,0.75,,
2026-09-27T12:00:00+00:00,336,year_2024,vol_high,2024-01-01T00:00:00+00:00,2025-01-01T00:00:00+00:00,2024-01-04T00:00:00+00:00,2024-12-21T00:00:00+00:00,36,14,climatology,0.23973034676427907,0.0,0.3333333333333333,0.0,0.0,0.7777777777777778,0.8148148148148148,-0.03478756460556465,1.0,,
2026-09-27T12:00:00+00:00,336,year_2024,vol_high,2024-01-01T00:00:00+00:00,2025-01-01T00:00:00+00:00,2024-01-04T00:00:00+00:00,2024-12-21T00:00:00+00:00,36,14,logistic,0.2550113461792931,-0.06374244905272453,0.3157894736842105,0.0,0.10526315789473684,0.2222222222222222,0.14814814814814814,-0.03478756460556465,1.0,,
2026-09-27T12:00:00+00:00,336,year_2024,vol_high,2024-01-01T00:00:00+00:00,2025-01-01T00:00:00+00:00,2024-01-04T00:00:00+00:00,2024-12-21T00:00:00+00:00,36,14,selected,0.2424952693909937,-0.011533469433610444,0.3333333333333333,0.0,0.0,0.6666666666666666,0.7037037037037037,-0.03478756460556465,1.0,,
2026-09-27T12:00:00+00:00,336,year_2024,vol_normal,2024-01-01T00:00:00+00:00,2025-01-01T00:00:00+00:00,2024-01-01T00:00:00+00:00,2024-12-31T00:00:00+00:00,330,25,catboost,0.22887120019288654,-0.00691367200712234,0.3333333333333333,0.17857142857142858,0.027522935779816515,0.102803738317757,0.15246636771300448,-0.008564472243844046,0.6666666666666666,,
2026-09-27T12:00:00+00:00,336,year_2024,vol_normal,2024-01-01T00:00:00+00:00,2025-01-01T00:00:00+00:00,2024-01-01T00:00:00+00:00,2024-12-31T00:00:00+00:00,330,25,catboost_calibrated,0.22406442043300195,0.014233646897466201,0.3333333333333333,0.15178571428571427,0.01834862385321101,0.16822429906542055,0.16591928251121077,0.0022325714318370826,0.7272727272727273,,
2026-09-27T12:00:00+00:00,336,year_2024,vol_normal,2024-01-01T00:00:00+00:00,2025-01-01T00:00:00+00:00,2024-01-01T00:00:00+00:00,2024-12-31T00:00:00+00:00,330,25,climatology,0.22729972445072494,0.0,0.3333333333333333,0.0,0.0,0.7102803738317757,0.8923766816143498,-0.00449630851265681,0.7757575757575758,,
2026-09-27T12:00:00+00:00,336,year_2024,vol_normal,2024-01-01T00:00:00+00:00,2025-01-01T00:00:00+00:00,2024-01-01T00:00:00+00:00,2024-12-31T00:00:00+00:00,330,25,logistic,0.22584057717059025,0.0064194854774274335,0.32868217054263565,0.03571428571428571,0.0045871559633027525,0.12149532710280374,0.08968609865470852,-0.00449630851265681,0.7757575757575758,,
2026-09-27T12:00:00+00:00,336,year_2024,vol_normal,2024-01-01T00:00:00+00:00,2025-01-01T00:00:00+00:00,2024-01-01T00:00:00+00:00,2024-12-31T00:00:00+00:00,330,25,selected,0.22823923355531123,-0.004133349069633141,0.3333333333333333,0.0,0.0045871559633027525,0.6355140186915887,0.8071748878923767,-0.00449630851265681,0.7757575757575758,-0.0003346443114578006,0.003092336414068795
2026-09-27T12:00:00+00:00,336,year_2025,all,2025-01-01T00:00:00+00:00,2026-01-01T00:00:00+00:00,2025-01-01T00:00:00+00:00,2025-12-31T00:00:00+00:00,321,22,catboost,0.22314860492935773,-0.05483306278632383,0.3255718954248366,0.23809523809523808,0.1518987341772152,0.0,0.0,-0.08654202272125078,0.6012461059190031,,
2026-09-27T12:00:00+00:00,336,year_2025,all,2025-01-01T00:00:00+00:00,2026-01-01T00:00:00+00:00,2025-01-01T00:00:00+00:00,2025-12-31T00:00:00+00:00,321,22,catboost_calibrated,0.21214049771735427,-0.002797266059771486,0.3333333333333333,0.27380952380952384,0.17721518987341772,0.0,0.0,-0.03255577025590717,0.7071651090342679,,
2026-09-27T12:00:00+00:00,336,year_2025,all,2025-01-01T00:00:00+00:00,2026-01-01T00:00:00+00:00,2025-01-01T00:00:00+00:00,2025-12-31T00:00:00+00:00,321,22,climatology,0.21154873960806123,0.0,0.3333333333333333,0.7261904761904762,0.5907172995780591,0.3888888888888889,0.2347417840375587,-0.00013610069379077494,0.7320872274143302,,
2026-09-27T12:00:00+00:00,336,year_2025,all,2025-01-01T00:00:00+00:00,2026-01-01T00:00:00+00:00,2025-01-01T00:00:00+00:00,2025-12-31T00:00:00+00:00,321,22,logistic,0.243383698365175,-0.15048522064510883,0.3071311858076564,0.11904761904761904,0.10126582278481013,0.1111111111111111,0.2676056338028169,-0.00013610069379077494,0.7320872274143302,,
2026-09-27T12:00:00+00:00,336,year_2025,all,2025-01-01T00:00:00+00:00,2026-01-01T00:00:00+00:00,2025-01-01T00:00:00+00:00,2025-12-31T00:00:00+00:00,321,22,selected,0.215236087713486,-0.01743025324687064,0.3333333333333333,0.2857142857142857,0.2911392405063291,0.35185185185185186,0.12206572769953052,-0.04854336448110863,0.6915887850467289,-0.008511871769082639,0.016558629232299952
2026-09-27T12:00:00+00:00,336,year_2025,trend_up,2025-01-01T00:00:00+00:00,2026-01-01T00:00:00+00:00,2025-01-04T00:00:00+00:00,2025-12-20T00:00:00+00:00,45,15,catboost,0.24833809032395904,-0.027496731661476925,0.3020833333333333,0.38461538461538464,0.28125,0.0,0.0,-0.0456105646728151,0.5777777777777777,,
2026-09-27T12:00:00+00:00,336,year_2025,trend_up,2025-01-01T00:00:00+00:00,2026-01-01T00:00:00+00:00,2025-01-04T00:00:00+00:00,2025-12-20T00:00:00+00:00,45,15,catboost_calibrated,0.23919329344308274,0.010339787474798023,0.3333333333333333,0.46153846153846156,0.28125,0.0,0.0,-0.005493949507940021,0.6888888888888889,,
2026-09-27T12:00:00+00:00,336,year_2025,trend_up,2025-01-01T00:00:00+00:00,2026-01-01T00:00:00+00:00,2025-01-04T00:00:00+00:00,2025-12-20T00:00:00+00:00,45,15,climatology,0.24169234088209,0.0,0.3333333333333333,0.8461538461538461,0.6875,0.3,0.16,0.003767530498945293,0.7333333333333333,,
2026-09-27T12:00:00+00:00,336,year_2025,trend_up,2025-01-01T00:00:00+00:00,2026-01-01T00:00:00+00:00,2025-01-04T00:00:00+00:00,2025-12-20T00:00:00+00:00,45,15,logistic,0.2667137865857102,-0.10352601829375718,0.3125,0.15384615384615385,0.125,0.2,0.28,0.003767530498945293,0.7333333333333333,,
2026-09-27T12:00:00+00:00,336,year_2025,trend_up,2025-01-01T00:00:00+00:00,2026-01-01T00:00:00+00:00,2025-01-04T00:00:00+00:00,2025-12-20T00:00:00+00:00,45,15,selected,0.24406359366644753,-0.009811038180619791,0.3333333333333333,0.46153846153846156,0.375,0.25,0.04,-0.029087288572973602,0.6888888888888889,,
2026-09-27T12:00:00+00:00,336,year_2025,trend_down,2025-01-01T00:00:00+00:00,2026-01-01T00:00:00+00:00,2025-01-08T00:00:00+00:00,2025-12-18T00:00:00+00:00,36,12,catboost,0.20948600707599174,0.014972671416202399,0.4166666666666667,0.36363636363636365,0.24,0.0,0.0,-0.0315567660618119,0.6944444444444444,,
2026-09-27T12:00:00+00:00,336,year_2025,trend_down,2025-01-01T00:00:00+00:00,2026-01-01T00:00:00+00:00,2025-01-08T00:00:00+00:00,2025-12-18T00:00:00+00:00,36,12,catboost_calibrated,0.20652493974183855,0.028895951002411713,0.3333333333333333,0.45454545454545453,0.24,0.0,0.0,0.0007310802248204906,0.7777777777777778,,
2026-09-27T12:00:00+00:00,336,year_2025,trend_down,2025-01-01T00:00:00+00:00,2026-01-01T00:00:00+00:00,2025-01-08T00:00:00+00:00,2025-12-18T00:00:00+00:00,36,12,climatology,0.21267024883175156,0.0,0.3333333333333333,0.8181818181818182,0.52,0.2727272727272727,0.36,0.012481298787358375,0.8055555555555556,,
2026-09-27T12:00:00+00:00,336,year_2025,trend_down,2025-01-01T00:00:00+00:00,2026-01-01T00:00:00+00:00,2025-01-08T00:00:00+00:00,2025-12-18T00:00:00+00:00,36,12,logistic,0.22836446540173724,-0.07379601357593635,0.391025641025641,0.2727272727272727,0.16,0.18181818181818182,0.24,0.012481298787358375,0.8055555555555556,,
2026-09-27T12:00:00+00:00,336,year_2025,trend_down,2025-01-01T00:00:00+00:00,2026-01-01T00:00:00+00:00,2025-01-08T00:00:00+00:00,2025-12-18T00:00:00+00:00,36,12,selected,0.2125903649787655,0.00037562307574701137,0.3333333333333333,0.45454545454545453,0.32,0.2727272727272727,0.24,-0.0011393791318292656,0.75,,
2026-09-27T12:00:00+00:00,336,year_2025,trend_range,2025-01-01T00:00:00+00:00,2026-01-01T00:00:00+00:00,2025-01-01T00:00:00+00:00,2025-12-31T00:00:00+00:00,240,22,catboost,0.22047496609587486,-0.07167879901687657,0.31957831325301206,0.18333333333333332,0.11666666666666667,0.0,0.0,-0.09946517379784203,0.5916666666666667,,
2026-09-27T12:00:00+00:00,336,year_2025,trend_range,2025-01-01T00:00:00+00:00,2026-01-01T00:00:00+00:00,2025-01-01T00:00:00+00:00,2025-12-31T00:00:00+00:00,240,22,catboost_calibrated,0.20791043221510758,-0.010605449883478224,0.3333333333333333,0.2,0.15,0.0,0.0,-0.04077203751121328,0.7,,
2026-09-27T12:00:00+00:00,336,year_2025,trend_range,2025-01-01T00:00:00+00:00,2026-01-01T00:00:00+00:00,2025-01-01T00:00:00+00:00,2025-12-31T00:00:00+00:00,240,22,climatology,0.20572858798562726,0.0,0.3333333333333333,0.6833333333333333,0.5833333333333334,0.42857142857142855,0.22699386503067484,-0.002156916179216095,0.7208333333333333,,
2026-09-27T12:00:00+00:00,336,year_2025,trend_range,2025-01-01T00:00:00+00:00,2026-01-01T00:00:00+00:00,2025-01-01T00:00:00+00:00,2025-12-31T00:00:00+00:00,240,22,logistic,0.24126219176834035,-0.17272078776526456,0.2971887550200803,0.08333333333333333,0.08888888888888889,0.07792207792207792,0.26993865030674846,-0.002156916179216095,0.7208333333333333,,
2026-09-27T12:00:00+00:00,336,year_2025,trend_range,2025-01-01T00:00:00+00:00,2026-01-01T00:00:00+00:00,2025-01-01T00:00:00+00:00,2025-12-31T00:00:00+00:00,240,22,selected,0.2102277887575138,-0.02186959438131586,0.3333333333333333,0.21666666666666667,0.2722222222222222,0.38961038961038963,0.1165644171779141,-0.05696000451855743,0.6833333333333333,-0.009626978717854284,0.018741542096346497
2026-09-27T12:00:00+00:00,336,year_2025,vol_high,2025-01-01T00:00:00+00:00,2026-01-01T00:00:00+00:00,2025-01-20T00:00:00+00:00,2025-12-02T00:00:00+00:00,24,12,catboost,0.25427063671638206,-0.17941990883795156,0.3333333333333333,0.25,0.3125,0.0,0.0,-0.1756282205792825,0.5833333333333334,,
2026-09-27T12:00:00+00:00,336,year_2025,vol_high,2025-01-01T00:00:00+00:00,2026-01-01T00:00:00+00:00,2025-01-20T00:00:00+00:00,2025-12-02T00:00:00+00:00,24,12,catboost_calibrated,0.2299912518414709,-0.06680136087816524,0.3333333333333333,0.25,0.3125,0.0,0.0,-0.09408209530482092,0.75,,
2026-09-27T12:00:00+00:00,336,year_2025,vol_high,2025-01-01T00:00:00+00:00,2026-01-01T00:00:00+00:00,2025-01-20T00:00:00+00:00,2025-12-02T00:00:00+00:00,24,12,climatology,0.21558957485032418,0.0,0.3333333333333333,0.875,0.375,0.42857142857142855,0.29411764705882354,-0.018492029739912486,0.875,,
2026-09-27T12:00:00+00:00,336,year_2025,vol_high,2025-01-01T00:00:00+00:00,2026-01-01T00:00:00+00:00,2025-01-20T00:00:00+00:00,2025-12-02T00:00:00+00:00,24,12,logistic,0.2334760335686561,-0.08296532302524273,0.2745098039215686,0.25,0.1875,0.42857142857142855,0.29411764705882354,-0.018492029739912486,0.875,,
2026-09-27T12:00:00+00:00,336,year_2025,vol_high,2025-01-01T00:00:00+00:00,2026-01-01T00:00:00+00:00,2025-01-20T00:00:00+00:00,2025-12-02T00:00:00+00:00,24,12,selected,0.23472876989670619,-0.0887760693422659,0.3333333333333333,0.25,0.375,0.42857142857142855,0.11764705882352941,-0.10366496264098979,0.75,,
2026-09-27T12:00:00+00:00,336,year_2025,vol_normal,2025-01-01T00:00:00+00:00,2026-01-01T00:00:00+00:00,2025-01-01T00:00:00+00:00,2025-12-31T00:00:00+00:00,297,22,catboost,0.2206336932698002,-0.04455727413977595,0.3246779388083736,0.23684210526315788,0.14027149321266968,0.0,0.0,-0.08079191833000676,0.6026936026936027,,
2026-09-27T12:00:00+00:00,336,year_2025,vol_normal,2025-01-01T00:00:00+00:00,2026-01-01T00:00:00+00:00,2025-01-01T00:00:00+00:00,2025-12-31T00:00:00+00:00,297,22,catboost_calibrated,0.21069801253560755,0.0024817226273236015,0.3333333333333333,0.27631578947368424,0.167420814479638,0.0,0.0,-0.028584528914968432,0.7037037037037037,,
2026-09-27T12:00:00+00:00,336,year_2025,vol_normal,2025-01-01T00:00:00+00:00,2026-01-01T00:00:00+00:00,2025-01-01T00:00:00+00:00,2025-12-31T00:00:00+00:00,297,22,climatology,0.21122220746727233,0.0,0.3333333333333333,0.7105263157894737,0.6063348416289592,0.38613861386138615,0.22959183673469388,0.0010486901127680914,0.7205387205387206,,
2026-09-27T12:00:00+00:00,336,year_2025,vol_normal,2025-01-01T00:00:00+00:00,2026-01-01T00:00:00+00:00,2025-01-01T00:00:00+00:00,2025-12-31T00:00:00+00:00,297,22,logistic,0.24418431774267152,-0.15605418895409695,0.30968196457326896,0.10526315789473684,0.09502262443438914,0.0891089108910891,0.2653061224489796,0.0010486901127680914,0.7205387205387206,,
2026-09-27T12:00:00+00:00,336,year_2025,vol_normal,2025-01-01T00:00:00+00:00,2026-01-01T00:00:00+00:00,2025-01-01T00:00:00+00:00,2025-12-31T00:00:00+00:00,297,22,selected,0.21366092147645813,-0.011545727309774767,0.3333333333333333,0.2894736842105263,0.2850678733031674,0.3465346534653465,0.12244897959183673,-0.04498551880745416,0.6868686868686869,-0.010096898913451089,0.015991055031023334
2026-09-27T12:00:00+00:00,336,year_2026,all,2026-01-01T00:00:00+00:00,2026-09-28T00:00:00+00:00,2026-01-01T00:00:00+00:00,2026-09-13T00:00:00+00:00,212,15,catboost,0.20560287700590704,-0.1540274670592061,0.323293172690763,0.03389830508474576,0.30718954248366015,0.0,0.045454545454545456,-0.10426547617862503,0.7075471698113207,,
2026-09-27T12:00:00+00:00,336,year_2026,all,2026-01-01T00:00:00+00:00,2026-09-28T00:00:00+00:00,2026-01-01T00:00:00+00:00,2026-09-13T00:00:00+00:00,212,15,catboost_calibrated,0.187979717008801,-0.05511051127918032,0.3333333333333333,0.06779661016949153,0.3464052287581699,0.0,0.056818181818181816,-0.03677381145992897,0.7735849056603774,,
2026-09-27T12:00:00+00:00,336,year_2026,all,2026-01-01T00:00:00+00:00,2026-09-28T00:00:00+00:00,2026-01-01T00:00:00+00:00,2026-09-13T00:00:00+00:00,212,15,climatology,0.17816116416175284,0.0,0.3333333333333333,1.0,1.0,0.4166666666666667,0.8068181818181818,0.0025455292071665525,0.8301886792452831,,
2026-09-27T12:00:00+00:00,336,year_2026,all,2026-01-01T00:00:00+00:00,2026-09-28T00:00:00+00:00,2026-01-01T00:00:00+00:00,2026-09-13T00:00:00+00:00,212,15,logistic,0.19499286631534965,-0.09447458559664135,0.3253012048192771,0.13559322033898305,0.2549019607843137,0.0,0.0,0.0025455292071665525,0.8301886792452831,,
2026-09-27T12:00:00+00:00,336,year_2026,all,2026-01-01T00:00:00+00:00,2026-09-28T00:00:00+00:00,2026-01-01T00:00:00+00:00,2026-09-13T00:00:00+00:00,212,15,selected,0.17897740004183774,-0.0045814467138518555,0.3333333333333333,0.9152542372881356,0.954248366013072,0.4166666666666667,0.7329545454545454,0.0032444762921269854,0.8301886792452831,0.0,0.0022778126747481035
2026-09-27T12:00:00+00:00,336,year_2026,trend_up,2026-01-01T00:00:00+00:00,2026-09-28T00:00:00+00:00,2026-01-03T00:00:00+00:00,2026-09-12T00:00:00+00:00,27,11,catboost,0.18843470526866024,-0.15722367255245362,0.31746031746031744,0.0,0.21739130434782608,0.0,0.09523809523809523,-0.16864304259821128,0.7037037037037037,,
2026-09-27T12:00:00+00:00,336,year_2026,trend_up,2026-01-01T00:00:00+00:00,2026-09-28T00:00:00+00:00,2026-01-03T00:00:00+00:00,2026-09-12T00:00:00+00:00,27,11,catboost_calibrated,0.17132030027195883,-0.05211992016461364,0.3333333333333333,0.0,0.34782608695652173,0.0,0.14285714285714285,-0.0704685455565246,0.8148148148148148,,
2026-09-27T12:00:00+00:00,336,year_2026,trend_up,2026-01-01T00:00:00+00:00,2026-09-28T00:00:00+00:00,2026-01-03T00:00:00+00:00,2026-09-12T00:00:00+00:00,27,11,climatology,0.16283343465748107,0.0,0.3333333333333333,1.0,1.0,0.5,0.8095238095238095,0.0067443153176544035,0.8148148148148148,,
2026-09-27T12:00:00+00:00,336,year_2026,trend_up,2026-01-01T00:00:00+00:00,2026-09-28T00:00:00+00:00,2026-01-03T00:00:00+00:00,2026-09-12T00:00:00+00:00,27,11,logistic,0.16946405694959094,-0.04072027532955591,0.3333333333333333,0.25,0.21739130434782608,0.0,0.0,0.0067443153176544035,0.8148148148148148,,
2026-09-27T12:00:00+00:00,336,year_2026,trend_up,2026-01-01T00:00:00+00:00,2026-09-28T00:00:00+00:00,2026-01-03T00:00:00+00:00,2026-09-12T00:00:00+00:00,27,11,selected,0.1627866939873605,0.00028704590196038104,0.3333333333333333,1.0,0.9130434782608695,0.5,0.7142857142857143,-0.005839603509191438,0.8148148148148148,,
2026-09-27T12:00:00+00:00,336,year_2026,trend_down,2026-01-01T00:00:00+00:00,2026-09-28T00:00:00+00:00,2026-01-08T00:00:00+00:00,2026-08-29T00:00:00+00:00,27,9,catboost,0.24841557261606084,-0.21622289047178267,0.3333333333333333,0.16666666666666666,0.42857142857142855,0.0,0.0,-0.14986668469836872,0.5925925925925926,,
2026-09-27T12:00:00+00:00,336,year_2026,trend_down,2026-01-01T00:00:00+00:00,2026-09-28T00:00:00+00:00,2026-01-08T00:00:00+00:00,2026-08-29T00:00:00+00:00,27,9,catboost_calibrated,0.22270615571467908,-0.09035162963714272,0.3333333333333333,0.16666666666666666,0.42857142857142855,0.0,0.0,-0.042320954603560335,0.6666666666666666,,
2026-09-27T12:00:00+00:00,336,year_2026,trend_down,2026-01-01T00:00:00+00:00,2026-09-28T00:00:00+00:00,2026-01-08T00:00:00+00:00,2026-08-29T00:00:00+00:00,27,9,climatology,0.20425168327468204,0.0,0.3333333333333333,1.0,1.0,0.4444444444444444,0.7777777777777778,-0.0020470433548442912,0.7407407407407407,,
2026-09-27T12:00:00+00:00,336,year_2026,trend_down,2026-01-01T00:00:00+00:00,2026-09-28T00:00:00+00:00,2026-01-08T00:00:00+00:00,2026-08-29T00:00:00+00:00,27,9,logistic,0.2619604819208288,-0.2825376893885312,0.3157894736842105,0.16666666666666666,0.23809523809523808,0.0,0.0,-0.0020470433548442912,0.7407407407407407,,
2026-09-27T12:00:00+00:00,336,year_2026,trend_down,2026-01-01T00:00:00+00:00,2026-09-28T00:00:00+00:00,2026-01-08T00:00:00+00:00,2026-08-29T00:00:00+00:00,27,9,selected,0.20425168327468204,0.0,0.3333333333333333,1.0,1.0,0.4444444444444444,0.7777777777777778,-0.0020470433548442912,0.7407407407407407,,
2026-09-27T12:00:00+00:00,336,year_2026,trend_range,2026-01-01T00:00:00+00:00,2026-09-28T00:00:00+00:00,2026-01-01T00:00:00+00:00,2026-09-13T00:00:00+00:00,158,15,catboost,0.2012205849516761,-0.1412111833458456,0.32275132275132273,0.02040816326530612,0.30275229357798167,0.0,0.043795620437956206,-0.08510271457101637,0.7278481012658228,,
2026-09-27T12:00:00+00:00,336,year_2026,trend_range,2026-01-01T00:00:00+00:00,2026-09-28T00:00:00+00:00,2026-01-01T00:00:00+00:00,2026-09-13T00:00:00+00:00,158,15,catboost_calibrated,0.18489231452042143,-0.04860631975637664,0.3333333333333333,0.061224489795918366,0.3302752293577982,0.0,0.051094890510948905,-0.030215971421312604,0.7848101265822784,,
2026-09-27T12:00:00+00:00,336,year_2026,trend_range,2026-01-01T00:00:00+00:00,2026-09-28T00:00:00+00:00,2026-01-01T00:00:00+00:00,2026-09-13T00:00:00+00:00,158,15,climatology,0.17632195327926078,0.0,0.3333333333333333,1.0,1.0,0.38095238095238093,0.8102189781021898,0.002729660788609811,0.8481012658227848,,
2026-09-27T12:00:00+00:00,336,year_2026,trend_range,2026-01-01T00:00:00+00:00,2026-09-28T00:00:00+00:00,2026-01-01T00:00:00+00:00,2026-09-13T00:00:00+00:00,158,15,logistic,0.1879115513250177,-0.06572975077811871,0.3253968253968254,0.12244897959183673,0.26605504587155965,0.0,0.0,0.002729660788609811,0.8481012658227848,,
2026-09-27T12:00:00+00:00,336,year_2026,trend_range,2026-01-01T00:00:00+00:00,2026-09-28T00:00:00+00:00,2026-01-01T00:00:00+00:00,2026-09-13T00:00:00+00:00,158,15,selected,0.1774251431822434,-0.006256679230608242,0.3333333333333333,0.8979591836734694,0.9541284403669725,0.38095238095238093,0.7299270072992701,0.005731837405722917,0.8481012658227848,0.0,0.0032034703998157893
2026-09-27T12:00:00+00:00,336,year_2026,vol_high,2026-01-01T00:00:00+00:00,2026-09-28T00:00:00+00:00,2026-01-14T00:00:00+00:00,2026-09-12T00:00:00+00:00,15,7,catboost,0.2759765543155135,-0.2953395406047252,,0.0,0.3333333333333333,0.0,0.1111111111111111,-0.1727456402667522,0.5333333333333333,,
2026-09-27T12:00:00+00:00,336,year_2026,vol_high,2026-01-01T00:00:00+00:00,2026-09-28T00:00:00+00:00,2026-01-14T00:00:00+00:00,2026-09-12T00:00:00+00:00,15,7,catboost_calibrated,0.24025875763414517,-0.12769242123471636,,0.0,0.4166666666666667,0.0,0.2222222222222222,-0.07249201687300588,0.6666666666666666,,
2026-09-27T12:00:00+00:00,336,year_2026,vol_high,2026-01-01T00:00:00+00:00,2026-09-28T00:00:00+00:00,2026-01-14T00:00:00+00:00,2026-09-12T00:00:00+00:00,15,7,climatology,0.21305344711910415,0.0,,1.0,1.0,0.5,0.7777777777777778,0.011958140882703194,0.7333333333333333,,
2026-09-27T12:00:00+00:00,336,year_2026,vol_high,2026-01-01T00:00:00+00:00,2026-09-28T00:00:00+00:00,2026-01-14T00:00:00+00:00,2026-09-12T00:00:00+00:00,15,7,logistic,0.25792325608101346,-0.2106035343179664,,0.3333333333333333,0.25,0.0,0.0,0.011958140882703194,0.7333333333333333,,
2026-09-27T12:00:00+00:00,336,year_2026,vol_high,2026-01-01T00:00:00+00:00,2026-09-28T00:00:00+00:00,2026-01-14T00:00:00+00:00,2026-09-12T00:00:00+00:00,15,7,selected,0.21200489024851604,0.0049215672628940554,,1.0,0.9166666666666666,0.5,0.6666666666666666,0.014507528170832118,0.7333333333333333,,
2026-09-27T12:00:00+00:00,336,year_2026,vol_normal,2026-01-01T00:00:00+00:00,2026-09-28T00:00:00+00:00,2026-01-01T00:00:00+00:00,2026-09-13T00:00:00+00:00,197,15,catboost,0.2002444751803025,-0.14096561141619302,0.3225806451612903,0.03571428571428571,0.3049645390070922,0.0,0.041916167664670656,-0.09828366619179563,0.7208121827411168,,
2026-09-27T12:00:00+00:00,336,year_2026,vol_normal,2026-01-01T00:00:00+00:00,2026-09-28T00:00:00+00:00,2026-01-01T00:00:00+00:00,2026-09-13T00:00:00+00:00,197,15,catboost_calibrated,0.18399907939773422,-0.04840156981121724,0.3333333333333333,0.07142857142857142,0.3404255319148936,0.0,0.04790419161676647,-0.03365379092994636,0.7817258883248731,,
2026-09-27T12:00:00+00:00,336,year_2026,vol_normal,2026-01-01T00:00:00+00:00,2026-09-28T00:00:00+00:00,2026-01-01T00:00:00+00:00,2026-09-13T00:00:00+00:00,197,15,climatology,0.17550439134774132,0.0,0.3333333333333333,1.0,1.0,0.4,0.8083832335329342,0.001723328278289915,0.8375634517766497,,
2026-09-27T12:00:00+00:00,336,year_2026,vol_normal,2026-01-01T00:00:00+00:00,2026-09-28T00:00:00+00:00,2026-01-01T00:00:00+00:00,2026-09-13T00:00:00+00:00,197,15,logistic,0.19020121227227882,-0.0837404740227694,0.32473118279569896,0.125,0.2553191489361702,0.0,0.0,0.001723328278289915,0.8375634517766497,,
2026-09-27T12:00:00+00:00,336,year_2026,vol_normal,2026-01-01T00:00:00+00:00,2026-09-28T00:00:00+00:00,2026-01-01T00:00:00+00:00,2026-09-13T00:00:00+00:00,197,15,selected,0.17646261652356274,-0.005459835896201692,0.3333333333333333,0.9107142857142857,0.9574468085106383,0.4,0.7365269461077845,0.0022606375833946757,0.8375634517766497,0.0,0.002856424967561753
2026-09-27T12:00:00+00:00,720,all,all,2019-12-01T00:00:00+00:00,2026-09-28T00:00:00+00:00,2019-12-01T00:00:00+00:00,2026-08-28T00:00:00+00:00,2117,71,catboost,0.25645158130557605,-0.17930111714285002,0.3157175486555661,0.1381294964028777,0.19479606188466947,0.1073943661971831,0.10264686894770819,-0.14323611165578232,0.5942371280113368,,
2026-09-27T12:00:00+00:00,720,all,all,2019-12-01T00:00:00+00:00,2026-09-28T00:00:00+00:00,2019-12-01T00:00:00+00:00,2026-08-28T00:00:00+00:00,2117,71,catboost_calibrated,0.2300039534915806,-0.05768082192751711,0.34337714198980707,0.16402877697841728,0.2517580872011252,0.10387323943661972,0.13879922530664945,-0.05588977181267962,0.7042985356636751,,
2026-09-27T12:00:00+00:00,720,all,all,2019-12-01T00:00:00+00:00,2026-09-28T00:00:00+00:00,2019-12-01T00:00:00+00:00,2026-08-28T00:00:00+00:00,2117,71,climatology,0.2174606447646668,0.0,0.3333333333333333,0.3194244604316547,0.5260196905766527,0.43661971830985913,0.48999354422207875,-0.026243631342790064,0.8039678790741616,,
2026-09-27T12:00:00+00:00,720,all,all,2019-12-01T00:00:00+00:00,2026-09-28T00:00:00+00:00,2019-12-01T00:00:00+00:00,2026-08-28T00:00:00+00:00,2117,71,logistic,0.23907706769953244,-0.09940383906365513,0.3273081612916675,0.19568345323741007,0.15752461322081576,0.2007042253521127,0.17430600387346676,-0.026243631342790064,0.8039678790741616,,
2026-09-27T12:00:00+00:00,720,all,all,2019-12-01T00:00:00+00:00,2026-09-28T00:00:00+00:00,2019-12-01T00:00:00+00:00,2026-08-28T00:00:00+00:00,2117,71,selected,0.22549652723024205,-0.036953272507177504,0.33195528272726754,0.2892086330935252,0.46835443037974683,0.22183098591549297,0.3653970303421562,-0.04143254922351369,0.7916863486065187,0.0037467926905574104,0.013707051331194046
2026-09-27T12:00:00+00:00,720,all,trend_up,2019-12-01T00:00:00+00:00,2026-09-28T00:00:00+00:00,2019-12-19T00:00:00+00:00,2026-08-22T00:00:00+00:00,289,59,catboost,0.23898725495989848,-0.09960243728556306,0.3233124899791567,0.10476190476190476,0.15760869565217392,0.17391304347826086,0.08181818181818182,-0.11280012497570824,0.5916955017301038,,
2026-09-27T12:00:00+00:00,720,all,trend_up,2019-12-01T00:00:00+00:00,2026-09-28T00:00:00+00:00,2019-12-19T00:00:00+00:00,2026-08-22T00:00:00+00:00,289,59,catboost_calibrated,0.22195042449407618,-0.021214406480394743,0.34167067500400833,0.09523809523809523,0.21195652173913043,0.17391304347826086,0.11818181818181818,-0.036121134962400436,0.7024221453287197,,
2026-09-27T12:00:00+00:00,720,all,trend_up,2019-12-01T00:00:00+00:00,2026-09-28T00:00:00+00:00,2019-12-19T00:00:00+00:00,2026-08-22T00:00:00+00:00,289,59,climatology,0.21733969192525016,0.0,0.3333333333333333,0.22857142857142856,0.5489130434782609,0.4782608695652174,0.45,-0.020213351560764092,0.7889273356401384,,
2026-09-27T12:00:00+00:00,720,all,trend_up,2019-12-01T00:00:00+00:00,2026-09-28T00:00:00+00:00,2019-12-19T00:00:00+00:00,2026-08-22T00:00:00+00:00,289,59,logistic,0.2407903838681139,-0.10789879996208507,0.3286034952701619,0.19047619047619047,0.16847826086956522,0.2463768115942029,0.16818181818181818,-0.020213351560764092,0.7889273356401384,,
2026-09-27T12:00:00+00:00,720,all,trend_up,2019-12-01T00:00:00+00:00,2026-09-28T00:00:00+00:00,2019-12-19T00:00:00+00:00,2026-08-22T00:00:00+00:00,289,59,selected,0.22150535975895058,-0.01916662251979795,0.3315696649029982,0.20952380952380953,0.5054347826086957,0.30434782608695654,0.31363636363636366,-0.029821997525137256,0.7750865051903114,-0.0011138523545596727,0.009380489951149802
2026-09-27T12:00:00+00:00,720,all,trend_down,2019-12-01T00:00:00+00:00,2026-09-28T00:00:00+00:00,2019-12-17T00:00:00+00:00,2026-08-23T00:00:00+00:00,255,55,catboost,0.27920427834528355,-0.20002052518638314,0.3056222603392415,0.17647058823529413,0.21176470588235294,0.08433734939759036,0.13372093023255813,-0.14744849812771843,0.5764705882352941,,
2026-09-27T12:00:00+00:00,720,all,trend_down,2019-12-01T00:00:00+00:00,2026-09-28T00:00:00+00:00,2019-12-17T00:00:00+00:00,2026-08-23T00:00:00+00:00,255,55,catboost_calibrated,0.24938368896676572,-0.07185157469801773,0.3333333333333333,0.2,0.2529411764705882,0.08433734939759036,0.11627906976744186,-0.07947454773269746,0.6941176470588235,,
2026-09-27T12:00:00+00:00,720,all,trend_down,2019-12-01T00:00:00+00:00,2026-09-28T00:00:00+00:00,2019-12-17T00:00:00+00:00,2026-08-23T00:00:00+00:00,255,55,climatology,0.2326662523559074,0.0,0.3333333333333333,0.4,0.5176470588235295,0.4457831325301205,0.47674418604651164,-0.05129996555115812,0.7803921568627451,,
2026-09-27T12:00:00+00:00,720,all,trend_down,2019-12-01T00:00:00+00:00,2026-09-28T00:00:00+00:00,2019-12-17T00:00:00+00:00,2026-08-23T00:00:00+00:00,255,55,logistic,0.26067397289624916,-0.12037723673607204,0.32052601486563753,0.25882352941176473,0.1588235294117647,0.26506024096385544,0.1569767441860465,-0.05129996555115812,0.7803921568627451,,
2026-09-27T12:00:00+00:00,720,all,trend_down,2019-12-01T00:00:00+00:00,2026-09-28T00:00:00+00:00,2019-12-17T00:00:00+00:00,2026-08-23T00:00:00+00:00,255,55,selected,0.24129721986827044,-0.03709591496389564,0.3333333333333333,0.36470588235294116,0.4764705882352941,0.1686746987951807,0.36627906976744184,-0.0709596994004631,0.7607843137254902,0.0023523853033844055,0.014763904079899479
2026-09-27T12:00:00+00:00,720,all,trend_range,2019-12-01T00:00:00+00:00,2026-09-28T00:00:00+00:00,2019-12-01T00:00:00+00:00,2026-08-28T00:00:00+00:00,1573,70,catboost,0.25597176729971177,-0.19046737662266144,0.3159546824654402,0.13861386138613863,0.19850187265917604,0.10096153846153846,0.10198789974070872,-0.14828310614593398,0.5975842339478703,,
2026-09-27T12:00:00+00:00,720,all,trend_range,2019-12-01T00:00:00+00:00,2026-09-28T00:00:00+00:00,2019-12-01T00:00:00+00:00,2026-08-28T00:00:00+00:00,1573,70,catboost_calibrated,0.22834193018204885,-0.06196719061791889,0.34551596413149266,0.17227722772277226,0.25842696629213485,0.09615384615384616,0.14606741573033707,-0.05575713788771708,0.7062937062937062,,
2026-09-27T12:00:00+00:00,720,all,trend_range,2019-12-01T00:00:00+00:00,2026-09-28T00:00:00+00:00,2019-12-01T00:00:00+00:00,2026-08-28T00:00:00+00:00,1573,70,climatology,0.21501787644605597,0.0,0.3333333333333333,0.32475247524752476,0.5234082397003745,0.42788461538461536,0.4995678478824546,-0.02328106092399973,0.810553083280356,,
2026-09-27T12:00:00+00:00,720,all,trend_range,2019-12-01T00:00:00+00:00,2026-09-28T00:00:00+00:00,2019-12-01T00:00:00+00:00,2026-08-28T00:00:00+00:00,1573,70,logistic,0.23526120044086563,-0.0941471673397738,0.32811219188432833,0.18613861386138614,0.15543071161048688,0.18028846153846154,0.1780466724286949,-0.02328106092399973,0.810553083280356,,
2026-09-27T12:00:00+00:00,720,all,trend_range,2019-12-01T00:00:00+00:00,2026-09-28T00:00:00+00:00,2019-12-01T00:00:00+00:00,2026-08-28T00:00:00+00:00,1573,70,selected,0.22366834590570678,-0.040231396582604884,0.33184889115665545,0.29306930693069305,0.4606741573033708,0.21875,0.37510803802938636,-0.038790265510787014,0.7997457088366179,0.004068614184521889,0.014524494719874935
2026-09-27T12:00:00+00:00,720,all,vol_high,2019-12-01T00:00:00+00:00,2026-09-28T00:00:00+00:00,2019-12-17T00:00:00+00:00,2026-08-22T00:00:00+00:00,173,50,catboost,0.2651791210818807,-0.18552457279724344,0.3088214636887203,0.07462686567164178,0.19811320754716982,0.1111111111111111,0.1328125,-0.12747592979146805,0.5895953757225434,,
2026-09-27T12:00:00+00:00,720,all,vol_high,2019-12-01T00:00:00+00:00,2026-09-28T00:00:00+00:00,2019-12-17T00:00:00+00:00,2026-08-22T00:00:00+00:00,173,50,catboost_calibrated,0.2384775941427107,-0.066151236810436,0.3333333333333333,0.11940298507462686,0.2358490566037736,0.15555555555555556,0.140625,-0.0637260793790444,0.7283236994219653,,
2026-09-27T12:00:00+00:00,720,all,vol_high,2019-12-01T00:00:00+00:00,2026-09-28T00:00:00+00:00,2019-12-17T00:00:00+00:00,2026-08-22T00:00:00+00:00,173,50,climatology,0.22368083055097793,0.0,0.3333333333333333,0.34328358208955223,0.44339622641509435,0.4222222222222222,0.5234375,-0.04063516981666626,0.815028901734104,,
2026-09-27T12:00:00+00:00,720,all,vol_high,2019-12-01T00:00:00+00:00,2026-09-28T00:00:00+00:00,2019-12-17T00:00:00+00:00,2026-08-22T00:00:00+00:00,173,50,logistic,0.26176979076590784,-0.17028263048338976,0.341480545020368,0.2835820895522388,0.18867924528301888,0.2,0.171875,-0.04063516981666626,0.815028901734104,,
2026-09-27T12:00:00+00:00,720,all,vol_high,2019-12-01T00:00:00+00:00,2026-09-28T00:00:00+00:00,2019-12-17T00:00:00+00:00,2026-08-22T00:00:00+00:00,173,50,selected,0.22976515230093897,-0.027200908253845135,0.3333333333333333,0.29850746268656714,0.3867924528301887,0.2,0.4140625,-0.046335529405697296,0.7976878612716763,-0.0011082734043491192,0.013536369895188312
2026-09-27T12:00:00+00:00,720,all,vol_normal,2019-12-01T00:00:00+00:00,2026-09-28T00:00:00+00:00,2019-12-01T00:00:00+00:00,2026-08-28T00:00:00+00:00,1944,71,catboost,0.2556749020970881,-0.17872998521161398,0.31653154234228825,0.1449044585987261,0.1945288753799392,0.10707456978967496,0.09992962702322308,-0.14449894034074728,0.5946502057613169,,
2026-09-27T12:00:00+00:00,720,all,vol_normal,2019-12-01T00:00:00+00:00,2026-09-28T00:00:00+00:00,2019-12-01T00:00:00+00:00,2026-08-28T00:00:00+00:00,1944,71,catboost_calibrated,0.22924986921552837,-0.056903484596119824,0.3444726526367368,0.16878980891719744,0.2530395136778115,0.0994263862332696,0.1386347642505278,-0.055261865734931526,0.7021604938271605,,
2026-09-27T12:00:00+00:00,720,all,vol_normal,2019-12-01T00:00:00+00:00,2026-09-28T00:00:00+00:00,2019-12-01T00:00:00+00:00,2026-08-28T00:00:00+00:00,1944,71,climatology,0.2169070994246299,0.0,0.3333333333333333,0.31687898089171973,0.5326747720364742,0.4378585086042065,0.48698099929627026,-0.025090469040345953,0.8029835390946503,,
2026-09-27T12:00:00+00:00,720,all,vol_normal,2019-12-01T00:00:00+00:00,2026-09-28T00:00:00+00:00,2019-12-01T00:00:00+00:00,2026-08-28T00:00:00+00:00,1944,71,logistic,0.23705760211800825,-0.09289923080816531,0.325784504735485,0.18630573248407642,0.15501519756838905,0.20076481835564053,0.17452498240675582,-0.025090469040345953,0.8029835390946503,,
2026-09-27T12:00:00+00:00,720,all,vol_normal,2019-12-01T00:00:00+00:00,2026-09-28T00:00:00+00:00,2019-12-01T00:00:00+00:00,2026-08-28T00:00:00+00:00,1944,71,selected,0.22511665473166667,-0.03784825544582682,0.3318477157614212,0.28821656050955413,0.4749240121580547,0.2237093690248566,0.3610133708655876,-0.04103968421286952,0.7911522633744856,0.003530586106015529,0.013864253248910899
2026-09-27T12:00:00+00:00,720,recent_30,all,2026-08-29T00:00:00+00:00,2026-09-28T00:00:00+00:00,,,0,0,selected,,,,,,,,,,,
2026-09-27T12:00:00+00:00,720,recent_30,trend_up,2026-08-29T00:00:00+00:00,2026-09-28T00:00:00+00:00,,,0,0,selected,,,,,,,,,,,
2026-09-27T12:00:00+00:00,720,recent_30,trend_down,2026-08-29T00:00:00+00:00,2026-09-28T00:00:00+00:00,,,0,0,selected,,,,,,,,,,,
2026-09-27T12:00:00+00:00,720,recent_30,trend_range,2026-08-29T00:00:00+00:00,2026-09-28T00:00:00+00:00,,,0,0,selected,,,,,,,,,,,
2026-09-27T12:00:00+00:00,720,recent_30,vol_high,2026-08-29T00:00:00+00:00,2026-09-28T00:00:00+00:00,,,0,0,selected,,,,,,,,,,,
2026-09-27T12:00:00+00:00,720,recent_30,vol_normal,2026-08-29T00:00:00+00:00,2026-09-28T00:00:00+00:00,,,0,0,selected,,,,,,,,,,,
2026-09-27T12:00:00+00:00,720,recent_90,all,2026-06-30T00:00:00+00:00,2026-09-28T00:00:00+00:00,2026-06-30T00:00:00+00:00,2026-08-28T00:00:00+00:00,60,2,catboost,0.28213557554780866,-0.46824654555977485,,0.02857142857142857,0.52,,0.16666666666666666,0.0840091144811963,0.5666666666666667,,
2026-09-27T12:00:00+00:00,720,recent_90,all,2026-06-30T00:00:00+00:00,2026-09-28T00:00:00+00:00,2026-06-30T00:00:00+00:00,2026-08-28T00:00:00+00:00,60,2,catboost_calibrated,0.22913308242849792,-0.1924191272082143,,0.02857142857142857,0.56,,0.16666666666666666,0.0648517878709427,0.6333333333333333,,
2026-09-27T12:00:00+00:00,720,recent_90,all,2026-06-30T00:00:00+00:00,2026-09-28T00:00:00+00:00,2026-06-30T00:00:00+00:00,2026-08-28T00:00:00+00:00,60,2,climatology,0.1921581742528421,0.0,,1.0,1.0,,0.5166666666666667,0.021669027078454084,1.0,,
2026-09-27T12:00:00+00:00,720,recent_90,all,2026-06-30T00:00:00+00:00,2026-09-28T00:00:00+00:00,2026-06-30T00:00:00+00:00,2026-08-28T00:00:00+00:00,60,2,logistic,0.162062244264832,0.15662060750228513,,0.17142857142857143,0.32,,0.0,0.021669027078454084,1.0,,
2026-09-27T12:00:00+00:00,720,recent_90,all,2026-06-30T00:00:00+00:00,2026-09-28T00:00:00+00:00,2026-06-30T00:00:00+00:00,2026-08-28T00:00:00+00:00,60,2,selected,0.1921581742528421,0.0,,1.0,1.0,,0.5166666666666667,0.021669027078454084,1.0,,
2026-09-27T12:00:00+00:00,720,recent_90,trend_up,2026-06-30T00:00:00+00:00,2026-09-28T00:00:00+00:00,2026-07-03T00:00:00+00:00,2026-08-22T00:00:00+00:00,7,2,catboost,0.2373956851518693,-0.4287680886410916,,0.0,0.5,,0.14285714285714285,0.19817491668148812,0.7142857142857143,,
2026-09-27T12:00:00+00:00,720,recent_90,trend_up,2026-06-30T00:00:00+00:00,2026-09-28T00:00:00+00:00,2026-07-03T00:00:00+00:00,2026-08-22T00:00:00+00:00,7,2,catboost_calibrated,0.1930981568338206,-0.16216301186383708,,0.0,0.5,,0.14285714285714285,0.1661737266382327,0.8571428571428571,,
2026-09-27T12:00:00+00:00,720,recent_90,trend_up,2026-06-30T00:00:00+00:00,2026-09-28T00:00:00+00:00,2026-07-03T00:00:00+00:00,2026-08-22T00:00:00+00:00,7,2,climatology,0.16615410649159829,0.0,,1.0,1.0,,0.42857142857142855,0.036463587174061396,1.0,,
2026-09-27T12:00:00+00:00,720,recent_90,trend_up,2026-06-30T00:00:00+00:00,2026-09-28T00:00:00+00:00,2026-07-03T00:00:00+00:00,2026-08-22T00:00:00+00:00,7,2,logistic,0.12243213306456978,0.2631410944347581,,0.6666666666666666,0.25,,0.0,0.036463587174061396,1.0,,
2026-09-27T12:00:00+00:00,720,recent_90,trend_up,2026-06-30T00:00:00+00:00,2026-09-28T00:00:00+00:00,2026-07-03T00:00:00+00:00,2026-08-22T00:00:00+00:00,7,2,selected,0.16615410649159829,0.0,,1.0,1.0,,0.42857142857142855,0.036463587174061396,1.0,,
2026-09-27T12:00:00+00:00,720,recent_90,trend_down,2026-06-30T00:00:00+00:00,2026-09-28T00:00:00+00:00,2026-07-24T00:00:00+00:00,2026-08-23T00:00:00+00:00,4,1,catboost,0.24264897624770998,0.07459949533882648,,0.25,,,0.0,0.15448957659283113,0.25,,
2026-09-27T12:00:00+00:00,720,recent_90,trend_down,2026-06-30T00:00:00+00:00,2026-09-28T00:00:00+00:00,2026-07-24T00:00:00+00:00,2026-08-23T00:00:00+00:00,4,1,catboost_calibrated,0.2485406561218974,0.05213015047207026,,0.25,,,0.0,0.0844557992802778,0.5,,
2026-09-27T12:00:00+00:00,720,recent_90,trend_down,2026-06-30T00:00:00+00:00,2026-09-28T00:00:00+00:00,2026-07-24T00:00:00+00:00,2026-08-23T00:00:00+00:00,4,1,climatology,0.2622096865362674,0.0,,1.0,,,0.5,0.016469110984655422,1.0,,
2026-09-27T12:00:00+00:00,720,recent_90,trend_down,2026-06-30T00:00:00+00:00,2026-09-28T00:00:00+00:00,2026-07-24T00:00:00+00:00,2026-08-23T00:00:00+00:00,4,1,logistic,0.16609101329337211,0.36657178654458555,,0.25,,,0.0,0.016469110984655422,1.0,,
2026-09-27T12:00:00+00:00,720,recent_90,trend_down,2026-06-30T00:00:00+00:00,2026-09-28T00:00:00+00:00,2026-07-24T00:00:00+00:00,2026-08-23T00:00:00+00:00,4,1,selected,0.2622096865362674,0.0,,1.0,,,0.5,0.016469110984655422,1.0,,
2026-09-27T12:00:00+00:00,720,recent_90,trend_range,2026-06-30T00:00:00+00:00,2026-09-28T00:00:00+00:00,2026-06-30T00:00:00+00:00,2026-08-28T00:00:00+00:00,49,2,catboost,0.2917503843227468,-0.534280320388854,,0.0,0.5238095238095238,,0.1836734693877551,0.0641177729254172,0.5714285714285714,,
2026-09-27T12:00:00+00:00,720,recent_90,trend_range,2026-06-30T00:00:00+00:00,2026-09-28T00:00:00+00:00,2026-06-30T00:00:00+00:00,2026-08-28T00:00:00+00:00,49,2,catboost_calibrated,0.2326966372119498,-0.2237237387835156,,0.0,0.5714285714285714,,0.1836734693877551,0.05207308506349817,0.6122448979591837,,
2026-09-27T12:00:00+00:00,720,recent_90,trend_range,2026-06-30T00:00:00+00:00,2026-09-28T00:00:00+00:00,2026-06-30T00:00:00+00:00,2026-08-28T00:00:00+00:00,49,2,climatology,0.19015455027722994,0.0,,1.0,1.0,,0.5306122448979592,0.020718281244756942,1.0,,
2026-09-27T12:00:00+00:00,720,recent_90,trend_range,2026-06-30T00:00:00+00:00,2026-09-28T00:00:00+00:00,2026-06-30T00:00:00+00:00,2026-08-28T00:00:00+00:00,49,2,logistic,0.1673948096176417,0.11969074958451631,,0.10714285714285714,0.3333333333333333,,0.0,0.020718281244756942,1.0,,
2026-09-27T12:00:00+00:00,720,recent_90,trend_range,2026-06-30T00:00:00+00:00,2026-09-28T00:00:00+00:00,2026-06-30T00:00:00+00:00,2026-08-28T00:00:00+00:00,49,2,selected,0.19015455027722994,0.0,,1.0,1.0,,0.5306122448979592,0.020718281244756942,1.0,,
2026-09-27T12:00:00+00:00,720,recent_90,vol_high,2026-06-30T00:00:00+00:00,2026-09-28T00:00:00+00:00,2026-08-20T00:00:00+00:00,2026-08-22T00:00:00+00:00,2,1,catboost,0.2247273625419784,-0.2752876340354262,,0.0,1.0,,0.0,0.36278581631703677,1.0,,
2026-09-27T12:00:00+00:00,720,recent_90,vol_high,2026-06-30T00:00:00+00:00,2026-09-28T00:00:00+00:00,2026-08-20T00:00:00+00:00,2026-08-22T00:00:00+00:00,2,1,catboost_calibrated,0.1927782751193755,-0.09398227073703702,,0.0,1.0,,0.0,0.39906069522124366,1.0,,
2026-09-27T12:00:00+00:00,720,recent_90,vol_high,2026-06-30T00:00:00+00:00,2026-09-28T00:00:00+00:00,2026-08-20T00:00:00+00:00,2026-08-22T00:00:00+00:00,2,1,climatology,0.17621700120377368,0.0,,1.0,1.0,,0.0,0.07551138789816858,1.0,,
2026-09-27T12:00:00+00:00,720,recent_90,vol_high,2026-06-30T00:00:00+00:00,2026-09-28T00:00:00+00:00,2026-08-20T00:00:00+00:00,2026-08-22T00:00:00+00:00,2,1,logistic,0.11998287115558545,0.31911864158419223,,1.0,0.0,,0.0,0.07551138789816858,1.0,,
2026-09-27T12:00:00+00:00,720,recent_90,vol_high,2026-06-30T00:00:00+00:00,2026-09-28T00:00:00+00:00,2026-08-20T00:00:00+00:00,2026-08-22T00:00:00+00:00,2,1,selected,0.17621700120377368,0.0,,1.0,1.0,,0.0,0.07551138789816858,1.0,,
2026-09-27T12:00:00+00:00,720,recent_90,vol_normal,2026-06-30T00:00:00+00:00,2026-09-28T00:00:00+00:00,2026-06-30T00:00:00+00:00,2026-08-28T00:00:00+00:00,58,2,catboost,0.2841151690997338,-0.474330909701276,,0.029411764705882353,0.5,,0.1724137931034483,0.07809891191078422,0.5517241379310345,,
2026-09-27T12:00:00+00:00,720,recent_90,vol_normal,2026-06-30T00:00:00+00:00,2026-09-28T00:00:00+00:00,2026-06-30T00:00:00+00:00,2026-08-28T00:00:00+00:00,58,2,catboost_calibrated,0.23038669647364005,-0.19552302987321135,,0.029411764705882353,0.5416666666666666,,0.1724137931034483,0.057766395403535675,0.6206896551724138,,
2026-09-27T12:00:00+00:00,720,recent_90,vol_normal,2026-06-30T00:00:00+00:00,2026-09-28T00:00:00+00:00,2026-06-30T00:00:00+00:00,2026-08-28T00:00:00+00:00,58,2,climatology,0.19270786987522376,0.0,,1.0,1.0,,0.5344827586206896,0.020527542667388987,1.0,,
2026-09-27T12:00:00+00:00,720,recent_90,vol_normal,2026-06-30T00:00:00+00:00,2026-09-28T00:00:00+00:00,2026-06-30T00:00:00+00:00,2026-08-28T00:00:00+00:00,58,2,logistic,0.16351325713066808,0.1514967331819861,,0.14705882352941177,0.3333333333333333,,0.0,0.020527542667388987,1.0,,
2026-09-27T12:00:00+00:00,720,recent_90,vol_normal,2026-06-30T00:00:00+00:00,2026-09-28T00:00:00+00:00,2026-06-30T00:00:00+00:00,2026-08-28T00:00:00+00:00,58,2,selected,0.19270786987522376,0.0,,1.0,1.0,,0.5344827586206896,0.020527542667388987,1.0,,
2026-09-27T12:00:00+00:00,720,recent_365,all,2025-09-28T00:00:00+00:00,2026-09-28T00:00:00+00:00,2025-11-25T00:00:00+00:00,2026-08-28T00:00:00+00:00,217,8,catboost,0.1941574135829302,-0.14121129480692707,0.34094427244582043,0.02,0.25149700598802394,0.0,0.054945054945054944,-0.036397799549447996,0.7188940092165899,,
2026-09-27T12:00:00+00:00,720,recent_365,all,2025-09-28T00:00:00+00:00,2026-09-28T00:00:00+00:00,2025-11-25T00:00:00+00:00,2026-08-28T00:00:00+00:00,217,8,catboost_calibrated,0.17766143100987436,-0.04425181598038863,0.3333333333333333,0.02,0.46706586826347307,0.0,0.054945054945054944,-0.009734068317169386,0.7557603686635944,,
2026-09-27T12:00:00+00:00,720,recent_365,all,2025-09-28T00:00:00+00:00,2026-09-28T00:00:00+00:00,2025-11-25T00:00:00+00:00,2026-08-28T00:00:00+00:00,217,8,climatology,0.17013274795512626,0.0,0.3333333333333333,1.0,1.0,0.0,0.17032967032967034,0.00221187266951961,0.8617511520737328,,
2026-09-27T12:00:00+00:00,720,recent_365,all,2025-09-28T00:00:00+00:00,2026-09-28T00:00:00+00:00,2025-11-25T00:00:00+00:00,2026-08-28T00:00:00+00:00,217,8,logistic,0.16935552274678248,0.004568345704665688,0.34197626418988647,0.12,0.04790419161676647,0.0,0.03296703296703297,0.00221187266951961,0.8617511520737328,,
2026-09-27T12:00:00+00:00,720,recent_365,all,2025-09-28T00:00:00+00:00,2026-09-28T00:00:00+00:00,2025-11-25T00:00:00+00:00,2026-08-28T00:00:00+00:00,217,8,selected,0.17013274795512626,0.0,0.3333333333333333,1.0,1.0,0.0,0.17032967032967034,0.00221187266951961,0.8617511520737328,,
2026-09-27T12:00:00+00:00,720,recent_365,trend_up,2025-09-28T00:00:00+00:00,2026-09-28T00:00:00+00:00,2025-11-25T00:00:00+00:00,2026-08-22T00:00:00+00:00,29,7,catboost,0.16699689178149899,-0.1106316430858223,0.4292929292929293,0.0,0.23076923076923078,0.0,0.041666666666666664,-0.06606707152616131,0.7931034482758621,,
2026-09-27T12:00:00+00:00,720,recent_365,trend_up,2025-09-28T00:00:00+00:00,2026-09-28T00:00:00+00:00,2025-11-25T00:00:00+00:00,2026-08-22T00:00:00+00:00,29,7,catboost_calibrated,0.15397726238103998,-0.024043130933632417,0.3333333333333333,0.0,0.38461538461538464,0.0,0.041666666666666664,-0.005721317365478207,0.8275862068965517,,
2026-09-27T12:00:00+00:00,720,recent_365,trend_up,2025-09-28T00:00:00+00:00,2026-09-28T00:00:00+00:00,2025-11-25T00:00:00+00:00,2026-08-22T00:00:00+00:00,29,7,climatology,0.15036208703500317,0.0,0.3333333333333333,1.0,1.0,0.0,0.125,0.006648854837093987,0.8620689655172413,,
2026-09-27T12:00:00+00:00,720,recent_365,trend_up,2025-09-28T00:00:00+00:00,2026-09-28T00:00:00+00:00,2025-11-25T00:00:00+00:00,2026-08-22T00:00:00+00:00,29,7,logistic,0.13281277994183077,0.11671364397254647,0.41414141414141414,0.6666666666666666,0.038461538461538464,0.0,0.041666666666666664,0.006648854837093987,0.8620689655172413,,
2026-09-27T12:00:00+00:00,720,recent_365,trend_up,2025-09-28T00:00:00+00:00,2026-09-28T00:00:00+00:00,2025-11-25T00:00:00+00:00,2026-08-22T00:00:00+00:00,29,7,selected,0.15036208703500317,0.0,0.3333333333333333,1.0,1.0,0.0,0.125,0.006648854837093987,0.8620689655172413,,
2026-09-27T12:00:00+00:00,720,recent_365,trend_down,2025-09-28T00:00:00+00:00,2026-09-28T00:00:00+00:00,2025-12-02T00:00:00+00:00,2026-08-23T00:00:00+00:00,27,6,catboost,0.2156321045838429,0.00478078033671725,0.3333333333333333,0.16666666666666666,0.2857142857142857,0.0,0.0,-0.013789008484004883,0.5555555555555556,,
2026-09-27T12:00:00+00:00,720,recent_365,trend_down,2025-09-28T00:00:00+00:00,2026-09-28T00:00:00+00:00,2025-12-02T00:00:00+00:00,2026-08-23T00:00:00+00:00,27,6,catboost_calibrated,0.2130185122275938,0.01684344303865637,0.3333333333333333,0.16666666666666666,0.47619047619047616,0.0,0.0,-0.004415098850005128,0.6666666666666666,,
2026-09-27T12:00:00+00:00,720,recent_365,trend_down,2025-09-28T00:00:00+00:00,2026-09-28T00:00:00+00:00,2025-12-02T00:00:00+00:00,2026-08-23T00:00:00+00:00,27,6,climatology,0.21666794644178872,0.0,0.3333333333333333,1.0,1.0,0.0,0.11764705882352941,0.0014101580730122576,0.7777777777777778,,
2026-09-27T12:00:00+00:00,720,recent_365,trend_down,2025-09-28T00:00:00+00:00,2026-09-28T00:00:00+00:00,2025-12-02T00:00:00+00:00,2026-08-23T00:00:00+00:00,27,6,logistic,0.2040718194385322,0.058135627397200906,0.3137254901960784,0.16666666666666666,0.0,0.0,0.058823529411764705,0.0014101580730122576,0.7777777777777778,,
2026-09-27T12:00:00+00:00,720,recent_365,trend_down,2025-09-28T00:00:00+00:00,2026-09-28T00:00:00+00:00,2025-12-02T00:00:00+00:00,2026-08-23T00:00:00+00:00,27,6,selected,0.21666794644178872,0.0,0.3333333333333333,1.0,1.0,0.0,0.11764705882352941,0.0014101580730122576,0.7777777777777778,,
2026-09-27T12:00:00+00:00,720,recent_365,trend_range,2025-09-28T00:00:00+00:00,2026-09-28T00:00:00+00:00,2025-11-26T00:00:00+00:00,2026-08-28T00:00:00+00:00,161,8,catboost,0.19544833578924614,-0.17818116317104415,0.3333333333333333,0.0,0.25,0.0,0.06382978723404255,-0.036998902934190614,0.7329192546583851,,
2026-09-27T12:00:00+00:00,720,recent_365,trend_range,2025-09-28T00:00:00+00:00,2026-09-28T00:00:00+00:00,2025-11-26T00:00:00+00:00,2026-08-28T00:00:00+00:00,161,8,catboost_calibrated,0.17599807509284188,-0.060933141187474726,0.3333333333333333,0.0,0.48333333333333334,0.0,0.06382978723404255,-0.011373761263754334,0.7577639751552795,,
2026-09-27T12:00:00+00:00,720,recent_365,trend_range,2025-09-28T00:00:00+00:00,2026-09-28T00:00:00+00:00,2025-11-26T00:00:00+00:00,2026-08-28T00:00:00+00:00,161,8,climatology,0.16588988340570815,0.0,0.3333333333333333,1.0,1.0,0.0,0.18439716312056736,0.0017718379561090236,0.8757763975155279,,
2026-09-27T12:00:00+00:00,720,recent_365,trend_range,2025-09-28T00:00:00+00:00,2026-09-28T00:00:00+00:00,2025-11-26T00:00:00+00:00,2026-08-28T00:00:00+00:00,161,8,logistic,0.17011576827887165,-0.025474036067820283,0.339338390223346,0.07317073170731707,0.058333333333333334,0.0,0.028368794326241134,0.0017718379561090236,0.8757763975155279,,
2026-09-27T12:00:00+00:00,720,recent_365,trend_range,2025-09-28T00:00:00+00:00,2026-09-28T00:00:00+00:00,2025-11-26T00:00:00+00:00,2026-08-28T00:00:00+00:00,161,8,selected,0.16588988340570815,0.0,0.3333333333333333,1.0,1.0,0.0,0.18439716312056736,0.0017718379561090236,0.8757763975155279,,
2026-09-27T12:00:00+00:00,720,recent_365,vol_high,2025-09-28T00:00:00+00:00,2026-09-28T00:00:00+00:00,2025-12-02T00:00:00+00:00,2026-08-22T00:00:00+00:00,14,5,catboost,0.24856170340031913,-0.15297075673453242,0.6666666666666666,0.0,0.5833333333333334,0.0,0.0,0.038636857621994536,0.7142857142857143,,
2026-09-27T12:00:00+00:00,720,recent_365,vol_high,2025-09-28T00:00:00+00:00,2026-09-28T00:00:00+00:00,2025-12-02T00:00:00+00:00,2026-08-22T00:00:00+00:00,14,5,catboost_calibrated,0.22805864895946654,-0.05786591205953906,0.3333333333333333,0.0,0.6666666666666666,0.0,0.0,0.04424298356413714,0.7142857142857143,,
2026-09-27T12:00:00+00:00,720,recent_365,vol_high,2025-09-28T00:00:00+00:00,2026-09-28T00:00:00+00:00,2025-12-02T00:00:00+00:00,2026-08-22T00:00:00+00:00,14,5,climatology,0.2155837014498969,0.0,0.3333333333333333,1.0,1.0,0.0,0.0,0.00877143537882119,0.7857142857142857,,
2026-09-27T12:00:00+00:00,720,recent_365,vol_high,2025-09-28T00:00:00+00:00,2026-09-28T00:00:00+00:00,2025-12-02T00:00:00+00:00,2026-08-22T00:00:00+00:00,14,5,logistic,0.21766428769170457,-0.009650944054744537,0.6296296296296297,0.5,0.0,0.0,0.0,0.00877143537882119,0.7857142857142857,,
2026-09-27T12:00:00+00:00,720,recent_365,vol_high,2025-09-28T00:00:00+00:00,2026-09-28T00:00:00+00:00,2025-12-02T00:00:00+00:00,2026-08-22T00:00:00+00:00,14,5,selected,0.2155837014498969,0.0,0.3333333333333333,1.0,1.0,0.0,0.0,0.00877143537882119,0.7857142857142857,,
2026-09-27T12:00:00+00:00,720,recent_365,vol_normal,2025-09-28T00:00:00+00:00,2026-09-28T00:00:00+00:00,2025-11-25T00:00:00+00:00,2026-08-28T00:00:00+00:00,203,8,catboost,0.19040539359552405,-0.140164350490104,0.331002331002331,0.020833333333333332,0.22580645161290322,0.0,0.05747126436781609,-0.04202548641652082,0.7192118226600985,,
2026-09-27T12:00:00+00:00,720,recent_365,vol_normal,2025-09-28T00:00:00+00:00,2026-09-28T00:00:00+00:00,2025-11-25T00:00:00+00:00,2026-08-28T00:00:00+00:00,203,8,catboost_calibrated,0.1741857608064542,-0.04303975367630586,0.3333333333333333,0.020833333333333332,0.45161290322580644,0.0,0.05747126436781609,-0.013782410209392637,0.7586206896551724,,
2026-09-27T12:00:00+00:00,720,recent_365,vol_normal,2025-09-28T00:00:00+00:00,2026-09-28T00:00:00+00:00,2025-11-25T00:00:00+00:00,2026-08-28T00:00:00+00:00,203,8,climatology,0.1669981994382455,0.0,0.3333333333333333,1.0,1.0,0.0,0.1781609195402299,0.001719897810108617,0.8669950738916257,,
2026-09-27T12:00:00+00:00,720,recent_365,vol_normal,2025-09-28T00:00:00+00:00,2026-09-28T00:00:00+00:00,2025-11-25T00:00:00+00:00,2026-08-28T00:00:00+00:00,203,8,logistic,0.16602388378506372,0.005834288372325136,0.33411033411033414,0.10416666666666667,0.05161290322580645,0.0,0.034482758620689655,0.001719897810108617,0.8669950738916257,,
2026-09-27T12:00:00+00:00,720,recent_365,vol_normal,2025-09-28T00:00:00+00:00,2026-09-28T00:00:00+00:00,2025-11-25T00:00:00+00:00,2026-08-28T00:00:00+00:00,203,8,selected,0.1669981994382455,0.0,0.3333333333333333,1.0,1.0,0.0,0.1781609195402299,0.001719897810108617,0.8669950738916257,,
2026-09-27T12:00:00+00:00,720,year_2019,all,2019-01-01T00:00:00+00:00,2020-01-01T00:00:00+00:00,2019-12-01T00:00:00+00:00,2019-12-31T00:00:00+00:00,31,1,catboost,0.2866578523017834,-0.002807253557718825,,0.375,0.5333333333333333,0.0,0.0,-0.2502204401461652,0.4838709677419355,,
2026-09-27T12:00:00+00:00,720,year_2019,all,2019-01-01T00:00:00+00:00,2020-01-01T00:00:00+00:00,2019-12-01T00:00:00+00:00,2019-12-31T00:00:00+00:00,31,1,catboost_calibrated,0.27956850717871906,0.021993206835386414,,1.0,1.0,0.0,0.0,-0.06854273709197911,0.6451612903225806,,
2026-09-27T12:00:00+00:00,720,year_2019,all,2019-01-01T00:00:00+00:00,2020-01-01T00:00:00+00:00,2019-12-01T00:00:00+00:00,2019-12-31T00:00:00+00:00,31,1,climatology,0.28585538375873365,0.0,,1.0,1.0,0.0,0.0,0.003919902525922558,1.0,,
2026-09-27T12:00:00+00:00,720,year_2019,all,2019-01-01T00:00:00+00:00,2020-01-01T00:00:00+00:00,2019-12-01T00:00:00+00:00,2019-12-31T00:00:00+00:00,31,1,logistic,0.26266093653538036,0.08114049460383699,,0.9375,1.0,0.0,0.0,0.003919902525922558,1.0,,
2026-09-27T12:00:00+00:00,720,year_2019,all,2019-01-01T00:00:00+00:00,2020-01-01T00:00:00+00:00,2019-12-01T00:00:00+00:00,2019-12-31T00:00:00+00:00,31,1,selected,0.28585538375873365,0.0,,1.0,1.0,0.0,0.0,0.003919902525922558,1.0,,
2026-09-27T12:00:00+00:00,720,year_2019,trend_up,2019-01-01T00:00:00+00:00,2020-01-01T00:00:00+00:00,2019-12-19T00:00:00+00:00,2019-12-30T00:00:00+00:00,3,1,catboost,0.36442135528500263,-0.35472540771531813,,0.3333333333333333,,,0.0,-0.25972988388615725,0.0,,
2026-09-27T12:00:00+00:00,720,year_2019,trend_up,2019-01-01T00:00:00+00:00,2020-01-01T00:00:00+00:00,2019-12-19T00:00:00+00:00,2019-12-30T00:00:00+00:00,3,1,catboost_calibrated,0.3122358121202765,-0.1607272234283712,,1.0,,,0.0,-0.12462259253257058,0.3333333333333333,,
2026-09-27T12:00:00+00:00,720,year_2019,trend_up,2019-01-01T00:00:00+00:00,2020-01-01T00:00:00+00:00,2019-12-19T00:00:00+00:00,2019-12-30T00:00:00+00:00,3,1,climatology,0.2690001628445003,0.0,,1.0,,,0.0,0.017208128939988243,1.0,,
2026-09-27T12:00:00+00:00,720,year_2019,trend_up,2019-01-01T00:00:00+00:00,2020-01-01T00:00:00+00:00,2019-12-19T00:00:00+00:00,2019-12-30T00:00:00+00:00,3,1,logistic,0.33310960717636073,-0.23832492759091717,,1.0,,,0.0,0.017208128939988243,1.0,,
2026-09-27T12:00:00+00:00,720,year_2019,trend_up,2019-01-01T00:00:00+00:00,2020-01-01T00:00:00+00:00,2019-12-19T00:00:00+00:00,2019-12-30T00:00:00+00:00,3,1,selected,0.2690001628445003,0.0,,1.0,,,0.0,0.017208128939988243,1.0,,
2026-09-27T12:00:00+00:00,720,year_2019,trend_down,2019-01-01T00:00:00+00:00,2020-01-01T00:00:00+00:00,2019-12-17T00:00:00+00:00,2019-12-24T00:00:00+00:00,3,1,catboost,0.4082264482017971,-0.517569520720992,,0.3333333333333333,,,0.0,-0.17638870592990608,0.0,,
2026-09-27T12:00:00+00:00,720,year_2019,trend_down,2019-01-01T00:00:00+00:00,2020-01-01T00:00:00+00:00,2019-12-17T00:00:00+00:00,2019-12-24T00:00:00+00:00,3,1,catboost_calibrated,0.33255455629313935,-0.23626154265704913,,1.0,,,0.0,-0.0817477771510482,0.3333333333333333,,
2026-09-27T12:00:00+00:00,720,year_2019,trend_down,2019-01-01T00:00:00+00:00,2020-01-01T00:00:00+00:00,2019-12-17T00:00:00+00:00,2019-12-24T00:00:00+00:00,3,1,climatology,0.2690001628445003,0.0,,1.0,,,0.0,0.017296955162839023,1.0,,
2026-09-27T12:00:00+00:00,720,year_2019,trend_down,2019-01-01T00:00:00+00:00,2020-01-01T00:00:00+00:00,2019-12-17T00:00:00+00:00,2019-12-24T00:00:00+00:00,3,1,logistic,0.36411322065370066,-0.35357992650800707,,0.6666666666666666,,,0.0,0.017296955162839023,1.0,,
2026-09-27T12:00:00+00:00,720,year_2019,trend_down,2019-01-01T00:00:00+00:00,2020-01-01T00:00:00+00:00,2019-12-17T00:00:00+00:00,2019-12-24T00:00:00+00:00,3,1,selected,0.2690001628445003,0.0,,1.0,,,0.0,0.017296955162839023,1.0,,
2026-09-27T12:00:00+00:00,720,year_2019,trend_range,2019-01-01T00:00:00+00:00,2020-01-01T00:00:00+00:00,2019-12-01T00:00:00+00:00,2019-12-31T00:00:00+00:00,25,1,catboost,0.2627380004357954,0.093696366604192,,0.4,0.5333333333333333,0.0,0.0,-0.2645251920218583,0.6,,
2026-09-27T12:00:00+00:00,720,year_2019,trend_range,2019-01-01T00:00:00+00:00,2020-01-01T00:00:00+00:00,2019-12-01T00:00:00+00:00,2019-12-31T00:00:00+00:00,25,1,catboost_calibrated,0.26929010469200176,0.07109515975958469,,1.0,1.0,0.0,0.0,-0.05305814820478649,0.72,,
2026-09-27T12:00:00+00:00,720,year_2019,trend_range,2019-01-01T00:00:00+00:00,2020-01-01T00:00:00+00:00,2019-12-01T00:00:00+00:00,2019-12-31T00:00:00+00:00,25,1,climatology,0.28990063677814965,0.0,,1.0,1.0,0.0,0.0,-0.0020300326146487357,1.0,,
2026-09-27T12:00:00+00:00,720,year_2019,trend_range,2019-01-01T00:00:00+00:00,2020-01-01T00:00:00+00:00,2019-12-01T00:00:00+00:00,2019-12-31T00:00:00+00:00,25,1,logistic,0.2420328219642643,0.1651180050719131,,1.0,1.0,0.0,0.0,-0.0020300326146487357,1.0,,
2026-09-27T12:00:00+00:00,720,year_2019,trend_range,2019-01-01T00:00:00+00:00,2020-01-01T00:00:00+00:00,2019-12-01T00:00:00+00:00,2019-12-31T00:00:00+00:00,25,1,selected,0.28990063677814965,0.0,,1.0,1.0,0.0,0.0,-0.0020300326146487357,1.0,,
2026-09-27T12:00:00+00:00,720,year_2019,vol_high,2019-01-01T00:00:00+00:00,2020-01-01T00:00:00+00:00,2019-12-17T00:00:00+00:00,2019-12-19T00:00:00+00:00,2,1,catboost,0.3194150903749343,-0.187415974017745,,0.5,,,0.0,-0.13845126631839766,0.0,,
2026-09-27T12:00:00+00:00,720,year_2019,vol_high,2019-01-01T00:00:00+00:00,2020-01-01T00:00:00+00:00,2019-12-17T00:00:00+00:00,2019-12-19T00:00:00+00:00,2,1,catboost_calibrated,0.2925181204505458,-0.08742729876948241,,1.0,,,0.0,-0.0606123508069627,1.0,,
2026-09-27T12:00:00+00:00,720,year_2019,vol_high,2019-01-01T00:00:00+00:00,2020-01-01T00:00:00+00:00,2019-12-17T00:00:00+00:00,2019-12-19T00:00:00+00:00,2,1,climatology,0.2690001628445003,0.0,,1.0,,,0.0,0.018925134010876588,1.0,,
2026-09-27T12:00:00+00:00,720,year_2019,vol_high,2019-01-01T00:00:00+00:00,2020-01-01T00:00:00+00:00,2019-12-17T00:00:00+00:00,2019-12-19T00:00:00+00:00,2,1,logistic,0.3370713967300762,-0.25305276088225104,,1.0,,,0.0,0.018925134010876588,1.0,,
2026-09-27T12:00:00+00:00,720,year_2019,vol_high,2019-01-01T00:00:00+00:00,2020-01-01T00:00:00+00:00,2019-12-17T00:00:00+00:00,2019-12-19T00:00:00+00:00,2,1,selected,0.2690001628445003,0.0,,1.0,,,0.0,0.018925134010876588,1.0,,
2026-09-27T12:00:00+00:00,720,year_2019,vol_normal,2019-01-01T00:00:00+00:00,2020-01-01T00:00:00+00:00,2019-12-01T00:00:00+00:00,2019-12-31T00:00:00+00:00,29,1,catboost,0.2843987324346695,0.009125149157807932,,0.35714285714285715,0.5333333333333333,0.0,0.0,-0.26178478121752513,0.5172413793103449,,
2026-09-27T12:00:00+00:00,720,year_2019,vol_normal,2019-01-01T00:00:00+00:00,2020-01-01T00:00:00+00:00,2019-12-01T00:00:00+00:00,2019-12-31T00:00:00+00:00,29,1,catboost_calibrated,0.2786754304013517,0.029065730467857764,,1.0,1.0,0.0,0.0,-0.06936326469083975,0.6206896551724138,,
2026-09-27T12:00:00+00:00,720,year_2019,vol_normal,2019-01-01T00:00:00+00:00,2020-01-01T00:00:00+00:00,2019-12-01T00:00:00+00:00,2019-12-31T00:00:00+00:00,29,1,climatology,0.28701781278730143,0.0,,1.0,1.0,0.0,0.0,0.002367366985004171,1.0,,
2026-09-27T12:00:00+00:00,720,year_2019,vol_normal,2019-01-01T00:00:00+00:00,2020-01-01T00:00:00+00:00,2019-12-01T00:00:00+00:00,2019-12-31T00:00:00+00:00,29,1,logistic,0.25752918065988417,0.10274147043713355,,0.9285714285714286,1.0,0.0,0.0,0.002367366985004171,1.0,,
2026-09-27T12:00:00+00:00,720,year_2019,vol_normal,2019-01-01T00:00:00+00:00,2020-01-01T00:00:00+00:00,2019-12-01T00:00:00+00:00,2019-12-31T00:00:00+00:00,29,1,selected,0.28701781278730143,0.0,,1.0,1.0,0.0,0.0,0.002367366985004171,1.0,,
2026-09-27T12:00:00+00:00,720,year_2020,all,2020-01-01T00:00:00+00:00,2021-01-01T00:00:00+00:00,2020-03-01T00:00:00+00:00,2020-12-31T00:00:00+00:00,200,8,catboost,0.23819281527442418,-0.22372107754766035,0.3137254901960784,0.022727272727272728,0.13392857142857142,0.0,0.021505376344086023,-0.03280151678222554,0.4,,
2026-09-27T12:00:00+00:00,720,year_2020,all,2020-01-01T00:00:00+00:00,2021-01-01T00:00:00+00:00,2020-03-01T00:00:00+00:00,2020-12-31T00:00:00+00:00,200,8,catboost_calibrated,0.2087602390275614,-0.07251053881533642,0.3333333333333333,0.011363636363636364,0.15178571428571427,0.0,0.016129032258064516,0.004882499119075012,0.565,,
2026-09-27T12:00:00+00:00,720,year_2020,all,2020-01-01T00:00:00+00:00,2021-01-01T00:00:00+00:00,2020-03-01T00:00:00+00:00,2020-12-31T00:00:00+00:00,200,8,climatology,0.19464632884461147,0.0,0.3333333333333333,0.06818181818181818,0.49107142857142855,0.0,0.0,0.04432475280905346,0.69,,
2026-09-27T12:00:00+00:00,720,year_2020,all,2020-01-01T00:00:00+00:00,2021-01-01T00:00:00+00:00,2020-03-01T00:00:00+00:00,2020-12-31T00:00:00+00:00,200,8,logistic,0.23940370362518099,-0.22994204435419818,0.33053221288515405,0.0,0.008928571428571428,0.0,0.0,0.04432475280905346,0.69,,
2026-09-27T12:00:00+00:00,720,year_2020,all,2020-01-01T00:00:00+00:00,2021-01-01T00:00:00+00:00,2020-03-01T00:00:00+00:00,2020-12-31T00:00:00+00:00,200,8,selected,0.19464632884461147,0.0,0.3333333333333333,0.06818181818181818,0.49107142857142855,0.0,0.0,0.04432475280905346,0.69,,
2026-09-27T12:00:00+00:00,720,year_2020,trend_up,2020-01-01T00:00:00+00:00,2021-01-01T00:00:00+00:00,2020-03-03T00:00:00+00:00,2020-12-29T00:00:00+00:00,36,7,catboost,0.2094974385412129,-0.05281145803788023,0.3157894736842105,0.0625,0.05,0.0,0.0,-0.05256048690635917,0.3611111111111111,,
2026-09-27T12:00:00+00:00,720,year_2020,trend_up,2020-01-01T00:00:00+00:00,2021-01-01T00:00:00+00:00,2020-03-03T00:00:00+00:00,2020-12-29T00:00:00+00:00,36,7,catboost_calibrated,0.1972308609746801,0.008833178301745459,0.3333333333333333,0.0,0.1,0.0,0.0,0.012788202102038904,0.6388888888888888,,
2026-09-27T12:00:00+00:00,720,year_2020,trend_up,2020-01-01T00:00:00+00:00,2021-01-01T00:00:00+00:00,2020-03-03T00:00:00+00:00,2020-12-29T00:00:00+00:00,36,7,climatology,0.1989885624266023,0.0,0.3333333333333333,0.0,0.5,0.0,0.0,0.059640760455861086,0.7222222222222222,,
2026-09-27T12:00:00+00:00,720,year_2020,trend_up,2020-01-01T00:00:00+00:00,2021-01-01T00:00:00+00:00,2020-03-03T00:00:00+00:00,2020-12-29T00:00:00+00:00,36,7,logistic,0.2444210510615733,-0.22831708556982488,0.3157894736842105,0.0,0.0,0.0,0.0,0.059640760455861086,0.7222222222222222,,
2026-09-27T12:00:00+00:00,720,year_2020,trend_up,2020-01-01T00:00:00+00:00,2021-01-01T00:00:00+00:00,2020-03-03T00:00:00+00:00,2020-12-29T00:00:00+00:00,36,7,selected,0.1989885624266023,0.0,0.3333333333333333,0.0,0.5,0.0,0.0,0.059640760455861086,0.7222222222222222,,
2026-09-27T12:00:00+00:00,720,year_2020,trend_down,2020-01-01T00:00:00+00:00,2021-01-01T00:00:00+00:00,2020-03-09T00:00:00+00:00,2020-12-24T00:00:00+00:00,20,6,catboost,0.27787752978859864,-0.3049015691969421,,0.08333333333333333,0.25,0.0,0.0,0.1290407723606899,0.5,,
2026-09-27T12:00:00+00:00,720,year_2020,trend_down,2020-01-01T00:00:00+00:00,2021-01-01T00:00:00+00:00,2020-03-09T00:00:00+00:00,2020-12-24T00:00:00+00:00,20,6,catboost_calibrated,0.23676700085205796,-0.11184819866849383,,0.08333333333333333,0.25,0.0,0.0,0.09756547116660641,0.7,,
2026-09-27T12:00:00+00:00,720,year_2020,trend_down,2020-01-01T00:00:00+00:00,2021-01-01T00:00:00+00:00,2020-03-09T00:00:00+00:00,2020-12-24T00:00:00+00:00,20,6,climatology,0.21294903489127465,0.0,,0.16666666666666666,0.375,0.0,0.0,0.049208019858049235,0.75,,
2026-09-27T12:00:00+00:00,720,year_2020,trend_down,2020-01-01T00:00:00+00:00,2021-01-01T00:00:00+00:00,2020-03-09T00:00:00+00:00,2020-12-24T00:00:00+00:00,20,6,logistic,0.29669802409197976,-0.3932818443787023,,0.0,0.0,0.0,0.0,0.049208019858049235,0.75,,
2026-09-27T12:00:00+00:00,720,year_2020,trend_down,2020-01-01T00:00:00+00:00,2021-01-01T00:00:00+00:00,2020-03-09T00:00:00+00:00,2020-12-24T00:00:00+00:00,20,6,selected,0.21294903489127465,0.0,,0.16666666666666666,0.375,0.0,0.0,0.049208019858049235,0.75,,
2026-09-27T12:00:00+00:00,720,year_2020,trend_range,2020-01-01T00:00:00+00:00,2021-01-01T00:00:00+00:00,2020-03-01T00:00:00+00:00,2020-12-31T00:00:00+00:00,144,8,catboost,0.23985489355298056,-0.2556616627926369,0.32196969696969696,0.0,0.14285714285714285,0.0,0.029850746268656716,-0.05161972068406895,0.3958333333333333,,
2026-09-27T12:00:00+00:00,720,year_2020,trend_range,2020-01-01T00:00:00+00:00,2021-01-01T00:00:00+00:00,2020-03-01T00:00:00+00:00,2020-12-31T00:00:00+00:00,144,8,catboost_calibrated,0.20775275550960165,-0.0876041200106541,0.3333333333333333,0.0,0.15476190476190477,0.0,0.022388059701492536,-0.009750737527044917,0.5277777777777778,,
2026-09-27T12:00:00+00:00,720,year_2020,trend_range,2020-01-01T00:00:00+00:00,2021-01-01T00:00:00+00:00,2020-03-01T00:00:00+00:00,2020-12-31T00:00:00+00:00,144,8,climatology,0.19101872794263275,0.0,0.3333333333333333,0.06666666666666667,0.5,0.0,0.0,0.04056433292162154,0.6736111111111112,,
2026-09-27T12:00:00+00:00,720,year_2020,trend_range,2020-01-01T00:00:00+00:00,2021-01-01T00:00:00+00:00,2020-03-01T00:00:00+00:00,2020-12-31T00:00:00+00:00,144,8,logistic,0.2301918222568053,-0.20507462664046794,0.3333333333333333,0.0,0.011904761904761904,0.0,0.0,0.04056433292162154,0.6736111111111112,,
2026-09-27T12:00:00+00:00,720,year_2020,trend_range,2020-01-01T00:00:00+00:00,2021-01-01T00:00:00+00:00,2020-03-01T00:00:00+00:00,2020-12-31T00:00:00+00:00,144,8,selected,0.19101872794263275,0.0,0.3333333333333333,0.06666666666666667,0.5,0.0,0.0,0.04056433292162154,0.6736111111111112,,
2026-09-27T12:00:00+00:00,720,year_2020,vol_high,2020-01-01T00:00:00+00:00,2021-01-01T00:00:00+00:00,2020-03-13T00:00:00+00:00,2020-12-28T00:00:00+00:00,17,6,catboost,0.2039374428659626,0.006558418327890836,,0.1,0.14285714285714285,,0.0,0.007704239867150964,0.35294117647058826,,
2026-09-27T12:00:00+00:00,720,year_2020,vol_high,2020-01-01T00:00:00+00:00,2021-01-01T00:00:00+00:00,2020-03-13T00:00:00+00:00,2020-12-28T00:00:00+00:00,17,6,catboost_calibrated,0.195882094881268,0.045798479056189056,,0.1,0.14285714285714285,,0.0,0.09031877681977152,0.6470588235294118,,
2026-09-27T12:00:00+00:00,720,year_2020,vol_high,2020-01-01T00:00:00+00:00,2021-01-01T00:00:00+00:00,2020-03-13T00:00:00+00:00,2020-12-28T00:00:00+00:00,17,6,climatology,0.2052837797696224,0.0,,0.1,0.14285714285714285,,0.0,0.08935302453532723,0.8823529411764706,,
2026-09-27T12:00:00+00:00,720,year_2020,vol_high,2020-01-01T00:00:00+00:00,2021-01-01T00:00:00+00:00,2020-03-13T00:00:00+00:00,2020-12-28T00:00:00+00:00,17,6,logistic,0.27420271706627775,-0.3357251964767938,,0.0,0.0,,0.0,0.08935302453532723,0.8823529411764706,,
2026-09-27T12:00:00+00:00,720,year_2020,vol_high,2020-01-01T00:00:00+00:00,2021-01-01T00:00:00+00:00,2020-03-13T00:00:00+00:00,2020-12-28T00:00:00+00:00,17,6,selected,0.2052837797696224,0.0,,0.1,0.14285714285714285,,0.0,0.08935302453532723,0.8823529411764706,,
2026-09-27T12:00:00+00:00,720,year_2020,vol_normal,2020-01-01T00:00:00+00:00,2021-01-01T00:00:00+00:00,2020-03-01T00:00:00+00:00,2020-12-31T00:00:00+00:00,183,8,catboost,0.2413750083396911,-0.2463973652113376,0.3181818181818182,0.01282051282051282,0.13333333333333333,0.0,0.023668639053254437,-0.03556585862553652,0.40437158469945356,,
2026-09-27T12:00:00+00:00,720,year_2020,vol_normal,2020-01-01T00:00:00+00:00,2021-01-01T00:00:00+00:00,2020-03-01T00:00:00+00:00,2020-12-31T00:00:00+00:00,183,8,catboost_calibrated,0.20995656935809134,-0.08416076981945331,0.3333333333333333,0.0,0.1523809523809524,0.0,0.01775147928994083,-0.0009481555068622249,0.5573770491803278,,
2026-09-27T12:00:00+00:00,720,year_2020,vol_normal,2020-01-01T00:00:00+00:00,2021-01-01T00:00:00+00:00,2020-03-01T00:00:00+00:00,2020-12-31T00:00:00+00:00,183,8,climatology,0.19365815034338096,0.0,0.3333333333333333,0.0641025641025641,0.5142857142857142,0.0,0.0,0.04125176896771021,0.6721311475409836,,
2026-09-27T12:00:00+00:00,720,year_2020,vol_normal,2020-01-01T00:00:00+00:00,2021-01-01T00:00:00+00:00,2020-03-01T00:00:00+00:00,2020-12-31T00:00:00+00:00,183,8,logistic,0.23617100838748345,-0.21952527156084933,0.3303030303030303,0.0,0.009523809523809525,0.0,0.0,0.04125176896771021,0.6721311475409836,,
2026-09-27T12:00:00+00:00,720,year_2020,vol_normal,2020-01-01T00:00:00+00:00,2021-01-01T00:00:00+00:00,2020-03-01T00:00:00+00:00,2020-12-31T00:00:00+00:00,183,8,selected,0.19365815034338096,0.0,0.3333333333333333,0.0641025641025641,0.5142857142857142,0.0,0.0,0.04125176896771021,0.6721311475409836,,
2026-09-27T12:00:00+00:00,720,year_2021,all,2021-01-01T00:00:00+00:00,2022-01-01T00:00:00+00:00,2021-01-01T00:00:00+00:00,2021-12-31T00:00:00+00:00,365,12,catboost,0.2335890903632083,-0.04565435558582931,0.3280212483399734,0.234375,0.33755274261603374,0.07446808510638298,0.03690036900369004,-0.07503857630322641,0.5397260273972603,,
2026-09-27T12:00:00+00:00,720,year_2021,all,2021-01-01T00:00:00+00:00,2022-01-01T00:00:00+00:00,2021-01-01T00:00:00+00:00,2021-12-31T00:00:00+00:00,365,12,catboost_calibrated,0.22523945214554447,-0.00827745773374855,0.3333333333333333,0.3984375,0.5147679324894515,0.010638297872340425,0.007380073800738007,-0.03866755389261578,0.6575342465753424,,
2026-09-27T12:00:00+00:00,720,year_2021,all,2021-01-01T00:00:00+00:00,2022-01-01T00:00:00+00:00,2021-01-01T00:00:00+00:00,2021-12-31T00:00:00+00:00,365,12,climatology,0.2233903479819961,0.0,0.3333333333333333,0.8515625,0.9493670886075949,0.0,0.0,-0.01814404199939612,0.7917808219178082,,
2026-09-27T12:00:00+00:00,720,year_2021,all,2021-01-01T00:00:00+00:00,2022-01-01T00:00:00+00:00,2021-01-01T00:00:00+00:00,2021-12-31T00:00:00+00:00,365,12,logistic,0.22509209170904154,-0.007617803286570801,0.33712121212121215,0.6328125,0.5527426160337553,0.10638297872340426,0.014760147601476014,-0.01814404199939612,0.7917808219178082,,
2026-09-27T12:00:00+00:00,720,year_2021,all,2021-01-01T00:00:00+00:00,2022-01-01T00:00:00+00:00,2021-01-01T00:00:00+00:00,2021-12-31T00:00:00+00:00,365,12,selected,0.2233903479819961,0.0,0.3333333333333333,0.8515625,0.9493670886075949,0.0,0.0,-0.01814404199939612,0.7917808219178082,0.0,0.0
2026-09-27T12:00:00+00:00,720,year_2021,trend_up,2021-01-01T00:00:00+00:00,2022-01-01T00:00:00+00:00,2021-01-03T00:00:00+00:00,2021-12-12T00:00:00+00:00,56,10,catboost,0.24363348039057792,-0.08763915557904656,0.3247863247863248,0.05,0.3055555555555556,0.21428571428571427,0.047619047619047616,-0.05276256512085031,0.5714285714285714,,
2026-09-27T12:00:00+00:00,720,year_2021,trend_up,2021-01-01T00:00:00+00:00,2022-01-01T00:00:00+00:00,2021-01-03T00:00:00+00:00,2021-12-12T00:00:00+00:00,56,10,catboost_calibrated,0.2304131237010001,-0.028620265551063673,0.3333333333333333,0.15,0.4722222222222222,0.07142857142857142,0.0,-0.029634590153392093,0.6071428571428571,,
2026-09-27T12:00:00+00:00,720,year_2021,trend_up,2021-01-01T00:00:00+00:00,2022-01-01T00:00:00+00:00,2021-01-03T00:00:00+00:00,2021-12-12T00:00:00+00:00,56,10,climatology,0.2240021234440298,0.0,0.3333333333333333,0.65,0.9444444444444444,0.0,0.0,-0.027865378851868794,0.7321428571428571,,
2026-09-27T12:00:00+00:00,720,year_2021,trend_up,2021-01-01T00:00:00+00:00,2022-01-01T00:00:00+00:00,2021-01-03T00:00:00+00:00,2021-12-12T00:00:00+00:00,56,10,logistic,0.2554743382846327,-0.14049962722101905,0.3333333333333333,0.45,0.5833333333333334,0.14285714285714285,0.023809523809523808,-0.027865378851868794,0.7321428571428571,,
2026-09-27T12:00:00+00:00,720,year_2021,trend_up,2021-01-01T00:00:00+00:00,2022-01-01T00:00:00+00:00,2021-01-03T00:00:00+00:00,2021-12-12T00:00:00+00:00,56,10,selected,0.2240021234440298,0.0,0.3333333333333333,0.65,0.9444444444444444,0.0,0.0,-0.027865378851868794,0.7321428571428571,,
2026-09-27T12:00:00+00:00,720,year_2021,trend_down,2021-01-01T00:00:00+00:00,2022-01-01T00:00:00+00:00,2021-01-12T00:00:00+00:00,2021-12-30T00:00:00+00:00,45,9,catboost,0.2641388197222011,-0.13467195092623419,0.3333333333333333,0.2777777777777778,0.4074074074074074,0.0,0.18181818181818182,-0.15822851690162776,0.5333333333333333,,
2026-09-27T12:00:00+00:00,720,year_2021,trend_down,2021-01-01T00:00:00+00:00,2022-01-01T00:00:00+00:00,2021-01-12T00:00:00+00:00,2021-12-30T00:00:00+00:00,45,9,catboost_calibrated,0.24491279306376212,-0.0520819204262335,0.3333333333333333,0.3333333333333333,0.5555555555555556,0.0,0.06060606060606061,-0.10688816322989458,0.7333333333333333,,
2026-09-27T12:00:00+00:00,720,year_2021,trend_down,2021-01-01T00:00:00+00:00,2022-01-01T00:00:00+00:00,2021-01-12T00:00:00+00:00,2021-12-30T00:00:00+00:00,45,9,climatology,0.23278870999374246,0.0,0.3333333333333333,0.8333333333333334,1.0,0.0,0.0,-0.07343433114031028,0.7555555555555555,,
2026-09-27T12:00:00+00:00,720,year_2021,trend_down,2021-01-01T00:00:00+00:00,2022-01-01T00:00:00+00:00,2021-01-12T00:00:00+00:00,2021-12-30T00:00:00+00:00,45,9,logistic,0.23905195039473243,-0.026905258425798717,0.3636363636363636,0.6111111111111112,0.5555555555555556,0.16666666666666666,0.0,-0.07343433114031028,0.7555555555555555,,
2026-09-27T12:00:00+00:00,720,year_2021,trend_down,2021-01-01T00:00:00+00:00,2022-01-01T00:00:00+00:00,2021-01-12T00:00:00+00:00,2021-12-30T00:00:00+00:00,45,9,selected,0.23278870999374246,0.0,0.3333333333333333,0.8333333333333334,1.0,0.0,0.0,-0.07343433114031028,0.7555555555555555,,
2026-09-27T12:00:00+00:00,720,year_2021,trend_range,2021-01-01T00:00:00+00:00,2022-01-01T00:00:00+00:00,2021-01-01T00:00:00+00:00,2021-12-31T00:00:00+00:00,264,12,catboost,0.22625112194393793,-0.020718972206364983,0.32783882783882784,0.26666666666666666,0.3333333333333333,0.058823529411764705,0.01020408163265306,-0.06663618098867574,0.5340909090909091,,
2026-09-27T12:00:00+00:00,720,year_2021,trend_range,2021-01-01T00:00:00+00:00,2022-01-01T00:00:00+00:00,2021-01-01T00:00:00+00:00,2021-12-31T00:00:00+00:00,264,12,catboost_calibrated,0.22078859628029707,0.003924899316287478,0.3333333333333333,0.4666666666666667,0.5172413793103449,0.0,0.0,-0.029722994040819684,0.6553030303030303,,
2026-09-27T12:00:00+00:00,720,year_2021,trend_range,2021-01-01T00:00:00+00:00,2022-01-01T00:00:00+00:00,2021-01-01T00:00:00+00:00,2021-12-31T00:00:00+00:00,264,12,climatology,0.22165858390471394,0.0,0.3333333333333333,0.9,0.9425287356321839,0.0,0.0,-0.0071040342438921655,0.8106060606060606,,
2026-09-27T12:00:00+00:00,720,year_2021,trend_range,2021-01-01T00:00:00+00:00,2022-01-01T00:00:00+00:00,2021-01-01T00:00:00+00:00,2021-12-31T00:00:00+00:00,264,12,logistic,0.2162678513715825,0.024319980928186324,0.3333333333333333,0.6777777777777778,0.5459770114942529,0.08823529411764706,0.015306122448979591,-0.0071040342438921655,0.8106060606060606,,
2026-09-27T12:00:00+00:00,720,year_2021,trend_range,2021-01-01T00:00:00+00:00,2022-01-01T00:00:00+00:00,2021-01-01T00:00:00+00:00,2021-12-31T00:00:00+00:00,264,12,selected,0.22165858390471394,0.0,0.3333333333333333,0.9,0.9425287356321839,0.0,0.0,-0.0071040342438921655,0.8106060606060606,0.0,0.0
2026-09-27T12:00:00+00:00,720,year_2021,vol_high,2021-01-01T00:00:00+00:00,2022-01-01T00:00:00+00:00,2021-01-04T00:00:00+00:00,2021-12-16T00:00:00+00:00,31,8,catboost,0.31074609887193017,-0.27274388537035654,0.3333333333333333,0.0,0.5882352941176471,0.0,0.09090909090909091,-0.2122482619615731,0.4838709677419355,,
2026-09-27T12:00:00+00:00,720,year_2021,vol_high,2021-01-01T00:00:00+00:00,2022-01-01T00:00:00+00:00,2021-01-04T00:00:00+00:00,2021-12-16T00:00:00+00:00,31,8,catboost_calibrated,0.2742543073732095,-0.12328197847977895,0.3333333333333333,0.07142857142857142,0.7647058823529411,0.0,0.0,-0.13610804914157582,0.6774193548387096,,
2026-09-27T12:00:00+00:00,720,year_2021,vol_high,2021-01-01T00:00:00+00:00,2022-01-01T00:00:00+00:00,2021-01-04T00:00:00+00:00,2021-12-16T00:00:00+00:00,31,8,climatology,0.24415446221649373,0.0,0.3333333333333333,0.6428571428571429,1.0,0.0,0.0,-0.07194203278410516,0.7419354838709677,,
2026-09-27T12:00:00+00:00,720,year_2021,vol_high,2021-01-01T00:00:00+00:00,2022-01-01T00:00:00+00:00,2021-01-04T00:00:00+00:00,2021-12-16T00:00:00+00:00,31,8,logistic,0.28695834961700106,-0.17531478643446952,0.3703703703703704,0.6428571428571429,0.47058823529411764,0.0,0.045454545454545456,-0.07194203278410516,0.7419354838709677,,
2026-09-27T12:00:00+00:00,720,year_2021,vol_high,2021-01-01T00:00:00+00:00,2022-01-01T00:00:00+00:00,2021-01-04T00:00:00+00:00,2021-12-16T00:00:00+00:00,31,8,selected,0.24415446221649373,0.0,0.3333333333333333,0.6428571428571429,1.0,0.0,0.0,-0.07194203278410516,0.7419354838709677,,
2026-09-27T12:00:00+00:00,720,year_2021,vol_normal,2021-01-01T00:00:00+00:00,2022-01-01T00:00:00+00:00,2021-01-01T00:00:00+00:00,2021-12-31T00:00:00+00:00,334,12,catboost,0.22642781113036287,-0.022417596719766175,0.32756132756132755,0.2631578947368421,0.3181818181818182,0.08235294117647059,0.0321285140562249,-0.06321762321691549,0.5449101796407185,,
2026-09-27T12:00:00+00:00,720,year_2021,vol_normal,2021-01-01T00:00:00+00:00,2022-01-01T00:00:00+00:00,2021-01-01T00:00:00+00:00,2021-12-31T00:00:00+00:00,334,12,catboost_calibrated,0.2206901691753121,0.0034902900775145573,0.3333333333333333,0.43859649122807015,0.4954545454545455,0.011764705882352941,0.008032128514056224,-0.03027281472009924,0.655688622754491,,
2026-09-27T12:00:00+00:00,720,year_2021,vol_normal,2021-01-01T00:00:00+00:00,2022-01-01T00:00:00+00:00,2021-01-01T00:00:00+00:00,2021-12-31T00:00:00+00:00,334,12,climatology,0.2214631397746026,0.0,0.3333333333333333,0.8771929824561403,0.9454545454545454,0.0,0.0,-0.01350921230678015,0.7964071856287425,,
2026-09-27T12:00:00+00:00,720,year_2021,vol_normal,2021-01-01T00:00:00+00:00,2022-01-01T00:00:00+00:00,2021-01-01T00:00:00+00:00,2021-12-31T00:00:00+00:00,334,12,logistic,0.2193500138792609,0.009541659607519182,0.3333333333333333,0.631578947368421,0.5590909090909091,0.11764705882352941,0.012048192771084338,-0.01350921230678015,0.7964071856287425,,
2026-09-27T12:00:00+00:00,720,year_2021,vol_normal,2021-01-01T00:00:00+00:00,2022-01-01T00:00:00+00:00,2021-01-01T00:00:00+00:00,2021-12-31T00:00:00+00:00,334,12,selected,0.2214631397746026,0.0,0.3333333333333333,0.8771929824561403,0.9454545454545454,0.0,0.0,-0.01350921230678015,0.7964071856287425,0.0,0.0
2026-09-27T12:00:00+00:00,720,year_2022,all,2022-01-01T00:00:00+00:00,2023-01-01T00:00:00+00:00,2022-01-01T00:00:00+00:00,2022-12-31T00:00:00+00:00,365,12,catboost,0.2773066911594627,-0.14404046209042787,0.4147426647426647,0.21839080459770116,0.2589928057553957,0.2564102564102564,0.2727272727272727,-0.22774109879624915,0.6,,
2026-09-27T12:00:00+00:00,720,year_2022,all,2022-01-01T00:00:00+00:00,2023-01-01T00:00:00+00:00,2022-01-01T00:00:00+00:00,2022-12-31T00:00:00+00:00,365,12,catboost_calibrated,0.25095845958854984,-0.03533972033905397,0.4059644059644059,0.11494252873563218,0.2302158273381295,0.28846153846153844,0.45933014354066987,-0.11832301208322504,0.6767123287671233,,
2026-09-27T12:00:00+00:00,720,year_2022,all,2022-01-01T00:00:00+00:00,2023-01-01T00:00:00+00:00,2022-01-01T00:00:00+00:00,2022-12-31T00:00:00+00:00,365,12,climatology,0.24239238064426405,0.0,0.3333333333333333,0.09195402298850575,0.18345323741007194,0.8076923076923077,0.7129186602870813,-0.12871414999431474,0.7671232876712328,,
2026-09-27T12:00:00+00:00,720,year_2022,all,2022-01-01T00:00:00+00:00,2023-01-01T00:00:00+00:00,2022-01-01T00:00:00+00:00,2022-12-31T00:00:00+00:00,365,12,logistic,0.2535720880656605,-0.04612235496710526,0.3194186765615337,0.034482758620689655,0.10431654676258993,0.5448717948717948,0.39712918660287083,-0.12871414999431474,0.7671232876712328,,
2026-09-27T12:00:00+00:00,720,year_2022,all,2022-01-01T00:00:00+00:00,2023-01-01T00:00:00+00:00,2022-01-01T00:00:00+00:00,2022-12-31T00:00:00+00:00,365,12,selected,0.26330212293292343,-0.08626402460787985,0.3333333333333333,0.09195402298850575,0.29136690647482016,0.30128205128205127,0.45933014354066987,-0.1857482917796267,0.7095890410958904,0.008101078722622062,0.038399395376216505
2026-09-27T12:00:00+00:00,720,year_2022,trend_up,2022-01-01T00:00:00+00:00,2023-01-01T00:00:00+00:00,2022-01-12T00:00:00+00:00,2022-12-21T00:00:00+00:00,41,9,catboost,0.24420777885556566,-0.03143942452663184,0.38999999999999996,0.2,0.25806451612903225,0.35294117647058826,0.125,-0.16753404141378714,0.5609756097560976,,
2026-09-27T12:00:00+00:00,720,year_2022,trend_up,2022-01-01T00:00:00+00:00,2023-01-01T00:00:00+00:00,2022-01-12T00:00:00+00:00,2022-12-21T00:00:00+00:00,41,9,catboost_calibrated,0.23262308339789373,0.017489858857270946,0.3333333333333333,0.1,0.22580645161290322,0.47058823529411764,0.2916666666666667,-0.10379878289186717,0.6097560975609756,,
2026-09-27T12:00:00+00:00,720,year_2022,trend_up,2022-01-01T00:00:00+00:00,2023-01-01T00:00:00+00:00,2022-01-12T00:00:00+00:00,2022-12-21T00:00:00+00:00,41,9,climatology,0.2367640532720981,0.0,0.3333333333333333,0.1,0.16129032258064516,0.8235294117647058,0.7083333333333334,-0.11161492148828955,0.8292682926829268,,
2026-09-27T12:00:00+00:00,720,year_2022,trend_up,2022-01-01T00:00:00+00:00,2023-01-01T00:00:00+00:00,2022-01-12T00:00:00+00:00,2022-12-21T00:00:00+00:00,41,9,logistic,0.2275837276493276,0.03877415298436426,0.3066666666666667,0.1,0.0967741935483871,0.7058823529411765,0.20833333333333334,-0.11161492148828955,0.8292682926829268,,
2026-09-27T12:00:00+00:00,720,year_2022,trend_up,2022-01-01T00:00:00+00:00,2023-01-01T00:00:00+00:00,2022-01-12T00:00:00+00:00,2022-12-21T00:00:00+00:00,41,9,selected,0.24169202386707284,-0.02081384621892468,0.3333333333333333,0.1,0.25806451612903225,0.5294117647058824,0.2916666666666667,-0.12962365791011732,0.7073170731707317,,
2026-09-27T12:00:00+00:00,720,year_2022,trend_down,2022-01-01T00:00:00+00:00,2023-01-01T00:00:00+00:00,2022-01-06T00:00:00+00:00,2022-12-17T00:00:00+00:00,52,9,catboost,0.3326790466520808,-0.21029538467460296,0.35042735042735046,0.2,0.30952380952380953,0.16666666666666666,0.4090909090909091,-0.2958545835432782,0.46153846153846156,,
2026-09-27T12:00:00+00:00,720,year_2022,trend_down,2022-01-01T00:00:00+00:00,2023-01-01T00:00:00+00:00,2022-01-06T00:00:00+00:00,2022-12-17T00:00:00+00:00,52,9,catboost_calibrated,0.2947010082922776,-0.07213025221907077,0.3333333333333333,0.1,0.2619047619047619,0.2,0.45454545454545453,-0.2029045625122381,0.5,,
2026-09-27T12:00:00+00:00,720,year_2022,trend_down,2022-01-01T00:00:00+00:00,2023-01-01T00:00:00+00:00,2022-01-06T00:00:00+00:00,2022-12-17T00:00:00+00:00,52,9,climatology,0.27487425868481197,0.0,0.3333333333333333,0.3,0.19047619047619047,0.8,0.7272727272727273,-0.18621850598459955,0.5961538461538461,,
2026-09-27T12:00:00+00:00,720,year_2022,trend_down,2022-01-01T00:00:00+00:00,2023-01-01T00:00:00+00:00,2022-01-06T00:00:00+00:00,2022-12-17T00:00:00+00:00,52,9,logistic,0.2827928366967962,-0.02880800133803807,0.2948717948717949,0.2,0.14285714285714285,0.5,0.4090909090909091,-0.18621850598459955,0.5961538461538461,,
2026-09-27T12:00:00+00:00,720,year_2022,trend_down,2022-01-01T00:00:00+00:00,2023-01-01T00:00:00+00:00,2022-01-06T00:00:00+00:00,2022-12-17T00:00:00+00:00,52,9,selected,0.30392865644090883,-0.10570068617961215,0.3333333333333333,0.3,0.38095238095238093,0.16666666666666666,0.45454545454545453,-0.2584683153331353,0.5192307692307693,,
2026-09-27T12:00:00+00:00,720,year_2022,trend_range,2022-01-01T00:00:00+00:00,2023-01-01T00:00:00+00:00,2022-01-01T00:00:00+00:00,2022-12-31T00:00:00+00:00,272,12,catboost,0.27170997394932905,-0.14630566002738288,0.43361823361823365,0.22388059701492538,0.24878048780487805,0.26605504587155965,0.27607361963190186,-0.22382686179884193,0.6323529411764706,,
2026-09-27T12:00:00+00:00,720,year_2022,trend_range,2022-01-01T00:00:00+00:00,2023-01-01T00:00:00+00:00,2022-01-01T00:00:00+00:00,2022-12-31T00:00:00+00:00,272,12,catboost_calibrated,0.24535970183569344,-0.03513761702887597,0.4340455840455841,0.11940298507462686,0.22439024390243903,0.28440366972477066,0.48466257668711654,-0.1030987716813534,0.7205882352941176,,
2026-09-27T12:00:00+00:00,720,year_2022,trend_range,2022-01-01T00:00:00+00:00,2023-01-01T00:00:00+00:00,2022-01-01T00:00:00+00:00,2022-12-31T00:00:00+00:00,272,12,climatology,0.23703099742422842,0.0,0.3333333333333333,0.05970149253731343,0.18536585365853658,0.8073394495412844,0.7116564417177914,-0.11960660270641044,0.7904411764705882,,
2026-09-27T12:00:00+00:00,720,year_2022,trend_range,2022-01-01T00:00:00+00:00,2023-01-01T00:00:00+00:00,2022-01-01T00:00:00+00:00,2022-12-31T00:00:00+00:00,272,12,logistic,0.25190313162540534,-0.06274341483936552,0.32542087542087544,0.0,0.0975609756097561,0.5321100917431193,0.4233128834355828,-0.11960660270641044,0.7904411764705882,,
2026-09-27T12:00:00+00:00,720,year_2022,trend_range,2022-01-01T00:00:00+00:00,2023-01-01T00:00:00+00:00,2022-01-01T00:00:00+00:00,2022-12-31T00:00:00+00:00,272,12,selected,0.2587926902832346,-0.09180948101930309,0.3333333333333333,0.05970149253731343,0.2780487804878049,0.30275229357798167,0.48466257668711654,-0.18016646738113606,0.7463235294117647,0.00816542757394253,0.0420721381592202
2026-09-27T12:00:00+00:00,720,year_2022,vol_high,2022-01-01T00:00:00+00:00,2023-01-01T00:00:00+00:00,2022-01-08T00:00:00+00:00,2022-12-17T00:00:00+00:00,31,7,catboost,0.26314018733177164,-0.06452711449089987,0.3333333333333333,0.2222222222222222,0.045454545454545456,0.26666666666666666,0.25,-0.09479971196239045,0.6129032258064516,,
2026-09-27T12:00:00+00:00,720,year_2022,vol_high,2022-01-01T00:00:00+00:00,2023-01-01T00:00:00+00:00,2022-01-08T00:00:00+00:00,2022-12-17T00:00:00+00:00,31,7,catboost_calibrated,0.2502621668082951,-0.012429401225512171,0.3333333333333333,0.3333333333333333,0.045454545454545456,0.4,0.3125,-0.10313246815356547,0.6451612903225806,,
2026-09-27T12:00:00+00:00,720,year_2022,vol_high,2022-01-01T00:00:00+00:00,2023-01-01T00:00:00+00:00,2022-01-08T00:00:00+00:00,2022-12-17T00:00:00+00:00,31,7,climatology,0.247189746273035,0.0,0.3333333333333333,0.6666666666666666,0.13636363636363635,0.8666666666666667,0.5625,-0.16353444160830444,0.7741935483870968,,
2026-09-27T12:00:00+00:00,720,year_2022,vol_high,2022-01-01T00:00:00+00:00,2023-01-01T00:00:00+00:00,2022-01-08T00:00:00+00:00,2022-12-17T00:00:00+00:00,31,7,logistic,0.27998994532995214,-0.1326923934000379,0.31666666666666665,0.3333333333333333,0.2727272727272727,0.5333333333333333,0.25,-0.16353444160830444,0.7741935483870968,,
2026-09-27T12:00:00+00:00,720,year_2022,vol_high,2022-01-01T00:00:00+00:00,2023-01-01T00:00:00+00:00,2022-01-08T00:00:00+00:00,2022-12-17T00:00:00+00:00,31,7,selected,0.25203320884728503,-0.019594107956647067,0.3333333333333333,0.6666666666666666,0.13636363636363635,0.4,0.3125,-0.15367320067239243,0.7096774193548387,,
2026-09-27T12:00:00+00:00,720,year_2022,vol_normal,2022-01-01T00:00:00+00:00,2023-01-01T00:00:00+00:00,2022-01-01T00:00:00+00:00,2022-12-31T00:00:00+00:00,334,12,catboost,0.27862154630514663,-0.1515803565506455,0.4219924362104457,0.21794871794871795,0.27734375,0.2553191489361702,0.27461139896373055,-0.2378712289838869,0.5988023952095808,,
2026-09-27T12:00:00+00:00,720,year_2022,vol_normal,2022-01-01T00:00:00+00:00,2023-01-01T00:00:00+00:00,2022-01-01T00:00:00+00:00,2022-12-31T00:00:00+00:00,334,12,catboost_calibrated,0.2510230855651603,-0.03751220324137128,0.4125616353104505,0.08974358974358974,0.24609375,0.2765957446808511,0.47150259067357514,-0.11948053113198287,0.6796407185628742,,
2026-09-27T12:00:00+00:00,720,year_2022,vol_normal,2022-01-01T00:00:00+00:00,2023-01-01T00:00:00+00:00,2022-01-01T00:00:00+00:00,2022-12-31T00:00:00+00:00,334,12,climatology,0.2419471161697374,0.0,0.3333333333333333,0.02564102564102564,0.1875,0.8014184397163121,0.7253886010362695,-0.1260608446872027,0.7664670658682635,,
2026-09-27T12:00:00+00:00,720,year_2022,vol_normal,2022-01-01T00:00:00+00:00,2023-01-01T00:00:00+00:00,2022-01-01T00:00:00+00:00,2022-12-31T00:00:00+00:00,334,12,logistic,0.2511201312537053,-0.03791330613559607,0.31965946989643673,0.0,0.08984375,0.5460992907801419,0.40932642487046633,-0.1260608446872027,0.7664670658682635,,
2026-09-27T12:00:00+00:00,720,year_2022,vol_normal,2022-01-01T00:00:00+00:00,2023-01-01T00:00:00+00:00,2022-01-01T00:00:00+00:00,2022-12-31T00:00:00+00:00,334,12,selected,0.2643480401085366,-0.09258603406160804,0.3333333333333333,0.02564102564102564,0.3046875,0.2907801418439716,0.47150259067357514,-0.18819241288017396,0.7095808383233533,0.007723318270892787,0.04344883368333717
2026-09-27T12:00:00+00:00,720,year_2023,all,2023-01-01T00:00:00+00:00,2024-01-01T00:00:00+00:00,2023-01-01T00:00:00+00:00,2023-12-31T00:00:00+00:00,305,11,catboost,0.2727677709821272,-0.43146965760074085,0.2865205843293493,0.11764705882352941,0.15270935960591134,0.0,0.10305343511450382,-0.5105682309166257,0.819672131147541,,
2026-09-27T12:00:00+00:00,720,year_2023,all,2023-01-01T00:00:00+00:00,2024-01-01T00:00:00+00:00,2023-01-01T00:00:00+00:00,2023-12-31T00:00:00+00:00,305,11,catboost_calibrated,0.22176042101337684,-0.16378600299598745,0.3884738822487826,0.06862745098039216,0.15270935960591134,0.0,0.14885496183206107,-0.14068141960075353,0.9311475409836065,,
2026-09-27T12:00:00+00:00,720,year_2023,all,2023-01-01T00:00:00+00:00,2024-01-01T00:00:00+00:00,2023-01-01T00:00:00+00:00,2023-12-31T00:00:00+00:00,305,11,climatology,0.19055085766841057,0.0,0.3333333333333333,0.06862745098039216,0.4187192118226601,1.0,0.8816793893129771,-0.07394531893421075,1.0,,
2026-09-27T12:00:00+00:00,720,year_2023,all,2023-01-01T00:00:00+00:00,2024-01-01T00:00:00+00:00,2023-01-01T00:00:00+00:00,2023-12-31T00:00:00+00:00,305,11,logistic,0.22085271570247036,-0.15902241745240508,0.28818061088977426,0.0,0.0,0.11627906976744186,0.1717557251908397,-0.07394531893421075,1.0,,
2026-09-27T12:00:00+00:00,720,year_2023,all,2023-01-01T00:00:00+00:00,2024-01-01T00:00:00+00:00,2023-01-01T00:00:00+00:00,2023-12-31T00:00:00+00:00,305,11,selected,0.20042915831040833,-0.05184075665084453,0.32832558654271804,0.0196078431372549,0.22167487684729065,0.6976744186046512,0.6259541984732825,-0.08012111791272658,1.0,-0.001458452364058877,0.025506294148350407
2026-09-27T12:00:00+00:00,720,year_2023,trend_up,2023-01-01T00:00:00+00:00,2024-01-01T00:00:00+00:00,2023-01-05T00:00:00+00:00,2023-12-28T00:00:00+00:00,41,9,catboost,0.237261830484357,-0.2405010463715298,0.3229166666666667,0.2,0.07692307692307693,0.0,0.2222222222222222,-0.22366047419147983,0.8780487804878049,,
2026-09-27T12:00:00+00:00,720,year_2023,trend_up,2023-01-01T00:00:00+00:00,2024-01-01T00:00:00+00:00,2023-01-05T00:00:00+00:00,2023-12-28T00:00:00+00:00,41,9,catboost_calibrated,0.2058233755749524,-0.07612805754393204,0.40625,0.0,0.07692307692307693,0.0,0.3055555555555556,0.05401665423168178,0.975609756097561,,
2026-09-27T12:00:00+00:00,720,year_2023,trend_up,2023-01-01T00:00:00+00:00,2024-01-01T00:00:00+00:00,2023-01-05T00:00:00+00:00,2023-12-28T00:00:00+00:00,41,9,climatology,0.19126290233962218,0.0,0.3333333333333333,0.06666666666666667,0.3076923076923077,1.0,0.8611111111111112,-0.0489915032779773,1.0,,
2026-09-27T12:00:00+00:00,720,year_2023,trend_up,2023-01-01T00:00:00+00:00,2024-01-01T00:00:00+00:00,2023-01-05T00:00:00+00:00,2023-12-28T00:00:00+00:00,41,9,logistic,0.231348992103515,-0.2095863299863172,0.2604166666666667,0.0,0.0,0.2,0.2222222222222222,-0.0489915032779773,1.0,,
2026-09-27T12:00:00+00:00,720,year_2023,trend_up,2023-01-01T00:00:00+00:00,2024-01-01T00:00:00+00:00,2023-01-05T00:00:00+00:00,2023-12-28T00:00:00+00:00,41,9,selected,0.20320247203226852,-0.062424911190803956,0.3229166666666667,0.0,0.15384615384615385,0.2,0.7222222222222222,-0.07744500924809139,1.0,,
2026-09-27T12:00:00+00:00,720,year_2023,trend_down,2023-01-01T00:00:00+00:00,2024-01-01T00:00:00+00:00,2023-01-19T00:00:00+00:00,2023-12-16T00:00:00+00:00,34,9,catboost,0.2746855299222549,-0.4996193091243526,,0.0,0.13636363636363635,0.0,0.0967741935483871,-0.4768371882222795,0.7647058823529411,,
2026-09-27T12:00:00+00:00,720,year_2023,trend_down,2023-01-01T00:00:00+00:00,2024-01-01T00:00:00+00:00,2023-01-19T00:00:00+00:00,2023-12-16T00:00:00+00:00,34,9,catboost_calibrated,0.2216231545660408,-0.2099303593835169,,0.0,0.13636363636363635,0.0,0.0967741935483871,-0.20538628336904408,0.9705882352941176,,
2026-09-27T12:00:00+00:00,720,year_2023,trend_down,2023-01-01T00:00:00+00:00,2024-01-01T00:00:00+00:00,2023-01-19T00:00:00+00:00,2023-12-16T00:00:00+00:00,34,9,climatology,0.1831701740908147,0.0,,0.08333333333333333,0.4090909090909091,1.0,0.9032258064516129,0.01202021904697581,1.0,,
2026-09-27T12:00:00+00:00,720,year_2023,trend_down,2023-01-01T00:00:00+00:00,2024-01-01T00:00:00+00:00,2023-01-19T00:00:00+00:00,2023-12-16T00:00:00+00:00,34,9,logistic,0.2281588821148806,-0.2456115371805061,,0.0,0.0,0.3333333333333333,0.12903225806451613,0.01202021904697581,1.0,,
2026-09-27T12:00:00+00:00,720,year_2023,trend_down,2023-01-01T00:00:00+00:00,2024-01-01T00:00:00+00:00,2023-01-19T00:00:00+00:00,2023-12-16T00:00:00+00:00,34,9,selected,0.19502526637225198,-0.0647217394441062,,0.0,0.18181818181818182,1.0,0.6129032258064516,-0.01842880082726772,1.0,,
2026-09-27T12:00:00+00:00,720,year_2023,trend_range,2023-01-01T00:00:00+00:00,2024-01-01T00:00:00+00:00,2023-01-01T00:00:00+00:00,2023-12-31T00:00:00+00:00,230,11,catboost,0.2788135960101456,-0.45583174719300845,0.2975063131313131,0.12,0.16774193548387098,0.0,0.08205128205128205,-0.5745595225067797,0.8173913043478261,,
2026-09-27T12:00:00+00:00,720,year_2023,trend_range,2023-01-01T00:00:00+00:00,2024-01-01T00:00:00+00:00,2023-01-01T00:00:00+00:00,2023-12-31T00:00:00+00:00,230,11,catboost_calibrated,0.22462166415331092,-0.17286730081059742,0.39820075757575757,0.09333333333333334,0.16774193548387098,0.0,0.1282051282051282,-0.16943705598423087,0.9173913043478261,,
2026-09-27T12:00:00+00:00,720,year_2023,trend_range,2023-01-01T00:00:00+00:00,2024-01-01T00:00:00+00:00,2023-01-01T00:00:00+00:00,2023-12-31T00:00:00+00:00,230,11,climatology,0.19151498553849133,0.0,0.3333333333333333,0.06666666666666667,0.43870967741935485,1.0,0.882051282051282,-0.09341616736915292,1.0,,
2026-09-27T12:00:00+00:00,720,year_2023,trend_range,2023-01-01T00:00:00+00:00,2024-01-01T00:00:00+00:00,2023-01-01T00:00:00+00:00,2023-12-31T00:00:00+00:00,230,11,logistic,0.21790159835262352,-0.13777831922624628,0.2916666666666667,0.0,0.0,0.08571428571428572,0.16923076923076924,-0.09341616736915292,1.0,,
2026-09-27T12:00:00+00:00,720,year_2023,trend_range,2023-01-01T00:00:00+00:00,2024-01-01T00:00:00+00:00,2023-01-01T00:00:00+00:00,2023-12-31T00:00:00+00:00,230,11,selected,0.20073362119432592,-0.04813532283081723,0.32954545454545453,0.02666666666666667,0.23870967741935484,0.7428571428571429,0.6102564102564103,-0.0909968182991352,1.0,-0.0020799241546239256,0.023814990468218424
2026-09-27T12:00:00+00:00,720,year_2023,vol_high,2023-01-01T00:00:00+00:00,2024-01-01T00:00:00+00:00,2023-01-12T00:00:00+00:00,2023-12-12T00:00:00+00:00,24,8,catboost,0.20362968309595073,-0.21952682736706253,0.16666666666666666,0.0,0.0625,0.0,0.21739130434782608,-0.16074802998179272,0.875,,
2026-09-27T12:00:00+00:00,720,year_2023,vol_high,2023-01-01T00:00:00+00:00,2024-01-01T00:00:00+00:00,2023-01-12T00:00:00+00:00,2023-12-12T00:00:00+00:00,24,8,catboost_calibrated,0.17990827648507457,-0.07746064475057968,0.3333333333333333,0.0,0.0625,0.0,0.21739130434782608,-0.06281658537795276,1.0,,
2026-09-27T12:00:00+00:00,720,year_2023,vol_high,2023-01-01T00:00:00+00:00,2024-01-01T00:00:00+00:00,2023-01-12T00:00:00+00:00,2023-12-12T00:00:00+00:00,24,8,climatology,0.16697433670695355,0.0,0.3333333333333333,0.125,0.3125,1.0,0.9565217391304348,-0.06952103858666758,1.0,,
2026-09-27T12:00:00+00:00,720,year_2023,vol_high,2023-01-01T00:00:00+00:00,2024-01-01T00:00:00+00:00,2023-01-12T00:00:00+00:00,2023-12-12T00:00:00+00:00,24,8,logistic,0.22497133940116104,-0.3473408179844695,0.25925925925925924,0.0,0.0,0.0,0.2608695652173913,-0.06952103858666758,1.0,,
2026-09-27T12:00:00+00:00,720,year_2023,vol_high,2023-01-01T00:00:00+00:00,2024-01-01T00:00:00+00:00,2023-01-12T00:00:00+00:00,2023-12-12T00:00:00+00:00,24,8,selected,0.17305532561765383,-0.03641870379981005,0.3333333333333333,0.0,0.25,0.0,0.7391304347826086,-0.048997363683235484,1.0,,
2026-09-27T12:00:00+00:00,720,year_2023,vol_normal,2023-01-01T00:00:00+00:00,2024-01-01T00:00:00+00:00,2023-01-01T00:00:00+00:00,2023-12-31T00:00:00+00:00,281,11,catboost,0.2786728033994519,-0.447165951712827,0.29903183950494067,0.1276595744680851,0.16042780748663102,0.0,0.09205020920502092,-0.5396161568656741,0.8149466192170819,,
2026-09-27T12:00:00+00:00,720,year_2023,vol_normal,2023-01-01T00:00:00+00:00,2024-01-01T00:00:00+00:00,2023-01-01T00:00:00+00:00,2023-12-31T00:00:00+00:00,281,11,catboost_calibrated,0.22533498140013575,-0.17017918086785588,0.39571480853045876,0.07446808510638298,0.16042780748663102,0.0,0.14225941422594143,-0.1471470609001826,0.9252669039145908,,
2026-09-27T12:00:00+00:00,720,year_2023,vol_normal,2023-01-01T00:00:00+00:00,2024-01-01T00:00:00+00:00,2023-01-01T00:00:00+00:00,2023-12-31T00:00:00+00:00,281,11,climatology,0.19256451070426456,0.0,0.3333333333333333,0.06382978723404255,0.42780748663101603,1.0,0.8744769874476988,-0.074312696711623,1.0,,
2026-09-27T12:00:00+00:00,720,year_2023,vol_normal,2023-01-01T00:00:00+00:00,2024-01-01T00:00:00+00:00,2023-01-01T00:00:00+00:00,2023-12-31T00:00:00+00:00,281,11,logistic,0.22050094713034019,-0.14507572721424067,0.290414878397711,0.0,0.0,0.11904761904761904,0.16317991631799164,-0.074312696711623,1.0,,
2026-09-27T12:00:00+00:00,720,year_2023,vol_normal,2023-01-01T00:00:00+00:00,2024-01-01T00:00:00+00:00,2023-01-01T00:00:00+00:00,2023-12-31T00:00:00+00:00,281,11,selected,0.20276713690338383,-0.05298289992172123,0.3282097348371428,0.02127659574468085,0.2192513368983957,0.7142857142857143,0.6150627615062761,-0.08270553272267356,1.0,-0.0013406051730143,0.026074281478390457
2026-09-27T12:00:00+00:00,720,year_2024,all,2024-01-01T00:00:00+00:00,2025-01-01T00:00:00+00:00,2024-01-01T00:00:00+00:00,2024-12-31T00:00:00+00:00,366,12,catboost,0.23803362900294578,-0.05064853574221506,0.3333333333333333,0.17647058823529413,0.02608695652173913,0.04950495049504951,0.045283018867924525,-0.06428823667800176,0.6612021857923497,,
2026-09-27T12:00:00+00:00,720,year_2024,all,2024-01-01T00:00:00+00:00,2025-01-01T00:00:00+00:00,2024-01-01T00:00:00+00:00,2024-12-31T00:00:00+00:00,366,12,catboost_calibrated,0.2266799786581712,-0.0005350448038448086,0.3333333333333333,0.17647058823529413,0.02608695652173913,0.04950495049504951,0.08679245283018867,-0.026505204153451034,0.7759562841530054,,
2026-09-27T12:00:00+00:00,720,year_2024,all,2024-01-01T00:00:00+00:00,2025-01-01T00:00:00+00:00,2024-01-01T00:00:00+00:00,2024-12-31T00:00:00+00:00,366,12,climatology,0.22655875957109717,0.0,0.3333333333333333,0.0,0.13478260869565217,0.40594059405940597,0.879245283018868,-0.013835792736966557,0.8360655737704918,,
2026-09-27T12:00:00+00:00,720,year_2024,all,2024-01-01T00:00:00+00:00,2025-01-01T00:00:00+00:00,2024-01-01T00:00:00+00:00,2024-12-31T00:00:00+00:00,366,12,logistic,0.2315205313435177,-0.021900595597423633,0.32923497267759566,0.22794117647058823,0.11304347826086956,0.0,0.0,-0.013835792736966557,0.8360655737704918,,
2026-09-27T12:00:00+00:00,720,year_2024,all,2024-01-01T00:00:00+00:00,2025-01-01T00:00:00+00:00,2024-01-01T00:00:00+00:00,2024-12-31T00:00:00+00:00,366,12,selected,0.22655875957109717,0.0,0.3333333333333333,0.0,0.13478260869565217,0.40594059405940597,0.879245283018868,-0.013835792736966557,0.8360655737704918,0.0,0.0
2026-09-27T12:00:00+00:00,720,year_2024,trend_up,2024-01-01T00:00:00+00:00,2025-01-01T00:00:00+00:00,2024-01-02T00:00:00+00:00,2024-12-24T00:00:00+00:00,48,11,catboost,0.25892353655645345,-0.016699157431370626,0.3333333333333333,0.125,0.0,0.07142857142857142,0.08823529411764706,-0.05490402134539085,0.6875,,
2026-09-27T12:00:00+00:00,720,year_2024,trend_up,2024-01-01T00:00:00+00:00,2025-01-01T00:00:00+00:00,2024-01-02T00:00:00+00:00,2024-12-24T00:00:00+00:00,48,11,catboost_calibrated,0.2499552759993407,0.01851596079737916,0.3333333333333333,0.125,0.0,0.07142857142857142,0.17647058823529413,-0.022874572977769736,0.8125,,
2026-09-27T12:00:00+00:00,720,year_2024,trend_up,2024-01-01T00:00:00+00:00,2025-01-01T00:00:00+00:00,2024-01-02T00:00:00+00:00,2024-12-24T00:00:00+00:00,48,11,climatology,0.2546707496154597,0.0,0.3333333333333333,0.0,0.16666666666666666,0.6428571428571429,0.9411764705882353,-0.019019695962529948,0.8125,,
2026-09-27T12:00:00+00:00,720,year_2024,trend_up,2024-01-01T00:00:00+00:00,2025-01-01T00:00:00+00:00,2024-01-02T00:00:00+00:00,2024-12-24T00:00:00+00:00,48,11,logistic,0.25607062369329664,-0.005496799612639824,0.31313131313131315,0.20833333333333334,0.20833333333333334,0.0,0.0,-0.019019695962529948,0.8125,,
2026-09-27T12:00:00+00:00,720,year_2024,trend_up,2024-01-01T00:00:00+00:00,2025-01-01T00:00:00+00:00,2024-01-02T00:00:00+00:00,2024-12-24T00:00:00+00:00,48,11,selected,0.2546707496154597,0.0,0.3333333333333333,0.0,0.16666666666666666,0.6428571428571429,0.9411764705882353,-0.019019695962529948,0.8125,,
2026-09-27T12:00:00+00:00,720,year_2024,trend_down,2024-01-01T00:00:00+00:00,2025-01-01T00:00:00+00:00,2024-01-04T00:00:00+00:00,2024-12-27T00:00:00+00:00,45,9,catboost,0.2553607019069981,-0.12254739340731957,0.3333333333333333,0.29411764705882354,0.0,0.0,0.0,-0.17025751455093907,0.7555555555555555,,
2026-09-27T12:00:00+00:00,720,year_2024,trend_down,2024-01-01T00:00:00+00:00,2025-01-01T00:00:00+00:00,2024-01-04T00:00:00+00:00,2024-12-27T00:00:00+00:00,45,9,catboost_calibrated,0.23642556930985814,-0.03930990391889133,0.3333333333333333,0.29411764705882354,0.0,0.0,0.0,-0.0820533418581244,0.7777777777777778,,
2026-09-27T12:00:00+00:00,720,year_2024,trend_down,2024-01-01T00:00:00+00:00,2025-01-01T00:00:00+00:00,2024-01-04T00:00:00+00:00,2024-12-27T00:00:00+00:00,45,9,climatology,0.2274832255695593,0.0,0.3333333333333333,0.0,0.17857142857142858,0.4166666666666667,0.8181818181818182,-0.029074810984774935,0.9111111111111111,,
2026-09-27T12:00:00+00:00,720,year_2024,trend_down,2024-01-01T00:00:00+00:00,2025-01-01T00:00:00+00:00,2024-01-04T00:00:00+00:00,2024-12-27T00:00:00+00:00,45,9,logistic,0.24900682961185833,-0.09461622494761746,0.3333333333333333,0.35294117647058826,0.17857142857142858,0.0,0.0,-0.029074810984774935,0.9111111111111111,,
2026-09-27T12:00:00+00:00,720,year_2024,trend_down,2024-01-01T00:00:00+00:00,2025-01-01T00:00:00+00:00,2024-01-04T00:00:00+00:00,2024-12-27T00:00:00+00:00,45,9,selected,0.2274832255695593,0.0,0.3333333333333333,0.0,0.17857142857142858,0.4166666666666667,0.8181818181818182,-0.029074810984774935,0.9111111111111111,,
2026-09-27T12:00:00+00:00,720,year_2024,trend_range,2024-01-01T00:00:00+00:00,2025-01-01T00:00:00+00:00,2024-01-01T00:00:00+00:00,2024-12-31T00:00:00+00:00,273,12,catboost,0.23150456730605673,-0.04533909579997353,0.3333333333333333,0.16842105263157894,0.033707865168539325,0.05333333333333334,0.045454545454545456,-0.05149922215137037,0.6410256410256411,,
2026-09-27T12:00:00+00:00,720,year_2024,trend_range,2024-01-01T00:00:00+00:00,2025-01-01T00:00:00+00:00,2024-01-01T00:00:00+00:00,2024-12-31T00:00:00+00:00,273,12,catboost_calibrated,0.22098120264461057,0.002178258297954483,0.3333333333333333,0.16842105263157894,0.033707865168539325,0.05333333333333334,0.08585858585858586,-0.019560497670281007,0.7692307692307693,,
2026-09-27T12:00:00+00:00,720,year_2024,trend_range,2024-01-01T00:00:00+00:00,2025-01-01T00:00:00+00:00,2024-01-01T00:00:00+00:00,2024-12-31T00:00:00+00:00,273,12,climatology,0.2214636075855287,0.0,0.3333333333333333,0.0,0.12359550561797752,0.36,0.8787878787878788,-0.010775551599115696,0.8278388278388278,,
2026-09-27T12:00:00+00:00,720,year_2024,trend_range,2024-01-01T00:00:00+00:00,2025-01-01T00:00:00+00:00,2024-01-01T00:00:00+00:00,2024-12-31T00:00:00+00:00,273,12,logistic,0.2243216747322916,-0.012905358031156888,0.3314917127071823,0.21052631578947367,0.0898876404494382,0.0,0.0,-0.010775551599115696,0.8278388278388278,,
2026-09-27T12:00:00+00:00,720,year_2024,trend_range,2024-01-01T00:00:00+00:00,2025-01-01T00:00:00+00:00,2024-01-01T00:00:00+00:00,2024-12-31T00:00:00+00:00,273,12,selected,0.2214636075855287,0.0,0.3333333333333333,0.0,0.12359550561797752,0.36,0.8787878787878788,-0.010775551599115696,0.8278388278388278,0.0,0.0
2026-09-27T12:00:00+00:00,720,year_2024,vol_high,2024-01-01T00:00:00+00:00,2025-01-01T00:00:00+00:00,2024-01-04T00:00:00+00:00,2024-12-21T00:00:00+00:00,36,10,catboost,0.27629720524305235,-0.14169929593817887,0.3333333333333333,0.05555555555555555,0.05555555555555555,0.125,0.03571428571428571,-0.15443829320892544,0.6944444444444444,,
2026-09-27T12:00:00+00:00,720,year_2024,vol_high,2024-01-01T00:00:00+00:00,2025-01-01T00:00:00+00:00,2024-01-04T00:00:00+00:00,2024-12-21T00:00:00+00:00,36,10,catboost_calibrated,0.25301017969199846,-0.04547399878852154,0.3333333333333333,0.05555555555555555,0.05555555555555555,0.125,0.07142857142857142,-0.07893298219467737,0.8055555555555556,,
2026-09-27T12:00:00+00:00,720,year_2024,vol_high,2024-01-01T00:00:00+00:00,2025-01-01T00:00:00+00:00,2024-01-04T00:00:00+00:00,2024-12-21T00:00:00+00:00,36,10,climatology,0.2420052339753859,0.0,0.3333333333333333,0.0,0.16666666666666666,0.375,0.8928571428571429,-0.03165933906388174,0.8611111111111112,,
2026-09-27T12:00:00+00:00,720,year_2024,vol_high,2024-01-01T00:00:00+00:00,2025-01-01T00:00:00+00:00,2024-01-04T00:00:00+00:00,2024-12-21T00:00:00+00:00,36,10,logistic,0.24364364660421647,-0.0067701536942677,0.3055555555555555,0.2222222222222222,0.3333333333333333,0.0,0.0,-0.03165933906388174,0.8611111111111112,,
2026-09-27T12:00:00+00:00,720,year_2024,vol_high,2024-01-01T00:00:00+00:00,2025-01-01T00:00:00+00:00,2024-01-04T00:00:00+00:00,2024-12-21T00:00:00+00:00,36,10,selected,0.2420052339753859,0.0,0.3333333333333333,0.0,0.16666666666666666,0.375,0.8928571428571429,-0.03165933906388174,0.8611111111111112,,
2026-09-27T12:00:00+00:00,720,year_2024,vol_normal,2024-01-01T00:00:00+00:00,2025-01-01T00:00:00+00:00,2024-01-01T00:00:00+00:00,2024-12-31T00:00:00+00:00,330,12,catboost,0.23385942068584326,-0.03995901461082951,0.3333333333333333,0.19491525423728814,0.02358490566037736,0.043010752688172046,0.046413502109704644,-0.05561964089156701,0.6575757575757576,,
2026-09-27T12:00:00+00:00,720,year_2024,vol_normal,2024-01-01T00:00:00+00:00,2025-01-01T00:00:00+00:00,2024-01-01T00:00:00+00:00,2024-12-31T00:00:00+00:00,330,12,catboost_calibrated,0.22380759309084458,0.004740868293505285,0.3333333333333333,0.19491525423728814,0.02358490566037736,0.043010752688172046,0.08860759493670886,-0.021463884898543784,0.7727272727272727,,
2026-09-27T12:00:00+00:00,720,year_2024,vol_normal,2024-01-01T00:00:00+00:00,2025-01-01T00:00:00+00:00,2024-01-01T00:00:00+00:00,2024-12-31T00:00:00+00:00,330,12,climatology,0.22487368963608384,0.0,0.3333333333333333,0.0,0.1320754716981132,0.40860215053763443,0.8776371308016878,-0.012121926716973208,0.8333333333333334,,
2026-09-27T12:00:00+00:00,720,year_2024,vol_normal,2024-01-01T00:00:00+00:00,2025-01-01T00:00:00+00:00,2024-01-01T00:00:00+00:00,2024-12-31T00:00:00+00:00,330,12,logistic,0.23019800967871415,-0.02367693637813617,0.33181818181818185,0.2288135593220339,0.09433962264150944,0.0,0.0,-0.012121926716973208,0.8333333333333334,,
2026-09-27T12:00:00+00:00,720,year_2024,vol_normal,2024-01-01T00:00:00+00:00,2025-01-01T00:00:00+00:00,2024-01-01T00:00:00+00:00,2024-12-31T00:00:00+00:00,330,12,selected,0.22487368963608384,0.0,0.3333333333333333,0.0,0.1320754716981132,0.40860215053763443,0.8776371308016878,-0.012121926716973208,0.8333333333333334,0.0,0.0
2026-09-27T12:00:00+00:00,720,year_2025,all,2025-01-01T00:00:00+00:00,2026-01-01T00:00:00+00:00,2025-01-01T00:00:00+00:00,2025-12-31T00:00:00+00:00,305,11,catboost,0.294719255670604,-0.3195150610072417,0.29790915645277577,0.022727272727272728,0.1336405529953917,0.08256880733944955,0.1989795918367347,-0.24483711735253078,0.4459016393442623,,
2026-09-27T12:00:00+00:00,720,year_2025,all,2025-01-01T00:00:00+00:00,2026-01-01T00:00:00+00:00,2025-01-01T00:00:00+00:00,2025-12-31T00:00:00+00:00,305,11,catboost_calibrated,0.2506896701283976,-0.12238609798562794,0.3333333333333333,0.045454545454545456,0.2764976958525346,0.07339449541284404,0.21428571428571427,-0.09731385635387335,0.5770491803278689,,
2026-09-27T12:00:00+00:00,720,year_2025,all,2025-01-01T00:00:00+00:00,2026-01-01T00:00:00+00:00,2025-01-01T00:00:00+00:00,2025-12-31T00:00:00+00:00,305,11,climatology,0.22335421881856526,0.0,0.3333333333333333,0.29545454545454547,0.7188940092165899,0.3486238532110092,0.5867346938775511,-0.00878358273967117,0.6655737704918033,,
2026-09-27T12:00:00+00:00,720,year_2025,all,2025-01-01T00:00:00+00:00,2026-01-01T00:00:00+00:00,2025-01-01T00:00:00+00:00,2025-12-31T00:00:00+00:00,305,11,logistic,0.290305658899634,-0.299754535352899,0.35200672915164627,0.0,0.06451612903225806,0.12844036697247707,0.673469387755102,-0.00878358273967117,0.6655737704918033,,
2026-09-27T12:00:00+00:00,720,year_2025,all,2025-01-01T00:00:00+00:00,2026-01-01T00:00:00+00:00,2025-01-01T00:00:00+00:00,2025-12-31T00:00:00+00:00,305,11,selected,0.2442297124200496,-0.09346361896321231,0.3333333333333333,0.11363636363636363,0.3870967741935484,0.07339449541284404,0.21428571428571427,-0.0422308100533888,0.6491803278688525,-0.001116199896723094,0.04265205732661811
2026-09-27T12:00:00+00:00,720,year_2025,trend_up,2025-01-01T00:00:00+00:00,2026-01-01T00:00:00+00:00,2025-01-04T00:00:00+00:00,2025-12-20T00:00:00+00:00,40,9,catboost,0.252670938438528,-0.1701381565048954,0.3055555555555555,0.0,0.07692307692307693,0.18181818181818182,0.034482758620689655,-0.2963814959615516,0.4,,
2026-09-27T12:00:00+00:00,720,year_2025,trend_up,2025-01-01T00:00:00+00:00,2026-01-01T00:00:00+00:00,2025-01-04T00:00:00+00:00,2025-12-20T00:00:00+00:00,40,9,catboost_calibrated,0.22901341097151376,-0.06057836403809835,0.3333333333333333,0.0,0.23076923076923078,0.18181818181818182,0.034482758620689655,-0.12213236622648949,0.55,,
2026-09-27T12:00:00+00:00,720,year_2025,trend_up,2025-01-01T00:00:00+00:00,2026-01-01T00:00:00+00:00,2025-01-04T00:00:00+00:00,2025-12-20T00:00:00+00:00,40,9,climatology,0.2159325691875863,0.0,0.3333333333333333,0.21428571428571427,0.7307692307692307,0.45454545454545453,0.5517241379310345,-0.014385028993871174,0.6,,
2026-09-27T12:00:00+00:00,720,year_2025,trend_up,2025-01-01T00:00:00+00:00,2026-01-01T00:00:00+00:00,2025-01-04T00:00:00+00:00,2025-12-20T00:00:00+00:00,40,9,logistic,0.26958802453828556,-0.24848245705856153,0.425,0.0,0.038461538461538464,0.18181818181818182,0.7586206896551724,-0.014385028993871174,0.6,,
2026-09-27T12:00:00+00:00,720,year_2025,trend_up,2025-01-01T00:00:00+00:00,2026-01-01T00:00:00+00:00,2025-01-04T00:00:00+00:00,2025-12-20T00:00:00+00:00,40,9,selected,0.22874029049126043,-0.05931352251242705,0.3333333333333333,0.14285714285714285,0.46153846153846156,0.18181818181818182,0.034482758620689655,-0.05229919922605686,0.625,,
2026-09-27T12:00:00+00:00,720,year_2025,trend_down,2025-01-01T00:00:00+00:00,2026-01-01T00:00:00+00:00,2025-01-08T00:00:00+00:00,2025-12-18T00:00:00+00:00,32,7,catboost,0.2734990412088836,-0.17201508717005587,0.37222222222222223,0.0,0.04,0.13333333333333333,0.29411764705882354,-0.11022518539603476,0.53125,,
2026-09-27T12:00:00+00:00,720,year_2025,trend_down,2025-01-01T00:00:00+00:00,2026-01-01T00:00:00+00:00,2025-01-08T00:00:00+00:00,2025-12-18T00:00:00+00:00,32,7,catboost_calibrated,0.24423700854746147,-0.04661960640763296,0.3333333333333333,0.0,0.2,0.06666666666666667,0.29411764705882354,-0.020135677708400523,0.625,,
2026-09-27T12:00:00+00:00,720,year_2025,trend_down,2025-01-01T00:00:00+00:00,2026-01-01T00:00:00+00:00,2025-01-08T00:00:00+00:00,2025-12-18T00:00:00+00:00,32,7,climatology,0.2333579526431469,0.0,0.3333333333333333,0.5714285714285714,0.72,0.3333333333333333,0.5294117647058824,-0.0024872903484565168,0.71875,,
2026-09-27T12:00:00+00:00,720,year_2025,trend_down,2025-01-01T00:00:00+00:00,2026-01-01T00:00:00+00:00,2025-01-08T00:00:00+00:00,2025-12-18T00:00:00+00:00,32,7,logistic,0.3025081279726133,-0.2963266284531192,0.3,0.0,0.04,0.26666666666666666,0.7647058823529411,-0.0024872903484565168,0.71875,,
2026-09-27T12:00:00+00:00,720,year_2025,trend_down,2025-01-01T00:00:00+00:00,2026-01-01T00:00:00+00:00,2025-01-08T00:00:00+00:00,2025-12-18T00:00:00+00:00,32,7,selected,0.24232654310460505,-0.03843276117173078,0.3333333333333333,0.2857142857142857,0.32,0.06666666666666667,0.29411764705882354,-0.01705653008554342,0.6875,,
2026-09-27T12:00:00+00:00,720,year_2025,trend_range,2025-01-01T00:00:00+00:00,2026-01-01T00:00:00+00:00,2025-01-01T00:00:00+00:00,2025-12-31T00:00:00+00:00,233,11,catboost,0.30485221512149707,-0.3654924158010764,0.2879516141953056,0.029850746268656716,0.1566265060240964,0.060240963855421686,0.22,-0.2553735904572847,0.44206008583690987,,
2026-09-27T12:00:00+00:00,720,year_2025,trend_range,2025-01-01T00:00:00+00:00,2026-01-01T00:00:00+00:00,2025-01-01T00:00:00+00:00,2025-12-31T00:00:00+00:00,233,11,catboost_calibrated,0.255297118784472,-0.14352549262969272,0.3333333333333333,0.05970149253731343,0.29518072289156627,0.060240963855421686,0.24,-0.1041182233481126,0.575107296137339,,
2026-09-27T12:00:00+00:00,720,year_2025,trend_range,2025-01-01T00:00:00+00:00,2026-01-01T00:00:00+00:00,2025-01-01T00:00:00+00:00,2025-12-31T00:00:00+00:00,233,11,climatology,0.22325441840162344,0.0,0.3333333333333333,0.2835820895522388,0.7168674698795181,0.3373493975903614,0.6,-0.00876189331038102,0.6695278969957081,,
2026-09-27T12:00:00+00:00,720,year_2025,trend_range,2025-01-01T00:00:00+00:00,2026-01-01T00:00:00+00:00,2025-01-01T00:00:00+00:00,2025-12-31T00:00:00+00:00,233,11,logistic,0.29218645874563653,-0.3087600274051814,0.34414804133621724,0.0,0.07228915662650602,0.0963855421686747,0.6466666666666666,-0.00876189331038102,0.6695278969957081,,
2026-09-27T12:00:00+00:00,720,year_2025,trend_range,2025-01-01T00:00:00+00:00,2026-01-01T00:00:00+00:00,2025-01-01T00:00:00+00:00,2025-12-31T00:00:00+00:00,233,11,selected,0.24715022012496712,-0.1070339476119857,0.3333333333333333,0.08955223880597014,0.3855421686746988,0.060240963855421686,0.24,-0.044132111700079024,0.648068669527897,0.00045656567035169324,0.04772542194397081
2026-09-27T12:00:00+00:00,720,year_2025,vol_high,2025-01-01T00:00:00+00:00,2026-01-01T00:00:00+00:00,2025-01-20T00:00:00+00:00,2025-12-02T00:00:00+00:00,19,7,catboost,0.3014564627737115,-0.5091762913079665,0.3333333333333333,0.0,0.0,0.0,0.38461538461538464,-0.1950779636589448,0.3684210526315789,,
2026-09-27T12:00:00+00:00,720,year_2025,vol_high,2025-01-01T00:00:00+00:00,2026-01-01T00:00:00+00:00,2025-01-20T00:00:00+00:00,2025-12-02T00:00:00+00:00,19,7,catboost_calibrated,0.23895754600797536,-0.1962890420268597,0.3333333333333333,0.0,0.06666666666666667,0.0,0.46153846153846156,-0.09431580020044072,0.5263157894736842,,
2026-09-27T12:00:00+00:00,720,year_2025,vol_high,2025-01-01T00:00:00+00:00,2026-01-01T00:00:00+00:00,2025-01-20T00:00:00+00:00,2025-12-02T00:00:00+00:00,19,7,climatology,0.19974900514269708,0.0,0.3333333333333333,0.5,0.4666666666666667,0.3333333333333333,0.8461538461538461,-0.010195428578405386,0.631578947368421,,
2026-09-27T12:00:00+00:00,720,year_2025,vol_high,2025-01-01T00:00:00+00:00,2026-01-01T00:00:00+00:00,2025-01-20T00:00:00+00:00,2025-12-02T00:00:00+00:00,19,7,logistic,0.2756854389193608,-0.38015925897811664,0.5,0.0,0.0,0.16666666666666666,0.8461538461538461,-0.010195428578405386,0.631578947368421,,
2026-09-27T12:00:00+00:00,720,year_2025,vol_high,2025-01-01T00:00:00+00:00,2026-01-01T00:00:00+00:00,2025-01-20T00:00:00+00:00,2025-12-02T00:00:00+00:00,19,7,selected,0.23956461509452334,-0.19932820152662445,0.3333333333333333,0.0,0.13333333333333333,0.0,0.46153846153846156,-0.07509989088744162,0.5789473684210527,,
2026-09-27T12:00:00+00:00,720,year_2025,vol_normal,2025-01-01T00:00:00+00:00,2026-01-01T00:00:00+00:00,2025-01-01T00:00:00+00:00,2025-12-31T00:00:00+00:00,286,11,catboost,0.294271678974943,-0.30832537107325053,0.2947957839262187,0.023809523809523808,0.14356435643564355,0.08737864077669903,0.18579234972677597,-0.24851910992168613,0.45104895104895104,,
2026-09-27T12:00:00+00:00,720,year_2025,vol_normal,2025-01-01T00:00:00+00:00,2026-01-01T00:00:00+00:00,2025-01-01T00:00:00+00:00,2025-12-31T00:00:00+00:00,286,11,catboost_calibrated,0.25146907697555854,-0.11802595001168892,0.3333333333333333,0.047619047619047616,0.29207920792079206,0.07766990291262135,0.19672131147540983,-0.0975357013745266,0.5804195804195804,,
2026-09-27T12:00:00+00:00,720,year_2025,vol_normal,2025-01-01T00:00:00+00:00,2026-01-01T00:00:00+00:00,2025-01-01T00:00:00+00:00,2025-12-31T00:00:00+00:00,286,11,climatology,0.2249223973494796,0.0,0.3333333333333333,0.2857142857142857,0.7376237623762376,0.34951456310679613,0.5683060109289617,-0.008679111391162175,0.6678321678321678,,
2026-09-27T12:00:00+00:00,720,year_2025,vol_normal,2025-01-01T00:00:00+00:00,2026-01-01T00:00:00+00:00,2025-01-01T00:00:00+00:00,2025-12-31T00:00:00+00:00,286,11,logistic,0.29127693225496676,-0.2950107934444024,0.34225406236275796,0.0,0.06930693069306931,0.1262135922330097,0.6612021857923497,-0.008679111391162175,0.6678321678321678,,
2026-09-27T12:00:00+00:00,720,year_2025,vol_normal,2025-01-01T00:00:00+00:00,2026-01-01T00:00:00+00:00,2025-01-01T00:00:00+00:00,2025-12-31T00:00:00+00:00,286,11,selected,0.244539631473144,-0.08721778868995234,0.3333333333333333,0.11904761904761904,0.40594059405940597,0.07766990291262135,0.19672131147540983,-0.039798620146558106,0.6538461538461539,-0.0019129758463510027,0.04121628622217076
2026-09-27T12:00:00+00:00,720,year_2026,all,2026-01-01T00:00:00+00:00,2026-09-28T00:00:00+00:00,2026-01-01T00:00:00+00:00,2026-08-28T00:00:00+00:00,180,7,catboost,0.22056794193182408,-0.18864850896466634,0.3402387041773231,0.02,0.27692307692307694,0.0,0.06896551724137931,-0.015419497953976569,0.6611111111111111,,
2026-09-27T12:00:00+00:00,720,year_2026,all,2026-01-01T00:00:00+00:00,2026-09-28T00:00:00+00:00,2026-01-01T00:00:00+00:00,2026-08-28T00:00:00+00:00,180,7,catboost_calibrated,0.19791839024192892,-0.06658926676874688,0.3333333333333333,0.02,0.33076923076923076,0.0,0.06896551724137931,-0.0006572534664492924,0.7055555555555556,,
2026-09-27T12:00:00+00:00,720,year_2026,all,2026-01-01T00:00:00+00:00,2026-09-28T00:00:00+00:00,2026-01-01T00:00:00+00:00,2026-08-28T00:00:00+00:00,180,7,climatology,0.1855619556734586,0.0,0.3333333333333333,1.0,1.0,0.0,0.21379310344827587,0.0022829613367182366,0.8333333333333334,,
2026-09-27T12:00:00+00:00,720,year_2026,all,2026-01-01T00:00:00+00:00,2026-09-28T00:00:00+00:00,2026-01-01T00:00:00+00:00,2026-08-28T00:00:00+00:00,180,7,logistic,0.1930593234396754,-0.04040358239924058,0.33844842284739984,0.12,0.06153846153846154,0.0,0.041379310344827586,0.0022829613367182366,0.8333333333333334,,
2026-09-27T12:00:00+00:00,720,year_2026,all,2026-01-01T00:00:00+00:00,2026-09-28T00:00:00+00:00,2026-01-01T00:00:00+00:00,2026-08-28T00:00:00+00:00,180,7,selected,0.1855619556734586,0.0,0.3333333333333333,1.0,1.0,0.0,0.21379310344827587,0.0022829613367182366,0.8333333333333334,,
2026-09-27T12:00:00+00:00,720,year_2026,trend_up,2026-01-01T00:00:00+00:00,2026-09-28T00:00:00+00:00,2026-01-03T00:00:00+00:00,2026-08-22T00:00:00+00:00,24,6,catboost,0.18805202720882952,-0.16145444334705816,0.42483660130718953,0.0,0.23809523809523808,0.0,0.05263157894736842,0.02744258542759337,0.75,,
2026-09-27T12:00:00+00:00,720,year_2026,trend_up,2026-01-01T00:00:00+00:00,2026-09-28T00:00:00+00:00,2026-01-03T00:00:00+00:00,2026-08-22T00:00:00+00:00,24,6,catboost_calibrated,0.16953436730696275,-0.04708493245883427,0.3333333333333333,0.0,0.23809523809523808,0.0,0.05263157894736842,0.042117535493686464,0.7916666666666666,,
2026-09-27T12:00:00+00:00,720,year_2026,trend_up,2026-01-01T00:00:00+00:00,2026-09-28T00:00:00+00:00,2026-01-03T00:00:00+00:00,2026-08-22T00:00:00+00:00,24,6,climatology,0.1619108078547658,0.0,0.3333333333333333,1.0,1.0,0.0,0.15789473684210525,0.007999951839725683,0.8333333333333334,,
2026-09-27T12:00:00+00:00,720,year_2026,trend_up,2026-01-01T00:00:00+00:00,2026-09-28T00:00:00+00:00,2026-01-03T00:00:00+00:00,2026-08-22T00:00:00+00:00,24,6,logistic,0.14967578773014845,0.07556642009712033,0.4052287581699346,0.6666666666666666,0.047619047619047616,0.0,0.05263157894736842,0.007999951839725683,0.8333333333333334,,
2026-09-27T12:00:00+00:00,720,year_2026,trend_up,2026-01-01T00:00:00+00:00,2026-09-28T00:00:00+00:00,2026-01-03T00:00:00+00:00,2026-08-22T00:00:00+00:00,24,6,selected,0.1619108078547658,0.0,0.3333333333333333,1.0,1.0,0.0,0.15789473684210525,0.007999951839725683,0.8333333333333334,,
2026-09-27T12:00:00+00:00,720,year_2026,trend_down,2026-01-01T00:00:00+00:00,2026-09-28T00:00:00+00:00,2026-01-08T00:00:00+00:00,2026-08-23T00:00:00+00:00,24,5,catboost,0.23528311676695188,-0.015067586239121855,0.3333333333333333,0.16666666666666666,0.3333333333333333,0.0,0.0,-0.017109055924333205,0.5,,
2026-09-27T12:00:00+00:00,720,year_2026,trend_down,2026-01-01T00:00:00+00:00,2026-09-28T00:00:00+00:00,2026-01-08T00:00:00+00:00,2026-08-23T00:00:00+00:00,24,5,catboost_calibrated,0.23018278057621566,0.006936482804500432,0.3333333333333333,0.16666666666666666,0.3888888888888889,0.0,0.0,-0.008881007948026154,0.625,,
2026-09-27T12:00:00+00:00,720,year_2026,trend_down,2026-01-01T00:00:00+00:00,2026-09-28T00:00:00+00:00,2026-01-08T00:00:00+00:00,2026-08-23T00:00:00+00:00,24,5,climatology,0.23179059203209124,0.0,0.3333333333333333,1.0,1.0,0.0,0.14285714285714285,-0.00012477970414948025,0.75,,
2026-09-27T12:00:00+00:00,720,year_2026,trend_down,2026-01-01T00:00:00+00:00,2026-09-28T00:00:00+00:00,2026-01-08T00:00:00+00:00,2026-08-23T00:00:00+00:00,24,5,logistic,0.22250117704930372,0.04007675592588933,0.30952380952380953,0.16666666666666666,0.0,0.0,0.07142857142857142,-0.00012477970414948025,0.75,,
2026-09-27T12:00:00+00:00,720,year_2026,trend_down,2026-01-01T00:00:00+00:00,2026-09-28T00:00:00+00:00,2026-01-08T00:00:00+00:00,2026-08-23T00:00:00+00:00,24,5,selected,0.23179059203209124,0.0,0.3333333333333333,1.0,1.0,0.0,0.14285714285714285,-0.00012477970414948025,0.75,,
2026-09-27T12:00:00+00:00,720,year_2026,trend_range,2026-01-01T00:00:00+00:00,2026-09-28T00:00:00+00:00,2026-01-01T00:00:00+00:00,2026-08-28T00:00:00+00:00,132,6,catboost,0.2238044400932544,-0.23337480612252914,0.3333333333333333,0.0,0.27472527472527475,0.0,0.08035714285714286,-0.02090632551070204,0.6742424242424242,,
2026-09-27T12:00:00+00:00,720,year_2026,trend_range,2026-01-01T00:00:00+00:00,2026-09-28T00:00:00+00:00,2026-01-01T00:00:00+00:00,2026-08-28T00:00:00+00:00,132,6,catboost_calibrated,0.19721286889659795,-0.08683001927422707,0.3333333333333333,0.0,0.34065934065934067,0.0,0.08035714285714286,-0.0047869214408193805,0.7045454545454546,,
2026-09-27T12:00:00+00:00,720,year_2026,trend_range,2026-01-01T00:00:00+00:00,2026-09-28T00:00:00+00:00,2026-01-01T00:00:00+00:00,2026-08-28T00:00:00+00:00,132,6,climatology,0.18145695775710585,0.0,0.3333333333333333,1.0,1.0,0.0,0.23214285714285715,0.002000437415340728,0.8484848484848485,,
2026-09-27T12:00:00+00:00,720,year_2026,trend_range,2026-01-01T00:00:00+00:00,2026-09-28T00:00:00+00:00,2026-01-01T00:00:00+00:00,2026-08-28T00:00:00+00:00,132,6,logistic,0.19559417473056603,-0.0779094786345087,0.33730158730158727,0.07317073170731707,0.07692307692307693,0.0,0.03571428571428571,0.002000437415340728,0.8484848484848485,,
2026-09-27T12:00:00+00:00,720,year_2026,trend_range,2026-01-01T00:00:00+00:00,2026-09-28T00:00:00+00:00,2026-01-01T00:00:00+00:00,2026-08-28T00:00:00+00:00,132,6,selected,0.18145695775710585,0.0,0.3333333333333333,1.0,1.0,0.0,0.23214285714285715,0.002000437415340728,0.8484848484848485,,
2026-09-27T12:00:00+00:00,720,year_2026,vol_high,2026-01-01T00:00:00+00:00,2026-09-28T00:00:00+00:00,2026-01-14T00:00:00+00:00,2026-08-22T00:00:00+00:00,13,4,catboost,0.26294321458662717,-0.16964218618822935,0.6666666666666666,0.0,0.6363636363636364,0.0,0.0,0.011322409096374386,0.6923076923076923,,
2026-09-27T12:00:00+00:00,720,year_2026,vol_high,2026-01-01T00:00:00+00:00,2026-09-28T00:00:00+00:00,2026-01-14T00:00:00+00:00,2026-08-22T00:00:00+00:00,13,4,catboost_calibrated,0.2396325195749529,-0.06594994100941642,0.3333333333333333,0.0,0.6363636363636364,0.0,0.0,0.029821195365349995,0.6923076923076923,,
2026-09-27T12:00:00+00:00,720,year_2026,vol_high,2026-01-01T00:00:00+00:00,2026-09-28T00:00:00+00:00,2026-01-14T00:00:00+00:00,2026-08-22T00:00:00+00:00,13,4,climatology,0.2248065414291683,0.0,0.3333333333333333,1.0,1.0,0.0,0.0,0.007879614405328805,0.7692307692307693,,
2026-09-27T12:00:00+00:00,720,year_2026,vol_high,2026-01-01T00:00:00+00:00,2026-09-28T00:00:00+00:00,2026-01-14T00:00:00+00:00,2026-08-22T00:00:00+00:00,13,4,logistic,0.22820622405477822,-0.015122703298565243,0.625,0.5,0.0,0.0,0.0,0.007879614405328805,0.7692307692307693,,
2026-09-27T12:00:00+00:00,720,year_2026,vol_high,2026-01-01T00:00:00+00:00,2026-09-28T00:00:00+00:00,2026-01-14T00:00:00+00:00,2026-08-22T00:00:00+00:00,13,4,selected,0.2248065414291683,0.0,0.3333333333333333,1.0,1.0,0.0,0.0,0.007879614405328805,0.7692307692307693,,
2026-09-27T12:00:00+00:00,720,year_2026,vol_normal,2026-01-01T00:00:00+00:00,2026-09-28T00:00:00+00:00,2026-01-01T00:00:00+00:00,2026-08-28T00:00:00+00:00,167,7,catboost,0.21726926801258792,-0.19047095395493363,0.3302180685358255,0.020833333333333332,0.24369747899159663,0.0,0.07246376811594203,-0.017475330563669456,0.6586826347305389,,
2026-09-27T12:00:00+00:00,720,year_2026,vol_normal,2026-01-01T00:00:00+00:00,2026-09-28T00:00:00+00:00,2026-01-01T00:00:00+00:00,2026-08-28T00:00:00+00:00,167,7,catboost_calibrated,0.19467118256929833,-0.06665056931742752,0.3333333333333333,0.020833333333333332,0.3025210084033613,0.0,0.07246376811594203,-0.0030003395030315794,0.7065868263473054,,
2026-09-27T12:00:00+00:00,720,year_2026,vol_normal,2026-01-01T00:00:00+00:00,2026-09-28T00:00:00+00:00,2026-01-01T00:00:00+00:00,2026-08-28T00:00:00+00:00,167,7,climatology,0.18250698792002013,0.0,0.3333333333333333,1.0,1.0,0.0,0.2246376811594203,0.00185270848070751,0.8383233532934131,,
2026-09-27T12:00:00+00:00,720,year_2026,vol_normal,2026-01-01T00:00:00+00:00,2026-09-28T00:00:00+00:00,2026-01-01T00:00:00+00:00,2026-08-28T00:00:00+00:00,167,7,logistic,0.19032333716424824,-0.04282767105692109,0.33097328424431227,0.10416666666666667,0.06722689075630252,0.0,0.043478260869565216,0.00185270848070751,0.8383233532934131,,
2026-09-27T12:00:00+00:00,720,year_2026,vol_normal,2026-01-01T00:00:00+00:00,2026-09-28T00:00:00+00:00,2026-01-01T00:00:00+00:00,2026-08-28T00:00:00+00:00,167,7,selected,0.18250698792002013,0.0,0.3333333333333333,1.0,1.0,0.0,0.2246376811594203,0.00185270848070751,0.8383233532934131,,
