date,eth_spot_taker_buy_quote_share,eth_spot_signed_taker_flow_ratio,eth_spot_jump_variation_ratio,eth_spot_last_4h_return,eth_spot_last_8h_return,eth_spot_last_12h_return,eth_spot_last_4h_quote_volume_share,eth_perp_basis,eth_spot_perp_flow_divergence,eth_futures_spot_quote_volume_ratio,eth_btc_spot_flow_spread,eth_btc_perp_flow_spread,eth_btc_basis_spread,btc_spot_last_4h_return,eth_perp_taker_buy_quote_share,eth_perp_basis_delta_7d,eth_spot_signed_taker_flow_ratio_delta_7d,market_data_excluded,feature_available_at_utc,observed_at_utc,provenance_kind
2017-08-18,0.7837898519,0.5675797038,0,-0.005076829351,-0.01619812584,-0.04490220287,0.1948865473,,,,-0.05583573146,,,-0.006440145103,,,,0,2017-08-19T00:00:00Z,,historical_reconstruction
2017-08-19,0.7172538864,0.4345077727,0,0.001066758431,0.007864467849,0.03383204805,0.03484662672,,,,-0.008555932347,,,0.01253940729,,,,0,2017-08-20T00:00:00Z,,historical_reconstruction
2017-08-20,0.8716536276,0.7433072551,0.09802921919,0.004129318159,0.01355472721,0.01389830508,0.60901459,,,,0.1297245124,,,-0.01809404579,,,,0,2017-08-21T00:00:00Z,,historical_reconstruction
2017-08-21,0.7682738518,0.5365477036,0,-0.02702621362,-0.03305018843,-0.02426583768,0.08812433457,,,,-0.07623434932,,,-0.002743944078,,,,0,2017-08-22T00:00:00Z,,historical_reconstruction
2017-08-22,0.5559232984,0.1118465969,0.3831323283,0.009021919682,0.01547135178,-0.004370741741,0.1515471809,,,,0.2392625324,,,0.01392897478,,,,0,2017-08-23T00:00:00Z,,historical_reconstruction
2017-08-23,0.2644692895,-0.471061421,0,-0.008883447908,-0.00670085255,-0.010839599,0.1348201803,,,,-0.09466462936,,,-0.005432154876,,,,0,2017-08-24T00:00:00Z,,historical_reconstruction
2017-08-24,0.2829139137,-0.4341721725,0.01150999573,0.006817545061,-0.0007723916335,0.002821617934,0.1343487895,,,,0.03897493652,,,0.02369725576,,,,0,2017-08-25T00:00:00Z,,historical_reconstruction
2017-08-25,0.3650193443,-0.2699613115,0.05040707893,-0.008093116304,-0.02400906678,-0.007401116234,0.09652169661,,,,0.3802273683,,,-0.01047619048,,,-0.8375410153,0,2017-08-26T00:00:00Z,,historical_reconstruction
2017-08-26,0.1942155775,-0.6115688451,0.04660592289,-0.005681135025,0.01155927953,0.00773800457,0.1319140608,,,,-0.1052231215,,,0.01022936891,,,-1.046076618,0,2017-08-27T00:00:00Z,,historical_reconstruction
2017-08-27,0.2522584926,-0.4954830147,0.5355555004,0.01950390957,0.0390699618,0.04252388225,0.1249971799,,,,-0.07703924095,,,-0.00602151232,,,-1.23879027,0,2017-08-28T00:00:00Z,,historical_reconstruction
2017-08-28,0.2619790598,-0.4760418804,0,0.0101010101,0.01219904631,0.01878570167,0.09809285936,,,,0.05139298229,,,0.01504980737,,,-1.012589584,0,2017-08-29T00:00:00Z,,historical_reconstruction
2017-08-29,0.3037637589,-0.3924724823,0.1427580186,0.01975832789,0.02449827746,0.04635576655,0.1612275133,,,,0.1288800522,,,0.01045814978,,,-0.5043190791,0,2017-08-30T00:00:00Z,,historical_reconstruction
2017-08-30,0.2904615249,-0.4190769502,0.0674944168,0.001531115379,0.01726501133,0.0346371411,0.1358615753,,,,0.09520669352,,,0.004038070719,,,0.0519844708,0,2017-08-31T00:00:00Z,,historical_reconstruction
2017-08-31,0.3231607803,-0.3536784395,0,-0.000804985718,0.001066652792,-0.002669638692,0.159451559,,,,0.1700646511,,,0.007767992543,,,0.08049373304,0,2017-09-01T00:00:00Z,,historical_reconstruction
2017-09-01,0.372811066,-0.2543778681,0.2090863583,-0.002977259894,0.001417854657,-0.002823698532,0.0481313451,,,,0.3206921091,,,0.00543171983,,,0.01558344338,0,2017-09-02T00:00:00Z,,historical_reconstruction
2017-09-02,0.2990649976,-0.4018700049,0.1332510407,0.01496687175,0.004155448906,-0.04217725052,0.136575163,,,,-0.2184255674,,,-0.00834410624,,,0.2096988402,0,2017-09-03T00:00:00Z,,historical_reconstruction
2017-09-03,0.4262291926,-0.1475416147,0.2039105195,-0.005354908181,0.03771064217,0.01208208712,0.05710818034,,,,0.1029390504,,,-0.004398321925,,,0.3479414,0,2017-09-04T00:00:00Z,,historical_reconstruction
2017-09-04,0.4379698764,-0.1240602473,0.1281262014,-0.05106340289,0.05518164578,-0.009009952855,0.1003443,,,,0.04332233369,,,-0.02075232864,,,0.3519816331,0,2017-09-05T00:00:00Z,,historical_reconstruction
2017-09-05,0.5221955095,0.04439101896,0,-0.02077123404,0.07591271072,0.05510666351,0.09730842141,,,,0.1732124094,,,-0.01702351821,,,0.4368635012,0,2017-09-06T00:00:00Z,,historical_reconstruction
2017-09-07,0.4264618384,-0.1470763233,0.07054889523,-0.000836395137,-0.007448071217,0.01379038613,0.06313496962,,,,-0.110994779,,,-0.005300417037,,,0.272000627,0,2017-09-08T00:00:00Z,,historical_reconstruction
2017-09-08,0.4673480753,-0.06530384942,0.08485574941,0.03036795212,0.03036795212,-0.08212662829,0.1392503695,,,,0.1109969515,,,0.02071799174,,,0.2883745901,0,2017-09-09T00:00:00Z,,historical_reconstruction
2017-09-09,0.6399443132,0.2798886264,0.3339178694,-0.006761279957,-0.006262348883,-0.01359571851,0.1277803915,,,,0.4035412139,,,-0.002038659546,,,0.5342664945,0,2017-09-10T00:00:00Z,,historical_reconstruction
2017-09-10,0.5510317112,0.1020634223,0,-0.03064931634,0.03662628475,0.04151880767,0.08013640131,,,,0.2178266421,,,-0.03255523076,,,0.5039334272,0,2017-09-11T00:00:00Z,,historical_reconstruction
2017-09-11,0.4999838838,-3.223235637e-05,0.3105567492,0.003815376304,-0.00635026738,0.01315430752,0.03155075053,,,,0.07880298302,,,0.004890174045,,,0.1475093823,0,2017-09-12T00:00:00Z,,historical_reconstruction
2017-09-12,0.4266727414,-0.1466545172,0,0.0004764822,-0.0332171282,-0.0555502008,0.02907011807,,,,-0.172650478,,,0.001310641204,,,-0.02259426994,0,2017-09-13T00:00:00Z,,historical_reconstruction
2017-09-13,0.5055982214,0.01119644283,0.03130422401,0.02902266815,0.03738807927,0.05184988225,0.0962132331,,,,0.2124063633,,,0.01672246837,,,-0.03319457613,0,2017-09-14T00:00:00Z,,historical_reconstruction
2017-09-14,0.3539097815,-0.2921804371,0.2647640428,-0.08116300914,-0.1105187022,-0.09738707377,0.1642303207,,,,-0.2091410686,,,-0.05334651337,,,-0.1451041138,0,2017-09-15T00:00:00Z,,historical_reconstruction
2017-09-15,0.4177552786,-0.1644894429,0.5956178165,-0.02320373731,-0.01567910361,0.2695704536,0.09151211436,,,,-0.1468661385,,,-0.0006212354482,,,-0.09918559346,0,2017-09-16T00:00:00Z,,historical_reconstruction
2017-09-16,0.3758776174,-0.2482447651,0,-0.01169428368,0.02176229508,-0.002720108804,0.04684937611,,,,-0.2116556628,,,0.01390280048,,,-0.5281333916,0,2017-09-17T00:00:00Z,,historical_reconstruction
2017-09-17,0.3133575089,-0.3732849821,0.05330288223,-0.0177720148,0.01798418972,0.0674762714,0.09796920304,,,,-0.179972638,,,-3.783650845e-05,,,-0.4753484045,0,2017-09-18T00:00:00Z,,historical_reconstruction
2017-09-18,0.5661672285,0.132334457,0.06159927652,0.0192733564,0.01537347903,0.0196967599,0.02211270537,,,,0.3204150904,,,0.01650333795,,,0.1323666894,0,2017-09-19T00:00:00Z,,historical_reconstruction
2017-09-19,0.4233872689,-0.1532254621,0,0.007092198582,-0.01879491432,-0.006993006993,0.1245323913,,,,0.2752659304,,,0.005146503103,,,-0.006570944896,0,2017-09-20T00:00:00Z,,historical_reconstruction
2017-09-20,0.5360724097,0.07214481941,0.3710705687,-0.02422145329,-0.03092783505,-0.007007288989,0.07901485769,,,,-0.02816416991,,,-0.01587966479,,,0.06094837659,0,2017-09-21T00:00:00Z,,historical_reconstruction
2017-09-21,0.3025185073,-0.3949629853,0.3769547436,-0.003837358037,-0.05085496916,-0.09074827525,0.1803401735,,,,-0.431011068,,,0.001375855402,,,-0.1027825483,0,2017-09-22T00:00:00Z,,historical_reconstruction
2017-09-22,0.418843636,-0.162312728,0.1865752969,0.01542367014,0.03578154426,0.02980184116,0.08702446824,,,,-0.3814710013,,,0.001635097493,,,0.002176714882,0,2017-09-23T00:00:00Z,,historical_reconstruction
2017-09-23,0.295911767,-0.4081764661,0,0.01645929613,0.02774882283,0.0110678925,0.3862136391,,,,-0.5573532503,,,0.003608210471,,,-0.1599317009,0,2017-09-24T00:00:00Z,,historical_reconstruction
2017-09-24,0.2360066144,-0.5279867712,0.3377195021,-0.01052631579,-0.0122591944,0.005311753592,0.08315182862,,,,-0.4094729295,,,-0.001544051854,,,-0.154701789,0,2017-09-25T00:00:00Z,,historical_reconstruction
2017-09-25,0.332656789,-0.3346864221,0.32240256,-0.0001697965837,-0.002169050363,0.02229166667,0.09522342154,,,,-0.1565391316,,,-0.003540313316,,,-0.4670208791,0,2017-09-26T00:00:00Z,,historical_reconstruction
2017-09-26,0.2353597465,-0.529280507,0,0.001217179621,-0.005664156939,-0.016802131,0.1366040647,,,,-0.386962357,,,-0.00734072093,,,-0.3760550449,0,2017-09-27T00:00:00Z,,historical_reconstruction
2017-09-27,0.2318089959,-0.5363820082,0.2910510794,0.00356402281,0.03301760939,0.04744513206,0.1459309867,,,,-0.6469319776,,,0.0009548818334,,,-0.6085268276,0,2017-09-28T00:00:00Z,,historical_reconstruction
2017-09-28,0.3356234059,-0.3287531883,0,0.009209823812,0.01008616659,0.005585849182,0.1224814043,,,,-0.1874025349,,,0.007574002201,,,0.06620979709,0,2017-09-29T00:00:00Z,,historical_reconstruction
2017-09-29,0.4672356282,-0.06552874357,0.008040787681,-0.002014958506,-0.003138432148,-0.01612740312,0.09619062132,,,,0.1108990527,,,0.006686826012,,,0.09678398443,0,2017-09-30T00:00:00Z,,historical_reconstruction
2017-09-30,0.409780317,-0.180439366,0,0.001151277918,-0.003470630607,0.004422150353,0.07447356056,,,,0.004537447391,,,0.008134592626,,,0.2277371,0,2017-10-01T00:00:00Z,,historical_reconstruction
2017-10-01,0.2959832664,-0.4080334672,0.3052021726,0.004328575205,0.0124579461,0.01198601631,0.1898433889,,,,-0.2135214589,,,0.01659623868,,,0.119953304,0,2017-10-02T00:00:00Z,,historical_reconstruction
2017-10-02,0.3773153267,-0.2453693466,0,-0.003361344538,-0.01229221493,-0.01298268975,0.05841098772,,,,-0.1311949202,,,-0.006802721088,,,0.08931707546,0,2017-10-03T00:00:00Z,,historical_reconstruction
2017-10-03,0.380003487,-0.239993026,0,0.008099817323,0.004085275842,0.001643835616,0.08115915699,,,,-0.1508508523,,,0.017704757,,,0.289287481,0,2017-10-04T00:00:00Z,,historical_reconstruction
2017-10-04,0.5073350677,0.01467013533,0.1077659717,0.003022912301,-0.008118758068,-0.002050651082,0.09321721154,,,,0.3414314855,,,0.009242095419,,,0.5510521436,0,2017-10-05T00:00:00Z,,historical_reconstruction
2017-10-05,0.4951117587,-0.009776482549,0,-0.007340314489,-0.0006440677966,0.01522090981,0.05670921297,,,,0.09019495587,,,-0.01209896433,,,0.3189767057,0,2017-10-06T00:00:00Z,,historical_reconstruction
2017-10-06,0.555312302,0.110624604,0,0.02787974998,0.03023070804,0.02951406141,0.09633222124,,,,0.2172331819,,,0.00876929684,,,0.1761533476,0,2017-10-07T00:00:00Z,,historical_reconstruction
2017-10-07,0.477028154,-0.04594369205,0.1300936012,0.009707161873,0.003225702397,0.01637254902,0.2247057239,,,,-0.02426324806,,,0.0186010414,,,0.134495674,0,2017-10-08T00:00:00Z,,historical_reconstruction
2017-10-08,0.3620595828,-0.2758808344,0.006156026078,-0.001476583315,-0.007751196172,0.002029377658,0.1819585313,,,,-0.3568081213,,,0.009246349639,,,0.1321526328,0,2017-10-09T00:00:00Z,,historical_reconstruction
2017-10-09,0.3232489745,-0.353502051,0.1531345238,0.02429861446,-0.009399686677,-0.02761509014,0.271355241,,,,-0.4416584679,,,-0.003414283781,,,-0.1081327043,0,2017-10-10T00:00:00Z,,historical_reconstruction
2017-10-10,0.591899474,0.183798948,0,-0.01246651896,-0.02789622734,-0.00313772615,0.1682841367,,,,-0.1204947237,,,-0.02604973743,,,0.423791974,0,2017-10-11T00:00:00Z,,historical_reconstruction
2017-10-11,0.517160762,0.03432152409,0,0.003333333333,0.0138397919,0.007589818375,0.04014989126,,,,-0.3992085639,,,-0.005976802009,,,0.01965138875,0,2017-10-12T00:00:00Z,,historical_reconstruction
2017-10-12,0.4394198321,-0.1211603359,0,-0.006406275535,-0.008027410671,-0.006568627451,0.1935292486,,,,-0.3673518025,,,0.02451670358,,,-0.1113838533,0,2017-10-13T00:00:00Z,,historical_reconstruction
2017-10-13,0.4233731628,-0.1532536745,0,-0.009960159363,-0.01244813278,0.02278848773,0.08354189371,,,,-0.08665511731,,,0.02100199503,,,-0.2638782785,0,2017-10-14T00:00:00Z,,historical_reconstruction
2017-10-14,0.4911118551,-0.01777628986,0.1861752247,-0.01738255998,-0.006247275897,0.000263227165,0.1073087052,,,,0.08855276736,,,0.02086605067,,,0.02816740219,0,2017-10-15T00:00:00Z,,historical_reconstruction
2017-10-15,0.4966662455,-0.006667509073,0.01337815234,0.02294327744,0.01322140609,0.05844033824,0.08649930219,,,,0.09713618416,,,0.03250497719,,,0.2692133253,0,2017-10-16T00:00:00Z,,historical_reconstruction
2017-10-16,0.5111319623,0.02226392469,0,0.002632287398,-0.01988362233,-0.01484246414,0.1077417736,,,,0.08079622628,,,0.00721132829,,,0.3757659757,0,2017-10-17T00:00:00Z,,historical_reconstruction
2017-10-17,0.4054053241,-0.1891893518,0.1680010875,-0.0238471306,-0.02202984889,-0.01889435348,0.1744537786,,,,-0.1528284514,,,-0.004820262891,,,-0.3729882999,0,2017-10-18T00:00:00Z,,historical_reconstruction
2017-10-18,0.5121848921,0.02436978425,0.525875091,0.02197729673,0.01507702393,0.04766415209,0.1187147141,,,,0.1280711074,,,0.0239773806,,,-0.009951739841,0,2017-10-19T00:00:00Z,,historical_reconstruction
2017-10-19,0.4745108449,-0.05097831018,0.03813424229,-0.0004533678756,0.009814826932,0.005407166124,0.1572675365,,,,0.02733551373,,,0.01335534561,,,0.07018202567,0,2017-10-20T00:00:00Z,,historical_reconstruction
2017-10-20,0.3494666473,-0.3010667053,0.2018363729,0.0004928374294,-0.004804235571,0.004154987634,0.1743854507,,,,-0.1416466041,,,-0.008398078836,,,-0.1478130309,0,2017-10-21T00:00:00Z,,historical_reconstruction
2017-10-21,0.4994974836,-0.001005032877,0,0.008773705878,0.02313642275,0.0145252155,0.1533035941,,,,0.04147888666,,,0.0001460801548,,,0.01677125698,0,2017-10-22T00:00:00Z,,historical_reconstruction
2017-10-22,0.4608817215,-0.07823655701,0.2234798643,0.01115126484,-0.01193919419,0.004341583481,0.1050061006,,,,0.1008691641,,,0.01207512124,,,-0.07156904794,0,2017-10-23T00:00:00Z,,historical_reconstruction
2017-10-23,0.5446198521,0.08923970413,0,-0.008116023854,0.00572471287,-0.02025095852,0.1343773658,,,,0.279794172,,,0.005968545256,,,0.06697577943,0,2017-10-24T00:00:00Z,,historical_reconstruction
2017-10-24,0.5831841528,0.1663683055,0.7552058796,-0.01990640037,-0.03397869023,-0.03510707333,0.1213978113,,,,0.2917059367,,,-0.0280457918,,,0.3555576574,0,2017-10-25T00:00:00Z,,historical_reconstruction
2017-10-25,0.4193219216,-0.1613561568,0.5207001887,-0.00223615111,0.009980108375,0.02079794794,0.1359064654,,,,-0.1295354849,,,0.01969502284,,,-0.185725941,0,2017-10-26T00:00:00Z,,historical_reconstruction
2017-10-26,0.4487016565,-0.102596687,0.2202026653,0.005836177474,-0.004727972713,-0.01335788416,0.1652285147,,,,0.1047911706,,,0.004658425014,,,-0.05161837679,0,2017-10-27T00:00:00Z,,historical_reconstruction
2017-10-27,0.395729154,-0.208541692,0.2820625079,0.007205737398,0.007582454947,-0.001516274682,0.2141465046,,,,-0.09981013032,,,-0.003306858881,,,0.0925250133,0,2017-10-28T00:00:00Z,,historical_reconstruction
2017-10-28,0.4010466316,-0.1979067368,0,-0.0005478889155,-0.0008558126797,-0.003754650647,0.2085115336,,,,-0.01685368819,,,-0.001114211966,,,-0.1969017039,0,2017-10-29T00:00:00Z,,historical_reconstruction
2017-10-29,0.4080110443,-0.1839779114,0.2281401053,0.0007875049219,-0.01009379767,0.001346071769,0.2257004212,,,,-0.2398782608,,,0.01396548891,,,-0.1057413544,0,2017-10-30T00:00:00Z,,historical_reconstruction
2017-10-30,0.5320940552,0.06418811044,0.1118496751,0.007277972658,0.002087342226,-0.00472935765,0.08384143912,,,,0.2924524841,,,0.001492297975,,,-0.02505159369,0,2017-10-31T00:00:00Z,,historical_reconstruction
2017-10-31,0.4023768207,-0.1952463586,0.2805259844,0.0005907062221,-0.001702573505,-0.01003279327,0.2082839622,,,,-0.07832044136,,,0.02101428441,,,-0.3616146642,0,2017-11-01T00:00:00Z,,historical_reconstruction
2017-11-01,0.3329551648,-0.3340896705,0.01961297758,-0.03366890004,-0.03891102702,-0.03632944969,0.1428129389,,,,-0.1479651783,,,0.01977961582,,,-0.1727335137,0,2017-11-02T00:00:00Z,,historical_reconstruction
2017-11-02,0.3534697211,-0.2930605577,0.09287047265,-0.02369047209,-0.003274071466,-0.01516627244,0.08870897986,,,,-0.2144728662,,,0.005573644155,,,-0.1904638708,0,2017-11-03T00:00:00Z,,historical_reconstruction
2017-11-03,0.4206458225,-0.158708355,0.02657019222,0.01722811361,0.02328711805,0.0319340279,0.1306086051,,,,0.005561742558,,,-0.02127864446,,,0.04983333699,0,2017-11-04T00:00:00Z,,historical_reconstruction
2017-11-04,0.4668771739,-0.06624565227,0.04426706585,0.0007387012289,-0.008747131407,-0.00377711669,0.1364988845,,,,0.02018776932,,,-0.0003980967443,,,0.1316610845,0,2017-11-05T00:00:00Z,,historical_reconstruction
2017-11-05,0.513235932,0.02647186399,0,0.004964804298,-0.0006762925642,-0.006755394233,0.121712344,,,,0.1315478278,,,-0.02534497698,,,0.2104497754,0,2017-11-06T00:00:00Z,,historical_reconstruction
2017-11-06,0.3688736898,-0.2622526203,0,-0.0166980167,-0.01115056582,-0.01003355593,0.1278905007,,,,-0.09208127854,,,-0.006550090565,,,-0.3264407308,0,2017-11-07T00:00:00Z,,historical_reconstruction
2017-11-07,0.3765735261,-0.2468529477,0,0.006172626642,0.007771215418,-0.03400099321,0.103136867,,,,-0.06884753395,,,0.0006204264795,,,-0.05160658907,0,2017-11-08T00:00:00Z,,historical_reconstruction
2017-11-08,0.4783617125,-0.04327657507,0.06628375862,-0.03413763427,0.01128020291,0.01869158879,0.2113558165,,,,0.03979372781,,,0.03295615276,,,0.2908130954,0,2017-11-09T00:00:00Z,,historical_reconstruction
2017-11-09,0.4871571402,-0.02568571965,0.1835180397,-0.02410045438,-0.02955274004,0.01168045831,0.07469550615,,,,0.2175236681,,,-0.009794378198,,,0.2673748381,0,2017-11-10T00:00:00Z,,historical_reconstruction
2017-11-10,0.5007187743,0.001437548685,0,-0.004038141776,-0.02485214964,-0.05636112272,0.1484693548,,,,0.04194014257,,,-0.002961857466,,,0.1601459037,0,2017-11-11T00:00:00Z,,historical_reconstruction
2017-11-11,0.4617397383,-0.07652052345,0.1550908741,-0.01226622487,0.03883657809,0.04514041061,0.1572192212,,,,0.1022363681,,,0.00175486156,,,-0.01027487118,0,2017-11-12T00:00:00Z,,historical_reconstruction
2017-11-12,0.4571148942,-0.08577021153,0,-0.02789808917,-0.003850923569,0.03264657126,0.1081620432,,,,-0.001752270816,,,-0.03472384873,,,-0.1122420755,0,2017-11-13T00:00:00Z,,historical_reconstruction
2017-11-13,0.4620735062,-0.07585298751,0.227161099,0.003526884479,0.006592911816,0.003108775079,0.06926045098,,,,-0.06870739194,,,0.02035344745,,,0.1863996328,0,2017-11-14T00:00:00Z,,historical_reconstruction
2017-11-14,0.5039325632,0.007865126464,0.09902319658,0.02370058565,0.02642444261,0.04554659024,0.1495715671,,,,0.03069664501,,,0.006358049729,,,0.2547180742,0,2017-11-15T00:00:00Z,,historical_reconstruction
2017-11-15,0.4515064692,-0.09698706161,0.03668617103,0.009536867764,0.01299376299,-0.00579127408,0.1334177579,,,,-0.1745794726,,,0.008086906396,,,-0.05371048655,0,2017-11-16T00:00:00Z,,historical_reconstruction
2017-11-16,0.4255998492,-0.1488003015,0,0.004362975307,0.005124317768,0.02308570723,0.1311538611,,,,-0.1743353117,,,0.01661722219,,,-0.1231145819,0,2017-11-17T00:00:00Z,,historical_reconstruction
2017-11-17,0.5210103799,0.04202075971,0.3442146746,0.00184501845,-0.00402922693,0.004275059123,0.1281975785,,,,0.08192376985,,,-0.01284589288,,,0.04058321102,0,2017-11-18T00:00:00Z,,historical_reconstruction
2017-11-18,0.5353655676,0.07073113529,0.06907112718,0.02356206449,0.03638374839,0.0438422162,0.1559496468,,,,0.1138951436,,,0.004636221027,,,0.1472516587,0,2017-11-19T00:00:00Z,,historical_reconstruction
2017-11-19,0.5121928461,0.02438569229,0,0.01429144232,-0.007454948012,-0.01392175971,0.09160482891,,,,-0.06053832112,,,0.00162243395,,,0.1101559038,0,2017-11-20T00:00:00Z,,historical_reconstruction
2017-11-20,0.5026740463,0.005348092625,0,-8.164376106e-05,0.01248312161,0.02205902807,0.1215379732,,,,0.07137340355,,,-0.003128273793,,,0.08120108014,0,2017-11-21T00:00:00Z,,historical_reconstruction
2017-11-21,0.4799669648,-0.04006607033,0.5045661742,-0.00475470661,-0.02551130248,-0.02419832929,0.09006919166,,,,-0.01818584358,,,0.001191144103,,,-0.04793119679,0,2017-11-22T00:00:00Z,,historical_reconstruction
2017-11-22,0.5395486986,0.07909739725,0.1453226336,0.03243917654,0.04236267046,0.03886356813,0.2009258725,,,,0.04951857705,,,0.0007231716136,,,0.1760844589,0,2017-11-23T00:00:00Z,,historical_reconstruction
2017-11-23,0.5709739344,0.1419478688,0.4322232019,-0.02952170996,-0.01579586877,0.0174345576,0.1181902161,,,,0.08418389008,,,-0.01476987108,,,0.2907481704,0,2017-11-24T00:00:00Z,,historical_reconstruction
2017-11-24,0.5088287392,0.01765747839,0.04324963559,0.02462150176,0.03299414123,0.1356482154,0.1152573085,,,,0.03477668743,,,-0.009370686234,,,-0.02436328132,0,2017-11-25T00:00:00Z,,historical_reconstruction
2017-11-25,0.4467947688,-0.1064104625,0,0.000628344853,-0.01505715748,-0.006069214876,0.08083428048,,,,-0.1762523389,,,0.01802367897,,,-0.1771415977,0,2017-11-26T00:00:00Z,,historical_reconstruction
2017-11-26,0.4368901044,-0.1262197912,0.1363096925,0.02855619014,0.02124842788,0.01269035533,0.1335268283,,,,-0.1077599871,,,0.003081325453,,,-0.1506054835,0,2017-11-27T00:00:00Z,,historical_reconstruction
2017-11-27,0.4547983815,-0.09040323701,0.1669526933,0.004914893617,-0.001648734913,-0.001353208584,0.08957422533,,,,-0.1679055604,,,0.01579054294,,,-0.09575132964,0,2017-11-28T00:00:00Z,,historical_reconstruction
2017-11-28,0.4555488271,-0.08890234576,0,0.002516129032,0.0002574831027,-0.007134946328,0.09317723994,,,,-0.07784470317,,,-0.0003212127701,,,-0.04883627543,0,2017-11-29T00:00:00Z,,historical_reconstruction
2017-11-29,0.4662103905,-0.06757921892,0.2765785956,0.006443914081,-0.1297079765,-0.1122105263,0.210243501,,,,-0.3681596507,,,0.04170752688,,,-0.1466766162,0,2017-11-30T00:00:00Z,,historical_reconstruction
2017-11-30,0.531899481,0.06379896205,0.07248804195,-0.008490106474,0.08827273653,0.01390041986,0.1018241363,,,,-0.08207919399,,,0.007984821258,,,-0.07814890676,0,2017-12-01T00:00:00Z,,historical_reconstruction
2017-12-01,0.5755358581,0.1510717161,0,0.003311403509,0.0207036566,0.05621479361,0.1084200909,,,,0.08479159223,,,0.02411317207,,,0.1334142377,0,2017-12-02T00:00:00Z,,historical_reconstruction
2017-12-02,0.4784875683,-0.04302486341,0,-0.001570851969,0.01691035954,-0.005000760985,0.0695623223,,,,-0.04639518568,,,0.0006753863486,,,0.06338559904,0,2017-12-03T00:00:00Z,,historical_reconstruction
2017-12-03,0.5003141361,0.000628272191,0.1524829127,-0.0395409494,-0.03296287737,-0.0372911133,0.233276172,,,,0.03659053393,,,-0.04853770771,,,0.1268480634,0,2017-12-04T00:00:00Z,,historical_reconstruction
2017-12-04,0.505525742,0.01105148398,0.05870143048,0.02682186235,0.0156039173,0.02849649579,0.1533471204,,,,-0.0686705353,,,0.03854519362,,,0.101454721,0,2017-12-05T00:00:00Z,,historical_reconstruction
2017-12-05,0.5088667722,0.01773354439,0,-0.006000131871,-0.008614831539,-0.02012783014,0.1284910997,,,,-0.1123589039,,,-0.00145088457,,,0.1066358902,0,2017-12-06T00:00:00Z,,historical_reconstruction
2017-12-06,0.414230762,-0.171538476,0.2168628453,-0.02864367925,-0.02284722552,-0.05947368421,0.1388772753,,,,-0.3141390201,,,0.03966838154,,,-0.1039592571,0,2017-12-07T00:00:00Z,,historical_reconstruction
2017-12-07,0.4171173151,-0.1657653697,0.1941116003,0.001775104164,0.02474024009,0.01102264245,0.1075092558,,,,-0.2154899649,,,0.1060830905,,,-0.2295643318,0,2017-12-08T00:00:00Z,,historical_reconstruction
2017-12-08,0.4198390224,-0.1603219551,0.2472078531,0.001448225923,0.01307084812,0.01768344563,0.09032072847,,,,-0.5159152485,,,0.04495408256,,,-0.3113936712,0,2017-12-09T00:00:00Z,,historical_reconstruction
2017-12-09,0.4875225488,-0.02495490246,0.5021940448,0.0151388092,-0.02963822382,-0.002169197397,0.1160610829,,,,-0.1770923496,,,0.05378702905,,,0.01806996095,0,2017-12-10T00:00:00Z,,historical_reconstruction
2017-12-10,0.4393145032,-0.1213709935,0.1177421511,-0.03741328048,-0.03648005772,-0.00630144631,0.1346407488,,,,-0.1752099599,,,-0.03726251367,,,-0.1219992657,0,2017-12-11T00:00:00Z,,historical_reconstruction
2017-12-11,0.4781602266,-0.04367954672,0.7997718509,0.08224831929,0.09277996176,0.1266888151,0.218053103,,,,-0.04226859276,,,-0.02417965763,,,-0.05473103069,0,2017-12-12T00:00:00Z,,historical_reconstruction
2017-12-12,0.5097117386,0.01942347729,0.2739831652,0.05447556848,0.01722723544,0.178214435,0.1003505621,,,,0.08744848366,,,-0.01066545647,,,0.001689932897,0,2017-12-13T00:00:00Z,,historical_reconstruction
2017-12-13,0.4962404464,-0.007519107267,0,0.02725880091,0.006444872795,0.09424393678,0.09826630233,,,,0.005289875361,,,0.02407454602,,,0.1640193687,0,2017-12-14T00:00:00Z,,historical_reconstruction
2017-12-14,0.5037016231,0.007403246168,0.1347512551,0.02207253263,0.01829076474,0.002448016517,0.06678704526,,,,-0.0259577393,,,0.001220957814,,,0.1731686159,0,2017-12-15T00:00:00Z,,historical_reconstruction
2017-12-15,0.4335770086,-0.1328459829,0.007371050077,-0.0001185132513,-0.0139661948,0.05276703269,0.07596988189,,,,-0.1581159367,,,-0.004652189531,,,0.02747597224,0,2017-12-16T00:00:00Z,,historical_reconstruction
2017-12-16,0.4668677851,-0.0662644297,0.1410372645,0.0166763449,0.01397386397,-0.01203825619,0.1100618595,,,,-0.1661956017,,,-0.006053384671,,,-0.04130952725,0,2017-12-17T00:00:00Z,,historical_reconstruction
2017-12-17,0.5363321668,0.07266433353,0.07850168234,-0.005425158117,0.004414290378,-0.006542187281,0.142405495,,,,0.157234244,,,0.0007487035649,,,0.1940353271,0,2017-12-18T00:00:00Z,,historical_reconstruction
2017-12-18,,,,,,,,,,,,,,,,,,1,2017-12-19T00:00:00Z,,historical_reconstruction
2017-12-19,0.5115793036,0.02315860714,0.1612473594,-0.02888991652,0.01148376302,0.005050441441,0.1215206509,,,,0.1542738269,,,-0.01855781022,,,0.003735129855,0,2017-12-20T00:00:00Z,,historical_reconstruction
2017-12-20,0.4405850978,-0.1188298043,0.2780489255,-0.01959057072,-0.005987647333,-0.01980947183,0.0931727314,,,,0.0275809509,,,-0.01746330156,,,-0.1113106971,0,2017-12-21T00:00:00Z,,historical_reconstruction
2017-12-21,0.545293974,0.090587948,0,0.05140023651,0.080542474,-0.0539406544,0.07366101922,,,,-0.06213556736,,,0.05385369915,,,0.08318470183,0,2017-12-22T00:00:00Z,,historical_reconstruction
2017-12-22,0.4699381981,-0.0601236038,0.154124847,0.0126910828,0.04033959857,-0.01795861643,0.1065589775,,,,-0.03784277853,,,0.01127712855,,,0.07272237906,0,2017-12-23T00:00:00Z,,historical_reconstruction
2017-12-23,0.5425779736,0.08515594714,0,-0.07731988473,-0.0654426574,-0.09281008713,0.1503089513,,,,0.08819847457,,,-0.07856450048,,,0.1514203768,0,2017-12-24T00:00:00Z,,historical_reconstruction
2017-12-24,0.4848356033,-0.03032879345,0.08685466343,0.1040268456,0.08035333136,0.1131788192,0.09380536241,,,,-0.1076486269,,,0.1007540573,,,-0.102993127,0,2017-12-25T00:00:00Z,,historical_reconstruction
2017-12-25,0.548038232,0.09607646397,0,-0.0124590798,0.01556840296,-0.009531330092,0.1082164021,,,,-0.02716686101,,,-0.008130822987,,,,0,2017-12-26T00:00:00Z,,historical_reconstruction
2017-12-26,0.5233197727,0.04663954542,0,0.007455168245,0.01200917555,0.01895251681,0.0964685636,,,,-0.0727344547,,,-0.006266804747,,,0.02348093827,0,2017-12-27T00:00:00Z,,historical_reconstruction
2017-12-27,0.5059792457,0.01195849145,0.2781822575,0.02513335643,0.009675218341,-0.01135771456,0.1063293348,,,,-0.03761237224,,,0.04506843648,,,0.1307882958,0,2017-12-28T00:00:00Z,,historical_reconstruction
2017-12-28,0.4943270074,-0.01134598516,0.1973036586,0.02862581555,0.009828815977,0.05846379282,0.08811803484,,,,-0.0647095006,,,0.03244435967,,,-0.1019339332,0,2017-12-29T00:00:00Z,,historical_reconstruction
2017-12-29,0.4967261922,-0.006547615657,0.07066795137,-0.0199484598,-0.0222071244,0.009559308979,0.1296339549,,,,-0.1691937608,,,-0.01788165866,,,0.05357598814,0,2017-12-30T00:00:00Z,,historical_reconstruction
2017-12-30,0.4624071276,-0.07518574486,0.09769191893,-0.02854208567,0.01157039524,-0.02426934097,0.09187185033,,,,-0.07091213591,,,-0.0462821132,,,-0.160341692,0,2017-12-31T00:00:00Z,,historical_reconstruction
2017-12-31,0.5131740208,0.02634804158,0.302693155,0.002883025674,0.01937419274,0.03389114266,0.08946831889,,,,-0.007596692848,,,-0.004841439764,,,0.05667683503,0,2018-01-01T00:00:00Z,,historical_reconstruction
2018-01-01,0.5193826149,0.03876522972,0,0.01173900808,0.008980715517,0.01886614216,0.1452835283,,,,0.1187327625,,,0.01194748461,,,-0.05731123424,0,2018-01-02T00:00:00Z,,historical_reconstruction
2018-01-02,0.5242103812,0.04842076246,0.3291204441,0.005100242085,-0.0118767041,0.006721047118,0.1032066549,,,,-0.08186469011,,,-0.002373212273,,,0.001781217046,0,2018-01-03T00:00:00Z,,historical_reconstruction
2018-01-03,0.5269954225,0.05399084507,0.4255264052,0.01786103483,0.06624429224,0.08192980424,0.154251689,,,,-0.07754485746,,,0.01493196263,,,0.04203235362,0,2018-01-04T00:00:00Z,,historical_reconstruction
2018-01-04,,,,,,,,,,,,,,,,,,,2018-01-05T00:00:00Z,,historical_reconstruction
2018-01-05,0.4756526204,-0.0486947592,0.1048112094,-0.01185607894,-0.02222992325,-0.03675067778,0.1337048497,,,,-0.19582342,,,0.02207104436,,,-0.03734877404,0,2018-01-06T00:00:00Z,,historical_reconstruction
2018-01-06,0.5209433493,0.04188669859,0,-0.007305981216,-0.003384548198,0.002375889711,0.111085205,,,,-0.1444505075,,,0.01787595833,,,0.04843431425,0,2018-01-07T00:00:00Z,,historical_reconstruction
2018-01-07,0.5344043085,0.06880861691,0.2552328648,0.02010990508,0.02333527718,0.03867674124,0.1195270659,,,,-0.01900944692,,,0.003051382221,,,0.1439943618,0,2018-01-08T00:00:00Z,,historical_reconstruction
2018-01-08,0.5109059043,0.02181180862,0,-0.01907012578,0.06911842403,-0.008001260592,0.09435291835,,,,-0.01734689534,,,-0.01934779977,,,-0.004536232966,0,2018-01-09T00:00:00Z,,historical_reconstruction
2018-01-09,0.5390912307,0.07818246131,0.05465640969,0.07136929461,0.07448127773,0.0590908718,0.203565741,,,,0.1220177813,,,-0.02159423067,,,0.03941723158,0,2018-01-10T00:00:00Z,,historical_reconstruction
2018-01-10,0.5061399932,0.01227998649,0.04439109563,-0.04023767009,-0.07550876673,-0.06732185997,0.09630494292,,,,0.03224252845,,,0.03882305062,,,-0.03614077598,0,2018-01-11T00:00:00Z,,historical_reconstruction
2018-01-11,0.4653917387,-0.06921652268,0.460328614,-0.03153034413,-0.06722303667,-0.04315718726,0.1069287052,,,,-0.04892236305,,,-0.01203134328,,,-0.1232073678,0,2018-01-12T00:00:00Z,,historical_reconstruction
2018-01-12,0.5095786098,0.01915721958,0.4874082538,0.0006464175698,0.03224664526,0.02934005402,0.09670731474,,,,0.03010490457,,,0.001677480499,,,0.06785197878,0,2018-01-13T00:00:00Z,,historical_reconstruction
2018-01-13,0.5372015684,0.07440313684,0.007680452196,0.001717617852,0.02285924834,0.03815229505,0.1432986598,,,,0.1620488611,,,0.008757233805,,,0.03251643825,0,2018-01-14T00:00:00Z,,historical_reconstruction
2018-01-14,0.500384873,0.0007697460989,0,0.0413606494,0.07547486167,0.03456221198,0.09390262086,,,,0.02620704451,,,0.02623429994,,,-0.06803887081,0,2018-01-15T00:00:00Z,,historical_reconstruction
2018-01-15,0.4753920126,-0.04921597483,0.1389587955,-0.023764536,-0.02977099237,-0.01736427876,0.1085109385,,,,-0.06358221432,,,-0.01706283208,,,-0.07102778345,0,2018-01-16T00:00:00Z,,historical_reconstruction
2018-01-16,0.4639544008,-0.07209119838,0,-0.02314177143,-0.1071109682,-0.1212653779,0.2968680364,,,,-0.03249186931,,,-0.01643367875,,,-0.1502736597,0,2018-01-17T00:00:00Z,,historical_reconstruction
2018-01-17,0.494842729,-0.01031454198,0,0.09650325113,0.2886265818,0.1667930692,0.2451762652,,,,0.00857885088,,,0.06008006946,,,-0.02259452846,0,2018-01-18T00:00:00Z,,historical_reconstruction
2018-01-18,0.5028152848,0.005630569599,0,-0.05418006737,-0.07102803738,-0.02834799609,0.1500020096,,,,0.02245336186,,,-0.04967750325,,,0.07484709228,0,2018-01-19T00:00:00Z,,historical_reconstruction
2018-01-19,0.5204064087,0.0408128174,0.2661162388,0.01624015748,-0.005202813373,-0.02029623585,0.07817051332,,,,0.05192681941,,,0.02996831552,,,0.02165559782,0,2018-01-20T00:00:00Z,,historical_reconstruction
2018-01-20,0.4813525041,-0.03729499182,0,0.005013077594,0.01880739215,0.04567307692,0.07656016271,,,,-0.03675452057,,,0.001597085339,,,-0.1116981287,0,2018-01-21T00:00:00Z,,historical_reconstruction
2018-01-21,0.4835142596,-0.03297148079,0.01633279851,0.01172794259,0.003434059364,-0.05417102463,0.1105809824,,,,-0.02683013112,,,0.01523378994,,,-0.03374122689,0,2018-01-22T00:00:00Z,,historical_reconstruction
2018-01-22,0.4604766941,-0.07904661181,0.4240025776,0.02053400752,0.04416403785,-0.04108001622,0.1790261039,,,,-0.05306148078,,,0.02408296937,,,-0.02983063698,0,2018-01-23T00:00:00Z,,historical_reconstruction
2018-01-23,0.4880632383,-0.02387352349,0,-0.0004589729206,-0.007625084808,0.04940783415,0.1337293461,,,,-0.02482396631,,,-0.01404004032,,,0.04821767489,0,2018-01-24T00:00:00Z,,historical_reconstruction
2018-01-24,0.490584251,-0.01883149797,0.2151604191,0.02328183168,0.04271085166,0.04532019704,0.1019135944,,,,0.01723268967,,,0.0102098034,,,-0.008516955998,0,2018-01-25T00:00:00Z,,historical_reconstruction
2018-01-25,0.4315323776,-0.1369352449,0,-0.007496477219,0.02029937228,-0.002803235519,0.09205149739,,,,-0.1161289077,,,-0.004873552983,,,-0.1425658145,0,2018-01-26T00:00:00Z,,historical_reconstruction
2018-01-26,0.4514696638,-0.09706067245,0.06611248533,0.01450772201,-0.01195769683,0.0416654278,0.07305826243,,,,-0.02542177868,,,0.01426965542,,,-0.1378734898,0,2018-01-27T00:00:00Z,,historical_reconstruction
2018-01-27,0.4724712666,-0.05505746685,0.006176099841,0.009490559059,0.0219086758,0.05168233083,0.1656574771,,,,-0.03252693052,,,-0.001225543455,,,-0.01776247502,0,2018-01-28T00:00:00Z,,historical_reconstruction
2018-01-28,0.5243185315,0.04863706293,0,0.01355224171,0.0236794767,-0.009611505328,0.09751381001,,,,0.1794464541,,,0.0008382476832,,,0.08160854372,0,2018-01-29T00:00:00Z,,historical_reconstruction
2018-01-29,0.4635220534,-0.07295589311,0.1935524022,-0.0004161358811,-0.02158805633,-0.007077779652,0.08424550017,,,,0.07799214497,,,-0.002644308974,,,0.006090718698,0,2018-01-30T00:00:00Z,,historical_reconstruction
2018-01-30,0.4489949362,-0.1020101276,0,-0.02391871235,-0.02426966292,-0.06996470064,0.177883124,,,,0.006733767906,,,-0.01372736031,,,-0.07813660414,0,2018-01-31T00:00:00Z,,historical_reconstruction
2018-01-31,0.5042573562,0.008514712475,0.18195037,0.01812109089,0.02068020544,0.01160165841,0.07783099423,,,,0.03287916592,,,0.01688094946,,,0.02734621045,0,2018-02-01T00:00:00Z,,historical_reconstruction
2018-02-01,0.5098800618,0.01976012368,0,0.02955445985,-0.03440925983,-0.06636200717,0.2123603683,,,,0.09964674423,,,0.03207255428,,,0.1566953685,0,2018-02-02T00:00:00Z,,historical_reconstruction
2018-02-02,0.4823336937,-0.03533261263,0.1048414761,0.02324291341,-0.05236984598,0.08888915125,0.07671270664,,,,0.03755620685,,,0.01988850575,,,0.06172805981,0,2018-02-03T00:00:00Z,,historical_reconstruction
2018-02-03,0.5073201892,0.01464037844,0.1773587352,-0.01154386465,0.01293553098,-0.0004529358478,0.09340536782,,,,0.02514300819,,,-0.01604705882,,,0.06969784528,0,2018-02-04T00:00:00Z,,historical_reconstruction
2018-02-04,0.4563358859,-0.0873282282,0,-0.02080707678,-0.0412572759,-0.07117642415,0.2743020523,,,,0.04778098142,,,-0.009605297071,,,-0.1359652911,0,2018-02-05T00:00:00Z,,historical_reconstruction
2018-02-05,0.4719023827,-0.05619523458,0.1788621935,0.08202973597,-0.04642710753,-0.08530687671,0.3076022982,,,,0.001367076985,,,0.03880247158,,,0.01676065853,0,2018-02-06T00:00:00Z,,historical_reconstruction
2018-02-06,0.4974105965,-0.00517880692,0.2369325998,0.03302224461,0.04972115203,0.2291784971,0.1361450084,,,,0.003776963802,,,0.01444483626,,,0.09683132071,0,2018-02-07T00:00:00Z,,historical_reconstruction
2018-02-07,0.49326988,-0.01346023991,0.2927762438,-0.08216676811,-0.07685150042,-0.0820773782,0.1616211648,,,,-0.005804195451,,,-0.06540676759,,,-0.02197495239,0,2018-02-08T00:00:00Z,,historical_reconstruction
2018-02-08,,,,,,,,,,,,,,,,,,,2018-02-09T00:00:00Z,,historical_reconstruction
2018-02-09,,,,,,,,,,,,,,,,,,,2018-02-10T00:00:00Z,,historical_reconstruction
2018-02-10,,,,,,,,,,,,,,,,,,,2018-02-11T00:00:00Z,,historical_reconstruction
2018-02-11,,,,,,,,,,,,,,,,,,,2018-02-12T00:00:00Z,,historical_reconstruction
2018-02-12,0.4969532453,-0.006093509369,0.02292645197,-0.001244612442,0.01127187865,0.01254790167,0.1472621548,,,,-0.002275198124,,,0.0125099511,,,-0.02585363305,0,2018-02-13T00:00:00Z,,historical_reconstruction
2018-02-13,0.4722389694,-0.05552206123,0.1137568142,-0.002630986383,0.006361733931,0.007868263473,0.1116069876,,,,0.01035429862,,,-0.008845058849,,,-0.02018944859,0,2018-02-14T00:00:00Z,,historical_reconstruction
2018-02-14,0.5176584197,0.03531683941,0.09708476715,0.01615292765,0.01763807077,0.05114539611,0.1468733077,,,,0.03081546905,,,0.02360799997,,,0.02067646097,0,2018-02-15T00:00:00Z,,historical_reconstruction
2018-02-15,0.4840079183,-0.03198416345,0.5760502491,-0.001134399309,-0.01009657594,0.01766648321,0.1302710637,,,,-0.01660921027,,,-0.01127238212,,,0.05534406475,0,2018-02-16T00:00:00Z,,historical_reconstruction
2018-02-16,0.5029746884,0.005949376725,0.05217231029,0.004096957768,0.007167458878,0.01781531922,0.1107272666,,,,0.04585727434,,,0.01289348148,,,0.0621446113,0,2018-02-17T00:00:00Z,,historical_reconstruction
2018-02-17,0.507293418,0.01458683596,0.04850631719,0.01003800698,0.006997145082,0.01562189159,0.1052949823,,,,0.004618879168,,,0.02980876866,,,0.01976564288,0,2018-02-18T00:00:00Z,,historical_reconstruction
2018-02-18,0.4792816294,-0.04143674127,0.1109147919,-0.03513138524,-0.02293056479,-0.01956563852,0.1091457876,,,,-0.01002503803,,,-0.04173180676,,,-0.02797650136,0,2018-02-19T00:00:00Z,,historical_reconstruction
2018-02-19,0.4987736605,-0.002452679048,0.2325142308,-0.004752861796,-0.01565533089,-0.007794982443,0.1200872301,,,,-0.01286537929,,,0.002411431786,,,0.003640830321,0,2018-02-20T00:00:00Z,,historical_reconstruction
2018-02-20,0.4303742911,-0.1392514177,0.2864781529,-0.04364825786,-0.06010899879,-0.05715841626,0.3023681175,,,,-0.1453948844,,,-0.0400248543,,,-0.08372935648,0,2018-02-21T00:00:00Z,,historical_reconstruction
2018-02-21,0.4942899166,-0.01142016678,0.05175973858,0.01175288678,-0.002529802747,-0.05519260331,0.115877843,,,,0.03869895859,,,0.005016609696,,,-0.0467370062,0,2018-02-22T00:00:00Z,,historical_reconstruction
2018-02-22,0.4802136791,-0.03957264187,0,-0.01092134166,-0.01017623158,-0.03133837712,0.1118499513,,,,-0.02509845074,,,-0.02160712665,,,-0.007588478413,0,2018-02-23T00:00:00Z,,historical_reconstruction
2018-02-23,0.5056733101,0.01134662017,0.2112805601,0.01533252259,-0.01560513235,-0.0218465002,0.1196814506,,,,0.03138396229,,,0.009278833222,,,0.005397243441,0,2018-02-24T00:00:00Z,,historical_reconstruction
2018-02-24,0.4760453831,-0.04790923381,0.2179740247,0.01576126675,0.005401104333,0.007125259649,0.1329202236,,,,0.03909077286,,,0.01301044932,,,-0.06249606977,0,2018-02-25T00:00:00Z,,historical_reconstruction
2018-02-25,0.5061895954,0.01237919084,0,0.00916561694,0.02122106081,0.005678829324,0.1404064933,,,,0.02799190537,,,0.01259139984,,,0.05381593211,0,2018-02-26T00:00:00Z,,historical_reconstruction
2018-02-26,0.5372709846,0.07454196925,0.2040484486,0.00458322724,-0.008079538312,0.008106852497,0.1215625961,,,,0.09665978873,,,0.008603020338,,,0.0769946483,0,2018-02-27T00:00:00Z,,historical_reconstruction
2018-02-27,0.4941432645,-0.01171347098,0.09862806519,-0.00962928395,-0.003024921226,-0.01787911282,0.1013379319,,,,-0.001246382846,,,-0.0119622324,,,0.1275379467,0,2018-02-28T00:00:00Z,,historical_reconstruction
2018-02-28,0.5043684403,0.008736880534,0.03197339499,-0.01851425943,-0.01805128913,-0.01275837738,0.1333188413,,,,0.07229088459,,,-0.02243796971,,,0.02015704732,0,2018-03-01T00:00:00Z,,historical_reconstruction
2018-03-01,0.5162151147,0.03243022937,0,-0.003947007139,0.005137500289,0.001737389543,0.1452398749,,,,0.01227492497,,,0.003676470588,,,0.07200287124,0,2018-03-02T00:00:00Z,,historical_reconstruction
2018-03-02,0.458328438,-0.08334312391,0.1037792501,0.004198428521,0.001497076023,-0.003931786986,0.1481309507,,,,-0.07875467671,,,0.009326140624,,,-0.09468974408,0,2018-03-03T00:00:00Z,,historical_reconstruction
2018-03-03,0.450102471,-0.099795058,0.08922747403,-0.00670689255,-0.00598023619,-0.006822137139,0.1225522327,,,,-0.118559699,,,-0.003954821894,,,-0.05188582419,0,2018-03-04T00:00:00Z,,historical_reconstruction
2018-03-04,0.5149288555,0.0298577111,0.05592189768,0.00269572964,0.01050545094,0.02053649231,0.1498432544,,,,0.08105387093,,,0.01202388078,,,0.01747852025,0,2018-03-05T00:00:00Z,,historical_reconstruction
2018-03-05,0.419283461,-0.161433078,0.1323719023,-0.01057141527,-0.01273234201,-0.02204833142,0.1426677181,,,,-0.1746489616,,,-0.018172467,,,-0.2359750472,0,2018-03-06T00:00:00Z,,historical_reconstruction
2018-03-06,0.4561593172,-0.08768136555,0.4227101667,0.002836669503,-0.02044381264,-0.02311527603,0.1532644889,,,,-0.0009293179144,,,0.0008854020734,,,-0.07596789457,0,2018-03-07T00:00:00Z,,historical_reconstruction
2018-03-07,0.4429848501,-0.1140302999,0.6938981357,0.01337837838,-0.04620785266,-0.05193557359,0.138901333,,,,-0.06259658276,,,0.007334943443,,,-0.1227671804,0,2018-03-08T00:00:00Z,,historical_reconstruction
2018-03-08,0.4724225358,-0.0551549283,0.1255650222,-0.02152625359,-0.07337481513,-0.08525806282,0.1310391017,,,,-0.04141118928,,,-0.008278924895,,,-0.08758515768,0,2018-03-09T00:00:00Z,,historical_reconstruction
2018-03-09,0.5213008072,0.04260161438,0,0.05637215548,0.04103973072,0.05688124306,0.1808387045,,,,0.07013199676,,,0.05210826441,,,0.1259447383,0,2018-03-10T00:00:00Z,,historical_reconstruction
2018-03-10,0.5052529937,0.01050598741,0.2843221447,-0.04235380199,-0.06899948018,-0.06852802299,0.1808475323,,,,0.0609929708,,,-0.03517188801,,,0.1103010454,0,2018-03-11T00:00:00Z,,historical_reconstruction
2018-03-11,0.5196404061,0.0392808123,0.1474510224,-0.0114509051,0.03273638968,0.02229376143,0.1406494384,,,,0.08313804396,,,-0.01073259313,,,0.009423101203,0,2018-03-12T00:00:00Z,,historical_reconstruction
2018-03-12,0.4593661387,-0.08126772258,0.3748319776,0.02137666295,0.005234469631,-0.05409916144,0.1344284574,,,,0.001281722858,,,0.02197540232,,,0.08016535537,0,2018-03-13T00:00:00Z,,historical_reconstruction
2018-03-13,0.4805816235,-0.03883675295,0,0.009259665599,0.003301001934,-0.006637391117,0.1250842912,,,,-0.02717197364,,,0.00853451668,,,0.04884461259,0,2018-03-14T00:00:00Z,,historical_reconstruction
2018-03-14,0.4402194431,-0.1195611139,0.1877522016,-0.01195180411,-0.06726800183,-0.07089012411,0.2590119841,,,,-0.04123920347,,,-0.01399594737,,,-0.005530813971,0,2018-03-15T00:00:00Z,,historical_reconstruction
2018-03-15,0.4927820664,-0.01443586728,0.1697025702,0.01307885585,0.01471666667,-0.01445545196,0.08335038744,,,,-0.025299265,,,0.003773447016,,,0.04071906103,0,2018-03-16T00:00:00Z,,historical_reconstruction
2018-03-16,0.5169160341,0.03383206818,0.3271698731,-0.03301049233,-0.03689710611,-0.006550580431,0.139395519,,,,0.0004155349621,,,-0.03235291706,,,-0.008769546194,0,2018-03-17T00:00:00Z,,historical_reconstruction
2018-03-17,0.4776054379,-0.04478912418,0.08669102051,-0.00900492825,-0.04960903562,-0.08372841037,0.2321415874,,,,0.007838627046,,,0.0006138107417,,,-0.05529511159,0,2018-03-18T00:00:00Z,,historical_reconstruction
2018-03-18,0.461188296,-0.07762340799,0,0.1040296053,0.1635465419,0.03764105735,0.2883909863,,,,-0.02689346464,,,0.09581795752,,,-0.1169042203,0,2018-03-19T00:00:00Z,,historical_reconstruction
2018-03-19,0.4966030883,-0.006793823431,0.3043582898,0.0381417546,0.01177325581,0.03513141752,0.1275917472,,,,0.006687869839,,,0.0244192972,,,0.07447389915,0,2018-03-20T00:00:00Z,,historical_reconstruction
2018-03-20,0.5001599793,0.0003199585414,0.1961015531,-0.007130124777,0.04291491911,0.04506735712,0.1645651127,,,,-0.01763992602,,,-0.00447150838,,,0.0391567115,0,2018-03-21T00:00:00Z,,historical_reconstruction
2018-03-21,0.4923157026,-0.01536859472,0.408921216,-0.0009112349914,-0.02753043478,-0.03622951102,0.1032559348,,,,0.03109328254,,,0.002507114021,,,0.1041925191,0,2018-03-22T00:00:00Z,,historical_reconstruction
2018-03-22,0.4974814807,-0.005037038605,0.02193242818,0.01555534656,0.01676019736,0.006581032458,0.08915597513,,,,0.03076499375,,,0.0131126597,,,0.009398828672,0,2018-03-23T00:00:00Z,,historical_reconstruction
2018-03-23,0.5037305974,0.007461194787,0.3034525645,0.03118057006,0.0313960114,0.03507233669,0.1058493324,,,,0.0009471731185,,,0.03177647469,,,-0.02637087339,0,2018-03-24T00:00:00Z,,historical_reconstruction
2018-03-24,0.4736079762,-0.0527840476,0.2187150168,-0.0305074638,-0.03566529492,-0.01215297558,0.1992605193,,,,-0.02941882071,,,-0.03795778516,,,-0.007994923419,0,2018-03-25T00:00:00Z,,historical_reconstruction
2018-03-25,0.4710483662,-0.05790326759,0.0315059722,-0.006581817492,0.01478367015,0.01697087379,0.1936337365,,,,-0.04994189164,,,-0.01749455108,,,0.01972014041,0,2018-03-26T00:00:00Z,,historical_reconstruction
2018-03-26,0.5072279814,0.01445596272,0.3240998304,0.02387637484,0.005785860932,-0.0006593587736,0.1885865995,,,,0.06183733607,,,0.02834246097,,,0.02124978615,0,2018-03-27T00:00:00Z,,historical_reconstruction
2018-03-27,0.4449096691,-0.1101806618,0.1123518105,-0.01838476691,-0.0416052311,-0.02114843187,0.09896727844,,,,-0.09711533853,,,-0.01147476541,,,-0.1105006203,0,2018-03-28T00:00:00Z,,historical_reconstruction
2018-03-28,0.4815776188,-0.03684476232,0.203763653,0.0003583346398,0.000716926179,-0.03045365748,0.1113383459,,,,-0.07405123204,,,0.007435401229,,,-0.0214761676,0,2018-03-29T00:00:00Z,,historical_reconstruction
2018-03-29,0.4669011139,-0.06619777213,0.3451405502,-0.03879849812,-0.05651105651,-0.05992949471,0.2896362625,,,,0.03436172317,,,-0.03417245607,,,-0.06116073352,0,2018-03-30T00:00:00Z,,historical_reconstruction
2018-03-30,0.4782144738,-0.04357105246,0.07582258714,0.0299459346,0.02596078431,0.00217069309,0.09706740037,,,,-0.022599151,,,0.003469481764,,,-0.05103224724,0,2018-03-31T00:00:00Z,,historical_reconstruction
2018-03-31,0.5114037377,0.02280747537,0.0493395857,-0.01208807744,-0.02121950007,-0.02031883409,0.1069379668,,,,-0.01275181725,,,-0.01857975702,,,0.07559152297,0,2018-04-01T00:00:00Z,,historical_reconstruction
2018-04-01,0.4781552344,-0.04368953113,0.1459626174,-0.01264898417,0.05117312231,0.009627436862,0.09550467421,,,,-0.03841791199,,,-0.01274746485,,,0.01421373646,0,2018-04-02T00:00:00Z,,historical_reconstruction
2018-04-02,0.5380275581,0.07605511614,0,0.007641378588,-0.01193225558,-0.01660068957,0.143473558,,,,0.05705274779,,,0.009470943375,,,0.06159915343,0,2018-04-03T00:00:00Z,,historical_reconstruction
2018-04-03,0.5272746848,0.05454936953,0.1579216321,0.004453372704,0.02776126795,0.04310561504,0.1453278839,,,,0.0375709076,,,-0.008291014474,,,0.1647300313,0,2018-04-04T00:00:00Z,,historical_reconstruction
2018-04-04,0.490944313,-0.01811137407,0.2400036379,-0.007662433085,0.01883234098,-0.01687248148,0.1011389318,,,,0.02109480217,,,-0.009005724818,,,0.01873338825,0,2018-04-05T00:00:00Z,,historical_reconstruction
2018-04-05,0.5052066115,0.01041322302,0.07388209821,0.01369425905,0.008812088174,0.003870967742,0.1051964788,,,,0.03662498077,,,0.001449498296,,,0.07661099515,0,2018-04-06T00:00:00Z,,historical_reconstruction
2018-04-06,0.4963865677,-0.007226864594,0.2901184879,-0.004022895405,0.007235692442,0.0005153241117,0.06853632071,,,,-0.01111556871,,,-0.002565586391,,,0.03634418786,0,2018-04-07T00:00:00Z,,historical_reconstruction
2018-04-07,0.5498006584,0.09960131679,0.3703890148,-0.01174565642,-0.009148069886,0.007203478625,0.1178799258,,,,0.08005683742,,,-0.01333382935,,,0.07679384142,0,2018-04-08T00:00:00Z,,historical_reconstruction
2018-04-08,0.5450820497,0.09016409935,0.1220265037,0.001550852969,-0.001496259352,-0.0002746498215,0.1087204344,,,,0.04368964716,,,0.004010031517,,,0.1338536305,0,2018-04-09T00:00:00Z,,historical_reconstruction
2018-04-09,0.5361301722,0.07226034431,0,0.0138585715,0.005918053842,0.01075432071,0.08747603081,,,,0.07111141172,,,0.01582737261,,,-0.003794771832,0,2018-04-10T00:00:00Z,,historical_reconstruction
2018-04-10,0.487842008,-0.0243159841,0.3781845662,0.01098286964,0.02349207911,0.05068181818,0.1998708106,,,,-0.05067313422,,,-0.000150476338,,,-0.07886535363,0,2018-04-11T00:00:00Z,,historical_reconstruction
2018-04-11,0.5153225485,0.03064509702,0.2619552448,0.01781990521,0.02188808527,0.03603647064,0.1599240879,,,,-0.01386011567,,,0.005613907219,,,0.04875647108,0,2018-04-12T00:00:00Z,,historical_reconstruction
2018-04-12,0.4867263711,-0.02654725773,0.2693692871,0.06802413273,0.06701252852,0.0768177967,0.2013219403,,,,-0.04985985885,,,0.02896504792,,,-0.03696048076,0,2018-04-13T00:00:00Z,,historical_reconstruction
2018-04-13,0.491444495,-0.01711101001,0,-0.03062163485,-0.04213662481,-0.04382000772,0.1935265387,,,,-0.01562356375,,,-0.02673768381,,,-0.009884145414,0,2018-04-14T00:00:00Z,,historical_reconstruction
2018-04-14,0.5029768305,0.005953661085,0.2621422953,-0.002619047619,0.01860182371,0.01301841925,0.1116347976,,,,-0.02421756794,,,-0.002865868861,,,-0.0936476557,0,2018-04-15T00:00:00Z,,historical_reconstruction
2018-04-15,0.5257886896,0.05157737925,0.1497102404,0.01786429239,0.02373921381,0.02334675101,0.1103407018,,,,0.005326578501,,,0.005953850136,,,-0.03858672009,0,2018-04-16T00:00:00Z,,historical_reconstruction
2018-04-16,0.4610482325,-0.07790353504,0.04136902377,0.01570846986,0.0148015873,-0.002340732649,0.08224844748,,,,-0.05479180228,,,0.01013906615,,,-0.1501638794,0,2018-04-17T00:00:00Z,,historical_reconstruction
2018-04-17,0.4859911483,-0.02801770346,0.07909523226,-0.001152760663,-0.02223778673,-0.02967582492,0.1515972806,,,,-0.002726387396,,,0.001399542799,,,-0.003701719359,0,2018-04-18T00:00:00Z,,historical_reconstruction
2018-04-18,0.5571172444,0.1142344889,0.1990190133,0.01707071879,0.02953033268,0.01797600619,0.2287066045,,,,0.0339149702,,,0.007021923334,,,0.08358939186,0,2018-04-19T00:00:00Z,,historical_reconstruction
2018-04-19,0.5223987336,0.04479746717,0.2023132133,0.01924974435,0.03779340579,0.05895509869,0.1532766663,,,,0.03041176561,,,0.003400020606,,,0.0713447249,0,2018-04-20T00:00:00Z,,historical_reconstruction
2018-04-20,0.463286551,-0.07342689804,0.2850000545,0.04058885029,0.05354002697,0.04589752716,0.2375109176,,,,-0.1336619889,,,0.0397957267,,,-0.05631588803,0,2018-04-21T00:00:00Z,,historical_reconstruction
2018-04-21,0.4898461199,-0.02030776019,0,-0.006781609195,-0.006553230628,0.03116316337,0.06781242469,,,,-0.05538714487,,,0.01397104568,,,-0.02626142127,0,2018-04-22T00:00:00Z,,historical_reconstruction
2018-04-22,0.5105616464,0.02112329278,0.1873778132,-0.02519741903,-0.02134098288,-0.006845809341,0.1677920197,,,,0.006394341699,,,-0.01058214165,,,-0.03045408647,0,2018-04-23T00:00:00Z,,historical_reconstruction
2018-04-23,0.5068395894,0.01367917879,0.0983588854,0.01270015699,-0.001083943697,0.01198525375,0.08655181605,,,,-0.01196325022,,,0.009792740668,,,0.09158271383,0,2018-04-24T00:00:00Z,,historical_reconstruction
2018-04-24,0.5330353092,0.06607061841,0.3559372114,-0.01159465209,0.002414665162,0.01921987361,0.143519892,,,,-0.005619924667,,,0.0177729581,,,0.09408832186,0,2018-04-25T00:00:00Z,,historical_reconstruction
2018-04-25,0.4937131619,-0.01257367613,0.1407601468,-0.01723808918,-0.007866431209,-0.01759740569,0.1070026679,,,,0.02961282031,,,-0.01109977647,,,-0.126808165,0,2018-04-26T00:00:00Z,,historical_reconstruction
2018-04-26,0.4916089486,-0.01678210273,0.3730595993,0.0483518225,0.05235443843,0.0446599182,0.1988788548,,,,-0.06319499433,,,0.04346846847,,,-0.0615795699,0,2018-04-27T00:00:00Z,,historical_reconstruction
2018-04-27,0.4863139489,-0.02737210227,0.01366048778,-0.02358118361,-0.04597684108,-0.05420819002,0.2054647289,,,,-0.02212612988,,,-0.01911846251,,,0.04605479577,0,2018-04-28T00:00:00Z,,historical_reconstruction
2018-04-28,0.5194304094,0.03886081879,0,-0.006127468817,-0.006792430876,0.007227565048,0.1203392112,,,,-0.01239139779,,,-0.004790801661,,,0.05916857898,0,2018-04-29T00:00:00Z,,historical_reconstruction
2018-04-29,0.4751489587,-0.04970208251,0.03800975187,0.01603059048,0.01253114466,0.02337535367,0.08954412809,,,,-0.06574783354,,,0.009864918907,,,-0.07082537529,0,2018-04-30T00:00:00Z,,historical_reconstruction
2018-04-30,0.5035192988,0.007038597607,0.03504108811,-0.0135733298,-0.02018697049,-0.02434838259,0.2102780055,,,,0.009073068151,,,-0.009803428094,,,-0.006640581178,0,2018-05-01T00:00:00Z,,historical_reconstruction
2018-05-01,0.4528383597,-0.09432328067,0.2884726626,0.01411001283,0.03389387202,0.01958761322,0.1236751287,,,,-0.07184266906,,,0.009403614344,,,-0.1603938991,0,2018-05-02T00:00:00Z,,historical_reconstruction
2018-05-02,0.5510373553,0.1020747106,0.1517018284,0.01499137664,0.008140556369,0.008140556369,0.1771259389,,,,0.0330480802,,,0.01235249042,,,0.1146483868,0,2018-05-03T00:00:00Z,,historical_reconstruction
2018-05-03,0.5163761519,0.03275230385,0.1501111442,0.02119738343,0.040511841,0.0786485738,0.1430728491,,,,-0.05587563501,,,0.008273009307,,,0.04953440658,0,2018-05-04T00:00:00Z,,historical_reconstruction
2018-05-04,0.5042055136,0.00841102723,0.2389302633,0.003805826235,0.01397130915,-0.02029242026,0.07900335035,,,,-0.02248188647,,,0.004421361089,,,0.0357831295,0,2018-05-05T00:00:00Z,,historical_reconstruction
2018-05-05,0.5336580401,0.0673160803,0.2228536425,0.008404395388,-0.0006219436348,0.0016010951,0.1356013416,,,,0.0257949764,,,-0.0003080964504,,,0.02845526151,0,2018-05-06T00:00:00Z,,historical_reconstruction
2018-05-06,0.5025279196,0.00505583918,0.1399669573,0.01781137878,0.02490322581,0.0261611007,0.07028860848,,,,0.04434332432,,,0.01162545913,,,0.05475792169,0,2018-05-07T00:00:00Z,,historical_reconstruction
2018-05-07,0.4523641783,-0.09527164348,0.09557111675,-0.007269129288,0.03103419928,0.0265893588,0.1145066569,,,,-0.03184038368,,,-0.007186633011,,,-0.1023102411,0,2018-05-08T00:00:00Z,,historical_reconstruction
2018-05-08,0.4867713124,-0.02645737524,0.1178761867,-0.001719358106,0.01562097441,0.02881828546,0.08966031583,,,,-0.05192923945,,,-0.007286871961,,,0.06786590544,0,2018-05-09T00:00:00Z,,historical_reconstruction
2018-05-09,0.5068238938,0.01364778754,0.1668248547,0.002988619231,0.004328599484,0.0111097661,0.104277445,,,,-0.04575040671,,,0.002229449183,,,-0.0884269231,0,2018-05-10T00:00:00Z,,historical_reconstruction
2018-05-10,0.5061056748,0.0122113495,0.6014226963,-0.0195008753,-0.05302891295,-0.05035290407,0.1673102455,,,,0.01044205163,,,-0.009113924051,,,-0.02054095435,0,2018-05-11T00:00:00Z,,historical_reconstruction
2018-05-11,0.4653069139,-0.06938617215,0,-0.01743181851,-0.006559734676,-0.0009445100354,0.1050670955,,,,-0.01440821859,,,-0.02286495994,,,-0.07779719938,0,2018-05-12T00:00:00Z,,historical_reconstruction
2018-05-12,0.4725385923,-0.05492281546,0,0.004980021154,0.0370645484,0.01039774322,0.09275938417,,,,-0.02646766648,,,-0.002058137068,,,-0.1222388958,0,2018-05-13T00:00:00Z,,historical_reconstruction
2018-05-13,0.5145415922,0.02908318431,0.0748533664,0.0006038647343,0.002171821306,0.04776960221,0.1327142758,,,,0.03045729289,,,0.005527108434,,,0.02402734513,0,2018-05-14T00:00:00Z,,historical_reconstruction
2018-05-14,0.4875322281,-0.0249355438,0.08932078917,-0.008599073317,-0.008639603178,0.01985056005,0.1118027498,,,,-0.009823839675,,,-0.009615373623,,,0.07033609968,0,2018-05-15T00:00:00Z,,historical_reconstruction
2018-05-15,0.5129707966,0.02594159321,0,-0.01210847173,-0.01827221704,-0.0376786665,0.1260135757,,,,0.03176885988,,,-0.01087083577,,,0.05239896845,0,2018-05-16T00:00:00Z,,historical_reconstruction
2018-05-16,0.5007922268,0.00158445368,0.07279224388,0.01898633734,0.01280543765,0.00231317231,0.09702944556,,,,-0.002967871904,,,0.0124988301,,,-0.01206333386,0,2018-05-17T00:00:00Z,,historical_reconstruction
2018-05-17,0.4843801123,-0.03123977541,0,-0.0244608101,-0.05497834272,-0.04858132277,0.2205233987,,,,-0.0147970832,,,-0.01597405776,,,-0.04345112492,0,2018-05-18T00:00:00Z,,historical_reconstruction
2018-05-18,0.5138394596,0.02767891923,0,0.003928162461,0.0231183987,0.0173624372,0.1124463938,,,,-0.02536669302,,,0.001058181774,,,0.09706509138,0,2018-05-19T00:00:00Z,,historical_reconstruction
2018-05-19,0.5070761788,0.01415235759,0.3481179858,-0.009943181818,-0.01403270526,-0.01714704721,0.1517285273,,,,-0.001967607607,,,-0.008654641515,,,0.06907517305,0,2018-05-20T00:00:00Z,,historical_reconstruction
2018-05-20,0.5070049111,0.01400982228,0,-0.005996002665,0.002547806367,0.004248874679,0.1339179903,,,,-0.05117442341,,,-0.00012077847,,,-0.01507336203,0,2018-05-21T00:00:00Z,,historical_reconstruction
2018-05-21,0.4551369426,-0.08972611484,0,0.002330666974,-0.006134094151,-0.01806855339,0.1149325891,,,,-0.08797545702,,,0.001560673886,,,-0.06479057105,0,2018-05-22T00:00:00Z,,historical_reconstruction
2018-05-22,0.4731776536,-0.05364469288,0,-0.03784148904,-0.05796334671,-0.06246891912,0.2980555547,,,,-0.04989744357,,,-0.02373262612,,,-0.07958628609,0,2018-05-23T00:00:00Z,,historical_reconstruction
2018-05-23,0.4702146452,-0.05957070959,0,-0.02412673723,-0.03571846234,-0.0696486138,0.1497187254,,,,-0.03417384454,,,-0.01171146841,,,-0.06115516327,0,2018-05-24T00:00:00Z,,historical_reconstruction
2018-05-24,0.4980435661,-0.003912867741,0.05437364581,0.01067436474,0.01199919333,0.06580530973,0.1022673512,,,,-0.009247133353,,,-0.0006029357827,,,0.02732690767,0,2018-05-25T00:00:00Z,,historical_reconstruction
2018-05-25,0.4928814076,-0.01423718484,0.04545500834,0.008873190903,-0.02243777025,-0.02011479827,0.1188473179,,,,-0.04913928533,,,0.005390305001,,,-0.04191610407,0,2018-05-26T00:00:00Z,,historical_reconstruction
2018-05-26,0.5134575488,0.02691509766,0.279457921,-0.02416279496,-0.0298013245,-0.02266548808,0.1911443592,,,,-0.04048082633,,,-0.02646764056,,,0.01276274007,0,2018-05-27T00:00:00Z,,historical_reconstruction
2018-05-27,0.5130306212,0.02606124245,0.4350902941,0.01849867867,-0.003494060098,-0.009343846608,0.1412481219,,,,-0.07101272964,,,0.006722926538,,,0.01205142017,0,2018-05-28T00:00:00Z,,historical_reconstruction
2018-05-28,0.4757849901,-0.04843001979,0.07124163079,-0.02793614595,-0.03537887074,-0.03424967903,0.1671225833,,,,-0.1077751378,,,-0.01607761608,,,0.04129609505,0,2018-05-29T00:00:00Z,,historical_reconstruction
2018-05-29,0.5185145542,0.03702910839,0.05650824907,0.00424808836,0.02190201729,0.02468890534,0.1367295591,,,,-0.07142454016,,,-0.001566974441,,,0.09067380127,0,2018-05-30T00:00:00Z,,historical_reconstruction
2018-05-30,0.510041531,0.020083062,0,0.01575061526,0.01534340434,-0.02418563923,0.08897552783,,,,-0.05420220536,,,0.008334939624,,,0.07965377159,0,2018-05-31T00:00:00Z,,historical_reconstruction
2018-05-31,0.5273745987,0.05474919735,0,0.004066241507,0.002498395128,0.005831563555,0.1815089066,,,,-0.05031948017,,,-0.007937812297,,,0.05866206509,0,2018-06-01T00:00:00Z,,historical_reconstruction
2018-06-01,0.5147103532,0.02942070635,0.261890914,0.01183090715,0.005121083239,0.0155400428,0.1171213695,,,,-0.0820678263,,,0.01086941912,,,0.04365789119,0,2018-06-02T00:00:00Z,,historical_reconstruction
2018-06-02,0.4314349438,-0.1371301124,0.2401115137,-0.01264997828,-6.769449475e-05,-0.003171764547,0.08995288246,,,,-0.3004849685,,,-0.003256364327,,,-0.16404521,0,2018-06-03T00:00:00Z,,historical_reconstruction
2018-06-03,0.4779940403,-0.04401191933,0.4277222238,0.005549785798,-0.006302217803,-0.0005483870968,0.06830467207,,,,-0.1901526962,,,0.001906597503,,,-0.07007316178,0,2018-06-04T00:00:00Z,,historical_reconstruction
2018-06-04,0.5105680229,0.02113604586,0.1220482033,-0.0008114961961,0.007706734868,-0.002430543834,0.09439889256,,,,-0.07832781009,,,-0.001066045452,,,0.06956606565,0,2018-06-05T00:00:00Z,,historical_reconstruction
2018-06-05,0.4990923209,-0.001815358161,0.2167905407,0.002980699559,0.01484653581,0.03622226759,0.09839387486,,,,-0.09390973981,,,0.0006548547837,,,-0.03884446655,0,2018-06-06T00:00:00Z,,historical_reconstruction
2018-06-06,0.4570986355,-0.08580272903,0.2511403617,0.01526066826,-0.006379846229,0.002293691523,0.158011355,,,,-0.1932175183,,,0.01804309394,,,-0.105885791,0,2018-06-07T00:00:00Z,,historical_reconstruction
2018-06-07,0.4481707349,-0.1036585303,0.3281590862,-0.002242300336,-0.001221323651,-0.004900187457,0.1543717094,,,,-0.2541101789,,,-0.0005302034006,,,-0.1584077276,0,2018-06-08T00:00:00Z,,historical_reconstruction
2018-06-08,0.4737096869,-0.0525806262,0.1841628073,0.001958126224,-0.002083576417,0.003553707925,0.07406594538,,,,-0.1670742508,,,-0.004931214272,,,-0.08200133255,0,2018-06-09T00:00:00Z,,historical_reconstruction
2018-06-09,0.5129598338,0.02591966767,0,-0.01124063975,-0.01568933457,-0.0206808834,0.1514203663,,,,-0.07586306349,,,-0.01557631989,,,0.1630497801,0,2018-06-10T00:00:00Z,,historical_reconstruction
2018-06-10,0.4936802521,-0.01263949585,0.3802548452,-0.02675852336,-0.07577414121,-0.07510544056,0.2566852063,,,,-0.006920330591,,,-0.01093456222,,,0.03137242348,0,2018-06-11T00:00:00Z,,historical_reconstruction
2018-06-11,0.5291096845,0.05821936901,0,0.02443112849,0.03732245981,-0.00346740638,0.1245995193,,,,-0.02525594162,,,0.01842561951,,,0.03708332315,0,2018-06-12T00:00:00Z,,historical_reconstruction
2018-06-12,0.5161012837,0.03220256741,0.2851481237,0.00264388855,-0.0603617512,-0.07390013901,0.1972861618,,,,-0.02025925172,,,0.005449133974,,,0.03401792557,0,2018-06-13T00:00:00Z,,historical_reconstruction
2018-06-13,0.4920859881,-0.01582802373,0,0.01628727156,0.0265561241,-0.001113445378,0.08112237009,,,,-0.1152027778,,,0.002993305706,,,0.0699747053,0,2018-06-14T00:00:00Z,,historical_reconstruction
2018-06-14,0.4981271412,-0.003745717649,0.2964987915,-0.0006927739825,0.1193766032,0.0642278922,0.1060942882,,,,-0.07563213423,,,-0.001038706103,,,0.09991281265,0,2018-06-15T00:00:00Z,,historical_reconstruction
2018-06-15,0.5268514144,0.05370282874,0.1271553755,-0.01705851514,-0.03245142211,-0.0164437181,0.1499164462,,,,-0.02540978487,,,-0.02296205106,,,0.1062834549,0,2018-06-16T00:00:00Z,,historical_reconstruction
2018-06-16,0.5820214621,0.1640429242,0.4790412937,-0.0007242003621,0.02121623289,-0.001447352551,0.1260568298,,,,0.01921360801,,,-0.000651951771,,,0.1381232566,0,2018-06-17T00:00:00Z,,historical_reconstruction
2018-06-17,0.5776593522,0.1553187045,0.02316280102,-0.008693918245,-0.009917947901,-0.007486673721,0.1555011292,,,,0.02537045352,,,-0.01107357904,,,0.1679582003,0,2018-06-18T00:00:00Z,,historical_reconstruction
2018-06-18,0.5753610696,0.1507221392,0.4338891454,0.006529470064,0.04261443697,0.05184598513,0.1228051946,,,,0.03988440438,,,0.002664826383,,,0.09250277023,0,2018-06-19T00:00:00Z,,historical_reconstruction
2018-06-19,0.5494920292,0.09898405849,0,0.0002603053009,0.005946259279,0.008076303264,0.1490204551,,,,0.04176263633,,,-0.0001216250892,,,0.06678149108,0,2018-06-20T00:00:00Z,,historical_reconstruction
2018-06-20,0.5179516969,0.0359033938,0.276063699,0.002204330201,0.001998431138,0.02518583631,0.06842151611,,,,-0.0001917437056,,,0.001863999182,,,0.05173141753,0,2018-06-21T00:00:00Z,,historical_reconstruction
2018-06-21,0.4732768675,-0.05344626497,0,0.004141142345,-0.004596961843,-0.0187602566,0.08171432951,,,,-0.2453358543,,,0.0006433818054,,,-0.04970054732,0,2018-06-22T00:00:00Z,,historical_reconstruction
2018-06-22,0.455072309,-0.08985538208,0.08964861168,-0.02838579449,-0.02475623655,-0.05099400312,0.2294943052,,,,-0.06092967793,,,-0.02398935672,,,-0.1435582108,0,2018-06-23T00:00:00Z,,historical_reconstruction
2018-06-23,0.4934613709,-0.01307725817,0.2716595615,-0.002360230122,0.01272836178,0.001692727619,0.1085760244,,,,-0.1486814032,,,0.002342065418,,,-0.1771201824,0,2018-06-24T00:00:00Z,,historical_reconstruction
2018-06-24,0.4880200491,-0.02395990185,0.2704286546,0.0002421307506,0.07749033742,0.03106280632,0.096895209,,,,-0.1190720782,,,-0.006641307867,,,-0.1792786063,0,2018-06-25T00:00:00Z,,historical_reconstruction
2018-06-25,0.4971211344,-0.005757731275,0,-0.00252250685,-0.01452326731,-0.01401487468,0.06453100899,,,,-0.1282589027,,,-0.0005914605879,,,-0.1564798705,0,2018-06-26T00:00:00Z,,historical_reconstruction
2018-06-26,,,,,,,,,,,,,,,,,,,2018-06-27T00:00:00Z,,historical_reconstruction
2018-06-27,,,,,,,,,,,,,,,,,,,2018-06-28T00:00:00Z,,historical_reconstruction
2018-06-28,0.5127413733,0.02548274658,0.4195121021,-0.03612633897,-0.03486449242,-0.03592731945,0.3584851835,,,,-0.04982415596,,,-0.03897941695,,,-0.0735013119,0,2018-06-29T00:00:00Z,,historical_reconstruction
2018-06-29,0.5222531367,0.04450627342,0.5494745963,0.06080273271,0.04902883339,0.05747433964,0.2637609039,,,,-0.06061956743,,,0.05342486475,,,0.008602879617,0,2018-06-30T00:00:00Z,,historical_reconstruction
2018-06-30,0.53759234,0.07518468004,0.1213548056,0.022771296,0.01162920222,0.00169857937,0.07333949912,,,,0.01820348067,,,0.01016796427,,,0.128630945,0,2018-07-01T00:00:00Z,,historical_reconstruction
2018-07-01,0.521581257,0.04316251398,0.007478765184,0.005851336018,0.004622016799,-0.006373626374,0.210704826,,,,-0.08733170912,,,0.004711553659,,,0.1330178961,0,2018-07-02T00:00:00Z,,historical_reconstruction
2018-07-02,0.5637472562,0.1274945123,0.7321899877,-0.001530462493,0.003836182366,0.05668959396,0.1235526288,,,,0.08126989634,,,-0.002068185247,,,0.1405717705,0,2018-07-03T00:00:00Z,,historical_reconstruction
2018-07-03,0.5381352073,0.07627041454,0.2810422809,-0.01491009151,-0.01568694318,-0.0223755795,0.1934866658,,,,0.01520103431,,,-0.01328174941,,,0.1002303164,0,2018-07-04T00:00:00Z,,historical_reconstruction
2018-07-04,,,,,,,,,,,,,,,,,,,2018-07-05T00:00:00Z,,historical_reconstruction
2018-07-05,0.5410076924,0.08201538487,0,0.01121725599,-0.008665988643,-0.01044817157,0.06935207666,,,,-0.01396749034,,,0.002970878022,,,0.08777311614,0,2018-07-06T00:00:00Z,,historical_reconstruction
2018-07-06,0.4982714429,-0.003457114144,0.1059763551,0.003262677528,0.00540667607,0.01606807334,0.06989716602,,,,-0.1121259812,,,0.006053263237,,,-0.02893986073,0,2018-07-07T00:00:00Z,,historical_reconstruction
2018-07-07,0.5353370842,0.0706741683,0.5322946377,0.04215225463,0.03931934932,0.03161316365,0.3384316693,,,,-0.005096248312,,,0.03351871566,,,0.02616789489,0,2018-07-08T00:00:00Z,,historical_reconstruction
2018-07-08,0.5036824067,0.007364813322,0.158067718,-0.009845202498,-0.007300907515,0.001398917896,0.1812317814,,,,-0.06064217604,,,-0.007844592228,,,-0.06781986672,0,2018-07-09T00:00:00Z,,historical_reconstruction
2018-07-09,0.4693612064,-0.06127758714,0.01106591324,-0.01135958753,-0.01782330772,-0.02238295579,0.212219745,,,,-0.1378754765,,,-0.007088266505,,,-0.1044401011,0,2018-07-10T00:00:00Z,,historical_reconstruction
2018-07-10,0.4964612473,-0.007077505426,0.5295010109,-0.0126478243,-0.01811742269,-0.005998758877,0.08872627127,,,,-0.006600303874,,,-0.01242446437,,,-0.1345720177,0,2018-07-11T00:00:00Z,,historical_reconstruction
2018-07-11,0.540838651,0.08167730205,0.08867166059,0.02017469451,0.01182382501,0.002342606149,0.1356532425,,,,-0.009856141954,,,0.00516603654,,,0.005406887509,0,2018-07-12T00:00:00Z,,historical_reconstruction
2018-07-12,0.5570190064,0.1140380128,0.2329936191,0.00731291325,0.002115147712,0.003795022235,0.1783419643,,,,0.08736894439,,,0.012405288,,,0.03202262795,0,2018-07-13T00:00:00Z,,historical_reconstruction
2018-07-13,0.5413844304,0.08276886075,0,0.007290429274,-0.0141339534,-0.0116781315,0.1538156175,,,,0.08225370999,,,0.005935673935,,,0.08622597489,0,2018-07-14T00:00:00Z,,historical_reconstruction
2018-07-14,0.5964121468,0.1928242935,0.1332298705,-0.003954841232,-0.00735563703,0.001248122039,0.1352717341,,,,0.08679801357,,,-0.002872408293,,,0.1221501252,0,2018-07-15T00:00:00Z,,historical_reconstruction
2018-07-15,0.5952036455,0.1904072909,0.2744880223,-0.0006887511387,-0.00680121892,0.006039187617,0.1226420296,,,,0.007952365782,,,-0.001959003877,,,0.1830424776,0,2018-07-16T00:00:00Z,,historical_reconstruction
2018-07-16,0.5753749365,0.1507498731,0.3267064659,0.0005645937016,0.01021851578,0.01053854277,0.1338032199,,,,0.03797149493,,,0.006195796137,,,0.2120274602,0,2018-07-17T00:00:00Z,,historical_reconstruction
2018-07-17,0.5515374498,0.1030748995,0.3707620104,0.0005817802476,0.05450547592,0.0679170949,0.1500637358,,,,0.02825368486,,,0.0038136314,,,0.1101524049,0,2018-07-18T00:00:00Z,,historical_reconstruction
2018-07-18,0.5190158622,0.03803172446,0.07309582886,-0.008910113289,-0.02945582638,-0.03709729252,0.1793686337,,,,-0.01097629919,,,-0.00201843222,,,-0.04364557759,0,2018-07-19T00:00:00Z,,historical_reconstruction
2018-07-19,0.5678719882,0.1357439763,0,0.00237453472,0.0002988706957,-0.02436129677,0.111521487,,,,0.03529437283,,,0.002175838926,,,0.02170596349,0,2018-07-20T00:00:00Z,,historical_reconstruction
2018-07-20,0.5045552833,0.009110566626,0.1835656167,0.007923503401,-0.01939203354,-0.03519401831,0.08513187307,,,,-0.0317065948,,,-0.002154114372,,,-0.07365829412,0,2018-07-21T00:00:00Z,,historical_reconstruction
2018-07-21,0.5028205155,0.005641031066,0,-0.01233958539,-0.01238197425,0.006957663275,0.1002888586,,,,-0.1322471014,,,-0.003252089474,,,-0.1871832624,0,2018-07-22T00:00:00Z,,historical_reconstruction
2018-07-22,0.4722623644,-0.05547527118,0.3020407556,-0.01424323393,-0.02412645591,-0.01383948781,0.1713976687,,,,-0.1847278441,,,-0.01770049043,,,-0.2458825621,0,2018-07-23T00:00:00Z,,historical_reconstruction
2018-07-23,0.4879702229,-0.02405955415,0,-0.002703481286,-0.02889262904,-0.02687683792,0.1235541121,,,,-0.1169961997,,,-0.004639680289,,,-0.1748094272,0,2018-07-24T00:00:00Z,,historical_reconstruction
2018-07-24,0.4831400714,-0.03371985726,0.1918554466,0.006489006489,0.009350518069,0.007525751524,0.07583308894,,,,-0.1299289963,,,0.01584759213,,,-0.1367947568,0,2018-07-25T00:00:00Z,,historical_reconstruction
2018-07-25,0.552709053,0.105418106,0.03532019085,-0.004533473906,0.009191962377,0.005473558665,0.1344830802,,,,0.05112476005,,,0.001061593222,,,0.06738638152,0,2018-07-26T00:00:00Z,,historical_reconstruction
2018-07-26,0.5509170945,0.1018341889,0.1336878249,-0.03268028519,-0.02718842652,-0.03213389121,0.1987870614,,,,0.06558760118,,,-0.04128990086,,,-0.03390978738,0,2018-07-27T00:00:00Z,,historical_reconstruction
2018-07-27,0.5700136412,0.1400272825,0.1812893451,0.005841321465,0.007609208214,0.01614716182,0.1455661129,,,,0.07902725364,,,-0.003847838252,,,0.1309167159,0,2018-07-28T00:00:00Z,,historical_reconstruction
2018-07-28,0.5683031981,0.1366063963,0.03237108123,0.008510089614,0.01321329102,0.003742995252,0.1242563022,,,,0.06991652413,,,0.004569087758,,,0.1309653652,0,2018-07-29T00:00:00Z,,historical_reconstruction
2018-07-29,0.6058371425,0.2116742849,0,-0.0003000814507,-0.001904598857,0.003593484389,0.1158705209,,,,0.09700138285,,,-0.001216397032,,,0.2671495561,0,2018-07-30T00:00:00Z,,historical_reconstruction
2018-07-30,0.5714218051,0.1428436102,0.06672852268,0.004425168421,-0.000197230014,-0.01163344887,0.1322710937,,,,0.09959805335,,,0.006490412143,,,0.1669031643,0,2018-07-31T00:00:00Z,,historical_reconstruction
2018-07-31,0.5506736774,0.1013473549,0.143117601,-0.006025204673,0.005162790698,-0.01375926982,0.1377938481,,,,0.09626567637,,,-0.002333201273,,,0.1350672121,0,2018-08-01T00:00:00Z,,historical_reconstruction
2018-08-01,0.5530738477,0.1061476954,0.6478482942,0.000928527213,-0.002254604139,-0.009004549419,0.1986675942,,,,0.0651335785,,,0.005253250564,,,0.0007295894668,0,2018-08-02T00:00:00Z,,historical_reconstruction
2018-08-02,0.5927553716,0.1855107432,0.2107755745,0.003568286245,-0.003083347496,-0.01045883941,0.1108961623,,,,0.05848292466,,,-0.001289906482,,,0.08367655429,0,2018-08-03T00:00:00Z,,historical_reconstruction
2018-08-03,0.5710235086,0.1420470171,0.2584593878,0.01006386685,0.007577585791,0.01734892788,0.1630878348,,,,0.09459036558,,,0.005639011113,,,0.002019734615,0,2018-08-04T00:00:00Z,,historical_reconstruction
2018-08-04,0.5374933782,0.0749867563,0.06137304533,0.003672483486,0.00789564873,-0.01687590536,0.1038810275,,,,0.09435171885,,,0.002121515368,,,-0.06161963996,0,2018-08-05T00:00:00Z,,historical_reconstruction
2018-08-05,0.5761289835,0.152257967,0.1373217125,0.005658195774,0.00739298652,0.00568293643,0.1848808118,,,,0.03729855669,,,0.001000403296,,,-0.0594163179,0,2018-08-06T00:00:00Z,,historical_reconstruction
2018-08-06,0.5860141432,0.1720282864,0.2038737074,0.002944888515,-0.002363135093,-0.005667459947,0.1847215581,,,,0.1042031609,,,-0.0007579163353,,,0.02918467621,0,2018-08-07T00:00:00Z,,historical_reconstruction
2018-08-07,0.5494722758,0.09894455158,0,-0.04211832641,-0.07498715973,-0.07776152158,0.2580293679,,,,0.04103280053,,,-0.04108185549,,,-0.002402803274,0,2018-08-08T00:00:00Z,,historical_reconstruction
2018-08-08,0.5257653007,0.05153060132,0.2594225436,-0.02074323021,-0.03149520488,-0.03619553724,0.1125852117,,,,0.03656791899,,,-0.007607552604,,,-0.05461709413,0,2018-08-09T00:00:00Z,,historical_reconstruction
2018-08-09,0.5957240744,0.1914481489,0.178863503,0.003535716259,0.002234544401,0.01585437463,0.1439731768,,,,0.1016805676,,,0.009832653131,,,0.005937405674,0,2018-08-10T00:00:00Z,,historical_reconstruction
2018-08-10,0.5800971387,0.1601942775,0.09793269122,-0.06611314382,-0.07920077702,-0.07053418863,0.2676713563,,,,0.1075380025,,,-0.03975537558,,,0.01814726037,0,2018-08-11T00:00:00Z,,historical_reconstruction
2018-08-11,0.5672448657,0.1344897315,0.4812430493,-0.0147619786,0.02882217688,0.01097886965,0.1566535222,,,,0.02832321655,,,-0.02432781496,,,0.05950297517,0,2018-08-12T00:00:00Z,,historical_reconstruction
2018-08-12,0.5316164905,0.06323298106,0.48474459,-0.0074312299,-0.01303983359,-0.01319302167,0.08405164985,,,,-0.02373424693,,,-0.002160712054,,,-0.08902498598,0,2018-08-13T00:00:00Z,,historical_reconstruction
2018-08-13,0.5558035985,0.111607197,0.1048640704,-0.01673364745,-0.05522636485,-0.1092803565,0.0745742468,,,,0.01556167706,,,0.001805908175,,,-0.06042108943,0,2018-08-14T00:00:00Z,,historical_reconstruction
2018-08-14,0.5284882994,0.05697659889,0,0.06826030236,0.07200338839,0.06752300613,0.1457246793,,,,0.0391928822,,,0.01894944838,,,-0.04196795269,0,2018-08-15T00:00:00Z,,historical_reconstruction
2018-08-15,0.5413844061,0.08276881226,0.1221821821,-0.02388888889,-0.04244158321,-0.009722417923,0.1671414498,,,,0.002956621607,,,-0.01508684364,,,0.03123821094,0,2018-08-16T00:00:00Z,,historical_reconstruction
2018-08-16,0.5458608996,0.09172179928,0.2143789253,-0.01424550323,-0.01465138622,-0.02756425451,0.09673650529,,,,0.01863868034,,,-0.01511096825,,,-0.09972634961,0,2018-08-17T00:00:00Z,,historical_reconstruction
2018-08-17,0.5783821893,0.1567643786,0.1609065088,0.0508704574,0.07368456648,0.06265269922,0.1854668539,,,,0.03608682989,,,0.01401247401,,,-0.00342989884,0,2018-08-18T00:00:00Z,,historical_reconstruction
2018-08-18,0.574260057,0.148520114,0.00299955357,0.01305456048,0.0125314146,-0.05394364385,0.1295447875,,,,0.05124495731,,,0.002791129921,,,0.01403038255,0,2018-08-19T00:00:00Z,,historical_reconstruction
2018-08-19,0.562186978,0.124373956,0.03659041402,0.01158822933,-0.003892345055,-0.007754506893,0.1482763809,,,,0.001515507986,,,0.01600982517,,,0.06114097498,0,2018-08-20T00:00:00Z,,historical_reconstruction
2018-08-20,0.4921799943,-0.01564001148,0.1120049072,-0.05144119503,-0.05551482141,-0.069581069,0.2543840559,,,,-0.08727777866,,,-0.02982266473,,,-0.1272472084,0,2018-08-21T00:00:00Z,,historical_reconstruction
2018-08-21,0.5643230015,0.128646003,0.2795998632,0.01497870497,0.02169016131,0.000676108462,0.1914532541,,,,0.01151160289,,,0.006525328558,,,0.07166940413,0,2018-08-22T00:00:00Z,,historical_reconstruction
2018-08-22,0.5420071491,0.0840142982,0.4881898511,-0.003752483261,-0.01809347692,-0.05015783935,0.1929453444,,,,0.04490549592,,,-0.01200954924,,,0.00124548594,0,2018-08-23T00:00:00Z,,historical_reconstruction
2018-08-23,0.5729301512,0.1458603025,0.3455118222,0.008772250448,0.01504229496,0.02667212261,0.1520378814,,,,0.04886558715,,,0.01684769904,,,0.05413850317,0,2018-08-24T00:00:00Z,,historical_reconstruction
2018-08-24,0.5827503689,0.1655007378,0.1543199828,0.00680296466,0.03378676471,0.01891509947,0.1275067884,,,,0.05407374691,,,0.009023103676,,,0.008736359149,0,2018-08-25T00:00:00Z,,historical_reconstruction
2018-08-25,0.6227360583,0.2454721167,0.06043359405,-0.005268439538,-0.008785400521,-0.003983348884,0.1726336572,,,,0.2225807115,,,0.003294330801,,,0.09695200266,0,2018-08-26T00:00:00Z,,historical_reconstruction
2018-08-26,0.572087042,0.144174084,0.3337302384,0.00285181529,0.002412016226,-0.002110088405,0.1990442268,,,,0.1593395499,,,-0.000747202465,,,0.01980012801,0,2018-08-27T00:00:00Z,,historical_reconstruction
2018-08-27,0.5569600583,0.1139201166,0.4643720953,0.03511422918,0.03780254662,0.04204998189,0.2146214311,,,,-0.0232049641,,,0.0244796517,,,0.129560128,0,2018-08-28T00:00:00Z,,historical_reconstruction
2018-08-28,0.5438351832,0.08767036643,0.02611070328,0.007880462593,0.02394898277,0.02465924462,0.2034631623,,,,-0.00832146463,,,-0.001815493907,,,-0.0409756366,0,2018-08-29T00:00:00Z,,historical_reconstruction
2018-08-29,0.5626324381,0.1252648762,0.299017083,0.002119601098,0.006105006105,-0.02184235518,0.1318246144,,,,0.02820961473,,,0.004461434945,,,0.041250578,0,2018-08-30T00:00:00Z,,historical_reconstruction
2018-08-30,0.5690469774,0.1380939547,0.5303108528,0.03183949406,0.01913411832,0.02491064659,0.2023610372,,,,0.04399006253,,,0.02567702108,,,-0.007766347726,0,2018-08-31T00:00:00Z,,historical_reconstruction
2018-08-31,0.6195282252,0.2390564504,0.2241562191,-0.007197036514,0.01142939295,0.001423436888,0.1482585189,,,,0.1681994177,,,-0.004892359574,,,0.07355571258,0,2018-09-01T00:00:00Z,,historical_reconstruction
2018-09-01,0.555903437,0.111806874,0.2437702441,-0.01900875796,0.0005413635595,0.03254303572,0.08874567344,,,,-0.006662882339,,,-0.007007483292,,,-0.1336652427,0,2018-09-02T00:00:00Z,,historical_reconstruction
2018-09-02,0.4642865001,-0.07142699985,0,0.004112848402,0.0133786148,0.0165869438,0.07696363339,,,,-0.198005992,,,-0.00114221461,,,-0.2156010839,0,2018-09-03T00:00:00Z,,historical_reconstruction
2018-09-03,0.5541039526,0.1082079052,0.1739085796,-0.01189458933,-0.00210562651,0.007633321715,0.2044850352,,,,0.06384753901,,,-0.007370557404,,,-0.005712211392,0,2018-09-04T00:00:00Z,,historical_reconstruction
2018-09-04,0.5853539367,0.1707078734,0,0.005249991191,-0.0139287319,-0.01201648371,0.155383011,,,,0.03841744591,,,0.0004241470159,,,0.08303750693,0,2018-09-05T00:00:00Z,,historical_reconstruction
2018-09-05,0.5430675336,0.08613506722,0.3060893645,-0.06101569562,-0.1069209426,-0.1126771501,0.1436378797,,,,0.09508704616,,,-0.03077786586,,,-0.03912980898,0,2018-09-06T00:00:00Z,,historical_reconstruction
2018-09-06,0.5379372864,0.07587457287,0.07230253243,0.01637168142,0.01453116028,0.01668658434,0.09836897394,,,,0.009575260082,,,0.007005446105,,,-0.06221938185,0,2018-09-07T00:00:00Z,,historical_reconstruction
2018-09-07,0.5545632796,0.1091265591,0.3229880225,-0.00572854107,-0.003103432303,-0.01410902428,0.05891323055,,,,0.005529144703,,,-0.003654774887,,,-0.1299298913,0,2018-09-08T00:00:00Z,,historical_reconstruction
2018-09-08,0.4744396373,-0.05112072549,0.1234235012,-0.01452833024,-0.09107291378,-0.09674901277,0.2915661979,,,,-0.07880210517,,,0.001457242088,,,-0.1629275995,0,2018-09-09T00:00:00Z,,historical_reconstruction
2018-09-09,0.5186960226,0.03739204514,0.3730397496,-0.03141076375,-0.02799702159,-0.03083547812,0.1437033488,,,,-0.08549067265,,,-0.02089223535,,,0.108819045,0,2018-09-10T00:00:00Z,,historical_reconstruction
2018-09-10,0.552960947,0.105921894,0.2046909279,0.009110917746,0.01107749115,0.0008630317799,0.1590949122,,,,-0.03202426126,,,0.002756308929,,,-0.002286011198,0,2018-09-11T00:00:00Z,,historical_reconstruction
2018-09-11,0.5273254749,0.05465094986,0.4596906707,0.01346322242,0.004665798611,-0.02874226372,0.1686903049,,,,-0.05830826672,,,0.004096196822,,,-0.1160569235,0,2018-09-12T00:00:00Z,,historical_reconstruction
2018-09-12,0.4672146497,-0.06557070053,0.2329650652,0.01733333333,0.06719505799,0.07307354234,0.1044520666,,,,-0.1608014509,,,0.003921531361,,,-0.1517057678,0,2018-09-13T00:00:00Z,,historical_reconstruction
2018-09-13,0.526428524,0.05285704809,0.2147984053,0.03941980364,0.03947108743,0.07963513375,0.1473585632,,,,-0.01921601992,,,0.005806264564,,,-0.02301752479,0,2018-09-14T00:00:00Z,,historical_reconstruction
2018-09-14,0.5179030332,0.03580606641,0.1841926685,-0.04639693123,0.003267031806,0.002352037633,0.1389441549,,,,-0.03636267208,,,-0.008324911958,,,-0.0733204927,0,2018-09-15T00:00:00Z,,historical_reconstruction
2018-09-15,0.5142486669,0.0284973338,0,-0.01271526724,-0.01262716402,0.02000460936,0.09605942733,,,,-0.05159158882,,,-0.002303215926,,,0.07961805929,0,2018-09-16T00:00:00Z,,historical_reconstruction
2018-09-16,0.5156470361,0.03129407222,0.4291005735,-0.00882366182,0.01204320846,0.003646806765,0.09629030225,,,,-0.07744203586,,,-0.000112208776,,,-0.006097972913,0,2018-09-17T00:00:00Z,,historical_reconstruction
2018-09-17,0.4944347189,-0.01113056221,0.2572834825,-0.007287449393,-0.04905953073,-0.1049461581,0.175539464,,,,-0.01943288782,,,-0.003397134605,,,-0.1170524562,0,2018-09-18T00:00:00Z,,historical_reconstruction
2018-09-18,0.5537709256,0.1075418512,0,0.006284139798,-0.01574468085,0.04241362043,0.07967556376,,,,-0.004332239425,,,0.00548247354,,,0.05289090139,0,2018-09-19T00:00:00Z,,historical_reconstruction
2018-09-19,0.4951565031,-0.009686993841,0.07373058407,0.001432049262,0.001240872429,0.02196999221,0.1440452627,,,,-0.09645767334,,,-0.003158072032,,,0.05588370669,0,2018-09-20T00:00:00Z,,historical_reconstruction
2018-09-20,0.5502435841,0.1004871681,0.01998792201,0.06484122457,0.0644870028,0.05382009785,0.3450264691,,,,0.0228232276,,,0.01090160527,,,0.04763012002,0,2018-09-21T00:00:00Z,,historical_reconstruction
2018-09-21,0.5115610972,0.02312219436,0.3208468179,0.003361684893,0.09522967417,0.08677341522,0.1677527187,,,,-0.07426304726,,,0.001463890214,,,-0.01268387205,0,2018-09-22T00:00:00Z,,historical_reconstruction
2018-09-22,0.4987283695,-0.00254326091,0,-0.005447117567,0.00630480167,0.02027770722,0.05463217288,,,,-0.1308256758,,,-0.0007000844263,,,-0.03104059471,0,2018-09-23T00:00:00Z,,historical_reconstruction
2018-09-23,0.4625151353,-0.07496972946,0.1312320827,0.005345394737,0.01166832175,-0.006541790256,0.09718668666,,,,-0.2012187514,,,0.002196226077,,,-0.1062638017,0,2018-09-24T00:00:00Z,,historical_reconstruction
2018-09-24,0.4713794384,-0.05724112325,0,-0.02442571759,-0.02132772604,-0.02174752284,0.1505426196,,,,-0.1147389053,,,-0.005817308419,,,-0.04611056104,0,2018-09-25T00:00:00Z,,historical_reconstruction
2018-09-25,0.5487940079,0.09758801575,0.07411409942,0.04685638019,0.04516251844,0.06070997344,0.1653275221,,,,0.03977547977,,,0.01330051816,,,-0.009953835492,0,2018-09-26T00:00:00Z,,historical_reconstruction
2018-09-26,0.5541074824,0.1082149649,0,-0.01202598719,-0.02616041421,-0.01198046263,0.1361482002,,,,-0.0166583845,,,-0.003899587547,,,0.1179019587,0,2018-09-27T00:00:00Z,,historical_reconstruction
2018-09-27,0.5456892815,0.09137856291,0.5322868411,0.00223077596,0.05594727868,0.06132752791,0.2250698194,,,,-0.02105748474,,,0.002964302422,,,-0.009108605199,0,2018-09-28T00:00:00Z,,historical_reconstruction
2018-09-28,0.5351281662,0.07025633231,0.1022731201,-0.003011100625,-0.01923161943,-0.009465976067,0.1196534701,,,,-0.04767128885,,,-0.007392291131,,,0.04713413795,0,2018-09-29T00:00:00Z,,historical_reconstruction
2018-09-29,0.5592750646,0.1185501292,0,-0.004598392711,-0.002068074106,-0.003356282272,0.1146562341,,,,0.05792294287,,,0.001174749265,,,0.1210933901,0,2018-09-30T00:00:00Z,,historical_reconstruction
2018-09-30,0.5454343539,0.09086870786,0.4276880726,-0.0002575107296,-0.002270098942,-0.01325877918,0.1605648666,,,,-0.004193468837,,,0.003416106275,,,0.1658384373,0,2018-10-01T00:00:00Z,,historical_reconstruction
2018-10-01,0.545811274,0.09162254795,0.03599075426,0.007657167718,0.01717171717,0.01025037076,0.1794277364,,,,0.01817717924,,,0.003597499055,,,0.1488636712,0,2018-10-02T00:00:00Z,,historical_reconstruction
2018-10-02,0.5689208733,0.1378417465,0.1594442709,-0.00375209676,-0.008696797997,-0.01082573633,0.1415720031,,,,0.0672411626,,,-0.005622694352,,,0.04025373076,0,2018-10-03T00:00:00Z,,historical_reconstruction
2018-10-03,0.5124804574,0.02496091479,0,0.01163909637,-0.003745487365,4.529806124e-05,0.1163429073,,,,-0.05048911629,,,0.005374351371,,,-0.08325405008,0,2018-10-04T00:00:00Z,,historical_reconstruction
2018-10-04,0.4890560582,-0.02188788369,0.4508571286,-0.007311636202,-0.008416833667,-0.001703730273,0.1714002086,,,,-0.1256965572,,,-0.00276162461,,,-0.1132664466,0,2018-10-05T00:00:00Z,,historical_reconstruction
2018-10-05,0.5407767737,0.08155354742,0.2640048561,0.02037442474,0.01669486243,0.02197261255,0.2823488219,,,,0.01347888922,,,0.006099687359,,,0.01129721511,0,2018-10-06T00:00:00Z,,historical_reconstruction
2018-10-06,0.4850472217,-0.02990555658,0.3195351891,0.003427859146,0.0005326704545,0.0005770852754,0.06868225062,,,,0.01678430597,,,0.0001410514246,,,-0.1484556858,0,2018-10-07T00:00:00Z,,historical_reconstruction
2018-10-07,0.5367265587,0.07345311744,0.2810323796,0.009824060016,0.01221968578,0.01649660628,0.263961641,,,,0.06604792167,,,0.004801288039,,,-0.01741559042,0,2018-10-08T00:00:00Z,,historical_reconstruction
2018-10-08,0.5064232061,0.01284641215,0.4243964208,-0.005534177872,0.001829347968,0.01630434783,0.07357161006,,,,-0.05390857956,,,-0.003332178298,,,-0.0787761358,0,2018-10-09T00:00:00Z,,historical_reconstruction
2018-10-09,0.5231856344,0.04637126882,0.05668208484,-0.002053567527,-0.0003938903234,0.002018074932,0.07251956838,,,,0.05543131522,,,-0.0002448094391,,,-0.09147047769,0,2018-10-10T00:00:00Z,,historical_reconstruction
2018-10-10,0.4742822077,-0.05143558467,0.09302644927,-0.0004849019176,0.008226243941,0.00207716445,0.07827029844,,,,0.06220011488,,,-0.001138801186,,,-0.07639649945,0,2018-10-11T00:00:00Z,,historical_reconstruction
2018-10-11,0.463434777,-0.073130446,0.2796778953,-0.04998512348,-0.04686567164,-0.03651176826,0.1523491745,,,,-0.07559821751,,,-0.007922114806,,,-0.05124256231,0,2018-10-12T00:00:00Z,,historical_reconstruction
2018-10-12,0.5192833948,0.03856678962,0.1382681343,-0.006506935687,-0.01273182957,-0.002127875165,0.07508446963,,,,-0.05742011648,,,-0.003485737432,,,-0.0429867578,0,2018-10-13T00:00:00Z,,historical_reconstruction
2018-10-13,0.5341773544,0.06835470887,0.294644404,0.001592198229,0.0006959634122,-0.00272479564,0.1885060439,,,,0.08154263335,,,0.00106224738,,,0.09826026545,0,2018-10-14T00:00:00Z,,historical_reconstruction
2018-10-14,0.4872750014,-0.02544999725,0.4817480499,-0.02807104095,-0.02499257646,-0.02305861351,0.3975393305,,,,0.06212238691,,,-0.01014782186,,,-0.09890311469,0,2018-10-15T00:00:00Z,,historical_reconstruction
2018-10-15,0.5368829041,0.0737658082,0.1342726966,0.01872178665,-0.01065989848,-0.03362632409,0.05370675739,,,,0.0341278417,,,0.001705978341,,,0.06091939606,0,2018-10-16T00:00:00Z,,historical_reconstruction
2018-10-16,0.4975384029,-0.004923194129,0.4016175529,0.006881378148,0.006645762157,-0.00130008822,0.128045735,,,,-0.03573508517,,,0.004462613906,,,-0.05129446295,0,2018-10-17T00:00:00Z,,historical_reconstruction
2018-10-17,0.5104603984,0.02092079683,0,0.001270110076,-0.004303690883,0.001364320662,0.07207150971,,,,-0.01152720109,,,0.00355515326,,,0.0723563815,0,2018-10-18T00:00:00Z,,historical_reconstruction
2018-10-18,0.4634552485,-0.07308950306,0.3752568616,-0.0007267793982,-0.01696854147,-0.02413173086,0.129068293,,,,-0.04138330277,,,-0.00303504536,,,4.094294256e-05,0,2018-10-19T00:00:00Z,,historical_reconstruction
2018-10-19,,,,,,,,,,,,,,,,,,,2018-10-20T00:00:00Z,,historical_reconstruction
2018-10-20,0.5046025699,0.009205139829,0.1397304111,-0.002111831054,0.00183106057,-0.003498849693,0.06128732136,,,,-0.08080821297,,,0.0009480170643,,,-0.02936164979,0,2018-10-21T00:00:00Z,,historical_reconstruction
2018-10-21,0.4980422791,-0.003915441829,0.2533739934,-0.005702511022,-0.01359638697,-0.006369121732,0.1218917508,,,,-0.0331757457,,,-0.005635643218,,,-0.0722701507,0,2018-10-22T00:00:00Z,,historical_reconstruction
2018-10-22,0.5800058039,0.1600116078,0.3102790596,0.004129822175,0.00291163197,-0.005533634876,0.08923985361,,,,0.1237908324,,,0.002841883109,,,0.1854616051,0,2018-10-23T00:00:00Z,,historical_reconstruction
2018-10-23,0.5241566563,0.04831331262,0.2575502663,-0.003967677941,0.009365499657,0.01050512984,0.1625057719,,,,-0.003622797114,,,-0.003498810921,,,-0.02545249558,0,2018-10-24T00:00:00Z,,historical_reconstruction
2018-10-24,0.5216572621,0.04331452421,0.2769091536,-0.003058549374,-0.001701507049,-0.007011605416,0.1893436572,,,,0.1143633071,,,-0.00175003535,,,0.04823771834,0,2018-10-25T00:00:00Z,,historical_reconstruction
2018-10-25,0.4973795427,-0.005240914593,0.3319857069,-0.00298230175,-0.001175491012,-0.001908770556,0.1174932067,,,,-0.04283297138,,,-0.003801312376,,,-0.02616171142,0,2018-10-26T00:00:00Z,,historical_reconstruction
2018-10-26,0.530707286,0.06141457192,0.1987837301,0.002691197338,0.003182062956,-0.005097829781,0.04707698127,,,,0.07027396323,,,-0.0009671564074,,,0.134504075,0,2018-10-27T00:00:00Z,,historical_reconstruction
2018-10-27,0.5025733148,0.005146629508,0,0.00151856569,0.003583349696,-0.002390943691,0.09758465235,,,,0.02122926258,,,0.002391341863,,,-0.004058510321,0,2018-10-28T00:00:00Z,,historical_reconstruction
2018-10-28,0.5101747422,0.02034948445,0.212332943,0.003770443639,0.0008788633368,0.003426501542,0.1643741899,,,,0.07020367131,,,0.003289712691,,,0.02426492628,0,2018-10-29T00:00:00Z,,historical_reconstruction
2018-10-29,0.4992824321,-0.001435135707,0.4174316456,0.002545047338,-0.008058017728,-0.03194731151,0.07298684354,,,,0.05286801987,,,0.001325736652,,,-0.1614467435,0,2018-10-30T00:00:00Z,,historical_reconstruction
2018-10-30,0.5450409645,0.0900819289,0,0.00581247132,-0.0004560194568,-0.001670040486,0.1647185699,,,,0.06541866989,,,-2.05338809e-05,,,0.04176861628,0,2018-10-31T00:00:00Z,,historical_reconstruction
2018-10-31,0.5124743965,0.02494879308,0.2329825413,0.001158690176,-0.004358717435,0.00924280128,0.07943842701,,,,0.03047463972,,,8.789318467e-05,,,-0.01836573113,0,2018-11-01T00:00:00Z,,historical_reconstruction
2018-11-01,0.5096406598,0.01928131959,0.01768025826,0.006290574204,0.007152211141,0.007659746019,0.245586284,,,,0.01685881848,,,0.004752589472,,,0.02452223419,0,2018-11-02T00:00:00Z,,historical_reconstruction
2018-11-02,0.5259231656,0.05184633119,0.2670650076,-0.00118465867,0.0006428642073,0.008925009972,0.111121727,,,,0.03283075015,,,0.0004633805007,,,-0.009568240734,0,2018-11-03T00:00:00Z,,historical_reconstruction
2018-11-03,0.5204541377,0.04090827537,0.1503185032,0.001700255038,0.002000900405,0.001700255038,0.1591157362,,,,0.09160255708,,,0.001439342982,,,0.03576164587,0,2018-11-04T00:00:00Z,,historical_reconstruction
2018-11-04,0.4817171922,-0.03656561553,0.4309141825,-0.007254516522,0.0309614076,0.05051755733,0.1172204194,,,,-0.115994715,,,0.0007236358923,,,-0.05691509998,0,2018-11-05T00:00:00Z,,historical_reconstruction
2018-11-05,0.487653784,-0.02469243192,0.3292688329,0.01026280453,-0.00406580938,0.007749712974,0.1159985827,,,,-0.03852669809,,,0.00301105345,,,-0.02325729622,0,2018-11-06T00:00:00Z,,historical_reconstruction
2018-11-06,0.5201148768,0.04022975351,0,0.02707984366,0.01564369191,0.03609481342,0.1890291776,,,,0.07847688099,,,0.006055677043,,,-0.04985217539,0,2018-11-07T00:00:00Z,,historical_reconstruction
2018-11-07,0.5141889239,0.02837784781,0.2723905325,0.001646015271,0.00407920066,-0.0115953799,0.06013413324,,,,0.03897173413,,,0.001077399268,,,0.003429054731,0,2018-11-08T00:00:00Z,,historical_reconstruction
2018-11-08,0.4864805148,-0.02703897039,0.1853236172,-0.008341877155,-0.01078517968,-0.01234625203,0.1373886333,,,,0.01186958872,,,-0.002447758069,,,-0.04632028998,0,2018-11-09T00:00:00Z,,historical_reconstruction
2018-11-09,0.510134631,0.0202692621,0.396088829,-0.001799668482,-0.001705110595,-0.003545763994,0.1498917055,,,,0.002989341996,,,-0.002182147115,,,-0.03157706909,0,2018-11-10T00:00:00Z,,historical_reconstruction
2018-11-10,0.5062867299,0.01257345972,0.2423952547,-0.005271014087,-0.003364957704,0.001220714588,0.1555398893,,,,0.04960561529,,,-0.002231893589,,,-0.02833481565,0,2018-11-11T00:00:00Z,,historical_reconstruction
2018-11-11,0.5555950427,0.1111900854,0.2616944066,0.005392620624,0.009739180009,0.0009418856551,0.1725574422,,,,0.1857768336,,,0.004427397226,,,0.147755701,0,2018-11-12T00:00:00Z,,historical_reconstruction
2018-11-12,0.5619130065,0.1238260129,0.07666290022,0.0006580493537,-0.00192217534,0.001882441527,0.1076837553,,,,0.1047469969,,,-0.0008624106623,,,0.1485184449,0,2018-11-13T00:00:00Z,,historical_reconstruction
2018-11-13,0.5086475843,0.01729516854,0.3353732867,-0.0006667301648,-0.01074863285,-0.007801787319,0.1292920256,,,,-0.03065645394,,,-0.0005633541238,,,-0.02293458497,0,2018-11-14T00:00:00Z,,historical_reconstruction
2018-11-14,,,,,,,,,,,,,,,,,,,2018-11-15T00:00:00Z,,historical_reconstruction
2018-11-15,0.4939105933,-0.01217881334,0.1609981545,0.004741661216,0.01980417105,0.03631457642,0.08608459054,,,,-0.03695526243,,,0.01107305475,,,-0.04055666115,0,2018-11-16T00:00:00Z,,historical_reconstruction
2018-11-16,0.520107166,0.04021433195,0.08930833218,-0.002931063638,-0.01018409714,-0.01896733404,0.1801519319,,,,-0.0376330327,,,0.005053753887,,,0.06725330234,0,2018-11-17T00:00:00Z,,historical_reconstruction
2018-11-17,0.5272608893,0.05452177862,0,0.001648570292,0.009337228619,-0.0007939208348,0.08779533028,,,,-0.05591554513,,,0.002825870434,,,0.03425251652,0,2018-11-18T00:00:00Z,,historical_reconstruction
2018-11-18,0.4993685725,-0.001262855014,0.1522094568,-0.004671597798,0.009532942238,0.01187312716,0.1364327714,,,,-0.0808220474,,,-0.004406494744,,,-0.01383631473,0,2018-11-19T00:00:00Z,,historical_reconstruction
2018-11-19,0.5022935865,0.004587172931,0,-0.03395041958,-0.03918195719,-0.04284082254,0.1847152228,,,,0.01751136658,,,-0.03195896004,,,-0.1066029125,0,2018-11-20T00:00:00Z,,historical_reconstruction
2018-11-20,0.4768296883,-0.04634062334,0.01952248933,-0.04645860054,-0.1032634189,-0.005868806181,0.200402814,,,,-0.06893343673,,,-0.02458823479,,,-0.1701666363,0,2018-11-21T00:00:00Z,,historical_reconstruction
2018-11-21,0.4905035518,-0.01899289649,0.1005758041,0.03141322191,0.003266076354,0.01572488794,0.1190672643,,,,-0.05197519578,,,0.02533266167,,,-0.03628806502,0,2018-11-22T00:00:00Z,,historical_reconstruction
2018-11-22,0.4897982792,-0.02040344163,0.4807502348,-0.03490587608,-0.05046490702,-0.0590027495,0.2107105948,,,,-0.01213843307,,,-0.02802491103,,,-0.008224628294,0,2018-11-23T00:00:00Z,,historical_reconstruction
2018-11-23,0.499882102,-0.0002357959749,0.2826398615,0.01592718999,0.007413376309,-0.003586514705,0.09723572693,,,,-0.04725935026,,,0.01101441983,,,-0.04045012793,0,2018-11-24T00:00:00Z,,historical_reconstruction
2018-11-24,0.4982213579,-0.0035572842,0.3668146732,-0.05665489777,-0.07473624869,-0.07054445433,0.4278134524,,,,0.01283164732,,,-0.07892875379,,,-0.05807906282,0,2018-11-25T00:00:00Z,,historical_reconstruction
2018-11-25,0.5159779136,0.03195582724,0,0.04943402901,0.05879728765,0.05700543333,0.2029326281,,,,-0.01495828909,,,0.03463661687,,,0.03321868226,0,2018-11-26T00:00:00Z,,historical_reconstruction
2018-11-26,0.5118822066,0.02376441319,0.2036974594,-0.01072577762,-0.0009026900162,-0.05296483272,0.1876018565,,,,0.002171749449,,,-0.01198500915,,,0.01917724026,0,2018-11-27T00:00:00Z,,historical_reconstruction
2018-11-27,0.5139540674,0.02790813483,0,0.0251149954,0.04766829635,0.06204727411,0.1872903715,,,,-0.0493491538,,,0.01406530488,,,0.07424875817,0,2018-11-28T00:00:00Z,,historical_reconstruction
2018-11-28,0.5071226376,0.01424527522,0.2440996881,-0.009509993553,0.02220743575,0.06158763065,0.1746009762,,,,-0.01408366412,,,-0.01541001016,,,0.03323817171,0,2018-11-29T00:00:00Z,,historical_reconstruction
2018-11-29,0.5137168179,0.02743363588,0.1948502718,-0.0007622596765,-0.0005083022704,-0.0304873038,0.1553742461,,,,0.0280740147,,,0.01146415832,,,0.04783707752,0,2018-11-30T00:00:00Z,,historical_reconstruction
2018-11-30,0.5040796111,0.008159222178,0.5453328651,-0.00914793518,-0.001667837079,-0.001229472205,0.1433603597,,,,0.009401217933,,,0.001005632533,,,0.008395018153,0,2018-12-01T00:00:00Z,,historical_reconstruction
2018-12-01,0.5203135677,0.04062713542,0.04915430433,-0.01361396475,-0.00722932078,-0.008895602551,0.1371444098,,,,0.04047582393,,,-0.01971784854,,,0.04418441962,0,2018-12-02T00:00:00Z,,historical_reconstruction
2018-12-02,0.5328602879,0.06572057583,0.3525829302,-0.004441028269,-0.007661530604,-0.001541755889,0.1384187513,,,,0.05616781388,,,-0.004554969438,,,0.03376474858,0,2018-12-03T00:00:00Z,,historical_reconstruction
2018-12-03,0.4993956698,-0.001208660319,0.2687611626,0.00965466023,0.007037037037,-0.04243704878,0.1274770625,,,,0.05258675113,,,0.003477541951,,,-0.02497307351,0,2018-12-04T00:00:00Z,,historical_reconstruction
2018-12-04,0.4989615832,-0.002076833577,0.3416076735,-0.006865401987,-0.0201426025,-0.0117752809,0.0919366199,,,,0.01021871319,,,-0.002111111111,,,-0.02998496841,0,2018-12-05T00:00:00Z,,historical_reconstruction
2018-12-05,0.4463486762,-0.1073026477,0.4264161252,-0.01078686314,-0.04072102363,-0.05545337502,0.1563585311,,,,-0.03957695097,,,-0.001271644448,,,-0.1215479229,0,2018-12-06T00:00:00Z,,historical_reconstruction
2018-12-06,0.4723967087,-0.05520658269,0.1070458348,-0.0727532097,-0.07482716551,-0.09623597179,0.1481005324,,,,-0.01254924457,,,-0.04973729823,,,-0.08264021858,0,2018-12-07T00:00:00Z,,historical_reconstruction
2018-12-07,0.4977396732,-0.004520653682,0.3217603784,-0.0375465453,0.09406231628,0.0846252477,0.1544825103,,,,-0.008899122963,,,-0.02534886185,,,-0.01267987586,0,2018-12-08T00:00:00Z,,historical_reconstruction
2018-12-08,0.5122775751,0.02455515023,0.2724026183,0.02622913591,0.02390393112,0.007580824972,0.2061511243,,,,-0.03711095529,,,0.009891873327,,,-0.01607198519,0,2018-12-09T00:00:00Z,,historical_reconstruction
2018-12-09,0.5175887149,0.03517742986,0.05685658601,-0.03197010588,-0.0236599665,0.02856512628,0.1396704699,,,,0.01772351008,,,-0.009949734711,,,-0.03054314597,0,2018-12-10T00:00:00Z,,historical_reconstruction
2018-12-10,0.4989708966,-0.002058206804,0,0.01387009472,0.009544127554,-0.02048153394,0.1110011113,,,,-0.008712653762,,,0.008819026293,,,-0.0008495464853,0,2018-12-11T00:00:00Z,,historical_reconstruction
2018-12-11,0.5186349834,0.03726996671,0.2092223502,0.00746182987,0.0128101558,0.00377444813,0.1389975309,,,,0.01025742089,,,0.003077133073,,,0.03934680029,0,2018-12-12T00:00:00Z,,historical_reconstruction
2018-12-12,0.4923459038,-0.01530819249,0.144854336,-0.007107162687,-0.01095132743,-0.001897745032,0.1095218522,,,,-0.08394309706,,,-0.0003888182826,,,0.0919944552,0,2018-12-13T00:00:00Z,,historical_reconstruction
2018-12-13,0.5008861088,0.001772217529,0.1840128894,-0.007243877199,-0.04543946932,-0.02693564747,0.3375386662,,,,0.01876954141,,,-0.01297280494,,,0.05697880022,0,2018-12-14T00:00:00Z,,historical_reconstruction
2018-12-14,0.5127795061,0.0255590123,0,-0.001905215528,-0.02022209234,-0.02090877234,0.2151605904,,,,0.01165831266,,,0.001229733465,,,0.03007966598,0,2018-12-15T00:00:00Z,,historical_reconstruction
2018-12-15,0.5173422644,0.03468452885,0.04569551563,0.008184882041,0.01947419669,0.001075654356,0.1777432997,,,,-0.04243750482,,,0.00178415471,,,0.01012937863,0,2018-12-16T00:00:00Z,,historical_reconstruction
2018-12-16,0.5093849496,0.01876989911,0.4384781384,-0.02036329978,-0.01763545655,-0.02397694524,0.131540377,,,,-0.04597610535,,,-0.008573385044,,,-0.01640753075,0,2018-12-17T00:00:00Z,,historical_reconstruction
2018-12-17,0.5367444723,0.07348894467,0.6827844253,-0.01487845767,0.04699331849,0.09198606272,0.1932270267,,,,0.03880068917,,,-0.00761031564,,,0.07554715148,0,2018-12-18T00:00:00Z,,historical_reconstruction
2018-12-18,0.5239910677,0.04798213548,0.3745655465,0.07059827237,0.07002771264,0.07495449192,0.2723978911,,,,0.002394182699,,,0.03293943995,,,0.01071216877,0,2018-12-19T00:00:00Z,,historical_reconstruction
2018-12-19,0.4954233654,-0.009153269224,0.08315008999,-0.03799688231,-0.03110587774,-0.04975459532,0.1293094559,,,,-0.03110278224,,,-0.02377245828,,,0.006154923269,0,2018-12-20T00:00:00Z,,historical_reconstruction
2018-12-20,0.5059552295,0.01191045902,0.1961811477,0.02112991315,0.05915676077,0.06798389362,0.1482240539,,,,-0.02719357697,,,0.009444803115,,,0.01013824149,0,2018-12-21T00:00:00Z,,historical_reconstruction
2018-12-21,0.4952104357,-0.009579128623,0,0.009562201181,-0.02947007931,-0.06029668412,0.1335747786,,,,-0.01466791601,,,0.008517592164,,,-0.03513814092,0,2018-12-22T00:00:00Z,,historical_reconstruction
2018-12-22,0.5063897087,0.01277941736,0.3411906683,0.0281124498,0.03783783784,0.03634400864,0.2200733799,,,,-0.04313653779,,,0.01832196108,,,-0.02190511149,0,2018-12-23T00:00:00Z,,historical_reconstruction
2018-12-23,0.5033520251,0.006704050185,0.4558279367,0.01271485755,0.02779990441,-0.003244495944,0.0859241138,,,,-0.001558226481,,,-0.0004502121339,,,-0.01206584893,0,2018-12-24T00:00:00Z,,historical_reconstruction
2018-12-24,0.5014288843,0.002857768682,0.3183896407,0.01039455384,-0.04318591432,-0.03542976939,0.124403683,,,,-0.02231745238,,,-0.001116513686,,,-0.07063117599,0,2018-12-25T00:00:00Z,,historical_reconstruction
2018-12-25,0.4959587034,-0.00808259315,0.4110216514,-0.0005482885564,0.04847986853,0.01245735142,0.1421135953,,,,-0.01327928082,,,0.01053486352,,,-0.05606472863,0,2018-12-26T00:00:00Z,,historical_reconstruction
2018-12-26,0.5083216901,0.01664338016,0.09191473464,0.007398753894,0.04046010296,0.02220641694,0.1251562108,,,,-0.02952199795,,,0.002156721783,,,0.02579664939,0,2018-12-27T00:00:00Z,,historical_reconstruction
2018-12-27,0.5237160755,0.04743215101,0.5631269174,-0.002978797967,-0.06950122649,-0.07936251112,0.2013655113,,,,0.03698309219,,,-0.002597003243,,,0.03552169199,0,2018-12-28T00:00:00Z,,historical_reconstruction
2018-12-28,0.5036531008,0.007306201688,0.3715821604,0.01553704121,0.06821411653,0.1539445629,0.1579928835,,,,-0.05631888487,,,0.004547500183,,,0.01688533031,0,2018-12-29T00:00:00Z,,historical_reconstruction
2018-12-29,0.5016781435,0.003356286941,0.5975354983,-7.524454477e-05,-0.02236445229,0.004231844631,0.3199337992,,,,-0.002016711053,,,-0.02613526455,,,-0.009423130421,0,2018-12-30T00:00:00Z,,historical_reconstruction
2018-12-30,0.5078601686,0.01572033717,0.3238521925,0.01249356949,0.01502983865,0.01577822016,0.1488048772,,,,-0.03397068984,,,0.005979927553,,,0.00901628699,0,2018-12-31T00:00:00Z,,historical_reconstruction
2018-12-31,0.4909776599,-0.01804468026,0.2347776077,0.003205372815,-0.02845528455,-0.01881018138,0.1555328662,,,,-0.05360480904,,,0.004184440823,,,-0.02090244894,0,2019-01-01T00:00:00Z,,historical_reconstruction
2019-01-01,0.5095576651,0.0191153303,0,0.02838976785,0.0461006242,0.03976678128,0.4075873654,,,,-0.06934398979,,,0.0271674002,,,0.02719792345,0,2019-01-02T00:00:00Z,,historical_reconstruction
2019-01-02,0.4814508872,-0.03709822559,0.4919046698,0.01003322259,0.02280985063,0.02834528481,0.1768099244,,,,-0.05711044229,,,0.008779130871,,,-0.05374160575,0,2019-01-03T00:00:00Z,,historical_reconstruction
2019-01-03,0.4873289742,-0.02534205167,0.3273686859,0.007159575933,-0.009746852579,-0.001569644441,0.1152197957,,,,-0.03150033877,,,0.002870074547,,,-0.07277420268,0,2019-01-04T00:00:00Z,,historical_reconstruction
2019-01-04,0.4955701572,-0.008859685621,0.1384821233,0.02467803924,0.03310673012,0.01733833177,0.1932844666,,,,-0.06467886334,,,0.01397690749,,,-0.01616588731,0,2019-01-05T00:00:00Z,,historical_reconstruction
2019-01-05,0.4958089778,-0.008382044315,0.5762542569,-0.0183698375,-0.008755999481,-0.01981785531,0.1305107955,,,,0.01369503917,,,-0.01047786737,,,-0.01173833126,0,2019-01-06T00:00:00Z,,historical_reconstruction
2019-01-06,0.5071588839,0.01431776787,0.5240209281,-0.006072351421,0.01954807501,0.008719596145,0.1323734349,,,,-0.06731863607,,,-0.003451283423,,,-0.001402569309,0,2019-01-07T00:00:00Z,,historical_reconstruction
2019-01-07,0.4840947118,-0.03181057646,0.2989298398,-0.01354118502,-0.008300683976,-0.01341084759,0.1679744053,,,,-0.06133696275,,,-0.003074446236,,,-0.0137658962,0,2019-01-08T00:00:00Z,,historical_reconstruction
2019-01-08,0.4984336039,-0.003132792147,0,-0.004451639013,-0.008397715821,-0.01383042694,0.09973113474,,,,-0.03403729464,,,-0.00527651398,,,-0.02224812245,0,2019-01-09T00:00:00Z,,historical_reconstruction
2019-01-09,0.5160851477,0.0321702954,0.524520988,-0.00309639203,-0.001079185215,-0.009033121445,0.191332776,,,,-0.001670241805,,,-0.003098784111,,,0.06926852099,0,2019-01-10T00:00:00Z,,historical_reconstruction
2019-01-10,0.4951855803,-0.009628839304,0.6542212756,-0.00509594713,-0.0332688588,-0.04603756299,0.1056251443,,,,0.03796967704,,,-0.003016628994,,,0.01571321236,0,2019-01-11T00:00:00Z,,historical_reconstruction
2019-01-11,0.5253661799,0.05073235975,0,0.005079825835,0.01135902637,0.01580963247,0.1531480938,,,,0.01220910431,,,-0.001400303908,,,0.05959204537,0,2019-01-12T00:00:00Z,,historical_reconstruction
2019-01-12,0.5301969006,0.06039380122,0,-0.006443817962,-0.01050858335,-0.005562721703,0.2012176714,,,,0.001478926517,,,-0.002688718238,,,0.06877584553,0,2019-01-13T00:00:00Z,,historical_reconstruction
2019-01-13,0.5405270597,0.08105411945,0.8605966424,0.01008671032,-0.06548788474,-0.07073667074,0.1387764176,,,,0.0425456145,,,0.003399681965,,,0.06673635158,0,2019-01-14T00:00:00Z,,historical_reconstruction
2019-01-14,0.5172795753,0.03455915054,0.8734476487,-0.004782063343,-0.002435957882,0.1021878798,0.1496507857,,,,-0.01085802274,,,-0.003476478122,,,0.06636972699,0,2019-01-15T00:00:00Z,,historical_reconstruction
2019-01-15,0.4974024151,-0.005195169848,0.7346860442,-0.04695136608,-0.04725670805,-0.05052681992,0.3667552755,,,,-0.0146275064,,,-0.01417259041,,,-0.002062377701,0,2019-01-16T00:00:00Z,,historical_reconstruction
2019-01-16,0.50722713,0.01445425997,0.1145498369,0.003303600925,0.003883976531,-0.0004114210483,0.108900751,,,,-0.01784700414,,,0.004261030029,,,-0.01771603543,0,2019-01-17T00:00:00Z,,historical_reconstruction
2019-01-17,0.5169362604,0.03387252089,0.0937271462,0.00123568663,0.009636152185,0.01215856096,0.1085170168,,,,-0.04245885179,,,0.003346142641,,,0.04350136019,0,2019-01-18T00:00:00Z,,historical_reconstruction
2019-01-18,0.5033046966,0.006609393184,0.01565201742,0.001681096075,-0.01357503518,-0.01070894903,0.09274718182,,,,-0.1038711144,,,0.001914715719,,,-0.04412296657,0,2019-01-19T00:00:00Z,,historical_reconstruction
2019-01-19,0.4941432111,-0.01171357783,0.6957897368,-0.006080259424,-0.005435223493,-0.007287449393,0.0899012729,,,,-0.06121188782,,,-0.005766893798,,,-0.07210737905,0,2019-01-20T00:00:00Z,,historical_reconstruction
2019-01-20,0.4933080976,-0.01338380489,0.2937905299,0.005908545984,0.003931287924,-0.01393435742,0.1277414873,,,,-0.008370348786,,,0.006051751142,,,-0.09443792433,0,2019-01-21T00:00:00Z,,historical_reconstruction
2019-01-21,0.4997845324,-0.0004309351158,0.2140552307,-0.00558995528,-0.006871081336,-0.01507666099,0.1425394325,,,,-0.06563623722,,,-0.0005327620311,,,-0.03499008565,0,2019-01-22T00:00:00Z,,historical_reconstruction
2019-01-22,0.533049859,0.06609971803,0.1430356353,-0.003468110303,-0.00237107291,0.02729333798,0.08769749608,,,,-0.002473577304,,,-0.002224153299,,,0.07129488788,0,2019-01-23T00:00:00Z,,historical_reconstruction
2019-01-23,0.5046559773,0.009311954564,0.07681952566,0.00639585134,0.001031636864,-0.01196436148,0.1993379972,,,,-0.04431167652,,,0.005496122715,,,-0.00514230541,0,2019-01-24T00:00:00Z,,historical_reconstruction
2019-01-24,0.5046414842,0.009282968381,0.1443152015,-0.00154413657,0.004834671501,0.002325180847,0.1315358626,,,,-0.04488086907,,,-0.001443445471,,,-0.02458955251,0,2019-01-25T00:00:00Z,,historical_reconstruction
2019-01-25,0.4964203869,-0.007159226173,0,0.001130631414,-0.004755317309,-0.003549168975,0.07597852403,,,,-0.1079504728,,,0.003399742768,,,-0.01376861936,0,2019-01-26T00:00:00Z,,historical_reconstruction
2019-01-26,0.5146159913,0.02923198256,0,-0.002507999654,-0.0009527934171,-0.007742601514,0.07707041997,,,,-0.01824585986,,,-0.0006447001444,,,0.04094556039,0,2019-01-27T00:00:00Z,,historical_reconstruction
2019-01-27,0.4800135485,-0.03997290301,0.4292716295,-0.01442519131,-0.0118176206,-0.01874069533,0.1061689209,,,,-0.05802026965,,,-0.003605813076,,,-0.02658909812,0,2019-01-28T00:00:00Z,,historical_reconstruction
2019-01-28,0.4950328215,-0.009934357021,0.418945015,0.01315663113,0.02298070397,0.01549716046,0.0951306522,,,,-0.01669926874,,,0.002844285585,,,-0.009503421905,0,2019-01-29T00:00:00Z,,historical_reconstruction
2019-01-29,0.5054764431,0.0109528862,0.1651238908,-0.007412334885,-0.01098380835,0.00684403316,0.1062817674,,,,-0.04691085406,,,-0.002529469045,,,-0.05514683183,0,2019-01-30T00:00:00Z,,historical_reconstruction
2019-01-30,0.508380298,0.01676059599,0.2185296621,0.0009242998429,-0.004778972521,0.03261180509,0.08120709397,,,,-0.0951304803,,,-0.0001358911714,,,0.007448641426,0,2019-01-31T00:00:00Z,,historical_reconstruction
2019-01-31,0.5038651849,0.007730369824,0.2056026527,0.001222838867,-0.0005633802817,-0.003184116876,0.09504826883,,,,-0.02759739748,,,0.0001514454301,,,-0.001552598557,0,2019-02-01T00:00:00Z,,historical_reconstruction
2019-02-01,0.4964561244,-0.007087751205,0.1338579016,-0.0003746370703,-9.368559116e-05,-0.001403443114,0.1133529176,,,,-0.07889274712,,,-0.003723730291,,,7.147496817e-05,0,2019-02-02T00:00:00Z,,historical_reconstruction
2019-02-02,0.5372485202,0.07449704043,0.7292025335,0.02373447061,0.02994123682,0.02335495829,0.2949734994,,,,-0.001176287275,,,0.01034045375,,,0.04526505787,0,2019-02-03T00:00:00Z,,historical_reconstruction
2019-02-03,0.4615569266,-0.07688614689,0.2364705086,0.002802167009,-0.002137745144,-0.007029226785,0.174395943,,,,-0.0963645961,,,0.003630717437,,,-0.03691324389,0,2019-02-04T00:00:00Z,,historical_reconstruction
2019-02-04,0.5177366119,0.03547322372,0.1175436234,-0.004437869822,-0.0006496519722,0.008995502249,0.1755491922,,,,-0.03561578398,,,-0.001674819762,,,0.04540758074,0,2019-02-05T00:00:00Z,,historical_reconstruction
2019-02-05,0.518697308,0.03739461608,0.03696510477,0.003648952096,0.003085842529,-0.003622515326,0.1252600215,,,,-0.04267574126,,,0.002246081627,,,0.02644172988,0,2019-02-06T00:00:00Z,,historical_reconstruction
2019-02-06,0.4899897076,-0.02002058489,0.4865338852,0.0060652739,0.003649635036,0.01802240623,0.07342086023,,,,-0.04258183082,,,0.002048016572,,,-0.03678118088,0,2019-02-07T00:00:00Z,,historical_reconstruction
2019-02-07,0.501630771,0.003261541951,0,0.0007662835249,-0.003243655791,-0.005047138368,0.09675335718,,,,-0.06528445645,,,-0.0003029919722,,,-0.004468827873,0,2019-02-08T00:00:00Z,,historical_reconstruction
2019-02-08,0.5163754345,0.03275086899,0.2135079416,-0.004009020296,0.05896456798,0.1009047267,0.1093384569,,,,-0.03067143767,,,-0.002518891688,,,0.0398386202,0,2019-02-09T00:00:00Z,,historical_reconstruction
2019-02-09,0.5161287364,0.03225747284,0.4314376403,0.0006716480564,0.004043467273,-0.00175879397,0.08126221046,,,,-0.03471519724,,,0.003180459607,,,-0.04223956759,0,2019-02-10T00:00:00Z,,historical_reconstruction
2019-02-10,0.5243427961,0.04868559219,0.311447682,0.0568460174,0.07123287671,0.06639393165,0.288663577,,,,-0.02191004677,,,0.009488488453,,,0.1255717391,0,2019-02-11T00:00:00Z,,historical_reconstruction
2019-02-11,0.4983890466,-0.003221906809,0.6334494666,-0.005348033569,-0.003544345532,0.003319777575,0.07467197533,,,,-0.02208284399,,,-0.003734230353,,,-0.03869513053,0,2019-02-12T00:00:00Z,,historical_reconstruction
2019-02-12,0.5136034414,0.02720688275,0.195338757,-0.001468308997,0.01889462294,0.0153450564,0.1732960127,,,,0.01034660397,,,-0.002395485938,,,-0.01018773333,0,2019-02-13T00:00:00Z,,historical_reconstruction
2019-02-13,0.5059234752,0.01184695042,0,0.005362593845,0.00685780385,-0.009751340809,0.08470857806,,,,-0.04011641547,,,0.001784638784,,,0.03186753532,0,2019-02-14T00:00:00Z,,historical_reconstruction
2019-02-14,0.4877195842,-0.02456083167,0.2222467234,-0.008562489709,-0.01424361493,-0.00231980116,0.09999990495,,,,-0.06077020022,,,-0.00427623004,,,-0.02782237362,0,2019-02-15T00:00:00Z,,historical_reconstruction
2019-02-15,0.5179501187,0.03590023735,0.1621641276,0.004292199752,0.003629464654,-0.00254140023,0.0627222227,,,,-0.007797474877,,,0.001774149145,,,0.003149368355,0,2019-02-16T00:00:00Z,,historical_reconstruction
2019-02-16,0.5207449092,0.04148981836,0.2309831689,-0.004625121714,-0.006640213782,-0.001952648279,0.1131125417,,,,-0.02694441094,,,-0.003884355764,,,0.009232345526,0,2019-02-17T00:00:00Z,,historical_reconstruction
2019-02-17,0.4775668552,-0.04486628952,0.1816251221,0.03593834715,0.06066613799,0.05373040258,0.3035894642,,,,-0.0578127375,,,0.01245003423,,,-0.09355188171,0,2019-02-18T00:00:00Z,,historical_reconstruction
2019-02-18,0.5091452014,0.01829040278,0,0.003029259897,0.01005268996,0.03753026634,0.1006346376,,,,-0.04206431306,,,0.0009268316478,,,0.02151230959,0,2019-02-19T00:00:00Z,,historical_reconstruction
2019-02-19,0.5376423216,0.07528464326,0,-0.02454947297,-0.02818428184,-0.01988384011,0.1596343793,,,,-0.000745757485,,,-0.01496039968,,,0.04807776051,0,2019-02-20T00:00:00Z,,historical_reconstruction
2019-02-20,0.5135372184,0.02707443685,0.09238172264,0.0118609407,0.01908554167,0.01372669535,0.1593850054,,,,-0.07543165487,,,0.003376824269,,,0.01522748643,0,2019-02-21T00:00:00Z,,historical_reconstruction
2019-02-21,0.5029975391,0.005995078179,0.02817971802,0.009282992726,0.005382651301,0.007816823464,0.0974368031,,,,-0.06668326659,,,0.002870576968,,,0.03055590985,0,2019-02-22T00:00:00Z,,historical_reconstruction
2019-02-22,0.5188756942,0.03775138847,0.05012417071,-0.004055150041,6.786562606e-05,0.001767505099,0.08846556982,,,,-0.0425388937,,,-0.0009506350595,,,0.001851151125,0,2019-02-23T00:00:00Z,,historical_reconstruction
2019-02-23,0.5428105648,0.08562112954,0.1540826708,0.007405988636,0.07281751428,0.06867592279,0.1983756608,,,,0.02911601562,,,0.00427292061,,,0.04413131118,0,2019-02-24T00:00:00Z,,historical_reconstruction
2019-02-24,0.5012700581,0.002540116205,0.8711577789,-0.0492298834,-0.05642857143,-0.1909603136,0.1446488271,,,,0.02821663774,,,-0.01003567358,,,0.04740640573,0,2019-02-25T00:00:00Z,,historical_reconstruction
2019-02-25,0.5133739251,0.02674785012,0.08373704058,-0.01253402091,0.005103156667,0.007969001316,0.1430472848,,,,-0.04495041334,,,-0.007539538501,,,0.008457447335,0,2019-02-26T00:00:00Z,,historical_reconstruction
2019-02-26,0.526592768,0.05318553604,0.08702841563,0.008812856402,-0.001466060695,-7.34052705e-05,0.07748997911,,,,0.02752100197,,,-0.001431308966,,,-0.02209910722,0,2019-02-27T00:00:00Z,,historical_reconstruction
2019-02-27,0.4804566958,-0.03908660843,0.3553792447,-0.004350711599,-0.01459640928,-0.02554849885,0.3963629352,,,,-0.06883541862,,,0.001266639393,,,-0.06616104528,0,2019-02-28T00:00:00Z,,historical_reconstruction
2019-02-28,0.5169659968,0.03393199361,0.1848724437,-0.004999264814,-0.01031078611,-0.01146738733,0.08170089925,,,,-0.004709414961,,,-0.001962739356,,,0.02793691543,0,2019-03-01T00:00:00Z,,historical_reconstruction
2019-03-01,0.5700420723,0.1400841446,0,-0.009587938227,-0.00338783326,-0.002138485362,0.1696069108,,,,0.03751115783,,,-0.005721716515,,,0.1023327561,0,2019-03-02T00:00:00Z,,historical_reconstruction
2019-03-02,0.5251045503,0.05020910069,0,-0.001732058137,0.004014239188,-0.007784431138,0.06646585175,,,,-0.003997124061,,,-0.0001465780567,,,-0.03541202886,0,2019-03-03T00:00:00Z,,historical_reconstruction
2019-03-03,0.5131939194,0.02638783887,0.1566557037,-0.004269594389,-0.004952380952,-0.02274768034,0.1996532127,,,,-0.03309350657,,,6.040677396e-05,,,0.02384772267,0,2019-03-04T00:00:00Z,,historical_reconstruction
2019-03-04,0.5046980832,0.009396166371,0.1119585574,0.0008762147523,-0.0003977724741,0.009074847414,0.1097338906,,,,-0.0282586675,,,-0.000771885094,,,-0.01735168375,0,2019-03-05T00:00:00Z,,historical_reconstruction
2019-03-05,0.5312111593,0.06242231854,0.3732748646,0.0005122575924,0.02067935797,0.06629231009,0.1244233064,,,,-0.02820681828,,,0.000697787831,,,0.009236782493,0,2019-03-06T00:00:00Z,,historical_reconstruction
2019-03-06,0.5096279321,0.0192558643,0.160669884,0.003578993499,-0.003553557183,-0.009015506671,0.08631304324,,,,-0.04181182384,,,0.001644404098,,,0.05834247272,0,2019-03-07T00:00:00Z,,historical_reconstruction
2019-03-07,0.4961512206,-0.007697558827,0.0958848578,-0.004221559065,0.001317426627,0.002050831319,0.1026647361,,,,-0.01812245355,,,-0.001641748346,,,-0.04162955244,0,2019-03-08T00:00:00Z,,historical_reconstruction
2019-03-08,0.4979473822,-0.00410523564,0.09123477728,-0.03407364537,-0.02710580006,-0.02046805077,0.3519200956,,,,-0.03804032136,,,-0.01416932793,,,-0.1441893802,0,2019-03-09T00:00:00Z,,historical_reconstruction
2019-03-09,0.522324195,0.04464838993,0.1856307104,0.002043944813,-0.002325750418,-0.000145677034,0.08911339698,,,,-0.01719961952,,,0.003813587369,,,-0.005560710752,0,2019-03-10T00:00:00Z,,historical_reconstruction
2019-03-10,0.5134049784,0.02680995686,0.2381126886,0.00587011443,0.0007392622163,0.001331459427,0.1523854906,,,,-0.05304362185,,,0.003258113266,,,0.0004221179912,0,2019-03-11T00:00:00Z,,historical_reconstruction
2019-03-11,0.5208358485,0.04167169694,0,0.008513873052,0.007594744437,0.003783006734,0.1191656419,,,,0.02178855267,,,0.00414198421,,,0.03227553057,0,2019-03-12T00:00:00Z,,historical_reconstruction
2019-03-12,,,,,,,,,,,,,,,,,,,2019-03-13T00:00:00Z,,historical_reconstruction
2019-03-13,0.5028783331,0.00575666618,0.03547607451,-0.001062296077,-0.00340651022,0.0006080413468,0.1086581189,,,,-0.04409195787,,,-0.00105940415,,,-0.05666565236,0,2019-03-14T00:00:00Z,,historical_reconstruction
2019-03-14,0.4941003961,-0.01179920776,0.04447429103,0.0006055101423,-0.0003024803388,0.006164852729,0.06152029451,,,,-0.06538756114,,,0.0009397234528,,,-0.03105507205,0,2019-03-15T00:00:00Z,,historical_reconstruction
2019-03-15,0.5471645784,0.09432915675,0.2802373685,-0.003793405311,-0.002556423928,0.0120053357,0.1013565689,,,,-0.01210894555,,,-0.002318911332,,,0.1020267156,0,2019-03-16T00:00:00Z,,historical_reconstruction
2019-03-16,0.5082201297,0.01644025933,0.2127633798,0.006355780904,0.005565862709,-0.008722566123,0.05275116331,,,,-0.07439276908,,,0.003097448173,,,0.02054549497,0,2019-03-17T00:00:00Z,,historical_reconstruction
2019-03-17,0.5045497892,0.009099578358,0.6068376872,-0.004665518231,-0.004951205511,-0.001655867531,0.1264527602,,,,-0.0463705542,,,-0.002470558757,,,-0.03554881158,0,2019-03-18T00:00:00Z,,historical_reconstruction
2019-03-18,0.4840550807,-0.03188983851,0.3077394414,0.001382823872,0.0002908033442,0.00218515551,0.07783994238,,,,-0.09774267131,,,0.001990004749,,,-0.05869979537,0,2019-03-19T00:00:00Z,,historical_reconstruction
2019-03-19,0.5015301592,0.003060318368,0.3445942547,0.002750235217,0.004203812423,0.005953677485,0.1082227753,,,,-0.07738837972,,,0.001863744555,,,-0.03861137857,0,2019-03-20T00:00:00Z,,historical_reconstruction
2019-03-20,0.5020672517,0.004134503479,0.264486696,0.008561271131,0.005570023148,0.006079467323,0.1592442632,,,,-0.03737771769,,,0.004751585519,,,-0.001622162702,0,2019-03-21T00:00:00Z,,historical_reconstruction
2019-03-21,0.4895709071,-0.0208581858,0.3004726625,-0.00103711386,0.002006241641,-0.02880806626,0.08029650963,,,,-0.06016359163,,,0.0003794799366,,,-0.009058978039,0,2019-03-22T00:00:00Z,,historical_reconstruction
2019-03-22,0.4665443274,-0.06691134516,0.2052295336,-0.006575102279,-0.00417429513,0.001989536512,0.08279630835,,,,-0.121929326,,,-0.00270153312,,,-0.1612405019,0,2019-03-23T00:00:00Z,,historical_reconstruction
2019-03-23,0.5117245047,0.02344900936,0.2102818756,0.006156552331,0.001970659076,0.001093852549,0.1016299858,,,,-0.0737302551,,,0.003768507405,,,0.007008750033,0,2019-03-24T00:00:00Z,,historical_reconstruction
2019-03-24,0.5283911729,0.05678234578,0,0.003909707878,-0.002565230138,-0.004025175644,0.1397658605,,,,0.05347866068,,,0.002194083506,,,0.04768276742,0,2019-03-25T00:00:00Z,,historical_reconstruction
2019-03-25,0.4903679115,-0.01926417707,0.1866099231,0.007974721637,0.000746937556,-0.01325673884,0.1225604392,,,,-0.04693479398,,,0.003543911356,,,0.01262566144,0,2019-03-26T00:00:00Z,,historical_reconstruction
2019-03-26,0.534472958,0.06894591594,0.1867337718,0.002016279591,0.003139952153,0.005771681283,0.1000410813,,,,-0.01903509982,,,0.003803141659,,,0.06588559757,0,2019-03-27T00:00:00Z,,historical_reconstruction
2019-03-27,0.5065302512,0.01306050231,0.2571489693,0.009702411122,0.01036081727,0.006277962188,0.1511775713,,,,-0.09709524204,,,0.004492548489,,,0.008925998836,0,2019-03-28T00:00:00Z,,historical_reconstruction
2019-03-28,0.5175873942,0.0351747884,0.2765518974,0.002764038406,-0.003109407766,0.001671147279,0.07610796876,,,,0.02842240153,,,0.0007254856654,,,0.0560329742,0,2019-03-29T00:00:00Z,,historical_reconstruction
2019-03-29,0.5591481778,0.1182963556,0.7493410158,0.01581335981,0.0165342038,0.01430291015,0.1379872405,,,,0.001370779271,,,0.004467564259,,,0.1852077008,0,2019-03-30T00:00:00Z,,historical_reconstruction
2019-03-30,0.5101492528,0.02029850551,0.3018189911,0.005860340323,0.006428823737,0.001828410689,0.06561850525,,,,-0.03801100953,,,0.005078042788,,,-0.003150503856,0,2019-03-31T00:00:00Z,,historical_reconstruction
2019-03-31,0.5062011572,0.01240231447,0.05487162716,0.0007078142695,0.002695035461,-0.003875149722,0.0976554474,,,,0.003122139788,,,-0.0005430838395,,,-0.04438003131,0,2019-04-01T00:00:00Z,,historical_reconstruction
2019-04-01,0.4857737185,-0.02845256297,0.1090569453,0.005266903915,-0.002894458172,-0.004581013461,0.1365161304,,,,-0.04131625423,,,0.001493337973,,,-0.009188385899,0,2019-04-02T00:00:00Z,,historical_reconstruction
2019-04-02,0.5318344508,0.06366890153,0.1640330661,0.02330973119,0.05225515464,0.07873703679,0.156941568,,,,0.007264495389,,,0.02756945781,,,-0.005277014409,0,2019-04-03T00:00:00Z,,historical_reconstruction
2019-04-03,0.5129280244,0.02585604877,0.1066708365,-0.07425198217,-0.04898929845,-0.03603712185,0.2988715309,,,,0.006894753776,,,-0.03386543923,,,0.01279554645,0,2019-04-04T00:00:00Z,,historical_reconstruction
2019-04-04,0.5193951266,0.03879025317,0.1903290395,0.01983149708,-0.02005231037,-0.02321539417,0.09560194541,,,,0.01632992453,,,0.01764328286,,,0.003615464769,0,2019-04-05T00:00:00Z,,historical_reconstruction
2019-04-05,0.5253150974,0.05063019475,0.5553395957,0.0110449776,0.007890873501,0.004266471628,0.09065220502,,,,-0.01772834477,,,0.00508875193,,,-0.06766616087,0,2019-04-06T00:00:00Z,,historical_reconstruction
2019-04-06,0.4672347333,-0.06553053344,0,-0.02365642145,-0.0086258536,0.0188377247,0.198920208,,,,-0.1094953617,,,-0.01850367193,,,-0.08582903894,0,2019-04-07T00:00:00Z,,historical_reconstruction
2019-04-07,0.5218209158,0.04364183157,0.3609644051,0.03253911807,0.04404890327,0.04323612192,0.3911430428,,,,0.006206665775,,,0.009567939203,,,0.0312395171,0,2019-04-08T00:00:00Z,,historical_reconstruction
2019-04-08,0.4899521943,-0.02009561131,0.1579812385,0.01320936561,-0.00661441832,0.04453535944,0.1021443513,,,,-0.02894771618,,,0.01588945856,,,0.008356951653,0,2019-04-09T00:00:00Z,,historical_reconstruction
2019-04-09,0.4985133393,-0.002973321394,0,-0.00279856074,-0.002741603838,-0.01305748686,0.1023519151,,,,0.0006765707799,,,-0.003066297059,,,-0.06664222292,0,2019-04-10T00:00:00Z,,historical_reconstruction
2019-04-10,0.4961015527,-0.007796894669,0.2598360986,-0.01649175412,-0.01122090102,-0.007786678617,0.2970906661,,,,-0.06961302204,,,-0.01017746227,,,-0.03365294344,0,2019-04-11T00:00:00Z,,historical_reconstruction
2019-04-11,0.4918637589,-0.01627248217,0.2137320319,-0.005154014067,0.01121725732,0.009413067553,0.06741685262,,,,0.01032744865,,,-0.005244041223,,,-0.05506273534,0,2019-04-12T00:00:00Z,,historical_reconstruction
2019-04-12,0.4769641702,-0.04607165969,0.0685279663,-0.00159070052,-0.00116293304,-0.007661903314,0.07630403663,,,,-0.06191611066,,,0.003227492513,,,-0.09670185445,0,2019-04-13T00:00:00Z,,historical_reconstruction
2019-04-13,0.481855721,-0.036288558,0.4046869908,0.006732550957,0.0009211495947,0.007479292867,0.1108049959,,,,-0.04172029537,,,-0.0006477184267,,,0.02924197544,0,2019-04-14T00:00:00Z,,historical_reconstruction
2019-04-14,0.5066966982,0.01339339631,0.3533799604,0.02312633833,0.0243170403,0.02784265519,0.3184152463,,,,-0.08588806095,,,0.01280388755,,,-0.03024843526,0,2019-04-15T00:00:00Z,,historical_reconstruction
2019-04-15,0.4891767477,-0.02164650465,0.2756595797,0.01150951749,-0.03417668015,-0.03142787938,0.1364455219,,,,0.002371903766,,,0.003619056369,,,-0.001550893331,0,2019-04-16T00:00:00Z,,historical_reconstruction
2019-04-16,0.476496157,-0.04700768609,0.1657380419,0.00602263049,0.01342076235,0.01922958398,0.1058393935,,,,-0.1036470272,,,0.003242195075,,,-0.0440343647,0,2019-04-17T00:00:00Z,,historical_reconstruction
2019-04-17,0.4750413584,-0.04991728313,0,-0.0003618599602,0.003633060854,-0.00198699422,0.1091878906,,,,-0.09462163478,,,-0.001470114078,,,-0.04212038846,0,2019-04-18T00:00:00Z,,historical_reconstruction
2019-04-18,0.4730310189,-0.0539379623,0.6590060411,-0.004251163325,0.009493302271,0.01779213153,0.1249042701,,,,-0.1244018796,,,-0.000815166273,,,-0.03766548013,0,2019-04-19T00:00:00Z,,historical_reconstruction
2019-04-19,0.514431609,0.028863218,0.2918130683,0.004246408004,0.004129587623,0.0009276437848,0.08788418184,,,,-0.01892816704,,,-0.002269174142,,,0.0749348777,0,2019-04-20T00:00:00Z,,historical_reconstruction
2019-04-20,0.4856705927,-0.02865881467,0.02811747413,0.001912489134,0.004182156134,0.001912489134,0.1548751778,,,,-0.07518787885,,,-0.000615676328,,,0.007629743328,0,2019-04-21T00:00:00Z,,historical_reconstruction
2019-04-21,0.5063604222,0.0127208443,0.1464488077,0.009158386209,0.004348862147,0.01018635029,0.07809552412,,,,-0.01632277906,,,0.007224381233,,,-0.0006725520134,0,2019-04-22T00:00:00Z,,historical_reconstruction
2019-04-22,0.5141403324,0.02828066488,0.002352110414,-0.005888182825,0.004299428706,0.0001173020528,0.1069780682,,,,-0.0427553123,,,0.0004575428269,,,0.04992716953,0,2019-04-23T00:00:00Z,,historical_reconstruction
2019-04-23,0.4768679804,-0.0462640392,0.08645145066,-0.01833797586,-0.02197039778,-0.02394553113,0.156647235,,,,-0.07688414258,,,-0.01350273862,,,0.0007436468971,0,2019-04-24T00:00:00Z,,historical_reconstruction
2019-04-24,0.4999748566,-5.028676857e-05,0.3826686494,0.01584365945,0.008260417304,0.007459036439,0.06542515936,,,,0.02910694243,,,0.002777777778,,,0.04986699636,0,2019-04-25T00:00:00Z,,historical_reconstruction
2019-04-25,0.4913376953,-0.01732460938,0.1040604854,-0.05618251693,-0.0530052638,-0.05456767492,0.5127274686,,,,0.1209057968,,,-0.04554763211,,,0.03661335292,0,2019-04-26T00:00:00Z,,historical_reconstruction
2019-04-26,0.5307143092,0.06142861837,0.09499102899,0.01673640167,0.01438571704,0.01023345059,0.07809915818,,,,0.03575517303,,,0.01019682689,,,0.03256540037,0,2019-04-27T00:00:00Z,,historical_reconstruction
2019-04-27,0.5002133854,0.0004267708763,0.04423384301,-0.01288803519,0.009633056594,0.01484265512,0.1075370064,,,,-0.02656766375,,,-0.006232055396,,,0.02908558555,0,2019-04-28T00:00:00Z,,historical_reconstruction
2019-04-28,0.491976469,-0.01604706198,0,-0.00252764613,-0.007232704403,-0.01331416427,0.1123163325,,,,-0.01271720888,,,0.003090053807,,,-0.02876790628,0,2019-04-29T00:00:00Z,,historical_reconstruction
2019-04-29,0.4610002214,-0.07799955712,0.3870510208,-0.0003866726816,0.006358268994,-0.003213161108,0.1861998578,,,,-0.08026340826,,,-0.0003339764766,,,-0.106280222,0,2019-04-30T00:00:00Z,,historical_reconstruction
2019-04-30,0.4982382283,-0.003523543417,0.1492084601,0.02573366293,0.01811890532,0.01384538278,0.1607905257,,,,-0.1069459924,,,0.005343380198,,,0.04274049578,0,2019-05-01T00:00:00Z,,historical_reconstruction
2019-05-01,0.4927550227,-0.0144899546,0.06865921937,0.005839507723,-0.001060114742,-0.004041283263,0.09810732696,,,,-0.1339624624,,,0.003209106258,,,-0.01443966783,0,2019-05-02T00:00:00Z,,historical_reconstruction
2019-05-02,0.5072949842,0.01458996842,0.1095635191,0.006907280647,-0.001481024375,0.006155950752,0.4130007579,,,,-0.0300712186,,,-0.002386483134,,,0.0319145778,0,2019-05-03T00:00:00Z,,historical_reconstruction
2019-05-03,0.4991396429,-0.001720714112,0.4807155517,0.001191469081,-0.001366688454,0.004122602617,0.089156557,,,,-0.08124581225,,,0.002458960881,,,-0.06314933249,0,2019-05-04T00:00:00Z,,historical_reconstruction
2019-05-04,0.4939151097,-0.01216978066,0.08027391762,0.005651799975,0.01011970875,-0.001159314174,0.1262031728,,,,-0.07378254511,,,0.02610928831,,,-0.01259655154,0,2019-05-05T00:00:00Z,,historical_reconstruction
2019-05-05,0.4969954491,-0.0060091018,0,0.002212797345,0.0007365126128,0.002520905066,0.1330939263,,,,0.000810973351,,,0.001211726181,,,0.01003796018,0,2019-05-06T00:00:00Z,,historical_reconstruction
2019-05-06,0.5532744031,0.1065488062,0.2133902142,-0.01114604173,0.01400855753,0.04835777482,0.1194128379,,,,0.08297376296,,,-0.00735016018,,,0.1845483633,0,2019-05-07T00:00:00Z,,historical_reconstruction
2019-05-07,0.4900752111,-0.01984957772,0.5395026219,-0.015823153,-0.02473050095,-0.0495505618,0.1089651358,,,,-0.08739028961,,,-0.01301775148,,,-0.0163260343,0,2019-05-08T00:00:00Z,,historical_reconstruction
2019-05-08,0.4857407379,-0.02851852429,0.1619605579,0.00915534554,0.003465288382,-0.002335766423,0.1632995924,,,,-0.06575508163,,,0.006001777682,,,-0.01402856969,0,2019-05-09T00:00:00Z,,historical_reconstruction
2019-05-09,0.4901328412,-0.01973431764,0.1372676045,0.01629400571,0.01514701515,0.0029931334,0.1955166481,,,,-0.03109231812,,,0.01177463614,,,-0.03432428606,0,2019-05-10T00:00:00Z,,historical_reconstruction
2019-05-10,0.5102518046,0.0205036092,0.3511835085,-0.01464554365,-0.001674364896,0.001505936866,0.1173874781,,,,0.00774821102,,,-0.005806054083,,,0.02222432332,0,2019-05-11T00:00:00Z,,historical_reconstruction
2019-05-11,0.5194796116,0.03895922328,0.4055417259,-0.02311248074,-0.01086899995,0.01105677227,0.2358518797,,,,-0.04403579295,,,0.02536229259,,,0.05112900394,0,2019-05-12T00:00:00Z,,historical_reconstruction
2019-05-12,0.5038879914,0.00777598272,0.09848027424,0.0002658725939,0.01758087201,-0.009738892398,0.09062328785,,,,0.02470926322,,,-0.008746882465,,,0.01378508452,0,2019-05-13T00:00:00Z,,historical_reconstruction
2019-05-13,0.5156824231,0.03136484626,0.2287409325,-0.0222666001,-0.02533220525,0.02437493462,0.252484476,,,,-0.02518029044,,,-0.007026653615,,,-0.07518395997,0,2019-05-14T00:00:00Z,,historical_reconstruction
2019-05-14,0.5227533609,0.04550672185,0.04404892359,0.06475103326,0.06166903792,0.04425034985,0.191118248,,,,0.02829410085,,,0.02704875133,,,0.06535629956,0,2019-05-15T00:00:00Z,,historical_reconstruction
2019-05-15,,,,,,,,,,,,,,,,,,,2019-05-16T00:00:00Z,,historical_reconstruction
2019-05-16,0.5172410223,0.03448204455,0,0.01388942179,-0.04764479043,0.05476390053,0.1062765642,,,,0.0261035926,,,0.001252426258,,,0.06300056884,0,2019-05-17T00:00:00Z,,historical_reconstruction
2019-05-17,0.5013352157,0.002670431363,0,0.05134053449,0.06319087823,0.06620695675,0.09014564853,,,,-0.01439633685,,,0.03076489721,,,0.022404749,0,2019-05-18T00:00:00Z,,historical_reconstruction
2019-05-18,0.5209729339,0.04194586771,0.2913186045,-0.009329940628,-0.02091453959,-0.004389890466,0.1207634599,,,,-0.004112161384,,,0.002689977038,,,0.02144225851,0,2019-05-19T00:00:00Z,,historical_reconstruction
2019-05-19,0.5184960095,0.03699201897,0.5728881545,0.02072844556,0.01868498528,0.02853632436,0.1279980788,,,,-0.04920348329,,,0.02474690947,,,-0.001967204307,0,2019-05-20T00:00:00Z,,historical_reconstruction
2019-05-20,0.5127320234,0.02546404676,0.3071253805,0.01241407198,0.01016743998,0.01409534611,0.1825061049,,,,-0.02628480468,,,0.01743891701,,,0.01768806404,0,2019-05-21T00:00:00Z,,historical_reconstruction
2019-05-21,0.5106039397,0.02120787941,0,-0.007169160856,0.01230277611,0.01510053673,0.2527368007,,,,-0.02188163417,,,-0.007728671778,,,-0.01015696685,0,2019-05-22T00:00:00Z,,historical_reconstruction
2019-05-22,0.492691128,-0.01461774402,0,-0.03596723776,-0.0453726197,-0.03240667196,0.3209390993,,,,-0.00906106171,,,-0.03452260416,,,-0.06012446587,0,2019-05-23T00:00:00Z,,historical_reconstruction
2019-05-23,0.5166271252,0.03325425049,0.04069499461,0.01397238691,0.01082913119,0.0364468554,0.14055345,,,,-0.01308400163,,,0.01190206156,,,-0.001227794057,0,2019-05-24T00:00:00Z,,historical_reconstruction
2019-05-24,0.5132568731,0.0265137461,0.2129562834,-0.01041790926,-0.01065394554,-0.009314915807,0.1269759814,,,,-0.04703501138,,,-0.007356771645,,,0.02384331474,0,2019-05-25T00:00:00Z,,historical_reconstruction
2019-05-25,0.4989394621,-0.002121075861,0.2787403116,0.005343726144,-0.002710243125,-0.01623746806,0.09225864231,,,,-0.06057909965,,,0.006889153754,,,-0.04406694357,0,2019-05-26T00:00:00Z,,historical_reconstruction
2019-05-26,0.5069240885,0.01384817699,0.05220438807,0.02123962155,0.06384262612,0.07482523167,0.4275510142,,,,-0.05012962074,,,0.01585259434,,,-0.02314384198,0,2019-05-27T00:00:00Z,,historical_reconstruction
2019-05-27,0.5197157129,0.0394314258,0.1619511585,0.0105715353,0.00441820747,0.01787192415,0.1382871965,,,,-0.02922659616,,,-0.0005341855953,,,0.01396737904,0,2019-05-28T00:00:00Z,,historical_reconstruction
2019-05-28,0.5136238426,0.02724768524,0,0.002255750314,0.001071138362,0.002960441106,0.1008853721,,,,-0.02543817921,,,0.002989760244,,,0.006039805826,0,2019-05-29T00:00:00Z,,historical_reconstruction
2019-05-29,0.5075162888,0.01503257753,0.05146559135,-0.009396418306,-0.01016237711,0.004746598894,0.1019960545,,,,-0.02295645683,,,-0.003666954768,,,0.02965032155,0,2019-05-30T00:00:00Z,,historical_reconstruction
2019-05-30,0.5066515451,0.01330309021,0.2104074202,-0.05441848371,-0.1121032438,-0.1015423711,0.2488175561,,,,0.0300196315,,,-0.04067998343,,,-0.01995116029,0,2019-05-31T00:00:00Z,,historical_reconstruction
2019-05-31,0.5211774448,0.04235488959,0.103380359,0.02600436598,0.04034794765,0.04795806603,0.1148483841,,,,-0.003700435746,,,0.01305904755,,,0.01584114349,0,2019-06-01T00:00:00Z,,historical_reconstruction
2019-06-01,0.5363522846,0.07270456915,0.1869030934,0.001933136229,-0.005081300813,-0.0179447169,0.1587750955,,,,0.01069090188,,,0.001354818219,,,0.07482564501,0,2019-06-02T00:00:00Z,,historical_reconstruction
2019-06-02,0.5119592576,0.02391851518,0.5170035065,0.00647576268,0.00395788216,-0.005253422124,0.07081902472,,,,-0.02431984408,,,0.006551946089,,,0.01007033819,0,2019-06-03T00:00:00Z,,historical_reconstruction
2019-06-03,0.5056813449,0.01136268975,0.2902288427,-0.04402876597,-0.03699279411,-0.04969959693,0.2075516016,,,,0.0252855286,,,-0.05309483613,,,-0.02806873605,0,2019-06-04T00:00:00Z,,historical_reconstruction
2019-06-04,0.5364311299,0.07286225985,0.06384316677,0.01856618423,-0.03001687696,-0.01945730766,0.1364444457,,,,0.08064046176,,,0.008596721647,,,0.04561457461,0,2019-06-05T00:00:00Z,,historical_reconstruction
2019-06-05,0.5317853308,0.06357066157,0.2771599789,0.003021764874,0.02842907386,0.001794526694,0.1640698566,,,,-0.017273041,,,-0.0008428561517,,,0.04853808405,0,2019-06-06T00:00:00Z,,historical_reconstruction
2019-06-06,0.4968372622,-0.006325475577,0.3814719784,0.04345637584,0.02357733613,0.01080861438,0.2524966336,,,,-0.03793472742,,,0.02551709151,,,-0.01962856578,0,2019-06-07T00:00:00Z,,historical_reconstruction
2019-06-07,,,,,,,,,,,,,,,,,,1,2019-06-08T00:00:00Z,,historical_reconstruction
2019-06-08,0.4959763962,-0.008047207657,0.1919242173,0.00620475698,-0.01101805172,-0.02132367733,0.1132316645,,,,-0.04952773316,,,0.01063690859,,,-0.08075177681,0,2019-06-09T00:00:00Z,,historical_reconstruction
2019-06-09,0.4734292114,-0.05314157711,0.2589080116,-0.01087701268,-0.02035796081,-0.04746587488,0.1357568246,,,,-0.08269899955,,,-0.01344143734,,,-0.07706009229,0,2019-06-10T00:00:00Z,,historical_reconstruction
2019-06-10,0.5237056736,0.0474113473,0.4581118669,0.00999713197,0.01703935968,0.01876265653,0.1039387403,,,,-0.03546961923,,,0.004413872242,,,0.03604865755,0,2019-06-11T00:00:00Z,,historical_reconstruction
2019-06-11,0.5175221156,0.03504423117,0.1320638239,0.004812438302,0.02166366944,0.01940410616,0.1323870712,,,,-0.006843496926,,,0.002060063365,,,-0.03781802867,0,2019-06-12T00:00:00Z,,historical_reconstruction
2019-06-12,0.5684343596,0.1368687193,0.4528582923,0.02067536934,0.03021815456,0.05344897136,0.188456725,,,,0.03918094103,,,0.001120891195,,,0.07329805772,0,2019-06-13T00:00:00Z,,historical_reconstruction
2019-06-13,0.4883901028,-0.0232197943,0.1485963555,-0.01630035923,-0.02031159838,-0.007444072024,0.2133860659,,,,-0.08025445478,,,-0.0008607253921,,,-0.01689431873,0,2019-06-14T00:00:00Z,,historical_reconstruction
2019-06-14,0.5292971098,0.05859421968,0.05456701813,0.02860837873,0.02571417406,0.03342782896,0.2486564507,,,,0.00551213412,,,0.03149826017,,,,0,2019-06-15T00:00:00Z,,historical_reconstruction
2019-06-15,0.5415023339,0.08300466776,0.3337332749,-0.0017518357,0.01216931217,0.01999466809,0.1125288286,,,,0.0262707211,,,-6.583965999e-05,,,0.09105187541,0,2019-06-16T00:00:00Z,,historical_reconstruction
2019-06-16,0.5214543868,0.04290877357,0.4978590186,0.007336895176,-0.01537273363,-0.00693620178,0.09374611991,,,,-0.02566552702,,,0.003242798667,,,0.09605035069,0,2019-06-17T00:00:00Z,,historical_reconstruction
2019-06-17,0.5195104138,0.03902082766,0.1086618449,0.004855797528,0.01686334363,0.008379785153,0.1759114694,,,,0.001977761819,,,0.003871507344,,,-0.008390519633,0,2019-06-18T00:00:00Z,,historical_reconstruction
2019-06-18,0.5048213682,0.009642736368,0.2328610051,0.0004914376441,-0.0084298078,-0.008578385465,0.1066207502,,,,-0.07897172933,,,0.001093519026,,,-0.0254014948,0,2019-06-19T00:00:00Z,,historical_reconstruction
2019-06-19,0.515780632,0.03156126406,0.1246176852,0.00638042336,0.004871833308,0.000821140639,0.1279949269,,,,-0.05987450958,,,0.01326535528,,,-0.1053074552,0,2019-06-20T00:00:00Z,,historical_reconstruction
2019-06-20,0.5043785345,0.008757068972,0.4510356074,0.01379284566,0.008365245195,0.01477906237,0.2901605295,,,,-0.03500232165,,,0.002065806791,,,0.03197686328,0,2019-06-21T00:00:00Z,,historical_reconstruction
2019-06-21,0.5245599088,0.0491198175,0.4511409387,0.0008840831038,0.03447669923,0.02080804578,0.1386526977,,,,-0.07305235392,,,0.02726018048,,,-0.009474402178,0,2019-06-22T00:00:00Z,,historical_reconstruction
2019-06-22,0.516400276,0.03280055197,0.2523705746,0.01528862174,0.01158741008,0.01317033415,0.08989201913,,,,-0.02950067985,,,0.004167536268,,,-0.05020411578,0,2019-06-23T00:00:00Z,,historical_reconstruction
2019-06-23,0.5105553198,0.02111063966,0,-0.02128604511,-0.01651259165,-0.006792647201,0.2531750629,,,,-0.02767629216,,,-0.01378307527,,,-0.02179813392,0,2019-06-24T00:00:00Z,,historical_reconstruction
2019-06-24,0.5164220016,0.03284400322,0.2036603852,0.007272374673,0.01165395228,0.006979449399,0.09185633096,,,,-0.01961168548,,,0.01019552307,,,-0.00617682444,0,2019-06-25T00:00:00Z,,historical_reconstruction
2019-06-25,0.5464321623,0.09286432454,0,0.02476092346,0.02032572454,0.01615581098,0.1993580702,,,,0.02112613814,,,0.03584898386,,,0.08322158818,0,2019-06-26T00:00:00Z,,historical_reconstruction
2019-06-26,0.5152213057,0.03044261138,0.2038078696,-0.04165019484,-0.02190264849,-0.004137323944,0.2766877811,,,,0.05513409726,,,-0.06209977107,,,-0.001118652681,0,2019-06-27T00:00:00Z,,historical_reconstruction
2019-06-27,0.5040330941,0.00806618828,0.08987691086,0.01888532204,-0.04304455207,-0.05975229271,0.1506511729,,,,0.08335461461,,,0.02720136791,,,-0.0006908806918,0,2019-06-28T00:00:00Z,,historical_reconstruction
2019-06-28,0.528672859,0.05734571796,0.1517027278,-0.001284315299,0.01177503822,0.0008043758044,0.1438216041,,,,0.03679840574,,,0.002742847532,,,0.008225900452,0,2019-06-29T00:00:00Z,,historical_reconstruction
2019-06-29,0.5069363723,0.01387274467,0.06872781426,0.02415116242,0.0363820276,0.0272980141,0.1678790797,,,,-0.02206805673,,,0.0002630252101,,,-0.01892780731,0,2019-06-30T00:00:00Z,,historical_reconstruction
2019-06-30,0.484616481,-0.030767038,0.2441243847,-0.0351079611,-0.02002142761,-0.03789895803,0.1780992455,,,,-0.04476164957,,,-0.03950182691,,,-0.05187767766,0,2019-07-01T00:00:00Z,,historical_reconstruction
2019-07-01,0.5367262022,0.07345240449,0.04262993009,0.04191384181,0.03236302568,-0.003343916774,0.1136533553,,,,0.1005019944,,,0.03566916853,,,0.04060840127,0,2019-07-02T00:00:00Z,,historical_reconstruction
2019-07-02,0.5048594555,0.00971891104,0.02703873068,0.009629373052,0.004964832437,0.05345332321,0.07652065409,,,,0.004957499966,,,0.0053546096,,,-0.0831454135,0,2019-07-03T00:00:00Z,,historical_reconstruction
2019-07-03,0.5172986827,0.03459736545,0.06260036704,0.02974969224,0.02219959267,0.03370863655,0.1830215996,,,,0.01149060858,,,0.06067618551,,,0.004154754075,0,2019-07-04T00:00:00Z,,historical_reconstruction
2019-07-04,0.4999672068,-6.558631022e-05,0.6389021647,-0.03830062247,-0.03514998464,-0.0343920765,0.1974293667,,,,-0.01167230987,,,-0.05588614731,,,-0.00813177459,0,2019-07-05T00:00:00Z,,historical_reconstruction
2019-07-05,0.5101620226,0.02032404526,0.004982242315,-0.006771931037,-0.003777377322,-0.0179352282,0.1132379157,,,,0.002711358886,,,-0.01257732571,,,-0.03702167269,0,2019-07-06T00:00:00Z,,historical_reconstruction
2019-07-06,0.5219323962,0.04386479236,0.4703063215,-0.01162232584,-0.02241437776,-0.005587941085,0.128341772,,,,0.04866614904,,,-0.02036381422,,,0.02999204769,0,2019-07-07T00:00:00Z,,historical_reconstruction
2019-07-07,0.5237572109,0.04751442175,0.7608592326,-0.005158341495,0.04603343517,0.0390070922,0.2129333839,,,,-0.1076885701,,,-0.005921120289,,,0.07828145975,0,2019-07-08T00:00:00Z,,historical_reconstruction
2019-07-08,0.5362080143,0.07241602867,0.2970679515,0.007752689214,0.01335022413,0.01844476365,0.1881116819,,,,0.009543268369,,,0.004351868645,,,-0.001036375819,0,2019-07-09T00:00:00Z,,historical_reconstruction
2019-07-09,0.512617017,0.02523403407,0.06630009603,0.0008789348612,-0.001526320917,-0.007745433422,0.1013739225,,,,-0.01655946417,,,0.003916932851,,,0.01551512303,0,2019-07-10T00:00:00Z,,historical_reconstruction
2019-07-10,0.4833909846,-0.03321803075,0.3201525748,0.005562702083,0.003817721168,-0.05923106948,0.1154537935,,,,0.1070655583,,,0.003099173554,,,-0.06781539621,0,2019-07-11T00:00:00Z,,historical_reconstruction
2019-07-11,0.4982394026,-0.003521194895,0.3638236832,-0.01416565746,0.001565937139,-0.01485257445,0.144542824,,,,-0.002983128492,,,-0.0190713474,,,-0.003455608584,0,2019-07-12T00:00:00Z,,historical_reconstruction
2019-07-12,0.5004341231,0.0008682461717,0.1193766866,0.004241936663,0.01399401839,-0.002180074123,0.1167303833,,,,-0.07486157434,,,0.0143719415,,,-0.01945579909,0,2019-07-13T00:00:00Z,,historical_reconstruction
2019-07-13,0.5048942916,0.009788583263,0.1305575177,0.006477945031,-0.006725545989,0.008403676609,0.2208691976,,,,0.03381095117,,,0.01504907306,,,-0.0340762091,0,2019-07-14T00:00:00Z,,historical_reconstruction
2019-07-14,0.4766330609,-0.04673387829,0.6731284479,-0.0392223593,-0.03622941026,-0.07042311492,0.1412388652,,,,-0.03598390014,,,-0.02993753915,,,-0.09424830004,0,2019-07-15T00:00:00Z,,historical_reconstruction
2019-07-15,0.5178759432,0.03575188636,0.1224581186,-0.01756500775,-0.008214177061,0.007861496334,0.09315866106,,,,0.01635543965,,,-0.0005781471444,,,-0.03666414231,0,2019-07-16T00:00:00Z,,historical_reconstruction
2019-07-16,0.4900861999,-0.01982760014,0.06117461557,-0.02619595554,-0.09727202578,-0.1113494191,0.1577971427,,,,0.005371463528,,,-0.02631739099,,,-0.04506163421,0,2019-07-17T00:00:00Z,,historical_reconstruction
2019-07-17,0.5226910418,0.04538208352,0.3044582904,-0.002602195307,-0.009025525314,0.07506757101,0.1183155418,,,,0.03061718235,,,-0.006538526751,,,0.07860011427,0,2019-07-18T00:00:00Z,,historical_reconstruction
2019-07-18,0.5184693815,0.03693876296,0.6579805382,0.01224215247,0.006914086894,0.04761683761,0.08528870588,,,,-0.01216231849,,,0.01283006784,,,0.04045995785,0,2019-07-19T00:00:00Z,,historical_reconstruction
2019-07-19,0.5127946332,0.02558926632,0,0.01029842549,0.009374428389,0.01977361977,0.06646957551,,,,-0.003374021147,,,0.01080931797,,,0.02472102014,0,2019-07-20T00:00:00Z,,historical_reconstruction
2019-07-20,0.5208121328,0.04162426553,0.1745794708,-0.01353045433,-0.006530256857,0.0140419481,0.140321972,,,,-0.0153557364,,,-0.01453664946,,,0.03183568227,0,2019-07-21T00:00:00Z,,historical_reconstruction
2019-07-21,0.5188201567,0.03764031335,0,0.02622711957,0.01453972541,-0.002610966057,0.104995944,,,,-0.01010622148,,,0.01750213792,,,0.08437419163,0,2019-07-22T00:00:00Z,,historical_reconstruction
2019-07-22,0.4980774184,-0.003845163268,0.104171726,0.01863906711,0.01238073074,-0.0261036984,0.1335226753,,,,0.03978130308,,,0.01737154102,,,-0.03959704963,0,2019-07-23T00:00:00Z,,historical_reconstruction
2019-07-23,0.5258915778,0.05178315554,0.3352190868,-0.02073923864,0.01349868829,-0.0002822998024,0.1515756738,,,,0.04030980655,,,-0.02786644054,,,0.07161075568,0,2019-07-24T00:00:00Z,,historical_reconstruction
2019-07-24,0.5168236725,0.03364734504,0.5209749146,0.02201748169,0.0007865272509,0.0426588258,0.1367601717,,,,0.02295182019,,,0.01163717222,,,-0.01173473848,0,2019-07-25T00:00:00Z,,historical_reconstruction
2019-07-25,0.5117775686,0.02355513711,0.5430501396,0.005229357798,-0.008506017555,-0.01319403792,0.09366346983,,,,0.003644895907,,,0.002298824921,,,-0.01338362584,0,2019-07-26T00:00:00Z,,historical_reconstruction
2019-07-26,0.5007385345,0.001477069009,0.1817445564,-0.003370530631,0.01197854038,0.007644485379,0.121045861,,,,-0.02971077729,,,-0.001522515545,,,-0.02411219731,0,2019-07-27T00:00:00Z,,historical_reconstruction
2019-07-27,0.4812042405,-0.03759151907,0.5967342707,-0.0001929198418,0.00290275762,-0.001637449432,0.1049379923,,,,-0.01699709968,,,0.006934246849,,,-0.0792157846,0,2019-07-28T00:00:00Z,,historical_reconstruction
2019-07-28,0.5131862116,0.02637242326,0.3341983729,0.01408855664,0.01428297546,0.008290451687,0.4572999105,,,,-0.138765691,,,-0.001480793119,,,-0.01126789009,0,2019-07-29T00:00:00Z,,historical_reconstruction
2019-07-29,0.518205075,0.03641014999,0.07954945122,0.005243338577,0.005914619604,0.009236217458,0.09643025141,,,,-0.07200542709,,,0.001878857427,,,0.04025531326,0,2019-07-30T00:00:00Z,,historical_reconstruction
2019-07-30,0.5681754648,0.1363509297,0.1225916786,-0.005551601423,-0.01220719235,0.003015075377,0.09311678113,,,,0.07724316035,,,-0.002569052399,,,0.08456777415,0,2019-07-31T00:00:00Z,,historical_reconstruction
2019-07-31,0.5406820966,0.08136419323,0.3162621672,0.0148213539,0.00705426714,0.0272787132,0.10750422,,,,0.00611739121,,,0.009827266507,,,0.04771684819,0,2019-08-01T00:00:00Z,,historical_reconstruction
2019-08-01,0.4918712634,-0.01625747317,0,0.004539979616,0.01478846874,0.01526360146,0.1736077967,,,,-0.08319388072,,,0.008876174066,,,-0.03981261028,0,2019-08-02T00:00:00Z,,historical_reconstruction
2019-08-02,0.5213092145,0.04261842893,0.2074411039,0.004570215123,-0.01041382447,-0.007163062323,0.1003865436,,,,0.009411993491,,,0.007635963232,,,0.04114135992,0,2019-08-03T00:00:00Z,,historical_reconstruction
2019-08-03,0.5169635234,0.03392704682,0,0.001262057153,0.009314371394,-0.001169064748,0.0735908308,,,,-0.03862658227,,,-0.003159115079,,,0.07151856589,0,2019-08-04T00:00:00Z,,historical_reconstruction
2019-08-04,0.5118387715,0.02367754297,0,0.005667906049,0.005394378966,0.01348016816,0.1782039886,,,,-0.08314664765,,,0.0007407651582,,,-0.002694880287,0,2019-08-05T00:00:00Z,,historical_reconstruction
2019-08-05,0.5297965717,0.05959314339,0.2902718666,0.00594417643,0.00715887528,0.001286228777,0.07491614889,,,,0.03061879101,,,0.006577883674,,,0.02318299341,0,2019-08-06T00:00:00Z,,historical_reconstruction
2019-08-06,0.4873355717,-0.02532885666,0.05648110318,-0.007326168019,-0.008239831697,-0.01428820352,0.1285779391,,,,-0.005150101557,,,-0.01946519187,,,-0.1616797864,0,2019-08-07T00:00:00Z,,historical_reconstruction
2019-08-07,0.5238591697,0.04771833947,0.3449390878,0.007575757576,0.006813020439,-0.0100267087,0.15631714,,,,-0.004326169825,,,0.0155000106,,,-0.03364585376,0,2019-08-08T00:00:00Z,,historical_reconstruction
2019-08-08,0.4819975358,-0.03600492842,0.02529895042,0.01406192745,-0.002702824452,-0.01332560834,0.1480359926,,,,-0.1107627274,,,0.03316346079,,,-0.01974745525,0,2019-08-09T00:00:00Z,,historical_reconstruction
2019-08-09,0.4972069215,-0.005586157075,0.2347105543,0.002428340158,0.004484946801,-0.0007119802544,0.08425335913,,,,-0.02487381046,,,0.003614027292,,,-0.04820458601,0,2019-08-10T00:00:00Z,,historical_reconstruction
2019-08-10,0.5086816502,0.01736330034,0.477372577,-0.0007742934572,0.004817752689,0.01166095051,0.05987921379,,,,0.2128502862,,,-0.001963542531,,,-0.01656374648,0,2019-08-11T00:00:00Z,,historical_reconstruction
2019-08-11,0.5223994686,0.04479893717,0.5161688016,0.00431574551,0.02870995342,0.02292385499,0.1175128929,,,,-0.07723257023,,,0.01445091274,,,0.0211213942,0,2019-08-12T00:00:00Z,,historical_reconstruction
2019-08-12,0.5218853405,0.04377068109,0.1154359957,-0.005457025921,-0.003018156095,0.002370679437,0.09337367922,,,,-0.004010225777,,,-0.00437004744,,,-0.01582246231,0,2019-08-13T00:00:00Z,,historical_reconstruction
2019-08-13,0.4625302985,-0.07493940306,0,0.004849008594,0.01685857261,-0.009699550509,0.1027575153,,,,0.1137024762,,,-0.003983987242,,,-0.0496105464,0,2019-08-14T00:00:00Z,,historical_reconstruction
2019-08-14,0.4692090566,-0.0615818868,0.08318423511,0.003486189327,-0.09328810274,-0.09744331886,0.1295046763,,,,-0.01969293466,,,-0.008911578445,,,-0.1093002263,0,2019-08-15T00:00:00Z,,historical_reconstruction
2019-08-15,,,,,,,,,,,,,,,,,,,2019-08-16T00:00:00Z,,historical_reconstruction
2019-08-16,0.497561839,-0.004876322046,0.1145522315,-0.004415724286,-0.00500511275,0.006204419288,0.0756626907,,,,-0.003632240314,,,-0.01150142321,,,0.03112860637,0,2019-08-17T00:00:00Z,,historical_reconstruction
2019-08-17,0.5129886405,0.02597728092,0,0.01498496035,0.007491449976,0.002809747663,0.1178102021,,,,0.01318516386,,,0.004821481263,,,0.031563438,0,2019-08-18T00:00:00Z,,historical_reconstruction
2019-08-18,0.5272831595,0.05456631903,0.02124025555,-0.007355570312,0.002114273927,0.02327418251,0.1246889203,,,,-0.02205336374,,,-0.006294789757,,,0.03720301869,0,2019-08-19T00:00:00Z,,historical_reconstruction
2019-08-19,0.5112311624,0.02246232481,0.1727292676,0.0214098162,0.004968203498,0.01195657612,0.1174246027,,,,-0.08338000277,,,0.02151963532,,,-0.02233661236,0,2019-08-20T00:00:00Z,,historical_reconstruction
2019-08-20,0.5002585422,0.0005170844131,0.4128430535,0.001477255361,-0.004808909137,-0.004808909137,0.1183998396,,,,0.007726963466,,,0.002469722377,,,-0.04325359668,0,2019-08-21T00:00:00Z,,historical_reconstruction
2019-08-21,0.5032732856,0.006546571165,0.4051373315,0.00833781603,0.02264048009,-0.0047783382,0.07433011632,,,,0.09729823433,,,0.003505442687,,,0.08148597423,0,2019-08-22T00:00:00Z,,historical_reconstruction
2019-08-22,0.521466143,0.04293228596,0.1891881807,-0.008025431237,-0.00413309616,0.02184882972,0.1324163643,,,,-0.01015502389,,,-0.006397498847,,,0.1045141728,0,2019-08-23T00:00:00Z,,historical_reconstruction
2019-08-23,0.5383765307,0.07675306142,0,0.0009802404169,-0.002877993627,0.02293457057,0.1023615919,,,,0.002050473263,,,-0.001197845416,,,0.08162938347,0,2019-08-24T00:00:00Z,,historical_reconstruction
2019-08-24,0.5210091455,0.04201829099,0.3393215673,0.006814220062,0.01490947817,0.008892652975,0.1236290083,,,,0.05812657978,,,0.003207301561,,,0.01604101007,0,2019-08-25T00:00:00Z,,historical_reconstruction
2019-08-25,0.5062021281,0.01240425629,0.2377272128,0.006637526307,-0.007501995211,-0.015048313,0.1347371327,,,,0.0302361346,,,0.008096425586,,,-0.04216206274,0,2019-08-26T00:00:00Z,,historical_reconstruction
2019-08-26,0.5119151921,0.02383038428,0.4954677772,0.006079027356,-0.000317914481,-0.009814212239,0.08300753904,,,,-0.06444106951,,,0.004576271186,,,0.001368059476,0,2019-08-27T00:00:00Z,,historical_reconstruction
2019-08-27,0.5242541014,0.04850820287,0.3062594613,-0.001493174061,-0.005787713057,0.005693414975,0.123394691,,,,0.07244189583,,,0.002072020929,,,0.04799111846,0,2019-08-28T00:00:00Z,,historical_reconstruction
2019-08-28,0.4719557901,-0.05608841976,0.5934791999,0.009981321504,-0.07539809768,-0.07078030181,0.09715116788,,,,0.01991495504,,,0.003693252509,,,-0.06263499093,0,2019-08-29T00:00:00Z,,historical_reconstruction
2019-08-29,0.5045752455,0.009150491,0,-0.001712935617,0.005114481118,0.0008883098425,0.0586581164,,,,0.02163050772,,,-0.001214512318,,,-0.03378179496,0,2019-08-30T00:00:00Z,,historical_reconstruction
2019-08-30,0.512072663,0.024145326,0.1738106596,-0.001954628917,-0.004725339634,-0.007422243167,0.1358672377,,,,-0.03658428262,,,0.001296472154,,,-0.05260773542,0,2019-08-31T00:00:00Z,,historical_reconstruction
2019-08-31,0.5329461401,0.06589228029,0.4846628573,0.02374843368,0.02027830637,0.02380952381,0.2991842302,,,,0.06647167138,,,0.001979405405,,,0.02387398931,0,2019-09-01T00:00:00Z,,historical_reconstruction
2019-09-01,0.5515231209,0.1030462418,0.2518354476,0.001877713883,0.003172737955,0.005180737078,0.236763315,,,,-0.07951266317,,,0.01140682038,,,0.09064198554,0,2019-09-02T00:00:00Z,,historical_reconstruction
2019-09-02,0.5370663787,0.07413275741,0.3525810125,0.002082395317,0.03217391304,0.03523460666,0.2190997942,,,,-0.04941278249,,,0.01735205104,,,0.05030237313,0,2019-09-03T00:00:00Z,,historical_reconstruction
2019-09-03,0.516696952,0.03339390392,0.3108075388,-0.008486798314,-0.01379310345,0.009487773197,0.1631273772,,,,0.003017021606,,,-0.002912751766,,,-0.01511429895,0,2019-09-04T00:00:00Z,,historical_reconstruction
2019-09-04,0.5275281727,0.0550563454,0.1242483899,-0.01494051982,-0.003876852908,-0.01643773925,0.2372738064,,,,0.04224986776,,,-0.0123181924,,,0.1111447652,0,2019-09-05T00:00:00Z,,historical_reconstruction
2019-09-05,0.5154214866,0.03084297314,0.09414821653,0.01264716167,0.01223419749,0.01394724556,0.1301602042,,,,0.05608715191,,,0.002995365017,,,0.02169248214,0,2019-09-06T00:00:00Z,,historical_reconstruction
2019-09-06,0.506361102,0.01272220403,0.4995923189,-0.007688244615,-0.04019073569,-0.04144225863,0.1960200029,,,,-0.007943546677,,,-0.007271907054,,,-0.01142312197,0,2019-09-07T00:00:00Z,,historical_reconstruction
2019-09-07,0.5251039959,0.05020799175,0.1667183557,-0.002639115054,0.0196326062,0.03291463131,0.09367961424,,,,-0.01163184417,,,-0.0009440308205,,,-0.01568428855,0,2019-09-08T00:00:00Z,,historical_reconstruction
2019-09-08,0.4873843368,-0.02523132632,0.5695729269,0.007730812013,-0.00088227185,0.007170650361,0.08322549241,,,,0.09145846315,,,0.003944725489,,,-0.1282775682,0,2019-09-09T00:00:00Z,,historical_reconstruction
2019-09-09,0.5170953402,0.03419068033,0,-0.001990049751,-0.004850622864,-0.01230920729,0.09164556395,,,,0.09299931584,,,-0.0008068708153,,,-0.03994207708,0,2019-09-10T00:00:00Z,,historical_reconstruction
2019-09-10,0.5047754195,0.009550839092,0.1307146049,0.00954466341,0.00195029533,-0.007561541009,0.1261282303,,,,0.07944309347,,,0.007236474625,,,-0.02384306482,0,2019-09-11T00:00:00Z,,historical_reconstruction
2019-09-11,0.5094468762,0.01889375231,0.0374631349,0.0123218443,0.01289699449,-0.003521323571,0.08710045808,,,,-0.02007883967,,,0.008321008487,,,-0.03616259309,0,2019-09-12T00:00:00Z,,historical_reconstruction
2019-09-12,0.5516192836,0.1032385671,0.1145007229,0.007414014159,0.005340453939,0.01419832763,0.1863521566,,,,0.02756405476,,,0.01101191372,,,0.07239559399,0,2019-09-13T00:00:00Z,,historical_reconstruction
2019-09-13,0.5466351995,0.09327039905,0.2302117226,0.01349837571,0.01315789474,0.009991069435,0.1978536948,,,,-0.01420067876,,,0.01287584753,,,0.08054819502,0,2019-09-14T00:00:00Z,,historical_reconstruction
2019-09-14,0.5869639262,0.1739278524,0.1826123059,0.007066002891,0.01664415023,0.04336975209,0.1317032938,,,,0.03085080089,,,-0.002770238129,,,0.1237198607,0,2019-09-15T00:00:00Z,,historical_reconstruction
2019-09-15,0.5306179802,0.06123596036,0.1256276632,-0.001056914866,0.0008471435379,0.003343949045,0.1356536584,,,,0.1498652931,,,0.0006410623763,,,0.08646728668,0,2019-09-16T00:00:00Z,,historical_reconstruction
2019-09-16,0.5211789811,0.04235796222,0.6437906816,0.02965438029,0.03887484197,0.0200155159,0.2700118269,,,,0.1176391724,,,0.01283618159,,,0.008167281887,0,2019-09-17T00:00:00Z,,historical_reconstruction
2019-09-17,0.5091301667,0.01826033344,0.5044555667,-0.0101914468,0.03090124498,0.04906117505,0.2100814731,,,,0.04098458234,,,-0.006835680458,,,0.008709494346,0,2019-09-18T00:00:00Z,,historical_reconstruction
2019-09-18,0.4939839928,-0.01203201445,0.2176660422,-0.004828859537,-0.01752664049,-0.0061462815,0.07759744242,,,,0.01820692285,,,-0.001492306951,,,-0.03092576676,0,2019-09-19T00:00:00Z,,historical_reconstruction
2019-09-19,0.4965104449,-0.006979110248,0.181093631,-0.005553799612,0.04034010392,0.06560867041,0.1411062095,,,,-0.0184434745,,,0.01565274463,,,-0.1102176774,0,2019-09-20T00:00:00Z,,historical_reconstruction
2019-09-20,0.5032449352,0.006489870441,0.01704193979,0.005627046723,0.004746543779,-0.002242357679,0.1284288685,,,,0.04501105076,,,0.000712503752,,,-0.08678052861,0,2019-09-21T00:00:00Z,,historical_reconstruction
2019-09-21,0.495889204,-0.008221592051,0,-0.01053648661,-0.01339633895,-0.005962836276,0.1469423896,,,,0.08752992769,,,-0.003053814623,,,-0.1821494445,0,2019-09-22T00:00:00Z,,historical_reconstruction
2019-09-22,0.5010076907,0.002015381379,0.112912452,0.02206736353,0.003325415677,0.003039513678,0.1273744933,,,,-0.0143192542,,,0.003946163202,,,-0.05922057898,0,2019-09-23T00:00:00Z,,historical_reconstruction
2019-09-23,0.4993338239,-0.001332352249,0.01623032365,-0.0235750667,-0.0394636381,-0.03872970392,0.3529439199,,,,0.06283320653,,,-0.0105994275,,,-0.04369031447,0,2019-09-24T00:00:00Z,,historical_reconstruction
2019-09-24,0.4934312076,-0.01313758487,0.8803821965,0.005762465122,-0.1393200104,-0.1608380991,0.2970233454,,,,0.07241719439,,,0.01567313396,,,-0.0313979183,0,2019-09-25T00:00:00Z,,historical_reconstruction
2019-09-25,0.5085723362,0.01714467241,0.1652108272,0.007409163654,0.02694864048,0.02084209262,0.1051034901,,,,0.01363417642,,,0.009600126469,,,0.02917668687,0,2019-09-26T00:00:00Z,,historical_reconstruction
2019-09-26,0.5017688078,0.003537615664,0.2896388421,0.004723265108,0.0375836408,-0.01671210146,0.1074303173,,,,0.02042810742,,,-0.008394009338,,,0.01051672591,0,2019-09-27T00:00:00Z,,historical_reconstruction
2019-09-27,0.5183033643,0.03660672857,0,0.0389788964,0.05943672275,0.05072551391,0.2931280648,,,,-0.02229485015,,,0.0233068265,,,0.03011685812,0,2019-09-28T00:00:00Z,,historical_reconstruction
2019-09-28,0.5177553686,0.03551073719,0,-0.000633640553,0.02064948818,0.006147422142,0.1804486584,,,,-0.02142384453,,,0.00638039581,,,0.04373232924,0,2019-09-29T00:00:00Z,,historical_reconstruction
2019-09-29,0.5044709739,0.00894194772,0,0.01347386071,0.01183785723,-0.001062448353,0.1420546762,,,,0.0252318247,,,0.01140814451,,,0.006926566341,0,2019-09-30T00:00:00Z,,historical_reconstruction
2019-09-30,0.5262788271,0.0525576541,0.3968301417,0.01715410574,0.01112602035,0.04755560704,0.1100424032,,,,0.0114873125,,,0.002418572704,,,0.05389000635,0,2019-10-01T00:00:00Z,,historical_reconstruction
2019-10-01,0.488030391,-0.02393921796,0.1193452081,-0.002838328792,-0.01833016654,-0.02562680275,0.0788197364,,,,-0.06016731202,,,-0.001223713054,,,-0.01080163309,0,2019-10-02T00:00:00Z,,historical_reconstruction
2019-10-02,0.5061885749,0.0123771498,0.2680910759,0.01463634317,0.02618993396,0.01830508475,0.2155545816,,,,-0.02835391724,,,0.01246086677,,,-0.004767522617,0,2019-10-03T00:00:00Z,,historical_reconstruction
2019-10-03,0.4814197551,-0.03716048977,0.4887301063,0.01404771579,0.01682188591,-0.008738580264,0.1191472404,,,,-0.04259879489,,,0.009693051328,,,-0.04069810543,0,2019-10-04T00:00:00Z,,historical_reconstruction
2019-10-04,0.5344551732,0.06891034633,0.1750295743,-0.01087446473,0.002112113255,0.004520485237,0.1410648091,,,,0.06848840019,,,-0.005714879214,,,0.03230361776,0,2019-10-05T00:00:00Z,,historical_reconstruction
2019-10-05,0.5339437614,0.06788752278,0.06333346227,0.01026023157,0.002103707073,0.01153581267,0.1639934755,,,,0.09815608262,,,0.00745344387,,,0.03237678559,0,2019-10-06T00:00:00Z,,historical_reconstruction
2019-10-06,0.4766701426,-0.04665971477,0.2730608506,0.004369390647,-0.02010484475,-0.02049982725,0.1330340327,,,,0.004922587604,,,-0.004412439505,,,-0.05560166249,0,2019-10-07T00:00:00Z,,historical_reconstruction
2019-10-07,0.5425655046,0.08513100922,0.3280991605,-0.001831501832,0.01363918165,0.02918454936,0.121915373,,,,0.008482727633,,,-0.002546583851,,,0.03257335512,0,2019-10-08T00:00:00Z,,historical_reconstruction
2019-10-08,0.4953484549,-0.009303090218,0.005632280453,0.01034965035,0.008206330598,0.0003323363244,0.1401652562,,,,0.03739004887,,,0.0002204102324,,,0.01463612774,0,2019-10-09T00:00:00Z,,historical_reconstruction
2019-10-09,0.5272897212,0.0545794424,0.1219544948,0.005113754957,0.01038606798,0.04970027248,0.1316474904,,,,-0.007021228086,,,-0.002215682275,,,0.04220229261,0,2019-10-10T00:00:00Z,,historical_reconstruction
2019-10-10,0.5184022739,0.03680454785,0.08930372448,-0.002348765593,-0.00375273637,0.009560027465,0.08152057698,,,,-0.01542353267,,,0.0003588561489,,,0.07396503761,0,2019-10-11T00:00:00Z,,historical_reconstruction
2019-10-11,0.4842333987,-0.03153320262,0.03255244256,-0.006869264164,-0.02027539846,-0.01809290954,0.06694570153,,,,-0.008637162754,,,-0.01012350533,,,-0.1004435489,0,2019-10-12T00:00:00Z,,historical_reconstruction
2019-10-12,0.5092431016,0.01848620311,0.04342267616,-5.565139963e-05,-0.01867831786,-0.016852703,0.1344255089,,,,-0.07296720182,,,-0.001390818911,,,-0.04940131967,0,2019-10-13T00:00:00Z,,historical_reconstruction
2019-10-13,0.5037777786,0.007555557272,0.2528330246,-0.01114571382,-0.01410829066,-0.008219628473,0.2357117697,,,,-0.001290156333,,,-0.01885340561,,,0.05421527205,0,2019-10-14T00:00:00Z,,historical_reconstruction
2019-10-14,0.5215463749,0.04309274976,0.1834549134,0.004951560818,0.02706270627,0.02306722919,0.1211536113,,,,0.01832000509,,,0.002430367101,,,-0.04203825947,0,2019-10-15T00:00:00Z,,historical_reconstruction
2019-10-15,0.4935186181,-0.01296276382,0.107184582,0.002499444568,-0.01693899782,-0.01843593648,0.09431873461,,,,-0.04005995902,,,-0.002178033777,,,-0.003659673597,0,2019-10-16T00:00:00Z,,historical_reconstruction
2019-10-16,0.5016691385,0.003338277026,0.1475389804,0.00541693079,0.006170703576,-0.01267613604,0.0857748557,,,,0.01251586897,,,0.004219568342,,,-0.05124116538,0,2019-10-17T00:00:00Z,,historical_reconstruction
2019-10-17,0.5272743449,0.05454868977,0.1989309973,0.003682510906,-5.644296438e-05,0.005334241289,0.1062354653,,,,-0.01919751016,,,0.001397140205,,,0.01774414192,0,2019-10-18T00:00:00Z,,historical_reconstruction
2019-10-18,0.477708165,-0.04458367001,0.0972324715,-0.008551914136,0.00290292615,0.003368959108,0.07804260191,,,,-0.04598064583,,,0.0006875232165,,,-0.01305046739,0,2019-10-19T00:00:00Z,,historical_reconstruction
2019-10-19,0.5178192652,0.03563853039,0.0368080299,0.004150105214,-0.008541582501,-0.008312647925,0.1143842577,,,,-0.007647646397,,,-0.003033043618,,,0.01715232728,0,2019-10-20T00:00:00Z,,historical_reconstruction
2019-10-20,0.5410447058,0.08208941163,0,-0.001766079872,0.01271529303,0.02252567694,0.1417589058,,,,0.02927718953,,,-0.001414693382,,,0.07453385436,0,2019-10-21T00:00:00Z,,historical_reconstruction
2019-10-21,0.5184496169,0.0368992338,0.6085032452,0.004271530824,0.006421010008,-0.01259931896,0.07527649824,,,,-0.05257048335,,,0.001675310012,,,-0.00619351596,0,2019-10-22T00:00:00Z,,historical_reconstruction
2019-10-22,0.4900530922,-0.01989381553,0,-0.004766887571,-0.0124596216,-0.0152996664,0.1982705913,,,,0.01195084598,,,-0.01810867162,,,-0.006931051713,0,2019-10-23T00:00:00Z,,historical_reconstruction
2019-10-23,0.4674121019,-0.06517579626,0.5860610904,0.01051910868,0.0248074738,-0.02375225496,0.08190228466,,,,0.04382529108,,,-0.002175627096,,,-0.06851407329,0,2019-10-24T00:00:00Z,,historical_reconstruction
2019-10-24,0.5211848599,0.04236971973,0,-0.009204917526,-0.007242339833,-0.003231821007,0.08480277946,,,,0.02097154207,,,-0.007882162408,,,-0.01217897004,0,2019-10-25T00:00:00Z,,historical_reconstruction
2019-10-25,0.5277925344,0.05558506885,0.4037285471,0.004594011181,0.03324604349,0.09661047671,0.09935926802,,,,-0.03684453738,,,0.002333561478,,,0.1001687389,0,2019-10-26T00:00:00Z,,historical_reconstruction
2019-10-26,0.5093914269,0.01878285372,0,0.01757469244,-0.008013706201,-0.01096539564,0.0570036058,,,,0.01494902407,,,0.02569345434,,,-0.01685567666,0,2019-10-27T00:00:00Z,,historical_reconstruction
2019-10-27,0.5315312309,0.06306246181,0.05101208174,-0.0159588711,5.44247306e-05,0.02550507869,0.1303397749,,,,0.05425090492,,,-0.01874691104,,,-0.01902694982,0,2019-10-28T00:00:00Z,,historical_reconstruction
2019-10-28,0.507598067,0.01519613401,0.119665648,-0.006723148401,-0.00590809628,-0.01778282255,0.08743749074,,,,0.02311226837,,,-0.02049324677,,,-0.02170309978,0,2019-10-29T00:00:00Z,,historical_reconstruction
2019-10-29,0.5087280244,0.01745604883,0.2231851796,0.01551586244,0.02568797458,0.01432603717,0.2071857818,,,,-0.005043047756,,,0.01949118746,,,0.03734986436,0,2019-10-30T00:00:00Z,,historical_reconstruction
2019-10-30,0.4923550855,-0.01528982893,0.1352967659,-0.001036439014,0.005159448927,-0.0004366573877,0.06233510031,,,,-0.008024977315,,,-0.005048271035,,,0.04988596733,0,2019-10-31T00:00:00Z,,historical_reconstruction
2019-10-31,0.5127755568,0.02555111356,0.4191774107,-0.004208800219,0.002641717116,0.01048311054,0.1664181704,,,,0.02263510514,,,-0.007618048815,,,-0.01681860617,0,2019-11-01T00:00:00Z,,historical_reconstruction
2019-11-01,0.5322548902,0.06450978036,0.1463281292,0.009440211991,0.02110906349,0.006716952045,0.1790839323,,,,0.01614695607,,,0.006708767308,,,0.008924711516,0,2019-11-02T00:00:00Z,,historical_reconstruction
2019-11-02,0.4974945483,-0.005010903318,0,-0.004679762747,-0.00559965206,0.0009302834628,0.1284060789,,,,-0.06417314202,,,-0.00275678461,,,-0.02379375704,0,2019-11-03T00:00:00Z,,historical_reconstruction
2019-11-03,0.5045566795,0.009113358979,0.2868659139,0.006319290466,0.002042280731,0.0003857386896,0.120126788,,,,0.0325184005,,,0.006524278306,,,-0.05394910283,0,2019-11-04T00:00:00Z,,historical_reconstruction
2019-11-04,0.5443433273,0.08868665465,0.279839796,-0.002095647501,-0.003541342491,0.004815496158,0.2016276049,,,,0.01020996579,,,0.01414108916,,,0.07349052064,0,2019-11-05T00:00:00Z,,historical_reconstruction
2019-11-05,0.5143122872,0.02862457446,0.4737832415,-0.006215105867,-0.009033613445,0.01457224283,0.09768723567,,,,0.03520870264,,,-0.008511413346,,,0.01116852563,0,2019-11-06T00:00:00Z,,historical_reconstruction
2019-11-06,0.5049772647,0.00995452948,0,0.009185936015,0.002412165705,0.0008376963351,0.1095098258,,,,-0.005109890798,,,0.004959668394,,,0.02524435841,0,2019-11-07T00:00:00Z,,historical_reconstruction
2019-11-07,0.5016205097,0.003241019365,0.01036648291,0.003116603976,0.005114951812,0.0001607286365,0.100684165,,,,0.0005636377641,,,0.00164219674,,,-0.02231009419,0,2019-11-08T00:00:00Z,,historical_reconstruction
2019-11-08,0.4816710424,-0.03665791528,0,-0.001467311559,0.001307901907,-0.00233479937,0.07740845579,,,,-0.00463912877,,,-0.003805955321,,,-0.1011676956,0,2019-11-09T00:00:00Z,,historical_reconstruction
2019-11-09,0.5093916764,0.01878335283,0.0216772429,0.005438033607,0.007959439568,0.003636955814,0.09016429692,,,,0.001308899782,,,0.00590451831,,,0.02379425615,0,2019-11-10T00:00:00Z,,historical_reconstruction
2019-11-10,0.5071971482,0.01439429634,0.6013789724,-0.005368986209,0.01177982437,0.01270164532,0.08015720756,,,,-0.01528686597,,,-0.0009747698184,,,0.005280937358,0,2019-11-11T00:00:00Z,,historical_reconstruction
2019-11-11,0.489390118,-0.02121976394,0.1863662516,-0.00841597427,-0.004413347686,-0.008043758044,0.08806480248,,,,-0.006101770217,,,-0.003426791277,,,-0.1099064186,0,2019-11-12T00:00:00Z,,historical_reconstruction
2019-11-12,0.5072109421,0.01442188413,0.328218013,0.007702251427,0.01168009517,0.006563727336,0.1275264249,,,,0.01195095312,,,0.005448973289,,,-0.01420269033,0,2019-11-13T00:00:00Z,,historical_reconstruction
2019-11-13,,,,,,,,,,,,,,,,,,,2019-11-14T00:00:00Z,,historical_reconstruction
2019-11-14,0.4776379016,-0.04472419673,0.2236731158,0.006860503104,0.001950585176,-0.00129617628,0.08638675058,,,,-0.01742456867,,,-0.0002682391028,,,-0.05467872621,0,2019-11-15T00:00:00Z,,historical_reconstruction
2019-11-15,0.4827389589,-0.03452208221,0.2367557626,0.002171371304,0.0006114847963,-0.01821751936,0.04558012665,,,,-0.014279422,,,-0.001691004563,,,-0.03776310158,0,2019-11-16T00:00:00Z,,historical_reconstruction
2019-11-16,0.5007857997,0.001571599365,0,-0.0001644736842,-0.001642305797,0.003963666391,0.1071588457,,,,-0.02266992346,,,0.002209553486,,,0.03822951464,0,2019-11-17T00:00:00Z,,historical_reconstruction
2019-11-17,0.5008076126,0.001615225252,0.1342356777,-0.006700529558,-0.002333785617,-0.001954609621,0.1171696744,,,,-0.006042597969,,,-0.005911403771,,,-0.01716812758,0,2019-11-18T00:00:00Z,,historical_reconstruction
2019-11-18,0.4577465125,-0.08450697504,0,-0.003355704698,-0.0155240042,-0.0228656029,0.08384692596,,,,-0.03936076335,,,-0.003195989003,,,-0.09890127137,0,2019-11-19T00:00:00Z,,historical_reconstruction
2019-11-19,0.5005758553,0.001151710594,0.1815734392,0.01027849555,0.005601280293,0.007386200973,0.09057640947,,,,-0.0007139863408,,,0.002953257153,,,0.02237147453,0,2019-11-20T00:00:00Z,,historical_reconstruction
2019-11-20,0.4898824251,-0.02023514979,0.112632936,0.0005153753651,-0.007216319109,-0.001143379831,0.08394377454,,,,-0.05227854085,,,0.00116212798,,,-0.03465703392,0,2019-11-21T00:00:00Z,,historical_reconstruction
2019-11-21,0.4947317952,-0.01053640956,0.1387690136,0.003677845655,-0.001797892126,-0.04291743446,0.07081533776,,,,0.06817800021,,,-0.000269993971,,,0.03418778718,0,2019-11-22T00:00:00Z,,historical_reconstruction
2019-11-22,0.4713037782,-0.05739244356,0.3457629397,-0.02011400118,0.01013102796,0.00463491637,0.0655176892,,,,-0.01910527723,,,-0.004066917789,,,-0.02287036135,0,2019-11-23T00:00:00Z,,historical_reconstruction
2019-11-23,0.5091543206,0.01830864116,0,0.001715265866,-0.001512461366,0.01967631455,0.07565621925,,,,-0.008149124915,,,0.003570075602,,,0.01673704179,0,2019-11-24T00:00:00Z,,historical_reconstruction
2019-11-24,0.4816463596,-0.03670728072,0.2497796017,-0.02758285278,-0.02487284888,-0.06687112474,0.1711129188,,,,-0.02046865722,,,-0.01785516121,,,-0.03832250597,0,2019-11-25T00:00:00Z,,historical_reconstruction
2019-11-25,,,,,,,,,,,,,,,,,,,2019-11-26T00:00:00Z,,historical_reconstruction
2019-11-26,0.487831755,-0.02433649001,0.09906365594,0.01710462791,0.01180102916,0.009860987468,0.1149517981,,,,-0.03789681314,,,0.01118841989,,,0.06017048503,0,2019-11-27T00:00:00Z,,historical_reconstruction
2019-11-27,0.5154292133,0.03085842659,0.1734328657,-0.008059274665,0.01294219154,0.04184585979,0.06386530736,,,,0.01197696271,,,-0.007315057808,,,0.029706716,0,2019-11-28T00:00:00Z,,historical_reconstruction
2019-11-28,0.4999549191,-9.016186362e-05,0.4336557617,-0.01932461448,-0.02110800805,-0.005739164853,0.1506009443,,,,-0.01491154035,,,-0.02477914724,,,0.02014498793,0,2019-11-29T00:00:00Z,,historical_reconstruction
2019-11-29,0.5227958035,0.04559160691,0.2298208561,0.002399481193,-0.01459900548,0.006446151843,0.1524506867,,,,0.005645742632,,,0.003602225133,,,0.05612801647,0,2019-11-30T00:00:00Z,,historical_reconstruction
2019-11-30,0.5074674921,0.01493498419,0,0.005379914984,-0.001121816022,-0.0091641029,0.1033432253,,,,0.004096367529,,,0.004727965469,,,0.07232742775,0,2019-12-01T00:00:00Z,,historical_reconstruction
2019-12-01,0.5023347355,0.004669471089,0.02240361012,0.003795950986,0.008699725624,0.02300800869,0.09046254952,,,,-0.01972678839,,,0.004766287421,,,-0.01363917007,0,2019-12-02T00:00:00Z,,historical_reconstruction
2019-12-02,0.4882251909,-0.02354961824,0.3162165254,0.007591676269,0.001482180152,-0.001746021087,0.09621367637,,,,-0.06186511564,,,0.002885901703,,,0.01315766248,0,2019-12-03T00:00:00Z,,historical_reconstruction
2019-12-03,0.5108096429,0.02161928577,0.2176923552,-0.003723260222,-0.006547860132,0.002588732202,0.09379704046,,,,0.01745852764,,,-0.003862865541,,,0.04595577578,0,2019-12-04T00:00:00Z,,historical_reconstruction
2019-12-04,0.4869894826,-0.02602103475,0.6075390117,-0.02872795297,-0.0250804721,-0.001030715316,0.2546250413,,,,-0.03361041472,,,-0.03813078914,,,-0.05687946135,0,2019-12-05T00:00:00Z,,historical_reconstruction
2019-12-05,0.5341242122,0.0682484244,0.2477278394,0.003387533875,0.007345939328,0.01085250154,0.08527413164,,,,0.02952864229,,,0.001982539549,,,0.06833858626,0,2019-12-06T00:00:00Z,,historical_reconstruction
2019-12-06,0.5391139062,0.07822781241,0.222956021,0.002363268062,0.008286354683,0.01379498737,0.09908597279,,,,0.00290492672,,,0.01269727664,,,0.0326362055,0,2019-12-07T00:00:00Z,,historical_reconstruction
2019-12-07,0.5250037078,0.05000741566,0.08476048598,-0.004869471121,-0.007487352445,-0.005407597675,0.1004410488,,,,0.02275061614,,,-0.004227393617,,,0.03507243147,0,2019-12-08T00:00:00Z,,historical_reconstruction
2019-12-08,0.5549616737,0.1099233474,0.5361913664,0.0001329610424,-0.0015927794,0.0153887689,0.1117858195,,,,0.08526145997,,,-0.0008248728432,,,0.1052538763,0,2019-12-09T00:00:00Z,,historical_reconstruction
2019-12-09,0.4647706174,-0.07045876515,0.2181196496,0.0002714809285,-0.004391001824,-0.01180099236,0.1242601808,,,,-0.0888823435,,,-0.004828965658,,,-0.04690914691,0,2019-12-10T00:00:00Z,,historical_reconstruction
2019-12-10,0.4770247684,-0.04595046314,0.08310060937,0.004485542751,0.002824664141,-0.01134279698,0.0990544311,,,,-0.04119881859,,,-0.0009431679102,,,-0.06756974892,0,2019-12-11T00:00:00Z,,historical_reconstruction
2019-12-11,0.5224449494,0.04488989887,0.5588439169,0.004272307046,0.004061340242,-0.01497561311,0.08139134826,,,,0.01634591404,,,0.00129293165,,,0.07091093362,0,2019-12-12T00:00:00Z,,historical_reconstruction
2019-12-12,0.4889190317,-0.02216193662,0.09647461481,-0.001240951396,0.007090719499,0.005134253799,0.09885203068,,,,-0.008381097566,,,-0.0009257781325,,,-0.09041036102,0,2019-12-13T00:00:00Z,,historical_reconstruction
2019-12-13,0.5119583419,0.02391668384,0,0.002214839424,0.001521648914,0.002700644,0.08940551018,,,,-0.01200478912,,,0.0006355228313,,,-0.05431112856,0,2019-12-14T00:00:00Z,,historical_reconstruction
2019-12-14,0.4735771226,-0.05284575478,0.2479297434,-0.002462361052,0.0002821869489,-0.01005375969,0.07869365248,,,,-0.02723068065,,,-0.001217363764,,,-0.1028531704,0,2019-12-15T00:00:00Z,,historical_reconstruction
2019-12-15,0.4844518128,-0.03109637447,0.4698081161,-0.002730136507,-0.004750593824,-0.002031523643,0.08187533241,,,,-0.07533737211,,,0.0005495679356,,,-0.1410197219,0,2019-12-16T00:00:00Z,,historical_reconstruction
2019-12-16,0.457514148,-0.08497170404,0.6218424923,0.007361870067,-0.05838535755,-0.05945294785,0.2071507028,,,,-0.06629952803,,,-0.001587789091,,,-0.01451293889,0,2019-12-17T00:00:00Z,,historical_reconstruction
2019-12-17,0.4838138111,-0.03237237788,0,-0.007734266873,-0.04204983101,-0.0785514478,0.1832636437,,,,-0.01712767185,,,0.0006238962852,,,0.01357808526,0,2019-12-18T00:00:00Z,,historical_reconstruction
2019-12-18,0.530611574,0.06122314799,0.1785073652,0.0317016317,0.04247468007,0.09122287968,0.2145770145,,,,0.01633817525,,,0.04625299558,,,0.01633324912,0,2019-12-19T00:00:00Z,,historical_reconstruction
2019-12-19,0.4860109928,-0.02797801447,0.0182025772,0.004548306148,0.006047278725,0.01610216546,0.1208392286,,,,-0.01717885259,,,-0.003843747954,,,-0.005816077851,0,2019-12-20T00:00:00Z,,historical_reconstruction
2019-12-20,0.5131016287,0.02620325744,0.103096856,0.0012497071,0.006121968448,0.006279927781,0.08764101467,,,,-0.009676628847,,,0.0005345219022,,,0.0022865736,0,2019-12-21T00:00:00Z,,historical_reconstruction
2019-12-21,0.4804730726,-0.03905385488,0,-0.0003148862473,-0.002670226969,-0.003218210361,0.1077403874,,,,-0.07878209533,,,-0.001720074345,,,0.0137918999,0,2019-12-22T00:00:00Z,,historical_reconstruction
2019-12-22,0.5174852793,0.03497055869,0.2026183153,0.0011368804,0.01944894652,0.02371541502,0.201740733,,,,-0.0194142593,,,0.0137820868,,,0.06606693316,0,2019-12-23T00:00:00Z,,historical_reconstruction
2019-12-23,0.4619506759,-0.07609864811,0.377734239,-0.009762900976,-0.04068458189,-0.03888095059,0.1264111611,,,,-0.05950048643,,,-0.01551185488,,,0.008873055931,0,2019-12-24T00:00:00Z,,historical_reconstruction
2019-12-24,0.5015033513,0.003006702609,0,-0.0007040050063,-0.001016578042,-0.006764111336,0.08599422895,,,,0.01486279158,,,0.0002550345193,,,0.03537908049,0,2019-12-25T00:00:00Z,,historical_reconstruction
2019-12-25,0.4381671626,-0.1236656748,0,-0.002790178571,0.005384986337,0.005708313234,0.09452778192,,,,-0.1738920117,,,-0.004613140058,,,-0.1848888228,0,2019-12-26T00:00:00Z,,historical_reconstruction
2019-12-26,0.4674052866,-0.06518942686,0.04313742877,-0.02590753956,-0.004755111745,0.003435876948,0.2305847426,,,,-0.1072257179,,,-0.0128973013,,,-0.03721141238,0,2019-12-27T00:00:00Z,,historical_reconstruction
2019-12-27,0.4830331306,-0.03393373871,0.009859191904,0.007499002792,0.00158616861,0.02126799288,0.06936145111,,,,-0.03794834169,,,0.005501001379,,,-0.06013699615,0,2019-12-28T00:00:00Z,,historical_reconstruction
2019-12-28,0.4877387143,-0.02452257146,0.06736957502,-0.007207067576,0.00525737602,0.006283874008,0.1147204781,,,,-0.05953959899,,,-0.003888518251,,,0.01453128342,0,2019-12-29T00:00:00Z,,historical_reconstruction
2019-12-29,0.4892402512,-0.02151949761,0.0529281061,-0.003633667037,0.01803303531,0.03849126604,0.3500860665,,,,-0.0411432369,,,-0.01122705306,,,-0.0564900563,0,2019-12-30T00:00:00Z,,historical_reconstruction
2019-12-30,0.4804084701,-0.03918305971,0,0.002132358541,0.007271892223,-0.01134485349,0.09501920232,,,,0.03081460517,,,0.0006697831146,,,0.0369155884,0,2019-12-31T00:00:00Z,,historical_reconstruction
2019-12-31,0.4944395271,-0.0111209459,0.4600669053,0.005370903713,-0.004240228201,-0.02121855108,0.07040512032,,,,0.01792152187,,,0.002994249869,,,-0.0141276485,0,2020-01-01T00:00:00Z,,historical_reconstruction
2020-01-01,0.4964004876,-0.007199024737,0.3507258232,-0.008266343091,-0.009918231375,0.0002294630564,0.1771277208,-0.001147052076,0.004818872948,3.220585297,-0.07304198463,-0.01781951485,-0.0006915502951,-0.003960174176,0.4988099241,,0.1164666501,0,2020-01-02T00:00:00Z,,historical_reconstruction
2020-01-02,0.4953300537,-0.009339892554,0.3339295792,-0.003447465329,-0.01844420435,-0.01798949969,0.06326165984,-0.0006289802657,-0.02076048169,2.451279886,0.04314510728,0.00889348425,-0.0001021136577,-0.002423155745,0.4849498129,,0.0558495343,0,2020-01-03T00:00:00Z,,historical_reconstruction
2020-01-03,0.5516058412,0.1032116825,0.4474316172,0.006517830387,0.01380923634,0.01403879538,0.09606877985,-0.0004465947153,-0.08085204295,2.309208934,0.06215391048,-0.008688976821,-5.475907297e-06,0.0001824713152,0.5111798198,,0.1371454212,0,2020-01-04T00:00:00Z,,historical_reconstruction
2020-01-04,0.4657640701,-0.06847185978,0.003066968052,0.003664647371,0.007053879634,0.003289473684,0.0928951534,-0.0004470938897,0.07813782571,2.765859967,-0.1603242861,0.01279550227,1.523261886e-05,0.002620352861,0.504832983,,-0.04394928832,0,2020-01-05T00:00:00Z,,historical_reconstruction
2020-01-05,0.4989477898,-0.002104420415,0.603995775,-0.01884467638,-0.01362576508,0.002295276174,0.1845548892,-0.0002954864446,-0.005871573187,2.633387873,-0.01738096982,-0.0008311194174,0.0003010822662,-0.01154645379,0.4960120032,,0.01941507719,0,2020-01-06T00:00:00Z,,historical_reconstruction
2020-01-06,0.4892956325,-0.02140873508,0.03518420776,0.01980898479,0.02824737856,0.01844001696,0.1746908368,-0.0007630939993,0.05342355468,2.682787479,-0.07824640169,0.008471429997,-0.0006844654868,0.02894794781,0.5160074098,,0.01777432463,0,2020-01-07T00:00:00Z,,historical_reconstruction
2020-01-07,0.5007924455,0.001584890987,0,-0.002723653886,0.02380269573,0.001262095078,0.1529293731,0.0004201680672,-0.0002663019808,2.151277931,-0.01157598633,-0.001071900478,-0.0004650071508,0.008867073172,0.5006592945,,0.01270583688,0,2020-01-08T00:00:00Z,,historical_reconstruction
2020-01-08,0.4946478623,-0.01070427536,0.3099735115,0.02052360577,-0.004949794937,-0.01950947603,0.1071998183,0.0002131893121,-0.006014456009,2.115340264,0.01071359223,0.003958830817,-0.0002659578556,0.01160536243,0.4916406343,0.001360241388,-0.00350525062,0,2020-01-09T00:00:00Z,,historical_reconstruction
2020-01-09,0.5081189465,0.01623789301,0.273592397,0.001599767307,-0.003256386135,-0.003616898148,0.2498526854,-7.260055176e-05,-0.05462750343,2.615005361,0.03094222123,-0.01496707116,-0.0001787690706,-0.01260364633,0.4808051948,0.000556379714,0.02557778557,0,2020-01-10T00:00:00Z,,historical_reconstruction
2020-01-10,0.5185538327,0.03710766538,0,0.009900990099,0.01620711429,0.04638058084,0.1006040054,-0.0002761668048,-0.04227711446,2.215907128,0.008128961307,-0.02510657737,-0.001504662038,0.01724610793,0.4974152755,0.0001704279105,-0.06610401711,0,2020-01-11T00:00:00Z,,historical_reconstruction
2020-01-11,0.5152405907,0.03048118132,0.2505532345,-0.02659465372,-0.007182204867,-0.001752786931,0.2355221806,0.000140469167,-0.06680067493,2.257359117,0.01161150681,-0.02283962419,7.189069891e-05,-0.01616336084,0.4818402532,0.0005875630567,0.0989530411,0,2020-01-12T00:00:00Z,,historical_reconstruction
2020-01-12,0.4896765675,-0.0206468651,0.03779375764,0.0143984494,0.01110881115,0.02132701422,0.09188733768,0.0002047222601,0.06506457735,2.746400747,-0.05489073697,0.03799859731,-5.418754261e-06,0.00658927122,0.5222088561,0.0005002087047,-0.01854244468,0,2020-01-13T00:00:00Z,,historical_reconstruction
2020-01-13,0.4782162604,-0.04356747919,0.2690605079,0.0005574912892,0.00525099769,0.005743905856,0.1362595418,0,0.04425762405,2.685575799,-0.02044418428,0.01659700915,-0.0003279763857,-0.0001836823503,0.5003450724,0.0007630939993,-0.02215874411,0,2020-01-14T00:00:00Z,,historical_reconstruction
2020-01-14,0.513977977,0.02795595403,0.09519743641,0.001329948011,0.06254410161,0.09290050145,0.115369411,0.000784834581,-0.02036686334,1.972352175,-0.01022236697,-0.02026339645,-0.0009166390836,0.005076715445,0.5037945453,0.0003646665138,0.02637106304,0,2020-01-15T00:00:00Z,,historical_reconstruction
2020-01-15,0.4863487267,-0.02730254665,0,0.01081278095,0.02456745274,0.01161164812,0.1088990782,0.001201923077,-0.02486478057,1.931288465,-0.02976217147,-0.02383519486,0.0007609504886,0.006829826161,0.4739163364,0.0009887337648,-0.01659827129,0,2020-01-16T00:00:00Z,,historical_reconstruction
2020-01-16,0.4860375051,-0.02792498977,0.04866695789,0.003974076791,0.01046089471,0.001219437839,0.124614473,0.0009743620973,-0.02498493993,1.721546962,-0.02809631477,-0.04483924715,0.0003929407457,0.001723145637,0.4735450352,0.001046962649,-0.04416288279,0,2020-01-17T00:00:00Z,,historical_reconstruction
2020-01-17,0.4892172287,-0.02156554255,0,0.003663653017,0.009149783138,-0.0007647958583,0.07925592302,0.001236385046,-0.01197380255,1.233628313,-0.04130219783,-0.03275951984,0.0006260597782,0.003789572313,0.4832303274,0.00151255185,-0.05867320793,0,2020-01-18T00:00:00Z,,historical_reconstruction
2020-01-18,0.5091226773,0.01824535468,0.09980462931,-0.004629894256,-0.007975390224,0.02968306528,0.08365050669,0.001665326749,-0.06395389971,1.191593335,0.0037582564,-0.04246709448,0.000651414618,0.0009171747426,0.4771457275,0.001524857582,-0.01223582664,0,2020-01-19T00:00:00Z,,historical_reconstruction
2020-01-19,0.4915967636,-0.01680647278,0.4254796536,0.01115489542,0.01238239757,0.001080367325,0.1305897126,0.001498890821,-0.06391767474,1.191738958,0.03028894734,-0.05374513696,0.001021972517,0.006364299782,0.4596379262,0.001294168561,0.003840392313,0,2020-01-20T00:00:00Z,,historical_reconstruction
2020-01-20,0.5079777041,0.01595540821,0.1164067948,-0.004711916975,-5.992329818e-05,0.0234283962,0.1565194465,0.0009588302271,-0.1032870288,1.089929825,0.01554471164,-0.05293027197,7.365432011e-05,-0.003592547884,0.4563341897,0.0009588302271,0.0595228874,0,2020-01-21T00:00:00Z,,historical_reconstruction
2020-01-21,0.5021145955,0.004229190968,0,0.02640343971,0.008328871438,0.009349690329,0.215461275,0.000177001593,-0.03191971456,1.142819669,-0.02282168556,-0.02395283296,-0.0005555966238,0.02406353486,0.4861547382,-0.000607832988,-0.02372676306,0,2020-01-22T00:00:00Z,,historical_reconstruction
2020-01-22,0.4822595707,-0.03548085866,0.02827785695,0.0005953444067,0.003822492982,0.0004166666667,0.06142522894,0.0007139882192,0.01121120567,1.227597997,-0.03132430054,-0.005196668133,0.0004594491307,0.001425605536,0.4878651735,-0.0004879348577,-0.008178312016,0,2020-01-23T00:00:00Z,,historical_reconstruction
2020-01-23,0.4796468535,-0.04070629299,0,0.01363466567,-0.002206287921,0.000676090965,0.1022944258,0.0009827406179,-0.03509386549,1.288853679,-0.00757499666,-0.04402386266,0.0003783039576,0.004136250134,0.4620999208,8.378520584e-06,-0.01278130322,0,2020-01-24T00:00:00Z,,historical_reconstruction
2020-01-24,0.4701140275,-0.05977194509,0.4349374617,-0.00708613317,-0.0007991639516,0.01144990666,0.0884327236,0.000553709856,0.02518338528,1.100666498,-0.08158030932,-0.03836267876,0.0002029573972,-0.007001235512,0.4827057201,-0.0006826751896,-0.03820640254,0,2020-01-25T00:00:00Z,,historical_reconstruction
2020-01-25,0.5209407396,0.04188147915,0.635673982,-0.004037267081,-0.0004986598516,0.0065913371,0.1482994661,0.001060180854,-0.05582385563,1.288188388,0.01685557747,0.002892413538,0.0005734041554,-0.002591407815,0.4930288118,-0.0006051458942,0.02363612447,0,2020-01-26T00:00:00Z,,historical_reconstruction
2020-01-26,0.5396313674,0.0792627348,0.1816672184,0.01047435589,0.02760942761,0.02874302874,0.1662308292,0.0002382938163,-0.06344116597,1.295114669,0.06437122028,-0.02254548675,0.0006782241703,0.00560406864,0.5079107844,-0.001260597005,0.09606920759,0,2020-01-27T00:00:00Z,,historical_reconstruction
2020-01-27,0.5003616561,0.0007233122763,0.2529826216,-0.006542056075,0.0004117404859,0.008957703031,0.1204588212,0.00076434619,-0.0163866118,1.143487934,-0.05928021195,-0.04648238781,8.627124928e-05,-0.002747391154,0.4921683502,-0.0001944840371,-0.01523209593,0,2020-01-28T00:00:00Z,,historical_reconstruction
2020-01-28,0.526593511,0.05318702208,0.163755031,0.02605444561,0.01914819543,0.02157854941,0.1682174938,0.001366431337,-0.02460787349,1.111565827,0.01102909815,0.02039946296,-0.001275924659,0.04039630509,0.5142895743,0.001189429744,0.04895783111,0,2020-01-29T00:00:00Z,,historical_reconstruction
2020-01-29,0.4772103168,-0.0455793664,0,-0.01647511748,-0.007881210737,-0.01401895681,0.119465936,0.0004605111674,-0.02957420577,1.266356649,-0.03403117876,-0.05277200529,-0.0005576009066,-0.00981505749,0.4624232139,-0.0002534770518,-0.01009850774,0,2020-01-30T00:00:00Z,,historical_reconstruction
2020-01-30,0.5055815872,0.0111631745,0.1931694339,0.01763182544,0.03980407612,0.05368553172,0.2049808096,0.002436515242,-0.01177555247,1.369890238,-0.007153743771,-0.01526277001,0.001126757547,0.0007247809878,0.499693811,0.001453774624,0.05186946749,0,2020-01-31T00:00:00Z,,historical_reconstruction
2020-01-31,0.4742193093,-0.05156138145,0.2052099603,0.003232818683,-0.0001111049386,-0.004810350547,0.1034294722,0.0008333796322,-0.01328017878,1.748372458,-0.03869458946,-0.02974541352,-0.0004090171029,0.005284982781,0.4675792199,0.0002796697762,0.008210563633,0,2020-02-01T00:00:00Z,,historical_reconstruction
2020-02-01,0.4842022687,-0.03159546259,0.2212386935,0.004321426618,0.01168172801,0.01481317709,0.09752076959,0.001198257081,-0.02125887697,2.03289092,-0.05915780346,-0.04943028813,0.0003319451081,0.001798722427,0.4735728302,0.0001380762262,-0.07347694174,0,2020-02-02T00:00:00Z,,historical_reconstruction
2020-02-02,0.5072505314,0.01450106288,0.3416426286,-0.01628732512,-0.02093832805,-0.0173133083,0.129775638,0.0007960093398,0.01325478991,1.641090308,0.024891276,0.04489211799,7.908356899e-05,-0.0112726348,0.5138779264,0.0005577155236,-0.06476167192,0,2020-02-03T00:00:00Z,,historical_reconstruction
2020-02-03,0.5127733689,0.02554673773,0.3079041501,-0.002681388013,0.01119462658,-0.0007901390645,0.09640476055,0.001212504613,-0.0546367971,1.564505921,0.05125751606,-0.02505136348,0.0003085245176,-0.002554733556,0.4854549703,0.0004481584228,0.02482342545,0,2020-02-04T00:00:00Z,,historical_reconstruction
2020-02-04,0.4772283514,-0.04554329727,0,0.005214707604,0.002866698519,0.01091668004,0.07074945687,0.0005293526018,-0.003766932571,1.678742433,-0.02519635072,-0.02053016243,0.0003847405426,0.001121183622,0.4753448851,-0.0008370787351,-0.09873031935,0,2020-02-05T00:00:00Z,,historical_reconstruction
2020-02-05,0.5283557634,0.0567115267,0,0.008662079889,0.02474102384,0.03143189756,0.1336912017,0.001570320934,-0.01176486826,1.641599977,-0.03407366303,-0.005819194615,-0.0002981690012,-0.004545393349,0.5224733292,0.001109809767,0.1022908931,0,2020-02-06T00:00:00Z,,historical_reconstruction
2020-02-06,0.4979041805,-0.004191638962,0,0.006420242647,0.003719397363,0.01335678296,0.07927112164,0.0003752521225,-0.02228951119,2.066785113,0.005680677272,-0.01237315217,-0.0002510270424,0.002535063592,0.4867594249,-0.002061263119,-0.01535481346,0,2020-02-07T00:00:00Z,,historical_reconstruction
2020-02-07,0.4973721469,-0.005255706118,0.05954184204,0.008352898682,0.007761382609,0.01338596969,0.09607547195,0.001074642905,-0.01240723115,1.676588931,-0.03956376431,-0.0008281972623,0.0002808570561,0.003953931835,0.4911685314,0.0002412632729,0.04630567533,0,2020-02-08T00:00:00Z,,historical_reconstruction
2020-02-08,0.5058592552,0.01171851032,0.5147047761,-0.007784697509,-0.00897498556,-0.01410007072,0.06860162057,0.002331315848,-0.01300769165,1.991024596,-0.02824218433,-0.01158619744,0.001181245864,0.003335986575,0.4993554093,0.001133058768,0.04331397291,0,2020-02-09T00:00:00Z,,historical_reconstruction
2020-02-09,,,,,,,,,,,,,,,,,,1,2020-02-10T00:00:00Z,,historical_reconstruction
2020-02-10,0.5009534105,0.001906821088,0.1431466464,0.008962926078,-0.002014865228,0.01971818099,0.08362538786,0.0006281125219,-0.05247107241,2.312496695,0.04100703708,-0.01791054975,-0.0007655371858,0.002050516342,0.4747178743,-0.0005843920909,-0.02363991664,0,2020-02-11T00:00:00Z,,historical_reconstruction
2020-02-11,0.5204535666,0.04090713325,0.2202378862,-0.006005375441,0.03439384669,0.06329739443,0.1069190646,0.001985719718,-0.03142589998,2.004416488,0.01886332126,-0.02497606581,0.001400768803,-0.002294421852,0.5047406166,0.001456367116,0.08645043052,0,2020-02-12T00:00:00Z,,historical_reconstruction
2020-02-12,0.5020580771,0.004116154152,0.3332797759,0.001620745543,0.04523285085,0.03963068738,0.2336677644,0.001881538346,-0.0008285580506,2.152799125,-0.01699507746,-0.008180287271,0.0005713119952,0.001257576242,0.5016437981,0.0003112174114,-0.05259537255,0,2020-02-13T00:00:00Z,,historical_reconstruction
2020-02-13,0.4950741887,-0.009851622548,0.3026969733,-0.002824438829,-0.008205810601,0.02096571668,0.05769834036,0.0005963029219,-0.02250100914,2.19445033,0.0198833933,0.009803681633,-0.0003812495409,-0.002099276667,0.4838236842,0.0002210507994,-0.005659983586,0,2020-02-14T00:00:00Z,,historical_reconstruction
2020-02-14,0.5180186878,0.03603737567,0.1207601487,0.00955921402,0.04488823745,0.05244703624,0.1282805661,0.0008767315448,-0.02056903543,1.967922369,0.02836228093,-0.009346391563,-0.0003277895662,0.0004071507667,0.5077341701,-0.0001979113603,0.04129308179,0,2020-02-15T00:00:00Z,,historical_reconstruction
2020-02-15,0.4877744192,-0.02445116153,0,-0.006563402468,-0.03346104725,-0.05917454003,0.07151075798,0.0007550588946,-0.02720975714,2.239799617,0.0467928994,0.02268585447,-0.0002818204922,0.001132054112,0.4741695407,-0.001576256954,-0.03616967185,0,2020-02-16T00:00:00Z,,historical_reconstruction
2020-02-16,0.474989593,-0.05002081404,0,0.03643643644,3.863390512e-05,-0.0264771146,0.1243441368,7.726482519e-05,0.009259682472,2.076982682,-0.03041293869,-0.02514954549,-0.000385564159,0.01758276036,0.4796194342,,,0,2020-02-17T00:00:00Z,,historical_reconstruction
2020-02-17,0.4881653817,-0.02366923666,0.007007488042,0.02833339732,0.04424951267,0.07930047951,0.11408461,0.0005600149337,0.02348614821,1.91982608,0.03009668576,0.02889682367,-0.0004702756082,0.003999031792,0.4999084558,-6.809758814e-05,-0.02557605775,0,2020-02-18T00:00:00Z,,historical_reconstruction
2020-02-18,0.4935181111,-0.01296377781,0.03346652839,-0.007271322186,0.03266708079,0.05648598131,0.1363662058,0.001238455823,0.01504288676,1.693755564,-0.07020576478,-0.009904455786,0.0002930279648,0.01211082656,0.5010395545,-0.0007472638953,-0.05387091107,0,2020-02-19T00:00:00Z,,historical_reconstruction
2020-02-19,,,,,,,,,,,,,,,,,,1,2020-02-20T00:00:00Z,,historical_reconstruction
2020-02-20,0.5088375006,0.01767500127,0.131440699,0.003985309057,0.007765314927,0.01428909766,0.09641854029,0.0005837484433,-0.04004775953,1.664398811,0.02529153696,0.01085833542,3.323659929e-06,0.004472617387,0.4888136209,-1.255447855e-05,0.02752662382,0,2020-02-21T00:00:00Z,,historical_reconstruction
2020-02-21,0.5132382463,0.02647649257,0.08549772354,0.004354081478,0.0004525740147,0.01321569077,0.1756035732,0.0006408564858,-0.04173066317,1.877282869,7.858944093e-05,-0.01464983708,0.000192372702,-0.0004947406691,0.4923729147,-0.000235875059,-0.0095608831,0,2020-02-22T00:00:00Z,,historical_reconstruction
2020-02-22,0.5010291312,0.002058262428,0.2667766178,0.003221723622,0.001991955564,-0.001107462003,0.09877035396,0.0009939977826,-0.02118150897,2.408380363,-0.07504240496,-0.01579265288,0.0001298260922,-0.001763566272,0.4904383767,0.000238938888,0.02650942396,0,2020-02-23T00:00:00Z,,historical_reconstruction
2020-02-23,0.5069431472,0.01388629446,0,0.01426354298,0.01659259259,0.02372072206,0.1190771763,0.0006922180122,0.02762165703,2.117315005,-0.04896884656,0.01433873126,1.591673613e-05,0.006548990807,0.5207539757,0.0006149531871,0.0639071085,0,2020-02-24T00:00:00Z,,historical_reconstruction
2020-02-24,0.4747936286,-0.05041274287,0.07223746605,0.008546359251,-0.007661546511,-0.02346450901,0.1017379293,0.0006779150346,-0.01608857525,2.130636716,0.001908629749,0.0003508897427,-2.837205966e-05,0.005727444866,0.4667493409,0.0001179001009,-0.02674350621,0,2020-02-25T00:00:00Z,,historical_reconstruction
2020-02-25,0.4930360957,-0.01392780866,0.08039983253,-0.01489616613,-0.0218494726,-0.06037635228,0.1377898027,0.001459439737,-0.02223458895,2.021677126,0.01758917269,0.007463007333,0.0003688241836,-0.004712632012,0.4819188012,0.0002209839148,-0.0009640308429,0,2020-02-26T00:00:00Z,,historical_reconstruction
2020-02-26,0.470692676,-0.05861464808,0.1756953934,-0.02541672107,-0.01090989399,-0.04969444916,0.08993609944,0.0007591658107,0.007257721035,1.953257698,0.03085263264,0.01033360952,-3.420944892e-05,-0.005196384612,0.4743215365,,,0,2020-02-27T00:00:00Z,,historical_reconstruction
2020-02-27,0.4929386652,-0.01412266962,0.1208722823,-0.03022691473,-0.01398147347,0.00471947777,0.1384836566,0.0005707010843,0.004312285646,1.867217405,0.008637383334,-0.000277938466,2.781476518e-05,-0.01033387397,0.495094808,-1.304735901e-05,-0.03179767089,0,2020-02-28T00:00:00Z,,historical_reconstruction
2020-02-28,0.4840678234,-0.03186435323,0,0.01882553803,-0.002068388857,0.0282501247,0.08157340964,0.001455283119,0.0217641129,1.924795416,-0.02439768807,-0.006000675287,0.000689141516,0.01348923484,0.4949498798,0.0008144266329,-0.0583408458,0,2020-02-29T00:00:00Z,,historical_reconstruction
2020-02-29,0.5053531474,0.01070629482,0.2674810401,-0.0352225282,-0.02974940814,-0.0395737531,0.1207412022,0.0004603839602,-0.05520289872,2.394110015,-0.01911963344,-0.0008800165948,-0.000521594333,-0.01695722576,0.4777516981,-0.0005336138224,0.008648032389,0,2020-03-01T00:00:00Z,,historical_reconstruction
2020-03-01,0.503522505,0.00704501007,0.1209854021,0.006794859943,-0.01179619799,-0.02902104137,0.1407604021,0.0009182314862,-0.02222857647,2.485953457,0.01184845704,0.002410078745,0.0002196750133,-0.001093520598,0.4924082168,0.0002260134739,-0.006841284389,0,2020-03-02T00:00:00Z,,historical_reconstruction
2020-03-02,0.4973657684,-0.005268463236,0.1248765996,-0.0004739744916,0.01589734606,0.03235425011,0.09973627973,0.001077725568,0.008272057837,1.979035522,-0.0390812864,-0.03654264277,0.0005774586094,0.003642962643,0.5015017973,0.0003998105333,0.04514427964,0,2020-03-03T00:00:00Z,,historical_reconstruction
2020-03-03,0.5003576644,0.000715328812,0.4745900145,0.001386404293,-0.002983346692,-0.03123783152,0.07265611194,0.0008485552231,-0.03106113273,2.084407678,0.0231645242,0.001656667087,0.0002857743321,0.005274204709,0.484827098,-0.0006108845142,0.01464313747,0,2020-03-04T00:00:00Z,,historical_reconstruction
2020-03-04,,,,,,,,,,,,,,,,,,1,2020-03-05T00:00:00Z,,historical_reconstruction
2020-03-05,0.4946420758,-0.01071584846,0.2013289466,-0.01869118721,-0.01296568416,-0.01666307858,0.1356430207,0.001138453455,0.003734511317,1.901724378,-0.05779098888,-0.01120161232,0.0002405752305,-0.01050399965,0.4965093314,0.0005677523704,0.00340682116,0,2020-03-06T00:00:00Z,,historical_reconstruction
2020-03-06,0.5236798067,0.04735961331,0.2445139477,0.03003280895,0.04359684637,0.02016330612,0.1532978215,0.000245017968,-0.03207543714,2.08121801,0.02882280178,0.03073370961,-0.0005872312512,0.005202198881,0.5076420881,-0.001210265151,0.07922396654,0,2020-03-07T00:00:00Z,,historical_reconstruction
2020-03-07,0.49167835,-0.01664329998,0.2466318923,-0.005950136183,-0.03889316534,-0.02650908942,0.08111745513,0.0004636850314,-0.0116749251,2.587372715,0.002042587606,0.02128495631,-0.0007201118057,0.0001969631656,0.4858408875,3.301071181e-06,-0.0273495948,0,2020-03-08T00:00:00Z,,historical_reconstruction
2020-03-08,0.4626494585,-0.07470108293,0.0976359577,-0.06392865525,-0.0799077278,-0.1386801417,0.1825181456,0.0005515719801,0.008506694716,2.463485007,0.02611398134,0.01335836287,-8.950872009e-05,-0.0299703798,0.4669028059,-0.000366659506,-0.081746093,0,2020-03-09T00:00:00Z,,historical_reconstruction
2020-03-09,0.4950519577,-0.009896084572,0.08186038092,0.02610675436,0.04202846427,0.008804218066,0.07855016942,0.001035451901,-0.006536538744,2.340189124,-0.002218517433,-0.007244108864,0.0007479314244,0.01119989186,0.4917836883,-4.227366717e-05,-0.004627621335,0,2020-03-10T00:00:00Z,,historical_reconstruction
2020-03-10,0.4918805366,-0.01623892673,0.2140494059,-0.007074654925,0.02023180155,-0.011816839,0.1234002337,0.001245640259,-0.018589483,1.970609487,-0.02281271862,-0.02664749205,0.0008529647965,-0.01057533958,0.4825857951,0.000397085036,-0.01695425554,0,2020-03-11T00:00:00Z,,historical_reconstruction
2020-03-11,0.4995574143,-0.0008851714238,0.1247537172,0.02474856511,0.01428050242,-0.00941667515,0.1626920609,0.001027696418,-0.03218133103,1.970056312,-0.01436966759,-0.02735957342,0.0005399542488,0.01357778195,0.4834667488,,,0,2020-03-12T00:00:00Z,,historical_reconstruction
2020-03-12,0.4751362,-0.04972760001,0.6876861027,-0.2209537572,-0.2359152434,-0.2098204471,0.1875964056,-0.010294936,-0.006077324546,1.900506373,0.03723520263,-0.01246828419,-0.002930352671,-0.2048082594,0.4720975377,-0.01143338946,-0.03901175155,0,2020-03-13T00:00:00Z,,historical_reconstruction
2020-03-13,0.4966717575,-0.006656485033,0,0.04522064556,0.08357581636,0.05062695925,0.08183422272,0.0005221542593,0.003690465679,1.404580627,0.007381481251,-0.0003124520946,0.002017153004,0.03361768041,0.4985169903,0.0002771362913,-0.05401609835,0,2020-03-14T00:00:00Z,,historical_reconstruction
2020-03-14,0.5080470941,0.01609418823,0,-0.03655947795,-0.03268077045,-0.04786324786,0.1593616202,8.16060062e-05,0.0007735378714,1.490726871,0.04950375638,0.02041994232,0.001058006125,-0.03987124177,0.5084338631,-0.0003820790252,0.03273748821,0,2020-03-15T00:00:00Z,,historical_reconstruction
2020-03-15,0.5100409111,0.02008182228,0.1199485709,0.004544716767,-0.001935171746,-0.01839809675,0.3774700351,0.0008886734529,-0.0115796328,1.37447424,0.01047229308,-0.02897649417,0.001631030717,0.009218177335,0.5042510947,0.0003371014728,0.09478290521,0,2020-03-16T00:00:00Z,,historical_reconstruction
2020-03-16,0.4878145101,-0.02437097973,0,0.009548058561,-0.03183047004,0.06708958093,0.08915228387,0.0003602954423,0.05822880982,1.480264019,0.01691023382,0.0066576641,0.0008991731846,0.01749519474,0.516928915,-0.0006751564585,-0.01447489515,0,2020-03-17T00:00:00Z,,historical_reconstruction
2020-03-17,0.5051648977,0.01032979545,0,-0.01498765222,-0.01557446809,-0.002500862366,0.09115155243,8.645283998e-05,0.01456537738,1.584974054,0.01454498657,-0.0570643653,0.001076544395,-0.01164783033,0.5124475864,-0.001159187419,0.02656872219,0,2020-03-18T00:00:00Z,,historical_reconstruction
2020-03-18,0.5029828079,0.005965615872,0.4163894306,0.01757560093,0.02003627256,0.04735301942,0.09620404339,0.00042333418,0.0009289074271,1.317897428,0.05571419066,-0.04869661938,0.00105377638,0.01197358718,0.5034472616,-0.0006043622385,0.006850787296,0,2020-03-19T00:00:00Z,,historical_reconstruction
2020-03-19,0.5026956336,0.005391267158,0.1603833424,0.001322362621,0.06484375,0.1002583145,0.1289114285,0.0008804108584,0.02250907173,1.168061181,0.01025639879,-0.03441636142,0.001329913241,-0.008640493687,0.5139501694,0.01117534686,0.05511886717,0,2020-03-20T00:00:00Z,,historical_reconstruction
2020-03-20,0.4961013932,-0.007797213548,0.2704368025,0.01706796708,-0.06526610644,-0.08393384119,0.2402193478,0.0002996703626,-0.005704593498,1.246661857,0.03607559991,-0.04140337559,0.001038996046,0.003853162649,0.4932490965,-0.0002224838967,-0.001140728516,0,2020-03-21T00:00:00Z,,historical_reconstruction
2020-03-21,0.4932918479,-0.01341630429,0.04917171142,-0.000452079566,-0.002106213329,0.01639595464,0.1867063628,7.53806724e-05,0.03282819879,1.568602707,0.003550106801,-0.06071635883,0.0006071425336,-0.004686210508,0.5097059473,-6.225333806e-06,-0.02951049252,0,2020-03-22T00:00:00Z,,historical_reconstruction
2020-03-22,0.5050505486,0.01010109727,0,-0.01067615658,-0.04415097288,-0.06576032995,0.2015014045,-0.0005722694572,-0.01183501816,1.633807226,0.0489336738,-0.05911799544,0.0004627723829,-0.01605789776,0.4991330396,-0.00146094291,-0.009980725016,0,2020-03-23T00:00:00Z,,historical_reconstruction
2020-03-23,0.5144024394,0.02880487889,0.5002032643,0.04505612794,0.0500618047,0.1068403909,0.1340416399,0.0002942907593,0.03628038182,1.353562687,0.006285276653,0.01476292113,0.0008308353195,0.03208288184,0.5325426304,-6.600468299e-05,0.05317585862,0,2020-03-24T00:00:00Z,,historical_reconstruction
2020-03-24,0.5047026499,0.009405299844,0.4339155186,-0.007172572084,0.01786896095,-0.01627460735,0.09643387287,-0.0002889755816,-0.007870035271,1.402144236,0.04590842826,-0.003707528258,0.0002136397976,0.007066932044,0.5007676323,-0.0003754284215,-0.0009244956092,0,2020-03-25T00:00:00Z,,historical_reconstruction
2020-03-25,0.4951378402,-0.009724319584,0,0.00243058113,0.004502177282,0.01279952374,0.09063674062,0,0.04209254599,1.398613451,0.02818703025,-0.01652870096,0.0006020280258,0.008355355552,0.5161841132,-0.00042333418,-0.01568993546,0,2020-03-26T00:00:00Z,,historical_reconstruction
2020-03-26,0.5070672017,0.0141344034,0.6260895995,0.02427471877,0.02823179792,0.02823179792,0.2016946784,7.225433526e-05,0.05070026053,1.422414778,0.02294590178,0.03389669673,0.0006065882583,0.01191797549,0.532417332,-0.0008081565231,0.008743136246,0,2020-03-27T00:00:00Z,,historical_reconstruction
2020-03-27,0.4826541215,-0.03469175705,0.7065045552,-0.03935337576,-0.03455120194,-0.03234600648,0.1826640382,-0.0004568643874,0.02507858092,1.446515415,0.03696207763,-0.008351057609,0.0004033188772,-0.04469528876,0.4951934119,-0.00075653475,-0.02689454351,0,2020-03-28T00:00:00Z,,historical_reconstruction
2020-03-28,0.4927157671,-0.01456846587,0.1710224038,0.02072942643,0.02240262275,0.02344116268,0.1800662447,-0.0002290426019,0.05454360113,1.490848218,0.01982678691,-0.007888166968,0.0006849096,0.004210611062,0.5199875676,-0.0003044232743,-0.001152161582,0,2020-03-29T00:00:00Z,,historical_reconstruction
2020-03-29,0.4574470508,-0.0851058984,0,-0.004079673626,-0.03495853035,-0.03630311944,0.20361335,-0.0008032128514,0.1277798061,1.56141681,-0.004223775366,0.01285854947,7.242602492e-05,-0.004227624657,0.5213369539,-0.0002309433942,-0.09520699567,0,2020-03-30T00:00:00Z,,historical_reconstruction
2020-03-30,0.5133249564,0.02664991283,0.2115080187,-0.0008322614814,-0.0006810442679,-0.01034172662,0.1883468705,-0.0001514463123,0.08182189274,1.552417904,0.03666879692,0.04283345053,0.0003646318689,0.00437917223,0.5542359028,-0.0004457370716,-0.00215496606,0,2020-03-31T00:00:00Z,,historical_reconstruction
2020-03-31,0.4936776288,-0.0126447424,0,-0.004052228726,-0.0002259887006,0.006445742019,0.1743960425,-0.0008288125377,0.08306471721,1.636318391,0.02702880824,0.03780227814,-0.0003077874598,-0.008488365618,0.5352099874,-0.0005398369561,-0.02205004225,0,2020-04-01T00:00:00Z,,historical_reconstruction
2020-04-01,0.4768434736,-0.04631305279,0.2151481846,0.04433156315,0.03516936222,0.02562358277,0.3665916728,-0.0006632765863,0.1052145063,1.676768601,-0.0557431548,0.004734406144,-0.0004510205303,0.07141970062,0.5294507268,-0.0006632765863,-0.03658873321,0,2020-04-02T00:00:00Z,,historical_reconstruction
2020-04-02,0.5079455437,0.01589108733,0.2925114808,0.003052893149,0.01421392678,0.02622212537,0.1287948666,0.0001415628539,0.02546568009,1.487608277,0.01421844244,0.00580484233,0.0005036422494,-0.001076247425,0.5206783837,6.930851865e-05,0.001756683926,0,2020-04-03T00:00:00Z,,historical_reconstruction
2020-04-03,0.4734983338,-0.05300333239,0.03358328315,-0.007026913077,-0.0004244181934,-0.03305049952,0.07472404605,-0.0005661312009,0.08021846057,1.638147033,-0.03508109688,-0.008112648072,7.24099553e-05,-0.00502944679,0.5136075641,-0.0001092668135,-0.01831157533,0,2020-04-04T00:00:00Z,,historical_reconstruction
2020-04-04,0.5103794031,0.02075880615,0.3479839537,0.008750437522,0.01279167838,0.02336481784,0.2438367179,-0.0005551700208,0.0272800577,1.702923287,0.02223069435,-0.006774988232,0.0003038074606,0.01624934233,0.5240194319,-0.0003261274189,0.03532727202,0,2020-04-05T00:00:00Z,,historical_reconstruction
2020-04-05,0.496007535,-0.007984929991,0,-0.003979057592,-0.006821662258,-0.00160940452,0.1248512289,-0.0006307821699,0.01668607336,1.878799746,0.03071548421,-0.03399243417,-5.790072387e-05,-0.002887054483,0.5043505717,0.0001724306815,0.07712096841,0,2020-04-06T00:00:00Z,,historical_reconstruction
2020-04-06,0.5131533083,0.0263066165,0.4541369105,0.03773699194,0.06212027278,0.1107365145,0.1549702745,-0.0009922951202,0.04973770577,1.748416459,0.02146299002,0.01204279369,-0.0004233924067,0.008813822452,0.5380221611,-0.000840848808,-0.0003432963266,0,2020-04-07T00:00:00Z,,historical_reconstruction
2020-04-07,0.4971859338,-0.005628132487,0.1528877463,-0.0263764859,-0.02631890229,-0.04490340546,0.179319346,-0.0004859381644,0.02264951138,1.766404262,0.05140413025,0.01696993242,0.0001281793127,-0.01239087658,0.5085106894,0.0003428743733,0.007016609917,0,2020-04-08T00:00:00Z,,historical_reconstruction
2020-04-08,0.5000290094,5.801874784e-05,0.1758287003,0.01626159446,0.02359271523,0.02644530092,0.108607426,0.0004621339033,0.009292464401,1.827440939,-0.02561021971,-0.01248663606,0.0009538962055,0.007345776999,0.5046752416,0.00112541049,0.04637107154,0,2020-04-09T00:00:00Z,,historical_reconstruction
2020-04-09,0.4960953096,-0.007809380832,0.1769246927,0.002009693817,-0.002588844434,0.009287925697,0.08499667007,-0.000353940538,-0.009790033113,1.815934171,0.04908643208,-0.02734580952,0.0003174362925,0.00284874395,0.491200293,-0.0004955033919,-0.02370046816,0,2020-04-10T00:00:00Z,,historical_reconstruction
2020-04-10,0.4738354676,-0.05232906488,0.3161284773,-0.0024021746,0.03137049866,-0.0001267186213,0.08926936488,-0.0007604080857,0.03643509925,1.700693407,0.03132096854,0.02350207769,-0.0006000329829,-0.005972351246,0.4920530172,-0.0001942768848,0.0006742675027,0,2020-04-11T00:00:00Z,,historical_reconstruction
2020-04-11,0.5038119005,0.007623801018,0.09087942721,0.01754498715,0.006228153797,-0.003837926261,0.1651870151,-0.0008842291417,0.02890741156,1.858020249,0.07700874171,-0.02344878677,-0.0004988771699,0.01081987647,0.5182656063,-0.0003290591208,-0.01313500513,0,2020-04-12T00:00:00Z,,historical_reconstruction
2020-04-12,0.4897238711,-0.02055225777,0.06599390505,-0.03133398485,-0.02092850969,0.003734177215,0.1723673288,0.0008197238161,0.07738898192,1.731180258,0.01396939923,0.02686821588,0.001293376694,-0.02929361527,0.5284183621,0.001450505986,-0.01256732778,0,2020-04-13T00:00:00Z,,historical_reconstruction
2020-04-13,0.4990010263,-0.00199794734,0.2975756215,0.01080067262,0.01480423349,0.006893441567,0.1491352579,0.0005118689615,0.01337092507,1.715144244,0.071653716,-0.01281497314,0.001083681109,0.009625379463,0.5056864889,0.001504164082,-0.02830456384,0,2020-04-14T00:00:00Z,,historical_reconstruction
2020-04-14,0.4928581851,-0.01428362981,0,-0.009935016246,-0.008696196196,0.01110331185,0.1165205819,-0.0001262227832,0.04220917512,1.923109541,0.05848210072,0.0006178030544,0.0005420259393,-0.007152170079,0.5139627727,0.0003597153812,-0.008655497319,0,2020-04-15T00:00:00Z,,historical_reconstruction
2020-04-15,0.476223822,-0.04755235602,0.04339112069,-0.02670150395,-0.01957889331,-0.03157694503,0.2009687076,-0.0005892751915,0.06622131546,1.856971179,-0.01805430514,0.01992869642,6.77014473e-05,-0.01616193735,0.5093344797,-0.001051409095,-0.04761037477,0,2020-04-16T00:00:00Z,,historical_reconstruction
2020-04-16,0.5039402734,0.00788054689,0,-0.000753972857,-0.001101576994,0.01329177204,0.1150152902,-0.0001160833478,0.07815578185,1.863347393,-0.005609615788,0.02287605468,0.0004175736529,0.004374198311,0.5430181644,0.0002378571901,0.01568992772,0,2020-04-17T00:00:00Z,,historical_reconstruction
2020-04-17,0.486606297,-0.02678740594,0,-0.001579316799,0.005182262529,0.007972127082,0.1857870633,-0.000761614623,0.01423658897,1.85259005,0.01337421278,-0.02568845791,-3.447643117e-05,-0.006212278052,0.4937245915,-1.206537328e-06,0.02554165894,0,2020-04-18T00:00:00Z,,historical_reconstruction
2020-04-18,0.5055658755,0.01113175091,0,0.02684931507,0.01571815718,0.0762692396,0.2090867535,0.0004268943436,0.04835220341,1.918275548,0.04197581086,-0.0007119874265,0.001279472773,0.005186376747,0.5297419772,0.001311123485,0.003507949896,0,2020-04-19T00:00:00Z,,historical_reconstruction
2020-04-19,0.4808139303,-0.03837213949,0.2350048532,-0.006182721502,0.006991833538,-0.01596064498,0.1088433947,-0.000333277787,-0.008294501895,2.335364246,0.01913959438,-0.03301482391,4.730063599e-05,-0.001893681887,0.4766666793,-0.001153001603,-0.01781988172,0,2020-04-20T00:00:00Z,,historical_reconstruction
2020-04-20,0.4817107935,-0.03657841309,0.08881890015,0.01599808978,-0.05117627383,-0.03185437998,0.1230979013,-5.875440658e-05,0.00867932347,2.234132394,0.06594485889,-0.02445608243,0.0001668261337,0.008552299178,0.4860504552,-0.0005706233681,-0.03458046575,0,2020-04-21T00:00:00Z,,historical_reconstruction
2020-04-21,0.5013576566,0.00271531313,0.3421502907,-0.006169965076,0.002465946454,0.009399940881,0.08580416028,-0.0004685486705,0.00299428395,2.420989333,0.07992062796,-0.032200891,2.404272567e-05,-0.003289651003,0.5028547985,-0.0003423258873,0.01699894294,0,2020-04-22T00:00:00Z,,historical_reconstruction
2020-04-22,0.4938736246,-0.01225275079,0.2900424975,0.006001872144,-5.473154179e-05,0.04084771834,0.09500255041,-0.0003831417625,0.06178286074,2.458333568,0.06841337823,-0.02213256624,0.0003298266845,0.005586008728,0.524765055,0.0002061334291,0.03529960524,0,2020-04-23T00:00:00Z,,historical_reconstruction
2020-04-23,0.4939468617,-0.01210627663,0.08495342809,-0.01955499181,-0.0196586165,0.01062322946,0.1261411434,0.0001078108997,0.02654699641,2.295454248,-0.03294786698,-0.01707694555,-2.049035166e-05,-0.005265886732,0.5072203599,0.0002238942475,-0.01998682352,0,2020-04-24T00:00:00Z,,historical_reconstruction
2020-04-24,0.472157869,-0.05568426191,0,-0.004616364215,0.0002132764596,0.007573316146,0.09055733819,0.0003198464737,0.02850308943,2.388238614,-0.03300218328,-0.02757405269,0.000438434082,-0.002213610046,0.4864094138,0.001081461097,-0.02889685597,0,2020-04-25T00:00:00Z,,historical_reconstruction
2020-04-25,,,,,,,,,,,,,,,,,,1,2020-04-26T00:00:00Z,,historical_reconstruction
2020-04-26,0.5052583233,0.01051664659,0.04746830087,0.01153077436,0.01773744457,0.002692405385,0.1465034757,0.0004053095552,-0.005675806496,2.710545757,0.03218022138,-0.0275927832,0.000266223881,0.005967994602,0.50242042,0.0007385873422,0.04888878608,0,2020-04-27T00:00:00Z,,historical_reconstruction
2020-04-27,0.4754387885,-0.049122423,0,0.01279273703,0.01883659385,0.002194885407,0.1195593522,0.0001527961699,0.04871886633,2.588739924,-0.01486830062,-0.006155353873,0.0002325428328,0.00985615828,0.4997982217,0.0002115505765,-0.01254400991,0,2020-04-28T00:00:00Z,,historical_reconstruction
2020-04-28,0.510130662,0.02026132397,0,0.003323278286,0.003528509333,0.001531080943,0.1003241001,0.0003567060742,-0.0121402934,2.988920844,0.09987902721,0.0179035949,0.0007740737376,0.002869050026,0.5040605153,0.0008252547447,0.01754601084,0,2020-04-29T00:00:00Z,,historical_reconstruction
2020-04-29,0.5044408758,0.00888175154,0.5467295508,-0.002501157943,0.02679507962,0.03802959464,0.07617543019,0.0006500742942,0.02024926156,2.330427169,0.01266062685,-0.01303492625,8.739771612e-06,0.006575914838,0.5145655066,0.001033216057,0.02113450233,0,2020-04-30T00:00:00Z,,historical_reconstruction
2020-04-30,0.4808742673,-0.03825146546,0,-0.02502720348,-0.009421265141,-0.02659298096,0.0709715824,0.0006793478261,0.002984458644,2.497934568,-0.003491681587,-0.008533666187,0.0001271436498,-0.0244465545,0.4823664966,0.0005715369264,-0.02614518883,0,2020-05-01T00:00:00Z,,historical_reconstruction
2020-05-01,0.4905929858,-0.01881402834,0,0.0128505231,0.0105815062,-0.01509731965,0.09564921937,0.0009433072352,0.02786565519,2.395006224,0.002544573667,0.03056024794,0.0005399973754,0.01134169801,0.5045258134,0.0006234607615,0.03687023358,0,2020-05-02T00:00:00Z,,historical_reconstruction
2020-05-02,0.5077684643,0.01553692859,0.240789801,0.001685866817,0.004131067505,0.008391476523,0.1108499651,0.0004207573633,0.0005948507932,2.812568057,-0.01499932669,0.03295024746,7.189617768e-05,0.01059360216,0.5080658897,,,0,2020-05-03T00:00:00Z,,historical_reconstruction
2020-05-03,0.4733777142,-0.05324457152,0.5921571681,0.005076628352,0.008505934932,-0.01952905999,0.09293174529,0.0004288573335,0.004602084626,2.262336852,-0.03743830724,-0.01215178549,-0.0002277532964,0.002575718806,0.4756787566,2.354777829e-05,-0.06376121811,0,2020-05-04T00:00:00Z,,historical_reconstruction
2020-05-04,0.4965512233,-0.006897553474,0.1324194196,0.0137968282,0.00237875625,0.03431347994,0.09838190936,0.001210771019,-1.372173888e-05,2.081490079,0.0662169877,0.0003125537688,0.0009830873955,0.004872612114,0.4965443624,0.001057974849,0.04222486953,0,2020-05-05T00:00:00Z,,historical_reconstruction
2020-05-05,0.4853852723,-0.02922945541,0.1506536022,0.005337904016,0.008152040466,0.009490558615,0.0976207058,0.0004871157874,0.01136761194,2.835791317,-0.009201096292,0.006605909354,0.0003818156432,0.01311845804,0.4910690783,0.0001304097132,-0.04949077938,0,2020-05-06T00:00:00Z,,historical_reconstruction
2020-05-06,0.4770975189,-0.04580496222,0.6519666347,-0.02723183729,-0.04442416675,-0.05270424681,0.2076442126,0.0004523294969,0.01911359773,2.167050804,-0.01243899601,-0.009592181291,-0.0001328227302,-0.01026441532,0.4866543178,-0.0001977447973,-0.05468671376,0,2020-05-07T00:00:00Z,,historical_reconstruction
2020-05-07,0.5061714003,0.01234280063,0.4436083288,-0.004133784292,0.02897636267,0.03921568627,0.1308963014,0.001179245283,0.003155790542,1.893549282,-0.002576153207,0.01417929262,0.0003180740902,0.01241594375,0.5077492956,0.0004998974569,0.05059426609,0,2020-05-08T00:00:00Z,,historical_reconstruction
2020-05-08,0.485486276,-0.02902744793,0.2082275702,-0.007328416404,-0.0006148316307,-0.0004257332072,0.1144109595,0.0007571813923,-0.01026497297,1.850535803,0.05282081258,-0.01155634677,-6.083135014e-06,-0.01467826262,0.4803537896,-0.0001861258429,-0.01021341959,0,2020-05-09T00:00:00Z,,historical_reconstruction
2020-05-09,0.4972170297,-0.0055659406,0,-0.01101643049,-0.01380216891,-0.001093675701,0.1162522095,0.001142476317,-0.05212637584,2.457053106,0.09764153972,-0.01399907734,-3.893970455e-05,-0.02110904854,0.4711538418,0.0007217189542,-0.02110286919,0,2020-05-10T00:00:00Z,,historical_reconstruction
2020-05-10,0.4710710622,-0.05785787554,0.6073006557,0.01197927908,-0.004036112586,-0.01185520839,0.09892041769,-0.000106643916,0.01364972719,2.076190047,0.02500196659,-0.0164321704,0.0002647977247,0.02612855943,0.4778959258,-0.0005355012494,-0.004613304017,0,2020-05-11T00:00:00Z,,historical_reconstruction
2020-05-11,0.4841191181,-0.03176176387,0.2592182578,-0.008382274426,-0.01380555408,-0.01782125859,0.09683122163,-0.0002153663921,0.01558687636,2.110560547,0.002612506915,-0.02691690776,-0.0001651416656,-0.02100911924,0.4919125562,-0.001426137411,-0.0248642104,0,2020-05-12T00:00:00Z,,historical_reconstruction
2020-05-12,0.5019054742,0.003810948387,0.3359393779,0.001213528201,-0.006023780839,-0.00560708484,0.1539933646,-0.0006323777403,-0.0012795155,1.881455922,0.06587318282,-0.02482115374,-0.0003963035631,0.002115513882,0.5012657164,-0.001119493528,0.0330404038,0,2020-05-13T00:00:00Z,,historical_reconstruction
2020-05-13,0.5093994646,0.0187989292,0.02210710477,0.01417754967,0.007267588574,0.04481206156,0.1876116486,-0.0002004208839,0.01966353982,1.706138898,0.07393333651,-0.009462911338,0.0001712476608,0.01727851386,0.5192312345,-0.0006527503808,0.06460389141,0,2020-05-14T00:00:00Z,,historical_reconstruction
2020-05-14,0.4999204253,-0.0001591493082,0,-0.0008355450703,0.004149172635,0.003752530489,0.09728576511,-0.0007870529785,-0.01057059763,1.696023073,0.0197444891,-0.02970659954,-0.00025804863,0.01381050443,0.4946351265,-0.001966298262,-0.01250194994,0,2020-05-15T00:00:00Z,,historical_reconstruction
2020-05-15,0.4840086471,-0.03198270575,0.2870223574,0.0005134524543,-0.01556027079,-0.03059549276,0.1652660703,-0.0007697834343,-0.03313819023,1.521469282,0.01175107835,-0.04814333558,-0.0001590338116,-0.002296029283,0.467439552,-0.001526964827,-0.00295525782,0,2020-05-16T00:00:00Z,,historical_reconstruction
2020-05-16,0.5128370317,0.02567406345,0.2163332772,0.001699065514,-0.001245640259,0.0007988416796,0.08380401394,-0.0002993265153,0.008356227879,1.641461403,0.05682458685,-0.007475561337,0.0003700924439,0.005518886833,0.5170151457,-0.001441802833,0.03124000405,0,2020-05-17T00:00:00Z,,historical_reconstruction
2020-05-17,0.520690833,0.04138166606,0.7089652899,-0.004329004329,-0.008525720854,0.02836703264,0.1225839261,-0.0003381642512,0.01743375786,1.506056381,0.02951443029,0.02037137668,-0.0001863053746,-0.009338582726,0.529407712,-0.0002315203352,0.0992395416,0,2020-05-18T00:00:00Z,,historical_reconstruction
2020-05-18,0.5061310443,0.01226208864,0.4066337181,0.008540992069,0.0168922116,0.01339180459,0.0769543807,-0.0003722488484,-0.02875036006,1.434445763,0.02944707077,-0.02129172781,-8.151324619e-05,0.003322098189,0.4917558643,-0.0001568824563,0.04402385251,0,2020-05-19T00:00:00Z,,historical_reconstruction
2020-05-19,0.4957023074,-0.008595385166,0.2765415478,0.01456264775,0.01040636625,0.007891028652,0.1234776496,0.0005592319881,0.002197535871,1.879845416,0.02719085187,-0.02595933092,0.0007525718888,0.01354184379,0.4968010754,0.001191609728,-0.01240633355,0,2020-05-20T00:00:00Z,,historical_reconstruction
2020-05-20,0.4871749353,-0.02565012933,0.3988456444,0.0018607758,0.00976196201,-0.01380800301,0.1005184911,-9.52471664e-05,-0.04164492416,1.946325579,0.08022773066,-0.06320508356,0.0002538065511,-0.00215694729,0.4663524733,0.0001051737175,-0.04444905852,0,2020-05-21T00:00:00Z,,historical_reconstruction
2020-05-21,0.4774564593,-0.04508708148,0.07788842831,0.0006545491164,-0.002359319311,-0.0434154794,0.09518820171,-0.0003019019825,-0.006908535347,1.802852063,0.03860917133,-0.0407917652,0.0006519334836,0.000313264893,0.4740021916,0.000485150996,-0.04492793217,0,2020-05-22T00:00:00Z,,historical_reconstruction
2020-05-22,0.5070915785,0.01418315699,0,-0.001348487767,0.01052631579,0.02037201063,0.09270272741,-0.0003858024691,0.04701147269,1.79793152,0.0304889584,0.01586564631,6.782045586e-06,-0.0004055061633,0.5305973148,0.0003839809651,0.04616586273,0,2020-05-23T00:00:00Z,,historical_reconstruction
2020-05-23,0.4960931081,-0.007813783713,0.4282952778,-0.00255877951,-0.005391873676,-0.002703224561,0.0938130681,-0.000435624395,0.02158095821,2.282500614,0.009772346991,-0.01634301864,-0.0001371218103,-0.0001982361341,0.5068835872,-0.0001362978796,-0.03348784716,0,2020-05-24T00:00:00Z,,historical_reconstruction
2020-05-24,0.4815120195,-0.03697596105,0.646210262,-0.03153916961,-0.02706122846,-0.02918750911,0.196367492,-0.00100050025,0.01577513604,2.275238253,0.05106396794,-0.01096951884,2.812936753e-05,-0.0329397596,0.4893995875,-0.0006623359989,-0.07835762712,0,2020-05-25T00:00:00Z,,historical_reconstruction
2020-05-25,0.5184330208,0.0368660416,0.2665461609,-0.002589407856,0.006905055487,0.008696081822,0.07691288704,-0.0002449179525,-0.01218232332,2.112019747,0.0571204712,-0.01965476441,0.0002831511684,-0.00310369778,0.5123418591,0.0001273308959,0.02460395296,0,2020-05-26T00:00:00Z,,historical_reconstruction
2020-05-26,0.4903650657,-0.01926986854,0.1288029369,0.00797792273,0.01639261321,-0.006036316857,0.139504194,9.955697148e-05,-0.002097963413,2.209411861,0.01151158694,-0.03644690281,0.0005666891869,0.004679545455,0.489316084,-0.0004596750166,-0.01067448338,0,2020-05-27T00:00:00Z,,historical_reconstruction
2020-05-27,0.5109424244,0.02188484883,0.4205036056,0.008668280872,0.01087114778,0.008765982177,0.1152826345,-9.601997215e-05,0.07313747999,1.91905061,0.04837311945,0.0377430038,0.000637351243,0.004812232328,0.5475111644,-7.728057574e-07,0.04753497815,0,2020-05-28T00:00:00Z,,historical_reconstruction
2020-05-28,0.5475427744,0.09508554877,0.0008201344311,0.02575926961,0.02776999907,0.0607929091,0.2178226392,0.0004995231824,-0.02241181071,2.022952056,0.06985127318,0.0189024608,0.001157425477,0.01308155527,0.536336869,0.0008014251649,0.1401726303,0,2020-05-29T00:00:00Z,,historical_reconstruction
2020-05-29,0.5005290619,0.001058123834,0.1851649573,0.003182252125,0.005376099139,0.007395571787,0.07472039582,-9.063307201e-05,-0.01772185029,2.341119274,0.06621608281,-0.009261640972,0.0004195996938,0.002347689897,0.4916681368,0.0002951693971,-0.01312503315,0,2020-05-30T00:00:00Z,,historical_reconstruction
2020-05-30,0.5016384354,0.003276870856,0,0.02758097166,0.0341666313,0.02905650815,0.2318110724,0.0003283263564,0.02661885424,2.453358932,-0.04842580144,-0.01217962527,0.0006088046544,0.01705168152,0.5149478625,0.0007639507514,0.01109065457,0,2020-05-31T00:00:00Z,,historical_reconstruction
2020-05-31,0.4646820631,-0.07063587383,0.4048094994,-0.02117676896,-0.009199041588,-0.03019515872,0.1378753813,-8.636697327e-05,0.01982265003,2.512999152,-0.01346363764,-0.01469856593,0.0001083776731,-0.006984959111,0.4745933881,0.0009141332769,-0.03365991277,0,2020-06-01T00:00:00Z,,historical_reconstruction
2020-06-01,0.517450689,0.03490137793,0.1479676046,0.04372871379,0.04201998153,0.0515101453,0.4034350208,0.002699109697,0.01208729239,2.628068277,-0.05026086691,-0.01580831307,-0.0004094791648,0.0656328023,0.5234943352,0.002944027649,-0.001964663668,0,2020-06-02T00:00:00Z,,historical_reconstruction
2020-06-02,0.4844147868,-0.0311704264,0.8728499415,0.006307679282,0.01746351068,-0.05737964946,0.09529218908,8.413613226e-05,-0.02126641652,2.091037946,0.06051975078,-0.01502697992,0.0004140359856,0.001088592497,0.4737815785,-1.542083922e-05,-0.01190055786,0,2020-06-03T00:00:00Z,,historical_reconstruction
2020-06-03,0.5169707667,0.03394153343,0.01987560707,0.01523769981,0.02181362307,0.01989572471,0.1410992279,0,0.000971477682,2.34354617,0.05397575987,0.007375092716,0.0002741500314,0.009299188279,0.5174565056,9.601997215e-05,0.01205668461,0,2020-06-04T00:00:00Z,,historical_reconstruction
2020-06-04,0.4964872703,-0.00702545941,0.116527447,0.007372737439,-0.007387152069,0.0004524886878,0.1216923783,0.0002878171128,-0.02237517637,2.477278667,-0.009345672417,-0.05472900084,0.0003623901566,-0.002912102183,0.4852996821,-0.0002117060696,-0.1021110082,0,2020-06-05T00:00:00Z,,historical_reconstruction
2020-06-05,0.4825924288,-0.03481514238,0.297144575,-0.008140495868,-0.007361151317,-0.01275038045,0.1164841324,0.0004166145898,0.0124194482,2.563661851,0.03034349679,0.01048486105,0.0008188529894,-0.01067661766,0.4888021529,0.0005072476619,-0.03587326622,0,2020-06-06T00:00:00Z,,historical_reconstruction
2020-06-06,0.5104715039,0.02094300776,0.2500244241,0.002569202718,-0.001526969584,-0.00587582693,0.09537349159,0.0004546581797,-0.004716914379,2.153983061,0.0538426187,-0.01029955356,0.0006925982395,0.0008438469065,0.5081130467,0.0001263318233,0.0176661369,0,2020-06-07T00:00:00Z,,historical_reconstruction
2020-06-07,0.4995229282,-0.0009541435725,0.3577796542,0.01007764745,0.03029026414,0.02369192131,0.2268691426,0.000408897612,-0.01523368432,2.353763254,0.01778086115,-0.0293340397,0.0007238666435,-0.002917494842,0.4919060861,0.0004952645853,0.06968173026,0,2020-06-08T00:00:00Z,,historical_reconstruction
2020-06-08,0.5051601663,0.01032033257,0.5529980057,0.0175090849,0.01399176955,0.01103770875,0.1944775347,0.00101461039,-0.002648830206,2.238891942,0.03910582572,0.0008929465748,0.001335607812,0.00901219643,0.5038357512,-0.001684499307,-0.02458104536,0,2020-06-09T00:00:00Z,,historical_reconstruction
2020-06-09,0.4822434701,-0.03551305989,0.6442979546,0.002425887093,0.001972710833,0.001972710833,0.1346404305,0.0007383100902,0.01542455177,2.664962085,0.01206667003,-0.007755389461,0.0008171031847,0.004242047446,0.4899557459,0.000654173958,-0.004342633485,0,2020-06-10T00:00:00Z,,historical_reconstruction
2020-06-10,0.5134551645,0.02691032896,0,0.004133571081,0.01761879338,0.02147833615,0.1404478767,0.0006860925014,0.01291917316,2.55619142,0.04511820067,0.04919828638,0.0006871041352,0.003332260812,0.5199147511,0.0006860925014,-0.007031204472,0,2020-06-11T00:00:00Z,,historical_reconstruction
2020-06-11,0.4576959182,-0.08460816354,0.04279547442,-0.008047164128,-0.0354019333,-0.06113554904,0.1208129946,-0.0001301461976,0.005034484235,2.376624123,0.04697342768,0.003852268815,0.0001252307258,-5.710634602e-05,0.4602131603,-0.0004179633103,-0.07758270413,0,2020-06-12T00:00:00Z,,historical_reconstruction
2020-06-12,0.503266241,0.006532482089,0,0.003082509923,0.005204807041,0.0007583098117,0.07069653092,-0.0003788676068,0.0136178562,2.150792022,0.03482851864,-0.01887567787,0.0002782813177,0.003607210604,0.5100751691,-0.0007954821967,0.04134762447,0,2020-06-13T00:00:00Z,,historical_reconstruction
2020-06-13,0.5001368542,0.0002737083317,0.2864779972,0.00544717507,0.004132754185,0.01108280255,0.138794318,0.000251984377,-0.006073504937,2.214801253,0.02518579931,-0.02154436167,0.0007586694532,0.007359532461,0.4971001017,-0.0002026738027,-0.02066929943,0,2020-06-14T00:00:00Z,,historical_reconstruction
2020-06-14,0.4926844279,-0.01463114417,0,-0.01353479464,-0.01529506734,-0.01883837101,0.2955367892,0.0006471933382,-0.07861594203,2.580901856,0.02261451159,-0.09543301955,0.0009137286997,-0.005530096178,0.4533764569,0.0002382957262,-0.0136770006,0,2020-06-15T00:00:00Z,,historical_reconstruction
2020-06-15,0.4697410766,-0.06051784677,0.4332651478,-0.00632720699,0.01956454533,0.03306931579,0.08739344065,0,0.04780755412,2.240736556,-0.02843720189,-0.04105781853,0.000425418151,0.0007909905644,0.4936448537,-0.00101461039,-0.07083817934,0,2020-06-16T00:00:00Z,,historical_reconstruction
2020-06-16,0.5051814531,0.01036290625,0.04994110389,0.005684489464,0.009871244635,0.003925249595,0.08924113918,-0.0003399915002,-0.01541585896,1.981627243,0.02303019035,-0.05011656144,0.000339231519,0.001863719214,0.4974735236,-0.00107830159,0.04587596614,0,2020-06-17T00:00:00Z,,historical_reconstruction
2020-06-17,0.487261207,-0.02547758591,0.0727273153,0.0191343765,0.009672683306,0.0005562925243,0.1609793018,-0.0002993755881,-0.02487017703,2.296479768,0.02338358249,-0.04930244415,0.0004074285374,0.01752394344,0.4748261185,-0.0009854680895,-0.05238791487,0,2020-06-18T00:00:00Z,,historical_reconstruction
2020-06-18,0.472508109,-0.05498378195,0.05880712831,-4.323763404e-05,0.0001297353399,-0.007808142777,0.2559185354,-4.323950361e-05,-0.04071886921,2.157231315,-0.01503935969,-0.1087609196,0.0004606853573,-0.001241754886,0.4521486744,8.690669395e-05,0.02962438159,0,2020-06-19T00:00:00Z,,historical_reconstruction
2020-06-19,0.4952633238,-0.009473352411,0,0.0002620774002,-0.008142758143,-0.005644811116,0.1149011071,-0.0001310043668,0.0001620273852,2.202649004,0.01721200885,-0.03315937344,0.0002159258379,0.0003083581166,0.4953443375,0.00024786324,-0.0160058345,0,2020-06-20T00:00:00Z,,historical_reconstruction
2020-06-20,0.483629343,-0.03274131407,0.03473930737,0.009081691134,0.009972201386,-0.0005676360143,0.14867871,-0.0001747564332,0.001473144863,2.273218544,-0.03048231612,-0.07674041312,0.0003498750692,0.007805988504,0.4843659154,-0.0004267408102,-0.0330150224,0,2020-06-21T00:00:00Z,,historical_reconstruction
2020-06-21,0.5204948404,0.04098968084,0.1535200044,-0.008392399009,-0.01114435627,-0.008607947135,0.18293085,0.0001754078232,-0.05945204089,1.87294645,0.07192560737,-0.04761108622,0.0003023620304,-0.00603669713,0.49076882,-0.000471785515,0.05562082501,0,2020-06-22T00:00:00Z,,historical_reconstruction
2020-06-22,0.5096212177,0.01924243535,0.2155246168,0.003135701613,0.006791171477,0.02768619494,0.1459562754,4.113025953e-05,0.04458725207,2.111380608,-0.04324398882,-0.01263848213,-9.308836609e-05,0.01277564409,0.5319148437,4.113025953e-05,0.07976028212,0,2020-06-23T00:00:00Z,,historical_reconstruction
2020-06-23,0.5083971056,0.01679421117,0,-0.002420711443,-0.005114775564,-0.0009450630727,0.1026748625,-8.225713581e-05,-0.05815359143,1.990335344,0.08504611499,0.02511573835,-0.0007856417979,-0.001569498818,0.4793203099,0.0002577343644,0.006431304919,0,2020-06-24T00:00:00Z,,historical_reconstruction
2020-06-24,0.4859725017,-0.02805499661,0.3593717108,0.003293272315,0.01068504955,-0.01461816349,0.07194803967,-0.0001705175207,-0.031849177,2.033644837,0.09821451641,0.02812962345,-0.000375971407,-0.0002699214969,0.4700479132,0.0001288580674,-0.002577410698,0,2020-06-25T00:00:00Z,,historical_reconstruction
2020-06-25,0.5095509637,0.01910192743,0.4062714401,-0.005305039788,-0.00513478819,-0.008063483937,0.09184212915,0,-0.04718214954,1.712225035,0.06785511212,-0.04503691962,0.000296232549,-0.003973557001,0.4859598889,4.323950361e-05,0.07408570937,0,2020-06-26T00:00:00Z,,historical_reconstruction
2020-06-26,0.4982235854,-0.00355282912,0.03202202983,-0.002172590597,-0.00173882803,-0.005370755371,0.06529045669,8.709284097e-05,-0.03972081092,1.743818797,0.06930641659,-0.05660209305,0.0003293924608,-0.0005018103353,0.47836318,0.0002180972078,0.005920523291,0,2020-06-27T00:00:00Z,,historical_reconstruction
2020-06-27,0.4631196819,-0.07376063613,0.4120491391,0.01437032276,-0.02904856076,-0.03767585696,0.2096858512,0,0.02309816543,2.029807053,0.01579759199,-0.04665666923,0.0004438526409,0.008341305406,0.4746687647,0.0001747564332,-0.04101932206,0,2020-06-28T00:00:00Z,,historical_reconstruction
2020-06-28,,,,,,,,,,,,,,,,,,1,2020-06-29T00:00:00Z,,historical_reconstruction
2020-06-29,0.5111356684,0.02227133672,0.2123724505,0.008227540142,0.01772637971,0.01900035765,0.1907621856,8.774623788e-05,-0.003644076881,1.843502508,0.05121565878,-0.02437705277,0.0004227998029,0.003762789225,0.5093136299,4.661597835e-05,0.003028901367,0,2020-06-30T00:00:00Z,,historical_reconstruction
2020-06-30,0.4878819962,-0.02423600769,0.3476371303,0.003112494442,-0.003401510801,-0.008874439856,0.08305514312,-0.0001773049645,-0.02049786685,2.031003597,0.005064128557,0.00322379885,-0.0002123214606,0.0004663745075,0.4776330627,-9.504782873e-05,-0.04103021886,0,2020-07-01T00:00:00Z,,historical_reconstruction
2020-07-01,0.5135962865,0.02719257297,0.1995637792,-0.0004759844223,0.006843344085,0.01462707546,0.1236849089,0.0001731676696,0.03794616425,1.894021904,0.03631092205,0.05483778273,3.343630045e-05,-0.0008668821787,0.5325693686,0.0003436851903,0.05524756958,0,2020-07-02T00:00:00Z,,historical_reconstruction
2020-07-02,0.4765295668,-0.04694086643,0.1987407874,0.003233952067,0.006086454307,-0.007581401464,0.1130246569,0.0003532632695,-0.00248240107,2.202236142,0.006454900519,0.02114355166,0.0002234008576,0.003467643791,0.4752883662,0.0003532632695,-0.06604279386,0,2020-07-03T00:00:00Z,,historical_reconstruction
2020-07-03,0.4887903713,-0.02241925739,0.1117550218,-0.00675795053,-0.0090340208,-0.009906657274,0.1560293126,-0.0001778805532,-0.02933914691,1.841023866,0.02956740025,0.001931386079,-9.618715955e-05,-0.003020130535,0.4741207979,-0.0002649733942,-0.01886642827,0,2020-07-04T00:00:00Z,,historical_reconstruction
2020-07-04,0.5076939945,0.01538798891,0.4898017599,0.0007860605267,0.01470002214,0.015689403,0.1013392608,0.0001309071868,0.0632734687,1.737711894,-0.0126961744,0.06452300304,-5.737014132e-05,0.0006736544164,0.5393307288,0.0001309071868,0.08914862505,0,2020-07-05T00:00:00Z,,historical_reconstruction
2020-07-05,0.4877322253,-0.02453554933,0.3625278012,0.01056932232,0.01155761024,0.01074886737,0.2661045177,0.000219722271,-0.008141903154,1.914402487,0.0199852925,0.06038306328,-5.041658032e-05,0.00444999186,0.4836612738,,,0,2020-07-06T00:00:00Z,,historical_reconstruction
2020-07-06,0.5132590048,0.02651800959,0.3088131778,0.01346532992,0.01181003434,0.02507531079,0.1429465174,0.0001241721854,0.03945505818,1.575529466,-0.006763503699,-0.05061020269,0.0006164561691,0.005875374881,0.5329865339,3.642594755e-05,0.004246672873,0,2020-07-07T00:00:00Z,,historical_reconstruction
2020-07-07,0.4890353603,-0.02192927947,0.1091042289,0.005924867636,0.002428709016,0.007618486405,0.1196581232,0.0002506370358,-0.01405811802,1.7054798,0.0364456815,-0.08361851205,0.0001296526115,0.002044704227,0.4820063013,0.0004279420003,0.002306728218,0,2020-07-08T00:00:00Z,,historical_reconstruction
2020-07-08,0.4934326821,-0.01313463586,0.1718651524,-0.006637168142,0.004964798763,0.01179989347,0.1335002411,0.0007693865155,0.03747788378,1.493926658,-0.0133308148,-0.08834609658,0.0007672669868,0.0006426299046,0.512171624,0.0005962188459,-0.04032720883,0,2020-07-09T00:00:00Z,,historical_reconstruction
2020-07-09,0.4849798878,-0.03004022446,0,0.008334027836,0.008838489119,-0.01849598442,0.08770463472,0.0001239771882,-0.01920906759,2.173610634,0.02727915219,0.05594119227,-0.0002930311184,0.001542598834,0.475375354,-0.0002292860813,0.01690064197,0,2020-07-10T00:00:00Z,,historical_reconstruction
2020-07-10,0.5143939767,0.02878795341,0.3642314256,0.007306584276,0.002701467104,0.01382527209,0.1158684881,0.0004559396502,-0.05419922483,1.735517212,0.06975520691,0.02958308563,0.000450556557,0.005712689403,0.4872943643,0.0006338202034,0.0512072108,0,2020-07-11T00:00:00Z,,historical_reconstruction
2020-07-11,0.4899300129,-0.02013997416,0.2813403678,0.005380185785,-0.001544498247,0.002935133549,0.1094961568,0.0002508466073,-0.01744507887,1.625282411,0.02096624169,0.031215974,0.0003082429987,0.003142823,0.4812074735,0.0001199394205,-0.03552796307,0,2020-07-12T00:00:00Z,,historical_reconstruction
2020-07-12,0.5087957839,0.01759156789,0.2380532679,0.01781671837,0.02141354649,0.01356767137,0.1817768964,0.0001235635735,-0.006594740755,1.916327523,0.04708427682,0.02584635759,0.0003450034703,0.008944413836,0.5054984136,-9.615869759e-05,0.04212711722,0,2020-07-13T00:00:00Z,,historical_reconstruction
2020-07-13,0.5045454822,0.009090964327,0.03440489165,0.004571955874,-0.01318500206,-0.0209304227,0.1092753632,0.0004175365344,-0.05779066979,1.82070389,0.08762065838,0.02261975397,0.0005711726246,0.0008728082334,0.4756501473,0.000293364349,-0.01742704527,0,2020-07-14T00:00:00Z,,historical_reconstruction
2020-07-14,0.4984590389,-0.003081922195,0.2224266008,-0.004059315715,0.0009574955247,-0.0004988360492,0.1066332569,0.0004990850108,-0.01139758212,1.700551985,0.05012594798,0.02923126813,0.0006805918416,-0.0014068567,0.4927602478,0.000248447975,0.01884735728,0,2020-07-15T00:00:00Z,,historical_reconstruction
2020-07-15,0.4838347616,-0.03233047673,0.1261977722,0.004715988042,0.00205778599,-0.002299715672,0.1050690301,-8.381878379e-05,-0.05141114529,1.437379995,0.04694646377,0.00267312638,-5.12015793e-05,0.001321654005,0.458129189,-0.0008532052993,-0.01919584087,0,2020-07-16T00:00:00Z,,historical_reconstruction
2020-07-16,0.4844836707,-0.0310326585,0.1555436819,0.004818240482,0.001672527661,0.008114290647,0.0854177831,0.0007278331978,-0.01627510384,1.783120193,0.02792690963,0.03606938891,0.0009161463933,0.0008316778306,0.4763461188,0.0006038560096,-0.0009924340433,0,2020-07-17T00:00:00Z,,historical_reconstruction
2020-07-17,0.4910509757,-0.01789804864,0,-0.001844701845,-0.002058760455,-0.002871346533,0.08380205224,0.0002148966347,0.06948395306,1.71177252,0.02692800328,0.08617558085,0.0005021926873,-0.001136966242,0.5257929522,-0.0002410430155,-0.04668600204,0,2020-07-18T00:00:00Z,,historical_reconstruction
2020-07-18,0.4941796735,-0.01164065307,0.1186921644,0.0004245022711,0.003064481805,0.002979103715,0.1026105873,8.486442907e-05,0.1016239599,1.3678518,-0.03171465781,0.05265942426,-8.088841599e-05,0.0007016701496,0.5449916534,-0.0001659821782,0.008499321085,0,2020-07-19T00:00:00Z,,historical_reconstruction
2020-07-19,0.5097118758,0.01942375168,0.3071650509,0.01658092768,0.02323690517,0.02297424489,0.2968997826,0.0003345740454,0.03274571557,1.645446121,0.0310853398,0.03120748993,0.0001695179426,0.004750448696,0.5260847336,0.000211010472,0.001832183795,0,2020-07-20T00:00:00Z,,historical_reconstruction
2020-07-20,0.4871141864,-0.02577162721,0.1310392505,0.002719123083,-0.008027908541,-0.006315523557,0.1162988013,8.474217194e-05,-0.05711077554,1.746843476,0.04201482719,0.01422224452,4.653581833e-05,0.0002336591459,0.4585587986,-0.0003327943625,-0.03486259154,0,2020-07-21T00:00:00Z,,historical_reconstruction
2020-07-21,0.5264433358,0.05288667151,0.5356449857,0.001182225846,0.008127745166,0.01065843621,0.1032698057,-0.0001221548109,0.02114801493,1.869631176,0.07730461532,0.03450688606,8.977277167e-05,0.003811061164,0.5370173432,-0.0006212398217,0.05596859371,0,2020-07-22T00:00:00Z,,historical_reconstruction
2020-07-22,0.5320456154,0.06409123079,0.6615406693,0.07565561401,0.07842656199,0.08125614956,0.5343264475,0.002009554865,-0.002076651679,2.313824034,0.1065663481,0.02879472694,0.002000099256,0.01539170546,0.5310072896,0.002093373648,0.09642170752,0,2020-07-23T00:00:00Z,,historical_reconstruction
2020-07-23,0.5130825387,0.02616507737,0.08890154942,0.002439646069,0.02620494278,0.04177703777,0.09178025437,0.0009444242644,-0.01368319679,2.56444263,0.08243410388,0.03638994097,0.0008257146999,0.0007920239024,0.5062409403,0.0002165910667,0.05719773588,0,2020-07-24T00:00:00Z,,historical_reconstruction
2020-07-24,0.5046405512,0.009281102477,0,-0.0139526669,0.003486950895,0.01457439849,0.2006694634,0.001074691026,-0.001016619487,2.871432745,0.07968935979,0.05312505808,0.0008754836619,-0.004587883646,0.5041322415,0.0008597943916,0.02717915111,0,2020-07-25T00:00:00Z,,historical_reconstruction
2020-07-25,0.5160426676,0.03208533526,0.3299774769,0.02950996594,0.06704418345,0.08014578394,0.2834170655,0.001244840464,0.004005979415,2.964712807,0.06687089392,0.04530734277,0.001134535962,0.002716520538,0.5180456573,0.001159976035,0.04372598834,0,2020-07-26T00:00:00Z,,historical_reconstruction
2020-07-26,0.4954764976,-0.009047004727,0,0.01286435434,0.0006756974163,0.005398765073,0.07074962909,0.001318327974,-0.02989808367,2.930516592,-0.04361605771,-0.05351027558,0.0004977100238,0.00664301642,0.4805274558,0.0009837539289,-0.02847075641,0,2020-07-27T00:00:00Z,,historical_reconstruction
2020-07-27,0.5004551189,0.0009102378662,0.185576191,-0.006971220581,0.02800485375,-0.009446153846,0.1790525305,0.001242506135,-0.03694639661,3.072802929,-0.01945062605,-0.05684305159,-0.000354961127,0.02204966642,0.4819819206,0.001157763963,0.02668186508,0,2020-07-28T00:00:00Z,,historical_reconstruction
2020-07-28,0.4817504271,-0.03649914571,0.1129901593,-0.004900574875,-0.0153248368,-0.0006309745402,0.08471212081,0.001389020425,-0.02771709413,2.617928666,0.005583164424,-0.04019478258,0.0001356129813,-0.007978002507,0.4678918801,0.001511175236,-0.08938581722,0,2020-07-29T00:00:00Z,,historical_reconstruction
2020-07-29,0.5089814142,0.01796282844,0,-0.01234145735,-0.01181922802,-0.01659083171,0.1357412829,0.001290485034,-0.0636641379,2.387461391,0.07448581384,-0.03876324077,0.0001644126748,-0.009319095578,0.4771493453,-0.0007190698311,-0.04612840235,0,2020-07-30T00:00:00Z,,historical_reconstruction
2020-07-30,0.5444271626,0.08885432511,0,0.004770763322,0.04915721536,0.05358041782,0.2279383289,0.001284080389,-0.09491336669,2.324544779,0.1584944902,0.02935424033,0.0001714286836,-0.001548104584,0.4969704792,0.000339656125,0.06268924774,0,2020-07-31T00:00:00Z,,historical_reconstruction
2020-07-31,0.5059416157,0.01188323144,0.113599143,0.007593389969,0.00566234973,0.007212447288,0.1431805746,0.0002598677562,-0.03085344764,2.821376454,0.03868968541,-0.03246430868,-0.0004652902877,0.001651531311,0.4905148919,-0.0008148232701,0.002602128962,0,2020-08-01T00:00:00Z,,historical_reconstruction
2020-08-01,0.5299769832,0.05995396633,0.1890169267,0.00952132516,0.08130762783,0.08668182967,0.1812106627,0.0006201550388,-0.06930023109,2.812289904,0.1069141386,0.01977419285,-0.0002484029093,0.002725784237,0.4953268676,-0.0006246854251,0.02786863107,0,2020-08-02T00:00:00Z,,historical_reconstruction
2020-08-02,0.4946688314,-0.01066233711,0.3725584431,-0.01787974684,0.01151610625,0.02980864949,0.07968442836,0.001154610386,-0.0473697807,2.726781772,0.04530713456,-0.004075583417,0.0003986050209,-0.01173367372,0.4709839411,-0.0001637175882,-0.001615332384,0,2020-08-03T00:00:00Z,,historical_reconstruction
2020-08-03,0.4987970884,-0.00240582314,0.07453032028,-0.01938664024,-0.01961083168,-0.01286543725,0.1659746132,0.0006736798466,-0.04678734459,2.539370844,0.04441506821,-0.001268402096,2.661006557e-05,-0.01575951843,0.4754034161,-0.0005688262883,-0.003316061006,0,2020-08-04T00:00:00Z,,historical_reconstruction
2020-08-04,0.4919924826,-0.01601503484,0.3078127894,0.007759757896,-0.001793446235,0.009875583204,0.09928198578,0.001257667924,-0.0486985099,2.290976454,0.03354654554,0.02282339655,0.0005357217433,-0.002620889766,0.4676432276,-0.0001313525006,0.02048411087,0,2020-08-05T00:00:00Z,,historical_reconstruction
2020-08-05,0.5066033432,0.01320668649,0.05034710905,0.005419510237,0.01371110549,0.008506568682,0.20463911,0.0005739668597,-0.05058725753,2.120306689,0.04943318569,-0.006787916967,-7.227053169e-05,0.008579647918,0.4813097145,-0.0007165181739,-0.004756141956,0,2020-08-06T00:00:00Z,,historical_reconstruction
2020-08-06,0.4907680575,-0.01846388505,0,-0.004915305505,-0.01104764768,0.0006590453981,0.1457036174,0.0008105985764,-0.06355778614,2.003430234,0.03554046417,-0.01361198033,0.0001219671166,-0.008545293935,0.4589891644,-0.000473481813,-0.1073182102,0,2020-08-07T00:00:00Z,,historical_reconstruction
2020-08-07,0.4805751897,-0.03884962054,0.3726584938,0.01330270328,-0.01590266428,-0.03747684657,0.1031400944,0.0007644856857,-0.04228558055,2.489843477,0.04886980157,-0.007985187803,0.0006066485546,0.009167979528,0.4594323995,0.0005046179295,-0.05073285198,0,2020-08-08T00:00:00Z,,historical_reconstruction
2020-08-08,0.5232625259,0.04652505178,0.5052058998,0.01996095155,0.01680026635,0.01381441193,0.1525520203,0.001133415611,-0.0536781665,2.159793124,0.06920880029,0.04510284033,0.0007669629492,0.004100438985,0.4964234426,0.0005132605722,-0.01342891455,0,2020-08-09T00:00:00Z,,historical_reconstruction
2020-08-09,0.4947041496,-0.01059170087,0.05793077936,0.001694567115,0.009052348438,-0.004440134735,0.1194619856,0.001025272979,-0.05604097913,2.450977869,0.07200663425,-0.006616307728,0.0006563191983,0.004529190361,0.46668366,-0.0001293374072,7.063624203e-05,0,2020-08-10T00:00:00Z,,historical_reconstruction
2020-08-10,0.4955449187,-0.008910162669,0,-0.0003286396845,-0.00337718635,0.01132963351,0.08749863417,0.0009862431722,-0.04464089186,1.872763333,0.0003546226669,-0.01029052117,0.0006524311226,0.002522127624,0.4732244727,0.0003125633256,-0.006504339529,0,2020-08-11T00:00:00Z,,historical_reconstruction
2020-08-11,0.4688866206,-0.06222675882,0.1913764103,-0.00402070796,-0.008528226861,-0.03182956113,0.2211331824,0.0007915567282,-0.02299771929,2.214063967,0.02888644027,-0.01425712384,0.0007423997701,0.0004417298598,0.4573877609,-0.0004661111961,-0.04621172398,0,2020-08-12T00:00:00Z,,historical_reconstruction
2020-08-12,0.5041657104,0.008331420779,0,0.000542677727,0.005427302708,0.01430367809,0.09894987946,0.0007231778501,-0.04922569423,2.0960379,0.05499713818,0.001452768139,0.0003746924644,-0.0004019369037,0.4795528633,0.0001492109904,-0.004875265709,0,2020-08-13T00:00:00Z,,historical_reconstruction
2020-08-13,0.5202572274,0.04051445471,0.04691458329,0.07811468333,0.08143770538,0.07792306716,0.3906745682,0.001884392519,-0.0583566046,2.382139875,0.04650271825,0.02325131368,0.001035496084,0.02379764613,0.4910789251,0.001073793943,0.05897833976,0,2020-08-14T00:00:00Z,,historical_reconstruction
2020-08-14,0.4970085341,-0.005982931887,0.1058444063,-0.006215265963,0.003688430699,0.02357366478,0.0988224586,0.001666248203,-0.07917190603,2.530295334,0.04227279878,-0.03715695107,0.0010412769,-0.003507897854,0.457422581,0.0009017625168,0.03286668866,0,2020-08-15T00:00:00Z,,historical_reconstruction
2020-08-15,0.4876695558,-0.02466088838,0.1006969867,0.0009260974254,-0.007507059391,-0.004169258056,0.1439620408,0.0009946336047,-0.06843728542,2.540018624,0.004058908525,-0.04558001734,0.0004344095151,0.001292546316,0.4534509131,-0.0001387820062,-0.07118594015,0,2020-08-16T00:00:00Z,,historical_reconstruction
2020-08-16,0.4816455094,-0.03670898123,0.008473391104,0.0101570144,0.007645295471,0.03776565192,0.1183722386,0.001314515013,-0.06592866317,2.430021531,0.02795076856,-0.02809846777,0.000455645061,0.007859970841,0.4486811778,0.0002892420342,-0.02611728036,0,2020-08-17T00:00:00Z,,historical_reconstruction
2020-08-17,0.5007876112,0.001575222377,0.3245745285,-0.01486087931,-0.02263705854,0.006399626299,0.1218024433,0.001021142287,-0.06194698108,2.583553511,0.003583186093,-0.03507862371,-0.0003573953558,-0.003844740614,0.4698141206,3.489911473e-05,0.01048538505,0,2020-08-18T00:00:00Z,,historical_reconstruction
2020-08-18,0.480215083,-0.03956983394,0,-0.004200788238,0.004331992479,-0.01182669789,0.105968819,0.0009716791089,-0.04478540675,2.207041248,0.01297388109,0.004906112145,-0.0003493746198,-0.003086298687,0.4578223797,0.0001801223807,0.02265692488,0,2020-08-19T00:00:00Z,,historical_reconstruction
2020-08-19,0.4676484884,-0.06470302313,0,0.02922528985,-0.005200322273,-0.01336626471,0.1460457262,0.0004663034408,-0.01311260757,2.444816568,-0.007825434239,-0.02746181551,-0.0003231753925,0.008995870312,0.4610921847,-0.0002568744093,-0.07303444391,0,2020-08-20T00:00:00Z,,historical_reconstruction
2020-08-20,0.5065159731,0.01303194617,0,0.00410390112,0.001396379045,0.01086348944,0.1236923783,0.0008414675194,-0.05499624153,1.861382001,0.0586813107,0.01593637785,0.0004728015923,0.0008832154446,0.4790178523,-0.001042925,-0.02748250854,0,2020-08-21T00:00:00Z,,historical_reconstruction
2020-08-21,0.4591307677,-0.08173846466,0.2006545934,-0.02414669115,-0.04017713565,-0.04278206805,0.2077941409,0.0007217052865,-0.03112558198,2.168376096,-0.02949863972,-0.01747077251,9.818711774e-05,-0.0119571001,0.4435679767,-0.000944542916,-0.07575553278,0,2020-08-22T00:00:00Z,,historical_reconstruction
2020-08-22,0.490121008,-0.01975798397,0.2080540786,0.0152842354,0.01257909974,0.01343589744,0.1292095155,0.0005060216577,-0.03676830856,1.744084584,-0.00910454055,0.02375049777,-0.0001378972102,0.006272508123,0.4717368537,-0.000488611947,0.00490290441,0,2020-08-23T00:00:00Z,,historical_reconstruction
2020-08-23,0.4902826742,-0.0194346516,0,-0.008249568484,-0.004966128457,0.01750045574,0.1149506062,0.0007422384889,-0.06591784848,2.006727522,0.003493274454,-0.02915968441,0.0002382949375,-0.003153621144,0.45732375,-0.0005722765242,0.01727432964,0,2020-08-24T00:00:00Z,,historical_reconstruction
2020-08-24,0.5219544696,0.04390893924,0.202120897,0.01030927835,0.01136194493,0.001843068832,0.1813086546,0.000637755102,-0.0557148007,1.847395185,0.05802272399,0.04265303731,0.000203646047,-1.532126131e-05,0.4940970693,-0.0003833871849,0.04233371686,0,2020-08-25T00:00:00Z,,historical_reconstruction
2020-08-25,0.47726623,-0.04546754001,0.4272056072,0.009277562531,-0.006821247017,-0.03121916665,0.08629844489,0.0004700598021,-0.02874779594,2.465339975,0.002096439174,0.01705862071,-0.0003030162987,0.002162210023,0.462892332,-0.0005016193068,-0.005897706065,0,2020-08-26T00:00:00Z,,historical_reconstruction
2020-08-26,0.5040812191,0.008162438282,0.04029117171,-0.003074935401,-0.01038834453,0.008838218759,0.1141199042,0.0005443093751,-0.03814745204,1.881829993,0.05926947973,-0.001409132959,0.0001263859571,0.0001212910252,0.4850074931,7.800593425e-05,0.07286546141,0,2020-08-27T00:00:00Z,,historical_reconstruction
2020-08-27,0.5035135739,0.007027147766,0,0.01445170853,-0.001250814332,0.003298342975,0.09082214139,0.0008610118193,-0.05846159312,2.147734109,0.03316817627,-0.01332431524,0.0004064816094,0.007674253764,0.4742827773,1.954429999e-05,-0.006004798403,0,2020-08-28T00:00:00Z,,historical_reconstruction
2020-08-28,0.5142886568,0.02857731359,0.2849342537,-0.002071073169,-0.002826641092,0.00363239179,0.1150301119,7.592822252e-05,-0.03108178971,1.584910827,0.08359325854,-0.003604466123,8.113343363e-05,0.002514350322,0.4987477619,-0.000645777064,0.1103157783,0,2020-08-29T00:00:00Z,,historical_reconstruction
2020-08-29,0.5092127738,0.01842554764,0.1487761029,-0.01030287984,-0.009540609705,0.002237530169,0.1356104745,2.508466073e-05,-0.05193666079,1.497915123,0.06556786188,0.02794159353,-4.643212304e-05,-0.00488451778,0.4832444434,-0.000480936997,0.03818353161,0,2020-08-30T00:00:00Z,,historical_reconstruction
2020-08-30,0.5075189564,0.01503791276,0.295749165,0.009128123089,0.02910198892,0.05478778341,0.1664604356,0.0003963258265,-0.01968697236,1.617395805,-0.01597149007,-0.008040529271,0.0001418676857,0.005889582988,0.4976754702,-0.0003459126624,0.03447256436,0,2020-08-31T00:00:00Z,,historical_reconstruction
2020-08-31,0.5014167744,0.002833548887,0,-0.006731848053,-0.0008292064955,0.003307428994,0.1614559163,0.0005532630997,-0.05378244306,1.581679265,0.04250137947,0.00261970093,-0.0001849653752,-0.006438379531,0.4745255529,-8.449200238e-05,-0.04107539035,0,2020-09-01T00:00:00Z,,historical_reconstruction
2020-09-01,0.4961663589,-0.007667282244,0.1859133151,-0.0006306495691,-0.01352921647,0.01464122594,0.1249365417,0.0004417332772,-0.01869460856,1.871476633,0.03333684071,-0.01333541513,-0.0002469113008,-0.00296385254,0.4868190546,-2.832652481e-05,0.03780025776,0,2020-09-02T00:00:00Z,,historical_reconstruction
2020-09-02,0.4950124126,-0.009975174884,0.1539010038,0.008698446214,0.0161849711,-0.005318547018,0.07425022146,0.0005688282139,-0.0555492987,2.18913377,0.07308915002,0.02313842232,-0.0001705115083,-5.882760964e-05,0.4672377632,2.45188388e-05,-0.01813761317,0,2020-09-03T00:00:00Z,,historical_reconstruction
2020-09-03,0.4832774066,-0.03344518673,0,-0.04989661958,-0.05491128952,-0.0976625343,0.1530041451,0.0005768222339,-0.04777966608,2.070376063,0.07571246335,-0.003024725104,0.0005541416893,-0.05072130709,0.4593875736,-0.0002841895855,-0.04047233449,0,2020-09-04T00:00:00Z,,historical_reconstruction
2020-09-04,0.4972291789,-0.0055416423,0.1340170323,-0.01536023718,0.002393713899,-0.02374375998,0.08148461144,-0.0001557389815,-0.05223568903,2.105422651,0.07321269099,-0.03426331649,-0.0003232632127,-0.01171981802,0.4711113343,-0.000231667204,-0.03411895589,0,2020-09-05T00:00:00Z,,historical_reconstruction
2020-09-05,0.4899282607,-0.02014347868,0,0.03618817853,-0.06241079175,-0.05909282404,0.1510135804,-0.0004775976837,-0.04612098421,2.082078061,0.01352416672,0.01524507771,-0.0006762857522,0.02109442323,0.4668677686,-0.0005026823444,-0.03856902632,0,2020-09-06T00:00:00Z,,historical_reconstruction
2020-09-06,0.4958589452,-0.008282109658,0,-0.001810774106,0.02412261604,-0.00502002369,0.1190032518,-0.0003117913832,-0.03656395741,1.821203224,-0.002901767702,0.0473038168,-0.0004999702409,-0.0002047122818,0.4775769665,-0.0007081172097,-0.02332002242,0,2020-09-07T00:00:00Z,,historical_reconstruction
2020-09-07,0.5028851746,0.005770349134,0.1269744971,0.02211366133,0.02152308315,0.05307204336,0.1007058368,-0.000282813428,0.0263584289,1.876465202,0.02892399513,0.09520278058,-0.0007956616249,0.02216686637,0.516064389,-0.0008360765276,0.002936800248,0,2020-09-08T00:00:00Z,,historical_reconstruction
2020-09-08,0.4884666311,-0.02306673776,0.2995756806,0.008579457133,-0.01157203961,0.01090636704,0.1648432414,-0.0002074750289,0.04128780782,2.145393988,0.03999427107,0.07209973806,-0.0004415109638,0.01355591565,0.509110535,-0.0006492083061,-0.01539945551,0,2020-09-09T00:00:00Z,,historical_reconstruction
2020-09-09,0.5128146335,0.02562926702,0.3543937511,-0.01443860783,-0.004624375851,0.009378865905,0.1202099041,-0.0005700441784,0.009413787717,1.968292864,0.06054046948,0.08080182964,-0.00057885113,-0.005571957659,0.5175215274,-0.001138872392,0.0356044419,0,2020-09-10T00:00:00Z,,historical_reconstruction
2020-09-10,0.4980476624,-0.003904675108,0.1080401359,0.01305102013,-0.008167996549,0.00689636299,0.07976923835,-0.0006522979915,0.04107842834,2.517013314,0.04534111076,0.1066695717,-0.0005594265517,0.006502377292,0.5185868766,-0.001229120225,0.02954051162,0,2020-09-11T00:00:00Z,,historical_reconstruction
2020-09-11,0.501507782,0.003015563997,0.0362020762,0.01309652928,0.01000189225,0.03127242617,0.1393902776,-0.00048176003,0.05244170305,2.174599995,0.03416709172,0.1093629151,-0.0004740587547,0.006266467762,0.5277286335,-0.0003260210485,0.008557206297,0,2020-09-12T00:00:00Z,,historical_reconstruction
2020-09-12,0.5116285533,0.02325710658,0.4016035802,0.008058646147,0.0389840045,0.04582108471,0.1521110705,-0.0003352416319,0.06307795997,1.921477547,0.03038511478,0.1013130874,-8.239035055e-05,-0.001942408357,0.5431675333,0.0001423560518,0.04340058527,0,2020-09-13T00:00:00Z,,historical_reconstruction
2020-09-13,0.4766491504,-0.04670169916,0,0.009310268841,0.01568910079,-0.01513237468,0.103175962,-0.0004912395612,0.04047890754,2.335949075,0.004706695431,-0.004976439844,3.300656767e-06,0.002306711094,0.4968886042,-0.0001794481779,-0.0384195895,0,2020-09-14T00:00:00Z,,historical_reconstruction
2020-09-14,0.5000319318,6.3863566e-05,0.1073108347,0.006969106299,-0.01563519616,0.02203311743,0.1031126975,2.651675859e-05,0.05803288033,2.151004937,0.04925495673,-0.0595599992,0.0007452353966,0.0006347866854,0.5290483719,0.0003093301866,-0.005706485568,0,2020-09-15T00:00:00Z,,historical_reconstruction
2020-09-15,0.4814937918,-0.03701241648,0.1849473621,-0.001371516348,-0.005300546448,-0.03316956579,0.1070240858,0,0.03667376073,2.276129814,0.0007644877319,-0.06126038019,0.0007908905725,0.0001817616974,0.4998306721,0.0002074750289,-0.01394567872,0,2020-09-16T00:00:00Z,,historical_reconstruction
2020-09-16,0.4774297952,-0.04514040956,0.1943471247,-0.0004653964082,-0.01460110116,0.001343864846,0.09284026681,-0.0004382240968,0.09585926838,2.271711478,-0.02198409211,-0.0261721496,9.491399596e-05,-0.002566880953,0.5253594294,0.0001318200816,-0.07076967658,0,2020-09-17T00:00:00Z,,historical_reconstruction
2020-09-17,0.517014499,0.03402899803,0.5329075585,0.0003596937465,0.02403871443,0.01639344262,0.1248242207,-0.0003081980686,0.03165805412,2.233451125,0.06165843486,0.03598490294,0.0001177621014,0.002139854516,0.5328435261,0.0003440999228,0.03793367314,0,2020-09-18T00:00:00Z,,historical_reconstruction
2020-09-18,0.4858430067,-0.02831398658,0.04277175672,0.01448931116,0.005782615521,-0.002698285032,0.1140677974,0.0001300762247,0.04201866414,1.867244331,-0.003439952787,-0.01768577465,0.0007794631028,0.006150986284,0.5068523388,0.0006118362546,-0.03132955058,0,2020-09-19T00:00:00Z,,historical_reconstruction
2020-09-19,0.4824701967,-0.03505960662,0,0.00111740554,0.001716113263,-0.003775438959,0.1250985635,-0.0007527579494,0.08224659245,1.61676923,-0.07187197881,-0.00977220982,-0.0001291483236,0.002391848897,0.5235934929,-0.0004175163175,-0.0583167132,0,2020-09-20T00:00:00Z,,historical_reconstruction
2020-09-20,0.4894542897,-0.02109142062,0.2777550177,-0.0005118120842,0.000809192426,-0.02231825248,0.1576969591,-0.0005120741699,-0.01394421447,1.940281691,-0.0137708293,-0.04177362082,3.736229144e-05,0.004530389485,0.4824821825,-2.083460874e-05,0.02561027855,0,2020-09-21T00:00:00Z,,historical_reconstruction
2020-09-21,0.4782994132,-0.04340117363,0.209150709,-0.0146488333,0.0004409041474,-0.03438492964,0.1139445045,-0.0004994711482,0.03872723386,2.555956449,0.004969850353,0.006479171749,-0.0002604438453,-0.00774678408,0.4976630301,-0.0005259879068,-0.0434650372,0,2020-09-22T00:00:00Z,,historical_reconstruction
2020-09-22,0.4820190677,-0.03596186464,0,0.001921117741,0.008673992674,0.01363448966,0.122985115,-0.0004357804828,0.1015480234,2.497879526,-0.01337097582,0.02598503645,0.0001615825724,0.003586548964,0.5327930794,-0.0004357804828,0.001050551842,0,2020-09-23T00:00:00Z,,historical_reconstruction
2020-09-23,0.4807373996,-0.03852520089,0,-0.02127010284,-0.05260981302,-0.0531412376,0.2650292922,-0.0002494387628,0.05515150685,2.698640266,-0.002795499288,0.008090571252,9.719150282e-05,-0.005007286505,0.508313153,0.0001887853341,0.006615208672,0,2020-09-24T00:00:00Z,,historical_reconstruction
2020-09-24,0.5052846804,0.01056936077,0.02830364845,0.008671272076,0.01300473163,0.03190608552,0.1459130279,-0.0005731151675,0.05712335605,2.499946099,0.04141812878,-0.06418474426,0.0004887011718,0.007738971848,0.5338463584,-0.0002649170989,-0.02345963727,0,2020-09-25T00:00:00Z,,historical_reconstruction
2020-09-25,0.4979465383,-0.004106923337,0.1010090616,-0.005510498206,0.01376966066,0.02394599785,0.1324068122,-0.000113662196,0.05470042284,2.49327894,0.01600343776,0.0161125003,0.0001820332826,-0.002963120532,0.5252967498,-0.0002437384206,0.02420706325,0,2020-09-26T00:00:00Z,,historical_reconstruction
2020-09-26,0.501023943,0.002047885943,0,0.004370282082,0.004484304933,0.006312197896,0.1005715841,-0.0001130198915,0.04805741827,2.435988727,-0.005409531861,-0.0294074658,8.271860187e-05,0.0009385606622,0.5250526521,0.0006397380579,0.03710749256,0,2020-09-27T00:00:00Z,,historical_reconstruction
2020-09-27,0.4883685442,-0.02326291166,0.3878342527,0.009545056621,0.005371505709,0.02373997709,0.08495097512,-0.0002517552939,0.05686898485,2.743387109,-0.01197158265,0.005498656732,0.0003283314871,0.00393588899,0.5168030366,0.000260318876,-0.00217149104,0,2020-09-28T00:00:00Z,,historical_reconstruction
2020-09-28,0.4823251242,-0.03534975161,0.4488987499,-0.02544052863,-0.03000739908,-0.01142298562,0.1527226848,-0.0003107695785,0.06915359826,2.440363275,-0.04225679251,-0.0107301676,0.0001258373407,-0.01587228565,0.5169019233,0.0001887015697,0.008051422016,0,2020-09-29T00:00:00Z,,historical_reconstruction
2020-09-29,0.5060304746,0.01206094925,0.2357816132,0.00973843736,0.01263720799,0.006011631809,0.1229336145,-0.0002501459185,0.02527457307,2.45579696,0.06159407415,-0.01791202853,7.271801377e-05,0.009451549402,0.5186677612,0.0001856345644,0.04802281389,0,2020-09-30T00:00:00Z,,historical_reconstruction
2020-09-30,0.5175977948,0.03519558957,0.01293876666,0.01255029969,0.006799104645,0.01943507947,0.1508515485,-0.0003334908151,0.008997173647,2.339323144,0.09004480436,0.009853656603,-3.613186709e-07,0.006548370706,0.5220963816,-8.405205232e-05,0.07372079046,0,2020-10-01T00:00:00Z,,historical_reconstruction
2020-10-01,0.477428599,-0.04514280206,0,-0.000821204055,-0.02287391654,-0.04259937593,0.09714810205,-0.0009069009494,0.04507240007,2.750119105,0.02019289986,-0.02954146408,-0.0002947980747,0.0001309129815,0.499964799,-0.0003337857819,-0.05571216282,0,2020-10-02T00:00:00Z,,historical_reconstruction
2020-10-02,0.4893406615,-0.02131867703,0.08921526408,0.006670356238,0.007110385826,0.0252454834,0.08750673921,-0.0005497685185,0.0353772094,2.713648783,0.01635517052,-9.854061255e-05,-5.309857225e-05,0.005264839696,0.5070292662,-0.0004361063226,-0.01721175369,0,2020-10-03T00:00:00Z,,historical_reconstruction
2020-10-03,0.5200992904,0.04019858085,0.3826803457,-0.01168437893,-0.003801076972,-0.004632293705,0.1487689275,-0.000664835959,0.03121606682,2.713389051,0.07581436406,0.006762242817,-0.000275917664,-0.003827992633,0.5357073238,-0.0005518160675,0.03815069491,0,2020-10-04T00:00:00Z,,historical_reconstruction
2020-10-04,0.490575294,-0.01884941201,0.06319166492,-0.001501841882,0.01638351265,0.01316886627,0.1493335515,-0.0003973096461,0.08642887187,2.888719007,-0.06346889565,-0.04115552449,0.000209254939,-0.000621178534,0.5337897299,-0.0001455543523,0.004413499645,0,2020-10-05T00:00:00Z,,historical_reconstruction
2020-10-05,0.4926033781,-0.0147932438,0.2353471427,0.005945438512,0.002210633715,0.008728890917,0.1041253164,-0.0004807420395,0.03987523462,2.598079231,0.07100295654,-0.05024472397,0.0001873324328,0.005724653753,0.5125409954,-0.000169972461,0.02055650782,0,2020-10-06T00:00:00Z,,historical_reconstruction
2020-10-06,0.4860866849,-0.02782663029,0.1410085815,0.001145845575,-0.03016934681,-0.01551485034,0.159201402,-0.0002934702861,0.0270517779,2.632498807,0.01941940656,0.0221564046,0.0002735290327,0.002677992877,0.4996125738,-4.332436768e-05,-0.03988757954,0,2020-10-07T00:00:00Z,,historical_reconstruction
2020-10-07,0.4945246317,-0.01095073657,0.1134566906,0.001759633996,0.00267120674,0.006897771489,0.0708601759,-0.0004976872182,0.05319441768,2.266692745,0.02695278244,0.002327586747,0.00021858136,0.001454337192,0.5211218406,-0.0001641964031,-0.04614632615,0,2020-10-08T00:00:00Z,,historical_reconstruction
2020-10-08,0.5264381641,0.05287632829,0.1542944286,-0.0007118451025,0.005040235975,0.03942068475,0.09958936711,0.0003704231372,0.02307564139,2.467354818,0.03290699766,0.0117885954,0.0009305769781,0.004297341072,0.5379759848,0.001277324087,0.09801913035,0,2020-10-09T00:00:00Z,,historical_reconstruction
2020-10-09,0.5337636587,0.06752731746,0.2014972741,0.0047896939,-0.000301262564,0.01671216088,0.1102015713,5.479151827e-05,0.01702204298,2.04201022,0.003480141736,0.06052390545,7.017524265e-05,0.001482652244,0.5422746802,0.0006045600368,0.08884599448,0,2020-10-10T00:00:00Z,,historical_reconstruction
2020-10-10,0.50758582,0.01517163999,0.5698541398,-0.008615615134,-0.006089219131,-0.003791035948,0.1162092724,0.0004318255425,-0.01181107823,2.484608745,-0.02945321703,0.01716341109,0.0002928040765,-0.005098188808,0.5016802809,0.001096661501,-0.02502694086,0,2020-10-11T00:00:00Z,,historical_reconstruction
2020-10-11,0.5035711008,0.007142201524,0.1821447368,0.002787307033,-0.00253259044,-0.0007477833565,0.1346522526,0.0006147102844,-0.01327253132,2.760359532,0.01065342103,0.03599439369,0.0005645740369,0.003087163171,0.4969348351,0.00101201993,0.02599161354,0,2020-10-12T00:00:00Z,,historical_reconstruction
2020-10-12,0.5063279959,0.01265599183,0.6139561322,-0.003994227697,0.002437949011,0.05502934352,0.172194204,0.0005691961398,-0.02807029406,2.47217178,-0.004790106875,0.012809207,0.0003861674928,-0.001617746016,0.4922928489,0.001049938179,0.02744923563,0,2020-10-13T00:00:00Z,,historical_reconstruction
2020-10-13,0.4886745115,-0.02265097697,0,0.00758917947,0.005011341457,-0.008792466573,0.07422131316,0.0002099517111,-0.03274616824,2.610521141,0.06053054532,-0.01532199844,0.0003150253677,0.002874120882,0.4723014274,0.0005034219972,0.005175653322,0,2020-10-14T00:00:00Z,,historical_reconstruction
2020-10-14,0.4888667499,-0.02226650022,0,0.009786144739,0.007636634559,-0.0008443048996,0.1273502404,0.0001584409411,-0.02603948246,2.694314269,0.05666261282,-0.01547135141,0.0002250031518,0.006668870815,0.4758470087,0.0006561281594,-0.01131576365,0,2020-10-15T00:00:00Z,,historical_reconstruction
2020-10-15,0.486014611,-0.02797077806,0,-0.001744647105,0.002681676977,0.01458853873,0.1247503718,-2.648024574e-05,-0.02859254661,2.550892123,-0.01342390247,-0.1230852593,0.0002447033664,-0.00137228505,0.4717183377,-0.0003969033829,-0.08084710635,0,2020-10-16T00:00:00Z,,historical_reconstruction
2020-10-16,0.472053653,-0.05589269404,0.4952363423,0.0005201062112,-0.004358485426,-0.01200194626,0.08083278652,-0.0002462380301,0.003321531206,2.849223611,0.008648977841,0.0172779449,-0.0002109002183,0.000980701666,0.4737144186,-0.0003010295484,-0.1234200115,0,2020-10-17T00:00:00Z,,historical_reconstruction
2020-10-17,0.4899517927,-0.02009641456,0,0.004061827004,0.001686157193,0.0005704816495,0.1103116985,-0.0001629018245,0.05268965134,2.4891483,0.05715878387,0.03121260938,0.0001848033215,0.001586110643,0.5162966184,-0.000594727367,-0.03526805454,0,2020-10-18T00:00:00Z,,historical_reconstruction
2020-10-18,0.5161396059,0.03227921186,0.4183149002,0.006361119983,0.006521854869,0.01429797736,0.1426332911,0.0004760519426,0.0455934184,2.494861165,-0.03286029673,-0.02302952939,0.0006533948246,0.00620263938,0.5389363151,-0.0001386583418,0.02513701034,0,2020-10-19T00:00:00Z,,historical_reconstruction
2020-10-19,0.4870728321,-0.02585433579,0.1209660215,-0.0003426191919,-0.01105490953,0.009447771124,0.1043584642,0.0004481940417,0.05821662845,2.263213072,-0.06896814481,-0.02162570469,0.0009987634598,0.005260060325,0.5161811463,-0.0001210020982,-0.03851032762,0,2020-10-20T00:00:00Z,,historical_reconstruction
2020-10-20,0.4667360538,-0.0665278924,0.5070952642,0.0002442797818,-0.006764951621,0.001467471058,0.1078379808,0.0005969825247,-0.001277254412,2.693754224,-0.09417296745,-0.09376317698,0.001433255267,-0.0002039887781,0.4660974266,0.0003870308136,-0.04387691543,0,2020-10-21T00:00:00Z,,historical_reconstruction
2020-10-21,0.5175148286,0.03502965721,0.1172999574,-0.001560142203,-0.003878540444,0.0290217993,0.1887628714,0.001485731851,-0.04193386415,2.74267706,0.004811550271,-0.03916407437,0.0003035045379,0.007903324254,0.4965478965,0.00132729091,0.05729615744,0,2020-10-22T00:00:00Z,,historical_reconstruction
2020-10-22,0.5115945364,0.02318907282,0.1475648381,-0.004496813755,-0.001230427755,-0.003274425772,0.1643066486,0.000990386009,-0.04181984413,2.761349246,0.07328009325,0.03402193026,0.0009633975785,-0.007951825478,0.4906846143,0.001016866255,0.05115985087,0,2020-10-23T00:00:00Z,,historical_reconstruction
2020-10-23,0.485941199,-0.028117602,0.1419885928,-0.0002688040663,-0.00703866411,-0.01852073987,0.0673617801,0.000708855809,-0.02014465375,2.893194065,-0.008100373978,0.006033619372,0.0004960580759,0.000313491271,0.4758688721,0.000955093839,0.02777509204,0,2020-10-24T00:00:00Z,,historical_reconstruction
2020-10-24,0.4940818738,-0.01183625231,0,-0.002565343659,-0.004492753623,-0.005069524913,0.1352706108,0.000485271995,-0.04663130373,3.174579049,-0.03449532822,-0.04809463713,0.0005500994434,-0.0004962555953,0.470766222,0.0006481738195,0.008260162247,0,2020-10-25T00:00:00Z,,historical_reconstruction
2020-10-25,0.4634238446,-0.07315231089,0.3617997834,-0.005488850772,-0.0003448275862,-0.002996953916,0.09508043805,0.0006898930666,-0.01839370649,3.240301267,-0.00861687148,-0.06663639108,0.001075192437,-0.001022835924,0.4542269913,0.000213841124,-0.1054315227,0,2020-10-26T00:00:00Z,,historical_reconstruction
2020-10-26,0.4562847563,-0.08743048734,0,0.002605363985,-0.002794573446,-0.03107797882,0.09466525257,-0.0002292876796,0.003498833224,3.110521436,-0.05920473977,-0.07901302837,0.0001499590215,0.003667963911,0.4580341729,-0.0006774817213,-0.06157615156,0,2020-10-27T00:00:00Z,,historical_reconstruction
2020-10-27,0.4946584933,-0.01068301343,0,-0.006696703351,-0.00623183408,0.002883492008,0.125483525,0.0003717932829,-0.01046296949,3.183547512,0.003534661645,-0.05885824993,0.000869733687,-0.001517914021,0.4894270085,-0.0002251892418,0.05584487897,0,2020-10-28T00:00:00Z,,historical_reconstruction
2020-10-28,0.4763519995,-0.04729600103,0.2073579168,0.009149749162,0.001780461372,0.003671052972,0.07763602426,-0.000154547562,-0.01932100643,3.179414707,0.03381084214,-0.04410833993,0.0006165734655,0.007677747294,0.4666914963,-0.001640279413,-0.08232565824,0,2020-10-29T00:00:00Z,,historical_reconstruction
2020-10-29,0.4938590588,-0.01228188236,0.06136074008,-0.003526383526,-0.009162806173,0.01057220424,0.1329530916,-0.0004907912071,0.01027706923,3.35561887,-0.005945282248,-0.02775204893,0.0001817862136,-0.002727441171,0.4989975934,-0.001481177216,-0.03547095517,0,2020-10-30T00:00:00Z,,historical_reconstruction
2020-10-30,0.4980442515,-0.003911497041,0.08428607436,-0.001696507804,0.0008897029962,0.008038161501,0.07346010189,-0.0002353002693,0.01556466839,2.955185182,0.02089124487,-0.006856676162,0.0005744282725,0.001747874626,0.5058265857,-0.0009441560782,0.02420610496,0,2020-10-31T00:00:00Z,,historical_reconstruction
2020-10-31,0.5093032848,0.01860656954,0,0.002464268112,-0.009305544874,-0.009863954293,0.08666295787,-0.0004398902862,-0.01514237553,3.57731476,-0.04565161739,-0.01844088363,8.726510501e-05,0.0006624645277,0.501732097,-0.0009251622811,0.03044282185,0,2020-11-01T00:00:00Z,,historical_reconstruction
2020-11-01,0.5203323093,0.04066461855,0.06252064448,0.01995320254,0.02126618779,0.02564964447,0.3334342581,0.0003781480828,0.01144997997,3.22140411,0.05721182874,0.06690714319,0.001005986618,-0.002051517826,0.5260572993,-0.0003117449838,0.1138169294,0,2020-11-02T00:00:00Z,,historical_reconstruction
2020-11-02,0.4913485268,-0.01730294645,0.5094827736,-0.008696102283,-0.005246208186,-0.002707910222,0.1033591473,0.000365516161,-0.01675215836,2.969501116,0.07682476342,-0.02163569922,0.001017206978,-0.0003157820956,0.4829724476,0.0005948038406,0.07012754089,0,2020-11-03T00:00:00Z,,historical_reconstruction
2020-11-03,0.4871808679,-0.02563826418,0.2553680725,0.0120280742,0.01677676418,0.02189319493,0.1593005094,0.000592966897,0.02187914502,2.697883159,-0.06076860371,-0.02182779352,0.001090701775,0.02202857316,0.4981204404,0.000221173614,-0.01495525075,0,2020-11-04T00:00:00Z,,historical_reconstruction
2020-11-04,0.5196924404,0.0393848807,0.6281091291,-2.48447205e-05,0.04883387622,0.05596075139,0.1268918698,0.001068349524,-0.01245870217,2.698735082,0.06427825092,0.01182428321,0.001754152207,0.002960518385,0.5134630893,0.001222897086,0.08668088173,0,2020-11-05T00:00:00Z,,historical_reconstruction
2020-11-05,0.49779093,-0.004418140019,0.2838928015,0.007982776555,0.006060167077,0.03294496777,0.1391465683,0.001079939523,-0.01677264164,3.14491917,-0.009235434249,-0.01186664425,0.0005199658992,0.03102529018,0.4894046092,0.00157073073,0.007863742336,0,2020-11-06T00:00:00Z,,historical_reconstruction
2020-11-06,0.5251808947,0.05036178937,0.130731979,0.03317696648,0.04751510695,0.02823699226,0.1474471252,0.001030905223,-0.0406404994,3.041555201,0.09549708642,0.07923271748,0.0003223008138,0.009323658979,0.504860645,0.001266205492,0.05427328641,0,2020-11-07T00:00:00Z,,historical_reconstruction
2020-11-07,0.5034578266,0.00691565325,0.2623922071,0.009674276169,-0.02828882736,-0.05933082609,0.1209309184,0.0008501642885,-0.07789911232,3.048099884,0.09547355317,-0.02154403371,0.0004425601774,0.01193565482,0.4645082705,0.001290054575,-0.01169091628,0,2020-11-08T00:00:00Z,,historical_reconstruction
2020-11-08,0.5048033043,0.009606608681,0.3776105969,0.004866180049,0.000418400828,0.02034857605,0.1232979145,0.0009905348888,-0.03860507477,2.919542648,0.05777569667,0.007118897796,0.001113312771,0.008841238425,0.485500767,0.0006123868061,-0.03105800987,0,2020-11-09T00:00:00Z,,historical_reconstruction
2020-11-09,0.476132748,-0.04773450409,0,-0.004993841675,0.01510132279,-0.03033477369,0.1033140927,0.0009002520706,-0.007578296194,3.11011107,0.009614876245,-0.006518518037,0.0008800281856,-0.002056640625,0.4723435999,0.0005347359095,-0.03043155764,0,2020-11-10T00:00:00Z,,historical_reconstruction
2020-11-10,0.5045371427,0.009074285341,0,0.005066172696,0.01638530288,0.006391347099,0.1372745322,0.0007327796776,-0.02686465162,2.838559747,0.07036171542,0.01864705828,0.000898169314,-4.771884319e-05,0.4911048169,0.0001398127806,0.03471254952,0,2020-11-11T00:00:00Z,,historical_reconstruction
2020-11-11,0.5194435465,0.03888709297,0.6631913644,-0.01152639331,0.002359307359,0.006717391304,0.119975639,0.0005614459392,-0.07078187153,3.121087116,0.01825375611,0.004884603455,0.0001788963225,-0.007802585848,0.4840526107,-0.000506903585,-0.0004977877326,0,2020-11-12T00:00:00Z,,historical_reconstruction
2020-11-12,0.4761610016,-0.04767799671,0.03960863384,0.01181645113,0.002667187093,0.005304924448,0.1110348382,0.0006271761933,-0.004158682427,3.215758252,-0.03518540608,-0.04747388192,0.0008014963752,0.01419650755,0.4740816604,-0.0004527633301,-0.04325985669,0,2020-11-13T00:00:00Z,,historical_reconstruction
2020-11-13,0.5217331842,0.04346636834,0.1604529706,0.006039233904,0.01514957811,0.02625797002,0.1233146137,0.0007766093655,-0.06991407876,3.089565957,0.1103270112,0.03334253123,0.0007864128666,0.00237685788,0.4867761448,-0.000254295857,-0.006895421032,0,2020-11-14T00:00:00Z,,historical_reconstruction
2020-11-14,0.4722581761,-0.05548364775,0,0.002479608483,0.004621051943,0.004730554587,0.07214338404,0.0002386686628,-0.06443205281,2.993361265,0.00671476152,-0.1344844719,0.0006082911687,0.01190895971,0.4400421497,-0.0006114956257,-0.062399301,0,2020-11-15T00:00:00Z,,historical_reconstruction
2020-11-15,0.4626393754,-0.07472124926,0.1390918714,0.006220385799,-0.01790684932,-0.01566310055,0.1671576411,0.0001785395465,-0.02442104162,3.064272519,-0.03140897833,-0.1361261964,0.0004749611796,0.006414893704,0.4504288546,-0.0008119953423,-0.08432785794,0,2020-11-16T00:00:00Z,,historical_reconstruction
2020-11-16,0.5015410756,0.003082151202,0,-0.003418951377,0.002525087616,0.01875815692,0.1500417746,0.0003691238736,-0.01807239579,3.027415038,-0.01448033693,-0.06948826854,0.0007580294157,-0.003895361623,0.4925048777,-0.000531128197,0.05081665529,0,2020-11-17T00:00:00Z,,historical_reconstruction
2020-11-17,0.5137147762,0.02742955242,0.06567167676,-0.001904485892,0.01798872538,0.03359200823,0.1070560237,0.0007051747382,-0.05178993467,3.124342575,0.01562275714,-0.02155840634,0.0001032283505,-0.001461671689,0.4878198089,-2.760493942e-05,0.01835526707,0,2020-11-18T00:00:00Z,,historical_reconstruction
2020-11-18,0.5023735623,0.004747124588,0.3009896686,0.01145901605,0.009325091247,-0.004825993801,0.07037981472,0.0004180514621,-0.06570308104,3.560141473,0.01923983754,-0.02314681596,-0.0002682625366,0.006581011218,0.4695220218,-0.0001433944771,-0.03413996838,0,2020-11-19T00:00:00Z,,historical_reconstruction
2020-11-19,0.4764367038,-0.04712659237,0,-0.00594848862,-0.008958802128,-0.00468878704,0.09540994129,0.000275862069,-0.01318101847,2.8417699,-0.02287466403,-0.03525623312,-0.000221811895,-0.008519257577,0.4698461946,-0.0003513141243,0.0005514043386,0,2020-11-20T00:00:00Z,,historical_reconstruction
2020-11-20,0.5151799369,0.03035987378,0,0.000254906959,0.01067897688,0.009758704646,0.09108635091,0.0004900807653,-0.02379762244,3.066584999,0.04513696191,0.04287959939,2.695078928e-05,0.001508516677,0.5032811257,-0.0002865286002,-0.01310649456,0,2020-11-21T00:00:00Z,,historical_reconstruction
2020-11-21,0.5098095321,0.01961906427,0.1208854681,0.01981093756,0.02837407607,0.08446390356,0.1329467385,0.003168280981,-0.03908111097,3.307710759,0.04574816041,0.04360298836,0.002195751335,0.00127569798,0.4902689766,0.002929612318,0.07510271202,0,2020-11-22T00:00:00Z,,historical_reconstruction
2020-11-22,0.4925392765,-0.01492144708,0.1864168846,-0.0226864213,0.04803877536,0.07078258542,0.1852497335,0.0006963912648,-0.04342733021,3.967139671,0.02530390794,0.008525589642,-0.0004315285242,-0.008569156528,0.4708256114,0.0005178517182,0.05979980218,0,2020-11-23T00:00:00Z,,historical_reconstruction
2020-11-23,0.5091604352,0.01832087035,0.104651691,0.01770932624,0.03166638413,0.02992046031,0.111489356,0.0008873114463,-0.05461972756,3.608417094,0.06302995116,-0.0009331448496,0.0001213053488,-0.00414487827,0.4818505714,0.0005181875727,0.01523871914,0,2020-11-24T00:00:00Z,,historical_reconstruction
2020-11-24,0.4989004311,-0.002199137707,0,-0.003902262324,-0.003295055769,-0.002884361814,0.08455323044,0.001239730896,-0.06502290128,3.522413997,-0.02674184791,-0.01922665932,0.0002152011591,0,0.4663889805,0.0005345561576,-0.02962869012,0,2020-11-25T00:00:00Z,,historical_reconstruction
2020-11-25,0.4728672059,-0.05426558824,0.04285232352,-0.0280077145,-0.04071285394,-0.05245994376,0.2533666719,0.0005092186128,-0.03166306635,3.63380542,-0.01064459352,-0.02547607487,-0.0006959668901,-0.01381254909,0.4570356727,9.116715068e-05,-0.05901271283,0,2020-11-26T00:00:00Z,,historical_reconstruction
2020-11-26,0.481520844,-0.0369583119,0,0.03932741523,0.02328740157,0.01392654431,0.08561277606,0.0008079564473,-0.01302455993,3.581482312,0.02987289905,0.00669500234,0.0004656718169,0.03830086348,0.4750085641,0.0005320943783,0.01016828047,0,2020-11-27T00:00:00Z,,historical_reconstruction
2020-11-27,0.5023751315,0.004750262937,0,0.02364318137,0.04503052405,0.02134530561,0.1146975797,0.0004627130408,-0.0417050292,3.384677201,0.007998557028,0.0005811053413,0.0001954943556,0.02001887742,0.4815226169,-2.736772451e-05,-0.02560961085,0,2020-11-28T00:00:00Z,,historical_reconstruction
2020-11-28,0.5177046387,0.03540927742,0.2894964525,-0.01554916577,0.007516260239,0.03668273867,0.1456446357,-0.0001116237535,-0.06381348262,3.150971034,0.0566600622,0.007270988303,7.45174654e-06,-0.005313087653,0.4857978974,-0.003279904735,0.01579021315,0,2020-11-29T00:00:00Z,,historical_reconstruction
2020-11-29,0.5155561285,0.03111225695,0.03834724892,0.04449478931,0.0395021645,0.04523360418,0.2174128511,0.0001388165886,-0.03642094297,3.233206625,0.02325509909,-0.02767353564,0.0003532791756,0.007877912857,0.497345657,-0.0005575746762,0.04603370403,0,2020-11-30T00:00:00Z,,historical_reconstruction
2020-11-30,,,,,,,,,,,,,,,,,,1,2020-12-01T00:00:00Z,,historical_reconstruction
2020-12-01,0.4873523534,-0.02529529315,0.006995370603,-0.02376941169,-0.0307215846,-0.04960945746,0.07203824076,0.001230222465,-0.03866142547,3.26035277,-0.0254977803,-0.03483743645,0.000817751562,-0.0159849689,0.4680216407,-9.508430518e-06,-0.02309615545,0,2020-12-02T00:00:00Z,,historical_reconstruction
2020-12-02,0.4981234161,-0.003753167736,0.1361720134,0.0006370387755,0.0125360475,-0.002889980288,0.09568810601,0.0001172745397,-0.02481619764,3.237862997,0.03598023936,-0.01031337181,-3.477640362e-05,0.005391836072,0.4857153173,-0.0003919440731,0.0505124205,0,2020-12-03T00:00:00Z,,historical_reconstruction
2020-12-03,0.515159852,0.03031970402,0.01474313467,0.003486988969,-0.004960253345,0.003634170985,0.09447238781,0.0005683202078,-0.07544124507,2.984379925,0.01398263933,-0.04092842996,-7.013432029e-05,0.0003919793101,0.4774392295,-0.0002396362395,0.06727801592,0,2020-12-04T00:00:00Z,,historical_reconstruction
2020-12-04,0.4643279659,-0.0713440682,0,-0.03995938055,-0.03348157236,-0.03083941294,0.1952367653,0.0007756857767,-0.009940739959,3.091836633,0.02039534235,-0.02447604697,4.219416364e-05,-0.02039054076,0.4593575959,0.0003129727359,-0.07609433114,0,2020-12-05T00:00:00Z,,historical_reconstruction
2020-12-05,0.5179076847,0.03581536948,0.04774436545,0.00337934397,0.007376398899,0.01236620244,0.1012529857,0.0002848525469,-0.02910576213,3.008222645,0.04004444478,0.01179754568,0.000286941575,0.00148907982,0.5033548037,0.0003964763005,0.0004060920644,0,2020-12-06T00:00:00Z,,historical_reconstruction
2020-12-06,0.5163327163,0.03266543261,0.3123555496,0.01000705195,0.01117853721,0.01400805758,0.1591388908,0.0005319679489,-0.04667272085,3.369583106,0.005820490728,-0.01335740126,-0.0002748752384,0.01185305515,0.4929963559,0.0003931513603,0.00155317566,0,2020-12-07T00:00:00Z,,historical_reconstruction
2020-12-07,0.4752951968,-0.04940960638,0.09689448522,0.006776775072,-0.005265725678,0.001134420345,0.131237051,0.0009470978217,0.02443684593,3.346082788,0.03756812746,0.006012444193,0.0006351016199,0.01053882504,0.4875136198,,,0,2020-12-08T00:00:00Z,,historical_reconstruction
2020-12-08,0.4627147734,-0.07457045328,0.2573683766,-0.02824522388,-0.03342448574,-0.03271687787,0.2841181389,0.0004144592208,0.02819260004,4.019918022,0.02238241897,0.002689592447,0.0006758634582,-0.02509238796,0.4768110734,-0.0008157632444,-0.04927516013,0,2020-12-09T00:00:00Z,,historical_reconstruction
2020-12-09,0.5051805595,0.01036111904,0.2239408006,0.007577622279,0.009458888184,0.01993272705,0.09595691464,0.0003140867927,-0.02671018285,3.470432688,0.08486873534,-0.02671949534,0.0004920680323,0.01540304994,0.4918254681,0.000196812253,0.01411428677,0,2020-12-10T00:00:00Z,,historical_reconstruction
2020-12-10,0.495457834,-0.009084332052,0,-0.01145949387,0.00242091672,0.007207337069,0.1099661967,0.001288037353,-0.007894286323,3.768014116,0.022451126,-0.01091327633,0.001349391651,-0.008068201516,0.4915106908,0.0007197171452,-0.03940403607,0,2020-12-11T00:00:00Z,,historical_reconstruction
2020-12-11,0.4802752693,-0.03944946134,0.09094038452,-0.003313561804,-0.01761128855,0.01020540701,0.09548288899,0.0005694028617,0.01581601197,3.811572811,0.01843894684,-0.03150991713,0.0008499446289,0.003418621781,0.4881832753,-0.000206282915,0.03189460686,0,2020-12-12T00:00:00Z,,historical_reconstruction
2020-12-12,0.5280725834,0.05614516671,0.1694057694,-0.001353703346,0.02436297405,0.01524548265,0.1717544483,0.0005281318217,-0.06610315911,3.074395653,0.003762171822,-0.08783849907,0.0009901523027,0.0001808001897,0.4950210038,0.0002432792748,0.02032979723,0,2020-12-13T00:00:00Z,,historical_reconstruction
2020-12-13,0.4956600311,-0.00867993786,0.1864395475,-0.001976785443,0.009363999863,0.00872624191,0.1251695619,0.0003555104114,0.002881118429,3.516835934,-0.05509819109,-0.02208962592,0.0003513383101,-0.0009529376949,0.4971005903,-0.0001764575376,-0.04134537047,0,2020-12-14T00:00:00Z,,historical_reconstruction
2020-12-14,0.4971227958,-0.005754408429,0.5588555925,0.001862611073,0.004230756055,0.01138539564,0.121191462,6.822562213e-05,-0.01379375278,3.667495444,0.0351781244,-0.0136402458,0.0001948266845,0.005071996696,0.4902259194,-0.0008788721995,0.04365519795,0,2020-12-15T00:00:00Z,,historical_reconstruction
2020-12-15,0.5106437294,0.02128745881,0.3826549624,-0.006196079756,0.00481376532,0.005380108969,0.1232716736,0.0002718129927,-0.02474634458,3.278021349,0.01184950829,0.01456374232,0.0003500569109,-0.005322477084,0.4982705571,-0.0001426462282,0.09585791209,0,2020-12-16T00:00:00Z,,historical_reconstruction
2020-12-16,0.5195531656,0.03910633126,0.163215445,0.02356588649,0.02739483062,0.07307297193,0.19600865,0.0009730374462,-0.02803107276,3.067715175,-0.0325876637,-0.04189776191,0.0004443416376,0.0288688698,0.5055376293,0.0006589506536,0.02874521222,0,2020-12-17T00:00:00Z,,historical_reconstruction
2020-12-17,0.4864764498,-0.02704710031,0.1495790857,-0.008316746131,-0.03399867733,-0.02897806249,0.1253192807,0.0006534930761,-0.01962171967,3.307151162,-0.02642709318,-0.04403401843,-0.0002163521152,-0.004424313065,0.47666559,-0.000634544277,-0.01796276825,0,2020-12-18T00:00:00Z,,historical_reconstruction
2020-12-18,0.4960858036,-0.007828392862,0.07811733863,0.01416118625,0.02508426746,0.005180789571,0.1015753876,0.001009405827,-0.0280738003,3.000366334,0.02857255126,-0.0257307994,0.0002754414979,0.01516148646,0.4820489034,0.0004400029653,0.03162106848,0,2020-12-19T00:00:00Z,,historical_reconstruction
2020-12-19,0.490719158,-0.01856168406,0.5422158102,-0.00115363014,0.004120061648,0.01101619396,0.1226366152,0.001185356291,-0.02540669186,3.074958809,-0.011251619,-0.03860994428,0.0001077632985,0.00125211102,0.478015812,0.000657224469,-0.07470685077,0,2020-12-20T00:00:00Z,,historical_reconstruction
2020-12-20,0.4795007592,-0.04099848158,0.4308070502,-0.01779173208,-0.02447301243,-0.02203628785,0.3107400184,0.0001410260428,-0.03671536569,3.346893638,-0.009782298797,-0.04384627075,-0.0006025089545,-0.01977867674,0.4611430764,-0.0002144843686,-0.03231854372,0,2020-12-21T00:00:00Z,,historical_reconstruction
2020-12-21,,,,,,,,,,,,,,,,,,1,2020-12-22T00:00:00Z,,historical_reconstruction
2020-12-22,0.5077119147,0.01542382936,0.2694391253,0.01644973249,0.01614139285,0.04066516237,0.1496763616,0.001178411501,-0.01625927676,3.58036518,0.03427307083,-0.005642928429,0.000498047683,0.01736948001,0.4995822763,0.0009065985086,-0.005863629447,0,2020-12-23T00:00:00Z,,historical_reconstruction
2020-12-23,0.4672553745,-0.06548925092,0.05448976497,-0.04055316151,-0.03331462344,-0.02740590639,0.2406886554,-0.0003757087233,0.0009786553539,3.790813273,-0.0179604392,-0.04147863721,-0.0006128738298,-0.01376029369,0.4677447022,-0.00134874617,-0.1045955822,0,2020-12-24T00:00:00Z,,historical_reconstruction
2020-12-24,0.510406168,0.02081233608,0.1574809297,0.02990597615,0.03320790375,0.05076107288,0.1670164839,0,-0.01920280958,3.560436405,-0.01698995855,-0.01291413047,-0.0003472514876,0.01898213436,0.5008047632,-0.0006534930761,0.04785943638,0,2020-12-25T00:00:00Z,,historical_reconstruction
2020-12-25,,,,,,,,,,,,,,,,,,1,2020-12-26T00:00:00Z,,historical_reconstruction
2020-12-26,0.5052236558,0.0104473117,0.3284661202,-0.01181285462,0.01420820671,0.02368754918,0.2176161917,0.0007216365462,-0.03846007371,3.259966091,-0.008789763614,-0.04205956028,0.0001388496699,0.02168715307,0.485993619,-0.0004637197446,0.02900899576,0,2020-12-27T00:00:00Z,,historical_reconstruction
2020-12-27,0.5030325255,0.006065051091,0.08721826618,-0.02939676423,-0.01810129848,0.07254567372,0.1734476431,0.001255272876,-0.03349576175,3.437123295,0.02682930831,-0.003053972613,0.0003428495358,-0.0295517536,0.4862846447,0.001114246833,0.04706353267,0,2020-12-28T00:00:00Z,,historical_reconstruction
2020-12-28,0.5116596134,0.02331922689,0.3601214874,-0.01858271525,0.001384699753,-0.002172131148,0.1261228919,0.0009036020865,-0.03766142139,3.359000531,0.07243364991,0.01937211107,4.501617196e-05,0.003062593136,0.4928289028,,,0,2020-12-29T00:00:00Z,,historical_reconstruction
2020-12-29,0.4916635025,-0.01667299496,0.313446222,0.00197109067,0.01789662509,0.000834028357,0.099681388,0.001980874317,-0.01980967675,3.853478606,-0.004948877323,-0.01034533844,0.001329787956,0.01683863994,0.4817586641,0.0008024628156,-0.03209682432,0,2020-12-30T00:00:00Z,,historical_reconstruction
2020-12-30,0.5103434623,0.02068692459,0.1141587992,-0.001062459328,0.02468496696,0.03687518955,0.1393073447,0.001156653416,-0.04345433197,3.325718523,0.0125640253,-0.01485858168,6.749629559e-05,0.00344344073,0.4886162963,0.001532362139,0.08617617551,0,2020-12-31T00:00:00Z,,historical_reconstruction
2020-12-31,0.4997429112,-0.0005141775175,0,-0.003167469814,0.0005706521739,-0.01194117963,0.07413830246,0.001045598979,-0.05246193782,3.334900985,0.03390882303,-0.003457853117,7.580369381e-05,0.0008924542457,0.4735119423,0.001045598979,-0.02132651359,0,2021-01-01T00:00:00Z,,historical_reconstruction
2021-01-01,0.5024277765,0.004855552999,0.1267036327,0.004921829763,-0.008811650961,-0.01345333965,0.09643312406,0.001179843876,-0.06493345325,2.894188495,-0.009026358702,-0.0215632993,0.0009933561562,0.01042576675,0.4699610499,,,0,2021-01-02T00:00:00Z,,historical_reconstruction
2021-01-02,0.5074962852,0.01499257049,0.02892922251,-0.01303533429,0.007951070336,0.06147731945,0.1893907857,0.0005938855608,-0.03508316052,3.09092835,-0.0210489054,-0.02213407366,-7.675210122e-05,-0.02570214853,0.489954705,-0.0001277509854,0.004545258788,0,2021-01-03T00:00:00Z,,historical_reconstruction
2021-01-03,0.5115208568,0.02304171352,0.2890151134,0.06149021821,0.06572253391,0.178977307,0.2223021958,0.002003516376,-0.05382971531,3.447873532,0.03505412888,-0.01062947227,0.0003526097861,0.006863442064,0.4846059991,0.0007482434998,0.01697666243,0,2021-01-04T00:00:00Z,,historical_reconstruction
2021-01-04,0.501352791,0.002705582047,0.1957451975,-0.0007004682582,0.001375,0.06597950807,0.06727120314,0.001613166511,-0.0434894551,2.853586075,0.02125138013,-0.001306432133,0.0002889493111,0.01020636958,0.4796080635,0.0007095644249,-0.02061364485,0,2021-01-05T00:00:00Z,,historical_reconstruction
2021-01-05,0.4944090283,-0.01118194332,0.1966958443,0.002918749316,0.0443851334,0.05500705219,0.1224280154,0.001573356615,-0.02416202499,2.78724453,-0.04077178608,-0.02464330504,0.0001008767313,0.007589823647,0.4823280158,-0.0004075177016,0.005491051635,0,2021-01-06T00:00:00Z,,historical_reconstruction
2021-01-06,0.5141668648,0.0283337295,0.1222782528,0.04104136873,0.0563019554,0.04908497413,0.1820672247,0.003492163321,-0.07251033753,2.918065078,0.03570955205,-0.04135008705,0.002014846337,0.05601576153,0.477911696,0.002335509905,0.007646804919,0,2021-01-07T00:00:00Z,,historical_reconstruction
2021-01-07,0.4944460938,-0.01110781237,0.0693316348,-0.007583675652,-0.01997855726,0.01960343622,0.1362406267,0.001836929633,-0.03384192714,2.951123011,0.00813211217,-0.0372031908,0.0001469436625,0.009479547765,0.4775251302,0.0007913306545,-0.01059363485,0,2021-01-08T00:00:00Z,,historical_reconstruction
2021-01-08,0.4901336172,-0.0197327656,0.1180791648,0.02716184849,0,-0.03052005991,0.1462907464,0.00119974033,-0.03295415842,3.278602719,0.0159131608,-0.03519378656,-0.0001412215204,0.005393769715,0.473656538,1.98964537e-05,-0.0245883186,0,2021-01-09T00:00:00Z,,historical_reconstruction
2021-01-09,0.5158776749,0.03175534982,0.3118469193,0.03796376888,0.04593593233,0.0453446934,0.2902189472,0.003103448276,-0.07517177068,2.877770065,0.05493136923,-0.01045594631,0.001910579149,-0.01420575612,0.4782917896,0.002509562715,0.01676277933,0,2021-01-10T00:00:00Z,,historical_reconstruction
2021-01-10,0.5029024039,0.0058048078,0,-0.007179495298,-0.03770906859,-0.003994345975,0.2157898888,0.002957942994,-0.06420748506,3.031788749,0.06707301111,-0.02885555778,0.001079831265,0.01808317588,0.4707986614,0.0009544266181,-0.01723690572,0,2021-01-11T00:00:00Z,,historical_reconstruction
2021-01-11,0.4832800016,-0.0334399969,0.1197832002,0.1045165879,0.1123607004,0.01813328338,0.1109579049,-6.439683168e-05,-0.01749023775,2.76988658,-0.01437633286,-0.03022861285,-0.0001770944656,0.09765543737,0.4745348827,-0.001677563343,-0.03614557894,0,2021-01-12T00:00:00Z,,historical_reconstruction
2021-01-12,0.4996501901,-0.0006996198315,0.3046261973,-0.0301082419,-0.003208231296,-0.04457080471,0.1045482163,0.0006284756609,-0.04493325571,2.400335375,0.02678461022,-0.03595752762,0.0004622555761,-0.01830300899,0.4771835622,-0.0009448809545,0.01048232349,0,2021-01-13T00:00:00Z,,historical_reconstruction
2021-01-13,0.507551672,0.01510334396,0.1837429199,0.02528992214,0.05484810576,0.06428732904,0.1593821117,0.0004513713724,-0.049556208,2.574424904,-0.01331957613,-0.03669135649,-0.0008782557379,0.0380293004,0.482773568,-0.003040791948,-0.01323038555,0,2021-01-14T00:00:00Z,,historical_reconstruction
2021-01-14,0.5106931732,0.02138634642,0.028249525,0.0003411306043,0.01535874162,0.05584322063,0.1509244773,0.002630681541,-0.05991567205,2.629683427,0.02539694952,-0.03470750799,0.002150154264,-0.01836824613,0.4807353372,0.000793751908,0.03249415879,0,2021-01-15T00:00:00Z,,historical_reconstruction
2021-01-15,0.4974498076,-0.005100384869,0,0.030676957,0.02353590386,-0.04709364909,0.09499806856,0.0002225017757,-0.04180764469,2.577758913,0.01872190848,-0.03259887633,-0.000131858957,0.04325172762,0.4765459852,-0.0009772385544,0.01463238073,0,2021-01-16T00:00:00Z,,historical_reconstruction
2021-01-16,0.5108064258,0.02161285167,0.08173007528,-0.0196183328,-0.03796942701,0.00724364233,0.1645429217,0.001922090192,-0.0605055705,2.533234238,0.03813462898,-0.01268373282,0.001069749115,-0.01048509761,0.4805536406,-0.001181358084,-0.01014249815,0,2021-01-17T00:00:00Z,,historical_reconstruction
2021-01-17,0.5053969308,0.0107938617,0.1484588556,0.0115730291,-0.007169613727,0.01060253214,0.1337133542,0.001022353848,-0.03748488109,2.582309201,0.02409122518,-0.01969924279,-0.0001281233823,0.005464178774,0.4866544903,-0.001935589146,0.004989053895,0,2021-01-18T00:00:00Z,,historical_reconstruction
2021-01-18,0.5010905971,0.002181194207,0.1286591969,0.02506353447,0.01470718669,0.02694564357,0.1045200508,0.003607612539,-0.03561193117,2.570863594,-0.007154452397,-0.03554461184,0.002090056637,0.01889862074,0.4832846315,0.003672009371,0.0356211911,0,2021-01-19T00:00:00Z,,historical_reconstruction
2021-01-19,0.5081074964,0.01621499286,0.2160535016,0.004243926478,-0.03446032431,-0.04484879011,0.126005935,0.001574676276,-0.05719327332,2.775236449,0.04308644599,-0.03213838183,0.001587492684,-0.0107539181,0.4795108598,0.000946200615,0.01691461269,0,2021-01-20T00:00:00Z,,historical_reconstruction
2021-01-20,0.4976815159,-0.004636968155,0.1054198046,0.02316820354,0.08154449131,0.0881769545,0.1046326721,0.001633998794,-0.04082539008,2.638566081,0.04274210795,-0.01931529154,0.0007382676007,0.007702618851,0.4772688209,0.001182627422,-0.01974031211,0,2021-01-21T00:00:00Z,,historical_reconstruction
2021-01-21,0.482910739,-0.03417852194,0.07919551709,-0.09752887849,-0.06527336059,-0.1014776413,0.1558843242,0.0002430330525,-0.01956753884,2.947627111,0.02789487373,-0.03348484608,-0.0007242238116,-0.04984899284,0.4731269696,-0.002387648489,-0.05556486836,0,2021-01-22T00:00:00Z,,historical_reconstruction
2021-01-22,0.5135335013,0.02706700264,0,-0.02766449211,-0.000421687724,0.0294481192,0.09199587449,0.001565770473,-0.04837406807,2.711731892,0.04512798575,-0.01747805355,0.0003161183992,-0.01918306662,0.4893464673,0.001343268697,0.03216738751,0,2021-01-23T00:00:00Z,,historical_reconstruction
2021-01-23,0.5011942026,0.002388405131,0,-0.01926333447,0.002714873279,0.0119189218,0.1222093897,0.001669909209,-0.02808288941,2.895858429,-0.009640733659,-0.01329759646,0.001405553576,-0.008370640253,0.4871527579,-0.0002521809828,-0.01922444654,0,2021-01-24T00:00:00Z,,historical_reconstruction
2021-01-24,0.5233725853,0.04674517051,0,0.04986542217,0.0545323741,0.03681118631,0.1419928725,0.001242360917,-0.04054137453,2.499404984,0.08598524456,0.002192631101,0.0007547586612,0.03046065184,0.503101898,0.0002200070686,0.03595130882,0,2021-01-25T00:00:00Z,,historical_reconstruction
2021-01-25,0.5010143814,0.002028762827,0.1525318222,-0.0470171379,-0.08158472421,-0.06626706627,0.1772593808,0.000553919932,-0.04920181859,2.72435469,-0.004090281899,-0.04258118424,0.0005700418634,-0.03463893014,0.4764134721,-0.003053692607,-0.0001524313801,0,2021-01-26T00:00:00Z,,historical_reconstruction
2021-01-26,0.5092895086,0.01857901717,0.008085604187,0.01791449629,0.06721408816,0.03985962348,0.1357734443,0.001778955614,-0.03626812493,2.895748314,0.01975646349,-0.01195915712,0.001582761049,0.008055059048,0.4911554461,0.0002042793381,0.002364024315,0,2021-01-27T00:00:00Z,,historical_reconstruction
2021-01-27,0.4966542449,-0.006691510282,0.02506207811,-0.02344772143,-0.03306539722,-0.007807620237,0.1247717643,-0.0003873998208,-0.03353844116,2.629943873,0.01965051358,-0.03042727962,-0.0008777484492,-0.01189070392,0.4798850243,-0.002021398615,-0.002054542128,0,2021-01-28T00:00:00Z,,historical_reconstruction
2021-01-28,0.5150496842,0.03009936839,0.3729470353,-0.002003962893,-0.01535807113,0.02084388963,0.1385290241,0.0001278493483,-0.0396662628,2.538032395,0.03539499029,-0.02765698332,-0.0009178616182,0.0245710771,0.4952165528,-0.0001151837042,0.06427789033,0,2021-01-29T00:00:00Z,,historical_reconstruction
2021-01-29,0.5003084459,0.0006168918637,0.3520499174,0.02334517778,-0.01215914299,-0.02634755052,0.1156588697,0.001805001812,-0.0398648704,2.226308515,-0.005275144145,-0.03613302156,0.001304304047,-0.002048219098,0.4803760107,0.0002392313396,-0.02645011078,0,2021-01-30T00:00:00Z,,historical_reconstruction
2021-01-30,0.488635028,-0.02272994397,0.385557837,0.004673237876,0.004951650307,0.02838784785,0.1238479752,0.001763361271,0.004387154379,2.275753524,-0.02254368583,-0.01633349185,0.00097621203,-0.0006889008794,0.4908286052,9.345206254e-05,-0.0251183491,0,2021-01-31T00:00:00Z,,historical_reconstruction
2021-01-31,0.4680319132,-0.06393617361,0.1752551324,0.005785440613,0.00117466686,-0.03087066954,0.1172970126,0.0004342691707,0.001774311149,2.18448834,-0.009501465191,-0.04027745223,-0.0005698712845,0.008708125542,0.4689190688,-0.0008080917459,-0.1106813441,0,2021-02-01T00:00:00Z,,historical_reconstruction
2021-02-01,0.5021224796,0.004244959252,0.08758365203,0.03108633342,0.05546253341,0.02826249626,0.1551514428,0.001681014722,-0.01012876089,2.086023376,-0.008127547464,-0.02550017987,0.00109282101,-0.009213275083,0.4970580992,0.00112709479,0.002216196425,0,2021-02-02T00:00:00Z,,historical_reconstruction
2021-02-02,0.5072625483,0.01452509665,0.1488985064,-0.002915009662,0.05882146959,0.0650121867,0.1880161797,0.002903688809,-0.03379588465,2.633674186,0.009643483401,-0.04928945084,0.001837322597,-0.008271617539,0.490364606,0.001124733195,-0.004053920523,0,2021-02-03T00:00:00Z,,historical_reconstruction
2021-02-03,0.5163653489,0.03273069777,0.1622294262,0.02994245406,0.04189514009,0.08229243204,0.1418121572,0.0009071847833,-0.04668604997,2.879928511,0.04585629601,-0.02118569224,1.295271309e-05,0.02256061545,0.4930223239,0.001294584604,0.03942220805,0,2021-02-04T00:00:00Z,,historical_reconstruction
2021-02-04,0.5014588692,0.002917738434,0.212200582,-0.03465903591,0.009406629555,-0.009989018284,0.1160495197,0.0002068096787,-0.0568546246,3.021242984,0.01370620212,-0.03303188619,-0.0008834350808,-0.01415959248,0.4730315569,7.896033035e-05,-0.02718162996,0,2021-02-05T00:00:00Z,,historical_reconstruction
2021-02-05,0.5032105099,0.006421019769,0.1507367652,0.00536251038,-0.01309414466,0.03391889535,0.1018421888,0.001145888471,-0.03052594084,2.956614426,0.02389637602,-0.01479155094,-0.0007451939565,0.01811618577,0.4879475395,-0.0006591133415,0.005804127906,0,2021-02-06T00:00:00Z,,historical_reconstruction
2021-02-06,0.492223376,-0.01555324807,0.3122406653,-0.0184672315,0.001978434467,-0.001976578733,0.1182105072,0.001783637069,-0.04149222369,2.607767811,-0.06865403677,-0.05281948486,0.0001861660745,-0.02470120276,0.4714772641,2.027579727e-05,0.0071766959,0,2021-02-07T00:00:00Z,,historical_reconstruction
2021-02-07,0.4829279252,-0.03414414969,0.07170702944,0.0293681817,0.04773792574,-0.008166706669,0.1186445872,0.000229582656,-0.02300436956,3.16519767,-0.001116401234,-0.02626406428,-0.001150983072,0.01959763469,0.4714257404,-0.0002046865147,0.02979202393,0,2021-02-08T00:00:00Z,,historical_reconstruction
2021-02-08,0.5060187814,0.01203756272,0,0.03198282928,0.008813391282,0.05390725207,0.1544819319,0.003119732594,-0.04565161907,2.90630485,-0.03167392006,-0.04918440818,0.001471210453,0.07723325307,0.4831929718,0.001438717873,0.007792603465,0,2021-02-09T00:00:00Z,,historical_reconstruction
2021-02-09,0.5010845371,0.002169074243,0,-0.001935054385,0.01150365064,0.008971141782,0.1202533716,0.0009383143127,-0.04128133339,2.866114413,0.007247430729,-0.01197486114,-0.0006153123025,-0.01359870022,0.4804438704,-0.001965374497,-0.01235602241,0,2021-02-10T00:00:00Z,,historical_reconstruction
2021-02-10,0.496933998,-0.006132003929,0.3811816855,-0.00111320235,0.01549985124,-0.02859343088,0.08475953689,0.001453371477,-0.04270220158,2.826063391,0.005418468494,-0.02633750834,0.0005066566579,-0.008463588777,0.4755828972,0.0005461866938,-0.0388627017,0,2021-02-11T00:00:00Z,,historical_reconstruction
2021-02-11,,,,,,,,,,,,,,,,,,1,2021-02-12T00:00:00Z,,historical_reconstruction
2021-02-12,0.5070345508,0.01406910169,0,-5.43371949e-05,0.02853789403,0.03641002247,0.1471051743,0.001532392162,-0.03625156311,2.923279163,0.03848383407,-0.006589051806,-2.044621426e-05,0.0003096907831,0.4889087693,0.0003865036912,0.007648081924,0,2021-02-13T00:00:00Z,,historical_reconstruction
2021-02-13,0.4847626697,-0.03047466051,0.08489598235,0.008630510773,-0.000809279741,0.01791913674,0.1052854096,0.00168598757,-0.01850336109,3.103397551,-0.0029722273,-0.02624073729,0.0002453792104,0.006010844439,0.4755109892,-9.764949866e-05,-0.01492141243,0,2021-02-14T00:00:00Z,,historical_reconstruction
2021-02-14,0.494744357,-0.01051128597,0.2937563765,-0.002288659223,0.0007670757737,-0.01722726231,0.12548063,0.001760700281,-0.06536744679,2.631184472,-0.0616190372,-0.06567971412,0.0001669678367,-0.002373833979,0.4620606336,0.001531117625,0.02363286372,0,2021-02-15T00:00:00Z,,historical_reconstruction
2021-02-15,0.4859803186,-0.02803936272,0.1128504145,-0.02482803979,-0.01716271156,-0.004760146776,0.1418472822,0.001174652241,-0.03005337347,3.071538743,0.00995837004,-0.01722556217,-0.000296405614,-0.0153360307,0.4709536319,-0.001945080353,-0.04007692544,0,2021-02-16T00:00:00Z,,historical_reconstruction
2021-02-16,0.4765519875,-0.04689602509,0.1529687099,0.01711177448,0.004940137489,-0.0006337206694,0.11496649,0.001301915274,-0.01067724648,3.109111279,-0.07518703457,-0.05170584835,-1.063249082e-05,0.01230211996,0.4712133642,0.0003636009618,-0.04906509934,0,2021-02-17T00:00:00Z,,historical_reconstruction
2021-02-17,0.5186393146,0.03727862917,0,0.006594985199,0.02080367292,0.02339013056,0.1708371557,-1.08115121e-05,-0.06658421896,2.946842198,-0.0136548425,-0.03911028812,-0.001448079678,-0.0004343877032,0.4853472051,-0.001464182989,0.0434106331,0,2021-02-18T00:00:00Z,,historical_reconstruction
2021-02-18,0.5267706678,0.05354133556,0.02442206698,0.008910365778,0.01648184639,0.02051972788,0.1313250291,0.0008506864782,-0.07991353173,2.617121166,0.1022750238,0.02124182445,-0.0004508967591,-0.004007147603,0.4868139019,,,0,2021-02-19T00:00:00Z,,historical_reconstruction
2021-02-19,0.490398962,-0.01920207593,0,0.001106081399,0.01291662997,0.01065452158,0.1348809861,0.001831202046,-0.02097433008,2.455341395,-0.03768518361,-0.04890430434,7.647089017e-05,0.016567915,0.479911797,0.0002988098841,-0.03327117762,0,2021-02-20T00:00:00Z,,historical_reconstruction
2021-02-20,0.4959355788,-0.008128842392,0.1632941054,-0.03992853415,-0.03319873249,-0.04329430828,0.2315126099,0.000825927862,-0.05191766339,2.594748439,0.03717608897,-0.02343299761,-0.0005390143966,-0.01990219591,0.4699767471,-0.000860059708,0.02234581811,0,2021-02-21T00:00:00Z,,historical_reconstruction
2021-02-21,0.5104130889,0.02082617788,0.2446661524,-0.01654077974,-0.01341449725,-0.0143197969,0.1518233275,0.0006309702978,-0.04482314267,2.698478176,0.006294550936,-0.01909937835,-0.0007426922059,-0.01143482075,0.4880015176,-0.001129729983,0.03133746385,0,2021-02-22T00:00:00Z,,historical_reconstruction
2021-02-22,0.4729748054,-0.05405038921,0,0.01784804256,0.02552889525,-0.01382524272,0.09336637234,0.0004050450613,-0.009568433889,2.761716043,-0.004288408422,-0.01476975186,-0.0002130255637,0.00933540173,0.4681905885,-0.0007696071798,-0.02601102649,0,2021-02-23T00:00:00Z,,historical_reconstruction
2021-02-23,0.4841749147,-0.03165017067,0.0963595993,0.08978582627,0.002477779401,0.08588593962,0.06399990849,0.001178789396,0.008417168594,2.783470729,-0.005913475529,-0.006884178038,0.0003810965691,0.07398410738,0.488383499,-0.0001231258785,0.01524585442,0,2021-02-24T00:00:00Z,,historical_reconstruction
2021-02-24,0.5102422299,0.02048445984,0.195091903,0.01512631316,-0.02232513882,-0.03219287107,0.1134988222,0.0003634370053,-0.02665311148,2.594666421,0.02417918375,0.003815661552,-0.000156530303,0.01462971863,0.4969156742,0.0003742485174,-0.01679416933,0,2021-02-25T00:00:00Z,,historical_reconstruction
2021-02-25,0.4860177385,-0.02796452295,0.2758326509,-0.0652834902,-0.08948180193,-0.0863772012,0.214830216,0.0002294584107,0.01788226525,2.854637994,-0.003868389707,0.004082713957,-0.0001027863467,-0.04790381496,0.4949588711,-0.0006212280675,-0.08150585851,0,2021-02-26T00:00:00Z,,historical_reconstruction
2021-02-26,0.4889466755,-0.02210664893,0,-0.02372118484,-0.05733918014,-0.02638602451,0.1342059291,0.0004776441759,0.03024694241,2.862841434,-0.002840638217,0.01925121537,-0.0003059006058,-0.01452985337,0.5040701467,-0.00135355787,-0.002904573003,0,2021-02-27T00:00:00Z,,historical_reconstruction
2021-02-27,0.4877371028,-0.02452579441,0.4648686721,-0.03562192872,0.00313710382,-0.008088325329,0.1680090762,0.0003566211517,0.006750891503,2.730270446,0.006342326176,-0.009507119468,0.0004390391572,-0.02740089838,0.4911125485,-0.0004693067102,-0.01639695202,0,2021-02-28T00:00:00Z,,historical_reconstruction
2021-02-28,0.4994650024,-0.001069995149,0,0.02175728603,0.07653096056,0.03463661085,0.1199518064,0.0004157330289,-0.01110832606,2.918205556,0.01855190589,-0.003922564972,-0.0001979724093,0.01650298359,0.4939108394,-0.0002152372689,-0.02189617303,0,2021-03-01T00:00:00Z,,historical_reconstruction
2021-03-01,0.5195547339,0.03910946772,0.05186810374,0.03734099845,0.01167069438,0.02945014591,0.1136447556,0.0008535793001,-0.02365135185,2.492218769,0.03723206865,0.01364315814,0.0007392348838,0.02744088287,0.5077290579,0.0004485342388,0.09315985693,0,2021-03-02T00:00:00Z,,historical_reconstruction
2021-03-02,0.4799638558,-0.04007228842,0.1427723467,0.004716853629,-0.04282495333,-0.05155046919,0.1469018415,-0.0003362972329,0.01725021863,2.715936535,-0.01758167545,-0.004056046982,-0.0005410839152,0.02050290062,0.4885889651,-0.001515086629,-0.008422117755,0,2021-03-03T00:00:00Z,,historical_reconstruction
2021-03-03,0.5071966609,0.01439332174,0,-0.02381174771,-0.02054880106,-0.02463167587,0.13279209,0.0005996083409,-0.01287009278,2.899207161,0.00328435382,-0.006952686876,0.0001153917559,-0.009984826132,0.5007616145,0.0002361713357,-0.006091138097,0,2021-03-04T00:00:00Z,,historical_reconstruction
2021-03-04,0.4952765611,-0.009446877883,0,0.008121401859,-0.02357904085,-0.01433767498,0.100587019,0.0009485262112,-0.00860541548,3.264009418,0.01602622928,0.008391374981,0.0007070746407,0.007785773318,0.4909738533,0.0007190678005,0.01851764507,0,2021-03-05T00:00:00Z,,historical_reconstruction
2021-03-05,0.4956800438,-0.00863991245,0.3484384563,-0.003436403709,0.03175653325,0.0324744636,0.1157738826,0.001027278497,-0.00313027736,3.353818685,0.01096847779,-0.003463810124,0.0006404202721,-0.01083578705,0.4941149051,0.0005496343213,0.01346673648,0,2021-03-06T00:00:00Z,,historical_reconstruction
2021-03-06,,,,,,,,,,,,,,,,,,1,2021-03-07T00:00:00Z,,historical_reconstruction
2021-03-07,0.5098240522,0.01964810435,0.1203712502,0.04100931153,0.04489736621,0.02847405518,0.1741788708,0.0006198730129,-0.03191456782,3.030935774,0.0100435553,-0.02117749691,0.0001584409452,0.0117117945,0.4938667683,0.000204139984,0.0207180995,0,2021-03-08T00:00:00Z,,historical_reconstruction
2021-03-08,0.5242963355,0.04859267105,0.2842731814,0.03358686521,0.05228172895,0.06357006515,0.1630201109,0.0006109601894,-0.04475113711,3.047507492,0.04524419285,-0.002447866971,-0.0004250269014,0.02074318828,0.501920767,-0.0002426191107,0.00948320333,0,2021-03-09T00:00:00Z,,historical_reconstruction
2021-03-09,0.4830811889,-0.03383762212,0,0.02322693581,0.02081457348,0.02367492133,0.1381209051,0.001496917953,0.02141029054,2.873486241,-0.0111100469,0.0009477179597,0.0008905536788,0.01433611803,0.4937863342,0.001833215186,0.0062346663,0,2021-03-10T00:00:00Z,,historical_reconstruction
2021-03-10,0.4815922556,-0.03681548888,0.1098991764,-0.02381832815,-0.01961726669,-0.01096951566,0.1746778515,0.0009358705825,0.007244709804,3.643068287,-0.04394604497,-0.01214714791,-0.0007899531586,-0.01564715171,0.4852146105,0.0003362622415,-0.05120881062,0,2021-03-11T00:00:00Z,,historical_reconstruction
2021-03-11,0.4882991273,-0.02340174535,0,0.01800967951,0.0169776639,0.02607649856,0.1645173989,0.001763629791,-0.01553386141,3.369414276,-0.0158228669,-0.01492060098,0.000528454149,0.01670744185,0.4805321966,0.0008151035799,-0.01395486747,0,2021-03-12T00:00:00Z,,historical_reconstruction
2021-03-12,0.4901687467,-0.01966250668,0.3857561259,0.01558366878,-0.005327896551,-0.004408316046,0.1253017993,0.0007587339335,-0.01062614127,3.167683054,0.004561616271,-0.002620481228,-0.0004525194157,0.004905131342,0.484855676,-0.0002685445636,-0.01102259423,0,2021-03-13T00:00:00Z,,historical_reconstruction
2021-03-13,0.5094061497,0.01881229943,0.510867797,-0.002361305724,0.02467405094,0.02700609039,0.1586579112,0.001347309283,-0.02631788338,2.988588602,-0.04795692283,-0.02599662541,5.588782207e-05,0.00682583018,0.496247208,,,0,2021-03-14T00:00:00Z,,historical_reconstruction
2021-03-14,0.4730923602,-0.05381527964,0.2980932311,-0.0122288854,-0.005333663436,-0.01627214998,0.1354667152,0.001320274877,0.02461955297,3.520106481,-0.01720287191,0.009928979053,0.0001533769278,-0.01602570788,0.4854021367,0.000700401864,-0.07346338399,0,2021-03-15T00:00:00Z,,historical_reconstruction
2021-03-15,0.4982739355,-0.00345212907,0,0.004334337586,0.01565260726,0.01326553672,0.1067174982,0.0007861810558,-0.01567575255,3.219398962,0.02658185783,0.01417406493,4.146653272e-05,-0.01706140511,0.4904360592,0.0001752208664,-0.05204480012,0,2021-03-16T00:00:00Z,,historical_reconstruction
2021-03-16,0.5078642985,0.01572859707,0.5079066397,0.01160040798,0.0006707651712,0.006967416589,0.09937291463,0.001179976954,-0.02568673293,3.267664673,0.04547505898,0.005251998053,0.0002407977696,0.02098262092,0.4950209321,-0.0003169409984,0.0495662192,0,2021-03-17T00:00:00Z,,historical_reconstruction
2021-03-17,0.5124601415,0.02492028295,0.2803465641,-0.00206855792,0.02865555794,0.03629575328,0.190600832,0.001200934426,-0.03471841255,3.293800826,0.03636739409,-0.002903378767,0.000419612418,0.01806802515,0.4951009352,0.0002650638432,0.06173577183,0,2021-03-18T00:00:00Z,,historical_reconstruction
2021-03-18,0.4714555386,-0.05708892284,0.06373556804,0.004723572039,-0.02532076259,-0.01309150719,0.1131619776,0.0008220350435,0.005289919554,3.228899728,-0.02729302889,-0.01474009505,-7.738655126e-05,0.006179342662,0.4741004984,-0.0009415947476,-0.03368717749,0,2021-03-19T00:00:00Z,,historical_reconstruction
2021-03-19,0.5018918271,0.003783654233,0.06308167214,-0.009548107351,-0.006927519048,-0.005513624645,0.1483979479,0.00107235642,-0.01063445176,3.614750109,0.02807779076,0.003971391867,5.391785724e-05,-0.01354065239,0.4965746012,0.0003136224868,0.02344616092,0,2021-03-20T00:00:00Z,,historical_reconstruction
2021-03-20,0.5093488654,0.01869773085,0.3149462155,-0.02259382526,-0.0265658433,-0.01941515642,0.1791518807,0.0006920989978,-0.01726831085,3.106442172,0.01964826532,0.0111715048,-5.365486931e-05,-0.01974850872,0.50071471,-0.0006552102851,-0.0001145685829,0,2021-03-21T00:00:00Z,,historical_reconstruction
2021-03-21,0.487684802,-0.02463039603,0.2102852393,-0.007243915612,-0.003604499757,0.005872828718,0.1237905661,0.00094785135,-0.002940956033,3.371295987,0.001411037446,0.001820104918,-0.0001614471591,-0.002876366987,0.486214324,-0.0003724235269,0.02918488361,0,2021-03-22T00:00:00Z,,historical_reconstruction
2021-03-22,0.4888859345,-0.02222813094,0.2184172596,-0.03268000184,-0.05499243868,-0.0638081023,0.3117033451,0.0004283241224,-0.025342669,3.536857574,-0.005127718894,-0.006276058435,-0.0004279483834,-0.02596560576,0.4762146,-0.0003578569334,-0.01877600187,0,2021-03-23T00:00:00Z,,historical_reconstruction
2021-03-23,0.4970017057,-0.005996588603,0.09364117487,-0.022032527,-0.02046472844,-0.01141441559,0.160606808,0.0007493645389,-0.01301187562,3.251871411,0.004787558189,0.006605727031,-0.0003383982858,-0.01213559008,0.4904957679,-0.0004306124156,-0.02172518568,0,2021-03-24T00:00:00Z,,historical_reconstruction
2021-03-24,0.4793883613,-0.04122327737,0.05711959925,-0.03272082429,-0.08103617552,-0.07755287696,0.3271307288,0.0001706873009,0.007994507089,3.516465929,0.01559042286,0.002970139573,1.983740798e-05,-0.04444692501,0.4833856149,-0.001030247125,-0.06614356032,0,2021-03-25T00:00:00Z,,historical_reconstruction
2021-03-25,0.5102423571,0.02048471427,0,-0.01208617317,-0.005774475689,-0.004213633081,0.1065983673,0.001109891912,-0.03183964112,3.498228365,0.03759636487,0.005591233931,0.0004971470525,-0.01726998216,0.4943225366,0.0002878568682,0.07757363711,0,2021-03-26T00:00:00Z,,historical_reconstruction
2021-03-26,0.5142748907,0.02854978144,0.3942988013,0.02069214131,0.03507018912,0.05008622768,0.1560233762,0.0001707047162,-0.008108477162,3.167639681,0.03101783115,0.01427943654,9.056018704e-05,0.02328680102,0.5102206521,-0.0009016517042,0.0247661272,0,2021-03-27T00:00:00Z,,historical_reconstruction
2021-03-27,0.5028754868,0.005750973695,0.2940073244,0.004905326034,0.01788367587,0.01872527734,0.1617938836,0.0009984643502,-0.01184056157,3.184023008,0.01845016061,-0.004840530143,0.0008039004581,0.000934815577,0.4969552061,0.0003063653523,-0.01294675715,0,2021-03-28T00:00:00Z,,historical_reconstruction
2021-03-28,0.4859427667,-0.02811446658,0.33508081,0.007152110708,-0.01287294984,-0.009598675559,0.1347865561,0.0007646664809,0.01912875568,3.344992341,-0.0148693143,0.01742496939,0.000272533703,0.01030507873,0.4955071445,-0.0001831848691,-0.003484070554,0,2021-03-29T00:00:00Z,,historical_reconstruction
2021-03-29,0.5280556893,0.05611137868,0,0.000352403502,0.01615339009,0.02972283625,0.1319340345,0.0009357420434,-0.052994237,2.991871536,0.04309421827,0.006523213753,0.0002040745477,-0.0007098222653,0.5015585708,0.0005074179211,0.07833950962,0,2021-03-30T00:00:00Z,,historical_reconstruction
2021-03-30,0.4989679317,-0.002064136696,0.03680200409,-0.009584183138,0.005380720088,-0.00454334022,0.10920207,0.001613727003,-0.0172653357,2.865060604,-0.001965192833,-0.01456204618,0.0008036371544,-0.005306975957,0.4903352638,0.0008643624642,0.003932451907,0,2021-03-31T00:00:00Z,,historical_reconstruction
2021-03-31,0.5052226241,0.01044524829,0.1623375103,0.009859888563,0.03800227138,0.0611641253,0.2171770231,0.001927715865,-0.02794844678,3.639750717,-0.009596692802,-0.0007521478508,0.0007923843096,0.003201024984,0.4912484008,0.001757028564,0.05166852566,0,2021-04-01T00:00:00Z,,historical_reconstruction
2021-04-01,0.5016409797,0.003281959394,0.07402569529,-0.003140433076,0.01216834071,0.02498333403,0.1188260628,0.0008587180204,-0.02163034018,3.082849043,0.0344501339,0.0169297012,-0.0003941676869,-0.003369881256,0.4908258096,-0.0002511738913,-0.01720275488,0,2021-04-02T00:00:00Z,,historical_reconstruction
2021-04-02,0.5155707177,0.03114143532,0.6435856204,0.03441605662,0.02890912072,0.06390861223,0.1836221883,0.002024661502,-0.03143957565,3.302044334,0.0305624222,0.02171272231,0.0006446786995,0.001699405268,0.4998509298,0.001853956786,0.002591653883,0,2021-04-03T00:00:00Z,,historical_reconstruction
2021-04-03,0.4716623037,-0.05667539257,0,-0.04135245041,-0.03016900048,-0.04193776116,0.1699465707,0.002046282835,0.02624055547,3.840280722,-0.02964447029,0.02589652087,0.0005965512397,-0.02636822611,0.4847825814,0.001047818485,-0.06242636627,0,2021-04-04T00:00:00Z,,historical_reconstruction
2021-04-04,0.5129195479,0.02583909572,0.07906610528,0.006917528124,-0.000789474951,0.01590649915,0.1072525248,0.0009828057176,-0.03061907821,3.170720454,0.02831455011,0.01658830203,0.0004226876049,0.004281854565,0.4976100088,0.0002181392367,0.0539535623,0,2021-04-05T00:00:00Z,,historical_reconstruction
2021-04-05,0.5018861408,0.003772281521,0.2111743697,0.001363737877,-0.002617243517,0.02447205694,0.1468338851,0.001409332916,-0.02055068171,2.970355372,-0.001766108811,-0.006597324333,-0.0005084756278,0.002114728513,0.4916107999,0.0004735908723,-0.05233909716,0,2021-04-06T00:00:00Z,,historical_reconstruction
2021-04-06,0.494357409,-0.01128518208,0.07374220148,-0.0006765579758,0.01312810575,-0.0006576457229,0.1154654964,0.001069969369,-0.03004528488,3.291466488,0.003187374155,0.008509144782,-0.0001171083148,-0.004016487073,0.4793347665,-0.0005437576345,-0.009221045381,0,2021-04-07T00:00:00Z,,historical_reconstruction
2021-04-07,0.4904474366,-0.01910512689,0.1217935766,-0.01016817568,-0.00679848855,-0.007285578498,0.1269408288,0.0009829536484,-0.018354453,3.520129209,0.005175852537,0.0005744761339,-0.0001739008441,-0.003568589432,0.4812702101,-0.0009447622167,-0.02955037518,0,2021-04-08T00:00:00Z,,historical_reconstruction
2021-04-08,0.5002975831,0.0005951661519,0.3501729282,0.01127713561,0.01018213247,0.04184485953,0.1356145099,0.0007786739471,-0.01569915885,3.303039926,-0.0003820264342,-0.005701570855,8.32424898e-06,0.005975660516,0.4924480037,-8.004407327e-05,-0.002686793243,0,2021-04-09T00:00:00Z,,historical_reconstruction
2021-04-09,0.4817859036,-0.03642819285,0,-0.005035309749,0.002240271548,-0.008129340007,0.1134371084,0.0005563968706,-0.005511424101,2.905210467,-0.0334925489,-0.006222074539,-1.960135717e-05,-0.003906933269,0.4790301915,-0.001468264631,-0.06756962817,0,2021-04-10T00:00:00Z,,historical_reconstruction
2021-04-10,0.5044915834,0.008983166774,0,0.002382048656,-0.01060583576,-0.01256115115,0.1108931933,0.001157727479,-0.0187966672,3.175214348,-0.02165157197,0.001325687189,9.865233474e-05,0.003386920828,0.4950932498,-0.0008885553557,0.06565855934,0,2021-04-11T00:00:00Z,,historical_reconstruction
2021-04-11,0.5043706535,0.008741306956,0,0.00389170423,0.001284557386,0.00186741798,0.1247010121,0.00171519411,-0.02097814992,3.293756619,-0.002089277794,0.009591431602,0.0002524200188,0.004972738706,0.4938815785,0.0007323883922,-0.01709778877,0,2021-04-12T00:00:00Z,,historical_reconstruction
2021-04-12,0.4951868397,-0.009626320502,0.3726128234,-0.00217518146,0.007517414952,-0.005582200224,0.09674220626,0.0007297596939,-0.03649854417,2.869293822,0.009196082732,-0.01613994596,-0.0001252352944,-0.003834554659,0.4769375677,-0.0006795732219,-0.01339860202,0,2021-04-13T00:00:00Z,,historical_reconstruction
2021-04-13,0.510132525,0.0202650501,0.2699660614,0.0007878539902,0.01032653832,0.03141542106,0.1036858995,0.001722345696,-0.02713591593,2.965134258,0.01433444901,-0.01565324896,0.000547198232,0.009174719693,0.4965645671,0.0006523763271,0.03155023217,0,2021-04-14T00:00:00Z,,historical_reconstruction
2021-04-14,0.5092565777,0.01851315548,0.0404608194,0.04169164625,0.03541770417,0.01782426778,0.1548701038,0.001841650908,-0.04973220382,3.469727745,0.0480486894,0.0006392772504,0.0008954875556,0.01302493337,0.4843904758,0.0008586972601,0.03761828237,0,2021-04-15T00:00:00Z,,historical_reconstruction
2021-04-15,0.522265246,0.04453049192,0.09758544262,0.01430657877,0.02137790381,0.0350997822,0.21112913,0.002311021304,-0.07163785342,3.819678086,0.05201773686,-0.002282226444,0.00116203424,-0.003208640208,0.4864463192,0.001532347357,0.04393532577,0,2021-04-16T00:00:00Z,,historical_reconstruction
2021-04-16,0.4867052153,-0.02658956933,0.216030584,-0.00288104969,-0.002355470085,0.01677935443,0.08942722429,0.001906986919,-0.01382267902,3.50705617,0.02401712972,0.01307504167,0.0004417502185,-0.006135132359,0.4797938758,0.001350590049,0.009838623512,0,2021-04-17T00:00:00Z,,historical_reconstruction
2021-04-17,0.4913709821,-0.01725803579,0.2197177591,-0.02566581885,-0.01168443497,-0.03793706076,0.1046267648,0.000949257853,-0.02248075204,3.286547341,0.01886739741,0.0003396763618,-0.0004419210595,-0.01150415567,0.4801306061,-0.0002084696264,-0.02624120256,0,2021-04-18T00:00:00Z,,historical_reconstruction
2021-04-18,0.4897697818,-0.02046043639,0.2176887499,0.02161922562,0.04286413994,0.08939230773,0.0845459874,-0.0001431357464,-0.02911032424,2.896470003,0.02867683609,-0.0155287592,3.424623451e-05,0.007705400474,0.4752146197,-0.001858329856,-0.02920174335,0,2021-04-19T00:00:00Z,,historical_reconstruction
2021-04-19,0.4941746276,-0.01165074485,0.01998764214,-0.01204136304,0.03127535098,-0.03806145204,0.1123478615,0.000754238543,-0.006658944638,3.679646349,0.00776113758,-0.02593718717,0.0007317699209,-0.005324423298,0.4908451553,2.44788491e-05,-0.002024424352,0,2021-04-20T00:00:00Z,,historical_reconstruction
2021-04-20,,,,,,,,,,,,,,,,,,1,2021-04-21T00:00:00Z,,historical_reconstruction
2021-04-21,0.4985211259,-0.00295774828,0.3970364902,-0.03278278176,-0.03509511665,0.04065378061,0.1661347841,0.0007806335011,-0.007131854691,3.021726593,0.03602631958,0.008227429428,0.0005506549725,-0.03048142801,0.4949551985,-0.001061017407,-0.02147090376,0,2021-04-22T00:00:00Z,,historical_reconstruction
2021-04-22,0.5064955738,0.01299114755,0.558349784,-0.05427597848,-0.08151649328,-0.05755059209,0.1949886202,0.0004170246128,-0.03130306189,3.019681262,0.04650210832,0.005580334209,-4.050219654e-05,-0.02328982528,0.4908440428,-0.001893996692,-0.03153934437,0,2021-04-23T00:00:00Z,,historical_reconstruction
2021-04-23,0.4916997961,-0.01660040785,0,0.001476373789,0.01444064979,0.03152450502,0.0774814161,0.0005406798204,-0.004388869344,2.66590556,0.01854956637,-0.01105717303,0.000589970639,0.004882980837,0.4895053614,-0.001366307099,0.009989161487,0,2021-04-24T00:00:00Z,,historical_reconstruction
2021-04-24,0.4956245374,-0.008750925132,0.507861418,-0.02462509309,-0.01655114192,0.01564292466,0.1259572746,0.0009894503806,-0.02392208227,3.432615184,0.0234224916,-0.0319981086,9.910226572e-05,-0.01223558399,0.4836634963,4.019252769e-05,0.008507110657,0,2021-04-25T00:00:00Z,,historical_reconstruction
2021-04-25,,,,,,,,,,,,,,,,,,1,2021-04-26T00:00:00Z,,historical_reconstruction
2021-04-26,0.5084710656,0.01694213121,0.2177475613,0.0166103355,0.009728091859,0.006045968427,0.1414932094,0.0006515043828,-0.01023087328,3.260144028,0.01714791562,-0.006336551992,0.0009674221768,-0.0006813697197,0.503355629,-0.0001027341601,0.02859287606,0,2021-04-27T00:00:00Z,,historical_reconstruction
2021-04-27,0.5247805362,0.04956107232,0.2352276006,0.01650113426,0.001171606566,0.03631996082,0.1201335805,0.0008476705937,-0.05808086372,3.380009073,0.1011780938,-0.0101133721,0.0009516479645,0.004570164915,0.4957401043,,,0,2021-04-28T00:00:00Z,,historical_reconstruction
2021-04-28,0.4984547367,-0.003090526637,0,0.003926954984,0.02507254702,0.02087256923,0.1748410311,3.27482316e-05,-0.0005474854298,3.864599469,0.02594189348,6.468289011e-05,-0.000250771763,-0.0101216398,0.498180994,-0.0007478852695,-0.0001327783575,0,2021-04-29T00:00:00Z,,historical_reconstruction
2021-04-29,0.496694491,-0.006611017993,0.05756441658,0.01140148792,-0.007294854715,-0.001875303198,0.1278784904,0.0007616864463,-0.01736375055,3.275596896,0.02795164025,-0.01267927427,0.0006907313534,0.01314755462,0.4880126157,0.0003446618335,-0.01960216554,0,2021-04-30T00:00:00Z,,historical_reconstruction
2021-04-30,0.5006603024,0.001320604711,0.09263604415,-0.004112979414,0.0131373631,0.01218305617,0.1060309676,0.0002633078682,-0.03519517073,2.822980645,-0.03794891779,-0.04886146457,0.0004385419079,0.01204914171,0.483062717,-0.0002773719522,0.01792101256,0,2021-05-01T00:00:00Z,,historical_reconstruction
2021-05-01,0.5265464682,0.05309293641,0,0.006590348967,0.02735166779,0.03045052926,0.1484537984,0.0007606706126,-0.0551817385,3.328295809,0.08708535631,0.02081894958,0.0001383562572,0.0005201632949,0.498955599,-0.000228779768,0.06184386155,0,2021-05-02T00:00:00Z,,historical_reconstruction
2021-05-02,0.5149854329,0.02997086574,0.02152632461,-0.004727406473,0.006971329469,0.00460826354,0.1415509186,0.0004814277384,-0.06178822414,3.639640926,0.04271104854,-0.01131785841,-0.0004397749649,-0.004542512288,0.4840913208,,,0,2021-05-03T00:00:00Z,,historical_reconstruction
2021-05-03,0.5183384528,0.03667690569,0.09246050373,0.03919264366,0.08451946328,0.08854518631,0.1962451824,0.0006761798172,-0.05035417321,3.860312839,0.04657388236,0.01187559278,-0.0001186511229,-0.006869989782,0.4931613662,2.467543435e-05,0.01973477448,0,2021-05-04T00:00:00Z,,historical_reconstruction
2021-05-04,0.5004055051,0.0008110102323,0.2763880819,-0.05095358506,0.0032988886,-0.06925267456,0.09971813582,0.001438711211,-0.0422524058,3.80580313,0.03902518496,-0.002243349702,0.0002486738408,-0.02456411134,0.4792793022,0.0005910406174,-0.04875006209,0,2021-05-05T00:00:00Z,,historical_reconstruction
2021-05-05,0.4947216905,-0.01055661905,0.1137744694,0.01257290619,0.06608707752,0.05118951036,0.1712079928,0.001200251968,-0.03635499333,3.27045269,-0.01357989646,-0.04102292278,0.000126711298,0.005251851546,0.4765441938,0.001167503736,-0.00746609241,0,2021-05-06T00:00:00Z,,historical_reconstruction
2021-05-06,0.4969127174,-0.006174565295,0.1759779161,0.00220271908,-0.01732624477,-0.009522376876,0.1278062546,0.0009828840627,-0.03325674828,3.308843359,0.01733799904,-0.002998795909,0.0002439714753,0.004725948103,0.4802843432,0.0002211976163,0.0004364526987,0,2021-05-07T00:00:00Z,,historical_reconstruction
2021-05-07,0.4911533955,-0.01769320896,0.2199213135,-0.009411858486,-0.0228591969,0.01063048043,0.1298409916,0.0004167229482,-0.01823659306,3.063952183,-0.007277593835,-0.0236022447,-0.0002136557937,-0.004675950841,0.482035099,0.00015341508,-0.01901381367,0,2021-05-08T00:00:00Z,,historical_reconstruction
2021-05-08,0.5103061906,0.02061238111,0.1280598254,0.02581955171,0.07661047189,0.1044247488,0.1933704251,0.001076654749,-0.03429487549,2.781728478,0.03548375904,-0.002837291969,7.544855914e-06,-0.002854623097,0.4931587528,0.0003159841367,-0.0324805553,0,2021-05-09T00:00:00Z,,historical_reconstruction
2021-05-09,0.5011286947,0.002257389426,0,0.01579367011,0.01165063061,0.01868389763,0.08932180023,0.001034671696,-0.04693744708,3.119714723,0.0189836751,-0.01768381507,0.0001471501557,0.01700578885,0.4776599712,0.0005532439572,-0.02771347632,0,2021-05-10T00:00:00Z,,historical_reconstruction
2021-05-10,0.4951250087,-0.009749982613,0,-0.01110225604,-0.05053081417,-0.02958550777,0.2730370146,0.001127758573,-0.03964740814,3.359677705,0.02832248805,-0.005022689335,0.0001687169773,0.001478098732,0.4753013046,0.0004515787563,-0.0464268883,0,2021-05-11T00:00:00Z,,historical_reconstruction
2021-05-11,0.4985993634,-0.002801273143,0.08540975748,0.02617408409,0.03791345436,0.05067519939,0.1244297323,0.000589440391,-0.02879907293,3.098110171,0.03707543797,-0.02166681326,-0.0001236350587,0.001079158359,0.484199827,-0.0008492708201,-0.003612283375,0,2021-05-12T00:00:00Z,,historical_reconstruction
2021-05-12,0.4884669466,-0.02306610677,0.48889369,-0.06395965185,-0.08730848377,-0.1054537882,0.2508657658,0.001511818603,-0.009855512349,3.078135468,0.00730575322,0.007069583533,0.002228301662,-0.08827966273,0.4835391904,0.0003115666349,-0.01250948773,0,2021-05-13T00:00:00Z,,historical_reconstruction
2021-05-13,0.4931099297,-0.01378014055,0,0.01852176533,-0.007766192244,-0.007090474995,0.08140902672,0.0004142112101,-0.001559901627,2.820956275,0.01171705786,-0.003245082919,-0.0003292814175,0.02266832778,0.4923299789,-0.0005686728526,-0.007605575253,0,2021-05-14T00:00:00Z,,historical_reconstruction
2021-05-14,0.5104879927,0.02097598544,0.06025481993,0.007067993604,-0.01362525113,0.01880344017,0.1232319505,0.001222082891,-0.04226300914,2.665784657,0.09258616558,-0.01070965083,0.0005836584467,-0.005980694968,0.4893564882,0.0008053599424,0.0386691944,0,2021-05-15T00:00:00Z,,historical_reconstruction
2021-05-15,0.4793373869,-0.04132522613,0.09806598345,-0.02802891381,-0.05904756007,-0.06544029646,0.1234158647,0.0006307106738,0.005980685992,3.190450068,0.01341677052,-0.02165769308,-1.980376078e-05,-0.02796621796,0.4823277299,-0.0004459440755,-0.06193760724,0,2021-05-16T00:00:00Z,,historical_reconstruction
2021-05-16,0.47862922,-0.04274155996,0,0.04745585281,-0.01415427972,-0.05484989367,0.2319601341,-0.0001982077552,0.01612208314,3.187797298,0.01504231598,-0.01827261631,-0.0001503953865,0.01927985803,0.4866902616,-0.001232879451,-0.04499894938,0,2021-05-17T00:00:00Z,,historical_reconstruction
2021-05-17,0.4911044881,-0.01779102378,0.1315482089,-0.02863052858,-0.0007549490257,-0.06659633578,0.1198444349,0.0003259700656,-0.01001114053,3.011943715,0.0142290997,-0.01912141854,-0.0003203612805,-0.01492587968,0.4860989178,-0.0008017885079,-0.008041041163,0,2021-05-18T00:00:00Z,,historical_reconstruction
2021-05-18,0.5034561773,0.006912354539,0.09321098329,-0.008117107347,0.008841754123,-0.04482575153,0.09405137668,0.0003792513933,-0.009824674501,2.982737831,0.05451064832,0.004130455493,-0.0003850465798,-0.00954448058,0.49854384,-0.0002101889977,0.009713627682,0,2021-05-19T00:00:00Z,,historical_reconstruction
2021-05-19,0.4861694028,-0.02766119443,0.0614844064,-0.06236135833,-0.1103507646,-0.1036941215,0.09556091601,0.001664671248,-0.004989953801,2.388306247,0.02113275031,-0.008708459533,0.001690563798,-0.06729871916,0.4836744259,0.0001528526452,-0.004595087654,0,2021-05-20T00:00:00Z,,historical_reconstruction
2021-05-20,0.4991264413,-0.001747117461,0.2460657602,-0.005099162357,-0.04660860822,0.005162648853,0.08525345206,-7.223815475e-05,0.0003882098593,2.079165263,0.01079733789,-0.01814462565,0.0005777046977,0.01023530737,0.4993205462,-0.0004864493648,0.01203302309,0,2021-05-21T00:00:00Z,,historical_reconstruction
2021-05-21,0.4918824223,-0.01623515535,0.03173794547,0.03448158471,0.004375327943,-0.1037432209,0.2021755452,1.23407021e-05,0.01063198664,2.21283612,0.0524571858,-0.01521648484,0.001112684012,0.03299527787,0.4971984156,-0.001209742188,-0.03721114079,0,2021-05-22T00:00:00Z,,historical_reconstruction
2021-05-22,0.4880926754,-0.02381464927,0.178088229,0.01765814505,-0.03055918148,-0.04985736702,0.09400197437,0.0001220112686,0.02144660443,2.711057928,-0.02457467505,-0.01425581024,0.0005799584955,0.004373683342,0.4988159776,-0.0005086994052,0.01751057686,0,2021-05-23T00:00:00Z,,historical_reconstruction
2021-05-23,0.4845876341,-0.03082473175,0.2874992989,0.0651846959,0.08906205356,-0.009033325455,0.123450561,0.0001144825152,0.02305249513,2.671813747,0.004529224873,-0.02456477627,0.0002198056625,0.04865506533,0.4961138817,0.0003126902704,0.01191682821,0,2021-05-24T00:00:00Z,,historical_reconstruction
2021-05-24,0.5057183613,0.01143672257,0.03829394509,-0.001127697611,0.05531536773,0.1185854388,0.148443667,0.0003171690398,-0.0005681083077,2.622723136,0.0005490060419,-0.007612168943,0.000745818274,-0.0204468452,0.5054343071,-8.801025819e-06,0.02922774635,0,2021-05-25T00:00:00Z,,historical_reconstruction
2021-05-25,0.4967096408,-0.006580718322,0.03254278392,0.07682355938,0.03620240558,0.1303553893,0.115610305,0.000635833663,0.002453760145,2.516106123,0.02600226546,-0.002809076873,0.0005805168857,0.02767378808,0.4979365209,0.0002565822697,-0.01349307286,0,2021-05-26T00:00:00Z,,historical_reconstruction
2021-05-26,0.4966393763,-0.006721247437,0.2301476083,0.05294392455,0.05106037256,0.01847053258,0.1251202749,-0.0002322405319,-0.0007268811576,2.555328411,0.0289814526,0.01356460634,0.0002190626794,0.01988656004,0.4962759357,-0.00189691178,0.02093994699,0,2021-05-27T00:00:00Z,,historical_reconstruction
2021-05-27,0.4921412187,-0.01571756255,0,-0.005595323571,-0.02197692459,-0.02994124243,0.1024991651,0.0001969200249,0.007013890917,3.129819105,0.007501960548,-0.00910185975,0.0002643999458,-0.006148828581,0.4956481642,0.0002691581797,-0.01397044508,0,2021-05-28T00:00:00Z,,historical_reconstruction
2021-05-28,0.4909974598,-0.01800508047,0.06705480613,-0.03482798083,-0.0573757679,-0.009668876891,0.1530924902,-0.0001824136644,0.01150769948,3.045511149,0.03155371608,0.002390907036,-0.0003927127687,-0.003515574902,0.4967513095,-0.0001947543665,-0.001769925127,0,2021-05-29T00:00:00Z,,historical_reconstruction
2021-05-29,0.494401837,-0.01119632603,0.1264068531,0.01408488312,-0.02151285619,-0.07018667755,0.1491825595,-0.0003291292556,0.007074010996,3.239958204,0.02453977431,-0.005629822903,-0.000525342825,0.01703754602,0.4979388425,-0.0004511405243,0.01261832324,0,2021-05-30T00:00:00Z,,historical_reconstruction
2021-05-30,0.5017442548,0.003488509544,0.1274374432,-0.02290020066,0.001654044433,-0.03084584389,0.09793133995,5.448494958e-05,0.001487640058,3.170703683,-0.01466713561,-0.001920108229,-0.0002412396416,-0.01209393421,0.5024880748,-5.99975656e-05,0.0343132413,0,2021-05-31T00:00:00Z,,historical_reconstruction
2021-05-31,0.5066574798,0.01331495957,0.2621731623,0.03005100487,0.02604010662,0.06048255944,0.1157932259,6.651515991e-05,-0.001104008061,3.204802114,0.02812810685,-0.0006770769531,0.0003464865239,0.01052630151,0.5061054758,-0.0002506538799,0.001878236997,0,2021-06-01T00:00:00Z,,historical_reconstruction
2021-06-01,0.487836043,-0.024327914,0.07493387726,0.0361390344,0.02567526532,0.003940203412,0.1054659116,2.277411494e-05,0.01603911349,3.202685449,-0.01628746531,0.003818578948,1.405312687e-05,0.01999312834,0.4958555997,-0.000613059548,-0.01774719568,0,2021-06-02T00:00:00Z,,historical_reconstruction
2021-06-02,0.4965198077,-0.006960384535,0.2068745265,-0.01884206672,-0.0304005274,0.004390604181,0.1276610176,0.0003695191078,-0.003696501917,3.120507636,-0.02290925357,-0.02499684608,0.0003346496368,-0.008338484946,0.4946715568,0.0006017596397,-0.0002391370978,0,2021-06-03T00:00:00Z,,historical_reconstruction
2021-06-03,0.4890134523,-0.02197309538,0.08242542258,0.02289772992,0.02479816076,0.01803586508,0.1007490076,0.0003814856943,0.01107196958,3.474131202,-0.04110139812,-0.01580410494,0.0003659430219,0.01684446707,0.4945494371,0.0001845656693,-0.006255532832,0,2021-06-04T00:00:00Z,,historical_reconstruction
2021-06-04,0.4887756382,-0.02244872366,0,0.003147996882,0.01185097122,0.0247587187,0.08906264423,-0.0001115444821,0.009914511351,3.651420574,0.03353857075,0.001872554826,-8.520654187e-05,0.00076084889,0.4937328938,7.086918236e-05,-0.004443643183,0,2021-06-05T00:00:00Z,,historical_reconstruction
2021-06-05,0.5047658576,0.009531715243,0.4601526457,0.009589783193,-0.0102152664,-0.004610023107,0.1464988012,-0.0001065558486,-0.01708626819,4.030697732,0.03340582164,-0.005463281371,0.000303995721,-0.007390376272,0.4962227235,0.0002225734071,0.02072804128,0,2021-06-06T00:00:00Z,,historical_reconstruction
2021-06-06,0.4903385705,-0.01932285902,0.2609059057,0.01419996634,-0.003340671295,0.007867694881,0.1350933517,-0.0001917460692,0.02890799749,4.033377074,-0.0126350498,0.00263554695,-0.0003425996069,0.001375494655,0.5047925692,-0.0002462310188,-0.02281136856,0,2021-06-07T00:00:00Z,,historical_reconstruction
2021-06-07,0.5014567515,0.002913502944,0,-0.05063893844,-0.06860966083,-0.07848706992,0.2489835585,0.0003510734747,-0.01296381941,3.625309096,0.06248455599,0.01285778628,0.0004056143936,-0.05841706551,0.4949748418,0.0002845583147,-0.01040145663,0,2021-06-08T00:00:00Z,,historical_reconstruction
2021-06-08,0.4877731854,-0.02445362914,0.2588650883,0.002430881794,0.05551135192,-0.009911820339,0.09704483058,-0.0004148003973,0.01939213366,3.864551352,-0.0001222282074,-0.02526167767,-0.0001682515568,0.01571984583,0.4974692523,-0.0004375745122,-0.0001257151401,0,2021-06-09T00:00:00Z,,historical_reconstruction
2021-06-09,0.4921848155,-0.01563036891,0,0.0185154113,0.01684495937,0.02941315665,0.08509736271,7.662306814e-06,0.02415274855,4.010914688,-0.02331330122,-0.03424086753,0.0005318939798,0.03109724231,0.5042611898,-0.000361856801,-0.008669984377,0,2021-06-10T00:00:00Z,,historical_reconstruction
2021-06-10,0.4901952329,-0.01960953414,0.01644385596,0.005035160714,-0.01628974407,-0.03710010521,0.09915369878,8.093594325e-06,0.01310762558,4.248020935,0.0005691191519,-0.01415737784,0.0001733255243,1.690520271e-05,0.4967490457,-0.0003733921,0.002363561235,0,2021-06-11T00:00:00Z,,historical_reconstruction
2021-06-11,0.4823202637,-0.03535947268,0,-0.01839357497,-0.02576698796,-0.04724109878,0.1712383771,0.0001019536875,0.03717187191,4.99036108,-0.04024924528,-0.007911663329,0.0009473414757,0.002287984243,0.5009061996,0.0002134981696,-0.01291074903,0,2021-06-12T00:00:00Z,,historical_reconstruction
2021-06-12,0.5051459733,0.01029194652,0.2342858351,-0.01617615325,-0.009322830697,-0.007522888923,0.0893277319,-6.327138362e-05,-0.004180346351,4.366040904,0.0395098715,0.0124833328,0.0001916088269,-0.005146933908,0.5030558001,4.328446497e-05,0.000760231273,0,2021-06-13T00:00:00Z,,historical_reconstruction
2021-06-13,0.5068665257,0.0137330514,0.2684616085,0.03252711622,0.06715062749,0.06190754283,0.2866281314,-0.0002470779053,0.003814041064,4.169328207,-0.03869189085,-0.0254366675,0.0004428146309,0.03640292165,0.5087735462,-5.533183605e-05,0.03305591042,0,2021-06-14T00:00:00Z,,historical_reconstruction
2021-06-14,0.503889401,0.007778801982,0.4601465458,0.01622722046,0.001595088215,0.04082612097,0.09492241117,-0.0003681071928,-0.0122697399,3.788551606,0.0192909038,-0.01212860646,0.0003029809053,0.02014877609,0.497754531,-0.0007191806675,0.004865299038,0,2021-06-15T00:00:00Z,,historical_reconstruction
2021-06-15,0.4950085103,-0.009982979393,0.3455425093,0.004720353612,-0.003045494275,-0.01315641429,0.123982281,0.0002476862955,-0.008509938073,4.347852208,0.01248908768,-0.01355955397,0.0005261834273,0.004661922991,0.4907535413,0.0006624866927,0.01447064975,0,2021-06-16T00:00:00Z,,historical_reconstruction
2021-06-16,0.4551099413,-0.08978011731,0,-0.02107190991,-0.02009153962,-0.03744308943,0.1391434809,-0.0004434327608,0.0561064314,4.348212709,-0.05028367374,-0.01927617885,-0.0003380845393,-0.008559698656,0.483163157,-0.0004510950676,-0.07414974839,0,2021-06-17T00:00:00Z,,historical_reconstruction
2021-06-17,0.482091862,-0.03581627599,0,0.01413987753,-0.0182063385,-0.02113004277,0.1251605817,-0.0003244454932,0.02388479673,5.002663384,0.009904674462,0.007901667676,0.0005224299277,0.01035580371,0.4940342604,-0.0003325390875,-0.01620674185,0,2021-06-18T00:00:00Z,,historical_reconstruction
2021-06-18,0.4767784769,-0.04644304629,0.002049699773,0.03697979038,0.008623063761,-0.03699281438,0.131001119,-0.001078738994,0.01346560251,4.862438402,0.01189462097,-0.006918717908,-0.0008433945596,0.01404696287,0.4835112781,-0.001180692682,-0.01108357361,0,2021-06-19T00:00:00Z,,historical_reconstruction
2021-06-19,0.4978646763,-0.004270647452,0.08693086977,-0.02545459457,-0.03649417357,-0.03408223824,0.1177252661,-0.0006051730749,0.01676639808,5.845376215,0.01188889607,-0.0008812886735,-0.0005848820795,-0.01279586241,0.5062478753,-0.0005419016913,-0.01456259397,0,2021-06-20T00:00:00Z,,historical_reconstruction
2021-06-20,0.5005263111,0.001052622223,0.06393526717,0.009312704418,0.06265157257,0.0815656517,0.1581502108,-0.0003432183181,-0.001441745753,5.530310661,0.01701104183,3.583341673e-05,-1.962426679e-05,0.002741471595,0.4998054382,-9.614041279e-05,-0.01268042918,0,2021-06-21T00:00:00Z,,historical_reconstruction
2021-06-21,0.4847777117,-0.03044457666,0.4931224364,-0.02994304647,-0.04959952417,-0.04265549632,0.1213524386,-0.0003818636004,0.02608607879,5.168197549,0.006313900563,-5.006282397e-05,-0.0002891682767,-0.02932573473,0.4978207511,-1.375640763e-05,-0.03822337864,0,2021-06-22T00:00:00Z,,historical_reconstruction
2021-06-22,0.4942865082,-0.0114269836,0,-0.008776741635,0.009697887956,0.00660974643,0.0752452248,-0.0004363373207,0.01842179051,4.502514925,0.01592614107,-0.008920908353,-1.922924539e-05,0.003255764864,0.5034974035,-0.0006840236162,-0.001444004206,0,2021-06-23T00:00:00Z,,historical_reconstruction
2021-06-23,0.5034251641,0.006850328296,0,0.02693423497,-0.003332117971,-0.01169511356,0.09426731043,-0.0008281931163,0.01105247544,4.425423323,0.009029767096,0.007171369265,3.497986239e-05,0.02419432829,0.5089514019,-0.0003847603555,0.0966304456,0,2021-06-24T00:00:00Z,,historical_reconstruction
2021-06-24,0.4908585454,-0.01828290928,0.02048794499,-0.01106482816,0.001893481589,0.01234957385,0.1124366803,-1.005267602e-05,0.02985902901,4.368036937,-0.03487851293,-0.006895440464,0.000522213778,-0.005495396164,0.5057880599,0.0003143928171,0.01753336672,0,2021-06-25T00:00:00Z,,historical_reconstruction
2021-06-25,0.4753909008,-0.04921819831,0.03467529824,-0.02301991963,-0.01019453337,-0.02383714969,0.1217955977,-0.0004533342179,0.04213254994,5.59643617,-0.009187215316,0.002516256473,6.527541438e-05,-0.01981385294,0.4964571758,0.0006254047765,-0.002775152022,0,2021-06-26T00:00:00Z,,historical_reconstruction
2021-06-26,0.4892570306,-0.02148593873,0.06836780512,0.02481320085,0.02846543002,0.0153610513,0.09065963935,-0.000415382261,0.03728596801,5.464059975,-0.004729170457,-0.006529120509,0.0004547176193,0.02247674271,0.5079000146,0.0001897908139,-0.01721529128,0,2021-06-27T00:00:00Z,,historical_reconstruction
2021-06-27,0.5100965477,0.02019309533,0.3366535291,0.08744404459,0.07492503159,0.0775603392,0.2808719786,-0.000731480921,0.001821582875,5.214890602,0.009969312181,0.008033895312,-0.000367507542,0.05744780312,0.5110073391,-0.0003882626029,0.01914047311,0,2021-06-28T00:00:00Z,,historical_reconstruction
2021-06-28,0.5186424233,0.03728484657,0.1169568746,-0.0142815933,-0.01538512409,0.04228838307,0.1169070048,-0.0004077892545,-0.02578807415,4.868903675,0.05046718661,0.005571028905,-0.0001854374801,0.001542313302,0.5057483862,-2.592565407e-05,0.06772942323,0,2021-06-29T00:00:00Z,,historical_reconstruction
2021-06-29,0.5070626836,0.01412536714,0.2487907595,-0.02542510194,-0.02386984511,-0.005095523842,0.1380236169,-8.312820679e-05,-0.008613581993,5.104227022,0.01467014469,-0.009264194465,-7.004056105e-05,-0.01293647833,0.5027558926,0.0003532091139,0.02555235074,0,2021-06-30T00:00:00Z,,historical_reconstruction
2021-06-30,0.5007164544,0.001432908876,0,0.01485029299,0.08211126961,0.05534867112,0.2055383486,-0.0002988117837,0.007122709167,5.018695491,0.04129717766,0.01704451703,8.954604192e-05,0.008676140269,0.504277809,0.0005293813326,-0.00541741942,0,2021-07-01T00:00:00Z,,historical_reconstruction
2021-07-01,0.4873745596,-0.02525088083,0.07546327901,0.002832712834,-0.005706868067,-0.01530054134,0.09413965382,-0.00055544742,0.006254957222,5.671049704,-0.0008585927028,-0.00734535845,-0.0001158074771,0.01248689995,0.4905020382,-0.000545394744,-0.00696797155,0,2021-07-02T00:00:00Z,,historical_reconstruction
2021-07-02,0.501489579,0.002979158032,0.3076277205,0.02408401356,0.01411865508,0.05646913423,0.1342714845,-0.0006916945588,0.009362120004,5.778283166,0.03173876653,-0.01262630472,6.629937663e-05,0.01376752258,0.506170639,-0.0002383603409,0.05219735635,0,2021-07-03T00:00:00Z,,historical_reconstruction
2021-07-03,0.5183627836,0.03672556726,0.4221272738,0.0007324657583,0.0009438668878,0.006071694789,0.1503156483,-0.0001616531731,-0.02081222785,5.204827601,0.04568820538,-0.005708865916,0.0003053328747,-0.002212053823,0.5079566697,0.0002537290879,0.05821150599,0,2021-07-04T00:00:00Z,,historical_reconstruction
2021-07-04,0.5103174736,0.02063494722,0,-0.0145608207,-0.003500868782,-0.003556444071,0.1918828975,-0.0003185961105,-0.02287143232,5.410567964,0.05176782186,-0.008445115568,-0.0001386406545,-0.008109625268,0.4988817574,0.0004128848104,0.0004418518888,0,2021-07-05T00:00:00Z,,historical_reconstruction
2021-07-05,0.4811454276,-0.0377091448,0.2770586644,-0.02172092816,-0.004405665722,0.0007380712649,0.1146294657,-0.0005235530587,0.01296826257,5.751294233,-0.01963123259,-0.003284659358,-6.487828327e-06,-0.01254001556,0.4876295589,-0.0001157638042,-0.07499399138,0,2021-07-06T00:00:00Z,,historical_reconstruction
2021-07-06,0.5024389364,0.004877872832,0.4181783171,-0.002221105225,0.007194556596,0.01264884521,0.09680204544,-0.0001980624327,-0.003165083613,5.33864967,0.04964036277,-0.0004525790653,0.0002110549229,0.005879484386,0.5008563946,-0.0001149342259,-0.009247494311,0,2021-07-07T00:00:00Z,,historical_reconstruction
2021-07-07,0.5123689737,0.02473794744,0.2220222404,-0.02100765759,-0.01084134656,-0.0284311094,0.1195112816,-0.0008288115619,-0.03764976465,4.673899122,0.01057433548,-0.01157062107,-0.000342132051,-0.02213741141,0.4935440914,-0.0005299997782,0.02330503857,0,2021-07-08T00:00:00Z,,historical_reconstruction
2021-07-08,0.4886751494,-0.02264970112,0.2818820046,-0.01930500141,-0.02669726543,-0.02409860785,0.1198151505,-0.0006851483464,0.002098385121,4.714119255,-0.02303307191,-0.01448057974,3.48361041e-05,-0.003840320946,0.489724342,-0.0001297009264,0.00260117971,0,2021-07-09T00:00:00Z,,historical_reconstruction
2021-07-09,0.5099014762,0.01980295248,0.1306701642,0.006233332865,-0.01145101434,0.03172558951,0.08867689025,0.0002515149116,-0.01043003911,5.639515789,0.01620785779,-0.02404751636,0.0005708921496,0.01107778639,0.5046864567,0.0009432094704,0.01682379445,0,2021-07-10T00:00:00Z,,historical_reconstruction
2021-07-10,0.4894051929,-0.02118961419,0.0524825361,0.008273740428,-0.003827638286,0.0004360664907,0.1159146448,0.0002132004226,0.009057639234,5.614511357,-0.0002700845296,-0.01135809552,0.0003591580674,0.002737388216,0.4939340125,0.0003748535957,-0.05791518145,0,2021-07-11T00:00:00Z,,historical_reconstruction
2021-07-11,0.5138721175,0.02774423493,0.05645558516,0.002585564866,-0.002125864215,0.005382834114,0.1924960214,-8.409446612e-05,-0.01518593799,6.289625831,-0.01397463136,-0.0167348247,6.710672224e-05,0.01075157466,0.5062791485,0.0002345016444,0.007109287707,0,2021-07-12T00:00:00Z,,historical_reconstruction
2021-07-12,0.4805889435,-0.03882211304,0,0.005672930321,-0.02679268602,-0.03291252523,0.1659535946,-0.0003593262387,0.001144489372,5.448496196,0.02343137916,-0.01632807653,0.0001169990927,0.00803647459,0.4811611882,0.00016422682,-0.001112968235,0,2021-07-13T00:00:00Z,,historical_reconstruction
2021-07-13,0.4889100551,-0.02217988984,0,0.008221043168,-0.02940573207,-0.02867684975,0.1202627632,8.762209108e-05,0.01028574877,5.623934775,0.024854355,-0.01562368546,0.000719462767,0.01300167225,0.4940529295,0.0002856845238,-0.02705776267,0,2021-07-14T00:00:00Z,,historical_reconstruction
2021-07-14,0.4927769463,-0.01444610737,0.4006154344,0.007155084048,-0.0004109451739,0.02336534909,0.08081520187,-0.0003810325983,0.01998987459,6.185340658,0.02228558752,-0.0003341952391,0.0001372486215,0.002757428482,0.5027718836,0.0004477789636,-0.03918405481,0,2021-07-15T00:00:00Z,,historical_reconstruction
2021-07-15,0.5074479888,0.01489597768,0.3839008601,0.001001256786,0.00295214906,0.003424013048,0.0799341056,-8.335460612e-05,-0.01591450013,6.028855926,0.05146564044,0.02308160858,0.0003423041141,0.0108145745,0.4994907388,0.0006017937403,0.0375456788,0,2021-07-16T00:00:00Z,,historical_reconstruction
2021-07-16,0.4888329068,-0.02233418632,0.1979814526,-0.0193950987,-0.0300909293,0.01295714425,0.1099023566,-8.527602784e-05,0.01884030787,6.583023183,-0.01076769835,-0.01960495307,-5.596160614e-05,-0.01652923381,0.4982530608,-0.0003367909394,-0.04213713881,0,2021-07-17T00:00:00Z,,historical_reconstruction
2021-07-17,0.5029493268,0.00589865367,0,-0.004412974775,0.00674665847,0.01883645218,0.1067321935,-0.0005474865629,0.004925488959,7.359458087,0.02671855139,-0.006990718602,0.0001955320916,-0.009871732812,0.5054120713,-0.0007606869855,0.02708826786,0,2021-07-18T00:00:00Z,,historical_reconstruction
2021-07-18,0.4968305454,-0.006338909158,0.4913932425,-0.00479284493,0.0003384452671,-0.03762229153,0.1314327686,-0.0005180689772,0.004271997883,6.252103644,0.01604987368,-0.005463546244,-0.0001543017077,0.004286900288,0.4989665444,-0.0004339745111,-0.03408314408,0,2021-07-19T00:00:00Z,,historical_reconstruction
2021-07-19,0.4605157733,-0.07896845338,0.372834899,-0.003424695065,-0.0008350501305,-0.02334335732,0.07288483285,-0.0001814452942,0.04935793564,6.065442717,-0.03843765788,-0.01644349642,0.0003383401119,0.003083769504,0.4851947411,0.0001778809444,-0.04014634034,0,2021-07-20T00:00:00Z,,historical_reconstruction
2021-07-20,0.4602000397,-0.07959992058,0,-0.001838687323,-0.01059739857,0.01710136674,0.07413885338,-0.0005543019994,0.07878439014,5.738536892,-0.01067939243,0.002594822535,-6.924559691e-05,0.000318325153,0.4995922348,-0.0006419240905,-0.05742003075,0,2021-07-21T00:00:00Z,,historical_reconstruction
2021-07-21,0.5127963107,0.02559262138,0.3329173094,0.03014815962,0.02080487817,0.04642443248,0.1143941777,-5.01127537e-06,0.002691792844,4.882245448,-0.00267020161,-0.008965540902,0.0007574828488,0.01634427927,0.5141422071,0.000376021323,0.04003872875,0,2021-07-22T00:00:00Z,,historical_reconstruction
2021-07-22,0.4950205225,-0.00995895491,0,-0.002276781754,-0.004430631844,0.02044869178,0.08882527803,-0.0004988738294,0.0138859656,4.858944643,-0.0186815276,-0.00803748419,0.0001118826073,-0.002751959497,0.5019635053,-0.0004155192233,-0.02485493259,0,2021-07-23T00:00:00Z,,historical_reconstruction
2021-07-23,0.5219700737,0.04394014747,0.1064495712,0.05130705045,0.03735807594,0.03395489878,0.2278150231,3.766035071e-05,-0.02740370708,4.567948028,0.04465397009,-0.01874987007,2.665960712e-05,0.04296150163,0.5082682202,0.0001229363786,0.0662743338,0,2021-07-24T00:00:00Z,,historical_reconstruction
2021-07-24,0.5143738705,0.02874774108,0.1390073551,0.0181944438,0.01589818466,0.0138756758,0.121092901,-0.0005584162948,-0.02956105373,4.579080469,0.03064291319,-0.01669350689,0.0002629943247,0.01217213415,0.4995933437,-1.092973188e-05,0.02284908741,0,2021-07-25T00:00:00Z,,historical_reconstruction
2021-07-25,0.4930943378,-0.01381132444,0.06361963398,0.01702637556,0.02413256072,0.01380105371,0.15344877,-0.0007671968545,0.01396417929,4.950606429,-0.04399222494,-0.0268347606,-0.0004743844935,0.02991799318,0.5000764274,-0.0002491278773,-0.007472415283,0,2021-07-26T00:00:00Z,,historical_reconstruction
2021-07-26,0.5027907712,0.005581542478,0.1483944692,-0.05688937049,-0.04850405268,-0.04838620124,0.2086310829,-0.0003007073355,-0.01811623393,4.055438659,-0.007126354001,-0.02097816179,0.0002232254636,-0.05395545276,0.4937326543,-0.0001192620412,0.08454999586,0,2021-07-27T00:00:00Z,,historical_reconstruction
2021-07-27,0.5000109402,2.188043843e-05,0.3863798588,0.03145745864,0.009721825806,0.009278644633,0.1211373131,-0.0006305746057,-0.006611221697,4.506588774,-0.02155190351,-0.01461847216,-0.0002367368238,0.04384546338,0.4967053294,-7.627260627e-05,0.07962180102,0,2021-07-28T00:00:00Z,,historical_reconstruction
2021-07-28,0.4931607784,-0.01367844311,0,-0.003904897139,0.003747311664,-0.01267148123,0.08127299113,-0.0003563822852,-0.00351791071,4.604669002,0.01871567034,-0.01109983197,5.541634528e-05,-0.009137477125,0.4914018231,-0.0003513710098,-0.03927106449,0,2021-07-29T00:00:00Z,,historical_reconstruction
2021-07-29,0.5139096513,0.02781930268,0.3993855954,0.03095566699,0.02538813729,0.03880727146,0.2488068846,-0.0001972370033,-0.01104391179,4.739413538,0.03857970025,0.01085558582,-0.0001077738622,0.008992471982,0.5083876954,0.000301636826,0.03777825759,0,2021-07-30T00:00:00Z,,historical_reconstruction
2021-07-30,0.5145805086,0.02916101713,0.2324917316,0.03485224263,0.04907868271,0.05424062694,0.2601831322,-3.655846714e-05,-0.03081572148,4.654643536,0.002454759809,-0.01597146908,3.73640237e-05,0.0588482774,0.4991726478,-7.421881786e-05,-0.01477913035,0,2021-07-31T00:00:00Z,,historical_reconstruction
2021-07-31,0.513854243,0.02770848601,0.2122962723,0.03031450228,0.02971509473,0.02959780986,0.2640765674,-0.0002212520495,-0.02948931722,4.655205865,0.008712352842,0.01869226974,0.0001096547146,0.003829928791,0.4991095844,0.0003371642452,-0.001039255072,0,2021-08-01T00:00:00Z,,historical_reconstruction
2021-08-01,0.497502529,-0.004994942063,0.1196609453,-0.03765862108,-0.01065341184,-0.0121028218,0.2475576684,-0.0003834580876,-0.001867519482,4.924839195,0.03738674266,0.01704071629,-0.0004170880338,-0.0343622208,0.4965687692,0.0003837387669,0.008816382377,0,2021-08-02T00:00:00Z,,historical_reconstruction
2021-08-02,0.4805444436,-0.03891111271,0.3800130569,0.001871594045,-0.01005164426,0.006303559021,0.137181455,6.137487389e-05,0.02707286542,5.168810389,-0.005227877118,0.003042517234,7.005990412e-05,-0.0007665045427,0.4940808764,0.0003620822094,-0.04449265519,0,2021-08-03T00:00:00Z,,historical_reconstruction
2021-08-03,0.4788270529,-0.04234589424,0.2023048384,0.01388052645,0.004974725829,0.00799877869,0.1104998295,-0.0008648726206,0.01925780331,5.087187192,-0.01177092033,-0.008676109278,-0.0007656762681,0.005215897371,0.4884559545,-0.0002342980149,-0.04236777468,0,2021-08-04T00:00:00Z,,historical_reconstruction
2021-08-04,0.511534431,0.02306886205,0.1186435203,0.01108760993,0.01953550328,0.08738491745,0.159015626,8.074046345e-05,-0.0170473407,4.858339628,-0.001527698757,0.003132825708,-0.0001239259303,-0.0007292683645,0.5030107607,0.0004371227486,0.03674730516,0,2021-08-05T00:00:00Z,,historical_reconstruction
2021-08-05,0.5113214185,0.02264283702,0,0.01081977881,0.02605990875,0.07807387521,0.09593912254,-6.720929328e-05,-0.03428193706,4.902090236,0.03404957781,-0.008568606494,-0.0005551877459,0.004183107148,0.49418045,0.0001300277101,-0.005176465659,0,2021-08-06T00:00:00Z,,historical_reconstruction
2021-08-06,0.5020398357,0.004079671367,0.1421614391,-0.01282624652,0.01878256825,0.05675974959,0.1138579028,0.0002489988173,-0.0120967378,4.791667296,-0.00711661733,-0.02125880007,0.0005160584787,-0.001499026367,0.4959914668,0.0002855572844,-0.02508134576,0,2021-08-07T00:00:00Z,,historical_reconstruction
2021-08-07,0.5193719656,0.03874393119,0.2098819903,0.02774308943,0.02508619935,0.01766899377,0.1430193485,0.0009334527309,-0.04184729571,4.327666822,0.02050273894,-0.01614149807,0.0002924751245,0.01459388624,0.4984483177,0.00115470478,0.01103544518,0,2021-08-08T00:00:00Z,,historical_reconstruction
2021-08-08,0.5014686027,0.002937205432,0.322499775,0.009069345144,-0.006242638009,-0.02884587481,0.1290258506,0.000733768282,-0.02760433604,4.349221371,0.01920506835,-0.02223373866,0.0008858426239,0.001813332235,0.4876664347,0.00111722637,0.007932147495,0,2021-08-09T00:00:00Z,,historical_reconstruction
2021-08-09,0.4977644823,-0.004471035436,0.1413577689,0.004060055786,-0.001926344178,0.008651915964,0.1694662107,0.0009207345627,-0.01705288865,4.432475083,-0.03669560497,-0.03348434787,0.0007845283594,0.00592309223,0.489238038,0.0008593596888,0.03444007727,0,2021-08-10T00:00:00Z,,historical_reconstruction
2021-08-10,0.5079192882,0.01583857638,0,-0.0003722759424,0.006606772102,0.005984687653,0.1396187171,0.0007384631055,-0.04232290711,4.55810553,0.02717766515,-0.01225358397,0.000628777878,0.001961942363,0.4867578346,0.001603335726,0.05818447062,0,2021-08-11T00:00:00Z,,historical_reconstruction
2021-08-11,0.4967048466,-0.006590306732,0.256247715,-0.02743671646,-0.02610908934,-0.01676523384,0.1740414383,0.0003227337447,-0.01460307319,4.435364521,-0.03333731766,-0.01792904853,7.839721064e-05,-0.02017330775,0.48940331,0.0002419932812,-0.02965916878,0,2021-08-12T00:00:00Z,,historical_reconstruction
2021-08-12,0.4743219879,-0.05135602415,0.2003716663,-0.000852861679,0.005323731034,-0.01562545446,0.1056142098,0.0002560769019,0.02564918674,4.947098213,-0.01984814513,-0.01054478577,0.0005693722464,0.0006130019517,0.4871465813,0.0003232861951,-0.07399886118,0,2021-08-13T00:00:00Z,,historical_reconstruction
2021-08-13,,,,,,,,,,,,,,,,,,1,2021-08-14T00:00:00Z,,historical_reconstruction
2021-08-14,0.488081187,-0.02383762593,0,0.0001777734186,-0.002216847429,0.005645887008,0.114610164,0.0009653219579,-0.00751228443,4.750047225,-0.0215399034,-0.01584358713,0.0006417510609,0.0007386182311,0.4843250448,3.186922695e-05,-0.06258155711,0,2021-08-15T00:00:00Z,,historical_reconstruction
2021-08-15,0.4921654658,-0.01566906841,0.2834749795,0.03093018109,0.04754860658,0.04636865852,0.2302119141,0.001578426955,-0.00902480593,5.059355568,-0.01950671082,-0.007713570784,0.0008929387409,0.01372638347,0.4876530628,0.0008446586735,-0.01860627384,0,2021-08-16T00:00:00Z,,historical_reconstruction
2021-08-16,0.472037873,-0.05592425406,0.3020543664,-0.009603278523,-0.02398071865,-0.0436863844,0.1800683998,9.534312401e-05,0.01554299451,4.443196269,-0.04138265766,-0.01566720482,-0.0004479967255,-0.004158767778,0.4798093702,-0.0008253914387,-0.05145321862,0,2021-08-17T00:00:00Z,,historical_reconstruction
2021-08-17,0.4658381295,-0.0683237409,0,-0.03375126728,-0.04867917734,-0.07551009758,0.2739012906,0.0009695456417,0.03631727026,4.462467789,-0.02684374616,-0.002642386363,0.0007706461888,-0.01691542573,0.4839967647,0.0002310825362,-0.08416231728,0,2021-08-18T00:00:00Z,,historical_reconstruction
2021-08-18,0.4996558977,-0.000688204645,0,-0.005361620694,-0.03107764107,0.004900245012,0.1262389552,-9.95173409e-05,-0.01503658936,4.662555888,-0.05551667095,-0.01712344235,-0.0002963620544,-0.004361139402,0.492137603,-0.0004222510856,0.005902102087,0,2021-08-19T00:00:00Z,,historical_reconstruction
2021-08-19,0.5096954554,0.01939091079,0.2033081238,0.01160570468,0.03796378999,0.07087196769,0.1310780827,0.0008416768212,-0.03121791083,4.409936004,0.0006288939978,-0.01986996376,0.000598309646,0.001083707985,0.4940865,0.0005855999194,0.07074693495,0,2021-08-20T00:00:00Z,,historical_reconstruction
2021-08-20,0.5014457859,0.002891571857,0,0.009856245158,0.0004416194337,0.02511913567,0.1187585415,0.0005479752315,-0.01654807327,3.986923178,-0.04295604602,-0.03752880746,0.0003397537049,0.01311124604,0.4931717493,,,0,2021-08-21T00:00:00Z,,historical_reconstruction
2021-08-21,0.5023944421,0.004788884192,0.05723470326,0.001871070209,-0.01460922836,-0.007992244722,0.0994245717,0.0009213787797,-0.04017773744,4.367044064,0.01538764231,-0.03339447745,0.000380227857,-0.003201597103,0.4823055734,-4.394317811e-05,0.02862651012,0,2021-08-22T00:00:00Z,,historical_reconstruction
2021-08-22,0.4926098772,-0.01478024566,0.2159986161,0.01976222345,0.01774612295,-0.005439673681,0.2016518018,0.001016059296,-0.01093836207,4.366147519,-0.01934344933,-0.01870461786,0.0003243342848,0.01215634651,0.4871406961,-0.0005623676596,0.0008888227493,0,2021-08-23T00:00:00Z,,historical_reconstruction
2021-08-23,0.5113649925,0.02272998499,0,0.00352003094,-0.001410114944,-0.006491214425,0.1016177974,0.0005208835148,-0.03171052116,4.042592155,0.02314504367,0.001630881937,-0.0001875588919,0.005053613921,0.4955097319,0.0004255403908,0.07865423905,0,2021-08-24T00:00:00Z,,historical_reconstruction
2021-08-24,0.4739791777,-0.05204164456,0.2517747815,-0.01455500474,-0.01274155078,-0.0458590254,0.1117127431,0.001059729643,0.01429095357,4.666502389,-0.02055430798,-0.01000130623,0.0001084775874,-0.01179834671,0.4811246545,9.018400109e-05,0.01628209634,0,2021-08-25T00:00:00Z,,historical_reconstruction
2021-08-25,0.4915505708,-0.0168988584,0.339170689,0.003851310783,0.003015072253,0.02776707255,0.09249370495,0.0003191947615,-0.01590853649,4.974336091,0.006371399889,-0.03373488925,-7.550994712e-05,0.006601766459,0.4835963026,0.0004187121024,-0.01621065375,0,2021-08-26T00:00:00Z,,historical_reconstruction
2021-08-26,0.4763585688,-0.04728286243,0.2284985582,-0.005094820266,-0.003723315168,0.00182992988,0.09161911749,0.0001842751843,0.01214324442,5.336436983,-0.007057417566,-0.003629164232,-1.190843591e-05,-0.001925034655,0.482430191,-0.000657401637,-0.06667377323,0,2021-08-27T00:00:00Z,,historical_reconstruction
2021-08-27,0.5131088892,0.02621777834,0.4061334738,0.01271207415,0.01064847976,0.03739232949,0.1668058168,0.0001405245231,-0.006784767399,4.93096264,-0.00689927296,0.002594064331,-0.0001464130904,0.01607291058,0.5097165055,-0.0004074507085,0.02332620649,0,2021-08-28T00:00:00Z,,historical_reconstruction
2021-08-28,0.4914488517,-0.01710229665,0,0.004408341176,-0.0005852672823,0.006902030885,0.09332731922,0.0008660863991,-0.02233458247,4.289751274,-0.05883769921,-0.0266089006,0.0001167308877,0.005003089291,0.4802815604,-5.529238069e-05,-0.02189118084,0,2021-08-29T00:00:00Z,,historical_reconstruction
2021-08-29,0.5016038064,0.003207612867,0.1342710158,0.00100303083,0.01144653733,0.01308680853,0.1570355956,0.0006204493915,-0.02578400575,4.89055154,0.01294111481,-0.00892519945,5.491264319e-05,-0.0006444767218,0.4887118036,-0.0003956099044,0.01798785852,0,2021-08-30T00:00:00Z,,historical_reconstruction
2021-08-30,0.5076798878,0.01535977555,0,-0.03338052239,0.003660818059,0.01322674966,0.2277910862,0.0002446093063,-0.03808275923,4.049917342,0.04015209524,0.01122323372,-0.0006448630572,-0.03367092424,0.4886385082,-0.0002762742085,-0.007370209439,0,2021-08-31T00:00:00Z,,historical_reconstruction
2021-08-31,0.499604155,-0.0007916900713,0.6410664172,0.004361056846,0.01250723388,-0.0002040875827,0.1057506036,0.0003761810335,-0.006425927046,4.178075374,-0.005114153763,-0.002699096901,-0.0006732683506,-0.004209513742,0.4963911914,-0.0006835486093,0.05124995449,0,2021-09-01T00:00:00Z,,historical_reconstruction
2021-09-01,0.5268106719,0.05362134377,0.2294127068,0.03062670006,0.06877695109,0.08382093881,0.1358290432,0.001207268698,-0.03376786287,3.95562294,0.04738236631,0.01488810753,0.0005430676203,0.01377586467,0.5099267404,0.0008880739368,0.07052020217,0,2021-09-02T00:00:00Z,,historical_reconstruction
2021-09-02,0.4864061806,-0.02718763876,0.06910036906,0.0005074129866,0.007856114112,0.006701022704,0.1146589069,0.0008267693657,-0.01358108519,3.809347259,-0.06957804463,-0.03264879394,-0.0002392932124,-0.001893390482,0.479615638,0.0006424941814,0.02009522367,0,2021-09-03T00:00:00Z,,historical_reconstruction
2021-09-03,0.5107475745,0.0214951491,0.07625967564,-0.001452898698,-0.007700312699,-0.003892753257,0.1087032827,0.001188387323,-0.03492232523,4.037825042,0.01712103045,-0.01509366624,0.0006295777113,-0.01047646378,0.4932864119,0.0010478628,-0.004722629248,0,2021-09-04T00:00:00Z,,historical_reconstruction
2021-09-04,0.4835428006,-0.03291439888,0,0.007026210278,-0.008219066192,-0.0003370355791,0.1091212466,0.001078362742,-0.008288288241,4.145062181,0.001164207525,-0.03197605966,0.0005755143358,-0.001184396225,0.4793986564,0.0002122763426,-0.01581210223,0,2021-09-05T00:00:00Z,,historical_reconstruction
2021-09-05,0.5118725669,0.02374513384,0.200828441,0.005536407928,0.01090158124,0.00655614897,0.218808164,0.0005746413554,-0.05672020933,4.056545757,-0.04031255559,-0.05797254017,-0.0002501765238,0.02115673886,0.4835124623,-4.580803605e-05,0.02053752097,0,2021-09-06T00:00:00Z,,historical_reconstruction
2021-09-06,0.5009445926,0.001889185239,0.2281519096,-0.002801056427,0.0004560532793,0.005577479072,0.1350254182,0.0005678967701,-0.05214774674,3.702439831,0.001890823327,-0.07183405302,0.0001868008012,0.01834076503,0.4748707193,0.0003232874638,-0.01347059031,0,2021-09-07T00:00:00Z,,historical_reconstruction
2021-09-07,0.4712778117,-0.05744437666,0.4129343292,0.006644391688,-0.005593692909,-0.0839216795,0.09404103493,0.000125197623,-0.0002503774979,4.126443342,-0.0008883069212,-0.01082583464,0.000111114237,0.003686960261,0.4711526229,-0.0002509834105,-0.05665268659,0,2021-09-08T00:00:00Z,,historical_reconstruction
2021-09-08,0.4945565546,-0.01088689088,0.1648505982,-0.006854661312,0.02326696769,0.02722634209,0.1292332323,-0.0002886539011,0.009973510503,3.81967703,0.01161409127,0.01318309351,-0.0005922481047,-0.008355530403,0.4995433098,-0.001495922599,-0.06450823465,0,2021-09-09T00:00:00Z,,historical_reconstruction
2021-09-09,0.4993617632,-0.001276473601,0,-0.0111875231,-0.02804674552,-0.01582471264,0.09956210765,0.0004350453878,-0.01196464445,3.151771043,0.04374043531,0.0008971564019,3.112377014e-05,-0.003694875363,0.493379441,-0.0003917239779,0.02591116516,0,2021-09-10T00:00:00Z,,historical_reconstruction
2021-09-10,0.4942413077,-0.0115173846,0,-0.0309218573,-0.02732343134,-0.05660887691,0.2114614999,0.0003054044115,-0.01670105443,3.637316386,-0.004958055239,-0.002942879844,8.422718236e-05,-0.01749997481,0.4858907805,-0.0008829829113,-0.0330125337,0,2021-09-11T00:00:00Z,,historical_reconstruction
2021-09-11,0.5017826494,0.003565298868,0.09082719288,-0.009441084178,-0.0132256116,-0.007873944017,0.1197785112,6.121430823e-06,-0.009106705151,3.419139504,0.03118441822,-0.01404759243,-0.0004386064628,-0.004119877682,0.4972292969,-0.001072241311,0.03647969775,0,2021-09-12T00:00:00Z,,historical_reconstruction
2021-09-12,0.4976456326,-0.004708734811,0.3123117583,-0.0006986458599,-0.003611830648,-0.00984278879,0.2162509165,0.0002937539106,-0.004645976155,3.716169335,0.01434455454,-0.02282262239,-0.0001731638067,0.002665846384,0.4953226445,-0.0002808874448,-0.02845386865,0,2021-09-13T00:00:00Z,,historical_reconstruction
2021-09-13,0.4817922374,-0.03641552515,0.01808820673,0.009727387282,0.02582877198,0.01049138175,0.09741946835,-0.0002861186784,0.01121493997,4.101560115,-0.01611496627,-0.00811653565,-0.001070040079,0.004449320834,0.4873997074,-0.0008540154485,-0.03830471039,0,2021-09-14T00:00:00Z,,historical_reconstruction
2021-09-14,0.501087714,0.002175428052,0.07326991164,0.02515141294,0.01352200794,0.0313516338,0.1739820236,0.0003057329292,0.01063525152,4.106972282,0.01276600487,-0.005505988732,0.0008223793885,0.01369836486,0.5064053398,0.0001805353062,0.05961980471,0,2021-09-15T00:00:00Z,,historical_reconstruction
2021-09-15,0.5042230105,0.008446020959,0.3538877189,0.02237393442,0.03301248974,0.05931309033,0.1703587288,0.0003237813231,-0.003661162681,3.855278975,0.0408232149,-0.02048100995,0.0006415193112,0.000956205497,0.5023924291,0.0006124352242,0.01933291184,0,2021-09-16T00:00:00Z,,historical_reconstruction
2021-09-16,0.4945431156,-0.01091376871,0.09100426722,0.001425804822,-0.01384984895,-0.01417681368,0.1557747482,0.0006950711607,-0.01002227541,4.016576387,0.01138155783,-0.01797672905,0.0005331450401,0.006489985241,0.4895319779,0.0002600257729,-0.009637295105,0,2021-09-17T00:00:00Z,,historical_reconstruction
2021-09-17,0.4904438483,-0.01911230338,0,-0.007047436579,-0.01483338163,-0.014270679,0.1281903808,0.0003470782191,-0.02335380379,4.176999999,0.01753442104,-0.03115899539,0.0002809048296,-0.004246165609,0.4787669464,4.167380754e-05,-0.007594918777,0,2021-09-18T00:00:00Z,,historical_reconstruction
2021-09-18,0.491394245,-0.01721150993,0.08486247635,-0.002748823695,-0.01121849296,-0.01740878762,0.1885922664,-8.440930947e-05,-0.01169840069,4.422400815,-0.002119525444,-0.03278724551,7.275717145e-05,0.000554013177,0.4855450447,-9.05307403e-05,-0.0207768088,0,2021-09-19T00:00:00Z,,historical_reconstruction
2021-09-19,0.4834625694,-0.03307486129,0.1572702722,-0.002792141261,-0.01032307171,0.0007305656021,0.1880682376,3.004248007e-05,-0.006818365826,4.507436701,0.00571365033,-0.009439797282,-0.0002908601114,-0.002848867545,0.4800533864,-0.0002637114305,-0.02836612648,0,2021-09-20T00:00:00Z,,historical_reconstruction
2021-09-20,0.4773169214,-0.04536615724,0.129831118,-0.03100051098,-0.03571440139,-0.02133981987,0.1125702555,0.0003560296647,0.001518742054,4.247018628,0.02895071482,-0.01076050646,0.0001007735507,-0.01903386662,0.4780762924,0.000642148343,-0.00895063209,0,2021-09-21T00:00:00Z,,historical_reconstruction
2021-09-21,0.4829107148,-0.03417857035,0,-0.04186368754,-0.08874363316,-0.09681948798,0.3179288987,-0.0001518493076,0.01291818967,4.41857494,0.04363598537,-0.007073091831,5.141879169e-05,-0.03038337038,0.4893698097,-0.0004575822368,-0.0363539984,0,2021-09-22T00:00:00Z,,historical_reconstruction
2021-09-22,0.526377293,0.0527545861,0.197886634,0.01759085633,0.02330345711,0.06289077883,0.1042001632,-9.75000975e-05,-0.02992677741,3.948328408,0.04735118596,-0.002146801769,0.000444714937,0.003657491207,0.5114139043,-0.0004212814206,0.04430856514,0,2021-09-23T00:00:00Z,,historical_reconstruction
2021-09-23,0.5018171459,0.00363429187,0.1885358499,0.001645844719,0.01944133645,0.03012439916,0.1044726922,-0.0005709754163,-0.005527017015,4.229194313,-0.00269843077,-0.01309841043,0.0002530474468,0.002182383851,0.4990536374,-0.001266046577,0.01454806058,0,2021-09-24T00:00:00Z,,historical_reconstruction
2021-09-24,0.4797615636,-0.04047687273,0.4034308309,0.009218479692,0.01788271442,0.03555907594,0.08056321111,-0.0007375714095,0.03407574441,4.00107268,-0.03833705999,-0.01502707194,-0.0004553981052,0.01036405899,0.4967994358,-0.001084649629,-0.02136456935,0,2021-09-25T00:00:00Z,,historical_reconstruction
2021-09-25,0.4988350994,-0.00232980118,0,0.001700511182,-8.555842271e-05,0.002959036906,0.09051592586,-0.0002224709333,0.004623230243,4.537255645,0.01191347955,-0.001989534235,0.0002242062199,0.0001099237214,0.5011467145,-0.0001380616238,0.01488170875,0,2021-09-26T00:00:00Z,,historical_reconstruction
2021-09-26,0.4926072285,-0.01478554295,0.4864088404,0.000555978899,0.001968323421,0.02849103415,0.130350008,-0.0005687445454,0.02711318264,3.920854424,-0.008099525163,-0.01849335241,-0.0003162011555,-0.002182852884,0.5061638198,-0.0005987870255,0.01828931834,0,2021-09-27T00:00:00Z,,historical_reconstruction
2021-09-27,0.4900494748,-0.01990105036,0.4790425425,-0.02256827278,-0.04376546418,-0.05410709551,0.153324291,-0.0006802046767,0.001789537332,3.968927201,0.008868676728,-0.008335896811,-9.511451085e-05,-0.02009842876,0.4909442435,-0.001036234341,0.02546510688,0,2021-09-28T00:00:00Z,,historical_reconstruction
2021-09-28,0.4900348702,-0.01993025953,0,-0.01207734573,-0.01388342005,-0.04164944086,0.1298626091,-0.0005026899259,0.01088170537,4.629954488,0.02504656208,-0.009730664347,-9.838225493e-06,-0.01382776707,0.4954757229,-0.0003508406182,0.01424831082,0,2021-09-29T00:00:00Z,,historical_reconstruction
2021-09-29,,,,,,,,,,,,,,,,,,1,2021-09-30T00:00:00Z,,historical_reconstruction
2021-09-30,0.5032494218,0.006498843692,0.0801845987,0.002800586853,0.005003901972,0.01257019059,0.1082156347,-0.0003865880604,0.0007629795617,4.254069035,-0.0004271048623,-0.01874053223,0.0002416051027,0.006702606247,0.5036309116,0.0001843873559,0.002864551822,0,2021-10-01T00:00:00Z,,historical_reconstruction
2021-10-01,0.5187720053,0.03754401065,0.2223961369,0.003720842785,0.02293475909,0.02300431466,0.1028878024,-0.0004018236145,-0.002289423083,3.71208655,0.006749068503,-0.02000374713,-3.478146535e-05,0.002323964673,0.5176272938,0.000335747795,0.07802088338,0,2021-10-02T00:00:00Z,,historical_reconstruction
2021-10-02,0.5101254618,0.02025092353,0.01700047863,-0.02295694707,0.000357295773,0.02767143733,0.1758403408,-0.000150541951,-0.01599492055,3.754976547,0.02508255392,0.0002111703504,2.34901137e-05,-0.01254353234,0.5021280015,7.192898229e-05,0.02258072471,0,2021-10-03T00:00:00Z,,historical_reconstruction
2021-10-03,0.5080660301,0.01613206019,0.1279476098,-0.01434191022,0.003812321022,0.001121884062,0.1815050411,0.0001521477706,-0.02657670539,3.6451664,0.01470119866,-0.03218466652,0.0004158406619,-0.01178375865,0.4947776774,0.000720892316,0.03091760314,0,2021-10-04T00:00:00Z,,historical_reconstruction
2021-10-04,0.4839170184,-0.03216596325,0.01910499549,-0.00863340945,0.0192176881,0.0220076719,0.1192731912,-5.610827125e-05,0.02088010674,4.041049345,-0.0171120354,-0.02079975235,0.0004867060014,-0.003140137708,0.4943570717,0.0006240964054,-0.01226491289,0,2021-10-05T00:00:00Z,,historical_reconstruction
2021-10-05,0.5049914223,0.009982844501,0,0.00708486366,0.02825660271,0.02039175389,0.1962872323,0.0006742014127,-0.01353211465,3.749823192,-0.01445849551,-0.04240942197,0.001001952487,0.005506532414,0.4982253649,0.001176891339,0.02991310403,0,2021-10-06T00:00:00Z,,historical_reconstruction
2021-10-06,0.5016936355,0.003387271044,0.09232929085,-0.003539980879,-0.01055075962,0.05727814221,0.1100327277,0.0005482686181,-0.02133356748,3.44764948,-0.01542942251,-0.05790934852,0.000428951977,0.004813988159,0.4910268518,,,0,2021-10-07T00:00:00Z,,historical_reconstruction
2021-10-07,0.5002478787,0.0004957574204,0.01647306328,-0.005133139951,0.000744811426,0.003249577024,0.132953454,0.0006634201819,-0.02669441217,3.724692807,0.0358577507,-0.01495251209,0.0001099223994,-0.003289861988,0.4869006726,0.001050008242,-0.006003086272,0,2021-10-08T00:00:00Z,,historical_reconstruction
2021-10-08,0.4945740754,-0.01085184918,0.2798650337,-0.01713536997,-0.01596818514,-0.01320752627,0.1477702665,0.0001908434438,-0.02928867411,3.723752573,0.00758038565,-0.01442763715,-0.0002460309819,-0.01344116498,0.4799297384,0.0005926670584,-0.04839585983,0,2021-10-09T00:00:00Z,,historical_reconstruction
2021-10-09,0.5029461884,0.005892376796,0,-0.002154895689,-0.007201277512,-0.006144145547,0.1765448263,0.0008336084055,-0.02529823045,2.509239573,0.002181170537,-0.008489154543,0.0006325154791,0.005359076024,0.4902970732,0.0009841503565,-0.01435854674,0,2021-10-10T00:00:00Z,,historical_reconstruction
2021-10-10,0.4886675383,-0.02266492347,0.4003451402,-0.03233010892,-0.04031863641,-0.04183762243,0.2121888339,0.0002313852066,-0.02739300217,2.614815238,-0.02365724874,-0.03231265221,-0.0005187199911,-0.01426954793,0.4749710372,7.923743598e-05,-0.03879698365,0,2021-10-11T00:00:00Z,,historical_reconstruction
2021-10-11,0.4897293767,-0.02054124655,0.1041572114,0.007715504979,-0.01431998175,-0.004664598507,0.1376079634,0.0002766704685,0.001495570492,3.801320356,-0.03556060233,-0.02645794175,-0.0002220127884,-0.0002953642939,0.490477162,0.0003327787398,0.0116247167,0,2021-10-12T00:00:00Z,,historical_reconstruction
2021-10-12,0.4926997794,-0.01460044114,0.1718481405,0.007441562526,-0.00386873684,0.009985709905,0.120708236,0.000415299044,-0.001053988317,4.855954867,0.006293756983,0.01472369819,0.0001490344469,0.01205770202,0.4921727853,-0.0002589023687,-0.02458328564,0,2021-10-13T00:00:00Z,,historical_reconstruction
2021-10-13,0.5129139338,0.02582786762,0.4376483623,0.02447433291,0.03497029146,0.04000092254,0.2152908907,0.0007290528965,-0.04499883292,4.152458967,0.02252465035,-0.01893481881,0.0002645001049,0.001872693516,0.4904145173,0.0001807842785,0.02244059657,0,2021-10-14T00:00:00Z,,historical_reconstruction
2021-10-14,0.5225275243,0.04505504866,0.5019934591,-0.0002505426226,-0.0046187254,0.01474406677,0.08199180042,0.0008889897173,-0.04615099982,3.606016693,0.02556963247,8.820277131e-06,0.0003615078234,-0.008389139024,0.4994520244,0.0002255695354,0.04455929124,0,2021-10-15T00:00:00Z,,historical_reconstruction
2021-10-15,0.5041721048,0.008344209624,0.2317075729,0.005217061454,0.02054818007,0.02390800947,0.1508924283,0.0009614912419,-0.04055101385,3.629474415,-0.05588756468,-0.04619640151,0.0004765094624,0.003679471174,0.4838965979,0.0007706477981,0.0191960588,0,2021-10-16T00:00:00Z,,historical_reconstruction
2021-10-16,0.5008395976,0.001679195105,0.4081701899,-0.002370371914,-0.01987900625,-0.03204397548,0.1028414939,0.000872071771,-0.04861917664,3.744505649,0.02666391569,-0.01243667708,5.0888495e-05,0.0006777422094,0.4765300092,3.846336553e-05,-0.004213181691,0,2021-10-17T00:00:00Z,,historical_reconstruction
2021-10-17,0.4841605521,-0.03167889579,0,0.02137076647,0.01547960646,-0.003096817664,0.3374714004,0.001081404266,-0.02000609435,4.368411618,-0.01875637897,-0.02688864829,0.0003805888853,0.0166698392,0.4741575049,0.0008500190593,-0.009013972326,0,2021-10-18T00:00:00Z,,historical_reconstruction
2021-10-18,0.4876580124,-0.0246839751,0.1281799571,-0.0007391140771,-0.004264823185,-0.0001975598686,0.08270903297,0.0008945355892,-0.02490972914,4.40449588,-0.02337084792,-0.01241642075,0.0004417042321,0.009362795973,0.4752031479,0.0006178651206,-0.004142728553,0,2021-10-19T00:00:00Z,,historical_reconstruction
2021-10-19,0.5110182807,0.02203656133,0.5077632562,0.01586806656,0.02703053518,0.02077069302,0.1786183658,0.001147785805,-0.05726125905,5.187609962,-0.001241749751,-0.01875595871,0.0005860299158,0.001714337006,0.4823876511,0.0007324867612,0.03663700247,0,2021-10-20T00:00:00Z,,historical_reconstruction
2021-10-20,0.5202845404,0.04056908071,0,0.01468447401,0.01963979417,0.0777361364,0.1351857105,0.000718551362,-0.06625976525,4.246885612,-0.03389947038,-0.03251737718,-0.0002333979979,-0.00596693254,0.4871546577,-1.050153453e-05,0.01474121309,0,2021-10-21T00:00:00Z,,historical_reconstruction
2021-10-21,0.5073769809,0.01475396188,0.4151009023,-0.006744255007,-0.009048899756,-0.03772424665,0.06137217847,0.001053543187,-0.05533525199,4.770607979,0.07998803897,0.003930036426,-2.664008114e-05,-0.009687974361,0.4797093549,0.0001645534694,-0.03030108678,0,2021-10-22T00:00:00Z,,historical_reconstruction
2021-10-22,0.4798126066,-0.04037478679,0.1700125133,-0.002829191634,0.001429461015,-0.03711011832,0.0908017009,0.0008458788581,-0.008887166359,4.563464364,-0.0169144604,-0.01352946849,8.708250516e-05,-0.005644350382,0.4753690234,-0.0001156123838,-0.04871899641,0,2021-10-23T00:00:00Z,,historical_reconstruction
2021-10-23,0.5157090873,0.03141817464,0.3360844402,0.02035009709,0.01970092571,0.03165942108,0.1492729877,0.000811111751,-0.04701982071,4.575447985,0.06433902419,0.00583407949,0.0001852015829,0.004568743585,0.492199177,-6.096001994e-05,0.02973897953,0,2021-10-24T00:00:00Z,,historical_reconstruction
2021-10-24,0.4964795412,-0.007040917655,0.145282871,0.009722929889,0.02055443475,0.01393866689,0.1542849048,0.0005585045795,-0.03831685659,4.293736765,-0.01159620662,-0.02977747503,-0.0002730180831,0.003448537995,0.4773211129,-0.0005228996863,0.02463797814,0,2021-10-25T00:00:00Z,,historical_reconstruction
2021-10-25,0.4989210585,-0.002157883026,0.2101184806,0.008576931901,0.002436990957,0.02277287708,0.1214443093,0.0008932866076,-0.02358820971,4.000740514,-0.0103684387,-0.03408861303,0.0001282115697,0.006233728943,0.4871269536,-1.248981593e-06,0.02252609208,0,2021-10-26T00:00:00Z,,historical_reconstruction
2021-10-26,0.4969012278,-0.006197544478,0,-0.01903045585,-0.013401343,-0.01955656596,0.3396814932,0.0004526179227,-0.03337952704,4.019803962,0.06281717294,0.009721975636,-4.366237853e-05,-0.02695483436,0.4802114642,-0.0006951678824,-0.02823410581,0,2021-10-27T00:00:00Z,,historical_reconstruction
2021-10-27,0.4869275221,-0.02614495584,0,-0.01912236211,-0.01794098131,-0.0175572194,0.09429171419,0.0004003059663,-0.009154248877,3.744583126,0.008374034497,0.005442672025,-0.0002146210094,-0.01098619407,0.4823503976,-0.0003182453957,-0.06671403655,0,2021-10-28T00:00:00Z,,historical_reconstruction
2021-10-28,0.5296271609,0.0592543217,0.395623133,0.006334760885,0.03247486877,0.03229085129,0.1524195354,0.0006859510688,-0.06298890071,3.567220766,0.06114641409,0.005429597799,-7.573811148e-05,-0.01163310728,0.4981327105,-0.0003675921178,0.04450035982,0,2021-10-29T00:00:00Z,,historical_reconstruction
2021-10-29,0.5362820983,0.07256419669,0.2881068602,0.003390130701,-0.004927073458,0.0227657255,0.07389810501,0.0005974351025,-0.08967109328,3.332258023,0.05979293554,-0.001030741959,-0.0002781753631,-0.004659037293,0.4914465517,-0.0002484437556,0.1129389835,0,2021-10-30T00:00:00Z,,historical_reconstruction
2021-10-30,0.4849579194,-0.03008416119,0.2477389719,-0.003216783539,0.009396512269,-0.002462298222,0.1605705298,0.0004950632478,-0.007110398608,3.368952007,-0.02021654917,-0.0127601617,-8.690363537e-05,0.002079187648,0.4814027201,-0.0003160485032,-0.06150233583,0,2021-10-31T00:00:00Z,,historical_reconstruction
2021-10-31,0.501772981,0.00354596206,0.308673345,0.009275367778,0.01728854984,0.01889388765,0.1097021983,0.0003848656819,-0.02792910939,3.171599057,0.01759042395,-0.002351350017,-0.0004113848769,0.01004861596,0.4878084263,-0.0001736388976,0.01058687972,0,2021-11-01T00:00:00Z,,historical_reconstruction
2021-11-01,0.4992744902,-0.001451019542,0,-0.0102766092,-0.007020738074,0.001026651217,0.1056016227,0.0007616745728,-0.02118187713,3.690630185,0.007290942941,0.01663400772,0.0002402590215,-0.008543203599,0.4886835517,-0.0001316120348,0.0007068634837,0,2021-11-02T00:00:00Z,,historical_reconstruction
2021-11-02,0.5242993691,0.0485987382,0.1553712743,0.01794193378,0.01739138145,0.04011684033,0.1919472397,0.0008693018787,-0.0476586693,3.156107495,0.01983674531,-0.004268528083,0.000130611474,-0.00560053668,0.5004700344,0.000416683956,0.05479628267,0,2021-11-03T00:00:00Z,,historical_reconstruction
2021-11-03,0.4943121857,-0.01137562868,0.06863987814,-0.004351709863,0.01268899854,0.005708705284,0.1122485405,0.0007038352504,0.003887881199,3.290024316,0.03460988763,0.02981057388,-9.064482224e-05,0.001536465213,0.4962561263,0.0003035292841,0.01476932716,0,2021-11-04T00:00:00Z,,historical_reconstruction
2021-11-04,0.4911357046,-0.01772859082,0,0.009463609981,0.01160405595,0.005107234177,0.1002873446,0.0006729445405,-0.02242476819,3.264222112,-0.01113076248,0.006092852067,7.273289468e-05,0.002378474997,0.4799233205,-1.300652828e-05,-0.07698291252,0,2021-11-05T00:00:00Z,,historical_reconstruction
2021-11-05,0.4978060958,-0.004387808323,0,-0.004618464961,0.0027341754,0.0001475328484,0.163948206,0.0006816800172,-0.0264424761,3.168936998,-0.002440061819,-0.005557522687,-0.0004486654931,-0.002513803658,0.4845848578,8.424491468e-05,-0.07695200501,0,2021-11-06T00:00:00Z,,historical_reconstruction
2021-11-06,0.5035999198,0.00719983962,0.2160616366,0.005398621193,0.02715200622,0.03397848281,0.1319065645,0.0007525453741,-0.04889107152,3.297361207,0.02915946246,-0.008956607213,9.06030247e-05,0.004825468272,0.479154384,0.0002574821263,0.03728400081,0,2021-11-07T00:00:00Z,,historical_reconstruction
2021-11-07,0.5098521314,0.01970426272,0.3382872382,0.002005057176,0.001857064665,0.004276118834,0.1267002709,0.0008476799369,-0.02828872991,3.420584855,-0.0440034384,-0.02279034628,0.0001710943346,0.01618904316,0.4957077664,0.000462814255,0.01615830066,0,2021-11-08T00:00:00Z,,historical_reconstruction
2021-11-08,0.5173659346,0.0347318692,0.6142924139,0.01178030303,0.009278346187,0.01647981091,0.1517616486,0.001314481341,-0.04515830066,3.108531957,-0.02649399945,-0.01537636316,0.0001130151766,0.02568268768,0.4947867843,0.0005528067686,0.03618288874,0,2021-11-09T00:00:00Z,,historical_reconstruction
2021-11-09,0.4754045573,-0.0491908853,0,-0.003850023786,-0.0122417543,-0.008855173512,0.1241689459,0.0005599778545,0.03206534299,3.703148136,-0.04546546512,0.007690292042,-0.0003708985944,0.00220732839,0.4914372288,-0.0003093240242,-0.0977896235,0,2021-11-10T00:00:00Z,,historical_reconstruction
2021-11-10,0.4879017739,-0.02419645212,0,-0.01633568157,-0.04500984126,-0.02133129796,0.4224213536,0.0007410159913,-0.009189473786,3.347246292,0.01246889669,0.002907003204,0.0001599650041,-0.02653449357,0.483307037,3.718074084e-05,-0.01282082344,0,2021-11-11T00:00:00Z,,historical_reconstruction
2021-11-11,0.5197775453,0.03955509051,0,-0.00840095987,-0.0001737354391,-0.0006247418969,0.09919147777,0.0004640813732,-0.05868162145,3.773830765,0.04111020055,0.02151810654,-0.000416515333,-0.005309122437,0.4904367345,-0.0002088631674,0.05728368133,0,2021-11-12T00:00:00Z,,historical_reconstruction
2021-11-12,0.5070452534,0.01409050681,0.5032042464,0.002417166393,0.02064943219,0.01404305726,0.07848381866,0.0001136008025,-0.04666114124,3.616965342,0.06841653432,-0.002582491016,-0.0004142972447,0.004342235101,0.4837146828,-0.0005680792147,0.01847831513,0,2021-11-13T00:00:00Z,,historical_reconstruction
2021-11-13,0.5366068097,0.07321361934,0.2848317484,6.890670893e-05,-0.007683366665,0.007589004838,0.1020962946,3.014460799e-05,-0.09728434854,3.682908003,0.08718200827,-0.003583778742,-0.0006998957772,0.00685546901,0.4879646354,-0.0007224007661,0.06601377972,0,2021-11-14T00:00:00Z,,historical_reconstruction
2021-11-14,0.5000145294,2.905880407e-05,0.3733068878,0.01793179318,0.009291194635,0.003048278135,0.1708595137,0.0006354695774,-0.01666876031,3.864940376,0.01715002853,0.001391501001,-0.0001168301336,0.02102400203,0.4916801492,-0.0002122103594,-0.01967520391,0,2021-11-15T00:00:00Z,,historical_reconstruction
2021-11-15,0.5163830643,0.03276612852,0,-0.007882540152,-0.01813652089,-0.03371162397,0.117348601,0.0007077466486,-0.06316864171,3.598084076,0.01909834422,0.01173031272,-4.29599589e-05,-0.01025691537,0.4847987434,-0.0006067346928,-0.001965740683,0,2021-11-16T00:00:00Z,,historical_reconstruction
2021-11-16,0.4820312966,-0.03593740683,0.07761126689,-0.01295656292,-0.01774689558,-0.01926177186,0.09184890559,-8.076469918e-05,-0.01707521682,3.717079817,0.02485334848,0.001549702564,-0.0008659942581,-0.002418425077,0.4734936882,-0.0006407425536,0.01325347847,0,2021-11-17T00:00:00Z,,historical_reconstruction
2021-11-17,0.4869768263,-0.02604634731,0.1646790738,0.01067051971,0.02707454542,0.008324710752,0.1079677262,4.431176827e-05,0.008142257791,3.930637415,-0.0004931611002,-0.002033034407,-0.0003217508316,0.002198713622,0.4910479552,-0.000696704223,-0.001849895185,0,2021-11-18T00:00:00Z,,historical_reconstruction
2021-11-18,0.4706197782,-0.05876044357,0,-0.01685192883,-0.01838517005,-0.04600622964,0.132597991,0.0002051589982,0.0224303356,3.953562398,-0.01639401049,0.006796016105,-0.0003121403861,-0.01789083,0.481834946,-0.0002589223749,-0.09831553408,0,2021-11-19T00:00:00Z,,historical_reconstruction
2021-11-19,0.5257678261,0.05153565213,0.2389096547,0.0009648955163,0.0185072758,0.03707853502,0.1047425592,-0.0003073512839,-0.04637125921,3.599387657,0.1021699201,0.0261353581,-0.0006048419578,0.0003305012694,0.5025821965,-0.0004209520864,0.03744514532,0,2021-11-20T00:00:00Z,,historical_reconstruction
2021-11-20,0.5059352717,0.01187054335,0.3263640786,0.003135245249,0.04726267194,0.02184893801,0.1439724994,8.612542128e-05,-0.007063694648,3.126598763,0.02500327937,0.01115344543,-6.092475717e-05,0.004668850972,0.5024034244,5.598081329e-05,-0.06134307599,0,2021-11-21T00:00:00Z,,historical_reconstruction
2021-11-21,0.4817063493,-0.03658730146,0,-0.02017491987,-0.02475718038,-0.01417055599,0.222787051,0.0002160481506,0.004534415819,2.928949636,0.02617704404,-0.01793494154,-0.0004555424906,-0.0116683852,0.4839735572,-0.0004194214269,-0.03661636027,0,2021-11-22T00:00:00Z,,historical_reconstruction
2021-11-22,0.4872220305,-0.02555593907,0.1148512569,0.004854619635,-0.03555217758,-0.02060202497,0.1507839661,0.0001468439563,0.005652585564,3.648164511,0.01395235688,0.01183985854,-0.0002288193214,0.004538778391,0.4900483232,-0.0005609026923,-0.05832206758,0,2021-11-23T00:00:00Z,,historical_reconstruction
2021-11-23,0.5116134459,0.02322689183,0.03886750894,-0.00376734736,0.0162146972,0.04937283418,0.1068284732,0.0004424534041,-0.02240864794,3.243652559,0.01295896773,0.008394879679,-0.0001303528617,-0.004100853938,0.5004091219,0.0005232181033,0.05916429866,0,2021-11-24T00:00:00Z,,historical_reconstruction
2021-11-24,0.4993478068,-0.00130438639,0.03777312663,0.01361823362,0.004000141098,-0.005339819397,0.1027966384,0.0004520583881,-0.0149245301,3.043025054,0.007601294852,-0.004162692728,-1.680408569e-05,0.005510942078,0.4918855418,0.0004077466199,0.02474196091,0,2021-11-25T00:00:00Z,,historical_reconstruction
2021-11-25,0.5198766941,0.03975338826,0.2372194819,0.00506435957,0.01099281669,0.03133540139,0.106164279,0.0006652154215,-0.03914076117,2.800547351,0.03796693256,0.01079774541,0.0001928641672,0.001809907391,0.5003063135,0.0004600564233,0.09851383183,0,2021-11-26T00:00:00Z,,historical_reconstruction
2021-11-26,0.4841262161,-0.03174756771,0.2435981665,-0.01022302556,-0.005598001944,0.01412324463,0.0712446571,-0.0001336236761,-0.01086702442,3.673937902,0.01905706998,0.009463600858,-0.0006756277847,-0.01104869662,0.4786927039,0.0001737276078,-0.08328321984,0,2021-11-27T00:00:00Z,,historical_reconstruction
2021-11-27,0.494664418,-0.01067116407,0,-0.004850252111,-0.009143302331,-0.004087935605,0.1971303013,9.767318065e-06,-0.01411596292,3.660908377,0.01569080622,0.003642192191,-0.0003144224861,-0.003911467017,0.4876064365,-7.635810321e-05,-0.02254170743,0,2021-11-28T00:00:00Z,,historical_reconstruction
2021-11-28,0.5038512069,0.007702413876,0.1232279514,0.04776031286,0.05322556122,0.04845860146,0.2955187582,0.0004237702513,-0.02054055369,4.368856713,-0.01749590145,-0.002216872285,-0.0002894569086,0.04864764907,0.4935809301,0.0002077221008,0.04428971534,0,2021-11-29T00:00:00Z,,historical_reconstruction
2021-11-29,0.4858920788,-0.0282158423,0.01160429891,0.01311605452,0.02501343382,0.03441991882,0.1108368202,0.0001282475312,0.0333511431,3.523148325,-0.001030678512,0.007969271216,-0.000767103067,-0.001804056518,0.5025676504,-1.859642503e-05,-0.002659903238,0,2021-11-30T00:00:00Z,,historical_reconstruction
2021-11-30,0.5151230618,0.03024612354,0,-0.007070206702,0.003556682597,0.008667957747,0.07232295079,0.0002699632418,-0.02685324891,3.462514893,0.05865028017,0.03706280351,-0.0001591809141,-0.01178952139,0.5016964373,-0.0001724901623,0.007019231709,0,2021-12-01T00:00:00Z,,historical_reconstruction
2021-12-01,0.4847166495,-0.03056670103,0.245859803,-0.01648790286,-0.03018253844,-0.01923879431,0.1560494914,0.000809522251,0.02128415953,3.661243788,0.01280002845,0.009053984612,0.0003684903342,-0.004246019052,0.4953587292,0.0003574638628,-0.02926231464,0,2021-12-02T00:00:00Z,,historical_reconstruction
2021-12-02,0.5006286207,0.001257241481,0.04529536076,0.004965559645,-0.0070085075,-0.00442262069,0.1012198656,0.0006893937547,-0.02074873714,3.912135159,0.02305973913,0.01332094674,0.0001010474381,-0.002400899953,0.4902542522,2.417833316e-05,-0.03849614678,0,2021-12-03T00:00:00Z,,historical_reconstruction
2021-12-03,0.4918578159,-0.01628436823,0.2193428717,-0.003095426147,-0.05649106787,-0.08593538259,0.2473543626,-0.0004910181629,-0.01874913869,3.902600959,0.05613430647,0.0287983765,-0.0006953052058,-0.004413371358,0.4824832465,-0.0003573944868,0.01546319948,0,2021-12-04T00:00:00Z,,historical_reconstruction
2021-12-04,0.4776337948,-0.0447324104,0.1395966671,-2.914481817e-05,0.01999232017,0.06489324557,0.05914483546,-0.0003546056227,-0.0001562970582,3.181858051,0.02922469332,0.009273709563,-1.26085674e-05,-0.001980101925,0.4775556463,-0.0003643729408,-0.03406124633,0,2021-12-05T00:00:00Z,,historical_reconstruction
2021-12-05,0.4991613349,-0.001677330218,0,0.01401984332,0.03104860604,0.0005555409849,0.1006948231,0.0002597439735,0.002922117368,3.560810622,0.01441714089,-0.008865666573,0.0006591663597,0.01009949606,0.5006223936,-0.0001640262779,-0.009379744094,0,2021-12-06T00:00:00Z,,historical_reconstruction
2021-12-06,0.4952311564,-0.009537687232,0.4486904682,0.03654969017,0.05385646518,0.07496006844,0.190253695,-0.0005497298503,0.01082609311,3.568091893,0.006102892496,-0.01520673025,-0.000208743623,0.02726758039,0.5006442029,-0.0006779773816,0.01867815507,0,2021-12-07T00:00:00Z,,historical_reconstruction
2021-12-07,0.4972453947,-0.005509210598,0.1965367397,-0.001574240875,-0.01828071463,-0.02314207811,0.1229383876,-0.0001346832621,0.0197654073,3.299954271,0.01780258204,0.01087973742,9.758089833e-05,-0.00580805664,0.5071280984,-0.0004046465039,-0.03575533414,0,2021-12-08T00:00:00Z,,historical_reconstruction
2021-12-08,0.5080129813,0.01602596252,0.5469131953,0.0126764003,0.007651218881,0.03975375357,0.1102405626,-0.0003561036848,-0.01233978508,3.359399583,0.07244752986,0.009015019821,-4.741272662e-05,0.0009517444351,0.5018430887,-0.001165625936,0.04659266355,0,2021-12-09T00:00:00Z,,historical_reconstruction
2021-12-09,0.4768306591,-0.0463386819,0.306786073,-0.004080088103,-0.02278309881,-0.04609400957,0.1424035058,-0.000448163989,0.02722600568,4.124405362,-0.006528247582,-0.009973630024,-0.0003255448355,-0.0014763979,0.4904436619,-0.001137557744,-0.04759592338,0,2021-12-10T00:00:00Z,,historical_reconstruction
2021-12-10,0.4903431176,-0.01931376482,0.3144487318,-0.02941432794,-0.03106457763,-0.06224453709,0.1525096979,-0.0005105260727,-0.002833111941,3.773384326,0.02426072536,-0.01251532118,-0.0004216429161,-0.01992355741,0.4889265616,-1.950790982e-05,-0.003029396587,0,2021-12-11T00:00:00Z,,historical_reconstruction
2021-12-11,0.5128358265,0.02567165304,0.2963599482,0.02175754381,0.007727925757,0.01877678127,0.09909055403,0.0001075960356,-0.03243562956,4.046897023,0.02497144353,-0.01889351301,0.0002865796717,0.02030150442,0.4966180117,0.0004622016583,0.07040406344,0,2021-12-12T00:00:00Z,,historical_reconstruction
2021-12-12,0.5097190149,0.01943802975,0.03820601273,-0.00231424444,0.0261710898,0.02326756836,0.1439720713,-0.0002421307506,-0.0141327736,4.004639838,-0.0003177795185,-0.009504272768,-0.0003042637712,-0.003328285649,0.5026526281,-0.0005018747241,0.02111535997,0,2021-12-13T00:00:00Z,,historical_reconstruction
2021-12-13,0.4774142152,-0.04517156953,0.2184852228,0.00428328642,-0.007625315207,-0.05717156205,0.1528098701,-0.0003437398365,0.0019812358,4.231806906,0.03071641115,-0.02823377671,0.0001448823538,-0.0007830660889,0.4784048331,0.0002059900138,-0.0356338823,0,2021-12-14T00:00:00Z,,historical_reconstruction
2021-12-14,0.5113754356,0.02275087125,0,0.02394699555,0.01929238368,0.005154719733,0.1644346256,-0.0006037849282,-0.02075174009,4.344432737,0.02085659447,-0.01913523288,-0.0002057978657,0.031666205,0.5009995656,-0.0004691016661,0.02826008185,0,2021-12-15T00:00:00Z,,historical_reconstruction
2021-12-15,0.5153874881,0.03077497626,0,0.01252339792,0.09829533965,0.04361328652,0.2261673543,-1.741692129e-05,-0.02350052718,4.439858006,0.02869277996,0.003637991249,-0.0001299719658,0.003905092769,0.5036372245,0.0003386867635,0.01474901374,0,2021-12-16T00:00:00Z,,historical_reconstruction
2021-12-16,0.4977665143,-0.00446697135,0.07177795038,-0.009682721971,-0.03018401,-0.02748901103,0.1379377285,0.0001414816668,-0.003753307625,4.347623237,0.0387060938,-0.002921960862,0.0003069153486,-0.004880916542,0.4958898605,0.0005896456558,0.04187171055,0,2021-12-17T00:00:00Z,,historical_reconstruction
2021-12-17,0.4949967836,-0.01000643286,0,-0.001517528876,0.01065835626,0.01070843635,0.1265560663,-0.000384474457,-0.0007383164713,4.555156365,0.0686826893,0.01410193586,-0.0002572286884,-0.01356679239,0.4946276253,0.0001260516158,0.009307331961,0,2021-12-18T00:00:00Z,,historical_reconstruction
2021-12-18,0.4984250223,-0.003149955404,0.573183618,0.004242747008,0.003680225883,0.0003359773657,0.09363790114,-0.0005782930506,0.02123702087,3.846618703,-0.01352904873,0.01360736855,-0.0001834984463,0.004090586335,0.5090435327,-0.0006858890862,-0.02882160844,0,2021-12-19T00:00:00Z,,historical_reconstruction
2021-12-19,0.509181827,0.01836365398,0,0.002577892464,-0.0007919027309,-0.000310799519,0.1248063775,-0.0004153776369,-0.02595043804,4.57867792,0.01824738329,-0.002120233128,-0.0001454618699,0.0001561899424,0.496206608,-0.0001732468863,-0.001074375771,0,2021-12-20T00:00:00Z,,historical_reconstruction
2021-12-20,0.4758497613,-0.04830047741,0.09595157636,0.01873621578,0.03787653554,0.03454217392,0.233519735,-0.0003168784682,0.0394631668,4.738586959,-0.03403541631,-0.003297513289,2.459625923e-05,0.007053687881,0.4955813447,2.68613683e-05,-0.003128907877,0,2021-12-21T00:00:00Z,,historical_reconstruction
2021-12-21,0.4896737505,-0.02065249906,0.2972255558,0.001566917091,0.008935303876,-0.002774934664,0.1120094058,5.729731076e-05,0.03657738717,3.653943183,-0.04695601107,-0.001741158942,0.0003585866574,0.005554938523,0.5079624441,0.0006610822389,-0.04340337032,0,2021-12-22T00:00:00Z,,historical_reconstruction
2021-12-22,0.4790937214,-0.04181255716,0.4688553013,-0.004500312695,-0.006905105336,-0.01068984291,0.1057650525,-0.0002236456247,0.03404013826,3.54748882,-0.03464074798,0.003790297755,0.0001564881363,-0.007026691537,0.4961137906,-0.0002062287034,-0.07258753342,0,2021-12-23T00:00:00Z,,historical_reconstruction
2021-12-23,0.5116108587,0.02322171737,0,-0.005377826806,0.04069467226,0.04501424646,0.1435673635,-2.675481161e-05,-0.02597794592,4.158140148,0.03410674856,-0.008631457448,0.0003841517379,-0.005306006652,0.4986218857,-0.0001682364784,0.02768868872,0,2021-12-24T00:00:00Z,,historical_reconstruction
2021-12-24,,,,,,,,,,,,,,,,,,1,2021-12-25T00:00:00Z,,historical_reconstruction
2021-12-25,0.4837598859,-0.0324802282,0,0.004395485797,0.003871008865,0.01063493709,0.2025639373,-0.0002344419671,0.0489712056,4.276481187,-0.07027165274,0.02844324323,-0.0003134107538,-0.009618749773,0.5082454887,0.0003438510836,-0.02933027279,0,2021-12-26T00:00:00Z,,historical_reconstruction
2021-12-26,0.4656344087,-0.06873118256,0.07309396114,-0.003078915927,0.0023977266,0.007527521571,0.1793927318,-0.0003248383191,0.04556884271,4.053485516,-0.06921637223,0.007706216023,-0.0001326195931,0.008600683597,0.4884188301,9.053931777e-05,-0.08709483654,0,2021-12-27T00:00:00Z,,historical_reconstruction
2021-12-27,0.4748902655,-0.05021946903,0.05465686561,-0.00994413627,-0.0135630409,-0.005664703724,0.1669468496,3.220029575e-05,0.02007052784,3.768281536,-0.05361172534,-0.01324395897,-9.166206398e-05,-0.009827427782,0.4849255294,0.000349078764,-0.001918991626,0,2021-12-28T00:00:00Z,,historical_reconstruction
2021-12-28,0.4563061657,-0.08738766852,0.06237415724,-0.003994264646,-0.02697856031,-0.03268135551,0.09754906745,-0.0002003823084,0.05311854799,4.673985464,-0.03575807129,0.01103939359,0.0002562498371,-0.003055601804,0.4828654397,-0.0002576796191,-0.06673516946,0,2021-12-29T00:00:00Z,,historical_reconstruction
2021-12-29,0.4589933672,-0.08201326554,0.4978625491,-0.0256328358,-0.04344079788,-0.04239362684,0.2288672327,-0.0004517669874,0.03665492067,4.346328177,-0.04900725838,-0.02617699507,0.0001534241407,-0.01450646912,0.4773208276,-0.0002281213627,-0.04020070838,0,2021-12-30T00:00:00Z,,historical_reconstruction
2021-12-30,0.5033798426,0.006759685144,0.1963809919,-0.01114085085,3.774470024e-05,-0.007600971726,0.1227629169,-0.0002426353433,-0.007369375671,4.105884564,0.02577707677,-0.006620236494,0.0003059538487,-0.009198805257,0.4996951547,-0.0002158805317,-0.01646203222,0,2021-12-31T00:00:00Z,,historical_reconstruction
2021-12-31,0.4905882208,-0.01882355837,0.3079255222,0.01379401634,-0.02864473239,-0.02768902807,0.1447009961,-5.712373818e-05,-0.002790863119,5.010278609,-0.01031052396,-0.02058301051,8.07045425e-05,0.01068594751,0.4891927893,,,0,2022-01-01T00:00:00Z,,historical_reconstruction
2022-01-01,0.4991234826,-0.001753034878,0.3977338165,0.004787063721,0.01080452797,0.01953765927,0.1456229087,-0.000658604078,-0.005614837144,4.899185862,-0.01616864881,-0.01048570965,-0.0002751383652,0.008300480522,0.496316064,-0.000424162111,0.03072719332,0,2022-01-02T00:00:00Z,,historical_reconstruction
2022-01-02,0.5245468732,0.04909374645,0.06101319123,0.007704659121,0.01326038797,0.02249162674,0.1367196247,-0.000538102067,-0.02127029492,4.780965839,0.04937785432,0.03230827566,-0.0004074084901,0.008069256051,0.5139117258,-0.0002132637479,0.117824929,0,2022-01-03T00:00:00Z,,historical_reconstruction
2022-01-03,0.4850073292,-0.02998534156,0,0.007356107843,-0.004796460925,-0.01792098805,0.2433681025,-0.0004832854916,0.001345446025,4.230635647,-0.007972827345,-0.001568682509,-0.000477041695,0.001856988383,0.4856800522,-0.0005154857874,0.02023412747,0,2022-01-04T00:00:00Z,,historical_reconstruction
2022-01-04,0.5117165376,0.02343307517,0.11238297,-0.007067063653,-0.01672940192,-0.0133152946,0.1152793547,0.0001294546262,-0.01579573079,4.348579535,0.02690118124,0.02660766647,9.869010153e-05,-0.004784554968,0.5038186722,0.0003298369345,0.1108207437,0,2022-01-05T00:00:00Z,,historical_reconstruction
2022-01-05,0.4619431997,-0.07611360055,0,-0.03136823617,-0.07336880426,-0.06621321891,0.4249824463,-0.0008247119863,0.03663220749,4.556939376,0.01287029667,0.001484951773,-0.0001471691928,-0.02763285893,0.4802593035,-0.0003729449989,0.005899664991,0,2022-01-06T00:00:00Z,,historical_reconstruction
2022-01-06,0.5044591678,0.008918335643,0.02865646802,-0.01173969042,0.002884889947,0.01711305303,0.06513775913,-0.0006487006907,-0.02758347304,3.696400263,0.01769309096,-0.01314262682,-0.0005953145097,-0.00819096411,0.4906674313,-0.0004060653473,0.002158650499,0,2022-01-07T00:00:00Z,,historical_reconstruction
2022-01-07,0.4920456691,-0.01590866176,0.02394724551,0.0005973734335,0.02156982332,-0.008252063016,0.06120426038,-0.0008314474688,-0.01362556781,4.259552294,0.0165130668,-0.01570519154,-0.0005278374445,-0.005000552957,0.4852328852,-0.0007743237306,0.002914896605,0,2022-01-08T00:00:00Z,,historical_reconstruction
2022-01-08,0.4812149928,-0.03757001436,0.01322177054,0.01723483285,-0.02511763012,-0.04317134374,0.1818250684,-0.0002986091952,0.0227117637,4.636067917,-0.0368953498,-0.02356396133,-0.0004979866385,0.02078515718,0.4925708747,0.0003599948828,-0.03581697948,0,2022-01-09T00:00:00Z,,historical_reconstruction
2022-01-09,0.5110820093,0.0221640186,0.3432136461,-0.01627284956,0.01740121237,0.007527761618,0.1267582389,-0.0006250059487,-0.0176529057,4.457749356,0.01873881597,-0.005541063624,-0.0003049266072,-0.01945531671,0.5022555565,-8.690388167e-05,-0.02692972785,0,2022-01-10T00:00:00Z,,historical_reconstruction
2022-01-10,0.4904317128,-0.01913657443,0.04516592725,0.01747008829,0.02541687872,-0.00700291842,0.08409088703,-0.000444418493,0.008736338106,4.379427047,0.007796966726,-0.004014942768,5.626905573e-05,0.01272097469,0.4947998818,3.886699861e-05,0.01084876713,0,2022-01-11T00:00:00Z,,historical_reconstruction
2022-01-11,0.5086101028,0.01722020551,0.1641132082,0.0007877250809,0.03388169967,0.0414025433,0.08067883422,-0.0008827923401,-0.008203279914,4.220570832,0.02385648873,0.0002630597497,-0.0002132282074,-0.005649022015,0.5045084628,-0.001012246966,-0.006212869656,0,2022-01-12T00:00:00Z,,historical_reconstruction
2022-01-12,0.5235044039,0.0470088078,0,-0.00317858315,0.002828883766,0.03017876241,0.1046345456,-0.000394511251,-0.01962400419,3.876794297,0.01063341468,-0.0005662555197,0.0001052306781,0.003647661003,0.5136924018,0.0004302007353,0.1231224083,0,2022-01-13T00:00:00Z,,historical_reconstruction
2022-01-13,0.476978675,-0.04604264993,0.5348253499,-0.009439124069,-0.01841934683,-0.02801139772,0.1254795697,-7.714596943e-05,0.02326953699,4.083728941,-0.03034664087,0.01184944352,0.0005288205095,-0.003291751628,0.4886134435,0.0005715547212,-0.05496098558,0,2022-01-14T00:00:00Z,,historical_reconstruction
2022-01-14,0.4873294176,-0.02534116478,0.3620510888,-0.0001783549627,0.008925738829,0.03275867991,0.1175384292,-0.0005502778601,0.03176468777,4.586640244,0.02857812183,0.004787205354,-0.0001424744158,-0.0004171509634,0.5032117615,0.0002811696087,-0.009432503019,0,2022-01-15T00:00:00Z,,historical_reconstruction
2022-01-15,0.480228786,-0.03954242803,0,-0.006959559317,-0.01068718638,0.002260030013,0.1230502675,-0.0005983091003,0.0368709804,3.978361847,-0.05490945516,-0.01199479583,-0.0002784709412,-0.01020117243,0.4986642762,-0.0002996999051,-0.00197241367,0,2022-01-16T00:00:00Z,,historical_reconstruction
2022-01-16,0.4998224827,-0.0003550345824,0.1445007522,0.007801937386,-0.001971080874,0.01048868707,0.0951872724,-0.0004153121713,0.01803340561,4.43475307,0.02376937829,0.02309184721,-0.0001599238255,0.005764651736,0.5088391855,0.0002096937773,-0.02251905318,0,2022-01-17T00:00:00Z,,historical_reconstruction
2022-01-17,0.4883083703,-0.02338325941,0.3296030452,-0.002833362848,-0.008335779278,-0.01421094983,0.1613455524,-0.0003302520197,0.01458431461,5.065288629,0.0005616448832,0.01779838118,0.0002687771171,-0.0008686427085,0.4956005276,0.0001141664733,-0.004246684984,0,2022-01-18T00:00:00Z,,historical_reconstruction
2022-01-18,0.4944749559,-0.01105008824,0.1940951525,0.01028557909,0.01389682148,-0.00358537093,0.1470373463,-0.0001677294808,0.008217331423,5.312205355,-0.001850129718,-0.009935446197,0.0001755827312,0.0157457899,0.4985836216,0.0007150628592,-0.02827029375,0,2022-01-19T00:00:00Z,,historical_reconstruction
2022-01-19,0.4998925844,-0.0002148311229,0.2845010703,-0.01411683471,-0.01238355392,-0.01062829829,0.1035442994,-0.0003923450561,-0.007110343642,5.012934517,0.01474831625,-0.004856608513,-0.0003414569262,-0.005073502983,0.4963374126,2.166194858e-06,-0.04722363892,0,2022-01-20T00:00:00Z,,historical_reconstruction
2022-01-20,0.4991111183,-0.001777763354,0.2719627924,-0.06649498644,-0.07969865794,-0.04771151003,0.3580504049,-0.0005197435932,0.01374787776,5.2676468,0.04278866781,0.01607876174,-4.728611864e-05,-0.05210951013,0.5059850572,-0.0004425976237,0.04426488658,0,2022-01-21T00:00:00Z,,historical_reconstruction
2022-01-21,0.4825929898,-0.03481402042,0.321678634,-0.0633718831,-0.09267398232,-0.09831892647,0.3224502251,-0.0004828378405,0.009357559112,4.425091254,0.0279779399,0.02043298144,4.754590438e-05,-0.04051167712,0.4872717693,6.744001962e-05,-0.009472855637,0,2022-01-22T00:00:00Z,,historical_reconstruction
2022-01-22,0.4877816086,-0.0244367829,0.07430943831,0.03188244605,0.01054880603,-0.007770241087,0.09902730956,-0.000505766568,0.01816383396,4.30086561,0.03151780108,0.002081471729,0.0002837651932,0.01572058649,0.4968635255,9.254253231e-05,0.01510564513,0,2022-01-23T00:00:00Z,,historical_reconstruction
2022-01-23,0.5187240472,0.03744809439,0.4409095209,0.0650165058,0.04379051918,0.0163113527,0.2094387759,-0.0002363125785,-0.01552425974,4.074884721,0.005275680212,-0.01449768695,0.0001648511826,0.04224531961,0.5109619173,0.0001789995928,0.03780312897,0,2022-01-24T00:00:00Z,,historical_reconstruction
2022-01-24,0.4954275567,-0.009144886599,0.2339012686,0.02537706186,0.07242751313,0.08976661484,0.09425818398,-0.0004755482128,0.01746927215,4.180831478,-0.02159454131,-0.01587675894,-0.0001471279986,0.01646823636,0.5041621928,-0.0001452961931,0.01423837281,0,2022-01-25T00:00:00Z,,historical_reconstruction
2022-01-25,0.5117040175,0.02340803499,0.1323659387,-0.003020743792,0.01645287574,0.01423491948,0.1220327114,-0.0005937783417,-0.009103121389,4.55646239,0.008305939046,-0.007742893828,5.722527532e-05,-0.002935484889,0.5071524568,-0.0004260488609,0.03445812322,0,2022-01-26T00:00:00Z,,historical_reconstruction
2022-01-26,0.5027382207,0.005476441432,0.08569130489,-0.04306794517,-0.05467406657,-0.03282441549,0.2189115456,-0.0005602946013,0.01014269477,4.167705909,-0.004212615837,0.002809148333,3.493476171e-05,-0.02042038318,0.5078095681,-0.0001679495451,0.005691272555,0,2022-01-27T00:00:00Z,,historical_reconstruction
2022-01-27,0.5147348041,0.0294696082,0.3037745703,0.01225520899,-0.02232214873,-0.01319672565,0.2334290752,-0.0006764978859,-0.02568936103,4.521937001,0.02027309172,-0.01066999259,0.0001066001143,0.02626156509,0.5018901236,-0.0001567542928,0.03124737156,0,2022-01-28T00:00:00Z,,historical_reconstruction
2022-01-28,0.5031018952,0.006203790462,0,0.03381754369,0.04177343692,0.06181055056,0.1744184209,-0.0006483326064,0.0179196595,4.928176221,-0.01398059901,0.006616227321,-0.0001087818096,0.01326362705,0.512061725,-0.0001654947659,0.04101781088,0,2022-01-29T00:00:00Z,,historical_reconstruction
2022-01-29,0.5223609127,0.04472182548,0.182649763,0.004417005471,0.02270332746,0.01823996117,0.1738857069,-0.000572761904,-0.03484679252,4.043882071,0.02694127086,-0.01156645529,-0.0001318032079,0.008291020527,0.5049375165,-6.699533603e-05,0.06915860838,0,2022-01-30T00:00:00Z,,historical_reconstruction
2022-01-30,0.5057291948,0.01145838965,0,0.01618201348,-0.005926203294,-0.009351772877,0.2418951229,-0.00047277144,0.01430692889,4.544427151,0.00347159211,0.01868599354,-0.0001625957776,0.009847151753,0.5128826593,-0.0002364588615,-0.02598970474,0,2022-01-31T00:00:00Z,,historical_reconstruction
2022-01-31,0.5108981691,0.02179633812,0.2458475593,0.005403180543,0.02529133882,0.05040656763,0.1240906332,-0.0005954729171,0.009956925236,4.761935542,0.02182120363,-0.006925235826,0.0001287861211,0.001330442508,0.5158766317,-0.0001199247043,0.03094122472,0,2022-02-01T00:00:00Z,,historical_reconstruction
2022-02-01,0.5111520556,0.02230411122,0,0.01315870783,0.006896327498,0.009386848996,0.0878135953,-0.0003049622744,0.004464233683,5.271368111,-0.0036479638,0.002778598474,5.891288234e-05,0.00824663024,0.5133841724,0.0002888160674,-0.001103923773,0,2022-02-02T00:00:00Z,,historical_reconstruction
2022-02-02,0.5042200709,0.00844014176,0.1143776546,-0.009821738584,0.006295281354,-0.03116484152,0.2506068901,-0.0009960196518,-0.02184610919,5.25572204,0.04393489334,0.01441437303,-0.0008786639018,-0.0178403346,0.4932970163,-0.0004357250505,0.002963700328,0,2022-02-03T00:00:00Z,,historical_reconstruction
2022-02-03,0.5131012562,0.02620251234,0.4286348562,0.03746954517,0.02100757576,0.02801678108,0.1605300353,-0.0004043836674,-0.02071444123,5.352652816,-0.000552954008,-0.01291127922,0.0001785448099,0.02078972502,0.5027440356,0.0002721142186,-0.003267095862,0,2022-02-04T00:00:00Z,,historical_reconstruction
2022-02-04,0.5094342781,0.01886855611,0.08112544536,0.01224841572,0.04290007278,0.0589252315,0.1018258862,-0.0004474138478,0.01804701911,4.444443068,-0.003823972864,-0.02418030292,0.0001358798977,0.02078009385,0.5184577876,0.0002009187586,0.01266476564,0,2022-02-05T00:00:00Z,,historical_reconstruction
2022-02-05,0.5167204132,0.03344082639,0.0282850419,0.0005479907008,-0.01267643945,0.0003087936462,0.07519487243,-0.0003518497004,-0.0229170842,4.364571381,0.0149935809,0.008639229092,-0.0001609481643,-0.0039068574,0.5052618711,0.0002209122036,-0.01128099909,0,2022-02-06T00:00:00Z,,historical_reconstruction
2022-02-06,0.5034272967,0.006854593373,0.5068566905,0.017855001,0.0211688494,0.01616556734,0.2104560789,-0.000238953319,0.003202638783,4.614728924,-0.02433487236,-0.04033122254,0.000221631846,0.01589100897,0.5050286161,0.000233818121,-0.00460379628,0,2022-02-07T00:00:00Z,,historical_reconstruction
2022-02-07,0.5201778751,0.04035575022,0.2116385007,-0.008488465729,0.005318331434,0.02364666606,0.1270664826,-0.0003885634935,-0.02136811208,4.215132828,0.04246490968,-0.01581275171,-0.0001604612517,-0.009317479698,0.5094938191,0.0002069094236,0.0185594121,0,2022-02-08T00:00:00Z,,historical_reconstruction
2022-02-08,0.5020786283,0.004157256581,0.3963678352,0.02132644735,0.0131689303,0.003703477082,0.1270322183,-0.0004684456908,-0.008344808163,4.117403602,-0.01300569836,-0.02361037833,1.789731182e-05,0.02424295701,0.4979062242,-0.0001634834164,-0.01814685463,0,2022-02-09T00:00:00Z,,historical_reconstruction
2022-02-09,0.5408030034,0.08160600676,0.03870420455,-0.0009239468546,0.02060759366,0.02887826724,0.1385981622,-0.0006535262674,-0.0669764627,4.238189088,0.08694730499,0.01358899823,-0.0003235938225,-0.002102944189,0.507314772,0.0003424933844,0.073165865,0,2022-02-10T00:00:00Z,,historical_reconstruction
2022-02-10,0.5095599505,0.01911990092,0.3147203373,-0.01556832891,-0.04280818717,-0.05405089207,0.1226960327,-0.0005174955818,-0.02113611673,4.619831578,0.04597398566,-0.006717664762,3.773503552e-05,-0.01979787691,0.4989918921,-0.0001131119144,-0.007082611421,0,2022-02-11T00:00:00Z,,historical_reconstruction
2022-02-11,0.4882511401,-0.02349771971,0.1631961996,-0.02183835076,-0.05652095446,-0.05205452838,0.2061508102,-0.0005123755781,0.003492544053,5.040137561,-0.004900496702,-0.0136971063,-0.0003299512317,-0.008630727683,0.4899974122,-6.496173034e-05,-0.04236627581,0,2022-02-12T00:00:00Z,,historical_reconstruction
2022-02-12,0.4906530079,-0.0186939843,0.1416269943,-0.0113869602,0.01346832911,-0.004162288303,0.1906288151,-0.0006680644631,0.003999008524,5.554118144,0.01604151853,-0.01837333136,-0.0002417047249,-0.01042133754,0.4926525121,-0.0003162147627,-0.05213481069,0,2022-02-13T00:00:00Z,,historical_reconstruction
2022-02-13,0.4969531166,-0.006093766869,0.07841908069,0.004959817428,-0.01665211063,-0.02055345946,0.1536835511,-0.000282118887,-0.003215949982,5.257542442,0.05393040372,-0.0147408233,1.583377635e-05,0.0005350790854,0.4953451416,-4.316556799e-05,-0.01294836024,0,2022-02-14T00:00:00Z,,historical_reconstruction
2022-02-14,0.5089206986,0.01784139724,0.2386169668,0.01740501384,-0.002298654861,0.01925973859,0.1160642336,-0.0003003669255,-0.01428805068,4.752359025,0.02322129798,-0.01711964888,-4.646399072e-05,0.009891662518,0.5017766733,8.8196568e-05,-0.02251435299,0,2022-02-15T00:00:00Z,,historical_reconstruction
2022-02-15,0.5302951343,0.06059026865,0.4360613083,0.02386044582,0.01950611828,0.02866079449,0.1326091689,6.59647183e-05,-0.03162143716,4.137363757,0.05349409942,0.003180427304,0.0004085407192,0.0125226338,0.5144844157,0.0005344104091,0.05643301207,0,2022-02-16T00:00:00Z,,historical_reconstruction
2022-02-16,0.4857023607,-0.02859527854,0.04351737708,-0.01482355614,0.01826969487,-0.004254314909,0.1224833668,-0.0001601383595,0.01754942723,5.412246339,-0.01946114721,0.02657494746,0.0001329766737,-0.007834239673,0.4944770743,0.0004933879079,-0.1102012853,0,2022-02-17T00:00:00Z,,historical_reconstruction
2022-02-17,0.4784207688,-0.04315846248,0.2638487288,-0.006356580091,-0.03257996962,-0.05664925804,0.1506034883,-0.000370002801,0.01289916924,5.396956825,0.04780357653,0.02074915056,0.0002223601596,-0.01670993893,0.4848703534,0.0001474927808,-0.0622783634,0,2022-02-18T00:00:00Z,,historical_reconstruction
2022-02-18,0.4962229724,-0.007554055194,0.01636763662,-0.006572857209,-0.007491626376,-0.03445353046,0.1021753031,-0.0003669751176,0.004864305652,4.305020869,0.05232070804,-0.009017505275,-0.0001758529906,-0.006026090098,0.4986551252,0.0001454004605,0.01594366451,0,2022-02-19T00:00:00Z,,historical_reconstruction
2022-02-19,0.482831951,-0.0343360981,0.3305196493,0.006904265707,0.006398257868,0.01504032791,0.09772200292,-0.0006296067129,0.02409582838,5.256751448,0.03705414983,-0.02566804947,3.333116729e-05,0.002614406226,0.4948798651,3.845775017e-05,-0.0156421138,0,2022-02-20T00:00:00Z,,historical_reconstruction
2022-02-20,0.4656563818,-0.06868723636,0,-0.01044658391,-0.01145390726,-0.007945546521,0.1871257299,-0.0004843649289,0.05609568052,5.799538953,0.01437871596,0.004246259759,5.125102695e-06,-0.0002690298933,0.4937042221,-0.0002022460419,-0.06259346949,0,2022-02-21T00:00:00Z,,historical_reconstruction
2022-02-21,0.4932669246,-0.01346615088,0.2486268003,-0.03194408842,-0.05705714527,-0.02236959319,0.1965603949,-0.0004439217763,0.02007934852,5.225457026,0.003948715841,0.005388001789,0.0001440566587,-0.02955379807,0.5033065988,-0.0001435548508,-0.03130754811,0,2022-02-22T00:00:00Z,,historical_reconstruction
2022-02-22,0.5067992871,0.01359857419,0.2672539685,0.001348405084,0.004748783267,0.01813203365,0.09253185989,-0.0002731110766,0.0002774253331,4.615745315,-0.002947509563,-0.01564405756,0.0002063511724,0.004334916927,0.5069379998,-0.0003390757948,-0.04699169446,0,2022-02-23T00:00:00Z,,historical_reconstruction
2022-02-23,0.4932444821,-0.0135110358,0.1644860913,-0.02029136316,-0.04041140477,-0.05144119929,0.1456824325,-0.0006551123964,0.002221273526,5.360679331,0.00102333626,-0.007488444794,-5.887094568e-05,-0.009724634402,0.4943551189,-0.0004949740368,0.01508424274,0,2022-02-24T00:00:00Z,,historical_reconstruction
2022-02-24,0.5070469291,0.01409385815,0,-4.621926419e-05,0.05737744978,0.08422564856,0.1522295825,-0.0002811801864,-0.005875838934,4.468214955,0.01555948564,-0.02800352541,3.478332879e-05,0.02753914209,0.5041090096,8.882261453e-05,0.05725232063,0,2022-02-25T00:00:00Z,,historical_reconstruction
2022-02-25,0.5311484973,0.06229699463,0.3772631631,0.0334775516,0.01306357239,0.05150234153,0.2043431112,-0.0007693724738,-0.04305006628,4.321374707,0.005431655948,-0.01191342217,-0.0004182686641,0.01404070159,0.5096234642,-0.0004023973562,0.06985104983,0,2022-02-26T00:00:00Z,,historical_reconstruction
2022-02-26,0.5168448535,0.03368970703,0.2977960798,-0.01051968302,-0.002039387466,0.01017270705,0.1372497651,-0.0004749106844,-0.03439724727,4.419155907,0.03448549607,-0.006655924056,-2.957682206e-05,-0.003500269526,0.4996462299,0.0001546960285,0.06802580513,0,2022-02-27T00:00:00Z,,historical_reconstruction
2022-02-27,0.489414287,-0.02117142607,0.1583328275,0.003281919156,-0.06847291342,-0.07237935887,0.2788600065,-0.0003057180744,0.002539054222,4.550022548,0.03512096773,-0.005480170611,0.0004123367741,0.002517524545,0.4906838141,0.0001786468545,0.04751581029,0,2022-02-28T00:00:00Z,,historical_reconstruction
2022-02-28,0.5214726518,0.04294530353,0.249749165,0.04013545851,0.03747549229,0.1061899983,0.1945912741,-0.0002910012154,-0.02459326369,4.6233824,-0.00112395253,-0.03927775117,-0.0001751532079,0.04429191395,0.5091760199,0.000152920561,0.05641145441,0,2022-03-01T00:00:00Z,,historical_reconstruction
2022-03-01,0.499699207,-0.0006015859104,0,0.01031246287,0.009270970739,0.02523182275,0.07499661393,-0.0002419086593,-0.003936163708,4.307222451,-0.002611461601,-0.008041693472,0.0003681604068,0.01605027872,0.4977311252,3.120241723e-05,-0.0142001601,0,2022-03-02T00:00:00Z,,historical_reconstruction
2022-03-02,0.5001724047,0.0003448094775,0,0.004765930754,-0.001828834626,-0.01897933642,0.07101053334,5.767991043e-05,-0.01217147518,4.275186807,0.009145304325,-0.002700308446,0.0002235378677,0.004314667559,0.4940866671,0.0007127923068,0.01385584528,0,2022-03-03T00:00:00Z,,historical_reconstruction
2022-03-03,0.4832202131,-0.03355957378,0.1052738911,0.005956247493,0.002121648238,-0.02693283615,0.1215163044,-0.000359916584,0.006028883737,4.629144095,0.00668043219,-0.003043782818,-0.0002539195048,0.005381897821,0.486234655,-7.873639761e-05,-0.04765343193,0,2022-03-04T00:00:00Z,,historical_reconstruction
2022-03-04,0.4906076562,-0.01878468758,0.6792119631,0.001872229864,-0.01857597886,-0.0445599933,0.1422210082,-0.00070554136,-0.00923857021,4.372866757,0.03428949235,0.01353196538,-0.0001701462788,-0.01592348122,0.4859883711,6.383111382e-05,-0.08108168221,0,2022-03-05T00:00:00Z,,historical_reconstruction
2022-03-05,0.4926279535,-0.01474409299,0.1189534672,-0.002085579919,0.008453123758,0.006408174671,0.1002161977,-0.0006003414442,0.01395749776,4.038309734,0.007188847951,-0.00228996989,-2.010835599e-05,-0.0009065847469,0.4996067024,-0.0001254307598,-0.04843380002,0,2022-03-06T00:00:00Z,,historical_reconstruction
2022-03-06,0.4700188726,-0.0599622549,0.607908408,-0.02138065155,-0.02875709505,-0.02183839739,0.2568007572,-0.0007525604694,0.03321259848,4.146045933,-0.02055541152,-0.0217675111,-0.0002395572298,-0.006460713745,0.4866251718,-0.000446842395,-0.03879082883,0,2022-03-07T00:00:00Z,,historical_reconstruction
2022-03-07,0.5024099357,0.004819871455,0,0.01237879268,-0.04810451622,-0.01856791096,0.1682177226,-0.0004897395549,-0.01289052147,4.343663941,0.01590636107,-0.009925787113,0.0001473037219,0.01820099955,0.495964675,-0.0001987383395,-0.03812543208,0,2022-03-08T00:00:00Z,,historical_reconstruction
2022-03-08,0.5037191497,0.007438299356,0,-0.001639407798,0.006454511712,-0.004636838912,0.07096085681,-0.0001863375738,-0.003289391763,4.705414419,0.001214088212,0.001886224365,0.0003488977167,-0.000883273954,0.5020744538,5.557108551e-05,0.008039885266,0,2022-03-09T00:00:00Z,,historical_reconstruction
2022-03-09,0.5269847377,0.05396947548,0.400692398,0.004601232644,-0.01105723725,-0.006658749991,0.08754094269,-0.0002236906761,-0.02753870623,3.685568605,0.02774118439,-0.01085788424,-0.0001233132714,-0.006230119193,0.5132153846,-0.0002813705866,0.053624666,0,2022-03-10T00:00:00Z,,historical_reconstruction
2022-03-10,0.4736457927,-0.05270841466,0.3422741401,-0.00253317619,0.003545730686,0.004930780174,0.05603559755,-0.0004833697779,0.0314394905,3.640941606,0.008191515514,0.00582966428,-0.0001079448882,-0.000248530374,0.4893655379,-0.0001234531938,-0.01914884088,0,2022-03-11T00:00:00Z,,historical_reconstruction
2022-03-11,0.5016517007,0.003303401371,0.1559945865,-0.0001720564658,-0.009395182693,-0.03610379133,0.1104912853,-0.0003793715729,-0.007484608667,4.137905806,0.01528954026,-0.0001960443289,4.846689776e-05,-0.001624279695,0.4979093964,0.000326169787,0.02208808895,0,2022-03-12T00:00:00Z,,historical_reconstruction
2022-03-12,0.522105228,0.04421045607,0.1984017995,-0.003642089993,-0.006140048826,-0.003885498018,0.08689489834,-0.0004515727188,-0.03962294673,3.806304256,0.05638102933,0.02464777862,-7.123249466e-05,-0.005706368012,0.5022937547,0.0001487687254,0.05895454906,0,2022-03-13T00:00:00Z,,historical_reconstruction
2022-03-13,0.4694248188,-0.06115036236,0.1038367113,-0.01858548974,-0.02483224859,-0.02275631937,0.2767791059,-0.0006280682925,0.03071597453,3.636729609,0.01424077239,0.01078258833,0.0002624126148,-0.02808612103,0.4847828061,0.0001244921769,-0.001188107463,0,2022-03-14T00:00:00Z,,historical_reconstruction
2022-03-14,0.5221022908,0.0442045815,0,0.02088762552,0.006377769141,0.003721204275,0.1520792274,-0.0001737847618,-0.02218415166,4.396943712,0.01527671534,-0.0125230901,0.0002691039007,0.0220844547,0.5110102149,0.0003159547931,0.03938471005,0,2022-03-15T00:00:00Z,,historical_reconstruction
2022-03-15,0.5112582045,0.02251640891,0,-0.01568005174,0.01792637355,0.03271658513,0.129204597,-0.0001680845618,-0.006092308468,4.355645118,0.03721320298,0.007761265138,6.943890095e-05,-0.01146022054,0.5082120502,1.825301199e-05,0.01507810956,0,2022-03-16T00:00:00Z,,historical_reconstruction
2022-03-16,0.5085155723,0.01703114461,0.04372902537,0.007500472185,0.02563524226,0.03188113582,0.1222295871,-0.0003713304084,0.02071445014,4.002729839,0.01520291049,0.02281330711,-0.000171884964,0.005719888151,0.5188727974,-0.0001476397322,-0.03693833087,0,2022-03-17T00:00:00Z,,historical_reconstruction
2022-03-17,0.506441037,0.01288207402,0.01609033305,-0.005960166574,0.003769597624,0.01320592231,0.09194521825,-0.0004196420951,0.01071222159,3.660610894,0.01357369832,0.04430978999,6.425370602e-05,0.001126447389,0.5117971478,6.37276828e-05,0.06559048868,0,2022-03-18T00:00:00Z,,historical_reconstruction
2022-03-18,0.5308454899,0.06169097988,0.0289526624,-0.009133482355,0.01458921655,0.05092418765,0.1412075805,-0.0003062349434,-0.0257627539,3.610078846,0.07570874516,0.01339021089,-0.0001623087371,-0.006783577938,0.517964113,7.31366295e-05,0.05838757851,0,2022-03-19T00:00:00Z,,historical_reconstruction
2022-03-19,0.5143457322,0.02869146448,0,0.0002847457627,-0.005677816753,0.001500125576,0.1860644855,-0.0002846647056,-0.05358324103,3.492676666,0.03341547649,-0.01955405421,2.172519434e-05,0.003955287598,0.4875541117,0.0001669080131,-0.01551899159,0,2022-03-20T00:00:00Z,,historical_reconstruction
2022-03-20,0.4961549264,-0.007690147282,0.0371498681,-0.004979657127,0.00260692236,-0.008699146715,0.1576836935,-0.0003180283639,-0.026019453,3.807453552,0.03723109333,-0.009748254067,-0.0002911271706,-0.00282558581,0.4831451999,0.0003100399286,0.05346021508,0,2022-03-21T00:00:00Z,,historical_reconstruction
2022-03-21,0.5143964973,0.02879299464,0.05742081416,-0.00957175561,-0.02198646362,-0.00549894873,0.09502141429,-0.0003287163109,-0.03155269634,3.748365886,0.06095112408,0.001194408868,0.0001651590252,-0.004329472124,0.4986201491,-0.0001549315491,-0.01541158686,0,2022-03-22T00:00:00Z,,historical_reconstruction
2022-03-22,0.5239397449,0.04787948982,0,-0.004985726348,-0.01102655899,-0.01691638473,0.09459172123,-0.0003872523269,-0.04643615294,3.179933637,0.03176924539,-0.01872099137,-4.899446581e-05,0.001885565362,0.5007216684,-0.0002191677651,0.0253630809,0,2022-03-23T00:00:00Z,,historical_reconstruction
2022-03-23,0.4999971909,-5.618257847e-06,0.02390926973,0.02464756646,0.001454682196,0.02938982545,0.1371722574,-0.0001482213439,-0.009594263204,3.921952661,0.009745021799,-0.002592231318,0.0001983048592,0.01577500326,0.4952000593,0.0002231090645,-0.01703676286,0,2022-03-24T00:00:00Z,,historical_reconstruction
2022-03-24,0.5166421201,0.03328424016,0,0.0006497809402,-0.001258556256,0.0203997284,0.06927801844,-0.0002796744204,-0.02007129024,3.604614051,0.03802484656,-0.007088313898,0.000130859806,0.001893718979,0.506606475,0.0001399676747,0.02040216614,0,2022-03-25T00:00:00Z,,historical_reconstruction
2022-03-25,0.5026009289,0.005201857847,0.08098382525,-0.004128410915,-0.005899601032,-0.02063147792,0.06947495179,-0.0002482157478,-0.005897590206,4.102379784,-0.01371400146,-0.02816420894,0.000260888094,-0.00296501694,0.4996521338,5.801919561e-05,-0.05648912204,0,2022-03-26T00:00:00Z,,historical_reconstruction
2022-03-26,0.500216128,0.0004322560368,0.1612730473,0.006873633357,0.009183732407,0.007141255964,0.2215584975,-0.0004864864865,-0.00241699839,3.670346878,0.008882505394,0.001519867696,9.342996698e-06,0.003240661124,0.4990076288,-0.0002018217808,-0.02825920844,0,2022-03-27T00:00:00Z,,historical_reconstruction
2022-03-27,0.5407826938,0.08156538751,0.1979982274,0.03773525494,0.0394732692,0.0473752455,0.4256575617,-0.0001941953788,-0.03889483736,3.702563631,0.04618922948,-0.0148268606,-4.556559164e-05,0.04454763771,0.5213352751,0.0001238329852,0.0892555348,0,2022-03-28T00:00:00Z,,historical_reconstruction
2022-03-28,0.5137473413,0.02749468251,0.2491422267,-0.02255537666,-0.007350488444,-0.004111537404,0.1385423315,0.0002100260432,-0.03014059677,3.377898455,0.04016069739,5.382639042e-05,0.000216604682,-0.01739229982,0.4986770429,0.0005387423541,-0.001298312126,0,2022-03-29T00:00:00Z,,historical_reconstruction
2022-03-29,0.4963073182,-0.007385363551,0,-0.008496493811,-0.000749325607,-0.01858917378,0.1239421451,-0.0004440510394,0.009533631865,4.14048711,0.003047034411,0.006988518533,-0.0001004214679,-0.005590810685,0.5010741342,-5.679871252e-05,-0.05526485337,0,2022-03-30T00:00:00Z,,historical_reconstruction
2022-03-30,0.5109745924,0.02194918471,0.01230124695,-0.00274218727,0.0009371433977,-0.006534509369,0.1059302173,-0.000203792911,-0.04239608497,4.246521906,0.0013807689,0.002775713928,0.0001104333817,-0.0001253348725,0.4897765499,-5.557156709e-05,0.02195480296,0,2022-03-31T00:00:00Z,,historical_reconstruction
2022-03-31,0.476035246,-0.04792950805,0.08907085448,-0.0006212787989,-0.02065526215,-0.0374517114,0.1079975124,-2.437902063e-05,0.01886125726,3.984046402,0.01126549646,0.005666112757,7.098392326e-05,-0.001571673718,0.4854658746,0.0002552953998,-0.08121374821,0,2022-04-01T00:00:00Z,,historical_reconstruction
2022-04-01,0.505035331,0.01007066192,0.02958497045,-0.004164673196,0.006648428646,0.05182711509,0.07362505164,-0.0002546878482,-0.00638414741,3.973013032,0.01312676467,0.0220810227,0.0001188794865,-0.001686522145,0.5018432573,-6.472100367e-06,0.004868804072,0,2022-04-02T00:00:00Z,,historical_reconstruction
2022-04-02,0.4907955837,-0.0184088327,0.1646768926,-0.007747805893,-0.0051651669,-0.01268344988,0.09867519792,-0.0002032656072,0.01299829453,3.304179353,-0.01997988644,0.01743782312,0.0001547270147,-0.006705297565,0.4972947309,0.0002832208793,-0.01884108873,0,2022-04-03T00:00:00Z,,historical_reconstruction
2022-04-03,0.508638274,0.017276548,0,0.009930375536,0.006156509616,0.01060270419,0.2727287453,-0.0003265273673,-0.01461447064,3.748930253,0.01454781981,0.006268843244,-4.38012118e-06,4.00814645e-05,0.5013310387,-0.0001323319885,-0.06428883952,0,2022-04-04T00:00:00Z,,historical_reconstruction
2022-04-04,0.5056499329,0.01129986575,0,0.007921325147,0.02766925372,0.01161801396,0.1638404074,-0.0001534308851,-0.02550342202,3.672779623,0.02937006538,-0.0001843395825,-0.0001618034855,0.01425648389,0.4928982219,-0.0003634569283,-0.01619481676,0,2022-04-05T00:00:00Z,,historical_reconstruction
2022-04-05,0.4807852134,-0.0384295732,0.0487855762,-0.01673318961,-0.01318175235,-0.0329293216,0.1642028156,-0.0005723527219,-0.01279106712,3.740407013,-0.01553690929,-0.01602236959,-0.0001294717316,-0.01162092253,0.4743896798,-0.0001283016825,-0.03104420965,0,2022-04-06T00:00:00Z,,historical_reconstruction
2022-04-06,0.4729074283,-0.05418514342,0.5279788276,-0.017616802,-0.02721696202,-0.04120810121,0.08055594317,-0.0005459979612,0.01801469774,3.558155141,-0.02263918017,0.0005302668347,-0.0002965218726,-0.0133492372,0.4819147772,-0.0003422050502,-0.07613432813,0,2022-04-07T00:00:00Z,,historical_reconstruction
2022-04-07,0.5090303488,0.01806069758,0.1071702679,0.002871393278,0.008720684902,-0.007525387033,0.08572000625,-0.0006321288799,-0.02532770352,3.821990037,0.02493440977,-0.002163081292,-8.570240667e-06,0.001273596745,0.496366497,-0.0006077498593,0.06599020563,0,2022-04-08T00:00:00Z,,historical_reconstruction
2022-04-08,0.4992386386,-0.001522722873,0.135055455,-0.01425329237,-0.02707817776,-0.02027945631,0.1336095193,-0.0003539667772,-0.006671700343,3.89652693,0.02923406278,0.01179977555,0.0001858891965,-0.01120572402,0.4959027884,-9.927892904e-05,-0.01159338479,0,2022-04-09T00:00:00Z,,historical_reconstruction
2022-04-09,0.5282009337,0.05640186743,0.08927254919,0.007799959794,0.01562125014,0.01526367936,0.1344388502,-0.0003191584038,-0.0284291272,4.283214926,0.06029834712,0.01504653915,0.0002952874593,0.005692987501,0.5139863701,-0.0001158927967,0.07481070012,0,2022-04-10T00:00:00Z,,historical_reconstruction
2022-04-10,0.47682034,-0.04635931995,0,-0.02693145466,-0.01627744131,-0.01498568472,0.3572185616,-0.0008741695389,0.01132333826,4.304114397,-0.008702538877,-0.03031599008,-0.0004365390058,-0.02490807958,0.4824820092,-0.0005476421717,-0.06363586795,0,2022-04-11T00:00:00Z,,historical_reconstruction
2022-04-11,0.4763890259,-0.04722194819,0.2294679872,-0.008273979897,-0.007874435222,-0.02353870303,0.1465216413,-0.0003523797378,0.009197574006,3.695060085,-0.009323669479,0.001681471386,0.0002762495846,-0.01137641946,0.4809878129,-0.0001989488528,-0.05852181395,0,2022-04-12T00:00:00Z,,historical_reconstruction
2022-04-12,0.5090671901,0.01813438012,0,0.01845398278,-0.005688050496,-0.004373618857,0.09745443907,-0.0004491917851,-0.004533175074,3.212052567,0.03640482878,0.005175512737,-9.385750385e-05,0.01963814559,0.5068006025,0.0001231609368,0.05656395332,0,2022-04-13T00:00:00Z,,historical_reconstruction
2022-04-13,0.5144974344,0.0289948688,0.4191017374,0.01045031967,0.008033154136,0.03456764728,0.1198636364,-0.000586861988,-0.006020257377,3.940347064,0.03605280814,0.007670919549,-0.0001496574626,0.002154931488,0.5114873057,-4.086402683e-05,0.08318001222,0,2022-04-14T00:00:00Z,,historical_reconstruction
2022-04-14,0.4799154285,-0.04016914297,0.2771606406,0.008755737295,0.002015981962,-0.01653226069,0.0872008413,-0.0007147631685,0.009527801661,3.68569753,-0.006522084793,0.001782287154,-5.180818186e-05,0.00418772113,0.4846793293,-8.26342886e-05,-0.05822984054,0,2022-04-15T00:00:00Z,,historical_reconstruction
2022-04-15,0.5093580567,0.01871611349,0,0.005868692148,0.003856210877,0.004386776248,0.08459623112,-0.0004505748941,-0.003459317363,3.696897748,0.04011213094,-0.01463231422,0.0001018036628,0.00591739461,0.5076283981,-9.660811686e-05,0.02023883636,0,2022-04-16T00:00:00Z,,historical_reconstruction
2022-04-16,0.5161767688,0.03235353752,0.1004802783,0.0115394789,0.01384916703,0.006520852251,0.2262900906,-0.00042820253,0.006401648533,3.698477944,0.06524017977,0.05428287041,1.039493882e-05,0.004195472719,0.519377593,-0.0001090441262,-0.02404832991,0,2022-04-17T00:00:00Z,,historical_reconstruction
2022-04-17,0.4812947161,-0.0374105679,0.5003314471,-0.02097585909,-0.02764390614,-0.01968143567,0.2898200349,-0.0006793705615,0.0313194716,4.410091184,0.003868891724,0.01687061908,5.201489729e-05,-0.01714966835,0.4969544519,0.0001947989774,0.008948752052,0,2022-04-18T00:00:00Z,,historical_reconstruction
2022-04-18,0.4940240913,-0.01195181733,0.4896306114,0.01658171753,0.04848931972,0.04934990006,0.1239833014,-0.0005039992669,0.02509661699,3.558917634,-0.01169690979,-5.590642973e-05,-0.0001233725539,0.002960864961,0.5065723998,-0.0001516195291,0.03527013087,0,2022-04-19T00:00:00Z,,historical_reconstruction
2022-04-19,0.522114212,0.04422842393,0,-0.002857914398,-0.002816240319,0.01981252733,0.09243180419,-0.0004352353656,-0.02139824779,3.321548849,0.04917610345,-0.003011568031,5.351965389e-05,0.001833777875,0.5114150881,1.395641946e-05,0.02609404381,0,2022-04-20T00:00:00Z,,historical_reconstruction
2022-04-20,0.4975668846,-0.004866230873,0.379520139,0.00196742671,0.002522569501,-0.02434042337,0.1090339791,-0.0006599394026,-0.001960924317,3.357588779,0.01607005456,-0.005549946398,7.727854624e-05,0.00398845557,0.4965864224,-7.307741459e-05,-0.03386109967,0,2022-04-21T00:00:00Z,,historical_reconstruction
2022-04-21,0.5009255719,0.001851143771,0.002994133139,-0.014093443,-0.03904586754,-0.05317741142,0.2163706167,-0.0007608309481,-0.01332796803,3.199424966,0.00960605479,-0.006837964858,-1.453666601e-05,-0.0179240939,0.4942615879,-4.606777954e-05,0.04202028674,0,2022-04-22T00:00:00Z,,historical_reconstruction
2022-04-22,0.4781504695,-0.0436990611,0,0.001924442791,0.004360016681,-0.01724080734,0.07682661338,-0.0006785062061,0.03368257869,3.262948456,-0.04002937298,0.01670209399,0.0002023984109,0.005221386166,0.4949917588,-0.000227931312,-0.06241517459,0,2022-04-23T00:00:00Z,,historical_reconstruction
2022-04-23,0.4781360821,-0.04372783583,0.1248996242,-0.006856782967,-0.01117599067,-0.008686159264,0.1339384672,-0.000937596956,0.01466108937,3.279839077,-0.0508228551,0.004966142683,-0.0002657175191,-0.00789102135,0.4854666268,-0.0005093944261,-0.07608137335,0,2022-04-24T00:00:00Z,,historical_reconstruction
2022-04-24,0.4862149587,-0.02757008259,0.03582200964,-0.01303229861,-0.007755203256,-0.006077186392,0.1583199381,-0.0006949674769,0.0208913536,3.870368694,0.02551563253,0.005792946638,-0.000270887759,-0.006387559459,0.4966606355,-1.559691539e-05,0.009840485311,0,2022-04-25T00:00:00Z,,historical_reconstruction
2022-04-25,0.4920329404,-0.01593411922,0.4731802207,-0.001922049123,0.04775611762,0.05063021319,0.08903917065,-0.0001696256926,0.02225729798,3.56664906,-0.03030615464,0.0008228794014,0.0002034008289,0.004974397143,0.5031615894,0.0003343735743,-0.003982301896,0,2022-04-26T00:00:00Z,,historical_reconstruction
2022-04-26,0.4881944452,-0.02361110963,0,-0.0103032139,-0.01751545584,-0.0643914167,0.1757513047,-0.000637085494,-0.01003426845,3.980787453,0.01762276694,-0.002694440542,-0.0001398752502,-0.004112356327,0.483177311,-0.0002018501284,-0.06783953356,0,2022-04-27T00:00:00Z,,historical_reconstruction
2022-04-27,0.5045214263,0.009042852555,0,0.01272141538,0.008278538622,0.001442041043,0.09364875687,-0.0004811420027,0.005973768137,3.864680406,-0.00491836579,0.004664842937,0.0001998700955,0.009713505002,0.5075083103,0.0001787974,0.01390908343,0,2022-04-28T00:00:00Z,,historical_reconstruction
2022-04-28,0.5087290708,0.01745814151,0,-0.00370101498,0.01640405187,0.002957377564,0.1270859218,-0.0005243570667,0.01117192891,3.580672881,0.0004052011506,0.0007616877598,-0.0002835543104,-0.00604495274,0.5143150352,0.0002364738813,0.01560699774,0,2022-04-29T00:00:00Z,,historical_reconstruction
2022-04-29,0.4859216413,-0.02815671735,0,0.008657512666,-0.01378605361,-0.009137880701,0.1017748527,-0.0006247493016,-0.006131016984,3.175325841,0.008672293387,-0.00818356356,-5.256819062e-06,0.006901886305,0.4828561328,5.375690454e-05,0.01554234375,0,2022-04-30T00:00:00Z,,historical_reconstruction
2022-04-30,0.4669769449,-0.06604611024,0.2009233931,-0.02853132103,-0.03174992099,-0.03677457644,0.3029274819,-0.0005721285382,0.03443727892,3.032760184,-0.002020998652,0.007498620773,-0.000138972719,-0.02173353555,0.4841955843,0.0003654684178,-0.0223182744,0,2022-05-01T00:00:00Z,,historical_reconstruction
2022-05-01,0.5159355882,0.03187117646,0.4158191694,0.02148332972,0.006789604243,0.02467362403,0.2177233547,-0.0005062287375,0.002007600115,2.750072628,0.02416459214,0.02328447404,0.0002177430471,0.01746937873,0.5169393883,0.0001887387394,0.05944125904,0,2022-05-02T00:00:00Z,,historical_reconstruction
2022-05-02,0.5173288173,0.0346576347,0.4071359587,0.005215151387,0.01020624682,0.02199960645,0.1268758413,-0.0004831019345,-0.02066869265,3.061914443,0.009255681907,-0.003590691021,-0.0004945230422,-0.0009913547538,0.506994471,-0.0003134762419,0.05059175392,0,2022-05-03T00:00:00Z,,historical_reconstruction
2022-05-03,0.4963677482,-0.007264503572,0.1728715536,0.002981867219,-0.01435399917,-0.0236257507,0.1343990714,-0.0002839989934,-0.004828517913,3.148836794,6.772477005e-05,0.0204834139,0.0001414037808,0.0003035726122,0.4939534893,0.0003530865006,0.01634660606,0,2022-05-04T00:00:00Z,,historical_reconstruction
2022-05-04,0.5266144049,0.05322880983,0.3544476479,-0.005095239706,0.03388215605,0.02442406106,0.1213498473,-0.000299254584,-0.01906303369,3.127282559,-0.0002982321914,0.002626217866,-0.0001480830043,-0.00424569165,0.5170828881,0.0001818874186,0.04418595727,0,2022-05-05T00:00:00Z,,historical_reconstruction
2022-05-05,0.4771407526,-0.04571849473,0,0.006906988333,0.001866671528,-0.06073822406,0.1247847511,-0.0005822479867,0.0057186103,2.966400709,0.01187716155,0.01922857545,-8.242540046e-05,0.006524945885,0.4800000578,-5.789091996e-05,-0.06317663625,0,2022-05-06T00:00:00Z,,historical_reconstruction
2022-05-06,0.4918311243,-0.01633775141,0,0.001320046109,0.001748414337,0.00628166993,0.05445315501,-0.0004679057504,0.004375196586,2.694480079,-0.02591297523,0.004164674339,4.495363643e-05,0.0003452649262,0.4940187226,0.0001568435512,0.01181896594,0,2022-05-07T00:00:00Z,,historical_reconstruction
2022-05-07,0.4811487895,-0.03770242094,0.07330100946,-0.0177453922,-0.02129113482,-0.01991528103,0.4044843951,-0.0001973179931,0.02420330403,2.595694081,0.06440417437,0.02366743743,-3.691154743e-05,-0.01126033654,0.4932504415,0.0003748105451,0.02834368929,0,2022-05-08T00:00:00Z,,historical_reconstruction
2022-05-08,0.4881351935,-0.02372961301,0.2367607755,-0.01650663544,0.001080655863,-0.01879305444,0.0884612729,-0.0003214655655,0.00788452646,2.636850397,0.08324823492,0.003154709471,-0.0001334426267,-0.01587966106,0.4920774567,0.000184763172,-0.05560078947,0,2022-05-09T00:00:00Z,,historical_reconstruction
2022-05-09,0.4985247531,-0.002950493771,0.1651548892,-0.01855391337,-0.06436959196,-0.0737685159,0.1537110583,-0.0004801328218,-0.004942037185,2.871214062,0.09504245531,0.01013314798,0.0001752002294,-0.02793447578,0.4960537345,2.969112718e-06,-0.03760812847,0,2022-05-10T00:00:00Z,,historical_reconstruction
2022-05-10,0.4968900181,-0.006219963813,0.005241922904,-0.00530887006,-0.008442034048,-0.02495836803,0.09715545194,-0.0005081018766,0.01847013989,2.628625461,0.1029532601,-0.01000465927,-2.449767114e-05,-0.009987232684,0.506125088,-0.0002241028831,0.001044539759,0,2022-05-11T00:00:00Z,,historical_reconstruction
2022-05-11,0.4966465784,-0.006706843163,0.06889404761,-0.01536231063,-0.07928355994,-0.1349378895,0.1164575837,-0.0004844147934,0.003731898654,2.860290523,0.02943490487,-0.001754994704,0.0005202601751,-0.009133463229,0.4985125277,-0.0001851602093,-0.05993565299,0,2022-05-12T00:00:00Z,,historical_reconstruction
2022-05-12,0.4992054372,-0.001589125544,0,0.007384947452,-0.004069646332,0.003820233925,0.06310665886,-0.0002244646009,-0.00400598631,2.445927269,0.005403739092,-0.01619928605,8.728455297e-05,0.01360858939,0.4972024441,0.0003577833858,0.04412936919,0,2022-05-13T00:00:00Z,,historical_reconstruction
2022-05-13,0.5035272277,0.007054455393,0.1490549016,-0.02669023634,-0.04008845922,-0.04978746944,0.0726750261,-0.0005971070165,0.005344306131,2.466838237,0.008939376843,-0.002286329486,-0.0001617610189,-0.02649406165,0.5061993808,-0.0001292012661,0.0233922068,0,2022-05-14T00:00:00Z,,historical_reconstruction
2022-05-14,0.4985844582,-0.002831083567,0.1445986947,0.03027479272,0.04725820908,0.03568658656,0.1280276891,-0.0007196763402,0.02801795876,3.033427528,-0.0172224875,0.0101506708,-0.0004890099403,0.02549355307,0.5125934376,-0.000522358347,0.03487133738,0,2022-05-15T00:00:00Z,,historical_reconstruction
2022-05-15,0.5095924955,0.01918499107,0,0.01960514059,0.04010530552,0.03115146505,0.2585989557,-0.0005686876833,0.001125781077,3.147048532,-0.02588500844,-0.01365655345,-0.0004253694872,0.02859719718,0.5101553861,-0.0002472221178,0.04291460409,0,2022-05-16T00:00:00Z,,historical_reconstruction
2022-05-16,0.4972577335,-0.005484533087,0.1493433146,0.008230616698,0.004651763152,-0.003692471297,0.1007724021,-0.0003804987004,-0.0025207094,3.209094906,0.001474249287,0.01275674693,-0.0001358043992,0.01005216944,0.4959973788,9.963412142e-05,-0.002534039317,0,2022-05-17T00:00:00Z,,historical_reconstruction
2022-05-17,0.5024998628,0.004999725571,0.3876918479,0.02153274864,0.01438573168,0.004810857832,0.1188068843,-0.0003443789699,0.02491161653,3.447881217,-0.003719429222,0.02455452761,-8.390867159e-05,0.01155692741,0.5149556711,0.0001637229066,0.01121968938,0,2022-05-18T00:00:00Z,,historical_reconstruction
2022-05-18,0.4954737712,-0.009052457602,0.05170193207,-0.03354881686,-0.02093994591,-0.05720910541,0.1689534057,-0.0004751685282,-0.02070698551,3.686975459,0.003198985929,-0.009945646199,3.744982328e-05,-0.01916995001,0.4851202784,9.246265178e-06,-0.002345614439,0,2022-05-19T00:00:00Z,,historical_reconstruction
2022-05-19,0.5113768792,0.02275375831,0,0.01304206065,-0.002109871431,0.02748368125,0.08867672964,-4.456438315e-05,0.0004965270773,3.482190901,-0.01893032217,-0.01542156692,-6.666256969e-05,0.01174042459,0.5116251427,0.0001799002178,0.02434288385,0,2022-05-20T00:00:00Z,,historical_reconstruction
2022-05-20,0.4995192306,-0.0009615387005,0.1042780132,-0.004664017965,-0.0009790922998,-0.04644439036,0.08683450607,-0.0001990730343,-0.0004711420406,4.507744699,-0.02225810518,0.02117809759,0.0002156386486,-0.003090993819,0.4992836596,0.0003980339822,-0.008015994094,0,2022-05-21T00:00:00Z,,historical_reconstruction
2022-05-21,0.4955198917,-0.008960216612,0,-0.003194710811,-0.002686339559,0.002334468426,0.1036066013,-0.0005721316207,0.01386839009,4.858587406,-0.01528554504,-0.00641265228,2.762942585e-05,-0.0006536719666,0.5024540867,0.0001475447195,-0.006129133045,0,2022-05-22T00:00:00Z,,historical_reconstruction
2022-05-22,0.5149600479,0.0299200958,0.3999797877,0.01782396222,0.01926089256,0.01280386247,0.1917669509,-0.0002740812161,0.004789152871,4.027821456,0.004463475843,0.01232596099,5.403721283e-05,0.01195616518,0.5173546243,0.0002946064671,0.01073510473,0,2022-05-23T00:00:00Z,,historical_reconstruction
2022-05-23,0.4757993688,-0.04840126248,0,-0.003871801473,-0.04440172203,-0.04622612327,0.1639516536,-0.0004408813573,0.0320827277,3.677641154,-0.003122260893,0.009794833724,-4.753424824e-05,0.0006613977149,0.4918407326,-6.038265693e-05,-0.04291672939,0,2022-05-24T00:00:00Z,,historical_reconstruction
2022-05-24,0.4999267106,-0.0001465788814,0.3903630955,0.008436711924,0.008508643661,0.006631508821,0.1318717075,-0.000429420888,-0.00336817499,3.884720043,0.007452433623,-0.004618286323,-4.22968755e-05,0.00894676782,0.4982426231,-8.504191812e-05,-0.005146304453,0,2022-05-25T00:00:00Z,,historical_reconstruction
2022-05-25,0.5000456325,9.126493055e-05,0.0753694937,-0.00459112826,-0.01115273805,-0.0007458540801,0.1058171174,-0.0003243026207,-0.00404041617,4.098432547,0.03087144579,-0.001471893744,-0.0001398204486,-0.001924044988,0.4980254244,0.0001508659075,0.009143722533,0,2022-05-26T00:00:00Z,,historical_reconstruction
2022-05-26,0.4866845726,-0.02663085487,0.6375133138,-0.01878952123,-0.03748596961,-0.01339344695,0.1202542902,-0.0006751365617,0.002743978649,3.772088361,0.0169357725,-0.01321336195,-0.0004234358698,-0.006072547904,0.4880565619,-0.0006305721786,-0.04938461318,0,2022-05-27T00:00:00Z,,historical_reconstruction
2022-05-27,0.4907551735,-0.01848965298,0.2409692644,-0.01542469205,-0.02101068955,-0.02483542789,0.09827109572,-0.0004168427634,0.0245428853,3.65785293,0.02289253803,0.0136918867,-0.0001863137342,-0.008663434903,0.5030266162,-0.0002177697292,-0.01752811428,0,2022-05-28T00:00:00Z,,historical_reconstruction
2022-05-28,0.4925634817,-0.01487303658,0.3604140138,-0.0007526887716,-0.001615490886,0.01085748772,0.07988627141,-0.0002678242626,0.0262627795,3.712894516,-0.03356501504,-0.01381196379,0.0001637784231,0.0003969702076,0.5056948715,0.000304307358,-0.005912819971,0,2022-05-29T00:00:00Z,,historical_reconstruction
2022-05-29,0.5089611434,0.01792228681,0,0.01403946258,0.009136332781,0.006465074723,0.1832765198,-0.0006561390353,0.00367141711,3.795890179,0.02123261968,-0.007982845953,-0.0001369335216,0.01173162492,0.510796852,-0.0003820578192,-0.01199780899,0,2022-05-30T00:00:00Z,,historical_reconstruction
2022-05-30,0.5265893523,0.05317870457,0,0.04248638725,0.04515197942,0.05052426878,0.2611405038,-0.0004552777194,-0.007362881804,4.005004255,0.1238528362,-0.00641169809,-0.0002120072057,0.03560736348,0.5229079114,-1.43963621e-05,0.101579967,0,2022-05-31T00:00:00Z,,historical_reconstruction
2022-05-31,0.495630482,-0.008739035941,0.04941756167,0.003970592797,-0.02349367903,-0.01853854785,0.09518486645,-0.0001132911066,-0.008694715896,3.534340888,0.02866646429,-0.02185158297,-1.140764623e-05,0.005543907157,0.4912831241,0.0003161297814,-0.008592457059,0,2022-06-01T00:00:00Z,,historical_reconstruction
2022-06-01,0.4847515604,-0.03049687911,0.0573507659,-0.002129726703,-0.03330869568,-0.06240490987,0.1886822967,-0.0004675596139,0.01057879151,3.378377874,0.04822953776,0.02154216897,-0.0001679537985,-0.01065101367,0.4900409562,-0.0001432569932,-0.03058814404,0,2022-06-02T00:00:00Z,,historical_reconstruction
2022-06-02,0.499213138,-0.001573724027,0.009683527015,0.006585879874,0.00966127727,-0.002941032569,0.1190453213,-0.0003871150659,0.002541736305,3.027736745,-0.004339517606,-0.02438759907,0.0001225290961,0.005269204107,0.5004840061,0.0002880214958,0.02505713085,0,2022-06-03T00:00:00Z,,historical_reconstruction
2022-06-03,0.4843981748,-0.03120365049,0.2562921537,0.01367078199,0.006691922056,0.007240291427,0.1071608218,-0.0005464419307,0.02238708239,3.184700844,-0.01454909879,0.01006090322,3.974921072e-05,0.004317859959,0.495591716,-0.0001295991673,-0.01271399751,0,2022-06-04T00:00:00Z,,historical_reconstruction
2022-06-04,0.4988506613,-0.002298677409,0.1060850917,0.01811021845,0.01446440116,0.02055728044,0.1874594716,-0.0004821066398,0.006871619173,3.395148939,-0.01523398615,-0.01787046266,4.160013265e-05,0.007035141311,0.5022864709,-0.0002142823771,0.01257435917,0,2022-06-05T00:00:00Z,,historical_reconstruction
2022-06-05,0.5024115788,0.004823157676,0,-0.008225300762,-0.002865155513,0.01008276479,0.2003557272,-0.0004650570525,0.01234607828,3.847372212,-0.0112353621,0.002533004052,-0.0001538857348,-0.004347442666,0.508584618,0.0001910819828,-0.01309912913,0,2022-06-06T00:00:00Z,,historical_reconstruction
2022-06-06,0.503890078,0.00778015603,0.1187864601,-0.00214075318,-0.01428351857,-0.02602721074,0.07901893714,-0.0003925068823,0.008333232218,3.627362453,0.01370536727,-0.03155350923,-1.320104387e-05,-0.003101930938,0.5080566941,6.27708371e-05,-0.04539854854,0,2022-06-07T00:00:00Z,,historical_reconstruction
2022-06-07,0.4961529005,-0.007694198937,0.6059710671,-0.01821361473,0.0178441124,0.03400239494,0.2059296663,-0.0003970595534,-0.005547140281,2.926276362,-0.0001949034939,-0.01100147551,-0.0001647728596,0.002112704851,0.4933793304,-0.0002837684468,0.001044837003,0,2022-06-08T00:00:00Z,,historical_reconstruction
2022-06-08,0.5101661563,0.0203323127,0.08360625571,0.00069807833,-0.01289057336,-0.009255675598,0.07525526525,-0.0004799428533,-0.02469947973,2.791944436,0.06676111774,-0.004928988073,-7.371562497e-05,0.002144316516,0.4978164165,-1.238323947e-05,0.0508291918,0,2022-06-09T00:00:00Z,,historical_reconstruction
2022-06-09,0.4936633607,-0.01267327869,0,0.002836720392,-0.005857670826,-0.009051879345,0.1063907917,-0.000436044074,0.004456638397,3.436090003,-0.009857339439,0.002219102092,0.0001162654133,0.003091902221,0.4958916799,-4.892900813e-05,-0.01109955467,0,2022-06-10T00:00:00Z,,historical_reconstruction
2022-06-10,0.478191569,-0.04361686192,0.6448307978,-0.003654861265,-0.03716077332,-0.06151024324,0.09787639457,-0.000577301237,-0.0006765412012,3.778797043,0.02469872185,-0.02069976925,-8.988000467e-05,0.003859554321,0.4778532984,-3.08593063e-05,-0.01241321143,0,2022-06-11T00:00:00Z,,historical_reconstruction
2022-06-11,0.4794070877,-0.04118582458,0.3760504749,-0.008787698515,0.01006846291,-0.02733554573,0.1031486938,-0.0004566537716,0.01059426869,4.062092575,-0.007741473624,-0.003069463506,-0.000175208409,-0.005964972529,0.4847042221,2.545286814e-05,-0.03888714717,0,2022-06-12T00:00:00Z,,historical_reconstruction
2022-06-12,0.4929965006,-0.01400699872,0.104616888,-0.03023831087,-0.05968241902,-0.02324061594,0.1304471538,-0.0003415014915,0.02371619836,3.847851162,0.04437953366,0.02684006896,2.840156986e-05,-0.03100051012,0.5048545998,0.0001235555611,-0.0188301564,0,2022-06-13T00:00:00Z,,historical_reconstruction
2022-06-13,0.4940081376,-0.01198372485,0,-0.01535782012,-0.01620654605,0.0005623831814,0.06930448802,-0.0006447240085,0.02500919115,4.757737327,0.03392492488,0.01594822328,6.278299205e-05,-0.0313818462,0.5065127331,-0.0002522171262,-0.01976388088,0,2022-06-14T00:00:00Z,,historical_reconstruction
2022-06-14,0.4967614534,-0.006477093259,0.1513743041,0.00227998176,-0.03339036988,0.02865846395,0.06822525714,-0.0004797750021,0.02785591308,4.554981302,0.001717377494,0.0006325031531,0.0001395666166,-0.002456859627,0.5106894099,-8.271544865e-05,0.001217105678,0,2022-06-15T00:00:00Z,,historical_reconstruction
2022-06-15,0.496755668,-0.006488663952,0.02395220837,0.05678809926,0.1047608845,0.1048792465,0.09101484109,-0.0008323097809,0.01760363692,5.012206857,0.01310234248,-0.004452535862,-0.0001140932957,0.04399448411,0.5055574865,-0.0003523669275,-0.02682097665,0,2022-06-16T00:00:00Z,,historical_reconstruction
2022-06-16,0.4923362635,-0.01532747298,0.4164774502,-0.02514460887,-0.04119668704,-0.03834903835,0.1418532359,-0.0006832007487,0.01962661198,6.030723789,0.02008284184,0.009412375362,-1.381787088e-06,-0.02271420825,0.5021495695,-0.0002471566747,-0.002654194291,0,2022-06-17T00:00:00Z,,historical_reconstruction
2022-06-17,0.5015583314,0.003116662857,0,0.006435244771,0.001806484912,-0.005189408847,0.07718018374,-0.000874013285,0.004519747121,5.387381393,0.00946606477,0.00044553818,-0.0003116943226,-0.002280217142,0.503818205,-0.000296712048,0.04673352478,0,2022-06-18T00:00:00Z,,historical_reconstruction
2022-06-18,0.4772339363,-0.04553212734,0.07623399822,0.08738362691,0.005699906012,-0.009880007164,0.3110405714,-0.001045089586,0.04519031943,4.921987019,-0.02953602501,0.01024649636,-0.0004605066564,0.04998890279,0.499829096,-0.0005884358147,-0.004346302756,0,2022-06-19T00:00:00Z,,historical_reconstruction
2022-06-19,0.50881236,0.01762471995,0.245694854,0.02521871054,0.05304755151,0.06957502464,0.1689042212,-0.0005759705103,0.02899779306,5.130553102,-0.00984959397,0.00453832758,-9.964116259e-05,0.02235780337,0.5233112565,-0.0002344690189,0.03163171867,0,2022-06-20T00:00:00Z,,historical_reconstruction
2022-06-20,0.5039657749,0.007931549819,0.3815421867,0.01968439889,-0.005561676436,-0.02150836051,0.1017528175,-0.0003633978586,0.001614447619,5.024855914,0.01632121794,-0.01008701405,-0.0001791837892,0.02496363238,0.5047729987,0.0002813261499,0.01991527467,0,2022-06-21T00:00:00Z,,historical_reconstruction
2022-06-21,0.5017827707,0.003565541324,0.2752476869,0.001271766778,-0.0362028524,-0.01361497823,0.1040522311,-0.0003375227606,0.008243399426,5.142678361,0.003430702143,-0.007495457814,0.0001652875728,-0.007904300091,0.5059044704,0.0001422522415,0.01004263458,0,2022-06-22T00:00:00Z,,historical_reconstruction
2022-06-22,0.4944201718,-0.01115965643,0.285918515,-0.01917401375,-0.0230972447,-0.04295881822,0.1166122283,-0.0007522448319,-0.002241650299,4.91755943,0.01382856336,-0.01206234973,-0.0002224266761,-0.006429776501,0.4932993466,8.006494896e-05,-0.004670992479,0,2022-06-23T00:00:00Z,,historical_reconstruction
2022-06-23,0.5019292543,0.003858508618,0.1780043433,0.01604771711,0.04616115736,0.03445720637,0.2095235917,-0.0008823118317,0.03320130531,4.639555281,-0.02407964742,-0.003115077112,-0.0002413873087,0.009568121756,0.518529907,-0.000199111083,0.0191859816,0,2022-06-24T00:00:00Z,,historical_reconstruction
2022-06-24,0.5038467092,0.007693418324,0,-0.002467326249,0.0225713284,0.02434986203,0.1394955485,-0.0004897879218,0.03972364822,4.527988834,0.01079710491,0.0372238977,-0.0001841991313,-0.0007575119543,0.5237085333,0.0003842253632,0.004576755467,0,2022-06-25T00:00:00Z,,historical_reconstruction
2022-06-25,0.5080118103,0.01602362062,0.2669817112,0.03051668505,0.04934371674,0.02070393375,0.208161838,-0.0006117389485,0.001201412796,5.258917285,0.03444126006,-0.004601208324,-0.000179468795,0.01343851636,0.5086125167,0.0004333506378,0.06155574796,0,2022-06-26T00:00:00Z,,historical_reconstruction
2022-06-26,0.4955617494,-0.008876501158,0,-0.02309743824,-0.02092546122,-0.0566502851,0.2060172057,-0.0004842251146,0.01357166854,5.157291327,0.01295635119,0.01130027229,-5.785520518e-05,-0.01153611231,0.5023475837,9.174539572e-05,-0.02650122111,0,2022-06-27T00:00:00Z,,historical_reconstruction
2022-06-27,0.4845045349,-0.03099093019,0.299321663,-0.003501295229,0.00422740402,-0.02254079885,0.1227972085,-0.0005115261088,0.02580905777,5.325734295,-0.0236175655,-2.876989646e-05,9.399220717e-05,-0.005409635308,0.4974090638,-0.0001481282502,-0.03892248001,0,2022-06-28T00:00:00Z,,historical_reconstruction
2022-06-28,0.4838002088,-0.03239958248,0,-0.0105256785,-0.03349666301,-0.06492137182,0.1211618499,-0.000480748219,0.02978387964,5.280401673,0.01159789334,0.004830686028,0.0001449516255,0.001297456777,0.4986921486,-0.0001432254585,-0.0359651238,0,2022-06-29T00:00:00Z,,historical_reconstruction
2022-06-29,0.5037085531,0.007417106134,0,-0.01586833043,-0.01261812667,-0.01585952734,0.1848801873,-0.0008089364758,-0.002144995267,4.826742927,0.0290052734,0.007702664642,-0.0001574434834,-0.004975367924,0.5026360554,-5.669164388e-05,0.01857676257,0,2022-06-30T00:00:00Z,,historical_reconstruction
2022-06-30,0.4932765482,-0.01344690354,0.4524281217,0.04908414144,0.03757919823,0.05157685963,0.1751690309,-0.0001493916957,0.0226229036,5.926187638,0.0180364528,0.01201753393,0.0007888192649,0.05361981854,0.504588,0.000732920136,-0.01730541216,0,2022-07-01T00:00:00Z,,historical_reconstruction
2022-07-01,0.5015590294,0.003118058846,0.5046702966,-0.007650529076,0.002715591469,0.009064853696,0.09438122472,-0.0004623819275,0.01816799126,4.7723322,-0.005970846551,0.02058302791,-5.781341535e-05,-0.00569205943,0.5106430251,2.740599436e-05,-0.004575359478,0,2022-07-02T00:00:00Z,,historical_reconstruction
2022-07-02,0.5038317382,0.007663476405,0.1176461527,0.0009005206135,0.01341070767,0.02225564774,0.08357298767,-0.0004498552029,0.0105083663,5.556030673,-0.01854844011,0.008359030087,0.0001687557947,-0.001061573879,0.5090859214,0.0001618837456,-0.008360144218,0,2022-07-03T00:00:00Z,,historical_reconstruction
2022-07-03,0.5111093018,0.02221860355,0.04762565095,-0.003127232909,0.02251073186,0.01242130659,0.1845738228,-0.0003351144043,-0.00937408279,5.810299275,0.02910470399,-0.005245370247,0.0001789717105,-0.009045692753,0.5064222604,0.0001491107103,0.03109510471,0,2022-07-04T00:00:00Z,,historical_reconstruction
2022-07-04,0.4974547957,-0.00509040856,0.4413954118,0.02451355633,0.0348858119,0.04541326067,0.1863277215,-0.0006689834926,0.05309180667,5.134637064,-0.03601885792,0.006798223555,-0.0001693963562,0.02051086285,0.5240006991,-0.0001574573838,0.02590052163,0,2022-07-05T00:00:00Z,,historical_reconstruction
2022-07-05,0.5084421898,0.01688437955,0.03976350209,-0.01223692359,0.03618646782,0.01824295771,0.1475708144,-0.0006181015453,-0.005293614345,5.097615143,0.009452167366,-0.003819428893,-0.0003291419337,-0.01090193698,0.5057953826,-0.0001373533262,0.04928396203,0,2022-07-06T00:00:00Z,,historical_reconstruction
2022-07-06,0.5037377156,0.007475431143,0.3201893237,0.02870493992,0.04672724065,0.04624731069,0.1713832691,-0.0001685530563,0.02590244073,5.388202623,-0.001422420493,0.006281245845,0.0003376588593,0.01160732074,0.5166889359,0.0006403834195,5.832500854e-05,0,2022-07-07T00:00:00Z,,historical_reconstruction
2022-07-07,0.503582665,0.007165330025,0.02203168204,-0.008262542074,0.01402853233,0.04334446243,0.133412948,-0.0004606097827,0.02663145627,5.316122286,0.001455263198,-0.01240158749,7.488204203e-05,-0.008595087395,0.5168983931,-0.000311218087,0.02061223357,0,2022-07-08T00:00:00Z,,historical_reconstruction
2022-07-08,0.5087870604,0.0175741209,0.2226090053,-0.02095917034,-0.01773520179,-0.00597704161,0.137986513,-0.0004200850054,-0.001992694487,5.451593847,0.01623469404,-0.0006014688227,-0.0001028782769,-0.009955574709,0.5077907132,4.229692204e-05,0.01445606205,0,2022-07-09T00:00:00Z,,historical_reconstruction
2022-07-09,0.4961385237,-0.007722952518,0.01014905419,-0.001312960562,0.001472972195,0.005568959249,0.1655452479,-0.0004437067591,0.01870530147,4.850665429,-0.0100753147,0.007000637302,0.0001041856613,-0.001371783351,0.5054911745,6.148443724e-06,-0.01538642892,0,2022-07-10T00:00:00Z,,historical_reconstruction
2022-07-10,0.4825776956,-0.03484460888,0.4080513174,-0.005075277607,0.004099382085,-0.0127758813,0.2196761002,-0.0004707453182,0.01212143606,3.504551819,-0.02740871004,0.0122248707,-5.516653009e-05,-0.002816733106,0.4886384136,-0.0001356309139,-0.05706321243,0,2022-07-11T00:00:00Z,,historical_reconstruction
2022-07-11,0.4973457876,-0.005308424768,0.1171918203,-0.03976177965,-0.04133185272,-0.04123963762,0.2201890183,-0.0004104341481,-0.000254869197,3.764203389,0.02210689698,0.006588231657,5.591437301e-05,-0.02661502223,0.497218353,0.0002585493445,-0.0002180162077,0,2022-07-12T00:00:00Z,,historical_reconstruction
2022-07-12,0.487542311,-0.02491537798,0,-0.002717469585,-0.03467826637,-0.02556692906,0.1429799083,-0.0006739971885,0.02039561997,4.471153246,0.004689943657,-0.0005926915089,-0.0003713392308,-0.003607966291,0.497740121,-5.589564321e-05,-0.04179975753,0,2022-07-13T00:00:00Z,,historical_reconstruction
2022-07-13,0.5065248779,0.01304975574,0.3153564792,0.0356582235,0.05168836069,0.0304800281,0.09803732713,-0.0007264573991,0.01704111197,4.176314085,0.02197975484,0.0001220047278,3.470690378e-06,0.0296517175,0.5150454339,-0.0005579043428,0.005574324601,0,2022-07-14T00:00:00Z,,historical_reconstruction
2022-07-14,0.5112843717,0.02256874333,0.71804872,-0.0005276160965,0.04597882485,0.1037308325,0.09995885147,-0.0003435504684,0.01454542238,4.641431696,0.01557131043,0.00553763219,0.0001538063521,-0.0009471884226,0.5185570829,0.0001170593143,0.0154034133,0,2022-07-15T00:00:00Z,,historical_reconstruction
2022-07-15,0.4985392382,-0.002921523565,0,-0.02770209977,0.007462381252,0.01663776732,0.1342698538,-0.0005441624365,0.03836637128,5.216143754,0.001260807071,0.00839178725,-0.0002109897686,-0.01586565151,0.5177224239,-0.0001240774311,-0.02049564446,0,2022-07-16T00:00:00Z,,historical_reconstruction
2022-07-16,0.5203421767,0.04068435338,0.0417630372,0.01468310096,0.06396252178,0.131846299,0.1329593433,-0.0003540214626,-3.173597133e-05,5.56109122,0.02864177293,0.02275337582,0.0002168517375,0.0002642756017,0.5203263087,8.968529658e-05,0.0484073059,0,2022-07-17T00:00:00Z,,historical_reconstruction
2022-07-17,0.5028199066,0.00563981325,0.1797729874,-0.006855158804,-0.009844965827,-0.01820355417,0.117849778,-0.000283868076,-0.002004653313,5.109727211,-0.001859878897,0.006506897335,-0.0001030828527,-0.01098286566,0.50181758,0.0001868772422,0.04048442213,0,2022-07-18T00:00:00Z,,historical_reconstruction
2022-07-18,0.5259646934,0.05192938674,0.1639827868,0.07385723018,0.03924172111,0.06893474322,0.1663158811,-0.0005818954612,-0.02255502373,4.876686833,0.03157192541,0.007246823592,-0.0001949582476,0.03768447658,0.5146871815,-0.0001714613131,0.05723781151,0,2022-07-19T00:00:00Z,,historical_reconstruction
2022-07-19,0.497614463,-0.004771073908,0.204337931,-0.01182741962,0.001168436632,0.0003242920704,0.07899420924,-0.0006029877068,-0.00467443654,5.138621319,-0.01229355521,-0.03106481246,-0.0001448018663,-0.0001393169538,0.4952772448,7.100948164e-05,0.02014430407,0,2022-07-20T00:00:00Z,,historical_reconstruction
2022-07-20,0.4979843993,-0.004031201445,0.1362647916,-0.01946784036,-0.04693959362,-0.05073304635,0.1965972874,-0.0001577307798,0.002944141637,6.057678276,-0.0078981386,-0.01252211373,-8.02224154e-05,-0.01859170595,0.4994564701,0.0005687266193,-0.01708095719,0,2022-07-21T00:00:00Z,,historical_reconstruction
2022-07-21,0.5101288875,0.02025777492,0.2752826281,-0.002147146006,0.04264697123,0.05792410639,0.1410688243,-3.808435685e-05,-0.003953837562,5.874606495,0.01426131489,0.0180449378,0.0002940656471,-0.001819835822,0.5081519687,0.0003054661116,-0.002310968408,0,2022-07-22T00:00:00Z,,historical_reconstruction
2022-07-22,0.5045681857,0.00913637145,0.2838048914,0.005936273514,-0.02516350244,-0.06333430949,0.07983877272,-0.0004819999088,-0.01020343312,5.735319493,0.01794269499,0.006151892484,-5.307890742e-05,0.004514481767,0.4994664692,6.216252774e-05,0.01205789501,0,2022-07-23T00:00:00Z,,historical_reconstruction
2022-07-23,0.4971242123,-0.005751575486,0.07527759483,0.02340657525,0.01640775233,0.01739598867,0.117464014,-0.0004261721348,0.00584418391,6.046578505,-0.0139384285,0.004408026612,5.799187164e-05,0.008017510383,0.5000463042,-7.215067225e-05,-0.04643592886,0,2022-07-24T00:00:00Z,,historical_reconstruction
2022-07-24,0.5069827277,0.01396545542,0.1250610779,-0.003150834503,-0.009245880901,-0.01122635905,0.2231447706,4.381298116e-05,0.007365344979,6.300526035,0.005297203549,0.004886013687,0.0004459444551,-0.005261877994,0.5106654002,0.0003276810572,0.008325642169,0,2022-07-25T00:00:00Z,,historical_reconstruction
2022-07-25,0.4871645347,-0.02567093055,0.1443899512,-0.03626086957,-0.0558511684,-0.06289471801,0.2266121237,-0.0002706848326,-0.001892304342,5.732354823,-0.001922968999,-0.003925918723,0.0002407905157,-0.02657328986,0.4862183826,0.0003112106286,-0.07760031729,0,2022-07-26T00:00:00Z,,historical_reconstruction
2022-07-26,0.4913473072,-0.01730538564,0.2366407211,0.06077930444,0.05877969123,0.0304267135,0.1810841769,-0.0005865628795,0.02236659198,6.383703577,0.0001152537397,-0.002712068794,5.658989583e-05,0.01640815721,0.5025306032,1.642482729e-05,-0.01253431173,0,2022-07-27T00:00:00Z,,historical_reconstruction
2022-07-27,0.5203462295,0.04069245902,0.4304672903,0.03008891912,0.09840182648,0.1260153647,0.1701847456,-0.0001772897893,-0.01284714758,5.992773486,0.03059041412,-0.01596250771,0.0003172107978,0.00785250654,0.5139226557,-1.955900948e-05,0.04472366047,0,2022-07-28T00:00:00Z,,historical_reconstruction
2022-07-28,0.5082254196,0.01645083923,0.2711152897,-0.0008458962445,-0.002198666914,0.05056289293,0.1484496483,-0.0004059100503,0.002121778295,6.102170325,0.01506100246,-0.01225358074,-0.0001236460836,0.002136423435,0.5092863088,-0.0003678256935,-0.00380693569,0,2022-07-29T00:00:00Z,,historical_reconstruction
2022-07-29,0.5038686491,0.00773729821,0.1043433201,-0.001247222754,1.161669551e-05,0.02395622695,0.1371910331,9.874076483e-05,-0.02067659403,6.907999923,-0.002580280354,-0.01487472516,0.0002102082447,-0.005080112525,0.4935303521,0.0005807406736,-0.001399073239,0,2022-07-30T00:00:00Z,,historical_reconstruction
2022-07-30,0.4895955486,-0.02080890281,0.05600416816,0.003002506029,-0.02293820962,-0.004557799586,0.1684061884,-0.0001885680613,0.007345673065,6.650240221,-0.02419619304,-0.02033494589,0.0003870655904,-0.01171346955,0.4932683851,0.0002376040735,-0.01505732732,0,2022-07-31T00:00:00Z,,historical_reconstruction
2022-07-31,0.5109762174,0.02195243474,0,-0.02285471389,-0.01981834643,-0.02353132855,0.2449125279,-0.0002919934212,-0.02464062766,6.237023524,0.02384594355,0.007030693324,-0.0001537563644,-0.02308241719,0.4986559035,-0.0003358064024,0.007986979322,0,2022-08-01T00:00:00Z,,historical_reconstruction
2022-08-01,0.4900544566,-0.0198910868,0,0.004931331213,-0.02529609767,-0.02273694559,0.1485299591,-0.0005091149987,-0.000643413794,7.020714307,-0.01108173919,-0.01700853656,-6.171962621e-05,0.01361947117,0.4897327497,-0.000238430166,0.005779843756,0,2022-08-02T00:00:00Z,,historical_reconstruction
2022-08-02,0.4925943602,-0.01481127962,0.1565022426,-0.003805416763,0.0006073917738,0.02743549037,0.09073778186,-0.000576365342,0.02500581952,7.435319274,-0.003419375808,0.002343545031,-2.433315453e-05,0.001593815751,0.5050972699,1.019753749e-05,0.002494106019,0,2022-08-03T00:00:00Z,,historical_reconstruction
2022-08-03,0.5008000514,0.001600102803,0.1173693064,-0.02189339813,-0.02277352691,-0.02845306355,0.1407336487,-0.0004882088298,-0.004819522352,7.422917111,0.009744699548,-0.007641925307,0.0002511077822,-0.02737110148,0.4983902902,-0.0003109190405,-0.03909235622,0,2022-08-04T00:00:00Z,,historical_reconstruction
2022-08-04,0.4955664039,-0.008867192228,0.2782313532,0.01067901972,-0.00472889329,-0.004802812368,0.1003762939,-0.0004726485733,-0.008769289463,8.409710901,0.00779404389,0.01029304198,0.0001497274355,0.007647670868,0.4911817592,-6.673852301e-05,-0.02531803146,0,2022-08-05T00:00:00Z,,historical_reconstruction
2022-08-05,0.5095128225,0.01902564503,0.156241838,0.03298539864,0.03996862388,0.01364514453,0.136081746,0.00018424583,-0.003252813921,7.605253152,0.01194683534,-0.005496732657,0.0007985106725,0.01662318157,0.5078864156,8.550506516e-05,0.01128834682,0,2022-08-06T00:00:00Z,,historical_reconstruction
2022-08-06,0.5221265328,0.04425306568,0.5079371193,-0.01407218629,-0.01453195222,-0.01255767771,0.1095855298,-0.0004436294807,-0.05939393396,7.016892064,0.05647557719,0.0007056699994,3.166459394e-05,-0.01001064421,0.4924295659,-0.0002550614194,0.06506196848,0,2022-08-07T00:00:00Z,,historical_reconstruction
2022-08-07,0.5142728175,0.02854563509,0.2177516646,-0.004828966777,0.0007652055165,0.004490160051,0.1792203765,-0.0005528793841,-0.03328968636,7.782780968,0.02171815478,-0.02196051694,-0.0002685137546,0.0005150575543,0.4976279744,-0.0002608859629,0.006593200352,0,2022-08-08T00:00:00Z,,historical_reconstruction
2022-08-08,0.5158612337,0.03172246737,0.2179275861,-0.003404145543,0.0009801105159,-0.006885104813,0.1416948832,-0.000540221153,-0.009124327643,8.102208951,0.02628245403,-0.00626117498,-0.0003050258569,-0.004883219013,0.5112990699,-3.110615438e-05,0.05161355417,0,2022-08-09T00:00:00Z,,historical_reconstruction
2022-08-09,0.4868931528,-0.02621369436,0,0.008738099893,0.01075600722,-0.0007511560761,0.1203756017,-0.0004228429139,-0.01458184058,7.743508901,-0.01232412963,0.01963125897,-1.675697514e-06,0.004169807867,0.4796022325,0.0001535224282,-0.01140241474,0,2022-08-10T00:00:00Z,,historical_reconstruction
2022-08-10,0.5214890292,0.04297805848,0.6229586127,0.01943087821,0.008751068033,0.0857368791,0.1118091439,-0.0001780348193,-0.01978283538,6.978921832,0.03717686049,0.006214666815,0.0003709328918,0.01332969527,0.5115976116,0.0003101740105,0.04137795568,0,2022-08-11T00:00:00Z,,historical_reconstruction
2022-08-11,0.5168963845,0.03379276892,0,-0.009988626551,-0.005443062079,-0.01228737432,0.08909481233,-0.000446763359,-0.0341383519,7.120219105,0.03286761688,-0.001056173107,0.0002714500569,-0.01190369541,0.4998272085,2.588521433e-05,0.04265996115,0,2022-08-12T00:00:00Z,,historical_reconstruction
2022-08-12,0.5102323789,0.02046475781,0.2814194596,0.016649275,0.03193372961,0.04798754154,0.2144102204,-0.0004493739404,-0.001991812977,7.701020888,0.01828687974,0.0211621084,0.000213640818,0.009352056472,0.5092364724,-0.0006336197704,0.001439112781,0,2022-08-13T00:00:00Z,,historical_reconstruction
2022-08-13,0.5164678163,0.0329356327,0,0.004008847811,-0.002494329925,-0.001233635448,0.08150626586,-0.0003781099544,-0.02526699318,7.744703146,0.03385189973,-0.00394889021,0.00012840809,0.001755021608,0.5038343198,6.551952628e-05,-0.01131743298,0,2022-08-14T00:00:00Z,,historical_reconstruction
2022-08-14,0.5005297217,0.001059443453,0.1267291566,0.002014062193,-0.02462982189,-0.02756059814,0.144122755,-0.0003927019444,-0.01707709044,8.70880277,0.004908286492,-0.00532717662,6.563543471e-05,0.000871764906,0.4919911765,0.0001601774397,-0.02748619164,0,2022-08-15T00:00:00Z,,historical_reconstruction
2022-08-15,0.4963204484,-0.007359103122,0.1733699778,0.005022306662,-0.009725140923,0.004140162751,0.104394012,-0.0002632881531,-0.003395374551,8.233061686,0.0006561017159,0.004135604841,0.0001359677866,0.00463984883,0.4946227612,0.0002769329999,-0.03908157049,0,2022-08-16T00:00:00Z,,historical_reconstruction
2022-08-16,0.4914209359,-0.01715812829,0,-0.001415398041,-0.00567453295,-0.01571875131,0.08254885036,-0.0004742442731,-0.002110194875,9.980065357,-0.01892148651,0.001635074919,1.790110346e-05,-0.003155003878,0.4903658384,-5.140135924e-05,0.00905556608,0,2022-08-17T00:00:00Z,,historical_reconstruction
2022-08-17,0.4943659312,-0.01126813759,0.1276117968,-0.002317093734,0.001818757783,-0.02269760503,0.08075746478,-0.0003816273681,-0.004940800093,8.678239377,-0.009818156599,0.002755391302,2.792321436e-05,0.002825549289,0.4918955312,-0.0002035925488,-0.05424619606,0,2022-08-18T00:00:00Z,,historical_reconstruction
2022-08-18,0.4890576641,-0.02188467187,0,-0.01284738187,-0.01427030836,-0.00704494243,0.1581311533,-0.0002870466153,0.02953692633,8.787469576,-0.0187970537,0.009614244555,-2.40158105e-05,-0.006583028056,0.5038261272,0.0001597167437,-0.05567744079,0,2022-08-19T00:00:00Z,,historical_reconstruction
2022-08-19,0.4755485302,-0.04890293965,0.3579176084,-0.05418003974,-0.05250357738,-0.05780221582,0.1791938812,-0.0004474801275,0.02414066121,7.540236585,-0.03197844501,0.01634802498,8.016769665e-06,-0.02321932146,0.4876188608,1.893812865e-06,-0.06936769746,0,2022-08-20T00:00:00Z,,historical_reconstruction
2022-08-20,0.4968291481,-0.006341703894,0.06156264593,0.007550040595,-0.03588426011,-0.0337030429,0.2228315746,-0.0007042968453,0.001141064348,8.014358491,-0.01016111321,-0.01744869851,-0.0001238824947,0.007220613936,0.4973996802,-0.0003261868909,-0.03927733659,0,2022-08-21T00:00:00Z,,historical_reconstruction
2022-08-21,0.5081312171,0.01626243411,0.03022215825,-0.003718822537,-0.001838246633,-0.005305023482,0.226004964,-0.0005932774252,-0.01094953951,8.073646167,0.00819609591,-0.01361150522,-0.0001280338183,0.0001673483789,0.5026564473,-0.0002005754808,0.01520299065,0,2022-08-22T00:00:00Z,,historical_reconstruction
2022-08-22,0.497618784,-0.004762432027,0.09194388502,0.03632026127,0.02194657089,0.0362872105,0.1379033805,-0.0003939285758,0.01508727933,9.234273307,-0.003159462486,0.002272689558,0.0002056088971,0.01635441225,0.5051624237,-0.0001306404227,0.002596671095,0,2022-08-23T00:00:00Z,,historical_reconstruction
2022-08-23,0.496594379,-0.006811242051,0.4962521948,0.008954156898,0.015184395,0.02772635269,0.1053401002,-0.0007325523445,0.02831618093,9.057679425,-0.01425601785,-0.001335589805,-0.0002253323559,0.0003303594785,0.5107524694,-0.0002583080714,0.01034688623,0,2022-08-24T00:00:00Z,,historical_reconstruction
2022-08-24,0.4990888764,-0.001822247198,0.1921082419,-0.01312411012,-0.01599653102,0.003422354944,0.1222547142,-0.0005131115082,0.01098983154,9.727118275,0.006058331025,-0.005984910337,0.000103696366,-0.01571859459,0.5045837922,-0.0001314841401,0.009445890387,0,2022-08-25T00:00:00Z,,historical_reconstruction
2022-08-25,0.5127965948,0.02559318969,0.06404027039,-0.007023607287,-0.003579826005,-0.008771365585,0.1058666731,-0.0005604356059,-0.0001919566051,9.784314242,0.03032291869,0.008197027684,-6.226871169e-05,-0.002231195548,0.5127006165,-0.0002733889907,0.04747786156,0,2022-08-26T00:00:00Z,,historical_reconstruction
2022-08-26,0.483471002,-0.03305799603,0.1474948775,-0.03308158843,-0.0535603346,-0.07424208013,0.1383534549,-0.000629898288,0.01250488084,10.47864723,-0.0250601845,0.01124017691,-1.975207523e-05,-0.01947196654,0.4897234424,-0.0001824181605,0.01584494362,0,2022-08-27T00:00:00Z,,historical_reconstruction
2022-08-27,0.5020873891,0.004174778203,0,0.0077317149,0.01438173506,-0.009473068849,0.1161236474,-0.0007109036524,-0.005990317024,9.615742338,0.008661957392,0.008985419619,-2.718903591e-05,0.0009791187931,0.4990922306,-6.606807177e-06,0.0105164821,0,2022-08-28T00:00:00Z,,historical_reconstruction
2022-08-28,0.4858011653,-0.02839766949,0.3891779049,-0.03810474084,-0.04040784483,-0.03968446275,0.2830266045,-0.0003224088144,0.02569571409,10.44251766,-0.02437208353,0.008278358817,9.230594011e-05,-0.02086388605,0.4986490223,0.0002708686108,-0.0446601036,0,2022-08-29T00:00:00Z,,historical_reconstruction
2022-08-29,0.5070974921,0.01419498423,0,0.01334761258,0.01965989434,0.07090852628,0.1216197271,-0.000728186622,0.01928228394,10.94290504,0.00885942755,-0.007556390317,-0.000223891238,0.009308087857,0.5167386341,-0.0003342580462,0.01895741626,0,2022-08-30T00:00:00Z,,historical_reconstruction
2022-08-30,0.4968904125,-0.006219174956,0.4716841027,-0.01212977302,-5.902877981e-05,-0.03804680451,0.1274500183,-0.0007280645944,0.005745241721,12.19814851,0.004598821402,0.003837154987,-0.0002959958026,-0.006794938638,0.4997630334,4.487750052e-06,0.0005920670945,0,2022-08-31T00:00:00Z,,historical_reconstruction
2022-08-31,0.4977510603,-0.004497879317,0.2537806814,-0.01347654142,-0.004216110926,-0.02558154116,0.08375372873,-0.0006820667911,0.02057461067,12.56174539,-0.0189879175,-0.008704454667,-0.0002571295591,-0.008826624917,0.5080383657,-0.0001689552829,-0.002675632119,0,2022-09-01T00:00:00Z,,historical_reconstruction
2022-09-01,0.4977989724,-0.004402055149,0.2990754597,0.01374748346,0.03264280413,0.005177472608,0.1308538145,-0.0004791446008,0.01170400985,12.50459943,0.007623684753,0.01835025,-3.407007565e-05,0.01307287557,0.5036509774,8.129100515e-05,-0.02999524484,0,2022-09-02T00:00:00Z,,historical_reconstruction
2022-09-02,0.5066332704,0.01326654073,0.2163600169,0.008889059668,-0.03726632159,-0.01146446455,0.0835019074,-0.0005459104326,-0.0008861377732,9.933614178,0.01626524959,0.00577026402,-1.60027806e-06,0.002141217918,0.5061902015,8.39878554e-05,0.04632453676,0,2022-09-03T00:00:00Z,,historical_reconstruction
2022-09-03,0.499025603,-0.001948793942,0.1399080021,0.005260406245,0.005955149072,0.005682331822,0.1004979451,-0.0006741746176,-0.01121714591,12.23974361,0.008420619932,0.01273661819,-0.0001094279217,0.006184677829,0.4934170301,3.672903479e-05,-0.006123572145,0,2022-09-04T00:00:00Z,,historical_reconstruction
2022-09-04,0.511449975,0.02289994991,0.1243102411,0.007772318295,0.01200217872,0.009421299551,0.1849190916,-0.0007218479307,-0.01575782376,13.37077541,0.02281548488,0.001223784269,-0.0003418536306,0.005890405861,0.5035710631,-0.0003994391163,0.0512976194,0,2022-09-05T00:00:00Z,,historical_reconstruction
2022-09-05,0.5060615224,0.01212304475,0.172574928,0.02003757834,0.01060706388,0.03251747136,0.1676338765,-0.0005439485721,0.01431311984,11.53220993,0.01642555844,0.0424221368,5.917798746e-05,0.004475194635,0.5132180823,0.0001842380499,-0.002071939483,0,2022-09-06T00:00:00Z,,historical_reconstruction
2022-09-06,0.4907960323,-0.01840793543,0.382228018,-0.01120082199,-0.06637721951,-0.06561061565,0.09847586157,-0.0005003175092,0.01675881771,10.95003391,-0.005431047586,0.04455678989,-1.550089068e-05,-0.001746223334,0.4991754411,0.0002277470852,-0.01218876048,0,2022-09-07T00:00:00Z,,historical_reconstruction
2022-09-07,0.5060114677,0.01202293541,0.5472086111,0.03812398894,0.05557642244,0.07676758335,0.2811816567,-0.0003987730061,0.007045429879,10.67719852,0.0187621092,-0.0004437169255,-9.607003446e-05,0.01582056373,0.5095341826,0.0002832937849,0.01652081473,0,2022-09-08T00:00:00Z,,historical_reconstruction
2022-09-08,0.4947424502,-0.01051509955,0.04839243633,-0.008626333657,0.003559221144,-0.0003789754216,0.09587296272,-0.0007032047793,0.02200391966,12.56770891,-0.01076788245,-0.004869125951,-0.0001612728619,-0.001685064059,0.5057444101,-0.0002240601785,-0.006113044404,0,2022-09-09T00:00:00Z,,historical_reconstruction
2022-09-09,0.5235075851,0.04701517011,0,-0.001069723907,-0.0006455965661,0.0106819131,0.09764692849,-0.0004364956962,-0.01527183938,9.062107641,0.03083894125,-0.03361069048,-5.681600349e-05,0.003216758518,0.5158716654,0.0001094147364,0.03374862938,0,2022-09-10T00:00:00Z,,historical_reconstruction
2022-09-10,0.5175651888,0.0351303775,0.07956482176,0.01900013785,0.03401408122,0.02908983335,0.2923225427,-0.000603115911,-0.01269034564,10.29365189,0.03388026086,-0.005113536513,-0.0001947705136,0.003208660231,0.5112200159,7.105870666e-05,0.03707917144,0,2022-09-11T00:00:00Z,,historical_reconstruction
2022-09-11,0.5049317161,0.009863432198,0.0605326175,0.001451617476,-0.001520805066,-0.002271019643,0.2666494088,-0.0006228377621,-0.02534668722,9.548713173,0.003949931592,-0.0270899805,-0.0003218326248,0.009662322908,0.4922583725,9.901016862e-05,-0.01303651771,0,2022-09-12T00:00:00Z,,historical_reconstruction
2022-09-12,0.5039098193,0.007819638662,0,-0.005734908213,0.005854498998,-0.01861148595,0.1110618985,-0.0007166286989,-0.01307145704,10.32615288,-0.001237724905,-0.03362814962,-0.0002817245609,-0.001449511219,0.4973740908,-0.0001726801268,-0.004303406083,0,2022-09-13T00:00:00Z,,historical_reconstruction
2022-09-13,0.509573285,0.0191465699,0.4035836509,-0.01921819031,-0.01256867615,-0.09394350959,0.1040932896,-0.001587906504,-0.03324892636,8.47550501,0.01303527634,0.0007886231979,-0.001039168725,-0.005487828625,0.4929488218,-0.001087588995,0.03755450534,0,2022-09-14T00:00:00Z,,historical_reconstruction
2022-09-14,0.5247898416,0.04957968311,0.09156788057,0.02410896226,0.0272424041,0.02702990716,0.14521349,-0.001831065863,-0.05586866317,8.467151279,0.0538551991,-0.002197409042,-0.001351007564,0.01377718234,0.49685551,-0.001432292857,0.0375567477,0,2022-09-15T00:00:00Z,,historical_reconstruction
2022-09-15,0.5085915088,0.01718301755,0.5776754622,-0.01661948132,-0.01353025888,-0.07463840054,0.0819567083,-0.0005567815311,-0.03952709249,9.461203884,0.02241633507,-0.00977805162,5.601348048e-06,-0.003985195678,0.4888279625,0.0001464232482,0.02769811711,0,2022-09-16T00:00:00Z,,historical_reconstruction
2022-09-16,0.4893287641,-0.02134247177,0,0.004413000841,-0.01267635698,-0.03025753395,0.08986538935,-0.0002231675849,0.00836213062,11.70187871,-0.01571437416,-0.008517345976,0.0003221960666,0.009479368763,0.4935098294,0.0002133281112,-0.06835764187,0,2022-09-17T00:00:00Z,,historical_reconstruction
2022-09-17,0.5080119482,0.01602389645,0.473683506,0.002840230223,0.01695584142,0.03464962948,0.1506810846,-0.0005923081636,-0.007380246322,10.36199188,0.01655150565,-0.01954342618,-1.459017951e-05,0.005215082809,0.5043218251,1.080774735e-05,-0.01910648105,0,2022-09-18T00:00:00Z,,historical_reconstruction
2022-09-18,0.4841045019,-0.03179099629,0.3319857648,-0.03351004505,-0.05850688565,-0.06939233762,0.3330482262,-0.0006294445152,-0.005891973189,8.912020454,-0.01116249089,-0.00311783706,-2.788437311e-05,-0.01568521686,0.4811585153,-6.606753128e-06,-0.04165442849,0,2022-09-19T00:00:00Z,,historical_reconstruction
2022-09-19,0.5032574855,0.006514971031,0.009022463836,0.009982530571,0.0256872801,0.05204486547,0.1042404815,-0.0006758819169,0.00892907565,10.56851905,0.011583897,0.0214828509,-0.0002449052377,0.001138622994,0.5077220233,4.074678205e-05,-0.001304667632,0,2022-09-20T00:00:00Z,,historical_reconstruction
2022-09-20,0.4986404708,-0.002719058313,0,-0.02156661169,-0.03938511585,-0.02456774194,0.1297552847,-0.0006425132093,0.0003381886501,11.92382218,0.005469315734,0.004092427069,-0.0002080761232,-0.006230081823,0.4988095652,0.0009453932947,-0.02186562821,0,2022-09-21T00:00:00Z,,historical_reconstruction
2022-09-21,0.4960915929,-0.007816814224,0.3691864068,-0.05870174617,-0.07243161139,-0.07783526904,0.2154267535,-0.001276308819,0.004373185121,9.420681505,0.003349308832,-0.008260831913,-0.0005255515613,-0.02849059821,0.4982781854,0.0005547570449,-0.05739649734,0,2022-09-22T00:00:00Z,,historical_reconstruction
2022-09-22,0.5084775789,0.01695515775,0.2319934616,0.001948817113,0.04343790315,0.01371789287,0.1662550277,-0.0005503369872,0.003830552895,10.87788441,0.009944091062,-0.002813613491,-7.975796881e-05,0.004774869067,0.5103928553,6.44454398e-06,-0.0002278598097,0,2022-09-23T00:00:00Z,,historical_reconstruction
2022-09-23,0.504708464,0.009416928014,0,0.02707659449,0.02573515205,0.0306736556,0.1258597435,-0.0004746656621,-0.01015543766,11.14788328,-0.0004670696996,-0.0007263209456,2.786021206e-06,0.02564605635,0.4996307452,-0.0002514980772,0.03075939978,0,2022-09-24T00:00:00Z,,historical_reconstruction
2022-09-24,0.5042640327,0.008528065356,0.2741836057,-0.01875139686,-0.01689842286,-0.00743034989,0.1665904935,-0.00071367291,-0.006658108952,8.892067313,0.002173939602,0.007514438913,-0.0002115720142,-0.009536881736,0.5009349782,-0.0001213647464,-0.007495831092,0,2022-09-25T00:00:00Z,,historical_reconstruction
2022-09-25,0.5028301995,0.005660399083,0.1371728446,-0.003985197837,-0.01232090816,-0.02610337538,0.2141648444,-0.000494349737,-0.0297185935,9.373987831,0.01191602246,-0.009089139591,-8.599939792e-05,-0.005715421594,0.4879709028,0.0001350947782,0.03745139537,0,2022-09-26T00:00:00Z,,historical_reconstruction
2022-09-26,0.4973810337,-0.005237932571,0,0.00435968941,0.008293212997,0.03002574737,0.1037958161,-0.0006885351415,0.02270906916,10.14432548,-0.009911943095,-0.002332982814,-8.940325862e-05,0.001336307999,0.5087355683,-1.26532246e-05,-0.0117529036,0,2022-09-27T00:00:00Z,,historical_reconstruction
2022-09-27,0.5036572955,0.007314590946,0,0.00258191152,-0.02722697939,-0.0437781714,0.08867042796,-0.0006249905875,-0.0003267142532,11.22805156,0.006672006806,-0.0001546456796,-0.0001516985663,8.07229844e-05,0.5034939383,1.752262182e-05,0.01003364926,0,2022-09-28T00:00:00Z,,historical_reconstruction
2022-09-28,0.5003075674,0.000615134811,0,0.002301125078,0.004069741249,0.03233974879,0.1030511248,-0.0005758300927,-0.001385441713,11.54759018,-0.000589825752,-0.009757371441,-0.0002914819146,-0.00685025416,0.4996148465,0.0007004787258,0.008431949035,0,2022-09-29T00:00:00Z,,historical_reconstruction
2022-09-29,0.5031049134,0.006209826776,0,0.001800045001,0.006700281125,-0.000650919892,0.07745244044,-0.0006738039979,0.00236594073,11.62847411,0.006222606978,0.002481709126,-0.0002139109116,0.009734762762,0.5042878838,-0.0001234670107,-0.01074533097,0,2022-09-30T00:00:00Z,,historical_reconstruction
2022-09-30,0.508793738,0.01758747599,0.0106120309,-0.006594195314,-0.01655700212,-0.001555467053,0.109811789,-0.0007074477693,-0.007329132206,11.49195842,0.02729862818,0.01153365097,-0.0001457312955,-0.002614319342,0.5051291719,-0.0002327821072,0.008170547981,0,2022-10-01T00:00:00Z,,historical_reconstruction
2022-10-01,0.4931241288,-0.01375174244,0.294974939,-0.0001219558672,-0.008188292934,-0.01027606552,0.1476655245,-0.0003659122268,-0.01714473127,10.95834742,-0.01282273183,-0.01030790488,-6.01279151e-06,0.002325321873,0.4845517631,0.0003477606832,-0.02227980779,0,2022-10-02T00:00:00Z,,historical_reconstruction
2022-10-02,0.4848537499,-0.03029250015,0.1055691864,-0.02153553747,-0.01284281661,-0.01629593103,0.2481461735,-0.0005952753932,0.001613107655,11.13042006,-0.02617415894,-0.005383987992,-0.00020696256,-0.01058272756,0.4856603038,-0.0001009256562,-0.03595289923,0,2022-10-03T00:00:00Z,,historical_reconstruction
2022-10-03,0.5043602977,0.008720595363,0.2484402323,0.003945701083,0.003283387425,0.0185293529,0.1063610399,-0.0003779032417,0.01279990731,11.98342505,0.004562061036,-0.01241855886,-1.721389707e-05,0.004388714092,0.5107602513,0.0003106318998,0.01395852793,0,2022-10-04T00:00:00Z,,historical_reconstruction
2022-10-04,0.5182756323,0.03655126463,0.004784263922,0.004997342624,0.005583745098,0.008705380295,0.1363454859,-0.000558211959,-0.004536845145,11.62287022,0.02332026354,-0.0141364495,-0.0003212150734,0.005822427101,0.5160072097,6.677862853e-05,0.02923667368,0,2022-10-05T00:00:00Z,,historical_reconstruction
2022-10-05,0.5025061926,0.005012385221,0.2286412109,0.0011624205,0.01642424926,0.01284596083,0.1210665189,-0.0004363259873,-0.004052805839,11.27099731,0.01055135046,0.003510856973,-2.656839908e-05,0.00203556042,0.5004797897,0.0001395041055,0.00439725041,0,2022-10-06T00:00:00Z,,historical_reconstruction
2022-10-06,0.4930862232,-0.01382755357,0.2193906493,-0.005040804763,-0.006838699251,-0.01219360731,0.09301867338,-0.0004141828025,0.01825084373,12.36393578,-0.02326056862,0.009405676369,-8.002568256e-05,-0.002496174531,0.5022116451,0.0002596211954,-0.02003738035,0,2022-10-07T00:00:00Z,,historical_reconstruction
2022-10-07,0.5025446868,0.005089373545,0.5365264184,0.002726971404,-0.002263664438,-0.01746434793,0.06701022579,-0.0005183682668,-0.0149328696,10.39309383,0.01076255178,0.02770656975,-4.781231959e-05,0.003636817731,0.495078252,0.0001890795024,-0.01249810245,0,2022-10-08T00:00:00Z,,historical_reconstruction
2022-10-08,0.4849369038,-0.03012619239,0.3775847166,-0.006840110529,-0.006660122329,-0.01076853662,0.226109542,-0.0005625323076,-0.02542820166,10.71642866,-0.02110204194,-0.03304320179,4.309258812e-05,-0.002544241708,0.472222803,-0.0001966200808,-0.01637444995,0,2022-10-09T00:00:00Z,,historical_reconstruction
2022-10-09,0.5140815249,0.02816304985,0.06472479147,0.002515513597,-0.002555558906,2.267402313e-05,0.1854536631,-0.0003930074898,-0.03303117982,12.36674524,0.02433985862,-0.01580952985,7.100767144e-05,-0.001526036881,0.497565935,0.0002022679034,0.05845554999,0,2022-10-10T00:00:00Z,,historical_reconstruction
2022-10-10,0.4907760567,-0.01844788656,0.1984134514,-0.01343683084,-0.01393453901,-0.01899605326,0.1646037508,-0.0003643326124,-0.004240413598,12.61917814,-0.005299962615,0.008709844825,4.70228902e-05,-0.004149578458,0.4886558499,1.357062923e-05,-0.02716848192,0,2022-10-11T00:00:00Z,,historical_reconstruction
2022-10-11,0.4802838152,-0.03943236951,0.1384078718,-0.001863547758,-0.01039766227,-0.005137092763,0.07436878026,-0.0003359086329,0.0317718461,12.84200486,-0.03523455893,-0.007299176413,-7.357914702e-05,0.003281456769,0.4961697383,0.0002223033261,-0.07598363414,0,2022-10-12T00:00:00Z,,historical_reconstruction
2022-10-12,0.5028208139,0.005641627875,0.144389775,-0.002012258587,-0.003686799104,-0.002489076576,0.1013567836,-0.0003244646334,0.01065007425,11.90862357,0.008437535648,0.009044936239,6.863333888e-05,0.0009531130061,0.5081458511,0.0001118613539,0.0006292426534,0,2022-10-13T00:00:00Z,,historical_reconstruction
2022-10-13,0.4923421306,-0.01531573885,0.5821211463,3.107906514e-05,0.02401145676,0.03538762278,0.07244423658,-0.0005438667371,0.003701858464,11.13475001,-0.01553011598,-0.004971055571,-4.683781395e-05,0.0002679409435,0.4941930598,-0.0001296839346,-0.001488185274,0,2022-10-14T00:00:00Z,,historical_reconstruction
2022-10-14,0.4924079154,-0.01518416917,0.4187144748,-0.001878787412,-0.01051112943,-0.02232496399,0.06879599997,-0.0007097286831,0.02845068243,10.70209892,-0.01517630869,0.01663842419,-6.676862637e-05,0.0004564856966,0.5066332566,-0.0001913604162,-0.02027354271,0,2022-10-15T00:00:00Z,,historical_reconstruction
2022-10-15,0.4822233227,-0.03555335466,0.4421910849,-0.005879325671,-0.008685239758,-0.009701649047,0.2230528448,-0.0006196467229,0.001219923649,10.61777106,-0.02130330501,-0.01169316024,-0.0001482105627,-0.001741119688,0.4828332845,-5.711441533e-05,-0.005427162268,0,2022-10-16T00:00:00Z,,historical_reconstruction
2022-10-16,0.5103261044,0.02065220881,0.386398435,-0.00163597306,0.01522901832,0.01707125223,0.3200596012,-0.0003369194839,0.0001441685314,11.18458591,0.0116801776,0.01980922649,0.0002382770849,-0.005801689669,0.5103981887,5.608800592e-05,-0.007510841031,0,2022-10-17T00:00:00Z,,historical_reconstruction
2022-10-17,0.5022875098,0.004575019604,0.07086071794,0.004413262419,0.001670202681,0.01061932124,0.131261346,-0.0005858494817,0.01731148399,11.20658821,0.0005073971329,-0.01228284125,-0.0001121888008,0.001136848962,0.5109432518,-0.0002215168693,0.02302290616,0,2022-10-18T00:00:00Z,,historical_reconstruction
2022-10-18,0.4850912169,-0.02981756628,0.1378947627,0.007587405061,0.00236307184,-0.01144891356,0.1343172348,-0.0005950973137,1.552466532e-05,11.3456605,-0.02471073579,-0.008052637761,-0.0002567183043,0.005705650858,0.4850989792,-0.0002591886808,0.009614803228,0,2022-10-19T00:00:00Z,,historical_reconstruction
2022-10-19,0.4903607415,-0.019278517,0.1318652998,-0.009144531401,-0.01507556945,-0.01165169507,0.1716684354,-0.000498019594,0.002133009667,11.90059044,-0.01158587844,0.01199156799,-0.0001178684015,-0.00559806943,0.4914272463,-0.0001735549606,-0.02492014487,0,2022-10-20T00:00:00Z,,historical_reconstruction
2022-10-20,0.4886963867,-0.02260722668,0,-0.001556941233,-0.01328625062,-0.01314199977,0.1206844436,-0.0002884832797,0.01800166234,12.35966745,-0.01282089658,0.0213470302,9.068016604e-05,-0.001107903042,0.4976972178,0.0002553834574,-0.007291487834,0,2022-10-21T00:00:00Z,,historical_reconstruction
2022-10-21,0.5020114014,0.004022802703,0.1779042597,-0.002716202841,0.001764986975,0.0189881853,0.07169789943,-0.0005154837469,-0.004506927133,12.87347176,0.01184143215,0.005320990789,0.0001873830836,-0.001294997921,0.4997579378,0.0001942449362,0.01920697187,0,2022-10-22T00:00:00Z,,historical_reconstruction
2022-10-22,0.5251699483,0.05033989661,0,-0.0004413364886,-0.00210425561,0.006081169055,0.09789599861,-0.0003197296001,-0.01265051655,11.20731434,0.06967476389,0.01851144498,0.0001619321067,0.001069650847,0.51884469,0.0002999171228,0.08589325126,0,2022-10-23T00:00:00Z,,historical_reconstruction
2022-10-23,0.5175985649,0.0351971298,0.5776429789,0.02505917271,0.03852009744,0.04606135891,0.4541040383,-0.0005571030641,0.02783337631,8.490834758,0.02384036397,0.009887530433,-6.145657754e-05,0.003590699258,0.5315152531,-0.0002201835802,0.01454492099,0,2022-10-24T00:00:00Z,,historical_reconstruction
2022-10-24,0.4896868188,-0.02062636245,0.04338345928,-0.001003747323,0.00147581673,-0.007233633811,0.09264474646,-0.0006623945937,0.01142401963,8.987607521,-0.01070442678,0.01516239765,-6.124775864e-05,-0.0007356305201,0.4953988286,-7.654511192e-05,-0.02520138205,0,2022-10-25T00:00:00Z,,historical_reconstruction
2022-10-25,0.5116591279,0.02331825579,0.2275933421,-0.02249989955,0.03653366849,0.08331106955,0.1839930518,-0.0003699288914,0.02510536247,10.13822103,0.02222238665,0.009519101691,0.0002162244437,-0.009675847518,0.5242118091,0.0002251684222,0.05313582207,0,2022-10-26T00:00:00Z,,historical_reconstruction
2022-10-26,0.5163666978,0.03273339555,0.148950141,0.001169874766,-0.000918636845,0.02460598368,0.1377435911,-0.0004150437392,-0.00850361605,8.766714778,0.02928921997,0.01392236889,0.0002247724713,0.0003404846344,0.5121148898,8.297585473e-05,0.05201191255,0,2022-10-27T00:00:00Z,,historical_reconstruction
2022-10-27,0.5003906077,0.0007812154808,0.1721115298,-0.03092117054,-0.01953737162,-0.02380445786,0.2559693172,-0.0002311680592,-0.01493286263,9.221603661,0.007861871336,0.02106537573,0.0002423450186,-0.01621360386,0.4929241764,5.731522049e-05,0.02338844216,0,2022-10-28T00:00:00Z,,historical_reconstruction
2022-10-28,0.5199029916,0.03980598328,0.05798090073,-0.001900640182,0.01075513535,0.03752528051,0.07667204427,-0.0003988651643,-0.04658287749,8.64794228,0.04282300158,-0.007902747925,4.014368583e-05,-0.0008428270662,0.4966115529,0.0001166185826,0.03578318057,0,2022-10-29T00:00:00Z,,historical_reconstruction
2022-10-29,0.5105833839,0.02116676778,0.1964070589,-0.002390001417,-0.007877922826,0.00256281687,0.08448000802,-0.0004507424902,0.0005549341427,8.146418807,0.01720294986,0.02272928594,0.0001725254425,-0.001309692009,0.510860851,-0.0001310128901,-0.02917312882,0,2022-10-30T00:00:00Z,,historical_reconstruction
2022-10-30,0.4995537864,-0.0008924272009,0,0.001946640627,0.002035017421,-0.00907782506,0.1308153692,-0.0003458162521,-0.01478770074,8.302624796,0.002671522705,-0.00117028768,0.0002301144966,-0.0009826727051,0.492159936,0.000211286812,-0.036089557,0,2022-10-31T00:00:00Z,,historical_reconstruction
2022-10-31,0.4988666772,-0.002266645659,0.6548890265,0.005755616522,0.002077187259,-0.0299641639,0.08939695858,-0.0004323801894,-0.004910742703,8.77986238,0.001387010126,0.009569904958,-5.846057354e-06,0.005858212985,0.4964113058,0.0002300144043,0.01835971679,0,2022-11-01T00:00:00Z,,historical_reconstruction
2022-11-01,0.5061566251,0.01231325018,0,0.001090844517,0.002661517255,-0.007420076968,0.07920040226,-0.0003801125133,-0.01140009553,8.517216086,0.01720277316,0.008737536153,0.000182288078,0.001678786892,0.5004565773,-1.018362186e-05,-0.01100500561,0,2022-11-02T00:00:00Z,,historical_reconstruction
2022-11-02,0.5012250896,0.002450179193,0.05114982622,-0.01145234483,-0.02577461806,-0.02417172788,0.1323158518,-0.0007113031337,-0.0211307365,9.117619999,0.008093075791,-0.01415153054,-0.0001287260588,-0.004880823755,0.4906597213,-0.0002962593945,-0.03028321636,0,2022-11-03T00:00:00Z,,historical_reconstruction
2022-11-03,0.4859254774,-0.02814904526,0.1615951403,-0.008503115003,-0.007429642068,-0.0006135970495,0.1205855349,-0.0004833410624,0.04237949215,8.601423236,-0.03035656045,0.01478386028,-8.151642227e-05,-0.002700057693,0.5071152234,-0.0002521730033,-0.02893026074,0,2022-11-04T00:00:00Z,,historical_reconstruction
2022-11-04,0.5091949953,0.01838999061,0.03135972183,-0.002123425632,0.0121909943,0.0428216378,0.07983380042,-0.0004195089921,0.003023401141,9.390074029,0.01589489571,-0.001814176841,9.683919682e-05,0.001894020145,0.5107066959,-2.064382781e-05,-0.02141599266,0,2022-11-05T00:00:00Z,,historical_reconstruction
2022-11-05,0.5178048196,0.03560963917,0.04139853463,-0.003832872082,-0.00543441716,-0.01370045709,0.1128119282,-0.0005347330637,-0.05090020571,8.553863856,0.03380354927,-0.02760847553,-9.011897419e-05,-0.001463157589,0.4923547167,-8.399057352e-05,0.01444287138,0,2022-11-06T00:00:00Z,,historical_reconstruction
2022-11-06,0.4893528553,-0.02129428937,0.6668219661,-0.02615483014,-0.03416740056,-0.03212288779,0.3085083651,-0.0005547443394,-0.01533084558,9.181848107,-0.0127983351,0.005658094713,-0.0002878299558,-0.01363183845,0.4816874325,-0.0002089280873,-0.02040186217,0,2022-11-07T00:00:00Z,,historical_reconstruction
2022-11-07,0.5061972158,0.0123944317,0,-0.0202620382,-0.01502493687,-0.007525364085,0.1973433177,-0.0003698743703,-0.02863241416,9.820429275,0.02210198313,0.0133282494,0.0002386400726,-0.01233671954,0.4918810088,6.25058191e-05,0.01466107736,0,2022-11-08T00:00:00Z,,historical_reconstruction
2022-11-08,0.4916869119,-0.01662617629,0,0.01473327302,-0.0873242711,-0.09621699947,0.1072650371,-0.00102639406,-0.004415155425,8.751692645,-0.001991616225,0.004787935128,-0.0003130799968,0.01599485956,0.4894793341,-0.0006462815471,-0.02893942647,0,2022-11-09T00:00:00Z,,historical_reconstruction
2022-11-09,0.4919096412,-0.0161807176,0.1121024508,-0.07756846737,-0.05183917731,-0.09615999344,0.1478315074,-0.001124481967,0.008498572565,9.243017004,0.003142165476,0.02948458871,-5.960801933e-06,-0.05134635,0.4961589275,-0.0004131788338,-0.01863089679,0,2022-11-10T00:00:00Z,,historical_reconstruction
2022-11-10,0.49742408,-0.005151840057,0.2556726877,0.005401222626,-0.01691837414,0.09454530138,0.0948322434,-0.0008235330337,0.02546511352,7.768553657,-0.001280265823,0.00138746073,-7.642275964e-05,0.008258587682,0.5101566367,-0.0003401919712,0.0229972052,0,2022-11-11T00:00:00Z,,historical_reconstruction
2022-11-11,0.509805053,0.01961010609,0.1597416995,0.01185075892,0.02309193925,0.01047879553,0.09313509634,-0.0004964010921,-0.02144039717,8.964871205,0.01620337458,-0.003832593911,0.0002071596517,0.01312468211,0.4990848545,-7.68921e-05,0.001220115478,0,2022-11-12T00:00:00Z,,historical_reconstruction
2022-11-12,0.4980803759,-0.003839248214,0.2550220204,-0.008829674012,-0.01377460171,-0.002578341928,0.07861574085,-0.0003420163054,-0.002642666242,8.357507856,0.003748740493,-0.02003535318,-3.390451914e-05,-0.004755390143,0.4967590428,0.0001927167583,-0.03944888738,0,2022-11-13T00:00:00Z,,historical_reconstruction
2022-11-13,0.4844924675,-0.03101506493,0.26147491,-0.006143005923,-0.008015527547,-0.01526889869,0.1904070293,-0.0005812573169,0.009512906529,8.652155102,-0.02496784737,0.003052312619,-5.155251249e-05,-0.01350179873,0.4892489208,-2.651297751e-05,-0.009720775564,0,2022-11-14T00:00:00Z,,historical_reconstruction
2022-11-14,0.4890798942,-0.02184021159,0.3224578885,0.02221564468,-0.001638133171,-0.007234457096,0.1000231674,-0.000313686378,0.02774057744,10.13537625,-0.01882309695,-0.00120461312,0.000544343907,0.02221954323,0.5029501829,5.618799229e-05,-0.03423464329,0,2022-11-15T00:00:00Z,,historical_reconstruction
2022-11-15,0.4969604936,-0.006079012892,0.02897237806,-0.003229167495,-0.0088028726,-0.005665003134,0.09739730452,-0.0003351340137,0.00899047468,9.723773199,-0.004598486718,-0.008288911101,0.0003908770025,0.00247942169,0.5014557309,0.0006912600467,0.0105471634,0,2022-11-16T00:00:00Z,,historical_reconstruction
2022-11-16,0.471346086,-0.05730782803,0,0.006180193596,0.02003723957,-0.005006995067,0.08077929005,-0.0003206788525,0.03527106343,9.491439573,-0.04882114476,-0.0133582198,0.0004090922059,0.006314696042,0.4889816177,0.000803803115,-0.04112711043,0,2022-11-17T00:00:00Z,,historical_reconstruction
2022-11-17,0.4941001934,-0.01179961326,0.616633585,-0.00190401756,0.006396713615,-0.002791184509,0.09340522394,-0.0006081154253,0.001171292197,10.96367999,-0.005952950257,-0.01657242416,1.851104781e-05,0.004331984001,0.4946858395,0.0002154176084,-0.006647773203,0,2022-11-18T00:00:00Z,,historical_reconstruction
2022-11-18,0.4794308819,-0.04113823625,0.3501834044,0.002372469435,0.001188962465,-0.003820149027,0.08722172134,-0.000445331442,0.05057152921,10.66377271,-0.03423365825,-0.005328270171,0.0001983637877,0.002647036928,0.5047166465,5.106965003e-05,-0.06074834234,0,2022-11-19T00:00:00Z,,historical_reconstruction
2022-11-19,0.4892467136,-0.02150657279,0.1458053058,0.007512886918,0.006688271962,0.005134343143,0.290567044,-0.0006241428302,0.03838073198,10.24144055,-0.01994035615,0.01451223401,-0.0001582935354,0.004411411814,0.5084370796,-0.0002821265247,-0.01766732457,0,2022-11-20T00:00:00Z,,historical_reconstruction
2022-11-20,0.4810518309,-0.03789633822,0.4889242725,-0.03649185555,-0.02965712926,-0.02187949579,0.2615735162,-0.0005603172797,0.006386655087,9.792503128,-0.01904589405,-0.006274894144,-9.16506822e-05,-0.01854194046,0.4842451584,2.094003722e-05,-0.006881273293,0,2022-11-21T00:00:00Z,,historical_reconstruction
2022-11-21,0.4951303403,-0.009739319475,0,0.01477245652,-0.02034785994,-0.01569777778,0.1503710792,-0.000352195351,-0.0009170193843,10.54119133,0.002781903203,0.007424816448,0.0001731102482,0.003802433736,0.4946718306,-3.850897305e-05,0.01210089212,0,2022-11-22T00:00:00Z,,historical_reconstruction
2022-11-22,0.4936518552,-0.01269628966,0,0.01094689779,0.003734498309,0.04989681604,0.07970696503,-0.00042997543,0.04163069385,10.01612589,-0.009615845979,-0.003222738218,-3.92671387e-05,0.003677132319,0.5144672021,-9.484141627e-05,-0.006617276764,0,2022-11-23T00:00:00Z,,historical_reconstruction
2022-11-23,0.4956070806,-0.008785838817,0.3255949747,0.01335432155,0.02001240011,0.008119287137,0.1108661918,-0.0005825144362,0.03161067192,10.42067743,-0.01137505124,-0.002159419755,-0.0001422354764,0.007878800388,0.5114124166,-0.0002618355838,0.04852198921,0,2022-11-24T00:00:00Z,,historical_reconstruction
2022-11-24,0.5113917975,0.02278359502,0.3176414718,0.0005236472446,0.007103175931,0.0066652171,0.09692064357,-0.0006729083765,-0.0152132556,10.6635345,0.02348390531,0.002394151654,-0.0002783051034,0.001321103574,0.5037851697,-6.479295116e-05,0.03458320828,0,2022-11-25T00:00:00Z,,historical_reconstruction
2022-11-25,0.5218754154,0.04375083075,0.2375934954,0.001728991088,0.007984535216,0.00505334082,0.1283315436,-0.0006253647961,-0.04289938322,10.90303064,0.05311166056,0.003713602121,-0.0002597947186,-9.259444179e-05,0.5004257238,-0.0001800333541,0.084889067,0,2022-11-26T00:00:00Z,,historical_reconstruction
2022-11-26,0.4774589558,-0.04508208843,0.09606425054,-0.001432913951,-0.004376909737,-0.01318643541,0.08995947536,-0.0006303915063,0.06357956569,10.21052945,-0.03128709317,0.01887710947,-6.108323712e-05,-0.001811572229,0.5092487386,-6.248676145e-06,-0.02357551564,0,2022-11-27T00:00:00Z,,historical_reconstruction
2022-11-27,0.4927853849,-0.01442923014,0.7175574697,-0.01591671544,-0.01973052196,-0.01763336104,0.2440827481,-0.0005193151741,0.02557464356,10.43842005,-0.003142977786,0.004630482917,-0.0001431460367,-0.007647660369,0.5055727067,4.100210561e-05,0.02346710808,0,2022-11-28T00:00:00Z,,historical_reconstruction
2022-11-28,0.481450297,-0.03709940593,0.6414550241,-0.003260526293,0.003669961324,-0.002212994292,0.06314776154,-0.000479546486,0.02110545778,11.65468495,-0.03252266031,-0.0114665417,3.917593949e-05,-0.0007777866116,0.4920030259,-0.000127351135,-0.02736008645,0,2022-11-29T00:00:00Z,,historical_reconstruction
2022-11-29,0.5266599162,0.05331983239,0.04311086791,0.0006086777709,0.006428287775,-0.0006818256498,0.1129051415,-0.0006165278794,-0.006115954468,11.5418369,0.05601976466,0.02358960956,-4.909695483e-05,0.0009722059884,0.523601939,-0.0001865524494,0.06601612205,0,2022-11-30T00:00:00Z,,historical_reconstruction
2022-11-30,0.526558293,0.05311658596,0.7712948274,0.005640149161,0.0213588556,0.02189101071,0.1363868406,-0.0003399100783,-0.008084658145,8.567083997,0.05145970907,-0.001231600751,0.0002625262347,0.006007804871,0.5225159639,0.0002426043579,0.06190242477,0,2022-12-01T00:00:00Z,,historical_reconstruction
2022-12-01,0.5193189244,0.03863784886,0.1281380933,0.00039187717,0.003830001416,-0.005089871701,0.08011179195,-0.0005562476007,-0.04672395189,11.01739875,0.04196603191,0.002981711027,-0.0001515912847,0.001467631009,0.4959569485,0.0001166607758,0.01585425384,0,2022-12-02T00:00:00Z,,historical_reconstruction
2022-12-02,0.4993385324,-0.001322935283,0.2781921329,0.006432017152,0.01299483178,0.005252866964,0.1100396169,-0.0004553909802,0.008852773772,11.41482944,0.01480721057,-0.005987754013,0.000114441592,0.006224167761,0.5037649192,0.000169973816,-0.04507376604,0,2022-12-03T00:00:00Z,,historical_reconstruction
2022-12-03,0.4519070368,-0.09618592631,0.2580542995,-0.02028905386,-0.0240197004,-0.02275878368,0.2255573522,-0.0006045900476,0.03518543882,10.73515583,-0.08253434634,-0.04512732698,-0.0002670163144,-0.004050990098,0.4694997563,2.580145866e-05,-0.05110383788,0,2022-12-04T00:00:00Z,,historical_reconstruction
2022-12-04,0.495368924,-0.009262151933,0.1296329404,0.0007195989018,0.01553371857,0.01949894019,0.1245690393,-0.0004611500614,0.05066376764,11.95208776,-0.009877624543,-0.00881078067,-9.869777937e-05,0.001180531128,0.5207008079,5.81651127e-05,0.005167078208,0,2022-12-05T00:00:00Z,,historical_reconstruction
2022-12-05,0.4817723449,-0.03645531026,0.2504011991,0.004578557356,-0.005668764162,-0.02758024291,0.0812278812,-0.0005955169484,0.01127672543,13.76818109,-0.0249414873,-0.009382989058,-0.000121048368,0.002345413889,0.4874107076,-0.0001159704624,0.0006440956627,0,2022-12-06T00:00:00Z,,historical_reconstruction
2022-12-06,0.4940474768,-0.01190504633,0.4064480951,0.016958372,0.01349659994,0.01212492735,0.1668370149,-0.0004719504137,0.0001526442188,13.56799212,-0.003572857606,-0.03028925447,0.0001342889361,0.006979161511,0.4941237989,0.0001445774656,-0.06522487872,0,2022-12-07T00:00:00Z,,historical_reconstruction
2022-12-07,0.5002104645,0.000420928975,0.2359478962,-0.0007629127033,-0.002163958342,0.005077716823,0.08928653708,-0.0002842801215,-0.04348911953,11.54619752,0.02330497653,-0.005160327456,0.000228886401,0.001279205097,0.4784659047,5.562995682e-05,-0.05269565698,0,2022-12-08T00:00:00Z,,historical_reconstruction
2022-12-08,0.5055350371,0.01107007414,0.5739405906,-0.002897421918,0.02421774368,0.0320702999,0.1598890054,-0.0003515130685,0.03955214299,13.27844073,0.0192191882,-0.007554857901,0.0001187582374,-0.001577850275,0.5253111086,0.0002047345322,-0.02756777472,0,2022-12-09T00:00:00Z,,historical_reconstruction
2022-12-09,0.5020331898,0.004066379512,0.3014135349,-0.004696389454,-0.01134940513,-0.01921046093,0.1158913147,-0.0006254453329,-0.001889618997,10.84964332,0.01394617586,0.001176055949,-0.0002424592559,-0.0008230923188,0.5010883803,-0.0001700543527,0.005389314795,0,2022-12-10T00:00:00Z,,historical_reconstruction
2022-12-10,0.5103366926,0.02067338523,0,-0.004606157788,-0.009317353277,0.000126363342,0.1417873997,-0.0003711454179,-0.0007810667872,12.1725283,0.01971139609,0.001273383191,6.616325952e-05,-0.002795260691,0.5099461592,0.0002334446297,0.1168593115,0,2022-12-11T00:00:00Z,,historical_reconstruction
2022-12-11,0.4871657139,-0.02566857221,0,-0.008921985593,-0.008143680598,-0.008190413369,0.3062432873,-0.0004592204337,0.01981077145,13.44178253,-0.02691396886,0.009362965965,-5.60747971e-06,-0.005404042874,0.4970710996,1.929627631e-06,-0.01640642028,0,2022-12-12T00:00:00Z,,historical_reconstruction
2022-12-12,0.5117295075,0.02345901503,0.283171061,0.01660329834,0.02085901356,0.01674107143,0.2282817473,-0.0004077152266,-0.01544461606,11.2733435,0.03073575871,-0.002939669946,0.0001634699623,0.009775734867,0.5040071995,0.0001878017218,0.05991432529,0,2022-12-13T00:00:00Z,,historical_reconstruction
2022-12-13,0.504354506,0.008709012076,0.6097365453,0.003251266703,-0.00233422472,0.02624094738,0.06380252288,0.0002801565848,0.02319479434,11.19065759,-0.003227379268,-0.01587873005,0.0001451332089,0.001852683742,0.5159519032,0.0007521069986,0.0206140584,0,2022-12-14T00:00:00Z,,historical_reconstruction
2022-12-14,0.4945784295,-0.01084314094,0.5365950524,-7.647949585e-05,-0.02306640464,-0.01436863928,0.1198727133,0.0002447531053,-0.0003076381945,10.17921086,-0.0106961966,-0.03436560421,0.000202625729,0.0005760724783,0.4944246104,0.0005290332268,-0.01126406991,0,2022-12-15T00:00:00Z,,historical_reconstruction
2022-12-15,0.4668112948,-0.06637741046,0.1536681251,-0.006658666855,-0.002967779518,-0.01915928381,0.1319506076,-0.0002210747391,0.02319545613,10.76613219,-0.05155343114,0.007748831972,4.050114619e-05,-0.004956772995,0.4784090228,0.0001304383294,-0.07744748461,0,2022-12-16T00:00:00Z,,historical_reconstruction
2022-12-16,0.4829900479,-0.03401990428,0,-0.02966320166,-0.03058223389,-0.0379357541,0.2563848698,-0.0005399244106,-0.00479946138,9.627200577,-0.007898539032,-0.006022269367,-5.772490745e-05,-0.01382134357,0.4805903172,8.552092233e-05,-0.0380862838,0,2022-12-17T00:00:00Z,,historical_reconstruction
2022-12-17,0.4975741804,-0.004851639101,0,0.008812107513,0.005991068478,0.006025168425,0.11391869,-0.0005980659726,0.01341718463,10.14188328,-0.003164167722,-0.01741975154,-9.02133309e-05,0.005053869601,0.5042827728,-0.0002269205546,-0.02552502433,0,2022-12-18T00:00:00Z,,historical_reconstruction
2022-12-18,0.4917721278,-0.01645574436,0.08212213401,-0.0004140087026,0.00738255605,0.0006682060781,0.15888266,-0.0005156120569,0.007751328425,11.39582458,-0.002816199275,-0.04059497797,-4.304061703e-05,-0.0007945547628,0.495647792,-5.639162314e-05,0.009212827847,0,2022-12-19T00:00:00Z,,historical_reconstruction
2022-12-19,0.4765616213,-0.04687675747,0.1060289555,-0.002536748691,-0.01015426343,-0.01305703686,0.2346423808,-0.0005223407717,0.03602752549,14.46739513,-0.02524876761,0.02820497664,6.650713035e-05,-0.007058579079,0.494575384,-0.0001146255451,-0.07033577249,0,2022-12-20T00:00:00Z,,historical_reconstruction
2022-12-20,0.5204814278,0.04096285566,0.3495578556,0.0001232751748,-9.038248223e-05,0.003819155167,0.07944783277,-0.0005998652358,0.004718213774,12.41096974,0.04243482512,0.01695067938,-0.0001050606836,-0.0003177339945,0.5228405347,-0.0008800218206,0.03225384358,0,2022-12-21T00:00:00Z,,historical_reconstruction
2022-12-21,0.5068714498,0.01374289955,0.04191603278,0.004294260254,-0.001497203027,-0.002334336112,0.1111999715,-0.0004696073424,-0.01333750528,11.97794853,0.02302421735,0.00996526632,-0.0001682641362,0.004086248672,0.5002026971,-0.0007143604477,0.02458604049,0,2022-12-22T00:00:00Z,,historical_reconstruction
2022-12-22,0.5078689439,0.01573788782,0.2382553563,0.01907240652,0.02623506211,0.0001806996361,0.2627277685,-0.0002627883486,-0.01207174374,13.05451781,0.02083987217,0.005613263454,8.973816072e-05,0.009524855486,0.501833072,-4.171360957e-05,0.08211529829,0,2022-12-23T00:00:00Z,,historical_reconstruction
2022-12-23,0.5016201766,0.003240353129,0.1011031986,0,0.0006890046344,-0.002453004522,0.08188293121,-0.0004016426364,0.004610167032,11.87852546,0.0004017961482,-0.008849973698,-0.0002764824612,-0.003935341432,0.5039252601,0.0001382817742,0.03726025741,0,2022-12-24T00:00:00Z,,historical_reconstruction
2022-12-24,0.4993831179,-0.001233764233,0.1040555163,-0.002607061131,0.001041717932,0.0007133837349,0.1805064969,-0.000368728542,0.02342237441,9.705043474,0.009418149058,0.01377156802,6.011135693e-05,-0.0004630751037,0.5110943051,0.0002293374305,0.003617874868,0,2022-12-25T00:00:00Z,,historical_reconstruction
2022-12-25,0.4972688041,-0.005462391769,0.3422134733,0.007432700575,0.006276271564,0.0007884686461,0.2424094691,-0.0004513709366,-0.009974750056,10.68308891,0.004844741457,-0.01018852899,6.682153559e-06,0.002265085235,0.4922814291,6.424112023e-05,0.01099335259,0,2022-12-26T00:00:00Z,,historical_reconstruction
2022-12-26,0.4895166315,-0.0209667369,0.5351217108,0.008689724278,0.01047409041,0.006301109454,0.2083589895,-0.0004397000269,0.04648642237,11.84829231,-0.01229805145,-0.01143307674,-5.611645796e-05,0.004654711715,0.5127598427,8.264074482e-05,0.02591002057,0,2022-12-27T00:00:00Z,,historical_reconstruction
2022-12-27,0.4924240129,-0.01515197415,0.1577751766,0.0003633030856,0.0002724525685,-0.006421296068,0.09564444301,-0.0002146011308,-0.004633887513,11.72325705,-0.006180227904,0.009399604019,0.0002738356083,0.0009352485658,0.4901070692,0.000385264105,-0.0561148298,0,2022-12-28T00:00:00Z,,historical_reconstruction
2022-12-28,0.484840478,-0.03031904392,0.1327352436,-0.00243074473,0.0007736098148,-0.005149167022,0.1862082088,-0.0001848506491,0.0030792559,11.20099215,-0.02615869185,-0.01152906097,0.0003173457804,-0.002899593442,0.486380106,0.0002847566933,-0.04406194347,0,2022-12-29T00:00:00Z,,historical_reconstruction
2022-12-29,0.4952045091,-0.009590981811,0.1443942493,0.001710557058,-0.0005744351388,0.001376330453,0.1778213334,-0.0001166190472,0.03374257587,12.13436222,-0.01555504297,0.004834544826,7.396054922e-05,0.001268329681,0.512075797,0.0001461693014,-0.02532886963,0,2022-12-30T00:00:00Z,,historical_reconstruction
2022-12-30,0.4908803511,-0.0182392977,0.2803597357,0.004276580075,0.004116913654,0.007810597217,0.1424557565,-0.0002750022917,0.01800103726,10.78249277,-0.01473014917,0.01816680441,0.0001031405692,0.004935885528,0.4998808698,0.0001266403447,-0.02147965083,0,2022-12-31T00:00:00Z,,historical_reconstruction
2022-12-31,0.5038606202,0.00772124036,0.1238512115,-0.005429630985,-0.005586731513,-0.0008937520882,0.1642033496,-2.508088586e-05,0.002006824812,12.11390614,0.01161082047,0.03058956355,0.0002650825729,-0.001674095693,0.5048640326,0.0003436476562,0.008955004593,0,2023-01-01T00:00:00Z,,historical_reconstruction
2023-01-01,0.5100073193,0.02001463865,0.1070796964,-0.001189911547,0.002949507441,0.003335144398,0.1836982742,-0.0003165769699,-0.01144116655,11.73239564,0.01821405965,0.01102669805,7.158557697e-05,0.0007962162263,0.5042867361,0.0001347939668,0.02547703042,0,2023-01-02T00:00:00Z,,historical_reconstruction
2023-01-02,0.4882880938,-0.02342381246,0.3466889048,-0.004003675505,-0.004101722724,-0.002751879082,0.1280010951,-0.0006342668863,0.0501914927,11.19008961,-0.02316153385,0.01838821295,-0.0002222202501,-0.003864960006,0.5133838401,-0.0001945668595,-0.00245707556,0,2023-01-03T00:00:00Z,,historical_reconstruction
2023-01-03,0.4763277229,-0.04734455421,0.1252432433,0.00416697671,0.002294164734,-0.0003539152908,0.1779282832,-0.0002634720678,0.04810873067,11.75934775,-0.04515768872,0.01333519437,0.000215083486,0.001887192625,0.5003820882,-4.887093706e-05,-0.03219258007,0,2023-01-04T00:00:00Z,,historical_reconstruction
2023-01-04,0.5172353528,0.03447070565,0.2360945569,0.002000972584,0.0008042105598,0.004242603408,0.07930239132,-0.0004057602037,0.0243932782,11.63935067,0.03840597343,0.04239748264,8.44370384e-05,0.0004773689135,0.5294319919,-0.0002209095546,0.06478974957,0,2023-01-05T00:00:00Z,,historical_reconstruction
2023-01-05,0.5037447415,0.00748948307,0,-0.001898501938,0.001705214112,-0.003710486504,0.1307562282,-0.0001278731498,0.00104361705,9.754302978,0.01699002224,0.0124784738,0.0003503868156,-0.00192359121,0.5042665501,-1.125410261e-05,0.01708046488,0,2023-01-06T00:00:00Z,,historical_reconstruction
2023-01-06,0.5033252854,0.006650570757,0.3698675825,-0.003126178208,0.004853484929,0.02070130288,0.1087737138,-0.0004727610823,0.02314590001,12.14137035,0.01027447733,0.01814769977,-6.864678581e-05,0.0006044717926,0.5148982354,-0.0001977587906,0.02488986846,0,2023-01-07T00:00:00Z,,historical_reconstruction
2023-01-07,0.4978636918,-0.004272616329,0.1937896651,-0.001043156655,-0.0007904700926,0.0002215557965,0.2600512633,-0.0003322600805,0.001041572433,9.163257048,0.007935763547,-0.012566406,8.500735484e-05,-2.83285283e-05,0.4983844781,-0.0003071791947,-0.01199385669,0,2023-01-08T00:00:00Z,,historical_reconstruction
2023-01-08,0.5315806807,0.06316136137,0.6653963712,0.01981677193,0.01248577595,0.02257307717,0.3799048715,-0.0003952998078,-0.01165714787,11.30596705,0.06867275052,-0.006355995937,-0.0002125562845,0.01184953256,0.5257521067,-7.872283792e-05,0.04314672272,0,2023-01-09T00:00:00Z,,historical_reconstruction
2023-01-09,0.498792063,-0.002415873919,0.02521618303,-0.007307666283,-0.01145475372,0.00160057044,0.1157722674,-5.301463961e-05,0.02733436198,10.88261602,0.007806155342,0.02371803463,0.0004452896124,-0.006703407329,0.512459244,0.0005812522467,0.02100793854,0,2023-01-10T00:00:00Z,,historical_reconstruction
2023-01-10,0.4867946705,-0.02641065903,0,-0.002881715293,0.001236909376,0.004739265188,0.1412605645,-0.0002395891047,0.04227192999,7.952386831,-0.01459216432,-0.01053389702,0.0004404310322,0.0004480047726,0.5079306355,2.388296316e-05,0.02093389518,0,2023-01-11T00:00:00Z,,historical_reconstruction
2023-01-11,0.4987284569,-0.002543086198,0.66285365,0.03461140359,0.050141718,0.03962018497,0.3998223338,-9.35662413e-05,0.05189805745,9.746663361,0.006227363303,0.003319236908,0.0003277618786,0.0224301153,0.5246774856,0.0003121939624,-0.03701379185,0,2023-01-12T00:00:00Z,,historical_reconstruction
2023-01-12,0.500210298,0.0004205959244,0.4605434224,-0.006971231397,0.02153570887,0.01297772182,0.1106476554,-5.650036725e-05,0.01353528204,9.427538108,0.0002772888898,-0.01477887712,0.0004008760748,-0.002050795987,0.506977939,7.137278258e-05,-0.007068887145,0,2023-01-13T00:00:00Z,,historical_reconstruction
2023-01-13,0.5194944281,0.03898885629,0.2491384851,0.02180632714,0.02054881222,0.02943158522,0.2995105939,-0.0001791620728,-0.02711470887,10.2069166,0.04338326178,-0.01908576785,0.0001123581021,0.02926031184,0.5059370737,0.0002935990095,0.03233828553,0,2023-01-14T00:00:00Z,,historical_reconstruction
2023-01-14,0.5131804215,0.02636084299,0.7198992313,0.01334431739,0.01620126017,0.01295357106,0.06032851274,0.000238725079,0.001286360122,7.8255255,0.02195360336,0.01626910345,-0.0001373202602,0.008239156877,0.5138236016,0.0005709851596,0.03063345932,0,2023-01-15T00:00:00Z,,historical_reconstruction
2023-01-15,0.4964210472,-0.007157905644,0.2512784066,0.001535345195,-0.002460886047,0.01249543486,0.1065871382,0.0006119083812,0.003768811902,9.427190084,0.00352881,0.00271356625,7.529146341e-05,6.468568745e-05,0.4983054531,0.001007208189,-0.07031926701,0,2023-01-16T00:00:00Z,,historical_reconstruction
2023-01-16,0.4932977947,-0.01340441068,0.1072628153,-0.008974246176,0.01740033678,0.02245333299,0.1351385786,0.0001078037211,0.0103592754,9.391354378,-0.005386594173,-0.00586052775,-1.728094703e-05,-0.00570884425,0.4984774324,0.0001608183607,-0.01098853676,0,2023-01-17T00:00:00Z,,historical_reconstruction
2023-01-17,0.5009227336,0.001845467219,0,-0.01465830847,-0.003716407558,-0.002236979631,0.1058009577,0.0001724611483,-0.003867124185,9.042992532,0.005977145435,-0.008828034481,0.0003574639944,-0.009450958594,0.4989891715,0.000412050253,0.02825612625,0,2023-01-18T00:00:00Z,,historical_reconstruction
2023-01-18,0.5043671199,0.008734239858,0.5260421531,-0.01979947599,-0.02465104573,-0.04090995622,0.1020232074,0.0001521737692,-0.02577537571,9.208374795,0.02165953825,-0.01419319565,2.981837467e-05,-0.01090150521,0.4914794321,0.0002457400105,0.01127732606,0,2023-01-19T00:00:00Z,,historical_reconstruction
2023-01-19,0.5114710456,0.02294209113,0,-0.0005541415638,0.01174099368,0.02072255857,0.1573160203,1.28941583e-05,-0.01415110675,11.86614303,0.02900053752,-0.003950927637,0.0001690285554,-0.0009724019894,0.5043954922,6.939452555e-05,0.0225214952,0,2023-01-20T00:00:00Z,,historical_reconstruction
2023-01-20,0.5229254092,0.04585081848,0.4010783441,0.0362576461,0.06064501276,0.07037199577,0.3880947724,0.0002954441309,-6.625885134e-05,12.08479616,0.03869761146,-0.001123415941,0.0005649964931,0.05445215468,0.5228922798,0.0004746062037,0.006861962192,0,2023-01-21T00:00:00Z,,historical_reconstruction
2023-01-21,0.4910292449,-0.01794151023,0.1891662071,-0.021957936,-0.01251161012,-0.01237371284,0.1410602176,0.0005963139193,-0.002278741108,9.406078882,-0.01477964794,-0.01876117572,0.0006687345913,-0.02094540967,0.4898898743,0.0003575888403,-0.04430235322,0,2023-01-22T00:00:00Z,,historical_reconstruction
2023-01-22,0.5006535893,0.001307178655,0,-0.004690815908,-0.004928156527,0.001766621321,0.2295505162,0.000430123384,-0.01527970034,8.871699192,0.00870606931,0.002518631683,0.0005745666345,-0.0006161461992,0.4930137392,-0.0001817849972,0.008465084299,0,2023-01-23T00:00:00Z,,historical_reconstruction
2023-01-23,0.4986313958,-0.002737208446,0,0.003950885554,0.003362454036,-0.006336074689,0.09501027214,0.0003750868541,-0.01083566465,9.750104298,0.003577630308,-0.01138329134,0.0005212700544,0.00543951577,0.4932135635,0.000267283133,0.01066720223,0,2023-01-24T00:00:00Z,,historical_reconstruction
2023-01-24,0.4751553742,-0.04968925165,0.1315722482,-0.04095733534,-0.03986251751,-0.04282752724,0.3582263722,1.285371826e-05,-0.01012026545,9.749237432,-0.03382681891,-0.02856850292,0.0002554210616,-0.01671928552,0.4700952415,-0.0001596074301,-0.05153471887,0,2023-01-25T00:00:00Z,,historical_reconstruction
2023-01-25,0.5213051058,0.04261021166,0,0.03230888446,0.04403640014,0.04298932384,0.3370045164,-0.0003287963572,-0.04169532034,9.29437046,0.04463505176,-0.005743095385,-0.0003140528125,0.01366902901,0.5004574457,-0.0004809701264,0.0338759718,0,2023-01-26T00:00:00Z,,historical_reconstruction
2023-01-26,0.4797415822,-0.04051683569,0.03935121067,-0.001677287408,0.00715853835,-0.002019534634,0.09731249629,-0.0002498298034,0.01711988138,7.944926738,-0.03174451743,-0.009037948028,8.698540235e-05,-0.002554124508,0.4883015228,-0.0002627239617,-0.06345892682,0,2023-01-27T00:00:00Z,,historical_reconstruction
2023-01-27,0.5305632159,0.06112643185,0.1515701269,-0.007504503945,0.01445207828,0.01189480885,0.1572643217,-0.0003380027791,-0.07013290206,8.499793969,0.06614990469,-0.004158839301,-7.103748116e-05,-0.007693611077,0.4954967649,-0.00063344691,0.01527561337,0,2023-01-28T00:00:00Z,,historical_reconstruction
2023-01-28,0.5093161109,0.01863222186,0.07390082362,-0.003183017145,-0.004004004004,-0.008882920709,0.1547445325,-0.000368933274,-0.05964033357,7.900316484,0.0212342875,-0.04270368601,-7.791488334e-05,-0.0007270170382,0.4794959441,-0.0009652471933,0.03657373209,0,2023-01-29T00:00:00Z,,historical_reconstruction
2023-01-29,0.5105488354,0.0210976708,0,-0.00552646536,0.0206523358,0.02214930271,0.1515297343,0.0005776059147,0.001211309926,9.238649603,0.009842807848,-0.007014212965,0.0006618437518,-0.006459064346,0.5111544904,0.0001474825307,0.01979049214,0,2023-01-30T00:00:00Z,,historical_reconstruction
2023-01-30,0.4827064599,-0.03458708019,0.4797019872,0.007688595786,-0.01197340365,-0.00970566849,0.1252521188,-0.0001787766569,-0.01579826,8.454252358,-0.02066524255,-0.00190997714,9.50321107e-05,0.001812168256,0.4748073299,-0.000553863511,-0.03184987174,0,2023-01-31T00:00:00Z,,historical_reconstruction
2023-01-31,0.4982725587,-0.003454882545,0,-0.007518749922,-0.002309628697,0.009179392836,0.2047053329,-0.0001955428838,0.009634083538,9.881516295,-0.0088591972,-0.004060463913,5.223950703e-05,-0.001634504008,0.5030896005,-0.0002083966021,0.0462343691,0,2023-02-01T00:00:00Z,,historical_reconstruction
2023-02-01,0.5187399351,0.03747987024,0.1213002242,0.01496782011,0.04198587142,0.03846616104,0.269794972,7.309585303e-05,-0.03684074064,10.73755291,0.03263853925,-0.004892601147,0.0001851776846,0.01482383256,0.5003195648,0.0004018922102,-0.00513034142,0,2023-02-02T00:00:00Z,,historical_reconstruction
2023-02-02,0.5002835144,0.0005670287393,0.1970536945,-0.01911482025,-0.02087417692,-0.01726097202,0.1695048503,0.0004199328108,-0.006603386791,9.950943951,0.001981076084,0.004912803662,0.0002428281819,-0.01317630827,0.496981821,0.0006697626142,0.04108386443,0,2023-02-03T00:00:00Z,,historical_reconstruction
2023-02-03,0.4939662223,-0.01206755545,0.06867121563,0.006425071087,-0.0002464045963,0.008682997817,0.09091824289,9.618159084e-05,0.004122035127,9.926562683,-0.01124686418,0.006263125754,0.0004034550087,0.005313614824,0.4960272398,0.00043418437,-0.0731939873,0,2023-02-04T00:00:00Z,,historical_reconstruction
2023-02-04,0.4979111761,-0.004177647802,0.396399456,-0.005692395818,-0.008089430168,0.002683643015,0.1764386993,3.600619307e-05,0.01434904495,8.795874739,0.0102020307,0.01643806405,0.0002177710613,-0.004202297689,0.5050856986,0.000404939467,-0.02280986966,0,2023-02-05T00:00:00Z,,historical_reconstruction
2023-02-05,0.4800299337,-0.03994013264,0.2675233227,0.005890779756,-0.009220401659,-0.02019728137,0.1204818137,-2.455464021e-05,-2.661066869e-05,8.69791455,-0.03294167453,0.01517074252,0.0001372216019,0.001758643058,0.4800166283,-0.0006021605549,-0.06103780344,0,2023-02-06T00:00:00Z,,historical_reconstruction
2023-02-06,0.4994986564,-0.001002687256,0.2953120906,-0.02063337985,-0.02104912068,-0.01255191735,0.1849213583,-0.000241592279,-0.01764886717,10.17316865,0.001483931017,-0.004826064873,-2.984068028e-05,-0.01162686184,0.4906742228,-6.281562208e-05,0.03358439293,0,2023-02-07T00:00:00Z,,historical_reconstruction
2023-02-07,0.5198751228,0.03975024551,0,0.008868952027,0.02480712385,0.01847980447,0.1651108878,-0.0003111853168,-0.016762911,10.01907909,0.03572953969,0.004053819886,-3.752464059e-05,0.006391150169,0.5114936673,-0.000115642433,0.04320512806,0,2023-02-08T00:00:00Z,,historical_reconstruction
2023-02-08,0.492788285,-0.01442343,0.3698592785,0.001662934168,-0.001603068212,-0.01402114822,0.09731833337,-0.0001030034597,0.01533757702,9.903990518,-0.004509847427,0.01914679243,0.00020618959,0.003895269281,0.5004570735,-0.0001760993127,-0.05190330024,0,2023-02-09T00:00:00Z,,historical_reconstruction
2023-02-09,0.4824091033,-0.03518179338,0.622757078,-0.02180655779,-0.05313497583,-0.05376693037,0.2621670251,-0.0004335587407,-0.01245453826,10.02919942,-0.02464685959,-0.01019559366,-0.0002982149791,-0.01065045193,0.4761818342,-0.0008534915515,-0.03574882212,0,2023-02-10T00:00:00Z,,historical_reconstruction
2023-02-10,0.4558352878,-0.08832942448,0.3573504636,-0.01383701908,-0.006102407462,-0.01560141571,0.1795512292,-0.0005287298587,0.06456226455,10.10333742,-0.0772998178,-0.01666496731,-0.0002239926518,-0.006754925763,0.48811642,-0.0006249114495,-0.07626186903,0,2023-02-11T00:00:00Z,,historical_reconstruction
2023-02-11,0.4887428625,-0.0225142749,0.2778670787,0.01312410278,0.0102966188,0.01207109778,0.188368035,-0.0005589823921,0.03918909036,7.261641066,-0.01607914933,-0.01003266125,-4.440380904e-05,0.009241375363,0.5083374077,-0.0005949885851,-0.0183366271,0,2023-02-12T00:00:00Z,,historical_reconstruction
2023-02-12,0.4699043826,-0.06019123473,0.6626898416,-0.01585208189,-0.01384033488,-0.01215543832,0.3319857659,-0.0002244476278,0.04500745804,9.232586581,-0.05018392911,-0.01108074492,0.0003466257607,-0.009712154012,0.4924081117,-0.0001998929876,-0.02025110209,0,2023-02-13T00:00:00Z,,historical_reconstruction
2023-02-13,0.4767517319,-0.0464965362,0.1702351288,0.009699620333,0.02001070671,0.01289979611,0.101420042,-0.0002590948952,0.03838005705,9.193296551,-0.04222660753,-0.004888561842,9.775321292e-05,0.007689812156,0.4959417604,-1.750261621e-05,-0.04549384895,0,2023-02-14T00:00:00Z,,historical_reconstruction
2023-02-14,0.49324364,-0.01351272004,0.3456104505,-0.002948132102,0.007036327387,0.03184320488,0.08703981694,-0.0004949508585,0.01538129961,9.771127693,-0.01923385908,-0.005945502292,6.541354057e-05,-0.0003656346643,0.5009342898,-0.0001837655416,-0.05326296556,0,2023-02-15T00:00:00Z,,historical_reconstruction
2023-02-15,0.5227695618,0.04553912358,0,0.02847949697,0.06041152263,0.06529454416,0.2609558332,4.776347527e-05,0.007639291948,10.29490172,0.02920280832,-0.009382009149,-0.0003037404889,0.04304726636,0.5265892078,0.000150766935,0.05996255358,0,2023-02-16T00:00:00Z,,historical_reconstruction
2023-02-16,0.5071000278,0.01420005567,0.5554820408,-0.04267469387,-0.05005393994,-0.02672894308,0.1970033282,0.0007082498901,-0.0206169845,9.382379292,0.01683707756,0.0006935113841,0.0003306622668,-0.05447203306,0.4967915356,0.001141808631,0.04938184906,0,2023-02-17T00:00:00Z,,historical_reconstruction
2023-02-17,0.5143757185,0.02875143695,0.1512921758,-0.007133478699,0.01240803055,0.01660664986,0.175177589,0.0001475910194,-0.01758664119,10.28558416,0.02580966231,-0.0005487281259,-0.0003216810229,0.001854472815,0.5055823979,0.0006763208781,0.1170808614,0,2023-02-18T00:00:00Z,,historical_reconstruction
2023-02-18,0.4915766765,-0.01684664698,0,0.002233610807,-0.002288410498,8.868026037e-05,0.09844780237,2.36459725e-05,0.007788408567,8.187608415,-0.007740612748,-0.007469908197,-0.0001773125387,0.0009594308271,0.4954708808,0.0005826283646,0.005667627919,0,2023-02-19T00:00:00Z,,historical_reconstruction
2023-02-19,0.4948648627,-0.01027027452,0,-0.002997388414,-0.01843627651,-0.009207483956,0.1706591434,0.0003333829439,0.002598239376,8.969641242,-0.006938408559,0.02150231424,0.000574815786,-0.01024669046,0.4961639824,0.0005578305717,0.04992096021,0,2023-02-20T00:00:00Z,,historical_reconstruction
2023-02-20,0.5166926568,0.03338531352,0.1958553938,-0.003801680928,-0.002325390689,-0.006132642463,0.08299222708,0.0002524555708,-0.02779691695,9.342664506,0.02757869358,-0.002553129733,-5.750087433e-05,-0.001205362779,0.5027941983,0.0005115504659,0.07988184972,0,2023-02-21T00:00:00Z,,historical_reconstruction
2023-02-21,0.5018110979,0.003622195726,0.1669740018,-0.007320574163,-0.007302762609,-0.005840036897,0.1612106847,-0.000337398178,-0.03583952634,9.554363278,0.00863833757,-0.01387208442,2.085238141e-05,-0.006126112065,0.4838913347,0.0001575526804,0.01713491577,0,2023-02-22T00:00:00Z,,historical_reconstruction
2023-02-22,0.4943153407,-0.0113693186,0.01105631021,0.01673163789,0.01823116774,-0.0008269990879,0.1060213016,-0.0006877076816,-0.0200664379,10.7260647,-0.003487017825,0.004161468343,-0.0002365495782,0.01641456173,0.4842821217,-0.0007354711569,-0.05690844218,0,2023-02-23T00:00:00Z,,historical_reconstruction
2023-02-23,0.4988439532,-0.002312093528,0.3692576067,-0.001578813652,-0.003297121359,0.00796340741,0.07646919398,-0.0005089274354,-0.005278784247,10.38279955,0.003245638359,0.007904100926,-3.274093741e-05,-0.001306133823,0.4962045611,-0.001217177326,-0.0165121492,0,2023-02-24T00:00:00Z,,historical_reconstruction
2023-02-24,0.4780967613,-0.04380647732,0.5106957078,-0.00188101786,0.003031928831,-0.02405565032,0.1390183064,-0.0004229381764,0.004925587189,9.990161075,-0.03499984341,0.002357390584,-5.000768663e-06,0.0001302719708,0.4805595549,-0.0005705291958,-0.07255791427,0,2023-02-25T00:00:00Z,,historical_reconstruction
2023-02-25,0.4965910385,-0.006817923082,0.4090623649,0.006285418586,-0.001552853368,-0.003418643167,0.2451490795,-0.00062085314,-0.02570065687,8.678271731,0.005827287571,-0.008525860098,-0.0001514500592,0.007539664929,0.48374071,-0.0006444991125,0.0100287239,0,2023-02-26T00:00:00Z,,historical_reconstruction
2023-02-26,0.4961674663,-0.007665067499,0.3222593293,0.005045556971,0.02259686373,0.0233555708,0.3114136591,-0.0005300482527,0.04452544724,9.147754404,-0.006177976613,0.01835383028,-0.0001246115804,0.002362620551,0.5184301899,-0.0008634311966,0.002605207025,0,2023-02-27T00:00:00Z,,historical_reconstruction
2023-02-27,0.4983271905,-0.003345619055,0.3649975242,0.006984686706,-0.006580427789,-0.00474641125,0.1357480172,-0.0005203709939,-0.01576847597,9.70638604,0.0001196648252,-0.01348785621,-5.729682727e-06,0.009269068934,0.4904429525,-0.0007728265647,-0.03673093258,0,2023-02-28T00:00:00Z,,historical_reconstruction
2023-02-28,0.48875872,-0.02248255994,0.3270787153,-0.01399254304,-0.02197052319,-0.01490623006,0.27572281,-0.0003177114806,-0.005595051391,9.31208368,-0.01593280666,0.00410180721,0.0001995395097,-0.005236126479,0.4859611943,1.968669745e-05,-0.02610475567,0,2023-03-01T00:00:00Z,,historical_reconstruction
2023-03-01,0.4926922681,-0.01461546375,0,0.01861401159,0.004681862609,0.00536728792,0.1561750895,-0.0004563961519,0.05798546427,9.392055724,-0.01662343875,0.02266898015,-6.831321807e-05,0.01177270047,0.5216850003,0.0002313115298,-0.003246145147,0,2023-03-02T00:00:00Z,,historical_reconstruction
2023-03-02,0.4961694806,-0.007661038701,0.002256770101,-0.0003700400978,0.01200631329,0.002049267554,0.1451622493,-0.0003459031714,-0.0114177925,9.430286539,-0.00655927028,-0.005467906637,4.401022207e-06,8.182957287e-05,0.4904605844,0.000163024264,-0.005348945173,0,2023-03-03T00:00:00Z,,historical_reconstruction
2023-03-03,0.4791112747,-0.04177745068,0.6781730636,0.00258719816,0.001876783423,0.003119067859,0.09676018972,-0.0003759278728,-0.005692013956,7.012667553,-0.02186809212,0.02122407311,0.0001403029799,-0.0001560974388,0.4762652677,4.701030357e-05,0.002029026641,0,2023-03-04T00:00:00Z,,historical_reconstruction
2023-03-04,0.482008659,-0.03598268196,0.00754386682,0.004648985559,0.003105232156,-0.001599500395,0.3019769643,-0.0004340250075,0.02083735918,7.634316901,-0.02637075751,-0.02036313565,5.2403111e-05,0.004309982576,0.4924273386,0.0001868281325,-0.02916475888,0,2023-03-05T00:00:00Z,,historical_reconstruction
2023-03-05,0.4887631963,-0.02247360731,0,-0.001047107048,-0.002950529247,-0.002492843435,0.2551514113,-0.0003323575656,0.02410544761,8.367219011,-0.0221760922,-0.0178981011,0.000150918583,0.001195797969,0.5008159202,0.0001976906871,-0.01480853981,0,2023-03-06T00:00:00Z,,historical_reconstruction
2023-03-06,0.4922062719,-0.01558745627,0.1372889917,-0.0002234722479,-0.007705956907,0.001611954047,0.172020648,-0.0004278853523,0.01835159959,8.9397446,-0.01792407094,0.01896746275,0.0001477505246,0.0007435243052,0.5013820717,9.248564164e-05,-0.01224183722,0,2023-03-07T00:00:00Z,,historical_reconstruction
2023-03-07,0.5088818169,0.01776363373,0,0.00689761871,0.0008009175311,-0.0009402403689,0.1851237977,-0.0004289482445,-0.02442273068,9.466995197,0.02287624555,0.006150728228,6.028590133e-05,0.00325273581,0.4966704515,-0.0001112367639,0.04024619367,0,2023-03-08T00:00:00Z,,historical_reconstruction
2023-03-08,0.4937026378,-0.01259472447,0.2245423858,-0.01309959297,-0.01795064054,-0.01595150332,0.2774938558,-0.0003654446025,0.01982570753,8.612361167,-0.00785893485,0.04492105328,9.711224959e-05,-0.01326574913,0.5036154915,9.095154935e-05,0.002020739275,0,2023-03-09T00:00:00Z,,historical_reconstruction
2023-03-09,0.4744041871,-0.05119162583,0.2704656883,-0.03423437951,-0.0630553111,-0.06382424396,0.3931606031,-0.0006261653633,0.0005071377665,9.158121054,-0.0338119363,-1.121995667e-05,5.74536134e-05,-0.02368972445,0.474657756,-0.0002802621919,-0.04353058713,0,2023-03-10T00:00:00Z,,historical_reconstruction
2023-03-10,0.4815683377,-0.0368633246,0,0.002072371425,0.00664064981,0.03021067304,0.1289639015,-0.0004556798744,0.02666833381,10.34084093,-0.03345768941,-0.001259118782,5.993522367e-05,0.006391239552,0.4949025046,-7.975200155e-05,0.004914126076,0,2023-03-11T00:00:00Z,,historical_reconstruction
2023-03-11,0.4904882126,-0.01902357488,0.3912429738,0.01569809967,0.03079131653,0.03144138463,0.1008166056,-0.0006385999715,0.03160358158,5.198962163,-0.01549563628,-0.01108945191,-0.0002264905039,0.01160922962,0.5062900033,-0.000204574964,0.01695910708,0,2023-03-12T00:00:00Z,,historical_reconstruction
2023-03-12,0.5069808707,0.01396174147,0.2328761867,0.04479101932,0.08548094623,0.07859102636,0.2665197616,-0.0006770737757,0.02742711673,6.8282544,-0.0009382008245,-0.009126418775,-0.0001810995318,0.05859465609,0.5206944291,-0.0003447162101,0.03643534878,0,2023-03-13T00:00:00Z,,historical_reconstruction
2023-03-13,0.5142970176,0.02859403519,0.06900409008,-0.00252728454,0.005262241018,0.05842878557,0.06390687996,0.0002689055544,-0.01119176015,7.692013583,0.02049014157,-0.01538910185,1.925266315e-05,-0.006745821706,0.5087011375,0.0006967909067,0.04418149146,0,2023-03-14T00:00:00Z,,historical_reconstruction
2023-03-14,0.5188240118,0.03764802353,0.5048454423,-0.01214904377,-0.03990327848,0.009354675853,0.1368806761,0.0003118747793,-0.0418209577,7.057707939,0.03177779194,-0.005673363285,-0.0001781859858,-0.01508999181,0.4979135329,0.0007408230238,0.0198843898,0,2023-03-15T00:00:00Z,,historical_reconstruction
2023-03-15,0.4817407362,-0.0365185275,0,0.001189320388,0.009748903019,-0.01782833604,0.08012114571,-9.091129482e-05,0.02457003941,7.904405611,-0.03819360695,-0.01039661464,-0.0001872644514,-0.003459585711,0.494025756,0.0002745333077,-0.02392380303,0,2023-03-16T00:00:00Z,,historical_reconstruction
2023-03-16,0.5179492209,0.03589844176,0,-0.003518611131,0.006415883973,0.008046399297,0.1234742858,-0.0006990374792,-0.02589415249,7.324030616,0.03262257885,0.00823363451,-0.0003638211206,0.00182621795,0.5050021446,-7.287211585e-05,0.0870900676,0,2023-03-17T00:00:00Z,,historical_reconstruction
2023-03-17,0.5250972866,0.05019457314,0.1046214663,0.02586933463,0.04184207615,0.01597837752,0.1876310395,-3.353322864e-05,-0.01950577036,7.381817365,0.03148482259,-0.002365061658,0.0003727433614,0.02087805903,0.5153444014,0.0004221466457,0.08705789775,0,2023-03-18T00:00:00Z,,historical_reconstruction
2023-03-18,0.4963117538,-0.007376492352,0.368448364,-0.01753405987,-0.01520716685,-0.02995874606,0.10155413,-0.0001819380956,-0.003031530523,7.687533994,-0.00787128386,0.01091699609,-0.0001637275527,-0.01542858648,0.4947959886,0.0004566618759,0.01164708253,0,2023-03-19T00:00:00Z,,historical_reconstruction
2023-03-19,0.5082440173,0.01648803467,0.3970624628,-0.02226517244,-0.007208925017,-0.002230116661,0.1977736674,-0.0003874924186,-0.01065842219,8.550238499,0.005041378284,-0.01083212496,0.0002263166042,-0.009997398723,0.5029148062,0.0002895813571,0.002526293195,0,2023-03-20T00:00:00Z,,historical_reconstruction
2023-03-20,0.507049067,0.01409813407,0.2490074359,-0.01151759585,-0.01721370517,-0.02619984264,0.144742824,-0.0006175048188,-0.03439729493,7.865154776,0.009512924153,-0.01051635907,-0.0001517258622,-0.002431565434,0.4898504196,-0.0008864103732,-0.01449590111,0,2023-03-21T00:00:00Z,,historical_reconstruction
2023-03-21,0.5382127574,0.07642551475,0.3167711204,0.005605212177,-0.006239862293,0.02264752972,0.09339850959,-0.0006051420418,-0.06151929265,7.567787297,0.07630712695,0.01915418595,-9.385366985e-05,-0.0007601277783,0.507453111,-0.0009170168212,0.03877749122,0,2023-03-22T00:00:00Z,,historical_reconstruction
2023-03-22,0.4853171567,-0.02936568656,0.1035543598,0.01018732089,-0.0398226169,-0.02852805754,0.1556243836,-0.0004151459065,-0.003387785409,6.773191273,-0.01454937355,-0.02651628732,0.0002149234085,0.02182962863,0.483623264,-0.0003242346117,0.007152840938,0,2023-03-23T00:00:00Z,,historical_reconstruction
2023-03-23,0.5312506732,0.06250134646,0.1272896574,-0.003877310048,-0.01262935563,0.03362225679,0.09930452126,-0.0002866925057,-0.03933470415,7.106111411,0.04926768839,0.004840648944,0.0001130189669,-0.002622857671,0.5115833212,0.0004123449734,0.0266029047,0,2023-03-24T00:00:00Z,,historical_reconstruction
2023-03-24,,,,,,,,,,,,,,,,,,1,2023-03-25T00:00:00Z,,historical_reconstruction
2023-03-25,0.4914022282,-0.01719554354,0,0.01450811604,-0.007436194036,-0.001925236644,0.1361563538,-0.0004937194296,-0.01090229521,6.566765082,-0.0135149829,-0.0214929874,7.613923455e-05,0.01005013297,0.4859510806,-0.000311781334,-0.009819051184,0,2023-03-26T00:00:00Z,,historical_reconstruction
2023-03-26,0.5029660114,0.005932022862,0.3705855675,0.004558762735,0.006279746541,-0.002188134573,0.1330488405,-0.000704669989,0.01390431479,8.140448779,-0.01078304715,0.00611039692,-0.0002130375727,0.005034506674,0.5099181688,-0.0003171775703,-0.01055601181,0,2023-03-27T00:00:00Z,,historical_reconstruction
2023-03-27,0.4813380072,-0.03732398557,0.4020166351,0.006236103696,0.002038872953,-0.02843515991,0.1278392621,-0.0005072235632,0.003049057241,7.552194313,-0.01766550874,0.0009407294574,-3.127728352e-05,0.005783692568,0.4828625358,0.0001102812557,-0.05142211965,0,2023-03-28T00:00:00Z,,historical_reconstruction
2023-03-28,0.5339093045,0.067818609,0.4194102463,-0.007195493437,0.01657607449,0.01576070766,0.1218046483,-0.0005076170762,-0.0271103543,7.759829327,0.07609638262,0.03974109723,-9.053880308e-05,-0.006012911845,0.5203541273,9.752496559e-05,-0.008606905754,0,2023-03-29T00:00:00Z,,historical_reconstruction
2023-03-29,0.5288799182,0.05775983631,0.1551257623,-0.008816928503,-0.008076695415,-0.01002633569,0.1164445898,-0.000658089199,-0.04769247321,6.938238318,0.03531696195,-0.01659448156,-0.000301810582,-0.002494414924,0.5050336815,-0.0002429432925,0.08712552287,0,2023-03-30T00:00:00Z,,historical_reconstruction
2023-03-30,0.5172620848,0.03452416952,0,0.006724179543,0.002347142354,-0.006101007414,0.1114298645,-0.0004683292355,-0.05359157583,7.180072572,0.04112069803,-0.008323656935,1.439319059e-05,0.001516109783,0.4904662968,-0.0001816367297,-0.02797717694,0,2023-03-31T00:00:00Z,,historical_reconstruction
2023-03-31,0.5216394485,0.04327889703,0,-0.004214888232,-0.004960122364,0.01596296503,0.1237172263,-0.0003897843559,-0.01485955264,7.133790713,0.02915652788,0.02161874134,-2.232018192e-05,-0.0001387458987,0.5142096722,,,0,2023-04-01T00:00:00Z,,historical_reconstruction
2023-04-01,0.5091420641,0.01828412823,0.03672689445,0.003322753422,0.0002252276997,-0.001781759172,0.1116940096,-0.0005327357905,-0.02099084863,6.136616814,0.01473059378,-1.936417019e-05,-0.0002188819002,0.002493132084,0.4986466398,-3.901636093e-05,0.03547967177,0,2023-04-02T00:00:00Z,,historical_reconstruction
2023-04-02,0.5048232729,0.009646545841,0.2786868541,0.007161498527,-0.001685637037,-0.01260578182,0.1669351378,-0.0005293924247,-0.05792591797,6.799187602,0.05169889745,-0.01865029281,-0.0001506458239,0.008160295793,0.4758603139,0.0001752775643,0.003714522979,0,2023-04-03T00:00:00Z,,historical_reconstruction
2023-04-03,0.506527714,0.01305542797,0.04521115285,-0.004601732935,0.007450810185,0.001560001991,0.2468037337,-0.0004584343638,-0.01420694486,7.190802197,-0.01104654918,0.02105883976,4.15656362e-05,-0.01000958653,0.4994242416,4.878919936e-05,0.05037941354,0,2023-04-04T00:00:00Z,,historical_reconstruction
2023-04-04,0.5209896352,0.04197927034,0.3266106691,0.0007758491535,0.003977541117,0.002933133144,0.08310607783,-0.0006736634997,0.002204932475,6.875877151,0.03299711622,0.0361784276,-0.0003090326237,-0.0008435839904,0.5220921014,-0.0001660464235,-0.02583933866,0,2023-04-05T00:00:00Z,,historical_reconstruction
2023-04-05,0.5128099255,0.02561985108,0.7047529375,-0.0002566546894,0.006050990665,-0.003065978606,0.06942444079,-0.0006339426518,-0.002673974884,7.651940092,0.01931943246,0.02227663941,-6.560774525e-05,-0.002501005643,0.5114729381,2.414654721e-05,-0.03213998523,0,2023-04-06T00:00:00Z,,historical_reconstruction
2023-04-06,0.4803102416,-0.03937951677,0.1022355967,0.0005931705232,-0.001136278767,0.001996061391,0.08593255576,-0.0005767967486,-0.007138018924,7.659326798,-0.002019512417,-0.0206262013,-0.0001837001246,0.0005728507301,0.4767412322,-0.0001084675131,-0.07390368629,0,2023-04-07T00:00:00Z,,historical_reconstruction
2023-04-07,0.5058918321,0.01178366416,0.1115371512,0.004852484472,0.001806102045,0.007770297672,0.1082272422,-0.0004560770931,-0.04579621469,7.361711656,0.0439029021,-0.01561537684,0.0001040108869,0.0003161572484,0.4829937247,-6.62927372e-05,-0.03149523288,0,2023-04-08T00:00:00Z,,historical_reconstruction
2023-04-08,0.4913285884,-0.01734282319,0.06079647597,-0.002799337652,-0.009679199096,-0.009976170714,0.141153827,-0.0004327084302,-0.02534869762,7.241172007,-0.01625877145,-0.03642332981,4.978196469e-05,0.0005103113329,0.4786542396,0.0001000273603,-0.03562695143,0,2023-04-09T00:00:00Z,,historical_reconstruction
2023-04-09,0.5097883788,0.01957675759,0.5509290093,0.001362860175,0.01190495632,0.0107110623,0.1730436469,-0.000580982506,-0.02776067176,8.326302337,-0.01871202381,-0.0346408297,-7.398767195e-05,0.006515541174,0.4959080429,-5.15900813e-05,0.009930211749,0,2023-04-10T00:00:00Z,,historical_reconstruction
2023-04-10,0.5034807034,0.006961406802,0,0.01136207207,0.02627196046,0.02810025888,0.1875276295,-0.0006805570097,0.01784277002,7.093461682,-0.0600238992,-0.03437689272,-0.0002000820413,0.01591503117,0.5124020884,-0.0002221226459,-0.006094021166,0,2023-04-11T00:00:00Z,,historical_reconstruction
2023-04-11,0.5168801582,0.03376031644,0.1869459629,-0.002280670264,-0.01242141898,-0.01339068969,0.1569853939,-0.0005132655329,-0.0484757815,7.73824162,0.01107156254,-0.03544210452,-5.98781954e-06,0.002336540102,0.4926422675,0.0001603979668,-0.008218953901,0,2023-04-12T00:00:00Z,,historical_reconstruction
2023-04-12,0.5050070366,0.01001407316,0.4384502718,0.00845732679,0.002724638894,0.02388034197,0.1220617499,-0.0002764174216,0.009528150643,8.213499402,0.006284604992,0.04673192742,0.0001608808047,0.003002826644,0.5097711119,0.0003575252302,-0.01560577791,0,2023-04-13T00:00:00Z,,historical_reconstruction
2023-04-13,0.5301966323,0.06039326468,7.859872021e-05,0.0003579792074,0.007440602859,0.01340794504,0.0804818865,-0.0001043732387,-0.01366512556,8.803080603,0.02958272235,0.03272406783,0.0002623897389,0.001276078263,0.5233640696,0.0004724235099,0.09977278145,0,2023-04-14T00:00:00Z,,historical_reconstruction
2023-04-14,0.5175566268,0.03511325351,0.5105469062,0.004395446719,0.02023475228,-0.0073879052,0.09081684035,-0.0001047624036,-0.01457370856,7.704493581,0.02414806211,0.02831025239,0.0003491724037,0.004710446381,0.5102697725,0.0003513146895,0.02332958936,0,2023-04-15T00:00:00Z,,historical_reconstruction
2023-04-15,0.4944714769,-0.01105704624,0.2250560854,-0.004480931043,-0.003512919632,-0.004561513775,0.1317900918,0.0002869989477,0.001476007242,8.142760979,0.01176578167,0.01117708778,0.0007718960052,-0.001208305227,0.4952094805,0.0007197073779,0.006285776954,0,2023-04-16T00:00:00Z,,historical_reconstruction
2023-04-16,0.5080792496,0.01615849912,0.2546227509,0.001896285928,0.0118779253,0.0154522318,0.2094059402,-0.0002737566492,-0.01031448195,9.086342785,0.02001680898,0.007859835211,0.000321861515,-0.0001451711617,0.5029220086,0.0003072258568,-0.003418258468,0,2023-04-17T00:00:00Z,,historical_reconstruction
2023-04-17,0.4830231583,-0.03395368345,0.308793099,-0.001996968458,0.001226188292,-0.001203948953,0.07730718711,0.0002362584378,2.48723124e-05,7.986099242,0.01371916277,0.01601303873,0.0005852188789,-0.001254952532,0.4830355944,0.0009168154475,-0.04091509025,0,2023-04-18T00:00:00Z,,historical_reconstruction
2023-04-18,0.4971597521,-0.005680495809,0.4042780536,0.01080725225,0.003822494977,-0.006752290112,0.1077138304,-9.983361065e-05,0.003039005987,8.547693806,-0.05110637529,-0.01041543148,0.0003679081709,0.005243943639,0.4986792551,0.0004134319222,-0.03944081225,0,2023-04-19T00:00:00Z,,historical_reconstruction
2023-04-19,0.491286084,-0.01742783191,0.7050942612,-0.02363496824,-0.02504777126,-0.02408337329,0.1626786048,-0.0004654217497,-0.04875491188,7.369806921,0.02435079597,-0.01337902611,-0.0003959703119,-0.01471102465,0.4669086281,-0.0001890043281,-0.02744190507,0,2023-04-20T00:00:00Z,,historical_reconstruction
2023-04-20,0.4917044544,-0.0165910913,0.2461423279,0.007926544587,-0.001510853478,0.001551570385,0.09564238787,-0.000447765803,0.007542784549,7.168218608,0.02295428035,0.01345347946,3.906929086e-05,0.004955455342,0.4954758466,-0.0003433925643,-0.07698435598,0,2023-04-21T00:00:00Z,,historical_reconstruction
2023-04-21,0.4935832101,-0.01283357979,0.2886550671,0.003304950914,-0.02895620066,-0.03155038475,0.1356282994,-0.0004218998475,-0.02988163989,8.003330404,-0.001937468602,-0.01833206746,-4.262901581e-05,-0.0006253688613,0.4786423902,-0.0003171374438,-0.0479468333,0,2023-04-22T00:00:00Z,,historical_reconstruction
2023-04-22,0.507879,0.01575800007,0.03039150491,0.001127106648,0.003937197679,0.01191080395,0.1268942653,-0.0004108507278,-0.01342775499,6.748087384,-0.01761894858,-0.02162484531,-6.393869426e-05,0.00703192059,0.5011651225,-0.0006978496755,0.02681504631,0,2023-04-23T00:00:00Z,,historical_reconstruction
2023-04-23,0.5240865751,0.04817315014,0.2574598719,0.008399720551,0.001441387174,-0.006641948305,0.1317842157,-0.0003759398496,-0.05367591593,7.614631826,0.03642860812,0.01646242769,0.0001532258807,0.004544564181,0.4972486171,-0.0001021832004,0.03201465102,0,2023-04-24T00:00:00Z,,historical_reconstruction
2023-04-24,0.4844196288,-0.0311607423,0,0.005744490313,0.004176253149,-0.00723348749,0.07641472204,-0.0003529079616,0.01814992318,10.3504056,0.003292854687,-0.0005562093151,0.0001352616495,0.004661603723,0.4934945904,-0.0005891663994,0.002792941142,0,2023-04-25T00:00:00Z,,historical_reconstruction
2023-04-25,0.5206469423,0.0412938845,0.03563313019,0.01547620343,0.02815426997,0.02194377968,0.2170237768,-0.0003751138739,-0.03726697357,9.094473552,0.01515249555,-0.02901001699,0.0001227520868,0.02496795706,0.5020134555,-0.0002752802632,0.04697438031,0,2023-04-26T00:00:00Z,,historical_reconstruction
2023-04-26,0.4965521182,-0.006895763608,0.4557356696,0.02038015245,-0.04499160662,-0.02536848813,0.2094578595,-0.0005305437806,0.01577078922,8.156413647,-0.005738492407,0.002472891943,0.0001518353188,0.01904444265,0.5044375128,-6.51220309e-05,0.0105320683,0,2023-04-27T00:00:00Z,,historical_reconstruction
2023-04-27,0.5199282892,0.03985657839,0.2239407058,-0.007157570587,0.004462688138,0.0147533401,0.08497548528,-0.0005291615148,-0.03609295688,7.537869977,0.02117738998,-0.009088336229,-6.195059431e-05,-0.006780687997,0.5018818108,-8.139571172e-05,0.05644766969,0,2023-04-28T00:00:00Z,,historical_reconstruction
2023-04-28,0.5192843208,0.03856864153,0.2189683394,-0.0007503857617,0.002194191223,-0.005987394406,0.06885932243,-0.0004283583826,-0.04830161376,8.105078934,0.05687150543,-0.0008825102548,-2.92003672e-05,-0.0005738439669,0.4951335139,-6.458535136e-06,0.05140222132,0,2023-04-29T00:00:00Z,,historical_reconstruction
2023-04-29,0.4993394187,-0.001321162635,0.5029297096,0.002469654774,0.001186015513,0.005189810058,0.1115764688,-0.0004140895272,0.007624648382,8.75267202,0.01905113554,0.02487570852,0.0001931539466,-0.0003498550649,0.5031517429,-3.238799411e-06,-0.01707916271,0,2023-04-30T00:00:00Z,,historical_reconstruction
2023-04-30,0.4976064748,-0.004787050339,0.3322230798,-0.018237848,-0.02599479167,-0.01614600322,0.2306456641,-0.0008983524857,-0.009225055324,8.375737821,-0.005868880768,-0.01724514907,-0.0005490921753,-0.004356780546,0.4929939472,-0.0005224126361,-0.05296020048,0,2023-05-01T00:00:00Z,,historical_reconstruction
2023-05-01,0.4949567489,-0.01008650224,0.294839639,0.009796080465,-0.001592452213,-0.00792799237,0.1309754406,-0.0004151349462,-0.01102876252,8.392462633,0.03520183889,0.01902891436,7.866124925e-05,0.008077691801,0.4894423676,-6.222698457e-05,0.02107424007,0,2023-05-02T00:00:00Z,,historical_reconstruction
2023-05-02,0.4933759306,-0.01324813883,0.1931924445,0.0009152362755,0.006068431246,0.01991753747,0.1045629803,-0.000470568104,0.03537390543,8.201176427,0.01125031953,0.004480463811,-4.573502042e-06,-0.0005671730554,0.5110628833,-9.545423018e-05,-0.05454202334,0,2023-05-03T00:00:00Z,,historical_reconstruction
2023-05-03,0.5154875548,0.03097510967,0,0.01986060106,0.02794984137,0.0246326614,0.2288080881,-0.000199462501,-0.02503282361,8.9095256,0.03144169171,-0.006847816295,6.788254218e-05,0.02482755163,0.502971143,0.0003310812795,0.03787087328,0,2023-05-04T00:00:00Z,,historical_reconstruction
2023-05-04,0.4854367821,-0.02912643578,0,0.000218473245,-0.004555434172,-0.01449069918,0.07748768782,-0.0005007804717,0.01984939904,7.441357728,0.009172024502,0.002642673135,-7.911695363e-05,-0.00197782962,0.4953614816,2.838104307e-05,-0.06898301417,0,2023-05-05T00:00:00Z,,historical_reconstruction
2023-05-05,0.515410906,0.030821812,0.3631012627,0.001170283831,0.02045726806,0.04296276142,0.08327210845,-0.0003712436663,0.01620600971,9.228644638,0.03540491532,0.02556119377,0.0001069704767,-0.001896036961,0.5235139109,5.711471632e-05,-0.007746829527,0,2023-05-06T00:00:00Z,,historical_reconstruction
2023-05-06,0.5092199919,0.01843998382,0.1541197467,-0.000848288144,0.01012613726,-0.01963997684,0.06601690566,-0.0005484277526,-0.06100853489,8.027477721,0.07166307333,-0.01155567205,-0.0001879199912,0.0001865282244,0.4787157245,-0.0001343382253,0.01976114646,0,2023-05-07T00:00:00Z,,historical_reconstruction
2023-05-07,0.4789555359,-0.04208892816,0.653252841,-0.02223290972,-0.02427318681,-0.01676400549,0.2302591892,-0.0004811804962,0.03130419307,7.74080099,-0.03572074536,0.01054271819,-0.0001048188231,-0.01652257026,0.4946076325,0.0004171719896,-0.03730187782,0,2023-05-08T00:00:00Z,,historical_reconstruction
2023-05-08,0.4926583176,-0.01468336484,0.2543463108,0.01014762165,-0.009181199991,-0.008175908181,0.08018790366,-0.0005520794994,0.003491549303,7.843728869,0.0373785075,0.02406017167,-0.0002271646766,0.01199931823,0.4944040922,-0.0001369445533,-0.004596862603,0,2023-05-09T00:00:00Z,,historical_reconstruction
2023-05-09,0.506571876,0.01314375193,0,-0.003195785019,0.003821711453,-0.0001299573307,0.113798028,-0.0003899226653,-0.01314369108,8.242597094,0.01115631875,-0.003175531759,0.0002641175623,-0.00317682867,0.5000000304,8.06454387e-05,0.02639189076,0,2023-05-10T00:00:00Z,,historical_reconstruction
2023-05-10,0.4933322181,-0.01333556388,0.5519426753,-0.004633910274,-0.01708635014,-0.005220210754,0.1362386207,-0.0005323656592,0.008229876363,7.658232789,0.01957243854,0.003957104658,4.193571319e-05,-0.003377115708,0.4974471562,-0.0003329031581,-0.04431067355,0,2023-05-11T00:00:00Z,,historical_reconstruction
2023-05-11,0.4909504413,-0.01809911743,0.1596235267,0.005508638419,-0.007412734414,-0.01457027839,0.09016559862,-0.0005907596277,-0.01456933619,7.663132921,0.005012099284,-0.009271902168,-0.0001376404099,0.004677559116,0.4836657732,-8.997915602e-05,0.01102731835,0,2023-05-12T00:00:00Z,,historical_reconstruction
2023-05-12,0.4825543796,-0.03489124086,0.2639952631,0.009748603352,0.02373777994,0.02413222579,0.1796733012,-0.0005090043985,0.0395156716,7.555465903,-0.0213420158,0.02796197339,-0.0001391594161,0.01267515834,0.5023122154,-0.0001377607322,-0.06571305286,0,2023-05-13T00:00:00Z,,historical_reconstruction
2023-05-13,0.5070900558,0.01418011156,0.1584552511,0.001266147565,-0.0004454566209,-0.004812090099,0.1159268981,-0.0003732361805,-0.01787496875,8.420887724,0.05336729951,-0.0164537568,9.660017601e-05,-0.002334382719,0.4981525714,0.000175191572,-0.004259872261,0,2023-05-14T00:00:00Z,,historical_reconstruction
2023-05-14,0.5139459588,0.02789191769,0,0.001608844749,-0.01091222939,-0.001570442388,0.1295927357,-0.0005335675102,-0.02342864677,9.466321107,0.03939585675,-0.01654265614,5.043657339e-05,0.001438299696,0.5022316355,-5.238701403e-05,0.06998084585,0,2023-05-15T00:00:00Z,,historical_reconstruction
2023-05-15,0.5175525045,0.03510500895,0.5218843037,-0.006857180354,-0.006373608338,-0.004489171723,0.07924608062,-0.0003523840987,-0.03197433056,7.887480597,0.08051192462,-0.0002007016781,2.521663544e-06,-0.009340497421,0.5015653392,0.0001996954008,0.04978837379,0,2023-05-16T00:00:00Z,,historical_reconstruction
2023-05-16,0.4684388737,-0.06312225265,0,0.004084126399,0.002203054609,0.004222312748,0.09393866196,-0.0003727641006,0.06310428366,8.221136177,-0.02330690955,0.0138708931,-3.836839509e-05,0.003741869658,0.4999910155,1.715856471e-05,-0.07626600458,0,2023-05-17T00:00:00Z,,historical_reconstruction
2023-05-17,0.4960390252,-0.007921949651,0.292866413,-0.003276608082,0.01384344884,0.01783041001,0.117130744,-0.0002579412991,0.01286585235,8.963723464,-0.01538635554,-0.003626800242,0.0001000146084,0.000749312856,0.5024719513,0.00027442436,0.005413614225,0,2023-05-18T00:00:00Z,,historical_reconstruction
2023-05-18,0.48535867,-0.02928266004,0.4505038847,0.00298573975,-0.004109536004,-0.01362959067,0.1681947047,-0.0004831830097,0.01534965546,10.36559015,0.008658071774,0.0118768315,-3.652274594e-05,0.003264381213,0.4930334977,0.000107576618,-0.01118354261,0,2023-05-19T00:00:00Z,,historical_reconstruction
2023-05-19,0.5154538615,0.03090772307,0.2136520667,0.0004858013514,-0.001729589195,0.002666666667,0.05691230019,-0.0005186721992,-0.01968461778,8.812285539,0.08334298036,0.01762400996,-0.0001406996647,0.001706387344,0.5056115526,-9.667800708e-06,0.06579896393,0,2023-05-20T00:00:00Z,,historical_reconstruction
2023-05-20,0.5258570589,0.0517141178,0.1641953578,-0.001048684203,0.001056396149,0.003330796634,0.1324310349,-0.0004561893351,-0.03337877678,8.071192318,0.1136314253,-0.02291868099,2.088965749e-05,0.001455490588,0.5091676705,-8.295315455e-05,0.03753400624,0,2023-05-21T00:00:00Z,,historical_reconstruction
2023-05-21,0.4756525598,-0.04869488044,0.2043835607,-0.002850718481,-0.001344517357,-0.002531099923,0.1939203324,-0.0005651251309,0.01524728823,8.65012802,0.02807638835,0.01022078639,-5.078652269e-06,-0.005737463911,0.4832762039,-3.155762071e-05,-0.07658679813,0,2023-05-22T00:00:00Z,,historical_reconstruction
2023-05-22,0.5219133603,0.04382672063,0.08901970161,0.0005230125523,0.000390831425,0.00167004718,0.09651529182,-0.0003741711833,-0.02102945338,9.554856766,0.08840065922,0.009329381381,-3.635939179e-05,-0.0004899035568,0.5113986336,-2.178708465e-05,0.008721711685,0,2023-05-23T00:00:00Z,,historical_reconstruction
2023-05-23,0.5604977239,0.1209954477,0.1384501643,0.001366444867,-0.001545570084,-0.0004959648943,0.06356582919,-0.0003721582482,-0.08234530296,7.390380426,0.1409944155,0.01776924594,-1.543013927e-05,0.001412003798,0.5193250724,6.058524649e-07,0.1841177004,0,2023-05-24T00:00:00Z,,historical_reconstruction
2023-05-24,0.4594374127,-0.08112517468,0.1719139731,0.003960307677,0.003641209796,-0.00888206077,0.1031185546,-0.0005833689837,0.03429038521,8.570334883,-0.06248161703,0.003110100305,-5.679203452e-06,0.002920501563,0.4765826053,-0.0003254276845,-0.07320322503,0,2023-05-25T00:00:00Z,,historical_reconstruction
2023-05-25,0.4688429918,-0.06231401639,0.132774533,-0.001780166075,0.00783674563,0.008906719712,0.07501418665,-0.000526140895,0.07059421139,8.247366388,-0.01197257318,-0.0006772154257,-7.32401203e-05,0.0001934362399,0.5041400975,-4.295788526e-05,-0.03303135635,0,2023-05-26T00:00:00Z,,historical_reconstruction
2023-05-26,0.5100380967,0.02007619333,0,-0.004233040598,-0.001660449086,0.00856941057,0.0652063488,-0.0005361666275,0.00747790705,7.890620367,0.07839360055,0.01579729597,6.370036832e-05,-0.002290114551,0.5137770502,-1.749442829e-05,-0.01083152974,0,2023-05-27T00:00:00Z,,historical_reconstruction
2023-05-27,0.5011873895,0.002374778961,0.04385720419,0.002108387549,0.00344922132,0.001675032707,0.1110122593,-0.0005683401735,-0.009771627442,8.599263897,0.0546984084,-0.02650337043,-9.653438614e-05,0.004664117682,0.4963015758,-0.0001121508384,-0.04933933884,0,2023-05-28T00:00:00Z,,historical_reconstruction
2023-05-28,0.5145985831,0.02919716617,0.4146568053,0.03238369294,0.03520019092,0.03532934457,0.3642836657,-0.0001467013161,0.02379227519,7.673787997,-0.0338140945,-0.01154732656,0.0001846722809,0.019581857,0.5264947207,0.0004184238148,0.07789204661,0,2023-05-29T00:00:00Z,,historical_reconstruction
2023-05-29,0.505127351,0.0102547019,0,0.0007455623179,0.001688357741,-0.005600916323,0.08122552427,-0.0005812110324,-0.01026888038,7.889801081,0.05695751294,0.01031797947,-6.20376718e-05,0.003562494166,0.4999929108,-0.0002070398491,-0.03357201873,0,2023-05-30T00:00:00Z,,historical_reconstruction
2023-05-30,0.4925152075,-0.01496958503,0,-0.003533735641,1.578482132e-05,-0.007732066409,0.1190454507,-0.0004103988761,0.001361498364,8.091786089,0.05521849856,0.0086036432,0.0001059509996,-0.005594571818,0.4931959567,-3.824062798e-05,-0.1359650328,0,2023-05-31T00:00:00Z,,historical_reconstruction
2023-05-31,0.4680993553,-0.06380128938,0.2164726709,0.005365871981,0.008439409026,0.004519622561,0.08481057892,-0.0004216414127,0.03069454926,8.316092873,-0.006165042825,0.005392202146,-8.169723701e-05,0.00739636372,0.4834466299,0.000161727571,0.0173238853,0,2023-06-01T00:00:00Z,,historical_reconstruction
2023-06-01,0.4908783834,-0.01824323325,0.3728316283,-0.004012240007,-0.00084793062,0.0001504163309,0.116545117,-0.0006391732643,0.007367131268,9.628625527,0.03218777283,0.01010219241,-0.0001682196896,-0.001665879949,0.494561949,-0.0001130323693,0.04407078314,0,2023-06-02T00:00:00Z,,historical_reconstruction
2023-06-02,0.5044755244,0.008951048791,0.01550684766,-0.0004875210342,0.007753658807,0.006190136943,0.07840614566,-0.0005769190425,0.004643606705,8.445730511,0.01188509092,0.01852495918,-3.401912001e-05,0.0001306948155,0.5067973277,-4.075241507e-05,-0.01112514454,0,2023-06-03T00:00:00Z,,historical_reconstruction
2023-06-03,0.4787462087,-0.04250758263,0.04325725993,0.00314400386,-0.005848076125,-0.006124850293,0.1137572385,-0.0006078031352,0.01820543192,8.59309627,0.02392416583,-0.006944417438,-7.878900033e-05,-0.001001979232,0.4878489246,-3.946296175e-05,-0.04488236159,0,2023-06-04T00:00:00Z,,historical_reconstruction
2023-06-04,0.4967787876,-0.006442424853,0.4248303137,-0.007691661504,-0.006178487296,-0.006862595701,0.3259787493,-0.0007777736626,-0.005137517503,8.957667806,0.005677055755,-0.03161929683,-0.0003053450884,-0.003597530749,0.4942100288,-0.0006310723465,-0.03563959102,0,2023-06-05T00:00:00Z,,historical_reconstruction
2023-06-05,0.4565624248,-0.08687515037,0.642914688,0.002214226405,-0.005596779243,-0.03155924044,0.09731621295,-0.0002595967965,0.04112375004,7.693791305,-0.01551432704,0.01829733068,0.0002651192738,0.003831447522,0.4771242998,0.000321614236,-0.09712985227,0,2023-06-06T00:00:00Z,,historical_reconstruction
2023-06-06,0.5176208299,0.03524165989,0.02891744556,-0.003795287078,0.02302656577,0.03932543994,0.2099619888,-0.0007322353341,-0.0006440860617,8.801019454,0.008653160494,-0.003392747443,-0.0004171426131,0.005537641635,0.5172987869,-0.0003218364579,0.05021124492,0,2023-06-07T00:00:00Z,,historical_reconstruction
2023-06-07,0.4686053,-0.06278940002,0.3289602766,-0.009857487962,-0.003735725938,-0.02037182593,0.1438683033,-0.0004475664936,0.0431251888,8.622647464,-0.005452738272,-0.0003811753494,6.269686147e-05,-0.005403205068,0.4901678944,-2.592508099e-05,0.001011889356,0,2023-06-08T00:00:00Z,,historical_reconstruction
2023-06-08,0.4714087461,-0.05718250787,0.3287228363,-0.001131117642,-0.005405055856,0.001003368063,0.09790876049,-0.0003792722308,0.06363698499,9.684135717,0.002125352915,0.006791664307,0.0001003755696,-0.001554265923,0.5032272386,0.0002599010335,-0.03893927462,0,2023-06-09T00:00:00Z,,historical_reconstruction
2023-06-09,0.4681197503,-0.06376049933,0.05302757268,0.005194280284,-0.0007275846903,-0.001854875013,0.1081044977,-0.0004129604373,0.05062330949,9.732751042,0.02292669371,-0.01361069022,-4.623826504e-05,0.002675790458,0.4934314051,0.0001639586052,-0.07271154812,0,2023-06-10T00:00:00Z,,historical_reconstruction
2023-06-10,0.4579630087,-0.08407398258,0,0.004041318903,0.008138644749,0.002048113504,0.04395377089,-0.0005081271802,0.05038328174,8.511716954,-0.05574646802,0.000380059739,5.724882189e-05,0.003541746197,0.4831546496,9.967595497e-05,-0.04156639995,0,2023-06-11T00:00:00Z,,historical_reconstruction
2023-06-11,0.477259347,-0.04548130596,0,-0.005396448898,0.006870404412,0.0003538530026,0.247006704,-0.0005477076154,0.04383432895,9.230801787,0.003742873341,-0.002457647018,5.594399467e-05,-0.004046730634,0.4991765115,0.0002300660472,-0.03903888111,0,2023-06-12T00:00:00Z,,historical_reconstruction
2023-06-12,0.511636249,0.0232724981,0,0.005435190261,0.006184102641,-0.001741511563,0.08120599498,-0.0005509104369,-0.04019949192,8.652598705,0.07210481792,-0.01597177885,-0.0001498325062,0.003135040232,0.4915365031,-0.0002913136404,0.1101476485,0,2023-06-13T00:00:00Z,,historical_reconstruction
2023-06-13,0.5173591287,0.03471825745,0,-0.0001091759514,0.005750879971,-0.007800205269,0.07103525005,-0.0005057122497,-0.0297558342,10.47249269,0.05476701705,-0.000781046767,0.0001208722862,0.001212994874,0.5024812116,0.0002265230843,-0.0005234024436,0,2023-06-14T00:00:00Z,,historical_reconstruction
2023-06-14,0.4758773233,-0.0482453534,0.6006566891,-0.04477706933,-0.05174493406,-0.05441705423,0.563795825,-0.0004663981344,-0.003616093102,9.556828309,0.0320487725,-0.005418076831,3.900208685e-05,-0.0288306129,0.4740692768,-1.883164076e-05,0.01454404663,0,2023-06-15T00:00:00Z,,historical_reconstruction
2023-06-15,0.5190842835,0.03816856698,0.2507852609,-0.001204335608,0.01494136701,0.01455220474,0.1580598014,-0.0007918606325,-0.04282384916,8.859593351,0.05014821531,-0.007869679145,-0.0003078477083,0.005617648688,0.4976723589,-0.0004125884018,0.09535107485,0,2023-06-16T00:00:00Z,,historical_reconstruction
2023-06-16,0.5085115075,0.01702301498,0,-0.00247360903,0.02116125351,0.03213712803,0.08565811973,-0.0003550805625,0.01404118673,9.946773048,0.08451070762,0.0003695332233,-1.345976163e-05,-0.00141874725,0.5155321009,5.787987476e-05,0.08078351431,0,2023-06-17T00:00:00Z,,historical_reconstruction
2023-06-17,0.5086108933,0.01722178659,0.1052804807,-0.0003645010675,-6.944926731e-05,-0.00612057064,0.06559788632,-0.0003241190906,-0.01683301301,10.23718268,0.02263064802,-0.02340954601,-1.903167308e-05,0.001574296958,0.5001943868,0.0001840080896,0.1012957692,0,2023-06-18T00:00:00Z,,historical_reconstruction
2023-06-18,0.5062179199,0.01243583988,0.08584487055,-0.01170937324,-0.009878489402,-0.007783447202,0.325805652,-0.0005578314303,-0.03057565401,10.46305693,0.04971107959,-0.007940912968,-0.0001679296954,-0.01163376674,0.4909300929,-1.01238149e-05,0.05791714584,0,2023-06-19T00:00:00Z,,historical_reconstruction
2023-06-19,0.4913013211,-0.01739735781,0,0.00745831521,0.009096982195,0.006512657384,0.1212175399,-0.0005181019049,0.01883079677,10.56514181,0.001401326131,-0.01639418585,7.233891413e-05,0.006073691576,0.5007167195,3.2808532e-05,-0.04066985591,0,2023-06-20T00:00:00Z,,historical_reconstruction
2023-06-20,0.5122664227,0.02453284531,0,0.005555274986,0.03434363258,0.03321052358,0.2002940797,-0.0003459840736,0.001854711744,10.52913989,0.01785786554,-0.01809174362,0.0002683301183,0.01162215177,0.5131937785,0.0001597281762,-0.01018541213,0,2023-06-21T00:00:00Z,,historical_reconstruction
2023-06-21,0.4919646377,-0.01607072453,0.02182148936,0.003591255611,0.02124542521,0.03249801875,0.1190233105,-0.0004234798397,0.02039244284,8.680610963,-0.04162278268,-0.03023008211,-0.0002437765735,-0.003923018117,0.5021608592,4.291829469e-05,0.03217462887,0,2023-06-22T00:00:00Z,,historical_reconstruction
2023-06-22,0.4726991767,-0.05460164654,0.4345031394,-0.009308848434,-0.002786004986,-0.007817634463,0.08289793145,-0.0003472203674,0.05050766636,7.522736841,0.0001637397016,0.007439966807,-1.528037895e-05,-0.01086250307,0.4979530099,0.0004446402651,-0.09277021352,0,2023-06-23T00:00:00Z,,historical_reconstruction
2023-06-23,0.4900358854,-0.0199282292,0.2364662169,-0.004313904978,-0.01302663211,0.006851974997,0.1153350945,-0.000227197075,0.01501541873,8.487870142,-0.002180877787,-0.02387713689,0.0002648439176,-0.006229744748,0.4975435948,0.0001278834876,-0.03695124418,0,2023-06-24T00:00:00Z,,historical_reconstruction
2023-06-24,0.4761719975,-0.04765600491,0.2708100935,-0.006901519606,0.000346794287,-0.008209555245,0.1393763547,-0.0002560054614,0.02325269286,7.766589474,0.001894897268,-0.006976662387,-0.0001501989786,-0.003278389857,0.487798344,6.811362916e-05,-0.0648777915,0,2023-06-25T00:00:00Z,,historical_reconstruction
2023-06-25,0.5025803696,0.005160739289,0,0.002216826771,0.006514675247,-0.01020136887,0.09436226275,-0.000279123657,-0.006327214216,8.207953744,0.03699375824,0.004395518259,-0.0001261494913,0.001080520464,0.4994167625,0.0002787077733,-0.007275100592,0,2023-06-26T00:00:00Z,,historical_reconstruction
2023-06-26,0.4835788524,-0.03284229519,0.2809621262,0.002626611294,-0.01606918855,-0.01164354793,0.07732100152,-0.0004464838055,-0.008323652501,7.411450346,-0.0191299074,-0.02144050564,-0.0001858123834,0.0007942079033,0.4794170262,7.161809934e-05,-0.01544493738,0,2023-06-27T00:00:00Z,,historical_reconstruction
2023-06-27,0.5331859358,0.06637187158,0.1895723912,-0.002544341216,0.00960675358,0.004278432977,0.08572835248,-0.0002804856106,-0.0459554051,7.708424415,0.0754044753,0.01895454725,2.056572325e-05,0.001449032776,0.5102082332,6.549846301e-05,0.04183902627,0,2023-06-28T00:00:00Z,,historical_reconstruction
2023-06-28,0.4754543219,-0.04909135617,0.2223719628,-0.002422972398,-0.0169821467,-0.01777443447,0.1132189103,-0.0004157503747,-0.01296559564,9.134839164,0.002906027055,-0.02806494133,-4.637016546e-05,-0.0007501663622,0.4689715241,7.72946499e-06,-0.03302063163,0,2023-06-29T00:00:00Z,,historical_reconstruction
2023-06-29,0.5094684565,0.01893691291,0.1175910407,-0.002955617288,0.0001080036073,-0.0094138287,0.09860497563,-0.0004319677752,-0.00451122371,9.274500311,0.03716436412,-4.033992392e-05,-0.0001885965217,-0.004501554521,0.5072128446,-8.474740779e-05,0.07353855944,0,2023-06-30T00:00:00Z,,historical_reconstruction
2023-06-30,0.4824427332,-0.03511453368,0.08807083402,0.003877860376,0.04398268118,0.02257416319,0.06639845802,-0.0001965053082,0.0448588928,8.319849132,-0.02672060276,0.0229557094,0.0001907354374,0.003280284021,0.5048721796,3.069176674e-05,-0.01518630449,0,2023-07-01T00:00:00Z,,historical_reconstruction
2023-07-01,0.4950556965,-0.009888606978,0.1893684752,0.0009882450848,0.0009726260383,0.001009071238,0.06838658464,-0.0002182385035,0.01516671961,8.873623461,0.06411785392,0.00920379188,0.0001839075834,-0.0007713289105,0.5026390563,3.776695794e-05,0.03776739793,0,2023-07-02T00:00:00Z,,historical_reconstruction
2023-07-02,0.4978253558,-0.004349288421,0.3058078593,0.01220404154,0.009840508704,0.009109422445,0.3598798322,0.0001083882156,-0.003008870702,10.16349401,0.08256580067,0.001543685302,0.0002498127757,0.001940261289,0.4963209204,0.0003875118727,-0.009510027711,0,2023-07-03T00:00:00Z,,historical_reconstruction
2023-07-03,0.4861318389,-0.02773632218,0.1773108394,-0.006023208413,-0.006417128602,-0.003292558614,0.1170887954,-0.0002761385602,0.03767846987,8.643987982,0.01753668449,-0.01988627604,-4.504490949e-05,-0.003187565328,0.5049710738,0.0001703452454,0.005105973011,0,2023-07-04T00:00:00Z,,historical_reconstruction
2023-07-04,0.4569043093,-0.08619138138,0.1717373265,0.0009874424207,-0.009205860229,-0.01240990957,0.08645537001,-0.0002479082739,0.06805538639,9.305273085,0.06402498757,0.006024907268,9.04466451e-05,0.002269614723,0.4909320025,3.257733662e-05,-0.152563253,0,2023-07-05T00:00:00Z,,historical_reconstruction
2023-07-05,0.4784577084,-0.04308458329,0,0.00138910002,0.003883403312,0.0001518268964,0.08376641532,-0.0002512615423,0.01786157824,8.554235984,0.01683313653,0.01057882608,0.0002866864075,0.00239419426,0.4873884975,0.0001644888324,0.006006772874,0,2023-07-06T00:00:00Z,,historical_reconstruction
2023-07-06,0.4942840584,-0.01143188321,0.1470544206,-0.02070856828,-0.02249743204,-0.03727980977,0.1452506848,-0.0007312436016,-0.01268881014,9.245574843,0.03600193413,-0.002063286099,-2.779160243e-05,-0.01367375918,0.4879396533,-0.0002992758264,-0.03036879612,0,2023-07-07T00:00:00Z,,historical_reconstruction
2023-07-07,0.4943613402,-0.01127731961,0.04138027237,0.003545566701,-0.0006036195808,0.005779072768,0.07764339145,-0.0004863943215,-0.01868382275,9.230532606,0.1154274134,-0.02236589302,6.724436996e-05,0.003256275745,0.4850194288,-0.0002898890133,0.02383721408,0,2023-07-08T00:00:00Z,,historical_reconstruction
2023-07-08,0.4975744085,-0.004851183084,0.04354889943,0.00993015323,0.003124613457,0.003351246093,0.175525359,-0.0004235379897,-0.02538138911,9.092261686,0.08003076341,-0.03551202362,8.265937835e-05,0.005732930393,0.4848837139,-0.0002052994862,0.005037423894,0,2023-07-09T00:00:00Z,,historical_reconstruction
2023-07-09,0.5033636153,0.006727230646,0,-0.003007889019,-0.001784441598,-0.003306616443,0.185985803,-0.0005314580202,-0.01930098769,9.738640015,0.09456770784,0.01438364198,-0.0001034176989,-0.002702163814,0.4937131215,-0.0006398462358,0.01107651907,0,2023-07-10T00:00:00Z,,historical_reconstruction
2023-07-10,0.5002244347,0.0004488693352,0.1566280065,-0.01030537164,0.004975709346,0.008803695299,0.2452401802,-0.000563709849,0.0233062876,9.909697271,0.05108094021,0.01882228084,-8.132765035e-05,-0.01380888142,0.5118775785,-0.0002875712888,0.02818519152,0,2023-07-11T00:00:00Z,,historical_reconstruction
2023-07-11,0.4793472974,-0.0413054051,0,0.001802743584,0.00353692939,0.005756204653,0.0816162352,-0.0003407336421,0.01960399737,9.505564122,-0.001537874262,-0.02448899693,0.0001066556617,0.001311228827,0.4891492961,-9.282536818e-05,0.04488597628,0,2023-07-12T00:00:00Z,,historical_reconstruction
2023-07-12,0.4828404612,-0.03431907759,0.4487159953,0.0009518512973,-0.006343661912,-0.009959537725,0.08610514225,-0.0005395817974,0.03250648741,9.505257864,0.007697663747,0.00801065736,-0.0001742098422,0.003054727564,0.4990937049,-0.0002883202551,0.0087655057,0,2023-07-13T00:00:00Z,,historical_reconstruction
2023-07-13,0.5019402749,0.00388054982,0,0.004625963534,0.03709126656,0.0641125008,0.1088142492,0.0001446752042,0.0389143036,9.231083976,-0.01623788503,0.01472891299,0.0005430318004,-0.004801936341,0.5213974267,0.0008759188058,0.01531243303,0,2023-07-14T00:00:00Z,,historical_reconstruction
2023-07-14,0.467440527,-0.06511894602,0.1493359898,0.01303256835,-0.03036747193,-0.02730120167,0.1043425862,-0.0005624848413,0.04547132493,8.41772131,-0.004053066295,0.03325199643,5.476224988e-05,0.006535906476,0.4901761895,-7.609051981e-05,-0.05384162641,0,2023-07-15T00:00:00Z,,historical_reconstruction
2023-07-15,0.4864835435,-0.02703291291,0,-0.001168761991,-0.001757278492,-0.004340586546,0.09126483947,-0.0005229340223,0.008070205247,8.221507046,0.06199225315,0.01856334202,-8.978090531e-05,-0.00121840755,0.4905186462,-9.939603255e-05,-0.02218172982,0,2023-07-16T00:00:00Z,,historical_reconstruction
2023-07-16,0.4689130004,-0.06217399914,0.2860084342,-0.002946379014,-0.007589799722,-0.005644018168,0.1875288171,-0.0005930982098,0.05089819339,8.543685283,0.008577598979,0.01761848804,-9.065030609e-05,-0.0006924946799,0.4943620971,-6.16401896e-05,-0.06890122978,0,2023-07-17T00:00:00Z,,historical_reconstruction
2023-07-17,0.4872713326,-0.02545733486,0.1892438052,0.01315210534,0.001252088998,0.0005811244496,0.1365440865,-0.0004342821264,0.008729292685,9.197972199,0.04493033701,0.01814895276,-3.943177138e-05,0.008486032847,0.4916359789,0.0001294277226,-0.0259062042,0,2023-07-18T00:00:00Z,,historical_reconstruction
2023-07-18,0.4840059343,-0.03198813144,0,0.002727200655,0,0.001615500356,0.1003948714,-0.0003953173344,0.006331332319,9.213571843,0.05011494696,0.006202955296,5.781040241e-05,0.0048172734,0.4871716004,-5.458369228e-05,0.009317273656,0,2023-07-19T00:00:00Z,,historical_reconstruction
2023-07-19,0.49735771,-0.005284579918,0.1155899151,-0.01118848168,-0.009222488603,-0.01082077631,0.2304033013,-0.000571843082,-0.005157411388,9.382882136,0.03892239359,-0.001473026222,-0.0001134558495,-0.00449669172,0.4947790043,-3.226128463e-05,0.02903449767,0,2023-07-20T00:00:00Z,,historical_reconstruction
2023-07-20,0.4993425157,-0.001314968683,0.6315372461,0.001917403349,0.00158318331,-0.01555059408,0.07754116086,-0.0005445154605,-0.008449772825,9.147225158,0.03640056788,0.01185468799,-0.0002425020377,0.001478693373,0.4951176292,-0.0006891906647,-0.005195518503,0,2023-07-21T00:00:00Z,,historical_reconstruction
2023-07-21,0.4864650586,-0.02706988288,0.05124170551,-0.001541181749,0.0003437189331,0.001317990303,0.08492662294,-0.0004704688301,-0.003328814383,8.594582812,0.004222361792,-0.01356076122,-0.0001253381821,0.0008612266907,0.4848006514,9.201601117e-05,0.03804906314,0,2023-07-22T00:00:00Z,,historical_reconstruction
2023-07-22,0.4804909663,-0.03901806747,0.5431528495,-0.01099995761,-0.01171213148,-0.01138235497,0.4244149935,-0.0004928958704,-0.03263918553,8.69527885,0.04341712723,-0.05961775202,-0.0001404759201,-0.001407695402,0.4641713735,3.00381519e-05,-0.01198515456,0,2023-07-23T00:00:00Z,,historical_reconstruction
2023-07-23,0.5063717733,0.01274354664,0,-0.0002117376782,0.007881705052,0.007494612414,0.1562469374,-0.0004606269822,0.01349033168,10.07035159,0.04083045095,-0.01832119181,-3.016203014e-05,-0.0003113668506,0.5131169392,0.0001324712276,0.07491754578,0,2023-07-24T00:00:00Z,,historical_reconstruction
2023-07-24,0.4804785281,-0.03904294377,0.1664227315,0.0003298384873,0.003749138675,-0.001640547425,0.0582714998,-0.0005189189189,-0.01808890242,7.648816504,0.05022959558,-0.01519355409,-8.363709965e-05,0.002009410677,0.4714340769,-8.463679251e-05,-0.01358560891,0,2023-07-25T00:00:00Z,,historical_reconstruction
2023-07-25,0.4911349214,-0.01773015711,0,0.0003123182631,-0.0002045165874,0.002303886392,0.1119305831,-0.0004037337295,0.02063459759,8.673019324,0.03087410487,-0.0183876585,2.768844803e-05,0.001030521096,0.5014522202,-8.416395129e-06,0.01425797433,0,2023-07-26T00:00:00Z,,historical_reconstruction
2023-07-26,0.5442060822,0.08841216448,0.2080705134,-0.0006352799236,0.006067576355,0.01129058398,0.1834168974,-0.0005448717949,-0.05550256612,7.155921528,0.1459242752,0.02766996305,-1.126164256e-06,-0.001699548295,0.5164547992,2.697128715e-05,0.0936967444,0,2023-07-27T00:00:00Z,,historical_reconstruction
2023-07-27,0.4928750125,-0.01424997507,0,0.0002310771959,-0.00394402376,-0.008248257635,0.103586919,-0.0005372646781,-0.007343668831,9.720169549,0.06176101642,-0.02036129855,-8.96686588e-05,0.002021339447,0.489203178,7.250782467e-06,-0.01293500639,0,2023-07-28T00:00:00Z,,historical_reconstruction
2023-07-28,0.5083085485,0.01661709704,0.06168568387,5.335923035e-05,-0.0005439390788,0.004050079555,0.05806002753,-0.0004268510663,-0.009479211796,9.939994058,0.06432878116,-0.007263589042,5.892132884e-05,-6.344658207e-05,0.5035689426,4.361776379e-05,0.04368697992,0,2023-07-29T00:00:00Z,,historical_reconstruction
2023-07-29,0.4924531629,-0.0150936742,0,0.001331231762,0.004133025759,0.005340903623,0.2197202149,-0.0003243887134,0.05183448002,10.28460161,-0.01836580296,0.02476813136,0.0001457522267,0.0005068506645,0.5183704029,0.000168507157,0.02392439327,0,2023-07-30T00:00:00Z,,historical_reconstruction
2023-07-30,0.5202094377,0.04041887534,0.2345944025,-0.0003919421,-0.007802049637,-0.007669839781,0.3334422302,-0.0005532310304,-0.07341273775,8.729725272,0.0573923883,-0.01329940865,-0.0002120552066,0.002698761877,0.4835030688,-9.26040482e-05,0.0276753287,0,2023-07-31T00:00:00Z,,historical_reconstruction
2023-07-31,0.4855494559,-0.02890108811,0.3303863902,-0.0001939132777,-0.0006622266969,-0.006242638398,0.1423054798,-0.0004040643486,0.01523863044,8.446139986,-0.004677454498,-0.01711161786,-1.23736645e-05,0.00256400671,0.4931687712,0.0001148545703,0.01014185566,0,2023-08-01T00:00:00Z,,historical_reconstruction
2023-08-01,0.4754854453,-0.04902910936,0.4368491336,0.0121667252,0.02119274606,0.02336264817,0.1719464227,-0.0002241829333,0.04828834298,7.971108454,-0.02596119453,-0.004541614335,-6.293599284e-05,0.01474222205,0.4996296168,0.0001795507963,-0.03129895225,0,2023-08-02T00:00:00Z,,historical_reconstruction
2023-08-02,0.4838356473,-0.03232870546,0.5151783618,-0.001058718137,-0.001367766307,-0.01074794746,0.0931177577,-0.0004511114734,-0.003148161118,9.563505956,0.01501556154,-0.006330085042,9.401271447e-05,0.001181411499,0.4822615667,9.376032142e-05,-0.1207408699,0,2023-08-03T00:00:00Z,,historical_reconstruction
2023-08-03,0.4914737849,-0.01705243016,0,-0.005234438923,-0.002542801102,-0.0009904061209,0.1936704505,-0.0006100849216,0.006683686963,9.982497068,0.008279466882,0.009471595855,-0.0001497106757,-0.002994400526,0.4948156284,-7.282024357e-05,-0.002802455087,0,2023-08-04T00:00:00Z,,historical_reconstruction
2023-08-04,0.4847743002,-0.03045139963,0,-0.0006061135562,-0.00921905958,-0.002381990625,0.1777900889,-0.0004534949159,0.02501496203,10.18935894,0.07451448098,0.02441584946,-1.075244059e-05,0.002822398005,0.4972817812,-2.664384961e-05,-0.04706849667,0,2023-08-05T00:00:00Z,,historical_reconstruction
2023-08-05,0.5006407988,0.001281597516,0,0.0005339144647,0.00147236855,0.002040660432,0.09571290154,-0.0005336295522,0.0004806887502,6.933266019,0.05816942457,0.01351722012,-3.727789168e-05,0.0001641015902,0.5008811431,-0.0002092408388,0.01637527172,0,2023-08-06T00:00:00Z,,historical_reconstruction
2023-08-06,0.4848156396,-0.03036872081,0.2955048247,-0.0009443179895,0.0005411935778,-0.001151501591,0.1696127631,-0.0004917280416,0.003021656691,8.889669707,-0.01256224288,-0.02595317722,-6.13162145e-05,1.443894389e-05,0.4863264679,6.150298874e-05,-0.07078759615,0,2023-08-07T00:00:00Z,,historical_reconstruction
2023-08-07,0.4904763503,-0.01904729936,0.2004683495,0.002098319701,0.006006006006,-0.002785940541,0.07960168984,-0.0005029796075,0.007828907837,9.968042274,-0.01227973219,-0.01120178354,-0.0002167866381,0.001925919168,0.4943908042,-9.891525886e-05,0.009853788756,0,2023-08-08T00:00:00Z,,historical_reconstruction
2023-08-08,0.5121480368,0.02429607362,0.01551011416,-0.001489992308,0.006899619219,0.009363377341,0.1762505019,-0.0005063836664,0.0109652539,9.720274106,-0.03438265001,-0.01093295103,-0.0001227814196,-0.00380836314,0.5176306638,-0.0002822007332,0.07332518298,0,2023-08-09T00:00:00Z,,historical_reconstruction
2023-08-09,0.4855124848,-0.02897503042,0,0.003754578259,0.001160155407,-0.003994008987,0.07579603316,-0.0003503382111,0.03606717417,7.316671197,-0.01349011679,0.02038491236,-3.967621712e-05,0.005635668225,0.5035460719,0.0001007732623,0.003353675039,0,2023-08-10T00:00:00Z,,historical_reconstruction
2023-08-10,0.4911708623,-0.01765827532,0,0.001394677521,-0.0007012736208,0.0008428286627,0.06341209967,-0.0005668107986,-0.00742374469,9.345961101,0.02721372752,-0.007783335469,-0.00015772259,0.0003813952477,0.48745899,4.327412309e-05,-0.0006058451592,0,2023-08-11T00:00:00Z,,historical_reconstruction
2023-08-11,0.482938544,-0.034122912,0.07360055253,0.002325770513,0.001646982338,-0.001339584729,0.0879539933,-0.0004327037494,0.009560454712,9.532402279,0.0157351597,-0.01241422816,-7.485731206e-05,0.0009956879602,0.4877187714,2.079116656e-05,-0.003671512376,0,2023-08-12T00:00:00Z,,historical_reconstruction
2023-08-12,0.5090692367,0.0181384734,0.0403559451,0.001358651525,-0.0004916686477,-0.0004970689143,0.09468746921,-0.0004270431854,-0.02500406874,7.116797362,0.085844787,-0.03162197644,-0.0001052645481,0.0004759287154,0.4965672023,0.0001065863668,0.01685687588,0,2023-08-13T00:00:00Z,,historical_reconstruction
2023-08-13,0.5724754319,0.1449508637,0,-0.009614763801,-0.003939372622,-0.004688006921,0.4722161954,-0.0003476881455,-0.1617074223,6.972965801,0.1978562828,0.03062827591,1.199167807e-05,-0.004723378226,0.4916217207,0.0001440398961,0.1753195845,0,2023-08-14T00:00:00Z,,historical_reconstruction
2023-08-14,0.4640861539,-0.07182769215,0.2378140324,0.00155212087,-0.004262436603,-0.001347409889,0.0867199819,-0.0003738824167,0.05949746935,8.543728154,-0.02843824849,-0.01437212272,1.448451565e-05,0.00239743547,0.4938348886,0.0001290971908,-0.05278039279,0,2023-08-15T00:00:00Z,,historical_reconstruction
2023-08-15,0.4617292332,-0.07654153351,0.3781522092,0.0007112842511,-0.006205172789,-0.006140369944,0.1008076132,-0.0003827269844,-0.00887413248,6.510123966,-0.003908941454,-0.05570583154,8.346593963e-07,0.0006260766582,0.457292167,0.000123656682,-0.1008376071,0,2023-08-16T00:00:00Z,,historical_reconstruction
2023-08-16,0.4606000649,-0.0787998703,0.06351181768,-0.007216013619,-0.007019702404,-0.009587412549,0.3350857013,-0.0003429563948,0.04714013436,7.821171804,0.02626631123,0.01496098375,0.0002177715561,-0.01309370909,0.484170132,7.381816365e-06,-0.04982483987,0,2023-08-17T00:00:00Z,,historical_reconstruction
2023-08-17,0.4792170789,-0.04156584225,0.04623608233,-0.03265909588,-0.03341534358,-0.05952201173,0.4903785383,-0.0002914082153,-0.01919514576,7.241686524,0.01312324413,0.007526118375,0.0002235521147,-0.04555065606,0.469619506,0.0002754025832,-0.02390756693,0,2023-08-18T00:00:00Z,,historical_reconstruction
2023-08-18,0.4758469243,-0.04830615145,0.08660098198,0.002401047291,0.0005238691652,-0.01441959784,0.06832085879,-0.0004995215426,0.0315849201,5.500638258,-0.009037236043,0.01015791277,-4.277785643e-05,-0.0004224053626,0.4916393843,-6.681779324e-05,-0.01418323944,0,2023-08-19T00:00:00Z,,historical_reconstruction
2023-08-19,0.5025508656,0.005101731296,0.1847773874,-0.004596453994,-0.008138436589,0.005825301205,0.1397599427,-0.0005869423299,-0.04560953115,5.925313153,0.0148039492,-0.002387809939,-0.000138283498,-0.0009798814267,0.4797461001,-0.0001598991445,-0.0130367421,0,2023-08-20T00:00:00Z,,historical_reconstruction
2023-08-20,0.4851946146,-0.02961077071,0,0.004165052882,0.008437354141,0.006155481125,0.1874724684,-0.0006408582754,0.007348591687,5.958955531,-0.06957878683,-0.003203911858,-0.0001028664701,0.002017809831,0.4888689105,-0.0002931701299,-0.1745616344,0,2023-08-21T00:00:00Z,,historical_reconstruction
2023-08-21,0.4669944384,-0.06601112313,0.3224089315,-0.002876174986,0.005954104532,-0.003126531881,0.08018193951,-0.000455758448,0.04427059377,6.839774332,0.00544354979,0.002429866152,-1.483391501e-05,0.001118488083,0.4891297353,-8.187603133e-05,0.005816569015,0,2023-08-22T00:00:00Z,,historical_reconstruction
2023-08-22,0.4662247445,-0.067550511,0.001313944059,0.006011493829,-0.009024898781,-0.01659469018,0.322367146,-0.0002996960226,0.04336587394,6.534857439,-0.02756490781,-0.01198845297,0.0001454989421,0.01070597362,0.4879076815,8.303096183e-05,0.008991022516,0,2023-08-23T00:00:00Z,,historical_reconstruction
2023-08-23,0.4810677218,-0.03786455636,0.300002506,-0.004498577525,0.01341885035,0.02266209609,0.1421858703,-0.0004822548092,0.05330063786,7.496940402,-0.03539347579,0.003036748795,2.923246874e-05,-0.007483100224,0.5077180407,-0.0001392984144,0.04093531394,0,2023-08-24T00:00:00Z,,historical_reconstruction
2023-08-24,0.4795859719,-0.04082805614,0.4901872456,0.006769737998,0.01080686382,-0.003909622949,0.1584788915,-0.0005658696333,0.03782867741,7.511933259,0.03294578008,0.006055081046,2.427438861e-05,0.005399885712,0.4985003106,-0.0002744614179,0.0007377861145,0,2023-08-25T00:00:00Z,,historical_reconstruction
2023-08-25,0.4860278502,-0.02794429961,0.117784622,0.004128718883,0.004573976322,-0.0001874119617,0.09316439065,-0.0003386141009,0.03985225194,7.794794859,0.01659227931,0.02046208944,-1.97347144e-05,0.003374355132,0.5059539762,0.0001609074418,0.02036185184,0,2023-08-26T00:00:00Z,,historical_reconstruction
2023-08-26,0.465720729,-0.0685585419,0.09070965046,0.0005041884085,-0.002706613947,-0.002096334444,0.1001698089,-0.000461433845,0.04048553903,6.308584187,-0.002912760371,-0.0164708195,4.092284982e-05,-0.0006472250753,0.4859634986,0.000125508485,-0.0736602732,0,2023-08-27T00:00:00Z,,historical_reconstruction
2023-08-27,0.5168771108,0.03375422161,0.04671220464,0.00146747992,0.001745759436,0.005468953684,0.1240929073,-0.0004462320527,-0.01667307027,7.486105248,0.01382688715,0.00404739067,9.281185119e-05,-0.0009075431341,0.5085405757,0.0001946262227,0.06336499232,0,2023-08-28T00:00:00Z,,historical_reconstruction
2023-08-28,0.4836035882,-0.03279282367,0.2693582012,0.003856126991,0.00252286345,0.007778969957,0.07848554988,-0.0003448108984,0.04182411001,7.798843902,0.005373420689,0.0157192554,0.0001720344308,0.004759528963,0.5045156432,0.0001109475496,0.03321829946,0,2023-08-29T00:00:00Z,,historical_reconstruction
2023-08-29,0.5090658025,0.01813160495,0.816110693,-0.003376976626,0.008408163265,0.05311167945,0.09112901904,-0.0005261879705,0.001412087898,7.029727539,-0.004189075395,-0.005853124421,5.974797916e-05,-0.004131674627,0.5097718464,-0.0002264919479,0.08568211594,0,2023-08-30T00:00:00Z,,historical_reconstruction
2023-08-30,0.4803973028,-0.03920539437,0.4993182565,0.002156844308,0.0009509218659,-0.006392028901,0.07535508942,-0.000492602171,0.03537455146,7.582384181,0.01779017258,0.02145622479,-0.000141319991,0.004478577923,0.4980845785,-1.034736182e-05,-0.001340838007,0,2023-08-31T00:00:00Z,,historical_reconstruction
2023-08-31,0.4803535951,-0.03929280986,0.1324962921,-0.006855266969,-0.02560094731,-0.0396396081,0.1817156366,-0.0002977347851,0.02171815052,7.532090723,-0.003303627816,0.01758724395,0.0001949258056,-0.008485715782,0.4912126703,0.0002681348481,0.001535246275,0,2023-09-01T00:00:00Z,,historical_reconstruction
2023-09-01,0.5055975569,0.01119511376,0.07623661487,0.006107841381,-0.003517099219,-0.01078402798,0.1109372291,-0.0005708603418,-0.02311419565,6.903674694,0.0381759484,-0.0115860811,-0.0002046529521,0.006215479038,0.4940404591,-0.0002322462409,0.03913941337,0,2023-09-02T00:00:00Z,,historical_reconstruction
2023-09-02,0.4977840972,-0.004431805578,0.03274387599,0.002093522934,-0.001080058579,0.001443716469,0.0910494977,-0.00048258126,-0.01857131356,7.386751039,0.05593816323,-0.02029255959,4.738625778e-05,0.001397802844,0.4884984404,-2.114741501e-05,0.06412673633,0,2023-09-03T00:00:00Z,,historical_reconstruction
2023-09-03,0.5052992687,0.0105985374,0,-0.001928004881,0.001653256916,0.0008933051065,0.192541458,-0.000501271518,0.01182746283,7.180113281,0.02811697915,0.01649109556,-0.0001504984889,-0.001535879215,0.5112130001,-5.503946527e-05,-0.02315568421,0,2023-09-04T00:00:00Z,,historical_reconstruction
2023-09-04,0.4725473244,-0.05490535118,0,-0.0005149109633,0.002644184945,-0.001004809607,0.2375720072,-0.0002575881166,0.05524273363,6.46962195,0.01039895373,0.0286994878,0.0002078339655,-0.002594118376,0.5001686912,8.722278184e-05,-0.02211252751,0,2023-09-05T00:00:00Z,,historical_reconstruction
2023-09-05,0.4519334542,-0.0961330916,0.3283265454,0.001280354824,-0.001325903386,-0.0006786666341,0.08211208873,-0.0005016978188,0.09788421872,7.067204349,-0.02723153536,0.002550163606,-2.093045209e-05,0.004211582885,0.5008755636,2.44901517e-05,-0.1142646966,0,2023-09-06T00:00:00Z,,historical_reconstruction
2023-09-06,0.4845486246,-0.03090275073,0.1383467519,0.001152476291,0.005981126497,0.0002694906015,0.06241836929,-0.0005020971742,0.03940598946,8.363339413,0.03464049197,0.01832159705,-1.490678755e-05,0.002740804234,0.5042516194,-9.495003205e-06,0.008302643637,0,2023-09-07T00:00:00Z,,historical_reconstruction
2023-09-07,0.4755393949,-0.04892121026,0.1248222058,0.006608481088,0.01078796948,0.01277560652,0.3247127458,-0.0005096747183,0.06527989336,6.869261946,-0.02466220045,-0.01701882753,3.498344204e-05,0.01448956163,0.5081793416,-0.0002119399332,-0.009628400393,0,2023-09-08T00:00:00Z,,historical_reconstruction
2023-09-08,0.4961211606,-0.007757678835,0.02094421866,0.0011195331,0.004807780868,0.006408285261,0.07088940746,-0.000403314512,-0.004484897815,6.674147143,0.01042202066,0.01010026683,9.645484923e-06,0.0005742281613,0.4938787117,0.0001675458298,-0.01895279259,0,2023-09-09T00:00:00Z,,historical_reconstruction
2023-09-09,0.4575761882,-0.08484762358,0.06328481946,0.0009424724602,0.0002201592485,0.0001773429139,0.1099636793,-0.0004524499554,0.0860297808,7.023496304,-0.03422384082,-0.006597062047,-0.0001045951309,0.001283031588,0.5005910786,3.01313046e-05,-0.080415818,0,2023-09-10T00:00:00Z,,historical_reconstruction
2023-09-10,0.4810663528,-0.03786729432,0,0.0003587244254,-0.0014693172,-0.004321489252,0.1998096749,-0.0005873551706,0.006695120469,7.3683793,0.02845436008,-0.03733204882,-7.616411089e-05,0.00161317892,0.4844139131,-8.608365258e-05,-0.04846583172,0,2023-09-11T00:00:00Z,,historical_reconstruction
2023-09-11,0.4839954884,-0.03200902321,0.2541738913,0.008113761563,-0.006904981314,-0.02186519092,0.1089132759,-0.0005284015852,-0.01071200842,7.841186055,0.0244787601,-0.0187616274,-4.673281753e-05,0.005669714548,0.4786394842,-0.0002708134686,0.02289632797,0,2023-09-12T00:00:00Z,,historical_reconstruction
2023-09-12,0.4966546677,-0.006690664553,0.2017952851,-0.003465727459,-0.006777484038,-0.01025797152,0.0551639252,-0.0004268755846,0.02864702356,9.053758823,0.01113132473,-0.008545091062,0.0001265278465,-0.008679392657,0.5109781795,7.482223424e-05,0.08944242705,0,2023-09-13T00:00:00Z,,historical_reconstruction
2023-09-13,0.482845902,-0.03430819591,0.04240895902,0.005195990771,-0.0003420036439,0.001894576774,0.06070855632,-0.0005847152934,0.05079652215,8.366673678,-0.001309567135,-0.005507090688,-0.0001232707049,0.003136954858,0.5082441631,-8.261811924e-05,-0.003405445179,0,2023-09-14T00:00:00Z,,historical_reconstruction
2023-09-14,0.5036446837,0.007289367409,0.2366979039,-0.005813029499,-0.004985868275,0.001040140819,0.08578362056,-0.0005041593143,0.0126272954,7.691299376,-0.006953451898,0.01304723065,-3.550469244e-05,-0.00582499598,0.5099583314,5.51540397e-06,0.05621057766,0,2023-09-15T00:00:00Z,,historical_reconstruction
2023-09-15,0.485903251,-0.02819349806,0,0.01237956601,0.01347354381,0.01272313303,0.3423791888,-0.0003777516466,0.07421434552,7.86188253,0.01080430029,0.02599857764,-4.316518041e-05,0.007675761761,0.5230104237,2.556286542e-05,-0.02043581923,0,2023-09-16T00:00:00Z,,historical_reconstruction
2023-09-16,0.4402175702,-0.1195648596,0,0.0006122199094,-3.059133042e-05,-0.0008192010955,0.09955857857,-0.0004405286344,0.09338175713,7.818384683,-0.05206152248,0.03346578699,4.027553226e-05,0.001013086072,0.4869084488,1.192132101e-05,-0.034717236,0,2023-09-17T00:00:00Z,,historical_reconstruction
2023-09-17,0.4448918626,-0.1102162748,0.3610861294,-0.001986824218,-0.004301959509,-0.004185846683,0.2373414779,-0.0005300527587,0.07914222846,7.863161985,-0.08888616741,0.03527194435,-2.830947413e-05,0.0008439872417,0.4844629768,5.730241184e-05,-0.07234898048,0,2023-09-18T00:00:00Z,,historical_reconstruction
2023-09-18,0.4964160074,-0.007167985147,0.2756693766,-0.002480603146,-0.01129066361,-0.01160712129,0.05159189067,-0.0006293304657,0.009762870448,8.488933673,-0.009795428648,-0.01506501422,-0.000158148951,-0.001949298111,0.5012974427,-0.0001009288805,0.02484103807,0,2023-09-19T00:00:00Z,,historical_reconstruction
2023-09-19,0.4754544407,-0.0490911185,0,-0.0005899920321,-0.008256880734,-0.002840150504,0.1058107981,-0.0003834169142,0.05172689509,9.639699686,-0.03542213967,0.003810863391,0.0001406501106,0.0009133568974,0.5013178883,4.345867044e-05,-0.04240045395,0,2023-09-20T00:00:00Z,,historical_reconstruction
2023-09-20,0.4726791512,-0.05464169762,0.03297509153,0.003774378774,-0.004314762872,-0.004565257409,0.09472534498,-0.0004068398407,0.02732285817,8.037193559,-0.04773774845,-0.02137480267,0.0002309481777,0.007217806348,0.4863405803,0.0001778754527,-0.02033350171,0,2023-09-21T00:00:00Z,,historical_reconstruction
2023-09-21,0.4712827792,-0.05743444161,0.1132794878,-0.003648395335,0.0001894369933,-0.006903037713,0.05861364157,-0.0005934568229,0.0002277054637,8.506870466,-0.03648300471,-0.04017320648,-1.080275075e-05,-0.001198122553,0.4713966319,-8.929750852e-05,-0.06472380902,0,2023-09-22T00:00:00Z,,historical_reconstruction
2023-09-22,0.4799352311,-0.04012953774,0.1797066055,0.000383052742,-0.0002259262978,-0.002417122747,0.0991273089,-0.0005021718934,0.03632834389,8.975016695,0.02742796258,0.01347160607,3.468784149e-06,0.00150866048,0.4980994031,-0.0001244202469,-0.01193603967,0,2023-09-23T00:00:00Z,,historical_reconstruction
2023-09-23,0.4632467287,-0.07350654263,0.112540902,-0.0005831488785,0.00212514461,0.0003514717881,0.1381178051,-0.0005583928325,0.08144029299,7.939625231,-0.002907229285,0.04790766106,-7.449686035e-05,-0.001282596188,0.5039668752,-0.0001178641981,0.04605831694,0,2023-09-24T00:00:00Z,,historical_reconstruction
2023-09-24,0.5058852548,0.01177050961,0.2351987445,-0.003567893997,-0.006242770206,-0.008281521541,0.2233301665,-0.0004554915196,-0.01699635407,6.426639673,0.05070574384,0.03134152765,0.0001533079568,-0.007591917783,0.4973870778,7.456123911e-05,0.1219867844,0,2023-09-25T00:00:00Z,,historical_reconstruction
2023-09-25,0.4881091567,-0.02378168662,0.05980267627,-0.001979289718,0.002328604604,0.01231994901,0.09505298702,-0.0004029389359,0.04778530785,9.188010016,0.01255335986,0.01002891841,0.0001410680347,-0.001026513909,0.5120018106,0.0002263915298,-0.01661370147,0,2023-09-26T00:00:00Z,,historical_reconstruction
2023-09-26,0.4788036575,-0.04239268505,0,0.002887845881,0.006961509548,0.001602302288,0.1529997113,-0.0004454175319,0.0536209618,9.444817098,0.004440219733,-0.008802797252,4.53978891e-05,-0.0009917059399,0.5056141384,-6.200061772e-05,0.006698433451,0,2023-09-27T00:00:00Z,,historical_reconstruction
2023-09-27,0.4749307338,-0.05013853233,0.2794225334,0.0006008712633,-0.001873080093,-0.01901658659,0.06073880565,-0.0004691487765,0.05681312416,8.399186427,-0.01710075002,-0.003430502957,3.856764098e-05,0.004004140429,0.5033372959,-6.230893574e-05,0.004503165299,0,2023-09-28T00:00:00Z,,historical_reconstruction
2023-09-28,0.4866748003,-0.02665039941,0,-0.00320808534,0.0002541495973,0.01803277679,0.07407876663,-0.0005202693301,0.06476168107,8.550929157,-0.03608661356,0.01365632845,-0.0001653653078,-0.002900738007,0.5190556408,7.318749274e-05,0.0307840422,0,2023-09-29T00:00:00Z,,historical_reconstruction
2023-09-29,0.4736377867,-0.05272442659,0.0953657052,0.001357202481,-0.002870384213,-0.0007969894174,0.05101596175,-0.0005037632313,0.06757688263,7.921105366,-0.06490837916,0.02394263551,9.310835882e-05,-0.000726792498,0.507426228,-1.591337842e-06,-0.01259488885,0,2023-09-30T00:00:00Z,,historical_reconstruction
2023-09-30,0.5458676095,0.09173521902,0.2326519991,-0.004913229391,-0.007384216905,-0.00301918315,0.1214368657,-0.0004249232445,-0.08137225297,7.767529162,0.1200175562,-0.003926886267,7.528273458e-06,-0.002151683709,0.505181483,0.000133469588,0.1652417616,0,2023-10-01T00:00:00Z,,historical_reconstruction
2023-10-01,0.5054812473,0.01096249466,0.8221689649,0.03432662192,0.02955428083,0.02661590204,0.5246956982,-0.000230708448,0.05035814502,7.809333493,-0.03141280979,-0.006344355368,0.0001683260101,0.0328210657,0.5306603198,0.0002247830717,-0.000808014947,0,2023-10-02T00:00:00Z,,historical_reconstruction
2023-10-02,0.4785873706,-0.04282525875,0.05607731214,-0.007119308137,-0.0172675735,-0.03632896056,0.1198455409,-0.0005474013474,0.01365042804,8.280251914,-0.03923564113,-0.02422631672,6.763052619e-05,-0.01682424459,0.4854125846,-0.0001444624116,-0.01904357213,0,2023-10-03T00:00:00Z,,historical_reconstruction
2023-10-03,0.4727757307,-0.05444853856,0.2862974559,0.004005405176,0.005113894871,0.00032602002,0.1448997032,-0.0004224808073,0.06026562933,7.932645522,0.007867337941,0.01599183632,0.0001047472783,0.005553070577,0.5029085454,2.293672458e-05,-0.01205585351,0,2023-10-04T00:00:00Z,,historical_reconstruction
2023-10-04,0.473018027,-0.05396394607,0.6705962847,0.002166741732,0.008538318307,-1.214624074e-05,0.1012573888,-0.0005040751133,0.04398023772,7.8951328,-0.06516766115,-0.02803218909,0.0001716256158,0.005810320044,0.4950081458,-3.492633681e-05,-0.003825413746,0,2023-10-05T00:00:00Z,,historical_reconstruction
2023-10-05,0.4667538869,-0.06649222617,0.4811240233,-0.002919870585,-0.004022739912,-0.01520159837,0.09348591892,-0.000347439803,0.03734056239,8.124765126,-0.04372812694,-0.01846322104,8.99855675e-05,-0.002216496647,0.4854241681,0.0001728295272,-0.03984182676,0,2023-10-06T00:00:00Z,,historical_reconstruction
2023-10-06,0.4970958384,-0.00580832315,0.008003352294,-0.0007350082612,0.001314772319,0.0063192023,0.1361658248,-0.0004255241546,0.02151129881,9.420886327,-0.01114422712,-0.008404765033,0.0001039933114,-0.0007605800586,0.5078514878,7.823907671e-05,0.04691610344,0,2023-10-07T00:00:00Z,,historical_reconstruction
2023-10-07,0.4642857685,-0.07142846297,0,0.00182755935,-0.003033188082,-0.003118363561,0.1364736915,-0.0002387409171,0.07052713332,7.207154828,-0.02918187707,0.01779954339,0.0002502300512,0.003272147735,0.4995493352,0.0001861823274,-0.163163682,0,2023-10-08T00:00:00Z,,historical_reconstruction
2023-10-08,0.487434909,-0.02513018203,0,-0.001760692539,0.001005394801,0.00926538307,0.1070661703,-0.000502192499,0.02486216257,7.714414025,0.03884016483,0.00410413269,6.556089905e-05,0.0007908230116,0.4998659903,-0.000271484051,-0.03609267669,0,2023-10-09T00:00:00Z,,historical_reconstruction
2023-10-09,0.4913334527,-0.01733309453,0.0778281276,-0.0008346770369,-0.003876995234,-0.006613648508,0.0515434796,-0.0004619873048,-0.03589329248,8.670477404,0.026620364,-0.03677537946,-3.35730754e-05,-0.0009610141125,0.4733868065,8.541404261e-05,0.02549216422,0,2023-10-10T00:00:00Z,,historical_reconstruction
2023-10-10,0.5091875779,0.0183751558,0,0.001040868455,-0.0001403195459,-0.007565302169,0.138825102,-0.0004720501649,-0.03037128533,8.628098023,0.06556005516,0.00616065505,-0.0001463852901,-0.0002624345237,0.4940019352,-4.95693576e-05,0.07282369435,0,2023-10-11T00:00:00Z,,historical_reconstruction
2023-10-11,0.5179138418,0.0358276837,0.2859366728,0.00231568847,0.004758087787,-0.00377034588,0.1093467552,-0.0005105720321,-0.03879670842,9.149465391,0.1011910198,0.03486283134,-0.0001005334543,0.004197182772,0.4985154876,-6.496918875e-06,0.08979162977,0,2023-10-12T00:00:00Z,,historical_reconstruction
2023-10-12,0.4673186341,-0.06536273179,0.2629417195,0.005282333891,-0.00132973548,-0.008021597103,0.09385377173,-0.0005196121096,0.02218580441,9.685821272,-0.01540476678,-0.026379393,6.447668389e-05,0.001748967072,0.4784115363,-0.0001721723066,0.001129494378,0,2023-10-13T00:00:00Z,,historical_reconstruction
2023-10-13,0.4809582575,-0.03808348498,0.3776637118,0.004023442048,0.008138318947,0.003646897551,0.3513507963,-0.0003930007216,0.04001152171,9.337686814,0.03211180247,0.008519617397,6.117245987e-05,0.00311555098,0.5009640184,3.2523433e-05,-0.03227516183,0,2023-10-14T00:00:00Z,,historical_reconstruction
2023-10-14,0.4151485382,-0.1697029237,0.1233606042,-0.0002507506446,-0.0008225058154,0.005054552976,0.1167267229,-0.0005080581887,0.2038134296,7.893874771,-0.01045659922,0.04491966588,9.449323295e-05,-0.000439617053,0.517055253,-0.0002693172716,-0.09827446071,0,2023-10-15T00:00:00Z,,historical_reconstruction
2023-10-15,0.4803713395,-0.03925732105,0,-0.001698260725,0.002503410817,0.001427147954,0.2652705024,-0.0003338105112,0.04928451663,8.316553435,-0.06105036757,-0.04990099322,0.0001946538304,0.004082274093,0.5050135978,0.0001683819878,-0.01412713902,0,2023-10-16T00:00:00Z,,historical_reconstruction
2023-10-16,0.5155859335,0.03117186695,0.3617590837,0.006057403808,0.01382470953,0.01055784067,0.1093666198,-0.0005064335822,-0.01045580586,8.399897325,-0.008006799295,-0.009383654831,1.622688567e-06,0.001121225086,0.5103580305,-4.444627733e-05,0.04850496148,0,2023-10-17T00:00:00Z,,historical_reconstruction
2023-10-17,0.4529244935,-0.09415101297,0,0.0005562161955,-0.006658203745,-0.01224430545,0.1109490711,-0.0006517530239,0.06532628025,7.754932603,-0.08286991014,-0.01341933297,-0.000158372111,-0.004227732254,0.4855876336,-0.000179702859,-0.1125261688,0,2023-10-18T00:00:00Z,,historical_reconstruction
2023-10-18,0.494775997,-0.01044800599,0.1061685717,0.0003071095869,-0.004248110005,-0.009710090767,0.1436325104,-0.0005052960139,0.01733658903,9.688035735,0.01987864509,0.0009741220926,-4.978753934e-05,0.002632973667,0.5034442915,5.276018222e-06,-0.04627568969,0,2023-10-19T00:00:00Z,,historical_reconstruction
2023-10-19,0.4708711876,-0.05825762483,0.5305662301,-0.0009119897959,0.003439661799,0.008179630083,0.1033190912,-0.0004340693362,0.05077891946,8.849577971,-0.085023363,-0.006462870487,0.0001513652872,-0.001288314218,0.4962606473,8.554277337e-05,0.007105106964,0,2023-10-20T00:00:00Z,,historical_reconstruction
2023-10-20,0.5029969769,0.005993953865,0.5885812212,-0.001767565179,-0.0009716901803,-0.005740321731,0.05607117425,-0.0004676131156,0.02647849297,8.194742062,0.01405909566,-0.006887323638,7.301779122e-05,0.003641234854,0.5162362234,-7.461239404e-05,0.04407743885,0,2023-10-21T00:00:00Z,,historical_reconstruction
2023-10-21,0.5069389285,0.01387785698,0,-0.003816093641,0.0001473567876,0.01259417659,0.1097030946,-0.0003990324997,-0.004209740137,9.238409119,0.008181075429,-0.02188314093,8.241505264e-05,-0.007803276361,0.5048340584,0.0001090256891,0.1835807807,0,2023-10-22T00:00:00Z,,historical_reconstruction
2023-10-22,0.4750928403,-0.0498143194,0.3996503023,0.01755974043,0.02334936706,0.02157107155,0.3054287869,-0.0005229308169,0.06846034266,8.397719284,-0.02666237429,0.0244663508,-0.00015750564,0.005016628829,0.5093230116,-0.0001891203057,-0.01055699835,0,2023-10-23T00:00:00Z,,historical_reconstruction
2023-10-23,0.4953422101,-0.009315579739,0.3665282142,0.03323032985,0.05306921008,0.05289336045,0.380704658,0.0005041179069,0.02107619691,8.238637704,-0.03311554837,-0.03028990652,0.0003828599326,0.05471541173,0.5058803086,0.001010551489,-0.04048744668,0,2023-10-24T00:00:00Z,,historical_reconstruction
2023-10-24,0.4985517502,-0.002896499646,0.2179028633,0.004196858544,0.00382413479,-0.03289284766,0.06451863724,-0.0003753543457,-0.01144742575,7.633635272,0.0007381865847,-0.019278625,-0.0002064410536,0.003735002145,0.4928280373,0.0002763986782,0.09125451332,0,2023-10-25T00:00:00Z,,historical_reconstruction
2023-10-25,0.5013810775,0.002762154934,0.1876012868,-0.001541976971,-0.01056343876,0.0008792661208,0.09462694495,-0.0002462020535,-0.01050911781,7.634718192,0.049228383,-0.01225336122,-4.145354303e-06,-0.006980431532,0.4961265186,0.0002590939604,0.01321016093,0,2023-10-26T00:00:00Z,,historical_reconstruction
2023-10-26,0.5012187368,0.002437473557,0,0.006047284858,0.0141432773,-0.004932903681,0.07395730026,-4.436114407e-05,-0.01227336324,9.368369234,0.06991871556,0.01588659936,-0.0001128790434,0.003161788766,0.4950820552,0.0003897081921,0.06069509838,0,2023-10-27T00:00:00Z,,historical_reconstruction
2023-10-27,0.500103403,0.0002068059932,0.02364201326,0.002857416602,-0.001907112407,-0.00108906778,0.08485778738,0.0003484320557,-0.02687287594,8.891446001,0.1151482257,0.009840868627,0.0003165661475,0.005741495032,0.486666965,0.0008160451714,-0.005787147872,0,2023-10-28T00:00:00Z,,historical_reconstruction
2023-10-28,0.484818231,-0.03036353797,0.001866539018,-0.0004951943638,-0.008141703615,-0.006527320219,0.1215156889,0.0003152798108,0.02242037834,8.743460035,-0.01539090848,-0.01386201458,0.0001509653834,-0.0009108213017,0.4960284202,0.0007143123105,-0.04424139495,0,2023-10-29T00:00:00Z,,historical_reconstruction
2023-10-29,0.4737716338,-0.05245673242,0,0.001154444612,0.001640441915,0.003628434853,0.1666662474,0.0001949708658,0.05888800446,9.129524162,-0.02465438774,-0.004865505841,0.0001164790441,-0.001043921976,0.503215636,0.0007179016826,-0.002642413018,0,2023-10-30T00:00:00Z,,historical_reconstruction
2023-10-30,0.4859590956,-0.02808180883,0.616393012,0.004179826923,-0.005770689295,-0.003245304227,0.08165561033,0.0004256401185,0.02771011841,8.410364231,0.06628806325,0.02355234347,0.000162548863,0.001237507304,0.4998141548,-7.847778843e-05,-0.01876622909,0,2023-10-31T00:00:00Z,,historical_reconstruction
2023-10-31,0.465432199,-0.069135602,0,0.001766521113,0.01295591305,0.002901482243,0.1052529411,0.0005510643809,0.04934858797,8.357641878,-0.03715116986,-0.02878144235,0.0002153231216,0.002879824437,0.490106493,0.0009264187266,-0.06623910236,0,2023-11-01T00:00:00Z,,historical_reconstruction
2023-11-01,0.4982044138,-0.003591172363,0,0.006046113874,0.03051961457,0.02622528184,0.2555458187,0.0006551199519,-5.340756854e-05,7.619618532,0.03173248924,-0.007647981206,0.0002042629425,0.02499474068,0.49817771,0.0009013220055,-0.006353327297,0,2023-11-02T00:00:00Z,,historical_reconstruction
2023-11-02,0.5036104232,0.0072208464,0.002661174291,-0.006383906156,-0.001330967169,-0.01915608643,0.07174745754,-6.66370502e-05,-0.04628752765,7.873303099,0.03652458774,0.00659809875,-2.399445723e-05,-0.001668857143,0.4804666594,-2.227590613e-05,0.004783372843,0,2023-11-03T00:00:00Z,,historical_reconstruction
2023-11-03,0.472004556,-0.055990888,0.2164643846,0.008657222424,0.01087148373,0.0240605705,0.1248155873,-0.0001200408139,0.04973123711,7.249445713,-0.03699147985,0.01874703834,0.000351777137,0.005388536755,0.4968701746,-0.0004684728696,-0.056197694,0,2023-11-04T00:00:00Z,,historical_reconstruction
2023-11-04,0.53043057,0.06086113999,0.1891437001,0.01087945434,0.01297651998,0.009823182711,0.2197462787,0.0002910204038,-0.05488920256,7.981826766,0.05617191256,-0.038471972,7.340632679e-05,0.009539963732,0.5029859687,-2.425940707e-05,0.09122467796,0,2023-11-05T00:00:00Z,,historical_reconstruction
2023-11-05,0.5084141066,0.01682821317,0.249047105,0.00181116248,0.009256492883,0.00202873064,0.1722635991,0.0004123253564,-0.003438061248,7.962072814,0.04886032,0.0258334031,2.331454067e-05,0.0006767996067,0.506695076,0.0002173544906,0.06928494558,0,2023-11-06T00:00:00Z,,historical_reconstruction
2023-11-06,0.4975633557,-0.004873288528,0,-0.0004101528608,-0.000157790927,0.001174475436,0.1452063357,0.0003998001,-0.009550957673,7.187003915,0.03113660718,-0.01083480275,7.708221616e-05,-0.0002447605412,0.4927878769,-2.584001857e-05,0.0232085203,0,2023-11-07T00:00:00Z,,historical_reconstruction
2023-11-07,0.4725303873,-0.05493922535,0.0191609731,-0.004724899959,0.0119049536,0.006336073449,0.162508817,0.0002758225612,0.037041383,8.265160338,-0.05695144554,-0.01611978439,6.734280241e-05,-0.001547358012,0.4910510788,-0.0002752418196,0.01419637666,0,2023-11-08T00:00:00Z,,historical_reconstruction
2023-11-08,0.5069938677,0.0139877354,0,-0.00576598019,-0.0005293469975,0.003849262048,0.2583442947,0.0001588882063,-0.03329996729,6.74780569,-0.01565152451,-0.02240844855,0.0001033088221,7.635730728e-05,0.4903438841,-0.0004962317457,0.01757890776,0,2023-11-09T00:00:00Z,,historical_reconstruction
2023-11-09,0.5232148729,0.04642974585,0,0.05091278393,0.042412568,0.1088448531,0.2217863943,0.0007542473554,-0.01336259153,7.364745587,0.02431210792,0.01171204051,0.0002526273763,0.008764723199,0.5165335772,0.0008208844056,0.03920889945,0,2023-11-10T00:00:00Z,,historical_reconstruction
2023-11-10,0.4875105084,-0.02497898329,0,-0.004918605932,-0.00584705781,-0.009227159799,0.09416924333,0.0006641895924,0.01066534879,6.561073894,-0.01019735434,0.01066976741,-0.0001070903758,0.002032721252,0.4928431827,0.0007842304063,0.03101190471,0,2023-11-11T00:00:00Z,,historical_reconstruction
2023-11-11,0.4774210635,-0.04515787297,0.2413174405,-0.01087799591,-0.007171179884,-0.002109345763,0.1603566429,0.0006575198352,0.01379098501,6.700564988,0.02125440407,-0.007747687231,-0.0002070101944,-0.000505803823,0.484316556,0.0003664994314,-0.106019013,0,2023-11-12T00:00:00Z,,historical_reconstruction
2023-11-12,0.5049439134,0.00988782675,0.4965507637,-0.002161914197,-0.006047289414,-0.001387043838,0.1795403077,0.0006847037189,-0.05397525869,6.100960483,0.04802265147,-0.04004175881,0.0001081354843,-0.001101468805,0.477956284,0.0002723783625,-0.006940386419,0,2023-11-13T00:00:00Z,,historical_reconstruction
2023-11-13,0.4951466164,-0.009706767153,0.02137292113,-0.02207608535,-0.02450088589,0.003381002868,0.1558455117,0.0007450149733,-0.01518969801,7.585643306,0.04840755022,0.00287792909,0.0001068325782,-0.01036911948,0.4875517674,0.0003452148734,-0.004833478625,0,2023-11-14T00:00:00Z,,historical_reconstruction
2023-11-14,0.4727268811,-0.05454623782,0.1741854728,0.0002021233053,-0.02880624111,-0.02581883505,0.139491316,0.0003637484275,-0.01585581169,7.902742507,0.01344559074,-0.01794127987,0.0001440652046,0.00728707429,0.4647989752,8.792586632e-05,0.0003929875252,0,2023-11-15T00:00:00Z,,historical_reconstruction
2023-11-15,0.5078740773,0.01574815451,0.2360963193,0.003519787838,0.01840921797,0.02251187188,0.1494625542,0.0003934942288,-0.01193926675,7.241889491,-0.03523331244,-0.0259680418,-0.0003302591457,0.009552269214,0.5019044439,0.0002346060225,0.001760419114,0,2023-11-16T00:00:00Z,,historical_reconstruction
2023-11-16,0.4738720879,-0.05225582413,0,-0.001643765903,-0.01698677637,-0.05164820822,0.115770663,0.0001835077507,0.01781903769,7.975188123,0.01231168126,0.000590934835,-0.0001618680162,0.006750923763,0.4827816068,-0.0005707396048,-0.09868556998,0,2023-11-17T00:00:00Z,,historical_reconstruction
2023-11-17,0.4738777726,-0.05224445483,0.2331690154,0.0113210272,0.02214414546,-0.002477501539,0.1105882435,0.0001988963801,0.02987704287,8.040028541,-0.01379396484,-0.01527063897,-1.905351438e-05,0.008025901372,0.488816294,-0.0004652932124,-0.02726547154,0,2023-11-18T00:00:00Z,,historical_reconstruction
2023-11-18,0.4504678075,-0.09906438498,0,-0.0007331826236,0.005018435068,0.01430025892,0.07714635028,0.0003006216244,0.07758649877,5.887051228,-0.0464665844,-0.006538301069,-4.941023399e-05,-0.003025974745,0.4892610569,-0.0003568982108,-0.05390651201,0,2023-11-19T00:00:00Z,,historical_reconstruction
2023-11-19,0.5027184579,0.005436915837,0.7083832263,0.01407577323,0.02270681967,0.03045035169,0.2774270476,0.0004921773628,0.0394222454,6.877684686,0.009726058845,-0.00375781277,6.283956552e-05,0.01112047237,0.5224295806,-0.0001925263561,-0.004450910913,0,2023-11-20T00:00:00Z,,historical_reconstruction
2023-11-20,0.4808987312,-0.03820253765,0.1360703005,-0.007273316603,-0.01018994129,-0.00148685296,0.1102682259,0.0004996537054,0.02933680079,7.7873426,-0.01496063197,0.01475733055,0.0001332866301,-0.003206081147,0.4955671316,-0.000245361268,-0.02849577049,0,2023-11-21T00:00:00Z,,historical_reconstruction
2023-11-21,0.466147694,-0.06770461194,0.2272348322,-0.02648079412,-0.02782723277,-0.0354241517,0.1982151064,0.0002224509961,0.04174223341,8.376703456,-0.006849265851,0.02048815527,0.0003525513133,-0.03348675865,0.4870188107,-0.0001412974314,-0.01315837412,0,2023-11-22T00:00:00Z,,historical_reconstruction
2023-11-22,0.494712858,-0.01057428402,0.1736227334,-0.006629818294,0.0145703636,0.02385950286,0.1623037587,0.0003392771458,0.02542151596,7.581594581,-0.03299236053,-0.01394355232,0.0002040131913,0.003174043,0.507423616,-5.421708294e-05,-0.02632243854,0,2023-11-23T00:00:00Z,,historical_reconstruction
2023-11-23,0.4990324777,-0.001935044604,0,4.8492137e-06,0.009753804571,-0.0001939299913,0.09177946183,0.0002327611289,-0.008419276658,8.373429653,0.06753627587,-0.004068512961,0.0002322248536,0.0003449439426,0.4948228394,4.925337824e-05,0.05032077953,0,2023-11-24T00:00:00Z,,historical_reconstruction
2023-11-24,0.4911493427,-0.01770131463,0.2662261892,-0.003199969342,-0.01682069891,-0.007710978965,0.1128959672,0.0001537840487,0.006786238361,7.578815444,-0.01822860006,-0.01613367017,0.0003465528585,-0.00139119438,0.4945424619,-4.511233134e-05,0.0345431402,0,2023-11-25T00:00:00Z,,historical_reconstruction
2023-11-25,0.4970682046,-0.005863590888,0.1736602759,0.0002833133253,0.002430174588,0.006036926673,0.1073778854,-0.0001056123355,0.003565366697,7.397604129,0.08966436964,0.009529449377,0.0002668003295,-0.001024870021,0.4988508879,-0.0004062339599,0.09320079409,0,2023-11-26T00:00:00Z,,historical_reconstruction
2023-11-26,0.4923276513,-0.01534469738,0.4789957838,0.002571656361,-0.001128515107,-0.01070683328,0.1723279281,-0.0001745598425,-0.01572594163,9.388079133,0.02501375008,0.006127313181,7.993025201e-05,0.001802029798,0.4844646805,-0.0006667372053,-0.02078161321,0,2023-11-27T00:00:00Z,,historical_reconstruction
2023-11-27,0.4892096667,-0.02158066658,0.2142609479,0.01640281134,0.01219122551,0.001239512294,0.1184615102,3.452527744e-05,-0.01600253269,8.872167641,0.01464150305,-0.01101912135,0.0002600728344,0.009916750278,0.4812084004,-0.0004651284279,0.01662187106,0,2023-11-28T00:00:00Z,,historical_reconstruction
2023-11-28,0.5166952974,0.03339059471,0,-0.005274405051,0.005770014585,0.009896108123,0.1209277232,2.929487242e-05,-0.02393551898,9.161712148,0.06544162963,-0.002969286783,0.000208306038,-0.007750117672,0.5047275379,-0.0001931561237,0.1010952067,0,2023-11-29T00:00:00Z,,historical_reconstruction
2023-11-29,0.4943346813,-0.01133063738,0.2490676787,-0.004943866516,-0.001432283976,-0.01175868872,0.0951376426,-0.0001971599115,-0.01475069329,8.197638905,0.04355626616,-0.02924486962,0.0002661914769,-0.0005161826563,0.4869593347,-0.0005364370573,-0.0007563533592,0,2023-11-30T00:00:00Z,,historical_reconstruction
2023-11-30,0.5062883952,0.01257679046,0.4039613529,0.005158148945,0.009306260575,0.003172864916,0.1333329945,-9.74677869e-05,-0.008609133255,6.986431906,0.08421537203,0.0140905736,9.233201143e-05,-0.0006723296354,0.5019838286,-0.0003302289158,0.01451183506,0,2023-12-01T00:00:00Z,,historical_reconstruction
2023-12-01,0.5194276314,0.03885526277,0.5127092258,-0.001416132428,0.00340358434,-0.002761559851,0.05594814049,-0.0001197753972,-0.04168335167,7.804576671,0.006392895672,-0.02765611525,0.0004623997041,-0.002060759912,0.4985859555,-0.0002735594459,0.0565565774,0,2023-12-02T00:00:00Z,,historical_reconstruction
2023-12-02,0.5531029271,0.1062058541,0.2584697526,0.002770108766,0.02878080773,0.03124598052,0.1741764517,0.0002494525901,-0.06452387856,8.432184756,0.1195222323,-0.002261670814,0.0006385492648,0.0007701676231,0.5208409878,0.0003550649257,0.112069445,0,2023-12-03T00:00:00Z,,historical_reconstruction
2023-12-03,0.524463149,0.04892629804,0,0.01170896442,0.01502906761,0.01558375399,0.3524595699,0.0001322419572,-0.04359629269,8.294423186,0.05019267842,-0.01435547514,-5.388712334e-05,0.01026816213,0.5026650027,0.0003068017997,0.06427099542,0,2023-12-04T00:00:00Z,,historical_reconstruction
2023-12-04,0.5006935662,0.001387132414,0,0.003983047434,0.01430095762,0.002610020871,0.09598413099,0.0001292698039,-0.005619974018,6.691993843,0.02765677118,-0.03195919471,8.164066345e-05,9.074174589e-05,0.4978835792,9.474452648e-05,0.022967799,0,2023-12-05T00:00:00Z,,historical_reconstruction
2023-12-05,0.5136829182,0.02736583632,0.2599899904,0.009063989123,0.02911440687,0.0401249966,0.1504636171,0.0002790701731,-0.02701722455,7.780963353,-0.004957923556,-0.02105756699,8.893246617e-05,0.005910161438,0.5001743059,0.0002497753006,-0.006024758398,0,2023-12-06T00:00:00Z,,historical_reconstruction
2023-12-06,0.4937561196,-0.01248776071,0.1338723696,-0.01329774305,-0.008684610125,-0.009076182234,0.1477890281,0.0002642540422,-0.01789607449,7.188484992,0.01162977305,-0.01670270411,-1.246569327e-05,-0.005047663154,0.4848080824,0.0004614139537,-0.001157123333,0,2023-12-07T00:00:00Z,,historical_reconstruction
2023-12-07,0.5220397648,0.04407952967,0.01750331735,0.008610133498,0.01479286117,0.05352766498,0.1574851796,0.0005560908933,-0.03177977445,7.411918979,0.08300889306,0.04303478874,2.781862091e-05,0.001610283595,0.5061498776,0.0006535586802,0.03150273921,0,2023-12-08T00:00:00Z,,historical_reconstruction
2023-12-08,0.4977897434,-0.004420513278,0.01950663955,0.002430939227,0.005391995976,-0.003013716001,0.1203120188,0.0008903133903,-0.004848555985,7.115658402,0.02483293275,-0.0167142769,1.847420355e-05,0.005139819848,0.4953654654,0.001010088787,-0.04327577605,0,2023-12-09T00:00:00Z,,historical_reconstruction
2023-12-09,0.4975575962,-0.004884807524,0.03755104239,-0.00724474777,-0.009412840231,-0.006730748828,0.1207422298,0.0008160684301,-0.018350189,8.426035746,0.06440476129,0.004924288325,0.0003425315903,-0.004799154912,0.4883825017,0.00056661584,-0.1110906616,0,2023-12-10T00:00:00Z,,historical_reconstruction
2023-12-10,0.4942556187,-0.01148876255,0.0561670973,-0.001108280255,0.0001700687503,0.006305477723,0.2031225774,0.0006716573357,-0.001112972788,7.553625583,0.055620217,-0.004731953465,0.0002037370507,-0.0001732991454,0.4936991323,0.0005394153785,-0.06041506059,0,2023-12-11T00:00:00Z,,historical_reconstruction
2023-12-11,0.4845206101,-0.03095877978,0.3890367437,0.01715121594,0.002599860319,-0.01091710821,0.09491592899,0.0001977421442,-0.02187361586,7.362224368,0.01716260975,-0.01430491581,-0.0002288893576,0.01160887975,0.4735838022,6.847234033e-05,-0.03234591219,0,2023-12-12T00:00:00Z,,historical_reconstruction
2023-12-12,0.4826272338,-0.03474553232,0,0.01120212937,0.004769721842,-0.002232395546,0.1446587777,0.0005627513093,0.03125512597,7.909993794,-0.03638895795,-0.004707700333,1.783210846e-05,0.008614908021,0.4982547968,0.0002836811362,-0.06211136863,0,2023-12-13T00:00:00Z,,historical_reconstruction
2023-12-13,0.4970804636,-0.005839072731,0.3387393201,0.003160174697,0.01915055756,0.04075702807,0.1702568674,0.0005663315871,0.00155820377,8.127510859,0.01923378889,-0.002707722569,0.0004270702136,0.003159544354,0.4978595655,0.000302077545,0.006648687982,0,2023-12-14T00:00:00Z,,historical_reconstruction
2023-12-14,0.4885804759,-0.02283904824,0.03541802923,0.00973837653,0.01772307692,0.003454179037,0.100101683,0.0005269250039,0.01449303357,8.004917794,-0.001697622955,0.00101526024,0.0002912330621,-0.00166774454,0.4958269927,-2.916588938e-05,-0.06691857791,0,2023-12-15T00:00:00Z,,historical_reconstruction
2023-12-15,0.4736526707,-0.05269465869,0.07452391264,-0.009686828233,-0.005045345378,-0.0229897701,0.1268188092,0.0005449223148,0.01709704608,7.848431646,-0.02907100558,-0.01279233803,-0.0001155402952,-0.003700582097,0.4822011937,-0.0003453910755,-0.04827414541,0,2023-12-16T00:00:00Z,,historical_reconstruction
2023-12-16,0.5145442291,0.02908845829,0.00508124774,-0.002773850642,-0.01231416861,-0.01097750366,0.1358821391,0.0003050750126,-0.04462579232,8.108707036,0.01796685935,-0.01101742406,8.34468998e-05,-0.00174042436,0.492231333,-0.0005109934176,0.03397326581,0,2023-12-17T00:00:00Z,,historical_reconstruction
2023-12-17,0.4879082293,-0.02418354146,0,-0.01700149026,-0.01133366341,-0.008781667705,0.1925690427,0.0006419244988,-0.003357306434,8.364799823,0.0200046937,0.003068849493,0.0001138233547,-0.0173671582,0.4862295761,-2.973283698e-05,-0.01269477891,0,2023-12-18T00:00:00Z,,historical_reconstruction
2023-12-18,0.5091590733,0.01831814654,0.04347938501,0.0205167348,0.02980233853,0.03605655894,0.1663556576,0.0004730944432,-0.03777887633,8.532940995,0.02268408275,-0.02623989327,0.0001472454777,0.02294159556,0.4902696351,0.0002753522989,0.04927692632,0,2023-12-19T00:00:00Z,,historical_reconstruction
2023-12-19,0.5196680721,0.03933614414,0.1142855227,0.0005650807652,-0.006142276293,-0.02603605336,0.08498779391,0.0005096629337,-0.06688228162,7.605963346,0.05401976456,-0.02537402466,-1.805977602e-05,-0.001558028962,0.4862269313,-5.308837557e-05,0.07408167646,0,2023-12-20T00:00:00Z,,historical_reconstruction
2023-12-20,0.5228546397,0.04570927945,0.2463438602,-0.00106146037,-0.01993359917,-0.004173826535,0.20430396,0.0008082936376,-0.03965919232,7.83785658,0.06387054532,-0.01289174062,-0.0001070024321,-0.001579404276,0.5030250436,0.0002419620505,0.05154835218,0,2023-12-21T00:00:00Z,,historical_reconstruction
2023-12-21,0.5099826546,0.01996530929,0.09284708608,0.006512008341,0.003180276908,-0.005943186862,0.1203255001,0.0007769209818,-0.01786817464,6.995788792,0.03448939189,0.008707656635,-9.64044525e-06,0.006263307607,0.5010485673,0.0002499959779,0.04280435753,0,2023-12-22T00:00:00Z,,historical_reconstruction
2023-12-22,0.5143623886,0.02872477725,0,0.006255167548,0.00206919741,0.004971811988,0.07517074357,0.0008560833541,-0.02485727599,6.938474064,0.04938949589,0.01663977174,0.0001701461583,0.007521632858,0.5019337506,0.0003111610393,0.08141943594,0,2023-12-23T00:00:00Z,,historical_reconstruction
2023-12-23,0.4903184742,-0.01936305152,0,0.006958228814,0.009927762294,0.009278611969,0.1457805389,0.0007191751148,-0.01556056331,7.302020583,0.04267607991,-0.01046652183,0.0001919700522,-3.798294977e-05,0.4825381926,0.0004141001022,-0.04845150981,0,2023-12-24T00:00:00Z,,historical_reconstruction
2023-12-24,0.4850541311,-0.02989173774,0.207831681,-0.01054982322,-0.0126339936,-0.0108653863,0.2176197994,0.0006095271748,-0.004193116567,6.693021139,0.02821421917,0.01117371162,0.0002164262129,-0.014365144,0.4829575728,-3.2397324e-05,-0.005708196275,0,2023-12-25T00:00:00Z,,historical_reconstruction
2023-12-25,0.4981629669,-0.003674066102,0.09712875151,-0.0008050396361,-0.006617158252,-0.003238646088,0.1661863779,0.0007572588989,-0.008897193495,6.624119138,-0.01711064269,-0.03926816427,-6.36033484e-05,0.002343456184,0.4937143702,0.0002841644557,-0.02199221264,0,2023-12-26T00:00:00Z,,historical_reconstruction
2023-12-26,0.4979232737,-0.004153452511,0.234915049,0.008672062215,0.0008479176667,-0.005226076875,0.09058379415,0.0006992756222,-0.06183847462,6.617676606,-0.03290011227,-0.004804588101,3.657078025e-06,0.009494857526,0.4670040364,0.0001896126884,-0.04348959665,0,2023-12-27T00:00:00Z,,historical_reconstruction
2023-12-27,0.5092968194,0.01859363878,0.0659224919,0.01349998082,0.01553826709,0.0404344859,0.1463201832,0.0008241007421,0.003186761157,6.604060695,-0.03056476245,0.01269057057,0.0002495978483,0.0063611215,0.5108902,1.580710447e-05,-0.02711564066,0,2023-12-28T00:00:00Z,,historical_reconstruction
2023-12-28,0.4939771034,-0.01204579329,0.1309924711,-0.007670588036,-0.006231850266,-0.02386464901,0.09669822474,0.000772134889,-0.009614374129,7.340951436,-0.003331354096,-0.006893371304,-8.164306673e-05,-0.001100194693,0.4891699163,-4.786092799e-06,-0.03201110258,0,2023-12-29T00:00:00Z,,historical_reconstruction
2023-12-29,0.4907555675,-0.01848886491,0.06568910034,-0.007626668738,-0.01202738066,-0.03073634865,0.1364529729,0.0006089074461,-0.01007545647,8.589098713,-0.0138097568,0.007805395113,-6.026395809e-05,-0.001176735679,0.4857178393,-0.0002471759081,-0.04721364216,0,2023-12-30T00:00:00Z,,historical_reconstruction
2023-12-30,0.4961320152,-0.00773596962,0.0654120212,-0.003565403412,-0.009204615711,0.001547108131,0.1250093862,0.0006894505341,-0.00768444244,8.604667356,-0.03197948889,-0.008787183754,-0.0001154800454,-0.005213505872,0.492289794,-2.97245807e-05,0.0116270819,0,2023-12-31T00:00:00Z,,historical_reconstruction
2023-12-31,0.4932380066,-0.01352398682,0.2405942834,-0.005647477155,-0.007451065681,-0.01157416432,0.2189003203,0.0008677093787,-0.00187662577,7.529786039,-0.03093577804,-0.0004236596645,0.0001482811751,-0.007871129899,0.4922996937,0.000258182204,0.01636775092,0,2024-01-01T00:00:00Z,,historical_reconstruction
2024-01-01,0.5187090474,0.03741809482,0.06921989358,0.006319338373,0.01613607006,0.02064249046,0.2151647976,0.00109692012,-0.01853756899,7.66030233,-0.01788852561,-0.02097645933,-4.953791278e-05,0.01520222216,0.5094402629,0.0003396612215,0.04109216092,0,2024-01-02T00:00:00Z,,historical_reconstruction
2024-01-02,0.4885612186,-0.02287756279,0.1262184923,-0.005845879815,-0.0009077489523,-0.01501313126,0.1223846365,0.0006750617745,0.008467453646,7.373648439,-0.06077968572,-0.0008400446374,-5.669041935e-05,-0.002055529492,0.4927949454,-2.421384766e-05,-0.01872411028,0,2024-01-03T00:00:00Z,,historical_reconstruction
2024-01-03,0.5024072738,0.004814547611,0,0.001441170339,-0.01368958083,-0.04257817408,0.09202774659,0.000303205836,-0.05943624699,6.256875441,0.04238803749,-0.01381095363,0.0002035448003,0.005835434046,0.4726891503,-0.0005208949061,-0.01377909117,0,2024-01-04T00:00:00Z,,historical_reconstruction
2024-01-04,0.5231591682,0.04631833646,0.5583496706,-0.003148262959,-0.004290959559,0.0174944909,0.1233358836,0.0003264067469,-0.05025063469,5.607045365,0.06299768409,-0.006359261082,0.0004917480408,0.004427561079,0.4980338509,-0.0004457281421,0.05836412975,0,2024-01-05T00:00:00Z,,historical_reconstruction
2024-01-05,0.5268580287,0.05371605744,0.5232713396,0.01545030569,0.01967640449,0.01195823316,0.1418976292,6.611482823e-05,-0.06388310023,6.506843993,0.05449850492,-0.004547704173,5.954558421e-05,0.01250252294,0.4949164786,-0.0005427926178,0.07220492235,0,2024-01-06T00:00:00Z,,historical_reconstruction
2024-01-06,0.4971367717,-0.005726456574,0,-0.001719652149,-0.002506221037,0.0009425239093,0.1177378494,-0.0001874347325,-0.01400248334,6.188949785,-0.02040963894,-0.01983257029,7.6846459e-05,0.001411413156,0.49013553,-0.0008768852667,0.002009513046,0,2024-01-07T00:00:00Z,,historical_reconstruction
2024-01-07,0.496668572,-0.006662855914,0.3534897962,-0.01208752112,-0.004218160954,-0.006986880043,0.2348010516,-0.0002475893798,-0.0178958546,7.767623678,-0.01563841665,-0.01003330986,2.831024194e-05,-0.007136436691,0.4877206447,-0.001115298758,0.006861130908,0,2024-01-08T00:00:00Z,,historical_reconstruction
2024-01-08,0.5175633254,0.03512665071,0.005701164115,-0.01024815571,0.02681100992,0.04009176073,0.1110800018,0.0002874993563,-0.0273482589,6.437601635,-0.02909490052,-0.01207716369,-0.0001738322776,-0.0006028179183,0.5038891959,-0.0008094207641,-0.002291444112,0,2024-01-09T00:00:00Z,,historical_reconstruction
2024-01-09,0.4953532099,-0.009293580192,0.1674488455,0.0323130375,0.03859240291,0.01980189406,0.4280792239,6.39852578e-05,0.002346563982,7.919189902,-0.005867524957,-0.002403373178,-2.276382049e-05,-0.01634098473,0.4965264919,-0.0006110765167,0.0135839826,0,2024-01-10T00:00:00Z,,historical_reconstruction
2024-01-10,0.5154483327,0.03089666538,0.1865862489,0.04297187134,0.05515045115,0.07583433588,0.3364611243,0.0005571936016,-0.02134078189,7.460422675,-0.01334493254,0.02730990811,0.0003662131517,0.003544910118,0.5047779417,0.0002539877655,0.02608211777,0,2024-01-11T00:00:00Z,,historical_reconstruction
2024-01-11,0.5043234888,0.008646977557,0,-0.00154839497,0.00184448892,-0.01500438318,0.08678376717,0.0002215423165,-0.01642634635,6.157745244,-7.289015403e-05,0.003276761904,0.0002508911437,-0.007562918846,0.4961103156,-0.0001048644304,-0.03767135891,0,2024-01-12T00:00:00Z,,historical_reconstruction
2024-01-12,0.4943453097,-0.01130938055,0,-0.02395103001,-0.0470264675,-0.04722803466,0.2041771633,0.0003012836268,0.0009966116204,7.303655885,0.02155868273,0.03514446467,0.0001570665561,-0.01586817063,0.4948436155,0.0002351687986,-0.06502543799,0,2024-01-13T00:00:00Z,,historical_reconstruction
2024-01-13,0.5170460734,0.03409214679,0.1776296033,0.00244176507,0.005600995386,0.0140373648,0.0941472129,0.0001202393928,-0.03736721204,5.947886268,0.05122196357,0.01150313154,0.0001573473178,0.001442986941,0.4983624674,0.0003076741253,0.03981860337,0,2024-01-14T00:00:00Z,,historical_reconstruction
2024-01-14,0.4708164432,-0.05836711355,0.2136131502,-0.01124354756,-0.02553907506,-0.02566577752,0.2647994125,0.0006025387505,0.02750211885,6.938560575,-0.02868063599,0.0165817852,0.0005414350744,-0.02174519456,0.4845675027,0.0008501281303,-0.05170425763,0,2024-01-15T00:00:00Z,,historical_reconstruction
2024-01-15,0.5047234558,0.009446911655,0.2669539957,-0.009038580655,-0.001077753342,-0.01086100435,0.1010986893,0.000171193337,-0.01893874601,5.772935715,0.02049303015,-0.02038113879,7.945259164e-05,-0.01120121174,0.4952540828,-0.0001163060193,-0.02567973905,0,2024-01-16T00:00:00Z,,historical_reconstruction
2024-01-16,0.5288139471,0.05762789419,0,0.005182474379,0.01092426468,0.02237254917,0.1958878366,0,-0.06618723775,6.44467584,-0.01023303762,-0.0009097441741,0.000114748151,-0.0006521321129,0.4957203282,-6.39852578e-05,0.06692147438,0,2024-01-17T00:00:00Z,,historical_reconstruction
2024-01-17,0.4930532645,-0.01389347104,0,-0.001223705142,-0.00365430582,-0.004982578671,0.1262431999,0.0001699477114,0.005244732703,6.277191223,-0.01472248348,-0.005706526195,-7.08332476e-07,0.003872230475,0.4956756308,-0.0003872458901,-0.04479013642,0,2024-01-18T00:00:00Z,,historical_reconstruction
2024-01-18,0.4719499084,-0.05610018313,0.1630175708,0.01283459725,-0.02171322234,-0.02046051015,0.162181675,0.0001942682764,0.01622770228,6.469781157,-0.01650019301,0.005174900299,0.0003007349148,0.007439119133,0.4800637596,-2.72740401e-05,-0.06474716069,0,2024-01-19T00:00:00Z,,historical_reconstruction
2024-01-19,0.4875814956,-0.02483700886,0,-0.0005494571604,0.01178247489,0.00121334844,0.09962786341,0.0001845906902,0.01603728902,6.114708726,-0.03241581519,-0.01246404537,0.0001084967437,-0.00371260816,0.4956001401,-0.0001166929366,-0.01352762832,0,2024-01-20T00:00:00Z,,historical_reconstruction
2024-01-20,0.4715425568,-0.05691488641,0,0.004261594462,0.003320034256,0.0005788114532,0.1446655778,0.0001051775681,0.03176605268,6.871835683,-0.006070965545,-0.01394028543,0.0002068658819,0.001514905134,0.4874255831,-1.50618247e-05,-0.09100703321,0,2024-01-21T00:00:00Z,,historical_reconstruction
2024-01-21,0.4991469275,-0.001706145021,0.03629945999,-0.006959628496,-0.004440824794,-0.006710731106,0.1762807711,-1.220976374e-05,-0.01870943602,5.77712616,0.04745480658,-0.01297188105,-4.273318792e-06,-0.003333222274,0.4897922095,-0.0006147485143,0.05666096853,0,2024-01-22T00:00:00Z,,historical_reconstruction
2024-01-22,0.4663271871,-0.06734562588,0.00648080904,-0.003307664479,-0.02748361069,-0.02819420998,0.1510326834,5.617492006e-05,0.02002766739,6.925099093,-0.0343525063,-0.01293709654,8.195331382e-05,-0.0063357116,0.4763410208,-0.0001150184169,-0.07679253754,0,2024-01-23T00:00:00Z,,historical_reconstruction
2024-01-23,0.4896606557,-0.02067868865,0.2405914184,0.02603754421,0.0104578285,0.01102725707,0.1052792054,-0.0004146972264,-0.00957022326,6.246233235,-0.08789856823,-0.02889878796,-0.0002242095781,0.01914602687,0.484875544,-0.0004146972264,-0.07830658285,0,2024-01-24T00:00:00Z,,historical_reconstruction
2024-01-24,0.4879269542,-0.0241460917,0.226381254,0.009890968899,5.816841097e-05,-0.004072793384,0.1441477283,-0.0001789693157,0.01286168789,6.268070075,-0.07642922713,-0.01987412836,-2.479647049e-05,0.007080866185,0.4943577981,-0.0003489170271,-0.01025262066,0,2024-01-25T00:00:00Z,,historical_reconstruction
2024-01-25,0.5067227181,0.01344543615,0.3280889887,0.0001893410031,0.01400365631,-0.005803037296,0.1353949316,-0.0002794504742,-0.009528681412,6.301044079,0.002204690965,0.005205008141,-8.451084664e-05,-0.0007041892509,0.5019583774,-0.0004737187506,0.06954561928,0,2024-01-26T00:00:00Z,,historical_reconstruction
2024-01-26,0.5018211629,0.003642325866,0.1280330607,0.004060198981,0.004335906532,0.006060283405,0.08937103809,-0.0004233401538,0.004519275404,6.218297462,-0.03760874394,-0.02359627074,-1.424010458e-05,-0.005728586209,0.5040808006,-0.000607930844,0.02847933473,0,2024-01-27T00:00:00Z,,historical_reconstruction
2024-01-27,0.4894125582,-0.02117488362,0.2295375057,-0.002094425133,-0.0009867059,0.001085862599,0.1780212858,-0.0004188823337,-0.0104518487,6.507923447,0.05627195514,-0.01728430368,1.867047588e-05,0.005014258963,0.4841866338,-0.0005240599018,0.03574000279,0,2024-01-28T00:00:00Z,,historical_reconstruction
2024-01-28,0.4977415027,-0.004516994561,0.05656170692,0.001339911619,-0.005845377218,-0.01060024199,0.1300875838,-0.0003987770836,-0.001314669203,7.623044669,0.04488260638,-0.004674117225,-0.0001641886626,0.005866810128,0.4970841681,-0.0003865673199,-0.00281084954,0,2024-01-29T00:00:00Z,,historical_reconstruction
2024-01-29,0.5326714353,0.0653428705,0.0886944108,0.01052558144,0.01836269284,0.02359805138,0.1385641156,-0.0004659993096,-0.05600366933,6.406313908,0.05079302966,-0.007392970625,-0.0001196005862,0.007133455934,0.5046696006,-0.0005221742297,0.1326884964,0,2024-01-30T00:00:00Z,,historical_reconstruction
2024-01-30,0.4912695554,-0.01746088921,0.08150414268,-0.01344039614,0.0008970870303,0.01253673293,0.1418210738,-0.0004524095074,0.01220064951,6.3923569,-0.04470821918,0.006483145668,7.855034223e-05,-0.01393611967,0.4973698801,-3.7712281e-05,0.003217799439,0,2024-01-31T00:00:00Z,,historical_reconstruction
2024-01-31,0.4801271596,-0.03974568073,0,-0.01732382424,-0.01986760653,-0.007408115887,0.1752604407,-0.0004993123505,4.257262292e-05,6.55964546,-0.0574791993,-0.03880658297,-4.135086627e-05,-0.01741401738,0.4801484459,-0.0003203430348,-0.01559958903,0,2024-02-01T00:00:00Z,,historical_reconstruction
2024-02-01,0.5088149037,0.01762980749,0.266209558,-0.0002212782943,0.006723783144,0.01659262266,0.09058383144,-0.0004122762859,-0.024463324,6.091163986,-0.01185988996,-0.008697721958,-0.0001722740947,-0.003146768523,0.4965832417,-0.0001328258117,0.004184371337,0,2024-02-02T00:00:00Z,,historical_reconstruction
2024-02-02,0.5211943398,0.04238867965,0.4089857869,0.003319689583,-0.002134831461,-0.004011456374,0.0770367128,-0.0004633920297,-0.06384964967,6.351099714,-0.01219233083,-0.02138145551,-4.672536299e-05,0.003205147557,0.489269515,-4.005187584e-05,0.03874635379,0,2024-02-03T00:00:00Z,,historical_reconstruction
2024-02-03,0.5084754652,0.01695093048,0.07228573488,-0.003021554625,-0.003108111041,-0.003207632342,0.1131388983,-0.0004659284386,-0.03862808085,7.039424716,0.07096381488,0.00695533805,-3.138934649e-05,-0.001161141067,0.4891614248,-4.704610487e-05,0.0381258141,0,2024-02-04T00:00:00Z,,historical_reconstruction
2024-02-04,0.5043780376,0.008756075218,0.09933211873,0.004452457406,-0.005161469715,-0.006865832184,0.2752859823,-0.0004934950367,-0.01732484212,6.967119317,0.02126261574,0.0210584965,-0.000198071148,-0.001255968194,0.4957156165,-9.471795305e-05,0.01327306978,0,2024-02-05T00:00:00Z,,historical_reconstruction
2024-02-05,0.5048916444,0.009783288776,0.1092790571,-0.001154268406,0.001352926846,-0.01193322545,0.1466460104,-0.000434436948,-0.00844658708,7.136810536,-0.007272125917,-0.001438443919,-6.448890462e-05,-0.001324670557,0.5006683508,3.156236164e-05,-0.05555958173,0,2024-02-06T00:00:00Z,,historical_reconstruction
2024-02-06,0.5276699826,0.05533996519,0.1173052334,-0.002727887925,0.01233503859,0.02027529682,0.1637369223,-0.000379324297,-0.04354485052,5.950354493,0.01699741688,0.01641778495,8.12437679e-05,-0.004155384196,0.5058975573,7.308521044e-05,0.07280085441,0,2024-02-07T00:00:00Z,,historical_reconstruction
2024-02-07,0.4985724937,-0.002855012633,0.1448591628,0.00211986099,0.02339576142,0.02685811311,0.2004929945,-0.0003628716342,0.03779396655,6.28283094,-0.03589552072,-0.001331609574,0.0001647543196,0.01683187181,0.517469477,0.0001364407164,0.0368906681,0,2024-02-08T00:00:00Z,,historical_reconstruction
2024-02-08,0.5078907738,0.01578154763,0.0657018159,-0.0008217910916,-0.01399008916,-0.002366727278,0.1073924712,-0.0003265069951,-0.01424512826,5.648543042,0.01528477078,-0.002138433263,0.0001051684909,9.981421748e-05,0.5007682097,8.576929077e-05,-0.001848259862,0,2024-02-09T00:00:00Z,,historical_reconstruction
2024-02-09,0.5430124119,0.08602482375,0.246306276,0.0002413554522,-0.003514565208,-0.006643522865,0.08744531063,-0.0005308538704,-0.05351518979,5.906205826,0.06959956078,0.00760169847,-0.0001771721326,-0.00792915435,0.516254817,-6.746184075e-05,0.04363614409,0,2024-02-10T00:00:00Z,,historical_reconstruction
2024-02-10,0.4976922636,-0.004615472803,0,0.001093088716,0.003931016483,0.006898606989,0.2325891496,-0.0004159600678,-0.004742152088,7.127289508,-0.03243217801,-0.02487775034,-2.874377602e-05,0.00462854944,0.4953211876,4.996837078e-05,-0.02156640328,0,2024-02-11T00:00:00Z,,historical_reconstruction
2024-02-11,0.4938872757,-0.01222544866,0.01598994084,-0.0002113456738,-0.0006895342256,-0.009512936092,0.1221350527,-0.0004427231863,0.009669446286,6.916636304,-0.06315603551,-0.004450635228,-0.000513323615,0.0003313727801,0.4987219988,5.077185033e-05,-0.02098152388,0,2024-02-12T00:00:00Z,,historical_reconstruction
2024-02-12,0.5216173969,0.0432347938,0.2494874564,0.01905564601,0.03992384288,0.06905906373,0.1789006937,0.0003458659619,-0.01333309583,7.048703146,-0.0006391089735,0.01192645422,-0.0001816067945,0.007777797069,0.514950849,0.0007803029099,0.03345150502,0,2024-02-13T00:00:00Z,,historical_reconstruction
2024-02-13,0.4997514223,-0.0004971553145,0,0.0109404079,0.003416951729,-0.01557192132,0.0908930239,0.0003181830234,-0.0237877697,6.606199455,-0.02328079002,-0.004539520977,0.0003823686636,0.01351741572,0.4878575375,0.0006975073204,-0.05583712051,0,2024-02-14T00:00:00Z,,historical_reconstruction
2024-02-14,0.5188902186,0.03778043728,0,0.004710695923,0.00924201644,0.006876256414,0.09637194638,0.000479312097,-0.02163483721,6.163735137,-0.002319140481,-0.007796663176,-6.185805454e-05,0.002267503051,0.5080728,0.0008421837312,0.04063544991,0,2024-02-15T00:00:00Z,,historical_reconstruction
2024-02-15,0.5045763632,0.009152726361,0,-0.004071796283,-0.001302069512,0.01051474642,0.1160986879,0.0006908548532,-0.009986055837,7.156011648,0.01588987677,0.009978610164,0.0003342627175,-0.002346255462,0.4995833353,0.001017361848,-0.006628821265,0,2024-02-16T00:00:00Z,,historical_reconstruction
2024-02-16,0.4898433076,-0.0203133848,0.1328143569,0.01407206868,0.009290312355,-0.007720640317,0.07086729734,0.0006745663502,-0.004388583653,7.238202362,0.01001057008,-0.02479675118,0.0002047261937,0.007106769052,0.4876490158,0.001205420221,-0.1063382085,0,2024-02-17T00:00:00Z,,historical_reconstruction
2024-02-17,0.4929094735,-0.0141810531,0.6068454211,0.004184809251,0.01147284458,0.001924059009,0.1267228315,0.0005384198454,-0.009502157798,7.304911879,0.0002566370389,-0.01688304877,-0.0001733950424,0.004829316167,0.4881583946,0.0009543799133,-0.009565580296,0,2024-02-18T00:00:00Z,,historical_reconstruction
2024-02-18,0.532548643,0.06509728591,0.07304789299,0.01886231992,0.02625476849,0.02775201541,0.2903098858,0.0008260447036,-0.05419283734,5.742244633,0.03903968589,0.01982581587,9.279367799e-05,0.007332954262,0.5054522243,0.00126876789,0.07732273457,0,2024-02-19T00:00:00Z,,historical_reconstruction
2024-02-19,0.5093378652,0.01867573035,0.3073415852,0.003667298333,0.01233099456,0.01084717836,0.1803576246,0.000594267862,-0.0102904197,6.485143808,-0.01513143259,0.0192634437,-0.0001603473721,-0.000885362021,0.5041926553,0.0002484019001,-0.02455906345,0,2024-02-20T00:00:00Z,,historical_reconstruction
2024-02-20,0.5149178764,0.02983575278,0.03083812814,0.009655121602,0.03067608407,0.02708752087,0.1403597808,0.0007960700674,-0.0371221611,7.250115235,0.02215158534,0.007196694936,5.782148088e-05,0.003027191364,0.4963567958,0.000477887044,0.0303329081,0,2024-02-21T00:00:00Z,,historical_reconstruction
2024-02-21,0.5108577219,0.02171544379,0.07841190234,0.01885004755,0.01821388015,0.02372797169,0.1358541486,0.0005896425082,-0.04998882091,6.827190972,-0.01064814842,-0.01028616833,4.170935023e-05,0.01550002262,0.4858633114,0.0001103304111,-0.0160649935,0,2024-02-22T00:00:00Z,,historical_reconstruction
2024-02-22,0.5101538352,0.0203076704,0,-0.005542242868,-0.005205979343,-0.00648655878,0.1548143079,0.0004711583765,-0.02085985992,7.203792419,0.01028583367,0.01285546543,-8.413266188e-05,-0.00430149569,0.4997239052,-0.0002196964766,0.01115494404,0,2024-02-23T00:00:00Z,,historical_reconstruction
2024-02-23,0.498572224,-0.002855552083,0.09655289556,-0.008065173116,0.002119297957,-0.007266538254,0.1184769044,0.0003798455979,-0.02310591861,5.835382442,0.04043851481,0.01332498317,-0.0001670154688,-0.006946111956,0.4870192647,-0.0002947207523,0.01745783271,0,2024-02-24T00:00:00Z,,historical_reconstruction
2024-02-24,0.5304750042,0.06095000839,0,0.001847946169,0.01256991274,0.01049795207,0.1135521001,0.0005914549792,-0.03661739622,5.953770215,0.03890949072,0.002407185335,-6.553880491e-05,0.0002160711972,0.5121663061,5.303513381e-05,0.07513106149,0,2024-02-25T00:00:00Z,,historical_reconstruction
2024-02-25,0.5201900156,0.04038003114,0.04559633084,0.01005646417,0.02266387612,0.02375705509,0.2041514624,0.0008513810042,-0.002330635912,7.179626647,0.02077828435,0.03595256278,0.0001544778255,0.001081416454,0.5190246976,2.533630065e-05,-0.02471725476,0,2024-02-26T00:00:00Z,,historical_reconstruction
2024-02-26,0.4780752113,-0.04384957744,0.2327234698,-0.0009971344181,0.009648428435,0.03876810765,0.1208879968,0.0008375473088,0.04282491497,7.013460158,-0.1052207207,-0.04121543843,0.0001926817366,-0.0001950920493,0.4994876688,0.0002432794468,-0.06252530779,0,2024-02-27T00:00:00Z,,historical_reconstruction
2024-02-27,0.5013683276,0.002736655138,0.2314391823,-0.002571737953,0.003898110392,-0.003852652923,0.07655661234,0.0008080533932,0.008685825532,5.453667492,-0.0380950813,-0.0100412386,0.0001565503603,-0.005272961887,0.5057112403,1.198332577e-05,-0.02709909764,0,2024-02-28T00:00:00Z,,historical_reconstruction
2024-02-28,0.5020533999,0.004106799807,0,0.02545216466,0.01036919346,0.02638548844,0.1028532651,0.001173479944,-0.003818911693,6.978989898,-0.0408889567,-0.014405582,0.0002797089516,0.02429816689,0.5001439441,0.0005838374363,-0.01760864398,0,2024-02-29T00:00:00Z,,historical_reconstruction
2024-02-29,0.5160285171,0.03205703418,0.03764638485,-0.01856449826,-0.03699955599,-0.04945814883,0.1255736847,0.0009161429782,-0.06842181468,6.240716007,0.02532125737,-0.0227144756,-0.0002668905672,-0.007613799937,0.4818176097,0.0004449846017,0.01174936378,0,2024-03-01T00:00:00Z,,historical_reconstruction
2024-03-01,0.4841432208,-0.0317135583,0.17966127,0.001662908105,0.01258419941,0.006608245942,0.1118675639,0.000696096906,0.0182387573,5.572767336,-0.04558279281,-0.01069983363,1.166931669e-05,0.002770852477,0.4932625995,0.0003162513081,-0.02885800622,0,2024-03-02T00:00:00Z,,historical_reconstruction
2024-03-02,0.4867818066,-0.02643638687,0.06708132885,-0.001400969004,0.0009830195083,0.005288828818,0.1105653237,0.000885602385,-0.007855291346,4.887675573,-0.02049612032,-0.01577937502,3.671854947e-05,-0.002052330235,0.4828541609,0.0002941474057,-0.08738639526,0,2024-03-03T00:00:00Z,,historical_reconstruction
2024-03-03,0.4943258714,-0.01134825719,0.1902076899,0.006524875909,0.019082542,0.02180237242,0.1228531032,0.001135382948,-0.003316309536,5.53347652,-0.03972213655,-0.02029840436,0.0001129468693,0.006120994739,0.4926677166,0.0002840019438,-0.05172828833,0,2024-03-04T00:00:00Z,,historical_reconstruction
2024-03-04,0.4966995494,-0.006600901269,0.2523194376,0.009674366824,0.01891349897,0.03445758671,0.1406371777,0.0005402782985,-0.004397812615,5.468355109,-0.0748219271,-0.009357129862,-0.0002024790119,0.01246876171,0.4945006431,-0.0002972690104,0.03724867617,0,2024-03-05T00:00:00Z,,historical_reconstruction
2024-03-05,0.4910424604,-0.01791507929,0.505048541,0.05247803913,-0.06062648692,-0.04765158946,0.2141477442,0.0005008934476,-0.01278984694,6.040687327,-0.01352112515,0.007366539719,0.0001338418449,0.03766476288,0.4846475369,-0.0003071599456,-0.02065173443,0,2024-03-06T00:00:00Z,,historical_reconstruction
2024-03-06,0.4949169727,-0.01016605467,0,-0.008825231857,0.007291048418,-0.01576136545,0.0850329421,0.0009872754079,0.009420711345,5.13398812,-0.03518138977,0.006943276111,0.0001691023403,-0.009970858333,0.4996273283,-0.0001862045365,-0.01427285448,0,2024-03-07T00:00:00Z,,historical_reconstruction
2024-03-07,0.503610612,0.007221224038,0.09358211098,-0.0003694909035,0.008232629777,0.02143321065,0.1933613404,0.0007573486078,-0.01006657616,5.277276152,-0.04565833436,-0.0002284866406,5.654378219e-05,-0.009998217726,0.4985773239,-0.0001587943704,-0.02483581014,0,2024-03-08T00:00:00Z,,historical_reconstruction
2024-03-08,0.4992341716,-0.001531656801,0.4060969718,-0.01157090424,-0.004460669203,-0.01698536373,0.1208325103,0.0006901240163,-0.006182285346,5.5843868,-0.0178468473,-0.01628912998,-0.0001320508969,-0.01074305878,0.4961430289,-5.972889694e-06,0.0301819015,0,2024-03-09T00:00:00Z,,historical_reconstruction
2024-03-09,0.5048635838,0.0097271677,0.3073218154,0.006191416013,-0.002923409231,-0.001863258786,0.1175817635,0.0007528404362,-0.02772368994,4.150151266,0.002738431392,0.02130341175,6.732208819e-05,0.00175617885,0.4910017389,-0.0001327619488,0.03616355457,0,2024-03-10T00:00:00Z,,historical_reconstruction
2024-03-10,0.4780621952,-0.04387560969,0.03156464197,-0.005012814231,-0.001346653964,-0.01379452389,0.198062193,0.0007090424832,0.008553086046,5.097117793,-0.04319441389,-0.02999258526,4.310942576e-05,-0.006402143856,0.4823387382,-0.0004263404648,-0.0325273525,0,2024-03-11T00:00:00Z,,historical_reconstruction
2024-03-11,0.4602119348,-0.07957613033,0.2719295631,0.008209936255,0.01164506808,0.007572659106,0.07712089107,0.001407203306,0.06442141565,5.254933755,-0.1270314372,-0.0192905659,0.0003569536467,0.001502014728,0.4924226427,0.000866925008,-0.07297522906,0,2024-03-12T00:00:00Z,,historical_reconstruction
2024-03-12,0.5010739266,0.00214785328,0.2351180902,-6.783527585e-05,-0.002131148363,-0.01016702977,0.0917697608,0.001060312164,-0.02199454125,5.75174275,-0.002075725655,-0.001958898846,0.0003438872516,0.001429853039,0.490076656,0.0005594187164,0.02006293257,0,2024-03-13T00:00:00Z,,historical_reconstruction
2024-03-13,0.5103086148,0.02061722964,0.1076831701,0.001087380388,0.0105960432,-0.01089675987,0.1177201882,0.0009913129028,-0.04176049068,5.072435258,0.00312268591,-0.02496794756,0.0002360346795,-0.003774135901,0.4894283695,4.03749486e-06,0.03078328431,0,2024-03-14T00:00:00Z,,historical_reconstruction
2024-03-14,0.4848963662,-0.03020726753,0.0551639932,0.02530712725,0.009332234302,-0.01854342813,0.1524850829,0.0008475667877,-0.00573225214,5.892343903,-0.02478871208,-0.01942860372,-8.479052138e-05,0.02843545978,0.4820302402,9.021817992e-05,-0.03742849157,0,2024-03-15T00:00:00Z,,historical_reconstruction
2024-03-15,0.4912238612,-0.01755227767,0.1746778094,0.01427282066,0.01444879083,0.01432780478,0.09151942645,0.0007508972019,0.003994916221,5.696613165,0.01733783577,0.01339612654,-2.341833862e-06,0.00776999594,0.4932213193,6.077318559e-05,-0.01602062087,0,2024-03-16T00:00:00Z,,historical_reconstruction
2024-03-16,0.47849795,-0.04300409991,0.1729036964,-0.02152696773,-0.04251890182,-0.04582521958,0.2608286014,0.0007067659356,0.01520026372,4.981021183,-0.01790707761,0.01894909042,-6.458956282e-05,-0.02407478175,0.4860980819,-4.607450065e-05,-0.05273126761,0,2024-03-17T00:00:00Z,,historical_reconstruction
2024-03-17,0.4944862721,-0.01102745584,0.227736085,-0.001772029864,0.004489557438,0.01836272244,0.09548386871,0.0006255641738,0.006148255008,5.323796363,-0.02944342691,-0.007232970438,-0.0001701257077,-0.002089974542,0.4975603996,-8.347830942e-05,0.03284815386,0,2024-03-18T00:00:00Z,,historical_reconstruction
2024-03-18,0.4789883573,-0.04202328537,0.1922925167,0.01195212252,-0.001336105776,-0.02150462918,0.09472622743,0.0008436397516,0.02020859944,4.908161467,-0.06674949247,-0.0129415266,0.0001039561634,0.01006917055,0.489092657,-0.0005635635548,0.03755284497,0,2024-03-19T00:00:00Z,,historical_reconstruction
2024-03-19,0.4634899727,-0.07302005464,0.04920379338,-0.05238999541,-0.0437520435,-0.03597425309,0.1430966471,0.0007471570043,0.03786449132,5.618811956,-0.02763886861,-0.009985923478,0.0001546232525,-0.03811964219,0.4824222183,-0.0003131551597,-0.07516790793,0,2024-03-20T00:00:00Z,,historical_reconstruction
2024-03-20,0.4886733042,-0.02265339152,0,0.04070139094,0.06802954558,0.06779604404,0.1425299763,0.000361151476,0.0169606367,5.917081537,-0.03039617429,-0.01915450336,-0.0001678834619,0.03125418507,0.4971536226,-0.0006301614268,-0.04327062115,0,2024-03-21T00:00:00Z,,historical_reconstruction
2024-03-21,0.490042453,-0.01991509408,0,0.01495915871,-0.001355218879,-0.01085472845,0.1193970649,0.0006613510457,0.009284668437,5.726082019,-0.01947709273,0.005697588726,7.159148837e-05,0.004255199756,0.4946847872,-0.000186215742,0.01029217346,0,2024-03-22T00:00:00Z,,historical_reconstruction
2024-03-22,0.4980864584,-0.003827083123,0,-0.00123036947,-0.003866479563,-0.02021332206,0.1509458762,0.0007942811755,-0.03521977074,6.890566318,0.04106113885,-0.00278266829,0.0003340688509,-0.001100725978,0.4804765731,4.338397363e-05,0.01372519454,0,2024-03-23T00:00:00Z,,historical_reconstruction
2024-03-23,0.4783875335,-0.04322493291,0.2985605868,-0.01670943945,-0.0223051602,-0.01053498089,0.1987904877,0.0004294900481,0.03053738158,6.377369744,-0.009015511185,-0.007429651568,-4.386508963e-05,-0.01360953495,0.4936562243,-0.0002772758874,-0.0002208330013,0,2024-03-24T00:00:00Z,,historical_reconstruction
2024-03-24,0.5059131991,0.01182639816,0.2030515995,0.02143095767,0.0169183223,0.01995943756,0.1998858132,0.0006309732618,0.008889440432,7.163624729,-0.05243207382,-0.02349467561,-0.0001265034169,0.0207610465,0.5103579193,5.409087954e-06,0.02285385399,0,2024-03-25T00:00:00Z,,historical_reconstruction
2024-03-25,0.5363363056,0.07267261125,0.04693878459,-0.01333897597,0.002493375662,0.04488097317,0.1140350986,0.0007018677481,-0.06242483542,4.602845272,0.0315677875,-0.00463032226,0.0001224459649,-0.01523205247,0.5051238879,-0.0001417720036,0.1146958966,0,2024-03-26T00:00:00Z,,historical_reconstruction
2024-03-26,0.4657917794,-0.06841644119,0,0.007442085132,-0.001675316905,-0.01219293922,0.08147023666,0.0006439329529,0.07465287277,4.879079317,-0.07019807391,0.006586268405,-0.0001576330298,0.007345382674,0.5031182158,-0.0001032240514,0.004603613455,0,2024-03-27T00:00:00Z,,historical_reconstruction
2024-03-27,0.4867754067,-0.02644918655,0,0.002867225408,-0.003727637731,-0.02339703269,0.09618856878,0.001085345268,0.008858394531,6.57672476,-0.04051421858,-0.006721785196,0.0001840927995,0.01191487329,0.491204604,0.0007241937923,-0.003795795032,0,2024-03-28T00:00:00Z,,historical_reconstruction
2024-03-28,0.5092542766,0.01850855325,0,-0.000721290127,-0.005091220021,-0.005377485516,0.08192059079,0.0009830107654,-0.02392832197,4.88988088,0.002058837568,-0.01127575416,0.0001621643753,-0.0002494411586,0.4972901156,0.0003216597197,0.03842364732,0,2024-03-29T00:00:00Z,,historical_reconstruction
2024-03-29,0.4770259804,-0.04594803921,0.2828831345,0.002682588884,0.006082808756,-0.01130185416,0.1682216184,0.0007749861813,0.01891390674,5.368425689,0.02346532082,0.01189749677,1.536428004e-05,0.002649068792,0.4864829338,-1.929499422e-05,-0.04212095609,0,2024-03-30T00:00:00Z,,historical_reconstruction
2024-03-30,0.524496479,0.04899295797,0,-0.0009632318995,-0.008754170672,-0.01526689682,0.08836851784,0.0008614689472,-0.06471884931,5.836480578,0.1073274558,-0.0004506036674,3.28925412e-07,-0.004494655943,0.4921370543,0.000431978899,0.09221789088,0,2024-03-31T00:00:00Z,,historical_reconstruction
2024-03-31,0.528373696,0.05674739195,0.40725587,0.001951519849,0.007629177735,0.009999445861,0.11809578,0.0009601430888,-0.01801858481,6.311015325,0.01084030434,0.002038990893,-0.0002041384539,0.003611480199,0.5193644036,0.000329169827,0.04492099379,0,2024-04-01T00:00:00Z,,historical_reconstruction
2024-04-01,0.4780650886,-0.04386982286,0.2841394667,0.005011000106,0.01735171485,-0.009660879937,0.08987053801,0.0007763000171,-0.005587633165,6.740580911,-0.01926112727,-0.02007549717,5.55513574e-05,2.570066252e-05,0.475271272,7.443226906e-05,-0.1165424341,0,2024-04-02T00:00:00Z,,historical_reconstruction
2024-04-02,0.4839338621,-0.03213227579,0.5357467442,0.0004363041681,0.01198408706,-0.00896745783,0.09548829493,0.0005489545466,-0.02868718853,6.378945407,-0.0208684553,-0.01108056838,-8.20794005e-05,-0.006840940843,0.4695902678,-9.497840636e-05,0.0362841654,0,2024-04-03T00:00:00Z,,historical_reconstruction
2024-04-03,0.4948608188,-0.01027836232,0.1864754232,-0.001040950071,-0.005520829266,-0.002019574804,0.1356962762,0.0007430161017,-0.01907164761,6.483753256,-0.04455645629,-0.02127357555,0.0006123373362,0.002725130317,0.485324995,-0.0003423291666,0.01617082423,0,2024-04-04T00:00:00Z,,historical_reconstruction
2024-04-04,0.4842111231,-0.0315777537,0.152211106,-0.01149404799,-0.01091224722,-0.003879821337,0.2416344624,0.0006762036425,0.02821151575,6.878020046,-0.04443085553,-0.01636205242,0.0006453952312,-0.0001782481752,0.498316881,-0.0003068071229,-0.05008630695,0,2024-04-05T00:00:00Z,,historical_reconstruction
2024-04-05,0.4948698508,-0.01026029838,0,-0.0006807003382,-0.002579341817,0.02291646113,0.05480198911,0.0005455340055,-0.01553969856,7.599459778,-0.006731190722,-0.01519219218,0.0004706305321,0.006055413239,0.4871000015,-0.0002294521759,0.03568774083,0,2024-04-06T00:00:00Z,,historical_reconstruction
2024-04-06,0.4823248687,-0.03535026256,0,0.0007046395739,0.004863028689,0.006281018534,0.2564003758,0.0004654507264,0.02214180251,6.17715935,-0.02695321435,-0.0331747864,0.0003841687942,0.009317464008,0.49339577,-0.0003960182208,-0.08434322054,0,2024-04-07T00:00:00Z,,historical_reconstruction
2024-04-07,0.5025678299,0.005135659738,0.2511534691,0.02153558606,0.0188959748,0.01883887409,0.2421510266,0.0005182097157,0.005364970579,6.86367898,-0.0306882253,-0.008665517329,0.0004849054047,0.004233218823,0.5052503152,-0.000441933373,-0.05161173221,0,2024-04-08T00:00:00Z,,historical_reconstruction
2024-04-08,0.5609320347,0.1218640694,0.2031814249,-0.002211839689,0.01802325581,0.01693884236,0.08691024596,0.0008092870425,-0.09380759954,5.730903095,0.01437942838,0.000314264516,-6.127646159e-06,-0.002034389544,0.5140282349,3.298702535e-05,0.1657338922,0,2024-04-09T00:00:00Z,,historical_reconstruction
2024-04-09,0.4818349158,-0.0363301684,0.3289093755,-0.003045122402,-0.006668687481,-0.03481013529,0.08420782834,0.0005874988236,-0.001244265227,7.529568027,0.001965927249,0.000978805081,-3.87123817e-05,0.00210461389,0.4812127832,3.854427701e-05,-0.004197892616,0,2024-04-10T00:00:00Z,,historical_reconstruction
2024-04-10,0.4948618681,-0.01027626384,0.2951473067,0.006849315068,0.01903483637,0.006903641522,0.09601199591,0.0005640730587,0.0001527919062,7.277309747,0.02402211113,-0.0007982448909,-0.000152608606,0.007806061298,0.494938264,-0.000178943043,2.0984781e-06,0,2024-04-11T00:00:00Z,,historical_reconstruction
2024-04-11,0.4904820349,-0.01903593026,0,-0.00431815016,-0.001650367271,-0.005782184513,0.08505564302,0.0005453216541,0.002835965748,6.605678172,-0.01593320454,-0.008974247755,-0.0001613297396,-0.006435454495,0.4919000177,-0.0001308819884,0.01254182344,0,2024-04-12T00:00:00Z,,historical_reconstruction
2024-04-12,0.4746970646,-0.05060587075,0.05916606972,0.009749950876,-0.05907809457,-0.08345742904,0.1522515185,0.0002687316791,-0.02316666129,5.599702805,0.02430781171,-0.03529076391,-2.746961377e-05,0.004077255723,0.463113734,-0.0002768023263,-0.04034557237,0,2024-04-13T00:00:00Z,,historical_reconstruction
2024-04-13,0.4646755421,-0.07064891588,0,-0.02534357578,-0.08109949884,-0.07991860963,0.4810807694,-0.0005154622033,0.01114072282,5.349788691,-0.000266743057,-0.0147667179,-0.0007530862383,-0.01332808339,0.4702459035,-0.0009809129297,-0.03529865331,0,2024-04-14T00:00:00Z,,historical_reconstruction
2024-04-14,0.5030211392,0.006042278484,0.2602531044,0.02650937166,0.032515749,0.04232243145,0.1386220988,-0.0006180450127,-0.02629838383,5.351855185,0.04061564233,-0.01116826883,8.160032164e-05,0.02327025266,0.4898719473,-0.001136254728,0.000906618746,0,2024-04-15T00:00:00Z,,historical_reconstruction
2024-04-15,0.482221529,-0.03555694202,0.05705535171,0.0006128854324,-0.01935065756,-0.03952452905,0.09366450008,-0.0003997433905,0.01171569678,6.359647241,0.00238406361,-0.003944908309,3.056257451e-05,0.001878008142,0.4880793774,-0.001209030433,-0.1574210114,0,2024-04-16T00:00:00Z,,historical_reconstruction
2024-04-16,0.4816251219,-0.03674975629,0,0.008689679983,0.02498130639,-0.002938599752,0.06994193568,-0.0004441965878,0.01950311999,6.557848431,-0.01172338491,-0.01466154783,8.338456118e-07,0.01709080931,0.4913766819,-0.001031695411,-0.000419587884,0,2024-04-17T00:00:00Z,,historical_reconstruction
2024-04-17,0.5117849054,0.02356981087,0,-0.005390476381,0.0131057863,-0.01801861068,0.0985725478,-0.0007235187127,-0.03742130813,6.725197841,0.06061570768,0.005599740272,-0.000350297734,0.004178959975,0.4930742514,-0.001287591771,0.03384607471,0,2024-04-18T00:00:00Z,,historical_reconstruction
2024-04-18,0.5276322415,0.05526448309,0,6.853360921e-05,-0.00155416611,0.005892103924,0.0619499597,-0.0005058086412,-0.05633266951,6.873105061,0.09805809414,-0.007837991377,-0.0001106618255,-0.0001096459444,0.4994659068,-0.001051130295,0.07430041335,0,2024-04-19T00:00:00Z,,historical_reconstruction
2024-04-19,0.5069131993,0.01382639868,0.4641232218,-0.0153474437,-0.007878002941,-0.01487139818,0.08937414267,-0.000507122619,-0.03449720266,6.594800461,0.01162583981,-0.02304927178,-2.747745298e-05,-0.007885704621,0.489664598,-0.0007758542981,0.06443226944,0,2024-04-20T00:00:00Z,,historical_reconstruction
2024-04-20,0.5127715724,0.02554314471,0.2563329189,0.002407717401,0.0147691536,0.03557482165,0.1491508229,-0.0004689792413,-0.02496965452,6.696111308,0.004556981127,-0.008074604109,0.0001991699085,0.001142963735,0.5002867451,4.648296199e-05,0.09619206059,0,2024-04-21T00:00:00Z,,historical_reconstruction
2024-04-21,0.5123450858,0.02469017169,0,0.003471713031,-0.003529799102,-0.006671274074,0.1139393988,-0.0006163289036,-0.04301890821,7.155798717,0.01662326396,-0.02007912069,-0.0001767001012,0.006246707366,0.4908356317,1.716109092e-06,0.01864789321,0,2024-04-22T00:00:00Z,,historical_reconstruction
2024-04-22,0.5305204043,0.06104080855,0.2867912554,0.003751285976,0.005299481989,0.00176863721,0.1080118412,-0.0004812199238,-0.06459343656,7.032555362,0.01223617416,-0.02102815689,0.0001371641005,0.004427674083,0.498223686,-8.147653322e-05,0.09659775057,0,2024-04-23T00:00:00Z,,historical_reconstruction
2024-04-23,0.5143955423,0.02879108464,0,0.0003573304001,-0.00206439934,0.01247566663,0.1062581619,-0.0004410677567,-0.02291180158,6.549634264,0.06828828081,0.02459066903,-2.398702072e-05,-0.001059345775,0.5029396415,3.128831087e-06,0.06554084092,0,2024-04-24T00:00:00Z,,historical_reconstruction
2024-04-24,0.4944101923,-0.01117961547,0.1361951605,0.00195554875,-0.01102084514,-0.04301379964,0.1239486504,-0.0006240448293,-0.02204537071,6.305646977,-0.01710996953,0.001265078264,-8.237511237e-06,0.004900896507,0.4833875069,9.947388333e-05,-0.03474942634,0,2024-04-25T00:00:00Z,,historical_reconstruction
2024-04-25,0.5149113605,0.02982272092,0.3297512641,-0.003171354206,-0.001455511961,0.01407129154,0.07877028774,-0.0004309525318,-0.04567594921,6.945080279,0.08472513329,-0.003035367191,-0.0001279989985,-0.003842333064,0.4920733859,7.485610932e-05,-0.02544176217,0,2024-04-26T00:00:00Z,,historical_reconstruction
2024-04-26,0.5059891812,0.01197836236,0.02640116077,-0.0007945650474,0.004391184273,0.0008534086805,0.08606582363,-0.0004215501549,-0.01474387348,6.982266444,0.009930629163,-0.005282284957,-8.894867027e-05,0.0004383290345,0.4986172444,8.557246409e-05,-0.001848036323,0,2024-04-27T00:00:00Z,,historical_reconstruction
2024-04-27,0.5392070381,0.07841407622,0.7160154001,0.005609439674,0.03513775616,0.04180587023,0.1106280073,-0.0004883952377,-0.06629791643,6.785838362,0.1320904114,0.04131862072,0.0001573457241,0.001734275307,0.5060580799,-1.941599635e-05,0.05287093151,0,2024-04-28T00:00:00Z,,historical_reconstruction
2024-04-28,0.515803661,0.03160732192,0.3201991026,-0.01612037674,-0.01732911774,-0.006986346804,0.1546684606,-0.0003585162941,-0.0329560701,6.560479472,0.09459353388,0.02016062848,0.0001218490878,-0.009600899036,0.4993256259,0.0002578126095,0.006917150224,0,2024-04-29T00:00:00Z,,historical_reconstruction
2024-04-29,0.5006870741,0.001374148285,0.06092616761,0.009638985317,0.01077157536,0.01791709782,0.08993164238,-0.0004538770739,-0.03326620207,7.009525602,0.007567600243,-0.02620856025,-8.43533837e-05,0.01394930444,0.4840539731,2.734284983e-05,-0.05966666026,0,2024-04-30T00:00:00Z,,historical_reconstruction
2024-04-30,0.4764962501,-0.04700749974,0.1700484268,0.02905126734,0.00665974196,0.0021945502,0.1149850652,-0.000487715864,-0.0002350881133,7.614005775,-0.008071195135,-0.01863192525,-0.0001448888598,0.02325824571,0.4763787061,-4.664810733e-05,-0.07579858437,0,2024-05-01T00:00:00Z,,historical_reconstruction
2024-05-01,0.485522736,-0.02895452808,0,0.01586097298,0.03015117174,0.02308115922,0.08578673379,-0.0006223801161,-0.002777528283,6.839259857,0.03028668279,-0.004506110636,0.0003605725008,0.02476557587,0.4841339718,1.66471321e-06,-0.01777491262,0,2024-05-02T00:00:00Z,,historical_reconstruction
2024-05-02,0.5477416246,0.09548324925,0,-0.004536969131,-0.00132768815,-0.00312130701,0.1122112616,-0.0004654760749,-0.06907640906,6.265606122,0.1194294808,0.02535369699,-6.063772321e-05,-0.004894433296,0.5132034201,-3.452354302e-05,0.06566052833,0,2024-05-03T00:00:00Z,,historical_reconstruction
2024-05-03,0.5248612448,0.04972248953,0.2243278717,0.009796550703,0.00880826657,0.04132250821,0.1496990366,-0.0005737105211,-0.02972014849,6.613303088,0.03423031426,-0.00798751899,-0.000123502266,0.01312590909,0.5100011705,-0.0001521603663,0.03774412717,0,2024-05-04T00:00:00Z,,historical_reconstruction
2024-05-04,0.5135823476,0.02716469526,0.02311547871,-0.006308534852,-0.003060637073,-0.004223035027,0.1192320246,-0.0005678118073,-0.02048284397,6.987180412,-0.01294521508,-0.01426290761,-0.0001320767767,-0.0004557175659,0.5033409256,-7.941656959e-05,-0.05124938095,0,2024-05-05T00:00:00Z,,historical_reconstruction
2024-05-05,0.5269549216,0.05390984314,0.1346806503,-0.001922067177,-0.007521723446,-0.0005385424301,0.07949193375,-0.0003730379638,-0.0677694386,7.1775645,0.08689335294,-0.03178197609,1.891736894e-06,0.002067315655,0.4930702023,-1.452166968e-05,0.02230252122,0,2024-05-06T00:00:00Z,,historical_reconstruction
2024-05-06,0.4871428265,-0.02571434703,0.4310314114,-0.002355179277,-0.008626689326,-0.02750831156,0.06423369578,-0.0003591719454,0.0005664643083,7.421097949,-0.01691223023,-0.01827129295,-4.70455601e-06,-0.0008669724771,0.4874260586,9.470512852e-05,-0.02708849532,0,2024-05-07T00:00:00Z,,historical_reconstruction
2024-05-07,0.4680937375,-0.06381252497,0.1251309456,-0.01440184155,-0.02139733868,-0.01883854541,0.1598207738,-0.0003792806311,0.03321742558,7.360960392,-0.04080303569,-0.006982744954,-0.0001212247292,-0.01186045036,0.4847024503,0.000108435233,-0.01680502523,0,2024-05-08T00:00:00Z,,historical_reconstruction
2024-05-08,0.4994734829,-0.001053034213,0.008053058081,-0.008395040325,-0.01090126672,-0.005384057171,0.2057428322,-0.000430366383,-0.02641475269,8.216694032,0.02854992423,-0.009848653166,0.0001437186067,-0.01586408371,0.4862661065,0.0001920137331,0.02790149387,0,2024-05-09T00:00:00Z,,historical_reconstruction
2024-05-09,0.5148059513,0.0296119025,0.002128144497,0.004908320646,0.01005991371,0.01982735456,0.1364502854,-0.0004874466032,-0.003997478852,7.164210128,0.04288637178,0.01058209818,-0.0001083681206,0.009912589753,0.5128072118,-2.197052832e-05,-0.06587134675,0,2024-05-10T00:00:00Z,,historical_reconstruction
2024-05-10,0.4714504754,-0.05709904916,0.4359931087,0.002891508133,-0.002929546965,-0.0420889774,0.07481625944,-0.0003917539236,0.0107913582,6.886555707,-0.04709652774,0.0007601004871,-3.17209696e-05,0.001367492707,0.4768461545,0.0001819565976,-0.1068215387,0,2024-05-11T00:00:00Z,,historical_reconstruction
2024-05-11,0.4970907496,-0.005818500866,0.1458668471,-0.006196662128,-0.004535635673,0.0031170352,0.1182376077,-0.0004051571701,0.002445406528,8.070092893,0.0633923007,0.001899257247,-0.0001291238495,-0.005201163614,0.4983134528,0.0001626546372,-0.03298319613,0,2024-05-12T00:00:00Z,,historical_reconstruction
2024-05-12,0.4561845024,-0.0876309951,0,-0.0001058164937,-0.002961208173,0.0004405737705,0.1595843812,-0.0005325522567,0.09369235538,9.314174966,-0.09431830996,0.004700440397,-7.405891558e-05,0.001268277701,0.5030306801,-0.0001595142929,-0.1415408382,0,2024-05-13T00:00:00Z,,historical_reconstruction
2024-05-13,0.5064654302,0.01293086046,0,-0.00192783146,-0.003451291871,-0.004916424161,0.055793715,-0.0004337527406,-0.01023147708,6.7451671,-0.008728090108,-0.01393342205,1.079705978e-05,-0.003682286811,0.5013496917,-7.45807952e-05,0.0386452075,0,2024-05-14T00:00:00Z,,historical_reconstruction
2024-05-14,0.4930802175,-0.01383956503,0.1433024962,-0.004077781963,-0.005867661973,-0.008944476158,0.07462940588,-0.0003678090724,-0.01945037798,7.738104776,0.03615329673,-0.01062097939,7.050044623e-05,-0.0003087837282,0.4833550285,1.147155868e-05,0.04997295994,0,2024-05-15T00:00:00Z,,historical_reconstruction
2024-05-15,0.5000214375,4.28749963e-05,0.3705424924,0.002645021573,0.01872816447,0.04616143566,0.1602060787,-0.0006232378691,0.01776774448,7.229831813,-0.001139467172,-0.02655702537,-0.0001534954722,0.003034107538,0.5089053097,-0.0001928714861,0.001095909209,0,2024-05-16T00:00:00Z,,historical_reconstruction
2024-05-16,0.4770218938,-0.0459562124,0.247447314,-1.697937007e-05,-0.004014787406,-0.02053917411,0.07920988967,-0.0005025978877,0.01897503358,6.900313863,-0.05202657024,-0.003146754467,-0.000234184557,0.0007420209355,0.4865094106,-1.515128454e-05,-0.0755681149,0,2024-05-17T00:00:00Z,,historical_reconstruction
2024-05-17,0.5043745226,0.008749045158,0.2612369958,0.00222030624,-0.006276634721,0.02033064942,0.04436252796,-0.0004948237554,0.01883255067,7.201805782,-0.002870205349,0.01302356571,0.000161657505,-0.0003578034181,0.5137907979,-0.0001030698319,0.06584809431,0,2024-05-18T00:00:00Z,,historical_reconstruction
2024-05-18,0.4818499781,-0.0363000438,0,0.001041770176,0.00387348958,-0.003462261351,0.07496139723,-0.0004322849622,0.02329308997,6.675410777,0.006534688364,0.01086771491,2.052695493e-05,3.85577489e-05,0.4934965231,-2.712779217e-05,-0.03048154294,0,2024-05-19T00:00:00Z,,historical_reconstruction
2024-05-19,0.4483541806,-0.1032916389,0.1070314897,0.001954195485,-0.001969290763,-0.01012057668,0.1114619524,-0.0003939840909,0.06667299715,8.108540238,-0.06824330698,-0.01958081669,0.000128241741,0.003634490772,0.4816906791,0.0001385681658,-0.01566064376,0,2024-05-20T00:00:00Z,,historical_reconstruction
2024-05-20,0.52244242,0.04488484001,0.5293716347,0.06482380789,0.1742044303,0.1835903536,0.4663812982,0.0007127681073,-0.005480675121,6.325204964,-0.0105505266,-0.00667502928,0.0004345184154,0.020666,0.5197020824,0.001146520848,0.03195397955,0,2024-05-21T00:00:00Z,,historical_reconstruction
2024-05-21,0.4953492444,-0.009301511193,0.08490763112,0.02083367006,0.003152720313,0.003075717712,0.08337708213,0.0007177538526,0.007114481116,5.925510041,-0.004754092493,0.02644921782,0.0004260862237,0.01244623913,0.498906485,0.001085562925,0.004538053836,0,2024-05-22T00:00:00Z,,historical_reconstruction
2024-05-22,0.494022269,-0.01195546191,0.02003644648,0.0002997369273,-0.006622991774,0.01277302545,0.1544221334,0.000674206002,-0.005375623725,6.304585203,0.03930103902,-0.01441805281,-8.454149784e-05,-0.006761588731,0.4913344572,0.001297443871,-0.01199833691,0,2024-05-23T00:00:00Z,,historical_reconstruction
2024-05-23,0.5008131193,0.001626238607,0,-0.002036224755,-0.007697431916,-0.0344115658,0.3700085654,0.0003145144452,-0.01198999379,6.773835488,0.02458066219,0.005508468705,-0.000130537133,0.01145342603,0.4948181224,0.0008171123329,0.04758245101,0,2024-05-24T00:00:00Z,,historical_reconstruction
2024-05-24,0.509087296,0.01817459193,0.04923973515,-0.004305095609,0.009372817206,0.004218045477,0.07851020217,0.0003567328634,-0.02538325212,6.70561062,-0.003056624555,0.006903928155,-0.000140860207,-0.008188989001,0.4963956699,0.0008515566188,0.009425546767,0,2024-05-25T00:00:00Z,,historical_reconstruction
2024-05-25,0.5151335248,0.03026704964,0.1110530902,-0.002232778465,0.00145841124,0.002639467935,0.09204218576,0.0005040994756,-0.02423579157,7.232521327,0.06541414766,-0.02567750327,0.0001601854336,0.001955742523,0.503015629,0.0009363844379,0.06656709344,0,2024-05-26T00:00:00Z,,historical_reconstruction
2024-05-26,0.4968096968,-0.006380606364,0,-0.01350654574,-0.001719253025,0.003324776666,0.1099715252,0.0002770177213,0.02315748878,6.515141984,-0.006267381044,0.0596059813,3.427117919e-05,-0.005745133812,0.5083884412,0.0006710018122,0.0969110325,0,2024-05-27T00:00:00Z,,historical_reconstruction
2024-05-27,0.5051491556,0.01029831127,0,0.005411462179,-0.01745223155,-0.001610049994,0.1073627224,0.0004801988588,0.006989092326,7.605205753,-0.001929586311,-0.0007821051903,0.0001177090246,0.00254706828,0.5086437018,-0.0002325692485,-0.03458652874,0,2024-05-28T00:00:00Z,,historical_reconstruction
2024-05-28,0.496524114,-0.006951771913,0.1462538983,0.001012809831,-0.004250084173,-0.01527787027,0.1031984474,0.0006008286754,-0.02983475757,6.595961069,0.04025088826,0.0006809478308,-1.482909082e-05,-0.0003783744601,0.4816067353,-0.0001169251773,0.002349739279,0,2024-05-29T00:00:00Z,,historical_reconstruction
2024-05-29,0.5094456279,0.01889125582,0.0562813871,0.004739096345,0.002018702924,-0.01147160306,0.1196932651,0.0006821626414,-0.04361514324,6.93845623,0.004421987355,-0.009039339043,0.000175454973,0.005732993314,0.4876380563,7.956639338e-06,0.03084671773,0,2024-05-30T00:00:00Z,,historical_reconstruction
2024-05-30,0.4908301541,-0.01833969186,0.07679387934,-0.003745348219,-0.00747063123,0.002916770359,0.1101728541,0.000661702122,0.006478667114,8.441322023,-0.007126026544,-0.02299467311,-7.463148674e-05,-0.004382181585,0.4940694876,0.0003471876768,-0.01996593047,0,2024-05-31T00:00:00Z,,historical_reconstruction
2024-05-31,0.4995059912,-0.0009880176544,0,-0.006118162966,0.004678524983,-0.01060584544,0.1202288756,0.000547538866,-0.001476553894,8.21802971,0.005538665895,0.02227881129,-1.346193934e-05,-0.0020831548,0.4987677142,0.0001908060025,-0.01916260958,0,2024-06-01T00:00:00Z,,historical_reconstruction
2024-06-01,0.5304234949,0.0608469898,0.004569627919,0.00297542384,0.004533249092,0.007269789984,0.1841551665,0.0004376516712,-0.02742510984,7.472198143,0.1022992233,0.05213779675,-3.972037723e-05,0.0001931996099,0.51671094,-6.644780443e-05,0.03057994017,0,2024-06-02T00:00:00Z,,historical_reconstruction
2024-06-02,0.5040323692,0.008064738498,0.09189696834,-0.0003860013695,-0.00470676189,-0.006333754708,0.1234494356,0.000811973837,-0.01678596691,6.659639414,0.001654727479,-0.01836928376,0.0002177197881,0.000423402589,0.4956393858,0.0005349561157,0.01444534486,0,2024-06-03T00:00:00Z,,historical_reconstruction
2024-06-03,0.5048081357,0.00961627132,0,-0.001677536645,-0.007838138231,-0.01101336043,0.08470185663,0.0005548093208,-0.02682372245,7.703762516,-0.02373354994,-0.04319253076,-4.830156877e-05,-0.005694757528,0.4913962744,7.461046197e-05,-0.0006820399479,0,2024-06-04T00:00:00Z,,historical_reconstruction
2024-06-04,0.5208514184,0.04170283682,0.2171641428,0.002594484221,-0.0001049695195,0.01210736722,0.1060918532,0.000758484396,-0.04983602154,7.573125154,0.03385688798,-0.02420118099,0.0001607910161,0.001622041244,0.4959334076,0.0001576557206,0.04865460873,0,2024-06-05T00:00:00Z,,historical_reconstruction
2024-06-05,0.5254569374,0.05091387481,0.1374954028,-0.002718926463,0.01374033391,0.01621318978,0.1159898872,0.0006777048052,-0.03904621608,7.089486928,0.06070073381,0.01814277821,0.0003219079891,-0.002412319313,0.5059338294,-4.457836139e-06,0.03202261899,0,2024-06-06T00:00:00Z,,historical_reconstruction
2024-06-06,0.4923953364,-0.01520932712,0.5597287897,0.005921904717,-0.008202860858,-0.009364828251,0.1617312626,0.0006031268192,-0.03483036433,6.525623372,0.04265154427,-0.02266135957,0.0001661153674,0.004534226908,0.4749801543,-5.857530277e-05,0.003130364736,0,2024-06-07T00:00:00Z,,historical_reconstruction
2024-06-07,0.452189509,-0.095620982,0,-0.002454323813,-0.03220697077,-0.04085277928,0.11496402,0.0004077948629,0.02492606904,7.244241853,-0.06944539713,-0.04649154005,9.924011026e-05,0.001452458097,0.4646525435,-0.0001397440031,-0.09463296434,0,2024-06-08T00:00:00Z,,historical_reconstruction
2024-06-08,0.4625820606,-0.07483587874,0.08723332258,-0.0002796936947,-0.001778679168,-0.0004235527934,0.09225407804,0.0001466765538,0.04879939037,5.647427248,-0.05139017436,0.00886589845,-0.0003733026817,-0.002152893752,0.4869817558,-0.0002909751174,-0.1356828685,0,2024-06-09T00:00:00Z,,historical_reconstruction
2024-06-09,0.4707813323,-0.05843733538,0.04477189281,0.001434712477,0.004281146697,0.003495339097,0.1415337299,0.0003426505504,0.07751244737,6.919428893,-0.04602157884,0.01312943398,7.04250466e-05,-0.0008911170321,0.509537556,-0.0004693232866,-0.06650207388,0,2024-06-10T00:00:00Z,,historical_reconstruction
2024-06-10,0.4784729688,-0.04305406231,0.02252515193,-0.0001308497327,-0.009366568265,-0.002203512017,0.1367551805,0.0004934771051,0.04032073378,7.349119975,-0.02573860602,0.0008304693645,0.0002245671252,0.0007078633851,0.4986333357,-6.133221568e-05,-0.05267033363,0,2024-06-11T00:00:00Z,,historical_reconstruction
2024-06-11,0.4724431889,-0.05511362218,0.3745864728,3.43130667e-05,0.01438039301,-0.009131449812,0.05273444058,0.0002373239014,-0.007315622004,7.197717864,-0.01241559359,-0.00683834293,0.0001413560943,-0.001376414504,0.4687853779,-0.0005211604946,-0.096816459,0,2024-06-12T00:00:00Z,,historical_reconstruction
2024-06-12,0.4835584834,-0.03288303317,0.2197418241,0.008815503498,-0.01608481284,0.008038553344,0.06427652274,9.269350471e-05,0.02730336879,7.386272925,-0.05399990331,-0.007736154139,2.582397955e-07,0.01082538709,0.4972101678,-0.0005850113005,-0.08379690799,0,2024-06-13T00:00:00Z,,historical_reconstruction
2024-06-13,0.4929809421,-0.01403811573,0.1087159709,-0.003455476629,0.0080395615,-0.007940706343,0.0696222708,-6.34115409e-05,-0.01770936429,7.520432577,0.0307164265,-0.01862767711,-0.0002714297207,0.002537384761,0.48412626,-0.0006665383601,0.001171211388,0,2024-06-14T00:00:00Z,,historical_reconstruction
2024-06-14,0.4948640918,-0.01027181642,0.3236237936,0.02219182023,0.005600145563,-0.009670629729,0.2158827348,-0.0003704980183,-0.001473444156,7.813676771,0.03060753263,0.02354921459,-0.0003055413129,0.007997097681,0.4941273697,-0.0007782928811,0.08534916558,0,2024-06-15T00:00:00Z,,historical_reconstruction
2024-06-15,0.4967624457,-0.006475108695,0.02092368401,0.002883253524,0.0008244994111,0.0082895406,0.08514471142,-0.0002437835202,0.02243540437,6.390759473,0.03386336105,0.02276995693,-2.408875252e-05,0.001111787976,0.5079801478,-0.000390460074,0.06836077005,0,2024-06-16T00:00:00Z,,historical_reconstruction
2024-06-16,0.5194781102,0.03895622045,0.134063242,0.007051900095,0.009056538637,0.01944431943,0.2291653149,-0.000400065114,-0.02472608662,8.916111866,0.0273855923,0.001007861801,-5.106852797e-05,0.001717933756,0.5071150669,-0.0007427156644,0.09739355583,0,2024-06-17T00:00:00Z,,historical_reconstruction
2024-06-17,0.4922698237,-0.01546035256,0,-0.01197239175,0.004060321509,-0.004583814062,0.08472080318,-0.0005410854744,-0.002481802602,8.681010826,-0.01730658174,-0.0128321192,-5.64553759e-05,-0.002813831166,0.4910289224,-0.00103456258,0.02759370975,0,2024-06-18T00:00:00Z,,historical_reconstruction
2024-06-18,0.4827463555,-0.03450728895,0,0.01757091903,0.01734802951,0.02030104478,0.1247682111,-0.000310040133,-4.690044525e-05,7.357099855,0.01748580212,-0.004524034581,7.845047973e-05,0.01184775923,0.4827229053,-0.0005473640343,0.02060633323,0,2024-06-19T00:00:00Z,,historical_reconstruction
2024-06-19,0.5061901828,0.01238036557,0,0.004012655515,0.008843113365,0.00666110632,0.08523696319,-0.0004662253441,0.00358391858,7.290490081,-0.01363375344,0.04108215103,0.0001612528446,0.001423352725,0.5079821421,-0.0005589188488,0.04526339874,0,2024-06-20T00:00:00Z,,historical_reconstruction
2024-06-20,0.4900574701,-0.01988505977,0.2476702981,-0.006653264001,0.00184508685,-0.02385702457,0.05142144709,-0.0005180639211,0.008959716127,7.600928518,0.005103334377,-0.007707426817,-0.0002715708971,-0.002767102654,0.4945373282,-0.0004546523802,-0.005846944036,0,2024-06-21T00:00:00Z,,historical_reconstruction
2024-06-21,0.5149769624,0.02995392488,0.03268927312,-0.004791482814,0.007363761817,0.004364568496,0.06836106635,-0.0003751598693,-0.05769296376,7.317016701,0.0651474742,0.01191820143,-7.021889e-05,-0.001377039267,0.4861304806,-4.661850996e-06,0.04022574129,0,2024-06-22T00:00:00Z,,historical_reconstruction
2024-06-22,0.4981823984,-0.003635203174,0.146923915,0.001234447678,-0.002761430124,0.0007328544969,0.08513979224,-0.000426231853,-0.02431172162,7.2855589,-0.03159218576,0.003879747734,-8.372778252e-05,-0.0005132591161,0.4860265376,-0.0001824483327,0.002839905521,0,2024-06-23T00:00:00Z,,historical_reconstruction
2024-06-23,0.5057481028,0.01149620557,0.5561800305,-0.01696011127,-0.01543513674,-0.02211937832,0.34179032,-0.0004472494161,-0.07684171183,10.55190905,0.04466903059,-0.01548820306,-0.0002082049989,-0.01464962156,0.4673272469,-4.718430204e-05,-0.02746001489,0,2024-06-24T00:00:00Z,,historical_reconstruction
2024-06-24,0.4835647176,-0.03287056479,0.2160932583,0.01811992493,0.02207718173,0.009499635672,0.1382027303,-0.0002177330116,-0.01023357955,7.693076485,0.02798957487,0.01427490168,0.0001090031266,0.01663521436,0.4784479278,0.0003233524628,-0.01741021223,0,2024-06-25T00:00:00Z,,historical_reconstruction
2024-06-25,0.5122808226,0.02456164525,0.1869420779,-0.00607787052,-0.007220142707,0.005601303318,0.07436392251,-0.0005449334445,-0.01410976836,8.217745447,0.03957969954,0.01596036076,-8.850533983e-05,-0.002734146709,0.5052259384,-0.0002348933115,0.0590689342,0,2024-06-26T00:00:00Z,,historical_reconstruction
2024-06-26,0.5233583519,0.04671670382,0.02271547081,-0.01075092134,0.00290331025,-0.002957319958,0.1226657688,-0.0002016942315,-0.04728941476,8.669567735,0.02961086549,-0.003540951367,-0.0001213524784,-0.00221344226,0.4997136445,0.0002645311126,0.03433633826,0,2024-06-27T00:00:00Z,,historical_reconstruction
2024-06-27,0.5389842236,0.07796844715,0,0.0001913165477,-0.0006690319311,0.01380359987,0.08882724616,-2.898181102e-05,-0.07261029234,8.578983473,0.06454603834,-0.002093154788,0.0003675730397,0.004173637103,0.5026790774,0.0004890821101,0.09785350692,0,2024-06-28T00:00:00Z,,historical_reconstruction
2024-06-28,0.5320675075,0.06413501492,0.07675698992,0.0001213111068,-0.009799039138,-0.02103805908,0.0744959508,-0.0001893407097,-0.09667108078,9.391294408,0.04365463967,-0.02267436318,-0.0002217760905,0.005058069418,0.4837319671,0.0001858191595,0.03418109004,0,2024-06-29T00:00:00Z,,historical_reconstruction
2024-06-29,0.5369339472,0.07386789431,0,-0.002426912153,-0.00466031544,-0.006366804394,0.15386885,-0.0003492364153,-0.0854008925,8.327420692,0.1248603711,-0.005176876838,-0.0002790571565,-0.001157927183,0.4942335009,7.699543767e-05,0.07750309749,0,2024-06-30T00:00:00Z,,historical_reconstruction
2024-06-30,0.5678332809,0.1356665618,0.03461903532,0.002846809007,0.01128004212,0.01444888012,0.2333877641,-0.0004159201433,-0.1177235897,8.310212148,0.1859655646,-0.02211850482,-0.0003201768335,0.01201383337,0.5089714861,3.132927276e-05,0.1241703563,0,2024-07-01T00:00:00Z,,historical_reconstruction
2024-07-01,0.5397899067,0.0795798134,0.3897077055,-0.008431586619,-0.009253529437,-0.005032359139,0.107767771,-0.0005054906746,-0.07881097075,7.685475732,0.07017238949,-0.0187537697,-0.0002449182961,-0.005168537762,0.5003844213,-0.000287757663,0.1124503782,0,2024-07-02T00:00:00Z,,historical_reconstruction
2024-07-02,0.495127333,-0.009745333948,0.0546511378,0.001747975335,0.001665856672,-0.009240543718,0.108728583,-0.0002688997033,-0.004838923098,8.797626838,-0.02760735798,-0.01019505444,-7.786550016e-05,0.003170372188,0.4927078715,0.0002760337411,-0.0343069792,0,2024-07-03T00:00:00Z,,historical_reconstruction
2024-07-03,0.4611626158,-0.07767476846,0.3083200693,0.008964545956,-0.002626991429,-0.003637177212,0.08977052494,-0.0002215155304,0.01296631119,8.121060809,-0.01362334003,-0.02164340892,-0.0002118823518,0.009007206335,0.4676457714,-1.982129882e-05,-0.1243914723,0,2024-07-04T00:00:00Z,,historical_reconstruction
2024-07-04,0.4488795172,-0.1022409657,0.3051473255,-0.02365476111,-0.025197608,-0.03157195081,0.1105512482,-0.0001274634768,0.05807795574,8.570590729,-0.01778762022,0.002668240725,-5.542142108e-05,-0.02116563796,0.477918495,-9.84816658e-05,-0.1802094128,0,2024-07-05T00:00:00Z,,historical_reconstruction
2024-07-05,0.456481737,-0.08703652602,0.4421169585,-0.002074980422,-0.003079248008,0.01165765313,0.02668001291,-0.0004527496998,0.04181877146,6.505314392,-0.01933478498,-0.0202344522,-3.087948153e-05,0.002893452824,0.4773911227,-0.0002634089901,-0.1511715409,0,2024-07-06T00:00:00Z,,historical_reconstruction
2024-07-06,0.5268819623,0.05376392464,0.1488924349,0.002821921392,0.01550662252,0.02035160331,0.1093164149,-0.0004336725544,-0.01698855094,7.437828461,0.02944036914,-0.01086988393,-0.0001910146726,0.006431955206,0.5183876869,-8.44361391e-05,-0.02010396967,0,2024-07-07T00:00:00Z,,historical_reconstruction
2024-07-07,0.4807340678,-0.03853186447,0.08014022355,-0.01815623744,-0.01346015974,-0.02802833342,0.2362042327,-0.0002592971682,0.01560727437,10.00514401,0.01125628518,0.01097881089,0.0002224617837,-0.02262931072,0.4885377049,0.0001566229751,-0.1741984263,0,2024-07-08T00:00:00Z,,historical_reconstruction
2024-07-08,0.4927542157,-0.01449156865,0.4865330197,0.004795979498,0.01677213804,-0.01145063163,0.0720050968,-0.0004968516169,0.0005052907059,9.172131492,-0.01191852184,-0.02517100756,7.273142261e-07,0.004202042236,0.493006861,8.639057648e-06,-0.09407138205,0,2024-07-09T00:00:00Z,,historical_reconstruction
2024-07-09,0.5304679483,0.06093589663,0.2012181645,-0.0007657217335,-0.0003846366976,-0.005448442491,0.07669820844,-0.0005184810787,-0.06274003927,7.913573922,0.04074729164,-0.01662565917,-5.68101054e-05,0.003248936565,0.4990979287,-0.0002495813754,0.07068123058,0,2024-07-10T00:00:00Z,,historical_reconstruction
2024-07-10,0.4971529623,-0.005694075488,0.1195827184,-0.001924667609,-0.006952183325,-0.0003771492673,0.1180444665,-0.0006223698425,0.02184960956,7.958771724,-0.001649176596,0.02155067397,-0.0002958263615,0.005816487063,0.508077767,-0.0004008543121,0.07198069297,0,2024-07-11T00:00:00Z,,historical_reconstruction
2024-07-11,0.5142701881,0.02854037611,0.1100406357,-0.002426692328,-0.005894898892,-0.01508401546,0.1054560534,-0.0004258655233,-0.02279637464,8.987027329,0.01868240618,0.01375557714,-5.071907149e-07,-0.0006641918505,0.5028720007,-0.0002984020465,0.1307813418,0,2024-07-12T00:00:00Z,,historical_reconstruction
2024-07-12,0.5137785956,0.02755719115,0.3131299273,0.005705850262,0.0008111543301,0.02080781759,0.1369055324,-0.0002042196893,-0.04050013326,10.39766906,0.05559998688,-0.008120438752,0.0001257215259,0.005437855107,0.4935285289,0.0002485300105,0.1145937172,0,2024-07-13T00:00:00Z,,historical_reconstruction
2024-07-13,0.5072407349,0.01448146977,0.2325868637,0.003849861715,0.006678584787,0.006047186427,0.2573085161,-0.0006045473294,-0.003626372688,8.794242829,-0.01303013507,-0.03386691139,-9.748716697e-05,0.009887354033,0.5054275485,-0.000170874775,-0.03928245487,0,2024-07-14T00:00:00Z,,historical_reconstruction
2024-07-14,0.5032408331,0.006481666232,0.408309709,0.01697953555,0.01711660038,0.01318513199,0.253290455,-0.0004684013953,0.009725207006,8.260294161,0.01665996303,-0.01616398006,5.645217281e-05,0.01471910675,0.5081034366,-0.0002091042271,0.04501353071,0,2024-07-15T00:00:00Z,,historical_reconstruction
2024-07-15,0.5147388162,0.0294776325,0.4696643206,0.02272166765,0.03431596701,0.04303106884,0.1892861933,-0.0005081257051,0.008627644036,8.659905601,0.04291091624,-0.01203593958,0.0001645753922,0.02182027723,0.5190526383,-1.127408821e-05,0.04396920114,0,2024-07-16T00:00:00Z,,historical_reconstruction
2024-07-16,0.5156843487,0.03136869739,0.1899284452,-0.008712295648,-0.00922844132,0.007120341075,0.1239627422,-0.0003774538127,-0.04721987473,7.552667524,0.01542733979,-0.01400946483,0.0001451156053,-0.001863411607,0.4920744113,0.000141027266,-0.02956719924,0,2024-07-17T00:00:00Z,,historical_reconstruction
2024-07-17,0.5652893997,0.1305787995,0.02354782581,-0.008704076048,-0.01458463042,-0.0179702699,0.08210004674,-0.000310004281,-0.1406889679,7.619444296,0.1414820496,-0.001318124933,0.0001938342697,-0.007707424142,0.4949449158,0.0003123655615,0.136272875,0,2024-07-18T00:00:00Z,,historical_reconstruction
2024-07-18,0.5330648575,0.06612971509,0,0.006139905273,0.01097870055,-0.009347091357,0.06205464257,-0.0004406829126,-0.07921790868,7.898669692,0.06594017582,-0.005196022627,-2.787759883e-06,0.006811737865,0.4934559032,-1.481738931e-05,0.03758933898,0,2024-07-19T00:00:00Z,,historical_reconstruction
2024-07-19,0.5292592867,0.0585185734,0.1727264726,-0.005520894243,0.01111976912,0.02907285838,0.1124910892,-0.0003853256573,-0.0540454889,7.962130059,0.04908742563,-0.02094696239,9.622249755e-05,-0.007404263873,0.5022365423,-0.0001811059679,0.03096138225,0,2024-07-20T00:00:00Z,,historical_reconstruction
2024-07-20,0.4687142735,-0.06257145292,0.4364126842,0.0008706934817,0.003935828022,0.009380712291,0.08866015366,-0.0004179104478,0.06227865312,7.10573266,-0.01760644147,-0.008221026601,0.0002427989122,-0.001250148756,0.4998536001,0.0001866368817,-0.0770529227,0,2024-07-21T00:00:00Z,,historical_reconstruction
2024-07-21,0.4738709751,-0.05225804974,0.1642991441,0.01294861805,0.01027728968,0.01061224023,0.233876759,-0.0004609832802,0.03804197556,8.025513969,-0.09862049281,-0.03015900418,-5.989967961e-05,0.01102473479,0.4928919629,7.418115178e-06,-0.05873971597,0,2024-07-22T00:00:00Z,,historical_reconstruction
2024-07-22,0.4664177934,-0.06716441321,0.1514241401,-0.0167458507,-0.005076435792,-0.01734137074,0.1816958312,-0.0004419118502,0.01769945714,9.349078235,-0.02415861537,-0.03380183821,4.393182599e-05,-0.01026012984,0.475267522,6.621385492e-05,-0.09664204571,0,2024-07-23T00:00:00Z,,historical_reconstruction
2024-07-23,0.5409022597,0.08180451935,0.02245485056,0.007370488541,0.008143284757,-0.009527845484,0.1302044828,-0.000430723817,-0.08623881366,7.956937578,0.1157778994,0.009283676468,-0.0001333142528,0.006103668213,0.4977828528,-5.32700043e-05,0.05043582196,0,2024-07-24T00:00:00Z,,historical_reconstruction
2024-07-24,0.4904903145,-0.01901937099,0.09418149555,-0.008082093613,-0.02315168659,-0.03578995442,0.230690492,-0.0004706503068,-0.0308074478,8.319046296,0.04277098793,-0.04159051202,-8.518775176e-05,-0.004204136324,0.4750865906,-0.0001606460258,-0.1495981705,0,2024-07-25T00:00:00Z,,historical_reconstruction
2024-07-25,0.4836600846,-0.03267983078,0.2931251447,0.01651792002,0.01056557659,0.0009424773601,0.129285547,-0.0005699925681,-0.004018673303,8.495306286,0.0229665301,-0.01522348383,-0.0001604177887,0.01712638083,0.481650748,-0.0001293096555,-0.09880954587,0,2024-07-26T00:00:00Z,,historical_reconstruction
2024-07-26,0.4946035312,-0.01079293754,0.2718213143,0.0001252214281,0.0060183962,0.008543612772,0.07377598901,-0.0005466299804,0.01610797352,8.673377266,-0.03745344341,-0.001474675554,-0.0001712691429,-0.001206206795,0.502657518,-0.0001613043231,-0.06931151094,0,2024-07-27T00:00:00Z,,historical_reconstruction
2024-07-27,0.5091117846,0.01822356915,0.09238677919,-0.003676786262,-0.00974102171,-0.008967761811,0.3066168596,-0.0002585402938,-0.05089557122,9.397228512,0.0189084004,-0.04421323102,7.579210918e-05,-0.005121179263,0.483663999,0.0001593701539,0.08079502207,0,2024-07-28T00:00:00Z,,historical_reconstruction
2024-07-28,0.5073180148,0.01463602959,0.0008128047151,-0.0005165273469,0.0004742076907,0.004207022349,0.1024134207,-0.0006513442767,-0.02038472268,10.75916948,0.02028899841,0.003834567226,-0.0001476071273,0.002024312896,0.4971256535,-0.0001903609966,0.06689407933,0,2024-07-29T00:00:00Z,,historical_reconstruction
2024-07-29,0.5015172629,0.003034525801,0.03911418139,0.002002398045,0.002720134435,-0.01699254224,0.133752891,-0.0002381196385,-0.003314665214,9.088330118,0.003746357596,0.01616675926,0.0002813107878,-0.007701879781,0.4998599303,0.0002037922117,0.07019893901,0,2024-07-30T00:00:00Z,,historical_reconstruction
2024-07-30,0.4614499276,-0.07710014478,0,0.001961629069,-0.01258355917,-0.0166283819,0.1430384353,-0.0003171495574,0.04109920516,10.14024119,-0.0367590284,-0.006408689936,0.0001164637864,0.003897557796,0.4819995302,0.0001135742597,-0.1589046641,0,2024-07-31T00:00:00Z,,historical_reconstruction
2024-07-31,0.4834109532,-0.03317809363,0,-0.01024129031,-0.02107892864,-0.02712707049,0.1939262325,-0.000389762245,0.01589980324,9.293774217,0.01039032134,0.00217848649,1.56347965e-05,-0.009636232713,0.4913608548,8.088806179e-05,-0.01415872263,0,2024-08-01T00:00:00Z,,historical_reconstruction
2024-08-01,0.4688438916,-0.06231221676,0,0.02291451125,0.02765961542,0.004707705143,0.1471652559,-0.0005400511956,0.03421619708,8.781448767,-0.0128002406,0.008347250879,-0.0001556831032,0.03046276837,0.4859519902,2.994137245e-05,-0.02963238598,0,2024-08-02T00:00:00Z,,historical_reconstruction
2024-08-02,0.4616478618,-0.07670427643,0.7374669562,-0.007314951322,-0.0162520566,-0.05203996537,0.1574492267,-0.0005017376848,0.02822896085,8.848930792,-0.0149702629,-0.01546215339,-0.0002638450461,-0.01812526124,0.4757623422,4.489229552e-05,-0.0659113389,0,2024-08-03T00:00:00Z,,historical_reconstruction
2024-08-03,0.4399213052,-0.1201573896,0.468820303,0.003494002136,-0.01317292007,-0.03121580141,0.1708283498,-0.0005854720282,0.07236644825,7.609045754,-0.04411391608,-0.01916182248,-0.0003648716426,0.007502239567,0.4761045293,-0.0003269317344,-0.1383809588,0,2024-08-04T00:00:00Z,,historical_reconstruction
2024-08-04,0.4600574395,-0.07988512102,0.2166486135,-0.02488803467,-0.04884329678,-0.07731056681,0.1374907019,-0.000490903411,0.02176151952,7.245357591,-0.001025592118,-0.01920175104,-0.0002072081513,-0.01850680258,0.4709381993,0.0001604408657,-0.09452115061,0,2024-08-05T00:00:00Z,,historical_reconstruction
2024-08-05,0.4796344175,-0.04073116495,0.04361217035,0.006112545688,-0.01273461727,0.05631275648,0.03308319826,-0.0004091602296,0.008635880517,5.092547998,0.004188705179,-0.01179080185,-0.0001183356076,0.01026237477,0.4839523578,-0.0001710405911,-0.04376569075,0,2024-08-06T00:00:00Z,,historical_reconstruction
2024-08-06,0.5044366942,0.008873388418,0.5872163449,-0.01271941084,-0.02621469463,0.000988246777,0.1068760304,-0.0005931752345,-0.004274228585,6.775690189,0.008932048862,-0.001237202528,-4.321281797e-05,-0.01317544942,0.5022995799,-0.0002760256772,0.0859735332,0,2024-08-07T00:00:00Z,,historical_reconstruction
2024-08-07,0.4885119478,-0.02297610431,0.06979148075,-0.003254695909,-0.02899583879,-0.0526524357,0.1138209043,-0.0005933071538,0.01198413801,7.772304364,-0.01264762068,-0.007196042717,-2.632653782e-05,0.00681489024,0.4945040169,-0.0002035449088,0.01020198932,0,2024-08-08T00:00:00Z,,historical_reconstruction
2024-08-08,0.5106224899,0.02124497986,0.2283376097,0.04233856866,0.06991436697,0.09595365332,0.2106068056,-0.0003392357875,0.01279294694,8.197402363,-0.04220633192,-0.02394279032,8.533387571e-05,0.03823089036,0.5170189634,0.0002008154081,0.08355719662,0,2024-08-09T00:00:00Z,,historical_reconstruction
2024-08-09,0.4810146906,-0.03797061878,0,0.00308012969,0.01601363661,-0.01371952955,0.105463278,-0.0003386204296,0.02656862485,7.74332094,-0.008210484761,-0.009352419619,0.0001444658788,0.002574083592,0.494299003,0.0001631172553,0.03873365766,0,2024-08-10T00:00:00Z,,historical_reconstruction
2024-08-10,0.5087998216,0.01759964313,0.03278725904,0.002654619076,0.004008463166,-0.01011158395,0.0976852547,-0.0004444580677,-0.01161058966,7.668159983,0.03818360927,0.01398391516,0.0001072173036,-0.001523032153,0.5029945267,0.0001410139605,0.1377570328,0,2024-08-11T00:00:00Z,,historical_reconstruction
2024-08-11,0.4817886399,-0.03642272027,0.02037817708,-0.01680607604,-0.02245157934,-0.03665083314,0.2263384147,-0.0002856717983,0.02032201519,8.842937771,0.01544043728,0.01066059417,4.628426085e-05,-0.01523822686,0.4919496475,0.0002052316127,0.04346240075,0,2024-08-12T00:00:00Z,,historical_reconstruction
2024-08-12,0.5215056941,0.04301138829,0,0.02338642678,0.01230849323,0.01821514063,0.1673428005,-0.00042243691,-0.04108670898,8.52881386,0.05495267017,0.00337554592,-3.420937088e-05,0.005125839226,0.5009623397,-1.327668034e-05,0.08374255324,0,2024-08-13T00:00:00Z,,historical_reconstruction
2024-08-13,0.5081471178,0.01629423559,0.3359170364,-0.003326621082,0.01901960784,0.02184779896,0.1184834211,-0.0005291514335,-0.04550311196,9.244406734,0.03634656021,-0.03600336743,7.576231469e-05,-0.003831130993,0.4853955618,6.402380101e-05,0.007420847167,0,2024-08-14T00:00:00Z,,historical_reconstruction
2024-08-14,0.4958773807,-0.008245238575,0.3273461531,-0.002851191056,-0.004775224178,-0.03228445517,0.07155582912,-0.0006124481016,0.002713436739,9.128119853,0.0578308811,0.02700049443,-1.108543322e-05,-0.003527526132,0.4972340991,-1.914094777e-05,0.01473086573,0,2024-08-15T00:00:00Z,,historical_reconstruction
2024-08-15,0.4827964822,-0.03440703557,0.1088910405,0.007962064489,-0.03691725379,-0.02571908421,0.1487453553,-0.0004513811875,0.002631263159,9.051236093,0.04953286414,-0.004231374265,7.102837532e-05,0.00867224786,0.4841121138,-0.0001121454,-0.05565201543,0,2024-08-16T00:00:00Z,,historical_reconstruction
2024-08-16,0.4718068428,-0.05638631431,0.03546618921,-0.01055945657,0.00925277155,-0.007575061626,0.07590645411,-0.0004666895512,0.05412474741,9.848709062,-0.06804599884,-0.009628322063,-0.0001320800591,-0.0135513415,0.4988692166,-0.0001280691216,-0.01841569553,0,2024-08-17T00:00:00Z,,historical_reconstruction
2024-08-17,0.5297945093,0.0595890186,0,-0.0001682632555,0.002961496707,0.005878664066,0.1232511264,-0.0005086995269,-0.04557123882,9.181811898,0.05692976237,-0.005129654743,-0.0001138564564,0.0003161088215,0.5070088899,-6.424145919e-05,0.04198937547,0,2024-08-18T00:00:00Z,,historical_reconstruction
2024-08-18,0.5297433911,0.05948678221,0.3486087667,-0.02092961368,-0.02247212035,-0.01405978712,0.1582523172,-0.0005665830829,-0.05792056234,9.276865057,0.0819269801,0.008817251499,7.26723343e-05,-0.02145477737,0.5007831099,-0.0002809112846,0.09590950248,0,2024-08-19T00:00:00Z,,historical_reconstruction
2024-08-19,0.5013954612,0.002790922347,0.5476292926,0.01140553128,0.02004998955,0.01872167116,0.1006834633,-0.0004589661503,0.0008592602206,9.433184843,0.007397320922,0.006091360839,0.0002139983424,0.007986766957,0.5018250913,-3.652924033e-05,-0.04022046594,0,2024-08-20T00:00:00Z,,historical_reconstruction
2024-08-20,0.4967254762,-0.006549047516,0.5945704272,-0.01119164931,-0.0008466019417,-0.02635423053,0.0979095949,-0.0005091689275,-0.004052386437,8.893769337,-0.0265112184,-0.01637964575,1.443741544e-05,-0.00837142089,0.494699283,1.998250604e-05,-0.0228432831,0,2024-08-21T00:00:00Z,,historical_reconstruction
2024-08-21,0.4971325888,-0.005734822421,0.0747283268,-0.005936321521,0.01108044952,0.02060047874,0.1562179324,-0.0005055669382,-0.0175594095,9.83472213,-0.0182932275,-0.02528166868,8.358183421e-05,-0.006723566672,0.488352884,0.0001068811634,0.002510416154,0,2024-08-22T00:00:00Z,,historical_reconstruction
2024-08-22,0.4955131312,-0.008973737628,0.2644946232,0.006241823671,0.009028971959,-0.007199364094,0.1004138103,-0.0003355090587,0.0001361373745,8.189627334,0.02397830563,0.007639443209,9.413299675e-05,0.001125058222,0.4955811999,0.0001158721288,0.02543329794,0,2024-08-23T00:00:00Z,,historical_reconstruction
2024-08-23,0.5236627517,0.04732550348,0.3962861136,0.005800003641,0.0342144967,0.04116053021,0.1811459392,-0.0003257942139,-0.02433102663,8.173442683,-0.02200353954,-0.009942446311,-5.501427397e-05,0.006418473133,0.5114972384,0.0001408953373,0.1037118178,0,2024-08-24T00:00:00Z,,historical_reconstruction
2024-08-24,0.4937911421,-0.01241771571,0.4049228759,-0.00895449712,0.002513527413,0.004244820956,0.1798341918,-0.0005780346821,-0.005150461434,8.064381604,0.02344436848,-0.02231444854,5.338501781e-05,-0.0008345974029,0.4912159114,-6.933515521e-05,-0.07200673431,0,2024-08-25T00:00:00Z,,historical_reconstruction
2024-08-25,0.4919003161,-0.01619936782,0.219332704,-0.007291327766,-0.006396966506,-0.001770265358,0.2458957228,-0.0006044870418,0.0158655526,7.94338846,-0.04300668162,-0.01781502528,-0.0001404571445,0.0005075760951,0.4998330924,-3.790395886e-05,-0.07568615003,0,2024-08-26T00:00:00Z,,historical_reconstruction
2024-08-26,0.4852100304,-0.02957993917,0.3520537971,-0.0001305560944,-0.01513765344,-0.02076833714,0.1116883693,-0.000462601987,-0.01079325083,9.004846795,0.04630006567,-0.0181125253,-4.244729363e-05,-0.008035459014,0.479813405,-3.635836652e-06,-0.03237086151,0,2024-08-27T00:00:00Z,,historical_reconstruction
2024-08-27,0.4534921808,-0.0930156384,0.3530821384,-0.04902457808,-0.04728802388,-0.06446589966,0.3846848677,-0.0005493767626,0.02690435351,9.299947019,0.003095627317,-0.01651426413,-3.603838002e-05,-0.04326752762,0.4669443576,-4.02078351e-05,-0.08646659088,0,2024-08-28T00:00:00Z,,historical_reconstruction
2024-08-28,0.4924915134,-0.01501697328,0.0358031024,0.009357696346,0.01293243324,0.002037103825,0.11212408,-0.0004034283499,0.009562064787,8.146652967,0.05518051971,0.0122025074,1.835605217e-05,0.002309892298,0.4972725458,0.0001021385883,-0.009282150856,0,2024-08-29T00:00:00Z,,historical_reconstruction
2024-08-29,0.5044271159,0.008854231745,0.368805055,-0.0003717545629,-0.01877351056,-0.01079758923,0.1080102471,-0.0005261887712,-0.01495433536,9.100779637,0.0351636637,0.000372057445,7.708948427e-05,0.001704749014,0.4969499482,-0.0001906797125,0.01782796937,0,2024-08-30T00:00:00Z,,historical_reconstruction
2024-08-30,0.5086804383,0.01736087661,0.3768267206,0.007602894365,0.03154249498,0.005401145505,0.0574581003,-0.0003998416469,-0.01458545891,7.991323633,0.05030761277,0.01666533786,6.849616321e-05,0.00722265512,0.5013877089,-7.404743298e-05,-0.02996462687,0,2024-08-31T00:00:00Z,,historical_reconstruction
2024-08-31,0.4840925576,-0.03181488488,0.1327340213,0.005288444229,-0.002449209663,-0.00494161529,0.1694318428,-0.0004377220942,0.0447674244,8.017328166,0.01423346308,0.02482257677,0.0001064160928,0.002004723393,0.5064762698,0.0001403125879,-0.01939716917,0,2024-09-01T00:00:00Z,,historical_reconstruction
2024-09-01,0.4780505983,-0.04389880341,0.2307649548,-0.03037522335,-0.02221433956,-0.02099098772,0.2887623909,-0.0004823310192,0.00962692007,10.28427477,0.02370528643,-0.00261261571,0.0001068296118,-0.02071555171,0.4828640583,0.0001221560225,-0.02769943559,0,2024-09-02T00:00:00Z,,historical_reconstruction
2024-09-02,0.5104414398,0.02088287955,0.08286155888,0.005447140944,0.009871876492,0.008824195786,0.1240036753,-0.0005003920394,0.0112399294,8.716631311,0.03445974384,-0.01367138289,-0.0001616591035,0.01184290973,0.5160614045,-3.779005248e-05,0.05046281871,0,2024-09-03T00:00:00Z,,historical_reconstruction
2024-09-03,0.4517040871,-0.09659182582,0.3385605783,-0.009115051479,-0.007659543128,-0.03359114437,0.1492280783,-0.0005112790635,0.071361923,9.134980332,-0.05871275471,-0.002997702728,0.0001119843702,-0.009617546363,0.4873850486,3.809769905e-05,-0.003576187416,0,2024-09-04T00:00:00Z,,historical_reconstruction
2024-09-04,0.4912523163,-0.01749536742,0.1271057038,-0.0005872397692,-0.001906010858,0.02165276371,0.04802221977,-0.0004243668161,0.007755729217,8.833126839,0.03368972556,-0.004222472898,2.585907305e-05,-0.001500223914,0.4951301809,-2.093846621e-05,-0.002478394141,0,2024-09-05T00:00:00Z,,historical_reconstruction
2024-09-05,0.4725790994,-0.05484180112,0.2196146893,0.002047403309,-0.001104818612,-0.008671161274,0.09995151206,-0.0006079001693,0.02160889209,9.363025743,0.013467874,0.001584217194,2.637388566e-06,0.002140563682,0.4833835455,-8.171139807e-05,-0.06369603286,0,2024-09-06T00:00:00Z,,historical_reconstruction
2024-09-06,0.4732743391,-0.05345132173,0,0.0012013174,-0.02837294397,-0.06225557953,0.2410580314,-0.0006875693749,0.002121776883,8.551642119,0.01607974984,-0.007825182005,-3.397302906e-05,0.008007954531,0.4743352276,-0.000287727728,-0.07081219834,0,2024-09-07T00:00:00Z,,historical_reconstruction
2024-09-07,0.5005260454,0.001052090874,0,-0.007356697214,-0.01169750792,-0.004431405176,0.1146502001,-0.0006025739143,-0.009451141738,8.352607914,0.03961974168,0.02856043822,-0.0001232609935,-0.004469339668,0.4958004746,-0.00016485182,0.03286697575,0,2024-09-08T00:00:00Z,,historical_reconstruction
2024-09-08,0.4841048181,-0.03179036379,0.08891761651,0.01109996127,0.02295902464,0.0003047983976,0.2529469992,-0.0006137639838,0.0382931748,10.02552564,-0.0190334168,0.01802037661,-6.063791025e-05,0.009807862117,0.5032514055,-0.0001314329646,0.01210843963,0,2024-09-09T00:00:00Z,,historical_reconstruction
2024-09-09,0.4875800645,-0.02483987101,0.2406487482,0.003799078521,0.0291987996,0.01909039865,0.1458321727,-0.0005552023734,0.03581522403,9.110977678,-0.03899880149,-0.02308806957,5.787774226e-06,-0.0008325519583,0.5054876765,-5.481033395e-05,-0.04572275056,0,2024-09-10T00:00:00Z,,historical_reconstruction
2024-09-10,0.4721320804,-0.05573583926,0,0.003272105615,0.02731601154,0.01595916631,0.1440673571,-0.0003726156783,0.0508401839,9.566397972,-0.04549694172,-0.004623881969,9.393308747e-05,-0.005453132687,0.4975521723,0.0001386633852,0.04085598656,0,2024-09-11T00:00:00Z,,historical_reconstruction
2024-09-11,0.4776743095,-0.04465138091,0,-2.136204392e-05,0.006302963597,0.005567990926,0.05924040476,-0.0005682425071,0.02013577092,11.08261611,-0.01241331901,-0.009329285798,-1.014839848e-05,-0.004297956951,0.487742195,-0.000143875691,-0.0271560135,0,2024-09-12T00:00:00Z,,historical_reconstruction
2024-09-12,0.5041249301,0.00824986013,0,0.0003091870921,0.01659779614,0.005620465306,0.1081547904,-0.0004107106565,-0.01200904766,10.55888954,0.05689716374,-0.02174433527,0.0001968687417,-0.004378981983,0.4981204062,0.0001971895128,0.06309166125,0,2024-09-13T00:00:00Z,,historical_reconstruction
2024-09-13,0.4894439477,-0.02111210454,0.3924875307,0.00748845547,0.01304100441,0.03601782203,0.1877915778,-0.0004263710494,0.06539197532,9.100741778,-0.05383355585,0.01238603188,0.0002645608822,0.01262068369,0.5221399354,0.0002611983254,0.03233921719,0,2024-09-14T00:00:00Z,,historical_reconstruction
2024-09-14,0.4715128097,-0.05697438061,0,0.003769652636,-0.0003142378698,0.0002937428633,0.1007576832,-0.0004715049694,-0.0115158435,8.741090836,0.02527490164,-0.03979206469,1.238457575e-05,0.003060022896,0.4657548879,0.0001310689449,-0.05802647149,0,2024-09-15T00:00:00Z,,historical_reconstruction
2024-09-15,0.4622653299,-0.07546934015,0.3809617275,-0.02370655134,-0.03845195789,-0.03770888211,0.4163161769,-0.0005397003584,0.008474879626,9.534405141,-0.01042955889,-0.04647625656,-6.99387118e-06,-0.01246245923,0.4665027697,7.406362545e-05,-0.04367897637,0,2024-09-16T00:00:00Z,,historical_reconstruction
2024-09-16,0.4655012278,-0.06899754434,0.0547436988,0.008992536985,0.003475060431,-0.005251754918,0.1366337385,-0.0004660928352,0.06227200744,8.537778292,-0.04039161952,0.001005128587,-2.45857825e-06,0.004659672211,0.4966372316,8.910953815e-05,-0.04415767333,0,2024-09-17T00:00:00Z,,historical_reconstruction
2024-09-17,0.490600686,-0.01879862801,0,-0.00479794653,-0.01761480667,0.01459196229,0.09658706732,-0.0005166965582,0.02347597914,9.543951447,-0.008887590371,-0.01728864472,3.027438502e-05,0.005769912543,0.5023386756,-0.0001440808799,0.03693721125,0,2024-09-18T00:00:00Z,,historical_reconstruction
2024-09-18,0.4923704787,-0.01525904259,0.1830296968,0.02572575037,0.03429878049,0.03223072242,0.1513569152,-0.0003452995052,0.008670855228,9.759674746,-0.03699089626,-0.01074273521,5.447387558e-05,0.02833927676,0.4967059063,0.0002229430019,0.02939233833,0,2024-09-19T00:00:00Z,,historical_reconstruction
2024-09-19,0.5235550332,0.04711006634,0.2334769074,0.001735109348,0.01033610793,0.01226522785,0.09808860909,-0.0002636692209,-0.0315651312,9.022256734,0.02125109353,-0.006093757688,7.136927678e-05,-0.004806172897,0.5077724676,0.0001470414356,0.03886020621,0,2024-09-20T00:00:00Z,,historical_reconstruction
2024-09-20,0.5080007764,0.01600155284,0.2902841763,0.008040236603,0.0004413597003,0.006463781214,0.06274602251,-0.000433356758,-0.002969069559,8.973309471,0.04102324311,0.02221211974,-3.225582695e-05,0.006239857167,0.5065162416,-6.985708617e-06,0.03711365738,0,2024-09-21T00:00:00Z,,historical_reconstruction
2024-09-21,0.5104844298,0.02096885955,0.3158572092,0.0156839265,0.02046875,0.02186982934,0.1984140701,-0.0003827897719,-0.003101235657,9.724588788,0.09484011783,0.01101238424,6.488924292e-05,0.002300027578,0.5089338119,8.871519756e-05,0.07794324017,0,2024-09-22T00:00:00Z,,historical_reconstruction
2024-09-22,0.4567986336,-0.08640273281,0.08226136013,0.001016141919,0.004080902233,0.000158878396,0.2135839522,-0.0004106935296,0.07506306544,9.184371371,-0.05903170803,-0.01820877811,-9.046079783e-05,0.006630145662,0.4943301663,0.0001290068287,-0.01093339265,0,2024-09-23T00:00:00Z,,historical_reconstruction
2024-09-23,0.4853696126,-0.02926077485,0,-0.009727007785,-0.01061535414,0.0003665910809,0.1072183332,-0.0004269032139,0.0379141426,9.347700009,-0.05387571469,0.01592877875,0.0001728758515,0.0006315954768,0.5043266839,3.918962137e-05,0.03973676949,0,2024-09-24T00:00:00Z,,historical_reconstruction
2024-09-24,0.4874745241,-0.02505095186,0.171093671,0.001022452452,0.01560227221,0.006196764333,0.1466187067,-0.0004522840344,0.0090731336,9.415603956,-0.0192908535,-0.015950772,-0.0001472859562,-0.0004611746188,0.4920110909,6.441252383e-05,-0.006252323851,0,2024-09-25T00:00:00Z,,historical_reconstruction
2024-09-25,0.4716736095,-0.05665278098,0.4068057894,0.003602145727,-0.008020578204,-0.01805594145,0.1016530578,-0.0004069846315,0.02289762368,9.663280033,0.00154578466,-0.002604698899,0.0001252232903,-0.0004669087523,0.4831224214,-6.168512627e-05,-0.0413937384,0,2024-09-26T00:00:00Z,,historical_reconstruction
2024-09-26,0.4995079974,-0.0009840051069,0.1580501252,-0.006319365798,-0.007447181572,0.001319998935,0.1097039599,-0.0004368869337,0.002032096662,9.468577801,-0.06168051443,-0.02124212658,9.691497106e-05,0.007153644655,0.5005240458,-0.0001732177128,-0.04809407145,0,2024-09-27T00:00:00Z,,historical_reconstruction
2024-09-27,0.5384468018,0.07689360369,0.1853953368,-0.002572759108,0.004024399787,0.01599924585,0.06335879918,-0.0003340224092,-0.066560739,8.419935791,0.07036435778,-0.008332283229,-2.461058814e-05,0.001705199931,0.5051664323,9.933434883e-05,0.06089205085,0,2024-09-28T00:00:00Z,,historical_reconstruction
2024-09-28,0.480444548,-0.03911090398,0.4161956226,-0.001164904997,0.001992591455,-7.475992718e-06,0.1181018955,-0.0004896811839,0.01165970728,10.13860338,-0.02567165209,-0.005466415801,4.783893514e-05,0.002038829043,0.4862744017,-0.000106891412,-0.06007976353,0,2024-09-29T00:00:00Z,,historical_reconstruction
2024-09-29,0.5075277495,0.01505549903,0,-0.003431117044,-0.003285353175,0.001934031797,0.1396489992,-0.0004966850039,-0.04107050787,8.662060289,0.02369709707,-0.02700108299,2.021988974e-05,-0.005409436586,0.4869924956,-8.599147424e-05,0.1014582318,0,2024-09-30T00:00:00Z,,historical_reconstruction
2024-09-30,0.4788034867,-0.04239302666,0.3967745184,0.002666348143,0.002403707256,-0.01015998844,0.1387912548,-0.0002843714814,0.01228746073,10.12079119,-0.005105059719,0.01136588698,7.602364455e-06,-0.002526619204,0.484947217,0.0001425317325,-0.01313225181,0,2024-10-01T00:00:00Z,,historical_reconstruction
2024-10-01,0.4805445592,-0.03891088157,0,-0.01644225322,-0.03050526574,-0.06887776451,0.1657816299,-0.000384019871,-0.002223864588,9.221237915,0.0001781460285,0.01842807515,9.257955756e-05,-0.01538652364,0.4794326269,6.826416339e-05,-0.0138599297,0,2024-10-02T00:00:00Z,,historical_reconstruction
2024-10-02,0.4908351766,-0.01832964684,0.1954340173,-0.00323387175,-0.03913997724,-0.03711276383,0.1676267663,-0.0004652933463,0.006029236043,11.23473939,-0.01550810571,-0.02357023172,-2.538705228e-05,0.007630335998,0.4938497946,-5.830871482e-05,0.03832313415,0,2024-10-03T00:00:00Z,,historical_reconstruction
2024-10-03,0.4745342684,-0.0509314633,0,-0.001576368913,0.003930616081,-0.001084022361,0.06385938778,-0.0004511022215,0.043129176,10.12832735,-0.03545065621,-0.003542828347,-3.120325729e-05,-0.004641359198,0.4960988564,-1.42152878e-05,-0.04994745819,0,2024-10-04T00:00:00Z,,historical_reconstruction
2024-10-04,0.5075471406,0.01509428118,0.07504090478,-0.005965663469,-0.001112903893,0.01182214399,0.06456025303,-0.0004266052576,-0.007693465607,10.57774807,0.01116138673,0.002931143376,8.236616913e-05,-0.004521549513,0.5037004078,-9.258284841e-05,-0.06179932251,0,2024-10-05T00:00:00Z,,historical_reconstruction
2024-10-05,0.478705161,-0.04258967802,0,0.007560900298,-0.0001449269361,-0.001046669894,0.1476855471,-0.0005135298551,0.005684764236,10.63177516,0.01183365344,-0.01510405022,4.884727594e-05,0.003387633779,0.4815475431,-2.384867123e-05,-0.003478774039,0,2024-10-06T00:00:00Z,,historical_reconstruction
2024-10-06,0.5298454612,0.05969092234,0.07034500089,-0.0005611534366,-0.002693511865,0.005517917779,0.1999768857,-0.0005163870936,-0.04761051262,11.52817995,-0.01802340377,-0.02081533009,-2.912119335e-05,0.003010152419,0.5060402049,-1.970208973e-05,0.0446354233,0,2024-10-07T00:00:00Z,,historical_reconstruction
2024-10-07,0.4894681434,-0.02106371325,0.3083966998,-0.009367767683,-0.02082659726,-0.02145938348,0.1239761828,-0.0003962504798,0.01734383524,11.12405463,-0.003996596135,-0.01023044595,0.0001389128012,-0.01827001645,0.498140061,-0.0001118789985,0.02132931341,0,2024-10-08T00:00:00Z,,historical_reconstruction
2024-10-08,0.4902553356,-0.01948932875,0,0.0003114588157,0.008844839202,0.000483664042,0.1010242725,-0.0004301709622,0.0264645992,11.23015806,0.004379977032,0.004707894261,3.298497492e-05,-0.001373582459,0.5034876352,-4.615109125e-05,0.01942155281,0,2024-10-09T00:00:00Z,,historical_reconstruction
2024-10-09,0.4900379536,-0.01992409274,0.2735943335,-0.0197783567,-0.0369032625,-0.02916832194,0.2657249207,-0.0003670158239,-0.02309731108,11.11471018,0.03460204192,0.01327652499,0.0001214727016,-0.006487909046,0.4784892981,9.827752244e-05,-0.001594445902,0,2024-10-10T00:00:00Z,,historical_reconstruction
2024-10-10,0.4833691661,-0.03326166786,0,0.008178680512,-0.007539652835,-0.008339704807,0.09097519406,-0.0005237817883,0.01058493693,11.10204775,0.06305765975,0.01350653145,2.63920245e-05,0.01003092892,0.4886616345,-7.267956685e-05,0.01766979544,0,2024-10-11T00:00:00Z,,historical_reconstruction
2024-10-11,0.5098525526,0.01970510517,0.2072487052,-0.008168028005,-0.001759554792,0.00896258215,0.1122195717,-0.0004263168682,0.00672395786,9.928309521,-0.003986725753,-0.01059054972,6.936589482e-05,-0.008654852107,0.5132145315,2.883893884e-07,0.004610823988,0,2024-10-12T00:00:00Z,,historical_reconstruction
2024-10-12,0.5418414644,0.08368292881,0.1076507615,0.001536843808,0.001334357689,0.009745158002,0.09064134591,-0.0005289937005,-0.06004189594,8.011671886,0.1309219816,0.0001753075201,-5.087619881e-05,0.003273174084,0.5118205164,-1.54638454e-05,0.1262726068,0,2024-10-13T00:00:00Z,,historical_reconstruction
2024-10-13,0.4980403774,-0.003919245177,0.160242538,0.004401791635,0.01163691196,0.004328247101,0.1930683502,-0.0004536414855,-0.02446792521,10.77467066,0.01278620823,-0.03153523254,2.703276908e-05,0.002163250062,0.4858064148,6.274560809e-05,-0.06361016751,0,2024-10-14T00:00:00Z,,historical_reconstruction
2024-10-14,0.5270211621,0.05404232421,0.3280524069,0.003545124976,-0.002155213302,0.03620301744,0.08029933676,-0.0003460352348,0.00187782774,8.412100261,-0.004743264376,0.001575877723,-5.716042559e-05,0.002192618951,0.527960076,5.021524508e-05,0.07510603746,0,2024-10-15T00:00:00Z,,historical_reconstruction
2024-10-15,0.4939691918,-0.01206161646,0.0970754401,0.005902527285,0.01320810439,0.00820122187,0.08670264376,-0.0003374996644,-0.01885110328,9.393609732,-0.01162430076,-0.03829719919,0.0001103629545,0.001552332695,0.4845436401,9.267129781e-05,0.007427712296,0,2024-10-16T00:00:00Z,,historical_reconstruction
2024-10-16,0.489612146,-0.02077570803,0.3180122118,-0.001464666358,0.001311510615,-0.007341060899,0.06921539932,-0.0002719160507,0.03088424296,8.183552732,-0.0375007831,-0.01148427297,0.0001423104482,-0.001594613514,0.5050542675,9.509977316e-05,-0.0008516152928,0,2024-10-17T00:00:00Z,,historical_reconstruction
2024-10-17,0.495074724,-0.009850552048,0,0.003929727231,-0.009506577822,0.002998448813,0.08240461802,-0.0003031698519,-0.006205586524,9.301986169,0.03032748432,-0.005238834938,-2.376844031e-06,0.00870406942,0.4919719307,0.0002206119364,0.02341111581,0,2024-10-18T00:00:00Z,,historical_reconstruction
2024-10-18,0.5166875425,0.03337508504,0.1953798291,-0.003473662772,-0.004138476905,0.007700287569,0.08481438651,-0.0004011853893,-0.02270722076,7.893390126,0.04299575451,-0.00615545513,-0.0001059845943,-0.002623746119,0.5053339321,2.513147893e-05,0.01366997988,0,2024-10-19T00:00:00Z,,historical_reconstruction
2024-10-19,0.5024239016,0.00484780311,0,0.00259716659,0.0009487128122,0.006353838904,0.1227267685,-0.0002832112378,-0.04802300181,7.69623246,0.0110277906,-0.01513783422,2.244262746e-05,0.002874953177,0.4784124007,0.0002457824627,-0.0788351257,0,2024-10-20T00:00:00Z,,historical_reconstruction
2024-10-20,0.5113414572,0.02268291442,0.4355574656,0.01742306111,0.01490072342,0.03676542744,0.3102225333,2.548317928e-05,0.008718139393,7.345075991,-0.06620860167,-0.009894518176,0.0001977221659,0.00764418326,0.5157005269,0.0004791246648,0.0266021596,0,2024-10-21T00:00:00Z,,historical_reconstruction
2024-10-21,0.5014767587,0.002953517314,0.3803040879,-0.00499981344,-0.004751010476,-0.01407513393,0.08025973633,-2.624967188e-05,-0.06402732302,7.852647057,0.1358179876,-0.03111163052,0.0001028735517,-0.005703471711,0.4694630971,0.0003197855629,-0.0510888069,0,2024-10-22T00:00:00Z,,historical_reconstruction
2024-10-22,0.485603821,-0.02879235793,0.06993896836,-0.001978683491,-0.0005791954518,-0.003828492645,0.07816467021,-0.0003927085835,-0.02209699321,8.392109147,-0.03727697823,-0.02580985378,-0.0001020195318,-0.0008445091126,0.4745553244,-5.520891912e-05,-0.01673074147,0,2024-10-23T00:00:00Z,,historical_reconstruction
2024-10-23,0.4583385866,-0.08332282672,0.1215523086,0.00481590123,-0.006141224544,-0.02182538145,0.08963652511,-0.0003049976036,0.03704797456,9.040634592,-0.01469439035,-0.009554664678,1.674282463e-05,0.002958388494,0.4768625739,-3.308155288e-05,-0.06254711869,0,2024-10-24T00:00:00Z,,historical_reconstruction
2024-10-24,0.5215059663,0.04301193253,0.3836694072,-0.001633877565,0.003967059941,0.002510407319,0.1174087658,-0.0001695703954,-0.04233874095,6.956403163,0.02392777783,-0.006180551153,0.0001893829389,-0.001632416086,0.5003365958,0.0001335994565,0.05286248458,0,2024-10-25T00:00:00Z,,historical_reconstruction
2024-10-25,0.4511730697,-0.09765386057,0.2407575769,-0.01433296582,-0.03336422614,-0.0410627355,0.2771603532,-0.0002130606157,0.05597287479,7.820266523,-0.02785819984,-0.0006594125691,0.0003196363798,-0.002268661521,0.4791595071,0.0001881247735,-0.1310289456,0,2024-10-26T00:00:00Z,,historical_reconstruction
2024-10-26,0.5327880348,0.06557606955,0,-0.001676934708,0.01013590495,0.003853650252,0.1020622362,-0.0001893245143,-0.05976058785,6.312543925,0.04053780814,0.0004207247707,0.0001230787912,-0.001268867784,0.5029077408,9.388672352e-05,0.06072826644,0,2024-10-27T00:00:00Z,,historical_reconstruction
2024-10-27,0.5135652337,0.02713046743,0.1000461498,0.005299489293,0.002326157683,0.01536119456,0.2110149635,-0.0002312784114,-0.00640239409,8.146924514,0.005945757558,-0.01502396196,0.0001965262451,0.002530582167,0.5103640367,-0.0002567615906,0.004447553009,0,2024-10-28T00:00:00Z,,historical_reconstruction
2024-10-28,0.5014385568,0.002877113508,0.1311519712,0.02424701799,0.02657726279,0.01597074931,0.2544765615,-0.0003855920981,0.02832389837,8.032075719,-0.04605121061,-0.0299612824,-6.813500232e-05,0.004771219987,0.5156005059,-0.0003593424262,-7.640380644e-05,0,2024-10-29T00:00:00Z,,historical_reconstruction
2024-10-29,0.502853645,0.005707289934,0.2783214937,0.005356721047,-0.003666212323,0.002739788493,0.1075528427,0.000181900864,-0.01390245271,6.663780408,-0.06722929917,-0.04890665827,0.0001395561899,0.002757788575,0.4959024186,0.0005746094476,0.03449964786,0,2024-10-30T00:00:00Z,,historical_reconstruction
2024-10-30,0.5096684243,0.01933684854,0,0.001578154426,-0.008900252323,3.760557766e-06,0.1540377678,6.392924161e-05,-0.04261364382,7.605681689,0.01594420767,-0.02036980581,5.044518271e-06,0.007278131035,0.4883616024,0.0003689268452,0.1026596753,0,2024-10-31T00:00:00Z,,historical_reconstruction
2024-10-31,0.486837774,-0.02632445209,0,0.001698258788,-0.01726586704,-0.04555445237,0.1288875776,-9.529065635e-05,-0.06313410791,7.939992753,0.005738601651,-0.04659763264,-0.0005205167951,0.002852533817,0.45527072,7.427973902e-05,-0.06933638462,0,2024-11-01T00:00:00Z,,historical_reconstruction
2024-11-01,0.4702219339,-0.05955613225,0.1144848456,-0.001197057069,0.004587963296,-0.001570301816,0.07075594531,3.185360085e-05,0.03682402843,8.022699313,-0.002025519153,0.01049132776,3.919215165e-05,0.003291707571,0.4886339481,0.0002449142166,0.03809772832,0,2024-11-02T00:00:00Z,,historical_reconstruction
2024-11-02,0.4709404381,-0.05811912379,0.146732001,0.0004893682737,0.002189827948,-0.003161293932,0.07884161119,-0.0002485737081,-0.002489914055,8.309659433,-0.05197749518,-0.03325579626,-0.000131239935,-0.001945907064,0.4696954811,-5.924919382e-05,-0.1236951933,0,2024-11-03T00:00:00Z,,historical_reconstruction
2024-11-03,0.4665142524,-0.06697149524,0,0.001973182654,0.006181861354,0.001328188978,0.1248697357,-0.0001790269883,0.06353068753,10.60438164,-0.04954817599,0.02084690985,1.711704392e-05,0.001412222077,0.4982795961,5.225142304e-05,-0.09410196267,0,2024-11-04T00:00:00Z,,historical_reconstruction
2024-11-04,0.4854493759,-0.02910124813,0,-0.01325285342,-0.018173258,-0.0291433892,0.3157991598,-0.0003502612365,0.01441518827,8.767733864,-0.03136919779,0.000321607111,-0.0001187211085,-8.842252882e-05,0.4926569701,3.533086158e-05,-0.03197836163,0,2024-11-05T00:00:00Z,,historical_reconstruction
2024-11-05,0.4972903556,-0.00541928877,0.02507098364,0.005879446435,-0.007639685401,-0.007407923364,0.1442783484,-0.0004664506409,0.01757890315,7.712973671,-0.02845171531,0.008773555794,-0.000193862316,0.005449881942,0.5060798072,-0.0006483515049,-0.0111265787,0,2024-11-06T00:00:00Z,,historical_reconstruction
2024-11-06,0.5263531991,0.05270639826,0.6415434723,0.01288305889,0.03328145167,0.03531340456,0.1125069837,0.0002277845746,-0.02567861415,6.226737691,0.03001831499,0.006488986453,0.000123116165,-0.003317702745,0.5135138921,0.000163855333,0.03336954971,0,2024-11-07T00:00:00Z,,historical_reconstruction
2024-11-07,0.503313906,0.006627812016,0.1496771498,0.003629116118,0.01684635645,0.03695546292,0.1389240896,0.0001001564513,-0.01801745097,7.130042518,0.03470732293,-0.008754481672,8.02508093e-05,-0.008787488371,0.4943051805,0.0001954471076,0.03295226411,0,2024-11-08T00:00:00Z,,historical_reconstruction
2024-11-08,0.5102200107,0.02044002141,0,0.003996664362,0.008416665815,0.01624691189,0.1287624359,0.0001249261416,-0.02620639179,6.809057682,0.05865599498,0.001950223699,0.000485402933,-0.005237114657,0.4971168148,9.307254079e-05,0.07999615366,0,2024-11-09T00:00:00Z,,historical_reconstruction
2024-11-09,0.5282787393,0.05655747869,0.4857968701,0.01817678478,0.02807109854,0.02445282623,0.1921376525,0.000262298438,-0.05992716957,6.972798576,0.1080377503,-0.01555290467,0.0002930767137,0.006201044001,0.4983151546,0.0005108721462,0.1146766025,0,2024-11-10T00:00:00Z,,historical_reconstruction
2024-11-10,0.5133271679,0.02665433571,0,0.005985582773,-0.008197487475,-0.01142853594,0.2226524913,0.0006220136278,-0.05359801438,6.49104875,-0.03233675126,-0.05877043243,0.0001244399681,0.007787183261,0.4865281607,0.0008010406161,0.09362583095,0,2024-11-11T00:00:00Z,,historical_reconstruction
2024-11-11,0.5125051925,0.02501038497,0,0.02162892664,0.04158827546,0.05435003549,0.2504115791,0.00101732417,-0.03532980198,6.237735078,-0.01581805019,-0.04063710334,0.0001046131209,0.02956695304,0.4948402915,0.001367585407,0.0541116331,0,2024-11-12T00:00:00Z,,historical_reconstruction
2024-11-12,0.4881081381,-0.02378372375,0.08573526384,-0.008903310174,-0.005494033823,-0.01176269875,0.08257467367,0.0006720512979,-0.0004410689348,7.094908833,-0.04331734758,-0.00763836773,0.0004447682602,-0.008480650539,0.4878876037,0.001138501939,-0.01836443498,0,2024-11-13T00:00:00Z,,historical_reconstruction
2024-11-13,0.4855882795,-0.02882344093,0.374906956,0.008978092947,-0.0369022869,0.006047979798,0.1130519626,0.0005459405866,-0.01228556863,6.463731885,-0.05147166089,-0.03953663566,0.0001243647561,0.00201455759,0.4794454952,0.000318156012,-0.08152983919,0,2024-11-14T00:00:00Z,,historical_reconstruction
2024-11-14,0.4813611059,-0.03727778827,0,-0.02752900258,-0.006127992514,-0.03968328718,0.1562676313,0.0007225008337,-0.001291296281,6.897768023,-0.0224103516,0.0009141246978,6.851155056e-05,-0.02390235446,0.4807154577,0.0006223443824,-0.04390560029,0,2024-11-15T00:00:00Z,,historical_reconstruction
2024-11-15,0.4928542982,-0.0142914035,0.1363688872,0.01659110798,0.02191994656,-0.004600085688,0.1842157441,0.0005631049738,-0.0008700443052,6.772939651,-0.04938520973,-0.01781463732,9.590698519e-05,0.007238274759,0.4924192761,0.0004381788321,-0.03473142491,0,2024-11-16T00:00:00Z,,historical_reconstruction
2024-11-16,0.522602893,0.04520578605,0.2108909969,-0.01140419248,-0.002623276485,-0.01955034519,0.1020000725,0.0005905128524,-0.08018175025,5.951840361,0.03291594079,-0.01847137451,-3.187280766e-05,-0.005634563162,0.4825120179,0.0003282144144,-0.01135169264,0,2024-11-17T00:00:00Z,,historical_reconstruction
2024-11-17,0.4887317013,-0.02253659737,0,-0.007018019588,-0.003305035319,-0.009508843901,0.148880174,0.0006794538362,-0.0245730301,6.680505677,-0.0161842769,-0.005769545373,0.0001907830197,-0.00208797921,0.4764451863,5.74402084e-05,-0.04919093308,0,2024-11-18T00:00:00Z,,historical_reconstruction
2024-11-18,0.524118717,0.04823743403,0.1142489844,0.0257836958,0.02048412393,0.04957317532,0.1910882039,0.0008354635576,-0.05230995144,6.462317945,0.0325751113,0.005150410993,0.0003565994604,-0.001591245655,0.4979637413,-0.0001818606129,0.02322704905,0,2024-11-19T00:00:00Z,,historical_reconstruction
2024-11-19,0.4810864754,-0.03782704912,0.2682040265,-0.004727435782,0.0009953774542,-0.006099452744,0.1731828029,0.0006114357799,-0.02969725507,6.12817163,-0.05161419879,-0.08369371875,0.0003394199083,-0.009836972571,0.4662378479,-6.061551793e-05,-0.01404332537,0,2024-11-20T00:00:00Z,,historical_reconstruction
2024-11-20,0.5216373636,0.04327472727,0,0.003901191613,-0.01917891374,-0.009629591396,0.1036484762,0.0003517949687,-0.0841710158,6.242527523,0.07522539007,-0.04713719213,0.0003365223784,0.003048510638,0.4795518557,-0.0001941456179,0.0720981682,0,2024-11-21T00:00:00Z,,historical_reconstruction
2024-11-21,0.5299906477,0.05998129535,0.1219478825,0.002632207947,0.02404006066,0.06610139338,0.07568530211,0.000777755594,-0.06510994046,6.157173958,0.03646036861,-0.02773317764,0.0002724519399,0.004980893355,0.4974356774,5.525476037e-05,0.09725908363,0,2024-11-22T00:00:00Z,,historical_reconstruction
2024-11-22,0.4962391003,-0.007521799355,0.3146977162,0.0138283385,0.004112668407,-0.005076597424,0.0920493564,0.0006821364393,-0.04840296903,6.353797242,0.008780598752,-0.03754932649,0.0003848424216,-0.001894837431,0.4720376158,0.0001190314655,0.006769604146,0,2024-11-23T00:00:00Z,,historical_reconstruction
2024-11-23,0.5233926298,0.04678525962,0.01326599991,-0.004081788357,-0.0191975355,0.0117031583,0.08805629286,0.0007130418897,-0.06601707609,5.681258711,0.1440591027,0.01959535649,0.0001693877971,0.001727108631,0.4903840918,0.0001225290373,0.001579473577,0,2024-11-24T00:00:00Z,,historical_reconstruction
2024-11-24,0.4784311025,-0.04313779499,0.02776874234,0.01038886083,0.02027993043,0.005077417156,0.1155572526,0.0005295727716,-0.006594332796,6.5089581,-0.01296655088,-0.02616793735,-8.697447391e-05,0.01640396424,0.4751339361,-0.0001498810645,-0.02060119762,0,2024-11-25T00:00:00Z,,historical_reconstruction
2024-11-25,0.4990844779,-0.00183104423,0,-0.01429557074,-0.02953606885,-0.01651861837,0.1782980372,0.0007116728999,-0.01412555845,6.581336347,0.0744288784,0.03233193321,0.0001311977446,-0.01752919552,0.4920216987,-0.0001237906577,-0.05006847826,0,2024-11-26T00:00:00Z,,historical_reconstruction
2024-11-26,0.4776744133,-0.04465117338,0,0.007307740084,0.008615642245,0.0005145921481,0.1032550099,0.0007338941809,-0.01894477366,6.835011987,-0.05101293486,-0.04470559677,0.0001223582471,0.003067714179,0.4682020265,0.0001224584009,-0.006824124263,0,2024-11-27T00:00:00Z,,historical_reconstruction
2024-11-27,0.5600447878,0.1200895756,0.2965731141,0.01774013818,0.02828481278,0.05573006823,0.171614444,0.0007116892217,-0.1184193988,6.309928898,0.1327019832,-0.00798523258,0.0002726256445,-0.007915718831,0.5008350884,0.0003598942531,0.07681484834,0,2024-11-28T00:00:00Z,,historical_reconstruction
2024-11-28,0.5020756927,0.004151385361,0.03860713348,0.001046139215,0.01044954797,-0.01152323844,0.1064207533,0.0007795931027,-0.06311399837,5.943912774,-0.02342894491,-0.06963944973,0.0002524297622,0.005514117613,0.4705186935,1.837508667e-06,-0.05582990999,0,2024-11-29T00:00:00Z,,historical_reconstruction
2024-11-29,0.5193566708,0.03871334154,0,0.002632034342,-0.006015578522,-0.0007065859935,0.09021380498,0.0006374905699,-0.05510254141,5.990125547,0.03951375013,-0.03464171168,5.981767843e-05,0.001338439961,0.4918054001,-4.464586944e-05,0.0462351409,0,2024-11-30T00:00:00Z,,historical_reconstruction
2024-11-30,0.5302473938,0.06049478758,0.2315979105,0.003805331801,0.008056614045,0.01366293709,0.1345181544,0.0005751161033,-0.06987126924,5.693029595,0.0848078968,0.02244228711,-0.0001209880267,-0.006304905736,0.4953117592,-0.0001379257865,0.01370952795,0,2024-12-01T00:00:00Z,,historical_reconstruction
2024-12-01,0.4942440939,-0.01151181224,0,-9.169487183e-05,-0.005626791897,0.004111113819,0.1594056134,0.0009790673776,-0.02289595677,5.734355121,0.03013102927,-0.03048106396,0.0001567197728,6.637254881e-05,0.4827961155,0.000449494606,0.03162598276,0,2024-12-02T00:00:00Z,,historical_reconstruction
2024-12-02,0.5001278015,0.0002556030979,0.03134916901,0.008651309324,-0.007818350658,0.0151658266,0.06848155499,0.0007794874047,-0.05236225502,6.260302448,0.008406260426,-0.02382319067,0.0002590400203,0.0002568464289,0.473946674,6.781450478e-05,0.002086647328,0,2024-12-03T00:00:00Z,,historical_reconstruction
2024-12-03,0.5554928821,0.1109857643,0.05040566901,0.01039040181,0.01195755641,0.0001937013844,0.1155022024,0.0006390907758,-0.1874073851,5.34483531,0.143151634,-0.06305986378,-2.455247647e-05,0.004412513187,0.4617891896,-9.480340509e-05,0.1556369377,0,2024-12-04T00:00:00Z,,historical_reconstruction
2024-12-04,0.5329697404,0.06593948073,0.08987485771,-0.0008721346472,0.004399383406,0.02915188424,0.1527603694,0.0007686695503,-0.07899799425,5.900246793,0.06044267726,-0.01858675986,-6.794919543e-05,0.01417225699,0.4934707432,5.698032852e-05,-0.05415009487,0,2024-12-05T00:00:00Z,,historical_reconstruction
2024-12-05,0.4918260586,-0.01634788281,0.1680035422,-0.01190351885,-0.02644032922,-0.03708489995,0.2131668407,0.0005574342175,-0.02265999595,6.558078004,-0.04045538973,-0.03152504517,-1.886819038e-05,-0.02102819192,0.4804960606,-0.0002221588852,-0.02049926817,0,2024-12-06T00:00:00Z,,historical_reconstruction
2024-12-06,0.510721811,0.02144362196,0.2581620744,-0.01689935859,0.001467564569,0.03409869641,0.1187818616,0.0007202034575,-0.02072658816,5.781287624,0.04508255362,0.01880416054,0.0001020013248,-0.01675029739,0.5003585169,8.27128876e-05,-0.01726971958,0,2024-12-07T00:00:00Z,,historical_reconstruction
2024-12-07,0.4967585238,-0.006482952492,0.03884628985,-0.0039828523,-0.002122495455,-0.0005177213259,0.1230706892,0.0008933442103,-0.004385719352,5.461396956,0.08575950821,0.01491592948,0.0002201131147,-0.002452700384,0.4945656641,0.000318228107,-0.06697774007,0,2024-12-08T00:00:00Z,,historical_reconstruction
2024-12-08,0.4962234684,-0.007553063148,0.110179179,0.003548881075,0.003347708098,0.008132230573,0.1405409853,0.0007866838155,-0.04999747148,7.111167884,0.01305939489,-0.05728809581,-0.0001074944716,0.01007582442,0.4712247327,-0.0001923835621,0.003958749091,0,2024-12-09T00:00:00Z,,historical_reconstruction
2024-12-09,0.4628537446,-0.07429251079,0.07658013008,-0.02206930346,-0.02928870293,-0.03606448396,0.4363522624,0.0001481681034,-0.009352360282,6.963457189,-0.01899282085,-0.02951230862,-0.00059846672,0.002123614909,0.4581775645,-0.0006313193012,-0.07454811389,0,2024-12-10T00:00:00Z,,historical_reconstruction
2024-12-10,0.4975893005,-0.004821399084,0.09326638953,-0.0001543205624,0.01695461578,-0.03249246687,0.08520626417,4.134224488e-05,-0.03420322899,6.017898991,0.0461603128,-0.03441961989,-5.597329558e-05,0.007683360023,0.480487686,-0.0005977485309,-0.1158071634,0,2024-12-11T00:00:00Z,,historical_reconstruction
2024-12-11,0.5391842519,0.07836850376,0,0.007334558389,0.01174175015,0.03093218971,0.1183837679,-0.000357533385,-0.06369144974,6.511515538,0.06539660943,-0.01585930589,-0.000261612495,2.264575386e-05,0.507338527,-0.001126202935,0.01242902303,0,2024-12-12T00:00:00Z,,historical_reconstruction
2024-12-12,0.4976125037,-0.004774992616,0,0.002707219856,-0.01924315966,-0.008118301826,0.1178864304,-0.0002808113128,0.0136103898,6.879765994,0.02488928284,0.00204343996,-6.192070324e-05,0.005256865786,0.5044176986,-0.0008382455303,0.01157289019,0,2024-12-13T00:00:00Z,,historical_reconstruction
2024-12-13,0.4957045293,-0.008590941425,0,-0.002856056294,0.005300807987,0.001358451877,0.1118732781,-0.0003071567523,-0.006827999545,6.482716061,0.01702797544,-0.01276580859,0.0002089919991,-0.0003754102261,0.4922905295,-0.00102736021,-0.03003456338,0,2024-12-14T00:00:00Z,,historical_reconstruction
2024-12-14,0.4947635082,-0.01047298365,0,0.002897041028,-0.0048110054,-0.006224114335,0.136808745,-0.0004366597852,-0.05230972197,7.126022766,0.03227875025,-0.04949127808,-5.212024663e-05,0.001050797356,0.4686086472,-0.001330003995,-0.00399003116,0,2024-12-15T00:00:00Z,,historical_reconstruction
2024-12-15,0.5422504284,0.08450085683,0.1209086726,0.01408778998,0.01651706395,0.02101294354,0.3518079343,-0.0001490241444,-0.0666409165,7.599727867,-0.05554070081,-0.05344449637,-0.0001146582352,0.01172876787,0.5089299702,-0.00093570796,0.09205391997,0,2024-12-16T00:00:00Z,,historical_reconstruction
2024-12-16,0.5318047473,0.06360949454,0,-0.01741481775,0.01142542519,0.01958216529,0.1177241576,-0.0003712771935,-0.06209988563,6.220195922,0.07824022145,-0.01136727051,-3.693391597e-05,-0.004920759974,0.5007548045,-0.000519445297,0.1379020053,0,2024-12-17T00:00:00Z,,historical_reconstruction
2024-12-17,0.4707009302,-0.05859813958,0.1254510714,-0.01292849899,-0.01172322229,-0.02605356316,0.1858051402,-0.0005651154248,-0.003590164878,7.469939111,-0.0349122973,-0.073576567,-7.893941817e-06,-0.003213403523,0.4689058478,-0.0006064576697,-0.0537767405,0,2024-12-18T00:00:00Z,,historical_reconstruction
2024-12-18,0.4693703781,-0.06125924377,0.1573364394,-0.03806063178,-0.06235538355,-0.06589812139,0.4158944637,-0.00038601522,0.009119727632,6.147795133,0.01186701198,0.0004590266579,-0.0001573816554,-0.02542176055,0.4739302419,-2.848183502e-05,-0.1396277475,0,2024-12-19T00:00:00Z,,historical_reconstruction
2024-12-19,0.4621529599,-0.07569408017,0.07654693836,-0.006524298943,-0.05448654093,-0.07788440261,0.2023321782,-9.07225908e-05,0.01370312892,6.518864501,-0.05158959022,-0.02463460711,0.0001910286501,0.002696921349,0.4690045244,0.000190088722,-0.07091908755,0,2024-12-20T00:00:00Z,,historical_reconstruction
2024-12-20,0.4622494796,-0.07550104073,0,-0.002054975628,0.0289188116,0.1183793499,0.06647567288,-0.0003830413483,0.04879136042,5.968446788,-0.01291158167,0.003573171663,3.656721335e-05,0.007099139174,0.4866451598,-7.588459598e-05,-0.06691009931,0,2024-12-21T00:00:00Z,,historical_reconstruction
2024-12-21,0.478912904,-0.04217419198,0.1856473663,-0.006241275756,-0.01518404908,-0.03001252095,0.1270959471,-0.0003953374145,0.02920602464,7.154970655,-0.04096910805,-0.009719527791,-8.503437721e-05,0.0002360463551,0.4935159163,4.132237069e-05,-0.03170120833,0,2024-12-22T00:00:00Z,,historical_reconstruction
2024-12-22,0.4929474166,-0.01410516672,0.1944037379,0.01068324741,-0.006222784779,-0.02934017149,0.1861409013,-0.0003138492853,-0.02159957924,8.189548037,0.02554136315,0.01217842792,3.042305565e-05,0.003687607784,0.482147627,-0.0001648251409,-0.09860602355,0,2024-12-23T00:00:00Z,,historical_reconstruction
2024-12-23,0.5153896724,0.03077934477,0,0.02525904602,0.0443489697,0.02485993454,0.1794151496,-0.0005230049116,-0.01912272098,8.106709067,0.03419631553,0.02587524208,-0.000308315995,0.0197397404,0.5058283119,-0.000151727718,-0.03283014977,0,2024-12-24T00:00:00Z,,historical_reconstruction
2024-12-24,0.5010732737,0.002146547307,0.2174944506,0.007984394793,3.149092346e-05,0.02302492854,0.1209450505,-0.0003463892499,-0.01351769895,8.252013702,-0.009387974412,-0.04530678481,2.233850151e-05,0.01109313176,0.4943144242,0.0002187261749,0.06074468689,0,2024-12-25T00:00:00Z,,historical_reconstruction
2024-12-25,0.5022434918,0.004486983593,0.01383937897,0.004535779226,0.006910452059,0.007479026459,0.1301449659,-0.000366028024,-0.02770627574,7.708617066,0.03619055885,-0.02186089381,0.0001358346004,0.0041515466,0.4883903539,1.998719601e-05,0.06574622736,0,2024-12-26T00:00:00Z,,historical_reconstruction
2024-12-26,0.529590852,0.05918170394,0.2538113479,-0.001404300934,-0.002718187636,-0.01133318313,0.171874763,-0.0005697066011,-0.08758664408,8.130161349,0.108589332,-0.005183468421,-0.0001458698555,-0.003232390837,0.4857975299,-0.0004789840103,0.1348757841,0,2024-12-27T00:00:00Z,,historical_reconstruction
2024-12-27,0.5008762671,0.001752534221,0,-0.006402403584,0.002161547897,-0.02508137702,0.09393056326,-0.0004259774232,0.008607670796,8.317723132,0.02442163984,0.01958067754,-4.163119105e-07,-0.004760733259,0.5051801025,-4.293607489e-05,0.07725357495,0,2024-12-28T00:00:00Z,,historical_reconstruction
2024-12-28,0.5026594222,0.005318844498,0,0.0009203527333,0.01057181621,0.01332745897,0.1399800326,-0.000428907168,0.03421155248,6.505192802,0.00257417079,7.463303046e-05,2.638707871e-07,0.002864952606,0.5197651985,-3.356975354e-05,0.04749303648,0,2024-12-29T00:00:00Z,,historical_reconstruction
2024-12-29,0.4781589308,-0.04368213838,0.07292480849,-0.001817051737,-0.005139574725,-0.0123264977,0.23766973,-0.0003038897893,0.008293014498,8.528215831,0.1237028059,0.01887594483,0.0001036281703,0.001338597708,0.4823054381,9.959496004e-06,-0.02957697166,0,2024-12-30T00:00:00Z,,historical_reconstruction
2024-12-30,0.511622298,0.02324459608,0.2351249607,-0.01178448704,0.01133519446,-0.01818861488,0.2077055671,-0.0005145991481,-0.04416605096,7.013102771,0.07481902352,-0.02028096153,-0.0001616594297,-0.01721077043,0.4895392726,8.405763486e-06,-0.007534748696,0,2024-12-31T00:00:00Z,,historical_reconstruction
2024-12-31,0.4834410253,-0.03311794934,0.5787568581,-0.005242342871,-0.02199914441,-0.01677889912,0.1011401907,-0.0003625164031,0.04129129729,6.897812872,-0.02104343469,-0.01801893594,-7.291223111e-05,-0.006274817643,0.504086674,-1.612715321e-05,-0.03526449665,0,2025-01-01T00:00:00Z,,historical_reconstruction
2025-01-01,0.523214341,0.04642868196,0,0.001138069929,0.002221937231,0.005797648017,0.1893329174,-0.0003035371,-0.07836146883,6.678712029,0.01527992191,-0.03436186764,-0.0001884108295,-0.0003729376411,0.4840336066,6.249092405e-05,0.04194169836,0,2025-01-02T00:00:00Z,,historical_reconstruction
2025-01-02,0.4991579592,-0.001684081544,0.06786642073,-0.002168527192,-0.002266480344,-0.004468221181,0.08974616472,-0.0002430787662,0.0173226826,7.121077988,0.004905020568,0.006039799083,-6.480338921e-05,-0.003421267284,0.5078193005,0.0003266278349,-0.06086578548,0,2025-01-03T00:00:00Z,,historical_reconstruction
2025-01-03,0.5065301496,0.01306029917,0,-0.003811947599,0.01230526711,0.04137799695,0.1185889729,-0.000310334413,0.0461162993,7.453245109,0.03393750217,0.05832308185,-2.023777052e-05,-0.004238071195,0.5295882992,0.0001156430102,0.01130776495,0,2025-01-04T00:00:00Z,,historical_reconstruction
2025-01-04,0.5095418659,0.01908373174,0.1217821549,0.007091456379,0.01360104884,0.01523316148,0.1523968011,-0.0002433768677,-0.01432938911,7.541461904,0.05105554743,0.04217911173,0.0002381926621,0.0005525320003,0.5023771713,0.0001855303003,0.01376488724,0,2025-01-05T00:00:00Z,,historical_reconstruction
2025-01-05,0.4947913786,-0.01041724284,0,-0.0004920583433,0.001760524576,0.006235021282,0.1475565295,-0.0002832791069,-0.03297121229,8.166644228,0.03142645021,-0.02515634958,-4.528458843e-05,0.002895300187,0.4783057724,2.061068237e-05,0.03326489554,0,2025-01-06T00:00:00Z,,historical_reconstruction
2025-01-06,0.5061961795,0.0123923591,0,2.711908533e-06,-0.00726890926,0.00901352028,0.08995554093,-0.0004691589038,-0.01070065286,8.147150202,0.01974316263,-0.0221842728,7.077043583e-05,0.004109128102,0.5008458531,4.544024424e-05,-0.01085223698,0,2025-01-07T00:00:00Z,,historical_reconstruction
2025-01-07,0.470112388,-0.05977522401,0.1112729525,-0.00129073037,-0.0234906791,-0.07088490031,0.1424681425,-0.0005707846959,-0.01722100852,7.504136425,0.01647632429,-0.03727629165,-0.0002169077632,0.005211089994,0.4615018837,-0.0002082682928,-0.02665727467,0,2025-01-08T00:00:00Z,,historical_reconstruction
2025-01-08,0.4712344025,-0.05753119501,0,0.01420742041,-0.005805684372,-0.006713873747,0.07923219747,-0.0005740407359,0.01266643406,6.765762399,0.004314019373,-0.004816242658,-8.47739407e-05,0.008666025989,0.4775676195,-0.0002705036359,-0.103959877,0,2025-01-09T00:00:00Z,,historical_reconstruction
2025-01-09,0.4741944502,-0.05161109953,0.2514907681,0.007375697437,-0.0305278913,-0.02490148149,0.1979468611,-0.0002982107356,0.0211672901,7.258566897,0.06090683903,0.01787109861,0.0002051792867,0.006994917505,0.4847780953,-5.513196938e-05,-0.04992701799,0,2025-01-10T00:00:00Z,,historical_reconstruction
2025-01-10,0.4898466565,-0.02030668693,0.4174420875,-0.008681140291,0.006745450904,-0.01346764745,0.05783743088,-0.0004652529507,0.0248354562,6.514884568,-0.01265591076,-0.000203480625,6.902424068e-05,-0.006304190405,0.5022643846,-0.0001549185376,-0.03336698611,0,2025-01-11T00:00:00Z,,historical_reconstruction
2025-01-11,0.4896623028,-0.02067539437,0.1216209472,0.001332942906,0.003515389765,0.002755199599,0.192473443,-0.000301569073,-0.001840759314,7.794039282,0.01085905313,0.01348708116,9.473118028e-05,0.003721195931,0.4887419232,-5.819220531e-05,-0.03975912611,0,2025-01-12T00:00:00Z,,historical_reconstruction
2025-01-12,0.4751539561,-0.04969208788,0.2048631449,-0.003905356833,-0.005593971415,0.004386679496,0.1804857047,-0.0004897009763,0.03594675755,8.168007261,0.01411787241,-0.00336614785,-1.204513689e-05,-0.001111460233,0.4931273348,-0.0002064218694,-0.03927484504,0,2025-01-13T00:00:00Z,,historical_reconstruction
2025-01-13,0.4860864404,-0.02782711917,0.02222520268,0.03717281641,0.02902581494,0.02628591989,0.1199467586,-0.0004366519947,-0.03609964031,7.243135735,0.0573721232,-0.03118557014,0.0001007088653,0.02409129543,0.4680366203,3.250690911e-05,-0.04021947827,0,2025-01-14T00:00:00Z,,historical_reconstruction
2025-01-14,0.4832149501,-0.03357009978,0.03626146943,0.003503019254,0.008182656394,0.002492533278,0.08145926247,-0.000508427811,0.0407483472,7.178096769,-0.05706733973,-0.02074784933,-3.245856218e-05,0.000244776031,0.5035891237,6.235688487e-05,0.02620512423,0,2025-01-15T00:00:00Z,,historical_reconstruction
2025-01-15,0.504617733,0.009235466044,0.3080028508,0.004812241084,0.03510302987,0.0787314704,0.165342094,-0.00049833117,0.02730910026,7.08536019,-0.00713515996,0.01071938342,-0.0001266795792,0.006534534409,0.5182722832,7.570956582e-05,0.06676666106,0,2025-01-16T00:00:00Z,,historical_reconstruction
2025-01-16,0.4832094964,-0.03358100729,0.169832709,-0.01099016088,-0.00749170422,-0.01289365791,0.1338639184,-0.0003355451097,-0.002152335233,6.906897297,-0.004563974577,-0.02206572969,0.0001635182714,-0.004281139088,0.4821333287,-3.733437407e-05,0.01803009224,0,2025-01-17T00:00:00Z,,historical_reconstruction
2025-01-17,0.5193623856,0.03872477128,0.2765639714,0.01210046327,0.01514699866,0.01471700869,0.2168125952,-0.0003598541008,-0.02708824887,5.838767288,-0.0160767458,-0.02668871378,-2.375833825e-05,-0.01660557625,0.5058182612,0.0001053988499,0.05903145822,0,2025-01-18T00:00:00Z,,historical_reconstruction
2025-01-18,0.4884099061,-0.02318018778,0.1798711903,0.005318809438,0.0001935247818,-0.001183707117,0.07660091156,-0.000305347204,-0.01885233268,6.449919176,0.0217055032,-0.02879690603,3.87113539e-08,0.001669157518,0.4789837398,-3.778130932e-06,-0.002504793403,0,2025-01-19T00:00:00Z,,historical_reconstruction
2025-01-19,0.4862379122,-0.0275241756,0.1369220691,-0.05961221786,-0.0498155854,0.02067949638,0.2841663461,-0.00030169947,-0.005520174557,5.163457095,0.0005880580876,-0.02524642046,-0.0001036368129,-0.0458420904,0.4834778249,0.0001880015063,0.02216791228,0,2025-01-20T00:00:00Z,,historical_reconstruction
2025-01-20,0.4948591506,-0.01028169878,0.01402647139,-0.01779278538,-0.01556097137,-0.02708403695,0.05765933287,-0.0002436053593,-0.01060721652,5.715136138,-0.01135837438,-0.01860665354,-0.0001222480467,-0.01380660967,0.4895555423,0.0001930466354,0.01754542039,0,2025-01-21T00:00:00Z,,historical_reconstruction
2025-01-21,0.4942279146,-0.01154417076,0.1473070026,-0.001386488044,0.009844921247,0.006798645717,0.08866257372,-0.0002464282924,-0.0003133963953,5.529991968,-0.02311932373,-0.01676183183,2.980069581e-05,-0.008292150692,0.4940712164,0.0002619995186,0.02202592902,0,2025-01-22T00:00:00Z,,historical_reconstruction
2025-01-22,0.4682966873,-0.06340662535,0.04764013642,-0.005947271613,-0.01091694399,-0.02523635598,0.1311934454,-0.0001850366989,0.02649838486,5.788316596,-0.007297718854,-0.02632181239,0.0002176375362,-0.00882481124,0.4815458798,0.0003132944711,-0.0726420914,0,2025-01-23T00:00:00Z,,historical_reconstruction
2025-01-23,0.5009853286,0.001970657274,0.1142163846,0.04156968218,0.0242012929,0.03894394164,0.3002815257,-9.885537459e-05,-0.01190465838,5.837437093,-0.001039460867,-8.198073259e-05,0.0003461436505,0.001351931506,0.4950329994,0.0002366897351,0.03555166456,0,2025-01-24T00:00:00Z,,historical_reconstruction
2025-01-24,0.4763990244,-0.04720195129,0.1739804859,-0.01739840294,-0.02173694601,-0.0262178565,0.1458203833,-0.0004440966862,0.02557046345,6.451647205,-0.05500585151,-0.02822963278,0.0001509228856,-0.008419271654,0.4891842561,-8.424258544e-05,-0.08592672257,0,2025-01-25T00:00:00Z,,historical_reconstruction
2025-01-25,0.4704626329,-0.05907473419,0.1826737378,-0.006442554389,-0.004753165278,0.003586429628,0.1212343305,-0.0002591321484,0.04744781753,6.775568651,-0.0433387077,-0.01252036328,0.0001690430187,-0.002934743995,0.4941865417,4.62150556e-05,-0.03589454641,0,2025-01-26T00:00:00Z,,historical_reconstruction
2025-01-26,0.4295836167,-0.1408327666,0.5277714788,-0.03178454083,-0.02494487695,-0.0240588111,0.3777379709,-0.0006527233412,0.1148253254,5.860326851,-0.08752085297,0.02695358709,-6.901646145e-05,-0.02342597622,0.4869962794,-0.0003510238712,-0.113308591,0,2025-01-27T00:00:00Z,,historical_reconstruction
2025-01-27,0.4584259459,-0.08314810814,0.1794311193,0.03462692584,0.01565397222,0.0403734627,0.1109809864,-0.0004556252435,0.03989461175,6.555504795,-0.01054746919,-0.007115356839,0.0001471205855,0.0238998973,0.4783732518,-0.0002120198842,-0.07286640936,0,2025-01-28T00:00:00Z,,historical_reconstruction
2025-01-28,0.4868919272,-0.02621614563,0,-0.02211094554,-0.03258030345,-0.03421354044,0.2724935495,-0.0005718518904,-0.007885531645,7.382055373,-0.003473226744,-0.0128396977,-2.002169301e-05,-0.01062951504,0.4829491614,-0.000325423598,-0.01467197487,0,2025-01-29T00:00:00Z,,historical_reconstruction
2025-01-29,0.4901648683,-0.01967026346,0.146786771,-0.004026879984,0.004124329676,-0.006771649023,0.2601984449,-0.0004335399338,-0.002129829895,6.984178895,-0.02844598348,-0.03014258264,-9.575042684e-05,0.001440763052,0.4890999533,-0.0002485032349,0.0437363619,0,2025-01-30T00:00:00Z,,historical_reconstruction
2025-01-30,0.5145832127,0.02916642539,0.257454846,-0.007400048906,-0.002429883574,0.007658151059,0.1210875575,-0.0004711475985,-0.01766785533,7.051717917,-0.01781522141,-0.005045145968,-3.151135455e-05,-0.009349427989,0.505749285,-0.0003722922239,0.02719576811,0,2025-01-31T00:00:00Z,,historical_reconstruction
2025-01-31,0.5300030068,0.06000601353,0.2353206307,-0.01140437307,-0.03695243097,-0.01024538553,0.136193348,-0.0004513797376,-0.03545302416,6.358644868,0.08594717923,0.03794200642,3.539380707e-05,0.001146000906,0.5122764947,-7.283051401e-06,0.1072079648,0,2025-02-01T00:00:00Z,,historical_reconstruction
2025-02-01,0.4826511225,-0.03469775509,0,-0.02488200207,-0.041051984,-0.04139697494,0.2931348979,-0.0004234107662,-0.003849183941,7.437005447,0.04949774212,0.04546772069,-0.0001049351564,-0.01016970658,0.4807265305,-0.0001642786178,0.0243769791,0,2025-02-02T00:00:00Z,,historical_reconstruction
2025-02-02,0.4715872757,-0.05682544868,0,-0.03015637515,-0.06864253306,-0.06368622486,0.2979158999,-0.0005680075827,-0.0215376704,6.085156874,0.04280049806,-0.02533264589,-0.0001986137029,-0.005826412234,0.4608184405,8.471575847e-05,0.08400731789,0,2025-02-03T00:00:00Z,,historical_reconstruction
2025-02-03,0.4791335581,-0.04173288378,0.5086180164,0.04185282594,0.06634132253,0.115630605,0.1058259021,-0.0004201534776,-0.003537268743,4.849145649,-0.0205810673,-0.02876121428,-7.651873385e-05,-0.00541293732,0.4773649237,3.547176597e-05,0.04141522436,0,2025-02-04T00:00:00Z,,historical_reconstruction
2025-02-04,0.4786285033,-0.04274299349,0.1383274644,-0.01422435574,-0.0165599637,-0.0097172216,0.2141052984,-0.0004247232891,0.01625315063,5.229687205,0.009086549038,-0.009284158452,0.0001197560049,-0.01109298443,0.4867550786,0.0001471286012,-0.01652684786,0,2025-02-05T00:00:00Z,,historical_reconstruction
2025-02-05,0.477762155,-0.04447569007,0,0.004593766889,0.005336313977,-0.004196428571,0.141661196,-0.0004483098718,0.05489840125,5.917032423,0.113859752,0.01286259011,0.0001647582396,-0.007780322481,0.5052113556,-1.476993794e-05,-0.02480542662,0,2025-02-06T00:00:00Z,,historical_reconstruction
2025-02-06,0.4530508599,-0.09389828025,0,-0.001085679442,-0.006996677225,-0.04182715627,0.1313679662,-0.0005173748623,0.07147426983,5.117599582,-0.05202600809,-0.03644980042,-0.0001108680607,0.005952721414,0.4887879948,-4.622726375e-05,-0.1230647056,0,2025-02-07T00:00:00Z,,historical_reconstruction
2025-02-07,0.4706688622,-0.05866227565,0.3863789835,-0.01398864363,-0.03660893399,-0.05088880765,0.2220033429,-0.0005491781397,0.04464883536,5.852913293,-0.01832131711,0.001346855369,-7.247415606e-06,-0.004042990938,0.4929932799,-9.779840207e-05,-0.1186682892,0,2025-02-08T00:00:00Z,,historical_reconstruction
2025-02-08,0.480435828,-0.0391283439,0.02680502548,-0.002058463393,0.01044817368,0.00733172617,0.07657118035,-0.0005584130433,0.01115553605,5.112775499,0.08382947237,-0.003973526863,-0.0002179071744,-0.001400393601,0.4860135961,-0.0001350022771,-0.004430588813,0,2025-02-09T00:00:00Z,,historical_reconstruction
2025-02-09,0.4789843709,-0.04203125829,0.09344871809,0.001253863538,-0.009814489564,-0.0104037969,0.4059358393,-0.0004225062615,0.02526342339,6.412010373,0.01380119968,0.01861182289,-1.665011492e-05,0.004143247995,0.4916160825,0.0001455013213,0.01479419038,0,2025-02-10T00:00:00Z,,historical_reconstruction
2025-02-10,0.4897688964,-0.02046220725,0.1559209596,-0.00415001422,0.001121055146,0.003026579626,0.08784246522,-0.0004509260895,0.006230156694,6.80928883,0.04545746718,-0.007314856707,7.888572984e-05,0.0005629723957,0.4928839747,-3.07726119e-05,0.02127067653,0,2025-02-11T00:00:00Z,,historical_reconstruction
2025-02-11,0.4680932316,-0.06381353688,0.01110183711,0.004981291197,-0.022446335,-0.03920924395,0.2060652989,-0.0005994029025,0.05768523053,6.913388995,0.01473171616,-0.01526061885,-0.0001107739661,0.00775866704,0.4969358468,-0.0001746796134,-0.02107054339,0,2025-02-12T00:00:00Z,,historical_reconstruction
2025-02-12,0.5031026949,0.00620538975,0.3856590731,0.0225246924,0.05039318731,0.04232455806,0.2242404247,-0.0004126693131,0.01480927507,6.648631299,0.05765051134,0.01958170158,0.0001359156004,0.006840487522,0.5105073324,3.564055868e-05,0.05068107982,0,2025-02-13T00:00:00Z,,historical_reconstruction
2025-02-13,0.4907469479,-0.01850610417,0.2833020073,0.01322635122,0.01054018943,0.007412901234,0.08840024807,-0.000504508814,-0.01243362758,6.451762369,0.09278362993,-0.02375475982,-1.241777484e-05,0.01025214961,0.4845301341,1.286604833e-05,0.07539217608,0,2025-02-14T00:00:00Z,,historical_reconstruction
2025-02-14,0.5309917146,0.06198342913,0,-0.004401022644,-0.003064736151,0.01532702622,0.1241205245,-0.0004438819494,-0.04250745913,6.454386933,0.06437163315,0.01677965276,0.0001241152543,-0.004492117863,0.509737985,0.0001052961902,0.1206457048,0,2025-02-15T00:00:00Z,,historical_reconstruction
2025-02-15,0.4474743269,-0.1050513462,0.02845214811,0.0005349977708,0.0007394883038,-0.005660231061,0.1160643411,-0.0004864391171,0.08318415966,6.33599786,-0.07911902583,-0.01688781262,-0.0001619530013,0.0003870528117,0.4890664067,7.197392618e-05,-0.06592300226,0,2025-02-16T00:00:00Z,,historical_reconstruction
2025-02-16,0.4676538855,-0.06469222906,0.04881759221,-0.008217003421,-0.01217425516,-0.01828852191,0.1878995383,-0.0005297943571,0.04319158999,7.810195834,0.02717883918,-0.01426770823,2.051251173e-06,-0.009688489835,0.4892496805,-0.0001072880957,-0.02266097077,0,2025-02-17T00:00:00Z,,historical_reconstruction
2025-02-17,0.5160951129,0.03219022571,0,0.009688268107,-0.00423121446,-0.004046893148,0.07874306185,-0.0003826460888,-0.01400565547,6.439018239,0.06035856741,0.01721314944,1.567734535e-06,0.002602705541,0.5090922851,6.828000065e-05,0.05265243296,0,2025-02-18T00:00:00Z,,historical_reconstruction
2025-02-18,0.4720865818,-0.0558268364,0.1345947531,0.01581900714,-0.0006395631522,-0.002713435799,0.1041205149,-0.0005314391147,0.03917835218,5.916719709,-0.03453347016,-0.008258123565,-1.153637223e-05,0.01665803262,0.4916757579,6.796378783e-05,0.007986700477,0,2025-02-19T00:00:00Z,,historical_reconstruction
2025-02-19,0.5017885293,0.003577058668,0.08411010025,0.001279484371,0.00686320676,-0.004191526735,0.1249550053,-0.0005302890812,-0.008306390763,7.369487447,0.130188872,-0.0142129729,-5.04887576e-05,0.004550938013,0.497635334,-0.0001176197681,-0.002628331082,0,2025-02-20T00:00:00Z,,historical_reconstruction
2025-02-20,0.5065308121,0.01306162429,0.3789978451,-0.00354105329,0.009378456094,-0.0009705549677,0.09777285838,-0.0004273129684,-0.003895853065,7.01702904,0.03306514716,0.004798062292,0.0001026702471,-0.001196877146,0.5045828856,7.719584555e-05,0.03156772846,0,2025-02-21T00:00:00Z,,historical_reconstruction
2025-02-21,0.4820230318,-0.03595393644,0.25167938,0.008635709416,-0.02214225388,-0.04508503871,0.1195506482,-0.0008073601202,0.01745929399,6.749127244,0.0140364668,-0.01223502882,-0.0002450926351,0.009412488478,0.4907526788,-0.0003634781708,-0.09793736556,0,2025-02-22T00:00:00Z,,historical_reconstruction
2025-02-22,0.5576401206,0.1152802411,0.1495387416,-0.00248366485,-0.004485403524,0.01105744603,0.06882371966,-0.0004378949197,-0.07981452733,5.636396011,0.1756543778,0.03306478088,5.624802091e-05,-0.0009208402318,0.5177328569,4.854419744e-05,0.2203315873,0,2025-02-23T00:00:00Z,,historical_reconstruction
2025-02-23,0.5265693389,0.05313867774,0,0.004173833766,0.0131836148,0.007939288217,0.1485861599,-0.0004078462526,-0.01543467851,5.07710432,0.2040667212,0.0864056242,3.548125008e-06,0.005242491332,0.5188519996,0.0001219481045,0.1178309068,0,2025-02-24T00:00:00Z,,historical_reconstruction
2025-02-24,0.4690806105,-0.06183877899,0.6402693568,-0.0483776928,-0.05463052464,-0.06560594796,0.284143505,-0.0004973105446,-0.000718222738,6.715605087,0.02162143258,-0.02303703659,-7.809926471e-05,-0.02544763066,0.4687214991,-0.0001146644558,-0.0940290047,0,2025-02-25T00:00:00Z,,historical_reconstruction
2025-02-25,0.4958460221,-0.008307955757,0.181879445,0.009628221206,0.03564611171,0.02547561326,0.07294610157,-0.0005008614817,-0.006835096311,6.212622841,0.0771467697,0.008924340198,-3.514414173e-05,0.008336361664,0.492428474,3.057763292e-05,0.04751888064,0,2025-02-26T00:00:00Z,,historical_reconstruction
2025-02-26,0.4735840054,-0.05283198928,0.1436175023,0.01744981056,-0.03793699815,-0.05210564752,0.2225881813,-0.0004451349743,0.02932111832,7.629200318,-0.03996087977,0.01257370675,4.851434995e-05,0.004687862597,0.4882445645,8.515410686e-05,-0.05640904795,0,2025-02-27T00:00:00Z,,historical_reconstruction
2025-02-27,0.4667794278,-0.0664411443,0,0.00667856099,-0.006710253905,-0.01958935012,0.1860436228,-0.0004593278214,0.06236270212,7.167223804,-0.0240818945,-0.004244648188,1.854584854e-05,0.007068979497,0.4979607789,-3.2014853e-05,-0.0795027686,0,2025-02-28T00:00:00Z,,historical_reconstruction
2025-02-28,0.48377811,-0.03244378009,0.3130141669,0.003340597451,0.006563202879,0.05258726127,0.0452295247,-0.0004469093981,0.01320038914,7.212537473,0.005478074334,0.001346895093,0.000149890078,-0.001184843102,0.4903783045,0.0003604507221,0.003510156351,0,2025-03-01T00:00:00Z,,historical_reconstruction
2025-03-01,0.4690601131,-0.06187977374,0.08585722644,-0.00266269661,0.02028712097,0.01508860435,0.1341370767,-0.0003562747194,0.05583104341,7.761774932,0.02645912913,-0.01840094087,0.0003040437649,0.006774489354,0.4969756348,8.162020032e-05,-0.1771600148,0,2025-03-02T00:00:00Z,,historical_reconstruction
2025-03-02,0.4960166809,-0.007966638297,0.4433001179,0.0127452321,0.1294454835,0.1247186093,0.1295502886,-0.0003931520069,0.01189527261,6.430310855,-0.07501420926,-0.02112815215,0.000107537502,0.007998010308,0.5019643172,1.469424574e-05,-0.06110531603,0,2025-03-03T00:00:00Z,,historical_reconstruction
2025-03-03,0.4593127648,-0.08137447045,0.3494215777,0.01855090598,-0.06045993092,-0.08791460646,0.1729697437,-0.0003676111326,0.05036561075,7.022983676,-0.02608641196,-0.00475694617,-4.390662619e-05,0.007179402474,0.4844955702,0.000129699412,-0.01953569146,0,2025-03-04T00:00:00Z,,historical_reconstruction
2025-03-04,0.4740624324,-0.05187513512,0.03428860834,-0.0005155042506,0.04676812132,0.03337330706,0.1212521003,-0.0004605090467,0.04362699411,7.277558193,-0.04449418799,-0.001610471445,-4.713620617e-05,-0.01047783608,0.4958759295,4.035243505e-05,-0.04356717936,0,2025-03-05T00:00:00Z,,historical_reconstruction
2025-03-05,0.4756649655,-0.04867006899,0.01942406698,0.01049903079,0.02505018726,0.01076330646,0.0925246454,-0.0005085675793,0.04315801639,6.737074071,-0.05430901917,-0.002223860632,-6.808907237e-05,0.009537715877,0.4972439737,-6.343260492e-05,0.004161920286,0,2025-03-06T00:00:00Z,,historical_reconstruction
2025-03-06,0.5096899059,0.01937981174,0,0.001751313485,-0.02449612403,-0.04151741608,0.1081272852,-0.0003905185723,-0.02723077086,7.6561599,0.01238902063,-0.008318145677,9.974133435e-05,0.01587845772,0.4960745204,6.880924906e-05,0.08582095604,0,2025-03-07T00:00:00Z,,historical_reconstruction
2025-03-07,0.4916190472,-0.01676190551,0.1347688056,-0.01686154072,-0.03080550489,-0.02543356284,0.1559959508,-0.0004109077325,0.007149507713,7.833079353,0.003190803031,0.0009877609847,0.000141500485,-0.01159575218,0.4951938011,3.600166552e-05,0.01568187458,0,2025-03-08T00:00:00Z,,historical_reconstruction
2025-03-08,0.5031404344,0.006280868899,0,-0.009453342384,0.01016778216,0.02877284717,0.107665331,-0.0003358171702,-0.007264304101,8.100427772,0.006455777899,0.01465244363,0.0001020038381,-0.0001283723545,0.4995082824,2.045754914e-05,0.06816064264,0,2025-03-09T00:00:00Z,,historical_reconstruction
2025-03-09,0.4713476975,-0.05730460507,0,-0.009831068332,-0.03652819967,-0.05882983183,0.1854238057,-0.0005988883444,0.01128476133,7.981674636,0.0167461773,-0.003928895387,-3.44447252e-05,-0.02306958083,0.4769900781,-0.0002057363376,-0.04933796677,0,2025-03-10T00:00:00Z,,historical_reconstruction
2025-03-10,0.4941841787,-0.01163164256,0.004972162972,-0.002316214033,-0.07569022167,-0.1235885363,0.1051640044,-0.0003163369256,-0.005548533153,7.478686887,0.0253214762,-0.02059556089,4.067933451e-05,-0.005881293444,0.4914099121,5.127420693e-05,0.06974282788,0,2025-03-11T00:00:00Z,,historical_reconstruction
2025-03-11,0.492541315,-0.01491737004,0.1844653902,-0.01458578821,0.004669650925,0.004863853886,0.04347135105,-0.0004263217273,0.009534457921,7.81855042,-0.0008863058464,-0.008006160264,1.970101947e-05,-0.002057903102,0.4973085439,3.418731937e-05,0.03695776507,0,2025-03-12T00:00:00Z,,historical_reconstruction
2025-03-12,0.5065078696,0.01301573911,0.01481645041,0.01594028516,0.02050420887,-0.004512611837,0.06510465466,-0.0005030919191,-0.02431989157,9.504703369,0.02621211093,-0.002053538616,-3.20122887e-05,0.009216321976,0.4943479238,5.475660177e-06,0.0616858081,0,2025-03-13T00:00:00Z,,historical_reconstruction
2025-03-13,0.4860953197,-0.02780936056,0,0.006944856972,-0.00576940509,-0.01876078811,0.07785500639,-0.0004451380732,0.03054209738,9.300485789,0.0274699093,0.0180946299,-7.06116864e-05,0.01128756371,0.5013663684,-5.461950091e-05,-0.0471891723,0,2025-03-14T00:00:00Z,,historical_reconstruction
2025-03-14,0.5236321133,0.04726422665,0.347793544,-0.01163812715,-0.005488502757,0.004856997177,0.09998162598,-0.0004498731462,-0.05929713986,9.289839016,-0.002133856182,-0.01432953305,6.689687444e-05,-0.006750715519,0.4939835434,-3.89654137e-05,0.06402613216,0,2025-03-15T00:00:00Z,,historical_reconstruction
2025-03-15,0.4925178831,-0.01496423377,0,-7.742654801e-05,-0.0003457457788,0.004235355106,0.1929520948,-0.0004645952601,0.02627327338,8.953170202,0.06720406762,-0.007201998041,-4.319785222e-05,0.0004561091882,0.5056545198,-0.0001287780899,-0.02124510267,0,2025-03-16T00:00:00Z,,historical_reconstruction
2025-03-16,0.4550065845,-0.08998683104,0.2608263879,0.002267983195,-0.004226890623,0.006931659916,0.1247572403,-0.0005458399576,0.06035543582,9.749507572,-0.05730305878,-0.02802441147,-0.0001470487081,-0.0063050499,0.4851843024,5.304838684e-05,-0.03268222597,0,2025-03-17T00:00:00Z,,historical_reconstruction
2025-03-17,0.4980622938,-0.00387541242,0.1801003669,-0.00819165697,0.00356348367,0.00823310199,0.114909081,-0.0004879796087,0.03267175259,9.570838163,0.02165532501,0.04438564509,7.302483329e-05,-0.005593107689,0.5143981701,-0.000171642683,0.007756230143,0,2025-03-18T00:00:00Z,,historical_reconstruction
2025-03-18,0.4709115137,-0.05817697253,0,0.01416067669,0.02685230964,0.02067194386,0.1326700613,-0.0004659494497,0.06349816619,9.709901937,0.02811640367,0.01314766489,0.0001255996316,0.004832890332,0.5026605968,-3.962772233e-05,-0.04325960249,0,2025-03-19T00:00:00Z,,historical_reconstruction
2025-03-19,0.4888773731,-0.02224525389,0,0.01230385954,0.003445583211,0.01383629191,0.07672502984,-0.00041341206,0.04943582816,9.243274295,-0.004004767706,-0.009059629128,2.7271401e-06,0.01653405262,0.5135952871,8.967985913e-05,-0.035260993,0,2025-03-20T00:00:00Z,,historical_reconstruction
2025-03-20,0.4621552096,-0.0756895807,0,0.00457270757,0.00597360054,-0.002664535039,0.06906265004,-0.0005393716069,0.07003543386,10.04058694,0.004067420709,-0.0131513741,-6.693752413e-05,0.0005526458753,0.4971729266,-9.423353362e-05,-0.04788022014,0,2025-03-21T00:00:00Z,,historical_reconstruction
2025-03-21,0.497427214,-0.005145572083,0.3059307767,-0.004138972197,0.007720345109,-0.0005389437719,0.1050239785,-0.0004781889864,-0.01419167934,10.77211103,0.08054717426,-0.02246298764,-2.045853267e-05,0.001577486396,0.4903313743,-2.831584016e-05,-0.05240979873,0,2025-03-22T00:00:00Z,,historical_reconstruction
2025-03-22,0.4885482237,-0.02290355254,0.06779414604,-0.007645482101,-0.002819326483,-0.00488341598,0.1447499013,-0.0005705082572,0.03541911286,10.05811642,0.1341499846,0.06790811299,-0.000144819459,-0.003932443239,0.5062577802,-0.0001059129971,-0.007939318769,0,2025-03-23T00:00:00Z,,historical_reconstruction
2025-03-23,0.5266145981,0.05322919622,0.1329067447,0.004853979863,-0.0005331180931,-0.001005971086,0.1254229633,-0.0004935219019,-0.04357547217,8.031789098,0.006864148193,-0.05449291412,-4.859987943e-05,0.01260186893,0.504826862,5.23180557e-05,0.1432160273,0,2025-03-24T00:00:00Z,,historical_reconstruction
2025-03-24,0.5062531505,0.01250630101,0,-0.00359552068,-0.004096164153,-0.005528557844,0.07922130071,-0.0003795886988,-0.0007384939747,9.768313257,0.0578226421,0.0009530992744,1.767679796e-05,-0.008204868604,0.5058839035,0.0001083909099,0.01638171343,0,2025-03-25T00:00:00Z,,historical_reconstruction
2025-03-25,0.4408212265,-0.1183575469,0.2231868879,-0.004572083791,-0.0007351269787,-0.001223002108,0.108523831,-0.0004501125281,0.1091974489,9.856671252,0.04781752206,-0.008146897066,-0.0001861321828,-0.008209157382,0.495419951,1.583692153e-05,-0.06018057437,0,2025-03-26T00:00:00Z,,historical_reconstruction
2025-03-26,0.4229418892,-0.1541162215,0.353921279,0.004805216235,-0.001366615812,-0.02852280858,0.08605561734,-0.0004130339584,0.1237143704,9.028717367,-0.08738515528,0.002097098275,-6.057341276e-06,0.003950573416,0.4847990745,3.78101601e-07,-0.1318709676,0,2025-03-27T00:00:00Z,,historical_reconstruction
2025-03-27,0.4271720686,-0.1456558628,0,-0.000234515725,-0.0009075134132,-0.006224550022,0.1248079331,-0.0004292145374,0.1545204664,9.050585335,-0.1031018651,0.03591438226,3.861831433e-05,0.001971160252,0.5044323018,0.0001101570695,-0.06996628207,0,2025-03-28T00:00:00Z,,historical_reconstruction
2025-03-28,0.4907646644,-0.01847067126,0.2955955927,0.01212803534,0.01323091879,-0.001878482691,0.06499534115,-0.0004639148084,-0.02050758922,9.089592232,0.1516198078,-0.01959573262,5.228679121e-05,0.007562172145,0.4805108698,1.427417802e-05,-0.01332509918,0,2025-03-29T00:00:00Z,,historical_reconstruction
2025-03-29,0.4861314444,-0.02773711112,0.06112455712,0.000317373461,-0.006607833761,-0.008929007075,0.0843001092,-0.0004157367292,-0.0183106826,10.68774586,0.01119173882,-0.01139848511,0.000114702163,-0.00132747854,0.4769761031,0.000154771528,-0.004833558576,0,2025-03-30T00:00:00Z,,historical_reconstruction
2025-03-30,0.5006480867,0.001296173418,0.2583655879,-0.003571782915,-0.003319071983,-0.01393131437,0.2160123955,-0.0004148826712,-0.006302886277,11.75966494,0.04312481815,0.01189516553,3.650711537e-05,-0.001923831721,0.4974966436,7.863923072e-05,-0.0519330228,0,2025-03-31T00:00:00Z,,historical_reconstruction
2025-03-31,0.4989997759,-0.002000448286,0,-0.002888860924,-0.01074247375,0.004962970724,0.08594220571,-0.0004609230533,0.03320701839,10.45970542,0.03352851534,0.02031975375,-6.710117489e-05,0.001064123152,0.5156032851,-8.133435446e-05,-0.01450674929,0,2025-04-01T00:00:00Z,,historical_reconstruction
2025-04-01,0.501731312,0.003462623997,0.4093147716,-0.002680487933,-0.00709375114,0.0228794493,0.09264461285,-0.0004042037187,0.02961832305,10.31207201,-0.01167064301,0.01916728113,3.544787623e-05,0.00219295768,0.5165404735,4.590880946e-05,0.1218201709,0,2025-04-02T00:00:00Z,,historical_reconstruction
2025-04-02,0.485850973,-0.02829805403,0.4860565184,-0.06080724058,-0.0557487074,-0.03933687585,0.3836386702,-0.0006238789675,0.0272241174,9.408380168,-0.06873706329,-0.004234683589,-0.0002458929965,-0.05044556382,0.4994630317,-0.0002108450091,0.1258181675,0,2025-04-03T00:00:00Z,,historical_reconstruction
2025-04-03,0.4992297323,-0.001540535356,0,0.01685402689,0.01962115516,0.01231108611,0.08918710492,-0.0004127160569,0.0005544457949,10.19538258,-0.02259974758,-0.01343273592,-3.308828435e-05,0.01467300965,0.4995069552,1.649848054e-05,0.1441153274,0,2025-04-04T00:00:00Z,,historical_reconstruction
2025-04-04,0.4844867784,-0.0310264432,0.4472720809,0.003679131151,0.01204852833,0.01849339642,0.07173375377,-0.0004953574004,0.01553870202,10.85797737,0.002617303944,-0.00764868721,-0.000154791847,-0.001429948816,0.4922561294,-3.144259199e-05,-0.01255577194,0,2025-04-05T00:00:00Z,,historical_reconstruction
2025-04-05,0.4781533383,-0.04369332342,0,0.01337695057,0.01346793789,-0.0007358881007,0.2532066297,-0.0004761878395,0.03053325108,11.68851751,0.09524158916,-0.0008556837729,-9.444535323e-05,0.008182477454,0.4934199638,-6.045111025e-05,-0.01595621231,0,2025-04-06T00:00:00Z,,historical_reconstruction
2025-04-06,0.4633709872,-0.07325802552,0.02281963256,-0.02796635183,-0.1016163132,-0.116494056,0.3594492876,-0.0004934335383,0.0326041903,9.628206758,0.03221626365,-0.006542774189,1.657538686e-05,-0.0148759633,0.4796730824,-7.855086712e-05,-0.07455419894,0,2025-04-07T00:00:00Z,,historical_reconstruction
2025-04-07,0.4964306169,-0.007138766135,0.2038834785,0.004898186312,-0.002261396927,0.04715091935,0.03975380203,-0.0003863390512,0.001691094667,8.138412103,-0.004531548533,-0.003349600819,-9.276844944e-05,0.01321904922,0.4972761643,7.458400213e-05,-0.005138317849,0,2025-04-08T00:00:00Z,,historical_reconstruction
2025-04-08,0.5045494802,0.009098960447,0.5522069366,0.004595444101,-0.038093435,-0.07234688224,0.1320410026,-0.000502236309,-0.02344440246,10.31900135,0.1188307665,-0.01386373766,-0.00018096767,-0.006917397326,0.492827279,-9.80325903e-05,0.00563633645,0,2025-04-09T00:00:00Z,,historical_reconstruction
2025-04-09,0.5037425877,0.007485175439,0.5717000234,0.01741695258,0.1240523545,0.1471693705,0.08920608165,-0.0004911620775,0.005899843231,8.171559946,-0.04163948498,0.01767856826,-0.0001616828363,0.003438999719,0.5066925093,0.00013271689,0.03578322947,0,2025-04-10T00:00:00Z,,historical_reconstruction
2025-04-10,0.4988353252,-0.002329349501,0.5491211388,0.005050838505,0.0175671972,-0.04549159769,0.0655479007,-0.0004467071769,-0.01279676349,10.87407719,0.01526859168,-0.0005284176119,0.0001449471061,-0.0005030925692,0.4924369435,-3.399112002e-05,-0.0007888141454,0,2025-04-11T00:00:00Z,,historical_reconstruction
2025-04-11,0.5287495223,0.05749904456,0.08143197128,0.0006769745624,0.000900705233,0.005164228894,0.07577295161,-0.0005680186361,-0.03833224867,11.16939813,0.009919787879,0.0008307860221,-2.21315132e-05,-0.005180645251,0.5095833979,-7.266123575e-05,0.08852548777,0,2025-04-12T00:00:00Z,,historical_reconstruction
2025-04-12,0.5324638984,0.06492779677,0,0.0009375152194,-0.007065729401,0.03144172741,0.111298279,-0.0003527594302,-0.04263438826,11.1470607,0.0327644553,-0.02843458132,0.0001057469179,0.003926261949,0.5111467043,0.0001234284093,0.1086211202,0,2025-04-13T00:00:00Z,,historical_reconstruction
2025-04-13,0.485333204,-0.02933359194,0.4626963447,0.004722527904,0.007027561909,-0.00407033641,0.1609947928,-0.0005257360304,0.03664871148,11.19136988,0.02507393233,-0.004108576307,2.703378809e-05,-0.002635347956,0.5036575598,-3.230249214e-05,0.04392443358,0,2025-04-14T00:00:00Z,,historical_reconstruction
2025-04-14,0.5144229091,0.02884581823,0.4468879406,-0.007827298391,-0.002561519466,-0.03077024091,0.0724168379,-0.0004618880753,-0.03710323025,10.78789981,-0.03228677727,-0.01740898285,-1.645367153e-05,-0.003903415173,0.495871294,-7.554902413e-05,0.03598458437,0,2025-04-15T00:00:00Z,,historical_reconstruction
2025-04-15,0.4882115906,-0.02357681876,0,-0.01130713463,-0.01988266575,-0.02651863289,0.1137385186,-0.0004909427359,0.005196503994,11.17920485,-0.0229137495,-0.02383019776,-6.903555528e-05,-0.004220551055,0.4908098426,1.129357303e-05,-0.0326757792,0,2025-04-16T00:00:00Z,,historical_reconstruction
2025-04-16,0.5089476228,0.0178952457,0.07280207189,-0.007220148432,-0.008524548941,-0.004443939451,0.1018644501,-0.000355073107,-0.006834800055,11.80916614,0.01563194388,0.01495616534,0.0001254673832,-0.003600208694,0.5055302228,0.0001360889705,0.01041007026,0,2025-04-17T00:00:00Z,,historical_reconstruction
2025-04-17,0.5045415252,0.009083050366,0,0.00137849049,0.0002842398479,-0.006056726104,0.08743699615,-0.0004925424028,-0.01880581194,10.97684919,0.07296228795,-0.03119310153,-0.0001051285159,0.001165127954,0.4951386192,-4.583522597e-05,0.01141239987,0,2025-04-18T00:00:00Z,,historical_reconstruction
2025-04-18,0.4943422871,-0.01131542582,0,-0.002956110236,0.003429827498,-0.00130133843,0.1211781388,-0.000434344706,0.01051477857,11.97678636,0.09673572946,0.006376880188,0.000201230281,-0.001042301919,0.4995996764,0.0001336739301,-0.06881447039,0,2025-04-19T00:00:00Z,,historical_reconstruction
2025-04-19,0.5371902833,0.07438056663,0.1774892027,-0.0009474857568,0.003726793091,0.01031437876,0.0947164797,-0.0005144830066,-0.04352869373,11.21753572,-0.04644104021,0.0195598155,-0.0001605683591,-0.0001004870862,0.5154259364,-0.0001617235763,0.009452769855,0,2025-04-20T00:00:00Z,,historical_reconstruction
2025-04-20,0.5013351153,0.002670230569,0.1533156665,0.0007376165529,0.008801977744,0.009379312099,0.1605039378,-0.0005039814535,-0.03462158178,11.22977424,0.05270713832,-0.02386517355,-2.921788433e-05,0.00623295883,0.4840243244,2.175457696e-05,0.03200382251,0,2025-04-21T00:00:00Z,,historical_reconstruction
2025-04-21,0.5059472327,0.01189446536,0,0.003730062909,-0.02693895152,-0.02875782432,0.07383229916,-0.0005887678292,-0.007868298717,10.7853916,-0.0718003722,-0.03405338092,-1.481714601e-05,0.001157008475,0.5020130833,-0.0001268797539,-0.01695135287,0,2025-04-22T00:00:00Z,,historical_reconstruction
2025-04-22,0.5180243814,0.03604876281,0.3447963491,0.03417696176,0.03127422196,0.07677970362,0.2028202432,-0.0003928803252,-0.001471076537,9.327843381,-0.003644439254,-0.02931491655,1.474789813e-05,0.02218689363,0.5172888431,9.80624107e-05,0.05962558156,0,2025-04-23T00:00:00Z,,historical_reconstruction
2025-04-23,0.5248237241,0.04964744822,0.06156709171,0.005061505126,0.0002618968015,-0.001196292051,0.03815216144,-0.0003398196171,-0.05389196007,9.359458059,0.09116432119,0.003001646844,0.0002896960209,0.002066357013,0.4978777441,1.525348995e-05,0.03175220252,0,2025-04-24T00:00:00Z,,historical_reconstruction
2025-04-24,0.4719914069,-0.05601718629,0,0.00371504736,0.002850472056,0.008290125919,0.08959595006,-0.0004803209674,0.03792579949,10.84356591,0.06520346499,-0.04069273738,3.968068824e-05,0.004535780235,0.4909543066,1.222143543e-05,-0.06510023666,0,2025-04-25T00:00:00Z,,historical_reconstruction
2025-04-25,0.5208202512,0.04164050243,0.1388481733,-0.00974386292,-0.01211195253,-0.003289602288,0.07769160581,-0.0004650902163,-0.05221521958,10.04875823,0.09115054347,0.005804622761,3.026749579e-05,-0.006845557293,0.4947126414,-3.074551026e-05,0.05295592825,0,2025-04-26T00:00:00Z,,historical_reconstruction
2025-04-26,0.5192764701,0.03855294015,0.1616771868,0.004302071613,0.01148761249,0.01960959986,0.1216454292,-0.0004832828083,-0.06067409417,11.16148697,0.1555829883,-0.0112036326,6.940772726e-05,0.003398350778,0.488939423,3.120019825e-05,-0.03582762648,0,2025-04-27T00:00:00Z,,historical_reconstruction
2025-04-27,0.4844102018,-0.03117959634,0.09583273183,-0.009247736462,-0.001427098141,-0.008112118897,0.1099119144,-0.0006029174506,0.01128111131,10.62431421,0.02784184288,-0.02361108273,-4.611329308e-05,-0.007245205064,0.4900507575,-9.893599707e-05,-0.03384982691,0,2025-04-28T00:00:00Z,,historical_reconstruction
2025-04-28,0.4810054352,-0.03798912965,0.04098100076,0.001507926351,0.02076256047,-0.008985794516,0.09490319397,-0.0003666911127,0.03379108477,10.81217412,-0.08807274319,-0.00966462048,7.725664162e-05,0.002367947496,0.4979009776,0.0002220767165,-0.04988359501,0,2025-04-29T00:00:00Z,,historical_reconstruction
2025-04-29,0.5145417836,0.02908356724,0.3028284938,-0.01309245414,-0.00946561689,-0.0174613064,0.1518066519,-0.000689728058,-0.0267870766,11.05458982,0.1894774181,-0.005387842864,-8.796788831e-05,-0.01095447372,0.5011482453,-0.0002968477328,-0.00696519557,0,2025-04-30T00:00:00Z,,historical_reconstruction
2025-04-30,0.4750718525,-0.04985629495,0,0.003867465159,0.01636510968,-0.01216066619,0.1300908597,-0.0005017813237,0.04087547303,11.87715808,-0.0004331557212,-0.01432239717,-3.756433073e-06,0.000212316232,0.495509589,-0.0001619617066,-0.09950374316,0,2025-05-01T00:00:00Z,,historical_reconstruction
2025-05-01,0.5297328701,0.0594657402,0.3377714307,-0.002593752204,-0.008035617917,-0.0040475081,0.06226239856,-0.000500514115,-0.04356030669,9.962980018,0.03782023608,-0.03013540809,0.0001898171331,-0.0003455125739,0.5079527168,-2.019314762e-05,0.1154829265,0,2025-05-02T00:00:00Z,,historical_reconstruction
2025-05-02,0.5217676228,0.04353524565,0,0.001369803444,0.0005920341533,0.004805306018,0.07478096813,-0.0005319726414,-0.04792216304,10.53888839,0.0451544638,0.007861409609,4.540016576e-05,-0.0003826700506,0.4978065413,-6.688242511e-05,0.001894743225,0,2025-05-03T00:00:00Z,,historical_reconstruction
2025-05-03,0.4787272178,-0.0425455644,0.208527446,-0.002551395107,-0.0005505497321,0.00516419056,0.1739334777,-0.0005290370435,0.0184804622,13.09534747,0.1491013876,0.01360628037,2.51251086e-05,-0.005167592866,0.4879674489,-4.575423519e-05,-0.08109850455,0,2025-05-04T00:00:00Z,,historical_reconstruction
2025-05-04,0.4836678882,-0.03266422359,0.3645417277,-0.0106869394,-0.01198922881,-0.0102593004,0.2463168239,-0.0005473060381,0.01098603487,12.82129506,0.1727337379,0.0006790953414,-4.432346383e-05,-0.01366807251,0.4891609056,5.56114125e-05,-0.001484627252,0,2025-05-05T00:00:00Z,,historical_reconstruction
2025-05-05,0.5101584978,0.02031699551,0,0.00206447777,0.01065519156,0.00861667701,0.1239809883,-0.0004175388284,-0.03338542236,13.55430397,0.04637728785,-0.02824935704,-2.718135465e-05,0.004096784683,0.4934657866,-5.084771562e-05,0.05830612516,0,2025-05-06T00:00:00Z,,historical_reconstruction
2025-05-06,0.4881918937,-0.0236162126,0.3350723734,0.01804123711,0.02650147733,0.02660007232,0.2261644701,-0.0004292790314,-0.007676204317,13.88421999,0.04456530474,-0.03629322146,-6.659657741e-05,0.0196972521,0.4843537915,0.0002604490267,-0.05269977984,0,2025-05-07T00:00:00Z,,historical_reconstruction
2025-05-07,0.5198682785,0.03973655696,0.08528244905,0.00850860048,-0.003417119715,-0.01374465652,0.1123339632,-0.0005355831507,-0.03991116937,12.63043911,0.04027566694,0.001792091702,-0.0001016989596,0.00884279476,0.4999126938,-3.380182697e-05,0.08959285191,0,2025-05-08T00:00:00Z,,historical_reconstruction
2025-05-08,0.5257291839,0.05145836778,0.2636718356,0.04228856896,0.07609320918,0.1275770826,0.2581415062,-0.0003850701507,-0.0146200555,8.996765417,-0.009540415364,-0.01587276568,-6.065139293e-05,0.01936426456,0.5184191561,0.0001154439643,-0.008007372415,0,2025-05-09T00:00:00Z,,historical_reconstruction
2025-05-09,0.4899572905,-0.02008541904,0.06080100711,0.005772909358,0.01901550441,-0.002658115332,0.03440571399,-0.0003155596493,0.01862835642,8.329654213,-0.07210783764,0.01552453551,-2.334426141e-05,-0.002104678233,0.4992714687,0.0002164129921,-0.06362066469,0,2025-05-10T00:00:00Z,,historical_reconstruction
2025-05-10,0.5190424035,0.03808480693,0.08751102425,0.03350283458,0.0615461113,0.08322430769,0.217445298,-0.0005109881815,-0.03319135755,9.535629676,-0.03985863933,-0.01617159119,-0.0003132008238,0.01568135314,0.5024467247,1.804886204e-05,0.08063037133,0,2025-05-11T00:00:00Z,,historical_reconstruction
2025-05-11,0.4843678861,-0.03126422789,0.06926752789,0.002611621917,0.02112444417,-0.006361951578,0.08094122873,-0.0004334737152,-0.01027084521,9.009641936,-0.04003168427,-0.00634566527,1.609555716e-06,-0.002892166252,0.4792324634,0.0001138323229,0.001399995697,0,2025-05-12T00:00:00Z,,historical_reconstruction
2025-05-12,0.5002098927,0.0004197853097,0,0.01427439185,0.003442022429,-0.01387428969,0.06758464958,-0.0005249512116,-0.02904244937,8.602950467,-0.05280294276,-0.006373675911,-1.887735244e-05,0.009143236711,0.485688668,-0.0001074123832,-0.0198972102,0,2025-05-13T00:00:00Z,,historical_reconstruction
2025-05-13,0.5534549923,0.1069099846,0.1876972292,-0.004169562196,0.04422864847,0.06617357434,0.1616111748,-0.0004179556743,-0.1147864724,8.410957192,0.09963941725,-0.002538280193,-0.0002093175968,-0.006570049434,0.4960617561,1.132335706e-05,0.1305261972,0,2025-05-14T00:00:00Z,,historical_reconstruction
2025-05-14,0.4984837021,-0.003032595769,0,0.001808040598,0.004716091304,-0.005786820982,0.05312997972,-0.0003831799336,-0.03293600185,8.299382119,0.02110134936,-0.01288942978,9.717024667e-05,0.001801073211,0.4820157012,0.000152403217,-0.04276915273,0,2025-05-15T00:00:00Z,,historical_reconstruction
2025-05-15,0.5157139143,0.03142782869,0,0.00698933228,-0.005881962891,-0.002356431845,0.09759406352,-0.0003688169216,-0.05818247035,10.54154625,0.08963545235,-0.01939163143,0.0001054336617,0.005878888214,0.4866226792,1.625322909e-05,-0.0200305391,0,2025-05-16T00:00:00Z,,historical_reconstruction
2025-05-16,0.5343889742,0.0687779484,0.0132640802,-0.02113129801,-0.0222780576,-0.03193656947,0.1089663781,-0.000551806773,-0.09778591282,9.093225834,0.1050810137,-0.02339419695,-5.211557639e-05,-0.005466555676,0.4854960178,-0.0002362471237,0.08886336744,0,2025-05-17T00:00:00Z,,historical_reconstruction
2025-05-17,0.4610813681,-0.07783726382,0.0292137869,0.00198366111,0.0002424751867,-0.002655469905,0.1112624994,-0.0003999870711,0.04457004159,10.290201,-0.02642571486,-0.01723757502,5.624805336e-05,-0.0003097172703,0.4833663889,0.0001110011103,-0.1159220708,0,2025-05-18T00:00:00Z,,historical_reconstruction
2025-05-18,0.4950594953,-0.009881009361,0.1334187328,0.03719790715,-0.03149282668,-0.001582898303,0.3349580621,-0.0003202844126,-0.03929174042,9.9855488,-0.09016256274,-0.08755571979,0.0001180259002,0.02474183219,0.4754136251,0.0001131893026,0.02138321853,0,2025-05-19T00:00:00Z,,historical_reconstruction
2025-05-19,0.5014153522,0.002830704407,0.1322559112,0.003704130125,0.02493685717,0.0457316821,0.1275201902,-0.0005023455979,-0.001433356739,10.2776485,0.06295743553,0.02056168019,-0.0001031933088,0.0005316646582,0.5006986738,2.260561365e-05,0.002410919097,0,2025-05-20T00:00:00Z,,historical_reconstruction
2025-05-20,0.5000775197,0.0001550394317,0,0.009155275878,0.01667888415,0.003973430912,0.1474733432,-0.0004357833602,-0.01707143824,10.24767523,-0.04186989276,-0.04321957368,3.113292121e-05,-0.001648937875,0.4915418006,-1.78276859e-05,-0.1067549451,0,2025-05-21T00:00:00Z,,historical_reconstruction
2025-05-21,0.5027127638,0.005425527505,0.5787903883,0.01521838623,-0.0062445949,0.005657089693,0.1138608266,-0.0002861634111,-0.02214525041,9.657231519,-0.03452544972,-0.03010052891,2.840011403e-05,0.009577934619,0.4916401385,9.701652257e-05,0.008458123274,0,2025-05-22T00:00:00Z,,historical_reconstruction
2025-05-22,0.526109952,0.05221990401,0.3470704347,0.01143971943,0.0001276046358,0.005307931717,0.07066157784,-0.0004127858542,-0.07230371419,8.196877946,0.003570059256,-0.03302751687,-0.0001127756748,0.004570727057,0.4899580949,-4.396893257e-05,0.02079207533,0,2025-05-23T00:00:00Z,,historical_reconstruction
2025-05-23,0.4875830895,-0.02483382098,0.4297753407,-0.01345974377,-0.01636344524,-0.01569281356,0.0903199941,-0.0004393429646,-0.001831871739,9.321185005,0.07271326675,-0.003080848879,-3.25704074e-06,-0.0128383637,0.4866671536,0.0001124638085,-0.09361176938,0,2025-05-24T00:00:00Z,,historical_reconstruction
2025-05-24,0.497061646,-0.005876708078,0,-0.009426576055,-0.009876195395,-0.0128427196,0.1816489968,-0.0004465697123,-0.02473726853,10.68561344,-0.05390382051,0.01106503968,0.0001381452394,-0.01099568649,0.4846930117,-4.658264117e-05,0.07196055574,0,2025-05-25T00:00:00Z,,historical_reconstruction
2025-05-25,0.4740427074,-0.05191458526,0.3594494271,0.009744320431,0.01573840721,0.02134184178,0.1645510503,-0.0004664435055,0.04089659482,11.21161323,0.05887826388,0.02497826195,-2.343301201e-05,0.01194955078,0.4944910048,-0.0001461590929,-0.0420335759,0,2025-05-26T00:00:00Z,,historical_reconstruction
2025-05-26,0.4829841827,-0.03403163461,0.1983665233,0.008850114709,-0.0008963367108,-0.001705554344,0.117451136,-0.0004953777743,0.03201508408,10.33087728,-0.03089242939,-0.004818318444,-5.685178089e-05,0.002788864409,0.4989917247,6.967823639e-06,-0.03686233902,0,2025-05-27T00:00:00Z,,historical_reconstruction
2025-05-27,0.516581905,0.03316380994,0.09108622136,-0.009942214599,-0.002769657447,0.00307995054,0.08440269675,-0.0003645506444,0.003305255981,8.686401305,0.09610261377,0.05680835334,8.405244858e-05,-0.008552222572,0.518234533,7.123271585e-05,0.0330087705,0,2025-05-28T00:00:00Z,,historical_reconstruction
2025-05-28,0.4880491189,-0.02390176229,0.09986315024,0.02437160975,0.02082302334,0.009262360792,0.1345617387,-0.0004474940334,0.02757512607,9.20698766,0.09602388331,0.02520625285,9.693935783e-05,0.007814972042,0.5018366819,-0.0001613306223,-0.0293272898,0,2025-05-29T00:00:00Z,,historical_reconstruction
2025-05-29,0.4996928332,-0.0006143335558,0.2700050694,-0.007067604486,-0.004648822853,-0.03108821645,0.07890841492,-0.0004142297417,-0.01089723785,9.340431398,0.04556140296,0.0198866439,5.788047734e-05,-0.001342926921,0.4942442143,-1.443887491e-06,-0.05283423757,0,2025-05-30T00:00:00Z,,historical_reconstruction
2025-05-30,0.4937529064,-0.01249418715,0.388960022,-0.01673004688,-0.02573694967,-0.03459138686,0.1370003871,-0.0006755315367,-0.03078004427,9.148665107,0.05359335443,-0.01667638549,-0.0003343300535,-0.006259622829,0.4783628843,-0.0002361885721,0.01233963383,0,2025-05-31T00:00:00Z,,historical_reconstruction
2025-05-31,0.4998347438,-0.0003305123995,0.2016068734,-0.003677006688,-0.003244897074,0.003353693627,0.09221656583,-0.0003876490273,-0.00727166695,8.734815769,0.06443906843,0.01602660452,6.343761536e-05,-0.001013868169,0.4961989103,5.892068498e-05,0.005546195678,0,2025-06-01T00:00:00Z,,historical_reconstruction
2025-06-01,0.4988640392,-0.002271921685,0.1600455093,0.00507841259,0.006333152348,0.01676176747,0.1278338991,-0.000519846724,-0.02073950806,10.48720375,0.0418355974,-0.02447206738,4.460183874e-05,0.004955958294,0.4884942851,-5.340321852e-05,0.04964266358,0,2025-06-02T00:00:00Z,,historical_reconstruction
2025-06-02,0.4967119063,-0.00657618738,0,0.02959979467,0.02476821556,0.05098088217,0.1870498499,-0.0003566757817,0.01228967851,11.24522191,0.02795071717,0.01692553918,5.604696127e-05,0.01371645891,0.5028567456,0.0001387019926,0.02745544723,0,2025-06-03T00:00:00Z,,historical_reconstruction
2025-06-03,0.5022848941,0.00456978813,0,-0.01212483668,-0.01151861197,-0.003236245955,0.1256865103,-0.0004627201777,-0.006242509709,11.42029942,0.06030757173,-0.003370961205,-1.869492699e-05,-0.008113042682,0.4991636392,-9.816953333e-05,-0.0285940218,0,2025-06-04T00:00:00Z,,historical_reconstruction
2025-06-04,0.5183961663,0.03679233253,0.006345708925,-0.006113457229,-0.02257938769,-0.006374766138,0.1269479067,-0.0004064915941,-0.03955854946,10.51066814,0.04174921948,0.007974632317,0.0001194076545,-0.002065129451,0.4986168915,4.100243935e-05,0.06069409482,0,2025-06-05T00:00:00Z,,historical_reconstruction
2025-06-05,0.4680367285,-0.06392654309,0.1204613261,-0.04545346704,-0.067748239,-0.07438621784,0.3660463142,-0.0004598158251,0.02343880329,10.52791409,0.03958153035,0.00769260451,3.354099914e-05,-0.003984506268,0.4797561301,-4.558608343e-05,-0.06331220953,0,2025-06-06T00:00:00Z,,historical_reconstruction
2025-06-06,0.502190859,0.004381718027,0,-0.003188380126,-0.01335660379,-2.019263776e-05,0.0745340633,-0.0002907798554,-0.01589742729,9.37546004,0.0380101604,-0.003445917751,0.0001737011551,0.0006586080572,0.4942421454,0.0003847516812,0.01687590518,0,2025-06-07T00:00:00Z,,historical_reconstruction
2025-06-07,0.5118931352,0.02378627033,0,0.002911849998,0.001936700069,0.01156761868,0.1484290929,-0.0004872001046,0.001793237177,10.16596799,0.07229548147,-0.03184082809,-6.418645681e-05,-0.001643494958,0.5127897538,-9.955107725e-05,0.02411678273,0,2025-06-08T00:00:00Z,,historical_reconstruction
2025-06-08,0.5067648683,0.01352973666,0.4319557085,-0.008975108191,-0.001833410223,-0.001460115377,0.2139358909,-0.0006016343736,-0.04130862526,9.87298801,-0.07027677572,-0.05978183122,-5.781686934e-05,-0.005230878279,0.4861105557,-8.178764966e-05,0.01580165835,0,2025-06-09T00:00:00Z,,historical_reconstruction
2025-06-09,0.5344632232,0.06892644644,0.08904554862,0.03857659906,0.05762180805,0.05443035983,0.3122645649,-0.0003768473917,-0.03962295745,9.768155465,0.004581608266,-0.04518884472,-5.833625355e-05,0.01563253863,0.5146517445,-2.017161002e-05,0.07550263382,0,2025-06-10T00:00:00Z,,historical_reconstruction
2025-06-10,0.5318274642,0.06365492839,0.5737335483,0.01539826008,0.03053099936,0.01541656451,0.1596969753,-0.0002343417128,-0.05039403808,7.752702659,0.1251224473,0.01903562751,0.0001192308619,0.006830231643,0.5066304452,0.0002283784649,0.05908514026,0,2025-06-11T00:00:00Z,,historical_reconstruction
2025-06-11,0.4829038184,-0.03419236321,0.2387268628,-0.01482589965,-0.03266438643,-0.0002344657428,0.1363385043,-0.000458217426,0.01767842942,9.304907366,0.04594662536,0.01696394105,-4.292035603e-05,-0.0008943156196,0.4917430331,-5.172583191e-05,-0.07098469574,0,2025-06-12T00:00:00Z,,historical_reconstruction
2025-06-12,0.4917362418,-0.01652751638,0,-0.01942486085,-0.02836248387,-0.03192541578,0.2423840618,-0.0004805782075,-0.01230841611,10.57812279,0.05026891587,0.01453640275,0.0001083210185,-0.01046982015,0.4855820338,-2.076238236e-05,0.0473990267,0,2025-06-13T00:00:00Z,,historical_reconstruction
2025-06-13,0.4742633381,-0.05147332383,0.3883952368,0.02036222366,0.01093960679,0.01327094653,0.04739822934,-0.0004264904873,0.02365958887,9.295833069,-0.02922436511,-0.03331719412,-5.606281542e-05,0.009100750728,0.4860931325,-0.0001357106319,-0.05585504186,0,2025-06-14T00:00:00Z,,historical_reconstruction
2025-06-14,0.4687897345,-0.06242053091,0.1025662236,0.009276171486,0.004505023001,-0.003052972019,0.1333556695,-0.0004346520413,0.034543808,10.74264557,0.06243899928,-0.01609373339,8.463066935e-05,0.007348417507,0.4860616385,5.254806329e-05,-0.08620680124,0,2025-06-15T00:00:00Z,,historical_reconstruction
2025-06-15,0.5114918398,0.0229836796,0,0.004265232834,0.002281838532,0.01252334963,0.2606544838,-0.0005063569385,-0.00536097992,11.6700641,0.08577181624,0.01573274431,5.626967265e-05,0.002847450557,0.5088113498,9.527743518e-05,0.009453942938,0,2025-06-16T00:00:00Z,,historical_reconstruction
2025-06-16,0.5131639368,0.0263278737,0.2722966141,-0.04373924091,-0.0334581953,-0.02783329066,0.2772886859,-0.0004127082703,-0.03062423409,10.42516489,0.02890297816,-0.02526902268,3.324273708e-06,-0.01709568005,0.4978518198,-3.586087855e-05,-0.04259857275,0,2025-06-17T00:00:00Z,,historical_reconstruction
2025-06-17,0.5024151469,0.004830293884,0.06510114727,-0.007281399801,0.004377733582,-0.01654663856,0.1021380695,-0.0003824777386,-0.0172184263,11.16993104,0.09958661873,-0.005669107235,3.043012269e-05,-0.00128909162,0.4938059338,-0.0001481360258,-0.05882463451,0,2025-06-18T00:00:00Z,,historical_reconstruction
2025-06-18,0.4964663921,-0.007067215833,0.05408760172,0.01307163319,0.006393087176,0.00443143214,0.1283476923,-0.000598019802,-0.004811996983,13.25837092,0.03988100365,-0.009132487853,-8.336962395e-05,0.01038807935,0.4940603936,-0.000139802376,0.02712514738,0,2025-06-19T00:00:00Z,,historical_reconstruction
2025-06-19,0.4835289985,-0.03294200304,0.2601482033,0.006487362618,0.01129175241,-0.004226208814,0.1557426659,-0.0003728501618,0.04854314599,14.50089973,0.03384862317,0.03266246175,0.0001191304773,0.003914995091,0.5078005715,0.0001077280456,-0.01641448665,0,2025-06-20T00:00:00Z,,historical_reconstruction
2025-06-20,0.4493340246,-0.1013319507,0.4592608872,-0.003457786023,-0.03500308768,-0.05614518128,0.1115973576,-0.0004446309771,0.05807745644,12.25604279,0.03114108179,-0.02190000848,5.770212738e-05,-8.924836902e-05,0.4783727529,-1.814048974e-05,-0.04985862691,0,2025-06-21T00:00:00Z,,historical_reconstruction
2025-06-21,0.4501102086,-0.09977958273,0.6409230137,-0.03733289723,-0.05275644808,-0.06018626548,0.5393084219,-0.0004791504227,0.05142560689,12.78317635,0.06992988192,-0.01643756124,-8.53980132e-05,-0.001223530397,0.4758230121,-4.449838146e-05,-0.03735905182,0,2025-06-22T00:00:00Z,,historical_reconstruction
2025-06-22,0.4882204764,-0.02355904715,0.5885869862,0.02010724474,0.02427697825,-0.01992960845,0.1898897729,-0.0006149840643,0.01016589438,13.07776582,0.06214672765,-0.01536859443,-2.893283625e-05,0.02104530765,0.4933034236,-0.0001086271258,-0.04654272675,0,2025-06-23T00:00:00Z,,historical_reconstruction
2025-06-23,0.4933310398,-0.01333792045,0.1177265083,0.04275825093,0.07254962131,0.07024114885,0.2760744629,-0.0005266082284,0.02416812672,13.56341112,0.01658173152,-0.002104935626,-0.0001180978842,0.02106051397,0.5054151031,-0.0001138999581,-0.03966579415,0,2025-06-24T00:00:00Z,,historical_reconstruction
2025-06-24,0.4945834255,-0.01083314907,0.05047800259,0.005841682996,0.004240989947,0.0161904841,0.06786480531,-0.0003553268394,0.01442741833,12.90965945,0.05407924239,0.009400645124,9.80917102e-05,0.004163069653,0.5017971346,2.715089917e-05,-0.01566344296,0,2025-06-25T00:00:00Z,,historical_reconstruction
2025-06-25,0.4979733063,-0.004053387474,0.2300484306,-0.005878024819,0.005320718796,-0.004310486793,0.1004540987,-0.0005003121783,-0.004607054736,12.04481403,-0.03152418241,-0.02761757898,6.405965577e-05,-0.003907604624,0.4956697789,9.770762372e-05,0.003013828359,0,2025-06-26T00:00:00Z,,historical_reconstruction
2025-06-26,0.5072290592,0.01445811842,0.05690660649,-0.008169599238,-0.007020024332,-0.01403472973,0.1248704317,-0.0005877580755,-0.02238385911,12.28740751,0.07180453495,7.403492921e-05,-0.000275828042,-0.005448654492,0.4960371297,-0.0002149079136,0.04740012146,0,2025-06-27T00:00:00Z,,historical_reconstruction
2025-06-27,0.4290468418,-0.1419063163,0,0.004352024935,-0.006188839582,-0.009839615895,0.101046747,-0.0004580776421,0.1430861483,11.45769031,0.06285802592,-0.01233038271,-0.0001134645593,0.002308685816,0.500589916,-1.344666503e-05,-0.04057436561,0,2025-06-28T00:00:00Z,,historical_reconstruction
2025-06-28,0.4821481071,-0.03570378575,0,0.0009904611604,-0.0001970362465,0.003378072192,0.09243836956,-0.0003366699239,0.04704818638,9.841952437,0.04140162568,-0.03108731694,0.0001832897133,0.0006626207476,0.5056722003,0.0001424804989,0.06407579698,0,2025-06-29T00:00:00Z,,historical_reconstruction
2025-06-29,0.5184588542,0.03691770835,0.8279750524,0.0254802151,0.02601890269,0.01537218143,0.4763896685,-0.0003359879044,-0.01294642544,10.763214,-0.06705570376,-0.02206703698,9.89635103e-05,0.008846087957,0.5119856415,0.0002789961598,0.0604767555,0,2025-06-30T00:00:00Z,,historical_reconstruction
2025-06-30,0.5106625063,0.02132501267,0.1464699266,-0.01202046341,0.004323634115,0.0109659916,0.123034178,-0.0004707359172,-0.04104412389,11.72200451,0.1331464873,0.005331726973,8.084532909e-05,-0.005563734774,0.4901404444,5.587231121e-05,0.03466293312,0,2025-07-01T00:00:00Z,,historical_reconstruction
2025-07-01,0.4515788831,-0.0968422338,0.2305255329,0.0008906016555,-0.007645840382,-0.017982483,0.1644144954,-0.0005654862142,0.06704830773,12.79202852,0.01800527808,-0.003162510496,-0.0001563309004,0.002681441827,0.485103037,-0.0002101593748,-0.08600908473,0,2025-07-02T00:00:00Z,,historical_reconstruction
2025-07-02,0.5092530021,0.01850600428,0.03720173152,-0.01317602976,0.02864952257,0.05099583349,0.1916757806,-0.0004046047129,0.002663648088,10.34751648,-0.02786060669,-0.01988924805,5.106990606e-05,-0.007536187907,0.5105848262,9.570746539e-05,0.02255939176,0,2025-07-03T00:00:00Z,,historical_reconstruction
2025-07-03,0.5171024338,0.03420486766,0,0.00202241282,0.008064516129,-0.002436883561,0.07028994786,-0.0004167872648,-0.00800075934,10.43020543,-0.03336282326,-0.009000322996,-5.560572119e-05,-0.001991103919,0.5131020542,0.0001709708106,0.01974674924,0,2025-07-04T00:00:00Z,,historical_reconstruction
2025-07-04,0.4382730521,-0.1234538957,0,0.01025952944,0.003007374466,-0.01614624196,0.08588421922,-0.0004704869141,0.0965566473,11.14038498,0.06427986136,0.001775131126,-1.819869128e-05,0.004792255866,0.4865513758,-1.240927199e-05,0.01845242065,0,2025-07-05T00:00:00Z,,historical_reconstruction
2025-07-05,0.5062018234,0.0124036469,0.09760542847,0.004262230967,0.003485307078,-0.0006751095067,0.1114281653,-0.0004609741656,-0.03469660736,12.79316645,0.0470015534,-0.02955445151,-4.76582965e-05,0.0005209827321,0.4888535198,-0.0001243042417,0.04810743265,0,2025-07-06T00:00:00Z,,historical_reconstruction
2025-07-06,0.4992063464,-0.001587307221,0.5626345344,0.01153066646,0.004549167354,0.02154490609,0.3132892505,-0.0004707530103,0.02219265897,12.95671489,0.002939395088,-0.004726386016,6.073013169e-05,0.006130454231,0.5103026759,-0.0001347651059,-0.03850501557,0,2025-07-07T00:00:00Z,,historical_reconstruction
2025-07-07,0.4927286319,-0.0145427362,0.0576063634,-0.0006603851461,0.003346738706,-0.008076504395,0.08490004216,-0.0003618784639,0.0056005791,14.45850285,0.1515153449,0.01086321244,0.0001834605044,0.001908905762,0.4955289215,0.0001088574532,-0.03586774887,0,2025-07-08T00:00:00Z,,historical_reconstruction
2025-07-08,0.5218406093,0.04368121863,0.16345075,0.001777362379,0.01971785954,0.01556796471,0.09406826919,-0.0004894369563,-0.0279462054,12.0489285,0.09443958785,0.01845741252,-3.149869572e-05,0.001389237861,0.5078675066,7.604925788e-05,0.1405234524,0,2025-07-09T00:00:00Z,,historical_reconstruction
2025-07-09,0.5211339495,0.04226789895,0,0.001349000546,0.04211770374,0.05418381605,0.2128819706,-0.0003756221241,-0.004780939025,10.55690972,0.008222468081,-0.01047037627,-6.915105356e-05,-0.004617450078,0.51874348,2.898258872e-05,0.02376189467,0,2025-07-10T00:00:00Z,,historical_reconstruction
2025-07-10,0.5138642319,0.02772846386,0.8122702757,0.04796517305,0.06570927159,0.06211560124,0.3844088872,-0.0002270193712,-0.01900326039,8.99194686,-0.009453959032,-0.04886261708,3.847498274e-05,0.02390253288,0.5043626017,0.0001897678936,-0.0064764038,0,2025-07-11T00:00:00Z,,historical_reconstruction
2025-07-11,0.4925724705,-0.01485505905,0,-0.0164184067,0.00241605644,-0.008642732431,0.09945633989,-0.0004360730439,-0.01473531019,8.993015348,0.01895721202,-0.03828906027,-0.0002007241907,-0.00492046275,0.4852048154,3.441387016e-05,0.1085988367,0,2025-07-12T00:00:00Z,,historical_reconstruction
2025-07-12,0.4853000804,-0.02939983925,0.05905773644,0.0007139991432,0.009337974315,-0.006786146947,0.1182739882,-0.0004790573782,0.005298466862,9.38961879,0.07441846871,-0.00953676593,-0.0002176027708,-0.001114070017,0.4879493138,-1.808321259e-05,-0.04180348615,0,2025-07-13T00:00:00Z,,historical_reconstruction
2025-07-13,0.507506648,0.01501329601,0.1433795869,-0.005830484435,-0.006817202073,0.002516385176,0.202969234,-0.0005585407953,-0.01510702042,9.793932278,0.01682239764,-0.01756618478,-0.0001526178471,0.001055387102,0.4999531378,-8.778778506e-05,0.01660060324,0,2025-07-14T00:00:00Z,,historical_reconstruction
2025-07-14,0.4744949443,-0.05101011148,0,0.004422817338,0.0003784257489,-0.01248152675,0.07963185629,-0.0004512845017,0.05491570878,8.165540543,-0.08472919111,-0.02371177652,-0.0002453452745,-0.0008190801656,0.5019527987,-8.940603779e-05,-0.03646737528,0,2025-07-15T00:00:00Z,,historical_reconstruction
2025-07-15,0.5247547142,0.04950942847,0,0.03190534288,0.03222103068,0.05258761808,0.1189399962,-8.604508125e-05,-0.0534185302,10.05888329,0.07083988997,0.02234540841,8.03129159e-05,0.01152778993,0.4980454491,0.0004033918751,0.005828209841,0,2025-07-16T00:00:00Z,,historical_reconstruction
2025-07-16,0.5157624551,0.03152491021,0.07233226448,-0.003802944253,0.03910333859,0.07010338074,0.1956571946,-0.0002372936657,-0.01814634929,8.264541884,0.05078939799,0.01222074715,9.761197356e-05,-0.00503001925,0.5066892805,0.0001383284584,-0.01074298874,0,2025-07-17T00:00:00Z,,historical_reconstruction
2025-07-17,0.4970684715,-0.005863057049,0.2287419444,0.01891674872,0.01648301851,0.01269041447,0.197910961,-6.327530221e-05,-0.008534102441,9.063351172,0.015428278,-0.01951259032,-5.52200945e-05,0.001831713372,0.4928014203,0.000163744069,-0.03359152091,0,2025-07-18T00:00:00Z,,historical_reconstruction
2025-07-18,0.4887886215,-0.02242275704,0.04989483745,-0.001314904029,-0.004703003637,-0.01753627885,0.1046037528,-0.0001578834595,-0.00167088973,8.532495911,0.07886807218,0.004655522187,8.328710309e-05,0.004686612751,0.4879531766,0.0002781895845,-0.007567697992,0,2025-07-19T00:00:00Z,,historical_reconstruction
2025-07-19,0.467247007,-0.06550598601,0,0.004025033472,0.01126407658,0.01105059461,0.136256034,-0.000194876963,0.05021435264,9.038940886,0.03671829395,0.05086763111,2.236675726e-05,-0.001422616863,0.4923541833,0.0002841804151,-0.03610614676,0,2025-07-20T00:00:00Z,,historical_reconstruction
2025-07-20,0.5201711833,0.0403423665,0.2690964697,0.001802700317,-0.007757404795,-2.661910719e-06,0.1579267009,-0.0002715156161,-0.05845611656,8.487209989,0.02461158117,0.02205078188,0.000147364269,-0.007531462909,0.490943125,0.0002870251792,0.02532907049,0,2025-07-21T00:00:00Z,,historical_reconstruction
2025-07-21,0.4751286624,-0.04974267513,0.2328233019,0.006920970863,-0.01260769951,-0.01217216418,0.07988744255,-0.000364136054,0.01216374683,8.216082706,-0.03462537674,-0.01849949944,6.31926746e-05,0.005247085944,0.4812105358,8.714844771e-05,0.001267436344,0,2025-07-22T00:00:00Z,,historical_reconstruction
2025-07-22,0.4814892408,-0.0370215184,0.09011429804,0.02072951094,0.007557603191,0.01104094135,0.08091088674,-5.338729009e-05,-0.005317163265,9.1125899,-0.06926396737,-0.05554297177,-0.0003808450028,0.005636302041,0.4788306592,3.265779116e-05,-0.08653094687,0,2025-07-23T00:00:00Z,,historical_reconstruction
2025-07-23,0.4613983476,-0.07720330489,0,0.01130237977,-0.00436857371,-0.01190090387,0.1411847766,-0.0002204895419,0.02040670217,8.705417356,-0.04840500501,-0.02950297942,0.0001373029366,0.003060552915,0.4716016986,1.680412384e-05,-0.1087282151,0,2025-07-24T00:00:00Z,,historical_reconstruction
2025-07-24,0.4973841136,-0.005231772805,0.3223969228,-0.006919794148,-0.006387421363,0.01417737311,0.09650775563,-0.0001996255672,-0.007696210082,10.37231906,0.02676911931,0.004201922074,0.0001949122848,-0.005064845117,0.4935360086,-0.000136350265,0.0006312842434,0,2025-07-25T00:00:00Z,,historical_reconstruction
2025-07-25,0.4843733091,-0.03125338178,0.3039496789,0.02301745328,0.0249710391,0.0009646984847,0.08906405908,-0.0002120828143,0.01269050334,9.689225606,0.08116667962,0.03534378769,4.98751056e-05,0.007933165708,0.4907185608,-5.419935486e-05,-0.008830624744,0,2025-07-26T00:00:00Z,,historical_reconstruction
2025-07-26,0.5031162989,0.006232597714,0.225304002,-0.002506332489,0.001440150761,0.0004626447771,0.1481585502,-0.0002940311673,-0.0106461009,8.167774459,0.09978011954,0.0007234869948,-3.292191857e-05,-0.002639891989,0.4977932484,-9.915420427e-05,0.07173858372,0,2025-07-27T00:00:00Z,,historical_reconstruction
2025-07-27,0.5036587437,0.007317487386,0.4483262957,0.01143318366,0.01402895879,0.01489806724,0.1437656875,-0.0001627024095,-0.0028113136,8.872526498,-0.1160163967,-0.02921157997,-0.000228439242,0.003829354083,0.5022530869,0.0001088132066,-0.03302487911,0,2025-07-28T00:00:00Z,,historical_reconstruction
2025-07-28,0.4899952493,-0.02000950133,0,0.0004292444508,-0.002392262829,-0.02082581576,0.1038870367,-0.0007896814951,-0.01183500008,10.12665054,-0.05526229364,0.04280471463,-0.0006124869423,-5.429041203e-05,0.4840777493,-0.0004255454411,0.0297331738,0,2025-07-29T00:00:00Z,,historical_reconstruction
2025-07-29,0.4904174407,-0.01916511863,0.2282808969,0.007408607261,0.008568253597,-0.008390204632,0.1006845441,-0.0005904385852,0.006340304371,11.204882,-0.07487290336,0.0316704792,-0.0001346551718,0.003620327473,0.4935875929,-0.0005370512951,0.01785639977,0,2025-07-30T00:00:00Z,,historical_reconstruction
2025-07-30,0.4741489839,-0.05170203211,0.2886160413,0.01311734345,0.003357693067,0.01378858916,0.1289801577,-0.0003490813648,0.03089155077,10.95187764,-0.05310373813,0.004767082054,0.0002390026777,0.007899382749,0.4895947593,-0.0001285918229,0.02550127278,0,2025-07-31T00:00:00Z,,historical_reconstruction
2025-07-31,0.4762254142,-0.04754917159,0.2394489222,-0.01051981026,-0.02375679378,-0.03648868684,0.178425643,-0.0004894021453,0.02335625144,10.43364097,-0.02566492937,0.01468928028,8.746072965e-05,-0.008748496606,0.4879035399,-0.0002897765781,-0.04231739878,0,2025-08-01T00:00:00Z,,historical_reconstruction
2025-08-01,0.4616383786,-0.07672324285,0.05850665633,-0.0085890826,-0.03536959708,-0.04241885185,0.1748944779,-0.0005102918411,0.03289738114,11.7209301,-0.01513420384,-0.005855937678,-4.135123465e-05,-0.0002712464551,0.4780870691,-0.0002982090268,-0.04546986107,0,2025-08-02T00:00:00Z,,historical_reconstruction
2025-08-02,0.4691273917,-0.06174521656,0.08757683772,0.00317450934,-0.01890250424,-0.03269899991,0.1374745376,-0.0004478570629,0.02817947697,10.96951389,0.05862658552,0.04569275166,-0.0001142167449,0.002823947589,0.4832171302,-0.0001538258956,-0.06797781427,0,2025-08-03T00:00:00Z,,historical_reconstruction
2025-08-03,0.5292609304,0.05852186072,0.5259194877,-2.859798384e-06,0.005824840572,0.00323918002,0.125817157,-0.0004976063419,-0.03453692158,11.55685893,0.04734302367,0.03959163971,1.023543561e-05,-0.000913192957,0.5119924696,-0.0003349039324,0.05120437333,0,2025-08-04T00:00:00Z,,historical_reconstruction
2025-08-04,0.520472327,0.04094465402,0.2659984104,0.0139683301,0.01975943369,0.0464829809,0.1634909507,-0.0004219307227,-0.03376979662,11.46541983,0.06531745965,0.03663995421,3.811000734e-05,0.002416934591,0.5035874287,0.0003677507724,0.06095415535,0,2025-08-05T00:00:00Z,,historical_reconstruction
2025-08-05,0.4707933706,-0.05841325874,0.1492014134,0.01129729957,0.01164285534,-0.01682181937,0.09178877154,-0.0005011074197,0.02094221781,11.88170609,0.007715998913,0.0131071301,2.592431391e-05,0.004517301227,0.4812644795,8.933116545e-05,-0.03924814011,0,2025-08-06T00:00:00Z,,historical_reconstruction
2025-08-06,0.5105484298,0.02109685955,0.2106679449,-9.501419784e-05,0.005078178296,0.0175929584,0.1059557262,-0.0005701393583,-0.0359374024,11.48222373,0.02256579988,0.001055223836,-0.0001242833021,-0.002322835329,0.4925797286,-0.0002210579935,0.07279889166,0,2025-08-07T00:00:00Z,,historical_reconstruction
2025-08-07,0.545605353,0.09121070598,0.5021962491,0.0110430241,0.01910341646,0.02176633978,0.162657602,-0.0004884523222,-0.07077591465,9.385944122,0.05047864808,-0.02583191787,-4.485729049e-05,8.530419074e-05,0.5102173957,9.498230634e-07,0.1387598776,0,2025-08-08T00:00:00Z,,historical_reconstruction
2025-08-08,0.5387791793,0.07755835854,0.2375865654,-0.01267674305,0.01389282246,0.02336158776,0.08315363516,-0.0001122334456,-0.07954622639,8.4864075,0.1647948379,0.02163171678,0.0002866532372,0.001900588398,0.4990060661,0.0003980583955,0.1542816014,0,2025-08-09T00:00:00Z,,historical_reconstruction
2025-08-09,0.5118771348,0.02375426958,0.1656557591,0.000481382248,0.01212712937,0.01685441527,0.1691876071,-0.0003567555896,-0.01803021829,9.469072913,-0.0001871769852,-0.02475597768,-1.20086866e-05,-0.0006301074486,0.5028620256,9.110147332e-05,0.08549948614,0,2025-08-10T00:00:00Z,,historical_reconstruction
2025-08-10,0.4768711106,-0.04625777879,0.2169761033,0.0004165882131,0.007736003831,0.01674169613,0.1282068299,-0.0004234726166,0.00414777822,9.586023441,-0.1666487305,-0.05222710324,-9.898021335e-05,0.005316901827,0.4789449997,7.413372529e-05,-0.1047796395,0,2025-08-11T00:00:00Z,,historical_reconstruction
2025-08-11,0.4986435086,-0.002712982731,0.5443342439,-0.008489498472,-0.02460193915,0.009108503978,0.1121407717,-0.0004522615445,-0.02604558691,10.06689661,-0.002296466594,-0.02853745269,-8.06928675e-05,-0.003386534307,0.4856207152,-3.033082177e-05,-0.04365763675,0,2025-08-12T00:00:00Z,,historical_reconstruction
2025-08-12,0.5203058546,0.04061170911,0.3084199847,0.01628303929,0.02636038832,0.06981686996,0.2175120895,-0.0002635866961,-0.02471800196,9.565406761,-0.06776725008,0.01679011869,0.0001782529551,0.003917678036,0.5079468536,0.0002375207237,0.09902496786,0,2025-08-13T00:00:00Z,,historical_reconstruction
2025-08-13,0.5149255697,0.02985113945,0.1333936018,0.002177683805,0.01820606383,0.0125834705,0.1538689468,-0.0001958183311,-0.04461709953,8.593259777,0.001215785271,-0.007225708903,-0.0003374978851,0.004580337877,0.49261702,0.0003743210272,0.008754279902,0,2025-08-14T00:00:00Z,,historical_reconstruction
2025-08-14,0.4824572212,-0.03508555764,0.1201533636,0.002027485653,-0.01559472338,-0.03631485022,0.0892079553,-0.0003474940838,-0.002902403896,8.249640486,0.007094795379,0.02639656434,9.960815856e-05,0.002960424574,0.4810060192,0.0001409582384,-0.1262962636,0,2025-08-15T00:00:00Z,,historical_reconstruction
2025-08-15,0.4909638999,-0.01807220011,0.06069289612,0.01277988799,0.00194092808,-0.04201399603,0.1580737404,-0.000520332382,-0.005445138997,8.415067059,0.08021664105,-0.007192193185,1.528123646e-05,0.003470009479,0.4882413304,-0.0004080989365,-0.09563055864,0,2025-08-16T00:00:00Z,,historical_reconstruction
2025-08-16,0.4802038798,-0.03959224032,0.1412189792,0.0007830658613,0.004904088483,0.007773685698,0.0828382247,-0.0004002722756,-0.006438795797,8.877748273,0.02346563753,-0.004340405309,3.387079362e-05,-0.002476967146,0.4769844819,-4.351668604e-05,-0.0633465099,0,2025-08-17T00:00:00Z,,historical_reconstruction
2025-08-17,0.4901422068,-0.01971558647,0.2694704892,0.002865759998,-0.01965370376,-0.01743528228,0.1497805679,-0.0003734071502,-0.001279246364,9.369786818,0.029204588,0.02032463088,6.277525804e-05,-0.001403928738,0.4895025836,5.006546643e-05,0.02654219233,0,2025-08-18T00:00:00Z,,historical_reconstruction
2025-08-18,0.4940121811,-0.01197563779,0,-0.009664575622,-0.007485870506,0.009037610309,0.08687045687,-0.0002921407191,-0.007781075212,9.987616626,0.1261070292,0.04178150699,8.169652448e-05,-0.0007475454374,0.4901216435,0.0001601208254,-0.009262655056,0,2025-08-19T00:00:00Z,,historical_reconstruction
2025-08-19,0.479942296,-0.04011540791,0.3788648789,-0.01603331724,-0.02780202951,-0.05415485015,0.1257845454,-0.0004048493592,-0.001456099539,9.201753476,0.006772385692,-0.005905381365,2.69636156e-05,-0.002294212741,0.4792142463,-0.0001412626632,-0.08072711702,0,2025-08-20T00:00:00Z,,historical_reconstruction
2025-08-20,0.5186407488,0.03728149765,0,-0.002411057737,0.01891119633,0.03357813167,0.09514041829,-0.0003828272019,-0.03949426923,10.52232223,0.1146891824,0.003559650222,6.120403461e-05,-4.742875754e-05,0.4988936142,-0.0001870088708,0.007430358203,0,2025-08-21T00:00:00Z,,historical_reconstruction
2025-08-21,0.497251198,-0.005497603936,0.02294854851,0.0002840841836,-0.004091772614,-0.01244118891,0.109277688,-0.0003786713369,-0.02812385697,11.36668692,0.008005296207,-0.008802527628,-4.267133695e-05,0.002730010444,0.4831892695,-3.117725314e-05,0.0295879537,0,2025-08-22T00:00:00Z,,historical_reconstruction
2025-08-22,0.5366194568,0.07323891368,0.6606390651,-0.0001924270639,0.04678851582,0.1304224752,0.1334820899,-0.0003518160954,-0.07763932325,9.358203856,0.04945298282,-0.003585917703,-2.266165798e-05,0.002401938215,0.4977997952,0.0001685162866,0.09131111378,0,2025-08-23T00:00:00Z,,historical_reconstruction
2025-08-23,0.4820343186,-0.03593136279,0.1450439259,0.004148226602,0.005769323867,0.01561121797,0.0772519201,-0.0002385735811,0.01047662168,7.796083193,0.06666264163,0.009050396174,0.0002894152406,0.002641532574,0.4872726294,0.0001616986945,0.003660877521,0,2025-08-24T00:00:00Z,,historical_reconstruction
2025-08-24,0.5045082691,0.009016538179,0.2550775033,-0.006827328429,-0.003784665851,0.006828526475,0.2214536006,-0.0003828331747,-0.02021880993,8.147221805,0.1282783635,0.04838936455,3.384233976e-05,0.007935968028,0.4943988641,-9.426024503e-06,0.02873212465,0,2025-08-25T00:00:00Z,,historical_reconstruction
2025-08-25,0.4466169802,-0.1067660395,0.138569887,-0.009990181751,-0.05125114361,-0.04867306656,0.229788227,-0.0004410239067,0.06032074047,8.720803151,-0.01186745531,0.004169969047,-5.285670038e-06,-0.005456747811,0.4767773505,-0.0001488831876,-0.09479040173,0,2025-08-26T00:00:00Z,,historical_reconstruction
2025-08-26,0.4809077488,-0.03818450233,0.04395348675,0.0008571385062,0.0180569724,0.03916435522,0.1103752978,-0.0004651536855,0.03873008797,8.179398157,-0.1077709294,0.01569661322,1.192634139e-05,0.005824452152,0.5002727928,-6.030432624e-05,0.001930905584,0,2025-08-27T00:00:00Z,,historical_reconstruction
2025-08-27,0.507417018,0.01483403609,0.06676695258,-0.01292025319,-0.03239235826,-0.02216595391,0.1900870344,-0.0004149368386,-0.0495956271,9.50197325,0.07950391177,-0.03328181628,0.0001882340011,-0.007304291873,0.4826192045,-3.210963668e-05,-0.02244746156,0,2025-08-28T00:00:00Z,,historical_reconstruction
2025-08-28,0.4752763222,-0.04944735563,0,0.0163839504,0.001598575492,-0.01819016756,0.1068960426,-0.0004677237371,0.03414834999,9.110379659,0.02495089469,-0.0035836906,6.173918674e-05,0.005947559529,0.4923504972,-8.905240014e-05,-0.0439497517,0,2025-08-29T00:00:00Z,,historical_reconstruction
2025-08-29,0.4774151301,-0.04516973983,0,0.004466928831,0.0102129237,0.003151975852,0.07395413235,-0.0003509029444,0.01894870584,9.128888588,0.01415157373,0.02118442961,6.431277403e-05,0.001528388577,0.486889483,9.131510054e-07,-0.1184086535,0,2025-08-30T00:00:00Z,,historical_reconstruction
2025-08-30,0.5316210139,0.06324202786,0.05872457724,0.004379246917,-0.0005804069247,-0.004182538074,0.07220126969,-0.0003886869241,-0.08730541279,8.629146527,-0.01968342431,0.0005527007719,0.0001482729237,-0.0001101735284,0.4879683075,-0.000150113343,0.09917339066,0,2025-08-31T00:00:00Z,,historical_reconstruction
2025-08-31,0.5155138808,0.03102776154,0.4103944711,-0.0144008079,-0.02083481968,-0.01901951762,0.1415919235,-0.000512314912,-0.04396008639,8.843258566,0.06688051481,-0.03501387568,-0.0001617257235,-0.006276048839,0.4935338376,-0.0001294817373,0.02201122336,0,2025-09-01T00:00:00Z,,historical_reconstruction
2025-09-01,0.4791888242,-0.04162235164,0.06685265117,-0.01225947505,-0.01089176779,-0.01783132969,0.2444007644,-0.0003476648511,0.01833179081,10.59150639,0.01981450263,-0.01538804118,0.0001056596599,0.0001810146986,0.4883547196,9.335905561e-05,0.06514368788,0,2025-09-02T00:00:00Z,,historical_reconstruction
2025-09-02,0.5000952541,0.0001905081098,0,0.0121864772,0.007181683796,-0.004940225116,0.1059113445,-0.0004414653877,-0.01511767238,9.754741261,0.01811588791,-0.001043877514,2.608221497e-05,0.003916755057,0.4925364179,2.368829775e-05,0.03837501043,0,2025-09-03T00:00:00Z,,historical_reconstruction
2025-09-03,0.5362662979,0.0725325959,0,-0.00555491004,-0.00659818483,0.0180601211,0.07528983879,-0.0005033187581,-0.08788562052,7.941532016,0.1312762862,0.001457313255,-9.23281292e-05,-0.004349886188,0.4923234877,-8.838191944e-05,0.05769855981,0,2025-09-04T00:00:00Z,,historical_reconstruction
2025-09-04,0.4730499084,-0.05390018318,0.1030626312,0.005058560497,-0.001804743898,-0.02484433997,0.08859749719,-0.0004351316448,0.02875229461,10.35087623,-0.04821539756,-0.04560028274,2.968905066e-05,0.008477868852,0.4874260557,3.259209232e-05,-0.004452827549,0,2025-09-05T00:00:00Z,,historical_reconstruction
2025-09-05,0.500935946,0.001871892033,0.5630037118,-0.005561532388,0.005614698604,-0.02488579203,0.07176072624,-0.0004039512937,-0.007545744727,10.12712803,0.002286157844,0.006279215122,3.513048211e-06,-0.008552201174,0.4971630737,-5.304834931e-05,0.04704163186,0,2025-09-06T00:00:00Z,,historical_reconstruction
2025-09-06,0.4725043236,-0.05499135282,0,0.004149943132,0.0006814621226,-0.006246511628,0.1564313055,-0.0003393289244,0.01225408088,11.22422769,0.02155017954,0.02656475426,0.00013867244,0.001359070768,0.478631364,4.935799972e-05,-0.1182333807,0,2025-09-07T00:00:00Z,,historical_reconstruction
2025-09-07,0.5211474094,0.04229481879,0,0.002962638612,0.001581619718,-0.001087944921,0.1902528976,-0.0005457260362,-0.05717804689,10.08216369,0.1372116205,-0.05895548407,6.203675232e-06,-0.00110237292,0.4925583859,-3.341112423e-05,0.01126705725,0,2025-09-08T00:00:00Z,,historical_reconstruction
2025-09-08,0.4976863781,-0.00462724381,0,0.003114372234,-0.01493032363,-0.001402924576,0.113597671,-0.0005549917912,0.001301758349,9.509090116,0.04040488661,-0.004426773158,-8.535459868e-05,-0.0002861799271,0.4983372573,-0.0002073269401,0.03699510783,0,2025-09-09T00:00:00Z,,historical_reconstruction
2025-09-09,0.4867338894,-0.02653222129,0.3843200919,0.00351338766,0.005869393737,-0.008566177401,0.07156687295,-0.0003921031811,-0.005477889195,8.689387992,-0.01403145417,-0.02282571965,2.467408973e-05,0.002199969758,0.4839949448,4.936220659e-05,-0.0267227294,0,2025-09-10T00:00:00Z,,historical_reconstruction
2025-09-10,0.5439834073,0.08796681453,0,0.00615586056,-0.01261776658,0.004160413733,0.07648837553,-0.0003425822887,-0.09384402551,8.750720054,0.1433233092,-0.01013300753,0.0002119982659,0.003393982788,0.4970613945,0.0001607364693,0.01543421863,0,2025-09-11T00:00:00Z,,historical_reconstruction
2025-09-11,0.5293431932,0.05868638637,0,0.007932220095,0.01049287029,0.006548813606,0.1042674724,-0.0004395781844,-0.04591741534,9.595007871,0.07216081036,0.01201813628,4.265859069e-05,0.009287624541,0.5063844855,-4.446539588e-06,0.1125865695,0,2025-09-12T00:00:00Z,,historical_reconstruction
2025-09-12,0.5094013623,0.01880272451,0.04753228759,0.01180325475,0.03746595655,0.04233801396,0.2305448472,-0.0002822484805,0.01848605745,9.431430961,-0.02488980819,0.02318406934,0.0001574675846,-0.005170856736,0.518644391,0.0001217028132,0.01693083248,0,2025-09-13T00:00:00Z,,historical_reconstruction
2025-09-13,0.493127512,-0.01374497606,0.3226346001,0.006105803748,0.002709543782,-0.01122993179,0.08242354514,-0.0003835826621,-0.03090415349,8.028785325,0.1180029312,-0.006405654824,9.597927764e-05,0.001046399081,0.4776754352,-4.425373767e-05,0.04124637676,0,2025-09-14T00:00:00Z,,historical_reconstruction
2025-09-14,0.4306999874,-0.1386000253,0.06325709711,-0.002376794512,0.004857896701,-0.006580380972,0.09247202022,-0.0005407765029,0.1133615906,9.024380109,-0.1543158607,0.007754092813,-3.751458317e-05,-0.003173606881,0.4873807826,4.949533306e-06,-0.1808948441,0,2025-09-15T00:00:00Z,,historical_reconstruction
2025-09-15,0.4938674933,-0.01226501347,0.06854137164,0.006749884831,0.005273321615,-0.001527371288,0.05975269702,-0.0004863232635,-0.02848039475,10.12415934,-0.01464831912,-0.01326648359,-6.057446881e-05,0.0003636354806,0.4796272959,6.866852774e-05,-0.007637769661,0,2025-09-16T00:00:00Z,,historical_reconstruction
2025-09-16,0.5107900969,0.02158019378,0,0.002242152466,0.007407921328,6.664800522e-06,0.101749097,-0.0004176580491,-0.03509537387,10.59733648,0.05271844191,-0.02154070574,-6.094625035e-05,-9.56334552e-05,0.49324241,-2.5554868e-05,0.04811241507,0,2025-09-17T00:00:00Z,,historical_reconstruction
2025-09-17,0.5033615622,0.00672312437,0.08434746202,0.01613902896,0.02249678697,0.02201645724,0.17501401,-0.0004857826874,-0.03417203552,10.73322082,0.0547783456,-0.04244118009,-9.856986488e-05,0.006878997877,0.4862755444,-0.0001432003987,-0.08124369016,0,2025-09-18T00:00:00Z,,historical_reconstruction
2025-09-18,0.5035963019,0.00719260379,0.1867094167,-0.0001264101268,-0.002541663496,0.002521787016,0.08591971175,-0.0005122437147,-0.02911654284,10.06817907,0.02628729246,0.01938886545,-3.023894381e-05,-0.003207146245,0.4890380305,-7.26655303e-05,-0.05149378258,0,2025-09-19T00:00:00Z,,historical_reconstruction
2025-09-19,0.4338537184,-0.1322925632,0,0.006285073457,-0.001416781938,-0.01001375784,0.08043382822,-0.000469946896,0.06286817116,10.28801894,-0.02605691345,-0.02020539825,7.384542238e-05,0.004406075372,0.465287804,-0.0001876984155,-0.1510952877,0,2025-09-20T00:00:00Z,,historical_reconstruction
2025-09-20,0.4999697791,-6.044173133e-05,0.05762006176,5.356927623e-05,-0.003954906507,0.002340065683,0.120065211,-0.0004798657269,0.005384578917,9.249648376,0.02625079708,0.09160897594,4.509143505e-05,-0.0001414841576,0.5026620686,-9.628306481e-05,0.01368453433,0,2025-09-21T00:00:00Z,,historical_reconstruction
2025-09-21,0.4992302349,-0.001539530118,0.1400880366,-0.01099813101,-0.008438922102,-0.003499544902,0.1917335064,-0.0004409478579,-0.02769896243,9.140056455,0.1044199942,-0.0506113379,-2.101348015e-05,-0.002145478808,0.4853807537,9.982864502e-05,0.1370604952,0,2025-09-22T00:00:00Z,,historical_reconstruction
2025-09-22,0.4848593257,-0.03028134867,0.4177626012,0.01549943289,0.007485820129,0.004173013873,0.04750542888,-0.0005286872363,-0.04478744012,8.599944889,0.07338710362,-0.005269405599,-0.0001177720725,0.004709920988,0.4624656056,-4.236397276e-05,-0.0180163352,0,2025-09-23T00:00:00Z,,historical_reconstruction
2025-09-23,0.4982308439,-0.003538312228,0.1710160002,0.002607483453,-0.004006209026,-0.006638693349,0.09166456033,-0.0004826787953,-0.002272706071,11.06136982,0.09512594275,-0.02222771249,-2.017383986e-05,0.003076522393,0.4970944909,-6.502074614e-05,-0.02511850601,0,2025-09-24T00:00:00Z,,historical_reconstruction
2025-09-24,0.4714068818,-0.05718623632,0,-0.002088189355,-0.003206782248,-0.006998909633,0.1079472483,-0.0005538418565,0.03249800539,8.605983958,-0.04369146227,-0.03920012766,-8.608611323e-05,-0.0009962969494,0.4876558845,-6.805916908e-05,-0.06390936069,0,2025-09-25T00:00:00Z,,historical_reconstruction
2025-09-25,0.474228136,-0.05154372798,0,-0.009517868693,-0.03220117554,-0.03201740908,0.0895692969,-0.0003252150033,0.02724905886,9.081914218,0.05266593099,0.03306861042,0.0002251797919,-0.003342264082,0.4878526654,0.0001870287114,-0.05873633177,0,2025-09-26T00:00:00Z,,historical_reconstruction
2025-09-26,0.5344964959,0.06899299173,0.005208058995,0.002027792688,0.0218602223,0.03231950845,0.06604325799,-0.0005133622999,-0.05688312849,8.23878904,0.08902256732,0.01178444193,-1.210121233e-05,0.004316574703,0.5060549316,-4.341540386e-05,0.201285555,0,2025-09-27T00:00:00Z,,historical_reconstruction
2025-09-27,0.4622764835,-0.07544703308,0,0.003980062212,-0.0001343644561,0.004055320265,0.0979676245,-0.000340933411,0.07588025072,10.2029748,0.007262139478,0.001959678009,0.0001931072336,0.001934124085,0.5002166088,0.0001389323159,-0.07538659135,0,2025-09-28T00:00:00Z,,historical_reconstruction
2025-09-28,0.5830669867,0.1661339734,0.5826637574,0.02542419036,0.02995762965,0.03751387014,0.3422294999,-0.0006301060316,-0.1111647582,10.43967744,0.1628458343,0.02394641791,-0.0002347026957,0.01655228892,0.5274846076,-0.0001891581737,0.1676735035,0,2025-09-29T00:00:00Z,,historical_reconstruction
2025-09-29,0.5227736907,0.04554738133,0.1493200818,0.006386809031,0.0120677774,0.027261583,0.1320184977,-0.0004958399267,-0.04969873916,9.928906038,0.03721673957,-0.009605252924,-1.592513917e-05,0.0004060716107,0.4979243211,3.284730951e-05,0.07582873,0,2025-09-30T00:00:00Z,,historical_reconstruction
2025-09-30,0.4641795709,-0.07164085812,0,-0.003596058758,0.006133673796,-0.004856699749,0.1656315894,-0.0005789899039,0.04374560706,9.438966967,-0.02684998284,-0.03907857754,-5.176005611e-05,-0.002720007233,0.4860523745,-9.631110859e-05,-0.06810254589,0,2025-10-01T00:00:00Z,,historical_reconstruction
2025-10-01,0.4890960331,-0.02180793388,0.4446564326,0.003116838773,0.004804448101,0.01159087155,0.1307057232,-0.0005013764854,0.02955688879,8.740670526,-0.02727440189,-0.04902902928,-0.0001422550757,0.009838765533,0.5038744775,5.246537104e-05,0.03537830245,0,2025-10-02T00:00:00Z,,historical_reconstruction
2025-10-02,0.5133911964,0.02678239276,0.1138013456,-0.002506884479,0.01064884722,0.02407671298,0.08033380087,-0.000590944061,-0.0208335105,8.49196404,0.03524599052,-0.03729215034,-0.0001922859748,-0.002541781874,0.5029744411,-0.0002657290578,0.07832612074,0,2025-10-03T00:00:00Z,,historical_reconstruction
2025-10-03,0.483260171,-0.033479658,0.1695168202,-0.001464767042,-0.004824962787,0.007683444756,0.07424351001,-0.0003899957233,0.02109107795,9.099693537,0.02217037795,-0.04132131819,1.333564651e-05,-0.003497444175,0.49380571,0.0001233665765,-0.1024726497,0,2025-10-04T00:00:00Z,,historical_reconstruction
2025-10-04,0.4515412215,-0.09691755706,0,0.004481624667,0.007198523932,0.0007382065373,0.09277575531,-0.0005259463134,0.04384415271,9.446073932,-0.01513939383,-0.03150016162,-0.0001353947205,0.003540116883,0.4734632978,-0.0001850129024,-0.02147052398,0,2025-10-05T00:00:00Z,,historical_reconstruction
2025-10-05,0.5235766877,0.04715337539,0.1388799648,0.006030406083,-0.003901147396,-0.008075024115,0.05076690467,-0.0004386042638,-0.05684398695,6.849436638,-0.02174150055,-0.03956953187,1.174364437e-05,0.007264025816,0.4951546942,0.0001915017679,-0.118980598,0,2025-10-06T00:00:00Z,,historical_reconstruction
2025-10-06,0.5160157524,0.0320315048,0.2870017626,-0.008173446463,0.002272440348,0.02456411277,0.1241380232,-0.000337317811,-0.01796006504,8.738444944,0.009625107213,0.02478093881,-9.633953549e-05,-0.005998366967,0.5070357199,0.0001585221157,-0.01351587653,0,2025-10-07T00:00:00Z,,historical_reconstruction
2025-10-07,0.4818398301,-0.03632033971,0,-0.007094573477,-0.01424870179,-0.05545338323,0.08426496739,-0.0004361804978,-7.118943912e-05,9.265414995,0.06660346534,0.01488641525,-5.334961796e-05,-0.002501126711,0.4818042354,0.0001428094061,0.03532051841,0,2025-10-08T00:00:00Z,,historical_reconstruction
2025-10-08,0.5141895655,0.02837913097,0.008273671268,0.00231214897,0.01766749491,0.008561941479,0.06276829033,-0.0004529665998,-0.03258666928,9.39110431,-0.03450795302,-0.04489250136,0.0001025619227,-0.001166545065,0.4978962308,4.840988565e-05,0.05018706485,0,2025-10-09T00:00:00Z,,historical_reconstruction
2025-10-09,0.4699059682,-0.06018806368,0.1797792512,0.00692941266,0.01235520699,-0.001136503958,0.06725676975,-0.0005173886069,0.01634963937,9.869791354,-0.001566644707,0.02324653946,0.0001656490448,0.005875732896,0.4780807878,7.355545409e-05,-0.08697045644,0,2025-10-10T00:00:00Z,,historical_reconstruction
2025-10-10,0.4573886894,-0.08522262126,0.03054195391,-0.04198561122,-0.06662767176,-0.1181896468,0.5387147782,-0.002540655714,0.02906939506,8.049230155,-0.03581223932,0.01632778557,-0.002012167447,-0.0333186184,0.4719233869,-0.00215065999,-0.05174296325,0,2025-10-11T00:00:00Z,,historical_reconstruction
2025-10-11,0.458574498,-0.08285100406,0,-0.003674935715,-0.02048291043,-0.02427089654,0.1288028447,-0.000480411232,0.08542478907,6.587664708,0.04948958669,0.1008805695,0.0001097677558,-0.004802196112,0.5012868925,4.553508135e-05,0.014066553,0,2025-10-12T00:00:00Z,,historical_reconstruction
2025-10-12,0.5002358839,0.0004717678575,0.1762562876,0.004016268183,0.02917272883,0.08688448209,0.1668951691,-0.0005539112153,0.01321666355,11.66414385,-0.04812083037,0.01778084714,6.289482732e-06,0.005391881288,0.5068442157,-0.0001153069515,-0.04668160753,0,2025-10-13T00:00:00Z,,historical_reconstruction
2025-10-13,0.4867772611,-0.02644547788,0,-0.002612912633,0.02559606869,0.03932721952,0.09118917072,-0.0002711720528,0.02946567165,12.62088241,0.02368528302,0.02650565968,0.0001985846463,-0.005413460798,0.5015100969,6.614575825e-05,-0.05847698268,0,2025-10-14T00:00:00Z,,historical_reconstruction
2025-10-14,0.5191603189,0.03832063774,0.1975891866,0.005376606158,0.009695477321,0.0385638934,0.06082046022,-0.0004775734421,-0.05893682672,8.797650206,0.100955958,0.01401939883,-8.528175258e-05,0.00368028079,0.4896919055,-4.139294428e-05,0.07464097745,0,2025-10-15T00:00:00Z,,historical_reconstruction
2025-10-15,0.5005903867,0.00118077331,0,0.000602529116,0.001163030209,-0.02787391857,0.111888436,-0.0004516247199,-0.006548489757,8.577597845,0.08768397319,0.0115336932,0.0001287120126,-0.004569444548,0.4973161418,1.34187986e-06,-0.02719835766,0,2025-10-16T00:00:00Z,,historical_reconstruction
2025-10-16,0.4970410275,-0.005917944903,0.02584719061,0.007077581882,-0.003240196869,-0.04120033679,0.1127590855,-0.0006393615628,-0.02183913612,8.897866027,0.1145248079,0.004342157936,-3.969954741e-05,-3.133154346e-05,0.4861214595,-0.0001219729559,0.05427011878,0,2025-10-17T00:00:00Z,,historical_reconstruction
2025-10-17,0.5077446569,0.01548931383,0,0.0009927451231,0.008902616279,0.01403720494,0.07056329798,-0.0004123636003,-0.03506853276,8.01611906,0.06603730606,-0.001468633885,8.636008799e-05,-0.0002400963993,0.4902103905,0.002128292113,0.1007119351,0,2025-10-18T00:00:00Z,,historical_reconstruction
2025-10-18,0.4928292769,-0.01434144613,0,-0.001135187473,0.002916526986,0.001859870839,0.1054075255,-0.0005656675777,0.008957760881,7.729273045,0.1142297736,0.05124066641,6.417795757e-05,0.0009793599448,0.4973081574,-8.525634572e-05,0.06850955793,0,2025-10-19T00:00:00Z,,historical_reconstruction
2025-10-19,0.5156854736,0.03137094728,0.2095621971,-0.0007953333751,0.0009877722343,0.01497520274,0.1012269617,-0.0004996760894,-0.02634082599,8.259313868,0.1135391634,-0.005112170312,2.111323506e-05,-0.002439205119,0.5025150606,5.423512589e-05,0.03089917943,0,2025-10-20T00:00:00Z,,historical_reconstruction
2025-10-20,0.4639494272,-0.07210114552,0.2047049788,-0.0005375047722,-0.006186329137,-0.01383137176,0.05374288228,-0.0004221932942,0.0604037404,7.736272975,-0.0390523199,0.007485027218,0.0001404487404,-0.002446950549,0.4941512974,-0.0001510212414,-0.04565566764,0,2025-10-21T00:00:00Z,,historical_reconstruction
2025-10-21,0.4740532169,-0.05189356612,0.2319526344,-0.03069549766,-0.05110910757,-0.004372683198,0.1399045318,-0.0005008972257,0.02986703579,10.26757951,0.03361481674,-0.003042986932,-9.488664394e-05,-0.03115689334,0.4889867348,-2.332378363e-05,-0.09021420387,0,2025-10-22T00:00:00Z,,historical_reconstruction
2025-10-22,0.4444536397,-0.1110927207,0.1419169054,0.0004022082019,-0.009430573487,-0.006132133371,0.144931254,-0.0004204407796,0.09278466416,8.446405979,-0.07357784819,-0.04481637105,-9.097305219e-05,-0.002808093234,0.4908459718,3.118394033e-05,-0.112273494,0,2025-10-23T00:00:00Z,,historical_reconstruction
2025-10-23,0.4413606493,-0.1172787014,0.301867047,-0.0006736798466,-0.005197384542,-0.001620477031,0.07999232509,-0.0004122588675,0.1145202687,7.76501067,-0.09297646489,0.0133028276,6.267631043e-05,-0.00110553529,0.4986207836,0.0002271026954,-0.1113607565,0,2025-10-24T00:00:00Z,,historical_reconstruction
2025-10-24,0.5114177603,0.02283552052,0.5810084717,0.002126559583,0.01181819117,-0.002964592128,0.05597357223,-0.0004294921319,-0.04155607155,8.574347375,0.02164828416,-0.008302719328,-7.374203838e-05,0.003524112944,0.4906397245,-1.712853161e-05,0.007346206692,0,2025-10-25T00:00:00Z,,historical_reconstruction
2025-10-25,0.4885586036,-0.02288279279,0.3139179284,-0.0009147327565,0.005365243394,0.003426117676,0.1072176404,-0.0003970843387,0.04321042629,9.34645363,0.01348436053,0.04337390153,0.0001122922845,0.000204347724,0.5101638168,0.000168583239,-0.008541346654,0,2025-10-26T00:00:00Z,,historical_reconstruction
2025-10-26,0.5036315451,0.007263090226,0.3838161834,0.02225204895,0.02040836358,0.02805452685,0.2685996159,-0.0005025899011,-0.001394365015,8.485326614,-0.03064638158,-0.02475606464,3.512241237e-05,0.008569895686,0.5029343626,-2.9138117e-06,-0.02410785706,0,2025-10-27T00:00:00Z,,historical_reconstruction
2025-10-27,0.51112898,0.02225795993,0.01164192207,-0.01759677631,-0.0126529194,-0.01008856021,0.1381578872,-0.0004077521449,-0.03590754337,8.570487578,-0.0006628196079,0.008916554709,-2.609499926e-05,-0.007264405968,0.4931752083,1.444114922e-05,0.09435910545,0,2025-10-28T00:00:00Z,,historical_reconstruction
2025-10-28,0.4716952673,-0.0566094654,0,-0.01489588723,-0.02871955595,-0.03240160975,0.2748740643,-0.0004121431444,0.0135912179,9.081881204,-0.05734833978,-0.02972276821,0.0001631526192,-0.006953619084,0.4784908763,8.875408135e-05,-0.004715899274,0,2025-10-29T00:00:00Z,,historical_reconstruction
2025-10-29,0.4744146066,-0.05117078674,0.1843563008,-0.0006938576952,-0.01233133926,-0.02693087277,0.140799866,-0.0006687180854,0.0276947163,9.16186208,-0.03897382623,0.01582686785,-0.0003443263245,-0.005592100506,0.4882619648,-0.0002482773058,0.05992193392,0,2025-10-30T00:00:00Z,,historical_reconstruction
2025-10-30,0.4766163352,-0.04676732957,0,0.03204834374,0.008320768267,-0.01958465384,0.1092691434,-0.0006018254496,0.02939701562,10.85278099,-0.01285501632,0.009659134632,-5.364947791e-05,0.01676882425,0.491314843,-0.0001895665821,0.07051137184,0,2025-10-31T00:00:00Z,,historical_reconstruction
2025-10-31,0.5518154432,0.1036308864,0,-0.009816939174,-0.003367012088,-0.006716554681,0.08414168134,-0.0004080052183,-0.1036966461,7.963356455,0.1000408719,-0.02748416883,5.464345125e-05,-0.002010128857,0.4999671202,2.14869136e-05,0.08079536589,0,2025-11-01T00:00:00Z,,historical_reconstruction
2025-11-01,0.4944009516,-0.01119809689,0.2431485833,-0.001605670103,-0.005488877193,-0.00103667295,0.1020383592,-0.0004207787246,0.0215241357,8.298541865,0.06528655236,-0.005394600543,4.153624723e-05,-0.001830462375,0.5051630194,-2.369438591e-05,0.0116846959,0,2025-11-02T00:00:00Z,,historical_reconstruction
2025-11-02,0.5343298208,0.0686596416,0.4126830607,0.0131198473,0.01382184713,0.003924128378,0.1565157298,-0.0004556415074,-0.06888830132,8.406192305,0.09022989089,0.03977420767,-4.149533063e-05,0.003265812525,0.4998856701,4.694839366e-05,0.06139655137,0,2025-11-03T00:00:00Z,,historical_reconstruction
2025-11-03,0.451608098,-0.09678380409,0.2830777271,-0.007619441002,0.004162847008,-0.02905692301,0.1000030974,-0.0004661707128,0.03679116141,7.51661817,0.007334448855,-0.03730048555,-9.988354368e-05,-0.004733962088,0.4700036787,-5.841856788e-05,-0.119041764,0,2025-11-04T00:00:00Z,,historical_reconstruction
2025-11-04,0.4660752867,-0.0678494266,0.02540048814,0.01736646301,-0.06287507947,-0.0687003652,0.2797388429,-0.0005384767497,0.03918486209,6.806219768,0.006284206388,0.007428174518,-7.619807839e-05,0.009494280238,0.4856677177,-0.0001263336053,-0.0112399612,0,2025-11-05T00:00:00Z,,historical_reconstruction
2025-11-05,0.5197955704,0.03959114073,0.3509115467,-0.008920121212,0.007627185974,0.03061175352,0.09374481353,-0.0003591985492,-0.02419115665,6.83835382,-0.03399614188,-0.001177860726,0.0001043902829,-0.00118192729,0.507699992,0.0003095195362,0.09076192746,0,2025-11-06T00:00:00Z,,historical_reconstruction
2025-11-06,0.4916114423,-0.01677711532,0.03077715639,-0.003223226474,0.004587878788,-0.02478385828,0.1007620707,-0.0004343707958,-0.009403682223,8.6911076,0.05545462924,-0.03265046102,-3.534188456e-05,-0.0004219400127,0.4869096012,0.0001674546538,0.02999021425,0,2025-11-07T00:00:00Z,,historical_reconstruction
2025-11-07,0.5154272217,0.03085444335,0.001845238622,-0.002192472993,0.0420103593,0.05401276699,0.1060722999,-0.0004918438323,-0.02004380788,7.314326912,0.02838902951,0.02668580002,-0.0001639910974,-0.0005497315561,0.5054053177,-8.3838614e-05,-0.07277644306,0,2025-11-08T00:00:00Z,,historical_reconstruction
2025-11-08,0.496998443,-0.006003113983,0.2395159209,0.00359066957,0.007317578773,-0.003372379886,0.07503854879,-0.0004233413984,-0.007942637204,9.12583659,0.04761486341,0.05158954552,3.193114264e-06,0.003169831449,0.4930271244,-2.562673777e-06,0.005194982904,0,2025-11-09T00:00:00Z,,historical_reconstruction
2025-11-09,0.5500171627,0.1000343253,0.2286090001,0.0009664804469,0.01932573275,0.04523419224,0.1744513039,-0.0005999787914,-0.06533681806,6.993438851,0.09279049545,-0.007253006814,-9.999292397e-05,-0.0007882214657,0.5173487536,-0.000144337284,0.03137468372,0,2025-11-10T00:00:00Z,,historical_reconstruction
2025-11-10,0.4861937459,-0.02761250811,0.06968930604,0.002613424007,0.01375214877,-0.01183192681,0.08214280102,-0.0004120128369,0.03137293983,6.271893339,-0.05002373237,0.03121153745,1.086728903e-05,0.00182511482,0.5018802159,5.415787596e-05,0.06917129598,0,2025-11-11T00:00:00Z,,historical_reconstruction
2025-11-11,0.4233172572,-0.1533654856,0.1811740326,-0.01129654219,-0.01819821838,-0.04375585804,0.1121414967,-0.0004213285895,0.1471239988,6.811860851,-0.0394373227,0.02140721002,9.478359054e-05,-0.0006535669483,0.4968792566,0.0001171481602,-0.08551605904,0,2025-11-12T00:00:00Z,,historical_reconstruction
2025-11-12,0.4873174793,-0.02536504142,0,0.002030516432,-0.003772043701,-0.0378799618,0.09147357151,-0.0004275356377,0.03870134372,8.838232432,-0.01868437613,0.02612332571,5.025985694e-05,0.00352487149,0.5066681511,-6.833708854e-05,-0.06495618214,0,2025-11-13T00:00:00Z,,historical_reconstruction
2025-11-13,0.50255453,0.005109060085,0,0.0105857666,-0.04585395236,-0.07721434405,0.1399545258,-0.0004394189767,-0.02375173604,8.134327575,0.0515697499,-0.01690878477,-6.105368729e-05,0.01023376776,0.490678662,-5.048180907e-06,0.02188617541,0,2025-11-14T00:00:00Z,,historical_reconstruction
2025-11-14,0.4991913225,-0.00161735491,0.2081850334,-0.0297611811,-0.02637094504,-0.01015793457,0.08833855414,-0.000385554556,-0.02301907939,9.095929406,0.102410618,0.029770783,0.0001335058496,-0.01236501379,0.4876817828,0.0001062892763,-0.03247179826,0,2025-11-15T00:00:00Z,,historical_reconstruction
2025-11-15,0.529262485,0.05852497006,0,-0.009384312781,-0.005702986457,0.004872292642,0.1028339278,-0.0004198391353,-0.0514734804,7.023394325,0.1167387648,-0.03927906145,-4.388292616e-05,-0.004330395749,0.5035257448,3.502263058e-06,0.06452808404,0,2025-11-16T00:00:00Z,,historical_reconstruction
2025-11-16,0.5052415926,0.01048318521,0.2859704851,0.001358744003,-0.003271667552,-0.02314873258,0.2141371399,-0.0004006086667,-0.03590598261,9.670274671,0.1034454893,0.01434287594,2.09847229e-05,0.00256273925,0.4872886013,0.0001993701247,-0.0895511401,0,2025-11-17T00:00:00Z,,historical_reconstruction
2025-11-17,0.5083603884,0.01672077683,0,0.01648744077,-0.02870837926,-0.05389311262,0.168953224,-0.000455229198,-0.03707527756,8.821468767,0.06369321364,0.02382735872,3.753153521e-05,0.005848781176,0.4898227496,-4.321636114e-05,0.04433328494,0,2025-11-18T00:00:00Z,,historical_reconstruction
2025-11-18,0.526625491,0.05325098197,0,-0.007104236795,0.005404152732,0.02147155003,0.05303592037,-0.0004674004213,-0.05149375122,8.109210113,0.0419025482,0.02321038604,5.164206188e-06,-0.002519217375,0.5008786154,-4.607183182e-05,0.2066164676,0,2025-11-19T00:00:00Z,,historical_reconstruction
2025-11-19,0.4881077603,-0.02378447946,0.1188290985,0.04990873316,0.01760086104,-0.01881946224,0.1678906448,-0.0004594312307,-0.007417020121,10.49897913,0.0429917159,-0.01678431648,4.365456603e-05,0.03004346312,0.4843992502,-3.189559302e-05,0.001580561956,0,2025-11-20T00:00:00Z,,historical_reconstruction
2025-11-20,0.4706925379,-0.05861492411,0.1461371189,-0.004800044946,-0.04108402551,-0.06275483715,0.1040522279,-0.0004410384515,0.02424465936,8.811952873,0.020404878,0.0002409198708,-2.632066793e-05,-0.003267784744,0.4828148676,-1.619474785e-06,-0.0637239842,0,2025-11-21T00:00:00Z,,historical_reconstruction
2025-11-21,0.4642830387,-0.07143392256,0.07516401878,0.004948714315,0.02237821174,0.02880130337,0.06950672856,-0.0004194009075,0.05320601706,9.084312134,-0.01483227767,0.03054174058,2.662296732e-06,0.01092670287,0.4908860472,-3.384635153e-05,-0.06981656765,0,2025-11-22T00:00:00Z,,historical_reconstruction
2025-11-22,0.494219641,-0.0115607179,0.1833463123,0.007078326941,0.01139135134,0.01278170198,0.1533725504,-0.000382654903,0.01616625332,10.22486756,0.04566187319,0.009125876037,0.0002113993152,0.001536111019,0.5023027677,3.718423228e-05,-0.07008568796,0,2025-11-23T00:00:00Z,,historical_reconstruction
2025-11-23,0.5033246827,0.006649365329,0.1202205264,-0.00727672087,-0.01210298644,-0.004752196737,0.12834504,-0.0005103206098,-0.009847193747,8.019993409,-0.04820919263,0.000578910207,-0.0002534969314,-0.005668593682,0.4984010858,-0.0001097119431,-0.003833819883,0,2025-11-24T00:00:00Z,,historical_reconstruction
2025-11-24,0.4772813566,-0.04543728685,0.1351777697,-0.001899290301,0.0375588009,0.05349932225,0.09116970695,-0.0004029281704,0.06040656747,8.59003736,-0.05500627473,0.03498093678,0.0001962790097,-0.0003088513188,0.5074846403,5.230102757e-05,-0.06215806368,0,2025-11-25T00:00:00Z,,historical_reconstruction
2025-11-25,0.4735428606,-0.05291427873,0,0.0124531297,0.02206903221,0.02364225651,0.1602316058,-0.0003784602076,0.04190130737,11.15232074,-0.01620137434,0.01672344464,0.0001464341611,0.005606630722,0.4944935143,8.894021369e-05,-0.1061652607,0,2025-11-26T00:00:00Z,,historical_reconstruction
2025-11-26,0.4721711696,-0.05565766088,0.2898892572,-0.001886369333,0.03387306142,0.03863088068,0.1090847796,-0.000508828505,0.06435448872,11.71131769,-0.06018532156,0.03008056048,-1.335579699e-06,0.00585443972,0.5043484139,-4.939727422e-05,-0.03187318142,0,2025-11-27T00:00:00Z,,historical_reconstruction
2025-11-27,0.4646382108,-0.07072357849,0.2504847786,-0.005534282539,0.001414826451,-0.004394856928,0.1037124592,-0.0004742590118,0.06836477709,10.75562926,-0.1281751664,0.01381044834,-1.714530978e-05,-0.002122514783,0.4988205993,-3.322056025e-05,-0.01210865438,0,2025-11-28T00:00:00Z,,historical_reconstruction
2025-11-28,0.4982267202,-0.00354655967,0.4613824576,-0.006177069433,-0.0138689171,-0.0009459397104,0.07958261113,-0.0004453755175,0.008423947183,11.19400768,0.04338368946,-0.009587251745,2.661996714e-05,-0.002926146237,0.5024386938,-2.597461005e-05,0.06788736289,0,2025-11-29T00:00:00Z,,historical_reconstruction
2025-11-29,0.4270104958,-0.1459790083,0.03517801574,0.0002308873772,-0.006068344522,-0.003553546546,0.0645356161,-0.0004014505747,0.113019624,10.35522183,-0.05024684437,-0.009494786944,1.087314695e-05,0.001783634451,0.4835203078,-1.879567171e-05,-0.1344182904,0,2025-11-30T00:00:00Z,,historical_reconstruction
2025-11-30,0.4769954033,-0.04600919344,0.1294118182,-0.0143176778,-0.01235847842,-0.004032137233,0.1886829862,-0.0004145410295,0.04943006475,10.81783842,-0.07899505237,-0.01161823696,2.149261367e-05,-0.01203564937,0.5017104357,9.577958028e-05,-0.05265855877,0,2025-12-01T00:00:00Z,,historical_reconstruction
2025-12-01,0.451105889,-0.0977882219,0.7160965899,0.021260216,0.01942652774,-0.0138425006,0.126132866,-0.0005716184304,0.08111780358,7.948262966,0.002844643156,-0.01163118923,-5.693476384e-05,0.01483701757,0.4916647908,-0.00016869026,-0.05235093505,0,2025-12-02T00:00:00Z,,historical_reconstruction
2025-12-02,0.5039876607,0.007975321414,0.1986204229,-0.006555387554,-0.003505609307,0.06011294397,0.1222931774,-0.0004806296248,0.006455121028,9.692946218,0.05048960433,-0.002187334583,-0.0001653286998,-0.006806060887,0.5072152212,-0.0001021694172,0.06088960014,0,2025-12-03T00:00:00Z,,historical_reconstruction
2025-12-03,0.5073509451,0.01470189018,0.1419934421,0.01923150694,0.03312562983,0.03746221402,0.2287877034,-0.0004045967206,0.02626865599,9.84695801,0.003715755537,0.03003350266,0.0001653489981,0.004353130879,0.5204852731,0.0001042317844,0.07035955106,0,2025-12-04T00:00:00Z,,historical_reconstruction
2025-12-04,0.4895311734,-0.02093765315,0,0.004488244007,-0.02334367159,-0.01672341561,0.1029782311,-0.0003989455072,-0.005241598417,10.27286877,0.1394967574,-0.0068533858,7.195928811e-05,0.001115841481,0.4869103742,7.531350451e-05,0.04978592534,0,2025-12-05T00:00:00Z,,historical_reconstruction
2025-12-05,0.4879653606,-0.02406927872,0.4198139336,-0.005502715156,-0.02722487807,-0.03500054289,0.0942780028,-0.0004633030863,-0.004637963437,10.14416419,0.09492710656,-0.01791378277,1.714056909e-06,-0.003338529924,0.4856463789,-1.792756872e-05,-0.02052271905,0,2025-12-06T00:00:00Z,,historical_reconstruction
2025-12-06,0.4714301606,-0.05713967881,0,0.002511178208,-0.001193415503,-0.0003027331539,0.116229009,-0.0005036108569,0.06918633363,10.12676106,-0.01870815172,0.03463072364,-5.883914338e-05,-0.001888694954,0.5060233274,-0.0001021602822,0.08883932954,0,2025-12-07T00:00:00Z,,historical_reconstruction
2025-12-07,0.4768296672,-0.04634066559,0.03773943614,-0.02487643049,0.01085232904,0.007932089717,0.1783059809,-0.0005588509241,0.02901588462,11.04425881,-0.02512932729,-0.03745639006,-6.720509334e-06,-0.01126818981,0.4913376095,-0.0001443098945,-0.000331472144,0,2025-12-08T00:00:00Z,,historical_reconstruction
2025-12-08,0.4953259734,-0.00934805317,0,0.001766790118,0.007293151144,-0.005757021243,0.09647580427,-0.0003264877599,0.006508962827,9.486998411,0.06693376248,0.001073469758,-6.676280356e-05,0.00565717487,0.4985804548,0.0002451306705,0.08844016873,0,2025-12-09T00:00:00Z,,historical_reconstruction
2025-12-09,0.4647172307,-0.07056553855,0.1185700578,-0.01186168613,0.02223125932,0.06403707089,0.153665277,-0.0004671432532,0.07333421475,9.22380679,-0.06166639228,-0.005943909643,-3.122910675e-05,-0.01196183445,0.5013843381,1.348637156e-05,-0.07854085996,0,2025-12-10T00:00:00Z,,historical_reconstruction
2025-12-10,0.4922624694,-0.01547506128,0,-0.01962149074,-0.001234883197,0.001732767999,0.2379639307,-0.0004061200792,0.003501167176,8.908809925,0.01565384328,0.01567473897,5.441597963e-06,-0.01013687198,0.4940130529,-1.523358607e-06,-0.03017695146,0,2025-12-11T00:00:00Z,,historical_reconstruction
2025-12-11,0.4746701338,-0.05065973241,0,0.0134198565,0.01829053484,0.01398167724,0.1893723561,-0.0005004031025,0.00780703014,10.2626935,0.03271150022,-0.0266965715,-0.0001125673105,0.01842331022,0.4785736489,-0.0001014575953,-0.02972207926,0,2025-12-12T00:00:00Z,,historical_reconstruction
2025-12-12,0.4694215011,-0.06115699773,0.6989768271,0.003617742555,0.004382366348,-0.04864321422,0.05785772797,-0.0004927290055,0.02983109046,10.59029479,-0.0189440711,-0.0001214359383,-6.267827461e-05,0.0007781749154,0.4843370464,-2.942591927e-05,-0.03708771901,0,2025-12-13T00:00:00Z,,historical_reconstruction
2025-12-13,0.4888047801,-0.02239043977,0.3945913806,0.00200424011,0.001611124153,-0.001513130899,0.1637761024,-0.0005233349601,0.005363609364,10.623598,0.2183223353,0.0182084791,1.644778154e-05,0.0006857535477,0.4914865848,-1.972410313e-05,0.03474923903,0,2025-12-14T00:00:00Z,,historical_reconstruction
2025-12-14,0.4403308794,-0.1193382411,0.05086844292,-0.009764974739,-0.006811454656,-0.006917700756,0.2077788452,-0.0004831075567,0.1112932299,9.629965859,0.02995496804,0.06402888078,0.000122185474,-0.005332626092,0.4959774944,7.574336735e-05,-0.07299757554,0,2025-12-15T00:00:00Z,,historical_reconstruction
2025-12-15,0.5000459675,9.193508626e-05,0.0497247121,0.008352917569,-0.01531732299,-0.06078441932,0.1116988431,-0.0005396563064,-0.01008914789,11.68280338,0.03017239797,0.01749493158,-5.164305946e-05,0.003274754858,0.4950013936,-0.0002131685465,0.009439988257,0,2025-12-16T00:00:00Z,,historical_reconstruction
2025-12-16,0.4689912573,-0.06201748533,0,0.005679715641,-0.0003408350797,0.001477384522,0.06193990106,-0.0004928602775,0.01187410547,11.8910464,-0.04505997657,-0.03925105862,-7.0386397e-05,0.003170150034,0.4749283101,-2.571702424e-05,0.008548053217,0,2025-12-17T00:00:00Z,,historical_reconstruction
2025-12-17,0.4859344975,-0.02813100494,0,0.004683932092,-0.02449864872,-0.03251260794,0.09726550779,-0.0005258532763,0.008570427543,11.83122199,0.03654870048,-0.0326298402,-4.326461605e-05,0.0026121116,0.4902197113,-0.0001197331972,-0.01265594366,0,2025-12-18T00:00:00Z,,historical_reconstruction
2025-12-18,0.5000707149,0.0001414297658,0.4796071851,0.01676899408,-0.04607461916,-0.01067818544,0.1454496798,-0.0004489901258,0.006297227761,10.67646999,0.003285467364,0.006681109676,9.722082955e-05,0.01222257995,0.5032193288,5.141297675e-05,0.05080116217,0,2025-12-19T00:00:00Z,,historical_reconstruction
2025-12-19,0.4998942678,-0.0002114643811,0.2415306406,-0.001849233841,0.004893777045,0.004900555486,0.04761694566,-0.0003926833361,0.02384060958,9.440877773,-0.02411392753,0.007746806052,2.643718246e-05,0.003312845947,0.5118145726,0.0001000456694,0.06094553334,0,2025-12-20T00:00:00Z,,historical_reconstruction
2025-12-20,0.4428627776,-0.1142744448,0.08118123282,-4.36525792e-05,0.0002250391299,-0.003083216722,0.08653607684,-0.0004667671839,0.07106873536,11.30191744,-0.07324113767,-0.05855174538,-1.294654605e-05,0.001450479028,0.4783971453,5.656777614e-05,-0.09188400505,0,2025-12-21T00:00:00Z,,historical_reconstruction
2025-12-21,0.4861440239,-0.02771195221,0.07355978898,0.003620632591,0.009187511976,0.00183546247,0.1546379669,-0.0004663526559,0.0303557843,11.58330734,0.004519542527,0.03497034919,-4.270633333e-05,0.001976063246,0.501321916,1.675490084e-05,0.09162628891,0,2025-12-22T00:00:00Z,,historical_reconstruction
2025-12-22,0.4791657437,-0.04166851252,0.07564653174,0.009746883011,-0.01411915783,-0.01297453305,0.1499312859,-0.0003322822139,0.06286880876,13.49494102,-0.03261514234,0.01387528416,0.0001110674786,0.00645490493,0.5106001481,0.0002073740925,-0.04176044761,0,2025-12-23T00:00:00Z,,historical_reconstruction
2025-12-23,0.5341223671,0.0682447341,0,0.007157050901,0.01243943331,-0.002895451014,0.2020063682,-0.000583469926,-0.07202353678,10.39968219,0.1502918263,0.02556787214,-0.0003205707193,-0.003041267705,0.4981105987,-9.060964852e-05,0.1302622194,0,2025-12-24T00:00:00Z,,historical_reconstruction
2025-12-24,0.5148731305,0.02974626107,0,0.0005906855007,0.007496052011,0.007675161195,0.08958971374,-0.0004206997866,-0.008008848061,13.29593309,0.03562635859,0.02064894569,6.008342808e-05,0.001180594264,0.5108687065,0.0001051534898,0.05787726601,0,2025-12-25T00:00:00Z,,historical_reconstruction
2025-12-25,0.4555304386,-0.08893912276,0.143904038,-0.01774449417,-0.01931350764,-0.007155849129,0.2080792798,-0.0005613044302,0.0840593779,9.701904033,-0.04433316105,0.03196276957,-7.440424632e-05,-0.01050377199,0.4975601276,-0.0001123143044,-0.08908055253,0,2025-12-26T00:00:00Z,,historical_reconstruction
2025-12-26,0.5060379745,0.01207594892,0.4281611082,0.0006835293354,0.001638615216,-0.01240235297,0.04236030308,-0.0003995915287,-0.005717373089,11.13638885,0.04658550356,-0.009585759106,0.0001882562298,-0.001511625528,0.5031792879,-6.908192529e-06,0.0122874133,0,2025-12-27T00:00:00Z,,historical_reconstruction
2025-12-27,0.4554501913,-0.0890996173,0.3885861856,0.006223535473,0.007705450196,0.006199503221,0.2734617193,-0.0004882928401,0.08378298124,9.459814135,-0.01356884528,0.001894784626,5.348708622e-05,0.003512871336,0.497341682,-2.152565615e-05,0.02517482752,0,2025-12-28T00:00:00Z,,historical_reconstruction
2025-12-28,0.5074219085,0.01484381696,0.1455861358,0.005900599945,0.0004882233079,0.00231650527,0.1610571063,-0.0004439308552,-0.04083549248,8.970561476,0.01136735701,-0.05548688351,-7.771132657e-05,0.004935515292,0.4870041622,2.242180065e-05,0.04255576918,0,2025-12-29T00:00:00Z,,historical_reconstruction
2025-12-29,0.4801374695,-0.03972506098,0.1839669471,0.001851681347,0.0007323511879,-0.007432683537,0.04935807392,-0.0004935498145,0.04629693591,10.2114142,-0.05254249798,0.00393207156,-0.0001057562225,-0.00147768766,0.5032859375,-0.0001612676006,0.001943451542,0,2025-12-30T00:00:00Z,,historical_reconstruction
2025-12-30,0.5099611571,0.01992231415,0.1038532359,0.0007167952187,-0.005381666878,-0.001742265549,0.07823454294,-0.0004943353208,-0.02649845544,11.02342328,0.0185453897,0.001623296804,-0.0001531494382,0.002939491296,0.4967119294,8.913460524e-05,-0.04832241995,0,2025-12-31T00:00:00Z,,historical_reconstruction
2025-12-31,0.4972638739,-0.005472252133,0,0.0001615530635,-0.004729114195,-0.01017920192,0.108186925,-0.0004172780014,0.02172356842,10.31119914,0.05487300143,0.01432443913,3.931997632e-05,0.001215075989,0.5081256581,3.421785224e-06,-0.0352185132,0,2026-01-01T00:00:00Z,,historical_reconstruction
2026-01-01,0.4884017183,-0.02319656334,0,0.002927803113,0.004789505898,0.004846640131,0.1936963377,-0.0005658763261,0.04530026336,7.921539879,-0.01811243451,0.007989586899,-0.0001264298845,0.005067022539,0.51105185,-4.571895892e-06,0.06574255942,0,2026-01-02T00:00:00Z,,historical_reconstruction
2026-01-02,0.5269870103,0.05397402063,0.3146166967,0.0005826554361,0.01257354275,0.02547402889,0.08145592329,-0.0004991281255,-0.003531688904,12.50719428,0.02716017192,0.0532852633,-1.321294325e-05,0.001089021319,0.5252211659,-9.953659689e-05,0.04189807171,0,2026-01-03T00:00:00Z,,historical_reconstruction
2026-01-03,0.4969198476,-0.006160304768,0,0.004490657313,0.008315813911,0.009233500081,0.1133698034,-0.0005244458941,0.004619082507,10.90176584,-0.08081526947,-0.0216599212,-0.000169037009,0.005595083916,0.4992293889,-3.615305407e-05,0.08293931253,0,2026-01-04T00:00:00Z,,historical_reconstruction
2026-01-04,0.5220469664,0.04409393289,0.3622240092,0.003824152813,0.002918148331,0.001640362472,0.1164992783,-0.000438833593,-0.02562559756,10.39330928,0.0234289791,0.004434100134,-8.233740321e-05,0.004297545943,0.5092341677,5.097262198e-06,0.02925011593,0,2026-01-05T00:00:00Z,,historical_reconstruction
2026-01-05,0.4942043883,-0.01159122342,0,0.0005957053368,0.009203337109,0.01405851057,0.1650939939,-0.0003969004555,-0.002763876824,11.82707641,-0.06568444331,-0.03923255161,6.076978868e-07,-0.004704920501,0.4928224499,9.664935899e-05,0.02813383756,0,2026-01-06T00:00:00Z,,historical_reconstruction
2026-01-06,0.4954361746,-0.00912765075,0.2176100485,0.02272945833,0.007496233548,0.0181434117,0.1299714533,-0.0004185826428,0.01800756575,11.11988208,0.1158975006,0.00336420605,7.77325592e-06,0.01784364693,0.5044399575,7.575267799e-05,-0.0290499649,0,2026-01-07T00:00:00Z,,historical_reconstruction
2026-01-07,0.4809777012,-0.03804459762,0.339836967,0.00721546589,0.001267098723,-0.01600186321,0.1292202796,-0.0003787018102,0.02282141371,14.12051861,0.02150842213,0.001216680075,1.707701599e-05,0.001953039538,0.492388408,3.857619118e-05,-0.03257234549,0,2026-01-08T00:00:00Z,,historical_reconstruction
2026-01-08,0.488341756,-0.02331648809,0,-0.00156836026,0.0007924772646,-0.004677613136,0.08343917772,-0.0003862681667,0.0081677576,12.34248204,-0.03900490363,-0.01749896559,5.489543828e-05,0.001787712913,0.4924256348,0.0001796081594,-0.0001199247527,0,2026-01-09T00:00:00Z,,historical_reconstruction
2026-01-09,0.5001029612,0.0002059224799,0,0.002531974291,-0.007609058893,-0.0006342303162,0.08710714495,-0.0004047403186,0.002254300916,13.42644116,-0.09231410997,0.005364487645,1.096431398e-05,0.003422259231,0.5012301117,9.438780694e-05,-0.05376809815,0,2026-01-10T00:00:00Z,,historical_reconstruction
2026-01-10,0.5427631814,0.0855263629,0,-0.001749603024,-0.002878250954,-0.003316123074,0.136023069,-0.0004049606054,-0.09111112027,8.382677629,0.08549741615,0.043066889,-1.713544276e-05,-0.001344418533,0.4972076213,0.0001194852887,0.09168666767,0,2026-01-11T00:00:00Z,,historical_reconstruction
2026-01-11,0.5190376218,0.03807524354,0,-0.00029125965,0.001677238938,0.00587075956,0.294855478,-0.0004642302582,-0.02827524503,10.13691848,-0.009485835196,0.03169643078,7.689736386e-05,0.00355978737,0.5048999993,-2.539666518e-05,-0.006018689354,0,2026-01-12T00:00:00Z,,historical_reconstruction
2026-01-12,0.4882845573,-0.02343088549,0.3347092526,-0.008350897874,-0.01099620787,-0.006316945012,0.09552315237,-0.0006169748849,-0.01059586101,13.03608136,-0.02346111465,-0.01364725298,-0.0001394084583,-0.006151341039,0.4829866267,-0.0002200744294,-0.01183966207,0,2026-01-13T00:00:00Z,,historical_reconstruction
2026-01-13,0.523439193,0.04687838602,0.7544042666,0.03417695147,0.04440697021,0.06122305716,0.4314226108,-0.0003397658322,0.01671182429,10.25402337,-0.03143857842,0.00873861511,6.688308726e-05,0.01259885054,0.5317951052,7.881681059e-05,0.05600603677,0,2026-01-14T00:00:00Z,,historical_reconstruction
2026-01-14,0.4820324231,-0.03593515386,0.1677241486,-0.003712040672,0.002722808528,0.02090547803,0.1040877554,-0.000491815006,0.0300636384,9.695029417,-0.0846716325,-0.0199595744,-3.92188804e-05,-0.00324507425,0.4970642423,-0.0001131131958,0.002109443761,0,2026-01-15T00:00:00Z,,historical_reconstruction
2026-01-15,0.4671820972,-0.06563580556,0.1793395326,0.007046035922,-0.003593882294,-0.009334439814,0.08655233908,-0.0005092370785,0.05331063394,10.59088001,-0.06429703553,-0.03082006891,-0.0001169973583,0.000929582381,0.4938374142,-0.0001229689118,-0.04231931747,0,2026-01-16T00:00:00Z,,historical_reconstruction
2026-01-16,0.4873793288,-0.02524134233,0,0.005901847455,0.0098371102,-0.001714143806,0.1205201968,-0.0004580921524,-0.006402529129,11.38015968,0.06928047856,0.01307288877,3.630382113e-05,0.005777241322,0.4841780643,-5.335183375e-05,-0.02544726481,0,2026-01-17T00:00:00Z,,historical_reconstruction
2026-01-17,0.5523572587,0.1047145173,0,-0.001748905426,-0.005822910254,0.002373800988,0.1264336476,-0.0005104876516,-0.06297707815,9.229895897,0.1423559242,0.07177548108,-9.145523501e-05,-0.001506957031,0.5208687196,-0.0001055270462,0.0191881544,0,2026-01-18T00:00:00Z,,historical_reconstruction
2026-01-18,0.5369150752,0.07383015039,0.6067143766,-0.01868485848,-0.0149880024,-0.01142986153,0.2939747284,-0.000383674936,-0.07734995948,10.47780614,0.1720903789,0.0198133999,0.000247669332,-0.01790555959,0.4982400955,8.055532223e-05,0.03575490685,0,2026-01-19T00:00:00Z,,historical_reconstruction
2026-01-19,0.5100845765,0.02016915305,0.7532761445,-0.00944114039,-0.008286176233,-0.01065786576,0.09923798936,-0.000482826731,-0.08072331097,8.053396676,0.05394163427,-0.0541221348,-3.589211952e-05,-0.005100109177,0.469722921,0.0001341481539,0.04360003855,0,2026-01-20T00:00:00Z,,historical_reconstruction
2026-01-20,0.4858153842,-0.02836923152,0.2122767755,-0.01889210376,-0.03070227498,-0.05466448866,0.1524947198,-0.0005578458985,-0.02359672636,11.31412273,0.09617553709,-9.13371583e-05,-0.0001387462638,-0.014467527,0.4740170211,-0.0002180800663,-0.07524761754,0,2026-01-21T00:00:00Z,,historical_reconstruction
2026-01-21,0.5141103479,0.02822069585,0.4298518002,-0.02398258906,-0.006800568823,0.01334352701,0.1256743515,-0.0005398572229,-0.04556884874,11.28856733,0.03183640236,-0.003088428322,-5.547814083e-05,-0.009969834728,0.4913259236,-4.804221683e-05,0.06415584971,0,2026-01-22T00:00:00Z,,historical_reconstruction
2026-01-22,0.4951201759,-0.009759648147,0,-0.0004231636391,0.003626759845,-0.0114202491,0.09716457407,-0.0005012378543,-0.01297145739,12.0206537,-0.03170636899,-0.01392367968,-4.154433376e-05,-0.002430665279,0.4886344472,7.99922419e-06,0.05587615741,0,2026-01-23T00:00:00Z,,historical_reconstruction
2026-01-23,0.5004104576,0.0008209152663,0,-0.00114197291,0.001270041251,0.005349102929,0.07724153991,-0.0004498699436,-0.001266227756,10.73920543,0.007518243229,0.009637648346,1.396799614e-05,-0.004251146247,0.4997773438,8.222208752e-06,0.0260622576,0,2026-01-24T00:00:00Z,,historical_reconstruction
2026-01-24,0.4504340518,-0.09913189635,0.1127631187,-0.0002437422561,-0.001362752557,-0.002684749609,0.1461435078,-0.0003826331936,0.06424510747,8.493048588,0.03208729502,-0.009624337831,0.0001176731095,-0.001186817261,0.4825566056,0.000127854458,-0.2038464137,0,2026-01-25T00:00:00Z,,historical_reconstruction
2026-01-25,0.4347072201,-0.1305855597,0,0.001397104829,-0.03755953561,-0.04107178115,0.2706462737,-0.0004970020129,0.05840706452,9.580637483,0.0004222769192,-0.02344481108,-1.863778315e-05,0.002025431015,0.4639107524,-0.0001133270769,-0.2044157101,0,2026-01-26T00:00:00Z,,historical_reconstruction
2026-01-26,0.4937384665,-0.01252306704,0,0.002476814078,0.01070250955,0.01320816693,0.1479229481,-0.0004948214377,0.08791640179,10.74314587,-0.07385941027,0.08780922897,3.12853674e-05,0.003793635931,0.5376966674,-1.199470667e-05,-0.03269222009,0,2026-01-27T00:00:00Z,,historical_reconstruction
2026-01-27,0.4794730277,-0.04105394454,0,0.0155310554,0.03040381826,0.03762045642,0.2422707866,-0.0006112126128,0.08017844247,8.121598612,-0.06583814538,0.02633104981,-2.633866321e-05,0.009515118295,0.519562249,-5.336671431e-05,-0.01268471301,0,2026-01-28T00:00:00Z,,historical_reconstruction
2026-01-28,0.5211591126,0.04231822521,0,-0.001929324405,0.0008410205269,-0.009517355274,0.1109219152,-0.0004716385787,-0.045179713,10.02747764,0.06287852608,0.000233817147,-4.285913539e-05,-0.001147394309,0.4985692561,6.821864415e-05,0.01409752936,0,2026-01-29T00:00:00Z,,historical_reconstruction
2026-01-29,0.4823778126,-0.03524437478,0.06081413134,0.008957902149,-0.000608998304,-0.03642520884,0.08245533637,-0.0005633124187,-0.01282601213,10.27832053,0.1503763107,0.0028121857,-2.627858442e-05,0.007594738425,0.4759648065,-6.207456444e-05,-0.02548472663,0,2026-01-30T00:00:00Z,,historical_reconstruction
2026-01-30,0.4900739393,-0.0198521214,0.1906684085,-0.01276623675,-0.008089512211,-0.01901901177,0.1426874572,-0.0006353005489,-0.006571824742,8.928987436,0.02799593751,-0.01223499974,-5.270246524e-05,0.000207613689,0.4867880269,-0.0001854306053,-0.02067303666,0,2026-01-31T00:00:00Z,,historical_reconstruction
2026-01-31,0.4681526391,-0.06369472186,0.4279294635,0.02900752467,-0.03245600189,-0.07148429216,0.1348067593,-0.0006403066947,0.01030260397,8.652384353,0.0266380025,0.02017781541,-0.000204828852,0.01274700801,0.4733039411,-0.0002576735011,0.03543717449,0,2026-02-01T00:00:00Z,,historical_reconstruction
2026-02-01,0.4431012906,-0.1137974187,0.05412097417,-0.02163466718,-0.01957270014,-0.05875548332,0.2455312235,-0.0004889544744,0.08174831347,7.289049788,-0.06178060663,0.01004929242,-1.200431534e-05,-0.002676522392,0.4839754474,8.047538484e-06,0.01678814097,0,2026-02-02T00:00:00Z,,historical_reconstruction
2026-02-02,0.4919044516,-0.01619109679,0.1895798551,0.006648023607,-0.01082728188,0.0283483473,0.05042805677,-0.0006263261498,0.01788923959,7.837124368,-0.03373380785,-0.001918659687,-4.071764079e-05,0.005068960896,0.5008490714,-0.000131504712,-0.003668029747,0,2026-02-03T00:00:00Z,,historical_reconstruction
2026-02-03,0.5047627137,0.009525427466,0,0.01290091463,-0.03017093535,-0.01886958202,0.2246123383,-0.0006670486901,-0.0263246624,8.195397753,0.1229084917,0.004376800569,-0.0001680399108,0.01114579302,0.4916003825,-5.583607729e-05,0.050579372,0,2026-02-04T00:00:00Z,,historical_reconstruction
2026-02-04,0.4809985825,-0.03800283493,0,-0.01827936351,-0.001663692468,-0.04727566235,0.1263646668,-0.0005818662546,0.03620499946,8.357404306,0.06137379586,0.01171806784,-0.000193296891,-0.01024670165,0.4991010823,-0.0001102276758,-0.08032106014,0,2026-02-05T00:00:00Z,,historical_reconstruction
2026-02-05,0.496468358,-0.007063284024,0.06030023226,-0.05285724655,-0.06847617688,-0.121707901,0.2444875101,-0.001029105062,-0.0257933176,8.554583124,0.06895643095,0.006089291818,-0.0003652981482,-0.03609555163,0.4835716992,-0.000465792643,0.02818109076,0,2026-02-06T00:00:00Z,,historical_reconstruction
2026-02-06,0.5667789928,0.1335579856,0,-0.001089256062,0.04169022617,0.0676318254,0.1197843981,-0.0004070990317,-0.1101385173,6.161490338,0.06137155958,0.007785871775,9.955821214e-05,-0.002137521569,0.5117097342,0.0002282015172,0.153410107,0,2026-02-07T00:00:00Z,,historical_reconstruction
2026-02-07,0.4802098394,-0.0395803211,0.1956396976,-0.002013111524,0.0168229763,0.03383743567,0.06755245058,-0.0005510090653,0.02746292632,8.077346997,0.1111247007,-0.0003640833984,-4.328335033e-05,-0.001214150453,0.4939413026,8.929762937e-05,0.02411440075,0,2026-02-08T00:00:00Z,,historical_reconstruction
2026-02-08,0.4725468546,-0.05490629085,0.03910264712,-0.01742061981,-0.008958423242,-0.01998724418,0.2060456245,-0.0005455224095,0.06532885125,9.443722953,-0.1223193521,-0.02299285661,5.564027441e-05,-0.01529732176,0.5052112802,-5.656793511e-05,0.0588911279,0,2026-02-09T00:00:00Z,,historical_reconstruction
2026-02-09,0.5045497505,0.009099501043,0,-0.01234903863,0.02105635887,0.03784524666,0.1549185683,-0.000503558161,-0.01153540066,9.754217201,0.05861313979,-0.005199885631,-0.0001114739841,-0.01154234092,0.4987820502,0.0001227679888,0.02529059783,0,2026-02-10T00:00:00Z,,historical_reconstruction
2026-02-10,0.4820569849,-0.03588603011,0.2262306023,0.002339007409,0,0.009719448882,0.05226121683,-0.0005734993845,0.01163579543,9.97033979,0.05721458291,-0.008907969911,-5.070267338e-05,-0.003195824042,0.4878748827,9.35493056e-05,-0.04541145758,0,2026-02-11T00:00:00Z,,historical_reconstruction
2026-02-11,0.4889975899,-0.02200482012,0.1362839703,-0.005680566725,0.006074238388,-0.00638292427,0.09817837559,-0.0005718171422,0.02739625838,13.21875978,-0.02060288723,0.01346193908,-0.0001526319356,-0.007459164279,0.5026957191,1.00491124e-05,0.01599801481,0,2026-02-12T00:00:00Z,,historical_reconstruction
2026-02-12,0.4969901589,-0.006019682285,0,0.01163364408,-0.0003233289539,-0.02069863551,0.1056352199,-0.0003593705881,0.0004650610611,12.27595447,-0.003970293328,0.01797831137,7.92750757e-05,0.007354036489,0.4972226894,0.0006697344737,0.001043601739,0,2026-02-13T00:00:00Z,,historical_reconstruction
2026-02-13,0.5068595873,0.01371917462,0,-0.004383449804,0.00678159338,0.04523864187,0.08953067511,-0.0005466828068,-0.002570563004,11.16337,-0.01708917478,-0.003481013182,-7.525022691e-05,-0.001232250408,0.5055743058,-0.0001395837751,-0.119838811,0,2026-02-14T00:00:00Z,,historical_reconstruction
2026-02-14,0.4988396778,-0.002320644342,0.3071337338,-0.0009240993622,-0.0003976200286,-0.006186951676,0.1207701318,-0.0005559309687,0.02574098883,11.5637924,0.1299911473,-0.009235679008,-0.0001613615614,-0.0007304577855,0.5117101722,-4.921903413e-06,0.03725967676,0,2026-02-15T00:00:00Z,,historical_reconstruction
2026-02-15,0.3874046983,-0.2251906035,0.399944241,0.01254234845,-0.02222951439,-0.0462569594,0.0643282307,-0.0005644316529,0.2040708283,6.317268544,-0.02220731716,-0.01873579248,-4.607246894e-05,0.007994828857,0.4894401124,-1.890924343e-05,-0.1702843126,0,2026-02-16T00:00:00Z,,historical_reconstruction
2026-02-16,0.5072213221,0.01444264424,0,0.0123047152,0.02130171467,0.01121872723,0.131511695,-0.0004904094919,-0.01744355544,12.01676014,-0.03732680726,-0.0009779224409,-5.596408189e-05,0.01441526154,0.4984995444,1.314866904e-05,0.005343143199,0,2026-02-17T00:00:00Z,,historical_reconstruction
2026-02-17,0.4846973451,-0.03060530986,0,-0.003248004404,0.01171904764,0.0117807231,0.09615443171,-0.0004920518562,0.03494479948,10.85865239,0.05448978882,0.0323861606,-8.288800819e-05,-0.004274757454,0.5021697448,8.144752824e-05,0.00528072025,0,2026-02-18T00:00:00Z,,historical_reconstruction
2026-02-18,0.4864375851,-0.02712482988,0.07796953656,0.007660841611,-0.01489312408,-0.0128845688,0.1071547832,-0.0005828489041,0.04030942639,12.57080882,-0.04675285364,0.02511066856,-8.075728845e-06,0.004289244853,0.5065922983,-1.103176194e-05,-0.005120009754,0,2026-02-19T00:00:00Z,,historical_reconstruction
2026-02-19,0.472771476,-0.0544570481,0.2433051719,0.003992108503,0.01183103271,-0.0002615934632,0.1016771238,-0.000477148193,0.02373037015,13.86878492,-0.03180047678,-0.02208850963,-3.344155159e-05,-0.0006900820283,0.484636661,-0.0001177776049,-0.04843736581,0,2026-02-20T00:00:00Z,,historical_reconstruction
2026-02-20,0.4826491625,-0.03470167503,0,0.002642983363,0.002505142671,0.0128035638,0.067609592,-0.0005231400593,0.03272414053,11.93164006,0.1150574548,-0.01229279602,7.536029373e-05,0.005528484081,0.4990112328,2.35427475e-05,-0.04842084966,0,2026-02-21T00:00:00Z,,historical_reconstruction
2026-02-21,0.5109722124,0.02194442482,0,-0.007538952091,-0.007434121511,-0.001856329223,0.1411897512,-0.0004104695062,0.005653019063,10.88934258,0.02514515318,-0.004597318001,0.0002196064634,-0.008280579737,0.5137987219,0.0001454614625,0.02426506917,0,2026-02-22T00:00:00Z,,historical_reconstruction
2026-02-22,0.4973902975,-0.005219404947,0.08577547824,0.007248949185,0.001960091914,-0.01159638326,0.1344937148,-0.0004137254702,-0.002779982286,14.02806064,0.02269023408,-0.01684508803,2.829843756e-05,0.003189757657,0.4960003064,0.0001507061828,0.2199711985,0,2026-02-23T00:00:00Z,,historical_reconstruction
2026-02-23,0.4868670416,-0.02626591688,0.3273499402,-0.0004792186045,-0.02075805133,-0.03079951339,0.0672971336,-0.0004471260033,0.0117744837,12.04947834,-0.01723000289,-0.002538204045,2.027053607e-05,0.005613335135,0.4927542834,4.328348859e-05,-0.04070856113,0,2026-02-24T00:00:00Z,,historical_reconstruction
2026-02-24,0.4701371776,-0.05972564471,0.01899604293,-0.0002861044983,0.002354418459,0.0137895169,0.08192769859,-0.0004589781526,0.02829906215,12.43289874,-0.02499214792,-0.01083490941,-3.982774009e-05,-0.005848992388,0.4842867087,3.30737036e-05,-0.02912033485,0,2026-02-25T00:00:00Z,,historical_reconstruction
2026-02-25,0.5021799337,0.004359867446,0.3890403255,-0.006576215538,0.02174614762,0.06799966779,0.2588731198,-0.0004763108268,0.04003933483,12.38571494,-0.06042426039,-0.007501737721,4.642817255e-05,-0.01521214469,0.5221996011,0.0001065380773,0.03148469732,0,2026-02-26T00:00:00Z,,historical_reconstruction
2026-02-26,0.5113264895,0.02265297908,0.1582906377,-0.001206819268,-0.002783597431,-0.01456515928,0.0700221227,-0.0004783792314,-0.002336190813,12.06920452,0.04127985306,0.0329378508,6.959293075e-05,-0.001539150998,0.5101583941,-1.231038443e-06,0.07711002718,0,2026-02-27T00:00:00Z,,historical_reconstruction
2026-02-27,0.4993163644,-0.001367271129,0.08909621992,0.004544247857,-0.009622342309,-0.01643154204,0.1118895058,-0.0006943580815,-0.007804665623,13.41419629,0.04683365535,0.005303490611,-0.0001463263655,0.00733910385,0.4954140316,-0.0001712180222,0.0333344039,0,2026-02-28T00:00:00Z,,historical_reconstruction
2026-02-28,0.4982777678,-0.003444464311,0.277684094,0.008977776408,0.03456792724,0.05430629199,0.1655462862,-0.0005243037704,0.004245340573,13.8772075,-0.02635593335,0.003622411292,1.561320541e-05,0.009210842167,0.5004004381,-0.0001138342642,-0.02538888913,0,2026-03-01T00:00:00Z,,historical_reconstruction
2026-03-01,0.4809867516,-0.03802649689,0.06347761249,-0.007257317454,-0.02692411883,-0.02198838312,0.1816549979,-0.0005877167205,0.04285045466,12.86265652,-0.004736007554,0.009558677964,-0.0001852931791,-0.002815098838,0.5024119789,-0.0001739912504,-0.03280709194,0,2026-03-02T00:00:00Z,,historical_reconstruction
2026-03-02,0.5185762698,0.03715253961,0.01053495041,-0.007932235902,-0.009759052034,0.04084094876,0.1475251436,-0.0003255481293,-0.02218302686,12.31613675,0.07819320352,-0.01088622511,8.502829614e-05,-0.001978641231,0.5074847564,0.000121577874,0.0634184565,0,2026-03-03T00:00:00Z,,historical_reconstruction
2026-03-03,0.4992949477,-0.001410104553,0.2989771848,-0.001626360125,0.006901244662,0.01097242617,0.07107673618,-0.0004791204357,-0.002625664139,13.20719461,0.01095899094,-0.01167133573,0.0001457149413,-0.001417403375,0.4979821157,-2.014228311e-05,0.05831554016,0,2026-03-04T00:00:00Z,,historical_reconstruction
2026-03-04,0.4991665082,-0.001666983541,0.2902769379,-0.0230676323,-0.01067327681,0.03518786162,0.0847375556,-0.0006111090218,0.0266176048,11.1871392,-0.05391198827,-0.04077787468,-0.0002619810779,-0.0128362799,0.5124753106,-0.000134798195,-0.006026850986,0,2026-03-05T00:00:00Z,,historical_reconstruction
2026-03-05,0.4756516128,-0.0486967745,0.1452920763,-0.000727931854,-0.006751479432,-0.03043144739,0.09085357554,-0.0003280491688,0.05098936568,13.04085012,0.02638362314,0.009825716729,0.0001786462069,-0.0003857972466,0.5011462956,0.0001503300627,-0.07134975358,0,2026-03-06T00:00:00Z,,historical_reconstruction
2026-03-06,0.4798015357,-0.04039692868,0.102477013,-0.002555765595,0.0003437815976,-0.03527495941,0.070013655,-0.0005154951786,0.02550122539,12.44001585,0.0348079444,0.02082284074,-6.008232821e-05,-0.000260818041,0.4925521484,0.0001788629029,-0.03902965755,0,2026-03-07T00:00:00Z,,historical_reconstruction
2026-03-07,0.4840957697,-0.03180846054,0,0.007359860884,-0.005774773729,-0.009718842387,0.1175502662,-0.0006092638569,0.03716581919,11.79953966,0.03871807896,0.03541634782,-0.0001512105256,0.002721811297,0.5026786793,-8.496008654e-05,-0.02836399623,0,2026-03-08T00:00:00Z,,historical_reconstruction
2026-03-08,0.48842688,-0.02314624,0.3342915284,-0.01415332,-0.003200708067,-0.007322985154,0.2104834062,-0.0005833462392,-0.02369127642,10.48309022,-0.0673200425,-0.03411920938,-2.401125669e-05,-0.02028901914,0.4765812418,4.370481317e-06,0.01488025689,0,2026-03-09T00:00:00Z,,historical_reconstruction
2026-03-09,0.5135211945,0.02704238899,0.1681861404,-0.02012380095,-0.01466400348,0.0003915269551,0.1781076792,-0.0003512328272,-0.008132136191,11.36997531,0.05104623952,-0.009514669273,0.0002049384233,-0.008113557629,0.5094551264,-2.568469789e-05,-0.01011015062,0,2026-03-10T00:00:00Z,,historical_reconstruction
2026-03-10,0.5177876473,0.03557529469,0.248286733,-0.0002503657303,-0.02059788202,-0.01221807246,0.07275788706,-0.0005499604716,-0.03304093714,12.95728344,0.02599969276,-0.02050373877,0.0001181012188,-0.001356297496,0.5012671788,-7.084003584e-05,0.03698539924,0,2026-03-11T00:00:00Z,,historical_reconstruction
2026-03-11,0.4931997677,-0.01360046467,0,-0.01159894993,0.00108305891,0.01693428486,0.09466170963,-0.0004775898283,0.01384034025,13.09703275,-0.04218990532,-0.02081902057,0.0001187756192,-0.006369457408,0.5001199378,0.0001335191935,-0.01193348113,0,2026-03-12T00:00:00Z,,historical_reconstruction
2026-03-12,0.4910531576,-0.01789368474,0.05448373904,0.001894085814,0.0005742328683,0.005182201151,0.2206115467,-0.0004436899572,0.03992261272,13.44465695,0.02314424918,0.01956594761,0.0004244534606,0.001547726733,0.511014464,-0.0001156407884,0.03080308976,0,2026-03-13T00:00:00Z,,historical_reconstruction
2026-03-13,0.5011277663,0.002255532576,0.1033372247,-0.004879951296,-0.01681852999,-0.01357837267,0.06854468706,-0.0005783330625,0.04503286954,12.94710945,-0.01599176812,0.002249999513,-9.193802513e-05,-0.003651638518,0.5236442011,-6.283788388e-05,0.04265246126,0,2026-03-14T00:00:00Z,,historical_reconstruction
2026-03-14,0.4814441817,-0.03711163654,0.3718646569,0.008981949458,0.01033392458,0.01084550579,0.1507741755,-0.0004245859095,0.02657132843,14.07467511,0.003610678404,-0.01284317767,0.0001027132306,0.007241302297,0.4947298459,0.0001846779475,-0.005303175996,0,2026-03-15T00:00:00Z,,historical_reconstruction
2026-03-15,0.5206324107,0.04126482147,0.217710275,0.03066491916,0.04036221398,0.02767935913,0.4763816967,-0.000261671946,0.02329409972,13.85204107,2.125688928e-05,0.005826211445,0.0002373994022,0.0176841518,0.5322794606,0.0003216742932,0.06441106147,0,2026-03-16T00:00:00Z,,historical_reconstruction
2026-03-16,0.5269865362,0.0539730725,0,0.00945978412,0.03478195859,0.03657805933,0.1586257821,-0.0005567431799,0.01334789401,10.9000026,-0.01675247281,0.01017899975,-4.569065072e-05,0.01246123062,0.5336604833,-0.0002055103527,0.02693068351,0,2026-03-17T00:00:00Z,,historical_reconstruction
2026-03-17,0.4865832823,-0.02683343543,0,-0.001219711924,0.0006088135476,-0.004048461198,0.06608086394,-0.0004056287461,0.03068860205,11.10883606,0.01105478767,-0.02310421902,9.444323393e-05,-0.008077308099,0.5019275833,0.0001443317255,-0.06240873012,0,2026-03-18T00:00:00Z,,historical_reconstruction
2026-03-18,0.4758973213,-0.04820535742,0.1645124895,0.008024338358,0.007185727281,-0.02905703446,0.1508305976,-0.0006535384113,0.02307661749,14.61614973,-0.04989538175,0.008044641845,-4.101743832e-05,0.002450459658,0.48743563,-0.000175948583,-0.03460489276,0,2026-03-19T00:00:00Z,,historical_reconstruction
2026-03-19,0.4797990108,-0.04040197846,0.19059134,-0.001573898505,0.008967297681,-0.01343381389,0.08431758878,-0.0005847105215,0.02310135385,12.70086277,0.02171108253,0.02345760983,2.447008767e-05,-0.004866803279,0.4913496877,-0.0001410205643,-0.02250829372,0,2026-03-20T00:00:00Z,,historical_reconstruction
2026-03-20,0.5405359313,0.08107186253,0.003073234357,0.00624030081,0.00572633552,0.002208742511,0.1242848229,-0.0005311664228,-0.06454412938,14.86121826,0.1095289192,-0.01085471448,8.1841129e-06,0.004743377006,0.5082638666,4.716663966e-05,0.07881632995,0,2026-03-21T00:00:00Z,,historical_reconstruction
2026-03-21,0.4775815224,-0.04483695528,0.839777311,-0.03127076393,-0.03260128159,-0.03360573291,0.405315328,-0.0007194693194,-0.01351986439,14.25855544,0.002242124163,0.00406464189,-0.0001881141403,-0.02099394554,0.4708215902,-0.00029488341,-0.007725318737,0,2026-03-22T00:00:00Z,,historical_reconstruction
2026-03-22,0.4932371192,-0.01352576166,0,-0.004522057754,-0.01402237051,-0.007768228525,0.2064880926,-0.0005063562313,0.01112131046,13.45516279,0.003674987596,0.01711889844,-8.784136965e-05,-0.004998978738,0.4987977744,-0.0002446842853,-0.05479058313,0,2026-03-23T00:00:00Z,,historical_reconstruction
2026-03-23,0.5048377517,0.009675503316,0.5564348128,-0.001123256516,0.01107373406,0.008080457939,0.04359886904,-0.0004739710878,0.01754501037,13.46153594,-0.0232343599,0.0005768458069,9.790918547e-05,0.003217502671,0.5136102568,8.277209213e-05,-0.04429756918,0,2026-03-24T00:00:00Z,,historical_reconstruction
2026-03-24,0.4810156479,-0.03796870421,0.2998046079,0.01859830126,0.009872842657,-0.004460060299,0.1505224855,-0.0004359460725,0.04417339913,14.86886422,0.02170936669,0.006241431278,2.949493281e-05,0.01699993355,0.5031023475,-3.031732641e-05,-0.01113526878,0,2026-03-25T00:00:00Z,,historical_reconstruction
2026-03-25,0.5044234612,0.008846922427,0,-0.00168455548,0.002987200355,-0.00795367749,0.07963248437,-0.0004702584577,-0.005777077234,15.47561547,0.01302451767,-0.02483224554,7.686655661e-05,0.006393746794,0.5015349226,0.0001832799535,0.05705227985,0,2026-03-26T00:00:00Z,,historical_reconstruction
2026-03-26,0.5069431583,0.01388631653,0.4902572779,0.005524349596,-0.00481549459,-0.003877299427,0.1260176865,-0.0006115228375,-0.03928090105,16.11418805,0.04179247014,0.01597745657,-0.0001420393376,0.004172213154,0.4873027077,-2.681231595e-05,0.05428829499,0,2026-03-27T00:00:00Z,,historical_reconstruction
2026-03-27,0.5222894499,0.04457889977,0.4999586808,0.0005271878295,0.0007181166262,0.0004769555176,0.05384344144,-0.0005871283402,-0.07775812341,12.7201285,0.02578085707,0.03151765277,6.159571532e-05,0.005551580731,0.4834103882,-5.596191741e-05,-0.03649296276,0,2026-03-28T00:00:00Z,,historical_reconstruction
2026-03-28,0.557846125,0.1156922499,0.4456877912,-0.01278352148,-0.01583746127,-0.001451713021,0.1441738036,-0.0006316612691,-0.1180618575,15.99166896,0.1115403323,-0.02898695003,4.552794673e-06,-0.008062134731,0.4988151962,8.780805029e-05,0.1605292052,0,2026-03-29T00:00:00Z,,historical_reconstruction
2026-03-29,0.5260239301,0.0520478602,0.2553452395,-0.005636583178,-0.004184688256,-0.009551946821,0.4767656284,-0.0006046436633,-0.1020990733,17.00466675,0.1025053496,0.003465960305,-0.0001042719825,-0.005089481151,0.4749743935,-9.828743199e-05,0.06557362186,0,2026-03-30T00:00:00Z,,historical_reconstruction
2026-03-30,0.5143663916,0.02873278313,0.05636488221,0.001373721401,-0.02316187281,-0.02163386102,0.1026123835,-0.0003898385378,0.009854823686,16.11989731,0.03126128504,0.01498332243,0.0001037437694,0.003716149918,0.5192938034,8.413255e-05,0.01905727981,0,2026-03-31T00:00:00Z,,historical_reconstruction
2026-03-31,0.517924466,0.03584893206,0.1716862565,0.004240319765,0.0246149354,0.03146173103,0.08588135344,-0.0004464646177,-0.0102341251,15.21073257,0.06498060561,0.0009556261373,0.0001829609853,0.006569840058,0.5128074035,-1.051854514e-05,0.07381763626,0,2026-04-01T00:00:00Z,,historical_reconstruction
2026-04-01,0.5104131843,0.02082636865,0,-0.0005043358877,0.002487072842,0.00235561883,0.2142935054,-0.0007241806247,0.005657857076,11.81655854,0.0004348244979,0.007558741939,-0.0003216197384,-0.0009228940502,0.5132421129,-0.0002539221669,0.01197944622,0,2026-04-02T00:00:00Z,,historical_reconstruction
2026-04-02,0.4645794725,-0.07084105507,0,-0.003960587794,-0.001174991139,0.0118788797,0.06819260877,-0.0005881866836,0.04755657684,16.612568,-0.06966072148,0.01487598583,-8.760366661e-05,-0.001105022695,0.4883577609,2.333615382e-05,-0.08472737161,0,2026-04-03T00:00:00Z,,historical_reconstruction
2026-04-03,0.475971913,-0.04805617404,0.171807818,0.0005553688087,0.001252888469,-0.004271225226,0.1107416885,-0.0004430746459,0.07671848516,15.68039853,-0.01686340698,0.03057084163,6.913857816e-05,0.001174690027,0.5143311556,0.0001440536943,-0.0926350738,0,2026-04-04T00:00:00Z,,historical_reconstruction
2026-04-04,0.4947952057,-0.01040958867,0.2788128711,0.0003923069099,0.004488666482,0.006667186525,0.1358943064,-0.00052771215,0.04161245562,15.09453126,-0.01454701057,0.02099373283,-9.056777553e-05,0.0001783367777,0.5156014335,0.0001039491192,-0.1261018386,0,2026-04-05T00:00:00Z,,historical_reconstruction
2026-04-05,0.4981248993,-0.003750201341,0.08351751804,0.02317225729,0.02742167149,0.0332270811,0.393132034,-0.0003885942839,0.01286195435,19.85315081,0.00822338501,-0.07278907661,0.0001369424865,0.02483884966,0.5045558765,0.0002160493795,-0.05579806154,0,2026-04-06T00:00:00Z,,historical_reconstruction
2026-04-06,0.5067219626,0.01344392513,0.2858280951,-0.01729742334,-0.02655856605,-0.02062253373,0.1457660886,-0.0004840638585,0.01343890121,14.42679831,0.01232502768,0.03096024267,3.529851094e-05,-0.01270241034,0.5134414132,-9.42253207e-05,-0.015288858,0,2026-04-07T00:00:00Z,,historical_reconstruction
2026-04-07,0.5202511511,0.04050230217,0.1648174338,0.05991321999,0.07689164307,0.07199054355,0.48311129,-0.0003883911233,-0.009912799081,14.87693539,-0.01031025789,-0.03225912924,8.460670696e-05,0.04220947036,0.5152947515,5.807349442e-05,0.00465337011,0,2026-04-08T00:00:00Z,,historical_reconstruction
2026-04-08,0.4719228495,-0.05615430108,0,-0.009511404187,-0.01148304626,-0.02546690815,0.09336264106,-0.0005159817352,0.05421877801,12.50039086,-0.02291344103,-0.0212573027,-6.811299517e-05,-0.003484931743,0.4990322385,0.0002081988895,-0.07698066972,0,2026-04-09T00:00:00Z,,historical_reconstruction
2026-04-09,0.4926019783,-0.01479604349,0.02538554654,-0.01182988784,-0.01253381425,0.004559089283,0.1814309601,-0.000584421514,0.0242655602,16.21491169,-0.07297900157,-0.01968791552,-6.1074775e-05,-0.004277055434,0.5047347584,3.765169631e-06,0.05604501158,0,2026-04-10T00:00:00Z,,historical_reconstruction
2026-04-10,0.4843865293,-0.03122694136,0.05717681017,-0.003603811519,0.009337853148,0.01326467057,0.1001108919,-0.0005122380348,0.03976280103,13.78665095,-0.04728176904,-0.01596184291,0.000108627147,-0.003733267646,0.5042679298,-6.916338888e-05,0.01682923268,0,2026-04-11T00:00:00Z,,historical_reconstruction
2026-04-11,0.4994524538,-0.001095092347,0.4465360561,-0.01337242439,0.01575877735,0.01730539775,0.1977103732,-0.0004989080915,0.059912513,13.36358801,-0.03143896327,0.01476581217,-9.147774484e-05,-0.008739650164,0.5294087103,2.880405847e-05,0.009314496321,0,2026-04-12T00:00:00Z,,historical_reconstruction
2026-04-12,0.4867059225,-0.02658815496,0.7466603848,-0.003011459011,0.002369115515,-0.005883100035,0.1440247799,-0.0004699655511,0.01377234698,14.32931957,0.03481247489,0.02359221872,-4.757954511e-05,-0.004828078484,0.493592096,-8.13712672e-05,-0.02283795361,0,2026-04-13T00:00:00Z,,historical_reconstruction
2026-04-13,0.5167274943,0.03345498857,0.4209763484,0.04735383432,0.07250325898,0.08326589952,0.4645021619,-0.0002785444785,-0.01193293316,12.69078905,-0.01000259065,-0.03141827279,0.0001647623079,0.01494762827,0.5107610277,0.00020551938,0.02001106345,0,2026-04-14T00:00:00Z,,historical_reconstruction
2026-04-14,0.4918259721,-0.01634805575,0.1982867804,0.003942385835,-0.01783796128,-0.02194109175,0.0585798606,-0.0005468386697,0.05251590365,11.78384616,-0.02071571893,-0.007936488207,-0.0002143216779,-0.001236134745,0.5180839239,-0.0001584475464,-0.05685035792,0,2026-04-15T00:00:00Z,,historical_reconstruction
2026-04-15,0.4714286698,-0.05714266048,0.036381424,-0.006357760889,0.01197240173,0.009638832559,0.1979829942,-0.0004576368143,0.06787961935,13.62108342,-0.02986736061,-0.007562960515,-5.959170752e-06,-0.002568044308,0.5053684794,5.834492082e-05,-0.0009883593982,0,2026-04-16T00:00:00Z,,historical_reconstruction
2026-04-16,0.4740231741,-0.05195365189,0.1515595678,-0.004881997211,0.003916186763,0.005347479107,0.1169036409,-0.000532329431,0.03952494132,13.74278256,-0.05901812146,-0.02153864202,9.95706242e-05,-0.002504678603,0.4937856447,5.209208301e-05,-0.03715760839,0,2026-04-17T00:00:00Z,,historical_reconstruction
2026-04-17,0.513998071,0.02799614196,0.2317416018,-0.003673926653,-0.009402283412,0.02717622081,0.1536407172,-0.0005539479124,0.00443858714,11.51899304,-0.08563874111,-0.005400225801,-1.678785423e-05,-0.004155125012,0.5162173646,-4.170987757e-05,0.05922308333,0,2026-04-18T00:00:00Z,,historical_reconstruction
2026-04-18,0.4451575045,-0.1096849911,0.3351712502,0.0007366121801,-0.005635375946,-0.001121991024,0.05907377293,-0.0005658803908,0.06967667085,13.59140193,-0.05786278647,0.01246190287,-6.437269692e-05,0.0005538675154,0.4799958399,-6.697229925e-05,-0.1085898987,0,2026-04-19T00:00:00Z,,historical_reconstruction
2026-04-19,0.4679936099,-0.06401278019,0.07779122376,-0.01582407834,-0.02897288485,-0.02838094257,0.2561871235,-0.0004727672792,0.02049642594,14.58915176,-0.02470316254,-0.02175374654,0.0001151588402,-0.01552274874,0.4782418229,-2.801728133e-06,-0.03742462523,0,2026-04-20T00:00:00Z,,historical_reconstruction
2026-04-20,0.4951674148,-0.009665170453,0,-0.007689404661,-3.025169409e-05,0.002352258255,0.117331398,-0.0005445469672,0.01502916189,14.765863,-0.04686492988,-0.03738440886,0.0001261986733,-0.005976646255,0.5026819957,-0.0002660024887,-0.04312015903,0,2026-04-21T00:00:00Z,,historical_reconstruction
2026-04-21,0.4793833651,-0.04123326985,0,0.01249554041,0.007310897089,0.002883061475,0.1584741359,-0.0004340091271,0.04240493269,17.27906456,-0.07055974402,-0.00360851009,0.0001941336336,0.01749746712,0.5005858314,0.0001128295426,-0.0248852141,0,2026-04-22T00:00:00Z,,historical_reconstruction
2026-04-22,0.5049658531,0.009931706211,0.5868137816,-0.009896571858,-0.0123843517,-0.01016077117,0.08737814744,-0.0004338540987,0.04068258082,12.78681721,-0.04117447298,-0.01710346623,5.77149737e-05,-0.008477091345,0.5253071435,2.378271568e-05,0.06707436669,0,2026-04-23T00:00:00Z,,historical_reconstruction
2026-04-23,0.4759293356,-0.0481413288,0.1744654892,0.007518796992,-0.001285754695,0.0005581890629,0.08706361646,-0.000566460395,0.01272731176,13.3853283,0.03715435779,-0.01806039024,-4.663788089e-05,0.006821674509,0.4822929915,-3.413096397e-05,0.003812323089,0,2026-04-24T00:00:00Z,,historical_reconstruction
2026-04-24,0.4795382992,-0.04092340158,0,-0.002842879234,-0.003795491026,-0.005631201409,0.1136239009,-0.0004794837127,0.03894160601,15.78460864,-0.01115921004,-0.002165609613,5.940506071e-05,-0.002469571876,0.4990091022,7.446419969e-05,-0.06891954354,0,2026-04-25T00:00:00Z,,historical_reconstruction
2026-04-25,0.4929622786,-0.01407544272,0.4549753325,0.004086473944,0.00494783543,0.002528472327,0.1084458014,-0.0005561543436,-0.006985845383,14.7311421,-0.06956072709,-0.01227505043,-4.085643701e-05,0.003814819604,0.4894693559,9.726047147e-06,0.09560954836,0,2026-04-26T00:00:00Z,,historical_reconstruction
2026-04-26,0.4974099723,-0.005180055316,0,0.0008617048239,0.00910538913,0.0143324372,0.3121486835,-0.0004726855291,0.04870365009,15.4004097,-0.005673977654,0.02417963623,8.733699896e-05,0.005578796635,0.5217617974,8.175013222e-08,0.05883272487,0,2026-04-27T00:00:00Z,,historical_reconstruction
2026-04-27,0.4791644009,-0.04167119816,0.6407868508,0.00634296573,0.01257104177,-0.007205685251,0.05999785963,-0.0006033850334,0.01899780953,14.90319758,-0.003534136617,0.03367505088,-8.484663963e-05,0.006413909373,0.4886633057,-5.883806627e-05,-0.03200602771,0,2026-04-28T00:00:00Z,,historical_reconstruction
2026-04-28,0.5032651084,0.006530216837,0,-0.005447531669,0.004237288136,0.006196930542,0.07379482775,-0.0004586314438,-0.006010712397,14.44594377,0.01944557459,0.01289130495,0.0001264927271,0.0001545899391,0.5002597522,-2.462231669e-05,0.04776348669,0,2026-04-29T00:00:00Z,,historical_reconstruction
2026-04-29,0.5043424309,0.008684861831,0.2157629708,0.008600119085,-0.008624862486,-0.03381165996,0.107838688,-0.0006125438324,-0.02960001541,14.9503675,-0.05048603402,-0.01850091271,-0.0002153414043,0.002860229366,0.4895424232,-0.0001786897337,-0.00124684438,0,2026-04-30T00:00:00Z,,historical_reconstruction
2026-04-30,0.5025421526,0.005084305259,0.2808052334,-0.001976144793,-0.00361477689,-0.0002966991117,0.06880898094,-0.0004518252411,-0.02297313929,15.48455245,-0.07085718835,-0.05531438665,8.742622758e-05,-0.0008667396038,0.491055583,0.0001146351539,0.05322563406,0,2026-05-01T00:00:00Z,,historical_reconstruction
2026-05-01,0.4685581017,-0.06288379669,0.1314579749,-0.004000260321,-0.005204451301,0.004010566553,0.1114345064,-0.000561937246,0.08941234155,16.31041612,-0.02420059689,-0.01870924554,-6.175272864e-05,-0.001644716482,0.5132642724,-8.245353331e-05,-0.02196039511,0,2026-05-02T00:00:00Z,,historical_reconstruction
2026-05-02,0.5338162761,0.06763255228,0.4745196541,0.002548592,0.003373491889,0.006463691689,0.3931114029,-0.0004618100364,0.01170471223,13.76066792,-0.004594368385,0.0167994364,-3.035293777e-05,0.002556117169,0.5396686323,9.434430722e-05,0.08170799501,0,2026-05-03T00:00:00Z,,historical_reconstruction
2026-05-03,0.4932236909,-0.01355261823,0.02725689866,-0.005544613804,-0.002490927441,0.001301931774,0.4132952258,-0.0004219318451,0.05140754675,13.77885964,0.05307090365,0.01528273123,8.170465994e-05,-0.002434601586,0.5189274643,5.075368398e-05,-0.008372562918,0,2026-05-04T00:00:00Z,,historical_reconstruction
2026-05-04,0.4868729912,-0.02625401766,0.09141357432,-0.003971958651,-0.001255260392,0.004093960019,0.03975574334,-0.0004473491368,0.02731319631,12.78451388,-0.05129282923,0.005629877049,-1.021467034e-05,-0.002402149268,0.5005295893,0.0001560358966,0.01541718051,0,2026-05-05T00:00:00Z,,historical_reconstruction
2026-05-05,0.4861580352,-0.02768392961,0.2677396429,-0.00470922536,-0.008621341284,-0.008033984764,0.1571043573,-0.0005506677906,0.0170877241,12.83936784,-0.04615165657,-0.1198445035,-1.152039991e-05,-0.00858793464,0.4947018972,-9.203634682e-05,-0.03421414645,0,2026-05-06T00:00:00Z,,historical_reconstruction
2026-05-06,0.4592794115,-0.08144117692,0.2412616125,0.001000642966,-0.003501335255,-0.02473791418,0.1011021949,-0.0004849330452,0.08089362033,12.67649811,-0.1428923444,-0.0291298669,0.0002138034707,-0.0002191128789,0.4997262217,0.0001276107872,-0.09012603875,0,2026-05-07T00:00:00Z,,historical_reconstruction
2026-05-07,0.3782594044,-0.2434811912,0.1800479563,-0.002142875809,-0.001638472734,-0.01668712499,0.1522236232,-0.000501951062,0.1810863191,9.231162427,-0.1878763834,-0.02814548053,-4.448537188e-05,-0.00175640266,0.468802564,-5.012582087e-05,-0.2485654965,0,2026-05-08T00:00:00Z,,historical_reconstruction
2026-05-08,0.3911581501,-0.2176836998,0,-0.003885909691,0.006043956044,0.005088482081,0.1565959079,-0.0003857723683,0.2097801494,7.742081889,-0.2588501512,-0.02071057208,8.770935091e-05,0.0001642554253,0.4960482248,0.0001761648777,-0.1547999031,0,2026-05-09T00:00:00Z,,historical_reconstruction
2026-05-09,0.3947641538,-0.2104716924,0.06033288944,-0.002392775362,0.003796965879,0.00513272501,0.1125300242,-0.0005244063892,0.218368069,8.20145043,-0.2787947874,-0.0256059606,2.592678552e-05,-0.00321392049,0.5039481883,-6.259635278e-05,-0.2781042447,0,2026-05-10T00:00:00Z,,historical_reconstruction
2026-05-10,0.5510642713,0.1021285426,0.6792651329,0.002422279902,0.01009984835,0.02095936002,0.2588230837,-0.0004470178428,-0.06250396278,8.409887283,0.03890180356,0.005087758176,-5.327045877e-05,0.009482570938,0.5198122899,-2.508599767e-05,0.1156811608,0,2026-05-11T00:00:00Z,,historical_reconstruction
2026-05-11,0.4368015566,-0.1263968869,0.05328943561,-0.000243543949,0.002738399301,0.001742443702,0.09435728086,-0.0005384914547,0.08497447826,13.01587274,-0.07372677176,-0.01011648992,3.095780656e-05,-0.002639516195,0.4792887957,-9.114231782e-05,-0.1001428692,0,2026-05-12T00:00:00Z,,historical_reconstruction
2026-05-12,0.4450040327,-0.1099919346,0.2555462829,-0.004437442563,0.005791693562,-0.005273237663,0.0670654541,-0.0005890213454,0.04706845919,13.50730533,-0.03330526373,-0.05628956734,-4.905132886e-05,-0.004092642694,0.4685382623,-3.835355484e-05,-0.08230800494,0,2026-05-13T00:00:00Z,,historical_reconstruction
2026-05-13,0.4807384343,-0.03852313135,0,0.0009394955972,0.009912898841,-0.01875898741,0.06240146055,-0.0004914440042,-0.02399760826,14.05202196,-0.005888415099,-0.05160645937,-0.0001723310549,-0.004128453672,0.4687396302,-6.510958952e-06,0.04291804557,0,2026-05-14T00:00:00Z,,historical_reconstruction
2026-05-14,0.4978560107,-0.004287978665,0.0573691238,-0.006565608222,-0.00662611813,0.01306232557,0.1121575229,-0.0005211869046,0.002085658338,16.28222276,-0.09466226558,-0.04643552317,-1.446591478e-05,-0.004050122974,0.4988988398,-1.923584268e-05,0.2391932125,0,2026-05-15T00:00:00Z,,historical_reconstruction
2026-05-15,0.4265158302,-0.1469683396,0.4535030567,0.0005892009805,0.0008097675967,-0.01457325608,0.06632162945,-0.0004495068909,0.1145974311,13.9321012,-0.1081690008,-0.03047478862,4.611198232e-05,-0.0004206124086,0.4838145457,-6.373452265e-05,0.07071536023,0,2026-05-16T00:00:00Z,,historical_reconstruction
2026-05-16,0.4604616387,-0.07907672268,0.470716626,0.0005505673137,0.0003532110092,0.002141435865,0.03866221574,-0.0005089945295,0.02968399187,11.96930011,-0.031308827,0.01371960035,5.211991934e-05,-0.001426277417,0.4753036346,1.541185971e-05,0.1313949697,0,2026-05-17T00:00:00Z,,historical_reconstruction
2026-05-17,0.4787292364,-0.04254152712,0.5219931631,-0.02806790298,-0.02538748965,-0.02782846715,0.5009907692,-0.0005255748475,-0.007076001153,14.20752226,0.03396151892,0.01399850306,-0.0001735115851,-0.01221215913,0.4751912359,-7.855700473e-05,-0.1446700697,0,2026-05-18T00:00:00Z,,historical_reconstruction
2026-05-18,0.4816299991,-0.03674000174,0,0.002357569398,0.01071891207,-0.001790149492,0.1124222632,-0.0005117178698,0.02774430841,13.36576878,0.01178135218,0.00318600918,-9.522273722e-06,0.0009602485441,0.4955021533,2.67735849e-05,0.08965688514,0,2026-05-19T00:00:00Z,,historical_reconstruction
2026-05-19,0.4606694272,-0.07866114554,0.1438641946,-0.0005726075887,0.0008198275045,0.0005116422294,0.09572069826,-0.0004403555042,0.06438277818,17.10975665,-0.1093208451,0.01438476448,8.141756654e-06,0.0002034660037,0.4928608163,0.0001486658412,0.03133078902,0,2026-05-20T00:00:00Z,,historical_reconstruction
2026-05-20,0.4966837081,-0.006632583816,0,-0.004525225326,-0.003425747393,0.0005309376923,0.1131632558,-0.0003944699076,0.0436879764,14.91784683,0.0005685774082,0.0288938652,0.0001461979752,-0.001484018603,0.5185276963,9.697409658e-05,0.03189054753,0,2026-05-21T00:00:00Z,,historical_reconstruction
2026-05-21,0.5107904174,0.02158083475,0,-0.004237367232,0.0005251706805,0.008736432056,0.06218663113,-0.0004592831434,-0.02983209738,14.38301518,0.0028910396,0.0002162440188,-8.152364372e-05,-0.0009658831137,0.4958743687,6.190376126e-05,0.02586881341,0,2026-05-22T00:00:00Z,,historical_reconstruction
2026-05-22,0.4962310649,-0.007537870203,0.001300984317,0.0001500818188,-0.02530797503,-0.03047240916,0.1754835539,-0.0004211341579,-0.03629183005,15.10234267,0.06802333606,0.0007067764285,-7.164812737e-05,-0.004230663571,0.4780851499,2.837273309e-05,0.1394304694,0,2026-05-23T00:00:00Z,,historical_reconstruction
2026-05-23,0.5304324001,0.06086480016,0.4147292103,0.01941906477,0.02786527979,0.04243211846,0.322042129,-0.0004061047939,-0.06212330745,13.59794746,0.03468637482,-0.04118769422,7.349176648e-05,0.01011483422,0.4993707464,0.0001028897355,0.1399415228,0,2026-05-24T00:00:00Z,,historical_reconstruction
2026-05-24,0.4854970589,-0.02900588222,0,-0.0004855131446,0.001918094502,-0.01238835664,0.248710731,-0.0004095530633,0.007324335075,13.10728703,-0.1039457716,-0.05241736369,4.019738099e-05,0.003798584743,0.4891592264,0.0001160217842,0.0135356449,0,2026-05-25T00:00:00Z,,historical_reconstruction
2026-05-25,0.518439727,0.03687945399,0.1965195027,-0.003964325782,-0.006638052211,-0.0009172793683,0.1526003429,-0.0006483641819,-0.03578298599,14.00181129,0.08674813412,-0.03205946933,-0.0001244512624,-0.001547483693,0.500548234,-0.0001366463122,0.07361945572,0,2026-05-26T00:00:00Z,,historical_reconstruction
2026-05-26,0.4435199482,-0.1129601036,0.277758903,-0.0002555078822,-0.006510616281,-0.02226779821,0.07255226843,-0.0003761265714,0.1177147179,15.84155084,-0.04151014806,0.01263517117,-5.332930061e-05,-0.001604034082,0.5023773072,6.422893279e-05,-0.03429895804,0,2026-05-27T00:00:00Z,,historical_reconstruction
2026-05-27,0.4540020946,-0.09199581073,0.5477309332,-0.01585928349,-0.02247283225,-0.0267812512,0.2414445788,-0.0005630074475,0.03558112027,14.62658268,-0.03933224606,-0.008575185161,-0.0001439303037,-0.008216626176,0.4717926548,-0.0001685375399,-0.08536322691,0,2026-05-28T00:00:00Z,,historical_reconstruction
2026-05-28,0.4839460424,-0.03210791524,0.4311851802,-0.002303255334,0.009670208223,0.0100609082,0.08943586098,-0.0004875864471,0.01168215879,13.91411627,-0.09318687338,-0.00871762814,-0.0001329153912,0.002699562281,0.4897871218,-2.830330372e-05,-0.05368874999,0,2026-05-29T00:00:00Z,,historical_reconstruction
2026-05-29,0.5019629635,0.003925927082,0.144345089,-0.00119982548,-0.008407084002,0.003466860598,0.09623854102,-0.0005907055705,-0.004010997409,15.54484394,-0.1386046749,0.03186451075,-0.0001472036093,-0.0008094364154,0.4999574648,-0.0001695714126,0.01146379729,0,2026-05-30T00:00:00Z,,historical_reconstruction
2026-05-30,0.5263850153,0.05277003065,0.04955959531,-0.003120117115,-0.002067471615,0.002498265094,0.1313420488,-0.0004252289314,-0.01547966055,14.403195,-0.04325123213,-0.02892450958,-5.194299463e-05,-0.001786895487,0.5186451851,-1.912413746e-05,-0.008094769502,0,2026-05-31T00:00:00Z,,historical_reconstruction
2026-05-31,0.4272061639,-0.1455876721,0.2584693818,0.003715780314,-0.001745817003,-0.008041398126,0.2686334206,-0.0003487775347,0.1258065226,12.93347128,-0.1210715958,-0.005563840899,-6.116063014e-05,0.001508630445,0.4901094252,6.077552857e-05,-0.1165817899,0,2026-06-01T00:00:00Z,,historical_reconstruction
2026-06-01,0.5070829446,0.01416588924,0,0.00109751413,0.01944677284,0.01276344477,0.1281153619,-0.0003637758941,-0.05194343171,13.16027602,0.04533833305,-0.02135652592,-0.0001201087882,-0.002602686994,0.4811112288,0.0002845882878,-0.02271356475,0,2026-06-02T00:00:00Z,,historical_reconstruction
2026-06-02,0.4715230103,-0.05695397941,0.05234336221,-0.02742276236,-0.02870780913,-0.05998898172,0.2686315968,-0.0004731589814,0.01235924646,14.38183716,-0.01059470091,-0.003670303163,-1.136124763e-05,-0.008234551692,0.4777026335,-9.703241e-05,0.05600612417,0,2026-06-03T00:00:00Z,,historical_reconstruction
2026-06-03,0.4988112193,-0.002377561346,0,0.005345428937,-0.01315574618,-0.03467204779,0.227905933,-0.0003254184937,-0.02276001901,13.00020852,0.02945609511,0.01446654991,6.51166798e-05,-0.02015276346,0.4874312098,0.0002375889538,0.08961824938,0,2026-06-04T00:00:00Z,,historical_reconstruction
2026-06-04,0.4834283143,-0.0331433714,0.2011859676,-0.00346665316,-0.003522731749,0.01099622611,0.07979362026,-0.0005139007324,0.02029923625,12.97103341,0.04044860608,-0.002514402115,-3.773238143e-06,0.004032885438,0.4935779324,-2.631428536e-05,-0.001035456154,0,2026-06-05T00:00:00Z,,historical_reconstruction
2026-06-05,0.481295825,-0.03740834992,0,0.005927309459,6.947558565e-05,-0.0481114324,0.1273122024,-0.0006631299735,0.01928257801,11.38731649,0.05719228635,0.008455639116,-9.857064012e-05,0.01254107778,0.490937114,-7.242440297e-05,-0.041334277,0,2026-06-06T00:00:00Z,,historical_reconstruction
2026-06-06,0.4792853489,-0.04142930212,0,0.009739152809,0.005921368836,0.006921547245,0.07569371908,-0.0006944046277,0.03769414627,11.69497924,0.001290882309,0.01372317156,-0.0001208607672,0.00469669967,0.4981324221,-0.0002691756963,-0.09419933277,0,2026-06-07T00:00:00Z,,historical_reconstruction
2026-06-07,0.4994651537,-0.0010696926,0.2166788879,0.04798834542,0.03707816229,0.03704635242,0.2238301883,-0.0005028068453,0.05406850193,13.4865904,-0.06646106181,0.01704658964,2.630947363e-05,0.03267708594,0.5264994047,-0.0001540293105,0.1445179795,0,2026-06-08T00:00:00Z,,historical_reconstruction
2026-06-08,0.5118956942,0.02379138842,0.1380285751,0.003389166538,-0.000650275776,0.003991043907,0.1182659147,-0.0007571769132,-0.03098554438,11.95295069,0.04922227606,-0.02065631392,-0.0003119116491,-0.004513349032,0.496402922,-0.0003934010191,0.009625499182,0,2026-06-09T00:00:00Z,,historical_reconstruction
2026-06-09,0.4541078701,-0.0917842597,0.1825673206,-0.01074620021,0.001906624297,-0.01940237805,0.08329100857,-0.0005367424612,0.06884696687,15.12719854,-0.04929451487,0.006811234167,3.024279718e-05,-0.005927557514,0.4885313536,-6.358347979e-05,-0.03483028029,0,2026-06-10T00:00:00Z,,historical_reconstruction
2026-06-10,0.4970629513,-0.005874097449,0,-0.005251050517,-0.02194839503,0.0009444094663,0.1676515773,-0.000536510462,0.005841526263,19.17569237,0.02948942523,-0.002813823242,-9.284990634e-05,-0.006965497813,0.4999837144,-0.0002110919683,-0.003496536103,0,2026-06-11T00:00:00Z,,historical_reconstruction
2026-06-11,0.5269591889,0.05391837785,0.5223715315,-0.00463937761,0.0169547145,0.003971586955,0.1240522381,-0.0005318322517,-0.02918050103,18.50272558,0.02107366423,-0.04352904994,-9.034599746e-05,0.0003191538367,0.5123689384,-1.793151929e-05,0.08706174925,0,2026-06-12T00:00:00Z,,historical_reconstruction
2026-06-12,0.514392964,0.02878592793,0,0.000294131771,0.00381306925,-0.004462685497,0.06053525732,-0.0005580859452,-0.03023480602,18.26308878,0.007364517146,-0.0247257832,-3.889760286e-05,-0.0001457792886,0.499275561,0.0001050440282,0.06619427786,0,2026-06-13T00:00:00Z,,historical_reconstruction
2026-06-13,0.540758251,0.08151650209,0,0.001716022165,-0.0005707016063,0.00169811658,0.1365911511,-0.0004580116347,-0.02828829084,17.31917087,0.01190311581,0.03487198495,0.0001595997374,0.002510553048,0.5266141056,0.000236392993,0.1229458042,0,2026-06-14T00:00:00Z,,historical_reconstruction
2026-06-14,0.5106581075,0.02131621507,0.6728139231,0.03613459506,0.03768603987,0.03100261093,0.5416100353,-0.000509961637,-0.0121814696,16.15548527,-0.03495106774,-0.02869122823,0.000164599499,0.03047647887,0.5045673727,-7.154791705e-06,0.02238590767,0,2026-06-15T00:00:00Z,,historical_reconstruction
2026-06-15,0.4891413495,-0.02171730102,0.30662306,-0.01413375195,-0.02676737848,0.01782769583,0.1058022395,-0.0005400499964,0.05727312671,13.78546134,0.02701171754,0.009457795436,0.0001058238737,-0.004311878321,0.5177779128,0.0002171269168,-0.04550868943,0,2026-06-16T00:00:00Z,,historical_reconstruction
2026-06-16,0.4979118006,-0.004176398745,0.09241829023,-0.001347881542,0.005924496334,-0.003673038453,0.06606115678,-0.0003736774884,0.001825964974,15.11206039,0.05728284098,-0.001046069375,8.631482827e-05,-1.339913323e-05,0.4988247831,0.0001630649728,0.08760786096,0,2026-06-17T00:00:00Z,,historical_reconstruction
2026-06-17,0.4667113279,-0.06657734412,0,0.009148397733,-0.01286779218,-0.007556989223,0.1064323007,-0.000594082029,0.05501339779,16.70972423,-0.04782491848,-0.002388558986,-2.827301514e-05,0.003227745391,0.4942180268,-5.757156706e-05,-0.06070324668,0,2026-06-18T00:00:00Z,,historical_reconstruction
2026-06-18,0.4828713662,-0.03425726763,0.5954892747,0.003348188108,0.01716768813,-0.01847061051,0.09487393544,-0.0005435068464,0.01229696867,16.27799417,0.003500760538,-0.006379936691,-4.893888368e-06,0.0001146927624,0.4890198505,-1.167459469e-05,-0.08817564548,0,2026-06-19T00:00:00Z,,historical_reconstruction
2026-06-19,0.5243816532,0.04876330648,0,0.00586641273,0.001943941869,0.01149703855,0.08562967514,-0.0005142620048,-0.01945372357,17.33146647,0.1069484693,-0.00929762998,-2.153185962e-05,0.008287793391,0.5146547915,4.382394043e-05,0.01997737855,0,2026-06-20T00:00:00Z,,historical_reconstruction
2026-06-20,0.5348024343,0.06960486861,0,0.006829471395,0.000258527085,0.008047800461,0.215983844,-0.0006203046385,-0.02776297294,16.89848973,0.08852142866,0.01906947183,-0.0001846768485,0.00566222561,0.5209209478,-0.0001622930038,-0.01191163348,0,2026-06-21T00:00:00Z,,historical_reconstruction
2026-06-21,0.4860633838,-0.02787323234,0.4720928752,-0.01568500813,-0.01373424779,-0.01068176681,0.2755475086,-0.0003690815143,0.03326621512,17.58027669,0.0176852841,0.03183647016,2.405097136e-05,-0.01394144233,0.5026964914,0.0001408801227,-0.0491894474,0,2026-06-22T00:00:00Z,,historical_reconstruction
2026-06-22,0.5027728785,0.005545757047,0.04039613564,-0.003689632709,-0.009491331136,-0.02234001629,0.1087393707,-0.0005034168697,0.01184228408,16.43109164,0.009892508263,-0.003394749326,-3.778120357e-05,-0.007018495169,0.5086940206,3.663312671e-05,0.02726305806,0,2026-06-23T00:00:00Z,,historical_reconstruction
2026-06-23,0.4858380644,-0.02832387117,0.285357898,0.002742741659,0.004428297726,0.003750978385,0.07554730746,-0.0004378782698,0.008242495826,17.78893433,0.07011208104,-0.003006441615,0.0001657761427,0.005547177051,0.4899593123,-6.42007814e-05,-0.02414747243,0,2026-06-24T00:00:00Z,,historical_reconstruction
2026-06-24,0.4982689806,-0.003462038709,0,0.0237159139,0.002527687135,-0.03417541395,0.1438438154,-0.0003883686667,-0.01300968903,17.97196125,0.05373035645,0.02993069359,5.025087534e-05,0.01867447876,0.4917641361,0.0002057133624,0.06311530542,0,2026-06-25T00:00:00Z,,historical_reconstruction
2026-06-25,0.5365209489,0.07304189782,0.442040596,0.005405890689,-0.001382156802,-0.04006661442,0.0902556255,-0.0005549035616,-0.06732043067,15.68098474,0.1237942342,0.01582230931,-0.0001853012604,0.007990729601,0.5028607336,-1.139671515e-05,0.1072991654,0,2026-06-26T00:00:00Z,,historical_reconstruction
2026-06-26,0.5175649419,0.03512988385,0,0.002648443008,-0.0009176460165,0.02170015856,0.06240512051,-0.0005194212887,-0.0490382497,15.76523422,0.01899160966,-0.002177709928,-9.893629826e-05,0.00577905729,0.4930458171,-5.159283868e-06,-0.01363342263,0,2026-06-27T00:00:00Z,,historical_reconstruction
2026-06-27,0.5123135482,0.02462709636,0.39137382,-0.002863459845,-0.01973618654,-0.006319444444,0.1508218845,-0.000565441966,-0.03152850839,17.14501585,-0.03262775213,-0.04205141609,-8.733971538e-05,-0.002442005486,0.496549294,5.486267254e-05,-0.04497777224,0,2026-06-28T00:00:00Z,,historical_reconstruction
2026-06-28,0.4999150945,-0.0001698110577,0.07723845477,0.004697656285,-0.005655006642,-0.006886269158,0.2320665867,-0.0005470877122,0.01838958494,18.67015991,0.03592289673,0.05785155357,-9.708191294e-05,0.001600994456,0.5091098869,-0.0001780061979,0.02770342128,0,2026-06-29T00:00:00Z,,historical_reconstruction
2026-06-29,0.4998826145,-0.0002347709252,0.3756211537,-0.007707923228,0.02076240619,0.02421694932,0.1106602985,-0.0005889391037,0.01663662578,17.70756964,-0.02381078452,0.01395726734,3.386303172e-07,-0.002867449345,0.5082009274,-8.552223402e-05,-0.005780527972,0,2026-06-30T00:00:00Z,,historical_reconstruction
2026-06-30,0.4701492597,-0.05970148062,0.2404746046,-0.0053843039,0.004357298475,-0.004155659869,0.09749417808,-0.0003435092652,0.02672267837,17.21966499,0.03613298583,0.02168841291,-1.412597274e-05,-0.003286238906,0.4835105989,9.436900463e-05,-0.03137760944,0,2026-07-01T00:00:00Z,,historical_reconstruction
2026-07-01,0.5100397749,0.02007954977,0.2847006471,-0.005246991787,-0.006493426332,0.02528855709,0.1820958043,-0.0004411088607,6.409389941e-05,17.72351769,-0.01246441704,-0.01396457476,-3.460479566e-05,-8.978935152e-05,0.5100718218,-5.274019403e-05,0.02354158848,0,2026-07-02T00:00:00Z,,historical_reconstruction
2026-07-02,0.5349984695,0.06999693894,0.2609544483,0.0002470370261,0.002068282795,0.03045488423,0.06001175335,-0.000393985546,-0.02734709287,16.08793335,0.004139139063,0.04247587432,-7.884584492e-05,0.001307913732,0.521324923,0.0001609180156,-0.003044958874,0,2026-07-03T00:00:00Z,,historical_reconstruction
2026-07-03,0.5313497466,0.06269949314,0.1510754479,0.007345063281,0.01557842933,0.008992619969,0.1889305232,-0.0004550082186,-0.03107511519,17.22738267,0.03012302501,-0.01826613455,-0.0001712262616,0.006,0.515812189,6.441307009e-05,0.02756960929,0,2026-07-04T00:00:00Z,,historical_reconstruction
2026-07-04,0.5183302077,0.03666041543,0.1236222177,-0.006799306125,-0.005828885365,0.01274577274,0.106233249,-0.0003931170815,-0.02150557975,15.26949786,-0.003880540708,-0.0284243994,6.947628246e-05,-0.002381083288,0.5075774178,0.0001723248845,0.01203331907,0,2026-07-05T00:00:00Z,,historical_reconstruction
2026-07-05,0.4777655594,-0.04446888126,0.1037289462,0.002363256691,0.00619273551,0.01452774874,0.1086361989,-0.0003248116932,0.05137486007,7.085259659,-0.040450892,-0.03381203747,0.0001920775448,0.01403769098,0.5034529894,0.0002222760189,-0.0442990702,0,2026-07-06T00:00:00Z,,historical_reconstruction
2026-07-06,0.5112686623,0.02253732455,0.2470641246,0.003793034204,0.006144573598,0.02268645859,0.1800255958,-0.0004000978017,-0.03355675755,18.07192584,-0.05435247883,-0.01147747858,-0.0001124741446,0.004761641783,0.4944902835,0.000188841302,0.02277209548,0,2026-07-07T00:00:00Z,,historical_reconstruction
2026-07-07,0.4853960911,-0.02920781782,0,-0.01061738324,-0.01446493644,-0.005233691044,0.1144077379,-0.0004403172542,0.007999227819,18.08915448,0.005166280474,0.009502107797,1.088539258e-05,-0.007114137077,0.489395705,-9.680798902e-05,0.0304936628,0,2026-07-08T00:00:00Z,,historical_reconstruction
2026-07-08,0.4771182243,-0.04576355143,0.2691644733,0.001464683887,0.01194456052,-0.002522955462,0.06102783939,-0.0004932493662,0.02297784411,18.59750924,0.05868877049,-0.002542672391,6.382239489e-05,0.0001930056177,0.4886071463,-5.214050554e-05,-0.0658431012,0,2026-07-09T00:00:00Z,,historical_reconstruction
2026-07-09,0.5024065226,0.004813045228,0,-0.001915916981,0.003248041115,0.0006536622286,0.07710211348,-0.00052144216,0.006119297791,17.56067997,0.05795449574,-0.01242429276,4.619993867e-07,-0.0002860165422,0.5054661715,-0.000127456614,-0.06518389371,0,2026-07-10T00:00:00Z,,historical_reconstruction
2026-07-10,0.5173360679,0.0346721358,0.08185081303,0.002326126247,0.003204716628,-0.002426133398,0.07701609455,-0.0004563541754,-0.02617438606,15.67964662,0.04214892034,-0.04735921791,4.58144074e-05,0.003814894987,0.5042488749,-1.345956776e-06,-0.02802735735,0,2026-07-11T00:00:00Z,,historical_reconstruction
2026-07-11,0.463622116,-0.07275576791,0.3078822659,-0.0200725726,-0.01491056964,-0.007059267858,0.1845171249,-0.00059292075,0.04851423208,13.2054789,0.07315645771,0.03373317727,-2.882541788e-05,-0.007264412158,0.4878792321,-0.0001998036685,-0.1094161833,0,2026-07-12T00:00:00Z,,historical_reconstruction
2026-07-12,0.4789981627,-0.04200367453,0.3605014508,-0.008015812013,-0.007765220161,0.001679815054,0.1596765234,-0.0004870489263,0.05081919556,17.06005784,-0.01320927546,0.01485887001,-1.668204011e-05,-0.006984272892,0.5044077605,-0.0001622372331,0.002465206729,0,2026-07-13T00:00:00Z,,historical_reconstruction
2026-07-13,0.4714861483,-0.05702770349,0.3064884745,0.001008490476,-0.0001575689364,-0.00225748846,0.09858302453,-0.0004052411185,0.0320336682,17.22442425,0.03357119941,0.0185156772,3.624780292e-05,0.0007431580573,0.4875029824,-5.143316781e-06,-0.07956502804,0,2026-07-14T00:00:00Z,,historical_reconstruction
2026-07-14,0.5477422022,0.0954844044,0.6383282741,0.008061851935,0.008878958202,0.05215534261,0.1121356464,-0.0003964331587,-0.04397824604,14.36419386,0.03885404961,0.004229186618,5.372379661e-05,0.007346956981,0.5257530792,4.38840955e-05,0.1246922222,0,2026-07-15T00:00:00Z,,historical_reconstruction
2026-07-15,0.5145901841,0.02918036815,0.4756460614,-0.003268975911,-0.007298287749,0.01763750783,0.06510546548,-0.0004953437686,-0.009022718447,14.85490614,0.04988269306,-0.02402807359,4.329124875e-05,-0.003402109104,0.5100788248,-2.094402343e-06,0.07494391958,0,2026-07-16T00:00:00Z,,historical_reconstruction
2026-07-16,0.456833347,-0.08633330606,0.09903567914,-0.005800841335,-0.009129120193,-0.01090035327,0.1150751561,-0.00052555089,0.05257027589,15.86851679,-0.04632132887,-0.001270209603,-6.808718155e-05,-0.006871593085,0.4831184849,-4.10872992e-06,-0.09114635129,0,2026-07-17T00:00:00Z,,historical_reconstruction
2026-07-17,0.5020305496,0.004061099144,0.2560363355,-0.0009925369896,0.006029854333,0.001566025937,0.04831978784,-0.0004614724772,-0.03762929261,16.90382022,0.05672069142,-0.01030640653,-0.0001209526691,-0.003571183651,0.4832159033,-5.118301876e-06,-0.03061103665,0,2026-07-18T00:00:00Z,,historical_reconstruction
2026-07-18,0.5366108851,0.07322177024,0,0.002238424494,0.01001003172,0.009238388348,0.148569944,-0.0004617176972,-0.01120763904,14.17291376,0.05215225912,-0.01265884232,-3.725049455e-05,0.004359532042,0.5310070656,0.0001312030528,0.1459775382,0,2026-07-19T00:00:00Z,,historical_reconstruction
2026-07-19,0.5036718086,0.00734361716,0.03584271366,0.005294329269,0.0007055390158,0.0004435182217,0.1842648004,-0.0003952505835,-0.0003703565694,13.50866682,-0.01462713465,0.05332448789,3.489322727e-05,0.004032727204,0.5034866303,9.179834275e-05,0.04934729169,0,2026-07-20T00:00:00Z,,historical_reconstruction
2026-07-20,0.5160675796,0.0321351593,0.1579569288,0.003323746616,0.001277374181,0.006106031555,0.08184992353,-0.0006667471663,-0.01992266412,18.15668931,0.08295398985,-0.03570873536,-0.0001961355659,0.001742500998,0.5061062476,-0.0002615060479,0.08916286278,0,2026-07-21T00:00:00Z,,historical_reconstruction
2026-07-21,0.5470206703,0.09404134058,0.06658373493,0.003488650189,-0.0008903567121,-0.002893025226,0.06304051299,-0.0004144884435,-0.06552181096,10.6582563,0.06870723227,-0.006359158077,9.275235881e-05,0.001676580666,0.5142597648,-1.805528482e-05,-0.001443063827,0,2026-07-22T00:00:00Z,,historical_reconstruction
2026-07-22,0.4937538347,-0.01249233067,0.00598028121,0.004732123378,-0.004523838933,0.003626910744,0.1009495042,-0.0004859764767,0.0416124185,14.29086073,0.007554385002,0.01098384125,5.443785363e-06,0.002901862,0.5145600439,9.367291905e-06,-0.04167269882,0,2026-07-23T00:00:00Z,,historical_reconstruction
2026-07-23,0.4538687909,-0.0922624181,0.1636894171,0.001460834702,-0.008890741493,-0.02474000924,0.09380983969,-0.0005110786955,0.03235148713,15.7858742,-0.04977737755,-0.02433987297,-5.991948358e-05,0.003886691321,0.4700445345,1.447219448e-05,-0.005929112037,0,2026-07-24T00:00:00Z,,historical_reconstruction
2026-07-24,0.5085240406,0.01704808122,0,-0.001287664177,-0.0002041013632,-0.01193781085,0.05849447735,-0.0004673800928,-0.04452054261,17.10282729,0.04999388994,-0.00850508528,-0.0001011499141,-0.001328603734,0.4862637693,-5.907615593e-06,0.01298698207,0,2026-07-25T00:00:00Z,,historical_reconstruction
2026-07-25,0.5125006676,0.02500133518,0.1867717787,6.400785163e-05,0.003752917746,0.009226214507,0.09492980719,-0.0005173636853,-0.03075002657,12.40097943,-0.01783172546,0.07364109873,5.584019816e-05,-0.000207956745,0.4971256543,-5.564598813e-05,-0.04822043506,0,2026-07-26T00:00:00Z,,historical_reconstruction
2026-07-26,0.5268083283,0.05361665661,0.1272959555,0.02116277733,0.02093877146,0.03650834893,0.3926452729,-0.000475771466,0.01691074057,17.44707203,0.02197104593,0.03574624405,-9.519036804e-05,0.01088900746,0.5352636986,-8.052088246e-05,0.04627303945,0,2026-07-27T00:00:00Z,,historical_reconstruction
2026-07-27,0.4747123104,-0.05057537927,0.6160515505,-0.0286349265,-0.01826491124,-0.03426087045,0.1989606315,-0.0005759485979,0.0323193713,13.8539763,0.04408444945,0.03407248155,-2.603836221e-05,-0.01889896265,0.490871996,9.079856842e-05,-0.08271053857,0,2026-07-28T00:00:00Z,,historical_reconstruction
2026-07-28,0.4916420175,-0.0167159651,0,-5.202264025e-06,0.001151029677,0.02426612813,0.1019766932,-0.0005722520198,0.02925035271,16.33089191,-0.03504379325,0.003939946299,-0.0003938901329,0.0001721331998,0.5062671938,-0.0001577635762,-0.1107573057,0,2026-07-29T00:00:00Z,,historical_reconstruction
2026-07-29,0.4916042003,-0.01679159947,0.16832484,0.01172845063,0.009835580384,-0.002370435346,0.1603246049,-0.0005442974376,0.000458185332,16.01091813,-0.08127419505,-0.02495482297,-0.000147637508,0.006208890593,0.4918332929,-5.832096094e-05,-0.004299268799,0,2026-07-30T00:00:00Z,,historical_reconstruction
2026-07-30,0.5020760789,0.004152157782,0.06640146207,-0.002796708409,-0.0003074678201,-0.002568568829,0.1243442168,-0.0005212921791,0.01078652416,17.03795667,-0.04616777082,-0.02201100163,-5.787768798e-05,-0.0003083333333,0.507469341,-1.021348358e-05,0.09641457588,0,2026-07-31T00:00:00Z,,historical_reconstruction
2026-07-31,0.433181558,-0.133636884,0.2025406995,-0.002992201007,-0.0001771403112,-0.01150047499,0.07589274748,-0.0004939332116,0.09410429035,16.45622428,-0.07708479862,-0.04415977374,-4.90144133e-05,-0.001335831798,0.4802337032,-2.655311881e-05,-0.1506849652,0,2026-08-01T00:00:00Z,,historical_reconstruction
2026-08-01,0.44109482297,-0.117810354059,0.494073522282,0.00416374116226,-0.0134538259986,-0.0117628153624,0.157806377821,-0.000417357746051,0.0469112770218,17.1723026644,-0.115417841329,-0.0229278369142,8.14990537138e-05,0.00469903874648,0.464550461481,0.000100005939285,-0.14281168924,0,2026-08-02T00:00:00Z,2026-09-05T09:38:34.011643+00:00,verified_archive_observed_now
2026-08-02,0.521799059782,0.0435981195646,0.142891971482,0.00167888640952,0.0142778752112,0.0176557903544,0.198529127203,-0.000525098654899,-0.00531856801563,21.5928720235,-0.0454889568831,0.0184786919102,-0.000210484843353,0.0017965204236,0.519139775774,-4.93271889087e-05,-0.0100185370461,0,2026-08-03T00:00:00Z,2026-09-05T09:38:34.011643+00:00,verified_archive_observed_now
2026-08-03,0.482749137999,-0.0345017240022,0,-0.00518661105764,-0.00152414481522,0.0112072526469,0.120328932462,-0.000386992743886,0.00287917572654,20.744270487,-0.0623738844152,-0.0035001610834,-2.80506783948e-05,-0.0054702268912,0.484188725862,0.000188955854022,0.0160736552724,0,2026-08-04T00:00:00Z,2026-09-05T09:38:34.011643+00:00,verified_archive_observed_now
2026-08-04,0.507204480021,0.0144089600421,0.0798745147387,-0.00293825922805,-0.00177782048818,-0.00167122292939,0.0929853779466,-0.000454606230779,0.0193930401797,15.6875420951,-0.0609941355254,-0.0106031073282,2.98995670671e-05,-0.00197389673744,0.516901000111,0.00011764578901,0.0311249251419,0,2026-08-05T00:00:00Z,2026-09-05T09:38:34.011643+00:00,verified_archive_observed_now
2026-08-05,0.522155989757,0.0443119795142,0.153293895513,-0.00423574088951,0.0186721880987,0.0213920339019,0.0977393151462,-0.000497668814501,-0.0340404491202,15.8215145763,0.0206418619989,-0.0226746902245,-1.31735146307e-05,-0.00269955692658,0.505135765197,4.66286231146e-05,0.0611035789872,0,2026-08-06T00:00:00Z,2026-09-05T09:38:34.011643+00:00,verified_archive_observed_now
2026-08-06,0.457231027359,-0.0855379452817,0,-0.00312553990168,-0.00345423143351,-0.00192371197786,0.0744527414095,-0.000514678850901,0.084810142991,15.0146668412,-0.0317145861214,0.000936786395976,-0.000147628556304,-0.00189926420581,0.499636098855,6.61332815266e-06,-0.0896901030632,0,2026-08-07T00:00:00Z,2026-09-05T09:38:34.011643+00:00,verified_archive_observed_now
2026-08-07,0.452142162044,-0.0957156759122,0,-0.00242855058264,-0.00192400944798,-0.00112193620097,0.0714250354788,-0.000579882769646,0.103763448125,13.795171513,-0.0511958873005,-0.0349261720567,2.18967627086e-06,-0.00057373362196,0.504023886106,-8.5949558006e-05,0.0379212080654,0,2026-08-08T00:00:00Z,2026-09-05T09:38:34.011643+00:00,verified_archive_observed_now
2026-08-08,0.484544049092,-0.0309119018168,0.22916379394,-0.00191105024448,-0.00306351196018,-0.00221240089745,0.147686792913,-0.000396506568444,0.0570274190508,12.7445095514,-0.0065708604017,-0.0198401860009,0.000128410845575,-0.00173337390166,0.513057758617,2.0851177607e-05,0.0868984522424,0,2026-08-09T00:00:00Z,2026-09-05T09:38:34.011643+00:00,verified_archive_observed_now
2026-08-09,0.486285748603,-0.0274285027935,0.0801997334662,-0.00592599529666,-0.00826339037772,-0.00447054287397,0.343758500091,-0.000565252662706,0.0325142740402,16.0263660553,0.0603182543696,-0.0208312473967,-4.46182683874e-05,-0.00428148472262,0.502542885623,-4.01540078077e-05,-0.0710266223581,0,2026-08-10T00:00:00Z,2026-09-05T09:38:34.011643+00:00,verified_archive_observed_now
2026-08-10,0.442988523567,-0.114022952865,0.204224241979,-0.00285331005259,-0.00204050101492,-0.0246092000708,0.082163825061,-0.00045377864144,0.0892139682487,16.0838939115,-0.132521626848,0.00288183350498,2.62900657555e-05,-0.00118181236211,0.487595507692,-6.67858975542e-05,-0.0795212288629,0,2026-08-11T00:00:00Z,2026-09-05T09:38:34.011643+00:00,verified_archive_observed_now
2026-08-11,0.462898478567,-0.0742030428655,0.3067942231,0.000366650725331,0.0106509193397,-0.0054781928831,0.121957919405,-0.000419634652261,0.043262356822,13.6474764863,-0.0610584855858,0.0177191020965,2.06169200662e-05,0.00100730294636,0.484529656978,3.49715785185e-05,-0.0886120029076,0,2026-08-12T00:00:00Z,2026-09-05T09:38:34.011643+00:00,verified_archive_observed_now
2026-08-12,0.491043279908,-0.0179134401841,0,0.000234121008636,-0.00683661339321,-0.0186731955857,0.122834615701,-0.000537288342971,0.0242249686441,17.1197746924,-0.043995959642,-0.000847936500549,-0.000138895085505,0.000928397500454,0.50315576423,-3.96195284703e-05,-0.0622254196984,0,2026-08-13T00:00:00Z,2026-09-05T09:38:34.011643+00:00,verified_archive_observed_now
2026-08-13,0.514806905261,0.0296138105229,0.0888327524325,-0.000667581500575,0.00326594007479,0.00305786002978,0.0669424771581,-0.000402937200117,-0.030142407221,17.9568655582,-0.00603824720141,0.0108769575832,0.000135092998246,0.00130677517033,0.499735701651,0.000111741650784,0.115151755805,0,2026-08-14T00:00:00Z,2026-09-05T09:38:34.011643+00:00,verified_archive_observed_now
2026-08-14,0.497515753349,-0.00496849330102,0.238238852672,0.000696478794613,0.000340143285359,0.00212969864764,0.0745593972021,-0.000430347465732,-0.00952447514966,17.1453590514,-0.0871100951431,0.0239814991187,2.26726365595e-05,0.00119902058282,0.492753515775,0.000149535303914,0.0907471826112,0,2026-08-15T00:00:00Z,2026-09-05T09:38:34.011643+00:00,verified_archive_observed_now
2026-08-15,0.47743701897,-0.0451259620609,0.00470481366495,-0.00101350455016,-0.00120960040744,0.00167598657083,0.151481563546,-0.000483363787023,0.0508847848085,13.0551561775,-0.196113703459,0.0179359762375,2.56238633297e-05,-0.000634603104549,0.502879411374,-8.68572185782e-05,-0.0142140602441,0,2026-08-16T00:00:00Z,2026-09-05T09:38:34.011643+00:00,verified_archive_observed_now
2026-08-16,0.497316903142,-0.00536619371566,0.0920320580276,-0.00521255892631,-0.00427799539293,-0.00262634640127,0.313995889722,-0.000415778251599,-0.0548300459136,14.599086567,-0.0599283445688,-0.0678151646751,-3.42202229823e-05,-0.00330857186319,0.469901880185,0.000149474411107,0.0220623090779,0,2026-08-17T00:00:00Z,2026-09-05T09:38:34.011643+00:00,verified_archive_observed_now
2026-08-17,0.505702774594,0.0114055491876,0.0747084694604,0.00333466160525,0.000198618036608,0.00479926068282,0.095145601414,-0.000470317725752,0.0218134618927,15.015735371,0.00299310041432,-0.0391544471221,-3.64251358631e-05,0.0034543643713,0.51660950554,-1.65390843122e-05,0.125428502053,0,2026-08-18T00:00:00Z,2026-09-05T09:38:34.011643+00:00,verified_archive_observed_now
2026-08-18,0.470339031367,-0.0593219372653,0.0275407379043,0.00238856832246,7.30037388343e-05,0.0077399218126,0.103991736217,-0.000391062908987,0.0661461906006,16.307703349,-0.0363709888341,-0.00606394076207,9.437233423e-05,0.00127082061288,0.503412126668,2.85717432743e-05,0.0148811056002,0,2026-08-19T00:00:00Z,2026-09-05T09:38:34.011643+00:00,verified_archive_observed_now
2026-08-19,0.521405755631,0.0428115112627,0.259644541744,0.071731001608,0.0800496684773,0.171466308904,0.382767696176,-0.000284090909091,0.0234739560107,12.0852370345,-0.0344505014232,-0.0339927764483,7.34496560422e-05,0.013230416616,0.533142733637,0.00025319743388,0.0607249514469,0,2026-08-20T00:00:00Z,2026-09-05T09:38:34.011643+00:00,verified_archive_observed_now
2026-08-20,0.521242619706,0.0424852394126,0.303989106816,0.00130821334205,0.000180536451169,0.01316299383,0.060894902628,-0.000275053506503,-0.0382946928432,11.7582418479,0.0317361382948,-0.0538476288301,8.71504739068e-05,0.00460017201636,0.502095273285,0.000127883693614,0.0128714288897,0,2026-08-21T00:00:00Z,2026-09-05T09:38:34.011643+00:00,verified_archive_observed_now
2026-08-21,0.543391668743,0.0867833374867,0.189434061184,0.0425764644464,0.0512441302786,0.0615149674328,0.226210940189,-0.000131144935024,-0.0597707515661,12.3296632897,0.0483596848163,0.00155310570067,0.000238152071807,0.0169947814419,0.51350629296,0.000299202530708,0.0917518307877,0,2026-08-22T00:00:00Z,2026-09-05T09:38:34.011643+00:00,verified_archive_observed_now
2026-08-22,0.503671795173,0.00734359034508,0.707649937225,-0.00689101053123,0.00485712745086,-0.000544572428133,0.093147627841,-0.000495335589862,-0.0575337741684,9.21010743567,-0.00906961292269,-0.0277976758819,-0.0006195004772,-0.00443474188131,0.474904908088,-1.19718028395e-05,0.052469552406,0,2026-08-23T00:00:00Z,2026-09-05T09:38:34.011643+00:00,verified_archive_observed_now
2026-08-23,0.540538204685,0.0810764093698,0.257408039947,0.00755025665147,0.0101697278368,0.0122202270645,0.184924181434,-0.0003369313269,-0.0840015826808,11.692510419,0.0124363793153,0.00611702876127,-0.000145252010257,0.00501641972436,0.498537413345,7.88469246986e-05,0.0864426030855,0,2026-08-24T00:00:00Z,2026-09-05T09:38:34.011643+00:00,verified_archive_observed_now
2026-08-24,0.511505694413,0.0230113888258,0,0.00438198973894,-0.00228296737527,-0.00475907913623,0.0595661950498,-0.000515648730416,-0.0286893537521,12.7198489072,0.0263090314183,-0.000690973562313,-1.2437992722e-05,0.00298077693451,0.497161017537,-4.53310046639e-05,0.0116058396382,0,2026-08-25T00:00:00Z,2026-09-05T09:38:34.011643+00:00,verified_archive_observed_now
2026-08-25,0.457756350811,-0.0844872983779,0.0855678973704,-0.00843542717036,-0.0162109477262,-0.0142297913556,0.14263636563,-0.000376641666394,0.0511592256758,13.0131232043,-0.104981377776,-0.0287698035165,5.29530554227e-05,-0.0049010490338,0.483335963649,1.44212425929e-05,-0.0251653611126,0,2026-08-26T00:00:00Z,2026-09-05T09:38:34.011643+00:00,verified_archive_observed_now
2026-08-26,0.511943280943,0.0238865618859,0.164487467455,0.0145661913801,0.0232381574382,0.0177378820912,0.231736365126,-0.000446788310103,0.0151154268137,13.3491431554,0.0246730619052,0.036289085625,-1.21088624686e-05,0.0069863851758,0.51950099435,-0.000162697401012,-0.0189249493769,0,2026-08-27T00:00:00Z,2026-09-05T09:38:34.011643+00:00,verified_archive_observed_now
2026-08-27,0.486591678642,-0.026816642716,0.476010110659,0.00509162523717,-0.00425906538498,0.00367744050141,0.0768134985896,-0.000477908671653,0.0106392959679,13.1278691627,0.0680693052524,-0.0195745210189,2.90098692292e-05,0.00424714294885,0.491911326626,-0.00020285516515,-0.0693018821286,0,2026-08-28T00:00:00Z,2026-09-05T09:38:34.011643+00:00,verified_archive_observed_now
2026-08-28,0.463215660209,-0.0735686795823,0.206718482707,0.00292320830323,-0.0117683230241,-0.0248692666959,0.0693602223096,-0.00036842967087,0.026434730577,12.5602947829,-0.0156090896918,-0.0125761322728,0.000145020817898,0.00342665502965,0.476433025497,-0.000237284735846,-0.160352017069,0,2026-08-29T00:00:00Z,2026-09-05T09:38:34.011643+00:00,verified_archive_observed_now
2026-08-29,0.523152973249,0.0463059464981,0.204353271496,0.00169553007732,0.00528479394621,0.00894543245152,0.103293266532,-0.00047606065908,-0.0474220033721,9.89012818514,0.021603338415,-0.0292860716749,-0.000101524036301,0.000614080045801,0.499441971563,1.92749307825e-05,0.038962356153,0,2026-08-30T00:00:00Z,2026-09-05T09:38:34.011643+00:00,verified_archive_observed_now
2026-08-30,0.471867584614,-0.0562648307723,0.393300161535,-0.0347229433426,-0.0258876067567,-0.0176961656953,0.386040426497,-0.00055029624971,0.0277909834683,11.9943685634,-0.00624310761276,0.013371789765,5.98837147601e-05,-0.0148927689944,0.485763076348,-0.00021336492281,-0.137341240142,0,2026-08-31T00:00:00Z,2026-09-05T09:38:34.011643+00:00,verified_archive_observed_now
2026-08-31,0.497957379497,-0.00408524100699,0.184009188417,-0.00571753215356,-1.21571678661e-05,0.00870272568224,0.0755851693013,-0.000453873118149,0.0241925742178,11.9742678473,-0.0694618512402,0.0246031105083,-5.05964603084e-05,-0.00401492761672,0.510053666605,6.17756122675e-05,-0.0270966298328,0,2026-09-01T00:00:00Z,2026-09-05T09:38:34.011643+00:00,verified_archive_observed_now
2026-09-01,0.485999749204,-0.0280005015911,0.241315644668,-0.000256284128159,-0.0124133819524,-0.0165136346262,0.137681763836,-0.000458948883018,-0.0122040257582,12.8570408006,-0.0376027913865,0.000929729941613,4.33819838581e-05,0.00164269453642,0.479897736325,-8.23072166239e-05,0.0564867967868,0,2026-09-02T00:00:00Z,2026-09-05T09:38:34.011643+00:00,verified_archive_observed_now
2026-09-02,0.514552810018,0.0291056200354,0.0639556204474,-0.000451316339323,0.000393144233745,0.00421937385332,0.0813404360554,-0.000422254924914,-0.0503651765073,12.9863696263,0.0120344016204,-0.0024583652235,9.50711007743e-05,-1.90066184407e-05,0.489370221764,2.45333851892e-05,0.00521905814954,0,2026-09-03T00:00:00Z,2026-09-05T09:38:34.011643+00:00,verified_archive_observed_now
2026-09-03,0.575425739611,0.150851479222,0.0547242198335,-0.00423718717486,-0.00360409762455,0.0416708208707,0.121135579454,-0.000434694178687,-0.126938026131,12.9771509016,0.0561647035987,-0.030281636138,5.34295987731e-05,-0.00593281839086,0.511956726546,4.32144929657e-05,0.177668121939,0,2026-09-04T00:00:00Z,2026-09-05T09:38:34.011643+00:00,verified_archive_observed_now
2026-09-04,0.490389546252,-0.0192209074957,0.719661738051,0,0.00157831629948,-0.0266267147041,0.0450059995139,-0.000521204470957,0.00258254099357,9.82464788641,0.0134987732787,0.0205675050277,3.95483312065e-05,-0.0016615419706,0.491680816749,-0.000152774800087,0.0543477720866,0,2026-09-05T00:00:00Z,2026-09-05T09:38:34.011643+00:00,verified_archive_observed_now
